datetime,demand_EOM
2019-01-01 00:00:00,5691.6
2019-01-01 00:15:00,5663.9
2019-01-01 00:30:00,5636.8
2019-01-01 00:45:00,5626.0
2019-01-01 01:00:00,5606.8
2019-01-01 01:15:00,5580.4
2019-01-01 01:30:00,5551.3
2019-01-01 01:45:00,5499.8
2019-01-01 02:00:00,5505.7
2019-01-01 02:15:00,5481.7
2019-01-01 02:30:00,5444.7
2019-01-01 02:45:00,5434.1
2019-01-01 03:00:00,5448.9
2019-01-01 03:15:00,5429.1
2019-01-01 03:30:00,5426.2
2019-01-01 03:45:00,5424.9
2019-01-01 04:00:00,5425.1
2019-01-01 04:15:00,5421.8
2019-01-01 04:30:00,5421.6
2019-01-01 04:45:00,5412.8
2019-01-01 05:00:00,5412.3
2019-01-01 05:15:00,5397.4
2019-01-01 05:30:00,5394.3
2019-01-01 05:45:00,5377.1
2019-01-01 06:00:00,5355.5
2019-01-01 06:15:00,5359.7
2019-01-01 06:30:00,5366.3
2019-01-01 06:45:00,5356.4
2019-01-01 07:00:00,5386.1
2019-01-01 07:15:00,5396.5
2019-01-01 07:30:00,5398.0
2019-01-01 07:45:00,5417.8
2019-01-01 08:00:00,5420.3
2019-01-01 08:15:00,5426.4
2019-01-01 08:30:00,5451.1
2019-01-01 08:45:00,5471.8
2019-01-01 09:00:00,5522.9
2019-01-01 09:15:00,5564.5
2019-01-01 09:30:00,5603.7
2019-01-01 09:45:00,5638.1
2019-01-01 10:00:00,5678.9
2019-01-01 10:15:00,5711.2
2019-01-01 10:30:00,5751.1
2019-01-01 10:45:00,5782.2
2019-01-01 11:00:00,5838.3
2019-01-01 11:15:00,5882.8
2019-01-01 11:30:00,5920.5
2019-01-01 11:45:00,5933.7
2019-01-01 12:00:00,5957.0
2019-01-01 12:15:00,5965.2
2019-01-01 12:30:00,5965.4
2019-01-01 12:45:00,5972.5
2019-01-01 13:00:00,5959.3
2019-01-01 13:15:00,5947.4
2019-01-01 13:30:00,5948.7
2019-01-01 13:45:00,5943.2
2019-01-01 14:00:00,5946.3
2019-01-01 14:15:00,5936.1
2019-01-01 14:30:00,5934.1
2019-01-01 14:45:00,5930.2
2019-01-01 15:00:00,5945.8
2019-01-01 15:15:00,5949.1
2019-01-01 15:30:00,5958.1
2019-01-01 15:45:00,5963.9
2019-01-01 16:00:00,5987.2
2019-01-01 16:15:00,6020.3
2019-01-01 16:30:00,6082.2
2019-01-01 16:45:00,6133.0
2019-01-01 17:00:00,6196.0
2019-01-01 17:15:00,6217.2
2019-01-01 17:30:00,6241.4
2019-01-01 17:45:00,6263.4
2019-01-01 18:00:00,6271.8
2019-01-01 18:15:00,6270.9
2019-01-01 18:30:00,6269.2
2019-01-01 18:45:00,6265.0
2019-01-01 19:00:00,6259.9
2019-01-01 19:15:00,6233.0
2019-01-01 19:30:00,6208.6
2019-01-01 19:45:00,6174.7
2019-01-01 20:00:00,6144.1
2019-01-01 20:15:00,6116.7
2019-01-01 20:30:00,6080.4
2019-01-01 20:45:00,6043.6
2019-01-01 21:00:00,6021.8
2019-01-01 21:15:00,6009.5
2019-01-01 21:30:00,5998.2
2019-01-01 21:45:00,5990.1
2019-01-01 22:00:00,6001.3
2019-01-01 22:15:00,5962.6
2019-01-01 22:30:00,5931.3
2019-01-01 22:45:00,5893.6
2019-01-01 23:00:00,5854.0
2019-01-01 23:15:00,5822.0
2019-01-01 23:30:00,5768.9
2019-01-01 23:45:00,5742.3
2019-01-02 00:00:00,5738.1
2019-01-02 00:15:00,5700.4
2019-01-02 00:30:00,5658.1
2019-01-02 00:45:00,5639.9
2019-01-02 01:00:00,5624.4
2019-01-02 01:15:00,5589.0
2019-01-02 01:30:00,5580.2
2019-01-02 01:45:00,5572.5
2019-01-02 02:00:00,5576.2
2019-01-02 02:15:00,5568.9
2019-01-02 02:30:00,5563.9
2019-01-02 02:45:00,5544.3
2019-01-02 03:00:00,5569.8
2019-01-02 03:15:00,5591.6
2019-01-02 03:30:00,5594.1
2019-01-02 03:45:00,5609.7
2019-01-02 04:00:00,5645.2
2019-01-02 04:15:00,5665.2
2019-01-02 04:30:00,5700.9
2019-01-02 04:45:00,5730.6
2019-01-02 05:00:00,5768.9
2019-01-02 05:15:00,5802.6
2019-01-02 05:30:00,5876.4
2019-01-02 05:45:00,5956.6
2019-01-02 06:00:00,6043.2
2019-01-02 06:15:00,6126.4
2019-01-02 06:30:00,6200.0
2019-01-02 06:45:00,6276.2
2019-01-02 07:00:00,6370.3
2019-01-02 07:15:00,6431.3
2019-01-02 07:30:00,6489.9
2019-01-02 07:45:00,6542.7
2019-01-02 08:00:00,6605.9
2019-01-02 08:15:00,6622.7
2019-01-02 08:30:00,6641.9
2019-01-02 08:45:00,6667.4
2019-01-02 09:00:00,6699.1
2019-01-02 09:15:00,6706.6
2019-01-02 09:30:00,6740.7
2019-01-02 09:45:00,6759.9
2019-01-02 10:00:00,6772.0
2019-01-02 10:15:00,6778.9
2019-01-02 10:30:00,6798.0
2019-01-02 10:45:00,6812.1
2019-01-02 11:00:00,6830.6
2019-01-02 11:15:00,6855.5
2019-01-02 11:30:00,6881.7
2019-01-02 11:45:00,6879.1
2019-01-02 12:00:00,6885.9
2019-01-02 12:15:00,6877.1
2019-01-02 12:30:00,6875.3
2019-01-02 12:45:00,6872.5
2019-01-02 13:00:00,6871.8
2019-01-02 13:15:00,6850.4
2019-01-02 13:30:00,6837.0
2019-01-02 13:45:00,6798.2
2019-01-02 14:00:00,6798.5
2019-01-02 14:15:00,6778.9
2019-01-02 14:30:00,6767.0
2019-01-02 14:45:00,6744.3
2019-01-02 15:00:00,6779.1
2019-01-02 15:15:00,6769.2
2019-01-02 15:30:00,6761.9
2019-01-02 15:45:00,6752.4
2019-01-02 16:00:00,6782.2
2019-01-02 16:15:00,6788.1
2019-01-02 16:30:00,6845.6
2019-01-02 16:45:00,6908.4
2019-01-02 17:00:00,6975.8
2019-01-02 17:15:00,7009.3
2019-01-02 17:30:00,7017.4
2019-01-02 17:45:00,7024.7
2019-01-02 18:00:00,7007.0
2019-01-02 18:15:00,6993.0
2019-01-02 18:30:00,6990.1
2019-01-02 18:45:00,6981.1
2019-01-02 19:00:00,6962.1
2019-01-02 19:15:00,6910.8
2019-01-02 19:30:00,6870.7
2019-01-02 19:45:00,6835.2
2019-01-02 20:00:00,6773.1
2019-01-02 20:15:00,6718.1
2019-01-02 20:30:00,6657.0
2019-01-02 20:45:00,6613.0
2019-01-02 21:00:00,6561.2
2019-01-02 21:15:00,6531.5
2019-01-02 21:30:00,6501.3
2019-01-02 21:45:00,6479.1
2019-01-02 22:00:00,6481.5
2019-01-02 22:15:00,6444.3
2019-01-02 22:30:00,6389.4
2019-01-02 22:45:00,6334.1
2019-01-02 23:00:00,6298.5
2019-01-02 23:15:00,6235.9
2019-01-02 23:30:00,6177.8
2019-01-02 23:45:00,6130.0
2019-01-03 00:00:00,6080.0
2019-01-03 00:15:00,6068.9
2019-01-03 00:30:00,6044.3
2019-01-03 00:45:00,6000.7
2019-01-03 01:00:00,6006.4
2019-01-03 01:15:00,5996.9
2019-01-03 01:30:00,5996.9
2019-01-03 01:45:00,5983.0
2019-01-03 02:00:00,5979.7
2019-01-03 02:15:00,5977.5
2019-01-03 02:30:00,5982.4
2019-01-03 02:45:00,5980.4
2019-01-03 03:00:00,5978.6
2019-01-03 03:15:00,5965.2
2019-01-03 03:30:00,5969.6
2019-01-03 03:45:00,5982.4
2019-01-03 04:00:00,5989.0
2019-01-03 04:15:00,6002.2
2019-01-03 04:30:00,6025.6
2019-01-03 04:45:00,6052.0
2019-01-03 05:00:00,6107.3
2019-01-03 05:15:00,6128.6
2019-01-03 05:30:00,6174.9
2019-01-03 05:45:00,6234.8
2019-01-03 06:00:00,6318.9
2019-01-03 06:15:00,6390.3
2019-01-03 06:30:00,6463.9
2019-01-03 06:45:00,6527.3
2019-01-03 07:00:00,6593.6
2019-01-03 07:15:00,6639.0
2019-01-03 07:30:00,6692.7
2019-01-03 07:45:00,6739.9
2019-01-03 08:00:00,6768.5
2019-01-03 08:15:00,6794.3
2019-01-03 08:30:00,6816.7
2019-01-03 08:45:00,6841.4
2019-01-03 09:00:00,6866.7
2019-01-03 09:15:00,6875.1
2019-01-03 09:30:00,6882.2
2019-01-03 09:45:00,6897.8
2019-01-03 10:00:00,6906.2
2019-01-03 10:15:00,6908.1
2019-01-03 10:30:00,6921.8
2019-01-03 10:45:00,6930.4
2019-01-03 11:00:00,6950.2
2019-01-03 11:15:00,6971.1
2019-01-03 11:30:00,6983.3
2019-01-03 11:45:00,6978.4
2019-01-03 12:00:00,6994.3
2019-01-03 12:15:00,6983.7
2019-01-03 12:30:00,6981.9
2019-01-03 12:45:00,6970.3
2019-01-03 13:00:00,6953.3
2019-01-03 13:15:00,6924.9
2019-01-03 13:30:00,6904.8
2019-01-03 13:45:00,6881.3
2019-01-03 14:00:00,6887.0
2019-01-03 14:15:00,6873.8
2019-01-03 14:30:00,6865.4
2019-01-03 14:45:00,6848.0
2019-01-03 15:00:00,6854.8
2019-01-03 15:15:00,6830.2
2019-01-03 15:30:00,6817.8
2019-01-03 15:45:00,6827.8
2019-01-03 16:00:00,6843.0
2019-01-03 16:15:00,6871.6
2019-01-03 16:30:00,6913.0
2019-01-03 16:45:00,6978.2
2019-01-03 17:00:00,7038.5
2019-01-03 17:15:00,7068.9
2019-01-03 17:30:00,7085.0
2019-01-03 17:45:00,7089.0
2019-01-03 18:00:00,7075.1
2019-01-03 18:15:00,7060.4
2019-01-03 18:30:00,7044.3
2019-01-03 18:45:00,7035.0
2019-01-03 19:00:00,7008.1
2019-01-03 19:15:00,6962.1
2019-01-03 19:30:00,6922.2
2019-01-03 19:45:00,6890.5
2019-01-03 20:00:00,6828.4
2019-01-03 20:15:00,6758.1
2019-01-03 20:30:00,6712.3
2019-01-03 20:45:00,6667.6
2019-01-03 21:00:00,6630.4
2019-01-03 21:15:00,6604.0
2019-01-03 21:30:00,6549.8
2019-01-03 21:45:00,6531.3
2019-01-03 22:00:00,6524.4
2019-01-03 22:15:00,6482.8
2019-01-03 22:30:00,6425.8
2019-01-03 22:45:00,6394.5
2019-01-03 23:00:00,6348.9
2019-01-03 23:15:00,6292.7
2019-01-03 23:30:00,6248.2
2019-01-03 23:45:00,6215.4
2019-01-04 00:00:00,6152.2
2019-01-04 00:15:00,6115.2
2019-01-04 00:30:00,6086.3
2019-01-04 00:45:00,6055.1
2019-01-04 01:00:00,6007.5
2019-01-04 01:15:00,5990.3
2019-01-04 01:30:00,5998.7
2019-01-04 01:45:00,5993.2
2019-01-04 02:00:00,5967.4
2019-01-04 02:15:00,5954.4
2019-01-04 02:30:00,5970.0
2019-01-04 02:45:00,5974.4
2019-01-04 03:00:00,5980.8
2019-01-04 03:15:00,5983.3
2019-01-04 03:30:00,5989.9
2019-01-04 03:45:00,6013.0
2019-01-04 04:00:00,6034.8
2019-01-04 04:15:00,6034.4
2019-01-04 04:30:00,6048.0
2019-01-04 04:45:00,6080.4
2019-01-04 05:00:00,6133.3
2019-01-04 05:15:00,6149.8
2019-01-04 05:30:00,6193.0
2019-01-04 05:45:00,6254.2
2019-01-04 06:00:00,6345.4
2019-01-04 06:15:00,6422.5
2019-01-04 06:30:00,6482.6
2019-01-04 06:45:00,6563.0
2019-01-04 07:00:00,6662.8
2019-01-04 07:15:00,6727.1
2019-01-04 07:30:00,6778.9
2019-01-04 07:45:00,6824.9
2019-01-04 08:00:00,6886.3
2019-01-04 08:15:00,6916.1
2019-01-04 08:30:00,6930.4
2019-01-04 08:45:00,6953.3
2019-01-04 09:00:00,6976.0
2019-01-04 09:15:00,7009.3
2019-01-04 09:30:00,7034.1
2019-01-04 09:45:00,7030.2
2019-01-04 10:00:00,7034.8
2019-01-04 10:15:00,7076.7
2019-01-04 10:30:00,7095.8
2019-01-04 10:45:00,7109.3
2019-01-04 11:00:00,7094.9
2019-01-04 11:15:00,7113.0
2019-01-04 11:30:00,7123.8
2019-01-04 11:45:00,7134.4
2019-01-04 12:00:00,7144.9
2019-01-04 12:15:00,7135.0
2019-01-04 12:30:00,7136.3
2019-01-04 12:45:00,7121.6
2019-01-04 13:00:00,7117.6
2019-01-04 13:15:00,7091.4
2019-01-04 13:30:00,7061.9
2019-01-04 13:45:00,7035.9
2019-01-04 14:00:00,7013.2
2019-01-04 14:15:00,6986.3
2019-01-04 14:30:00,6963.2
2019-01-04 14:45:00,6948.5
2019-01-04 15:00:00,6918.5
2019-01-04 15:15:00,6902.2
2019-01-04 15:30:00,6896.0
2019-01-04 15:45:00,6893.0
2019-01-04 16:00:00,6937.4
2019-01-04 16:15:00,6956.6
2019-01-04 16:30:00,6989.9
2019-01-04 16:45:00,7020.9
2019-01-04 17:00:00,7067.0
2019-01-04 17:15:00,7083.3
2019-01-04 17:30:00,7101.3
2019-01-04 17:45:00,7100.0
2019-01-04 18:00:00,7081.3
2019-01-04 18:15:00,7060.1
2019-01-04 18:30:00,7042.5
2019-01-04 18:45:00,7020.7
2019-01-04 19:00:00,6996.5
2019-01-04 19:15:00,6948.9
2019-01-04 19:30:00,6928.4
2019-01-04 19:45:00,6886.3
2019-01-04 20:00:00,6799.1
2019-01-04 20:15:00,6743.4
2019-01-04 20:30:00,6701.3
2019-01-04 20:45:00,6647.4
2019-01-04 21:00:00,6602.2
2019-01-04 21:15:00,6573.8
2019-01-04 21:30:00,6552.6
2019-01-04 21:45:00,6513.2
2019-01-04 22:00:00,6507.7
2019-01-04 22:15:00,6491.0
2019-01-04 22:30:00,6442.5
2019-01-04 22:45:00,6396.5
2019-01-04 23:00:00,6315.0
2019-01-04 23:15:00,6270.0
2019-01-04 23:30:00,6219.2
2019-01-04 23:45:00,6169.2
2019-01-05 00:00:00,6112.1
2019-01-05 00:15:00,6086.6
2019-01-05 00:30:00,6066.1
2019-01-05 00:45:00,6036.1
2019-01-05 01:00:00,5993.6
2019-01-05 01:15:00,5955.3
2019-01-05 01:30:00,5948.9
2019-01-05 01:45:00,5924.0
2019-01-05 02:00:00,5904.4
2019-01-05 02:15:00,5881.7
2019-01-05 02:30:00,5890.7
2019-01-05 02:45:00,5876.2
2019-01-05 03:00:00,5864.1
2019-01-05 03:15:00,5857.7
2019-01-05 03:30:00,5860.8
2019-01-05 03:45:00,5864.1
2019-01-05 04:00:00,5872.7
2019-01-05 04:15:00,5866.7
2019-01-05 04:30:00,5868.5
2019-01-05 04:45:00,5868.1
2019-01-05 05:00:00,5874.9
2019-01-05 05:15:00,5873.6
2019-01-05 05:30:00,5872.0
2019-01-05 05:45:00,5871.6
2019-01-05 06:00:00,5897.4
2019-01-05 06:15:00,5918.3
2019-01-05 06:30:00,5945.2
2019-01-05 06:45:00,5942.5
2019-01-05 07:00:00,6015.0
2019-01-05 07:15:00,6052.0
2019-01-05 07:30:00,6075.1
2019-01-05 07:45:00,6094.9
2019-01-05 08:00:00,6200.2
2019-01-05 08:15:00,6256.4
2019-01-05 08:30:00,6243.0
2019-01-05 08:45:00,6287.4
2019-01-05 09:00:00,6378.6
2019-01-05 09:15:00,6411.2
2019-01-05 09:30:00,6466.7
2019-01-05 09:45:00,6489.6
2019-01-05 10:00:00,6529.7
2019-01-05 10:15:00,6550.9
2019-01-05 10:30:00,6565.9
2019-01-05 10:45:00,6581.9
2019-01-05 11:00:00,6613.9
2019-01-05 11:15:00,6617.4
2019-01-05 11:30:00,6638.1
2019-01-05 11:45:00,6624.2
2019-01-05 12:00:00,6633.3
2019-01-05 12:15:00,6623.6
2019-01-05 12:30:00,6616.5
2019-01-05 12:45:00,6595.8
2019-01-05 13:00:00,6589.9
2019-01-05 13:15:00,6558.4
2019-01-05 13:30:00,6533.7
2019-01-05 13:45:00,6519.8
2019-01-05 14:00:00,6509.3
2019-01-05 14:15:00,6486.1
2019-01-05 14:30:00,6479.7
2019-01-05 14:45:00,6467.2
2019-01-05 15:00:00,6474.9
2019-01-05 15:15:00,6458.8
2019-01-05 15:30:00,6453.1
2019-01-05 15:45:00,6456.4
2019-01-05 16:00:00,6472.7
2019-01-05 16:15:00,6491.4
2019-01-05 16:30:00,6525.3
2019-01-05 16:45:00,6583.9
2019-01-05 17:00:00,6652.6
2019-01-05 17:15:00,6668.5
2019-01-05 17:30:00,6684.1
2019-01-05 17:45:00,6695.2
2019-01-05 18:00:00,6707.3
2019-01-05 18:15:00,6670.3
2019-01-05 18:30:00,6679.1
2019-01-05 18:45:00,6658.1
2019-01-05 19:00:00,6630.4
2019-01-05 19:15:00,6592.5
2019-01-05 19:30:00,6563.4
2019-01-05 19:45:00,6527.1
2019-01-05 20:00:00,6447.1
2019-01-05 20:15:00,6390.7
2019-01-05 20:30:00,6348.5
2019-01-05 20:45:00,6314.8
2019-01-05 21:00:00,6279.7
2019-01-05 21:15:00,6254.8
2019-01-05 21:30:00,6234.4
2019-01-05 21:45:00,6211.2
2019-01-05 22:00:00,6235.7
2019-01-05 22:15:00,6207.0
2019-01-05 22:30:00,6164.5
2019-01-05 22:45:00,6140.7
2019-01-05 23:00:00,6079.5
2019-01-05 23:15:00,6033.0
2019-01-05 23:30:00,6002.4
2019-01-05 23:45:00,5972.0
2019-01-06 00:00:00,5904.0
2019-01-06 00:15:00,5851.3
2019-01-06 00:30:00,5819.4
2019-01-06 00:45:00,5791.2
2019-01-06 01:00:00,5755.3
2019-01-06 01:15:00,5732.8
2019-01-06 01:30:00,5723.1
2019-01-06 01:45:00,5702.6
2019-01-06 02:00:00,5665.2
2019-01-06 02:15:00,5657.7
2019-01-06 02:30:00,5644.1
2019-01-06 02:45:00,5637.0
2019-01-06 03:00:00,5643.2
2019-01-06 03:15:00,5650.7
2019-01-06 03:30:00,5636.6
2019-01-06 03:45:00,5628.9
2019-01-06 04:00:00,5635.2
2019-01-06 04:15:00,5639.2
2019-01-06 04:30:00,5638.5
2019-01-06 04:45:00,5639.9
2019-01-06 05:00:00,5627.5
2019-01-06 05:15:00,5604.2
2019-01-06 05:30:00,5594.7
2019-01-06 05:45:00,5585.9
2019-01-06 06:00:00,5575.3
2019-01-06 06:15:00,5576.9
2019-01-06 06:30:00,5578.4
2019-01-06 06:45:00,5596.7
2019-01-06 07:00:00,5615.6
2019-01-06 07:15:00,5626.4
2019-01-06 07:30:00,5642.7
2019-01-06 07:45:00,5684.4
2019-01-06 08:00:00,5737.0
2019-01-06 08:15:00,5770.5
2019-01-06 08:30:00,5805.3
2019-01-06 08:45:00,5854.8
2019-01-06 09:00:00,5918.5
2019-01-06 09:15:00,5970.7
2019-01-06 09:30:00,6014.8
2019-01-06 09:45:00,6050.0
2019-01-06 10:00:00,6097.6
2019-01-06 10:15:00,6133.0
2019-01-06 10:30:00,6171.4
2019-01-06 10:45:00,6206.2
2019-01-06 11:00:00,6254.4
2019-01-06 11:15:00,6284.6
2019-01-06 11:30:00,6313.7
2019-01-06 11:45:00,6328.0
2019-01-06 12:00:00,6343.2
2019-01-06 12:15:00,6329.1
2019-01-06 12:30:00,6318.7
2019-01-06 12:45:00,6301.5
2019-01-06 13:00:00,6273.3
2019-01-06 13:15:00,6248.7
2019-01-06 13:30:00,6242.1
2019-01-06 13:45:00,6226.0
2019-01-06 14:00:00,6241.0
2019-01-06 14:15:00,6227.5
2019-01-06 14:30:00,6213.9
2019-01-06 14:45:00,6193.6
2019-01-06 15:00:00,6168.7
2019-01-06 15:15:00,6174.7
2019-01-06 15:30:00,6172.9
2019-01-06 15:45:00,6173.1
2019-01-06 16:00:00,6194.3
2019-01-06 16:15:00,6230.4
2019-01-06 16:30:00,6286.6
2019-01-06 16:45:00,6355.5
2019-01-06 17:00:00,6414.3
2019-01-06 17:15:00,6454.2
2019-01-06 17:30:00,6475.8
2019-01-06 17:45:00,6482.4
2019-01-06 18:00:00,6529.1
2019-01-06 18:15:00,6526.9
2019-01-06 18:30:00,6509.7
2019-01-06 18:45:00,6476.9
2019-01-06 19:00:00,6474.7
2019-01-06 19:15:00,6438.3
2019-01-06 19:30:00,6427.3
2019-01-06 19:45:00,6393.8
2019-01-06 20:00:00,6370.0
2019-01-06 20:15:00,6329.5
2019-01-06 20:30:00,6280.6
2019-01-06 20:45:00,6252.2
2019-01-06 21:00:00,6231.1
2019-01-06 21:15:00,6219.8
2019-01-06 21:30:00,6197.4
2019-01-06 21:45:00,6159.0
2019-01-06 22:00:00,6192.1
2019-01-06 22:15:00,6213.2
2019-01-06 22:30:00,6144.3
2019-01-06 22:45:00,6097.4
2019-01-06 23:00:00,6081.3
2019-01-06 23:15:00,6042.1
2019-01-06 23:30:00,5998.7
2019-01-06 23:45:00,5926.9
2019-01-07 00:00:00,5904.0
2019-01-07 00:15:00,5866.3
2019-01-07 00:30:00,5812.8
2019-01-07 00:45:00,5781.9
2019-01-07 01:00:00,5795.2
2019-01-07 01:15:00,5760.4
2019-01-07 01:30:00,5734.8
2019-01-07 01:45:00,5718.9
2019-01-07 02:00:00,5743.2
2019-01-07 02:15:00,5728.6
2019-01-07 02:30:00,5713.2
2019-01-07 02:45:00,5720.7
2019-01-07 03:00:00,5759.7
2019-01-07 03:15:00,5768.7
2019-01-07 03:30:00,5755.9
2019-01-07 03:45:00,5767.0
2019-01-07 04:00:00,5828.6
2019-01-07 04:15:00,5831.9
2019-01-07 04:30:00,5866.5
2019-01-07 04:45:00,5909.3
2019-01-07 05:00:00,6015.9
2019-01-07 05:15:00,6036.8
2019-01-07 05:30:00,6105.1
2019-01-07 05:45:00,6206.6
2019-01-07 06:00:00,6410.4
2019-01-07 06:15:00,6547.1
2019-01-07 06:30:00,6648.2
2019-01-07 06:45:00,6724.9
2019-01-07 07:00:00,6849.6
2019-01-07 07:15:00,6902.2
2019-01-07 07:30:00,6974.9
2019-01-07 07:45:00,7016.7
2019-01-07 08:00:00,7081.5
2019-01-07 08:15:00,7085.2
2019-01-07 08:30:00,7102.0
2019-01-07 08:45:00,7113.4
2019-01-07 09:00:00,7105.1
2019-01-07 09:15:00,7102.9
2019-01-07 09:30:00,7116.1
2019-01-07 09:45:00,7130.0
2019-01-07 10:00:00,7156.4
2019-01-07 10:15:00,7176.4
2019-01-07 10:30:00,7195.2
2019-01-07 10:45:00,7207.9
2019-01-07 11:00:00,7225.8
2019-01-07 11:15:00,7244.7
2019-01-07 11:30:00,7248.2
2019-01-07 11:45:00,7247.6
2019-01-07 12:00:00,7234.4
2019-01-07 12:15:00,7234.8
2019-01-07 12:30:00,7235.9
2019-01-07 12:45:00,7233.5
2019-01-07 13:00:00,7243.2
2019-01-07 13:15:00,7246.7
2019-01-07 13:30:00,7236.3
2019-01-07 13:45:00,7206.2
2019-01-07 14:00:00,7214.3
2019-01-07 14:15:00,7223.6
2019-01-07 14:30:00,7227.8
2019-01-07 14:45:00,7215.0
2019-01-07 15:00:00,7232.2
2019-01-07 15:15:00,7216.7
2019-01-07 15:30:00,7199.6
2019-01-07 15:45:00,7204.0
2019-01-07 16:00:00,7221.4
2019-01-07 16:15:00,7247.6
2019-01-07 16:30:00,7272.0
2019-01-07 16:45:00,7318.5
2019-01-07 17:00:00,7374.9
2019-01-07 17:15:00,7391.2
2019-01-07 17:30:00,7392.7
2019-01-07 17:45:00,7398.2
2019-01-07 18:00:00,7367.8
2019-01-07 18:15:00,7345.2
2019-01-07 18:30:00,7333.5
2019-01-07 18:45:00,7319.6
2019-01-07 19:00:00,7293.0
2019-01-07 19:15:00,7248.5
2019-01-07 19:30:00,7217.8
2019-01-07 19:45:00,7198.5
2019-01-07 20:00:00,7129.1
2019-01-07 20:15:00,7072.5
2019-01-07 20:30:00,7027.5
2019-01-07 20:45:00,6976.0
2019-01-07 21:00:00,6940.7
2019-01-07 21:15:00,6903.5
2019-01-07 21:30:00,6863.0
2019-01-07 21:45:00,6805.9
2019-01-07 22:00:00,6786.3
2019-01-07 22:15:00,6737.4
2019-01-07 22:30:00,6669.6
2019-01-07 22:45:00,6607.0
2019-01-07 23:00:00,6540.7
2019-01-07 23:15:00,6502.4
2019-01-07 23:30:00,6449.8
2019-01-07 23:45:00,6418.9
2019-01-08 00:00:00,6311.5
2019-01-08 00:15:00,6278.0
2019-01-08 00:30:00,6244.3
2019-01-08 00:45:00,6222.2
2019-01-08 01:00:00,6188.5
2019-01-08 01:15:00,6171.4
2019-01-08 01:30:00,6150.2
2019-01-08 01:45:00,6126.7
2019-01-08 02:00:00,6119.2
2019-01-08 02:15:00,6116.1
2019-01-08 02:30:00,6114.3
2019-01-08 02:45:00,6117.0
2019-01-08 03:00:00,6133.0
2019-01-08 03:15:00,6139.4
2019-01-08 03:30:00,6154.2
2019-01-08 03:45:00,6167.2
2019-01-08 04:00:00,6191.2
2019-01-08 04:15:00,6213.0
2019-01-08 04:30:00,6244.1
2019-01-08 04:45:00,6273.6
2019-01-08 05:00:00,6339.9
2019-01-08 05:15:00,6382.4
2019-01-08 05:30:00,6446.5
2019-01-08 05:45:00,6523.3
2019-01-08 06:00:00,6686.1
2019-01-08 06:15:00,6788.1
2019-01-08 06:30:00,6884.6
2019-01-08 06:45:00,6975.3
2019-01-08 07:00:00,7087.4
2019-01-08 07:15:00,7147.8
2019-01-08 07:30:00,7208.6
2019-01-08 07:45:00,7253.1
2019-01-08 08:00:00,7303.1
2019-01-08 08:15:00,7325.6
2019-01-08 08:30:00,7324.7
2019-01-08 08:45:00,7287.7
2019-01-08 09:00:00,7310.8
2019-01-08 09:15:00,7328.2
2019-01-08 09:30:00,7301.5
2019-01-08 09:45:00,7309.0
2019-01-08 10:00:00,7359.9
2019-01-08 10:15:00,7312.6
2019-01-08 10:30:00,7326.7
2019-01-08 10:45:00,7331.5
2019-01-08 11:00:00,7381.9
2019-01-08 11:15:00,7390.3
2019-01-08 11:30:00,7369.2
2019-01-08 11:45:00,7355.5
2019-01-08 12:00:00,7385.9
2019-01-08 12:15:00,7376.9
2019-01-08 12:30:00,7376.2
2019-01-08 12:45:00,7341.9
2019-01-08 13:00:00,7375.1
2019-01-08 13:15:00,7372.0
2019-01-08 13:30:00,7356.8
2019-01-08 13:45:00,7346.7
2019-01-08 14:00:00,7331.9
2019-01-08 14:15:00,7325.1
2019-01-08 14:30:00,7320.0
2019-01-08 14:45:00,7302.0
2019-01-08 15:00:00,7307.3
2019-01-08 15:15:00,7300.2
2019-01-08 15:30:00,7290.3
2019-01-08 15:45:00,7264.5
2019-01-08 16:00:00,7304.6
2019-01-08 16:15:00,7318.1
2019-01-08 16:30:00,7343.6
2019-01-08 16:45:00,7355.9
2019-01-08 17:00:00,7420.9
2019-01-08 17:15:00,7434.4
2019-01-08 17:30:00,7424.2
2019-01-08 17:45:00,7421.8
2019-01-08 18:00:00,7421.4
2019-01-08 18:15:00,7424.4
2019-01-08 18:30:00,7414.1
2019-01-08 18:45:00,7389.9
2019-01-08 19:00:00,7364.1
2019-01-08 19:15:00,7326.2
2019-01-08 19:30:00,7309.3
2019-01-08 19:45:00,7271.1
2019-01-08 20:00:00,7196.7
2019-01-08 20:15:00,7127.8
2019-01-08 20:30:00,7068.7
2019-01-08 20:45:00,6988.5
2019-01-08 21:00:00,6964.1
2019-01-08 21:15:00,6929.7
2019-01-08 21:30:00,6878.9
2019-01-08 21:45:00,6844.3
2019-01-08 22:00:00,6807.7
2019-01-08 22:15:00,6761.2
2019-01-08 22:30:00,6709.0
2019-01-08 22:45:00,6651.8
2019-01-08 23:00:00,6597.8
2019-01-08 23:15:00,6545.8
2019-01-08 23:30:00,6505.7
2019-01-08 23:45:00,6460.8
2019-01-09 00:00:00,6375.1
2019-01-09 00:15:00,6332.8
2019-01-09 00:30:00,6291.2
2019-01-09 00:45:00,6261.7
2019-01-09 01:00:00,6243.4
2019-01-09 01:15:00,6228.4
2019-01-09 01:30:00,6204.8
2019-01-09 01:45:00,6165.4
2019-01-09 02:00:00,6148.7
2019-01-09 02:15:00,6167.6
2019-01-09 02:30:00,6162.8
2019-01-09 02:45:00,6168.7
2019-01-09 03:00:00,6176.2
2019-01-09 03:15:00,6173.8
2019-01-09 03:30:00,6193.2
2019-01-09 03:45:00,6215.0
2019-01-09 04:00:00,6228.0
2019-01-09 04:15:00,6265.9
2019-01-09 04:30:00,6292.5
2019-01-09 04:45:00,6305.5
2019-01-09 05:00:00,6363.2
2019-01-09 05:15:00,6395.8
2019-01-09 05:30:00,6461.9
2019-01-09 05:45:00,6523.8
2019-01-09 06:00:00,6652.4
2019-01-09 06:15:00,6794.1
2019-01-09 06:30:00,6894.9
2019-01-09 06:45:00,6997.4
2019-01-09 07:00:00,7105.1
2019-01-09 07:15:00,7165.4
2019-01-09 07:30:00,7218.9
2019-01-09 07:45:00,7258.6
2019-01-09 08:00:00,7330.8
2019-01-09 08:15:00,7360.8
2019-01-09 08:30:00,7352.9
2019-01-09 08:45:00,7357.9
2019-01-09 09:00:00,7354.0
2019-01-09 09:15:00,7380.4
2019-01-09 09:30:00,7394.9
2019-01-09 09:45:00,7416.7
2019-01-09 10:00:00,7426.0
2019-01-09 10:15:00,7421.1
2019-01-09 10:30:00,7431.3
2019-01-09 10:45:00,7455.5
2019-01-09 11:00:00,7475.8
2019-01-09 11:15:00,7478.9
2019-01-09 11:30:00,7496.7
2019-01-09 11:45:00,7492.7
2019-01-09 12:00:00,7464.1
2019-01-09 12:15:00,7455.3
2019-01-09 12:30:00,7446.9
2019-01-09 12:45:00,7450.4
2019-01-09 13:00:00,7464.3
2019-01-09 13:15:00,7451.3
2019-01-09 13:30:00,7426.7
2019-01-09 13:45:00,7406.2
2019-01-09 14:00:00,7409.3
2019-01-09 14:15:00,7410.6
2019-01-09 14:30:00,7390.7
2019-01-09 14:45:00,7374.7
2019-01-09 15:00:00,7381.3
2019-01-09 15:15:00,7355.1
2019-01-09 15:30:00,7352.2
2019-01-09 15:45:00,7340.7
2019-01-09 16:00:00,7344.9
2019-01-09 16:15:00,7354.0
2019-01-09 16:30:00,7383.7
2019-01-09 16:45:00,7433.3
2019-01-09 17:00:00,7475.3
2019-01-09 17:15:00,7511.2
2019-01-09 17:30:00,7523.3
2019-01-09 17:45:00,7519.8
2019-01-09 18:00:00,7480.6
2019-01-09 18:15:00,7457.3
2019-01-09 18:30:00,7455.9
2019-01-09 18:45:00,7436.1
2019-01-09 19:00:00,7413.2
2019-01-09 19:15:00,7373.6
2019-01-09 19:30:00,7336.8
2019-01-09 19:45:00,7295.8
2019-01-09 20:00:00,7222.5
2019-01-09 20:15:00,7150.0
2019-01-09 20:30:00,7101.3
2019-01-09 20:45:00,7054.0
2019-01-09 21:00:00,7010.8
2019-01-09 21:15:00,6969.6
2019-01-09 21:30:00,6905.9
2019-01-09 21:45:00,6844.5
2019-01-09 22:00:00,6848.2
2019-01-09 22:15:00,6805.5
2019-01-09 22:30:00,6731.3
2019-01-09 22:45:00,6658.8
2019-01-09 23:00:00,6594.3
2019-01-09 23:15:00,6531.7
2019-01-09 23:30:00,6476.4
2019-01-09 23:45:00,6435.7
2019-01-10 00:00:00,6407.9
2019-01-10 00:15:00,6381.9
2019-01-10 00:30:00,6358.8
2019-01-10 00:45:00,6305.3
2019-01-10 01:00:00,6268.5
2019-01-10 01:15:00,6239.2
2019-01-10 01:30:00,6214.8
2019-01-10 01:45:00,6195.6
2019-01-10 02:00:00,6181.9
2019-01-10 02:15:00,6173.8
2019-01-10 02:30:00,6167.4
2019-01-10 02:45:00,6153.5
2019-01-10 03:00:00,6183.0
2019-01-10 03:15:00,6176.2
2019-01-10 03:30:00,6174.7
2019-01-10 03:45:00,6183.9
2019-01-10 04:00:00,6203.7
2019-01-10 04:15:00,6207.0
2019-01-10 04:30:00,6223.6
2019-01-10 04:45:00,6252.0
2019-01-10 05:00:00,6308.4
2019-01-10 05:15:00,6334.8
2019-01-10 05:30:00,6383.9
2019-01-10 05:45:00,6468.1
2019-01-10 06:00:00,6608.6
2019-01-10 06:15:00,6707.9
2019-01-10 06:30:00,6793.0
2019-01-10 06:45:00,6878.2
2019-01-10 07:00:00,7007.3
2019-01-10 07:15:00,7064.1
2019-01-10 07:30:00,7095.8
2019-01-10 07:45:00,7138.8
2019-01-10 08:00:00,7218.7
2019-01-10 08:15:00,7240.5
2019-01-10 08:30:00,7237.2
2019-01-10 08:45:00,7237.4
2019-01-10 09:00:00,7220.0
2019-01-10 09:15:00,7241.0
2019-01-10 09:30:00,7265.0
2019-01-10 09:45:00,7251.3
2019-01-10 10:00:00,7295.2
2019-01-10 10:15:00,7298.5
2019-01-10 10:30:00,7303.1
2019-01-10 10:45:00,7315.4
2019-01-10 11:00:00,7329.7
2019-01-10 11:15:00,7331.7
2019-01-10 11:30:00,7340.7
2019-01-10 11:45:00,7324.9
2019-01-10 12:00:00,7318.7
2019-01-10 12:15:00,7309.7
2019-01-10 12:30:00,7305.9
2019-01-10 12:45:00,7304.6
2019-01-10 13:00:00,7314.8
2019-01-10 13:15:00,7305.3
2019-01-10 13:30:00,7270.7
2019-01-10 13:45:00,7239.6
2019-01-10 14:00:00,7227.1
2019-01-10 14:15:00,7226.2
2019-01-10 14:30:00,7213.7
2019-01-10 14:45:00,7213.7
2019-01-10 15:00:00,7215.9
2019-01-10 15:15:00,7201.3
2019-01-10 15:30:00,7187.0
2019-01-10 15:45:00,7187.9
2019-01-10 16:00:00,7182.6
2019-01-10 16:15:00,7193.0
2019-01-10 16:30:00,7222.2
2019-01-10 16:45:00,7267.4
2019-01-10 17:00:00,7326.0
2019-01-10 17:15:00,7346.7
2019-01-10 17:30:00,7358.1
2019-01-10 17:45:00,7361.7
2019-01-10 18:00:00,7332.6
2019-01-10 18:15:00,7309.0
2019-01-10 18:30:00,7297.4
2019-01-10 18:45:00,7297.1
2019-01-10 19:00:00,7283.9
2019-01-10 19:15:00,7245.8
2019-01-10 19:30:00,7203.7
2019-01-10 19:45:00,7172.5
2019-01-10 20:00:00,7118.5
2019-01-10 20:15:00,7067.4
2019-01-10 20:30:00,7011.7
2019-01-10 20:45:00,6963.2
2019-01-10 21:00:00,6913.4
2019-01-10 21:15:00,6859.0
2019-01-10 21:30:00,6807.7
2019-01-10 21:45:00,6770.5
2019-01-10 22:00:00,6786.8
2019-01-10 22:15:00,6753.5
2019-01-10 22:30:00,6689.0
2019-01-10 22:45:00,6651.8
2019-01-10 23:00:00,6571.4
2019-01-10 23:15:00,6529.1
2019-01-10 23:30:00,6505.1
2019-01-10 23:45:00,6468.5
2019-01-11 00:00:00,6451.3
2019-01-11 00:15:00,6415.2
2019-01-11 00:30:00,6381.3
2019-01-11 00:45:00,6352.2
2019-01-11 01:00:00,6309.5
2019-01-11 01:15:00,6276.2
2019-01-11 01:30:00,6264.3
2019-01-11 01:45:00,6252.6
2019-01-11 02:00:00,6233.7
2019-01-11 02:15:00,6238.1
2019-01-11 02:30:00,6249.3
2019-01-11 02:45:00,6250.2
2019-01-11 03:00:00,6257.3
2019-01-11 03:15:00,6263.2
2019-01-11 03:30:00,6274.4
2019-01-11 03:45:00,6290.1
2019-01-11 04:00:00,6309.0
2019-01-11 04:15:00,6327.1
2019-01-11 04:30:00,6350.4
2019-01-11 04:45:00,6376.7
2019-01-11 05:00:00,6422.7
2019-01-11 05:15:00,6454.0
2019-01-11 05:30:00,6521.4
2019-01-11 05:45:00,6600.2
2019-01-11 06:00:00,6747.4
2019-01-11 06:15:00,6867.6
2019-01-11 06:30:00,6978.0
2019-01-11 06:45:00,7077.8
2019-01-11 07:00:00,7175.8
2019-01-11 07:15:00,7237.0
2019-01-11 07:30:00,7292.5
2019-01-11 07:45:00,7338.5
2019-01-11 08:00:00,7379.1
2019-01-11 08:15:00,7389.4
2019-01-11 08:30:00,7400.4
2019-01-11 08:45:00,7419.2
2019-01-11 09:00:00,7407.9
2019-01-11 09:15:00,7423.1
2019-01-11 09:30:00,7429.5
2019-01-11 09:45:00,7457.0
2019-01-11 10:00:00,7454.6
2019-01-11 10:15:00,7448.2
2019-01-11 10:30:00,7475.8
2019-01-11 10:45:00,7431.3
2019-01-11 11:00:00,7485.0
2019-01-11 11:15:00,7511.0
2019-01-11 11:30:00,7506.6
2019-01-11 11:45:00,7463.9
2019-01-11 12:00:00,7483.5
2019-01-11 12:15:00,7465.2
2019-01-11 12:30:00,7424.2
2019-01-11 12:45:00,7411.7
2019-01-11 13:00:00,7448.2
2019-01-11 13:15:00,7426.0
2019-01-11 13:30:00,7350.9
2019-01-11 13:45:00,7303.1
2019-01-11 14:00:00,7333.0
2019-01-11 14:15:00,7268.7
2019-01-11 14:30:00,7263.0
2019-01-11 14:45:00,7243.8
2019-01-11 15:00:00,7231.5
2019-01-11 15:15:00,7215.9
2019-01-11 15:30:00,7202.6
2019-01-11 15:45:00,7200.2
2019-01-11 16:00:00,7249.3
2019-01-11 16:15:00,7253.1
2019-01-11 16:30:00,7274.2
2019-01-11 16:45:00,7307.5
2019-01-11 17:00:00,7362.3
2019-01-11 17:15:00,7393.4
2019-01-11 17:30:00,7394.3
2019-01-11 17:45:00,7381.5
2019-01-11 18:00:00,7353.7
2019-01-11 18:15:00,7330.8
2019-01-11 18:30:00,7319.4
2019-01-11 18:45:00,7298.9
2019-01-11 19:00:00,7279.1
2019-01-11 19:15:00,7249.6
2019-01-11 19:30:00,7212.6
2019-01-11 19:45:00,7168.1
2019-01-11 20:00:00,7085.2
2019-01-11 20:15:00,7007.9
2019-01-11 20:30:00,6943.6
2019-01-11 20:45:00,6901.8
2019-01-11 21:00:00,6852.6
2019-01-11 21:15:00,6800.4
2019-01-11 21:30:00,6756.2
2019-01-11 21:45:00,6711.2
2019-01-11 22:00:00,6710.8
2019-01-11 22:15:00,6668.5
2019-01-11 22:30:00,6617.0
2019-01-11 22:45:00,6569.4
2019-01-11 23:00:00,6502.2
2019-01-11 23:15:00,6454.8
2019-01-11 23:30:00,6410.8
2019-01-11 23:45:00,6380.0
2019-01-12 00:00:00,6273.6
2019-01-12 00:15:00,6223.1
2019-01-12 00:30:00,6183.0
2019-01-12 00:45:00,6155.7
2019-01-12 01:00:00,6115.4
2019-01-12 01:15:00,6080.6
2019-01-12 01:30:00,6067.2
2019-01-12 01:45:00,6043.8
2019-01-12 02:00:00,6007.5
2019-01-12 02:15:00,5985.5
2019-01-12 02:30:00,5969.4
2019-01-12 02:45:00,5976.9
2019-01-12 03:00:00,5953.5
2019-01-12 03:15:00,5941.6
2019-01-12 03:30:00,5936.6
2019-01-12 03:45:00,5913.7
2019-01-12 04:00:00,5955.9
2019-01-12 04:15:00,5960.6
2019-01-12 04:30:00,5955.9
2019-01-12 04:45:00,5952.4
2019-01-12 05:00:00,5986.6
2019-01-12 05:15:00,5983.5
2019-01-12 05:30:00,5976.9
2019-01-12 05:45:00,5985.2
2019-01-12 06:00:00,6029.7
2019-01-12 06:15:00,6053.7
2019-01-12 06:30:00,6080.8
2019-01-12 06:45:00,6098.7
2019-01-12 07:00:00,6168.9
2019-01-12 07:15:00,6224.7
2019-01-12 07:30:00,6264.8
2019-01-12 07:45:00,6302.2
2019-01-12 08:00:00,6369.8
2019-01-12 08:15:00,6412.3
2019-01-12 08:30:00,6441.6
2019-01-12 08:45:00,6467.8
2019-01-12 09:00:00,6560.1
2019-01-12 09:15:00,6602.0
2019-01-12 09:30:00,6632.6
2019-01-12 09:45:00,6646.5
2019-01-12 10:00:00,6726.4
2019-01-12 10:15:00,6738.5
2019-01-12 10:30:00,6768.3
2019-01-12 10:45:00,6768.9
2019-01-12 11:00:00,6809.3
2019-01-12 11:15:00,6839.9
2019-01-12 11:30:00,6848.7
2019-01-12 11:45:00,6851.3
2019-01-12 12:00:00,6832.4
2019-01-12 12:15:00,6832.8
2019-01-12 12:30:00,6818.9
2019-01-12 12:45:00,6795.6
2019-01-12 13:00:00,6772.7
2019-01-12 13:15:00,6733.0
2019-01-12 13:30:00,6719.8
2019-01-12 13:45:00,6698.2
2019-01-12 14:00:00,6684.4
2019-01-12 14:15:00,6664.5
2019-01-12 14:30:00,6662.8
2019-01-12 14:45:00,6648.9
2019-01-12 15:00:00,6641.6
2019-01-12 15:15:00,6635.7
2019-01-12 15:30:00,6633.5
2019-01-12 15:45:00,6638.1
2019-01-12 16:00:00,6649.6
2019-01-12 16:15:00,6671.1
2019-01-12 16:30:00,6696.9
2019-01-12 16:45:00,6753.5
2019-01-12 17:00:00,6820.5
2019-01-12 17:15:00,6843.6
2019-01-12 17:30:00,6844.7
2019-01-12 17:45:00,6842.3
2019-01-12 18:00:00,6862.1
2019-01-12 18:15:00,6831.9
2019-01-12 18:30:00,6814.5
2019-01-12 18:45:00,6804.0
2019-01-12 19:00:00,6768.7
2019-01-12 19:15:00,6727.3
2019-01-12 19:30:00,6682.8
2019-01-12 19:45:00,6657.7
2019-01-12 20:00:00,6605.1
2019-01-12 20:15:00,6541.2
2019-01-12 20:30:00,6482.2
2019-01-12 20:45:00,6448.9
2019-01-12 21:00:00,6398.9
2019-01-12 21:15:00,6376.0
2019-01-12 21:30:00,6343.4
2019-01-12 21:45:00,6329.3
2019-01-12 22:00:00,6350.0
2019-01-12 22:15:00,6314.5
2019-01-12 22:30:00,6270.5
2019-01-12 22:45:00,6239.4
2019-01-12 23:00:00,6205.3
2019-01-12 23:15:00,6171.1
2019-01-12 23:30:00,6137.2
2019-01-12 23:45:00,6089.0
2019-01-13 00:00:00,6018.3
2019-01-13 00:15:00,5966.1
2019-01-13 00:30:00,5941.9
2019-01-13 00:45:00,5903.5
2019-01-13 01:00:00,5869.8
2019-01-13 01:15:00,5848.0
2019-01-13 01:30:00,5822.7
2019-01-13 01:45:00,5798.9
2019-01-13 02:00:00,5780.0
2019-01-13 02:15:00,5772.0
2019-01-13 02:30:00,5749.3
2019-01-13 02:45:00,5742.7
2019-01-13 03:00:00,5730.6
2019-01-13 03:15:00,5726.2
2019-01-13 03:30:00,5727.3
2019-01-13 03:45:00,5720.0
2019-01-13 04:00:00,5719.6
2019-01-13 04:15:00,5707.3
2019-01-13 04:30:00,5728.6
2019-01-13 04:45:00,5725.3
2019-01-13 05:00:00,5724.2
2019-01-13 05:15:00,5711.9
2019-01-13 05:30:00,5694.1
2019-01-13 05:45:00,5685.0
2019-01-13 06:00:00,5667.0
2019-01-13 06:15:00,5662.1
2019-01-13 06:30:00,5671.1
2019-01-13 06:45:00,5699.1
2019-01-13 07:00:00,5739.6
2019-01-13 07:15:00,5763.2
2019-01-13 07:30:00,5805.9
2019-01-13 07:45:00,5826.7
2019-01-13 08:00:00,5916.7
2019-01-13 08:15:00,5962.6
2019-01-13 08:30:00,6020.9
2019-01-13 08:45:00,6037.9
2019-01-13 09:00:00,6135.9
2019-01-13 09:15:00,6190.3
2019-01-13 09:30:00,6243.8
2019-01-13 09:45:00,6287.7
2019-01-13 10:00:00,6326.4
2019-01-13 10:15:00,6362.8
2019-01-13 10:30:00,6406.6
2019-01-13 10:45:00,6450.9
2019-01-13 11:00:00,6507.3
2019-01-13 11:15:00,6550.9
2019-01-13 11:30:00,6581.1
2019-01-13 11:45:00,6594.3
2019-01-13 12:00:00,6584.8
2019-01-13 12:15:00,6582.4
2019-01-13 12:30:00,6566.5
2019-01-13 12:45:00,6550.7
2019-01-13 13:00:00,6533.5
2019-01-13 13:15:00,6512.8
2019-01-13 13:30:00,6511.5
2019-01-13 13:45:00,6484.4
2019-01-13 14:00:00,6467.0
2019-01-13 14:15:00,6459.5
2019-01-13 14:30:00,6455.7
2019-01-13 14:45:00,6440.5
2019-01-13 15:00:00,6442.1
2019-01-13 15:15:00,6429.1
2019-01-13 15:30:00,6426.7
2019-01-13 15:45:00,6430.2
2019-01-13 16:00:00,6446.7
2019-01-13 16:15:00,6464.5
2019-01-13 16:30:00,6494.1
2019-01-13 16:45:00,6530.6
2019-01-13 17:00:00,6597.8
2019-01-13 17:15:00,6630.4
2019-01-13 17:30:00,6657.3
2019-01-13 17:45:00,6690.7
2019-01-13 18:00:00,6714.5
2019-01-13 18:15:00,6699.1
2019-01-13 18:30:00,6695.6
2019-01-13 18:45:00,6679.3
2019-01-13 19:00:00,6654.2
2019-01-13 19:15:00,6626.4
2019-01-13 19:30:00,6603.1
2019-01-13 19:45:00,6575.6
2019-01-13 20:00:00,6522.2
2019-01-13 20:15:00,6471.8
2019-01-13 20:30:00,6433.7
2019-01-13 20:45:00,6408.4
2019-01-13 21:00:00,6400.0
2019-01-13 21:15:00,6378.9
2019-01-13 21:30:00,6361.0
2019-01-13 21:45:00,6361.2
2019-01-13 22:00:00,6395.2
2019-01-13 22:15:00,6370.3
2019-01-13 22:30:00,6343.2
2019-01-13 22:45:00,6314.3
2019-01-13 23:00:00,6266.1
2019-01-13 23:15:00,6229.1
2019-01-13 23:30:00,6200.7
2019-01-13 23:45:00,6146.3
2019-01-14 00:00:00,6108.8
2019-01-14 00:15:00,6085.2
2019-01-14 00:30:00,6061.5
2019-01-14 00:45:00,6029.1
2019-01-14 01:00:00,5968.3
2019-01-14 01:15:00,5955.9
2019-01-14 01:30:00,5951.1
2019-01-14 01:45:00,5937.4
2019-01-14 02:00:00,5918.7
2019-01-14 02:15:00,5907.0
2019-01-14 02:30:00,5902.0
2019-01-14 02:45:00,5933.3
2019-01-14 03:00:00,5935.9
2019-01-14 03:15:00,5940.7
2019-01-14 03:30:00,5949.1
2019-01-14 03:45:00,5960.8
2019-01-14 04:00:00,5994.3
2019-01-14 04:15:00,6023.8
2019-01-14 04:30:00,6058.1
2019-01-14 04:45:00,6094.9
2019-01-14 05:00:00,6198.9
2019-01-14 05:15:00,6244.5
2019-01-14 05:30:00,6308.8
2019-01-14 05:45:00,6401.3
2019-01-14 06:00:00,6578.4
2019-01-14 06:15:00,6710.6
2019-01-14 06:30:00,6813.0
2019-01-14 06:45:00,6920.0
2019-01-14 07:00:00,7046.3
2019-01-14 07:15:00,7119.2
2019-01-14 07:30:00,7171.8
2019-01-14 07:45:00,7218.1
2019-01-14 08:00:00,7251.8
2019-01-14 08:15:00,7279.1
2019-01-14 08:30:00,7284.8
2019-01-14 08:45:00,7299.1
2019-01-14 09:00:00,7257.3
2019-01-14 09:15:00,7285.2
2019-01-14 09:30:00,7307.3
2019-01-14 09:45:00,7316.1
2019-01-14 10:00:00,7304.0
2019-01-14 10:15:00,7307.9
2019-01-14 10:30:00,7301.1
2019-01-14 10:45:00,7312.3
2019-01-14 11:00:00,7331.7
2019-01-14 11:15:00,7331.9
2019-01-14 11:30:00,7350.7
2019-01-14 11:45:00,7358.6
2019-01-14 12:00:00,7333.9
2019-01-14 12:15:00,7315.9
2019-01-14 12:30:00,7330.2
2019-01-14 12:45:00,7333.3
2019-01-14 13:00:00,7348.2
2019-01-14 13:15:00,7333.7
2019-01-14 13:30:00,7318.1
2019-01-14 13:45:00,7293.6
2019-01-14 14:00:00,7289.9
2019-01-14 14:15:00,7287.2
2019-01-14 14:30:00,7285.7
2019-01-14 14:45:00,7277.5
2019-01-14 15:00:00,7275.8
2019-01-14 15:15:00,7247.6
2019-01-14 15:30:00,7232.6
2019-01-14 15:45:00,7210.6
2019-01-14 16:00:00,7212.6
2019-01-14 16:15:00,7207.0
2019-01-14 16:30:00,7211.9
2019-01-14 16:45:00,7271.8
2019-01-14 17:00:00,7356.6
2019-01-14 17:15:00,7405.3
2019-01-14 17:30:00,7427.8
2019-01-14 17:45:00,7426.4
2019-01-14 18:00:00,7396.9
2019-01-14 18:15:00,7367.2
2019-01-14 18:30:00,7368.7
2019-01-14 18:45:00,7350.7
2019-01-14 19:00:00,7317.2
2019-01-14 19:15:00,7272.2
2019-01-14 19:30:00,7263.9
2019-01-14 19:45:00,7221.4
2019-01-14 20:00:00,7139.0
2019-01-14 20:15:00,7067.8
2019-01-14 20:30:00,7023.8
2019-01-14 20:45:00,6983.9
2019-01-14 21:00:00,6935.7
2019-01-14 21:15:00,6879.7
2019-01-14 21:30:00,6837.4
2019-01-14 21:45:00,6787.9
2019-01-14 22:00:00,6772.0
2019-01-14 22:15:00,6709.9
2019-01-14 22:30:00,6665.6
2019-01-14 22:45:00,6615.6
2019-01-14 23:00:00,6534.4
2019-01-14 23:15:00,6482.6
2019-01-14 23:30:00,6442.7
2019-01-14 23:45:00,6393.2
2019-01-15 00:00:00,6356.2
2019-01-15 00:15:00,6327.1
2019-01-15 00:30:00,6304.6
2019-01-15 00:45:00,6283.5
2019-01-15 01:00:00,6230.4
2019-01-15 01:15:00,6217.0
2019-01-15 01:30:00,6208.8
2019-01-15 01:45:00,6224.0
2019-01-15 02:00:00,6191.9
2019-01-15 02:15:00,6179.5
2019-01-15 02:30:00,6176.7
2019-01-15 02:45:00,6179.7
2019-01-15 03:00:00,6187.7
2019-01-15 03:15:00,6181.5
2019-01-15 03:30:00,6196.0
2019-01-15 03:45:00,6196.9
2019-01-15 04:00:00,6213.9
2019-01-15 04:15:00,6230.8
2019-01-15 04:30:00,6261.9
2019-01-15 04:45:00,6263.2
2019-01-15 05:00:00,6362.6
2019-01-15 05:15:00,6402.6
2019-01-15 05:30:00,6459.5
2019-01-15 05:45:00,6493.4
2019-01-15 06:00:00,6679.3
2019-01-15 06:15:00,6776.9
2019-01-15 06:30:00,6868.7
2019-01-15 06:45:00,6971.4
2019-01-15 07:00:00,7094.3
2019-01-15 07:15:00,7163.7
2019-01-15 07:30:00,7228.0
2019-01-15 07:45:00,7280.6
2019-01-15 08:00:00,7320.3
2019-01-15 08:15:00,7332.8
2019-01-15 08:30:00,7339.9
2019-01-15 08:45:00,7347.4
2019-01-15 09:00:00,7320.7
2019-01-15 09:15:00,7318.5
2019-01-15 09:30:00,7348.2
2019-01-15 09:45:00,7356.2
2019-01-15 10:00:00,7382.2
2019-01-15 10:15:00,7383.9
2019-01-15 10:30:00,7382.2
2019-01-15 10:45:00,7355.7
2019-01-15 11:00:00,7403.1
2019-01-15 11:15:00,7408.4
2019-01-15 11:30:00,7368.5
2019-01-15 11:45:00,7359.7
2019-01-15 12:00:00,7377.3
2019-01-15 12:15:00,7329.1
2019-01-15 12:30:00,7324.7
2019-01-15 12:45:00,7330.2
2019-01-15 13:00:00,7385.5
2019-01-15 13:15:00,7352.9
2019-01-15 13:30:00,7335.5
2019-01-15 13:45:00,7315.4
2019-01-15 14:00:00,7346.5
2019-01-15 14:15:00,7350.9
2019-01-15 14:30:00,7346.5
2019-01-15 14:45:00,7354.8
2019-01-15 15:00:00,7338.8
2019-01-15 15:15:00,7332.2
2019-01-15 15:30:00,7305.7
2019-01-15 15:45:00,7300.0
2019-01-15 16:00:00,7294.1
2019-01-15 16:15:00,7293.2
2019-01-15 16:30:00,7310.1
2019-01-15 16:45:00,7333.3
2019-01-15 17:00:00,7378.9
2019-01-15 17:15:00,7411.7
2019-01-15 17:30:00,7429.1
2019-01-15 17:45:00,7438.1
2019-01-15 18:00:00,7406.2
2019-01-15 18:15:00,7383.0
2019-01-15 18:30:00,7361.9
2019-01-15 18:45:00,7366.5
2019-01-15 19:00:00,7349.3
2019-01-15 19:15:00,7296.0
2019-01-15 19:30:00,7278.6
2019-01-15 19:45:00,7236.1
2019-01-15 20:00:00,7150.7
2019-01-15 20:15:00,7099.3
2019-01-15 20:30:00,7060.6
2019-01-15 20:45:00,6961.7
2019-01-15 21:00:00,6951.8
2019-01-15 21:15:00,6906.2
2019-01-15 21:30:00,6876.7
2019-01-15 21:45:00,6814.1
2019-01-15 22:00:00,6786.1
2019-01-15 22:15:00,6760.4
2019-01-15 22:30:00,6697.1
2019-01-15 22:45:00,6645.4
2019-01-15 23:00:00,6568.5
2019-01-15 23:15:00,6504.2
2019-01-15 23:30:00,6478.2
2019-01-15 23:45:00,6424.0
2019-01-16 00:00:00,6363.9
2019-01-16 00:15:00,6314.1
2019-01-16 00:30:00,6286.3
2019-01-16 00:45:00,6242.3
2019-01-16 01:00:00,6209.0
2019-01-16 01:15:00,6186.6
2019-01-16 01:30:00,6161.9
2019-01-16 01:45:00,6147.8
2019-01-16 02:00:00,6122.2
2019-01-16 02:15:00,6124.4
2019-01-16 02:30:00,6106.8
2019-01-16 02:45:00,6103.3
2019-01-16 03:00:00,6104.2
2019-01-16 03:15:00,6120.7
2019-01-16 03:30:00,6130.6
2019-01-16 03:45:00,6143.6
2019-01-16 04:00:00,6185.2
2019-01-16 04:15:00,6207.7
2019-01-16 04:30:00,6226.2
2019-01-16 04:45:00,6234.6
2019-01-16 05:00:00,6324.0
2019-01-16 05:15:00,6354.0
2019-01-16 05:30:00,6406.2
2019-01-16 05:45:00,6490.3
2019-01-16 06:00:00,6647.8
2019-01-16 06:15:00,6780.0
2019-01-16 06:30:00,6907.9
2019-01-16 06:45:00,7021.1
2019-01-16 07:00:00,7133.0
2019-01-16 07:15:00,7204.8
2019-01-16 07:30:00,7261.2
2019-01-16 07:45:00,7295.6
2019-01-16 08:00:00,7334.4
2019-01-16 08:15:00,7340.7
2019-01-16 08:30:00,7341.9
2019-01-16 08:45:00,7352.2
2019-01-16 09:00:00,7337.0
2019-01-16 09:15:00,7339.2
2019-01-16 09:30:00,7348.9
2019-01-16 09:45:00,7349.1
2019-01-16 10:00:00,7349.6
2019-01-16 10:15:00,7364.5
2019-01-16 10:30:00,7374.4
2019-01-16 10:45:00,7385.5
2019-01-16 11:00:00,7385.9
2019-01-16 11:15:00,7397.4
2019-01-16 11:30:00,7415.9
2019-01-16 11:45:00,7417.4
2019-01-16 12:00:00,7396.3
2019-01-16 12:15:00,7379.5
2019-01-16 12:30:00,7386.6
2019-01-16 12:45:00,7391.6
2019-01-16 13:00:00,7405.5
2019-01-16 13:15:00,7396.7
2019-01-16 13:30:00,7379.1
2019-01-16 13:45:00,7334.1
2019-01-16 14:00:00,7313.2
2019-01-16 14:15:00,7302.6
2019-01-16 14:30:00,7297.6
2019-01-16 14:45:00,7296.3
2019-01-16 15:00:00,7300.2
2019-01-16 15:15:00,7279.7
2019-01-16 15:30:00,7270.9
2019-01-16 15:45:00,7248.9
2019-01-16 16:00:00,7235.7
2019-01-16 16:15:00,7245.2
2019-01-16 16:30:00,7271.6
2019-01-16 16:45:00,7307.7
2019-01-16 17:00:00,7374.0
2019-01-16 17:15:00,7428.9
2019-01-16 17:30:00,7461.0
2019-01-16 17:45:00,7464.8
2019-01-16 18:00:00,7435.5
2019-01-16 18:15:00,7411.5
2019-01-16 18:30:00,7394.9
2019-01-16 18:45:00,7388.1
2019-01-16 19:00:00,7372.0
2019-01-16 19:15:00,7327.5
2019-01-16 19:30:00,7292.1
2019-01-16 19:45:00,7227.3
2019-01-16 20:00:00,7172.5
2019-01-16 20:15:00,7104.0
2019-01-16 20:30:00,7043.6
2019-01-16 20:45:00,7005.9
2019-01-16 21:00:00,6961.2
2019-01-16 21:15:00,6919.2
2019-01-16 21:30:00,6874.4
2019-01-16 21:45:00,6818.7
2019-01-16 22:00:00,6797.6
2019-01-16 22:15:00,6752.6
2019-01-16 22:30:00,6707.9
2019-01-16 22:45:00,6655.5
2019-01-16 23:00:00,6585.0
2019-01-16 23:15:00,6538.5
2019-01-16 23:30:00,6496.3
2019-01-16 23:45:00,6450.0
2019-01-17 00:00:00,6398.9
2019-01-17 00:15:00,6362.6
2019-01-17 00:30:00,6346.3
2019-01-17 00:45:00,6314.3
2019-01-17 01:00:00,6284.8
2019-01-17 01:15:00,6245.2
2019-01-17 01:30:00,6243.0
2019-01-17 01:45:00,6238.5
2019-01-17 02:00:00,6194.7
2019-01-17 02:15:00,6183.0
2019-01-17 02:30:00,6178.0
2019-01-17 02:45:00,6183.0
2019-01-17 03:00:00,6181.5
2019-01-17 03:15:00,6196.3
2019-01-17 03:30:00,6182.8
2019-01-17 03:45:00,6194.9
2019-01-17 04:00:00,6231.1
2019-01-17 04:15:00,6269.6
2019-01-17 04:30:00,6287.9
2019-01-17 04:45:00,6299.6
2019-01-17 05:00:00,6389.6
2019-01-17 05:15:00,6418.9
2019-01-17 05:30:00,6472.0
2019-01-17 05:45:00,6540.7
2019-01-17 06:00:00,6696.7
2019-01-17 06:15:00,6820.3
2019-01-17 06:30:00,6919.6
2019-01-17 06:45:00,7018.9
2019-01-17 07:00:00,7144.5
2019-01-17 07:15:00,7231.5
2019-01-17 07:30:00,7286.6
2019-01-17 07:45:00,7343.8
2019-01-17 08:00:00,7361.9
2019-01-17 08:15:00,7379.7
2019-01-17 08:30:00,7387.2
2019-01-17 08:45:00,7375.3
2019-01-17 09:00:00,7350.9
2019-01-17 09:15:00,7369.2
2019-01-17 09:30:00,7373.8
2019-01-17 09:45:00,7379.7
2019-01-17 10:00:00,7380.0
2019-01-17 10:15:00,7396.9
2019-01-17 10:30:00,7406.6
2019-01-17 10:45:00,7424.2
2019-01-17 11:00:00,7425.3
2019-01-17 11:15:00,7442.7
2019-01-17 11:30:00,7464.1
2019-01-17 11:45:00,7477.5
2019-01-17 12:00:00,7455.7
2019-01-17 12:15:00,7446.0
2019-01-17 12:30:00,7448.2
2019-01-17 12:45:00,7422.7
2019-01-17 13:00:00,7465.9
2019-01-17 13:15:00,7448.2
2019-01-17 13:30:00,7421.4
2019-01-17 13:45:00,7356.6
2019-01-17 14:00:00,7388.3
2019-01-17 14:15:00,7383.3
2019-01-17 14:30:00,7344.9
2019-01-17 14:45:00,7322.9
2019-01-17 15:00:00,7341.2
2019-01-17 15:15:00,7290.3
2019-01-17 15:30:00,7287.7
2019-01-17 15:45:00,7265.6
2019-01-17 16:00:00,7289.2
2019-01-17 16:15:00,7291.0
2019-01-17 16:30:00,7303.5
2019-01-17 16:45:00,7328.6
2019-01-17 17:00:00,7393.2
2019-01-17 17:15:00,7452.9
2019-01-17 17:30:00,7484.4
2019-01-17 17:45:00,7489.4
2019-01-17 18:00:00,7464.3
2019-01-17 18:15:00,7447.8
2019-01-17 18:30:00,7449.8
2019-01-17 18:45:00,7403.5
2019-01-17 19:00:00,7396.7
2019-01-17 19:15:00,7350.2
2019-01-17 19:30:00,7313.9
2019-01-17 19:45:00,7300.2
2019-01-17 20:00:00,7242.5
2019-01-17 20:15:00,7177.1
2019-01-17 20:30:00,7118.3
2019-01-17 20:45:00,7052.0
2019-01-17 21:00:00,6988.5
2019-01-17 21:15:00,6946.7
2019-01-17 21:30:00,6899.1
2019-01-17 21:45:00,6884.6
2019-01-17 22:00:00,6851.5
2019-01-17 22:15:00,6788.5
2019-01-17 22:30:00,6717.6
2019-01-17 22:45:00,6660.1
2019-01-17 23:00:00,6568.3
2019-01-17 23:15:00,6550.9
2019-01-17 23:30:00,6493.2
2019-01-17 23:45:00,6444.9
2019-01-18 00:00:00,6414.1
2019-01-18 00:15:00,6390.1
2019-01-18 00:30:00,6366.7
2019-01-18 00:45:00,6334.8
2019-01-18 01:00:00,6284.1
2019-01-18 01:15:00,6259.3
2019-01-18 01:30:00,6237.7
2019-01-18 01:45:00,6215.0
2019-01-18 02:00:00,6189.0
2019-01-18 02:15:00,6174.9
2019-01-18 02:30:00,6156.8
2019-01-18 02:45:00,6131.5
2019-01-18 03:00:00,6181.9
2019-01-18 03:15:00,6173.1
2019-01-18 03:30:00,6184.4
2019-01-18 03:45:00,6201.5
2019-01-18 04:00:00,6238.1
2019-01-18 04:15:00,6260.1
2019-01-18 04:30:00,6263.2
2019-01-18 04:45:00,6286.1
2019-01-18 05:00:00,6343.0
2019-01-18 05:15:00,6367.8
2019-01-18 05:30:00,6422.2
2019-01-18 05:45:00,6494.5
2019-01-18 06:00:00,6639.2
2019-01-18 06:15:00,6758.8
2019-01-18 06:30:00,6862.6
2019-01-18 06:45:00,6916.3
2019-01-18 07:00:00,7064.5
2019-01-18 07:15:00,7129.7
2019-01-18 07:30:00,7187.4
2019-01-18 07:45:00,7215.9
2019-01-18 08:00:00,7268.1
2019-01-18 08:15:00,7280.4
2019-01-18 08:30:00,7281.5
2019-01-18 08:45:00,7234.4
2019-01-18 09:00:00,7257.5
2019-01-18 09:15:00,7264.1
2019-01-18 09:30:00,7229.5
2019-01-18 09:45:00,7235.7
2019-01-18 10:00:00,7256.8
2019-01-18 10:15:00,7255.7
2019-01-18 10:30:00,7207.7
2019-01-18 10:45:00,7214.1
2019-01-18 11:00:00,7261.5
2019-01-18 11:15:00,7275.8
2019-01-18 11:30:00,7233.7
2019-01-18 11:45:00,7224.7
2019-01-18 12:00:00,7249.3
2019-01-18 12:15:00,7193.0
2019-01-18 12:30:00,7171.1
2019-01-18 12:45:00,7167.2
2019-01-18 13:00:00,7190.7
2019-01-18 13:15:00,7160.4
2019-01-18 13:30:00,7134.8
2019-01-18 13:45:00,7048.9
2019-01-18 14:00:00,7096.7
2019-01-18 14:15:00,7085.5
2019-01-18 14:30:00,7067.2
2019-01-18 14:45:00,7067.4
2019-01-18 15:00:00,7051.1
2019-01-18 15:15:00,7035.2
2019-01-18 15:30:00,7027.5
2019-01-18 15:45:00,7020.0
2019-01-18 16:00:00,7019.6
2019-01-18 16:15:00,7022.5
2019-01-18 16:30:00,7041.4
2019-01-18 16:45:00,7086.3
2019-01-18 17:00:00,7167.6
2019-01-18 17:15:00,7227.5
2019-01-18 17:30:00,7255.3
2019-01-18 17:45:00,7252.6
2019-01-18 18:00:00,7241.2
2019-01-18 18:15:00,7218.5
2019-01-18 18:30:00,7196.0
2019-01-18 18:45:00,7159.5
2019-01-18 19:00:00,7167.8
2019-01-18 19:15:00,7127.5
2019-01-18 19:30:00,7053.7
2019-01-18 19:45:00,7007.9
2019-01-18 20:00:00,6965.0
2019-01-18 20:15:00,6908.6
2019-01-18 20:30:00,6859.9
2019-01-18 20:45:00,6811.2
2019-01-18 21:00:00,6772.2
2019-01-18 21:15:00,6744.3
2019-01-18 21:30:00,6709.0
2019-01-18 21:45:00,6662.8
2019-01-18 22:00:00,6659.9
2019-01-18 22:15:00,6612.1
2019-01-18 22:30:00,6566.1
2019-01-18 22:45:00,6538.8
2019-01-18 23:00:00,6496.5
2019-01-18 23:15:00,6458.1
2019-01-18 23:30:00,6434.4
2019-01-18 23:45:00,6402.9
2019-01-19 00:00:00,6349.1
2019-01-19 00:15:00,6309.5
2019-01-19 00:30:00,6295.6
2019-01-19 00:45:00,6269.2
2019-01-19 01:00:00,6222.0
2019-01-19 01:15:00,6193.8
2019-01-19 01:30:00,6164.5
2019-01-19 01:45:00,6153.1
2019-01-19 02:00:00,6125.8
2019-01-19 02:15:00,6101.3
2019-01-19 02:30:00,6093.2
2019-01-19 02:45:00,6066.7
2019-01-19 03:00:00,6083.7
2019-01-19 03:15:00,6071.4
2019-01-19 03:30:00,6061.5
2019-01-19 03:45:00,6025.1
2019-01-19 04:00:00,6057.3
2019-01-19 04:15:00,6052.9
2019-01-19 04:30:00,6039.0
2019-01-19 04:45:00,6041.6
2019-01-19 05:00:00,6051.5
2019-01-19 05:15:00,6047.1
2019-01-19 05:30:00,6030.2
2019-01-19 05:45:00,6027.1
2019-01-19 06:00:00,6050.2
2019-01-19 06:15:00,6065.2
2019-01-19 06:30:00,6069.4
2019-01-19 06:45:00,6112.8
2019-01-19 07:00:00,6167.6
2019-01-19 07:15:00,6200.2
2019-01-19 07:30:00,6236.3
2019-01-19 07:45:00,6285.0
2019-01-19 08:00:00,6350.0
2019-01-19 08:15:00,6405.9
2019-01-19 08:30:00,6441.4
2019-01-19 08:45:00,6483.5
2019-01-19 09:00:00,6538.5
2019-01-19 09:15:00,6578.0
2019-01-19 09:30:00,6625.8
2019-01-19 09:45:00,6639.6
2019-01-19 10:00:00,6661.7
2019-01-19 10:15:00,6677.1
2019-01-19 10:30:00,6695.6
2019-01-19 10:45:00,6692.7
2019-01-19 11:00:00,6704.8
2019-01-19 11:15:00,6702.2
2019-01-19 11:30:00,6717.8
2019-01-19 11:45:00,6718.5
2019-01-19 12:00:00,6683.3
2019-01-19 12:15:00,6667.2
2019-01-19 12:30:00,6638.5
2019-01-19 12:45:00,6610.4
2019-01-19 13:00:00,6589.0
2019-01-19 13:15:00,6537.7
2019-01-19 13:30:00,6518.5
2019-01-19 13:45:00,6493.0
2019-01-19 14:00:00,6476.7
2019-01-19 14:15:00,6454.0
2019-01-19 14:30:00,6433.9
2019-01-19 14:45:00,6420.0
2019-01-19 15:00:00,6430.8
2019-01-19 15:15:00,6436.6
2019-01-19 15:30:00,6425.3
2019-01-19 15:45:00,6423.6
2019-01-19 16:00:00,6447.6
2019-01-19 16:15:00,6466.7
2019-01-19 16:30:00,6500.9
2019-01-19 16:45:00,6545.6
2019-01-19 17:00:00,6644.5
2019-01-19 17:15:00,6714.1
2019-01-19 17:30:00,6764.3
2019-01-19 17:45:00,6762.3
2019-01-19 18:00:00,6773.8
2019-01-19 18:15:00,6771.1
2019-01-19 18:30:00,6764.3
2019-01-19 18:45:00,6744.7
2019-01-19 19:00:00,6713.9
2019-01-19 19:15:00,6683.5
2019-01-19 19:30:00,6650.7
2019-01-19 19:45:00,6621.8
2019-01-19 20:00:00,6554.6
2019-01-19 20:15:00,6485.0
2019-01-19 20:30:00,6432.2
2019-01-19 20:45:00,6389.6
2019-01-19 21:00:00,6371.4
2019-01-19 21:15:00,6348.9
2019-01-19 21:30:00,6322.2
2019-01-19 21:45:00,6309.9
2019-01-19 22:00:00,6348.2
2019-01-19 22:15:00,6317.4
2019-01-19 22:30:00,6283.5
2019-01-19 22:45:00,6254.8
2019-01-19 23:00:00,6228.9
2019-01-19 23:15:00,6204.2
2019-01-19 23:30:00,6171.6
2019-01-19 23:45:00,6143.0
2019-01-20 00:00:00,6095.8
2019-01-20 00:15:00,6063.4
2019-01-20 00:30:00,6041.6
2019-01-20 00:45:00,6027.1
2019-01-20 01:00:00,5978.4
2019-01-20 01:15:00,5965.9
2019-01-20 01:30:00,5941.9
2019-01-20 01:45:00,5920.9
2019-01-20 02:00:00,5912.6
2019-01-20 02:15:00,5890.5
2019-01-20 02:30:00,5883.0
2019-01-20 02:45:00,5865.4
2019-01-20 03:00:00,5857.0
2019-01-20 03:15:00,5853.7
2019-01-20 03:30:00,5844.1
2019-01-20 03:45:00,5847.4
2019-01-20 04:00:00,5837.4
2019-01-20 04:15:00,5820.0
2019-01-20 04:30:00,5820.9
2019-01-20 04:45:00,5828.4
2019-01-20 05:00:00,5816.1
2019-01-20 05:15:00,5805.5
2019-01-20 05:30:00,5790.5
2019-01-20 05:45:00,5787.9
2019-01-20 06:00:00,5745.6
2019-01-20 06:15:00,5765.4
2019-01-20 06:30:00,5766.5
2019-01-20 06:45:00,5777.3
2019-01-20 07:00:00,5804.8
2019-01-20 07:15:00,5844.7
2019-01-20 07:30:00,5872.0
2019-01-20 07:45:00,5907.9
2019-01-20 08:00:00,5957.3
2019-01-20 08:15:00,6018.5
2019-01-20 08:30:00,6067.8
2019-01-20 08:45:00,6105.7
2019-01-20 09:00:00,6166.1
2019-01-20 09:15:00,6217.0
2019-01-20 09:30:00,6245.4
2019-01-20 09:45:00,6267.0
2019-01-20 10:00:00,6285.9
2019-01-20 10:15:00,6312.6
2019-01-20 10:30:00,6342.1
2019-01-20 10:45:00,6361.5
2019-01-20 11:00:00,6380.8
2019-01-20 11:15:00,6422.2
2019-01-20 11:30:00,6445.6
2019-01-20 11:45:00,6444.3
2019-01-20 12:00:00,6437.9
2019-01-20 12:15:00,6417.6
2019-01-20 12:30:00,6407.7
2019-01-20 12:45:00,6385.2
2019-01-20 13:00:00,6363.9
2019-01-20 13:15:00,6330.2
2019-01-20 13:30:00,6316.5
2019-01-20 13:45:00,6284.8
2019-01-20 14:00:00,6265.0
2019-01-20 14:15:00,6246.3
2019-01-20 14:30:00,6235.7
2019-01-20 14:45:00,6217.4
2019-01-20 15:00:00,6223.8
2019-01-20 15:15:00,6216.7
2019-01-20 15:30:00,6224.2
2019-01-20 15:45:00,6223.3
2019-01-20 16:00:00,6253.1
2019-01-20 16:15:00,6260.6
2019-01-20 16:30:00,6304.6
2019-01-20 16:45:00,6348.9
2019-01-20 17:00:00,6425.1
2019-01-20 17:15:00,6528.4
2019-01-20 17:30:00,6580.2
2019-01-20 17:45:00,6613.0
2019-01-20 18:00:00,6643.2
2019-01-20 18:15:00,6632.8
2019-01-20 18:30:00,6647.6
2019-01-20 18:45:00,6634.1
2019-01-20 19:00:00,6617.6
2019-01-20 19:15:00,6582.8
2019-01-20 19:30:00,6568.5
2019-01-20 19:45:00,6541.4
2019-01-20 20:00:00,6499.1
2019-01-20 20:15:00,6463.7
2019-01-20 20:30:00,6420.7
2019-01-20 20:45:00,6391.0
2019-01-20 21:00:00,6358.6
2019-01-20 21:15:00,6361.9
2019-01-20 21:30:00,6357.7
2019-01-20 21:45:00,6369.4
2019-01-20 22:00:00,6420.7
2019-01-20 22:15:00,6410.1
2019-01-20 22:30:00,6377.5
2019-01-20 22:45:00,6345.8
2019-01-20 23:00:00,6310.1
2019-01-20 23:15:00,6289.4
2019-01-20 23:30:00,6270.7
2019-01-20 23:45:00,6237.4
2019-01-21 00:00:00,6221.6
2019-01-21 00:15:00,6196.9
2019-01-21 00:30:00,6180.6
2019-01-21 00:45:00,6149.3
2019-01-21 01:00:00,6111.9
2019-01-21 01:15:00,6096.3
2019-01-21 01:30:00,6094.1
2019-01-21 01:45:00,6060.4
2019-01-21 02:00:00,6059.3
2019-01-21 02:15:00,6058.6
2019-01-21 02:30:00,6056.6
2019-01-21 02:45:00,6063.2
2019-01-21 03:00:00,6052.4
2019-01-21 03:15:00,6071.8
2019-01-21 03:30:00,6087.2
2019-01-21 03:45:00,6085.7
2019-01-21 04:00:00,6119.4
2019-01-21 04:15:00,6141.2
2019-01-21 04:30:00,6175.8
2019-01-21 04:45:00,6204.6
2019-01-21 05:00:00,6283.7
2019-01-21 05:15:00,6341.4
2019-01-21 05:30:00,6402.2
2019-01-21 05:45:00,6500.4
2019-01-21 06:00:00,6658.8
2019-01-21 06:15:00,6800.7
2019-01-21 06:30:00,6918.1
2019-01-21 06:45:00,7011.9
2019-01-21 07:00:00,7131.5
2019-01-21 07:15:00,7192.7
2019-01-21 07:30:00,7256.8
2019-01-21 07:45:00,7305.9
2019-01-21 08:00:00,7308.6
2019-01-21 08:15:00,7319.2
2019-01-21 08:30:00,7348.2
2019-01-21 08:45:00,7356.8
2019-01-21 09:00:00,7334.1
2019-01-21 09:15:00,7338.1
2019-01-21 09:30:00,7359.7
2019-01-21 09:45:00,7351.3
2019-01-21 10:00:00,7336.1
2019-01-21 10:15:00,7341.0
2019-01-21 10:30:00,7348.2
2019-01-21 10:45:00,7351.3
2019-01-21 11:00:00,7352.9
2019-01-21 11:15:00,7356.8
2019-01-21 11:30:00,7366.3
2019-01-21 11:45:00,7363.2
2019-01-21 12:00:00,7345.8
2019-01-21 12:15:00,7316.7
2019-01-21 12:30:00,7326.7
2019-01-21 12:45:00,7321.8
2019-01-21 13:00:00,7337.2
2019-01-21 13:15:00,7312.6
2019-01-21 13:30:00,7296.7
2019-01-21 13:45:00,7260.4
2019-01-21 14:00:00,7258.1
2019-01-21 14:15:00,7245.4
2019-01-21 14:30:00,7236.8
2019-01-21 14:45:00,7231.1
2019-01-21 15:00:00,7228.2
2019-01-21 15:15:00,7215.4
2019-01-21 15:30:00,7201.5
2019-01-21 15:45:00,7183.3
2019-01-21 16:00:00,7184.6
2019-01-21 16:15:00,7188.1
2019-01-21 16:30:00,7216.1
2019-01-21 16:45:00,7255.7
2019-01-21 17:00:00,7326.4
2019-01-21 17:15:00,7393.4
2019-01-21 17:30:00,7436.8
2019-01-21 17:45:00,7451.8
2019-01-21 18:00:00,7431.9
2019-01-21 18:15:00,7408.6
2019-01-21 18:30:00,7401.5
2019-01-21 18:45:00,7400.7
2019-01-21 19:00:00,7388.3
2019-01-21 19:15:00,7352.2
2019-01-21 19:30:00,7325.6
2019-01-21 19:45:00,7293.0
2019-01-21 20:00:00,7234.6
2019-01-21 20:15:00,7174.7
2019-01-21 20:30:00,7107.0
2019-01-21 20:45:00,7057.9
2019-01-21 21:00:00,7022.5
2019-01-21 21:15:00,7000.4
2019-01-21 21:30:00,6930.4
2019-01-21 21:45:00,6883.5
2019-01-21 22:00:00,6881.3
2019-01-21 22:15:00,6862.8
2019-01-21 22:30:00,6804.6
2019-01-21 22:45:00,6746.9
2019-01-21 23:00:00,6675.6
2019-01-21 23:15:00,6629.1
2019-01-21 23:30:00,6579.5
2019-01-21 23:45:00,6541.6
2019-01-22 00:00:00,6476.9
2019-01-22 00:15:00,6458.1
2019-01-22 00:30:00,6454.8
2019-01-22 00:45:00,6425.6
2019-01-22 01:00:00,6392.1
2019-01-22 01:15:00,6375.1
2019-01-22 01:30:00,6364.8
2019-01-22 01:45:00,6337.7
2019-01-22 02:00:00,6309.3
2019-01-22 02:15:00,6306.4
2019-01-22 02:30:00,6302.4
2019-01-22 02:45:00,6297.8
2019-01-22 03:00:00,6297.8
2019-01-22 03:15:00,6281.3
2019-01-22 03:30:00,6287.0
2019-01-22 03:45:00,6288.8
2019-01-22 04:00:00,6315.9
2019-01-22 04:15:00,6337.2
2019-01-22 04:30:00,6351.1
2019-01-22 04:45:00,6384.6
2019-01-22 05:00:00,6459.9
2019-01-22 05:15:00,6487.7
2019-01-22 05:30:00,6531.9
2019-01-22 05:45:00,6613.7
2019-01-22 06:00:00,6759.9
2019-01-22 06:15:00,6885.5
2019-01-22 06:30:00,7000.0
2019-01-22 06:45:00,7099.1
2019-01-22 07:00:00,7212.6
2019-01-22 07:15:00,7275.6
2019-01-22 07:30:00,7337.4
2019-01-22 07:45:00,7355.7
2019-01-22 08:00:00,7387.7
2019-01-22 08:15:00,7409.7
2019-01-22 08:30:00,7423.3
2019-01-22 08:45:00,7425.8
2019-01-22 09:00:00,7415.4
2019-01-22 09:15:00,7443.0
2019-01-22 09:30:00,7464.8
2019-01-22 09:45:00,7470.3
2019-01-22 10:00:00,7456.8
2019-01-22 10:15:00,7453.7
2019-01-22 10:30:00,7459.7
2019-01-22 10:45:00,7463.0
2019-01-22 11:00:00,7470.0
2019-01-22 11:15:00,7477.8
2019-01-22 11:30:00,7480.8
2019-01-22 11:45:00,7488.3
2019-01-22 12:00:00,7463.4
2019-01-22 12:15:00,7447.8
2019-01-22 12:30:00,7440.3
2019-01-22 12:45:00,7450.0
2019-01-22 13:00:00,7443.0
2019-01-22 13:15:00,7430.6
2019-01-22 13:30:00,7418.9
2019-01-22 13:45:00,7387.7
2019-01-22 14:00:00,7397.8
2019-01-22 14:15:00,7385.2
2019-01-22 14:30:00,7387.0
2019-01-22 14:45:00,7366.7
2019-01-22 15:00:00,7371.6
2019-01-22 15:15:00,7358.1
2019-01-22 15:30:00,7338.5
2019-01-22 15:45:00,7318.7
2019-01-22 16:00:00,7316.1
2019-01-22 16:15:00,7330.2
2019-01-22 16:30:00,7350.0
2019-01-22 16:45:00,7380.8
2019-01-22 17:00:00,7444.1
2019-01-22 17:15:00,7496.0
2019-01-22 17:30:00,7529.1
2019-01-22 17:45:00,7549.1
2019-01-22 18:00:00,7515.6
2019-01-22 18:15:00,7511.7
2019-01-22 18:30:00,7500.0
2019-01-22 18:45:00,7486.3
2019-01-22 19:00:00,7474.2
2019-01-22 19:15:00,7438.3
2019-01-22 19:30:00,7398.7
2019-01-22 19:45:00,7373.1
2019-01-22 20:00:00,7295.6
2019-01-22 20:15:00,7232.8
2019-01-22 20:30:00,7182.8
2019-01-22 20:45:00,7126.4
2019-01-22 21:00:00,7086.8
2019-01-22 21:15:00,7038.5
2019-01-22 21:30:00,6987.7
2019-01-22 21:45:00,6920.3
2019-01-22 22:00:00,6922.5
2019-01-22 22:15:00,6890.5
2019-01-22 22:30:00,6830.4
2019-01-22 22:45:00,6775.3
2019-01-22 23:00:00,6715.9
2019-01-22 23:15:00,6674.0
2019-01-22 23:30:00,6635.0
2019-01-22 23:45:00,6606.6
2019-01-23 00:00:00,6565.4
2019-01-23 00:15:00,6529.5
2019-01-23 00:30:00,6517.8
2019-01-23 00:45:00,6478.0
2019-01-23 01:00:00,6433.0
2019-01-23 01:15:00,6423.1
2019-01-23 01:30:00,6410.1
2019-01-23 01:45:00,6391.0
2019-01-23 02:00:00,6372.0
2019-01-23 02:15:00,6366.7
2019-01-23 02:30:00,6368.5
2019-01-23 02:45:00,6371.8
2019-01-23 03:00:00,6368.3
2019-01-23 03:15:00,6365.0
2019-01-23 03:30:00,6370.7
2019-01-23 03:45:00,6372.0
2019-01-23 04:00:00,6385.2
2019-01-23 04:15:00,6391.9
2019-01-23 04:30:00,6419.6
2019-01-23 04:45:00,6442.1
2019-01-23 05:00:00,6504.6
2019-01-23 05:15:00,6544.9
2019-01-23 05:30:00,6585.5
2019-01-23 05:45:00,6648.2
2019-01-23 06:00:00,6779.1
2019-01-23 06:15:00,6900.0
2019-01-23 06:30:00,7015.4
2019-01-23 06:45:00,7135.2
2019-01-23 07:00:00,7237.2
2019-01-23 07:15:00,7289.6
2019-01-23 07:30:00,7341.9
2019-01-23 07:45:00,7377.3
2019-01-23 08:00:00,7389.0
2019-01-23 08:15:00,7401.3
2019-01-23 08:30:00,7424.4
2019-01-23 08:45:00,7443.2
2019-01-23 09:00:00,7419.2
2019-01-23 09:15:00,7426.0
2019-01-23 09:30:00,7449.1
2019-01-23 09:45:00,7456.8
2019-01-23 10:00:00,7450.2
2019-01-23 10:15:00,7451.8
2019-01-23 10:30:00,7460.4
2019-01-23 10:45:00,7465.2
2019-01-23 11:00:00,7463.2
2019-01-23 11:15:00,7475.3
2019-01-23 11:30:00,7475.3
2019-01-23 11:45:00,7476.9
2019-01-23 12:00:00,7458.8
2019-01-23 12:15:00,7442.3
2019-01-23 12:30:00,7434.8
2019-01-23 12:45:00,7439.2
2019-01-23 13:00:00,7446.5
2019-01-23 13:15:00,7428.6
2019-01-23 13:30:00,7396.7
2019-01-23 13:45:00,7376.0
2019-01-23 14:00:00,7375.6
2019-01-23 14:15:00,7370.5
2019-01-23 14:30:00,7355.3
2019-01-23 14:45:00,7347.1
2019-01-23 15:00:00,7346.9
2019-01-23 15:15:00,7321.6
2019-01-23 15:30:00,7295.6
2019-01-23 15:45:00,7281.7
2019-01-23 16:00:00,7289.2
2019-01-23 16:15:00,7272.5
2019-01-23 16:30:00,7297.4
2019-01-23 16:45:00,7325.3
2019-01-23 17:00:00,7386.6
2019-01-23 17:15:00,7445.2
2019-01-23 17:30:00,7470.7
2019-01-23 17:45:00,7485.0
2019-01-23 18:00:00,7474.2
2019-01-23 18:15:00,7464.1
2019-01-23 18:30:00,7450.9
2019-01-23 18:45:00,7446.5
2019-01-23 19:00:00,7421.1
2019-01-23 19:15:00,7378.2
2019-01-23 19:30:00,7359.0
2019-01-23 19:45:00,7326.4
2019-01-23 20:00:00,7252.6
2019-01-23 20:15:00,7189.6
2019-01-23 20:30:00,7141.6
2019-01-23 20:45:00,7094.7
2019-01-23 21:00:00,7064.5
2019-01-23 21:15:00,7025.3
2019-01-23 21:30:00,6972.0
2019-01-23 21:45:00,6924.4
2019-01-23 22:00:00,6936.1
2019-01-23 22:15:00,6891.6
2019-01-23 22:30:00,6832.2
2019-01-23 22:45:00,6783.7
2019-01-23 23:00:00,6718.1
2019-01-23 23:15:00,6676.4
2019-01-23 23:30:00,6626.2
2019-01-23 23:45:00,6591.9
2019-01-24 00:00:00,6562.3
2019-01-24 00:15:00,6536.8
2019-01-24 00:30:00,6519.6
2019-01-24 00:45:00,6494.9
2019-01-24 01:00:00,6446.5
2019-01-24 01:15:00,6409.9
2019-01-24 01:30:00,6409.7
2019-01-24 01:45:00,6379.5
2019-01-24 02:00:00,6337.4
2019-01-24 02:15:00,6316.5
2019-01-24 02:30:00,6311.9
2019-01-24 02:45:00,6295.8
2019-01-24 03:00:00,6308.4
2019-01-24 03:15:00,6304.0
2019-01-24 03:30:00,6310.4
2019-01-24 03:45:00,6305.7
2019-01-24 04:00:00,6309.9
2019-01-24 04:15:00,6327.5
2019-01-24 04:30:00,6348.2
2019-01-24 04:45:00,6373.8
2019-01-24 05:00:00,6431.1
2019-01-24 05:15:00,6467.0
2019-01-24 05:30:00,6526.7
2019-01-24 05:45:00,6595.6
2019-01-24 06:00:00,6718.5
2019-01-24 06:15:00,6805.9
2019-01-24 06:30:00,6922.5
2019-01-24 06:45:00,7029.7
2019-01-24 07:00:00,7126.0
2019-01-24 07:15:00,7186.1
2019-01-24 07:30:00,7249.1
2019-01-24 07:45:00,7261.0
2019-01-24 08:00:00,7332.2
2019-01-24 08:15:00,7339.6
2019-01-24 08:30:00,7355.9
2019-01-24 08:45:00,7365.6
2019-01-24 09:00:00,7350.7
2019-01-24 09:15:00,7381.3
2019-01-24 09:30:00,7390.5
2019-01-24 09:45:00,7411.9
2019-01-24 10:00:00,7412.6
2019-01-24 10:15:00,7425.8
2019-01-24 10:30:00,7450.0
2019-01-24 10:45:00,7455.7
2019-01-24 11:00:00,7458.1
2019-01-24 11:15:00,7459.0
2019-01-24 11:30:00,7471.4
2019-01-24 11:45:00,7451.3
2019-01-24 12:00:00,7433.3
2019-01-24 12:15:00,7418.5
2019-01-24 12:30:00,7420.0
2019-01-24 12:45:00,7415.2
2019-01-24 13:00:00,7436.8
2019-01-24 13:15:00,7418.5
2019-01-24 13:30:00,7400.4
2019-01-24 13:45:00,7365.2
2019-01-24 14:00:00,7363.7
2019-01-24 14:15:00,7354.2
2019-01-24 14:30:00,7365.2
2019-01-24 14:45:00,7348.0
2019-01-24 15:00:00,7358.4
2019-01-24 15:15:00,7335.5
2019-01-24 15:30:00,7327.5
2019-01-24 15:45:00,7311.0
2019-01-24 16:00:00,7302.4
2019-01-24 16:15:00,7294.1
2019-01-24 16:30:00,7310.4
2019-01-24 16:45:00,7335.9
2019-01-24 17:00:00,7379.1
2019-01-24 17:15:00,7441.4
2019-01-24 17:30:00,7483.0
2019-01-24 17:45:00,7480.6
2019-01-24 18:00:00,7451.5
2019-01-24 18:15:00,7443.4
2019-01-24 18:30:00,7419.4
2019-01-24 18:45:00,7369.2
2019-01-24 19:00:00,7392.7
2019-01-24 19:15:00,7313.2
2019-01-24 19:30:00,7283.3
2019-01-24 19:45:00,7243.2
2019-01-24 20:00:00,7215.2
2019-01-24 20:15:00,7147.6
2019-01-24 20:30:00,7041.0
2019-01-24 20:45:00,6989.2
2019-01-24 21:00:00,6994.3
2019-01-24 21:15:00,6952.4
2019-01-24 21:30:00,6904.8
2019-01-24 21:45:00,6855.5
2019-01-24 22:00:00,6856.4
2019-01-24 22:15:00,6809.7
2019-01-24 22:30:00,6746.9
2019-01-24 22:45:00,6705.1
2019-01-24 23:00:00,6639.9
2019-01-24 23:15:00,6589.0
2019-01-24 23:30:00,6558.8
2019-01-24 23:45:00,6518.3
2019-01-25 00:00:00,6481.1
2019-01-25 00:15:00,6454.4
2019-01-25 00:30:00,6445.4
2019-01-25 00:45:00,6411.2
2019-01-25 01:00:00,6383.7
2019-01-25 01:15:00,6359.9
2019-01-25 01:30:00,6348.2
2019-01-25 01:45:00,6316.3
2019-01-25 02:00:00,6309.9
2019-01-25 02:15:00,6313.9
2019-01-25 02:30:00,6301.3
2019-01-25 02:45:00,6296.5
2019-01-25 03:00:00,6289.9
2019-01-25 03:15:00,6283.9
2019-01-25 03:30:00,6285.7
2019-01-25 03:45:00,6299.1
2019-01-25 04:00:00,6315.6
2019-01-25 04:15:00,6337.7
2019-01-25 04:30:00,6359.9
2019-01-25 04:45:00,6355.9
2019-01-25 05:00:00,6416.5
2019-01-25 05:15:00,6449.3
2019-01-25 05:30:00,6508.4
2019-01-25 05:45:00,6584.6
2019-01-25 06:00:00,6714.1
2019-01-25 06:15:00,6843.2
2019-01-25 06:30:00,6945.6
2019-01-25 06:45:00,7043.8
2019-01-25 07:00:00,7147.4
2019-01-25 07:15:00,7229.5
2019-01-25 07:30:00,7286.6
2019-01-25 07:45:00,7324.9
2019-01-25 08:00:00,7361.0
2019-01-25 08:15:00,7381.3
2019-01-25 08:30:00,7388.3
2019-01-25 08:45:00,7395.8
2019-01-25 09:00:00,7393.4
2019-01-25 09:15:00,7404.0
2019-01-25 09:30:00,7421.4
2019-01-25 09:45:00,7417.0
2019-01-25 10:00:00,7415.0
2019-01-25 10:15:00,7423.8
2019-01-25 10:30:00,7440.7
2019-01-25 10:45:00,7437.4
2019-01-25 11:00:00,7436.6
2019-01-25 11:15:00,7447.4
2019-01-25 11:30:00,7448.7
2019-01-25 11:45:00,7432.6
2019-01-25 12:00:00,7416.3
2019-01-25 12:15:00,7401.1
2019-01-25 12:30:00,7385.0
2019-01-25 12:45:00,7371.4
2019-01-25 13:00:00,7354.6
2019-01-25 13:15:00,7329.7
2019-01-25 13:30:00,7308.8
2019-01-25 13:45:00,7265.6
2019-01-25 14:00:00,7260.6
2019-01-25 14:15:00,7263.2
2019-01-25 14:30:00,7217.4
2019-01-25 14:45:00,7200.0
2019-01-25 15:00:00,7216.7
2019-01-25 15:15:00,7172.2
2019-01-25 15:30:00,7162.6
2019-01-25 15:45:00,7146.7
2019-01-25 16:00:00,7151.3
2019-01-25 16:15:00,7155.1
2019-01-25 16:30:00,7180.2
2019-01-25 16:45:00,7208.8
2019-01-25 17:00:00,7296.5
2019-01-25 17:15:00,7351.3
2019-01-25 17:30:00,7381.5
2019-01-25 17:45:00,7371.8
2019-01-25 18:00:00,7386.1
2019-01-25 18:15:00,7367.0
2019-01-25 18:30:00,7358.1
2019-01-25 18:45:00,7346.7
2019-01-25 19:00:00,7345.6
2019-01-25 19:15:00,7292.1
2019-01-25 19:30:00,7260.8
2019-01-25 19:45:00,7218.7
2019-01-25 20:00:00,7136.3
2019-01-25 20:15:00,7088.1
2019-01-25 20:30:00,7032.8
2019-01-25 20:45:00,6994.9
2019-01-25 21:00:00,6961.9
2019-01-25 21:15:00,6928.2
2019-01-25 21:30:00,6884.1
2019-01-25 21:45:00,6851.1
2019-01-25 22:00:00,6862.1
2019-01-25 22:15:00,6833.3
2019-01-25 22:30:00,6773.6
2019-01-25 22:45:00,6738.8
2019-01-25 23:00:00,6663.7
2019-01-25 23:15:00,6632.8
2019-01-25 23:30:00,6593.8
2019-01-25 23:45:00,6555.1
2019-01-26 00:00:00,6511.7
2019-01-26 00:15:00,6462.3
2019-01-26 00:30:00,6437.7
2019-01-26 00:45:00,6393.2
2019-01-26 01:00:00,6343.6
2019-01-26 01:15:00,6313.0
2019-01-26 01:30:00,6302.9
2019-01-26 01:45:00,6279.7
2019-01-26 02:00:00,6240.1
2019-01-26 02:15:00,6228.0
2019-01-26 02:30:00,6208.6
2019-01-26 02:45:00,6205.9
2019-01-26 03:00:00,6195.4
2019-01-26 03:15:00,6179.1
2019-01-26 03:30:00,6172.2
2019-01-26 03:45:00,6158.4
2019-01-26 04:00:00,6165.2
2019-01-26 04:15:00,6152.2
2019-01-26 04:30:00,6162.1
2019-01-26 04:45:00,6163.0
2019-01-26 05:00:00,6177.8
2019-01-26 05:15:00,6153.1
2019-01-26 05:30:00,6121.8
2019-01-26 05:45:00,6107.0
2019-01-26 06:00:00,6148.7
2019-01-26 06:15:00,6159.0
2019-01-26 06:30:00,6194.1
2019-01-26 06:45:00,6208.6
2019-01-26 07:00:00,6297.4
2019-01-26 07:15:00,6333.0
2019-01-26 07:30:00,6356.4
2019-01-26 07:45:00,6401.3
2019-01-26 08:00:00,6499.3
2019-01-26 08:15:00,6531.5
2019-01-26 08:30:00,6572.5
2019-01-26 08:45:00,6606.2
2019-01-26 09:00:00,6667.6
2019-01-26 09:15:00,6702.0
2019-01-26 09:30:00,6749.1
2019-01-26 09:45:00,6790.1
2019-01-26 10:00:00,6804.6
2019-01-26 10:15:00,6830.8
2019-01-26 10:30:00,6837.7
2019-01-26 10:45:00,6851.5
2019-01-26 11:00:00,6853.7
2019-01-26 11:15:00,6857.7
2019-01-26 11:30:00,6883.7
2019-01-26 11:45:00,6870.5
2019-01-26 12:00:00,6854.2
2019-01-26 12:15:00,6846.9
2019-01-26 12:30:00,6835.9
2019-01-26 12:45:00,6798.2
2019-01-26 13:00:00,6765.2
2019-01-26 13:15:00,6723.3
2019-01-26 13:30:00,6718.7
2019-01-26 13:45:00,6683.5
2019-01-26 14:00:00,6667.2
2019-01-26 14:15:00,6650.9
2019-01-26 14:30:00,6650.4
2019-01-26 14:45:00,6642.5
2019-01-26 15:00:00,6625.3
2019-01-26 15:15:00,6623.8
2019-01-26 15:30:00,6607.5
2019-01-26 15:45:00,6598.0
2019-01-26 16:00:00,6583.3
2019-01-26 16:15:00,6611.2
2019-01-26 16:30:00,6621.6
2019-01-26 16:45:00,6652.2
2019-01-26 17:00:00,6719.4
2019-01-26 17:15:00,6774.0
2019-01-26 17:30:00,6818.1
2019-01-26 17:45:00,6832.2
2019-01-26 18:00:00,6848.9
2019-01-26 18:15:00,6832.4
2019-01-26 18:30:00,6796.0
2019-01-26 18:45:00,6777.3
2019-01-26 19:00:00,6771.6
2019-01-26 19:15:00,6731.7
2019-01-26 19:30:00,6664.8
2019-01-26 19:45:00,6618.5
2019-01-26 20:00:00,6554.0
2019-01-26 20:15:00,6496.5
2019-01-26 20:30:00,6445.2
2019-01-26 20:45:00,6420.3
2019-01-26 21:00:00,6390.7
2019-01-26 21:15:00,6381.5
2019-01-26 21:30:00,6373.3
2019-01-26 21:45:00,6357.0
2019-01-26 22:00:00,6389.6
2019-01-26 22:15:00,6350.2
2019-01-26 22:30:00,6315.0
2019-01-26 22:45:00,6278.2
2019-01-26 23:00:00,6215.0
2019-01-26 23:15:00,6174.4
2019-01-26 23:30:00,6154.4
2019-01-26 23:45:00,6130.0
2019-01-27 00:00:00,6071.8
2019-01-27 00:15:00,6030.6
2019-01-27 00:30:00,6017.6
2019-01-27 00:45:00,5986.6
2019-01-27 01:00:00,5948.2
2019-01-27 01:15:00,5919.6
2019-01-27 01:30:00,5901.8
2019-01-27 01:45:00,5885.0
2019-01-27 02:00:00,5851.1
2019-01-27 02:15:00,5830.4
2019-01-27 02:30:00,5835.5
2019-01-27 02:45:00,5828.2
2019-01-27 03:00:00,5824.0
2019-01-27 03:15:00,5816.7
2019-01-27 03:30:00,5811.7
2019-01-27 03:45:00,5815.9
2019-01-27 04:00:00,5816.3
2019-01-27 04:15:00,5807.9
2019-01-27 04:30:00,5816.1
2019-01-27 04:45:00,5804.6
2019-01-27 05:00:00,5802.9
2019-01-27 05:15:00,5793.8
2019-01-27 05:30:00,5779.1
2019-01-27 05:45:00,5762.3
2019-01-27 06:00:00,5738.3
2019-01-27 06:15:00,5731.3
2019-01-27 06:30:00,5737.9
2019-01-27 06:45:00,5751.3
2019-01-27 07:00:00,5807.7
2019-01-27 07:15:00,5843.6
2019-01-27 07:30:00,5877.1
2019-01-27 07:45:00,5928.9
2019-01-27 08:00:00,5956.8
2019-01-27 08:15:00,5992.1
2019-01-27 08:30:00,6023.8
2019-01-27 08:45:00,6068.9
2019-01-27 09:00:00,6147.8
2019-01-27 09:15:00,6181.3
2019-01-27 09:30:00,6232.6
2019-01-27 09:45:00,6256.4
2019-01-27 10:00:00,6312.1
2019-01-27 10:15:00,6320.9
2019-01-27 10:30:00,6359.0
2019-01-27 10:45:00,6383.9
2019-01-27 11:00:00,6455.7
2019-01-27 11:15:00,6487.4
2019-01-27 11:30:00,6517.6
2019-01-27 11:45:00,6512.1
2019-01-27 12:00:00,6516.3
2019-01-27 12:15:00,6497.1
2019-01-27 12:30:00,6477.8
2019-01-27 12:45:00,6446.3
2019-01-27 13:00:00,6396.3
2019-01-27 13:15:00,6371.6
2019-01-27 13:30:00,6341.2
2019-01-27 13:45:00,6308.8
2019-01-27 14:00:00,6294.1
2019-01-27 14:15:00,6270.3
2019-01-27 14:30:00,6278.9
2019-01-27 14:45:00,6257.7
2019-01-27 15:00:00,6259.3
2019-01-27 15:15:00,6247.6
2019-01-27 15:30:00,6226.7
2019-01-27 15:45:00,6215.0
2019-01-27 16:00:00,6234.1
2019-01-27 16:15:00,6260.8
2019-01-27 16:30:00,6273.3
2019-01-27 16:45:00,6313.7
2019-01-27 17:00:00,6405.1
2019-01-27 17:15:00,6468.9
2019-01-27 17:30:00,6530.2
2019-01-27 17:45:00,6558.4
2019-01-27 18:00:00,6584.4
2019-01-27 18:15:00,6588.1
2019-01-27 18:30:00,6593.0
2019-01-27 18:45:00,6583.9
2019-01-27 19:00:00,6592.1
2019-01-27 19:15:00,6562.1
2019-01-27 19:30:00,6544.7
2019-01-27 19:45:00,6509.5
2019-01-27 20:00:00,6492.7
2019-01-27 20:15:00,6453.5
2019-01-27 20:30:00,6405.5
2019-01-27 20:45:00,6363.7
2019-01-27 21:00:00,6362.1
2019-01-27 21:15:00,6357.5
2019-01-27 21:30:00,6346.0
2019-01-27 21:45:00,6343.0
2019-01-27 22:00:00,6394.5
2019-01-27 22:15:00,6372.0
2019-01-27 22:30:00,6334.6
2019-01-27 22:45:00,6306.2
2019-01-27 23:00:00,6248.9
2019-01-27 23:15:00,6203.7
2019-01-27 23:30:00,6158.6
2019-01-27 23:45:00,6129.1
2019-01-28 00:00:00,6102.9
2019-01-28 00:15:00,6066.5
2019-01-28 00:30:00,6031.5
2019-01-28 00:45:00,6022.9
2019-01-28 01:00:00,5989.9
2019-01-28 01:15:00,5963.0
2019-01-28 01:30:00,5956.4
2019-01-28 01:45:00,5941.6
2019-01-28 02:00:00,5935.7
2019-01-28 02:15:00,5934.8
2019-01-28 02:30:00,5935.5
2019-01-28 02:45:00,5939.4
2019-01-28 03:00:00,5946.5
2019-01-28 03:15:00,5948.5
2019-01-28 03:30:00,5967.4
2019-01-28 03:45:00,5977.1
2019-01-28 04:00:00,6012.3
2019-01-28 04:15:00,6033.7
2019-01-28 04:30:00,6072.7
2019-01-28 04:45:00,6096.0
2019-01-28 05:00:00,6159.0
2019-01-28 05:15:00,6204.6
2019-01-28 05:30:00,6271.6
2019-01-28 05:45:00,6371.8
2019-01-28 06:00:00,6535.7
2019-01-28 06:15:00,6675.3
2019-01-28 06:30:00,6818.3
2019-01-28 06:45:00,6940.5
2019-01-28 07:00:00,7038.3
2019-01-28 07:15:00,7121.1
2019-01-28 07:30:00,7170.5
2019-01-28 07:45:00,7214.8
2019-01-28 08:00:00,7260.1
2019-01-28 08:15:00,7281.9
2019-01-28 08:30:00,7290.3
2019-01-28 08:45:00,7271.4
2019-01-28 09:00:00,7300.0
2019-01-28 09:15:00,7289.4
2019-01-28 09:30:00,7312.1
2019-01-28 09:45:00,7338.5
2019-01-28 10:00:00,7357.5
2019-01-28 10:15:00,7377.1
2019-01-28 10:30:00,7384.4
2019-01-28 10:45:00,7403.1
2019-01-28 11:00:00,7392.3
2019-01-28 11:15:00,7406.4
2019-01-28 11:30:00,7420.7
2019-01-28 11:45:00,7420.9
2019-01-28 12:00:00,7405.9
2019-01-28 12:15:00,7398.9
2019-01-28 12:30:00,7415.0
2019-01-28 12:45:00,7424.0
2019-01-28 13:00:00,7417.8
2019-01-28 13:15:00,7414.1
2019-01-28 13:30:00,7403.3
2019-01-28 13:45:00,7369.6
2019-01-28 14:00:00,7352.0
2019-01-28 14:15:00,7368.3
2019-01-28 14:30:00,7352.0
2019-01-28 14:45:00,7356.4
2019-01-28 15:00:00,7344.9
2019-01-28 15:15:00,7330.0
2019-01-28 15:30:00,7315.0
2019-01-28 15:45:00,7302.0
2019-01-28 16:00:00,7291.9
2019-01-28 16:15:00,7283.0
2019-01-28 16:30:00,7289.6
2019-01-28 16:45:00,7308.6
2019-01-28 17:00:00,7352.2
2019-01-28 17:15:00,7400.4
2019-01-28 17:30:00,7441.0
2019-01-28 17:45:00,7455.7
2019-01-28 18:00:00,7428.4
2019-01-28 18:15:00,7408.4
2019-01-28 18:30:00,7401.8
2019-01-28 18:45:00,7360.1
2019-01-28 19:00:00,7352.0
2019-01-28 19:15:00,7291.9
2019-01-28 19:30:00,7258.4
2019-01-28 19:45:00,7240.1
2019-01-28 20:00:00,7168.9
2019-01-28 20:15:00,7099.6
2019-01-28 20:30:00,7034.1
2019-01-28 20:45:00,6994.3
2019-01-28 21:00:00,6941.0
2019-01-28 21:15:00,6905.7
2019-01-28 21:30:00,6861.9
2019-01-28 21:45:00,6823.1
2019-01-28 22:00:00,6821.4
2019-01-28 22:15:00,6774.9
2019-01-28 22:30:00,6713.2
2019-01-28 22:45:00,6630.4
2019-01-28 23:00:00,6581.1
2019-01-28 23:15:00,6541.4
2019-01-28 23:30:00,6503.3
2019-01-28 23:45:00,6413.2
2019-01-29 00:00:00,6402.2
2019-01-29 00:15:00,6350.0
2019-01-29 00:30:00,6327.1
2019-01-29 00:45:00,6300.0
2019-01-29 01:00:00,6263.2
2019-01-29 01:15:00,6254.0
2019-01-29 01:30:00,6242.5
2019-01-29 01:45:00,6225.8
2019-01-29 02:00:00,6194.7
2019-01-29 02:15:00,6185.2
2019-01-29 02:30:00,6190.3
2019-01-29 02:45:00,6202.4
2019-01-29 03:00:00,6213.4
2019-01-29 03:15:00,6209.7
2019-01-29 03:30:00,6208.8
2019-01-29 03:45:00,6222.5
2019-01-29 04:00:00,6241.0
2019-01-29 04:15:00,6270.0
2019-01-29 04:30:00,6296.0
2019-01-29 04:45:00,6330.6
2019-01-29 05:00:00,6414.8
2019-01-29 05:15:00,6438.5
2019-01-29 05:30:00,6502.0
2019-01-29 05:45:00,6585.2
2019-01-29 06:00:00,6732.6
2019-01-29 06:15:00,6865.9
2019-01-29 06:30:00,6963.4
2019-01-29 06:45:00,7043.6
2019-01-29 07:00:00,7150.9
2019-01-29 07:15:00,7218.3
2019-01-29 07:30:00,7267.0
2019-01-29 07:45:00,7290.5
2019-01-29 08:00:00,7333.3
2019-01-29 08:15:00,7347.8
2019-01-29 08:30:00,7343.2
2019-01-29 08:45:00,7349.6
2019-01-29 09:00:00,7344.1
2019-01-29 09:15:00,7357.5
2019-01-29 09:30:00,7364.3
2019-01-29 09:45:00,7365.2
2019-01-29 10:00:00,7340.3
2019-01-29 10:15:00,7350.9
2019-01-29 10:30:00,7363.7
2019-01-29 10:45:00,7355.5
2019-01-29 11:00:00,7363.4
2019-01-29 11:15:00,7364.8
2019-01-29 11:30:00,7339.4
2019-01-29 11:45:00,7315.4
2019-01-29 12:00:00,7326.9
2019-01-29 12:15:00,7308.8
2019-01-29 12:30:00,7315.4
2019-01-29 12:45:00,7304.2
2019-01-29 13:00:00,7305.1
2019-01-29 13:15:00,7300.2
2019-01-29 13:30:00,7287.0
2019-01-29 13:45:00,7253.3
2019-01-29 14:00:00,7246.3
2019-01-29 14:15:00,7240.7
2019-01-29 14:30:00,7237.4
2019-01-29 14:45:00,7185.2
2019-01-29 15:00:00,7234.1
2019-01-29 15:15:00,7203.5
2019-01-29 15:30:00,7183.7
2019-01-29 15:45:00,7166.7
2019-01-29 16:00:00,7144.1
2019-01-29 16:15:00,7131.1
2019-01-29 16:30:00,7136.6
2019-01-29 16:45:00,7168.3
2019-01-29 17:00:00,7218.9
2019-01-29 17:15:00,7251.8
2019-01-29 17:30:00,7321.6
2019-01-29 17:45:00,7360.4
2019-01-29 18:00:00,7360.6
2019-01-29 18:15:00,7347.8
2019-01-29 18:30:00,7334.4
2019-01-29 18:45:00,7332.6
2019-01-29 19:00:00,7302.4
2019-01-29 19:15:00,7258.1
2019-01-29 19:30:00,7224.4
2019-01-29 19:45:00,7195.4
2019-01-29 20:00:00,7146.5
2019-01-29 20:15:00,7074.4
2019-01-29 20:30:00,7025.8
2019-01-29 20:45:00,6974.7
2019-01-29 21:00:00,6912.8
2019-01-29 21:15:00,6885.2
2019-01-29 21:30:00,6821.4
2019-01-29 21:45:00,6786.8
2019-01-29 22:00:00,6790.3
2019-01-29 22:15:00,6755.1
2019-01-29 22:30:00,6681.5
2019-01-29 22:45:00,6641.2
2019-01-29 23:00:00,6574.4
2019-01-29 23:15:00,6517.0
2019-01-29 23:30:00,6468.5
2019-01-29 23:45:00,6434.8
2019-01-30 00:00:00,6440.3
2019-01-30 00:15:00,6405.5
2019-01-30 00:30:00,6379.3
2019-01-30 00:45:00,6348.0
2019-01-30 01:00:00,6339.0
2019-01-30 01:15:00,6311.0
2019-01-30 01:30:00,6297.8
2019-01-30 01:45:00,6247.8
2019-01-30 02:00:00,6224.9
2019-01-30 02:15:00,6222.9
2019-01-30 02:30:00,6224.2
2019-01-30 02:45:00,6221.8
2019-01-30 03:00:00,6248.0
2019-01-30 03:15:00,6209.5
2019-01-30 03:30:00,6226.0
2019-01-30 03:45:00,6239.9
2019-01-30 04:00:00,6254.0
2019-01-30 04:15:00,6266.7
2019-01-30 04:30:00,6296.3
2019-01-30 04:45:00,6318.3
2019-01-30 05:00:00,6399.3
2019-01-30 05:15:00,6454.6
2019-01-30 05:30:00,6509.9
2019-01-30 05:45:00,6564.5
2019-01-30 06:00:00,6680.8
2019-01-30 06:15:00,6863.9
2019-01-30 06:30:00,6958.8
2019-01-30 06:45:00,7029.3
2019-01-30 07:00:00,7121.4
2019-01-30 07:15:00,7165.9
2019-01-30 07:30:00,7200.0
2019-01-30 07:45:00,7231.9
2019-01-30 08:00:00,7261.7
2019-01-30 08:15:00,7262.8
2019-01-30 08:30:00,7266.7
2019-01-30 08:45:00,7277.5
2019-01-30 09:00:00,7265.9
2019-01-30 09:15:00,7263.0
2019-01-30 09:30:00,7266.5
2019-01-30 09:45:00,7265.6
2019-01-30 10:00:00,7357.7
2019-01-30 10:15:00,7363.2
2019-01-30 10:30:00,7379.3
2019-01-30 10:45:00,7384.4
2019-01-30 11:00:00,7401.5
2019-01-30 11:15:00,7416.7
2019-01-30 11:30:00,7424.2
2019-01-30 11:45:00,7404.6
2019-01-30 12:00:00,7391.9
2019-01-30 12:15:00,7387.7
2019-01-30 12:30:00,7383.9
2019-01-30 12:45:00,7387.2
2019-01-30 13:00:00,7406.8
2019-01-30 13:15:00,7389.2
2019-01-30 13:30:00,7374.0
2019-01-30 13:45:00,7338.5
2019-01-30 14:00:00,7328.2
2019-01-30 14:15:00,7330.8
2019-01-30 14:30:00,7307.7
2019-01-30 14:45:00,7280.8
2019-01-30 15:00:00,7276.9
2019-01-30 15:15:00,7254.8
2019-01-30 15:30:00,7248.5
2019-01-30 15:45:00,7214.8
2019-01-30 16:00:00,7203.3
2019-01-30 16:15:00,7198.9
2019-01-30 16:30:00,7214.3
2019-01-30 16:45:00,7228.4
2019-01-30 17:00:00,7273.1
2019-01-30 17:15:00,7333.7
2019-01-30 17:30:00,7385.0
2019-01-30 17:45:00,7412.3
2019-01-30 18:00:00,7397.1
2019-01-30 18:15:00,7379.1
2019-01-30 18:30:00,7371.1
2019-01-30 18:45:00,7350.7
2019-01-30 19:00:00,7340.5
2019-01-30 19:15:00,7299.8
2019-01-30 19:30:00,7263.2
2019-01-30 19:45:00,7226.0
2019-01-30 20:00:00,7167.4
2019-01-30 20:15:00,7094.5
2019-01-30 20:30:00,7046.5
2019-01-30 20:45:00,6998.9
2019-01-30 21:00:00,6953.7
2019-01-30 21:15:00,6917.6
2019-01-30 21:30:00,6859.0
2019-01-30 21:45:00,6827.8
2019-01-30 22:00:00,6820.9
2019-01-30 22:15:00,6787.4
2019-01-30 22:30:00,6727.1
2019-01-30 22:45:00,6683.7
2019-01-30 23:00:00,6611.2
2019-01-30 23:15:00,6561.2
2019-01-30 23:30:00,6506.2
2019-01-30 23:45:00,6469.2
2019-01-31 00:00:00,6409.9
2019-01-31 00:15:00,6391.6
2019-01-31 00:30:00,6375.3
2019-01-31 00:45:00,6340.3
2019-01-31 01:00:00,6302.2
2019-01-31 01:15:00,6287.7
2019-01-31 01:30:00,6272.0
2019-01-31 01:45:00,6245.2
2019-01-31 02:00:00,6231.1
2019-01-31 02:15:00,6213.0
2019-01-31 02:30:00,6222.2
2019-01-31 02:45:00,6217.2
2019-01-31 03:00:00,6214.3
2019-01-31 03:15:00,6215.9
2019-01-31 03:30:00,6222.5
2019-01-31 03:45:00,6231.5
2019-01-31 04:00:00,6258.8
2019-01-31 04:15:00,6261.2
2019-01-31 04:30:00,6289.6
2019-01-31 04:45:00,6327.5
2019-01-31 05:00:00,6389.9
2019-01-31 05:15:00,6414.1
2019-01-31 05:30:00,6462.6
2019-01-31 05:45:00,6523.6
2019-01-31 06:00:00,6643.6
2019-01-31 06:15:00,6773.8
2019-01-31 06:30:00,6867.2
2019-01-31 06:45:00,6956.4
2019-01-31 07:00:00,7062.8
2019-01-31 07:15:00,7119.6
2019-01-31 07:30:00,7171.8
2019-01-31 07:45:00,7211.5
2019-01-31 08:00:00,7237.2
2019-01-31 08:15:00,7242.5
2019-01-31 08:30:00,7244.3
2019-01-31 08:45:00,7241.0
2019-01-31 09:00:00,7231.3
2019-01-31 09:15:00,7232.8
2019-01-31 09:30:00,7249.6
2019-01-31 09:45:00,7271.6
2019-01-31 10:00:00,7285.2
2019-01-31 10:15:00,7285.2
2019-01-31 10:30:00,7287.9
2019-01-31 10:45:00,7294.7
2019-01-31 11:00:00,7297.4
2019-01-31 11:15:00,7309.0
2019-01-31 11:30:00,7305.3
2019-01-31 11:45:00,7282.6
2019-01-31 12:00:00,7258.1
2019-01-31 12:15:00,7239.4
2019-01-31 12:30:00,7237.0
2019-01-31 12:45:00,7238.3
2019-01-31 13:00:00,7243.8
2019-01-31 13:15:00,7228.6
2019-01-31 13:30:00,7199.8
2019-01-31 13:45:00,7155.3
2019-01-31 14:00:00,7162.1
2019-01-31 14:15:00,7148.7
2019-01-31 14:30:00,7135.7
2019-01-31 14:45:00,7122.0
2019-01-31 15:00:00,7138.3
2019-01-31 15:15:00,7118.1
2019-01-31 15:30:00,7107.0
2019-01-31 15:45:00,7072.5
2019-01-31 16:00:00,7082.6
2019-01-31 16:15:00,7088.3
2019-01-31 16:30:00,7094.1
2019-01-31 16:45:00,7120.7
2019-01-31 17:00:00,7174.2
2019-01-31 17:15:00,7242.5
2019-01-31 17:30:00,7311.7
2019-01-31 17:45:00,7341.0
2019-01-31 18:00:00,7324.9
2019-01-31 18:15:00,7313.7
2019-01-31 18:30:00,7315.0
2019-01-31 18:45:00,7295.6
2019-01-31 19:00:00,7271.1
2019-01-31 19:15:00,7250.9
2019-01-31 19:30:00,7215.4
2019-01-31 19:45:00,7196.9
2019-01-31 20:00:00,7121.6
2019-01-31 20:15:00,7073.3
2019-01-31 20:30:00,7024.2
2019-01-31 20:45:00,6979.7
2019-01-31 21:00:00,6937.0
2019-01-31 21:15:00,6897.6
2019-01-31 21:30:00,6856.6
2019-01-31 21:45:00,6822.0
2019-01-31 22:00:00,6818.1
2019-01-31 22:15:00,6797.1
2019-01-31 22:30:00,6748.0
2019-01-31 22:45:00,6697.6
2019-01-31 23:00:00,6644.9
2019-01-31 23:15:00,6593.6
2019-01-31 23:30:00,6544.1
2019-01-31 23:45:00,6488.1
2019-02-01 00:00:00,6450.4
2019-02-01 00:15:00,6423.1
2019-02-01 00:30:00,6429.5
2019-02-01 00:45:00,6391.4
2019-02-01 01:00:00,6350.0
2019-02-01 01:15:00,6328.6
2019-02-01 01:30:00,6317.6
2019-02-01 01:45:00,6314.8
2019-02-01 02:00:00,6301.8
2019-02-01 02:15:00,6294.9
2019-02-01 02:30:00,6289.0
2019-02-01 02:45:00,6298.2
2019-02-01 03:00:00,6289.9
2019-02-01 03:15:00,6290.1
2019-02-01 03:30:00,6302.6
2019-02-01 03:45:00,6315.4
2019-02-01 04:00:00,6329.1
2019-02-01 04:15:00,6323.1
2019-02-01 04:30:00,6356.4
2019-02-01 04:45:00,6378.0
2019-02-01 05:00:00,6451.1
2019-02-01 05:15:00,6493.4
2019-02-01 05:30:00,6533.9
2019-02-01 05:45:00,6609.5
2019-02-01 06:00:00,6743.0
2019-02-01 06:15:00,6856.2
2019-02-01 06:30:00,6935.0
2019-02-01 06:45:00,7032.6
2019-02-01 07:00:00,7132.2
2019-02-01 07:15:00,7205.1
2019-02-01 07:30:00,7245.2
2019-02-01 07:45:00,7279.7
2019-02-01 08:00:00,7294.3
2019-02-01 08:15:00,7313.2
2019-02-01 08:30:00,7338.1
2019-02-01 08:45:00,7346.5
2019-02-01 09:00:00,7326.0
2019-02-01 09:15:00,7356.4
2019-02-01 09:30:00,7380.8
2019-02-01 09:45:00,7386.3
2019-02-01 10:00:00,7378.2
2019-02-01 10:15:00,7383.5
2019-02-01 10:30:00,7399.1
2019-02-01 10:45:00,7413.2
2019-02-01 11:00:00,7401.3
2019-02-01 11:15:00,7411.2
2019-02-01 11:30:00,7406.4
2019-02-01 11:45:00,7392.3
2019-02-01 12:00:00,7372.9
2019-02-01 12:15:00,7351.1
2019-02-01 12:30:00,7336.8
2019-02-01 12:45:00,7320.7
2019-02-01 13:00:00,7308.4
2019-02-01 13:15:00,7272.2
2019-02-01 13:30:00,7237.9
2019-02-01 13:45:00,7192.7
2019-02-01 14:00:00,7174.0
2019-02-01 14:15:00,7156.4
2019-02-01 14:30:00,7142.5
2019-02-01 14:45:00,7122.0
2019-02-01 15:00:00,7119.2
2019-02-01 15:15:00,7105.9
2019-02-01 15:30:00,7078.2
2019-02-01 15:45:00,7054.8
2019-02-01 16:00:00,7046.0
2019-02-01 16:15:00,7052.9
2019-02-01 16:30:00,7069.8
2019-02-01 16:45:00,7083.5
2019-02-01 17:00:00,7104.6
2019-02-01 17:15:00,7165.4
2019-02-01 17:30:00,7239.2
2019-02-01 17:45:00,7267.2
2019-02-01 18:00:00,7252.0
2019-02-01 18:15:00,7246.5
2019-02-01 18:30:00,7224.7
2019-02-01 18:45:00,7192.5
2019-02-01 19:00:00,7187.4
2019-02-01 19:15:00,7148.9
2019-02-01 19:30:00,7102.2
2019-02-01 19:45:00,7057.7
2019-02-01 20:00:00,7001.1
2019-02-01 20:15:00,6935.5
2019-02-01 20:30:00,6865.9
2019-02-01 20:45:00,6814.3
2019-02-01 21:00:00,6750.0
2019-02-01 21:15:00,6701.1
2019-02-01 21:30:00,6661.2
2019-02-01 21:45:00,6630.6
2019-02-01 22:00:00,6639.9
2019-02-01 22:15:00,6595.2
2019-02-01 22:30:00,6531.7
2019-02-01 22:45:00,6494.7
2019-02-01 23:00:00,6434.1
2019-02-01 23:15:00,6371.8
2019-02-01 23:30:00,6324.4
2019-02-01 23:45:00,6278.2
2019-02-02 00:00:00,6265.9
2019-02-02 00:15:00,6222.7
2019-02-02 00:30:00,6198.9
2019-02-02 00:45:00,6166.1
2019-02-02 01:00:00,6140.3
2019-02-02 01:15:00,6109.3
2019-02-02 01:30:00,6095.4
2019-02-02 01:45:00,6074.2
2019-02-02 02:00:00,6038.5
2019-02-02 02:15:00,6017.0
2019-02-02 02:30:00,6006.4
2019-02-02 02:45:00,6007.9
2019-02-02 03:00:00,6011.2
2019-02-02 03:15:00,6007.9
2019-02-02 03:30:00,6013.4
2019-02-02 03:45:00,6007.3
2019-02-02 04:00:00,6008.1
2019-02-02 04:15:00,6005.3
2019-02-02 04:30:00,6005.3
2019-02-02 04:45:00,6006.4
2019-02-02 05:00:00,6015.2
2019-02-02 05:15:00,6008.1
2019-02-02 05:30:00,6010.1
2019-02-02 05:45:00,6003.3
2019-02-02 06:00:00,6012.1
2019-02-02 06:15:00,6031.3
2019-02-02 06:30:00,6063.7
2019-02-02 06:45:00,6089.2
2019-02-02 07:00:00,6146.0
2019-02-02 07:15:00,6199.3
2019-02-02 07:30:00,6247.6
2019-02-02 07:45:00,6298.2
2019-02-02 08:00:00,6359.3
2019-02-02 08:15:00,6395.6
2019-02-02 08:30:00,6446.3
2019-02-02 08:45:00,6487.2
2019-02-02 09:00:00,6549.1
2019-02-02 09:15:00,6568.5
2019-02-02 09:30:00,6607.3
2019-02-02 09:45:00,6632.2
2019-02-02 10:00:00,6660.6
2019-02-02 10:15:00,6670.0
2019-02-02 10:30:00,6685.7
2019-02-02 10:45:00,6699.1
2019-02-02 11:00:00,6713.9
2019-02-02 11:15:00,6718.9
2019-02-02 11:30:00,6732.6
2019-02-02 11:45:00,6733.3
2019-02-02 12:00:00,6708.6
2019-02-02 12:15:00,6698.2
2019-02-02 12:30:00,6668.7
2019-02-02 12:45:00,6628.9
2019-02-02 13:00:00,6604.0
2019-02-02 13:15:00,6574.7
2019-02-02 13:30:00,6556.6
2019-02-02 13:45:00,6533.5
2019-02-02 14:00:00,6530.8
2019-02-02 14:15:00,6533.3
2019-02-02 14:30:00,6516.3
2019-02-02 14:45:00,6495.2
2019-02-02 15:00:00,6497.6
2019-02-02 15:15:00,6485.0
2019-02-02 15:30:00,6480.4
2019-02-02 15:45:00,6461.5
2019-02-02 16:00:00,6458.1
2019-02-02 16:15:00,6473.8
2019-02-02 16:30:00,6494.7
2019-02-02 16:45:00,6518.3
2019-02-02 17:00:00,6560.8
2019-02-02 17:15:00,6630.6
2019-02-02 17:30:00,6700.7
2019-02-02 17:45:00,6739.6
2019-02-02 18:00:00,6760.1
2019-02-02 18:15:00,6755.7
2019-02-02 18:30:00,6745.2
2019-02-02 18:45:00,6730.6
2019-02-02 19:00:00,6689.2
2019-02-02 19:15:00,6649.3
2019-02-02 19:30:00,6613.0
2019-02-02 19:45:00,6579.5
2019-02-02 20:00:00,6516.1
2019-02-02 20:15:00,6441.9
2019-02-02 20:30:00,6408.1
2019-02-02 20:45:00,6374.7
2019-02-02 21:00:00,6349.8
2019-02-02 21:15:00,6304.2
2019-02-02 21:30:00,6280.4
2019-02-02 21:45:00,6270.5
2019-02-02 22:00:00,6315.0
2019-02-02 22:15:00,6288.5
2019-02-02 22:30:00,6245.2
2019-02-02 22:45:00,6224.4
2019-02-02 23:00:00,6185.9
2019-02-02 23:15:00,6157.3
2019-02-02 23:30:00,6130.4
2019-02-02 23:45:00,6111.7
2019-02-03 00:00:00,6061.0
2019-02-03 00:15:00,6022.0
2019-02-03 00:30:00,5991.9
2019-02-03 00:45:00,5972.2
2019-02-03 01:00:00,5933.7
2019-02-03 01:15:00,5920.0
2019-02-03 01:30:00,5885.9
2019-02-03 01:45:00,5867.8
2019-02-03 02:00:00,5839.9
2019-02-03 02:15:00,5817.2
2019-02-03 02:30:00,5812.8
2019-02-03 02:45:00,5818.5
2019-02-03 03:00:00,5786.3
2019-02-03 03:15:00,5767.0
2019-02-03 03:30:00,5774.0
2019-02-03 03:45:00,5788.5
2019-02-03 04:00:00,5799.1
2019-02-03 04:15:00,5789.9
2019-02-03 04:30:00,5795.8
2019-02-03 04:45:00,5801.1
2019-02-03 05:00:00,5801.5
2019-02-03 05:15:00,5778.4
2019-02-03 05:30:00,5779.1
2019-02-03 05:45:00,5757.9
2019-02-03 06:00:00,5743.8
2019-02-03 06:15:00,5741.2
2019-02-03 06:30:00,5758.6
2019-02-03 06:45:00,5785.0
2019-02-03 07:00:00,5808.8
2019-02-03 07:15:00,5822.5
2019-02-03 07:30:00,5841.6
2019-02-03 07:45:00,5875.1
2019-02-03 08:00:00,5943.8
2019-02-03 08:15:00,6005.5
2019-02-03 08:30:00,6062.1
2019-02-03 08:45:00,6111.2
2019-02-03 09:00:00,6187.0
2019-02-03 09:15:00,6228.4
2019-02-03 09:30:00,6260.4
2019-02-03 09:45:00,6283.3
2019-02-03 10:00:00,6334.1
2019-02-03 10:15:00,6366.3
2019-02-03 10:30:00,6395.6
2019-02-03 10:45:00,6412.3
2019-02-03 11:00:00,6439.6
2019-02-03 11:15:00,6484.6
2019-02-03 11:30:00,6501.3
2019-02-03 11:45:00,6493.6
2019-02-03 12:00:00,6489.6
2019-02-03 12:15:00,6488.3
2019-02-03 12:30:00,6468.7
2019-02-03 12:45:00,6429.7
2019-02-03 13:00:00,6417.0
2019-02-03 13:15:00,6376.9
2019-02-03 13:30:00,6352.9
2019-02-03 13:45:00,6325.6
2019-02-03 14:00:00,6306.6
2019-02-03 14:15:00,6306.4
2019-02-03 14:30:00,6300.7
2019-02-03 14:45:00,6289.4
2019-02-03 15:00:00,6278.6
2019-02-03 15:15:00,6263.7
2019-02-03 15:30:00,6259.5
2019-02-03 15:45:00,6244.5
2019-02-03 16:00:00,6257.5
2019-02-03 16:15:00,6269.2
2019-02-03 16:30:00,6287.7
2019-02-03 16:45:00,6309.5
2019-02-03 17:00:00,6354.2
2019-02-03 17:15:00,6427.3
2019-02-03 17:30:00,6500.4
2019-02-03 17:45:00,6562.8
2019-02-03 18:00:00,6628.2
2019-02-03 18:15:00,6657.5
2019-02-03 18:30:00,6641.4
2019-02-03 18:45:00,6631.5
2019-02-03 19:00:00,6617.4
2019-02-03 19:15:00,6603.3
2019-02-03 19:30:00,6570.7
2019-02-03 19:45:00,6543.8
2019-02-03 20:00:00,6507.7
2019-02-03 20:15:00,6455.7
2019-02-03 20:30:00,6407.7
2019-02-03 20:45:00,6373.3
2019-02-03 21:00:00,6353.3
2019-02-03 21:15:00,6342.5
2019-02-03 21:30:00,6332.8
2019-02-03 21:45:00,6340.7
2019-02-03 22:00:00,6396.5
2019-02-03 22:15:00,6381.3
2019-02-03 22:30:00,6337.7
2019-02-03 22:45:00,6307.7
2019-02-03 23:00:00,6279.1
2019-02-03 23:15:00,6237.7
2019-02-03 23:30:00,6202.4
2019-02-03 23:45:00,6184.6
2019-02-04 00:00:00,6139.9
2019-02-04 00:15:00,6108.6
2019-02-04 00:30:00,6096.7
2019-02-04 00:45:00,6072.5
2019-02-04 01:00:00,6044.3
2019-02-04 01:15:00,6025.3
2019-02-04 01:30:00,6021.4
2019-02-04 01:45:00,6011.7
2019-02-04 02:00:00,5989.0
2019-02-04 02:15:00,5994.9
2019-02-04 02:30:00,6002.2
2019-02-04 02:45:00,5998.5
2019-02-04 03:00:00,5985.5
2019-02-04 03:15:00,5986.6
2019-02-04 03:30:00,5999.8
2019-02-04 03:45:00,6016.7
2019-02-04 04:00:00,6043.4
2019-02-04 04:15:00,6077.1
2019-02-04 04:30:00,6103.3
2019-02-04 04:45:00,6145.2
2019-02-04 05:00:00,6241.9
2019-02-04 05:15:00,6270.9
2019-02-04 05:30:00,6338.8
2019-02-04 05:45:00,6431.1
2019-02-04 06:00:00,6569.2
2019-02-04 06:15:00,6704.6
2019-02-04 06:30:00,6828.0
2019-02-04 06:45:00,6941.9
2019-02-04 07:00:00,7054.4
2019-02-04 07:15:00,7134.1
2019-02-04 07:30:00,7165.6
2019-02-04 07:45:00,7198.2
2019-02-04 08:00:00,7233.5
2019-02-04 08:15:00,7250.7
2019-02-04 08:30:00,7252.9
2019-02-04 08:45:00,7258.4
2019-02-04 09:00:00,7238.5
2019-02-04 09:15:00,7253.3
2019-02-04 09:30:00,7260.1
2019-02-04 09:45:00,7275.8
2019-02-04 10:00:00,7282.2
2019-02-04 10:15:00,7273.1
2019-02-04 10:30:00,7276.7
2019-02-04 10:45:00,7283.5
2019-02-04 11:00:00,7304.4
2019-02-04 11:15:00,7304.6
2019-02-04 11:30:00,7303.5
2019-02-04 11:45:00,7295.8
2019-02-04 12:00:00,7271.6
2019-02-04 12:15:00,7257.3
2019-02-04 12:30:00,7247.1
2019-02-04 12:45:00,7242.3
2019-02-04 13:00:00,7254.8
2019-02-04 13:15:00,7239.4
2019-02-04 13:30:00,7223.3
2019-02-04 13:45:00,7189.6
2019-02-04 14:00:00,7177.1
2019-02-04 14:15:00,7180.4
2019-02-04 14:30:00,7182.4
2019-02-04 14:45:00,7164.3
2019-02-04 15:00:00,7174.4
2019-02-04 15:15:00,7170.3
2019-02-04 15:30:00,7159.7
2019-02-04 15:45:00,7156.6
2019-02-04 16:00:00,7148.9
2019-02-04 16:15:00,7159.0
2019-02-04 16:30:00,7161.7
2019-02-04 16:45:00,7184.6
2019-02-04 17:00:00,7222.9
2019-02-04 17:15:00,7277.8
2019-02-04 17:30:00,7349.3
2019-02-04 17:45:00,7414.8
2019-02-04 18:00:00,7421.4
2019-02-04 18:15:00,7415.0
2019-02-04 18:30:00,7420.5
2019-02-04 18:45:00,7413.7
2019-02-04 19:00:00,7395.4
2019-02-04 19:15:00,7346.9
2019-02-04 19:30:00,7308.1
2019-02-04 19:45:00,7291.4
2019-02-04 20:00:00,7208.6
2019-02-04 20:15:00,7137.2
2019-02-04 20:30:00,7072.5
2019-02-04 20:45:00,7024.2
2019-02-04 21:00:00,6978.6
2019-02-04 21:15:00,6922.2
2019-02-04 21:30:00,6879.5
2019-02-04 21:45:00,6837.7
2019-02-04 22:00:00,6841.2
2019-02-04 22:15:00,6807.3
2019-02-04 22:30:00,6735.9
2019-02-04 22:45:00,6697.4
2019-02-04 23:00:00,6637.0
2019-02-04 23:15:00,6588.5
2019-02-04 23:30:00,6533.0
2019-02-04 23:45:00,6512.6
2019-02-05 00:00:00,6444.9
2019-02-05 00:15:00,6416.3
2019-02-05 00:30:00,6374.9
2019-02-05 00:45:00,6348.2
2019-02-05 01:00:00,6305.5
2019-02-05 01:15:00,6279.3
2019-02-05 01:30:00,6272.2
2019-02-05 01:45:00,6247.1
2019-02-05 02:00:00,6231.5
2019-02-05 02:15:00,6204.8
2019-02-05 02:30:00,6211.5
2019-02-05 02:45:00,6207.5
2019-02-05 03:00:00,6228.9
2019-02-05 03:15:00,6207.7
2019-02-05 03:30:00,6223.3
2019-02-05 03:45:00,6241.4
2019-02-05 04:00:00,6272.2
2019-02-05 04:15:00,6280.4
2019-02-05 04:30:00,6305.1
2019-02-05 04:45:00,6328.9
2019-02-05 05:00:00,6397.8
2019-02-05 05:15:00,6430.2
2019-02-05 05:30:00,6481.1
2019-02-05 05:45:00,6557.7
2019-02-05 06:00:00,6695.6
2019-02-05 06:15:00,6827.3
2019-02-05 06:30:00,6930.6
2019-02-05 06:45:00,7035.7
2019-02-05 07:00:00,7130.2
2019-02-05 07:15:00,7207.9
2019-02-05 07:30:00,7237.7
2019-02-05 07:45:00,7263.4
2019-02-05 08:00:00,7293.0
2019-02-05 08:15:00,7325.1
2019-02-05 08:30:00,7327.5
2019-02-05 08:45:00,7330.8
2019-02-05 09:00:00,7314.5
2019-02-05 09:15:00,7315.2
2019-02-05 09:30:00,7320.3
2019-02-05 09:45:00,7325.1
2019-02-05 10:00:00,7327.3
2019-02-05 10:15:00,7334.6
2019-02-05 10:30:00,7341.4
2019-02-05 10:45:00,7350.7
2019-02-05 11:00:00,7365.6
2019-02-05 11:15:00,7381.9
2019-02-05 11:30:00,7377.5
2019-02-05 11:45:00,7376.7
2019-02-05 12:00:00,7366.5
2019-02-05 12:15:00,7362.8
2019-02-05 12:30:00,7344.3
2019-02-05 12:45:00,7344.3
2019-02-05 13:00:00,7340.3
2019-02-05 13:15:00,7327.3
2019-02-05 13:30:00,7304.4
2019-02-05 13:45:00,7268.1
2019-02-05 14:00:00,7252.6
2019-02-05 14:15:00,7252.9
2019-02-05 14:30:00,7240.7
2019-02-05 14:45:00,7222.5
2019-02-05 15:00:00,7216.5
2019-02-05 15:15:00,7198.7
2019-02-05 15:30:00,7180.2
2019-02-05 15:45:00,7150.7
2019-02-05 16:00:00,7131.3
2019-02-05 16:15:00,7133.7
2019-02-05 16:30:00,7136.1
2019-02-05 16:45:00,7156.6
2019-02-05 17:00:00,7208.6
2019-02-05 17:15:00,7262.6
2019-02-05 17:30:00,7324.9
2019-02-05 17:45:00,7374.7
2019-02-05 18:00:00,7388.3
2019-02-05 18:15:00,7388.3
2019-02-05 18:30:00,7386.1
2019-02-05 18:45:00,7373.3
2019-02-05 19:00:00,7354.8
2019-02-05 19:15:00,7324.0
2019-02-05 19:30:00,7282.2
2019-02-05 19:45:00,7242.5
2019-02-05 20:00:00,7180.4
2019-02-05 20:15:00,7112.1
2019-02-05 20:30:00,7071.1
2019-02-05 20:45:00,7024.0
2019-02-05 21:00:00,6976.4
2019-02-05 21:15:00,6935.5
2019-02-05 21:30:00,6896.3
2019-02-05 21:45:00,6839.0
2019-02-05 22:00:00,6813.9
2019-02-05 22:15:00,6796.5
2019-02-05 22:30:00,6740.3
2019-02-05 22:45:00,6677.5
2019-02-05 23:00:00,6620.9
2019-02-05 23:15:00,6581.5
2019-02-05 23:30:00,6538.5
2019-02-05 23:45:00,6481.1
2019-02-06 00:00:00,6444.5
2019-02-06 00:15:00,6408.4
2019-02-06 00:30:00,6380.6
2019-02-06 00:45:00,6340.7
2019-02-06 01:00:00,6299.8
2019-02-06 01:15:00,6278.6
2019-02-06 01:30:00,6257.5
2019-02-06 01:45:00,6244.7
2019-02-06 02:00:00,6220.3
2019-02-06 02:15:00,6204.4
2019-02-06 02:30:00,6236.6
2019-02-06 02:45:00,6228.2
2019-02-06 03:00:00,6242.3
2019-02-06 03:15:00,6260.8
2019-02-06 03:30:00,6267.4
2019-02-06 03:45:00,6277.1
2019-02-06 04:00:00,6293.6
2019-02-06 04:15:00,6324.0
2019-02-06 04:30:00,6350.4
2019-02-06 04:45:00,6389.2
2019-02-06 05:00:00,6462.8
2019-02-06 05:15:00,6505.1
2019-02-06 05:30:00,6555.5
2019-02-06 05:45:00,6631.7
2019-02-06 06:00:00,6762.8
2019-02-06 06:15:00,6863.4
2019-02-06 06:30:00,6969.4
2019-02-06 06:45:00,7062.3
2019-02-06 07:00:00,7162.8
2019-02-06 07:15:00,7227.8
2019-02-06 07:30:00,7254.6
2019-02-06 07:45:00,7274.2
2019-02-06 08:00:00,7305.3
2019-02-06 08:15:00,7317.2
2019-02-06 08:30:00,7314.5
2019-02-06 08:45:00,7322.2
2019-02-06 09:00:00,7317.4
2019-02-06 09:15:00,7316.3
2019-02-06 09:30:00,7326.7
2019-02-06 09:45:00,7326.4
2019-02-06 10:00:00,7320.5
2019-02-06 10:15:00,7324.4
2019-02-06 10:30:00,7346.3
2019-02-06 10:45:00,7348.5
2019-02-06 11:00:00,7346.7
2019-02-06 11:15:00,7359.5
2019-02-06 11:30:00,7363.9
2019-02-06 11:45:00,7346.5
2019-02-06 12:00:00,7330.6
2019-02-06 12:15:00,7320.7
2019-02-06 12:30:00,7326.2
2019-02-06 12:45:00,7313.0
2019-02-06 13:00:00,7311.5
2019-02-06 13:15:00,7296.3
2019-02-06 13:30:00,7277.5
2019-02-06 13:45:00,7245.8
2019-02-06 14:00:00,7227.1
2019-02-06 14:15:00,7216.5
2019-02-06 14:30:00,7202.6
2019-02-06 14:45:00,7182.2
2019-02-06 15:00:00,7183.7
2019-02-06 15:15:00,7157.7
2019-02-06 15:30:00,7131.7
2019-02-06 15:45:00,7117.2
2019-02-06 16:00:00,7110.6
2019-02-06 16:15:00,7102.9
2019-02-06 16:30:00,7105.3
2019-02-06 16:45:00,7130.2
2019-02-06 17:00:00,7172.0
2019-02-06 17:15:00,7222.7
2019-02-06 17:30:00,7289.4
2019-02-06 17:45:00,7366.1
2019-02-06 18:00:00,7374.0
2019-02-06 18:15:00,7367.4
2019-02-06 18:30:00,7357.5
2019-02-06 18:45:00,7353.5
2019-02-06 19:00:00,7351.3
2019-02-06 19:15:00,7313.7
2019-02-06 19:30:00,7262.8
2019-02-06 19:45:00,7214.5
2019-02-06 20:00:00,7190.7
2019-02-06 20:15:00,7132.4
2019-02-06 20:30:00,7072.5
2019-02-06 20:45:00,7020.9
2019-02-06 21:00:00,6979.7
2019-02-06 21:15:00,6925.6
2019-02-06 21:30:00,6875.8
2019-02-06 21:45:00,6799.8
2019-02-06 22:00:00,6810.8
2019-02-06 22:15:00,6773.8
2019-02-06 22:30:00,6709.3
2019-02-06 22:45:00,6655.1
2019-02-06 23:00:00,6634.4
2019-02-06 23:15:00,6574.4
2019-02-06 23:30:00,6523.1
2019-02-06 23:45:00,6483.0
2019-02-07 00:00:00,6393.0
2019-02-07 00:15:00,6344.3
2019-02-07 00:30:00,6315.2
2019-02-07 00:45:00,6282.2
2019-02-07 01:00:00,6256.8
2019-02-07 01:15:00,6218.9
2019-02-07 01:30:00,6196.0
2019-02-07 01:45:00,6170.7
2019-02-07 02:00:00,6143.4
2019-02-07 02:15:00,6124.7
2019-02-07 02:30:00,6137.4
2019-02-07 02:45:00,6145.2
2019-02-07 03:00:00,6166.1
2019-02-07 03:15:00,6179.1
2019-02-07 03:30:00,6190.5
2019-02-07 03:45:00,6204.2
2019-02-07 04:00:00,6224.2
2019-02-07 04:15:00,6248.7
2019-02-07 04:30:00,6280.2
2019-02-07 04:45:00,6301.8
2019-02-07 05:00:00,6374.4
2019-02-07 05:15:00,6426.9
2019-02-07 05:30:00,6488.3
2019-02-07 05:45:00,6572.2
2019-02-07 06:00:00,6703.1
2019-02-07 06:15:00,6833.0
2019-02-07 06:30:00,6946.3
2019-02-07 06:45:00,7047.6
2019-02-07 07:00:00,7150.9
2019-02-07 07:15:00,7222.0
2019-02-07 07:30:00,7274.2
2019-02-07 07:45:00,7305.1
2019-02-07 08:00:00,7336.8
2019-02-07 08:15:00,7342.1
2019-02-07 08:30:00,7356.8
2019-02-07 08:45:00,7368.3
2019-02-07 09:00:00,7394.5
2019-02-07 09:15:00,7411.5
2019-02-07 09:30:00,7425.8
2019-02-07 09:45:00,7408.1
2019-02-07 10:00:00,7447.1
2019-02-07 10:15:00,7459.3
2019-02-07 10:30:00,7466.7
2019-02-07 10:45:00,7480.6
2019-02-07 11:00:00,7492.7
2019-02-07 11:15:00,7510.8
2019-02-07 11:30:00,7518.9
2019-02-07 11:45:00,7517.2
2019-02-07 12:00:00,7480.8
2019-02-07 12:15:00,7464.3
2019-02-07 12:30:00,7463.0
2019-02-07 12:45:00,7463.4
2019-02-07 13:00:00,7457.3
2019-02-07 13:15:00,7444.9
2019-02-07 13:30:00,7421.6
2019-02-07 13:45:00,7360.6
2019-02-07 14:00:00,7386.3
2019-02-07 14:15:00,7369.4
2019-02-07 14:30:00,7361.9
2019-02-07 14:45:00,7335.7
2019-02-07 15:00:00,7323.1
2019-02-07 15:15:00,7293.6
2019-02-07 15:30:00,7288.3
2019-02-07 15:45:00,7265.2
2019-02-07 16:00:00,7246.9
2019-02-07 16:15:00,7237.2
2019-02-07 16:30:00,7222.5
2019-02-07 16:45:00,7230.6
2019-02-07 17:00:00,7261.5
2019-02-07 17:15:00,7303.1
2019-02-07 17:30:00,7384.6
2019-02-07 17:45:00,7438.5
2019-02-07 18:00:00,7451.5
2019-02-07 18:15:00,7441.6
2019-02-07 18:30:00,7444.3
2019-02-07 18:45:00,7439.4
2019-02-07 19:00:00,7408.8
2019-02-07 19:15:00,7366.3
2019-02-07 19:30:00,7322.7
2019-02-07 19:45:00,7278.4
2019-02-07 20:00:00,7241.9
2019-02-07 20:15:00,7157.0
2019-02-07 20:30:00,7096.0
2019-02-07 20:45:00,7048.5
2019-02-07 21:00:00,6999.8
2019-02-07 21:15:00,6959.9
2019-02-07 21:30:00,6921.6
2019-02-07 21:45:00,6885.7
2019-02-07 22:00:00,6876.7
2019-02-07 22:15:00,6836.1
2019-02-07 22:30:00,6773.3
2019-02-07 22:45:00,6710.8
2019-02-07 23:00:00,6665.2
2019-02-07 23:15:00,6602.4
2019-02-07 23:30:00,6539.6
2019-02-07 23:45:00,6452.9
2019-02-08 00:00:00,6447.8
2019-02-08 00:15:00,6407.9
2019-02-08 00:30:00,6375.1
2019-02-08 00:45:00,6338.1
2019-02-08 01:00:00,6307.5
2019-02-08 01:15:00,6274.4
2019-02-08 01:30:00,6251.3
2019-02-08 01:45:00,6242.1
2019-02-08 02:00:00,6241.6
2019-02-08 02:15:00,6214.1
2019-02-08 02:30:00,6209.9
2019-02-08 02:45:00,6207.0
2019-02-08 03:00:00,6212.8
2019-02-08 03:15:00,6219.4
2019-02-08 03:30:00,6211.2
2019-02-08 03:45:00,6233.9
2019-02-08 04:00:00,6249.3
2019-02-08 04:15:00,6263.9
2019-02-08 04:30:00,6294.3
2019-02-08 04:45:00,6319.2
2019-02-08 05:00:00,6393.4
2019-02-08 05:15:00,6430.6
2019-02-08 05:30:00,6488.1
2019-02-08 05:45:00,6552.4
2019-02-08 06:00:00,6724.7
2019-02-08 06:15:00,6840.1
2019-02-08 06:30:00,6940.1
2019-02-08 06:45:00,7031.7
2019-02-08 07:00:00,7152.9
2019-02-08 07:15:00,7234.8
2019-02-08 07:30:00,7254.6
2019-02-08 07:45:00,7286.8
2019-02-08 08:00:00,7313.2
2019-02-08 08:15:00,7324.7
2019-02-08 08:30:00,7338.1
2019-02-08 08:45:00,7333.0
2019-02-08 09:00:00,7325.8
2019-02-08 09:15:00,7287.2
2019-02-08 09:30:00,7284.4
2019-02-08 09:45:00,7289.6
2019-02-08 10:00:00,7332.8
2019-02-08 10:15:00,7321.6
2019-02-08 10:30:00,7297.6
2019-02-08 10:45:00,7296.7
2019-02-08 11:00:00,7297.4
2019-02-08 11:15:00,7311.0
2019-02-08 11:30:00,7317.6
2019-02-08 11:45:00,7309.3
2019-02-08 12:00:00,7319.4
2019-02-08 12:15:00,7312.8
2019-02-08 12:30:00,7257.7
2019-02-08 12:45:00,7243.0
2019-02-08 13:00:00,7258.8
2019-02-08 13:15:00,7233.0
2019-02-08 13:30:00,7201.1
2019-02-08 13:45:00,7159.5
2019-02-08 14:00:00,7148.9
2019-02-08 14:15:00,7139.4
2019-02-08 14:30:00,7124.9
2019-02-08 14:45:00,7123.1
2019-02-08 15:00:00,7130.6
2019-02-08 15:15:00,7122.2
2019-02-08 15:30:00,7104.2
2019-02-08 15:45:00,7092.1
2019-02-08 16:00:00,7091.6
2019-02-08 16:15:00,7063.4
2019-02-08 16:30:00,7068.9
2019-02-08 16:45:00,7081.3
2019-02-08 17:00:00,7149.6
2019-02-08 17:15:00,7198.7
2019-02-08 17:30:00,7256.4
2019-02-08 17:45:00,7307.9
2019-02-08 18:00:00,7299.3
2019-02-08 18:15:00,7294.5
2019-02-08 18:30:00,7277.8
2019-02-08 18:45:00,7266.7
2019-02-08 19:00:00,7244.9
2019-02-08 19:15:00,7179.1
2019-02-08 19:30:00,7139.6
2019-02-08 19:45:00,7102.2
2019-02-08 20:00:00,7055.5
2019-02-08 20:15:00,6975.3
2019-02-08 20:30:00,6914.3
2019-02-08 20:45:00,6873.6
2019-02-08 21:00:00,6811.2
2019-02-08 21:15:00,6770.3
2019-02-08 21:30:00,6719.8
2019-02-08 21:45:00,6695.8
2019-02-08 22:00:00,6724.9
2019-02-08 22:15:00,6659.0
2019-02-08 22:30:00,6605.5
2019-02-08 22:45:00,6560.4
2019-02-08 23:00:00,6531.3
2019-02-08 23:15:00,6486.3
2019-02-08 23:30:00,6402.9
2019-02-08 23:45:00,6354.0
2019-02-09 00:00:00,6311.7
2019-02-09 00:15:00,6248.5
2019-02-09 00:30:00,6202.4
2019-02-09 00:45:00,6164.3
2019-02-09 01:00:00,6164.5
2019-02-09 01:15:00,6137.9
2019-02-09 01:30:00,6111.2
2019-02-09 01:45:00,6106.2
2019-02-09 02:00:00,6066.5
2019-02-09 02:15:00,6055.5
2019-02-09 02:30:00,6043.8
2019-02-09 02:45:00,6034.8
2019-02-09 03:00:00,6042.3
2019-02-09 03:15:00,6035.5
2019-02-09 03:30:00,6030.8
2019-02-09 03:45:00,6035.9
2019-02-09 04:00:00,6040.1
2019-02-09 04:15:00,6039.2
2019-02-09 04:30:00,6042.3
2019-02-09 04:45:00,6030.8
2019-02-09 05:00:00,6057.3
2019-02-09 05:15:00,6042.1
2019-02-09 05:30:00,6031.1
2019-02-09 05:45:00,6037.4
2019-02-09 06:00:00,6051.1
2019-02-09 06:15:00,6087.7
2019-02-09 06:30:00,6093.6
2019-02-09 06:45:00,6125.1
2019-02-09 07:00:00,6200.7
2019-02-09 07:15:00,6235.7
2019-02-09 07:30:00,6288.5
2019-02-09 07:45:00,6326.2
2019-02-09 08:00:00,6397.6
2019-02-09 08:15:00,6461.9
2019-02-09 08:30:00,6513.0
2019-02-09 08:45:00,6555.1
2019-02-09 09:00:00,6600.9
2019-02-09 09:15:00,6635.2
2019-02-09 09:30:00,6649.8
2019-02-09 09:45:00,6685.7
2019-02-09 10:00:00,6699.3
2019-02-09 10:15:00,6714.1
2019-02-09 10:30:00,6739.6
2019-02-09 10:45:00,6747.6
2019-02-09 11:00:00,6775.6
2019-02-09 11:15:00,6795.4
2019-02-09 11:30:00,6812.6
2019-02-09 11:45:00,6790.7
2019-02-09 12:00:00,6757.0
2019-02-09 12:15:00,6726.7
2019-02-09 12:30:00,6720.0
2019-02-09 12:45:00,6717.8
2019-02-09 13:00:00,6674.9
2019-02-09 13:15:00,6650.4
2019-02-09 13:30:00,6630.4
2019-02-09 13:45:00,6592.1
2019-02-09 14:00:00,6570.9
2019-02-09 14:15:00,6553.7
2019-02-09 14:30:00,6546.0
2019-02-09 14:45:00,6537.4
2019-02-09 15:00:00,6525.6
2019-02-09 15:15:00,6530.6
2019-02-09 15:30:00,6512.1
2019-02-09 15:45:00,6488.3
2019-02-09 16:00:00,6495.2
2019-02-09 16:15:00,6478.6
2019-02-09 16:30:00,6498.0
2019-02-09 16:45:00,6502.4
2019-02-09 17:00:00,6560.8
2019-02-09 17:15:00,6602.6
2019-02-09 17:30:00,6681.7
2019-02-09 17:45:00,6741.9
2019-02-09 18:00:00,6799.6
2019-02-09 18:15:00,6798.2
2019-02-09 18:30:00,6794.3
2019-02-09 18:45:00,6753.1
2019-02-09 19:00:00,6717.2
2019-02-09 19:15:00,6683.0
2019-02-09 19:30:00,6640.7
2019-02-09 19:45:00,6581.5
2019-02-09 20:00:00,6532.2
2019-02-09 20:15:00,6479.1
2019-02-09 20:30:00,6427.8
2019-02-09 20:45:00,6376.7
2019-02-09 21:00:00,6353.7
2019-02-09 21:15:00,6324.9
2019-02-09 21:30:00,6286.1
2019-02-09 21:45:00,6264.3
2019-02-09 22:00:00,6278.4
2019-02-09 22:15:00,6252.4
2019-02-09 22:30:00,6214.8
2019-02-09 22:45:00,6167.0
2019-02-09 23:00:00,6127.1
2019-02-09 23:15:00,6096.7
2019-02-09 23:30:00,6063.9
2019-02-09 23:45:00,5981.3
2019-02-10 00:00:00,5907.3
2019-02-10 00:15:00,5856.4
2019-02-10 00:30:00,5812.6
2019-02-10 00:45:00,5774.2
2019-02-10 01:00:00,5750.0
2019-02-10 01:15:00,5720.9
2019-02-10 01:30:00,5697.1
2019-02-10 01:45:00,5674.4
2019-02-10 02:00:00,5716.5
2019-02-10 02:15:00,5703.1
2019-02-10 02:30:00,5696.0
2019-02-10 02:45:00,5698.5
2019-02-10 03:00:00,5691.0
2019-02-10 03:15:00,5682.2
2019-02-10 03:30:00,5712.8
2019-02-10 03:45:00,5698.9
2019-02-10 04:00:00,5719.2
2019-02-10 04:15:00,5721.4
2019-02-10 04:30:00,5723.8
2019-02-10 04:45:00,5720.3
2019-02-10 05:00:00,5718.7
2019-02-10 05:15:00,5698.9
2019-02-10 05:30:00,5697.6
2019-02-10 05:45:00,5697.8
2019-02-10 06:00:00,5670.9
2019-02-10 06:15:00,5674.7
2019-02-10 06:30:00,5694.7
2019-02-10 06:45:00,5726.7
2019-02-10 07:00:00,5765.9
2019-02-10 07:15:00,5785.0
2019-02-10 07:30:00,5811.2
2019-02-10 07:45:00,5830.8
2019-02-10 08:00:00,5898.9
2019-02-10 08:15:00,5951.8
2019-02-10 08:30:00,6006.4
2019-02-10 08:45:00,6051.1
2019-02-10 09:00:00,6105.3
2019-02-10 09:15:00,6143.8
2019-02-10 09:30:00,6185.7
2019-02-10 09:45:00,6201.1
2019-02-10 10:00:00,6235.0
2019-02-10 10:15:00,6272.0
2019-02-10 10:30:00,6298.7
2019-02-10 10:45:00,6339.4
2019-02-10 11:00:00,6373.8
2019-02-10 11:15:00,6409.7
2019-02-10 11:30:00,6457.5
2019-02-10 11:45:00,6467.4
2019-02-10 12:00:00,6463.2
2019-02-10 12:15:00,6446.3
2019-02-10 12:30:00,6416.1
2019-02-10 12:45:00,6369.6
2019-02-10 13:00:00,6335.2
2019-02-10 13:15:00,6323.1
2019-02-10 13:30:00,6297.6
2019-02-10 13:45:00,6280.4
2019-02-10 14:00:00,6263.2
2019-02-10 14:15:00,6253.5
2019-02-10 14:30:00,6244.3
2019-02-10 14:45:00,6230.6
2019-02-10 15:00:00,6234.1
2019-02-10 15:15:00,6231.7
2019-02-10 15:30:00,6236.1
2019-02-10 15:45:00,6231.1
2019-02-10 16:00:00,6234.1
2019-02-10 16:15:00,6231.7
2019-02-10 16:30:00,6246.9
2019-02-10 16:45:00,6255.3
2019-02-10 17:00:00,6316.7
2019-02-10 17:15:00,6369.8
2019-02-10 17:30:00,6447.1
2019-02-10 17:45:00,6517.2
2019-02-10 18:00:00,6577.3
2019-02-10 18:15:00,6579.1
2019-02-10 18:30:00,6574.4
2019-02-10 18:45:00,6563.2
2019-02-10 19:00:00,6563.9
2019-02-10 19:15:00,6535.5
2019-02-10 19:30:00,6521.4
2019-02-10 19:45:00,6492.5
2019-02-10 20:00:00,6475.8
2019-02-10 20:15:00,6433.0
2019-02-10 20:30:00,6379.1
2019-02-10 20:45:00,6332.8
2019-02-10 21:00:00,6339.4
2019-02-10 21:15:00,6324.2
2019-02-10 21:30:00,6311.9
2019-02-10 21:45:00,6308.1
2019-02-10 22:00:00,6339.6
2019-02-10 22:15:00,6328.9
2019-02-10 22:30:00,6294.3
2019-02-10 22:45:00,6253.5
2019-02-10 23:00:00,6202.4
2019-02-10 23:15:00,6177.3
2019-02-10 23:30:00,6125.1
2019-02-10 23:45:00,6030.2
2019-02-11 00:00:00,6072.9
2019-02-11 00:15:00,6033.0
2019-02-11 00:30:00,5986.6
2019-02-11 00:45:00,5981.1
2019-02-11 01:00:00,5972.7
2019-02-11 01:15:00,5964.1
2019-02-11 01:30:00,5948.7
2019-02-11 01:45:00,5940.3
2019-02-11 02:00:00,5917.8
2019-02-11 02:15:00,5924.7
2019-02-11 02:30:00,5938.5
2019-02-11 02:45:00,5917.0
2019-02-11 03:00:00,5946.5
2019-02-11 03:15:00,5961.0
2019-02-11 03:30:00,5979.7
2019-02-11 03:45:00,6005.9
2019-02-11 04:00:00,6036.1
2019-02-11 04:15:00,6066.1
2019-02-11 04:30:00,6097.1
2019-02-11 04:45:00,6128.2
2019-02-11 05:00:00,6218.7
2019-02-11 05:15:00,6255.1
2019-02-11 05:30:00,6343.4
2019-02-11 05:45:00,6429.7
2019-02-11 06:00:00,6589.6
2019-02-11 06:15:00,6720.0
2019-02-11 06:30:00,6813.7
2019-02-11 06:45:00,6920.5
2019-02-11 07:00:00,7050.2
2019-02-11 07:15:00,7130.2
2019-02-11 07:30:00,7158.6
2019-02-11 07:45:00,7181.5
2019-02-11 08:00:00,7246.9
2019-02-11 08:15:00,7267.2
2019-02-11 08:30:00,7300.0
2019-02-11 08:45:00,7308.6
2019-02-11 09:00:00,7297.1
2019-02-11 09:15:00,7304.0
2019-02-11 09:30:00,7330.2
2019-02-11 09:45:00,7343.8
2019-02-11 10:00:00,7340.3
2019-02-11 10:15:00,7350.0
2019-02-11 10:30:00,7361.5
2019-02-11 10:45:00,7379.1
2019-02-11 11:00:00,7411.0
2019-02-11 11:15:00,7416.7
2019-02-11 11:30:00,7437.7
2019-02-11 11:45:00,7434.4
2019-02-11 12:00:00,7413.7
2019-02-11 12:15:00,7372.5
2019-02-11 12:30:00,7376.4
2019-02-11 12:45:00,7369.2
2019-02-11 13:00:00,7364.5
2019-02-11 13:15:00,7345.8
2019-02-11 13:30:00,7317.6
2019-02-11 13:45:00,7285.9
2019-02-11 14:00:00,7277.5
2019-02-11 14:15:00,7267.2
2019-02-11 14:30:00,7248.0
2019-02-11 14:45:00,7240.7
2019-02-11 15:00:00,7234.4
2019-02-11 15:15:00,7214.1
2019-02-11 15:30:00,7195.8
2019-02-11 15:45:00,7171.6
2019-02-11 16:00:00,7144.5
2019-02-11 16:15:00,7132.6
2019-02-11 16:30:00,7138.3
2019-02-11 16:45:00,7122.2
2019-02-11 17:00:00,7156.2
2019-02-11 17:15:00,7197.1
2019-02-11 17:30:00,7251.3
2019-02-11 17:45:00,7320.9
2019-02-11 18:00:00,7344.1
2019-02-11 18:15:00,7355.1
2019-02-11 18:30:00,7355.7
2019-02-11 18:45:00,7350.0
2019-02-11 19:00:00,7331.7
2019-02-11 19:15:00,7287.9
2019-02-11 19:30:00,7268.9
2019-02-11 19:45:00,7233.3
2019-02-11 20:00:00,7170.9
2019-02-11 20:15:00,7093.0
2019-02-11 20:30:00,7033.3
2019-02-11 20:45:00,6967.2
2019-02-11 21:00:00,6936.8
2019-02-11 21:15:00,6894.5
2019-02-11 21:30:00,6854.0
2019-02-11 21:45:00,6802.2
2019-02-11 22:00:00,6784.6
2019-02-11 22:15:00,6735.5
2019-02-11 22:30:00,6674.0
2019-02-11 22:45:00,6619.2
2019-02-11 23:00:00,6556.4
2019-02-11 23:15:00,6500.2
2019-02-11 23:30:00,6452.2
2019-02-11 23:45:00,6417.0
2019-02-12 00:00:00,6355.5
2019-02-12 00:15:00,6333.0
2019-02-12 00:30:00,6301.5
2019-02-12 00:45:00,6257.9
2019-02-12 01:00:00,6252.2
2019-02-12 01:15:00,6234.6
2019-02-12 01:30:00,6204.0
2019-02-12 01:45:00,6185.0
2019-02-12 02:00:00,6171.1
2019-02-12 02:15:00,6154.4
2019-02-12 02:30:00,6149.1
2019-02-12 02:45:00,6157.9
2019-02-12 03:00:00,6172.5
2019-02-12 03:15:00,6171.8
2019-02-12 03:30:00,6178.2
2019-02-12 03:45:00,6193.8
2019-02-12 04:00:00,6213.7
2019-02-12 04:15:00,6219.8
2019-02-12 04:30:00,6260.1
2019-02-12 04:45:00,6277.5
2019-02-12 05:00:00,6355.3
2019-02-12 05:15:00,6379.3
2019-02-12 05:30:00,6432.6
2019-02-12 05:45:00,6516.5
2019-02-12 06:00:00,6695.8
2019-02-12 06:15:00,6797.1
2019-02-12 06:30:00,6874.7
2019-02-12 06:45:00,6964.8
2019-02-12 07:00:00,7074.2
2019-02-12 07:15:00,7143.4
2019-02-12 07:30:00,7167.4
2019-02-12 07:45:00,7184.6
2019-02-12 08:00:00,7236.1
2019-02-12 08:15:00,7246.9
2019-02-12 08:30:00,7254.8
2019-02-12 08:45:00,7249.8
2019-02-12 09:00:00,7232.6
2019-02-12 09:15:00,7236.8
2019-02-12 09:30:00,7260.4
2019-02-12 09:45:00,7266.1
2019-02-12 10:00:00,7274.7
2019-02-12 10:15:00,7280.4
2019-02-12 10:30:00,7303.3
2019-02-12 10:45:00,7327.8
2019-02-12 11:00:00,7350.7
2019-02-12 11:15:00,7372.7
2019-02-12 11:30:00,7374.9
2019-02-12 11:45:00,7378.4
2019-02-12 12:00:00,7359.7
2019-02-12 12:15:00,7357.0
2019-02-12 12:30:00,7345.8
2019-02-12 12:45:00,7334.4
2019-02-12 13:00:00,7337.7
2019-02-12 13:15:00,7317.0
2019-02-12 13:30:00,7298.0
2019-02-12 13:45:00,7258.6
2019-02-12 14:00:00,7246.3
2019-02-12 14:15:00,7224.4
2019-02-12 14:30:00,7208.1
2019-02-12 14:45:00,7172.9
2019-02-12 15:00:00,7189.0
2019-02-12 15:15:00,7165.4
2019-02-12 15:30:00,7136.1
2019-02-12 15:45:00,7082.6
2019-02-12 16:00:00,7099.8
2019-02-12 16:15:00,7084.8
2019-02-12 16:30:00,7079.1
2019-02-12 16:45:00,7089.4
2019-02-12 17:00:00,7112.3
2019-02-12 17:15:00,7133.0
2019-02-12 17:30:00,7201.5
2019-02-12 17:45:00,7284.6
2019-02-12 18:00:00,7324.9
2019-02-12 18:15:00,7332.8
2019-02-12 18:30:00,7333.5
2019-02-12 18:45:00,7316.3
2019-02-12 19:00:00,7291.2
2019-02-12 19:15:00,7248.2
2019-02-12 19:30:00,7218.1
2019-02-12 19:45:00,7189.9
2019-02-12 20:00:00,7106.2
2019-02-12 20:15:00,7039.0
2019-02-12 20:30:00,6998.9
2019-02-12 20:45:00,6947.6
2019-02-12 21:00:00,6929.5
2019-02-12 21:15:00,6894.9
2019-02-12 21:30:00,6871.4
2019-02-12 21:45:00,6823.3
2019-02-12 22:00:00,6818.3
2019-02-12 22:15:00,6778.2
2019-02-12 22:30:00,6721.6
2019-02-12 22:45:00,6668.3
2019-02-12 23:00:00,6598.9
2019-02-12 23:15:00,6558.4
2019-02-12 23:30:00,6502.0
2019-02-12 23:45:00,6466.1
2019-02-13 00:00:00,6389.6
2019-02-13 00:15:00,6356.6
2019-02-13 00:30:00,6339.2
2019-02-13 00:45:00,6327.1
2019-02-13 01:00:00,6290.3
2019-02-13 01:15:00,6265.4
2019-02-13 01:30:00,6241.6
2019-02-13 01:45:00,6239.2
2019-02-13 02:00:00,6224.2
2019-02-13 02:15:00,6220.5
2019-02-13 02:30:00,6221.4
2019-02-13 02:45:00,6239.9
2019-02-13 03:00:00,6240.1
2019-02-13 03:15:00,6248.7
2019-02-13 03:30:00,6243.0
2019-02-13 03:45:00,6254.8
2019-02-13 04:00:00,6273.1
2019-02-13 04:15:00,6289.6
2019-02-13 04:30:00,6308.1
2019-02-13 04:45:00,6344.3
2019-02-13 05:00:00,6398.2
2019-02-13 05:15:00,6435.9
2019-02-13 05:30:00,6498.2
2019-02-13 05:45:00,6584.8
2019-02-13 06:00:00,6750.0
2019-02-13 06:15:00,6866.5
2019-02-13 06:30:00,6971.1
2019-02-13 06:45:00,7055.1
2019-02-13 07:00:00,7159.5
2019-02-13 07:15:00,7211.9
2019-02-13 07:30:00,7228.9
2019-02-13 07:45:00,7263.0
2019-02-13 08:00:00,7292.1
2019-02-13 08:15:00,7306.4
2019-02-13 08:30:00,7311.7
2019-02-13 08:45:00,7262.6
2019-02-13 09:00:00,7298.0
2019-02-13 09:15:00,7311.7
2019-02-13 09:30:00,7308.1
2019-02-13 09:45:00,7314.8
2019-02-13 10:00:00,7323.6
2019-02-13 10:15:00,7324.9
2019-02-13 10:30:00,7332.4
2019-02-13 10:45:00,7317.6
2019-02-13 11:00:00,7313.2
2019-02-13 11:15:00,7332.8
2019-02-13 11:30:00,7344.7
2019-02-13 11:45:00,7337.2
2019-02-13 12:00:00,7302.0
2019-02-13 12:15:00,7279.7
2019-02-13 12:30:00,7283.3
2019-02-13 12:45:00,7273.3
2019-02-13 13:00:00,7281.5
2019-02-13 13:15:00,7258.4
2019-02-13 13:30:00,7228.0
2019-02-13 13:45:00,7201.1
2019-02-13 14:00:00,7196.7
2019-02-13 14:15:00,7178.2
2019-02-13 14:30:00,7165.6
2019-02-13 14:45:00,7153.5
2019-02-13 15:00:00,7139.2
2019-02-13 15:15:00,7141.4
2019-02-13 15:30:00,7127.5
2019-02-13 15:45:00,7116.3
2019-02-13 16:00:00,7104.0
2019-02-13 16:15:00,7095.8
2019-02-13 16:30:00,7093.0
2019-02-13 16:45:00,7082.4
2019-02-13 17:00:00,7123.6
2019-02-13 17:15:00,7170.3
2019-02-13 17:30:00,7234.8
2019-02-13 17:45:00,7311.5
2019-02-13 18:00:00,7356.8
2019-02-13 18:15:00,7368.9
2019-02-13 18:30:00,7372.2
2019-02-13 18:45:00,7364.3
2019-02-13 19:00:00,7346.9
2019-02-13 19:15:00,7296.9
2019-02-13 19:30:00,7259.7
2019-02-13 19:45:00,7231.9
2019-02-13 20:00:00,7161.0
2019-02-13 20:15:00,7087.7
2019-02-13 20:30:00,7028.6
2019-02-13 20:45:00,6980.0
2019-02-13 21:00:00,6948.0
2019-02-13 21:15:00,6911.2
2019-02-13 21:30:00,6865.2
2019-02-13 21:45:00,6787.9
2019-02-13 22:00:00,6802.0
2019-02-13 22:15:00,6758.8
2019-02-13 22:30:00,6690.3
2019-02-13 22:45:00,6624.2
2019-02-13 23:00:00,6576.4
2019-02-13 23:15:00,6528.2
2019-02-13 23:30:00,6466.3
2019-02-13 23:45:00,6412.6
2019-02-14 00:00:00,6364.5
2019-02-14 00:15:00,6326.4
2019-02-14 00:30:00,6314.3
2019-02-14 00:45:00,6287.0
2019-02-14 01:00:00,6255.3
2019-02-14 01:15:00,6215.6
2019-02-14 01:30:00,6207.7
2019-02-14 01:45:00,6201.3
2019-02-14 02:00:00,6165.9
2019-02-14 02:15:00,6158.6
2019-02-14 02:30:00,6164.1
2019-02-14 02:45:00,6170.5
2019-02-14 03:00:00,6168.7
2019-02-14 03:15:00,6177.3
2019-02-14 03:30:00,6190.5
2019-02-14 03:45:00,6207.0
2019-02-14 04:00:00,6228.9
2019-02-14 04:15:00,6248.5
2019-02-14 04:30:00,6290.1
2019-02-14 04:45:00,6328.2
2019-02-14 05:00:00,6410.1
2019-02-14 05:15:00,6452.0
2019-02-14 05:30:00,6491.6
2019-02-14 05:45:00,6555.3
2019-02-14 06:00:00,6703.1
2019-02-14 06:15:00,6832.4
2019-02-14 06:30:00,6940.3
2019-02-14 06:45:00,7040.1
2019-02-14 07:00:00,7124.0
2019-02-14 07:15:00,7172.0
2019-02-14 07:30:00,7195.4
2019-02-14 07:45:00,7221.8
2019-02-14 08:00:00,7246.7
2019-02-14 08:15:00,7265.0
2019-02-14 08:30:00,7265.9
2019-02-14 08:45:00,7243.0
2019-02-14 09:00:00,7219.4
2019-02-14 09:15:00,7221.4
2019-02-14 09:30:00,7234.4
2019-02-14 09:45:00,7234.8
2019-02-14 10:00:00,7209.0
2019-02-14 10:15:00,7204.8
2019-02-14 10:30:00,7176.2
2019-02-14 10:45:00,7193.0
2019-02-14 11:00:00,7224.9
2019-02-14 11:15:00,7228.2
2019-02-14 11:30:00,7222.5
2019-02-14 11:45:00,7218.3
2019-02-14 12:00:00,7232.6
2019-02-14 12:15:00,7172.7
2019-02-14 12:30:00,7160.8
2019-02-14 12:45:00,7156.2
2019-02-14 13:00:00,7183.7
2019-02-14 13:15:00,7156.8
2019-02-14 13:30:00,7098.7
2019-02-14 13:45:00,7073.6
2019-02-14 14:00:00,7091.9
2019-02-14 14:15:00,7093.6
2019-02-14 14:30:00,7068.9
2019-02-14 14:45:00,7032.6
2019-02-14 15:00:00,7041.0
2019-02-14 15:15:00,7022.5
2019-02-14 15:30:00,7016.1
2019-02-14 15:45:00,6992.3
2019-02-14 16:00:00,6973.6
2019-02-14 16:15:00,6970.5
2019-02-14 16:30:00,6962.1
2019-02-14 16:45:00,6971.6
2019-02-14 17:00:00,7005.9
2019-02-14 17:15:00,7034.1
2019-02-14 17:30:00,7100.0
2019-02-14 17:45:00,7177.3
2019-02-14 18:00:00,7243.8
2019-02-14 18:15:00,7274.4
2019-02-14 18:30:00,7269.2
2019-02-14 18:45:00,7270.5
2019-02-14 19:00:00,7246.5
2019-02-14 19:15:00,7200.9
2019-02-14 19:30:00,7175.8
2019-02-14 19:45:00,7146.0
2019-02-14 20:00:00,7077.3
2019-02-14 20:15:00,7016.1
2019-02-14 20:30:00,6963.9
2019-02-14 20:45:00,6914.8
2019-02-14 21:00:00,6871.4
2019-02-14 21:15:00,6829.3
2019-02-14 21:30:00,6784.6
2019-02-14 21:45:00,6745.6
2019-02-14 22:00:00,6725.1
2019-02-14 22:15:00,6684.8
2019-02-14 22:30:00,6630.2
2019-02-14 22:45:00,6581.3
2019-02-14 23:00:00,6518.5
2019-02-14 23:15:00,6467.2
2019-02-14 23:30:00,6417.0
2019-02-14 23:45:00,6367.4
2019-02-15 00:00:00,6313.4
2019-02-15 00:15:00,6293.0
2019-02-15 00:30:00,6267.2
2019-02-15 00:45:00,6241.4
2019-02-15 01:00:00,6206.4
2019-02-15 01:15:00,6183.9
2019-02-15 01:30:00,6169.6
2019-02-15 01:45:00,6161.9
2019-02-15 02:00:00,6131.5
2019-02-15 02:15:00,6124.9
2019-02-15 02:30:00,6133.7
2019-02-15 02:45:00,6137.0
2019-02-15 03:00:00,6136.6
2019-02-15 03:15:00,6142.1
2019-02-15 03:30:00,6150.4
2019-02-15 03:45:00,6159.5
2019-02-15 04:00:00,6188.3
2019-02-15 04:15:00,6217.8
2019-02-15 04:30:00,6236.1
2019-02-15 04:45:00,6262.6
2019-02-15 05:00:00,6338.8
2019-02-15 05:15:00,6389.2
2019-02-15 05:30:00,6422.9
2019-02-15 05:45:00,6507.5
2019-02-15 06:00:00,6650.4
2019-02-15 06:15:00,6772.5
2019-02-15 06:30:00,6880.2
2019-02-15 06:45:00,6974.0
2019-02-15 07:00:00,7074.9
2019-02-15 07:15:00,7122.9
2019-02-15 07:30:00,7146.5
2019-02-15 07:45:00,7165.4
2019-02-15 08:00:00,7185.7
2019-02-15 08:15:00,7191.4
2019-02-15 08:30:00,7195.4
2019-02-15 08:45:00,7172.7
2019-02-15 09:00:00,7162.1
2019-02-15 09:15:00,7176.9
2019-02-15 09:30:00,7202.6
2019-02-15 09:45:00,7210.4
2019-02-15 10:00:00,7200.4
2019-02-15 10:15:00,7198.7
2019-02-15 10:30:00,7203.7
2019-02-15 10:45:00,7206.6
2019-02-15 11:00:00,7193.8
2019-02-15 11:15:00,7202.9
2019-02-15 11:30:00,7195.2
2019-02-15 11:45:00,7193.8
2019-02-15 12:00:00,7151.3
2019-02-15 12:15:00,7123.8
2019-02-15 12:30:00,7107.7
2019-02-15 12:45:00,7084.6
2019-02-15 13:00:00,7069.4
2019-02-15 13:15:00,7037.0
2019-02-15 13:30:00,7000.0
2019-02-15 13:45:00,6958.6
2019-02-15 14:00:00,6930.0
2019-02-15 14:15:00,6916.7
2019-02-15 14:30:00,6894.3
2019-02-15 14:45:00,6872.5
2019-02-15 15:00:00,6868.5
2019-02-15 15:15:00,6848.7
2019-02-15 15:30:00,6833.5
2019-02-15 15:45:00,6827.8
2019-02-15 16:00:00,6801.8
2019-02-15 16:15:00,6806.4
2019-02-15 16:30:00,6821.4
2019-02-15 16:45:00,6834.1
2019-02-15 17:00:00,6869.8
2019-02-15 17:15:00,6902.2
2019-02-15 17:30:00,6969.8
2019-02-15 17:45:00,7054.4
2019-02-15 18:00:00,7139.6
2019-02-15 18:15:00,7181.1
2019-02-15 18:30:00,7185.2
2019-02-15 18:45:00,7152.6
2019-02-15 19:00:00,7166.7
2019-02-15 19:15:00,7142.1
2019-02-15 19:30:00,7109.3
2019-02-15 19:45:00,7065.2
2019-02-15 20:00:00,6992.5
2019-02-15 20:15:00,6924.2
2019-02-15 20:30:00,6874.4
2019-02-15 20:45:00,6824.9
2019-02-15 21:00:00,6764.8
2019-02-15 21:15:00,6733.7
2019-02-15 21:30:00,6684.4
2019-02-15 21:45:00,6634.1
2019-02-15 22:00:00,6634.4
2019-02-15 22:15:00,6573.1
2019-02-15 22:30:00,6519.4
2019-02-15 22:45:00,6475.6
2019-02-15 23:00:00,6415.4
2019-02-15 23:15:00,6361.7
2019-02-15 23:30:00,6314.1
2019-02-15 23:45:00,6280.2
2019-02-16 00:00:00,6197.6
2019-02-16 00:15:00,6150.4
2019-02-16 00:30:00,6139.6
2019-02-16 00:45:00,6111.0
2019-02-16 01:00:00,6069.2
2019-02-16 01:15:00,6028.0
2019-02-16 01:30:00,6011.0
2019-02-16 01:45:00,6006.6
2019-02-16 02:00:00,5982.8
2019-02-16 02:15:00,5968.3
2019-02-16 02:30:00,5961.9
2019-02-16 02:45:00,5961.9
2019-02-16 03:00:00,5955.1
2019-02-16 03:15:00,5962.1
2019-02-16 03:30:00,5965.2
2019-02-16 03:45:00,5957.3
2019-02-16 04:00:00,5943.4
2019-02-16 04:15:00,5944.7
2019-02-16 04:30:00,5953.3
2019-02-16 04:45:00,5955.3
2019-02-16 05:00:00,5955.9
2019-02-16 05:15:00,5954.2
2019-02-16 05:30:00,5953.1
2019-02-16 05:45:00,5966.1
2019-02-16 06:00:00,6004.2
2019-02-16 06:15:00,6040.7
2019-02-16 06:30:00,6087.0
2019-02-16 06:45:00,6127.3
2019-02-16 07:00:00,6168.7
2019-02-16 07:15:00,6196.3
2019-02-16 07:30:00,6243.6
2019-02-16 07:45:00,6296.0
2019-02-16 08:00:00,6366.5
2019-02-16 08:15:00,6400.9
2019-02-16 08:30:00,6432.6
2019-02-16 08:45:00,6469.6
2019-02-16 09:00:00,6484.8
2019-02-16 09:15:00,6506.8
2019-02-16 09:30:00,6533.9
2019-02-16 09:45:00,6551.1
2019-02-16 10:00:00,6535.5
2019-02-16 10:15:00,6549.6
2019-02-16 10:30:00,6534.8
2019-02-16 10:45:00,6542.1
2019-02-16 11:00:00,6563.4
2019-02-16 11:15:00,6565.0
2019-02-16 11:30:00,6575.1
2019-02-16 11:45:00,6559.3
2019-02-16 12:00:00,6553.3
2019-02-16 12:15:00,6538.1
2019-02-16 12:30:00,6520.7
2019-02-16 12:45:00,6495.4
2019-02-16 13:00:00,6462.1
2019-02-16 13:15:00,6420.9
2019-02-16 13:30:00,6391.4
2019-02-16 13:45:00,6351.1
2019-02-16 14:00:00,6341.4
2019-02-16 14:15:00,6317.6
2019-02-16 14:30:00,6305.3
2019-02-16 14:45:00,6287.2
2019-02-16 15:00:00,6279.5
2019-02-16 15:15:00,6272.9
2019-02-16 15:30:00,6243.0
2019-02-16 15:45:00,6229.1
2019-02-16 16:00:00,6233.0
2019-02-16 16:15:00,6232.8
2019-02-16 16:30:00,6254.6
2019-02-16 16:45:00,6288.5
2019-02-16 17:00:00,6349.6
2019-02-16 17:15:00,6380.8
2019-02-16 17:30:00,6459.7
2019-02-16 17:45:00,6552.6
2019-02-16 18:00:00,6667.0
2019-02-16 18:15:00,6705.5
2019-02-16 18:30:00,6699.1
2019-02-16 18:45:00,6687.4
2019-02-16 19:00:00,6668.9
2019-02-16 19:15:00,6630.8
2019-02-16 19:30:00,6593.6
2019-02-16 19:45:00,6552.0
2019-02-16 20:00:00,6525.8
2019-02-16 20:15:00,6457.7
2019-02-16 20:30:00,6411.7
2019-02-16 20:45:00,6350.9
2019-02-16 21:00:00,6316.7
2019-02-16 21:15:00,6293.6
2019-02-16 21:30:00,6256.6
2019-02-16 21:45:00,6230.2
2019-02-16 22:00:00,6246.3
2019-02-16 22:15:00,6210.4
2019-02-16 22:30:00,6162.6
2019-02-16 22:45:00,6116.7
2019-02-16 23:00:00,6072.0
2019-02-16 23:15:00,6034.6
2019-02-16 23:30:00,5989.9
2019-02-16 23:45:00,5948.7
2019-02-17 00:00:00,5892.5
2019-02-17 00:15:00,5859.9
2019-02-17 00:30:00,5821.6
2019-02-17 00:45:00,5805.7
2019-02-17 01:00:00,5776.9
2019-02-17 01:15:00,5736.3
2019-02-17 01:30:00,5725.1
2019-02-17 01:45:00,5706.2
2019-02-17 02:00:00,5699.6
2019-02-17 02:15:00,5690.7
2019-02-17 02:30:00,5688.1
2019-02-17 02:45:00,5687.9
2019-02-17 03:00:00,5688.8
2019-02-17 03:15:00,5679.1
2019-02-17 03:30:00,5691.2
2019-02-17 03:45:00,5681.9
2019-02-17 04:00:00,5701.8
2019-02-17 04:15:00,5683.7
2019-02-17 04:30:00,5699.3
2019-02-17 04:45:00,5694.3
2019-02-17 05:00:00,5693.2
2019-02-17 05:15:00,5674.9
2019-02-17 05:30:00,5666.3
2019-02-17 05:45:00,5652.6
2019-02-17 06:00:00,5638.5
2019-02-17 06:15:00,5638.3
2019-02-17 06:30:00,5656.4
2019-02-17 06:45:00,5675.6
2019-02-17 07:00:00,5703.5
2019-02-17 07:15:00,5713.2
2019-02-17 07:30:00,5741.2
2019-02-17 07:45:00,5790.5
2019-02-17 08:00:00,5857.5
2019-02-17 08:15:00,5895.6
2019-02-17 08:30:00,5937.0
2019-02-17 08:45:00,5952.2
2019-02-17 09:00:00,6019.4
2019-02-17 09:15:00,6051.1
2019-02-17 09:30:00,6086.3
2019-02-17 09:45:00,6131.9
2019-02-17 10:00:00,6147.6
2019-02-17 10:15:00,6159.5
2019-02-17 10:30:00,6183.5
2019-02-17 10:45:00,6210.6
2019-02-17 11:00:00,6249.3
2019-02-17 11:15:00,6271.1
2019-02-17 11:30:00,6279.1
2019-02-17 11:45:00,6273.8
2019-02-17 12:00:00,6252.2
2019-02-17 12:15:00,6248.2
2019-02-17 12:30:00,6212.3
2019-02-17 12:45:00,6173.6
2019-02-17 13:00:00,6151.3
2019-02-17 13:15:00,6109.3
2019-02-17 13:30:00,6088.5
2019-02-17 13:45:00,6050.0
2019-02-17 14:00:00,6037.9
2019-02-17 14:15:00,6018.1
2019-02-17 14:30:00,5988.5
2019-02-17 14:45:00,5981.9
2019-02-17 15:00:00,5974.9
2019-02-17 15:15:00,5962.8
2019-02-17 15:30:00,5938.3
2019-02-17 15:45:00,5934.6
2019-02-17 16:00:00,5951.3
2019-02-17 16:15:00,5956.8
2019-02-17 16:30:00,5980.8
2019-02-17 16:45:00,6020.7
2019-02-17 17:00:00,6081.3
2019-02-17 17:15:00,6147.6
2019-02-17 17:30:00,6219.2
2019-02-17 17:45:00,6322.5
2019-02-17 18:00:00,6449.1
2019-02-17 18:15:00,6505.1
2019-02-17 18:30:00,6520.0
2019-02-17 18:45:00,6503.7
2019-02-17 19:00:00,6491.6
2019-02-17 19:15:00,6463.9
2019-02-17 19:30:00,6445.4
2019-02-17 19:45:00,6397.6
2019-02-17 20:00:00,6355.5
2019-02-17 20:15:00,6329.1
2019-02-17 20:30:00,6293.8
2019-02-17 20:45:00,6249.8
2019-02-17 21:00:00,6217.8
2019-02-17 21:15:00,6203.7
2019-02-17 21:30:00,6205.9
2019-02-17 21:45:00,6202.2
2019-02-17 22:00:00,6252.4
2019-02-17 22:15:00,6235.9
2019-02-17 22:30:00,6197.8
2019-02-17 22:45:00,6162.8
2019-02-17 23:00:00,6102.2
2019-02-17 23:15:00,6068.7
2019-02-17 23:30:00,6033.5
2019-02-17 23:45:00,5988.1
2019-02-18 00:00:00,5957.5
2019-02-18 00:15:00,5937.9
2019-02-18 00:30:00,5911.7
2019-02-18 00:45:00,5895.4
2019-02-18 01:00:00,5857.9
2019-02-18 01:15:00,5846.5
2019-02-18 01:30:00,5826.9
2019-02-18 01:45:00,5824.9
2019-02-18 02:00:00,5805.1
2019-02-18 02:15:00,5807.5
2019-02-18 02:30:00,5802.0
2019-02-18 02:45:00,5807.9
2019-02-18 03:00:00,5817.2
2019-02-18 03:15:00,5832.2
2019-02-18 03:30:00,5848.5
2019-02-18 03:45:00,5876.0
2019-02-18 04:00:00,5896.5
2019-02-18 04:15:00,5921.4
2019-02-18 04:30:00,5964.1
2019-02-18 04:45:00,6001.1
2019-02-18 05:00:00,6089.4
2019-02-18 05:15:00,6141.4
2019-02-18 05:30:00,6206.2
2019-02-18 05:45:00,6311.7
2019-02-18 06:00:00,6500.9
2019-02-18 06:15:00,6636.8
2019-02-18 06:30:00,6768.5
2019-02-18 06:45:00,6866.1
2019-02-18 07:00:00,6959.5
2019-02-18 07:15:00,7005.5
2019-02-18 07:30:00,7016.7
2019-02-18 07:45:00,7028.2
2019-02-18 08:00:00,7079.7
2019-02-18 08:15:00,7084.4
2019-02-18 08:30:00,7092.3
2019-02-18 08:45:00,7095.6
2019-02-18 09:00:00,7080.8
2019-02-18 09:15:00,7080.0
2019-02-18 09:30:00,7092.7
2019-02-18 09:45:00,7091.9
2019-02-18 10:00:00,7087.2
2019-02-18 10:15:00,7091.2
2019-02-18 10:30:00,7087.9
2019-02-18 10:45:00,7105.7
2019-02-18 11:00:00,7122.5
2019-02-18 11:15:00,7135.5
2019-02-18 11:30:00,7124.7
2019-02-18 11:45:00,7125.1
2019-02-18 12:00:00,7098.9
2019-02-18 12:15:00,7061.7
2019-02-18 12:30:00,7055.3
2019-02-18 12:45:00,7037.7
2019-02-18 13:00:00,7040.1
2019-02-18 13:15:00,7024.9
2019-02-18 13:30:00,6995.8
2019-02-18 13:45:00,6950.2
2019-02-18 14:00:00,6944.7
2019-02-18 14:15:00,6937.0
2019-02-18 14:30:00,6923.3
2019-02-18 14:45:00,6902.2
2019-02-18 15:00:00,6912.6
2019-02-18 15:15:00,6894.5
2019-02-18 15:30:00,6868.9
2019-02-18 15:45:00,6841.9
2019-02-18 16:00:00,6832.4
2019-02-18 16:15:00,6829.7
2019-02-18 16:30:00,6837.2
2019-02-18 16:45:00,6846.7
2019-02-18 17:00:00,6888.1
2019-02-18 17:15:00,6914.8
2019-02-18 17:30:00,6979.5
2019-02-18 17:45:00,7061.7
2019-02-18 18:00:00,7141.0
2019-02-18 18:15:00,7176.0
2019-02-18 18:30:00,7195.2
2019-02-18 18:45:00,7187.4
2019-02-18 19:00:00,7158.6
2019-02-18 19:15:00,7129.7
2019-02-18 19:30:00,7085.2
2019-02-18 19:45:00,7052.4
2019-02-18 20:00:00,6985.7
2019-02-18 20:15:00,6928.6
2019-02-18 20:30:00,6866.1
2019-02-18 20:45:00,6811.9
2019-02-18 21:00:00,6776.7
2019-02-18 21:15:00,6720.9
2019-02-18 21:30:00,6674.7
2019-02-18 21:45:00,6615.6
2019-02-18 22:00:00,6618.1
2019-02-18 22:15:00,6559.3
2019-02-18 22:30:00,6497.4
2019-02-18 22:45:00,6452.4
2019-02-18 23:00:00,6370.7
2019-02-18 23:15:00,6303.3
2019-02-18 23:30:00,6271.6
2019-02-18 23:45:00,6223.3
2019-02-19 00:00:00,6191.9
2019-02-19 00:15:00,6146.9
2019-02-19 00:30:00,6131.9
2019-02-19 00:45:00,6103.5
2019-02-19 01:00:00,6084.6
2019-02-19 01:15:00,6069.6
2019-02-19 01:30:00,6051.5
2019-02-19 01:45:00,6044.1
2019-02-19 02:00:00,6034.6
2019-02-19 02:15:00,6028.6
2019-02-19 02:30:00,6037.2
2019-02-19 02:45:00,6044.7
2019-02-19 03:00:00,6060.8
2019-02-19 03:15:00,6060.8
2019-02-19 03:30:00,6068.3
2019-02-19 03:45:00,6079.5
2019-02-19 04:00:00,6084.8
2019-02-19 04:15:00,6122.2
2019-02-19 04:30:00,6157.9
2019-02-19 04:45:00,6189.2
2019-02-19 05:00:00,6256.8
2019-02-19 05:15:00,6290.7
2019-02-19 05:30:00,6348.7
2019-02-19 05:45:00,6453.7
2019-02-19 06:00:00,6626.9
2019-02-19 06:15:00,6765.2
2019-02-19 06:30:00,6876.9
2019-02-19 06:45:00,6995.6
2019-02-19 07:00:00,7096.3
2019-02-19 07:15:00,7154.4
2019-02-19 07:30:00,7176.4
2019-02-19 07:45:00,7207.9
2019-02-19 08:00:00,7252.6
2019-02-19 08:15:00,7262.3
2019-02-19 08:30:00,7283.3
2019-02-19 08:45:00,7288.8
2019-02-19 09:00:00,7268.1
2019-02-19 09:15:00,7275.3
2019-02-19 09:30:00,7290.7
2019-02-19 09:45:00,7286.8
2019-02-19 10:00:00,7288.5
2019-02-19 10:15:00,7289.4
2019-02-19 10:30:00,7298.7
2019-02-19 10:45:00,7304.6
2019-02-19 11:00:00,7299.1
2019-02-19 11:15:00,7319.8
2019-02-19 11:30:00,7335.5
2019-02-19 11:45:00,7324.9
2019-02-19 12:00:00,7294.9
2019-02-19 12:15:00,7268.5
2019-02-19 12:30:00,7259.9
2019-02-19 12:45:00,7245.6
2019-02-19 13:00:00,7245.4
2019-02-19 13:15:00,7247.4
2019-02-19 13:30:00,7224.0
2019-02-19 13:45:00,7175.3
2019-02-19 14:00:00,7166.3
2019-02-19 14:15:00,7163.7
2019-02-19 14:30:00,7162.8
2019-02-19 14:45:00,7141.2
2019-02-19 15:00:00,7152.4
2019-02-19 15:15:00,7137.9
2019-02-19 15:30:00,7131.5
2019-02-19 15:45:00,7101.8
2019-02-19 16:00:00,7084.1
2019-02-19 16:15:00,7070.9
2019-02-19 16:30:00,7077.1
2019-02-19 16:45:00,7066.5
2019-02-19 17:00:00,7088.3
2019-02-19 17:15:00,7133.0
2019-02-19 17:30:00,7185.5
2019-02-19 17:45:00,7249.8
2019-02-19 18:00:00,7318.5
2019-02-19 18:15:00,7356.4
2019-02-19 18:30:00,7367.4
2019-02-19 18:45:00,7364.3
2019-02-19 19:00:00,7335.7
2019-02-19 19:15:00,7304.2
2019-02-19 19:30:00,7259.9
2019-02-19 19:45:00,7213.0
2019-02-19 20:00:00,7137.7
2019-02-19 20:15:00,7070.9
2019-02-19 20:30:00,7007.3
2019-02-19 20:45:00,6947.1
2019-02-19 21:00:00,6904.8
2019-02-19 21:15:00,6855.1
2019-02-19 21:30:00,6801.1
2019-02-19 21:45:00,6758.4
2019-02-19 22:00:00,6740.1
2019-02-19 22:15:00,6681.1
2019-02-19 22:30:00,6611.2
2019-02-19 22:45:00,6550.0
2019-02-19 23:00:00,6479.5
2019-02-19 23:15:00,6445.4
2019-02-19 23:30:00,6413.2
2019-02-19 23:45:00,6355.5
2019-02-20 00:00:00,6295.6
2019-02-20 00:15:00,6255.1
2019-02-20 00:30:00,6223.8
2019-02-20 00:45:00,6200.7
2019-02-20 01:00:00,6168.9
2019-02-20 01:15:00,6143.4
2019-02-20 01:30:00,6133.7
2019-02-20 01:45:00,6126.9
2019-02-20 02:00:00,6085.0
2019-02-20 02:15:00,6076.2
2019-02-20 02:30:00,6072.2
2019-02-20 02:45:00,6095.6
2019-02-20 03:00:00,6102.4
2019-02-20 03:15:00,6105.5
2019-02-20 03:30:00,6114.1
2019-02-20 03:45:00,6125.8
2019-02-20 04:00:00,6133.5
2019-02-20 04:15:00,6153.7
2019-02-20 04:30:00,6201.5
2019-02-20 04:45:00,6236.8
2019-02-20 05:00:00,6322.7
2019-02-20 05:15:00,6361.2
2019-02-20 05:30:00,6424.4
2019-02-20 05:45:00,6504.2
2019-02-20 06:00:00,6645.2
2019-02-20 06:15:00,6786.1
2019-02-20 06:30:00,6900.9
2019-02-20 06:45:00,7000.2
2019-02-20 07:00:00,7077.3
2019-02-20 07:15:00,7126.4
2019-02-20 07:30:00,7160.8
2019-02-20 07:45:00,7195.8
2019-02-20 08:00:00,7215.9
2019-02-20 08:15:00,7220.7
2019-02-20 08:30:00,7229.1
2019-02-20 08:45:00,7216.7
2019-02-20 09:00:00,7180.2
2019-02-20 09:15:00,7192.3
2019-02-20 09:30:00,7207.3
2019-02-20 09:45:00,7216.5
2019-02-20 10:00:00,7194.7
2019-02-20 10:15:00,7185.5
2019-02-20 10:30:00,7190.1
2019-02-20 10:45:00,7178.9
2019-02-20 11:00:00,7204.0
2019-02-20 11:15:00,7228.4
2019-02-20 11:30:00,7222.0
2019-02-20 11:45:00,7225.6
2019-02-20 12:00:00,7198.5
2019-02-20 12:15:00,7186.3
2019-02-20 12:30:00,7180.2
2019-02-20 12:45:00,7168.7
2019-02-20 13:00:00,7181.5
2019-02-20 13:15:00,7161.0
2019-02-20 13:30:00,7127.5
2019-02-20 13:45:00,7094.3
2019-02-20 14:00:00,7067.6
2019-02-20 14:15:00,7056.2
2019-02-20 14:30:00,7059.9
2019-02-20 14:45:00,7047.1
2019-02-20 15:00:00,7034.6
2019-02-20 15:15:00,7016.7
2019-02-20 15:30:00,7004.4
2019-02-20 15:45:00,6954.6
2019-02-20 16:00:00,6959.0
2019-02-20 16:15:00,6952.6
2019-02-20 16:30:00,6948.5
2019-02-20 16:45:00,6919.4
2019-02-20 17:00:00,6968.9
2019-02-20 17:15:00,7011.0
2019-02-20 17:30:00,7079.5
2019-02-20 17:45:00,7153.3
2019-02-20 18:00:00,7211.5
2019-02-20 18:15:00,7258.6
2019-02-20 18:30:00,7275.1
2019-02-20 18:45:00,7271.4
2019-02-20 19:00:00,7226.7
2019-02-20 19:15:00,7170.5
2019-02-20 19:30:00,7130.8
2019-02-20 19:45:00,7096.9
2019-02-20 20:00:00,7031.7
2019-02-20 20:15:00,6959.0
2019-02-20 20:30:00,6897.6
2019-02-20 20:45:00,6842.3
2019-02-20 21:00:00,6813.4
2019-02-20 21:15:00,6772.9
2019-02-20 21:30:00,6713.7
2019-02-20 21:45:00,6655.7
2019-02-20 22:00:00,6652.0
2019-02-20 22:15:00,6600.0
2019-02-20 22:30:00,6538.1
2019-02-20 22:45:00,6473.6
2019-02-20 23:00:00,6414.8
2019-02-20 23:15:00,6363.7
2019-02-20 23:30:00,6320.9
2019-02-20 23:45:00,6262.6
2019-02-21 00:00:00,6234.1
2019-02-21 00:15:00,6164.5
2019-02-21 00:30:00,6143.0
2019-02-21 00:45:00,6114.1
2019-02-21 01:00:00,6117.6
2019-02-21 01:15:00,6108.6
2019-02-21 01:30:00,6095.4
2019-02-21 01:45:00,6077.5
2019-02-21 02:00:00,6064.3
2019-02-21 02:15:00,6054.4
2019-02-21 02:30:00,6051.3
2019-02-21 02:45:00,6055.9
2019-02-21 03:00:00,6080.6
2019-02-21 03:15:00,6087.0
2019-02-21 03:30:00,6081.5
2019-02-21 03:45:00,6088.8
2019-02-21 04:00:00,6132.6
2019-02-21 04:15:00,6152.6
2019-02-21 04:30:00,6175.1
2019-02-21 04:45:00,6206.4
2019-02-21 05:00:00,6279.5
2019-02-21 05:15:00,6322.7
2019-02-21 05:30:00,6380.8
2019-02-21 05:45:00,6466.7
2019-02-21 06:00:00,6657.0
2019-02-21 06:15:00,6765.2
2019-02-21 06:30:00,6867.2
2019-02-21 06:45:00,6958.8
2019-02-21 07:00:00,7040.1
2019-02-21 07:15:00,7084.4
2019-02-21 07:30:00,7097.4
2019-02-21 07:45:00,7134.6
2019-02-21 08:00:00,7180.0
2019-02-21 08:15:00,7207.7
2019-02-21 08:30:00,7201.8
2019-02-21 08:45:00,7191.4
2019-02-21 09:00:00,7189.6
2019-02-21 09:15:00,7211.2
2019-02-21 09:30:00,7237.2
2019-02-21 09:45:00,7245.6
2019-02-21 10:00:00,7245.8
2019-02-21 10:15:00,7249.6
2019-02-21 10:30:00,7254.4
2019-02-21 10:45:00,7266.7
2019-02-21 11:00:00,7272.9
2019-02-21 11:15:00,7267.8
2019-02-21 11:30:00,7257.0
2019-02-21 11:45:00,7241.4
2019-02-21 12:00:00,7192.7
2019-02-21 12:15:00,7181.7
2019-02-21 12:30:00,7180.6
2019-02-21 12:45:00,7169.6
2019-02-21 13:00:00,7162.3
2019-02-21 13:15:00,7145.2
2019-02-21 13:30:00,7125.6
2019-02-21 13:45:00,7081.3
2019-02-21 14:00:00,7082.8
2019-02-21 14:15:00,7098.2
2019-02-21 14:30:00,7094.5
2019-02-21 14:45:00,7091.4
2019-02-21 15:00:00,7093.0
2019-02-21 15:15:00,7083.7
2019-02-21 15:30:00,7074.7
2019-02-21 15:45:00,7059.5
2019-02-21 16:00:00,7016.5
2019-02-21 16:15:00,7012.3
2019-02-21 16:30:00,7024.2
2019-02-21 16:45:00,7014.5
2019-02-21 17:00:00,7024.9
2019-02-21 17:15:00,7057.7
2019-02-21 17:30:00,7112.1
2019-02-21 17:45:00,7158.4
2019-02-21 18:00:00,7205.5
2019-02-21 18:15:00,7238.1
2019-02-21 18:30:00,7241.6
2019-02-21 18:45:00,7244.1
2019-02-21 19:00:00,7234.6
2019-02-21 19:15:00,7215.4
2019-02-21 19:30:00,7165.2
2019-02-21 19:45:00,7126.0
2019-02-21 20:00:00,7057.3
2019-02-21 20:15:00,6981.3
2019-02-21 20:30:00,6922.5
2019-02-21 20:45:00,6838.3
2019-02-21 21:00:00,6803.7
2019-02-21 21:15:00,6760.1
2019-02-21 21:30:00,6706.4
2019-02-21 21:45:00,6670.5
2019-02-21 22:00:00,6664.5
2019-02-21 22:15:00,6607.9
2019-02-21 22:30:00,6550.7
2019-02-21 22:45:00,6488.1
2019-02-21 23:00:00,6419.6
2019-02-21 23:15:00,6366.1
2019-02-21 23:30:00,6322.5
2019-02-21 23:45:00,6274.0
2019-02-22 00:00:00,6211.5
2019-02-22 00:15:00,6179.3
2019-02-22 00:30:00,6156.6
2019-02-22 00:45:00,6115.4
2019-02-22 01:00:00,6069.4
2019-02-22 01:15:00,6045.8
2019-02-22 01:30:00,6023.3
2019-02-22 01:45:00,6013.9
2019-02-22 02:00:00,5985.2
2019-02-22 02:15:00,5978.4
2019-02-22 02:30:00,5983.9
2019-02-22 02:45:00,5982.6
2019-02-22 03:00:00,6003.5
2019-02-22 03:15:00,6009.0
2019-02-22 03:30:00,6037.2
2019-02-22 03:45:00,6052.9
2019-02-22 04:00:00,6059.3
2019-02-22 04:15:00,6096.7
2019-02-22 04:30:00,6130.4
2019-02-22 04:45:00,6168.3
2019-02-22 05:00:00,6229.1
2019-02-22 05:15:00,6281.5
2019-02-22 05:30:00,6363.7
2019-02-22 05:45:00,6437.4
2019-02-22 06:00:00,6580.8
2019-02-22 06:15:00,6707.0
2019-02-22 06:30:00,6813.7
2019-02-22 06:45:00,6903.7
2019-02-22 07:00:00,6981.5
2019-02-22 07:15:00,7028.2
2019-02-22 07:30:00,7067.8
2019-02-22 07:45:00,7104.4
2019-02-22 08:00:00,7151.1
2019-02-22 08:15:00,7156.6
2019-02-22 08:30:00,7171.1
2019-02-22 08:45:00,7182.4
2019-02-22 09:00:00,7180.2
2019-02-22 09:15:00,7201.1
2019-02-22 09:30:00,7217.8
2019-02-22 09:45:00,7235.0
2019-02-22 10:00:00,7236.3
2019-02-22 10:15:00,7232.4
2019-02-22 10:30:00,7235.0
2019-02-22 10:45:00,7228.0
2019-02-22 11:00:00,7238.1
2019-02-22 11:15:00,7246.5
2019-02-22 11:30:00,7251.1
2019-02-22 11:45:00,7237.7
2019-02-22 12:00:00,7220.7
2019-02-22 12:15:00,7192.3
2019-02-22 12:30:00,7185.7
2019-02-22 12:45:00,7174.0
2019-02-22 13:00:00,7149.6
2019-02-22 13:15:00,7102.4
2019-02-22 13:30:00,7071.4
2019-02-22 13:45:00,7035.9
2019-02-22 14:00:00,7020.0
2019-02-22 14:15:00,6997.1
2019-02-22 14:30:00,6966.7
2019-02-22 14:45:00,6948.5
2019-02-22 15:00:00,6950.7
2019-02-22 15:15:00,6921.4
2019-02-22 15:30:00,6907.7
2019-02-22 15:45:00,6875.3
2019-02-22 16:00:00,6883.5
2019-02-22 16:15:00,6872.2
2019-02-22 16:30:00,6848.9
2019-02-22 16:45:00,6855.7
2019-02-22 17:00:00,6876.7
2019-02-22 17:15:00,6897.1
2019-02-22 17:30:00,6934.1
2019-02-22 17:45:00,6975.3
2019-02-22 18:00:00,7040.1
2019-02-22 18:15:00,7089.0
2019-02-22 18:30:00,7121.1
2019-02-22 18:45:00,7113.2
2019-02-22 19:00:00,7088.8
2019-02-22 19:15:00,7050.0
2019-02-22 19:30:00,7005.7
2019-02-22 19:45:00,6977.5
2019-02-22 20:00:00,6905.7
2019-02-22 20:15:00,6840.7
2019-02-22 20:30:00,6788.8
2019-02-22 20:45:00,6731.3
2019-02-22 21:00:00,6694.9
2019-02-22 21:15:00,6665.6
2019-02-22 21:30:00,6617.0
2019-02-22 21:45:00,6570.3
2019-02-22 22:00:00,6560.6
2019-02-22 22:15:00,6537.2
2019-02-22 22:30:00,6486.8
2019-02-22 22:45:00,6438.3
2019-02-22 23:00:00,6384.1
2019-02-22 23:15:00,6328.9
2019-02-22 23:30:00,6282.4
2019-02-22 23:45:00,6232.4
2019-02-23 00:00:00,6164.1
2019-02-23 00:15:00,6118.7
2019-02-23 00:30:00,6092.7
2019-02-23 00:45:00,6077.5
2019-02-23 01:00:00,6041.9
2019-02-23 01:15:00,6035.0
2019-02-23 01:30:00,6006.8
2019-02-23 01:45:00,5998.9
2019-02-23 02:00:00,5953.5
2019-02-23 02:15:00,5937.9
2019-02-23 02:30:00,5944.9
2019-02-23 02:45:00,5938.3
2019-02-23 03:00:00,5936.1
2019-02-23 03:15:00,5936.8
2019-02-23 03:30:00,5935.5
2019-02-23 03:45:00,5944.9
2019-02-23 04:00:00,5940.3
2019-02-23 04:15:00,5935.7
2019-02-23 04:30:00,5927.1
2019-02-23 04:45:00,5940.3
2019-02-23 05:00:00,5961.5
2019-02-23 05:15:00,5945.8
2019-02-23 05:30:00,5938.5
2019-02-23 05:45:00,5949.8
2019-02-23 06:00:00,5974.2
2019-02-23 06:15:00,6000.7
2019-02-23 06:30:00,6015.6
2019-02-23 06:45:00,6053.1
2019-02-23 07:00:00,6098.2
2019-02-23 07:15:00,6125.3
2019-02-23 07:30:00,6165.6
2019-02-23 07:45:00,6222.7
2019-02-23 08:00:00,6301.1
2019-02-23 08:15:00,6362.8
2019-02-23 08:30:00,6407.5
2019-02-23 08:45:00,6446.0
2019-02-23 09:00:00,6476.2
2019-02-23 09:15:00,6510.8
2019-02-23 09:30:00,6535.0
2019-02-23 09:45:00,6551.8
2019-02-23 10:00:00,6559.9
2019-02-23 10:15:00,6562.8
2019-02-23 10:30:00,6562.8
2019-02-23 10:45:00,6569.6
2019-02-23 11:00:00,6570.0
2019-02-23 11:15:00,6573.8
2019-02-23 11:30:00,6577.8
2019-02-23 11:45:00,6565.6
2019-02-23 12:00:00,6528.9
2019-02-23 12:15:00,6508.6
2019-02-23 12:30:00,6481.1
2019-02-23 12:45:00,6454.2
2019-02-23 13:00:00,6428.4
2019-02-23 13:15:00,6410.8
2019-02-23 13:30:00,6386.8
2019-02-23 13:45:00,6355.9
2019-02-23 14:00:00,6331.3
2019-02-23 14:15:00,6316.3
2019-02-23 14:30:00,6293.4
2019-02-23 14:45:00,6281.7
2019-02-23 15:00:00,6268.9
2019-02-23 15:15:00,6259.0
2019-02-23 15:30:00,6235.7
2019-02-23 15:45:00,6229.7
2019-02-23 16:00:00,6230.0
2019-02-23 16:15:00,6225.8
2019-02-23 16:30:00,6240.5
2019-02-23 16:45:00,6251.1
2019-02-23 17:00:00,6283.5
2019-02-23 17:15:00,6318.9
2019-02-23 17:30:00,6385.2
2019-02-23 17:45:00,6446.9
2019-02-23 18:00:00,6538.3
2019-02-23 18:15:00,6604.6
2019-02-23 18:30:00,6633.0
2019-02-23 18:45:00,6618.5
2019-02-23 19:00:00,6615.2
2019-02-23 19:15:00,6566.5
2019-02-23 19:30:00,6532.8
2019-02-23 19:45:00,6482.2
2019-02-23 20:00:00,6455.7
2019-02-23 20:15:00,6400.7
2019-02-23 20:30:00,6346.9
2019-02-23 20:45:00,6312.3
2019-02-23 21:00:00,6289.6
2019-02-23 21:15:00,6263.0
2019-02-23 21:30:00,6232.4
2019-02-23 21:45:00,6221.1
2019-02-23 22:00:00,6246.9
2019-02-23 22:15:00,6218.1
2019-02-23 22:30:00,6169.4
2019-02-23 22:45:00,6122.9
2019-02-23 23:00:00,6082.6
2019-02-23 23:15:00,6048.5
2019-02-23 23:30:00,6011.9
2019-02-23 23:45:00,5968.1
2019-02-24 00:00:00,5899.1
2019-02-24 00:15:00,5869.2
2019-02-24 00:30:00,5833.5
2019-02-24 00:45:00,5801.3
2019-02-24 01:00:00,5759.9
2019-02-24 01:15:00,5740.7
2019-02-24 01:30:00,5719.8
2019-02-24 01:45:00,5709.7
2019-02-24 02:00:00,5695.8
2019-02-24 02:15:00,5685.2
2019-02-24 02:30:00,5686.3
2019-02-24 02:45:00,5676.9
2019-02-24 03:00:00,5671.6
2019-02-24 03:15:00,5669.4
2019-02-24 03:30:00,5666.3
2019-02-24 03:45:00,5665.2
2019-02-24 04:00:00,5676.0
2019-02-24 04:15:00,5682.4
2019-02-24 04:30:00,5674.2
2019-02-24 04:45:00,5678.6
2019-02-24 05:00:00,5678.0
2019-02-24 05:15:00,5662.3
2019-02-24 05:30:00,5647.8
2019-02-24 05:45:00,5634.1
2019-02-24 06:00:00,5615.6
2019-02-24 06:15:00,5624.0
2019-02-24 06:30:00,5644.1
2019-02-24 06:45:00,5659.0
2019-02-24 07:00:00,5667.8
2019-02-24 07:15:00,5689.9
2019-02-24 07:30:00,5734.6
2019-02-24 07:45:00,5776.2
2019-02-24 08:00:00,5834.1
2019-02-24 08:15:00,5883.7
2019-02-24 08:30:00,5927.5
2019-02-24 08:45:00,5952.0
2019-02-24 09:00:00,5980.0
2019-02-24 09:15:00,6028.0
2019-02-24 09:30:00,6067.0
2019-02-24 09:45:00,6102.0
2019-02-24 10:00:00,6104.6
2019-02-24 10:15:00,6127.1
2019-02-24 10:30:00,6154.2
2019-02-24 10:45:00,6180.6
2019-02-24 11:00:00,6193.0
2019-02-24 11:15:00,6224.0
2019-02-24 11:30:00,6247.6
2019-02-24 11:45:00,6245.4
2019-02-24 12:00:00,6213.4
2019-02-24 12:15:00,6189.0
2019-02-24 12:30:00,6164.8
2019-02-24 12:45:00,6147.6
2019-02-24 13:00:00,6106.8
2019-02-24 13:15:00,6071.1
2019-02-24 13:30:00,6042.1
2019-02-24 13:45:00,6018.3
2019-02-24 14:00:00,6008.1
2019-02-24 14:15:00,5986.1
2019-02-24 14:30:00,5970.0
2019-02-24 14:45:00,5954.8
2019-02-24 15:00:00,5942.5
2019-02-24 15:15:00,5937.4
2019-02-24 15:30:00,5917.8
2019-02-24 15:45:00,5918.3
2019-02-24 16:00:00,5910.1
2019-02-24 16:15:00,5930.8
2019-02-24 16:30:00,5957.5
2019-02-24 16:45:00,5969.6
2019-02-24 17:00:00,6010.6
2019-02-24 17:15:00,6063.7
2019-02-24 17:30:00,6139.6
2019-02-24 17:45:00,6213.0
2019-02-24 18:00:00,6333.9
2019-02-24 18:15:00,6423.3
2019-02-24 18:30:00,6459.7
2019-02-24 18:45:00,6453.3
2019-02-24 19:00:00,6443.4
2019-02-24 19:15:00,6398.7
2019-02-24 19:30:00,6376.9
2019-02-24 19:45:00,6343.0
2019-02-24 20:00:00,6318.9
2019-02-24 20:15:00,6281.9
2019-02-24 20:30:00,6232.4
2019-02-24 20:45:00,6194.7
2019-02-24 21:00:00,6173.1
2019-02-24 21:15:00,6154.6
2019-02-24 21:30:00,6151.3
2019-02-24 21:45:00,6157.3
2019-02-24 22:00:00,6182.6
2019-02-24 22:15:00,6165.9
2019-02-24 22:30:00,6131.3
2019-02-24 22:45:00,6074.2
2019-02-24 23:00:00,6031.5
2019-02-24 23:15:00,6000.4
2019-02-24 23:30:00,5952.9
2019-02-24 23:45:00,5915.2
2019-02-25 00:00:00,5887.9
2019-02-25 00:15:00,5857.7
2019-02-25 00:30:00,5854.2
2019-02-25 00:45:00,5845.6
2019-02-25 01:00:00,5814.1
2019-02-25 01:15:00,5798.0
2019-02-25 01:30:00,5791.9
2019-02-25 01:45:00,5788.8
2019-02-25 02:00:00,5772.2
2019-02-25 02:15:00,5772.0
2019-02-25 02:30:00,5765.6
2019-02-25 02:45:00,5774.0
2019-02-25 03:00:00,5778.2
2019-02-25 03:15:00,5791.4
2019-02-25 03:30:00,5813.9
2019-02-25 03:45:00,5823.8
2019-02-25 04:00:00,5865.4
2019-02-25 04:15:00,5895.2
2019-02-25 04:30:00,5931.5
2019-02-25 04:45:00,5965.2
2019-02-25 05:00:00,6067.4
2019-02-25 05:15:00,6111.7
2019-02-25 05:30:00,6180.8
2019-02-25 05:45:00,6272.9
2019-02-25 06:00:00,6440.3
2019-02-25 06:15:00,6579.1
2019-02-25 06:30:00,6719.8
2019-02-25 06:45:00,6817.6
2019-02-25 07:00:00,6870.9
2019-02-25 07:15:00,6918.1
2019-02-25 07:30:00,6948.2
2019-02-25 07:45:00,6990.7
2019-02-25 08:00:00,7032.2
2019-02-25 08:15:00,7045.4
2019-02-25 08:30:00,7044.3
2019-02-25 08:45:00,7027.8
2019-02-25 09:00:00,7001.5
2019-02-25 09:15:00,7027.5
2019-02-25 09:30:00,7021.6
2019-02-25 09:45:00,7046.5
2019-02-25 10:00:00,7056.4
2019-02-25 10:15:00,7045.2
2019-02-25 10:30:00,7048.9
2019-02-25 10:45:00,7041.4
2019-02-25 11:00:00,7055.9
2019-02-25 11:15:00,7070.7
2019-02-25 11:30:00,7078.9
2019-02-25 11:45:00,7076.0
2019-02-25 12:00:00,7049.8
2019-02-25 12:15:00,7036.6
2019-02-25 12:30:00,7023.6
2019-02-25 12:45:00,7018.5
2019-02-25 13:00:00,7030.4
2019-02-25 13:15:00,7016.7
2019-02-25 13:30:00,6985.7
2019-02-25 13:45:00,6959.0
2019-02-25 14:00:00,6957.5
2019-02-25 14:15:00,6945.6
2019-02-25 14:30:00,6919.4
2019-02-25 14:45:00,6904.0
2019-02-25 15:00:00,6902.4
2019-02-25 15:15:00,6867.2
2019-02-25 15:30:00,6848.9
2019-02-25 15:45:00,6834.4
2019-02-25 16:00:00,6828.2
2019-02-25 16:15:00,6820.5
2019-02-25 16:30:00,6811.9
2019-02-25 16:45:00,6809.7
2019-02-25 17:00:00,6833.5
2019-02-25 17:15:00,6863.0
2019-02-25 17:30:00,6908.1
2019-02-25 17:45:00,6980.8
2019-02-25 18:00:00,7045.4
2019-02-25 18:15:00,7113.4
2019-02-25 18:30:00,7169.6
2019-02-25 18:45:00,7184.8
2019-02-25 19:00:00,7172.7
2019-02-25 19:15:00,7123.8
2019-02-25 19:30:00,7083.9
2019-02-25 19:45:00,7044.3
2019-02-25 20:00:00,6987.9
2019-02-25 20:15:00,6905.5
2019-02-25 20:30:00,6843.8
2019-02-25 20:45:00,6800.0
2019-02-25 21:00:00,6757.7
2019-02-25 21:15:00,6713.7
2019-02-25 21:30:00,6671.4
2019-02-25 21:45:00,6633.9
2019-02-25 22:00:00,6616.5
2019-02-25 22:15:00,6565.9
2019-02-25 22:30:00,6489.9
2019-02-25 22:45:00,6432.8
2019-02-25 23:00:00,6383.0
2019-02-25 23:15:00,6327.3
2019-02-25 23:30:00,6273.3
2019-02-25 23:45:00,6230.6
2019-02-26 00:00:00,6135.2
2019-02-26 00:15:00,6098.7
2019-02-26 00:30:00,6083.5
2019-02-26 00:45:00,6054.6
2019-02-26 01:00:00,6024.0
2019-02-26 01:15:00,5996.7
2019-02-26 01:30:00,5986.6
2019-02-26 01:45:00,5968.7
2019-02-26 02:00:00,5955.3
2019-02-26 02:15:00,5946.9
2019-02-26 02:30:00,5954.0
2019-02-26 02:45:00,5977.3
2019-02-26 03:00:00,5976.4
2019-02-26 03:15:00,5989.0
2019-02-26 03:30:00,5989.9
2019-02-26 03:45:00,6011.2
2019-02-26 04:00:00,6031.1
2019-02-26 04:15:00,6036.3
2019-02-26 04:30:00,6064.8
2019-02-26 04:45:00,6093.2
2019-02-26 05:00:00,6175.3
2019-02-26 05:15:00,6209.9
2019-02-26 05:30:00,6288.1
2019-02-26 05:45:00,6382.4
2019-02-26 06:00:00,6537.7
2019-02-26 06:15:00,6667.6
2019-02-26 06:30:00,6783.7
2019-02-26 06:45:00,6872.9
2019-02-26 07:00:00,6938.1
2019-02-26 07:15:00,6968.9
2019-02-26 07:30:00,7000.9
2019-02-26 07:45:00,7020.3
2019-02-26 08:00:00,7057.5
2019-02-26 08:15:00,7068.1
2019-02-26 08:30:00,7067.6
2019-02-26 08:45:00,7044.9
2019-02-26 09:00:00,7020.9
2019-02-26 09:15:00,7055.7
2019-02-26 09:30:00,7059.3
2019-02-26 09:45:00,7050.7
2019-02-26 10:00:00,7059.7
2019-02-26 10:15:00,7048.7
2019-02-26 10:30:00,7051.5
2019-02-26 10:45:00,7062.3
2019-02-26 11:00:00,7080.4
2019-02-26 11:15:00,7046.0
2019-02-26 11:30:00,7048.9
2019-02-26 11:45:00,7043.0
2019-02-26 12:00:00,7050.9
2019-02-26 12:15:00,7019.6
2019-02-26 12:30:00,7018.1
2019-02-26 12:45:00,6997.6
2019-02-26 13:00:00,7008.4
2019-02-26 13:15:00,6994.3
2019-02-26 13:30:00,6968.5
2019-02-26 13:45:00,6933.3
2019-02-26 14:00:00,6927.1
2019-02-26 14:15:00,6925.1
2019-02-26 14:30:00,6885.0
2019-02-26 14:45:00,6877.5
2019-02-26 15:00:00,6872.2
2019-02-26 15:15:00,6854.4
2019-02-26 15:30:00,6826.9
2019-02-26 15:45:00,6818.7
2019-02-26 16:00:00,6798.5
2019-02-26 16:15:00,6780.8
2019-02-26 16:30:00,6778.9
2019-02-26 16:45:00,6794.9
2019-02-26 17:00:00,6804.0
2019-02-26 17:15:00,6833.0
2019-02-26 17:30:00,6876.9
2019-02-26 17:45:00,6930.8
2019-02-26 18:00:00,6978.6
2019-02-26 18:15:00,7061.7
2019-02-26 18:30:00,7125.3
2019-02-26 18:45:00,7144.1
2019-02-26 19:00:00,7124.7
2019-02-26 19:15:00,7071.4
2019-02-26 19:30:00,7023.1
2019-02-26 19:45:00,6992.5
2019-02-26 20:00:00,6937.7
2019-02-26 20:15:00,6859.9
2019-02-26 20:30:00,6810.1
2019-02-26 20:45:00,6745.4
2019-02-26 21:00:00,6711.0
2019-02-26 21:15:00,6653.5
2019-02-26 21:30:00,6600.7
2019-02-26 21:45:00,6539.4
2019-02-26 22:00:00,6533.0
2019-02-26 22:15:00,6485.5
2019-02-26 22:30:00,6416.3
2019-02-26 22:45:00,6361.2
2019-02-26 23:00:00,6309.5
2019-02-26 23:15:00,6236.6
2019-02-26 23:30:00,6189.4
2019-02-26 23:45:00,6151.3
2019-02-27 00:00:00,6094.1
2019-02-27 00:15:00,6058.6
2019-02-27 00:30:00,6039.2
2019-02-27 00:45:00,6020.0
2019-02-27 01:00:00,5990.1
2019-02-27 01:15:00,5976.7
2019-02-27 01:30:00,5960.8
2019-02-27 01:45:00,5950.7
2019-02-27 02:00:00,5944.5
2019-02-27 02:15:00,5939.2
2019-02-27 02:30:00,5939.6
2019-02-27 02:45:00,5950.2
2019-02-27 03:00:00,5978.0
2019-02-27 03:15:00,5996.3
2019-02-27 03:30:00,6008.4
2019-02-27 03:45:00,6024.4
2019-02-27 04:00:00,6056.4
2019-02-27 04:15:00,6077.5
2019-02-27 04:30:00,6108.8
2019-02-27 04:45:00,6147.8
2019-02-27 05:00:00,6207.0
2019-02-27 05:15:00,6256.4
2019-02-27 05:30:00,6320.0
2019-02-27 05:45:00,6400.2
2019-02-27 06:00:00,6549.3
2019-02-27 06:15:00,6669.8
2019-02-27 06:30:00,6783.9
2019-02-27 06:45:00,6863.9
2019-02-27 07:00:00,6921.6
2019-02-27 07:15:00,6961.2
2019-02-27 07:30:00,6990.3
2019-02-27 07:45:00,7027.3
2019-02-27 08:00:00,7049.8
2019-02-27 08:15:00,7064.8
2019-02-27 08:30:00,7079.7
2019-02-27 08:45:00,7074.2
2019-02-27 09:00:00,7060.1
2019-02-27 09:15:00,7062.1
2019-02-27 09:30:00,7085.7
2019-02-27 09:45:00,7093.4
2019-02-27 10:00:00,7105.9
2019-02-27 10:15:00,7107.7
2019-02-27 10:30:00,7111.5
2019-02-27 10:45:00,7101.3
2019-02-27 11:00:00,7108.8
2019-02-27 11:15:00,7115.0
2019-02-27 11:30:00,7113.2
2019-02-27 11:45:00,7095.6
2019-02-27 12:00:00,7059.9
2019-02-27 12:15:00,7040.7
2019-02-27 12:30:00,7040.5
2019-02-27 12:45:00,7023.6
2019-02-27 13:00:00,7013.7
2019-02-27 13:15:00,6997.4
2019-02-27 13:30:00,7003.5
2019-02-27 13:45:00,6962.6
2019-02-27 14:00:00,6959.3
2019-02-27 14:15:00,6945.4
2019-02-27 14:30:00,6918.9
2019-02-27 14:45:00,6885.7
2019-02-27 15:00:00,6889.0
2019-02-27 15:15:00,6869.2
2019-02-27 15:30:00,6853.3
2019-02-27 15:45:00,6824.0
2019-02-27 16:00:00,6811.5
2019-02-27 16:15:00,6809.9
2019-02-27 16:30:00,6801.3
2019-02-27 16:45:00,6812.8
2019-02-27 17:00:00,6836.8
2019-02-27 17:15:00,6855.1
2019-02-27 17:30:00,6904.8
2019-02-27 17:45:00,6967.2
2019-02-27 18:00:00,7047.4
2019-02-27 18:15:00,7127.8
2019-02-27 18:30:00,7198.0
2019-02-27 18:45:00,7223.8
2019-02-27 19:00:00,7211.0
2019-02-27 19:15:00,7174.0
2019-02-27 19:30:00,7147.4
2019-02-27 19:45:00,7096.3
2019-02-27 20:00:00,7050.4
2019-02-27 20:15:00,6999.1
2019-02-27 20:30:00,6948.9
2019-02-27 20:45:00,6878.6
2019-02-27 21:00:00,6818.9
2019-02-27 21:15:00,6767.4
2019-02-27 21:30:00,6702.4
2019-02-27 21:45:00,6639.9
2019-02-27 22:00:00,6625.3
2019-02-27 22:15:00,6581.3
2019-02-27 22:30:00,6518.3
2019-02-27 22:45:00,6458.6
2019-02-27 23:00:00,6418.7
2019-02-27 23:15:00,6361.2
2019-02-27 23:30:00,6320.9
2019-02-27 23:45:00,6281.7
2019-02-28 00:00:00,6204.0
2019-02-28 00:15:00,6181.5
2019-02-28 00:30:00,6154.6
2019-02-28 00:45:00,6110.8
2019-02-28 01:00:00,6087.2
2019-02-28 01:15:00,6054.8
2019-02-28 01:30:00,6044.7
2019-02-28 01:45:00,6021.8
2019-02-28 02:00:00,6009.3
2019-02-28 02:15:00,6003.5
2019-02-28 02:30:00,6019.4
2019-02-28 02:45:00,6012.1
2019-02-28 03:00:00,6028.0
2019-02-28 03:15:00,6049.6
2019-02-28 03:30:00,6050.7
2019-02-28 03:45:00,6061.9
2019-02-28 04:00:00,6091.4
2019-02-28 04:15:00,6106.6
2019-02-28 04:30:00,6133.7
2019-02-28 04:45:00,6149.1
2019-02-28 05:00:00,6222.0
2019-02-28 05:15:00,6247.8
2019-02-28 05:30:00,6285.7
2019-02-28 05:45:00,6353.1
2019-02-28 06:00:00,6513.0
2019-02-28 06:15:00,6640.7
2019-02-28 06:30:00,6745.6
2019-02-28 06:45:00,6823.3
2019-02-28 07:00:00,6912.1
2019-02-28 07:15:00,6954.8
2019-02-28 07:30:00,6985.2
2019-02-28 07:45:00,7010.1
2019-02-28 08:00:00,7049.3
2019-02-28 08:15:00,7070.9
2019-02-28 08:30:00,7075.8
2019-02-28 08:45:00,7066.3
2019-02-28 09:00:00,7039.6
2019-02-28 09:15:00,7061.9
2019-02-28 09:30:00,7072.2
2019-02-28 09:45:00,7093.8
2019-02-28 10:00:00,7063.0
2019-02-28 10:15:00,7051.1
2019-02-28 10:30:00,7063.0
2019-02-28 10:45:00,7070.5
2019-02-28 11:00:00,7088.5
2019-02-28 11:15:00,7078.4
2019-02-28 11:30:00,7095.6
2019-02-28 11:45:00,7088.8
2019-02-28 12:00:00,7066.1
2019-02-28 12:15:00,7028.4
2019-02-28 12:30:00,7010.4
2019-02-28 12:45:00,7015.0
2019-02-28 13:00:00,7000.7
2019-02-28 13:15:00,6995.4
2019-02-28 13:30:00,6956.8
2019-02-28 13:45:00,6909.7
2019-02-28 14:00:00,6926.2
2019-02-28 14:15:00,6901.5
2019-02-28 14:30:00,6902.4
2019-02-28 14:45:00,6904.0
2019-02-28 15:00:00,6926.4
2019-02-28 15:15:00,6924.7
2019-02-28 15:30:00,6916.5
2019-02-28 15:45:00,6913.9
2019-02-28 16:00:00,6901.3
2019-02-28 16:15:00,6891.0
2019-02-28 16:30:00,6880.0
2019-02-28 16:45:00,6889.6
2019-02-28 17:00:00,6929.5
2019-02-28 17:15:00,6952.4
2019-02-28 17:30:00,6983.5
2019-02-28 17:45:00,7016.1
2019-02-28 18:00:00,7074.7
2019-02-28 18:15:00,7130.4
2019-02-28 18:30:00,7167.4
2019-02-28 18:45:00,7176.9
2019-02-28 19:00:00,7157.5
2019-02-28 19:15:00,7118.1
2019-02-28 19:30:00,7093.0
2019-02-28 19:45:00,7042.3
2019-02-28 20:00:00,6979.7
2019-02-28 20:15:00,6900.4
2019-02-28 20:30:00,6830.0
2019-02-28 20:45:00,6781.5
2019-02-28 21:00:00,6739.4
2019-02-28 21:15:00,6689.2
2019-02-28 21:30:00,6631.1
2019-02-28 21:45:00,6581.7
2019-02-28 22:00:00,6552.9
2019-02-28 22:15:00,6495.4
2019-02-28 22:30:00,6436.6
2019-02-28 22:45:00,6378.2
2019-02-28 23:00:00,6316.3
2019-02-28 23:15:00,6259.3
2019-02-28 23:30:00,6193.2
2019-02-28 23:45:00,6136.1
2019-03-01 00:00:00,6098.7
2019-03-01 00:15:00,6066.1
2019-03-01 00:30:00,6037.2
2019-03-01 00:45:00,6015.4
2019-03-01 01:00:00,5991.0
2019-03-01 01:15:00,5970.7
2019-03-01 01:30:00,5963.7
2019-03-01 01:45:00,5944.1
2019-03-01 02:00:00,5921.8
2019-03-01 02:15:00,5911.0
2019-03-01 02:30:00,5923.6
2019-03-01 02:45:00,5918.7
2019-03-01 03:00:00,5911.7
2019-03-01 03:15:00,5919.8
2019-03-01 03:30:00,5931.7
2019-03-01 03:45:00,5949.3
2019-03-01 04:00:00,5979.7
2019-03-01 04:15:00,6000.7
2019-03-01 04:30:00,6033.7
2019-03-01 04:45:00,6061.2
2019-03-01 05:00:00,6133.7
2019-03-01 05:15:00,6165.4
2019-03-01 05:30:00,6248.7
2019-03-01 05:45:00,6332.6
2019-03-01 06:00:00,6472.0
2019-03-01 06:15:00,6594.1
2019-03-01 06:30:00,6698.9
2019-03-01 06:45:00,6782.4
2019-03-01 07:00:00,6857.0
2019-03-01 07:15:00,6900.2
2019-03-01 07:30:00,6953.7
2019-03-01 07:45:00,7000.2
2019-03-01 08:00:00,7048.5
2019-03-01 08:15:00,7077.1
2019-03-01 08:30:00,7098.9
2019-03-01 08:45:00,7118.5
2019-03-01 09:00:00,7106.2
2019-03-01 09:15:00,7132.2
2019-03-01 09:30:00,7154.2
2019-03-01 09:45:00,7182.2
2019-03-01 10:00:00,7200.2
2019-03-01 10:15:00,7220.3
2019-03-01 10:30:00,7229.3
2019-03-01 10:45:00,7246.9
2019-03-01 11:00:00,7254.6
2019-03-01 11:15:00,7275.3
2019-03-01 11:30:00,7281.3
2019-03-01 11:45:00,7271.4
2019-03-01 12:00:00,7247.6
2019-03-01 12:15:00,7226.2
2019-03-01 12:30:00,7207.9
2019-03-01 12:45:00,7196.7
2019-03-01 13:00:00,7189.2
2019-03-01 13:15:00,7152.9
2019-03-01 13:30:00,7130.8
2019-03-01 13:45:00,7083.7
2019-03-01 14:00:00,7069.6
2019-03-01 14:15:00,7043.4
2019-03-01 14:30:00,7028.4
2019-03-01 14:45:00,7015.2
2019-03-01 15:00:00,7017.2
2019-03-01 15:15:00,6991.4
2019-03-01 15:30:00,6970.0
2019-03-01 15:45:00,6939.0
2019-03-01 16:00:00,6945.6
2019-03-01 16:15:00,6929.7
2019-03-01 16:30:00,6917.4
2019-03-01 16:45:00,6915.6
2019-03-01 17:00:00,6936.1
2019-03-01 17:15:00,6946.3
2019-03-01 17:30:00,6958.1
2019-03-01 17:45:00,7005.7
2019-03-01 18:00:00,7009.0
2019-03-01 18:15:00,7043.2
2019-03-01 18:30:00,7072.0
2019-03-01 18:45:00,7058.6
2019-03-01 19:00:00,7039.4
2019-03-01 19:15:00,6994.1
2019-03-01 19:30:00,6954.8
2019-03-01 19:45:00,6907.9
2019-03-01 20:00:00,6833.3
2019-03-01 20:15:00,6784.6
2019-03-01 20:30:00,6707.7
2019-03-01 20:45:00,6637.9
2019-03-01 21:00:00,6605.5
2019-03-01 21:15:00,6582.4
2019-03-01 21:30:00,6528.4
2019-03-01 21:45:00,6482.8
2019-03-01 22:00:00,6459.9
2019-03-01 22:15:00,6425.8
2019-03-01 22:30:00,6374.2
2019-03-01 22:45:00,6333.9
2019-03-01 23:00:00,6265.0
2019-03-01 23:15:00,6221.6
2019-03-01 23:30:00,6153.3
2019-03-01 23:45:00,6129.5
2019-03-02 00:00:00,6104.8
2019-03-02 00:15:00,6062.3
2019-03-02 00:30:00,6027.8
2019-03-02 00:45:00,5987.9
2019-03-02 01:00:00,5953.5
2019-03-02 01:15:00,5931.1
2019-03-02 01:30:00,5898.5
2019-03-02 01:45:00,5890.1
2019-03-02 02:00:00,5872.2
2019-03-02 02:15:00,5867.4
2019-03-02 02:30:00,5863.0
2019-03-02 02:45:00,5855.1
2019-03-02 03:00:00,5854.0
2019-03-02 03:15:00,5846.3
2019-03-02 03:30:00,5840.7
2019-03-02 03:45:00,5825.8
2019-03-02 04:00:00,5839.0
2019-03-02 04:15:00,5829.7
2019-03-02 04:30:00,5833.0
2019-03-02 04:45:00,5838.5
2019-03-02 05:00:00,5854.2
2019-03-02 05:15:00,5842.5
2019-03-02 05:30:00,5834.1
2019-03-02 05:45:00,5842.1
2019-03-02 06:00:00,5871.1
2019-03-02 06:15:00,5895.6
2019-03-02 06:30:00,5934.4
2019-03-02 06:45:00,5961.2
2019-03-02 07:00:00,6006.6
2019-03-02 07:15:00,6050.7
2019-03-02 07:30:00,6104.2
2019-03-02 07:45:00,6180.6
2019-03-02 08:00:00,6241.4
2019-03-02 08:15:00,6301.5
2019-03-02 08:30:00,6363.2
2019-03-02 08:45:00,6394.3
2019-03-02 09:00:00,6438.1
2019-03-02 09:15:00,6484.1
2019-03-02 09:30:00,6512.8
2019-03-02 09:45:00,6545.2
2019-03-02 10:00:00,6554.2
2019-03-02 10:15:00,6572.5
2019-03-02 10:30:00,6596.9
2019-03-02 10:45:00,6585.5
2019-03-02 11:00:00,6602.2
2019-03-02 11:15:00,6616.7
2019-03-02 11:30:00,6611.2
2019-03-02 11:45:00,6600.0
2019-03-02 12:00:00,6561.2
2019-03-02 12:15:00,6548.2
2019-03-02 12:30:00,6533.5
2019-03-02 12:45:00,6500.2
2019-03-02 13:00:00,6454.8
2019-03-02 13:15:00,6438.5
2019-03-02 13:30:00,6404.4
2019-03-02 13:45:00,6379.5
2019-03-02 14:00:00,6344.5
2019-03-02 14:15:00,6318.7
2019-03-02 14:30:00,6308.1
2019-03-02 14:45:00,6299.3
2019-03-02 15:00:00,6306.6
2019-03-02 15:15:00,6290.1
2019-03-02 15:30:00,6280.6
2019-03-02 15:45:00,6275.6
2019-03-02 16:00:00,6272.7
2019-03-02 16:15:00,6285.9
2019-03-02 16:30:00,6277.3
2019-03-02 16:45:00,6295.6
2019-03-02 17:00:00,6330.0
2019-03-02 17:15:00,6371.8
2019-03-02 17:30:00,6426.4
2019-03-02 17:45:00,6484.4
2019-03-02 18:00:00,6554.0
2019-03-02 18:15:00,6603.7
2019-03-02 18:30:00,6620.9
2019-03-02 18:45:00,6611.5
2019-03-02 19:00:00,6617.2
2019-03-02 19:15:00,6607.7
2019-03-02 19:30:00,6564.3
2019-03-02 19:45:00,6523.6
2019-03-02 20:00:00,6451.5
2019-03-02 20:15:00,6394.1
2019-03-02 20:30:00,6331.3
2019-03-02 20:45:00,6247.6
2019-03-02 21:00:00,6238.5
2019-03-02 21:15:00,6200.9
2019-03-02 21:30:00,6165.9
2019-03-02 21:45:00,6134.4
2019-03-02 22:00:00,6151.1
2019-03-02 22:15:00,6121.4
2019-03-02 22:30:00,6070.7
2019-03-02 22:45:00,6019.8
2019-03-02 23:00:00,5978.2
2019-03-02 23:15:00,5943.4
2019-03-02 23:30:00,5911.5
2019-03-02 23:45:00,5878.4
2019-03-03 00:00:00,5835.0
2019-03-03 00:15:00,5796.0
2019-03-03 00:30:00,5762.8
2019-03-03 00:45:00,5737.2
2019-03-03 01:00:00,5703.3
2019-03-03 01:15:00,5665.4
2019-03-03 01:30:00,5642.1
2019-03-03 01:45:00,5624.2
2019-03-03 02:00:00,5624.2
2019-03-03 02:15:00,5603.7
2019-03-03 02:30:00,5607.0
2019-03-03 02:45:00,5611.0
2019-03-03 03:00:00,5609.5
2019-03-03 03:15:00,5611.9
2019-03-03 03:30:00,5615.2
2019-03-03 03:45:00,5626.2
2019-03-03 04:00:00,5650.0
2019-03-03 04:15:00,5649.6
2019-03-03 04:30:00,5655.3
2019-03-03 04:45:00,5658.6
2019-03-03 05:00:00,5677.3
2019-03-03 05:15:00,5663.4
2019-03-03 05:30:00,5659.3
2019-03-03 05:45:00,5652.4
2019-03-03 06:00:00,5655.3
2019-03-03 06:15:00,5663.0
2019-03-03 06:30:00,5671.1
2019-03-03 06:45:00,5685.9
2019-03-03 07:00:00,5695.2
2019-03-03 07:15:00,5717.4
2019-03-03 07:30:00,5750.9
2019-03-03 07:45:00,5813.2
2019-03-03 08:00:00,5867.6
2019-03-03 08:15:00,5929.7
2019-03-03 08:30:00,5976.4
2019-03-03 08:45:00,6017.6
2019-03-03 09:00:00,6074.7
2019-03-03 09:15:00,6094.9
2019-03-03 09:30:00,6109.9
2019-03-03 09:45:00,6152.4
2019-03-03 10:00:00,6175.1
2019-03-03 10:15:00,6213.2
2019-03-03 10:30:00,6234.1
2019-03-03 10:45:00,6281.9
2019-03-03 11:00:00,6302.4
2019-03-03 11:15:00,6339.2
2019-03-03 11:30:00,6357.7
2019-03-03 11:45:00,6349.3
2019-03-03 12:00:00,6336.1
2019-03-03 12:15:00,6321.4
2019-03-03 12:30:00,6286.8
2019-03-03 12:45:00,6252.0
2019-03-03 13:00:00,6210.1
2019-03-03 13:15:00,6182.2
2019-03-03 13:30:00,6151.3
2019-03-03 13:45:00,6128.9
2019-03-03 14:00:00,6113.9
2019-03-03 14:15:00,6096.3
2019-03-03 14:30:00,6077.1
2019-03-03 14:45:00,6066.5
2019-03-03 15:00:00,6073.1
2019-03-03 15:15:00,6074.9
2019-03-03 15:30:00,6076.4
2019-03-03 15:45:00,6065.2
2019-03-03 16:00:00,6060.1
2019-03-03 16:15:00,6060.1
2019-03-03 16:30:00,6092.3
2019-03-03 16:45:00,6111.5
2019-03-03 17:00:00,6136.1
2019-03-03 17:15:00,6141.9
2019-03-03 17:30:00,6188.8
2019-03-03 17:45:00,6248.9
2019-03-03 18:00:00,6344.3
2019-03-03 18:15:00,6389.0
2019-03-03 18:30:00,6416.1
2019-03-03 18:45:00,6419.8
2019-03-03 19:00:00,6437.7
2019-03-03 19:15:00,6409.5
2019-03-03 19:30:00,6377.8
2019-03-03 19:45:00,6357.5
2019-03-03 20:00:00,6315.0
2019-03-03 20:15:00,6268.5
2019-03-03 20:30:00,6219.8
2019-03-03 20:45:00,6182.6
2019-03-03 21:00:00,6181.1
2019-03-03 21:15:00,6152.4
2019-03-03 21:30:00,6136.3
2019-03-03 21:45:00,6142.3
2019-03-03 22:00:00,6179.3
2019-03-03 22:15:00,6141.4
2019-03-03 22:30:00,6105.7
2019-03-03 22:45:00,6074.0
2019-03-03 23:00:00,6026.4
2019-03-03 23:15:00,5996.3
2019-03-03 23:30:00,5944.7
2019-03-03 23:45:00,5910.6
2019-03-04 00:00:00,5921.1
2019-03-04 00:15:00,5887.7
2019-03-04 00:30:00,5870.0
2019-03-04 00:45:00,5836.6
2019-03-04 01:00:00,5813.4
2019-03-04 01:15:00,5781.7
2019-03-04 01:30:00,5763.9
2019-03-04 01:45:00,5753.7
2019-03-04 02:00:00,5743.8
2019-03-04 02:15:00,5748.0
2019-03-04 02:30:00,5749.6
2019-03-04 02:45:00,5767.8
2019-03-04 03:00:00,5789.0
2019-03-04 03:15:00,5817.6
2019-03-04 03:30:00,5826.7
2019-03-04 03:45:00,5820.9
2019-03-04 04:00:00,5850.9
2019-03-04 04:15:00,5886.1
2019-03-04 04:30:00,5927.3
2019-03-04 04:45:00,5966.1
2019-03-04 05:00:00,6016.1
2019-03-04 05:15:00,6061.5
2019-03-04 05:30:00,6130.2
2019-03-04 05:45:00,6211.9
2019-03-04 06:00:00,6364.3
2019-03-04 06:15:00,6501.5
2019-03-04 06:30:00,6590.1
2019-03-04 06:45:00,6649.3
2019-03-04 07:00:00,6743.0
2019-03-04 07:15:00,6781.9
2019-03-04 07:30:00,6833.5
2019-03-04 07:45:00,6892.3
2019-03-04 08:00:00,6944.5
2019-03-04 08:15:00,6991.4
2019-03-04 08:30:00,7030.4
2019-03-04 08:45:00,7041.0
2019-03-04 09:00:00,7026.9
2019-03-04 09:15:00,7057.5
2019-03-04 09:30:00,7081.1
2019-03-04 09:45:00,7093.2
2019-03-04 10:00:00,7086.1
2019-03-04 10:15:00,7100.2
2019-03-04 10:30:00,7124.7
2019-03-04 10:45:00,7131.5
2019-03-04 11:00:00,7147.4
2019-03-04 11:15:00,7175.6
2019-03-04 11:30:00,7206.8
2019-03-04 11:45:00,7204.2
2019-03-04 12:00:00,7153.3
2019-03-04 12:15:00,7121.6
2019-03-04 12:30:00,7093.8
2019-03-04 12:45:00,7086.1
2019-03-04 13:00:00,7065.2
2019-03-04 13:15:00,7049.6
2019-03-04 13:30:00,7047.1
2019-03-04 13:45:00,7002.9
2019-03-04 14:00:00,6993.0
2019-03-04 14:15:00,6987.9
2019-03-04 14:30:00,6961.9
2019-03-04 14:45:00,6961.7
2019-03-04 15:00:00,6994.9
2019-03-04 15:15:00,6975.3
2019-03-04 15:30:00,6941.4
2019-03-04 15:45:00,6921.4
2019-03-04 16:00:00,6906.6
2019-03-04 16:15:00,6904.6
2019-03-04 16:30:00,6894.1
2019-03-04 16:45:00,6892.1
2019-03-04 17:00:00,6923.8
2019-03-04 17:15:00,6940.3
2019-03-04 17:30:00,6970.5
2019-03-04 17:45:00,7011.5
2019-03-04 18:00:00,7057.7
2019-03-04 18:15:00,7104.2
2019-03-04 18:30:00,7153.7
2019-03-04 18:45:00,7170.9
2019-03-04 19:00:00,7163.0
2019-03-04 19:15:00,7131.7
2019-03-04 19:30:00,7100.9
2019-03-04 19:45:00,7044.7
2019-03-04 20:00:00,6959.0
2019-03-04 20:15:00,6901.1
2019-03-04 20:30:00,6840.7
2019-03-04 20:45:00,6784.4
2019-03-04 21:00:00,6736.1
2019-03-04 21:15:00,6694.7
2019-03-04 21:30:00,6641.6
2019-03-04 21:45:00,6596.5
2019-03-04 22:00:00,6568.3
2019-03-04 22:15:00,6546.3
2019-03-04 22:30:00,6488.8
2019-03-04 22:45:00,6441.2
2019-03-04 23:00:00,6367.6
2019-03-04 23:15:00,6309.5
2019-03-04 23:30:00,6261.9
2019-03-04 23:45:00,6218.3
2019-03-05 00:00:00,6184.1
2019-03-05 00:15:00,6123.3
2019-03-05 00:30:00,6117.0
2019-03-05 00:45:00,6099.8
2019-03-05 01:00:00,6084.4
2019-03-05 01:15:00,6068.7
2019-03-05 01:30:00,6039.4
2019-03-05 01:45:00,6031.7
2019-03-05 02:00:00,6021.8
2019-03-05 02:15:00,6011.7
2019-03-05 02:30:00,6018.7
2019-03-05 02:45:00,6003.3
2019-03-05 03:00:00,6018.9
2019-03-05 03:15:00,6032.4
2019-03-05 03:30:00,6039.4
2019-03-05 03:45:00,6055.1
2019-03-05 04:00:00,6071.6
2019-03-05 04:15:00,6095.2
2019-03-05 04:30:00,6118.1
2019-03-05 04:45:00,6131.9
2019-03-05 05:00:00,6219.8
2019-03-05 05:15:00,6261.7
2019-03-05 05:30:00,6319.2
2019-03-05 05:45:00,6380.0
2019-03-05 06:00:00,6509.9
2019-03-05 06:15:00,6628.6
2019-03-05 06:30:00,6708.6
2019-03-05 06:45:00,6768.7
2019-03-05 07:00:00,6846.3
2019-03-05 07:15:00,6909.0
2019-03-05 07:30:00,6942.1
2019-03-05 07:45:00,6998.9
2019-03-05 08:00:00,7032.4
2019-03-05 08:15:00,7075.1
2019-03-05 08:30:00,7109.9
2019-03-05 08:45:00,7118.9
2019-03-05 09:00:00,7097.1
2019-03-05 09:15:00,7103.3
2019-03-05 09:30:00,7149.8
2019-03-05 09:45:00,7175.3
2019-03-05 10:00:00,7181.5
2019-03-05 10:15:00,7176.7
2019-03-05 10:30:00,7183.9
2019-03-05 10:45:00,7198.7
2019-03-05 11:00:00,7206.4
2019-03-05 11:15:00,7220.9
2019-03-05 11:30:00,7233.7
2019-03-05 11:45:00,7221.4
2019-03-05 12:00:00,7208.4
2019-03-05 12:15:00,7189.0
2019-03-05 12:30:00,7190.5
2019-03-05 12:45:00,7186.6
2019-03-05 13:00:00,7175.6
2019-03-05 13:15:00,7141.0
2019-03-05 13:30:00,7112.8
2019-03-05 13:45:00,7063.7
2019-03-05 14:00:00,7064.5
2019-03-05 14:15:00,7063.0
2019-03-05 14:30:00,7038.3
2019-03-05 14:45:00,7017.2
2019-03-05 15:00:00,7008.1
2019-03-05 15:15:00,6995.2
2019-03-05 15:30:00,6980.4
2019-03-05 15:45:00,6959.7
2019-03-05 16:00:00,6952.0
2019-03-05 16:15:00,6933.5
2019-03-05 16:30:00,6926.4
2019-03-05 16:45:00,6920.5
2019-03-05 17:00:00,6931.3
2019-03-05 17:15:00,6965.4
2019-03-05 17:30:00,6989.6
2019-03-05 17:45:00,7018.5
2019-03-05 18:00:00,7059.5
2019-03-05 18:15:00,7117.8
2019-03-05 18:30:00,7184.1
2019-03-05 18:45:00,7194.1
2019-03-05 19:00:00,7192.7
2019-03-05 19:15:00,7149.1
2019-03-05 19:30:00,7105.9
2019-03-05 19:45:00,7070.0
2019-03-05 20:00:00,7013.0
2019-03-05 20:15:00,6952.9
2019-03-05 20:30:00,6880.0
2019-03-05 20:45:00,6821.4
2019-03-05 21:00:00,6770.9
2019-03-05 21:15:00,6733.0
2019-03-05 21:30:00,6685.5
2019-03-05 21:45:00,6640.3
2019-03-05 22:00:00,6621.6
2019-03-05 22:15:00,6566.3
2019-03-05 22:30:00,6528.2
2019-03-05 22:45:00,6470.5
2019-03-05 23:00:00,6400.2
2019-03-05 23:15:00,6321.1
2019-03-05 23:30:00,6263.9
2019-03-05 23:45:00,6222.9
2019-03-06 00:00:00,6160.8
2019-03-06 00:15:00,6115.6
2019-03-06 00:30:00,6073.8
2019-03-06 00:45:00,6052.0
2019-03-06 01:00:00,6005.9
2019-03-06 01:15:00,5984.4
2019-03-06 01:30:00,5970.7
2019-03-06 01:45:00,5966.5
2019-03-06 02:00:00,5943.2
2019-03-06 02:15:00,5934.8
2019-03-06 02:30:00,5948.7
2019-03-06 02:45:00,5959.3
2019-03-06 03:00:00,5964.3
2019-03-06 03:15:00,5971.8
2019-03-06 03:30:00,5991.9
2019-03-06 03:45:00,6007.7
2019-03-06 04:00:00,6032.6
2019-03-06 04:15:00,6061.9
2019-03-06 04:30:00,6106.8
2019-03-06 04:45:00,6136.8
2019-03-06 05:00:00,6202.0
2019-03-06 05:15:00,6240.3
2019-03-06 05:30:00,6280.6
2019-03-06 05:45:00,6368.1
2019-03-06 06:00:00,6484.6
2019-03-06 06:15:00,6607.0
2019-03-06 06:30:00,6720.0
2019-03-06 06:45:00,6788.1
2019-03-06 07:00:00,6871.6
2019-03-06 07:15:00,6915.6
2019-03-06 07:30:00,6939.2
2019-03-06 07:45:00,6974.7
2019-03-06 08:00:00,7014.1
2019-03-06 08:15:00,7050.4
2019-03-06 08:30:00,7077.8
2019-03-06 08:45:00,7091.6
2019-03-06 09:00:00,7074.9
2019-03-06 09:15:00,7089.4
2019-03-06 09:30:00,7108.8
2019-03-06 09:45:00,7098.9
2019-03-06 10:00:00,7082.8
2019-03-06 10:15:00,7072.5
2019-03-06 10:30:00,7081.9
2019-03-06 10:45:00,7102.9
2019-03-06 11:00:00,7115.6
2019-03-06 11:15:00,7143.8
2019-03-06 11:30:00,7160.8
2019-03-06 11:45:00,7167.8
2019-03-06 12:00:00,7150.0
2019-03-06 12:15:00,7119.4
2019-03-06 12:30:00,7120.5
2019-03-06 12:45:00,7117.2
2019-03-06 13:00:00,7127.8
2019-03-06 13:15:00,7115.4
2019-03-06 13:30:00,7092.5
2019-03-06 13:45:00,7074.2
2019-03-06 14:00:00,7057.7
2019-03-06 14:15:00,7054.0
2019-03-06 14:30:00,7037.7
2019-03-06 14:45:00,7043.0
2019-03-06 15:00:00,7059.7
2019-03-06 15:15:00,7055.7
2019-03-06 15:30:00,7030.0
2019-03-06 15:45:00,7004.6
2019-03-06 16:00:00,6986.6
2019-03-06 16:15:00,6960.8
2019-03-06 16:30:00,6943.8
2019-03-06 16:45:00,6938.5
2019-03-06 17:00:00,6972.0
2019-03-06 17:15:00,6985.7
2019-03-06 17:30:00,7036.1
2019-03-06 17:45:00,7068.3
2019-03-06 18:00:00,7140.1
2019-03-06 18:15:00,7199.6
2019-03-06 18:30:00,7251.1
2019-03-06 18:45:00,7255.3
2019-03-06 19:00:00,7264.8
2019-03-06 19:15:00,7222.9
2019-03-06 19:30:00,7184.6
2019-03-06 19:45:00,7139.6
2019-03-06 20:00:00,7077.8
2019-03-06 20:15:00,7005.7
2019-03-06 20:30:00,6944.5
2019-03-06 20:45:00,6881.5
2019-03-06 21:00:00,6802.2
2019-03-06 21:15:00,6754.0
2019-03-06 21:30:00,6693.8
2019-03-06 21:45:00,6651.1
2019-03-06 22:00:00,6608.8
2019-03-06 22:15:00,6575.1
2019-03-06 22:30:00,6511.2
2019-03-06 22:45:00,6453.5
2019-03-06 23:00:00,6385.5
2019-03-06 23:15:00,6322.0
2019-03-06 23:30:00,6289.4
2019-03-06 23:45:00,6219.6
2019-03-07 00:00:00,6199.8
2019-03-07 00:15:00,6143.8
2019-03-07 00:30:00,6128.9
2019-03-07 00:45:00,6109.7
2019-03-07 01:00:00,6055.5
2019-03-07 01:15:00,6029.5
2019-03-07 01:30:00,6013.4
2019-03-07 01:45:00,5982.6
2019-03-07 02:00:00,5947.4
2019-03-07 02:15:00,5935.7
2019-03-07 02:30:00,5937.7
2019-03-07 02:45:00,5943.2
2019-03-07 03:00:00,5937.7
2019-03-07 03:15:00,5945.2
2019-03-07 03:30:00,5945.4
2019-03-07 03:45:00,5957.9
2019-03-07 04:00:00,5970.7
2019-03-07 04:15:00,5988.3
2019-03-07 04:30:00,6034.4
2019-03-07 04:45:00,6070.7
2019-03-07 05:00:00,6140.1
2019-03-07 05:15:00,6184.1
2019-03-07 05:30:00,6243.6
2019-03-07 05:45:00,6314.8
2019-03-07 06:00:00,6470.5
2019-03-07 06:15:00,6608.8
2019-03-07 06:30:00,6708.6
2019-03-07 06:45:00,6777.5
2019-03-07 07:00:00,6865.9
2019-03-07 07:15:00,6917.6
2019-03-07 07:30:00,6948.5
2019-03-07 07:45:00,6995.6
2019-03-07 08:00:00,7058.6
2019-03-07 08:15:00,7088.3
2019-03-07 08:30:00,7095.6
2019-03-07 08:45:00,7113.2
2019-03-07 09:00:00,7090.5
2019-03-07 09:15:00,7118.7
2019-03-07 09:30:00,7148.2
2019-03-07 09:45:00,7159.9
2019-03-07 10:00:00,7181.9
2019-03-07 10:15:00,7187.9
2019-03-07 10:30:00,7204.8
2019-03-07 10:45:00,7209.5
2019-03-07 11:00:00,7206.4
2019-03-07 11:15:00,7194.9
2019-03-07 11:30:00,7205.9
2019-03-07 11:45:00,7201.3
2019-03-07 12:00:00,7192.3
2019-03-07 12:15:00,7187.7
2019-03-07 12:30:00,7184.4
2019-03-07 12:45:00,7167.6
2019-03-07 13:00:00,7177.5
2019-03-07 13:15:00,7146.3
2019-03-07 13:30:00,7120.0
2019-03-07 13:45:00,7109.7
2019-03-07 14:00:00,7096.0
2019-03-07 14:15:00,7102.0
2019-03-07 14:30:00,7084.6
2019-03-07 14:45:00,7059.7
2019-03-07 15:00:00,7073.1
2019-03-07 15:15:00,7077.5
2019-03-07 15:30:00,7039.9
2019-03-07 15:45:00,7008.4
2019-03-07 16:00:00,6997.6
2019-03-07 16:15:00,6993.4
2019-03-07 16:30:00,6976.0
2019-03-07 16:45:00,6965.0
2019-03-07 17:00:00,6993.0
2019-03-07 17:15:00,6978.2
2019-03-07 17:30:00,6989.0
2019-03-07 17:45:00,7039.9
2019-03-07 18:00:00,7077.3
2019-03-07 18:15:00,7137.0
2019-03-07 18:30:00,7215.0
2019-03-07 18:45:00,7242.7
2019-03-07 19:00:00,7236.8
2019-03-07 19:15:00,7212.1
2019-03-07 19:30:00,7190.5
2019-03-07 19:45:00,7158.6
2019-03-07 20:00:00,7068.1
2019-03-07 20:15:00,7004.2
2019-03-07 20:30:00,6943.2
2019-03-07 20:45:00,6887.7
2019-03-07 21:00:00,6827.5
2019-03-07 21:15:00,6779.7
2019-03-07 21:30:00,6724.4
2019-03-07 21:45:00,6678.2
2019-03-07 22:00:00,6647.8
2019-03-07 22:15:00,6605.7
2019-03-07 22:30:00,6544.3
2019-03-07 22:45:00,6471.1
2019-03-07 23:00:00,6417.6
2019-03-07 23:15:00,6376.7
2019-03-07 23:30:00,6341.2
2019-03-07 23:45:00,6288.3
2019-03-08 00:00:00,6239.6
2019-03-08 00:15:00,6189.0
2019-03-08 00:30:00,6160.6
2019-03-08 00:45:00,6130.0
2019-03-08 01:00:00,6079.3
2019-03-08 01:15:00,6055.9
2019-03-08 01:30:00,6037.4
2019-03-08 01:45:00,6030.8
2019-03-08 02:00:00,6004.6
2019-03-08 02:15:00,5993.6
2019-03-08 02:30:00,5996.5
2019-03-08 02:45:00,6010.8
2019-03-08 03:00:00,6036.3
2019-03-08 03:15:00,6038.8
2019-03-08 03:30:00,6068.5
2019-03-08 03:45:00,6082.8
2019-03-08 04:00:00,6107.7
2019-03-08 04:15:00,6118.9
2019-03-08 04:30:00,6146.3
2019-03-08 04:45:00,6179.1
2019-03-08 05:00:00,6245.2
2019-03-08 05:15:00,6285.2
2019-03-08 05:30:00,6332.2
2019-03-08 05:45:00,6399.6
2019-03-08 06:00:00,6552.0
2019-03-08 06:15:00,6655.3
2019-03-08 06:30:00,6729.3
2019-03-08 06:45:00,6784.6
2019-03-08 07:00:00,6844.9
2019-03-08 07:15:00,6898.7
2019-03-08 07:30:00,6950.2
2019-03-08 07:45:00,6996.3
2019-03-08 08:00:00,7042.3
2019-03-08 08:15:00,7066.3
2019-03-08 08:30:00,7082.6
2019-03-08 08:45:00,7078.9
2019-03-08 09:00:00,7070.7
2019-03-08 09:15:00,7116.7
2019-03-08 09:30:00,7128.6
2019-03-08 09:45:00,7152.2
2019-03-08 10:00:00,7135.0
2019-03-08 10:15:00,7162.6
2019-03-08 10:30:00,7181.7
2019-03-08 10:45:00,7193.8
2019-03-08 11:00:00,7192.3
2019-03-08 11:15:00,7212.6
2019-03-08 11:30:00,7207.5
2019-03-08 11:45:00,7200.0
2019-03-08 12:00:00,7167.6
2019-03-08 12:15:00,7163.9
2019-03-08 12:30:00,7133.9
2019-03-08 12:45:00,7106.2
2019-03-08 13:00:00,7101.8
2019-03-08 13:15:00,7069.6
2019-03-08 13:30:00,7040.5
2019-03-08 13:45:00,6980.6
2019-03-08 14:00:00,6961.9
2019-03-08 14:15:00,6933.3
2019-03-08 14:30:00,6909.3
2019-03-08 14:45:00,6893.6
2019-03-08 15:00:00,6898.5
2019-03-08 15:15:00,6885.7
2019-03-08 15:30:00,6854.6
2019-03-08 15:45:00,6807.0
2019-03-08 16:00:00,6815.4
2019-03-08 16:15:00,6804.6
2019-03-08 16:30:00,6791.6
2019-03-08 16:45:00,6805.1
2019-03-08 17:00:00,6827.3
2019-03-08 17:15:00,6820.9
2019-03-08 17:30:00,6844.7
2019-03-08 17:45:00,6871.6
2019-03-08 18:00:00,6908.4
2019-03-08 18:15:00,6963.2
2019-03-08 18:30:00,7008.8
2019-03-08 18:45:00,7027.1
2019-03-08 19:00:00,7029.5
2019-03-08 19:15:00,6996.0
2019-03-08 19:30:00,6965.4
2019-03-08 19:45:00,6899.6
2019-03-08 20:00:00,6845.8
2019-03-08 20:15:00,6792.5
2019-03-08 20:30:00,6719.6
2019-03-08 20:45:00,6657.7
2019-03-08 21:00:00,6622.7
2019-03-08 21:15:00,6570.3
2019-03-08 21:30:00,6528.4
2019-03-08 21:45:00,6474.2
2019-03-08 22:00:00,6458.1
2019-03-08 22:15:00,6406.6
2019-03-08 22:30:00,6364.8
2019-03-08 22:45:00,6314.5
2019-03-08 23:00:00,6256.4
2019-03-08 23:15:00,6198.7
2019-03-08 23:30:00,6167.2
2019-03-08 23:45:00,6110.8
2019-03-09 00:00:00,6104.0
2019-03-09 00:15:00,6057.5
2019-03-09 00:30:00,6025.8
2019-03-09 00:45:00,5984.6
2019-03-09 01:00:00,5948.9
2019-03-09 01:15:00,5947.1
2019-03-09 01:30:00,5923.6
2019-03-09 01:45:00,5895.2
2019-03-09 02:00:00,5866.1
2019-03-09 02:15:00,5857.5
2019-03-09 02:30:00,5861.5
2019-03-09 02:45:00,5859.5
2019-03-09 03:00:00,5868.9
2019-03-09 03:15:00,5871.6
2019-03-09 03:30:00,5877.8
2019-03-09 03:45:00,5891.2
2019-03-09 04:00:00,5895.6
2019-03-09 04:15:00,5898.9
2019-03-09 04:30:00,5922.2
2019-03-09 04:45:00,5919.4
2019-03-09 05:00:00,5932.6
2019-03-09 05:15:00,5948.2
2019-03-09 05:30:00,5943.2
2019-03-09 05:45:00,5959.0
2019-03-09 06:00:00,5980.8
2019-03-09 06:15:00,5997.1
2019-03-09 06:30:00,6032.8
2019-03-09 06:45:00,6048.5
2019-03-09 07:00:00,6087.4
2019-03-09 07:15:00,6136.1
2019-03-09 07:30:00,6189.2
2019-03-09 07:45:00,6243.6
2019-03-09 08:00:00,6287.0
2019-03-09 08:15:00,6318.7
2019-03-09 08:30:00,6376.7
2019-03-09 08:45:00,6413.7
2019-03-09 09:00:00,6453.7
2019-03-09 09:15:00,6478.2
2019-03-09 09:30:00,6515.9
2019-03-09 09:45:00,6549.3
2019-03-09 10:00:00,6563.0
2019-03-09 10:15:00,6574.0
2019-03-09 10:30:00,6593.4
2019-03-09 10:45:00,6620.9
2019-03-09 11:00:00,6629.5
2019-03-09 11:15:00,6637.0
2019-03-09 11:30:00,6654.4
2019-03-09 11:45:00,6630.4
2019-03-09 12:00:00,6602.0
2019-03-09 12:15:00,6581.5
2019-03-09 12:30:00,6530.8
2019-03-09 12:45:00,6507.3
2019-03-09 13:00:00,6497.1
2019-03-09 13:15:00,6478.0
2019-03-09 13:30:00,6462.1
2019-03-09 13:45:00,6435.0
2019-03-09 14:00:00,6399.8
2019-03-09 14:15:00,6393.0
2019-03-09 14:30:00,6391.9
2019-03-09 14:45:00,6370.9
2019-03-09 15:00:00,6348.7
2019-03-09 15:15:00,6349.1
2019-03-09 15:30:00,6335.2
2019-03-09 15:45:00,6344.7
2019-03-09 16:00:00,6354.8
2019-03-09 16:15:00,6348.5
2019-03-09 16:30:00,6345.2
2019-03-09 16:45:00,6333.0
2019-03-09 17:00:00,6359.7
2019-03-09 17:15:00,6369.2
2019-03-09 17:30:00,6415.4
2019-03-09 17:45:00,6444.9
2019-03-09 18:00:00,6491.2
2019-03-09 18:15:00,6528.6
2019-03-09 18:30:00,6587.2
2019-03-09 18:45:00,6607.0
2019-03-09 19:00:00,6591.4
2019-03-09 19:15:00,6561.9
2019-03-09 19:30:00,6542.3
2019-03-09 19:45:00,6481.3
2019-03-09 20:00:00,6441.4
2019-03-09 20:15:00,6360.8
2019-03-09 20:30:00,6309.5
2019-03-09 20:45:00,6264.5
2019-03-09 21:00:00,6241.4
2019-03-09 21:15:00,6203.3
2019-03-09 21:30:00,6163.0
2019-03-09 21:45:00,6128.0
2019-03-09 22:00:00,6126.4
2019-03-09 22:15:00,6093.2
2019-03-09 22:30:00,6047.6
2019-03-09 22:45:00,6011.9
2019-03-09 23:00:00,5968.1
2019-03-09 23:15:00,5926.7
2019-03-09 23:30:00,5896.7
2019-03-09 23:45:00,5870.0
2019-03-10 00:00:00,5821.6
2019-03-10 00:15:00,5785.0
2019-03-10 00:30:00,5753.7
2019-03-10 00:45:00,5723.8
2019-03-10 01:00:00,5667.0
2019-03-10 01:15:00,5644.7
2019-03-10 01:30:00,5618.3
2019-03-10 01:45:00,5622.5
2019-03-10 02:00:00,5603.5
2019-03-10 02:15:00,5604.2
2019-03-10 02:30:00,5610.6
2019-03-10 02:45:00,5585.0
2019-03-10 03:00:00,5575.6
2019-03-10 03:15:00,5568.5
2019-03-10 03:30:00,5574.2
2019-03-10 03:45:00,5562.6
2019-03-10 04:00:00,5552.9
2019-03-10 04:15:00,5560.6
2019-03-10 04:30:00,5558.1
2019-03-10 04:45:00,5569.2
2019-03-10 05:00:00,5557.3
2019-03-10 05:15:00,5557.0
2019-03-10 05:30:00,5549.6
2019-03-10 05:45:00,5534.6
2019-03-10 06:00:00,5522.9
2019-03-10 06:15:00,5528.6
2019-03-10 06:30:00,5543.6
2019-03-10 06:45:00,5540.1
2019-03-10 07:00:00,5551.1
2019-03-10 07:15:00,5587.9
2019-03-10 07:30:00,5633.5
2019-03-10 07:45:00,5672.0
2019-03-10 08:00:00,5733.3
2019-03-10 08:15:00,5791.6
2019-03-10 08:30:00,5836.6
2019-03-10 08:45:00,5891.4
2019-03-10 09:00:00,5954.0
2019-03-10 09:15:00,6010.6
2019-03-10 09:30:00,6065.9
2019-03-10 09:45:00,6102.6
2019-03-10 10:00:00,6144.1
2019-03-10 10:15:00,6174.4
2019-03-10 10:30:00,6211.9
2019-03-10 10:45:00,6234.6
2019-03-10 11:00:00,6273.1
2019-03-10 11:15:00,6291.2
2019-03-10 11:30:00,6315.6
2019-03-10 11:45:00,6313.4
2019-03-10 12:00:00,6303.1
2019-03-10 12:15:00,6271.8
2019-03-10 12:30:00,6246.5
2019-03-10 12:45:00,6241.0
2019-03-10 13:00:00,6223.8
2019-03-10 13:15:00,6188.8
2019-03-10 13:30:00,6176.9
2019-03-10 13:45:00,6159.9
2019-03-10 14:00:00,6165.4
2019-03-10 14:15:00,6160.6
2019-03-10 14:30:00,6159.0
2019-03-10 14:45:00,6163.7
2019-03-10 15:00:00,6173.3
2019-03-10 15:15:00,6156.4
2019-03-10 15:30:00,6127.1
2019-03-10 15:45:00,6119.8
2019-03-10 16:00:00,6098.9
2019-03-10 16:15:00,6089.9
2019-03-10 16:30:00,6118.1
2019-03-10 16:45:00,6130.2
2019-03-10 17:00:00,6145.4
2019-03-10 17:15:00,6150.9
2019-03-10 17:30:00,6182.2
2019-03-10 17:45:00,6228.2
2019-03-10 18:00:00,6314.5
2019-03-10 18:15:00,6354.8
2019-03-10 18:30:00,6412.8
2019-03-10 18:45:00,6435.9
2019-03-10 19:00:00,6441.9
2019-03-10 19:15:00,6419.4
2019-03-10 19:30:00,6390.7
2019-03-10 19:45:00,6369.6
2019-03-10 20:00:00,6345.2
2019-03-10 20:15:00,6311.0
2019-03-10 20:30:00,6255.3
2019-03-10 20:45:00,6212.8
2019-03-10 21:00:00,6210.6
2019-03-10 21:15:00,6200.4
2019-03-10 21:30:00,6199.8
2019-03-10 21:45:00,6189.6
2019-03-10 22:00:00,6235.7
2019-03-10 22:15:00,6220.7
2019-03-10 22:30:00,6182.6
2019-03-10 22:45:00,6146.7
2019-03-10 23:00:00,6106.6
2019-03-10 23:15:00,6046.3
2019-03-10 23:30:00,5998.9
2019-03-10 23:45:00,5957.0
2019-03-11 00:00:00,5970.7
2019-03-11 00:15:00,5938.5
2019-03-11 00:30:00,5903.5
2019-03-11 00:45:00,5890.1
2019-03-11 01:00:00,5852.6
2019-03-11 01:15:00,5832.2
2019-03-11 01:30:00,5827.3
2019-03-11 01:45:00,5828.6
2019-03-11 02:00:00,5806.2
2019-03-11 02:15:00,5802.2
2019-03-11 02:30:00,5818.1
2019-03-11 02:45:00,5833.0
2019-03-11 03:00:00,5825.8
2019-03-11 03:15:00,5832.6
2019-03-11 03:30:00,5848.2
2019-03-11 03:45:00,5859.5
2019-03-11 04:00:00,5902.6
2019-03-11 04:15:00,5923.6
2019-03-11 04:30:00,5955.1
2019-03-11 04:45:00,5985.7
2019-03-11 05:00:00,6046.3
2019-03-11 05:15:00,6100.2
2019-03-11 05:30:00,6184.4
2019-03-11 05:45:00,6274.4
2019-03-11 06:00:00,6450.2
2019-03-11 06:15:00,6577.5
2019-03-11 06:30:00,6670.5
2019-03-11 06:45:00,6735.7
2019-03-11 07:00:00,6823.6
2019-03-11 07:15:00,6887.2
2019-03-11 07:30:00,6942.5
2019-03-11 07:45:00,6989.6
2019-03-11 08:00:00,7049.3
2019-03-11 08:15:00,7068.7
2019-03-11 08:30:00,7088.3
2019-03-11 08:45:00,7096.5
2019-03-11 09:00:00,7091.4
2019-03-11 09:15:00,7101.3
2019-03-11 09:30:00,7128.6
2019-03-11 09:45:00,7145.6
2019-03-11 10:00:00,7179.5
2019-03-11 10:15:00,7180.4
2019-03-11 10:30:00,7166.7
2019-03-11 10:45:00,7187.7
2019-03-11 11:00:00,7198.5
2019-03-11 11:15:00,7217.4
2019-03-11 11:30:00,7221.1
2019-03-11 11:45:00,7234.6
2019-03-11 12:00:00,7261.2
2019-03-11 12:15:00,7237.2
2019-03-11 12:30:00,7217.2
2019-03-11 12:45:00,7224.4
2019-03-11 13:00:00,7235.9
2019-03-11 13:15:00,7215.4
2019-03-11 13:30:00,7174.4
2019-03-11 13:45:00,7133.0
2019-03-11 14:00:00,7110.8
2019-03-11 14:15:00,7102.6
2019-03-11 14:30:00,7103.3
2019-03-11 14:45:00,7074.4
2019-03-11 15:00:00,7067.8
2019-03-11 15:15:00,7044.1
2019-03-11 15:30:00,7037.2
2019-03-11 15:45:00,7002.6
2019-03-11 16:00:00,6991.0
2019-03-11 16:15:00,6968.3
2019-03-11 16:30:00,6949.3
2019-03-11 16:45:00,6966.3
2019-03-11 17:00:00,6991.4
2019-03-11 17:15:00,6990.1
2019-03-11 17:30:00,7014.8
2019-03-11 17:45:00,7042.1
2019-03-11 18:00:00,7051.3
2019-03-11 18:15:00,7074.9
2019-03-11 18:30:00,7151.3
2019-03-11 18:45:00,7188.5
2019-03-11 19:00:00,7208.8
2019-03-11 19:15:00,7172.5
2019-03-11 19:30:00,7122.2
2019-03-11 19:45:00,7080.0
2019-03-11 20:00:00,7036.8
2019-03-11 20:15:00,6962.8
2019-03-11 20:30:00,6904.6
2019-03-11 20:45:00,6824.0
2019-03-11 21:00:00,6775.6
2019-03-11 21:15:00,6738.1
2019-03-11 21:30:00,6687.9
2019-03-11 21:45:00,6642.3
2019-03-11 22:00:00,6632.2
2019-03-11 22:15:00,6581.1
2019-03-11 22:30:00,6537.4
2019-03-11 22:45:00,6465.6
2019-03-11 23:00:00,6394.5
2019-03-11 23:15:00,6342.3
2019-03-11 23:30:00,6298.0
2019-03-11 23:45:00,6247.8
2019-03-12 00:00:00,6215.2
2019-03-12 00:15:00,6168.5
2019-03-12 00:30:00,6107.0
2019-03-12 00:45:00,6076.2
2019-03-12 01:00:00,6071.4
2019-03-12 01:15:00,6050.4
2019-03-12 01:30:00,6023.1
2019-03-12 01:45:00,5999.6
2019-03-12 02:00:00,5982.6
2019-03-12 02:15:00,5968.7
2019-03-12 02:30:00,5988.5
2019-03-12 02:45:00,5996.9
2019-03-12 03:00:00,6026.4
2019-03-12 03:15:00,6027.5
2019-03-12 03:30:00,6042.7
2019-03-12 03:45:00,6058.8
2019-03-12 04:00:00,6082.8
2019-03-12 04:15:00,6093.0
2019-03-12 04:30:00,6126.4
2019-03-12 04:45:00,6154.0
2019-03-12 05:00:00,6229.3
2019-03-12 05:15:00,6265.9
2019-03-12 05:30:00,6301.3
2019-03-12 05:45:00,6393.6
2019-03-12 06:00:00,6565.4
2019-03-12 06:15:00,6700.4
2019-03-12 06:30:00,6767.8
2019-03-12 06:45:00,6822.2
2019-03-12 07:00:00,6919.4
2019-03-12 07:15:00,6962.1
2019-03-12 07:30:00,7001.8
2019-03-12 07:45:00,7038.1
2019-03-12 08:00:00,7065.6
2019-03-12 08:15:00,7099.6
2019-03-12 08:30:00,7124.2
2019-03-12 08:45:00,7136.1
2019-03-12 09:00:00,7116.5
2019-03-12 09:15:00,7088.5
2019-03-12 09:30:00,7104.8
2019-03-12 09:45:00,7118.7
2019-03-12 10:00:00,7146.5
2019-03-12 10:15:00,7134.1
2019-03-12 10:30:00,7162.8
2019-03-12 10:45:00,7180.8
2019-03-12 11:00:00,7167.8
2019-03-12 11:15:00,7175.3
2019-03-12 11:30:00,7188.3
2019-03-12 11:45:00,7194.1
2019-03-12 12:00:00,7124.9
2019-03-12 12:15:00,7109.9
2019-03-12 12:30:00,7115.2
2019-03-12 12:45:00,7124.4
2019-03-12 13:00:00,7159.7
2019-03-12 13:15:00,7160.8
2019-03-12 13:30:00,7151.8
2019-03-12 13:45:00,7128.2
2019-03-12 14:00:00,7117.0
2019-03-12 14:15:00,7099.8
2019-03-12 14:30:00,7097.6
2019-03-12 14:45:00,7100.9
2019-03-12 15:00:00,7105.5
2019-03-12 15:15:00,7099.6
2019-03-12 15:30:00,7072.5
2019-03-12 15:45:00,7048.7
2019-03-12 16:00:00,7024.9
2019-03-12 16:15:00,6976.7
2019-03-12 16:30:00,6967.0
2019-03-12 16:45:00,6969.4
2019-03-12 17:00:00,7001.8
2019-03-12 17:15:00,7023.1
2019-03-12 17:30:00,7052.0
2019-03-12 17:45:00,7083.9
2019-03-12 18:00:00,7133.5
2019-03-12 18:15:00,7165.4
2019-03-12 18:30:00,7235.9
2019-03-12 18:45:00,7267.4
2019-03-12 19:00:00,7290.3
2019-03-12 19:15:00,7270.9
2019-03-12 19:30:00,7247.4
2019-03-12 19:45:00,7204.8
2019-03-12 20:00:00,7109.9
2019-03-12 20:15:00,7057.7
2019-03-12 20:30:00,7002.9
2019-03-12 20:45:00,6939.0
2019-03-12 21:00:00,6852.2
2019-03-12 21:15:00,6784.8
2019-03-12 21:30:00,6743.4
2019-03-12 21:45:00,6679.5
2019-03-12 22:00:00,6663.7
2019-03-12 22:15:00,6617.0
2019-03-12 22:30:00,6570.5
2019-03-12 22:45:00,6501.5
2019-03-12 23:00:00,6432.4
2019-03-12 23:15:00,6378.4
2019-03-12 23:30:00,6350.2
2019-03-12 23:45:00,6315.9
2019-03-13 00:00:00,6222.2
2019-03-13 00:15:00,6185.2
2019-03-13 00:30:00,6153.5
2019-03-13 00:45:00,6120.9
2019-03-13 01:00:00,6117.6
2019-03-13 01:15:00,6093.0
2019-03-13 01:30:00,6091.9
2019-03-13 01:45:00,6075.6
2019-03-13 02:00:00,6068.1
2019-03-13 02:15:00,6067.2
2019-03-13 02:30:00,6071.1
2019-03-13 02:45:00,6080.8
2019-03-13 03:00:00,6096.5
2019-03-13 03:15:00,6102.9
2019-03-13 03:30:00,6120.9
2019-03-13 03:45:00,6123.8
2019-03-13 04:00:00,6163.2
2019-03-13 04:15:00,6183.3
2019-03-13 04:30:00,6225.8
2019-03-13 04:45:00,6256.8
2019-03-13 05:00:00,6312.8
2019-03-13 05:15:00,6339.2
2019-03-13 05:30:00,6409.7
2019-03-13 05:45:00,6493.0
2019-03-13 06:00:00,6639.4
2019-03-13 06:15:00,6744.7
2019-03-13 06:30:00,6828.9
2019-03-13 06:45:00,6898.2
2019-03-13 07:00:00,6976.9
2019-03-13 07:15:00,7042.5
2019-03-13 07:30:00,7052.9
2019-03-13 07:45:00,7093.6
2019-03-13 08:00:00,7112.6
2019-03-13 08:15:00,7148.5
2019-03-13 08:30:00,7163.9
2019-03-13 08:45:00,7152.6
2019-03-13 09:00:00,7174.4
2019-03-13 09:15:00,7216.1
2019-03-13 09:30:00,7233.3
2019-03-13 09:45:00,7265.2
2019-03-13 10:00:00,7267.8
2019-03-13 10:15:00,7272.9
2019-03-13 10:30:00,7285.7
2019-03-13 10:45:00,7296.3
2019-03-13 11:00:00,7247.4
2019-03-13 11:15:00,7255.5
2019-03-13 11:30:00,7266.7
2019-03-13 11:45:00,7272.0
2019-03-13 12:00:00,7256.6
2019-03-13 12:15:00,7254.2
2019-03-13 12:30:00,7255.5
2019-03-13 12:45:00,7275.3
2019-03-13 13:00:00,7267.8
2019-03-13 13:15:00,7253.5
2019-03-13 13:30:00,7237.7
2019-03-13 13:45:00,7207.9
2019-03-13 14:00:00,7187.4
2019-03-13 14:15:00,7160.8
2019-03-13 14:30:00,7154.2
2019-03-13 14:45:00,7143.4
2019-03-13 15:00:00,7153.5
2019-03-13 15:15:00,7131.7
2019-03-13 15:30:00,7116.3
2019-03-13 15:45:00,7098.5
2019-03-13 16:00:00,7091.9
2019-03-13 16:15:00,7074.4
2019-03-13 16:30:00,7073.3
2019-03-13 16:45:00,7057.9
2019-03-13 17:00:00,7081.7
2019-03-13 17:15:00,7110.8
2019-03-13 17:30:00,7131.5
2019-03-13 17:45:00,7155.9
2019-03-13 18:00:00,7170.9
2019-03-13 18:15:00,7198.7
2019-03-13 18:30:00,7259.9
2019-03-13 18:45:00,7288.8
2019-03-13 19:00:00,7302.2
2019-03-13 19:15:00,7276.0
2019-03-13 19:30:00,7249.8
2019-03-13 19:45:00,7171.6
2019-03-13 20:00:00,7125.8
2019-03-13 20:15:00,7051.8
2019-03-13 20:30:00,6993.2
2019-03-13 20:45:00,6939.0
2019-03-13 21:00:00,6891.2
2019-03-13 21:15:00,6850.9
2019-03-13 21:30:00,6790.7
2019-03-13 21:45:00,6739.4
2019-03-13 22:00:00,6709.7
2019-03-13 22:15:00,6671.8
2019-03-13 22:30:00,6600.0
2019-03-13 22:45:00,6537.2
2019-03-13 23:00:00,6487.0
2019-03-13 23:15:00,6431.3
2019-03-13 23:30:00,6367.0
2019-03-13 23:45:00,6335.2
2019-03-14 00:00:00,6280.4
2019-03-14 00:15:00,6230.0
2019-03-14 00:30:00,6181.3
2019-03-14 00:45:00,6157.0
2019-03-14 01:00:00,6126.9
2019-03-14 01:15:00,6099.1
2019-03-14 01:30:00,6078.4
2019-03-14 01:45:00,6073.1
2019-03-14 02:00:00,6077.8
2019-03-14 02:15:00,6064.1
2019-03-14 02:30:00,6058.6
2019-03-14 02:45:00,6061.9
2019-03-14 03:00:00,6084.1
2019-03-14 03:15:00,6076.4
2019-03-14 03:30:00,6089.2
2019-03-14 03:45:00,6102.0
2019-03-14 04:00:00,6104.8
2019-03-14 04:15:00,6127.1
2019-03-14 04:30:00,6151.8
2019-03-14 04:45:00,6186.3
2019-03-14 05:00:00,6263.9
2019-03-14 05:15:00,6308.8
2019-03-14 05:30:00,6355.1
2019-03-14 05:45:00,6427.8
2019-03-14 06:00:00,6583.9
2019-03-14 06:15:00,6701.1
2019-03-14 06:30:00,6776.4
2019-03-14 06:45:00,6852.9
2019-03-14 07:00:00,6933.7
2019-03-14 07:15:00,6994.5
2019-03-14 07:30:00,7027.5
2019-03-14 07:45:00,7076.2
2019-03-14 08:00:00,7119.2
2019-03-14 08:15:00,7145.4
2019-03-14 08:30:00,7170.5
2019-03-14 08:45:00,7189.6
2019-03-14 09:00:00,7204.2
2019-03-14 09:15:00,7230.0
2019-03-14 09:30:00,7271.4
2019-03-14 09:45:00,7302.2
2019-03-14 10:00:00,7302.0
2019-03-14 10:15:00,7303.5
2019-03-14 10:30:00,7310.1
2019-03-14 10:45:00,7332.4
2019-03-14 11:00:00,7343.0
2019-03-14 11:15:00,7358.4
2019-03-14 11:30:00,7376.4
2019-03-14 11:45:00,7370.7
2019-03-14 12:00:00,7350.0
2019-03-14 12:15:00,7350.4
2019-03-14 12:30:00,7354.0
2019-03-14 12:45:00,7362.3
2019-03-14 13:00:00,7354.0
2019-03-14 13:15:00,7338.5
2019-03-14 13:30:00,7311.5
2019-03-14 13:45:00,7273.1
2019-03-14 14:00:00,7252.4
2019-03-14 14:15:00,7244.1
2019-03-14 14:30:00,7244.5
2019-03-14 14:45:00,7215.2
2019-03-14 15:00:00,7203.7
2019-03-14 15:15:00,7195.4
2019-03-14 15:30:00,7183.0
2019-03-14 15:45:00,7164.1
2019-03-14 16:00:00,7136.1
2019-03-14 16:15:00,7131.7
2019-03-14 16:30:00,7122.7
2019-03-14 16:45:00,7117.0
2019-03-14 17:00:00,7131.7
2019-03-14 17:15:00,7131.3
2019-03-14 17:30:00,7141.4
2019-03-14 17:45:00,7162.6
2019-03-14 18:00:00,7172.5
2019-03-14 18:15:00,7185.5
2019-03-14 18:30:00,7233.9
2019-03-14 18:45:00,7267.4
2019-03-14 19:00:00,7269.4
2019-03-14 19:15:00,7232.6
2019-03-14 19:30:00,7204.0
2019-03-14 19:45:00,7144.3
2019-03-14 20:00:00,7069.2
2019-03-14 20:15:00,7004.6
2019-03-14 20:30:00,6950.9
2019-03-14 20:45:00,6894.1
2019-03-14 21:00:00,6850.4
2019-03-14 21:15:00,6776.4
2019-03-14 21:30:00,6731.5
2019-03-14 21:45:00,6693.6
2019-03-14 22:00:00,6678.6
2019-03-14 22:15:00,6624.9
2019-03-14 22:30:00,6575.6
2019-03-14 22:45:00,6518.7
2019-03-14 23:00:00,6449.1
2019-03-14 23:15:00,6403.3
2019-03-14 23:30:00,6353.3
2019-03-14 23:45:00,6316.5
2019-03-15 00:00:00,6250.9
2019-03-15 00:15:00,6209.5
2019-03-15 00:30:00,6178.6
2019-03-15 00:45:00,6139.2
2019-03-15 01:00:00,6110.6
2019-03-15 01:15:00,6082.8
2019-03-15 01:30:00,6066.7
2019-03-15 01:45:00,6057.7
2019-03-15 02:00:00,6030.8
2019-03-15 02:15:00,6033.0
2019-03-15 02:30:00,6031.1
2019-03-15 02:45:00,6042.5
2019-03-15 03:00:00,6046.0
2019-03-15 03:15:00,6053.5
2019-03-15 03:30:00,6069.6
2019-03-15 03:45:00,6091.2
2019-03-15 04:00:00,6104.2
2019-03-15 04:15:00,6123.6
2019-03-15 04:30:00,6160.8
2019-03-15 04:45:00,6182.4
2019-03-15 05:00:00,6242.5
2019-03-15 05:15:00,6276.9
2019-03-15 05:30:00,6318.9
2019-03-15 05:45:00,6398.0
2019-03-15 06:00:00,6547.6
2019-03-15 06:15:00,6652.6
2019-03-15 06:30:00,6733.9
2019-03-15 06:45:00,6802.6
2019-03-15 07:00:00,6887.9
2019-03-15 07:15:00,6956.2
2019-03-15 07:30:00,7009.0
2019-03-15 07:45:00,7043.4
2019-03-15 08:00:00,7092.7
2019-03-15 08:15:00,7116.3
2019-03-15 08:30:00,7138.1
2019-03-15 08:45:00,7142.7
2019-03-15 09:00:00,7143.2
2019-03-15 09:15:00,7165.0
2019-03-15 09:30:00,7188.3
2019-03-15 09:45:00,7199.3
2019-03-15 10:00:00,7221.1
2019-03-15 10:15:00,7210.4
2019-03-15 10:30:00,7244.5
2019-03-15 10:45:00,7277.1
2019-03-15 11:00:00,7287.2
2019-03-15 11:15:00,7296.7
2019-03-15 11:30:00,7319.2
2019-03-15 11:45:00,7325.6
2019-03-15 12:00:00,7316.3
2019-03-15 12:15:00,7308.8
2019-03-15 12:30:00,7287.7
2019-03-15 12:45:00,7275.8
2019-03-15 13:00:00,7271.8
2019-03-15 13:15:00,7263.4
2019-03-15 13:30:00,7237.0
2019-03-15 13:45:00,7204.2
2019-03-15 14:00:00,7175.6
2019-03-15 14:15:00,7146.7
2019-03-15 14:30:00,7140.1
2019-03-15 14:45:00,7115.9
2019-03-15 15:00:00,7103.3
2019-03-15 15:15:00,7091.9
2019-03-15 15:30:00,7089.0
2019-03-15 15:45:00,7068.5
2019-03-15 16:00:00,7053.5
2019-03-15 16:15:00,7046.7
2019-03-15 16:30:00,7048.7
2019-03-15 16:45:00,7037.0
2019-03-15 17:00:00,7045.4
2019-03-15 17:15:00,7045.6
2019-03-15 17:30:00,7050.4
2019-03-15 17:45:00,7056.8
2019-03-15 18:00:00,7055.7
2019-03-15 18:15:00,7070.3
2019-03-15 18:30:00,7118.1
2019-03-15 18:45:00,7157.7
2019-03-15 19:00:00,7172.0
2019-03-15 19:15:00,7127.3
2019-03-15 19:30:00,7094.5
2019-03-15 19:45:00,7034.6
2019-03-15 20:00:00,6946.7
2019-03-15 20:15:00,6871.8
2019-03-15 20:30:00,6809.9
2019-03-15 20:45:00,6749.3
2019-03-15 21:00:00,6709.0
2019-03-15 21:15:00,6667.2
2019-03-15 21:30:00,6619.8
2019-03-15 21:45:00,6585.9
2019-03-15 22:00:00,6548.7
2019-03-15 22:15:00,6517.6
2019-03-15 22:30:00,6460.8
2019-03-15 22:45:00,6412.6
2019-03-15 23:00:00,6359.0
2019-03-15 23:15:00,6309.7
2019-03-15 23:30:00,6272.7
2019-03-15 23:45:00,6207.7
2019-03-16 00:00:00,6156.4
2019-03-16 00:15:00,6121.8
2019-03-16 00:30:00,6101.5
2019-03-16 00:45:00,6061.7
2019-03-16 01:00:00,6015.0
2019-03-16 01:15:00,5989.4
2019-03-16 01:30:00,5968.9
2019-03-16 01:45:00,5938.8
2019-03-16 02:00:00,5912.1
2019-03-16 02:15:00,5896.7
2019-03-16 02:30:00,5888.3
2019-03-16 02:45:00,5885.9
2019-03-16 03:00:00,5878.9
2019-03-16 03:15:00,5869.4
2019-03-16 03:30:00,5869.8
2019-03-16 03:45:00,5873.6
2019-03-16 04:00:00,5872.7
2019-03-16 04:15:00,5876.9
2019-03-16 04:30:00,5893.0
2019-03-16 04:45:00,5899.1
2019-03-16 05:00:00,5899.6
2019-03-16 05:15:00,5872.7
2019-03-16 05:30:00,5876.0
2019-03-16 05:45:00,5893.8
2019-03-16 06:00:00,5902.2
2019-03-16 06:15:00,5917.0
2019-03-16 06:30:00,5927.3
2019-03-16 06:45:00,5946.5
2019-03-16 07:00:00,5998.7
2019-03-16 07:15:00,6040.1
2019-03-16 07:30:00,6084.6
2019-03-16 07:45:00,6136.6
2019-03-16 08:00:00,6207.5
2019-03-16 08:15:00,6241.4
2019-03-16 08:30:00,6279.3
2019-03-16 08:45:00,6326.0
2019-03-16 09:00:00,6379.3
2019-03-16 09:15:00,6414.1
2019-03-16 09:30:00,6446.0
2019-03-16 09:45:00,6470.9
2019-03-16 10:00:00,6512.1
2019-03-16 10:15:00,6525.3
2019-03-16 10:30:00,6537.2
2019-03-16 10:45:00,6554.0
2019-03-16 11:00:00,6574.7
2019-03-16 11:15:00,6599.1
2019-03-16 11:30:00,6589.6
2019-03-16 11:45:00,6580.2
2019-03-16 12:00:00,6560.1
2019-03-16 12:15:00,6546.7
2019-03-16 12:30:00,6535.9
2019-03-16 12:45:00,6510.1
2019-03-16 13:00:00,6501.3
2019-03-16 13:15:00,6481.9
2019-03-16 13:30:00,6461.7
2019-03-16 13:45:00,6446.9
2019-03-16 14:00:00,6441.0
2019-03-16 14:15:00,6415.6
2019-03-16 14:30:00,6413.2
2019-03-16 14:45:00,6410.8
2019-03-16 15:00:00,6399.3
2019-03-16 15:15:00,6374.2
2019-03-16 15:30:00,6366.7
2019-03-16 15:45:00,6348.2
2019-03-16 16:00:00,6352.4
2019-03-16 16:15:00,6335.9
2019-03-16 16:30:00,6325.3
2019-03-16 16:45:00,6334.6
2019-03-16 17:00:00,6347.8
2019-03-16 17:15:00,6363.0
2019-03-16 17:30:00,6372.7
2019-03-16 17:45:00,6417.6
2019-03-16 18:00:00,6450.9
2019-03-16 18:15:00,6492.1
2019-03-16 18:30:00,6534.4
2019-03-16 18:45:00,6588.1
2019-03-16 19:00:00,6607.9
2019-03-16 19:15:00,6596.0
2019-03-16 19:30:00,6560.6
2019-03-16 19:45:00,6517.0
2019-03-16 20:00:00,6459.9
2019-03-16 20:15:00,6390.3
2019-03-16 20:30:00,6353.7
2019-03-16 20:45:00,6298.5
2019-03-16 21:00:00,6280.8
2019-03-16 21:15:00,6239.9
2019-03-16 21:30:00,6211.2
2019-03-16 21:45:00,6186.1
2019-03-16 22:00:00,6187.4
2019-03-16 22:15:00,6168.7
2019-03-16 22:30:00,6103.3
2019-03-16 22:45:00,6070.9
2019-03-16 23:00:00,6021.1
2019-03-16 23:15:00,5975.6
2019-03-16 23:30:00,5943.2
2019-03-16 23:45:00,5905.5
2019-03-17 00:00:00,5844.3
2019-03-17 00:15:00,5809.9
2019-03-17 00:30:00,5764.5
2019-03-17 00:45:00,5742.1
2019-03-17 01:00:00,5721.6
2019-03-17 01:15:00,5702.4
2019-03-17 01:30:00,5683.7
2019-03-17 01:45:00,5665.6
2019-03-17 02:00:00,5647.4
2019-03-17 02:15:00,5650.7
2019-03-17 02:30:00,5654.6
2019-03-17 02:45:00,5624.2
2019-03-17 03:00:00,5630.2
2019-03-17 03:15:00,5633.7
2019-03-17 03:30:00,5641.0
2019-03-17 03:45:00,5649.8
2019-03-17 04:00:00,5656.2
2019-03-17 04:15:00,5663.0
2019-03-17 04:30:00,5660.4
2019-03-17 04:45:00,5670.9
2019-03-17 05:00:00,5663.7
2019-03-17 05:15:00,5656.8
2019-03-17 05:30:00,5644.5
2019-03-17 05:45:00,5651.5
2019-03-17 06:00:00,5643.0
2019-03-17 06:15:00,5632.6
2019-03-17 06:30:00,5643.8
2019-03-17 06:45:00,5657.0
2019-03-17 07:00:00,5712.6
2019-03-17 07:15:00,5732.4
2019-03-17 07:30:00,5757.0
2019-03-17 07:45:00,5808.4
2019-03-17 08:00:00,5854.4
2019-03-17 08:15:00,5891.2
2019-03-17 08:30:00,5943.2
2019-03-17 08:45:00,5992.5
2019-03-17 09:00:00,6042.3
2019-03-17 09:15:00,6084.4
2019-03-17 09:30:00,6103.7
2019-03-17 09:45:00,6133.7
2019-03-17 10:00:00,6156.8
2019-03-17 10:15:00,6187.2
2019-03-17 10:30:00,6206.6
2019-03-17 10:45:00,6248.9
2019-03-17 11:00:00,6310.1
2019-03-17 11:15:00,6348.9
2019-03-17 11:30:00,6351.8
2019-03-17 11:45:00,6352.4
2019-03-17 12:00:00,6315.2
2019-03-17 12:15:00,6295.2
2019-03-17 12:30:00,6273.6
2019-03-17 12:45:00,6244.5
2019-03-17 13:00:00,6246.5
2019-03-17 13:15:00,6229.3
2019-03-17 13:30:00,6223.1
2019-03-17 13:45:00,6191.0
2019-03-17 14:00:00,6185.2
2019-03-17 14:15:00,6172.9
2019-03-17 14:30:00,6149.6
2019-03-17 14:45:00,6116.5
2019-03-17 15:00:00,6141.9
2019-03-17 15:15:00,6124.9
2019-03-17 15:30:00,6097.4
2019-03-17 15:45:00,6102.0
2019-03-17 16:00:00,6130.4
2019-03-17 16:15:00,6140.5
2019-03-17 16:30:00,6139.2
2019-03-17 16:45:00,6164.1
2019-03-17 17:00:00,6161.0
2019-03-17 17:15:00,6197.4
2019-03-17 17:30:00,6222.7
2019-03-17 17:45:00,6252.4
2019-03-17 18:00:00,6288.5
2019-03-17 18:15:00,6320.7
2019-03-17 18:30:00,6362.8
2019-03-17 18:45:00,6433.5
2019-03-17 19:00:00,6459.3
2019-03-17 19:15:00,6449.8
2019-03-17 19:30:00,6419.4
2019-03-17 19:45:00,6395.2
2019-03-17 20:00:00,6370.0
2019-03-17 20:15:00,6311.5
2019-03-17 20:30:00,6279.7
2019-03-17 20:45:00,6250.4
2019-03-17 21:00:00,6230.8
2019-03-17 21:15:00,6218.1
2019-03-17 21:30:00,6186.8
2019-03-17 21:45:00,6213.7
2019-03-17 22:00:00,6247.4
2019-03-17 22:15:00,6235.5
2019-03-17 22:30:00,6210.8
2019-03-17 22:45:00,6185.2
2019-03-17 23:00:00,6120.7
2019-03-17 23:15:00,6072.2
2019-03-17 23:30:00,6054.4
2019-03-17 23:45:00,6002.9
2019-03-18 00:00:00,5973.8
2019-03-18 00:15:00,5928.6
2019-03-18 00:30:00,5908.4
2019-03-18 00:45:00,5896.3
2019-03-18 01:00:00,5887.2
2019-03-18 01:15:00,5863.4
2019-03-18 01:30:00,5856.4
2019-03-18 01:45:00,5851.3
2019-03-18 02:00:00,5840.3
2019-03-18 02:15:00,5834.8
2019-03-18 02:30:00,5830.2
2019-03-18 02:45:00,5843.2
2019-03-18 03:00:00,5858.4
2019-03-18 03:15:00,5880.0
2019-03-18 03:30:00,5886.6
2019-03-18 03:45:00,5904.2
2019-03-18 04:00:00,5927.1
2019-03-18 04:15:00,5954.6
2019-03-18 04:30:00,5993.8
2019-03-18 04:45:00,6022.5
2019-03-18 05:00:00,6082.8
2019-03-18 05:15:00,6119.8
2019-03-18 05:30:00,6190.7
2019-03-18 05:45:00,6281.3
2019-03-18 06:00:00,6451.3
2019-03-18 06:15:00,6566.3
2019-03-18 06:30:00,6639.6
2019-03-18 06:45:00,6710.6
2019-03-18 07:00:00,6766.7
2019-03-18 07:15:00,6900.0
2019-03-18 07:30:00,6952.6
2019-03-18 07:45:00,6998.2
2019-03-18 08:00:00,7033.0
2019-03-18 08:15:00,7054.4
2019-03-18 08:30:00,7067.8
2019-03-18 08:45:00,7082.2
2019-03-18 09:00:00,7052.9
2019-03-18 09:15:00,7065.0
2019-03-18 09:30:00,7079.5
2019-03-18 09:45:00,7094.7
2019-03-18 10:00:00,7074.2
2019-03-18 10:15:00,7099.3
2019-03-18 10:30:00,7118.9
2019-03-18 10:45:00,7127.1
2019-03-18 11:00:00,7145.6
2019-03-18 11:15:00,7168.5
2019-03-18 11:30:00,7189.2
2019-03-18 11:45:00,7197.8
2019-03-18 12:00:00,7170.9
2019-03-18 12:15:00,7150.2
2019-03-18 12:30:00,7146.7
2019-03-18 12:45:00,7155.9
2019-03-18 13:00:00,7140.1
2019-03-18 13:15:00,7109.0
2019-03-18 13:30:00,7083.0
2019-03-18 13:45:00,7023.3
2019-03-18 14:00:00,7008.6
2019-03-18 14:15:00,7018.7
2019-03-18 14:30:00,7002.9
2019-03-18 14:45:00,7008.8
2019-03-18 15:00:00,7037.7
2019-03-18 15:15:00,7010.6
2019-03-18 15:30:00,6959.5
2019-03-18 15:45:00,6914.8
2019-03-18 16:00:00,6913.2
2019-03-18 16:15:00,6892.1
2019-03-18 16:30:00,6891.9
2019-03-18 16:45:00,6890.1
2019-03-18 17:00:00,6905.3
2019-03-18 17:15:00,6899.1
2019-03-18 17:30:00,6925.8
2019-03-18 17:45:00,6930.8
2019-03-18 18:00:00,6954.6
2019-03-18 18:15:00,6979.3
2019-03-18 18:30:00,7042.3
2019-03-18 18:45:00,7116.1
2019-03-18 19:00:00,7164.8
2019-03-18 19:15:00,7150.9
2019-03-18 19:30:00,7129.1
2019-03-18 19:45:00,7087.2
2019-03-18 20:00:00,7011.2
2019-03-18 20:15:00,6939.0
2019-03-18 20:30:00,6872.5
2019-03-18 20:45:00,6809.3
2019-03-18 21:00:00,6782.2
2019-03-18 21:15:00,6730.0
2019-03-18 21:30:00,6681.1
2019-03-18 21:45:00,6614.3
2019-03-18 22:00:00,6597.8
2019-03-18 22:15:00,6546.3
2019-03-18 22:30:00,6476.0
2019-03-18 22:45:00,6406.4
2019-03-18 23:00:00,6346.3
2019-03-18 23:15:00,6293.4
2019-03-18 23:30:00,6240.5
2019-03-18 23:45:00,6192.5
2019-03-19 00:00:00,6159.5
2019-03-19 00:15:00,6125.6
2019-03-19 00:30:00,6103.7
2019-03-19 00:45:00,6098.9
2019-03-19 01:00:00,6075.6
2019-03-19 01:15:00,6039.6
2019-03-19 01:30:00,6029.1
2019-03-19 01:45:00,6021.8
2019-03-19 02:00:00,6007.7
2019-03-19 02:15:00,5992.5
2019-03-19 02:30:00,5989.2
2019-03-19 02:45:00,6004.4
2019-03-19 03:00:00,6024.7
2019-03-19 03:15:00,6027.1
2019-03-19 03:30:00,6028.2
2019-03-19 03:45:00,6040.7
2019-03-19 04:00:00,6076.9
2019-03-19 04:15:00,6107.3
2019-03-19 04:30:00,6148.0
2019-03-19 04:45:00,6184.4
2019-03-19 05:00:00,6265.9
2019-03-19 05:15:00,6317.0
2019-03-19 05:30:00,6373.1
2019-03-19 05:45:00,6438.5
2019-03-19 06:00:00,6622.2
2019-03-19 06:15:00,6714.3
2019-03-19 06:30:00,6773.8
2019-03-19 06:45:00,6845.2
2019-03-19 07:00:00,6929.3
2019-03-19 07:15:00,6980.6
2019-03-19 07:30:00,7007.7
2019-03-19 07:45:00,7033.0
2019-03-19 08:00:00,7055.3
2019-03-19 08:15:00,7062.8
2019-03-19 08:30:00,7075.3
2019-03-19 08:45:00,7072.7
2019-03-19 09:00:00,7034.6
2019-03-19 09:15:00,7054.0
2019-03-19 09:30:00,7076.9
2019-03-19 09:45:00,7088.3
2019-03-19 10:00:00,7095.8
2019-03-19 10:15:00,7107.7
2019-03-19 10:30:00,7124.7
2019-03-19 10:45:00,7147.4
2019-03-19 11:00:00,7152.4
2019-03-19 11:15:00,7177.8
2019-03-19 11:30:00,7172.5
2019-03-19 11:45:00,7162.8
2019-03-19 12:00:00,7121.8
2019-03-19 12:15:00,7107.7
2019-03-19 12:30:00,7094.5
2019-03-19 12:45:00,7092.5
2019-03-19 13:00:00,7098.2
2019-03-19 13:15:00,7069.8
2019-03-19 13:30:00,7039.2
2019-03-19 13:45:00,7015.0
2019-03-19 14:00:00,7037.9
2019-03-19 14:15:00,7032.8
2019-03-19 14:30:00,7006.8
2019-03-19 14:45:00,6985.2
2019-03-19 15:00:00,6992.7
2019-03-19 15:15:00,6973.3
2019-03-19 15:30:00,6941.4
2019-03-19 15:45:00,6922.2
2019-03-19 16:00:00,6915.6
2019-03-19 16:15:00,6891.2
2019-03-19 16:30:00,6886.3
2019-03-19 16:45:00,6886.3
2019-03-19 17:00:00,6907.0
2019-03-19 17:15:00,6919.2
2019-03-19 17:30:00,6920.7
2019-03-19 17:45:00,6934.6
2019-03-19 18:00:00,6963.4
2019-03-19 18:15:00,6980.8
2019-03-19 18:30:00,7062.8
2019-03-19 18:45:00,7139.4
2019-03-19 19:00:00,7194.1
2019-03-19 19:15:00,7186.8
2019-03-19 19:30:00,7166.7
2019-03-19 19:45:00,7110.4
2019-03-19 20:00:00,7049.1
2019-03-19 20:15:00,6983.9
2019-03-19 20:30:00,6913.7
2019-03-19 20:45:00,6862.6
2019-03-19 21:00:00,6818.3
2019-03-19 21:15:00,6764.8
2019-03-19 21:30:00,6715.2
2019-03-19 21:45:00,6667.8
2019-03-19 22:00:00,6642.7
2019-03-19 22:15:00,6599.6
2019-03-19 22:30:00,6548.9
2019-03-19 22:45:00,6510.4
2019-03-19 23:00:00,6445.2
2019-03-19 23:15:00,6388.8
2019-03-19 23:30:00,6337.7
2019-03-19 23:45:00,6308.6
2019-03-20 00:00:00,6199.3
2019-03-20 00:15:00,6182.6
2019-03-20 00:30:00,6143.0
2019-03-20 00:45:00,6106.6
2019-03-20 01:00:00,6114.3
2019-03-20 01:15:00,6101.5
2019-03-20 01:30:00,6105.1
2019-03-20 01:45:00,6082.8
2019-03-20 02:00:00,6059.0
2019-03-20 02:15:00,6047.4
2019-03-20 02:30:00,6065.4
2019-03-20 02:45:00,6072.5
2019-03-20 03:00:00,6067.0
2019-03-20 03:15:00,6082.2
2019-03-20 03:30:00,6098.0
2019-03-20 03:45:00,6105.9
2019-03-20 04:00:00,6146.0
2019-03-20 04:15:00,6157.0
2019-03-20 04:30:00,6184.6
2019-03-20 04:45:00,6203.5
2019-03-20 05:00:00,6318.9
2019-03-20 05:15:00,6364.3
2019-03-20 05:30:00,6409.5
2019-03-20 05:45:00,6496.0
2019-03-20 06:00:00,6626.4
2019-03-20 06:15:00,6733.5
2019-03-20 06:30:00,6815.2
2019-03-20 06:45:00,6887.9
2019-03-20 07:00:00,6958.1
2019-03-20 07:15:00,7002.4
2019-03-20 07:30:00,7043.2
2019-03-20 07:45:00,7059.3
2019-03-20 08:00:00,7092.3
2019-03-20 08:15:00,7109.0
2019-03-20 08:30:00,7126.7
2019-03-20 08:45:00,7138.1
2019-03-20 09:00:00,7105.5
2019-03-20 09:15:00,7109.5
2019-03-20 09:30:00,7120.9
2019-03-20 09:45:00,7137.2
2019-03-20 10:00:00,7126.4
2019-03-20 10:15:00,7109.9
2019-03-20 10:30:00,7120.0
2019-03-20 10:45:00,7120.0
2019-03-20 11:00:00,7113.2
2019-03-20 11:15:00,7118.9
2019-03-20 11:30:00,7133.3
2019-03-20 11:45:00,7129.3
2019-03-20 12:00:00,7101.1
2019-03-20 12:15:00,7100.2
2019-03-20 12:30:00,7096.9
2019-03-20 12:45:00,7108.8
2019-03-20 13:00:00,7124.4
2019-03-20 13:15:00,7109.9
2019-03-20 13:30:00,7085.7
2019-03-20 13:45:00,7040.3
2019-03-20 14:00:00,7027.5
2019-03-20 14:15:00,7030.8
2019-03-20 14:30:00,7007.0
2019-03-20 14:45:00,6985.0
2019-03-20 15:00:00,6986.8
2019-03-20 15:15:00,6961.9
2019-03-20 15:30:00,6913.4
2019-03-20 15:45:00,6891.6
2019-03-20 16:00:00,6894.5
2019-03-20 16:15:00,6877.3
2019-03-20 16:30:00,6860.4
2019-03-20 16:45:00,6865.0
2019-03-20 17:00:00,6890.7
2019-03-20 17:15:00,6895.6
2019-03-20 17:30:00,6907.5
2019-03-20 17:45:00,6938.8
2019-03-20 18:00:00,6974.2
2019-03-20 18:15:00,6995.4
2019-03-20 18:30:00,7051.8
2019-03-20 18:45:00,7116.7
2019-03-20 19:00:00,7187.0
2019-03-20 19:15:00,7173.8
2019-03-20 19:30:00,7147.8
2019-03-20 19:45:00,7113.9
2019-03-20 20:00:00,7027.5
2019-03-20 20:15:00,6965.2
2019-03-20 20:30:00,6908.4
2019-03-20 20:45:00,6862.3
2019-03-20 21:00:00,6804.0
2019-03-20 21:15:00,6757.0
2019-03-20 21:30:00,6711.2
2019-03-20 21:45:00,6657.3
2019-03-20 22:00:00,6619.6
2019-03-20 22:15:00,6588.1
2019-03-20 22:30:00,6527.8
2019-03-20 22:45:00,6466.3
2019-03-20 23:00:00,6379.1
2019-03-20 23:15:00,6317.4
2019-03-20 23:30:00,6268.7
2019-03-20 23:45:00,6212.3
2019-03-21 00:00:00,6159.0
2019-03-21 00:15:00,6123.6
2019-03-21 00:30:00,6087.0
2019-03-21 00:45:00,6067.4
2019-03-21 01:00:00,6020.3
2019-03-21 01:15:00,6014.1
2019-03-21 01:30:00,5996.3
2019-03-21 01:45:00,5992.7
2019-03-21 02:00:00,5946.3
2019-03-21 02:15:00,5937.7
2019-03-21 02:30:00,5954.0
2019-03-21 02:45:00,5985.0
2019-03-21 03:00:00,6000.2
2019-03-21 03:15:00,6008.8
2019-03-21 03:30:00,6007.0
2019-03-21 03:45:00,6031.7
2019-03-21 04:00:00,6057.7
2019-03-21 04:15:00,6068.3
2019-03-21 04:30:00,6101.3
2019-03-21 04:45:00,6122.5
2019-03-21 05:00:00,6223.1
2019-03-21 05:15:00,6275.1
2019-03-21 05:30:00,6343.0
2019-03-21 05:45:00,6444.9
2019-03-21 06:00:00,6595.2
2019-03-21 06:15:00,6691.0
2019-03-21 06:30:00,6760.6
2019-03-21 06:45:00,6832.4
2019-03-21 07:00:00,6920.3
2019-03-21 07:15:00,6970.3
2019-03-21 07:30:00,7023.3
2019-03-21 07:45:00,7058.1
2019-03-21 08:00:00,7078.2
2019-03-21 08:15:00,7102.0
2019-03-21 08:30:00,7115.9
2019-03-21 08:45:00,7120.3
2019-03-21 09:00:00,7095.6
2019-03-21 09:15:00,7093.2
2019-03-21 09:30:00,7103.3
2019-03-21 09:45:00,7102.4
2019-03-21 10:00:00,7084.6
2019-03-21 10:15:00,7091.0
2019-03-21 10:30:00,7096.5
2019-03-21 10:45:00,7119.2
2019-03-21 11:00:00,7142.7
2019-03-21 11:15:00,7152.6
2019-03-21 11:30:00,7162.1
2019-03-21 11:45:00,7161.5
2019-03-21 12:00:00,7140.1
2019-03-21 12:15:00,7144.5
2019-03-21 12:30:00,7133.0
2019-03-21 12:45:00,7131.3
2019-03-21 13:00:00,7120.9
2019-03-21 13:15:00,7110.1
2019-03-21 13:30:00,7077.8
2019-03-21 13:45:00,7033.3
2019-03-21 14:00:00,7019.4
2019-03-21 14:15:00,7004.8
2019-03-21 14:30:00,6988.3
2019-03-21 14:45:00,6967.8
2019-03-21 15:00:00,6966.7
2019-03-21 15:15:00,6951.8
2019-03-21 15:30:00,6902.0
2019-03-21 15:45:00,6865.6
2019-03-21 16:00:00,6845.4
2019-03-21 16:15:00,6824.9
2019-03-21 16:30:00,6819.8
2019-03-21 16:45:00,6814.5
2019-03-21 17:00:00,6854.2
2019-03-21 17:15:00,6877.3
2019-03-21 17:30:00,6895.8
2019-03-21 17:45:00,6927.8
2019-03-21 18:00:00,6955.3
2019-03-21 18:15:00,6972.5
2019-03-21 18:30:00,7038.1
2019-03-21 18:45:00,7118.5
2019-03-21 19:00:00,7173.6
2019-03-21 19:15:00,7168.1
2019-03-21 19:30:00,7148.0
2019-03-21 19:45:00,7114.1
2019-03-21 20:00:00,7038.3
2019-03-21 20:15:00,6956.2
2019-03-21 20:30:00,6896.3
2019-03-21 20:45:00,6833.9
2019-03-21 21:00:00,6784.4
2019-03-21 21:15:00,6735.5
2019-03-21 21:30:00,6663.9
2019-03-21 21:45:00,6618.3
2019-03-21 22:00:00,6580.2
2019-03-21 22:15:00,6536.1
2019-03-21 22:30:00,6469.8
2019-03-21 22:45:00,6422.0
2019-03-21 23:00:00,6350.0
2019-03-21 23:15:00,6297.6
2019-03-21 23:30:00,6235.5
2019-03-21 23:45:00,6185.5
2019-03-22 00:00:00,6128.2
2019-03-22 00:15:00,6083.5
2019-03-22 00:30:00,6054.2
2019-03-22 00:45:00,6021.4
2019-03-22 01:00:00,5999.8
2019-03-22 01:15:00,5981.7
2019-03-22 01:30:00,5963.0
2019-03-22 01:45:00,5944.9
2019-03-22 02:00:00,5921.8
2019-03-22 02:15:00,5912.6
2019-03-22 02:30:00,5909.9
2019-03-22 02:45:00,5903.7
2019-03-22 03:00:00,5928.6
2019-03-22 03:15:00,5942.7
2019-03-22 03:30:00,5941.4
2019-03-22 03:45:00,5950.9
2019-03-22 04:00:00,5994.3
2019-03-22 04:15:00,6004.0
2019-03-22 04:30:00,6032.6
2019-03-22 04:45:00,6068.9
2019-03-22 05:00:00,6147.4
2019-03-22 05:15:00,6205.9
2019-03-22 05:30:00,6288.5
2019-03-22 05:45:00,6374.9
2019-03-22 06:00:00,6499.6
2019-03-22 06:15:00,6608.4
2019-03-22 06:30:00,6681.9
2019-03-22 06:45:00,6767.2
2019-03-22 07:00:00,6841.9
2019-03-22 07:15:00,6893.2
2019-03-22 07:30:00,6944.7
2019-03-22 07:45:00,6981.7
2019-03-22 08:00:00,7013.9
2019-03-22 08:15:00,7030.2
2019-03-22 08:30:00,7032.8
2019-03-22 08:45:00,7039.0
2019-03-22 09:00:00,7016.1
2019-03-22 09:15:00,7026.4
2019-03-22 09:30:00,7028.2
2019-03-22 09:45:00,7040.5
2019-03-22 10:00:00,7030.4
2019-03-22 10:15:00,7031.5
2019-03-22 10:30:00,7039.4
2019-03-22 10:45:00,7048.0
2019-03-22 11:00:00,7048.7
2019-03-22 11:15:00,7042.1
2019-03-22 11:30:00,7043.0
2019-03-22 11:45:00,7024.4
2019-03-22 12:00:00,7002.4
2019-03-22 12:15:00,6979.7
2019-03-22 12:30:00,6971.1
2019-03-22 12:45:00,6966.3
2019-03-22 13:00:00,6948.7
2019-03-22 13:15:00,6922.5
2019-03-22 13:30:00,6894.7
2019-03-22 13:45:00,6874.9
2019-03-22 14:00:00,6843.6
2019-03-22 14:15:00,6829.7
2019-03-22 14:30:00,6807.5
2019-03-22 14:45:00,6786.6
2019-03-22 15:00:00,6783.5
2019-03-22 15:15:00,6768.9
2019-03-22 15:30:00,6744.9
2019-03-22 15:45:00,6720.9
2019-03-22 16:00:00,6704.0
2019-03-22 16:15:00,6696.3
2019-03-22 16:30:00,6669.8
2019-03-22 16:45:00,6661.0
2019-03-22 17:00:00,6693.0
2019-03-22 17:15:00,6712.8
2019-03-22 17:30:00,6733.0
2019-03-22 17:45:00,6752.6
2019-03-22 18:00:00,6767.4
2019-03-22 18:15:00,6773.8
2019-03-22 18:30:00,6834.1
2019-03-22 18:45:00,6901.1
2019-03-22 19:00:00,6966.3
2019-03-22 19:15:00,6949.3
2019-03-22 19:30:00,6921.8
2019-03-22 19:45:00,6895.6
2019-03-22 20:00:00,6832.4
2019-03-22 20:15:00,6763.4
2019-03-22 20:30:00,6716.7
2019-03-22 20:45:00,6657.9
2019-03-22 21:00:00,6616.3
2019-03-22 21:15:00,6552.4
2019-03-22 21:30:00,6503.5
2019-03-22 21:45:00,6450.9
2019-03-22 22:00:00,6432.6
2019-03-22 22:15:00,6387.4
2019-03-22 22:30:00,6314.5
2019-03-22 22:45:00,6272.7
2019-03-22 23:00:00,6216.1
2019-03-22 23:15:00,6159.9
2019-03-22 23:30:00,6111.7
2019-03-22 23:45:00,6081.5
2019-03-23 00:00:00,6016.1
2019-03-23 00:15:00,5975.6
2019-03-23 00:30:00,5932.2
2019-03-23 00:45:00,5919.6
2019-03-23 01:00:00,5869.6
2019-03-23 01:15:00,5830.6
2019-03-23 01:30:00,5811.7
2019-03-23 01:45:00,5779.7
2019-03-23 02:00:00,5762.8
2019-03-23 02:15:00,5739.6
2019-03-23 02:30:00,5746.5
2019-03-23 02:45:00,5752.4
2019-03-23 03:00:00,5752.4
2019-03-23 03:15:00,5759.0
2019-03-23 03:30:00,5757.7
2019-03-23 03:45:00,5759.7
2019-03-23 04:00:00,5763.0
2019-03-23 04:15:00,5766.7
2019-03-23 04:30:00,5767.0
2019-03-23 04:45:00,5783.5
2019-03-23 05:00:00,5799.3
2019-03-23 05:15:00,5800.7
2019-03-23 05:30:00,5805.9
2019-03-23 05:45:00,5802.4
2019-03-23 06:00:00,5813.7
2019-03-23 06:15:00,5820.9
2019-03-23 06:30:00,5851.3
2019-03-23 06:45:00,5888.1
2019-03-23 07:00:00,5951.3
2019-03-23 07:15:00,5990.3
2019-03-23 07:30:00,6048.2
2019-03-23 07:45:00,6110.8
2019-03-23 08:00:00,6166.3
2019-03-23 08:15:00,6214.3
2019-03-23 08:30:00,6248.5
2019-03-23 08:45:00,6294.9
2019-03-23 09:00:00,6355.9
2019-03-23 09:15:00,6368.5
2019-03-23 09:30:00,6387.4
2019-03-23 09:45:00,6410.4
2019-03-23 10:00:00,6419.6
2019-03-23 10:15:00,6428.2
2019-03-23 10:30:00,6414.3
2019-03-23 10:45:00,6436.8
2019-03-23 11:00:00,6424.7
2019-03-23 11:15:00,6429.1
2019-03-23 11:30:00,6443.8
2019-03-23 11:45:00,6429.7
2019-03-23 12:00:00,6419.4
2019-03-23 12:15:00,6397.6
2019-03-23 12:30:00,6391.6
2019-03-23 12:45:00,6365.0
2019-03-23 13:00:00,6334.4
2019-03-23 13:15:00,6318.3
2019-03-23 13:30:00,6290.5
2019-03-23 13:45:00,6246.0
2019-03-23 14:00:00,6235.0
2019-03-23 14:15:00,6217.6
2019-03-23 14:30:00,6207.7
2019-03-23 14:45:00,6183.5
2019-03-23 15:00:00,6190.3
2019-03-23 15:15:00,6174.0
2019-03-23 15:30:00,6169.4
2019-03-23 15:45:00,6151.8
2019-03-23 16:00:00,6128.2
2019-03-23 16:15:00,6125.8
2019-03-23 16:30:00,6096.9
2019-03-23 16:45:00,6097.6
2019-03-23 17:00:00,6144.3
2019-03-23 17:15:00,6175.6
2019-03-23 17:30:00,6196.0
2019-03-23 17:45:00,6245.2
2019-03-23 18:00:00,6289.2
2019-03-23 18:15:00,6313.9
2019-03-23 18:30:00,6365.9
2019-03-23 18:45:00,6411.0
2019-03-23 19:00:00,6466.7
2019-03-23 19:15:00,6446.5
2019-03-23 19:30:00,6441.6
2019-03-23 19:45:00,6416.5
2019-03-23 20:00:00,6357.3
2019-03-23 20:15:00,6288.5
2019-03-23 20:30:00,6228.6
2019-03-23 20:45:00,6177.8
2019-03-23 21:00:00,6138.3
2019-03-23 21:15:00,6096.3
2019-03-23 21:30:00,6072.7
2019-03-23 21:45:00,6042.7
2019-03-23 22:00:00,6064.3
2019-03-23 22:15:00,6027.3
2019-03-23 22:30:00,5975.6
2019-03-23 22:45:00,5940.3
2019-03-23 23:00:00,5872.5
2019-03-23 23:15:00,5834.6
2019-03-23 23:30:00,5802.2
2019-03-23 23:45:00,5758.8
2019-03-24 00:00:00,5698.7
2019-03-24 00:15:00,5659.7
2019-03-24 00:30:00,5652.6
2019-03-24 00:45:00,5618.5
2019-03-24 01:00:00,5588.1
2019-03-24 01:15:00,5568.9
2019-03-24 01:30:00,5554.2
2019-03-24 01:45:00,5543.8
2019-03-24 02:00:00,5505.3
2019-03-24 02:15:00,5504.8
2019-03-24 02:30:00,5499.8
2019-03-24 02:45:00,5498.2
2019-03-24 03:00:00,5507.5
2019-03-24 03:15:00,5509.3
2019-03-24 03:30:00,5512.8
2019-03-24 03:45:00,5518.7
2019-03-24 04:00:00,5534.4
2019-03-24 04:15:00,5542.7
2019-03-24 04:30:00,5548.5
2019-03-24 04:45:00,5555.1
2019-03-24 05:00:00,5560.6
2019-03-24 05:15:00,5541.0
2019-03-24 05:30:00,5543.4
2019-03-24 05:45:00,5537.7
2019-03-24 06:00:00,5496.3
2019-03-24 06:15:00,5485.2
2019-03-24 06:30:00,5499.6
2019-03-24 06:45:00,5528.9
2019-03-24 07:00:00,5582.4
2019-03-24 07:15:00,5600.0
2019-03-24 07:30:00,5659.0
2019-03-24 07:45:00,5703.7
2019-03-24 08:00:00,5749.8
2019-03-24 08:15:00,5792.5
2019-03-24 08:30:00,5843.4
2019-03-24 08:45:00,5877.8
2019-03-24 09:00:00,5926.2
2019-03-24 09:15:00,5962.3
2019-03-24 09:30:00,5986.3
2019-03-24 09:45:00,6001.5
2019-03-24 10:00:00,6033.0
2019-03-24 10:15:00,6044.5
2019-03-24 10:30:00,6064.3
2019-03-24 10:45:00,6091.4
2019-03-24 11:00:00,6120.9
2019-03-24 11:15:00,6143.0
2019-03-24 11:30:00,6154.4
2019-03-24 11:45:00,6161.9
2019-03-24 12:00:00,6154.2
2019-03-24 12:15:00,6134.1
2019-03-24 12:30:00,6116.5
2019-03-24 12:45:00,6092.7
2019-03-24 13:00:00,6070.3
2019-03-24 13:15:00,6053.5
2019-03-24 13:30:00,6044.7
2019-03-24 13:45:00,6009.3
2019-03-24 14:00:00,5977.3
2019-03-24 14:15:00,5946.7
2019-03-24 14:30:00,5943.0
2019-03-24 14:45:00,5933.5
2019-03-24 15:00:00,5914.5
2019-03-24 15:15:00,5913.9
2019-03-24 15:30:00,5913.0
2019-03-24 15:45:00,5900.0
2019-03-24 16:00:00,5928.9
2019-03-24 16:15:00,5928.9
2019-03-24 16:30:00,5952.4
2019-03-24 16:45:00,5964.8
2019-03-24 17:00:00,6001.8
2019-03-24 17:15:00,6013.0
2019-03-24 17:30:00,6042.1
2019-03-24 17:45:00,6078.6
2019-03-24 18:00:00,6143.2
2019-03-24 18:15:00,6189.9
2019-03-24 18:30:00,6242.7
2019-03-24 18:45:00,6306.8
2019-03-24 19:00:00,6377.1
2019-03-24 19:15:00,6415.4
2019-03-24 19:30:00,6394.3
2019-03-24 19:45:00,6358.6
2019-03-24 20:00:00,6349.6
2019-03-24 20:15:00,6281.1
2019-03-24 20:30:00,6236.8
2019-03-24 20:45:00,6193.0
2019-03-24 21:00:00,6171.4
2019-03-24 21:15:00,6157.9
2019-03-24 21:30:00,6153.7
2019-03-24 21:45:00,6139.4
2019-03-24 22:00:00,6174.2
2019-03-24 22:15:00,6166.3
2019-03-24 22:30:00,6132.6
2019-03-24 22:45:00,6091.0
2019-03-24 23:00:00,6040.5
2019-03-24 23:15:00,6001.1
2019-03-24 23:30:00,5947.8
2019-03-24 23:45:00,5908.1
2019-03-25 00:00:00,5865.4
2019-03-25 00:15:00,5839.0
2019-03-25 00:30:00,5822.0
2019-03-25 00:45:00,5800.0
2019-03-25 01:00:00,5775.1
2019-03-25 01:15:00,5768.7
2019-03-25 01:30:00,5762.6
2019-03-25 01:45:00,5741.4
2019-03-25 02:00:00,5732.2
2019-03-25 02:15:00,5733.3
2019-03-25 02:30:00,5735.9
2019-03-25 02:45:00,5740.7
2019-03-25 03:00:00,5750.2
2019-03-25 03:15:00,5751.5
2019-03-25 03:30:00,5775.1
2019-03-25 03:45:00,5797.4
2019-03-25 04:00:00,5846.9
2019-03-25 04:15:00,5876.7
2019-03-25 04:30:00,5907.7
2019-03-25 04:45:00,5951.1
2019-03-25 05:00:00,6021.8
2019-03-25 05:15:00,6065.4
2019-03-25 05:30:00,6126.7
2019-03-25 05:45:00,6222.2
2019-03-25 06:00:00,6355.9
2019-03-25 06:15:00,6459.7
2019-03-25 06:30:00,6551.3
2019-03-25 06:45:00,6620.5
2019-03-25 07:00:00,6727.5
2019-03-25 07:15:00,6794.9
2019-03-25 07:30:00,6847.6
2019-03-25 07:45:00,6890.1
2019-03-25 08:00:00,6948.7
2019-03-25 08:15:00,6983.9
2019-03-25 08:30:00,7007.5
2019-03-25 08:45:00,7026.0
2019-03-25 09:00:00,7013.2
2019-03-25 09:15:00,7031.3
2019-03-25 09:30:00,7082.8
2019-03-25 09:45:00,7085.2
2019-03-25 10:00:00,7106.2
2019-03-25 10:15:00,7116.1
2019-03-25 10:30:00,7139.2
2019-03-25 10:45:00,7137.2
2019-03-25 11:00:00,7169.8
2019-03-25 11:15:00,7185.9
2019-03-25 11:30:00,7178.6
2019-03-25 11:45:00,7183.3
2019-03-25 12:00:00,7154.4
2019-03-25 12:15:00,7132.6
2019-03-25 12:30:00,7118.7
2019-03-25 12:45:00,7118.3
2019-03-25 13:00:00,7122.7
2019-03-25 13:15:00,7124.2
2019-03-25 13:30:00,7121.4
2019-03-25 13:45:00,7083.0
2019-03-25 14:00:00,7056.2
2019-03-25 14:15:00,7072.7
2019-03-25 14:30:00,7055.5
2019-03-25 14:45:00,7030.4
2019-03-25 15:00:00,7043.8
2019-03-25 15:15:00,7034.6
2019-03-25 15:30:00,7032.8
2019-03-25 15:45:00,6988.5
2019-03-25 16:00:00,6976.9
2019-03-25 16:15:00,6937.0
2019-03-25 16:30:00,6924.4
2019-03-25 16:45:00,6915.4
2019-03-25 17:00:00,6907.0
2019-03-25 17:15:00,6900.2
2019-03-25 17:30:00,6925.8
2019-03-25 17:45:00,6918.1
2019-03-25 18:00:00,6933.9
2019-03-25 18:15:00,6945.2
2019-03-25 18:30:00,7005.9
2019-03-25 18:45:00,7061.2
2019-03-25 19:00:00,7105.1
2019-03-25 19:15:00,7101.8
2019-03-25 19:30:00,7093.4
2019-03-25 19:45:00,7065.0
2019-03-25 20:00:00,7011.9
2019-03-25 20:15:00,6935.0
2019-03-25 20:30:00,6865.0
2019-03-25 20:45:00,6811.0
2019-03-25 21:00:00,6765.6
2019-03-25 21:15:00,6702.0
2019-03-25 21:30:00,6635.7
2019-03-25 21:45:00,6575.6
2019-03-25 22:00:00,6559.5
2019-03-25 22:15:00,6513.7
2019-03-25 22:30:00,6440.1
2019-03-25 22:45:00,6379.1
2019-03-25 23:00:00,6297.6
2019-03-25 23:15:00,6225.3
2019-03-25 23:30:00,6185.0
2019-03-25 23:45:00,6159.3
2019-03-26 00:00:00,6137.7
2019-03-26 00:15:00,6092.1
2019-03-26 00:30:00,6068.1
2019-03-26 00:45:00,6049.1
2019-03-26 01:00:00,6014.8
2019-03-26 01:15:00,6008.4
2019-03-26 01:30:00,6001.8
2019-03-26 01:45:00,5991.9
2019-03-26 02:00:00,5988.1
2019-03-26 02:15:00,5983.0
2019-03-26 02:30:00,5985.9
2019-03-26 02:45:00,6011.5
2019-03-26 03:00:00,6021.4
2019-03-26 03:15:00,6033.0
2019-03-26 03:30:00,6043.4
2019-03-26 03:45:00,6054.0
2019-03-26 04:00:00,6069.2
2019-03-26 04:15:00,6092.3
2019-03-26 04:30:00,6117.6
2019-03-26 04:45:00,6152.6
2019-03-26 05:00:00,6219.6
2019-03-26 05:15:00,6257.9
2019-03-26 05:30:00,6302.6
2019-03-26 05:45:00,6366.3
2019-03-26 06:00:00,6509.5
2019-03-26 06:15:00,6630.2
2019-03-26 06:30:00,6703.5
2019-03-26 06:45:00,6783.9
2019-03-26 07:00:00,6863.4
2019-03-26 07:15:00,6918.5
2019-03-26 07:30:00,6961.7
2019-03-26 07:45:00,7011.7
2019-03-26 08:00:00,7060.8
2019-03-26 08:15:00,7083.9
2019-03-26 08:30:00,7101.1
2019-03-26 08:45:00,7095.2
2019-03-26 09:00:00,7085.9
2019-03-26 09:15:00,7091.4
2019-03-26 09:30:00,7109.9
2019-03-26 09:45:00,7120.5
2019-03-26 10:00:00,7130.6
2019-03-26 10:15:00,7145.2
2019-03-26 10:30:00,7168.7
2019-03-26 10:45:00,7177.5
2019-03-26 11:00:00,7205.9
2019-03-26 11:15:00,7206.6
2019-03-26 11:30:00,7205.9
2019-03-26 11:45:00,7187.2
2019-03-26 12:00:00,7155.9
2019-03-26 12:15:00,7138.8
2019-03-26 12:30:00,7126.0
2019-03-26 12:45:00,7124.2
2019-03-26 13:00:00,7134.6
2019-03-26 13:15:00,7110.1
2019-03-26 13:30:00,7089.4
2019-03-26 13:45:00,7044.1
2019-03-26 14:00:00,7061.7
2019-03-26 14:15:00,7052.2
2019-03-26 14:30:00,7031.1
2019-03-26 14:45:00,7001.1
2019-03-26 15:00:00,7006.2
2019-03-26 15:15:00,6969.2
2019-03-26 15:30:00,6965.6
2019-03-26 15:45:00,6932.8
2019-03-26 16:00:00,6956.8
2019-03-26 16:15:00,6918.1
2019-03-26 16:30:00,6898.9
2019-03-26 16:45:00,6891.2
2019-03-26 17:00:00,6907.5
2019-03-26 17:15:00,6917.4
2019-03-26 17:30:00,6929.1
2019-03-26 17:45:00,6942.3
2019-03-26 18:00:00,6967.2
2019-03-26 18:15:00,6975.8
2019-03-26 18:30:00,7013.4
2019-03-26 18:45:00,7060.4
2019-03-26 19:00:00,7105.7
2019-03-26 19:15:00,7094.3
2019-03-26 19:30:00,7061.9
2019-03-26 19:45:00,7029.3
2019-03-26 20:00:00,6977.1
2019-03-26 20:15:00,6910.4
2019-03-26 20:30:00,6840.1
2019-03-26 20:45:00,6776.2
2019-03-26 21:00:00,6730.2
2019-03-26 21:15:00,6689.0
2019-03-26 21:30:00,6637.2
2019-03-26 21:45:00,6585.7
2019-03-26 22:00:00,6555.3
2019-03-26 22:15:00,6512.1
2019-03-26 22:30:00,6461.2
2019-03-26 22:45:00,6397.1
2019-03-26 23:00:00,6325.1
2019-03-26 23:15:00,6257.3
2019-03-26 23:30:00,6218.5
2019-03-26 23:45:00,6183.7
2019-03-27 00:00:00,6121.6
2019-03-27 00:15:00,6061.9
2019-03-27 00:30:00,6045.6
2019-03-27 00:45:00,6018.9
2019-03-27 01:00:00,5996.5
2019-03-27 01:15:00,5959.0
2019-03-27 01:30:00,5945.8
2019-03-27 01:45:00,5931.9
2019-03-27 02:00:00,5919.6
2019-03-27 02:15:00,5917.0
2019-03-27 02:30:00,5924.0
2019-03-27 02:45:00,5926.9
2019-03-27 03:00:00,5923.8
2019-03-27 03:15:00,5933.0
2019-03-27 03:30:00,5954.6
2019-03-27 03:45:00,5965.4
2019-03-27 04:00:00,5989.9
2019-03-27 04:15:00,6011.5
2019-03-27 04:30:00,6051.5
2019-03-27 04:45:00,6081.7
2019-03-27 05:00:00,6163.0
2019-03-27 05:15:00,6215.4
2019-03-27 05:30:00,6261.2
2019-03-27 05:45:00,6359.5
2019-03-27 06:00:00,6503.3
2019-03-27 06:15:00,6607.7
2019-03-27 06:30:00,6695.2
2019-03-27 06:45:00,6774.2
2019-03-27 07:00:00,6858.6
2019-03-27 07:15:00,6920.9
2019-03-27 07:30:00,6964.3
2019-03-27 07:45:00,6998.2
2019-03-27 08:00:00,7038.5
2019-03-27 08:15:00,7068.7
2019-03-27 08:30:00,7077.1
2019-03-27 08:45:00,7075.1
2019-03-27 09:00:00,7055.5
2019-03-27 09:15:00,7074.2
2019-03-27 09:30:00,7091.2
2019-03-27 09:45:00,7107.0
2019-03-27 10:00:00,7105.5
2019-03-27 10:15:00,7106.6
2019-03-27 10:30:00,7128.6
2019-03-27 10:45:00,7153.1
2019-03-27 11:00:00,7173.8
2019-03-27 11:15:00,7195.4
2019-03-27 11:30:00,7203.5
2019-03-27 11:45:00,7197.8
2019-03-27 12:00:00,7154.8
2019-03-27 12:15:00,7124.9
2019-03-27 12:30:00,7125.6
2019-03-27 12:45:00,7110.6
2019-03-27 13:00:00,7112.1
2019-03-27 13:15:00,7078.9
2019-03-27 13:30:00,7075.8
2019-03-27 13:45:00,7033.0
2019-03-27 14:00:00,7025.8
2019-03-27 14:15:00,7013.7
2019-03-27 14:30:00,7009.0
2019-03-27 14:45:00,6998.7
2019-03-27 15:00:00,6995.2
2019-03-27 15:15:00,6976.0
2019-03-27 15:30:00,6960.8
2019-03-27 15:45:00,6936.1
2019-03-27 16:00:00,6929.3
2019-03-27 16:15:00,6897.6
2019-03-27 16:30:00,6879.7
2019-03-27 16:45:00,6880.4
2019-03-27 17:00:00,6909.9
2019-03-27 17:15:00,6905.1
2019-03-27 17:30:00,6927.3
2019-03-27 17:45:00,6933.3
2019-03-27 18:00:00,6959.0
2019-03-27 18:15:00,6974.0
2019-03-27 18:30:00,7012.8
2019-03-27 18:45:00,7072.5
2019-03-27 19:00:00,7117.6
2019-03-27 19:15:00,7127.5
2019-03-27 19:30:00,7102.9
2019-03-27 19:45:00,7075.6
2019-03-27 20:00:00,7012.8
2019-03-27 20:15:00,6932.2
2019-03-27 20:30:00,6866.3
2019-03-27 20:45:00,6805.9
2019-03-27 21:00:00,6749.6
2019-03-27 21:15:00,6701.3
2019-03-27 21:30:00,6639.9
2019-03-27 21:45:00,6589.0
2019-03-27 22:00:00,6553.7
2019-03-27 22:15:00,6508.4
2019-03-27 22:30:00,6444.9
2019-03-27 22:45:00,6374.0
2019-03-27 23:00:00,6289.2
2019-03-27 23:15:00,6233.5
2019-03-27 23:30:00,6178.6
2019-03-27 23:45:00,6133.5
2019-03-28 00:00:00,6052.4
2019-03-28 00:15:00,6024.4
2019-03-28 00:30:00,6006.4
2019-03-28 00:45:00,5986.6
2019-03-28 01:00:00,5959.9
2019-03-28 01:15:00,5937.9
2019-03-28 01:30:00,5924.0
2019-03-28 01:45:00,5914.5
2019-03-28 02:00:00,5876.7
2019-03-28 02:15:00,5861.2
2019-03-28 02:30:00,5860.8
2019-03-28 02:45:00,5874.9
2019-03-28 03:00:00,5890.5
2019-03-28 03:15:00,5894.1
2019-03-28 03:30:00,5910.8
2019-03-28 03:45:00,5908.6
2019-03-28 04:00:00,5932.6
2019-03-28 04:15:00,5948.0
2019-03-28 04:30:00,5978.6
2019-03-28 04:45:00,6022.2
2019-03-28 05:00:00,6130.8
2019-03-28 05:15:00,6171.8
2019-03-28 05:30:00,6218.5
2019-03-28 05:45:00,6279.1
2019-03-28 06:00:00,6424.7
2019-03-28 06:15:00,6542.1
2019-03-28 06:30:00,6656.8
2019-03-28 06:45:00,6702.2
2019-03-28 07:00:00,6785.2
2019-03-28 07:15:00,6842.1
2019-03-28 07:30:00,6878.6
2019-03-28 07:45:00,6910.4
2019-03-28 08:00:00,6958.8
2019-03-28 08:15:00,6972.9
2019-03-28 08:30:00,6988.5
2019-03-28 08:45:00,6988.1
2019-03-28 09:00:00,6964.8
2019-03-28 09:15:00,6987.9
2019-03-28 09:30:00,7001.3
2019-03-28 09:45:00,7006.4
2019-03-28 10:00:00,7008.8
2019-03-28 10:15:00,7020.5
2019-03-28 10:30:00,7027.5
2019-03-28 10:45:00,7046.3
2019-03-28 11:00:00,7069.4
2019-03-28 11:15:00,7086.1
2019-03-28 11:30:00,7095.2
2019-03-28 11:45:00,7094.9
2019-03-28 12:00:00,7065.9
2019-03-28 12:15:00,7046.7
2019-03-28 12:30:00,7030.0
2019-03-28 12:45:00,7020.0
2019-03-28 13:00:00,7035.5
2019-03-28 13:15:00,7029.3
2019-03-28 13:30:00,7016.3
2019-03-28 13:45:00,6983.9
2019-03-28 14:00:00,6977.8
2019-03-28 14:15:00,6963.9
2019-03-28 14:30:00,6950.7
2019-03-28 14:45:00,6933.7
2019-03-28 15:00:00,6928.6
2019-03-28 15:15:00,6907.9
2019-03-28 15:30:00,6889.4
2019-03-28 15:45:00,6873.8
2019-03-28 16:00:00,6857.7
2019-03-28 16:15:00,6847.4
2019-03-28 16:30:00,6838.5
2019-03-28 16:45:00,6831.9
2019-03-28 17:00:00,6848.5
2019-03-28 17:15:00,6841.4
2019-03-28 17:30:00,6868.1
2019-03-28 17:45:00,6892.3
2019-03-28 18:00:00,6901.5
2019-03-28 18:15:00,6897.1
2019-03-28 18:30:00,6932.6
2019-03-28 18:45:00,6988.3
2019-03-28 19:00:00,7035.2
2019-03-28 19:15:00,7040.3
2019-03-28 19:30:00,7028.6
2019-03-28 19:45:00,6990.3
2019-03-28 20:00:00,6940.3
2019-03-28 20:15:00,6874.4
2019-03-28 20:30:00,6805.9
2019-03-28 20:45:00,6760.6
2019-03-28 21:00:00,6715.4
2019-03-28 21:15:00,6677.5
2019-03-28 21:30:00,6623.6
2019-03-28 21:45:00,6563.4
2019-03-28 22:00:00,6545.2
2019-03-28 22:15:00,6487.0
2019-03-28 22:30:00,6426.7
2019-03-28 22:45:00,6353.3
2019-03-28 23:00:00,6280.4
2019-03-28 23:15:00,6220.9
2019-03-28 23:30:00,6176.4
2019-03-28 23:45:00,6132.2
2019-03-29 00:00:00,6052.2
2019-03-29 00:15:00,5998.9
2019-03-29 00:30:00,5988.3
2019-03-29 00:45:00,5941.9
2019-03-29 01:00:00,5902.9
2019-03-29 01:15:00,5864.1
2019-03-29 01:30:00,5860.1
2019-03-29 01:45:00,5838.3
2019-03-29 02:00:00,5814.3
2019-03-29 02:15:00,5797.4
2019-03-29 02:30:00,5813.4
2019-03-29 02:45:00,5823.3
2019-03-29 03:00:00,5839.6
2019-03-29 03:15:00,5844.1
2019-03-29 03:30:00,5858.6
2019-03-29 03:45:00,5878.2
2019-03-29 04:00:00,5917.0
2019-03-29 04:15:00,5943.0
2019-03-29 04:30:00,5965.9
2019-03-29 04:45:00,6010.4
2019-03-29 05:00:00,6106.4
2019-03-29 05:15:00,6156.4
2019-03-29 05:30:00,6204.2
2019-03-29 05:45:00,6258.8
2019-03-29 06:00:00,6401.5
2019-03-29 06:15:00,6513.2
2019-03-29 06:30:00,6597.8
2019-03-29 06:45:00,6664.1
2019-03-29 07:00:00,6753.3
2019-03-29 07:15:00,6806.8
2019-03-29 07:30:00,6851.5
2019-03-29 07:45:00,6890.7
2019-03-29 08:00:00,6930.4
2019-03-29 08:15:00,6957.5
2019-03-29 08:30:00,6964.3
2019-03-29 08:45:00,6966.5
2019-03-29 09:00:00,6934.1
2019-03-29 09:15:00,6938.8
2019-03-29 09:30:00,6950.2
2019-03-29 09:45:00,6975.3
2019-03-29 10:00:00,6966.7
2019-03-29 10:15:00,6978.6
2019-03-29 10:30:00,7003.3
2019-03-29 10:45:00,7004.4
2019-03-29 11:00:00,6999.1
2019-03-29 11:15:00,7004.8
2019-03-29 11:30:00,7018.1
2019-03-29 11:45:00,7003.5
2019-03-29 12:00:00,6960.4
2019-03-29 12:15:00,6955.9
2019-03-29 12:30:00,6929.3
2019-03-29 12:45:00,6910.6
2019-03-29 13:00:00,6906.2
2019-03-29 13:15:00,6868.5
2019-03-29 13:30:00,6818.7
2019-03-29 13:45:00,6770.7
2019-03-29 14:00:00,6781.9
2019-03-29 14:15:00,6775.1
2019-03-29 14:30:00,6752.4
2019-03-29 14:45:00,6730.4
2019-03-29 15:00:00,6724.9
2019-03-29 15:15:00,6710.4
2019-03-29 15:30:00,6680.6
2019-03-29 15:45:00,6648.5
2019-03-29 16:00:00,6662.6
2019-03-29 16:15:00,6636.1
2019-03-29 16:30:00,6614.8
2019-03-29 16:45:00,6614.8
2019-03-29 17:00:00,6622.7
2019-03-29 17:15:00,6620.5
2019-03-29 17:30:00,6656.6
2019-03-29 17:45:00,6668.7
2019-03-29 18:00:00,6678.9
2019-03-29 18:15:00,6694.7
2019-03-29 18:30:00,6719.6
2019-03-29 18:45:00,6774.4
2019-03-29 19:00:00,6832.8
2019-03-29 19:15:00,6873.8
2019-03-29 19:30:00,6863.4
2019-03-29 19:45:00,6820.5
2019-03-29 20:00:00,6759.9
2019-03-29 20:15:00,6706.8
2019-03-29 20:30:00,6652.2
2019-03-29 20:45:00,6575.3
2019-03-29 21:00:00,6554.0
2019-03-29 21:15:00,6502.0
2019-03-29 21:30:00,6445.8
2019-03-29 21:45:00,6388.3
2019-03-29 22:00:00,6361.2
2019-03-29 22:15:00,6310.6
2019-03-29 22:30:00,6250.9
2019-03-29 22:45:00,6187.4
2019-03-29 23:00:00,6117.4
2019-03-29 23:15:00,6069.2
2019-03-29 23:30:00,6015.9
2019-03-29 23:45:00,5969.6
2019-03-30 00:00:00,5923.1
2019-03-30 00:15:00,5875.8
2019-03-30 00:30:00,5839.2
2019-03-30 00:45:00,5817.4
2019-03-30 01:00:00,5791.0
2019-03-30 01:15:00,5761.2
2019-03-30 01:30:00,5750.0
2019-03-30 01:45:00,5720.0
2019-03-30 02:00:00,5713.4
2019-03-30 02:15:00,5704.2
2019-03-30 02:30:00,5683.3
2019-03-30 02:45:00,5693.2
2019-03-30 03:00:00,5700.9
2019-03-30 03:15:00,5691.2
2019-03-30 03:30:00,5697.6
2019-03-30 03:45:00,5700.2
2019-03-30 04:00:00,5717.4
2019-03-30 04:15:00,5715.6
2019-03-30 04:30:00,5717.8
2019-03-30 04:45:00,5738.1
2019-03-30 05:00:00,5757.9
2019-03-30 05:15:00,5745.4
2019-03-30 05:30:00,5746.7
2019-03-30 05:45:00,5734.8
2019-03-30 06:00:00,5728.9
2019-03-30 06:15:00,5749.1
2019-03-30 06:30:00,5775.3
2019-03-30 06:45:00,5815.2
2019-03-30 07:00:00,5865.2
2019-03-30 07:15:00,5908.4
2019-03-30 07:30:00,5958.1
2019-03-30 07:45:00,6022.2
2019-03-30 08:00:00,6106.4
2019-03-30 08:15:00,6154.6
2019-03-30 08:30:00,6187.9
2019-03-30 08:45:00,6228.9
2019-03-30 09:00:00,6254.4
2019-03-30 09:15:00,6270.3
2019-03-30 09:30:00,6289.0
2019-03-30 09:45:00,6296.3
2019-03-30 10:00:00,6290.5
2019-03-30 10:15:00,6295.2
2019-03-30 10:30:00,6299.8
2019-03-30 10:45:00,6302.2
2019-03-30 11:00:00,6299.6
2019-03-30 11:15:00,6297.1
2019-03-30 11:30:00,6305.3
2019-03-30 11:45:00,6282.4
2019-03-30 12:00:00,6273.3
2019-03-30 12:15:00,6265.9
2019-03-30 12:30:00,6246.7
2019-03-30 12:45:00,6218.7
2019-03-30 13:00:00,6199.3
2019-03-30 13:15:00,6171.8
2019-03-30 13:30:00,6145.8
2019-03-30 13:45:00,6115.2
2019-03-30 14:00:00,6090.1
2019-03-30 14:15:00,6067.4
2019-03-30 14:30:00,6059.7
2019-03-30 14:45:00,6050.2
2019-03-30 15:00:00,6056.2
2019-03-30 15:15:00,6047.8
2019-03-30 15:30:00,6034.4
2019-03-30 15:45:00,6001.5
2019-03-30 16:00:00,5999.8
2019-03-30 16:15:00,5997.1
2019-03-30 16:30:00,5977.1
2019-03-30 16:45:00,5979.7
2019-03-30 17:00:00,6007.0
2019-03-30 17:15:00,6027.5
2019-03-30 17:30:00,6064.5
2019-03-30 17:45:00,6079.3
2019-03-30 18:00:00,6124.0
2019-03-30 18:15:00,6136.6
2019-03-30 18:30:00,6186.8
2019-03-30 18:45:00,6235.2
2019-03-30 19:00:00,6288.1
2019-03-30 19:15:00,6316.5
2019-03-30 19:30:00,6318.7
2019-03-30 19:45:00,6296.5
2019-03-30 20:00:00,6245.8
2019-03-30 20:15:00,6179.1
2019-03-30 20:30:00,6128.0
2019-03-30 20:45:00,6073.6
2019-03-30 21:00:00,6036.6
2019-03-30 21:15:00,5999.3
2019-03-30 21:30:00,5955.3
2019-03-30 21:45:00,5936.8
2019-03-30 22:00:00,5960.8
2019-03-30 22:15:00,5916.7
2019-03-30 22:30:00,5866.1
2019-03-30 22:45:00,5830.8
2019-03-30 23:00:00,5782.6
2019-03-30 23:15:00,5740.1
2019-03-30 23:30:00,5704.4
2019-03-30 23:45:00,5675.1
2019-03-31 00:00:00,5672.2
2019-03-31 00:15:00,5646.0
2019-03-31 00:30:00,5611.9
2019-03-31 00:45:00,5594.9
2019-03-31 01:00:00,5564.3
2019-03-31 01:15:00,5543.2
2019-03-31 01:30:00,5530.6
2019-03-31 01:45:00,5503.1
2019-03-31 02:00:00,5475.6
2019-03-31 02:15:00,5473.3
2019-03-31 02:30:00,5469.4
2019-03-31 02:45:00,5462.6
2019-03-31 03:00:00,5451.1
2019-03-31 03:15:00,5467.6
2019-03-31 03:30:00,5478.6
2019-03-31 03:45:00,5493.2
2019-03-31 04:00:00,5516.3
2019-03-31 04:15:00,5512.8
2019-03-31 04:30:00,5536.1
2019-03-31 04:45:00,5542.3
2019-03-31 05:00:00,5526.7
2019-03-31 05:15:00,5545.2
2019-03-31 05:30:00,5538.8
2019-03-31 05:45:00,5538.5
2019-03-31 06:00:00,5543.4
2019-03-31 06:15:00,5549.6
2019-03-31 06:30:00,5577.8
2019-03-31 06:45:00,5611.9
2019-03-31 07:00:00,5662.6
2019-03-31 07:15:00,5713.4
2019-03-31 07:30:00,5754.6
2019-03-31 07:45:00,5785.2
2019-03-31 08:00:00,5858.8
2019-03-31 08:15:00,5906.2
2019-03-31 08:30:00,5948.7
2019-03-31 08:45:00,5996.0
2019-03-31 09:00:00,6033.0
2019-03-31 09:15:00,6066.1
2019-03-31 09:30:00,6111.7
2019-03-31 09:45:00,6119.8
2019-03-31 10:00:00,6165.2
2019-03-31 10:15:00,6190.1
2019-03-31 10:30:00,6203.5
2019-03-31 10:45:00,6216.1
2019-03-31 11:00:00,6211.7
2019-03-31 11:15:00,6198.7
2019-03-31 11:30:00,6181.5
2019-03-31 11:45:00,6138.8
2019-03-31 12:00:00,6111.9
2019-03-31 12:15:00,6090.3
2019-03-31 12:30:00,6072.9
2019-03-31 12:45:00,6032.6
2019-03-31 13:00:00,6011.0
2019-03-31 13:15:00,5999.8
2019-03-31 13:30:00,5965.9
2019-03-31 13:45:00,5940.5
2019-03-31 14:00:00,5929.3
2019-03-31 14:15:00,5906.4
2019-03-31 14:30:00,5904.6
2019-03-31 14:45:00,5886.6
2019-03-31 15:00:00,5873.6
2019-03-31 15:15:00,5885.7
2019-03-31 15:30:00,5907.9
2019-03-31 15:45:00,5891.6
2019-03-31 16:00:00,5923.8
2019-03-31 16:15:00,5932.2
2019-03-31 16:30:00,5955.1
2019-03-31 16:45:00,5943.4
2019-03-31 17:00:00,5991.0
2019-03-31 17:15:00,5993.0
2019-03-31 17:30:00,6008.4
2019-03-31 17:45:00,6040.1
2019-03-31 18:00:00,6059.5
2019-03-31 18:15:00,6073.8
2019-03-31 18:30:00,6075.3
2019-03-31 18:45:00,6115.4
2019-03-31 19:00:00,6190.1
2019-03-31 19:15:00,6209.3
2019-03-31 19:30:00,6164.8
2019-03-31 19:45:00,6138.1
2019-03-31 20:00:00,6130.2
2019-03-31 20:15:00,6098.5
2019-03-31 20:30:00,6075.6
2019-03-31 20:45:00,6062.8
2019-03-31 21:00:00,6100.7
2019-03-31 21:15:00,6062.6
2019-03-31 21:30:00,6042.7
2019-03-31 21:45:00,5999.1
2019-03-31 22:00:00,5955.1
2019-03-31 22:15:00,5897.6
2019-03-31 22:30:00,5851.1
2019-03-31 22:45:00,5815.4
2019-03-31 23:00:00,5728.2
2019-03-31 23:15:00,5704.8
2019-03-31 23:30:00,5695.6
2019-03-31 23:45:00,5676.4
2019-04-01 00:00:00,5643.4
2019-04-01 00:15:00,5615.0
2019-04-01 00:30:00,5599.3
2019-04-01 00:45:00,5587.9
2019-04-01 01:00:00,5580.6
2019-04-01 01:15:00,5575.1
2019-04-01 01:30:00,5576.4
2019-04-01 01:45:00,5583.5
2019-04-01 02:00:00,5589.4
2019-04-01 02:15:00,5593.4
2019-04-01 02:30:00,5623.3
2019-04-01 02:45:00,5635.5
2019-04-01 03:00:00,5676.9
2019-04-01 03:15:00,5716.7
2019-04-01 03:30:00,5752.9
2019-04-01 03:45:00,5802.0
2019-04-01 04:00:00,5875.6
2019-04-01 04:15:00,5919.2
2019-04-01 04:30:00,6008.1
2019-04-01 04:45:00,6105.1
2019-04-01 05:00:00,6294.3
2019-04-01 05:15:00,6431.3
2019-04-01 05:30:00,6544.1
2019-04-01 05:45:00,6604.0
2019-04-01 06:00:00,6681.3
2019-04-01 06:15:00,6738.5
2019-04-01 06:30:00,6783.9
2019-04-01 06:45:00,6820.3
2019-04-01 07:00:00,6856.4
2019-04-01 07:15:00,6890.3
2019-04-01 07:30:00,6916.3
2019-04-01 07:45:00,6925.6
2019-04-01 08:00:00,6898.2
2019-04-01 08:15:00,6917.8
2019-04-01 08:30:00,6935.5
2019-04-01 08:45:00,6950.2
2019-04-01 09:00:00,6952.9
2019-04-01 09:15:00,6950.9
2019-04-01 09:30:00,6960.6
2019-04-01 09:45:00,6964.8
2019-04-01 10:00:00,6957.0
2019-04-01 10:15:00,6993.6
2019-04-01 10:30:00,6985.9
2019-04-01 10:45:00,6997.1
2019-04-01 11:00:00,6942.5
2019-04-01 11:15:00,6918.7
2019-04-01 11:30:00,6932.4
2019-04-01 11:45:00,6932.8
2019-04-01 12:00:00,6939.9
2019-04-01 12:15:00,6924.4
2019-04-01 12:30:00,6900.7
2019-04-01 12:45:00,6867.6
2019-04-01 13:00:00,6860.1
2019-04-01 13:15:00,6861.0
2019-04-01 13:30:00,6845.8
2019-04-01 13:45:00,6834.4
2019-04-01 14:00:00,6835.7
2019-04-01 14:15:00,6798.7
2019-04-01 14:30:00,6769.2
2019-04-01 14:45:00,6746.5
2019-04-01 15:00:00,6721.1
2019-04-01 15:15:00,6696.0
2019-04-01 15:30:00,6684.1
2019-04-01 15:45:00,6653.5
2019-04-01 16:00:00,6657.5
2019-04-01 16:15:00,6656.4
2019-04-01 16:30:00,6661.0
2019-04-01 16:45:00,6669.6
2019-04-01 17:00:00,6680.0
2019-04-01 17:15:00,6680.2
2019-04-01 17:30:00,6711.0
2019-04-01 17:45:00,6732.8
2019-04-01 18:00:00,6754.4
2019-04-01 18:15:00,6750.7
2019-04-01 18:30:00,6774.9
2019-04-01 18:45:00,6799.3
2019-04-01 19:00:00,6822.2
2019-04-01 19:15:00,6819.8
2019-04-01 19:30:00,6808.6
2019-04-01 19:45:00,6761.9
2019-04-01 20:00:00,6716.1
2019-04-01 20:15:00,6672.0
2019-04-01 20:30:00,6614.8
2019-04-01 20:45:00,6576.9
2019-04-01 21:00:00,6537.2
2019-04-01 21:15:00,6485.9
2019-04-01 21:30:00,6427.1
2019-04-01 21:45:00,6367.6
2019-04-01 22:00:00,6290.7
2019-04-01 22:15:00,6232.8
2019-04-01 22:30:00,6189.0
2019-04-01 22:45:00,6146.0
2019-04-01 23:00:00,6116.7
2019-04-01 23:15:00,6078.6
2019-04-01 23:30:00,6050.4
2019-04-01 23:45:00,6038.8
2019-04-02 00:00:00,6000.4
2019-04-02 00:15:00,5977.8
2019-04-02 00:30:00,5972.2
2019-04-02 00:45:00,5953.3
2019-04-02 01:00:00,5907.7
2019-04-02 01:15:00,5910.1
2019-04-02 01:30:00,5925.3
2019-04-02 01:45:00,5946.3
2019-04-02 02:00:00,5938.5
2019-04-02 02:15:00,5960.1
2019-04-02 02:30:00,5959.7
2019-04-02 02:45:00,5974.4
2019-04-02 03:00:00,5983.7
2019-04-02 03:15:00,6023.3
2019-04-02 03:30:00,6052.0
2019-04-02 03:45:00,6087.7
2019-04-02 04:00:00,6174.2
2019-04-02 04:15:00,6216.5
2019-04-02 04:30:00,6261.2
2019-04-02 04:45:00,6336.3
2019-04-02 05:00:00,6532.2
2019-04-02 05:15:00,6649.3
2019-04-02 05:30:00,6736.8
2019-04-02 05:45:00,6781.7
2019-04-02 06:00:00,6849.6
2019-04-02 06:15:00,6907.0
2019-04-02 06:30:00,6943.0
2019-04-02 06:45:00,6964.5
2019-04-02 07:00:00,7005.5
2019-04-02 07:15:00,7034.1
2019-04-02 07:30:00,7033.5
2019-04-02 07:45:00,7038.8
2019-04-02 08:00:00,7024.7
2019-04-02 08:15:00,7038.5
2019-04-02 08:30:00,7039.6
2019-04-02 08:45:00,7061.9
2019-04-02 09:00:00,7050.9
2019-04-02 09:15:00,7075.1
2019-04-02 09:30:00,7070.7
2019-04-02 09:45:00,7084.1
2019-04-02 10:00:00,7074.9
2019-04-02 10:15:00,7085.2
2019-04-02 10:30:00,7092.3
2019-04-02 10:45:00,7105.3
2019-04-02 11:00:00,7075.8
2019-04-02 11:15:00,7077.5
2019-04-02 11:30:00,7064.5
2019-04-02 11:45:00,7048.9
2019-04-02 12:00:00,7074.0
2019-04-02 12:15:00,7072.9
2019-04-02 12:30:00,7058.8
2019-04-02 12:45:00,7031.5
2019-04-02 13:00:00,7018.1
2019-04-02 13:15:00,7019.8
2019-04-02 13:30:00,7006.8
2019-04-02 13:45:00,6982.8
2019-04-02 14:00:00,6988.8
2019-04-02 14:15:00,6977.3
2019-04-02 14:30:00,6934.1
2019-04-02 14:45:00,6919.8
2019-04-02 15:00:00,6921.4
2019-04-02 15:15:00,6896.5
2019-04-02 15:30:00,6840.5
2019-04-02 15:45:00,6824.9
2019-04-02 16:00:00,6827.5
2019-04-02 16:15:00,6828.9
2019-04-02 16:30:00,6848.0
2019-04-02 16:45:00,6852.6
2019-04-02 17:00:00,6859.7
2019-04-02 17:15:00,6825.3
2019-04-02 17:30:00,6839.9
2019-04-02 17:45:00,6845.6
2019-04-02 18:00:00,6846.7
2019-04-02 18:15:00,6853.7
2019-04-02 18:30:00,6846.3
2019-04-02 18:45:00,6867.0
2019-04-02 19:00:00,6894.5
2019-04-02 19:15:00,6899.3
2019-04-02 19:30:00,6872.0
2019-04-02 19:45:00,6832.2
2019-04-02 20:00:00,6781.7
2019-04-02 20:15:00,6730.2
2019-04-02 20:30:00,6690.3
2019-04-02 20:45:00,6615.2
2019-04-02 21:00:00,6562.8
2019-04-02 21:15:00,6503.7
2019-04-02 21:30:00,6451.1
2019-04-02 21:45:00,6372.5
2019-04-02 22:00:00,6297.8
2019-04-02 22:15:00,6235.0
2019-04-02 22:30:00,6176.2
2019-04-02 22:45:00,6133.0
2019-04-02 23:00:00,6064.8
2019-04-02 23:15:00,6047.4
2019-04-02 23:30:00,6009.7
2019-04-02 23:45:00,5972.9
2019-04-03 00:00:00,5943.4
2019-04-03 00:15:00,5915.9
2019-04-03 00:30:00,5895.6
2019-04-03 00:45:00,5892.1
2019-04-03 01:00:00,5884.4
2019-04-03 01:15:00,5874.9
2019-04-03 01:30:00,5865.2
2019-04-03 01:45:00,5869.4
2019-04-03 02:00:00,5876.2
2019-04-03 02:15:00,5885.7
2019-04-03 02:30:00,5876.9
2019-04-03 02:45:00,5884.6
2019-04-03 03:00:00,5917.0
2019-04-03 03:15:00,5918.9
2019-04-03 03:30:00,5956.2
2019-04-03 03:45:00,6000.2
2019-04-03 04:00:00,6084.4
2019-04-03 04:15:00,6141.0
2019-04-03 04:30:00,6218.5
2019-04-03 04:45:00,6294.3
2019-04-03 05:00:00,6472.7
2019-04-03 05:15:00,6604.2
2019-04-03 05:30:00,6698.0
2019-04-03 05:45:00,6764.8
2019-04-03 06:00:00,6839.6
2019-04-03 06:15:00,6862.8
2019-04-03 06:30:00,6899.1
2019-04-03 06:45:00,6929.7
2019-04-03 07:00:00,6968.9
2019-04-03 07:15:00,6993.0
2019-04-03 07:30:00,6995.8
2019-04-03 07:45:00,6996.7
2019-04-03 08:00:00,6984.6
2019-04-03 08:15:00,6995.4
2019-04-03 08:30:00,7028.6
2019-04-03 08:45:00,7042.7
2019-04-03 09:00:00,7051.5
2019-04-03 09:15:00,7068.7
2019-04-03 09:30:00,7078.9
2019-04-03 09:45:00,7106.6
2019-04-03 10:00:00,7118.9
2019-04-03 10:15:00,7132.8
2019-04-03 10:30:00,7145.6
2019-04-03 10:45:00,7138.1
2019-04-03 11:00:00,7102.6
2019-04-03 11:15:00,7099.1
2019-04-03 11:30:00,7087.2
2019-04-03 11:45:00,7090.3
2019-04-03 12:00:00,7100.7
2019-04-03 12:15:00,7094.5
2019-04-03 12:30:00,7077.3
2019-04-03 12:45:00,7050.9
2019-04-03 13:00:00,7036.1
2019-04-03 13:15:00,7045.6
2019-04-03 13:30:00,7028.2
2019-04-03 13:45:00,7008.8
2019-04-03 14:00:00,6985.5
2019-04-03 14:15:00,6971.8
2019-04-03 14:30:00,6954.0
2019-04-03 14:45:00,6936.3
2019-04-03 15:00:00,6913.9
2019-04-03 15:15:00,6904.2
2019-04-03 15:30:00,6891.0
2019-04-03 15:45:00,6881.3
2019-04-03 16:00:00,6892.5
2019-04-03 16:15:00,6902.2
2019-04-03 16:30:00,6883.3
2019-04-03 16:45:00,6895.8
2019-04-03 17:00:00,6872.9
2019-04-03 17:15:00,6861.9
2019-04-03 17:30:00,6867.0
2019-04-03 17:45:00,6869.2
2019-04-03 18:00:00,6894.1
2019-04-03 18:15:00,6896.0
2019-04-03 18:30:00,6909.0
2019-04-03 18:45:00,6923.3
2019-04-03 19:00:00,6924.7
2019-04-03 19:15:00,6906.8
2019-04-03 19:30:00,6860.6
2019-04-03 19:45:00,6803.5
2019-04-03 20:00:00,6758.1
2019-04-03 20:15:00,6708.4
2019-04-03 20:30:00,6666.3
2019-04-03 20:45:00,6610.4
2019-04-03 21:00:00,6546.0
2019-04-03 21:15:00,6496.9
2019-04-03 21:30:00,6443.2
2019-04-03 21:45:00,6380.6
2019-04-03 22:00:00,6305.7
2019-04-03 22:15:00,6238.1
2019-04-03 22:30:00,6187.7
2019-04-03 22:45:00,6129.7
2019-04-03 23:00:00,6119.2
2019-04-03 23:15:00,6077.5
2019-04-03 23:30:00,6029.1
2019-04-03 23:45:00,6008.1
2019-04-04 00:00:00,5975.6
2019-04-04 00:15:00,5969.2
2019-04-04 00:30:00,5947.1
2019-04-04 00:45:00,5933.3
2019-04-04 01:00:00,5904.6
2019-04-04 01:15:00,5890.7
2019-04-04 01:30:00,5904.6
2019-04-04 01:45:00,5905.3
2019-04-04 02:00:00,5902.9
2019-04-04 02:15:00,5916.1
2019-04-04 02:30:00,5914.1
2019-04-04 02:45:00,5939.4
2019-04-04 03:00:00,5965.0
2019-04-04 03:15:00,5986.8
2019-04-04 03:30:00,6020.5
2019-04-04 03:45:00,6048.5
2019-04-04 04:00:00,6129.3
2019-04-04 04:15:00,6174.4
2019-04-04 04:30:00,6225.1
2019-04-04 04:45:00,6289.6
2019-04-04 05:00:00,6455.5
2019-04-04 05:15:00,6579.5
2019-04-04 05:30:00,6700.4
2019-04-04 05:45:00,6763.2
2019-04-04 06:00:00,6836.8
2019-04-04 06:15:00,6890.7
2019-04-04 06:30:00,6927.5
2019-04-04 06:45:00,6963.9
2019-04-04 07:00:00,7014.8
2019-04-04 07:15:00,7034.8
2019-04-04 07:30:00,7047.1
2019-04-04 07:45:00,7067.0
2019-04-04 08:00:00,7021.6
2019-04-04 08:15:00,7040.1
2019-04-04 08:30:00,7061.0
2019-04-04 08:45:00,7072.2
2019-04-04 09:00:00,7081.1
2019-04-04 09:15:00,7107.0
2019-04-04 09:30:00,7119.8
2019-04-04 09:45:00,7127.8
2019-04-04 10:00:00,7125.1
2019-04-04 10:15:00,7146.3
2019-04-04 10:30:00,7167.2
2019-04-04 10:45:00,7159.7
2019-04-04 11:00:00,7138.3
2019-04-04 11:15:00,7136.8
2019-04-04 11:30:00,7128.9
2019-04-04 11:45:00,7131.7
2019-04-04 12:00:00,7115.2
2019-04-04 12:15:00,7110.1
2019-04-04 12:30:00,7091.9
2019-04-04 12:45:00,7063.2
2019-04-04 13:00:00,7052.0
2019-04-04 13:15:00,7050.0
2019-04-04 13:30:00,7038.5
2019-04-04 13:45:00,7027.3
2019-04-04 14:00:00,7029.1
2019-04-04 14:15:00,6998.7
2019-04-04 14:30:00,6971.6
2019-04-04 14:45:00,6926.0
2019-04-04 15:00:00,6922.2
2019-04-04 15:15:00,6896.0
2019-04-04 15:30:00,6882.2
2019-04-04 15:45:00,6871.6
2019-04-04 16:00:00,6880.2
2019-04-04 16:15:00,6874.9
2019-04-04 16:30:00,6870.3
2019-04-04 16:45:00,6878.2
2019-04-04 17:00:00,6868.5
2019-04-04 17:15:00,6849.6
2019-04-04 17:30:00,6865.9
2019-04-04 17:45:00,6878.0
2019-04-04 18:00:00,6880.4
2019-04-04 18:15:00,6867.6
2019-04-04 18:30:00,6865.2
2019-04-04 18:45:00,6881.9
2019-04-04 19:00:00,6888.1
2019-04-04 19:15:00,6877.8
2019-04-04 19:30:00,6831.1
2019-04-04 19:45:00,6795.2
2019-04-04 20:00:00,6743.6
2019-04-04 20:15:00,6718.5
2019-04-04 20:30:00,6655.9
2019-04-04 20:45:00,6611.7
2019-04-04 21:00:00,6585.7
2019-04-04 21:15:00,6524.9
2019-04-04 21:30:00,6477.1
2019-04-04 21:45:00,6413.7
2019-04-04 22:00:00,6347.1
2019-04-04 22:15:00,6268.9
2019-04-04 22:30:00,6218.7
2019-04-04 22:45:00,6182.8
2019-04-04 23:00:00,6118.3
2019-04-04 23:15:00,6090.3
2019-04-04 23:30:00,6063.7
2019-04-04 23:45:00,6034.8
2019-04-05 00:00:00,5996.0
2019-04-05 00:15:00,5967.2
2019-04-05 00:30:00,5942.7
2019-04-05 00:45:00,5944.1
2019-04-05 01:00:00,5904.0
2019-04-05 01:15:00,5892.3
2019-04-05 01:30:00,5894.1
2019-04-05 01:45:00,5894.9
2019-04-05 02:00:00,5899.8
2019-04-05 02:15:00,5900.9
2019-04-05 02:30:00,5916.3
2019-04-05 02:45:00,5925.3
2019-04-05 03:00:00,5952.9
2019-04-05 03:15:00,5978.4
2019-04-05 03:30:00,6007.3
2019-04-05 03:45:00,6041.9
2019-04-05 04:00:00,6114.8
2019-04-05 04:15:00,6137.7
2019-04-05 04:30:00,6205.9
2019-04-05 04:45:00,6286.8
2019-04-05 05:00:00,6443.0
2019-04-05 05:15:00,6568.1
2019-04-05 05:30:00,6675.3
2019-04-05 05:45:00,6737.0
2019-04-05 06:00:00,6827.3
2019-04-05 06:15:00,6883.5
2019-04-05 06:30:00,6933.5
2019-04-05 06:45:00,6976.7
2019-04-05 07:00:00,7030.8
2019-04-05 07:15:00,7065.0
2019-04-05 07:30:00,7095.4
2019-04-05 07:45:00,7098.5
2019-04-05 08:00:00,7094.1
2019-04-05 08:15:00,7106.2
2019-04-05 08:30:00,7123.1
2019-04-05 08:45:00,7127.3
2019-04-05 09:00:00,7130.8
2019-04-05 09:15:00,7133.5
2019-04-05 09:30:00,7141.0
2019-04-05 09:45:00,7136.1
2019-04-05 10:00:00,7151.8
2019-04-05 10:15:00,7152.4
2019-04-05 10:30:00,7157.0
2019-04-05 10:45:00,7148.7
2019-04-05 11:00:00,7117.0
2019-04-05 11:15:00,7111.9
2019-04-05 11:30:00,7105.5
2019-04-05 11:45:00,7095.2
2019-04-05 12:00:00,7101.3
2019-04-05 12:15:00,7068.3
2019-04-05 12:30:00,7034.1
2019-04-05 12:45:00,6987.9
2019-04-05 13:00:00,6964.8
2019-04-05 13:15:00,6950.2
2019-04-05 13:30:00,6926.4
2019-04-05 13:45:00,6899.1
2019-04-05 14:00:00,6902.9
2019-04-05 14:15:00,6867.2
2019-04-05 14:30:00,6843.2
2019-04-05 14:45:00,6802.0
2019-04-05 15:00:00,6789.4
2019-04-05 15:15:00,6793.0
2019-04-05 15:30:00,6774.0
2019-04-05 15:45:00,6766.7
2019-04-05 16:00:00,6777.3
2019-04-05 16:15:00,6780.0
2019-04-05 16:30:00,6783.3
2019-04-05 16:45:00,6775.8
2019-04-05 17:00:00,6772.0
2019-04-05 17:15:00,6752.4
2019-04-05 17:30:00,6764.3
2019-04-05 17:45:00,6759.7
2019-04-05 18:00:00,6773.3
2019-04-05 18:15:00,6753.1
2019-04-05 18:30:00,6748.0
2019-04-05 18:45:00,6745.2
2019-04-05 19:00:00,6739.0
2019-04-05 19:15:00,6714.1
2019-04-05 19:30:00,6678.0
2019-04-05 19:45:00,6643.6
2019-04-05 20:00:00,6587.9
2019-04-05 20:15:00,6534.6
2019-04-05 20:30:00,6463.2
2019-04-05 20:45:00,6413.4
2019-04-05 21:00:00,6374.7
2019-04-05 21:15:00,6329.5
2019-04-05 21:30:00,6266.1
2019-04-05 21:45:00,6237.4
2019-04-05 22:00:00,6165.0
2019-04-05 22:15:00,6121.4
2019-04-05 22:30:00,6070.0
2019-04-05 22:45:00,6018.5
2019-04-05 23:00:00,5972.2
2019-04-05 23:15:00,5916.7
2019-04-05 23:30:00,5878.4
2019-04-05 23:45:00,5853.1
2019-04-06 00:00:00,5821.1
2019-04-06 00:15:00,5800.2
2019-04-06 00:30:00,5779.3
2019-04-06 00:45:00,5776.0
2019-04-06 01:00:00,5745.2
2019-04-06 01:15:00,5741.9
2019-04-06 01:30:00,5736.3
2019-04-06 01:45:00,5737.7
2019-04-06 02:00:00,5722.7
2019-04-06 02:15:00,5735.5
2019-04-06 02:30:00,5730.4
2019-04-06 02:45:00,5721.6
2019-04-06 03:00:00,5720.0
2019-04-06 03:15:00,5734.4
2019-04-06 03:30:00,5738.3
2019-04-06 03:45:00,5743.2
2019-04-06 04:00:00,5760.8
2019-04-06 04:15:00,5755.7
2019-04-06 04:30:00,5754.4
2019-04-06 04:45:00,5772.2
2019-04-06 05:00:00,5795.4
2019-04-06 05:15:00,5829.3
2019-04-06 05:30:00,5836.8
2019-04-06 05:45:00,5857.0
2019-04-06 06:00:00,5909.3
2019-04-06 06:15:00,5935.9
2019-04-06 06:30:00,5994.1
2019-04-06 06:45:00,6043.6
2019-04-06 07:00:00,6115.2
2019-04-06 07:15:00,6168.5
2019-04-06 07:30:00,6213.2
2019-04-06 07:45:00,6248.0
2019-04-06 08:00:00,6290.7
2019-04-06 08:15:00,6322.2
2019-04-06 08:30:00,6349.6
2019-04-06 08:45:00,6365.9
2019-04-06 09:00:00,6363.7
2019-04-06 09:15:00,6364.5
2019-04-06 09:30:00,6369.4
2019-04-06 09:45:00,6377.5
2019-04-06 10:00:00,6351.3
2019-04-06 10:15:00,6348.7
2019-04-06 10:30:00,6352.9
2019-04-06 10:45:00,6351.1
2019-04-06 11:00:00,6357.0
2019-04-06 11:15:00,6330.8
2019-04-06 11:30:00,6314.1
2019-04-06 11:45:00,6309.3
2019-04-06 12:00:00,6298.9
2019-04-06 12:15:00,6267.2
2019-04-06 12:30:00,6245.6
2019-04-06 12:45:00,6229.5
2019-04-06 13:00:00,6202.2
2019-04-06 13:15:00,6172.5
2019-04-06 13:30:00,6164.8
2019-04-06 13:45:00,6149.6
2019-04-06 14:00:00,6147.8
2019-04-06 14:15:00,6127.8
2019-04-06 14:30:00,6109.5
2019-04-06 14:45:00,6094.3
2019-04-06 15:00:00,6093.6
2019-04-06 15:15:00,6078.9
2019-04-06 15:30:00,6049.1
2019-04-06 15:45:00,6037.0
2019-04-06 16:00:00,6051.5
2019-04-06 16:15:00,6043.2
2019-04-06 16:30:00,6053.5
2019-04-06 16:45:00,6066.5
2019-04-06 17:00:00,6095.4
2019-04-06 17:15:00,6090.5
2019-04-06 17:30:00,6113.2
2019-04-06 17:45:00,6115.9
2019-04-06 18:00:00,6102.0
2019-04-06 18:15:00,6108.4
2019-04-06 18:30:00,6110.1
2019-04-06 18:45:00,6111.2
2019-04-06 19:00:00,6124.2
2019-04-06 19:15:00,6139.4
2019-04-06 19:30:00,6141.0
2019-04-06 19:45:00,6124.0
2019-04-06 20:00:00,6108.8
2019-04-06 20:15:00,6082.2
2019-04-06 20:30:00,6047.8
2019-04-06 20:45:00,6040.5
2019-04-06 21:00:00,6033.7
2019-04-06 21:15:00,5995.8
2019-04-06 21:30:00,5959.9
2019-04-06 21:45:00,5912.1
2019-04-06 22:00:00,5857.0
2019-04-06 22:15:00,5813.4
2019-04-06 22:30:00,5775.1
2019-04-06 22:45:00,5724.2
2019-04-06 23:00:00,5665.0
2019-04-06 23:15:00,5625.3
2019-04-06 23:30:00,5587.4
2019-04-06 23:45:00,5567.8
2019-04-07 00:00:00,5536.1
2019-04-07 00:15:00,5505.9
2019-04-07 00:30:00,5481.3
2019-04-07 00:45:00,5461.7
2019-04-07 01:00:00,5449.8
2019-04-07 01:15:00,5443.6
2019-04-07 01:30:00,5419.4
2019-04-07 01:45:00,5414.8
2019-04-07 02:00:00,5429.7
2019-04-07 02:15:00,5430.2
2019-04-07 02:30:00,5417.2
2019-04-07 02:45:00,5422.0
2019-04-07 03:00:00,5441.0
2019-04-07 03:15:00,5438.8
2019-04-07 03:30:00,5448.0
2019-04-07 03:45:00,5454.4
2019-04-07 04:00:00,5463.0
2019-04-07 04:15:00,5464.1
2019-04-07 04:30:00,5463.9
2019-04-07 04:45:00,5465.9
2019-04-07 05:00:00,5460.6
2019-04-07 05:15:00,5454.8
2019-04-07 05:30:00,5453.1
2019-04-07 05:45:00,5453.1
2019-04-07 06:00:00,5488.3
2019-04-07 06:15:00,5519.6
2019-04-07 06:30:00,5553.1
2019-04-07 06:45:00,5617.8
2019-04-07 07:00:00,5678.2
2019-04-07 07:15:00,5733.7
2019-04-07 07:30:00,5780.8
2019-04-07 07:45:00,5821.6
2019-04-07 08:00:00,5875.1
2019-04-07 08:15:00,5902.9
2019-04-07 08:30:00,5933.5
2019-04-07 08:45:00,5949.3
2019-04-07 09:00:00,5968.1
2019-04-07 09:15:00,6004.8
2019-04-07 09:30:00,6020.9
2019-04-07 09:45:00,6039.4
2019-04-07 10:00:00,6081.5
2019-04-07 10:15:00,6101.1
2019-04-07 10:30:00,6109.0
2019-04-07 10:45:00,6114.3
2019-04-07 11:00:00,6125.1
2019-04-07 11:15:00,6090.1
2019-04-07 11:30:00,6053.7
2019-04-07 11:45:00,6030.6
2019-04-07 12:00:00,5985.2
2019-04-07 12:15:00,5954.0
2019-04-07 12:30:00,5943.8
2019-04-07 12:45:00,5930.0
2019-04-07 13:00:00,5898.0
2019-04-07 13:15:00,5882.2
2019-04-07 13:30:00,5863.4
2019-04-07 13:45:00,5858.6
2019-04-07 14:00:00,5857.7
2019-04-07 14:15:00,5838.8
2019-04-07 14:30:00,5835.2
2019-04-07 14:45:00,5828.2
2019-04-07 15:00:00,5820.7
2019-04-07 15:15:00,5815.0
2019-04-07 15:30:00,5815.4
2019-04-07 15:45:00,5824.7
2019-04-07 16:00:00,5855.1
2019-04-07 16:15:00,5876.4
2019-04-07 16:30:00,5876.0
2019-04-07 16:45:00,5895.4
2019-04-07 17:00:00,5931.7
2019-04-07 17:15:00,5939.2
2019-04-07 17:30:00,5943.4
2019-04-07 17:45:00,5970.0
2019-04-07 18:00:00,5991.6
2019-04-07 18:15:00,5997.4
2019-04-07 18:30:00,6011.9
2019-04-07 18:45:00,6019.4
2019-04-07 19:00:00,6077.5
2019-04-07 19:15:00,6089.2
2019-04-07 19:30:00,6080.8
2019-04-07 19:45:00,6054.2
2019-04-07 20:00:00,6047.8
2019-04-07 20:15:00,6016.1
2019-04-07 20:30:00,5976.0
2019-04-07 20:45:00,5968.7
2019-04-07 21:00:00,5995.2
2019-04-07 21:15:00,5970.9
2019-04-07 21:30:00,5939.9
2019-04-07 21:45:00,5897.4
2019-04-07 22:00:00,5843.0
2019-04-07 22:15:00,5806.2
2019-04-07 22:30:00,5766.3
2019-04-07 22:45:00,5722.2
2019-04-07 23:00:00,5652.4
2019-04-07 23:15:00,5619.8
2019-04-07 23:30:00,5607.9
2019-04-07 23:45:00,5598.7
2019-04-08 00:00:00,5563.9
2019-04-08 00:15:00,5563.9
2019-04-08 00:30:00,5549.3
2019-04-08 00:45:00,5550.2
2019-04-08 01:00:00,5537.0
2019-04-08 01:15:00,5525.8
2019-04-08 01:30:00,5528.0
2019-04-08 01:45:00,5537.0
2019-04-08 02:00:00,5558.1
2019-04-08 02:15:00,5550.7
2019-04-08 02:30:00,5564.3
2019-04-08 02:45:00,5586.6
2019-04-08 03:00:00,5642.3
2019-04-08 03:15:00,5652.6
2019-04-08 03:30:00,5680.6
2019-04-08 03:45:00,5724.9
2019-04-08 04:00:00,5826.4
2019-04-08 04:15:00,5882.4
2019-04-08 04:30:00,5967.2
2019-04-08 04:45:00,6078.0
2019-04-08 05:00:00,6272.5
2019-04-08 05:15:00,6414.1
2019-04-08 05:30:00,6503.5
2019-04-08 05:45:00,6576.4
2019-04-08 06:00:00,6652.6
2019-04-08 06:15:00,6735.7
2019-04-08 06:30:00,6789.6
2019-04-08 06:45:00,6830.8
2019-04-08 07:00:00,6876.4
2019-04-08 07:15:00,6898.9
2019-04-08 07:30:00,6916.5
2019-04-08 07:45:00,6926.9
2019-04-08 08:00:00,6891.4
2019-04-08 08:15:00,6908.6
2019-04-08 08:30:00,6935.0
2019-04-08 08:45:00,6939.9
2019-04-08 09:00:00,6954.2
2019-04-08 09:15:00,6961.0
2019-04-08 09:30:00,6981.9
2019-04-08 09:45:00,6999.8
2019-04-08 10:00:00,6991.0
2019-04-08 10:15:00,7016.1
2019-04-08 10:30:00,7009.0
2019-04-08 10:45:00,7014.8
2019-04-08 11:00:00,7013.4
2019-04-08 11:15:00,6986.8
2019-04-08 11:30:00,6990.3
2019-04-08 11:45:00,6989.9
2019-04-08 12:00:00,6991.9
2019-04-08 12:15:00,6991.9
2019-04-08 12:30:00,6962.1
2019-04-08 12:45:00,6940.1
2019-04-08 13:00:00,6922.2
2019-04-08 13:15:00,6915.9
2019-04-08 13:30:00,6905.3
2019-04-08 13:45:00,6889.0
2019-04-08 14:00:00,6885.2
2019-04-08 14:15:00,6878.4
2019-04-08 14:30:00,6850.7
2019-04-08 14:45:00,6822.7
2019-04-08 15:00:00,6799.6
2019-04-08 15:15:00,6772.7
2019-04-08 15:30:00,6756.8
2019-04-08 15:45:00,6737.2
2019-04-08 16:00:00,6713.9
2019-04-08 16:15:00,6725.6
2019-04-08 16:30:00,6746.3
2019-04-08 16:45:00,6745.6
2019-04-08 17:00:00,6750.9
2019-04-08 17:15:00,6746.3
2019-04-08 17:30:00,6760.1
2019-04-08 17:45:00,6751.3
2019-04-08 18:00:00,6761.5
2019-04-08 18:15:00,6754.0
2019-04-08 18:30:00,6752.6
2019-04-08 18:45:00,6750.7
2019-04-08 19:00:00,6765.4
2019-04-08 19:15:00,6769.2
2019-04-08 19:30:00,6748.5
2019-04-08 19:45:00,6700.2
2019-04-08 20:00:00,6669.8
2019-04-08 20:15:00,6629.5
2019-04-08 20:30:00,6580.6
2019-04-08 20:45:00,6511.9
2019-04-08 21:00:00,6475.1
2019-04-08 21:15:00,6420.3
2019-04-08 21:30:00,6357.0
2019-04-08 21:45:00,6287.2
2019-04-08 22:00:00,6192.1
2019-04-08 22:15:00,6139.4
2019-04-08 22:30:00,6083.9
2019-04-08 22:45:00,6040.5
2019-04-08 23:00:00,6018.1
2019-04-08 23:15:00,6000.4
2019-04-08 23:30:00,5961.2
2019-04-08 23:45:00,5934.1
2019-04-09 00:00:00,5898.2
2019-04-09 00:15:00,5872.7
2019-04-09 00:30:00,5865.4
2019-04-09 00:45:00,5837.4
2019-04-09 01:00:00,5815.4
2019-04-09 01:15:00,5820.0
2019-04-09 01:30:00,5818.3
2019-04-09 01:45:00,5829.5
2019-04-09 02:00:00,5841.0
2019-04-09 02:15:00,5838.5
2019-04-09 02:30:00,5835.2
2019-04-09 02:45:00,5847.8
2019-04-09 03:00:00,5893.2
2019-04-09 03:15:00,5905.1
2019-04-09 03:30:00,5939.4
2019-04-09 03:45:00,5962.8
2019-04-09 04:00:00,6050.9
2019-04-09 04:15:00,6098.0
2019-04-09 04:30:00,6151.1
2019-04-09 04:45:00,6229.5
2019-04-09 05:00:00,6411.7
2019-04-09 05:15:00,6561.2
2019-04-09 05:30:00,6623.6
2019-04-09 05:45:00,6672.9
2019-04-09 06:00:00,6752.0
2019-04-09 06:15:00,6819.8
2019-04-09 06:30:00,6847.6
2019-04-09 06:45:00,6877.3
2019-04-09 07:00:00,6931.9
2019-04-09 07:15:00,6968.9
2019-04-09 07:30:00,6976.0
2019-04-09 07:45:00,6987.9
2019-04-09 08:00:00,6974.0
2019-04-09 08:15:00,6983.5
2019-04-09 08:30:00,6998.7
2019-04-09 08:45:00,7018.9
2019-04-09 09:00:00,7030.6
2019-04-09 09:15:00,7048.0
2019-04-09 09:30:00,7073.6
2019-04-09 09:45:00,7089.2
2019-04-09 10:00:00,7081.1
2019-04-09 10:15:00,7098.2
2019-04-09 10:30:00,7108.8
2019-04-09 10:45:00,7106.2
2019-04-09 11:00:00,7077.8
2019-04-09 11:15:00,7055.5
2019-04-09 11:30:00,7048.9
2019-04-09 11:45:00,7055.3
2019-04-09 12:00:00,7051.8
2019-04-09 12:15:00,7044.9
2019-04-09 12:30:00,7010.6
2019-04-09 12:45:00,6986.3
2019-04-09 13:00:00,6967.6
2019-04-09 13:15:00,6962.1
2019-04-09 13:30:00,6941.9
2019-04-09 13:45:00,6916.1
2019-04-09 14:00:00,6914.1
2019-04-09 14:15:00,6881.3
2019-04-09 14:30:00,6863.0
2019-04-09 14:45:00,6835.5
2019-04-09 15:00:00,6834.6
2019-04-09 15:15:00,6828.4
2019-04-09 15:30:00,6797.8
2019-04-09 15:45:00,6799.6
2019-04-09 16:00:00,6805.3
2019-04-09 16:15:00,6821.4
2019-04-09 16:30:00,6831.5
2019-04-09 16:45:00,6832.2
2019-04-09 17:00:00,6833.7
2019-04-09 17:15:00,6831.9
2019-04-09 17:30:00,6834.4
2019-04-09 17:45:00,6845.6
2019-04-09 18:00:00,6851.8
2019-04-09 18:15:00,6850.9
2019-04-09 18:30:00,6836.6
2019-04-09 18:45:00,6837.4
2019-04-09 19:00:00,6831.7
2019-04-09 19:15:00,6840.1
2019-04-09 19:30:00,6820.0
2019-04-09 19:45:00,6778.9
2019-04-09 20:00:00,6725.6
2019-04-09 20:15:00,6670.0
2019-04-09 20:30:00,6617.6
2019-04-09 20:45:00,6549.1
2019-04-09 21:00:00,6513.4
2019-04-09 21:15:00,6454.6
2019-04-09 21:30:00,6396.9
2019-04-09 21:45:00,6329.7
2019-04-09 22:00:00,6251.3
2019-04-09 22:15:00,6185.7
2019-04-09 22:30:00,6134.6
2019-04-09 22:45:00,6077.8
2019-04-09 23:00:00,6025.3
2019-04-09 23:15:00,6016.7
2019-04-09 23:30:00,5982.4
2019-04-09 23:45:00,5940.5
2019-04-10 00:00:00,5928.6
2019-04-10 00:15:00,5912.8
2019-04-10 00:30:00,5901.1
2019-04-10 00:45:00,5874.2
2019-04-10 01:00:00,5853.7
2019-04-10 01:15:00,5837.4
2019-04-10 01:30:00,5855.5
2019-04-10 01:45:00,5872.5
2019-04-10 02:00:00,5877.3
2019-04-10 02:15:00,5894.7
2019-04-10 02:30:00,5917.8
2019-04-10 02:45:00,5933.9
2019-04-10 03:00:00,5951.8
2019-04-10 03:15:00,5972.9
2019-04-10 03:30:00,6006.2
2019-04-10 03:45:00,6040.5
2019-04-10 04:00:00,6105.3
2019-04-10 04:15:00,6161.9
2019-04-10 04:30:00,6217.2
2019-04-10 04:45:00,6306.2
2019-04-10 05:00:00,6449.3
2019-04-10 05:15:00,6574.9
2019-04-10 05:30:00,6647.8
2019-04-10 05:45:00,6709.3
2019-04-10 06:00:00,6771.1
2019-04-10 06:15:00,6828.2
2019-04-10 06:30:00,6866.3
2019-04-10 06:45:00,6908.1
2019-04-10 07:00:00,6945.6
2019-04-10 07:15:00,6976.7
2019-04-10 07:30:00,6977.8
2019-04-10 07:45:00,6985.2
2019-04-10 08:00:00,6962.1
2019-04-10 08:15:00,6977.1
2019-04-10 08:30:00,6997.6
2019-04-10 08:45:00,7028.6
2019-04-10 09:00:00,7007.7
2019-04-10 09:15:00,7041.2
2019-04-10 09:30:00,7041.0
2019-04-10 09:45:00,7055.9
2019-04-10 10:00:00,7041.9
2019-04-10 10:15:00,7043.4
2019-04-10 10:30:00,7068.9
2019-04-10 10:45:00,7064.1
2019-04-10 11:00:00,7019.2
2019-04-10 11:15:00,7004.6
2019-04-10 11:30:00,7015.0
2019-04-10 11:45:00,7005.1
2019-04-10 12:00:00,7007.3
2019-04-10 12:15:00,6989.6
2019-04-10 12:30:00,6971.6
2019-04-10 12:45:00,6946.3
2019-04-10 13:00:00,6935.7
2019-04-10 13:15:00,6930.2
2019-04-10 13:30:00,6911.7
2019-04-10 13:45:00,6891.6
2019-04-10 14:00:00,6896.9
2019-04-10 14:15:00,6883.7
2019-04-10 14:30:00,6856.6
2019-04-10 14:45:00,6817.4
2019-04-10 15:00:00,6809.9
2019-04-10 15:15:00,6799.6
2019-04-10 15:30:00,6778.0
2019-04-10 15:45:00,6762.8
2019-04-10 16:00:00,6769.2
2019-04-10 16:15:00,6779.5
2019-04-10 16:30:00,6761.0
2019-04-10 16:45:00,6774.2
2019-04-10 17:00:00,6777.3
2019-04-10 17:15:00,6781.5
2019-04-10 17:30:00,6778.9
2019-04-10 17:45:00,6773.6
2019-04-10 18:00:00,6788.5
2019-04-10 18:15:00,6777.8
2019-04-10 18:30:00,6755.7
2019-04-10 18:45:00,6763.9
2019-04-10 19:00:00,6755.3
2019-04-10 19:15:00,6774.0
2019-04-10 19:30:00,6768.5
2019-04-10 19:45:00,6724.2
2019-04-10 20:00:00,6695.8
2019-04-10 20:15:00,6646.9
2019-04-10 20:30:00,6580.6
2019-04-10 20:45:00,6531.7
2019-04-10 21:00:00,6481.7
2019-04-10 21:15:00,6431.7
2019-04-10 21:30:00,6368.9
2019-04-10 21:45:00,6320.0
2019-04-10 22:00:00,6258.6
2019-04-10 22:15:00,6199.3
2019-04-10 22:30:00,6149.8
2019-04-10 22:45:00,6097.6
2019-04-10 23:00:00,6031.3
2019-04-10 23:15:00,6011.9
2019-04-10 23:30:00,5979.1
2019-04-10 23:45:00,5956.8
2019-04-11 00:00:00,5934.8
2019-04-11 00:15:00,5921.4
2019-04-11 00:30:00,5907.0
2019-04-11 00:45:00,5896.0
2019-04-11 01:00:00,5876.7
2019-04-11 01:15:00,5867.6
2019-04-11 01:30:00,5863.2
2019-04-11 01:45:00,5882.2
2019-04-11 02:00:00,5881.1
2019-04-11 02:15:00,5895.2
2019-04-11 02:30:00,5896.0
2019-04-11 02:45:00,5905.1
2019-04-11 03:00:00,5952.2
2019-04-11 03:15:00,5960.4
2019-04-11 03:30:00,5981.5
2019-04-11 03:45:00,6017.2
2019-04-11 04:00:00,6073.1
2019-04-11 04:15:00,6096.5
2019-04-11 04:30:00,6156.2
2019-04-11 04:45:00,6243.2
2019-04-11 05:00:00,6413.2
2019-04-11 05:15:00,6517.2
2019-04-11 05:30:00,6583.0
2019-04-11 05:45:00,6646.5
2019-04-11 06:00:00,6721.4
2019-04-11 06:15:00,6782.6
2019-04-11 06:30:00,6826.2
2019-04-11 06:45:00,6864.3
2019-04-11 07:00:00,6904.6
2019-04-11 07:15:00,6929.7
2019-04-11 07:30:00,6927.8
2019-04-11 07:45:00,6925.1
2019-04-11 08:00:00,6900.9
2019-04-11 08:15:00,6899.6
2019-04-11 08:30:00,6896.0
2019-04-11 08:45:00,6924.7
2019-04-11 09:00:00,6917.0
2019-04-11 09:15:00,6939.6
2019-04-11 09:30:00,6961.9
2019-04-11 09:45:00,6969.2
2019-04-11 10:00:00,6975.6
2019-04-11 10:15:00,6992.3
2019-04-11 10:30:00,7007.0
2019-04-11 10:45:00,7007.9
2019-04-11 11:00:00,7002.6
2019-04-11 11:15:00,6991.4
2019-04-11 11:30:00,6976.2
2019-04-11 11:45:00,6979.5
2019-04-11 12:00:00,6976.4
2019-04-11 12:15:00,6948.0
2019-04-11 12:30:00,6927.5
2019-04-11 12:45:00,6885.7
2019-04-11 13:00:00,6852.4
2019-04-11 13:15:00,6840.1
2019-04-11 13:30:00,6821.6
2019-04-11 13:45:00,6824.0
2019-04-11 14:00:00,6854.0
2019-04-11 14:15:00,6816.3
2019-04-11 14:30:00,6804.6
2019-04-11 14:45:00,6780.6
2019-04-11 15:00:00,6765.0
2019-04-11 15:15:00,6748.0
2019-04-11 15:30:00,6726.0
2019-04-11 15:45:00,6712.3
2019-04-11 16:00:00,6733.0
2019-04-11 16:15:00,6736.3
2019-04-11 16:30:00,6739.0
2019-04-11 16:45:00,6744.9
2019-04-11 17:00:00,6739.4
2019-04-11 17:15:00,6728.0
2019-04-11 17:30:00,6751.8
2019-04-11 17:45:00,6765.4
2019-04-11 18:00:00,6767.8
2019-04-11 18:15:00,6763.2
2019-04-11 18:30:00,6754.2
2019-04-11 18:45:00,6763.0
2019-04-11 19:00:00,6767.2
2019-04-11 19:15:00,6778.6
2019-04-11 19:30:00,6776.4
2019-04-11 19:45:00,6741.2
2019-04-11 20:00:00,6707.0
2019-04-11 20:15:00,6658.1
2019-04-11 20:30:00,6589.0
2019-04-11 20:45:00,6544.7
2019-04-11 21:00:00,6510.6
2019-04-11 21:15:00,6465.0
2019-04-11 21:30:00,6405.1
2019-04-11 21:45:00,6335.0
2019-04-11 22:00:00,6273.1
2019-04-11 22:15:00,6208.4
2019-04-11 22:30:00,6146.7
2019-04-11 22:45:00,6097.8
2019-04-11 23:00:00,6037.9
2019-04-11 23:15:00,6025.8
2019-04-11 23:30:00,6008.8
2019-04-11 23:45:00,5989.2
2019-04-12 00:00:00,5962.1
2019-04-12 00:15:00,5953.7
2019-04-12 00:30:00,5945.2
2019-04-12 00:45:00,5927.3
2019-04-12 01:00:00,5906.2
2019-04-12 01:15:00,5896.0
2019-04-12 01:30:00,5901.3
2019-04-12 01:45:00,5909.5
2019-04-12 02:00:00,5930.6
2019-04-12 02:15:00,5929.3
2019-04-12 02:30:00,5923.1
2019-04-12 02:45:00,5939.0
2019-04-12 03:00:00,5972.2
2019-04-12 03:15:00,5997.6
2019-04-12 03:30:00,6009.7
2019-04-12 03:45:00,6038.1
2019-04-12 04:00:00,6103.3
2019-04-12 04:15:00,6145.6
2019-04-12 04:30:00,6185.5
2019-04-12 04:45:00,6272.7
2019-04-12 05:00:00,6420.5
2019-04-12 05:15:00,6540.1
2019-04-12 05:30:00,6604.8
2019-04-12 05:45:00,6678.4
2019-04-12 06:00:00,6767.4
2019-04-12 06:15:00,6835.2
2019-04-12 06:30:00,6881.9
2019-04-12 06:45:00,6924.2
2019-04-12 07:00:00,6983.0
2019-04-12 07:15:00,7013.4
2019-04-12 07:30:00,7032.2
2019-04-12 07:45:00,7023.6
2019-04-12 08:00:00,7001.5
2019-04-12 08:15:00,7007.3
2019-04-12 08:30:00,7031.1
2019-04-12 08:45:00,7033.3
2019-04-12 09:00:00,7036.8
2019-04-12 09:15:00,7040.7
2019-04-12 09:30:00,7053.1
2019-04-12 09:45:00,7067.6
2019-04-12 10:00:00,7059.9
2019-04-12 10:15:00,7075.6
2019-04-12 10:30:00,7077.1
2019-04-12 10:45:00,7065.4
2019-04-12 11:00:00,7020.9
2019-04-12 11:15:00,6997.6
2019-04-12 11:30:00,6983.9
2019-04-12 11:45:00,6970.5
2019-04-12 12:00:00,6959.0
2019-04-12 12:15:00,6948.5
2019-04-12 12:30:00,6922.7
2019-04-12 12:45:00,6897.6
2019-04-12 13:00:00,6862.1
2019-04-12 13:15:00,6863.0
2019-04-12 13:30:00,6838.3
2019-04-12 13:45:00,6830.2
2019-04-12 14:00:00,6829.1
2019-04-12 14:15:00,6805.1
2019-04-12 14:30:00,6774.2
2019-04-12 14:45:00,6733.5
2019-04-12 15:00:00,6745.6
2019-04-12 15:15:00,6737.2
2019-04-12 15:30:00,6707.5
2019-04-12 15:45:00,6711.5
2019-04-12 16:00:00,6724.0
2019-04-12 16:15:00,6722.0
2019-04-12 16:30:00,6719.4
2019-04-12 16:45:00,6726.7
2019-04-12 17:00:00,6729.7
2019-04-12 17:15:00,6715.4
2019-04-12 17:30:00,6720.7
2019-04-12 17:45:00,6720.5
2019-04-12 18:00:00,6726.0
2019-04-12 18:15:00,6693.8
2019-04-12 18:30:00,6686.6
2019-04-12 18:45:00,6710.6
2019-04-12 19:00:00,6702.6
2019-04-12 19:15:00,6709.9
2019-04-12 19:30:00,6686.3
2019-04-12 19:45:00,6651.1
2019-04-12 20:00:00,6618.7
2019-04-12 20:15:00,6573.1
2019-04-12 20:30:00,6519.2
2019-04-12 20:45:00,6473.3
2019-04-12 21:00:00,6450.7
2019-04-12 21:15:00,6412.6
2019-04-12 21:30:00,6361.0
2019-04-12 21:45:00,6310.8
2019-04-12 22:00:00,6250.9
2019-04-12 22:15:00,6196.9
2019-04-12 22:30:00,6142.3
2019-04-12 22:45:00,6103.7
2019-04-12 23:00:00,6040.3
2019-04-12 23:15:00,6000.9
2019-04-12 23:30:00,5957.9
2019-04-12 23:45:00,5948.2
2019-04-13 00:00:00,5903.7
2019-04-13 00:15:00,5870.9
2019-04-13 00:30:00,5845.6
2019-04-13 00:45:00,5829.3
2019-04-13 01:00:00,5801.1
2019-04-13 01:15:00,5789.4
2019-04-13 01:30:00,5785.7
2019-04-13 01:45:00,5788.3
2019-04-13 02:00:00,5780.4
2019-04-13 02:15:00,5776.7
2019-04-13 02:30:00,5788.3
2019-04-13 02:45:00,5776.9
2019-04-13 03:00:00,5784.4
2019-04-13 03:15:00,5791.9
2019-04-13 03:30:00,5812.6
2019-04-13 03:45:00,5798.2
2019-04-13 04:00:00,5816.1
2019-04-13 04:15:00,5802.4
2019-04-13 04:30:00,5804.0
2019-04-13 04:45:00,5825.3
2019-04-13 05:00:00,5862.3
2019-04-13 05:15:00,5874.9
2019-04-13 05:30:00,5882.4
2019-04-13 05:45:00,5908.6
2019-04-13 06:00:00,5952.4
2019-04-13 06:15:00,5993.6
2019-04-13 06:30:00,6068.1
2019-04-13 06:45:00,6127.8
2019-04-13 07:00:00,6183.0
2019-04-13 07:15:00,6211.9
2019-04-13 07:30:00,6265.4
2019-04-13 07:45:00,6294.9
2019-04-13 08:00:00,6347.1
2019-04-13 08:15:00,6363.2
2019-04-13 08:30:00,6408.1
2019-04-13 08:45:00,6438.3
2019-04-13 09:00:00,6455.5
2019-04-13 09:15:00,6471.6
2019-04-13 09:30:00,6492.1
2019-04-13 09:45:00,6504.6
2019-04-13 10:00:00,6499.8
2019-04-13 10:15:00,6503.7
2019-04-13 10:30:00,6521.8
2019-04-13 10:45:00,6524.9
2019-04-13 11:00:00,6491.4
2019-04-13 11:15:00,6478.9
2019-04-13 11:30:00,6471.8
2019-04-13 11:45:00,6444.1
2019-04-13 12:00:00,6401.1
2019-04-13 12:15:00,6386.3
2019-04-13 12:30:00,6361.9
2019-04-13 12:45:00,6329.5
2019-04-13 13:00:00,6301.5
2019-04-13 13:15:00,6277.1
2019-04-13 13:30:00,6266.1
2019-04-13 13:45:00,6258.4
2019-04-13 14:00:00,6260.6
2019-04-13 14:15:00,6249.6
2019-04-13 14:30:00,6237.4
2019-04-13 14:45:00,6234.4
2019-04-13 15:00:00,6237.9
2019-04-13 15:15:00,6225.3
2019-04-13 15:30:00,6213.9
2019-04-13 15:45:00,6220.3
2019-04-13 16:00:00,6226.4
2019-04-13 16:15:00,6227.8
2019-04-13 16:30:00,6240.7
2019-04-13 16:45:00,6260.6
2019-04-13 17:00:00,6293.2
2019-04-13 17:15:00,6284.4
2019-04-13 17:30:00,6300.0
2019-04-13 17:45:00,6290.1
2019-04-13 18:00:00,6291.4
2019-04-13 18:15:00,6293.2
2019-04-13 18:30:00,6296.7
2019-04-13 18:45:00,6277.1
2019-04-13 19:00:00,6281.3
2019-04-13 19:15:00,6272.7
2019-04-13 19:30:00,6285.0
2019-04-13 19:45:00,6256.2
2019-04-13 20:00:00,6223.8
2019-04-13 20:15:00,6206.6
2019-04-13 20:30:00,6180.2
2019-04-13 20:45:00,6153.3
2019-04-13 21:00:00,6150.7
2019-04-13 21:15:00,6120.9
2019-04-13 21:30:00,6080.4
2019-04-13 21:45:00,6027.8
2019-04-13 22:00:00,5964.8
2019-04-13 22:15:00,5931.9
2019-04-13 22:30:00,5883.0
2019-04-13 22:45:00,5841.9
2019-04-13 23:00:00,5813.0
2019-04-13 23:15:00,5786.6
2019-04-13 23:30:00,5767.2
2019-04-13 23:45:00,5739.0
2019-04-14 00:00:00,5696.5
2019-04-14 00:15:00,5685.9
2019-04-14 00:30:00,5656.6
2019-04-14 00:45:00,5637.0
2019-04-14 01:00:00,5619.6
2019-04-14 01:15:00,5590.7
2019-04-14 01:30:00,5587.2
2019-04-14 01:45:00,5577.1
2019-04-14 02:00:00,5590.7
2019-04-14 02:15:00,5579.3
2019-04-14 02:30:00,5581.7
2019-04-14 02:45:00,5577.1
2019-04-14 03:00:00,5595.4
2019-04-14 03:15:00,5590.3
2019-04-14 03:30:00,5603.7
2019-04-14 03:45:00,5602.9
2019-04-14 04:00:00,5604.8
2019-04-14 04:15:00,5602.4
2019-04-14 04:30:00,5589.6
2019-04-14 04:45:00,5593.8
2019-04-14 05:00:00,5592.7
2019-04-14 05:15:00,5590.5
2019-04-14 05:30:00,5573.3
2019-04-14 05:45:00,5596.3
2019-04-14 06:00:00,5606.8
2019-04-14 06:15:00,5650.7
2019-04-14 06:30:00,5702.2
2019-04-14 06:45:00,5751.1
2019-04-14 07:00:00,5781.1
2019-04-14 07:15:00,5836.6
2019-04-14 07:30:00,5876.4
2019-04-14 07:45:00,5922.7
2019-04-14 08:00:00,5976.2
2019-04-14 08:15:00,6009.3
2019-04-14 08:30:00,6044.7
2019-04-14 08:45:00,6075.8
2019-04-14 09:00:00,6118.3
2019-04-14 09:15:00,6134.6
2019-04-14 09:30:00,6160.6
2019-04-14 09:45:00,6175.6
2019-04-14 10:00:00,6222.9
2019-04-14 10:15:00,6238.3
2019-04-14 10:30:00,6278.0
2019-04-14 10:45:00,6284.8
2019-04-14 11:00:00,6272.9
2019-04-14 11:15:00,6248.7
2019-04-14 11:30:00,6234.1
2019-04-14 11:45:00,6215.9
2019-04-14 12:00:00,6187.2
2019-04-14 12:15:00,6158.8
2019-04-14 12:30:00,6139.2
2019-04-14 12:45:00,6091.6
2019-04-14 13:00:00,6082.8
2019-04-14 13:15:00,6036.1
2019-04-14 13:30:00,6025.6
2019-04-14 13:45:00,5987.7
2019-04-14 14:00:00,5987.7
2019-04-14 14:15:00,5978.6
2019-04-14 14:30:00,5962.8
2019-04-14 14:45:00,5963.2
2019-04-14 15:00:00,5961.5
2019-04-14 15:15:00,5947.4
2019-04-14 15:30:00,5957.9
2019-04-14 15:45:00,5965.9
2019-04-14 16:00:00,6007.0
2019-04-14 16:15:00,6018.1
2019-04-14 16:30:00,6043.6
2019-04-14 16:45:00,6059.9
2019-04-14 17:00:00,6090.5
2019-04-14 17:15:00,6089.4
2019-04-14 17:30:00,6105.5
2019-04-14 17:45:00,6105.5
2019-04-14 18:00:00,6123.8
2019-04-14 18:15:00,6115.0
2019-04-14 18:30:00,6110.4
2019-04-14 18:45:00,6101.5
2019-04-14 19:00:00,6132.4
2019-04-14 19:15:00,6146.9
2019-04-14 19:30:00,6156.4
2019-04-14 19:45:00,6137.2
2019-04-14 20:00:00,6149.1
2019-04-14 20:15:00,6115.4
2019-04-14 20:30:00,6103.1
2019-04-14 20:45:00,6098.0
2019-04-14 21:00:00,6121.8
2019-04-14 21:15:00,6097.6
2019-04-14 21:30:00,6066.3
2019-04-14 21:45:00,6037.9
2019-04-14 22:00:00,5970.9
2019-04-14 22:15:00,5945.8
2019-04-14 22:30:00,5882.8
2019-04-14 22:45:00,5857.5
2019-04-14 23:00:00,5802.6
2019-04-14 23:15:00,5791.4
2019-04-14 23:30:00,5763.9
2019-04-14 23:45:00,5759.5
2019-04-15 00:00:00,5737.4
2019-04-15 00:15:00,5715.0
2019-04-15 00:30:00,5709.3
2019-04-15 00:45:00,5706.6
2019-04-15 01:00:00,5685.0
2019-04-15 01:15:00,5687.4
2019-04-15 01:30:00,5673.8
2019-04-15 01:45:00,5667.8
2019-04-15 02:00:00,5677.5
2019-04-15 02:15:00,5683.7
2019-04-15 02:30:00,5687.2
2019-04-15 02:45:00,5702.0
2019-04-15 03:00:00,5752.2
2019-04-15 03:15:00,5775.1
2019-04-15 03:30:00,5799.8
2019-04-15 03:45:00,5841.2
2019-04-15 04:00:00,5928.6
2019-04-15 04:15:00,5985.9
2019-04-15 04:30:00,6048.5
2019-04-15 04:45:00,6143.4
2019-04-15 05:00:00,6302.2
2019-04-15 05:15:00,6387.0
2019-04-15 05:30:00,6465.6
2019-04-15 05:45:00,6543.2
2019-04-15 06:00:00,6638.3
2019-04-15 06:15:00,6702.0
2019-04-15 06:30:00,6750.2
2019-04-15 06:45:00,6799.1
2019-04-15 07:00:00,6842.1
2019-04-15 07:15:00,6873.6
2019-04-15 07:30:00,6905.7
2019-04-15 07:45:00,6917.0
2019-04-15 08:00:00,6910.1
2019-04-15 08:15:00,6929.3
2019-04-15 08:30:00,6962.6
2019-04-15 08:45:00,6964.8
2019-04-15 09:00:00,6965.2
2019-04-15 09:15:00,6959.3
2019-04-15 09:30:00,6958.1
2019-04-15 09:45:00,6968.3
2019-04-15 10:00:00,6978.4
2019-04-15 10:15:00,6988.5
2019-04-15 10:30:00,6992.5
2019-04-15 10:45:00,6980.8
2019-04-15 11:00:00,6946.0
2019-04-15 11:15:00,6925.8
2019-04-15 11:30:00,6913.7
2019-04-15 11:45:00,6921.6
2019-04-15 12:00:00,6915.9
2019-04-15 12:15:00,6896.0
2019-04-15 12:30:00,6863.0
2019-04-15 12:45:00,6836.6
2019-04-15 13:00:00,6833.3
2019-04-15 13:15:00,6816.5
2019-04-15 13:30:00,6812.8
2019-04-15 13:45:00,6813.9
2019-04-15 14:00:00,6800.7
2019-04-15 14:15:00,6770.3
2019-04-15 14:30:00,6748.2
2019-04-15 14:45:00,6726.0
2019-04-15 15:00:00,6713.2
2019-04-15 15:15:00,6698.0
2019-04-15 15:30:00,6697.8
2019-04-15 15:45:00,6680.0
2019-04-15 16:00:00,6704.2
2019-04-15 16:15:00,6700.4
2019-04-15 16:30:00,6699.8
2019-04-15 16:45:00,6710.8
2019-04-15 17:00:00,6711.2
2019-04-15 17:15:00,6707.3
2019-04-15 17:30:00,6717.4
2019-04-15 17:45:00,6724.4
2019-04-15 18:00:00,6734.1
2019-04-15 18:15:00,6726.2
2019-04-15 18:30:00,6722.0
2019-04-15 18:45:00,6732.8
2019-04-15 19:00:00,6724.7
2019-04-15 19:15:00,6720.7
2019-04-15 19:30:00,6722.5
2019-04-15 19:45:00,6729.3
2019-04-15 20:00:00,6686.6
2019-04-15 20:15:00,6639.4
2019-04-15 20:30:00,6596.0
2019-04-15 20:45:00,6544.7
2019-04-15 21:00:00,6498.0
2019-04-15 21:15:00,6450.2
2019-04-15 21:30:00,6402.9
2019-04-15 21:45:00,6345.4
2019-04-15 22:00:00,6291.2
2019-04-15 22:15:00,6237.2
2019-04-15 22:30:00,6186.3
2019-04-15 22:45:00,6137.7
2019-04-15 23:00:00,6074.7
2019-04-15 23:15:00,6028.0
2019-04-15 23:30:00,6001.1
2019-04-15 23:45:00,6002.4
2019-04-16 00:00:00,5969.8
2019-04-16 00:15:00,5958.1
2019-04-16 00:30:00,5938.1
2019-04-16 00:45:00,5923.3
2019-04-16 01:00:00,5919.2
2019-04-16 01:15:00,5892.1
2019-04-16 01:30:00,5895.8
2019-04-16 01:45:00,5906.6
2019-04-16 02:00:00,5913.2
2019-04-16 02:15:00,5926.4
2019-04-16 02:30:00,5934.8
2019-04-16 02:45:00,5944.5
2019-04-16 03:00:00,5970.9
2019-04-16 03:15:00,6001.1
2019-04-16 03:30:00,6028.2
2019-04-16 03:45:00,6068.7
2019-04-16 04:00:00,6144.1
2019-04-16 04:15:00,6198.0
2019-04-16 04:30:00,6256.8
2019-04-16 04:45:00,6337.0
2019-04-16 05:00:00,6474.7
2019-04-16 05:15:00,6566.7
2019-04-16 05:30:00,6628.0
2019-04-16 05:45:00,6695.2
2019-04-16 06:00:00,6766.5
2019-04-16 06:15:00,6828.9
2019-04-16 06:30:00,6879.3
2019-04-16 06:45:00,6923.3
2019-04-16 07:00:00,6957.0
2019-04-16 07:15:00,6975.6
2019-04-16 07:30:00,6986.8
2019-04-16 07:45:00,6998.2
2019-04-16 08:00:00,6981.1
2019-04-16 08:15:00,7013.4
2019-04-16 08:30:00,7040.5
2019-04-16 08:45:00,7042.3
2019-04-16 09:00:00,7005.5
2019-04-16 09:15:00,7009.5
2019-04-16 09:30:00,7014.5
2019-04-16 09:45:00,7033.0
2019-04-16 10:00:00,7017.2
2019-04-16 10:15:00,7034.6
2019-04-16 10:30:00,7037.2
2019-04-16 10:45:00,7026.0
2019-04-16 11:00:00,7006.4
2019-04-16 11:15:00,6999.1
2019-04-16 11:30:00,6997.8
2019-04-16 11:45:00,6991.0
2019-04-16 12:00:00,6968.3
2019-04-16 12:15:00,6954.2
2019-04-16 12:30:00,6926.4
2019-04-16 12:45:00,6900.9
2019-04-16 13:00:00,6888.1
2019-04-16 13:15:00,6878.6
2019-04-16 13:30:00,6861.5
2019-04-16 13:45:00,6845.4
2019-04-16 14:00:00,6859.9
2019-04-16 14:15:00,6836.1
2019-04-16 14:30:00,6821.6
2019-04-16 14:45:00,6804.8
2019-04-16 15:00:00,6813.7
2019-04-16 15:15:00,6777.1
2019-04-16 15:30:00,6754.4
2019-04-16 15:45:00,6745.2
2019-04-16 16:00:00,6759.5
2019-04-16 16:15:00,6777.1
2019-04-16 16:30:00,6783.7
2019-04-16 16:45:00,6786.1
2019-04-16 17:00:00,6788.3
2019-04-16 17:15:00,6782.4
2019-04-16 17:30:00,6797.1
2019-04-16 17:45:00,6790.3
2019-04-16 18:00:00,6769.8
2019-04-16 18:15:00,6764.8
2019-04-16 18:30:00,6763.2
2019-04-16 18:45:00,6761.7
2019-04-16 19:00:00,6757.5
2019-04-16 19:15:00,6770.5
2019-04-16 19:30:00,6775.3
2019-04-16 19:45:00,6765.6
2019-04-16 20:00:00,6735.2
2019-04-16 20:15:00,6700.4
2019-04-16 20:30:00,6639.2
2019-04-16 20:45:00,6592.5
2019-04-16 21:00:00,6535.5
2019-04-16 21:15:00,6486.3
2019-04-16 21:30:00,6431.3
2019-04-16 21:45:00,6381.7
2019-04-16 22:00:00,6304.2
2019-04-16 22:15:00,6247.8
2019-04-16 22:30:00,6204.0
2019-04-16 22:45:00,6156.2
2019-04-16 23:00:00,6075.8
2019-04-16 23:15:00,6037.0
2019-04-16 23:30:00,6024.0
2019-04-16 23:45:00,5983.5
2019-04-17 00:00:00,5940.7
2019-04-17 00:15:00,5924.7
2019-04-17 00:30:00,5902.6
2019-04-17 00:45:00,5877.8
2019-04-17 01:00:00,5885.2
2019-04-17 01:15:00,5869.2
2019-04-17 01:30:00,5870.7
2019-04-17 01:45:00,5870.7
2019-04-17 02:00:00,5871.6
2019-04-17 02:15:00,5861.5
2019-04-17 02:30:00,5872.5
2019-04-17 02:45:00,5884.6
2019-04-17 03:00:00,5920.3
2019-04-17 03:15:00,5942.7
2019-04-17 03:30:00,5974.9
2019-04-17 03:45:00,6014.5
2019-04-17 04:00:00,6095.6
2019-04-17 04:15:00,6129.1
2019-04-17 04:30:00,6187.2
2019-04-17 04:45:00,6261.5
2019-04-17 05:00:00,6398.9
2019-04-17 05:15:00,6486.3
2019-04-17 05:30:00,6566.5
2019-04-17 05:45:00,6641.2
2019-04-17 06:00:00,6719.2
2019-04-17 06:15:00,6786.3
2019-04-17 06:30:00,6835.5
2019-04-17 06:45:00,6884.8
2019-04-17 07:00:00,6924.7
2019-04-17 07:15:00,6966.5
2019-04-17 07:30:00,6987.4
2019-04-17 07:45:00,6972.0
2019-04-17 08:00:00,6935.5
2019-04-17 08:15:00,6964.8
2019-04-17 08:30:00,6998.0
2019-04-17 08:45:00,7013.4
2019-04-17 09:00:00,7003.7
2019-04-17 09:15:00,7030.2
2019-04-17 09:30:00,7054.8
2019-04-17 09:45:00,7077.3
2019-04-17 10:00:00,7075.1
2019-04-17 10:15:00,7076.4
2019-04-17 10:30:00,7080.6
2019-04-17 10:45:00,7068.1
2019-04-17 11:00:00,7006.4
2019-04-17 11:15:00,6985.2
2019-04-17 11:30:00,6990.1
2019-04-17 11:45:00,6982.8
2019-04-17 12:00:00,6955.5
2019-04-17 12:15:00,6932.4
2019-04-17 12:30:00,6919.2
2019-04-17 12:45:00,6895.2
2019-04-17 13:00:00,6896.0
2019-04-17 13:15:00,6881.5
2019-04-17 13:30:00,6853.3
2019-04-17 13:45:00,6827.8
2019-04-17 14:00:00,6823.1
2019-04-17 14:15:00,6793.6
2019-04-17 14:30:00,6759.5
2019-04-17 14:45:00,6731.1
2019-04-17 15:00:00,6727.5
2019-04-17 15:15:00,6702.4
2019-04-17 15:30:00,6689.2
2019-04-17 15:45:00,6672.2
2019-04-17 16:00:00,6678.4
2019-04-17 16:15:00,6661.9
2019-04-17 16:30:00,6668.3
2019-04-17 16:45:00,6676.4
2019-04-17 17:00:00,6665.0
2019-04-17 17:15:00,6657.7
2019-04-17 17:30:00,6674.2
2019-04-17 17:45:00,6679.3
2019-04-17 18:00:00,6703.7
2019-04-17 18:15:00,6705.7
2019-04-17 18:30:00,6706.4
2019-04-17 18:45:00,6691.2
2019-04-17 19:00:00,6687.9
2019-04-17 19:15:00,6687.2
2019-04-17 19:30:00,6713.0
2019-04-17 19:45:00,6706.2
2019-04-17 20:00:00,6668.5
2019-04-17 20:15:00,6618.7
2019-04-17 20:30:00,6559.5
2019-04-17 20:45:00,6511.7
2019-04-17 21:00:00,6478.6
2019-04-17 21:15:00,6426.2
2019-04-17 21:30:00,6365.0
2019-04-17 21:45:00,6316.1
2019-04-17 22:00:00,6258.1
2019-04-17 22:15:00,6211.9
2019-04-17 22:30:00,6161.5
2019-04-17 22:45:00,6111.2
2019-04-17 23:00:00,6048.2
2019-04-17 23:15:00,5998.5
2019-04-17 23:30:00,5974.2
2019-04-17 23:45:00,5947.4
2019-04-18 00:00:00,5915.6
2019-04-18 00:15:00,5887.2
2019-04-18 00:30:00,5870.0
2019-04-18 00:45:00,5853.7
2019-04-18 01:00:00,5835.7
2019-04-18 01:15:00,5833.7
2019-04-18 01:30:00,5840.5
2019-04-18 01:45:00,5830.2
2019-04-18 02:00:00,5826.0
2019-04-18 02:15:00,5807.0
2019-04-18 02:30:00,5820.7
2019-04-18 02:45:00,5831.7
2019-04-18 03:00:00,5855.5
2019-04-18 03:15:00,5873.3
2019-04-18 03:30:00,5908.4
2019-04-18 03:45:00,5943.0
2019-04-18 04:00:00,6008.6
2019-04-18 04:15:00,6061.5
2019-04-18 04:30:00,6121.1
2019-04-18 04:45:00,6183.9
2019-04-18 05:00:00,6311.0
2019-04-18 05:15:00,6379.7
2019-04-18 05:30:00,6443.6
2019-04-18 05:45:00,6505.5
2019-04-18 06:00:00,6589.9
2019-04-18 06:15:00,6664.5
2019-04-18 06:30:00,6713.7
2019-04-18 06:45:00,6754.6
2019-04-18 07:00:00,6800.0
2019-04-18 07:15:00,6823.1
2019-04-18 07:30:00,6834.1
2019-04-18 07:45:00,6840.7
2019-04-18 08:00:00,6822.0
2019-04-18 08:15:00,6843.4
2019-04-18 08:30:00,6871.1
2019-04-18 08:45:00,6880.0
2019-04-18 09:00:00,6875.6
2019-04-18 09:15:00,6887.9
2019-04-18 09:30:00,6892.1
2019-04-18 09:45:00,6891.6
2019-04-18 10:00:00,6850.7
2019-04-18 10:15:00,6850.7
2019-04-18 10:30:00,6865.4
2019-04-18 10:45:00,6862.1
2019-04-18 11:00:00,6855.1
2019-04-18 11:15:00,6831.3
2019-04-18 11:30:00,6825.1
2019-04-18 11:45:00,6830.4
2019-04-18 12:00:00,6839.4
2019-04-18 12:15:00,6830.4
2019-04-18 12:30:00,6805.1
2019-04-18 12:45:00,6779.5
2019-04-18 13:00:00,6746.0
2019-04-18 13:15:00,6727.8
2019-04-18 13:30:00,6704.2
2019-04-18 13:45:00,6675.6
2019-04-18 14:00:00,6683.9
2019-04-18 14:15:00,6663.9
2019-04-18 14:30:00,6637.7
2019-04-18 14:45:00,6611.9
2019-04-18 15:00:00,6607.3
2019-04-18 15:15:00,6580.6
2019-04-18 15:30:00,6569.4
2019-04-18 15:45:00,6553.5
2019-04-18 16:00:00,6581.9
2019-04-18 16:15:00,6581.3
2019-04-18 16:30:00,6554.8
2019-04-18 16:45:00,6528.2
2019-04-18 17:00:00,6528.2
2019-04-18 17:15:00,6519.8
2019-04-18 17:30:00,6504.6
2019-04-18 17:45:00,6511.2
2019-04-18 18:00:00,6516.5
2019-04-18 18:15:00,6505.9
2019-04-18 18:30:00,6514.1
2019-04-18 18:45:00,6497.4
2019-04-18 19:00:00,6489.9
2019-04-18 19:15:00,6485.9
2019-04-18 19:30:00,6490.1
2019-04-18 19:45:00,6477.8
2019-04-18 20:00:00,6441.0
2019-04-18 20:15:00,6386.3
2019-04-18 20:30:00,6332.4
2019-04-18 20:45:00,6284.8
2019-04-18 21:00:00,6250.9
2019-04-18 21:15:00,6197.1
2019-04-18 21:30:00,6133.7
2019-04-18 21:45:00,6080.6
2019-04-18 22:00:00,6004.6
2019-04-18 22:15:00,5940.1
2019-04-18 22:30:00,5895.4
2019-04-18 22:45:00,5835.2
2019-04-18 23:00:00,5767.4
2019-04-18 23:15:00,5727.3
2019-04-18 23:30:00,5697.4
2019-04-18 23:45:00,5681.3
2019-04-19 00:00:00,5625.1
2019-04-19 00:15:00,5583.0
2019-04-19 00:30:00,5571.1
2019-04-19 00:45:00,5565.9
2019-04-19 01:00:00,5534.8
2019-04-19 01:15:00,5515.2
2019-04-19 01:30:00,5502.4
2019-04-19 01:45:00,5494.3
2019-04-19 02:00:00,5493.0
2019-04-19 02:15:00,5486.1
2019-04-19 02:30:00,5488.1
2019-04-19 02:45:00,5490.5
2019-04-19 03:00:00,5482.8
2019-04-19 03:15:00,5486.1
2019-04-19 03:30:00,5476.0
2019-04-19 03:45:00,5472.7
2019-04-19 04:00:00,5490.3
2019-04-19 04:15:00,5482.6
2019-04-19 04:30:00,5459.0
2019-04-19 04:45:00,5438.8
2019-04-19 05:00:00,5431.5
2019-04-19 05:15:00,5426.2
2019-04-19 05:30:00,5420.5
2019-04-19 05:45:00,5436.8
2019-04-19 06:00:00,5477.3
2019-04-19 06:15:00,5529.7
2019-04-19 06:30:00,5570.7
2019-04-19 06:45:00,5618.5
2019-04-19 07:00:00,5677.3
2019-04-19 07:15:00,5722.5
2019-04-19 07:30:00,5770.0
2019-04-19 07:45:00,5801.8
2019-04-19 08:00:00,5836.1
2019-04-19 08:15:00,5886.6
2019-04-19 08:30:00,5914.1
2019-04-19 08:45:00,5937.4
2019-04-19 09:00:00,5965.0
2019-04-19 09:15:00,5971.1
2019-04-19 09:30:00,5975.8
2019-04-19 09:45:00,6003.1
2019-04-19 10:00:00,6029.5
2019-04-19 10:15:00,6069.2
2019-04-19 10:30:00,6092.7
2019-04-19 10:45:00,6096.5
2019-04-19 11:00:00,6069.4
2019-04-19 11:15:00,6043.6
2019-04-19 11:30:00,6011.5
2019-04-19 11:45:00,6002.6
2019-04-19 12:00:00,5978.2
2019-04-19 12:15:00,5935.9
2019-04-19 12:30:00,5914.1
2019-04-19 12:45:00,5898.0
2019-04-19 13:00:00,5888.3
2019-04-19 13:15:00,5868.5
2019-04-19 13:30:00,5839.0
2019-04-19 13:45:00,5822.7
2019-04-19 14:00:00,5817.6
2019-04-19 14:15:00,5799.8
2019-04-19 14:30:00,5779.3
2019-04-19 14:45:00,5734.1
2019-04-19 15:00:00,5731.5
2019-04-19 15:15:00,5725.3
2019-04-19 15:30:00,5726.2
2019-04-19 15:45:00,5728.9
2019-04-19 16:00:00,5752.9
2019-04-19 16:15:00,5768.1
2019-04-19 16:30:00,5778.6
2019-04-19 16:45:00,5791.6
2019-04-19 17:00:00,5818.3
2019-04-19 17:15:00,5821.1
2019-04-19 17:30:00,5840.7
2019-04-19 17:45:00,5846.3
2019-04-19 18:00:00,5859.9
2019-04-19 18:15:00,5865.2
2019-04-19 18:30:00,5870.5
2019-04-19 18:45:00,5856.6
2019-04-19 19:00:00,5872.9
2019-04-19 19:15:00,5862.6
2019-04-19 19:30:00,5884.8
2019-04-19 19:45:00,5893.8
2019-04-19 20:00:00,5888.3
2019-04-19 20:15:00,5868.9
2019-04-19 20:30:00,5841.9
2019-04-19 20:45:00,5824.9
2019-04-19 21:00:00,5801.3
2019-04-19 21:15:00,5773.8
2019-04-19 21:30:00,5731.1
2019-04-19 21:45:00,5699.1
2019-04-19 22:00:00,5625.6
2019-04-19 22:15:00,5577.8
2019-04-19 22:30:00,5548.0
2019-04-19 22:45:00,5512.8
2019-04-19 23:00:00,5453.7
2019-04-19 23:15:00,5436.3
2019-04-19 23:30:00,5400.4
2019-04-19 23:45:00,5395.4
2019-04-20 00:00:00,5356.6
2019-04-20 00:15:00,5337.7
2019-04-20 00:30:00,5314.8
2019-04-20 00:45:00,5281.3
2019-04-20 01:00:00,5279.1
2019-04-20 01:15:00,5262.8
2019-04-20 01:30:00,5253.3
2019-04-20 01:45:00,5239.6
2019-04-20 02:00:00,5242.7
2019-04-20 02:15:00,5232.6
2019-04-20 02:30:00,5244.5
2019-04-20 02:45:00,5251.1
2019-04-20 03:00:00,5277.3
2019-04-20 03:15:00,5275.6
2019-04-20 03:30:00,5300.2
2019-04-20 03:45:00,5322.2
2019-04-20 04:00:00,5361.7
2019-04-20 04:15:00,5362.8
2019-04-20 04:30:00,5385.0
2019-04-20 04:45:00,5404.0
2019-04-20 05:00:00,5420.9
2019-04-20 05:15:00,5424.4
2019-04-20 05:30:00,5448.0
2019-04-20 05:45:00,5483.7
2019-04-20 06:00:00,5538.1
2019-04-20 06:15:00,5593.0
2019-04-20 06:30:00,5644.3
2019-04-20 06:45:00,5684.8
2019-04-20 07:00:00,5740.7
2019-04-20 07:15:00,5792.7
2019-04-20 07:30:00,5841.2
2019-04-20 07:45:00,5890.7
2019-04-20 08:00:00,5931.5
2019-04-20 08:15:00,5968.5
2019-04-20 08:30:00,6011.2
2019-04-20 08:45:00,6013.4
2019-04-20 09:00:00,6015.2
2019-04-20 09:15:00,6019.8
2019-04-20 09:30:00,6029.3
2019-04-20 09:45:00,6047.6
2019-04-20 10:00:00,6045.6
2019-04-20 10:15:00,6054.2
2019-04-20 10:30:00,6065.0
2019-04-20 10:45:00,6064.8
2019-04-20 11:00:00,6055.3
2019-04-20 11:15:00,6041.9
2019-04-20 11:30:00,6041.6
2019-04-20 11:45:00,6019.4
2019-04-20 12:00:00,5999.1
2019-04-20 12:15:00,5980.2
2019-04-20 12:30:00,5971.4
2019-04-20 12:45:00,5953.5
2019-04-20 13:00:00,5929.7
2019-04-20 13:15:00,5910.1
2019-04-20 13:30:00,5904.6
2019-04-20 13:45:00,5891.2
2019-04-20 14:00:00,5874.4
2019-04-20 14:15:00,5853.3
2019-04-20 14:30:00,5845.4
2019-04-20 14:45:00,5826.9
2019-04-20 15:00:00,5808.1
2019-04-20 15:15:00,5806.2
2019-04-20 15:30:00,5798.9
2019-04-20 15:45:00,5801.8
2019-04-20 16:00:00,5843.6
2019-04-20 16:15:00,5862.6
2019-04-20 16:30:00,5880.0
2019-04-20 16:45:00,5893.4
2019-04-20 17:00:00,5895.6
2019-04-20 17:15:00,5892.5
2019-04-20 17:30:00,5898.2
2019-04-20 17:45:00,5905.7
2019-04-20 18:00:00,5907.5
2019-04-20 18:15:00,5902.6
2019-04-20 18:30:00,5896.3
2019-04-20 18:45:00,5883.3
2019-04-20 19:00:00,5866.5
2019-04-20 19:15:00,5847.1
2019-04-20 19:30:00,5843.2
2019-04-20 19:45:00,5864.8
2019-04-20 20:00:00,5863.7
2019-04-20 20:15:00,5832.4
2019-04-20 20:30:00,5791.6
2019-04-20 20:45:00,5767.6
2019-04-20 21:00:00,5756.8
2019-04-20 21:15:00,5702.2
2019-04-20 21:30:00,5653.1
2019-04-20 21:45:00,5613.4
2019-04-20 22:00:00,5564.5
2019-04-20 22:15:00,5523.8
2019-04-20 22:30:00,5486.8
2019-04-20 22:45:00,5459.9
2019-04-20 23:00:00,5409.9
2019-04-20 23:15:00,5365.2
2019-04-20 23:30:00,5330.0
2019-04-20 23:45:00,5304.6
2019-04-21 00:00:00,5260.8
2019-04-21 00:15:00,5231.7
2019-04-21 00:30:00,5212.3
2019-04-21 00:45:00,5205.3
2019-04-21 01:00:00,5187.2
2019-04-21 01:15:00,5172.7
2019-04-21 01:30:00,5163.0
2019-04-21 01:45:00,5146.0
2019-04-21 02:00:00,5141.2
2019-04-21 02:15:00,5138.5
2019-04-21 02:30:00,5141.6
2019-04-21 02:45:00,5146.5
2019-04-21 03:00:00,5158.6
2019-04-21 03:15:00,5169.8
2019-04-21 03:30:00,5176.9
2019-04-21 03:45:00,5178.6
2019-04-21 04:00:00,5192.1
2019-04-21 04:15:00,5195.4
2019-04-21 04:30:00,5207.9
2019-04-21 04:45:00,5202.0
2019-04-21 05:00:00,5200.7
2019-04-21 05:15:00,5191.9
2019-04-21 05:30:00,5211.9
2019-04-21 05:45:00,5233.9
2019-04-21 06:00:00,5257.7
2019-04-21 06:15:00,5287.9
2019-04-21 06:30:00,5341.6
2019-04-21 06:45:00,5390.7
2019-04-21 07:00:00,5458.1
2019-04-21 07:15:00,5510.4
2019-04-21 07:30:00,5558.6
2019-04-21 07:45:00,5588.5
2019-04-21 08:00:00,5628.6
2019-04-21 08:15:00,5658.4
2019-04-21 08:30:00,5682.4
2019-04-21 08:45:00,5706.2
2019-04-21 09:00:00,5707.7
2019-04-21 09:15:00,5719.8
2019-04-21 09:30:00,5729.7
2019-04-21 09:45:00,5744.3
2019-04-21 10:00:00,5755.9
2019-04-21 10:15:00,5772.7
2019-04-21 10:30:00,5786.3
2019-04-21 10:45:00,5773.1
2019-04-21 11:00:00,5757.9
2019-04-21 11:15:00,5736.1
2019-04-21 11:30:00,5714.1
2019-04-21 11:45:00,5702.0
2019-04-21 12:00:00,5672.9
2019-04-21 12:15:00,5642.7
2019-04-21 12:30:00,5612.6
2019-04-21 12:45:00,5590.7
2019-04-21 13:00:00,5569.8
2019-04-21 13:15:00,5554.0
2019-04-21 13:30:00,5535.9
2019-04-21 13:45:00,5518.7
2019-04-21 14:00:00,5501.5
2019-04-21 14:15:00,5486.6
2019-04-21 14:30:00,5475.3
2019-04-21 14:45:00,5460.1
2019-04-21 15:00:00,5461.2
2019-04-21 15:15:00,5461.7
2019-04-21 15:30:00,5460.8
2019-04-21 15:45:00,5466.7
2019-04-21 16:00:00,5491.9
2019-04-21 16:15:00,5518.5
2019-04-21 16:30:00,5518.5
2019-04-21 16:45:00,5530.8
2019-04-21 17:00:00,5559.3
2019-04-21 17:15:00,5567.0
2019-04-21 17:30:00,5584.6
2019-04-21 17:45:00,5599.3
2019-04-21 18:00:00,5609.9
2019-04-21 18:15:00,5608.1
2019-04-21 18:30:00,5623.8
2019-04-21 18:45:00,5632.6
2019-04-21 19:00:00,5650.4
2019-04-21 19:15:00,5672.2
2019-04-21 19:30:00,5694.7
2019-04-21 19:45:00,5707.9
2019-04-21 20:00:00,5722.7
2019-04-21 20:15:00,5698.5
2019-04-21 20:30:00,5673.1
2019-04-21 20:45:00,5656.8
2019-04-21 21:00:00,5651.8
2019-04-21 21:15:00,5615.0
2019-04-21 21:30:00,5569.8
2019-04-21 21:45:00,5531.7
2019-04-21 22:00:00,5480.8
2019-04-21 22:15:00,5446.5
2019-04-21 22:30:00,5405.3
2019-04-21 22:45:00,5369.4
2019-04-21 23:00:00,5321.8
2019-04-21 23:15:00,5286.1
2019-04-21 23:30:00,5255.3
2019-04-21 23:45:00,5241.2
2019-04-22 00:00:00,5218.1
2019-04-22 00:15:00,5210.4
2019-04-22 00:30:00,5198.0
2019-04-22 00:45:00,5193.4
2019-04-22 01:00:00,5177.8
2019-04-22 01:15:00,5150.9
2019-04-22 01:30:00,5143.0
2019-04-22 01:45:00,5134.6
2019-04-22 02:00:00,5150.7
2019-04-22 02:15:00,5144.3
2019-04-22 02:30:00,5147.1
2019-04-22 02:45:00,5144.7
2019-04-22 03:00:00,5162.6
2019-04-22 03:15:00,5162.3
2019-04-22 03:30:00,5181.1
2019-04-22 03:45:00,5192.5
2019-04-22 04:00:00,5205.3
2019-04-22 04:15:00,5209.9
2019-04-22 04:30:00,5228.9
2019-04-22 04:45:00,5220.3
2019-04-22 05:00:00,5222.0
2019-04-22 05:15:00,5229.7
2019-04-22 05:30:00,5238.3
2019-04-22 05:45:00,5257.7
2019-04-22 06:00:00,5297.1
2019-04-22 06:15:00,5340.5
2019-04-22 06:30:00,5383.3
2019-04-22 06:45:00,5431.1
2019-04-22 07:00:00,5488.1
2019-04-22 07:15:00,5536.3
2019-04-22 07:30:00,5569.2
2019-04-22 07:45:00,5611.9
2019-04-22 08:00:00,5654.8
2019-04-22 08:15:00,5692.7
2019-04-22 08:30:00,5733.0
2019-04-22 08:45:00,5772.7
2019-04-22 09:00:00,5788.3
2019-04-22 09:15:00,5798.0
2019-04-22 09:30:00,5820.7
2019-04-22 09:45:00,5860.4
2019-04-22 10:00:00,5871.6
2019-04-22 10:15:00,5913.0
2019-04-22 10:30:00,5941.0
2019-04-22 10:45:00,5964.5
2019-04-22 11:00:00,5936.1
2019-04-22 11:15:00,5916.5
2019-04-22 11:30:00,5894.1
2019-04-22 11:45:00,5865.9
2019-04-22 12:00:00,5873.3
2019-04-22 12:15:00,5854.2
2019-04-22 12:30:00,5834.8
2019-04-22 12:45:00,5806.6
2019-04-22 13:00:00,5773.1
2019-04-22 13:15:00,5750.2
2019-04-22 13:30:00,5732.2
2019-04-22 13:45:00,5729.1
2019-04-22 14:00:00,5729.3
2019-04-22 14:15:00,5727.1
2019-04-22 14:30:00,5722.9
2019-04-22 14:45:00,5695.6
2019-04-22 15:00:00,5709.7
2019-04-22 15:15:00,5680.2
2019-04-22 15:30:00,5680.8
2019-04-22 15:45:00,5704.4
2019-04-22 16:00:00,5710.4
2019-04-22 16:15:00,5719.2
2019-04-22 16:30:00,5763.2
2019-04-22 16:45:00,5812.1
2019-04-22 17:00:00,5825.3
2019-04-22 17:15:00,5835.0
2019-04-22 17:30:00,5852.2
2019-04-22 17:45:00,5857.7
2019-04-22 18:00:00,5858.6
2019-04-22 18:15:00,5868.9
2019-04-22 18:30:00,5866.5
2019-04-22 18:45:00,5862.3
2019-04-22 19:00:00,5873.3
2019-04-22 19:15:00,5871.1
2019-04-22 19:30:00,5885.5
2019-04-22 19:45:00,5904.6
2019-04-22 20:00:00,5926.4
2019-04-22 20:15:00,5902.6
2019-04-22 20:30:00,5872.0
2019-04-22 20:45:00,5876.7
2019-04-22 21:00:00,5869.2
2019-04-22 21:15:00,5836.3
2019-04-22 21:30:00,5787.7
2019-04-22 21:45:00,5751.8
2019-04-22 22:00:00,5702.6
2019-04-22 22:15:00,5661.0
2019-04-22 22:30:00,5616.3
2019-04-22 22:45:00,5569.6
2019-04-22 23:00:00,5531.7
2019-04-22 23:15:00,5501.3
2019-04-22 23:30:00,5476.0
2019-04-22 23:45:00,5452.9
2019-04-23 00:00:00,5410.1
2019-04-23 00:15:00,5403.5
2019-04-23 00:30:00,5377.8
2019-04-23 00:45:00,5358.4
2019-04-23 01:00:00,5352.6
2019-04-23 01:15:00,5344.5
2019-04-23 01:30:00,5341.6
2019-04-23 01:45:00,5345.2
2019-04-23 02:00:00,5350.2
2019-04-23 02:15:00,5353.5
2019-04-23 02:30:00,5364.5
2019-04-23 02:45:00,5371.4
2019-04-23 03:00:00,5418.5
2019-04-23 03:15:00,5443.0
2019-04-23 03:30:00,5467.8
2019-04-23 03:45:00,5519.8
2019-04-23 04:00:00,5654.6
2019-04-23 04:15:00,5703.5
2019-04-23 04:30:00,5777.3
2019-04-23 04:45:00,5863.2
2019-04-23 05:00:00,6024.4
2019-04-23 05:15:00,6131.7
2019-04-23 05:30:00,6222.9
2019-04-23 05:45:00,6309.0
2019-04-23 06:00:00,6433.9
2019-04-23 06:15:00,6517.0
2019-04-23 06:30:00,6590.3
2019-04-23 06:45:00,6650.7
2019-04-23 07:00:00,6713.9
2019-04-23 07:15:00,6740.3
2019-04-23 07:30:00,6773.8
2019-04-23 07:45:00,6795.4
2019-04-23 08:00:00,6773.3
2019-04-23 08:15:00,6807.0
2019-04-23 08:30:00,6842.7
2019-04-23 08:45:00,6877.8
2019-04-23 09:00:00,6877.1
2019-04-23 09:15:00,6868.7
2019-04-23 09:30:00,6876.2
2019-04-23 09:45:00,6896.5
2019-04-23 10:00:00,6893.0
2019-04-23 10:15:00,6942.3
2019-04-23 10:30:00,6953.5
2019-04-23 10:45:00,6966.7
2019-04-23 11:00:00,6922.9
2019-04-23 11:15:00,6910.6
2019-04-23 11:30:00,6917.4
2019-04-23 11:45:00,6923.8
2019-04-23 12:00:00,6916.3
2019-04-23 12:15:00,6904.2
2019-04-23 12:30:00,6878.2
2019-04-23 12:45:00,6842.3
2019-04-23 13:00:00,6791.4
2019-04-23 13:15:00,6831.3
2019-04-23 13:30:00,6816.3
2019-04-23 13:45:00,6789.4
2019-04-23 14:00:00,6791.6
2019-04-23 14:15:00,6760.4
2019-04-23 14:30:00,6744.7
2019-04-23 14:45:00,6728.4
2019-04-23 15:00:00,6717.6
2019-04-23 15:15:00,6697.8
2019-04-23 15:30:00,6661.5
2019-04-23 15:45:00,6676.0
2019-04-23 16:00:00,6680.6
2019-04-23 16:15:00,6675.3
2019-04-23 16:30:00,6680.0
2019-04-23 16:45:00,6682.2
2019-04-23 17:00:00,6692.3
2019-04-23 17:15:00,6681.9
2019-04-23 17:30:00,6676.0
2019-04-23 17:45:00,6681.5
2019-04-23 18:00:00,6666.5
2019-04-23 18:15:00,6648.0
2019-04-23 18:30:00,6633.7
2019-04-23 18:45:00,6619.4
2019-04-23 19:00:00,6586.1
2019-04-23 19:15:00,6577.1
2019-04-23 19:30:00,6577.1
2019-04-23 19:45:00,6581.9
2019-04-23 20:00:00,6538.5
2019-04-23 20:15:00,6481.3
2019-04-23 20:30:00,6428.2
2019-04-23 20:45:00,6368.7
2019-04-23 21:00:00,6291.6
2019-04-23 21:15:00,6232.8
2019-04-23 21:30:00,6174.2
2019-04-23 21:45:00,6110.8
2019-04-23 22:00:00,6040.1
2019-04-23 22:15:00,5984.4
2019-04-23 22:30:00,5939.0
2019-04-23 22:45:00,5901.5
2019-04-23 23:00:00,5848.9
2019-04-23 23:15:00,5816.1
2019-04-23 23:30:00,5782.4
2019-04-23 23:45:00,5757.9
2019-04-24 00:00:00,5736.1
2019-04-24 00:15:00,5715.0
2019-04-24 00:30:00,5714.1
2019-04-24 00:45:00,5702.2
2019-04-24 01:00:00,5680.4
2019-04-24 01:15:00,5661.9
2019-04-24 01:30:00,5680.4
2019-04-24 01:45:00,5669.2
2019-04-24 02:00:00,5680.6
2019-04-24 02:15:00,5689.6
2019-04-24 02:30:00,5725.6
2019-04-24 02:45:00,5711.2
2019-04-24 03:00:00,5732.4
2019-04-24 03:15:00,5736.8
2019-04-24 03:30:00,5779.7
2019-04-24 03:45:00,5801.3
2019-04-24 04:00:00,5869.6
2019-04-24 04:15:00,5921.1
2019-04-24 04:30:00,5970.9
2019-04-24 04:45:00,6050.0
2019-04-24 05:00:00,6186.8
2019-04-24 05:15:00,6274.2
2019-04-24 05:30:00,6358.1
2019-04-24 05:45:00,6427.3
2019-04-24 06:00:00,6523.3
2019-04-24 06:15:00,6600.0
2019-04-24 06:30:00,6660.4
2019-04-24 06:45:00,6696.3
2019-04-24 07:00:00,6762.3
2019-04-24 07:15:00,6782.4
2019-04-24 07:30:00,6829.1
2019-04-24 07:45:00,6811.2
2019-04-24 08:00:00,6804.2
2019-04-24 08:15:00,6842.7
2019-04-24 08:30:00,6872.2
2019-04-24 08:45:00,6889.4
2019-04-24 09:00:00,6911.9
2019-04-24 09:15:00,6932.6
2019-04-24 09:30:00,6955.1
2019-04-24 09:45:00,6973.1
2019-04-24 10:00:00,6964.5
2019-04-24 10:15:00,6981.1
2019-04-24 10:30:00,6999.6
2019-04-24 10:45:00,6994.3
2019-04-24 11:00:00,6960.8
2019-04-24 11:15:00,6951.5
2019-04-24 11:30:00,6938.3
2019-04-24 11:45:00,6913.2
2019-04-24 12:00:00,6941.4
2019-04-24 12:15:00,6923.8
2019-04-24 12:30:00,6905.1
2019-04-24 12:45:00,6866.7
2019-04-24 13:00:00,6855.3
2019-04-24 13:15:00,6863.0
2019-04-24 13:30:00,6852.2
2019-04-24 13:45:00,6830.2
2019-04-24 14:00:00,6807.3
2019-04-24 14:15:00,6787.2
2019-04-24 14:30:00,6764.5
2019-04-24 14:45:00,6739.9
2019-04-24 15:00:00,6734.4
2019-04-24 15:15:00,6706.8
2019-04-24 15:30:00,6671.6
2019-04-24 15:45:00,6651.8
2019-04-24 16:00:00,6650.7
2019-04-24 16:15:00,6650.0
2019-04-24 16:30:00,6655.7
2019-04-24 16:45:00,6648.0
2019-04-24 17:00:00,6645.8
2019-04-24 17:15:00,6662.6
2019-04-24 17:30:00,6653.1
2019-04-24 17:45:00,6659.3
2019-04-24 18:00:00,6693.0
2019-04-24 18:15:00,6676.2
2019-04-24 18:30:00,6661.9
2019-04-24 18:45:00,6653.1
2019-04-24 19:00:00,6638.1
2019-04-24 19:15:00,6619.4
2019-04-24 19:30:00,6619.2
2019-04-24 19:45:00,6604.6
2019-04-24 20:00:00,6599.1
2019-04-24 20:15:00,6565.0
2019-04-24 20:30:00,6523.1
2019-04-24 20:45:00,6471.8
2019-04-24 21:00:00,6412.6
2019-04-24 21:15:00,6337.2
2019-04-24 21:30:00,6289.9
2019-04-24 21:45:00,6233.7
2019-04-24 22:00:00,6146.7
2019-04-24 22:15:00,6082.8
2019-04-24 22:30:00,6041.4
2019-04-24 22:45:00,5993.2
2019-04-24 23:00:00,5917.8
2019-04-24 23:15:00,5873.3
2019-04-24 23:30:00,5844.9
2019-04-24 23:45:00,5834.8
2019-04-25 00:00:00,5776.2
2019-04-25 00:15:00,5745.2
2019-04-25 00:30:00,5731.1
2019-04-25 00:45:00,5707.0
2019-04-25 01:00:00,5656.4
2019-04-25 01:15:00,5646.0
2019-04-25 01:30:00,5644.7
2019-04-25 01:45:00,5651.5
2019-04-25 02:00:00,5658.8
2019-04-25 02:15:00,5664.1
2019-04-25 02:30:00,5671.4
2019-04-25 02:45:00,5667.4
2019-04-25 03:00:00,5713.0
2019-04-25 03:15:00,5756.8
2019-04-25 03:30:00,5773.1
2019-04-25 03:45:00,5808.1
2019-04-25 04:00:00,5890.7
2019-04-25 04:15:00,5948.5
2019-04-25 04:30:00,6004.2
2019-04-25 04:45:00,6077.5
2019-04-25 05:00:00,6220.7
2019-04-25 05:15:00,6315.9
2019-04-25 05:30:00,6380.2
2019-04-25 05:45:00,6449.8
2019-04-25 06:00:00,6539.4
2019-04-25 06:15:00,6598.7
2019-04-25 06:30:00,6645.4
2019-04-25 06:45:00,6699.1
2019-04-25 07:00:00,6751.1
2019-04-25 07:15:00,6788.5
2019-04-25 07:30:00,6812.1
2019-04-25 07:45:00,6828.6
2019-04-25 08:00:00,6835.9
2019-04-25 08:15:00,6848.7
2019-04-25 08:30:00,6894.3
2019-04-25 08:45:00,6909.5
2019-04-25 09:00:00,6935.9
2019-04-25 09:15:00,6935.9
2019-04-25 09:30:00,6940.3
2019-04-25 09:45:00,6949.6
2019-04-25 10:00:00,6969.8
2019-04-25 10:15:00,6987.7
2019-04-25 10:30:00,7019.6
2019-04-25 10:45:00,7030.0
2019-04-25 11:00:00,7011.7
2019-04-25 11:15:00,6997.1
2019-04-25 11:30:00,6994.7
2019-04-25 11:45:00,7000.7
2019-04-25 12:00:00,6939.0
2019-04-25 12:15:00,6927.1
2019-04-25 12:30:00,6895.2
2019-04-25 12:45:00,6853.7
2019-04-25 13:00:00,6844.1
2019-04-25 13:15:00,6851.5
2019-04-25 13:30:00,6820.5
2019-04-25 13:45:00,6816.5
2019-04-25 14:00:00,6809.5
2019-04-25 14:15:00,6789.0
2019-04-25 14:30:00,6781.3
2019-04-25 14:45:00,6771.4
2019-04-25 15:00:00,6762.1
2019-04-25 15:15:00,6729.1
2019-04-25 15:30:00,6706.4
2019-04-25 15:45:00,6702.0
2019-04-25 16:00:00,6694.3
2019-04-25 16:15:00,6692.7
2019-04-25 16:30:00,6697.8
2019-04-25 16:45:00,6695.2
2019-04-25 17:00:00,6657.7
2019-04-25 17:15:00,6638.5
2019-04-25 17:30:00,6639.4
2019-04-25 17:45:00,6647.1
2019-04-25 18:00:00,6638.3
2019-04-25 18:15:00,6636.6
2019-04-25 18:30:00,6621.6
2019-04-25 18:45:00,6611.7
2019-04-25 19:00:00,6570.9
2019-04-25 19:15:00,6544.5
2019-04-25 19:30:00,6563.0
2019-04-25 19:45:00,6572.7
2019-04-25 20:00:00,6555.9
2019-04-25 20:15:00,6533.0
2019-04-25 20:30:00,6476.4
2019-04-25 20:45:00,6413.2
2019-04-25 21:00:00,6364.5
2019-04-25 21:15:00,6317.0
2019-04-25 21:30:00,6252.2
2019-04-25 21:45:00,6193.6
2019-04-25 22:00:00,6124.0
2019-04-25 22:15:00,6085.9
2019-04-25 22:30:00,6042.5
2019-04-25 22:45:00,5991.6
2019-04-25 23:00:00,5948.5
2019-04-25 23:15:00,5928.0
2019-04-25 23:30:00,5884.1
2019-04-25 23:45:00,5855.1
2019-04-26 00:00:00,5791.2
2019-04-26 00:15:00,5766.7
2019-04-26 00:30:00,5734.4
2019-04-26 00:45:00,5707.9
2019-04-26 01:00:00,5671.8
2019-04-26 01:15:00,5654.8
2019-04-26 01:30:00,5651.5
2019-04-26 01:45:00,5653.7
2019-04-26 02:00:00,5662.1
2019-04-26 02:15:00,5655.3
2019-04-26 02:30:00,5662.6
2019-04-26 02:45:00,5673.3
2019-04-26 03:00:00,5712.1
2019-04-26 03:15:00,5749.6
2019-04-26 03:30:00,5778.6
2019-04-26 03:45:00,5793.4
2019-04-26 04:00:00,5871.1
2019-04-26 04:15:00,5925.8
2019-04-26 04:30:00,5976.9
2019-04-26 04:45:00,6052.6
2019-04-26 05:00:00,6211.5
2019-04-26 05:15:00,6304.0
2019-04-26 05:30:00,6374.4
2019-04-26 05:45:00,6443.4
2019-04-26 06:00:00,6540.3
2019-04-26 06:15:00,6618.9
2019-04-26 06:30:00,6682.4
2019-04-26 06:45:00,6728.9
2019-04-26 07:00:00,6782.4
2019-04-26 07:15:00,6840.5
2019-04-26 07:30:00,6863.4
2019-04-26 07:45:00,6885.0
2019-04-26 08:00:00,6868.1
2019-04-26 08:15:00,6894.3
2019-04-26 08:30:00,6947.1
2019-04-26 08:45:00,6972.5
2019-04-26 09:00:00,6978.6
2019-04-26 09:15:00,6997.1
2019-04-26 09:30:00,7012.3
2019-04-26 09:45:00,7017.0
2019-04-26 10:00:00,7032.8
2019-04-26 10:15:00,7033.0
2019-04-26 10:30:00,7058.4
2019-04-26 10:45:00,7061.0
2019-04-26 11:00:00,7021.6
2019-04-26 11:15:00,6987.9
2019-04-26 11:30:00,6992.1
2019-04-26 11:45:00,6966.3
2019-04-26 12:00:00,6932.8
2019-04-26 12:15:00,6905.3
2019-04-26 12:30:00,6878.9
2019-04-26 12:45:00,6840.7
2019-04-26 13:00:00,6822.7
2019-04-26 13:15:00,6823.6
2019-04-26 13:30:00,6786.6
2019-04-26 13:45:00,6751.3
2019-04-26 14:00:00,6726.7
2019-04-26 14:15:00,6690.7
2019-04-26 14:30:00,6673.3
2019-04-26 14:45:00,6639.4
2019-04-26 15:00:00,6635.9
2019-04-26 15:15:00,6610.6
2019-04-26 15:30:00,6594.1
2019-04-26 15:45:00,6594.9
2019-04-26 16:00:00,6611.7
2019-04-26 16:15:00,6605.5
2019-04-26 16:30:00,6622.9
2019-04-26 16:45:00,6616.1
2019-04-26 17:00:00,6620.5
2019-04-26 17:15:00,6625.6
2019-04-26 17:30:00,6634.6
2019-04-26 17:45:00,6618.9
2019-04-26 18:00:00,6602.6
2019-04-26 18:15:00,6586.1
2019-04-26 18:30:00,6575.3
2019-04-26 18:45:00,6547.8
2019-04-26 19:00:00,6505.3
2019-04-26 19:15:00,6482.4
2019-04-26 19:30:00,6471.6
2019-04-26 19:45:00,6467.4
2019-04-26 20:00:00,6444.7
2019-04-26 20:15:00,6383.3
2019-04-26 20:30:00,6333.3
2019-04-26 20:45:00,6292.7
2019-04-26 21:00:00,6267.8
2019-04-26 21:15:00,6214.1
2019-04-26 21:30:00,6154.4
2019-04-26 21:45:00,6117.8
2019-04-26 22:00:00,6054.0
2019-04-26 22:15:00,6006.8
2019-04-26 22:30:00,5944.5
2019-04-26 22:45:00,5910.4
2019-04-26 23:00:00,5810.4
2019-04-26 23:15:00,5755.1
2019-04-26 23:30:00,5715.0
2019-04-26 23:45:00,5687.9
2019-04-27 00:00:00,5654.0
2019-04-27 00:15:00,5642.3
2019-04-27 00:30:00,5617.4
2019-04-27 00:45:00,5605.5
2019-04-27 01:00:00,5592.1
2019-04-27 01:15:00,5588.1
2019-04-27 01:30:00,5592.3
2019-04-27 01:45:00,5587.4
2019-04-27 02:00:00,5598.0
2019-04-27 02:15:00,5595.8
2019-04-27 02:30:00,5584.8
2019-04-27 02:45:00,5604.4
2019-04-27 03:00:00,5611.7
2019-04-27 03:15:00,5624.7
2019-04-27 03:30:00,5630.4
2019-04-27 03:45:00,5633.9
2019-04-27 04:00:00,5648.2
2019-04-27 04:15:00,5641.9
2019-04-27 04:30:00,5637.7
2019-04-27 04:45:00,5638.3
2019-04-27 05:00:00,5646.0
2019-04-27 05:15:00,5653.7
2019-04-27 05:30:00,5681.1
2019-04-27 05:45:00,5717.8
2019-04-27 06:00:00,5770.0
2019-04-27 06:15:00,5809.7
2019-04-27 06:30:00,5880.2
2019-04-27 06:45:00,5933.5
2019-04-27 07:00:00,6009.0
2019-04-27 07:15:00,6050.0
2019-04-27 07:30:00,6096.0
2019-04-27 07:45:00,6136.6
2019-04-27 08:00:00,6171.6
2019-04-27 08:15:00,6204.2
2019-04-27 08:30:00,6253.5
2019-04-27 08:45:00,6286.8
2019-04-27 09:00:00,6317.2
2019-04-27 09:15:00,6329.5
2019-04-27 09:30:00,6345.4
2019-04-27 09:45:00,6371.6
2019-04-27 10:00:00,6370.5
2019-04-27 10:15:00,6374.9
2019-04-27 10:30:00,6375.3
2019-04-27 10:45:00,6369.6
2019-04-27 11:00:00,6344.3
2019-04-27 11:15:00,6330.6
2019-04-27 11:30:00,6324.7
2019-04-27 11:45:00,6306.8
2019-04-27 12:00:00,6287.9
2019-04-27 12:15:00,6259.3
2019-04-27 12:30:00,6219.2
2019-04-27 12:45:00,6180.0
2019-04-27 13:00:00,6154.2
2019-04-27 13:15:00,6119.2
2019-04-27 13:30:00,6092.3
2019-04-27 13:45:00,6086.6
2019-04-27 14:00:00,6088.3
2019-04-27 14:15:00,6085.7
2019-04-27 14:30:00,6089.2
2019-04-27 14:45:00,6079.7
2019-04-27 15:00:00,6088.3
2019-04-27 15:15:00,6066.3
2019-04-27 15:30:00,6063.2
2019-04-27 15:45:00,6055.7
2019-04-27 16:00:00,6061.7
2019-04-27 16:15:00,6090.5
2019-04-27 16:30:00,6122.9
2019-04-27 16:45:00,6127.8
2019-04-27 17:00:00,6152.9
2019-04-27 17:15:00,6147.8
2019-04-27 17:30:00,6163.9
2019-04-27 17:45:00,6155.1
2019-04-27 18:00:00,6142.5
2019-04-27 18:15:00,6106.8
2019-04-27 18:30:00,6094.1
2019-04-27 18:45:00,6080.8
2019-04-27 19:00:00,6066.5
2019-04-27 19:15:00,6045.2
2019-04-27 19:30:00,6050.4
2019-04-27 19:45:00,6045.8
2019-04-27 20:00:00,6039.9
2019-04-27 20:15:00,6003.5
2019-04-27 20:30:00,5978.9
2019-04-27 20:45:00,5936.3
2019-04-27 21:00:00,5922.7
2019-04-27 21:15:00,5892.7
2019-04-27 21:30:00,5853.5
2019-04-27 21:45:00,5795.8
2019-04-27 22:00:00,5716.5
2019-04-27 22:15:00,5664.8
2019-04-27 22:30:00,5611.2
2019-04-27 22:45:00,5569.4
2019-04-27 23:00:00,5555.3
2019-04-27 23:15:00,5522.9
2019-04-27 23:30:00,5491.6
2019-04-27 23:45:00,5476.4
2019-04-28 00:00:00,5449.8
2019-04-28 00:15:00,5429.7
2019-04-28 00:30:00,5406.6
2019-04-28 00:45:00,5406.4
2019-04-28 01:00:00,5389.2
2019-04-28 01:15:00,5375.8
2019-04-28 01:30:00,5364.3
2019-04-28 01:45:00,5355.9
2019-04-28 02:00:00,5352.0
2019-04-28 02:15:00,5358.1
2019-04-28 02:30:00,5362.8
2019-04-28 02:45:00,5360.4
2019-04-28 03:00:00,5373.3
2019-04-28 03:15:00,5368.9
2019-04-28 03:30:00,5370.3
2019-04-28 03:45:00,5367.2
2019-04-28 04:00:00,5380.6
2019-04-28 04:15:00,5385.9
2019-04-28 04:30:00,5384.1
2019-04-28 04:45:00,5368.7
2019-04-28 05:00:00,5371.1
2019-04-28 05:15:00,5359.5
2019-04-28 05:30:00,5380.2
2019-04-28 05:45:00,5398.2
2019-04-28 06:00:00,5438.1
2019-04-28 06:15:00,5465.4
2019-04-28 06:30:00,5501.8
2019-04-28 06:45:00,5535.9
2019-04-28 07:00:00,5565.9
2019-04-28 07:15:00,5626.9
2019-04-28 07:30:00,5660.6
2019-04-28 07:45:00,5708.4
2019-04-28 08:00:00,5757.5
2019-04-28 08:15:00,5807.7
2019-04-28 08:30:00,5853.3
2019-04-28 08:45:00,5891.2
2019-04-28 09:00:00,5926.0
2019-04-28 09:15:00,5935.7
2019-04-28 09:30:00,5979.7
2019-04-28 09:45:00,6002.6
2019-04-28 10:00:00,6038.3
2019-04-28 10:15:00,6091.9
2019-04-28 10:30:00,6103.5
2019-04-28 10:45:00,6102.0
2019-04-28 11:00:00,6096.5
2019-04-28 11:15:00,6090.5
2019-04-28 11:30:00,6078.9
2019-04-28 11:45:00,6059.5
2019-04-28 12:00:00,6037.2
2019-04-28 12:15:00,5991.6
2019-04-28 12:30:00,5968.9
2019-04-28 12:45:00,5936.6
2019-04-28 13:00:00,5945.4
2019-04-28 13:15:00,5933.9
2019-04-28 13:30:00,5915.0
2019-04-28 13:45:00,5898.2
2019-04-28 14:00:00,5891.9
2019-04-28 14:15:00,5862.1
2019-04-28 14:30:00,5824.9
2019-04-28 14:45:00,5805.5
2019-04-28 15:00:00,5823.8
2019-04-28 15:15:00,5811.7
2019-04-28 15:30:00,5811.2
2019-04-28 15:45:00,5819.6
2019-04-28 16:00:00,5863.0
2019-04-28 16:15:00,5884.1
2019-04-28 16:30:00,5915.4
2019-04-28 16:45:00,5920.0
2019-04-28 17:00:00,5959.5
2019-04-28 17:15:00,5965.6
2019-04-28 17:30:00,5978.6
2019-04-28 17:45:00,5983.7
2019-04-28 18:00:00,6024.0
2019-04-28 18:15:00,6006.6
2019-04-28 18:30:00,6004.8
2019-04-28 18:45:00,5988.5
2019-04-28 19:00:00,6017.2
2019-04-28 19:15:00,6004.8
2019-04-28 19:30:00,5992.7
2019-04-28 19:45:00,6010.1
2019-04-28 20:00:00,6046.0
2019-04-28 20:15:00,6055.3
2019-04-28 20:30:00,6030.6
2019-04-28 20:45:00,6033.5
2019-04-28 21:00:00,6039.9
2019-04-28 21:15:00,6018.7
2019-04-28 21:30:00,5974.2
2019-04-28 21:45:00,5922.5
2019-04-28 22:00:00,5863.2
2019-04-28 22:15:00,5822.2
2019-04-28 22:30:00,5779.3
2019-04-28 22:45:00,5742.5
2019-04-28 23:00:00,5699.6
2019-04-28 23:15:00,5681.9
2019-04-28 23:30:00,5655.9
2019-04-28 23:45:00,5634.6
2019-04-29 00:00:00,5599.1
2019-04-29 00:15:00,5598.5
2019-04-29 00:30:00,5601.3
2019-04-29 00:45:00,5582.6
2019-04-29 01:00:00,5563.2
2019-04-29 01:15:00,5572.2
2019-04-29 01:30:00,5584.6
2019-04-29 01:45:00,5581.1
2019-04-29 02:00:00,5594.7
2019-04-29 02:15:00,5616.3
2019-04-29 02:30:00,5621.6
2019-04-29 02:45:00,5628.2
2019-04-29 03:00:00,5648.7
2019-04-29 03:15:00,5680.6
2019-04-29 03:30:00,5731.5
2019-04-29 03:45:00,5772.5
2019-04-29 04:00:00,5854.4
2019-04-29 04:15:00,5910.8
2019-04-29 04:30:00,5990.3
2019-04-29 04:45:00,6064.3
2019-04-29 05:00:00,6216.3
2019-04-29 05:15:00,6329.7
2019-04-29 05:30:00,6416.3
2019-04-29 05:45:00,6496.5
2019-04-29 06:00:00,6591.9
2019-04-29 06:15:00,6665.6
2019-04-29 06:30:00,6703.5
2019-04-29 06:45:00,6742.7
2019-04-29 07:00:00,6779.5
2019-04-29 07:15:00,6813.4
2019-04-29 07:30:00,6834.1
2019-04-29 07:45:00,6839.0
2019-04-29 08:00:00,6826.9
2019-04-29 08:15:00,6838.8
2019-04-29 08:30:00,6860.6
2019-04-29 08:45:00,6876.2
2019-04-29 09:00:00,6891.0
2019-04-29 09:15:00,6898.7
2019-04-29 09:30:00,6905.7
2019-04-29 09:45:00,6920.7
2019-04-29 10:00:00,6937.0
2019-04-29 10:15:00,6961.0
2019-04-29 10:30:00,6992.3
2019-04-29 10:45:00,7004.4
2019-04-29 11:00:00,6963.7
2019-04-29 11:15:00,6942.5
2019-04-29 11:30:00,6935.5
2019-04-29 11:45:00,6929.7
2019-04-29 12:00:00,6967.8
2019-04-29 12:15:00,6960.8
2019-04-29 12:30:00,6931.7
2019-04-29 12:45:00,6895.6
2019-04-29 13:00:00,6886.1
2019-04-29 13:15:00,6877.8
2019-04-29 13:30:00,6871.6
2019-04-29 13:45:00,6861.0
2019-04-29 14:00:00,6881.1
2019-04-29 14:15:00,6866.3
2019-04-29 14:30:00,6831.1
2019-04-29 14:45:00,6820.3
2019-04-29 15:00:00,6813.0
2019-04-29 15:15:00,6794.9
2019-04-29 15:30:00,6787.9
2019-04-29 15:45:00,6768.1
2019-04-29 16:00:00,6763.2
2019-04-29 16:15:00,6784.4
2019-04-29 16:30:00,6779.1
2019-04-29 16:45:00,6784.4
2019-04-29 17:00:00,6772.0
2019-04-29 17:15:00,6756.4
2019-04-29 17:30:00,6761.2
2019-04-29 17:45:00,6769.2
2019-04-29 18:00:00,6754.6
2019-04-29 18:15:00,6736.6
2019-04-29 18:30:00,6726.0
2019-04-29 18:45:00,6714.5
2019-04-29 19:00:00,6693.4
2019-04-29 19:15:00,6657.7
2019-04-29 19:30:00,6622.5
2019-04-29 19:45:00,6592.3
2019-04-29 20:00:00,6574.0
2019-04-29 20:15:00,6552.0
2019-04-29 20:30:00,6503.7
2019-04-29 20:45:00,6439.4
2019-04-29 21:00:00,6395.8
2019-04-29 21:15:00,6345.4
2019-04-29 21:30:00,6281.9
2019-04-29 21:45:00,6203.5
2019-04-29 22:00:00,6128.6
2019-04-29 22:15:00,6076.0
2019-04-29 22:30:00,6029.3
2019-04-29 22:45:00,5977.8
2019-04-29 23:00:00,5909.5
2019-04-29 23:15:00,5872.7
2019-04-29 23:30:00,5849.8
2019-04-29 23:45:00,5820.5
2019-04-30 00:00:00,5810.4
2019-04-30 00:15:00,5787.9
2019-04-30 00:30:00,5788.5
2019-04-30 00:45:00,5767.4
2019-04-30 01:00:00,5737.2
2019-04-30 01:15:00,5734.6
2019-04-30 01:30:00,5742.5
2019-04-30 01:45:00,5741.0
2019-04-30 02:00:00,5748.2
2019-04-30 02:15:00,5761.2
2019-04-30 02:30:00,5762.3
2019-04-30 02:45:00,5779.3
2019-04-30 03:00:00,5808.4
2019-04-30 03:15:00,5841.4
2019-04-30 03:30:00,5860.6
2019-04-30 03:45:00,5893.2
2019-04-30 04:00:00,5970.3
2019-04-30 04:15:00,6020.5
2019-04-30 04:30:00,6063.9
2019-04-30 04:45:00,6124.0
2019-04-30 05:00:00,6271.1
2019-04-30 05:15:00,6396.3
2019-04-30 05:30:00,6492.5
2019-04-30 05:45:00,6563.7
2019-04-30 06:00:00,6650.0
2019-04-30 06:15:00,6707.0
2019-04-30 06:30:00,6748.2
2019-04-30 06:45:00,6785.7
2019-04-30 07:00:00,6843.6
2019-04-30 07:15:00,6868.7
2019-04-30 07:30:00,6881.1
2019-04-30 07:45:00,6889.4
2019-04-30 08:00:00,6864.3
2019-04-30 08:15:00,6877.1
2019-04-30 08:30:00,6901.8
2019-04-30 08:45:00,6918.7
2019-04-30 09:00:00,6894.5
2019-04-30 09:15:00,6893.0
2019-04-30 09:30:00,6891.4
2019-04-30 09:45:00,6904.6
2019-04-30 10:00:00,6888.1
2019-04-30 10:15:00,6906.4
2019-04-30 10:30:00,6922.9
2019-04-30 10:45:00,6931.5
2019-04-30 11:00:00,6891.2
2019-04-30 11:15:00,6879.7
2019-04-30 11:30:00,6880.6
2019-04-30 11:45:00,6881.5
2019-04-30 12:00:00,6867.4
2019-04-30 12:15:00,6856.6
2019-04-30 12:30:00,6842.7
2019-04-30 12:45:00,6804.2
2019-04-30 13:00:00,6777.1
2019-04-30 13:15:00,6772.2
2019-04-30 13:30:00,6756.6
2019-04-30 13:45:00,6731.1
2019-04-30 14:00:00,6736.8
2019-04-30 14:15:00,6711.7
2019-04-30 14:30:00,6672.9
2019-04-30 14:45:00,6641.0
2019-04-30 15:00:00,6630.2
2019-04-30 15:15:00,6603.3
2019-04-30 15:30:00,6579.7
2019-04-30 15:45:00,6571.1
2019-04-30 16:00:00,6559.7
2019-04-30 16:15:00,6550.0
2019-04-30 16:30:00,6547.1
2019-04-30 16:45:00,6556.8
2019-04-30 17:00:00,6561.0
2019-04-30 17:15:00,6521.6
2019-04-30 17:30:00,6521.8
2019-04-30 17:45:00,6530.0
2019-04-30 18:00:00,6546.0
2019-04-30 18:15:00,6528.9
2019-04-30 18:30:00,6508.1
2019-04-30 18:45:00,6498.7
2019-04-30 19:00:00,6468.5
2019-04-30 19:15:00,6439.0
2019-04-30 19:30:00,6434.4
2019-04-30 19:45:00,6428.2
2019-04-30 20:00:00,6425.1
2019-04-30 20:15:00,6402.2
2019-04-30 20:30:00,6347.4
2019-04-30 20:45:00,6264.8
2019-04-30 21:00:00,6219.4
2019-04-30 21:15:00,6176.7
2019-04-30 21:30:00,6115.9
2019-04-30 21:45:00,6062.8
2019-04-30 22:00:00,5980.4
2019-04-30 22:15:00,5942.7
2019-04-30 22:30:00,5891.6
2019-04-30 22:45:00,5857.3
2019-04-30 23:00:00,5770.5
2019-04-30 23:15:00,5752.9
2019-04-30 23:30:00,5719.8
2019-04-30 23:45:00,5684.6
2019-05-01 00:00:00,5643.8
2019-05-01 00:15:00,5627.8
2019-05-01 00:30:00,5610.4
2019-05-01 00:45:00,5587.9
2019-05-01 01:00:00,5538.5
2019-05-01 01:15:00,5518.9
2019-05-01 01:30:00,5507.3
2019-05-01 01:45:00,5499.6
2019-05-01 02:00:00,5506.2
2019-05-01 02:15:00,5494.7
2019-05-01 02:30:00,5481.9
2019-05-01 02:45:00,5476.9
2019-05-01 03:00:00,5478.6
2019-05-01 03:15:00,5478.4
2019-05-01 03:30:00,5481.5
2019-05-01 03:45:00,5481.1
2019-05-01 04:00:00,5487.7
2019-05-01 04:15:00,5467.0
2019-05-01 04:30:00,5441.4
2019-05-01 04:45:00,5401.5
2019-05-01 05:00:00,5376.2
2019-05-01 05:15:00,5367.2
2019-05-01 05:30:00,5385.9
2019-05-01 05:45:00,5414.1
2019-05-01 06:00:00,5446.0
2019-05-01 06:15:00,5483.3
2019-05-01 06:30:00,5527.5
2019-05-01 06:45:00,5578.2
2019-05-01 07:00:00,5636.3
2019-05-01 07:15:00,5678.4
2019-05-01 07:30:00,5722.0
2019-05-01 07:45:00,5769.2
2019-05-01 08:00:00,5807.3
2019-05-01 08:15:00,5849.6
2019-05-01 08:30:00,5881.1
2019-05-01 08:45:00,5912.8
2019-05-01 09:00:00,5940.3
2019-05-01 09:15:00,5969.2
2019-05-01 09:30:00,6009.0
2019-05-01 09:45:00,6026.4
2019-05-01 10:00:00,6031.7
2019-05-01 10:15:00,6060.8
2019-05-01 10:30:00,6076.4
2019-05-01 10:45:00,6081.5
2019-05-01 11:00:00,6034.6
2019-05-01 11:15:00,6024.4
2019-05-01 11:30:00,6001.3
2019-05-01 11:45:00,5980.0
2019-05-01 12:00:00,5945.4
2019-05-01 12:15:00,5904.6
2019-05-01 12:30:00,5882.8
2019-05-01 12:45:00,5863.0
2019-05-01 13:00:00,5831.3
2019-05-01 13:15:00,5817.6
2019-05-01 13:30:00,5810.1
2019-05-01 13:45:00,5792.7
2019-05-01 14:00:00,5805.9
2019-05-01 14:15:00,5791.4
2019-05-01 14:30:00,5807.7
2019-05-01 14:45:00,5789.0
2019-05-01 15:00:00,5786.1
2019-05-01 15:15:00,5766.1
2019-05-01 15:30:00,5755.3
2019-05-01 15:45:00,5756.8
2019-05-01 16:00:00,5774.0
2019-05-01 16:15:00,5792.3
2019-05-01 16:30:00,5793.4
2019-05-01 16:45:00,5800.9
2019-05-01 17:00:00,5844.5
2019-05-01 17:15:00,5866.1
2019-05-01 17:30:00,5867.6
2019-05-01 17:45:00,5880.2
2019-05-01 18:00:00,5918.5
2019-05-01 18:15:00,5907.3
2019-05-01 18:30:00,5913.9
2019-05-01 18:45:00,5910.4
2019-05-01 19:00:00,5914.3
2019-05-01 19:15:00,5906.2
2019-05-01 19:30:00,5902.6
2019-05-01 19:45:00,5911.9
2019-05-01 20:00:00,5925.8
2019-05-01 20:15:00,5926.9
2019-05-01 20:30:00,5912.8
2019-05-01 20:45:00,5898.7
2019-05-01 21:00:00,5928.2
2019-05-01 21:15:00,5897.6
2019-05-01 21:30:00,5844.9
2019-05-01 21:45:00,5793.0
2019-05-01 22:00:00,5730.0
2019-05-01 22:15:00,5677.1
2019-05-01 22:30:00,5629.5
2019-05-01 22:45:00,5595.4
2019-05-01 23:00:00,5558.1
2019-05-01 23:15:00,5533.7
2019-05-01 23:30:00,5510.6
2019-05-01 23:45:00,5495.2
2019-05-02 00:00:00,5477.5
2019-05-02 00:15:00,5469.4
2019-05-02 00:30:00,5466.5
2019-05-02 00:45:00,5459.5
2019-05-02 01:00:00,5454.8
2019-05-02 01:15:00,5463.7
2019-05-02 01:30:00,5462.6
2019-05-02 01:45:00,5468.3
2019-05-02 02:00:00,5480.4
2019-05-02 02:15:00,5484.4
2019-05-02 02:30:00,5501.8
2019-05-02 02:45:00,5525.1
2019-05-02 03:00:00,5567.8
2019-05-02 03:15:00,5588.8
2019-05-02 03:30:00,5613.0
2019-05-02 03:45:00,5657.3
2019-05-02 04:00:00,5741.0
2019-05-02 04:15:00,5800.2
2019-05-02 04:30:00,5865.0
2019-05-02 04:45:00,5958.8
2019-05-02 05:00:00,6133.3
2019-05-02 05:15:00,6256.2
2019-05-02 05:30:00,6354.0
2019-05-02 05:45:00,6448.5
2019-05-02 06:00:00,6544.3
2019-05-02 06:15:00,6605.1
2019-05-02 06:30:00,6659.3
2019-05-02 06:45:00,6716.5
2019-05-02 07:00:00,6741.0
2019-05-02 07:15:00,6776.9
2019-05-02 07:30:00,6795.2
2019-05-02 07:45:00,6816.1
2019-05-02 08:00:00,6802.0
2019-05-02 08:15:00,6819.6
2019-05-02 08:30:00,6849.3
2019-05-02 08:45:00,6863.9
2019-05-02 09:00:00,6879.5
2019-05-02 09:15:00,6889.6
2019-05-02 09:30:00,6905.9
2019-05-02 09:45:00,6917.4
2019-05-02 10:00:00,6930.0
2019-05-02 10:15:00,6932.2
2019-05-02 10:30:00,6949.3
2019-05-02 10:45:00,6958.8
2019-05-02 11:00:00,6918.9
2019-05-02 11:15:00,6907.0
2019-05-02 11:30:00,6907.0
2019-05-02 11:45:00,6901.3
2019-05-02 12:00:00,6887.2
2019-05-02 12:15:00,6886.8
2019-05-02 12:30:00,6863.4
2019-05-02 12:45:00,6846.3
2019-05-02 13:00:00,6837.0
2019-05-02 13:15:00,6826.7
2019-05-02 13:30:00,6812.3
2019-05-02 13:45:00,6796.5
2019-05-02 14:00:00,6841.6
2019-05-02 14:15:00,6824.4
2019-05-02 14:30:00,6813.4
2019-05-02 14:45:00,6792.7
2019-05-02 15:00:00,6800.0
2019-05-02 15:15:00,6789.9
2019-05-02 15:30:00,6767.6
2019-05-02 15:45:00,6751.8
2019-05-02 16:00:00,6755.3
2019-05-02 16:15:00,6765.6
2019-05-02 16:30:00,6770.9
2019-05-02 16:45:00,6771.1
2019-05-02 17:00:00,6769.4
2019-05-02 17:15:00,6751.1
2019-05-02 17:30:00,6747.6
2019-05-02 17:45:00,6747.1
2019-05-02 18:00:00,6754.0
2019-05-02 18:15:00,6717.4
2019-05-02 18:30:00,6689.2
2019-05-02 18:45:00,6691.2
2019-05-02 19:00:00,6662.8
2019-05-02 19:15:00,6628.4
2019-05-02 19:30:00,6598.0
2019-05-02 19:45:00,6580.6
2019-05-02 20:00:00,6572.7
2019-05-02 20:15:00,6560.4
2019-05-02 20:30:00,6509.3
2019-05-02 20:45:00,6463.2
2019-05-02 21:00:00,6418.7
2019-05-02 21:15:00,6359.7
2019-05-02 21:30:00,6294.7
2019-05-02 21:45:00,6228.6
2019-05-02 22:00:00,6180.0
2019-05-02 22:15:00,6120.3
2019-05-02 22:30:00,6068.7
2019-05-02 22:45:00,6034.1
2019-05-02 23:00:00,5941.4
2019-05-02 23:15:00,5908.6
2019-05-02 23:30:00,5896.5
2019-05-02 23:45:00,5868.1
2019-05-03 00:00:00,5839.4
2019-05-03 00:15:00,5809.7
2019-05-03 00:30:00,5795.4
2019-05-03 00:45:00,5793.4
2019-05-03 01:00:00,5752.6
2019-05-03 01:15:00,5741.6
2019-05-03 01:30:00,5729.5
2019-05-03 01:45:00,5729.7
2019-05-03 02:00:00,5743.6
2019-05-03 02:15:00,5750.9
2019-05-03 02:30:00,5758.8
2019-05-03 02:45:00,5768.3
2019-05-03 03:00:00,5774.2
2019-05-03 03:15:00,5811.5
2019-05-03 03:30:00,5848.7
2019-05-03 03:45:00,5889.2
2019-05-03 04:00:00,5978.6
2019-05-03 04:15:00,6022.5
2019-05-03 04:30:00,6066.3
2019-05-03 04:45:00,6143.6
2019-05-03 05:00:00,6286.6
2019-05-03 05:15:00,6392.1
2019-05-03 05:30:00,6461.0
2019-05-03 05:45:00,6544.7
2019-05-03 06:00:00,6614.1
2019-05-03 06:15:00,6663.4
2019-05-03 06:30:00,6720.0
2019-05-03 06:45:00,6755.9
2019-05-03 07:00:00,6803.7
2019-05-03 07:15:00,6829.5
2019-05-03 07:30:00,6864.1
2019-05-03 07:45:00,6883.0
2019-05-03 08:00:00,6882.6
2019-05-03 08:15:00,6908.4
2019-05-03 08:30:00,6936.8
2019-05-03 08:45:00,6943.8
2019-05-03 09:00:00,6938.3
2019-05-03 09:15:00,6943.8
2019-05-03 09:30:00,6955.1
2019-05-03 09:45:00,6991.0
2019-05-03 10:00:00,6994.5
2019-05-03 10:15:00,7001.8
2019-05-03 10:30:00,6999.3
2019-05-03 10:45:00,6981.3
2019-05-03 11:00:00,6944.5
2019-05-03 11:15:00,6935.0
2019-05-03 11:30:00,6924.2
2019-05-03 11:45:00,6914.3
2019-05-03 12:00:00,6898.9
2019-05-03 12:15:00,6880.0
2019-05-03 12:30:00,6853.5
2019-05-03 12:45:00,6841.2
2019-05-03 13:00:00,6822.5
2019-05-03 13:15:00,6802.2
2019-05-03 13:30:00,6786.8
2019-05-03 13:45:00,6784.4
2019-05-03 14:00:00,6787.2
2019-05-03 14:15:00,6784.1
2019-05-03 14:30:00,6756.8
2019-05-03 14:45:00,6731.9
2019-05-03 15:00:00,6717.4
2019-05-03 15:15:00,6708.8
2019-05-03 15:30:00,6685.5
2019-05-03 15:45:00,6676.9
2019-05-03 16:00:00,6666.7
2019-05-03 16:15:00,6682.6
2019-05-03 16:30:00,6679.3
2019-05-03 16:45:00,6670.5
2019-05-03 17:00:00,6654.0
2019-05-03 17:15:00,6630.8
2019-05-03 17:30:00,6639.6
2019-05-03 17:45:00,6643.6
2019-05-03 18:00:00,6644.7
2019-05-03 18:15:00,6631.3
2019-05-03 18:30:00,6607.0
2019-05-03 18:45:00,6585.7
2019-05-03 19:00:00,6572.9
2019-05-03 19:15:00,6527.5
2019-05-03 19:30:00,6507.5
2019-05-03 19:45:00,6480.0
2019-05-03 20:00:00,6498.7
2019-05-03 20:15:00,6476.7
2019-05-03 20:30:00,6424.0
2019-05-03 20:45:00,6369.6
2019-05-03 21:00:00,6344.9
2019-05-03 21:15:00,6292.5
2019-05-03 21:30:00,6236.3
2019-05-03 21:45:00,6189.0
2019-05-03 22:00:00,6134.4
2019-05-03 22:15:00,6072.0
2019-05-03 22:30:00,6022.2
2019-05-03 22:45:00,5969.2
2019-05-03 23:00:00,5903.7
2019-05-03 23:15:00,5847.4
2019-05-03 23:30:00,5814.3
2019-05-03 23:45:00,5795.4
2019-05-04 00:00:00,5762.8
2019-05-04 00:15:00,5730.6
2019-05-04 00:30:00,5708.6
2019-05-04 00:45:00,5707.0
2019-05-04 01:00:00,5686.8
2019-05-04 01:15:00,5671.4
2019-05-04 01:30:00,5656.6
2019-05-04 01:45:00,5658.1
2019-05-04 02:00:00,5644.1
2019-05-04 02:15:00,5646.9
2019-05-04 02:30:00,5653.1
2019-05-04 02:45:00,5649.6
2019-05-04 03:00:00,5669.4
2019-05-04 03:15:00,5680.6
2019-05-04 03:30:00,5689.2
2019-05-04 03:45:00,5706.6
2019-05-04 04:00:00,5712.8
2019-05-04 04:15:00,5712.1
2019-05-04 04:30:00,5699.6
2019-05-04 04:45:00,5682.6
2019-05-04 05:00:00,5720.3
2019-05-04 05:15:00,5739.0
2019-05-04 05:30:00,5771.1
2019-05-04 05:45:00,5795.8
2019-05-04 06:00:00,5855.9
2019-05-04 06:15:00,5887.9
2019-05-04 06:30:00,5935.5
2019-05-04 06:45:00,6001.3
2019-05-04 07:00:00,6078.2
2019-05-04 07:15:00,6132.8
2019-05-04 07:30:00,6179.7
2019-05-04 07:45:00,6219.8
2019-05-04 08:00:00,6274.0
2019-05-04 08:15:00,6310.8
2019-05-04 08:30:00,6344.9
2019-05-04 08:45:00,6384.4
2019-05-04 09:00:00,6401.5
2019-05-04 09:15:00,6425.3
2019-05-04 09:30:00,6450.2
2019-05-04 09:45:00,6460.1
2019-05-04 10:00:00,6455.9
2019-05-04 10:15:00,6450.7
2019-05-04 10:30:00,6466.1
2019-05-04 10:45:00,6472.0
2019-05-04 11:00:00,6447.8
2019-05-04 11:15:00,6434.6
2019-05-04 11:30:00,6407.7
2019-05-04 11:45:00,6387.7
2019-05-04 12:00:00,6384.8
2019-05-04 12:15:00,6343.2
2019-05-04 12:30:00,6352.0
2019-05-04 12:45:00,6307.3
2019-05-04 13:00:00,6297.6
2019-05-04 13:15:00,6256.2
2019-05-04 13:30:00,6248.5
2019-05-04 13:45:00,6231.9
2019-05-04 14:00:00,6223.6
2019-05-04 14:15:00,6204.2
2019-05-04 14:30:00,6212.8
2019-05-04 14:45:00,6222.0
2019-05-04 15:00:00,6184.6
2019-05-04 15:15:00,6184.1
2019-05-04 15:30:00,6143.0
2019-05-04 15:45:00,6128.2
2019-05-04 16:00:00,6157.5
2019-05-04 16:15:00,6181.1
2019-05-04 16:30:00,6192.1
2019-05-04 16:45:00,6207.3
2019-05-04 17:00:00,6242.5
2019-05-04 17:15:00,6222.5
2019-05-04 17:30:00,6209.9
2019-05-04 17:45:00,6192.5
2019-05-04 18:00:00,6186.3
2019-05-04 18:15:00,6162.3
2019-05-04 18:30:00,6147.6
2019-05-04 18:45:00,6124.7
2019-05-04 19:00:00,6095.2
2019-05-04 19:15:00,6068.1
2019-05-04 19:30:00,6046.0
2019-05-04 19:45:00,6030.8
2019-05-04 20:00:00,6048.0
2019-05-04 20:15:00,6051.8
2019-05-04 20:30:00,6028.2
2019-05-04 20:45:00,6002.0
2019-05-04 21:00:00,6007.3
2019-05-04 21:15:00,5964.8
2019-05-04 21:30:00,5929.5
2019-05-04 21:45:00,5897.8
2019-05-04 22:00:00,5843.6
2019-05-04 22:15:00,5805.3
2019-05-04 22:30:00,5765.9
2019-05-04 22:45:00,5724.2
2019-05-04 23:00:00,5668.1
2019-05-04 23:15:00,5641.0
2019-05-04 23:30:00,5596.5
2019-05-04 23:45:00,5559.0
2019-05-05 00:00:00,5540.5
2019-05-05 00:15:00,5505.9
2019-05-05 00:30:00,5498.2
2019-05-05 00:45:00,5485.2
2019-05-05 01:00:00,5474.2
2019-05-05 01:15:00,5459.3
2019-05-05 01:30:00,5453.3
2019-05-05 01:45:00,5454.0
2019-05-05 02:00:00,5454.2
2019-05-05 02:15:00,5440.7
2019-05-05 02:30:00,5455.9
2019-05-05 02:45:00,5465.2
2019-05-05 03:00:00,5448.2
2019-05-05 03:15:00,5446.3
2019-05-05 03:30:00,5445.8
2019-05-05 03:45:00,5456.8
2019-05-05 04:00:00,5456.6
2019-05-05 04:15:00,5446.9
2019-05-05 04:30:00,5424.0
2019-05-05 04:45:00,5404.4
2019-05-05 05:00:00,5400.0
2019-05-05 05:15:00,5414.3
2019-05-05 05:30:00,5425.1
2019-05-05 05:45:00,5436.3
2019-05-05 06:00:00,5481.5
2019-05-05 06:15:00,5514.1
2019-05-05 06:30:00,5554.4
2019-05-05 06:45:00,5592.7
2019-05-05 07:00:00,5642.1
2019-05-05 07:15:00,5697.4
2019-05-05 07:30:00,5742.7
2019-05-05 07:45:00,5783.7
2019-05-05 08:00:00,5827.3
2019-05-05 08:15:00,5864.5
2019-05-05 08:30:00,5900.2
2019-05-05 08:45:00,5936.6
2019-05-05 09:00:00,5976.0
2019-05-05 09:15:00,6009.3
2019-05-05 09:30:00,6023.1
2019-05-05 09:45:00,6048.0
2019-05-05 10:00:00,6089.0
2019-05-05 10:15:00,6125.1
2019-05-05 10:30:00,6163.0
2019-05-05 10:45:00,6176.9
2019-05-05 11:00:00,6175.8
2019-05-05 11:15:00,6150.7
2019-05-05 11:30:00,6131.5
2019-05-05 11:45:00,6120.0
2019-05-05 12:00:00,6101.8
2019-05-05 12:15:00,6052.2
2019-05-05 12:30:00,6026.9
2019-05-05 12:45:00,5984.1
2019-05-05 13:00:00,5959.9
2019-05-05 13:15:00,5935.7
2019-05-05 13:30:00,5930.0
2019-05-05 13:45:00,5934.1
2019-05-05 14:00:00,5924.7
2019-05-05 14:15:00,5921.8
2019-05-05 14:30:00,5896.5
2019-05-05 14:45:00,5887.0
2019-05-05 15:00:00,5904.0
2019-05-05 15:15:00,5905.7
2019-05-05 15:30:00,5905.1
2019-05-05 15:45:00,5924.0
2019-05-05 16:00:00,5959.5
2019-05-05 16:15:00,5966.3
2019-05-05 16:30:00,5966.7
2019-05-05 16:45:00,6002.6
2019-05-05 17:00:00,6047.4
2019-05-05 17:15:00,6050.9
2019-05-05 17:30:00,6056.8
2019-05-05 17:45:00,6055.9
2019-05-05 18:00:00,6089.9
2019-05-05 18:15:00,6044.5
2019-05-05 18:30:00,6048.9
2019-05-05 18:45:00,6046.9
2019-05-05 19:00:00,6065.0
2019-05-05 19:15:00,6055.3
2019-05-05 19:30:00,6040.3
2019-05-05 19:45:00,6047.4
2019-05-05 20:00:00,6084.1
2019-05-05 20:15:00,6103.3
2019-05-05 20:30:00,6093.0
2019-05-05 20:45:00,6099.1
2019-05-05 21:00:00,6107.9
2019-05-05 21:15:00,6084.1
2019-05-05 21:30:00,6037.2
2019-05-05 21:45:00,6001.3
2019-05-05 22:00:00,5941.9
2019-05-05 22:15:00,5893.8
2019-05-05 22:30:00,5861.2
2019-05-05 22:45:00,5808.6
2019-05-05 23:00:00,5769.8
2019-05-05 23:15:00,5757.3
2019-05-05 23:30:00,5740.3
2019-05-05 23:45:00,5720.9
2019-05-06 00:00:00,5676.0
2019-05-06 00:15:00,5658.6
2019-05-06 00:30:00,5658.8
2019-05-06 00:45:00,5661.9
2019-05-06 01:00:00,5644.5
2019-05-06 01:15:00,5643.8
2019-05-06 01:30:00,5644.1
2019-05-06 01:45:00,5655.3
2019-05-06 02:00:00,5670.3
2019-05-06 02:15:00,5681.3
2019-05-06 02:30:00,5714.8
2019-05-06 02:45:00,5727.1
2019-05-06 03:00:00,5765.6
2019-05-06 03:15:00,5792.3
2019-05-06 03:30:00,5822.9
2019-05-06 03:45:00,5864.8
2019-05-06 04:00:00,5975.1
2019-05-06 04:15:00,6016.5
2019-05-06 04:30:00,6055.9
2019-05-06 04:45:00,6127.5
2019-05-06 05:00:00,6292.3
2019-05-06 05:15:00,6399.1
2019-05-06 05:30:00,6507.9
2019-05-06 05:45:00,6585.2
2019-05-06 06:00:00,6690.3
2019-05-06 06:15:00,6744.1
2019-05-06 06:30:00,6794.5
2019-05-06 06:45:00,6841.0
2019-05-06 07:00:00,6883.3
2019-05-06 07:15:00,6911.2
2019-05-06 07:30:00,6930.0
2019-05-06 07:45:00,6914.3
2019-05-06 08:00:00,6903.1
2019-05-06 08:15:00,6923.8
2019-05-06 08:30:00,6957.9
2019-05-06 08:45:00,6958.1
2019-05-06 09:00:00,6962.8
2019-05-06 09:15:00,6987.2
2019-05-06 09:30:00,7026.7
2019-05-06 09:45:00,7049.8
2019-05-06 10:00:00,7056.4
2019-05-06 10:15:00,7092.7
2019-05-06 10:30:00,7108.8
2019-05-06 10:45:00,7109.3
2019-05-06 11:00:00,7086.6
2019-05-06 11:15:00,7065.6
2019-05-06 11:30:00,7066.1
2019-05-06 11:45:00,7057.7
2019-05-06 12:00:00,7037.4
2019-05-06 12:15:00,7029.5
2019-05-06 12:30:00,7021.1
2019-05-06 12:45:00,6975.1
2019-05-06 13:00:00,6941.4
2019-05-06 13:15:00,6922.7
2019-05-06 13:30:00,6928.0
2019-05-06 13:45:00,6922.2
2019-05-06 14:00:00,6927.8
2019-05-06 14:15:00,6891.0
2019-05-06 14:30:00,6880.8
2019-05-06 14:45:00,6868.1
2019-05-06 15:00:00,6848.9
2019-05-06 15:15:00,6828.6
2019-05-06 15:30:00,6794.7
2019-05-06 15:45:00,6789.0
2019-05-06 16:00:00,6806.4
2019-05-06 16:15:00,6824.7
2019-05-06 16:30:00,6827.3
2019-05-06 16:45:00,6828.6
2019-05-06 17:00:00,6816.1
2019-05-06 17:15:00,6817.6
2019-05-06 17:30:00,6813.9
2019-05-06 17:45:00,6833.5
2019-05-06 18:00:00,6839.2
2019-05-06 18:15:00,6818.3
2019-05-06 18:30:00,6792.5
2019-05-06 18:45:00,6780.0
2019-05-06 19:00:00,6743.8
2019-05-06 19:15:00,6715.9
2019-05-06 19:30:00,6680.8
2019-05-06 19:45:00,6659.5
2019-05-06 20:00:00,6637.2
2019-05-06 20:15:00,6615.2
2019-05-06 20:30:00,6573.6
2019-05-06 20:45:00,6520.7
2019-05-06 21:00:00,6482.8
2019-05-06 21:15:00,6419.4
2019-05-06 21:30:00,6352.4
2019-05-06 21:45:00,6294.1
2019-05-06 22:00:00,6250.7
2019-05-06 22:15:00,6191.4
2019-05-06 22:30:00,6127.3
2019-05-06 22:45:00,6087.9
2019-05-06 23:00:00,6050.2
2019-05-06 23:15:00,6022.7
2019-05-06 23:30:00,5997.6
2019-05-06 23:45:00,5972.9
2019-05-07 00:00:00,5943.8
2019-05-07 00:15:00,5926.2
2019-05-07 00:30:00,5914.5
2019-05-07 00:45:00,5890.7
2019-05-07 01:00:00,5864.1
2019-05-07 01:15:00,5861.7
2019-05-07 01:30:00,5870.0
2019-05-07 01:45:00,5873.8
2019-05-07 02:00:00,5895.4
2019-05-07 02:15:00,5910.6
2019-05-07 02:30:00,5926.0
2019-05-07 02:45:00,5935.0
2019-05-07 03:00:00,5964.5
2019-05-07 03:15:00,5985.5
2019-05-07 03:30:00,6026.2
2019-05-07 03:45:00,6042.3
2019-05-07 04:00:00,6118.5
2019-05-07 04:15:00,6149.3
2019-05-07 04:30:00,6191.2
2019-05-07 04:45:00,6253.5
2019-05-07 05:00:00,6398.0
2019-05-07 05:15:00,6506.8
2019-05-07 05:30:00,6576.9
2019-05-07 05:45:00,6647.4
2019-05-07 06:00:00,6720.9
2019-05-07 06:15:00,6772.0
2019-05-07 06:30:00,6830.0
2019-05-07 06:45:00,6864.1
2019-05-07 07:00:00,6898.0
2019-05-07 07:15:00,6919.6
2019-05-07 07:30:00,6935.7
2019-05-07 07:45:00,6946.0
2019-05-07 08:00:00,6920.0
2019-05-07 08:15:00,6933.9
2019-05-07 08:30:00,6951.8
2019-05-07 08:45:00,6973.8
2019-05-07 09:00:00,6966.1
2019-05-07 09:15:00,6913.2
2019-05-07 09:30:00,6929.5
2019-05-07 09:45:00,7019.6
2019-05-07 10:00:00,7046.3
2019-05-07 10:15:00,7050.9
2019-05-07 10:30:00,7074.0
2019-05-07 10:45:00,7079.5
2019-05-07 11:00:00,7058.8
2019-05-07 11:15:00,7031.1
2019-05-07 11:30:00,7013.4
2019-05-07 11:45:00,7010.8
2019-05-07 12:00:00,7022.2
2019-05-07 12:15:00,6988.8
2019-05-07 12:30:00,6965.4
2019-05-07 12:45:00,6931.7
2019-05-07 13:00:00,6927.3
2019-05-07 13:15:00,6918.5
2019-05-07 13:30:00,6916.5
2019-05-07 13:45:00,6900.4
2019-05-07 14:00:00,6903.7
2019-05-07 14:15:00,6873.3
2019-05-07 14:30:00,6854.0
2019-05-07 14:45:00,6805.1
2019-05-07 15:00:00,6797.6
2019-05-07 15:15:00,6774.9
2019-05-07 15:30:00,6743.8
2019-05-07 15:45:00,6726.9
2019-05-07 16:00:00,6741.4
2019-05-07 16:15:00,6747.4
2019-05-07 16:30:00,6748.9
2019-05-07 16:45:00,6742.7
2019-05-07 17:00:00,6737.7
2019-05-07 17:15:00,6719.4
2019-05-07 17:30:00,6715.9
2019-05-07 17:45:00,6720.9
2019-05-07 18:00:00,6733.9
2019-05-07 18:15:00,6718.3
2019-05-07 18:30:00,6723.8
2019-05-07 18:45:00,6702.9
2019-05-07 19:00:00,6687.4
2019-05-07 19:15:00,6659.0
2019-05-07 19:30:00,6652.9
2019-05-07 19:45:00,6630.4
2019-05-07 20:00:00,6616.3
2019-05-07 20:15:00,6599.6
2019-05-07 20:30:00,6555.5
2019-05-07 20:45:00,6507.0
2019-05-07 21:00:00,6451.5
2019-05-07 21:15:00,6391.9
2019-05-07 21:30:00,6320.9
2019-05-07 21:45:00,6254.6
2019-05-07 22:00:00,6192.7
2019-05-07 22:15:00,6152.4
2019-05-07 22:30:00,6094.3
2019-05-07 22:45:00,6060.4
2019-05-07 23:00:00,5987.7
2019-05-07 23:15:00,5947.8
2019-05-07 23:30:00,5934.4
2019-05-07 23:45:00,5910.4
2019-05-08 00:00:00,5868.5
2019-05-08 00:15:00,5852.0
2019-05-08 00:30:00,5846.9
2019-05-08 00:45:00,5832.2
2019-05-08 01:00:00,5799.6
2019-05-08 01:15:00,5806.8
2019-05-08 01:30:00,5818.7
2019-05-08 01:45:00,5823.1
2019-05-08 02:00:00,5818.9
2019-05-08 02:15:00,5843.0
2019-05-08 02:30:00,5851.3
2019-05-08 02:45:00,5875.1
2019-05-08 03:00:00,5920.7
2019-05-08 03:15:00,5939.4
2019-05-08 03:30:00,5976.9
2019-05-08 03:45:00,6001.1
2019-05-08 04:00:00,6067.0
2019-05-08 04:15:00,6087.0
2019-05-08 04:30:00,6140.1
2019-05-08 04:45:00,6205.3
2019-05-08 05:00:00,6346.0
2019-05-08 05:15:00,6453.7
2019-05-08 05:30:00,6535.7
2019-05-08 05:45:00,6612.6
2019-05-08 06:00:00,6690.7
2019-05-08 06:15:00,6752.2
2019-05-08 06:30:00,6818.1
2019-05-08 06:45:00,6857.3
2019-05-08 07:00:00,6895.2
2019-05-08 07:15:00,6918.5
2019-05-08 07:30:00,6940.1
2019-05-08 07:45:00,6935.9
2019-05-08 08:00:00,6915.9
2019-05-08 08:15:00,6938.5
2019-05-08 08:30:00,6968.3
2019-05-08 08:45:00,6977.3
2019-05-08 09:00:00,6985.5
2019-05-08 09:15:00,6996.0
2019-05-08 09:30:00,7017.0
2019-05-08 09:45:00,7028.0
2019-05-08 10:00:00,7040.3
2019-05-08 10:15:00,7062.6
2019-05-08 10:30:00,7076.7
2019-05-08 10:45:00,7066.7
2019-05-08 11:00:00,7044.1
2019-05-08 11:15:00,7025.8
2019-05-08 11:30:00,7017.2
2019-05-08 11:45:00,7022.0
2019-05-08 12:00:00,7020.9
2019-05-08 12:15:00,7021.1
2019-05-08 12:30:00,7011.9
2019-05-08 12:45:00,6971.6
2019-05-08 13:00:00,6983.7
2019-05-08 13:15:00,7002.2
2019-05-08 13:30:00,7009.3
2019-05-08 13:45:00,7000.4
2019-05-08 14:00:00,7014.3
2019-05-08 14:15:00,7016.5
2019-05-08 14:30:00,6990.1
2019-05-08 14:45:00,6974.2
2019-05-08 15:00:00,6954.4
2019-05-08 15:15:00,6911.9
2019-05-08 15:30:00,6909.9
2019-05-08 15:45:00,6889.2
2019-05-08 16:00:00,6918.3
2019-05-08 16:15:00,6909.0
2019-05-08 16:30:00,6905.1
2019-05-08 16:45:00,6908.1
2019-05-08 17:00:00,6885.0
2019-05-08 17:15:00,6877.3
2019-05-08 17:30:00,6893.4
2019-05-08 17:45:00,6890.1
2019-05-08 18:00:00,6885.2
2019-05-08 18:15:00,6860.1
2019-05-08 18:30:00,6831.9
2019-05-08 18:45:00,6803.7
2019-05-08 19:00:00,6767.6
2019-05-08 19:15:00,6730.6
2019-05-08 19:30:00,6689.4
2019-05-08 19:45:00,6662.3
2019-05-08 20:00:00,6638.5
2019-05-08 20:15:00,6600.9
2019-05-08 20:30:00,6576.7
2019-05-08 20:45:00,6545.2
2019-05-08 21:00:00,6511.5
2019-05-08 21:15:00,6457.3
2019-05-08 21:30:00,6402.9
2019-05-08 21:45:00,6336.6
2019-05-08 22:00:00,6243.8
2019-05-08 22:15:00,6180.2
2019-05-08 22:30:00,6133.0
2019-05-08 22:45:00,6082.4
2019-05-08 23:00:00,6017.2
2019-05-08 23:15:00,5977.8
2019-05-08 23:30:00,5953.3
2019-05-08 23:45:00,5924.2
2019-05-09 00:00:00,5886.3
2019-05-09 00:15:00,5852.6
2019-05-09 00:30:00,5820.5
2019-05-09 00:45:00,5815.6
2019-05-09 01:00:00,5794.5
2019-05-09 01:15:00,5795.4
2019-05-09 01:30:00,5807.0
2019-05-09 01:45:00,5810.4
2019-05-09 02:00:00,5818.7
2019-05-09 02:15:00,5806.4
2019-05-09 02:30:00,5812.1
2019-05-09 02:45:00,5827.8
2019-05-09 03:00:00,5850.7
2019-05-09 03:15:00,5883.5
2019-05-09 03:30:00,5914.5
2019-05-09 03:45:00,5945.4
2019-05-09 04:00:00,6033.7
2019-05-09 04:15:00,6079.3
2019-05-09 04:30:00,6136.6
2019-05-09 04:45:00,6188.1
2019-05-09 05:00:00,6347.4
2019-05-09 05:15:00,6459.5
2019-05-09 05:30:00,6532.2
2019-05-09 05:45:00,6601.5
2019-05-09 06:00:00,6692.1
2019-05-09 06:15:00,6752.2
2019-05-09 06:30:00,6794.7
2019-05-09 06:45:00,6818.7
2019-05-09 07:00:00,6871.1
2019-05-09 07:15:00,6905.9
2019-05-09 07:30:00,6914.8
2019-05-09 07:45:00,6947.6
2019-05-09 08:00:00,6928.6
2019-05-09 08:15:00,6935.7
2019-05-09 08:30:00,6966.5
2019-05-09 08:45:00,6967.2
2019-05-09 09:00:00,6959.5
2019-05-09 09:15:00,6975.3
2019-05-09 09:30:00,6995.8
2019-05-09 09:45:00,7024.0
2019-05-09 10:00:00,7014.5
2019-05-09 10:15:00,7030.4
2019-05-09 10:30:00,7033.9
2019-05-09 10:45:00,7018.3
2019-05-09 11:00:00,6969.2
2019-05-09 11:15:00,6962.8
2019-05-09 11:30:00,6972.0
2019-05-09 11:45:00,6978.0
2019-05-09 12:00:00,6973.3
2019-05-09 12:15:00,6957.9
2019-05-09 12:30:00,6935.2
2019-05-09 12:45:00,6903.3
2019-05-09 13:00:00,6918.7
2019-05-09 13:15:00,6917.2
2019-05-09 13:30:00,6894.9
2019-05-09 13:45:00,6894.7
2019-05-09 14:00:00,6900.7
2019-05-09 14:15:00,6886.3
2019-05-09 14:30:00,6855.7
2019-05-09 14:45:00,6831.3
2019-05-09 15:00:00,6811.7
2019-05-09 15:15:00,6779.5
2019-05-09 15:30:00,6752.0
2019-05-09 15:45:00,6744.1
2019-05-09 16:00:00,6748.0
2019-05-09 16:15:00,6763.2
2019-05-09 16:30:00,6763.4
2019-05-09 16:45:00,6763.4
2019-05-09 17:00:00,6765.2
2019-05-09 17:15:00,6754.6
2019-05-09 17:30:00,6767.4
2019-05-09 17:45:00,6780.4
2019-05-09 18:00:00,6765.2
2019-05-09 18:15:00,6739.4
2019-05-09 18:30:00,6726.0
2019-05-09 18:45:00,6729.7
2019-05-09 19:00:00,6723.1
2019-05-09 19:15:00,6690.7
2019-05-09 19:30:00,6672.2
2019-05-09 19:45:00,6645.6
2019-05-09 20:00:00,6614.1
2019-05-09 20:15:00,6600.9
2019-05-09 20:30:00,6567.8
2019-05-09 20:45:00,6517.2
2019-05-09 21:00:00,6457.3
2019-05-09 21:15:00,6419.6
2019-05-09 21:30:00,6359.0
2019-05-09 21:45:00,6293.2
2019-05-09 22:00:00,6219.8
2019-05-09 22:15:00,6174.7
2019-05-09 22:30:00,6083.0
2019-05-09 22:45:00,6032.8
2019-05-09 23:00:00,5962.6
2019-05-09 23:15:00,5929.7
2019-05-09 23:30:00,5900.9
2019-05-09 23:45:00,5880.2
2019-05-10 00:00:00,5864.8
2019-05-10 00:15:00,5830.6
2019-05-10 00:30:00,5823.6
2019-05-10 00:45:00,5816.5
2019-05-10 01:00:00,5809.3
2019-05-10 01:15:00,5812.3
2019-05-10 01:30:00,5803.1
2019-05-10 01:45:00,5812.3
2019-05-10 02:00:00,5817.0
2019-05-10 02:15:00,5813.9
2019-05-10 02:30:00,5826.2
2019-05-10 02:45:00,5834.1
2019-05-10 03:00:00,5882.2
2019-05-10 03:15:00,5894.1
2019-05-10 03:30:00,5924.0
2019-05-10 03:45:00,5955.3
2019-05-10 04:00:00,6039.0
2019-05-10 04:15:00,6065.6
2019-05-10 04:30:00,6102.0
2019-05-10 04:45:00,6171.6
2019-05-10 05:00:00,6315.4
2019-05-10 05:15:00,6430.8
2019-05-10 05:30:00,6511.9
2019-05-10 05:45:00,6601.1
2019-05-10 06:00:00,6705.5
2019-05-10 06:15:00,6769.2
2019-05-10 06:30:00,6821.6
2019-05-10 06:45:00,6870.0
2019-05-10 07:00:00,6909.9
2019-05-10 07:15:00,6935.0
2019-05-10 07:30:00,6953.7
2019-05-10 07:45:00,6960.6
2019-05-10 08:00:00,6921.1
2019-05-10 08:15:00,6939.2
2019-05-10 08:30:00,6962.3
2019-05-10 08:45:00,6986.6
2019-05-10 09:00:00,7006.2
2019-05-10 09:15:00,7019.4
2019-05-10 09:30:00,7029.7
2019-05-10 09:45:00,7031.7
2019-05-10 10:00:00,7054.6
2019-05-10 10:15:00,7059.7
2019-05-10 10:30:00,7076.4
2019-05-10 10:45:00,7056.2
2019-05-10 11:00:00,7025.3
2019-05-10 11:15:00,7015.4
2019-05-10 11:30:00,6991.0
2019-05-10 11:45:00,6972.7
2019-05-10 12:00:00,6968.7
2019-05-10 12:15:00,6938.5
2019-05-10 12:30:00,6925.8
2019-05-10 12:45:00,6872.5
2019-05-10 13:00:00,6847.8
2019-05-10 13:15:00,6819.6
2019-05-10 13:30:00,6799.8
2019-05-10 13:45:00,6789.4
2019-05-10 14:00:00,6772.7
2019-05-10 14:15:00,6746.7
2019-05-10 14:30:00,6724.2
2019-05-10 14:45:00,6695.6
2019-05-10 15:00:00,6703.1
2019-05-10 15:15:00,6686.1
2019-05-10 15:30:00,6641.4
2019-05-10 15:45:00,6631.7
2019-05-10 16:00:00,6644.3
2019-05-10 16:15:00,6651.1
2019-05-10 16:30:00,6651.8
2019-05-10 16:45:00,6637.4
2019-05-10 17:00:00,6649.3
2019-05-10 17:15:00,6650.9
2019-05-10 17:30:00,6653.7
2019-05-10 17:45:00,6642.7
2019-05-10 18:00:00,6660.1
2019-05-10 18:15:00,6642.5
2019-05-10 18:30:00,6622.9
2019-05-10 18:45:00,6597.4
2019-05-10 19:00:00,6572.7
2019-05-10 19:15:00,6533.3
2019-05-10 19:30:00,6510.1
2019-05-10 19:45:00,6479.7
2019-05-10 20:00:00,6471.6
2019-05-10 20:15:00,6452.2
2019-05-10 20:30:00,6415.9
2019-05-10 20:45:00,6374.9
2019-05-10 21:00:00,6346.7
2019-05-10 21:15:00,6297.4
2019-05-10 21:30:00,6235.5
2019-05-10 21:45:00,6193.8
2019-05-10 22:00:00,6133.0
2019-05-10 22:15:00,6074.4
2019-05-10 22:30:00,6031.1
2019-05-10 22:45:00,5979.7
2019-05-10 23:00:00,5924.4
2019-05-10 23:15:00,5876.2
2019-05-10 23:30:00,5843.8
2019-05-10 23:45:00,5803.3
2019-05-11 00:00:00,5745.6
2019-05-11 00:15:00,5712.8
2019-05-11 00:30:00,5684.4
2019-05-11 00:45:00,5666.3
2019-05-11 01:00:00,5635.5
2019-05-11 01:15:00,5620.3
2019-05-11 01:30:00,5608.6
2019-05-11 01:45:00,5615.6
2019-05-11 02:00:00,5603.7
2019-05-11 02:15:00,5596.5
2019-05-11 02:30:00,5592.3
2019-05-11 02:45:00,5590.3
2019-05-11 03:00:00,5602.9
2019-05-11 03:15:00,5596.5
2019-05-11 03:30:00,5611.2
2019-05-11 03:45:00,5615.0
2019-05-11 04:00:00,5624.2
2019-05-11 04:15:00,5625.3
2019-05-11 04:30:00,5618.9
2019-05-11 04:45:00,5614.8
2019-05-11 05:00:00,5646.3
2019-05-11 05:15:00,5666.5
2019-05-11 05:30:00,5708.4
2019-05-11 05:45:00,5746.5
2019-05-11 06:00:00,5802.6
2019-05-11 06:15:00,5836.1
2019-05-11 06:30:00,5891.2
2019-05-11 06:45:00,5968.9
2019-05-11 07:00:00,6035.5
2019-05-11 07:15:00,6071.6
2019-05-11 07:30:00,6104.8
2019-05-11 07:45:00,6143.6
2019-05-11 08:00:00,6186.6
2019-05-11 08:15:00,6214.1
2019-05-11 08:30:00,6246.5
2019-05-11 08:45:00,6264.1
2019-05-11 09:00:00,6319.2
2019-05-11 09:15:00,6342.7
2019-05-11 09:30:00,6358.8
2019-05-11 09:45:00,6385.0
2019-05-11 10:00:00,6385.7
2019-05-11 10:15:00,6390.3
2019-05-11 10:30:00,6410.6
2019-05-11 10:45:00,6407.0
2019-05-11 11:00:00,6390.1
2019-05-11 11:15:00,6377.3
2019-05-11 11:30:00,6351.3
2019-05-11 11:45:00,6339.9
2019-05-11 12:00:00,6343.2
2019-05-11 12:15:00,6300.9
2019-05-11 12:30:00,6256.8
2019-05-11 12:45:00,6215.2
2019-05-11 13:00:00,6179.3
2019-05-11 13:15:00,6152.2
2019-05-11 13:30:00,6144.5
2019-05-11 13:45:00,6145.8
2019-05-11 14:00:00,6164.5
2019-05-11 14:15:00,6160.6
2019-05-11 14:30:00,6134.4
2019-05-11 14:45:00,6123.8
2019-05-11 15:00:00,6094.5
2019-05-11 15:15:00,6118.3
2019-05-11 15:30:00,6105.5
2019-05-11 15:45:00,6106.8
2019-05-11 16:00:00,6111.9
2019-05-11 16:15:00,6123.6
2019-05-11 16:30:00,6149.3
2019-05-11 16:45:00,6155.9
2019-05-11 17:00:00,6174.9
2019-05-11 17:15:00,6176.4
2019-05-11 17:30:00,6193.8
2019-05-11 17:45:00,6177.3
2019-05-11 18:00:00,6191.9
2019-05-11 18:15:00,6176.2
2019-05-11 18:30:00,6174.9
2019-05-11 18:45:00,6163.4
2019-05-11 19:00:00,6139.4
2019-05-11 19:15:00,6109.7
2019-05-11 19:30:00,6083.5
2019-05-11 19:45:00,6060.8
2019-05-11 20:00:00,6055.7
2019-05-11 20:15:00,6046.0
2019-05-11 20:30:00,6015.4
2019-05-11 20:45:00,6005.1
2019-05-11 21:00:00,6007.0
2019-05-11 21:15:00,5990.5
2019-05-11 21:30:00,5931.7
2019-05-11 21:45:00,5881.3
2019-05-11 22:00:00,5852.4
2019-05-11 22:15:00,5810.8
2019-05-11 22:30:00,5765.0
2019-05-11 22:45:00,5706.6
2019-05-11 23:00:00,5615.2
2019-05-11 23:15:00,5591.6
2019-05-11 23:30:00,5583.9
2019-05-11 23:45:00,5560.8
2019-05-12 00:00:00,5510.8
2019-05-12 00:15:00,5486.6
2019-05-12 00:30:00,5470.0
2019-05-12 00:45:00,5463.4
2019-05-12 01:00:00,5452.4
2019-05-12 01:15:00,5442.3
2019-05-12 01:30:00,5444.1
2019-05-12 01:45:00,5434.4
2019-05-12 02:00:00,5427.3
2019-05-12 02:15:00,5430.2
2019-05-12 02:30:00,5432.2
2019-05-12 02:45:00,5428.0
2019-05-12 03:00:00,5434.8
2019-05-12 03:15:00,5444.9
2019-05-12 03:30:00,5447.1
2019-05-12 03:45:00,5438.3
2019-05-12 04:00:00,5448.5
2019-05-12 04:15:00,5426.0
2019-05-12 04:30:00,5409.7
2019-05-12 04:45:00,5394.1
2019-05-12 05:00:00,5409.9
2019-05-12 05:15:00,5405.3
2019-05-12 05:30:00,5426.0
2019-05-12 05:45:00,5445.6
2019-05-12 06:00:00,5488.1
2019-05-12 06:15:00,5514.5
2019-05-12 06:30:00,5545.2
2019-05-12 06:45:00,5588.3
2019-05-12 07:00:00,5657.0
2019-05-12 07:15:00,5711.7
2019-05-12 07:30:00,5749.6
2019-05-12 07:45:00,5785.7
2019-05-12 08:00:00,5833.9
2019-05-12 08:15:00,5869.2
2019-05-12 08:30:00,5903.5
2019-05-12 08:45:00,5941.2
2019-05-12 09:00:00,5975.8
2019-05-12 09:15:00,5990.1
2019-05-12 09:30:00,6007.7
2019-05-12 09:45:00,6006.2
2019-05-12 10:00:00,6037.0
2019-05-12 10:15:00,6080.4
2019-05-12 10:30:00,6088.5
2019-05-12 10:45:00,6095.2
2019-05-12 11:00:00,6085.2
2019-05-12 11:15:00,6079.7
2019-05-12 11:30:00,6049.8
2019-05-12 11:45:00,6015.9
2019-05-12 12:00:00,5962.3
2019-05-12 12:15:00,5935.5
2019-05-12 12:30:00,5919.4
2019-05-12 12:45:00,5901.1
2019-05-12 13:00:00,5871.4
2019-05-12 13:15:00,5858.4
2019-05-12 13:30:00,5855.9
2019-05-12 13:45:00,5843.0
2019-05-12 14:00:00,5835.9
2019-05-12 14:15:00,5833.0
2019-05-12 14:30:00,5824.2
2019-05-12 14:45:00,5803.5
2019-05-12 15:00:00,5794.1
2019-05-12 15:15:00,5786.1
2019-05-12 15:30:00,5788.3
2019-05-12 15:45:00,5799.1
2019-05-12 16:00:00,5827.5
2019-05-12 16:15:00,5837.7
2019-05-12 16:30:00,5863.7
2019-05-12 16:45:00,5890.1
2019-05-12 17:00:00,5935.0
2019-05-12 17:15:00,5935.0
2019-05-12 17:30:00,5935.0
2019-05-12 17:45:00,5939.0
2019-05-12 18:00:00,5965.0
2019-05-12 18:15:00,5957.7
2019-05-12 18:30:00,5958.1
2019-05-12 18:45:00,5964.5
2019-05-12 19:00:00,5964.5
2019-05-12 19:15:00,5945.8
2019-05-12 19:30:00,5941.6
2019-05-12 19:45:00,5933.5
2019-05-12 20:00:00,5952.6
2019-05-12 20:15:00,5957.7
2019-05-12 20:30:00,5950.7
2019-05-12 20:45:00,5967.2
2019-05-12 21:00:00,5997.6
2019-05-12 21:15:00,5965.9
2019-05-12 21:30:00,5913.9
2019-05-12 21:45:00,5873.6
2019-05-12 22:00:00,5813.2
2019-05-12 22:15:00,5767.0
2019-05-12 22:30:00,5714.3
2019-05-12 22:45:00,5695.6
2019-05-12 23:00:00,5674.9
2019-05-12 23:15:00,5641.4
2019-05-12 23:30:00,5623.6
2019-05-12 23:45:00,5612.3
2019-05-13 00:00:00,5590.7
2019-05-13 00:15:00,5570.9
2019-05-13 00:30:00,5571.4
2019-05-13 00:45:00,5557.3
2019-05-13 01:00:00,5526.7
2019-05-13 01:15:00,5509.0
2019-05-13 01:30:00,5517.6
2019-05-13 01:45:00,5514.8
2019-05-13 02:00:00,5538.8
2019-05-13 02:15:00,5553.5
2019-05-13 02:30:00,5569.4
2019-05-13 02:45:00,5584.6
2019-05-13 03:00:00,5635.2
2019-05-13 03:15:00,5661.5
2019-05-13 03:30:00,5701.1
2019-05-13 03:45:00,5749.3
2019-05-13 04:00:00,5842.5
2019-05-13 04:15:00,5872.2
2019-05-13 04:30:00,5916.7
2019-05-13 04:45:00,6030.2
2019-05-13 05:00:00,6181.9
2019-05-13 05:15:00,6291.4
2019-05-13 05:30:00,6383.3
2019-05-13 05:45:00,6467.2
2019-05-13 06:00:00,6560.4
2019-05-13 06:15:00,6624.2
2019-05-13 06:30:00,6678.6
2019-05-13 06:45:00,6729.7
2019-05-13 07:00:00,6784.8
2019-05-13 07:15:00,6813.7
2019-05-13 07:30:00,6833.0
2019-05-13 07:45:00,6855.5
2019-05-13 08:00:00,6827.8
2019-05-13 08:15:00,6835.5
2019-05-13 08:30:00,6849.1
2019-05-13 08:45:00,6857.9
2019-05-13 09:00:00,6877.5
2019-05-13 09:15:00,6881.9
2019-05-13 09:30:00,6902.4
2019-05-13 09:45:00,6921.4
2019-05-13 10:00:00,6930.8
2019-05-13 10:15:00,6963.0
2019-05-13 10:30:00,6976.7
2019-05-13 10:45:00,6982.8
2019-05-13 11:00:00,6927.3
2019-05-13 11:15:00,6913.2
2019-05-13 11:30:00,6914.3
2019-05-13 11:45:00,6900.4
2019-05-13 12:00:00,6897.4
2019-05-13 12:15:00,6880.4
2019-05-13 12:30:00,6858.6
2019-05-13 12:45:00,6814.8
2019-05-13 13:00:00,6817.2
2019-05-13 13:15:00,6811.9
2019-05-13 13:30:00,6804.0
2019-05-13 13:45:00,6777.3
2019-05-13 14:00:00,6795.6
2019-05-13 14:15:00,6774.2
2019-05-13 14:30:00,6739.9
2019-05-13 14:45:00,6723.3
2019-05-13 15:00:00,6737.7
2019-05-13 15:15:00,6681.7
2019-05-13 15:30:00,6690.3
2019-05-13 15:45:00,6672.5
2019-05-13 16:00:00,6667.6
2019-05-13 16:15:00,6679.7
2019-05-13 16:30:00,6675.6
2019-05-13 16:45:00,6658.1
2019-05-13 17:00:00,6643.0
2019-05-13 17:15:00,6647.4
2019-05-13 17:30:00,6645.8
2019-05-13 17:45:00,6657.7
2019-05-13 18:00:00,6643.6
2019-05-13 18:15:00,6636.8
2019-05-13 18:30:00,6636.3
2019-05-13 18:45:00,6645.4
2019-05-13 19:00:00,6616.5
2019-05-13 19:15:00,6590.3
2019-05-13 19:30:00,6561.9
2019-05-13 19:45:00,6536.8
2019-05-13 20:00:00,6522.0
2019-05-13 20:15:00,6500.2
2019-05-13 20:30:00,6494.1
2019-05-13 20:45:00,6432.8
2019-05-13 21:00:00,6391.9
2019-05-13 21:15:00,6339.2
2019-05-13 21:30:00,6266.5
2019-05-13 21:45:00,6200.0
2019-05-13 22:00:00,6128.4
2019-05-13 22:15:00,6068.7
2019-05-13 22:30:00,6023.8
2019-05-13 22:45:00,5967.0
2019-05-13 23:00:00,5933.3
2019-05-13 23:15:00,5895.6
2019-05-13 23:30:00,5879.1
2019-05-13 23:45:00,5844.3
2019-05-14 00:00:00,5807.9
2019-05-14 00:15:00,5792.7
2019-05-14 00:30:00,5781.7
2019-05-14 00:45:00,5775.6
2019-05-14 01:00:00,5748.0
2019-05-14 01:15:00,5741.4
2019-05-14 01:30:00,5743.6
2019-05-14 01:45:00,5746.0
2019-05-14 02:00:00,5744.3
2019-05-14 02:15:00,5751.3
2019-05-14 02:30:00,5772.7
2019-05-14 02:45:00,5787.0
2019-05-14 03:00:00,5846.5
2019-05-14 03:15:00,5859.7
2019-05-14 03:30:00,5881.7
2019-05-14 03:45:00,5921.6
2019-05-14 04:00:00,5989.6
2019-05-14 04:15:00,6023.6
2019-05-14 04:30:00,6061.7
2019-05-14 04:45:00,6131.7
2019-05-14 05:00:00,6276.0
2019-05-14 05:15:00,6391.4
2019-05-14 05:30:00,6466.5
2019-05-14 05:45:00,6542.3
2019-05-14 06:00:00,6637.7
2019-05-14 06:15:00,6685.0
2019-05-14 06:30:00,6743.8
2019-05-14 06:45:00,6785.9
2019-05-14 07:00:00,6807.0
2019-05-14 07:15:00,6843.2
2019-05-14 07:30:00,6856.2
2019-05-14 07:45:00,6866.7
2019-05-14 08:00:00,6834.1
2019-05-14 08:15:00,6855.7
2019-05-14 08:30:00,6870.7
2019-05-14 08:45:00,6870.5
2019-05-14 09:00:00,6860.8
2019-05-14 09:15:00,6885.5
2019-05-14 09:30:00,6928.0
2019-05-14 09:45:00,6961.0
2019-05-14 10:00:00,6973.3
2019-05-14 10:15:00,7001.1
2019-05-14 10:30:00,7007.5
2019-05-14 10:45:00,6984.8
2019-05-14 11:00:00,6928.0
2019-05-14 11:15:00,6915.6
2019-05-14 11:30:00,6902.0
2019-05-14 11:45:00,6896.9
2019-05-14 12:00:00,6894.3
2019-05-14 12:15:00,6876.4
2019-05-14 12:30:00,6868.9
2019-05-14 12:45:00,6829.1
2019-05-14 13:00:00,6826.4
2019-05-14 13:15:00,6834.8
2019-05-14 13:30:00,6819.2
2019-05-14 13:45:00,6796.3
2019-05-14 14:00:00,6807.0
2019-05-14 14:15:00,6794.5
2019-05-14 14:30:00,6762.8
2019-05-14 14:45:00,6739.6
2019-05-14 15:00:00,6716.5
2019-05-14 15:15:00,6705.1
2019-05-14 15:30:00,6673.3
2019-05-14 15:45:00,6659.9
2019-05-14 16:00:00,6681.5
2019-05-14 16:15:00,6690.1
2019-05-14 16:30:00,6688.3
2019-05-14 16:45:00,6686.6
2019-05-14 17:00:00,6689.6
2019-05-14 17:15:00,6687.0
2019-05-14 17:30:00,6690.7
2019-05-14 17:45:00,6691.6
2019-05-14 18:00:00,6698.7
2019-05-14 18:15:00,6686.6
2019-05-14 18:30:00,6674.4
2019-05-14 18:45:00,6665.0
2019-05-14 19:00:00,6651.3
2019-05-14 19:15:00,6626.2
2019-05-14 19:30:00,6589.4
2019-05-14 19:45:00,6578.0
2019-05-14 20:00:00,6559.9
2019-05-14 20:15:00,6522.2
2019-05-14 20:30:00,6507.9
2019-05-14 20:45:00,6466.3
2019-05-14 21:00:00,6424.0
2019-05-14 21:15:00,6363.4
2019-05-14 21:30:00,6298.7
2019-05-14 21:45:00,6241.0
2019-05-14 22:00:00,6177.3
2019-05-14 22:15:00,6094.7
2019-05-14 22:30:00,6053.1
2019-05-14 22:45:00,6017.8
2019-05-14 23:00:00,5953.5
2019-05-14 23:15:00,5914.3
2019-05-14 23:30:00,5877.3
2019-05-14 23:45:00,5854.2
2019-05-15 00:00:00,5829.7
2019-05-15 00:15:00,5816.1
2019-05-15 00:30:00,5808.6
2019-05-15 00:45:00,5804.2
2019-05-15 01:00:00,5779.1
2019-05-15 01:15:00,5773.1
2019-05-15 01:30:00,5779.1
2019-05-15 01:45:00,5785.5
2019-05-15 02:00:00,5798.0
2019-05-15 02:15:00,5810.1
2019-05-15 02:30:00,5806.8
2019-05-15 02:45:00,5833.9
2019-05-15 03:00:00,5870.9
2019-05-15 03:15:00,5889.6
2019-05-15 03:30:00,5912.1
2019-05-15 03:45:00,5944.7
2019-05-15 04:00:00,6011.5
2019-05-15 04:15:00,6036.6
2019-05-15 04:30:00,6090.3
2019-05-15 04:45:00,6171.4
2019-05-15 05:00:00,6330.4
2019-05-15 05:15:00,6430.4
2019-05-15 05:30:00,6513.0
2019-05-15 05:45:00,6597.6
2019-05-15 06:00:00,6684.1
2019-05-15 06:15:00,6739.4
2019-05-15 06:30:00,6794.3
2019-05-15 06:45:00,6833.5
2019-05-15 07:00:00,6880.0
2019-05-15 07:15:00,6909.0
2019-05-15 07:30:00,6927.1
2019-05-15 07:45:00,6930.0
2019-05-15 08:00:00,6914.5
2019-05-15 08:15:00,6922.7
2019-05-15 08:30:00,6933.9
2019-05-15 08:45:00,6940.3
2019-05-15 09:00:00,6940.3
2019-05-15 09:15:00,6949.1
2019-05-15 09:30:00,6961.9
2019-05-15 09:45:00,6969.2
2019-05-15 10:00:00,6994.1
2019-05-15 10:15:00,7026.0
2019-05-15 10:30:00,7057.5
2019-05-15 10:45:00,7073.1
2019-05-15 11:00:00,7034.4
2019-05-15 11:15:00,7034.6
2019-05-15 11:30:00,7003.5
2019-05-15 11:45:00,7004.0
2019-05-15 12:00:00,6984.8
2019-05-15 12:15:00,6978.2
2019-05-15 12:30:00,6946.3
2019-05-15 12:45:00,6921.6
2019-05-15 13:00:00,6922.0
2019-05-15 13:15:00,6916.5
2019-05-15 13:30:00,6910.1
2019-05-15 13:45:00,6902.2
2019-05-15 14:00:00,6902.0
2019-05-15 14:15:00,6878.9
2019-05-15 14:30:00,6863.7
2019-05-15 14:45:00,6841.0
2019-05-15 15:00:00,6811.7
2019-05-15 15:15:00,6803.1
2019-05-15 15:30:00,6785.9
2019-05-15 15:45:00,6781.1
2019-05-15 16:00:00,6797.4
2019-05-15 16:15:00,6802.9
2019-05-15 16:30:00,6800.7
2019-05-15 16:45:00,6809.3
2019-05-15 17:00:00,6794.9
2019-05-15 17:15:00,6795.6
2019-05-15 17:30:00,6803.3
2019-05-15 17:45:00,6806.8
2019-05-15 18:00:00,6809.9
2019-05-15 18:15:00,6795.4
2019-05-15 18:30:00,6788.1
2019-05-15 18:45:00,6768.1
2019-05-15 19:00:00,6719.8
2019-05-15 19:15:00,6680.4
2019-05-15 19:30:00,6660.6
2019-05-15 19:45:00,6640.3
2019-05-15 20:00:00,6625.3
2019-05-15 20:15:00,6586.3
2019-05-15 20:30:00,6567.0
2019-05-15 20:45:00,6524.2
2019-05-15 21:00:00,6487.9
2019-05-15 21:15:00,6413.4
2019-05-15 21:30:00,6362.8
2019-05-15 21:45:00,6284.4
2019-05-15 22:00:00,6212.1
2019-05-15 22:15:00,6164.5
2019-05-15 22:30:00,6111.2
2019-05-15 22:45:00,6069.4
2019-05-15 23:00:00,6015.4
2019-05-15 23:15:00,5976.7
2019-05-15 23:30:00,5954.6
2019-05-15 23:45:00,5921.6
2019-05-16 00:00:00,5889.0
2019-05-16 00:15:00,5877.5
2019-05-16 00:30:00,5882.8
2019-05-16 00:45:00,5866.7
2019-05-16 01:00:00,5851.3
2019-05-16 01:15:00,5852.4
2019-05-16 01:30:00,5843.6
2019-05-16 01:45:00,5847.6
2019-05-16 02:00:00,5855.3
2019-05-16 02:15:00,5872.5
2019-05-16 02:30:00,5871.6
2019-05-16 02:45:00,5873.6
2019-05-16 03:00:00,5909.5
2019-05-16 03:15:00,5926.4
2019-05-16 03:30:00,5956.8
2019-05-16 03:45:00,5987.4
2019-05-16 04:00:00,6054.6
2019-05-16 04:15:00,6097.6
2019-05-16 04:30:00,6123.3
2019-05-16 04:45:00,6207.9
2019-05-16 05:00:00,6353.1
2019-05-16 05:15:00,6467.6
2019-05-16 05:30:00,6558.4
2019-05-16 05:45:00,6638.3
2019-05-16 06:00:00,6736.1
2019-05-16 06:15:00,6789.0
2019-05-16 06:30:00,6831.9
2019-05-16 06:45:00,6873.6
2019-05-16 07:00:00,6911.9
2019-05-16 07:15:00,6942.5
2019-05-16 07:30:00,6963.0
2019-05-16 07:45:00,6984.8
2019-05-16 08:00:00,6968.1
2019-05-16 08:15:00,6984.8
2019-05-16 08:30:00,7012.8
2019-05-16 08:45:00,7023.1
2019-05-16 09:00:00,7031.5
2019-05-16 09:15:00,7049.6
2019-05-16 09:30:00,7052.4
2019-05-16 09:45:00,7079.1
2019-05-16 10:00:00,7100.2
2019-05-16 10:15:00,7119.6
2019-05-16 10:30:00,7114.8
2019-05-16 10:45:00,7113.0
2019-05-16 11:00:00,7063.9
2019-05-16 11:15:00,7057.5
2019-05-16 11:30:00,7048.9
2019-05-16 11:45:00,7041.4
2019-05-16 12:00:00,7059.3
2019-05-16 12:15:00,7036.3
2019-05-16 12:30:00,7011.2
2019-05-16 12:45:00,6980.6
2019-05-16 13:00:00,6971.4
2019-05-16 13:15:00,6975.8
2019-05-16 13:30:00,6954.4
2019-05-16 13:45:00,6939.9
2019-05-16 14:00:00,6949.6
2019-05-16 14:15:00,6932.8
2019-05-16 14:30:00,6915.9
2019-05-16 14:45:00,6896.3
2019-05-16 15:00:00,6894.3
2019-05-16 15:15:00,6874.7
2019-05-16 15:30:00,6875.1
2019-05-16 15:45:00,6873.8
2019-05-16 16:00:00,6887.0
2019-05-16 16:15:00,6886.8
2019-05-16 16:30:00,6898.5
2019-05-16 16:45:00,6885.0
2019-05-16 17:00:00,6883.5
2019-05-16 17:15:00,6856.8
2019-05-16 17:30:00,6855.9
2019-05-16 17:45:00,6870.5
2019-05-16 18:00:00,6864.5
2019-05-16 18:15:00,6847.6
2019-05-16 18:30:00,6824.2
2019-05-16 18:45:00,6815.9
2019-05-16 19:00:00,6780.4
2019-05-16 19:15:00,6742.1
2019-05-16 19:30:00,6717.6
2019-05-16 19:45:00,6698.9
2019-05-16 20:00:00,6675.6
2019-05-16 20:15:00,6644.1
2019-05-16 20:30:00,6605.5
2019-05-16 20:45:00,6563.0
2019-05-16 21:00:00,6515.2
2019-05-16 21:15:00,6468.7
2019-05-16 21:30:00,6397.1
2019-05-16 21:45:00,6326.9
2019-05-16 22:00:00,6252.2
2019-05-16 22:15:00,6195.8
2019-05-16 22:30:00,6146.5
2019-05-16 22:45:00,6067.0
2019-05-16 23:00:00,6005.3
2019-05-16 23:15:00,5982.6
2019-05-16 23:30:00,5970.3
2019-05-16 23:45:00,5941.6
2019-05-17 00:00:00,5910.4
2019-05-17 00:15:00,5906.2
2019-05-17 00:30:00,5874.2
2019-05-17 00:45:00,5855.3
2019-05-17 01:00:00,5820.5
2019-05-17 01:15:00,5823.3
2019-05-17 01:30:00,5827.8
2019-05-17 01:45:00,5828.0
2019-05-17 02:00:00,5833.0
2019-05-17 02:15:00,5844.9
2019-05-17 02:30:00,5841.6
2019-05-17 02:45:00,5857.3
2019-05-17 03:00:00,5882.4
2019-05-17 03:15:00,5904.0
2019-05-17 03:30:00,5938.3
2019-05-17 03:45:00,5966.1
2019-05-17 04:00:00,6030.4
2019-05-17 04:15:00,6039.0
2019-05-17 04:30:00,6088.8
2019-05-17 04:45:00,6168.3
2019-05-17 05:00:00,6339.0
2019-05-17 05:15:00,6438.5
2019-05-17 05:30:00,6523.6
2019-05-17 05:45:00,6608.4
2019-05-17 06:00:00,6701.1
2019-05-17 06:15:00,6759.0
2019-05-17 06:30:00,6800.2
2019-05-17 06:45:00,6843.6
2019-05-17 07:00:00,6896.5
2019-05-17 07:15:00,6930.6
2019-05-17 07:30:00,6934.4
2019-05-17 07:45:00,6942.3
2019-05-17 08:00:00,6917.8
2019-05-17 08:15:00,6921.1
2019-05-17 08:30:00,6939.9
2019-05-17 08:45:00,6950.9
2019-05-17 09:00:00,6945.6
2019-05-17 09:15:00,6967.0
2019-05-17 09:30:00,6980.8
2019-05-17 09:45:00,7017.8
2019-05-17 10:00:00,7025.1
2019-05-17 10:15:00,7041.4
2019-05-17 10:30:00,7043.4
2019-05-17 10:45:00,7031.9
2019-05-17 11:00:00,7015.2
2019-05-17 11:15:00,6993.0
2019-05-17 11:30:00,6990.3
2019-05-17 11:45:00,6975.8
2019-05-17 12:00:00,6955.9
2019-05-17 12:15:00,6928.9
2019-05-17 12:30:00,6903.5
2019-05-17 12:45:00,6865.9
2019-05-17 13:00:00,6852.9
2019-05-17 13:15:00,6834.4
2019-05-17 13:30:00,6820.0
2019-05-17 13:45:00,6794.7
2019-05-17 14:00:00,6806.2
2019-05-17 14:15:00,6791.0
2019-05-17 14:30:00,6742.5
2019-05-17 14:45:00,6722.7
2019-05-17 15:00:00,6731.9
2019-05-17 15:15:00,6720.3
2019-05-17 15:30:00,6689.4
2019-05-17 15:45:00,6679.1
2019-05-17 16:00:00,6674.2
2019-05-17 16:15:00,6643.0
2019-05-17 16:30:00,6655.7
2019-05-17 16:45:00,6648.7
2019-05-17 17:00:00,6644.5
2019-05-17 17:15:00,6628.0
2019-05-17 17:30:00,6620.5
2019-05-17 17:45:00,6618.5
2019-05-17 18:00:00,6601.1
2019-05-17 18:15:00,6587.2
2019-05-17 18:30:00,6574.7
2019-05-17 18:45:00,6552.0
2019-05-17 19:00:00,6525.6
2019-05-17 19:15:00,6488.1
2019-05-17 19:30:00,6457.7
2019-05-17 19:45:00,6423.6
2019-05-17 20:00:00,6397.8
2019-05-17 20:15:00,6381.7
2019-05-17 20:30:00,6362.1
2019-05-17 20:45:00,6325.8
2019-05-17 21:00:00,6302.9
2019-05-17 21:15:00,6254.4
2019-05-17 21:30:00,6182.6
2019-05-17 21:45:00,6124.0
2019-05-17 22:00:00,6058.4
2019-05-17 22:15:00,6004.6
2019-05-17 22:30:00,5936.3
2019-05-17 22:45:00,5901.1
2019-05-17 23:00:00,5796.3
2019-05-17 23:15:00,5765.4
2019-05-17 23:30:00,5748.0
2019-05-17 23:45:00,5716.7
2019-05-18 00:00:00,5691.0
2019-05-18 00:15:00,5666.5
2019-05-18 00:30:00,5651.8
2019-05-18 00:45:00,5631.9
2019-05-18 01:00:00,5599.6
2019-05-18 01:15:00,5589.9
2019-05-18 01:30:00,5584.8
2019-05-18 01:45:00,5577.8
2019-05-18 02:00:00,5563.7
2019-05-18 02:15:00,5561.5
2019-05-18 02:30:00,5568.3
2019-05-18 02:45:00,5578.0
2019-05-18 03:00:00,5575.6
2019-05-18 03:15:00,5578.9
2019-05-18 03:30:00,5582.4
2019-05-18 03:45:00,5593.8
2019-05-18 04:00:00,5597.6
2019-05-18 04:15:00,5577.8
2019-05-18 04:30:00,5567.6
2019-05-18 04:45:00,5574.9
2019-05-18 05:00:00,5599.3
2019-05-18 05:15:00,5633.3
2019-05-18 05:30:00,5655.7
2019-05-18 05:45:00,5704.8
2019-05-18 06:00:00,5746.9
2019-05-18 06:15:00,5807.0
2019-05-18 06:30:00,5861.0
2019-05-18 06:45:00,5915.6
2019-05-18 07:00:00,5979.5
2019-05-18 07:15:00,6020.9
2019-05-18 07:30:00,6063.2
2019-05-18 07:45:00,6110.6
2019-05-18 08:00:00,6124.4
2019-05-18 08:15:00,6153.3
2019-05-18 08:30:00,6185.0
2019-05-18 08:45:00,6229.7
2019-05-18 09:00:00,6242.7
2019-05-18 09:15:00,6253.7
2019-05-18 09:30:00,6278.0
2019-05-18 09:45:00,6296.9
2019-05-18 10:00:00,6301.5
2019-05-18 10:15:00,6300.2
2019-05-18 10:30:00,6303.7
2019-05-18 10:45:00,6304.4
2019-05-18 11:00:00,6293.0
2019-05-18 11:15:00,6289.2
2019-05-18 11:30:00,6268.1
2019-05-18 11:45:00,6243.6
2019-05-18 12:00:00,6213.4
2019-05-18 12:15:00,6186.8
2019-05-18 12:30:00,6167.8
2019-05-18 12:45:00,6151.8
2019-05-18 13:00:00,6126.4
2019-05-18 13:15:00,6105.9
2019-05-18 13:30:00,6084.6
2019-05-18 13:45:00,6079.1
2019-05-18 14:00:00,6087.2
2019-05-18 14:15:00,6072.7
2019-05-18 14:30:00,6059.0
2019-05-18 14:45:00,6035.2
2019-05-18 15:00:00,6020.9
2019-05-18 15:15:00,6006.8
2019-05-18 15:30:00,5995.4
2019-05-18 15:45:00,6004.2
2019-05-18 16:00:00,6018.1
2019-05-18 16:15:00,6021.4
2019-05-18 16:30:00,6033.7
2019-05-18 16:45:00,6040.1
2019-05-18 17:00:00,6074.2
2019-05-18 17:15:00,6054.2
2019-05-18 17:30:00,6060.1
2019-05-18 17:45:00,6061.5
2019-05-18 18:00:00,6073.6
2019-05-18 18:15:00,6068.1
2019-05-18 18:30:00,6053.1
2019-05-18 18:45:00,6020.7
2019-05-18 19:00:00,6005.5
2019-05-18 19:15:00,5975.1
2019-05-18 19:30:00,5963.9
2019-05-18 19:45:00,5939.9
2019-05-18 20:00:00,5949.3
2019-05-18 20:15:00,5928.6
2019-05-18 20:30:00,5931.3
2019-05-18 20:45:00,5920.9
2019-05-18 21:00:00,5926.2
2019-05-18 21:15:00,5900.0
2019-05-18 21:30:00,5855.7
2019-05-18 21:45:00,5800.0
2019-05-18 22:00:00,5747.6
2019-05-18 22:15:00,5713.4
2019-05-18 22:30:00,5684.1
2019-05-18 22:45:00,5647.1
2019-05-18 23:00:00,5564.1
2019-05-18 23:15:00,5543.2
2019-05-18 23:30:00,5510.6
2019-05-18 23:45:00,5494.1
2019-05-19 00:00:00,5437.4
2019-05-19 00:15:00,5418.9
2019-05-19 00:30:00,5385.7
2019-05-19 00:45:00,5374.4
2019-05-19 01:00:00,5359.5
2019-05-19 01:15:00,5347.4
2019-05-19 01:30:00,5333.3
2019-05-19 01:45:00,5324.2
2019-05-19 02:00:00,5326.0
2019-05-19 02:15:00,5309.7
2019-05-19 02:30:00,5320.7
2019-05-19 02:45:00,5316.5
2019-05-19 03:00:00,5304.4
2019-05-19 03:15:00,5304.2
2019-05-19 03:30:00,5317.8
2019-05-19 03:45:00,5312.1
2019-05-19 04:00:00,5325.1
2019-05-19 04:15:00,5293.0
2019-05-19 04:30:00,5289.4
2019-05-19 04:45:00,5292.7
2019-05-19 05:00:00,5300.2
2019-05-19 05:15:00,5317.4
2019-05-19 05:30:00,5325.3
2019-05-19 05:45:00,5352.9
2019-05-19 06:00:00,5397.8
2019-05-19 06:15:00,5429.3
2019-05-19 06:30:00,5474.7
2019-05-19 06:45:00,5519.6
2019-05-19 07:00:00,5585.9
2019-05-19 07:15:00,5635.0
2019-05-19 07:30:00,5676.9
2019-05-19 07:45:00,5713.7
2019-05-19 08:00:00,5756.2
2019-05-19 08:15:00,5798.5
2019-05-19 08:30:00,5824.4
2019-05-19 08:45:00,5862.6
2019-05-19 09:00:00,5883.9
2019-05-19 09:15:00,5907.7
2019-05-19 09:30:00,5937.9
2019-05-19 09:45:00,5953.5
2019-05-19 10:00:00,5999.3
2019-05-19 10:15:00,6040.3
2019-05-19 10:30:00,6066.3
2019-05-19 10:45:00,6063.0
2019-05-19 11:00:00,6059.9
2019-05-19 11:15:00,6050.4
2019-05-19 11:30:00,6033.0
2019-05-19 11:45:00,6019.4
2019-05-19 12:00:00,5970.0
2019-05-19 12:15:00,5941.4
2019-05-19 12:30:00,5931.1
2019-05-19 12:45:00,5911.5
2019-05-19 13:00:00,5878.2
2019-05-19 13:15:00,5861.5
2019-05-19 13:30:00,5857.0
2019-05-19 13:45:00,5853.3
2019-05-19 14:00:00,5842.7
2019-05-19 14:15:00,5844.7
2019-05-19 14:30:00,5841.0
2019-05-19 14:45:00,5843.2
2019-05-19 15:00:00,5846.0
2019-05-19 15:15:00,5827.3
2019-05-19 15:30:00,5842.3
2019-05-19 15:45:00,5851.3
2019-05-19 16:00:00,5901.3
2019-05-19 16:15:00,5910.6
2019-05-19 16:30:00,5921.4
2019-05-19 16:45:00,5961.0
2019-05-19 17:00:00,5988.5
2019-05-19 17:15:00,5998.5
2019-05-19 17:30:00,5998.9
2019-05-19 17:45:00,6019.8
2019-05-19 18:00:00,6021.6
2019-05-19 18:15:00,6017.4
2019-05-19 18:30:00,6021.1
2019-05-19 18:45:00,6002.6
2019-05-19 19:00:00,6035.7
2019-05-19 19:15:00,6012.3
2019-05-19 19:30:00,6007.9
2019-05-19 19:45:00,5983.0
2019-05-19 20:00:00,5983.5
2019-05-19 20:15:00,5990.5
2019-05-19 20:30:00,5984.4
2019-05-19 20:45:00,5991.4
2019-05-19 21:00:00,6015.6
2019-05-19 21:15:00,5984.6
2019-05-19 21:30:00,5933.7
2019-05-19 21:45:00,5892.1
2019-05-19 22:00:00,5819.6
2019-05-19 22:15:00,5760.6
2019-05-19 22:30:00,5714.1
2019-05-19 22:45:00,5671.4
2019-05-19 23:00:00,5630.8
2019-05-19 23:15:00,5592.7
2019-05-19 23:30:00,5575.3
2019-05-19 23:45:00,5543.0
2019-05-20 00:00:00,5539.6
2019-05-20 00:15:00,5526.2
2019-05-20 00:30:00,5506.6
2019-05-20 00:45:00,5491.6
2019-05-20 01:00:00,5486.1
2019-05-20 01:15:00,5494.5
2019-05-20 01:30:00,5501.8
2019-05-20 01:45:00,5490.7
2019-05-20 02:00:00,5507.9
2019-05-20 02:15:00,5516.5
2019-05-20 02:30:00,5520.3
2019-05-20 02:45:00,5529.3
2019-05-20 03:00:00,5562.8
2019-05-20 03:15:00,5588.1
2019-05-20 03:30:00,5606.8
2019-05-20 03:45:00,5652.2
2019-05-20 04:00:00,5723.8
2019-05-20 04:15:00,5772.5
2019-05-20 04:30:00,5844.1
2019-05-20 04:45:00,5943.2
2019-05-20 05:00:00,6130.8
2019-05-20 05:15:00,6268.3
2019-05-20 05:30:00,6370.0
2019-05-20 05:45:00,6466.3
2019-05-20 06:00:00,6573.8
2019-05-20 06:15:00,6630.2
2019-05-20 06:30:00,6674.7
2019-05-20 06:45:00,6733.5
2019-05-20 07:00:00,6798.5
2019-05-20 07:15:00,6832.4
2019-05-20 07:30:00,6848.7
2019-05-20 07:45:00,6858.4
2019-05-20 08:00:00,6846.9
2019-05-20 08:15:00,6878.9
2019-05-20 08:30:00,6913.4
2019-05-20 08:45:00,6926.9
2019-05-20 09:00:00,6941.4
2019-05-20 09:15:00,6951.8
2019-05-20 09:30:00,6972.5
2019-05-20 09:45:00,6987.7
2019-05-20 10:00:00,7001.3
2019-05-20 10:15:00,7020.7
2019-05-20 10:30:00,7040.7
2019-05-20 10:45:00,7046.5
2019-05-20 11:00:00,7026.7
2019-05-20 11:15:00,7022.0
2019-05-20 11:30:00,7030.6
2019-05-20 11:45:00,7045.6
2019-05-20 12:00:00,7046.7
2019-05-20 12:15:00,7031.3
2019-05-20 12:30:00,7028.2
2019-05-20 12:45:00,6986.8
2019-05-20 13:00:00,6968.7
2019-05-20 13:15:00,6957.9
2019-05-20 13:30:00,6958.6
2019-05-20 13:45:00,6949.1
2019-05-20 14:00:00,6937.7
2019-05-20 14:15:00,6920.9
2019-05-20 14:30:00,6891.9
2019-05-20 14:45:00,6876.7
2019-05-20 15:00:00,6869.4
2019-05-20 15:15:00,6838.3
2019-05-20 15:30:00,6827.5
2019-05-20 15:45:00,6833.9
2019-05-20 16:00:00,6840.7
2019-05-20 16:15:00,6849.8
2019-05-20 16:30:00,6854.6
2019-05-20 16:45:00,6857.7
2019-05-20 17:00:00,6839.2
2019-05-20 17:15:00,6835.9
2019-05-20 17:30:00,6824.9
2019-05-20 17:45:00,6832.2
2019-05-20 18:00:00,6835.0
2019-05-20 18:15:00,6804.8
2019-05-20 18:30:00,6788.3
2019-05-20 18:45:00,6768.9
2019-05-20 19:00:00,6744.5
2019-05-20 19:15:00,6702.6
2019-05-20 19:30:00,6657.5
2019-05-20 19:45:00,6635.0
2019-05-20 20:00:00,6606.6
2019-05-20 20:15:00,6557.5
2019-05-20 20:30:00,6516.7
2019-05-20 20:45:00,6473.1
2019-05-20 21:00:00,6434.1
2019-05-20 21:15:00,6371.1
2019-05-20 21:30:00,6314.5
2019-05-20 21:45:00,6256.4
2019-05-20 22:00:00,6193.0
2019-05-20 22:15:00,6131.3
2019-05-20 22:30:00,6080.4
2019-05-20 22:45:00,6024.2
2019-05-20 23:00:00,5979.7
2019-05-20 23:15:00,5942.7
2019-05-20 23:30:00,5904.8
2019-05-20 23:45:00,5879.1
2019-05-21 00:00:00,5858.8
2019-05-21 00:15:00,5843.4
2019-05-21 00:30:00,5811.5
2019-05-21 00:45:00,5813.7
2019-05-21 01:00:00,5785.2
2019-05-21 01:15:00,5782.4
2019-05-21 01:30:00,5767.4
2019-05-21 01:45:00,5779.7
2019-05-21 02:00:00,5787.7
2019-05-21 02:15:00,5801.8
2019-05-21 02:30:00,5804.0
2019-05-21 02:45:00,5820.3
2019-05-21 03:00:00,5852.0
2019-05-21 03:15:00,5859.9
2019-05-21 03:30:00,5901.8
2019-05-21 03:45:00,5939.4
2019-05-21 04:00:00,5995.6
2019-05-21 04:15:00,6041.0
2019-05-21 04:30:00,6095.6
2019-05-21 04:45:00,6173.3
2019-05-21 05:00:00,6333.5
2019-05-21 05:15:00,6456.2
2019-05-21 05:30:00,6540.3
2019-05-21 05:45:00,6621.1
2019-05-21 06:00:00,6711.2
2019-05-21 06:15:00,6771.6
2019-05-21 06:30:00,6835.5
2019-05-21 06:45:00,6881.3
2019-05-21 07:00:00,6953.1
2019-05-21 07:15:00,6978.4
2019-05-21 07:30:00,7015.6
2019-05-21 07:45:00,7020.5
2019-05-21 08:00:00,7000.7
2019-05-21 08:15:00,7004.0
2019-05-21 08:30:00,7046.5
2019-05-21 08:45:00,7062.3
2019-05-21 09:00:00,7068.5
2019-05-21 09:15:00,7076.2
2019-05-21 09:30:00,7093.8
2019-05-21 09:45:00,7107.9
2019-05-21 10:00:00,7139.9
2019-05-21 10:15:00,7174.2
2019-05-21 10:30:00,7194.1
2019-05-21 10:45:00,7200.4
2019-05-21 11:00:00,7165.2
2019-05-21 11:15:00,7152.0
2019-05-21 11:30:00,7143.0
2019-05-21 11:45:00,7142.1
2019-05-21 12:00:00,7137.7
2019-05-21 12:15:00,7118.7
2019-05-21 12:30:00,7092.7
2019-05-21 12:45:00,7052.0
2019-05-21 13:00:00,7041.4
2019-05-21 13:15:00,7045.4
2019-05-21 13:30:00,7033.3
2019-05-21 13:45:00,7025.3
2019-05-21 14:00:00,7018.5
2019-05-21 14:15:00,6998.0
2019-05-21 14:30:00,6987.0
2019-05-21 14:45:00,6954.2
2019-05-21 15:00:00,6943.0
2019-05-21 15:15:00,6925.1
2019-05-21 15:30:00,6921.4
2019-05-21 15:45:00,6922.5
2019-05-21 16:00:00,6906.8
2019-05-21 16:15:00,6904.6
2019-05-21 16:30:00,6913.4
2019-05-21 16:45:00,6908.1
2019-05-21 17:00:00,6893.4
2019-05-21 17:15:00,6871.1
2019-05-21 17:30:00,6874.7
2019-05-21 17:45:00,6874.7
2019-05-21 18:00:00,6857.0
2019-05-21 18:15:00,6843.8
2019-05-21 18:30:00,6816.5
2019-05-21 18:45:00,6809.0
2019-05-21 19:00:00,6765.6
2019-05-21 19:15:00,6731.1
2019-05-21 19:30:00,6692.1
2019-05-21 19:45:00,6657.7
2019-05-21 20:00:00,6634.1
2019-05-21 20:15:00,6619.2
2019-05-21 20:30:00,6567.8
2019-05-21 20:45:00,6518.3
2019-05-21 21:00:00,6490.5
2019-05-21 21:15:00,6435.0
2019-05-21 21:30:00,6367.8
2019-05-21 21:45:00,6310.1
2019-05-21 22:00:00,6222.9
2019-05-21 22:15:00,6153.5
2019-05-21 22:30:00,6107.7
2019-05-21 22:45:00,6061.0
2019-05-21 23:00:00,6006.2
2019-05-21 23:15:00,5960.4
2019-05-21 23:30:00,5935.9
2019-05-21 23:45:00,5910.4
2019-05-22 00:00:00,5834.1
2019-05-22 00:15:00,5820.9
2019-05-22 00:30:00,5799.6
2019-05-22 00:45:00,5788.1
2019-05-22 01:00:00,5792.7
2019-05-22 01:15:00,5783.9
2019-05-22 01:30:00,5770.3
2019-05-22 01:45:00,5782.2
2019-05-22 02:00:00,5765.6
2019-05-22 02:15:00,5785.0
2019-05-22 02:30:00,5785.2
2019-05-22 02:45:00,5795.6
2019-05-22 03:00:00,5814.8
2019-05-22 03:15:00,5840.5
2019-05-22 03:30:00,5870.7
2019-05-22 03:45:00,5905.5
2019-05-22 04:00:00,5983.7
2019-05-22 04:15:00,6023.8
2019-05-22 04:30:00,6072.2
2019-05-22 04:45:00,6137.2
2019-05-22 05:00:00,6314.5
2019-05-22 05:15:00,6443.4
2019-05-22 05:30:00,6535.2
2019-05-22 05:45:00,6632.6
2019-05-22 06:00:00,6733.9
2019-05-22 06:15:00,6803.7
2019-05-22 06:30:00,6857.0
2019-05-22 06:45:00,6889.4
2019-05-22 07:00:00,6942.3
2019-05-22 07:15:00,6976.4
2019-05-22 07:30:00,6996.9
2019-05-22 07:45:00,7000.4
2019-05-22 08:00:00,6981.1
2019-05-22 08:15:00,6989.4
2019-05-22 08:30:00,7017.4
2019-05-22 08:45:00,7027.8
2019-05-22 09:00:00,7024.4
2019-05-22 09:15:00,7031.7
2019-05-22 09:30:00,7051.3
2019-05-22 09:45:00,7072.2
2019-05-22 10:00:00,7075.3
2019-05-22 10:15:00,7081.5
2019-05-22 10:30:00,7085.7
2019-05-22 10:45:00,7077.8
2019-05-22 11:00:00,7036.8
2019-05-22 11:15:00,7017.6
2019-05-22 11:30:00,7003.5
2019-05-22 11:45:00,7004.8
2019-05-22 12:00:00,6997.8
2019-05-22 12:15:00,6988.3
2019-05-22 12:30:00,6957.3
2019-05-22 12:45:00,6928.4
2019-05-22 13:00:00,6920.5
2019-05-22 13:15:00,6932.8
2019-05-22 13:30:00,6903.5
2019-05-22 13:45:00,6901.8
2019-05-22 14:00:00,6881.5
2019-05-22 14:15:00,6842.5
2019-05-22 14:30:00,6824.7
2019-05-22 14:45:00,6795.2
2019-05-22 15:00:00,6754.8
2019-05-22 15:15:00,6745.6
2019-05-22 15:30:00,6729.5
2019-05-22 15:45:00,6718.1
2019-05-22 16:00:00,6732.2
2019-05-22 16:15:00,6751.5
2019-05-22 16:30:00,6762.3
2019-05-22 16:45:00,6755.3
2019-05-22 17:00:00,6753.1
2019-05-22 17:15:00,6740.1
2019-05-22 17:30:00,6744.1
2019-05-22 17:45:00,6748.5
2019-05-22 18:00:00,6758.1
2019-05-22 18:15:00,6753.5
2019-05-22 18:30:00,6732.4
2019-05-22 18:45:00,6710.4
2019-05-22 19:00:00,6694.9
2019-05-22 19:15:00,6659.7
2019-05-22 19:30:00,6628.0
2019-05-22 19:45:00,6588.8
2019-05-22 20:00:00,6580.2
2019-05-22 20:15:00,6566.5
2019-05-22 20:30:00,6520.3
2019-05-22 20:45:00,6482.8
2019-05-22 21:00:00,6457.9
2019-05-22 21:15:00,6398.2
2019-05-22 21:30:00,6327.1
2019-05-22 21:45:00,6262.8
2019-05-22 22:00:00,6182.4
2019-05-22 22:15:00,6124.4
2019-05-22 22:30:00,6065.0
2019-05-22 22:45:00,6022.5
2019-05-22 23:00:00,5965.2
2019-05-22 23:15:00,5909.0
2019-05-22 23:30:00,5882.2
2019-05-22 23:45:00,5848.2
2019-05-23 00:00:00,5853.5
2019-05-23 00:15:00,5828.9
2019-05-23 00:30:00,5820.3
2019-05-23 00:45:00,5801.5
2019-05-23 01:00:00,5800.2
2019-05-23 01:15:00,5783.9
2019-05-23 01:30:00,5797.4
2019-05-23 01:45:00,5787.7
2019-05-23 02:00:00,5804.6
2019-05-23 02:15:00,5807.0
2019-05-23 02:30:00,5807.7
2019-05-23 02:45:00,5810.4
2019-05-23 03:00:00,5856.8
2019-05-23 03:15:00,5870.3
2019-05-23 03:30:00,5905.9
2019-05-23 03:45:00,5938.1
2019-05-23 04:00:00,6004.2
2019-05-23 04:15:00,6027.3
2019-05-23 04:30:00,6068.9
2019-05-23 04:45:00,6143.0
2019-05-23 05:00:00,6322.7
2019-05-23 05:15:00,6429.5
2019-05-23 05:30:00,6516.5
2019-05-23 05:45:00,6581.9
2019-05-23 06:00:00,6676.2
2019-05-23 06:15:00,6728.2
2019-05-23 06:30:00,6777.3
2019-05-23 06:45:00,6820.5
2019-05-23 07:00:00,6879.7
2019-05-23 07:15:00,6902.4
2019-05-23 07:30:00,6914.5
2019-05-23 07:45:00,6928.0
2019-05-23 08:00:00,6915.0
2019-05-23 08:15:00,6935.5
2019-05-23 08:30:00,6937.4
2019-05-23 08:45:00,6945.4
2019-05-23 09:00:00,6930.0
2019-05-23 09:15:00,6937.0
2019-05-23 09:30:00,6944.7
2019-05-23 09:45:00,6961.9
2019-05-23 10:00:00,6952.2
2019-05-23 10:15:00,6976.2
2019-05-23 10:30:00,6989.2
2019-05-23 10:45:00,6992.5
2019-05-23 11:00:00,6955.3
2019-05-23 11:15:00,6950.9
2019-05-23 11:30:00,6945.2
2019-05-23 11:45:00,6949.8
2019-05-23 12:00:00,6941.2
2019-05-23 12:15:00,6926.0
2019-05-23 12:30:00,6910.8
2019-05-23 12:45:00,6864.8
2019-05-23 13:00:00,6864.5
2019-05-23 13:15:00,6863.0
2019-05-23 13:30:00,6839.6
2019-05-23 13:45:00,6823.8
2019-05-23 14:00:00,6824.9
2019-05-23 14:15:00,6804.8
2019-05-23 14:30:00,6787.0
2019-05-23 14:45:00,6763.0
2019-05-23 15:00:00,6768.1
2019-05-23 15:15:00,6754.6
2019-05-23 15:30:00,6732.4
2019-05-23 15:45:00,6721.8
2019-05-23 16:00:00,6733.5
2019-05-23 16:15:00,6739.0
2019-05-23 16:30:00,6742.7
2019-05-23 16:45:00,6738.3
2019-05-23 17:00:00,6745.4
2019-05-23 17:15:00,6751.8
2019-05-23 17:30:00,6743.6
2019-05-23 17:45:00,6752.2
2019-05-23 18:00:00,6740.7
2019-05-23 18:15:00,6718.5
2019-05-23 18:30:00,6722.2
2019-05-23 18:45:00,6703.7
2019-05-23 19:00:00,6659.7
2019-05-23 19:15:00,6623.6
2019-05-23 19:30:00,6593.2
2019-05-23 19:45:00,6575.8
2019-05-23 20:00:00,6564.1
2019-05-23 20:15:00,6530.6
2019-05-23 20:30:00,6521.1
2019-05-23 20:45:00,6477.5
2019-05-23 21:00:00,6442.5
2019-05-23 21:15:00,6402.9
2019-05-23 21:30:00,6327.8
2019-05-23 21:45:00,6264.1
2019-05-23 22:00:00,6173.1
2019-05-23 22:15:00,6110.1
2019-05-23 22:30:00,6063.9
2019-05-23 22:45:00,6016.5
2019-05-23 23:00:00,5975.1
2019-05-23 23:15:00,5932.8
2019-05-23 23:30:00,5898.2
2019-05-23 23:45:00,5865.0
2019-05-24 00:00:00,5809.3
2019-05-24 00:15:00,5781.9
2019-05-24 00:30:00,5763.9
2019-05-24 00:45:00,5759.9
2019-05-24 01:00:00,5723.1
2019-05-24 01:15:00,5715.6
2019-05-24 01:30:00,5726.0
2019-05-24 01:45:00,5734.1
2019-05-24 02:00:00,5736.6
2019-05-24 02:15:00,5744.1
2019-05-24 02:30:00,5751.5
2019-05-24 02:45:00,5762.1
2019-05-24 03:00:00,5794.9
2019-05-24 03:15:00,5827.8
2019-05-24 03:30:00,5839.2
2019-05-24 03:45:00,5867.4
2019-05-24 04:00:00,5931.9
2019-05-24 04:15:00,5965.9
2019-05-24 04:30:00,6007.9
2019-05-24 04:45:00,6088.3
2019-05-24 05:00:00,6253.7
2019-05-24 05:15:00,6376.2
2019-05-24 05:30:00,6457.7
2019-05-24 05:45:00,6530.4
2019-05-24 06:00:00,6633.3
2019-05-24 06:15:00,6686.3
2019-05-24 06:30:00,6721.1
2019-05-24 06:45:00,6762.8
2019-05-24 07:00:00,6825.3
2019-05-24 07:15:00,6857.0
2019-05-24 07:30:00,6883.5
2019-05-24 07:45:00,6894.1
2019-05-24 08:00:00,6881.7
2019-05-24 08:15:00,6884.8
2019-05-24 08:30:00,6926.7
2019-05-24 08:45:00,6932.6
2019-05-24 09:00:00,6929.5
2019-05-24 09:15:00,6939.6
2019-05-24 09:30:00,6958.1
2019-05-24 09:45:00,6974.0
2019-05-24 10:00:00,6961.2
2019-05-24 10:15:00,6994.7
2019-05-24 10:30:00,6991.4
2019-05-24 10:45:00,6991.6
2019-05-24 11:00:00,6974.2
2019-05-24 11:15:00,6966.7
2019-05-24 11:30:00,6953.1
2019-05-24 11:45:00,6951.3
2019-05-24 12:00:00,6935.7
2019-05-24 12:15:00,6910.4
2019-05-24 12:30:00,6885.2
2019-05-24 12:45:00,6832.4
2019-05-24 13:00:00,6802.0
2019-05-24 13:15:00,6782.8
2019-05-24 13:30:00,6762.6
2019-05-24 13:45:00,6752.9
2019-05-24 14:00:00,6763.7
2019-05-24 14:15:00,6735.9
2019-05-24 14:30:00,6712.3
2019-05-24 14:45:00,6694.5
2019-05-24 15:00:00,6672.9
2019-05-24 15:15:00,6656.2
2019-05-24 15:30:00,6633.7
2019-05-24 15:45:00,6623.6
2019-05-24 16:00:00,6650.7
2019-05-24 16:15:00,6644.1
2019-05-24 16:30:00,6638.5
2019-05-24 16:45:00,6636.6
2019-05-24 17:00:00,6626.0
2019-05-24 17:15:00,6626.2
2019-05-24 17:30:00,6623.8
2019-05-24 17:45:00,6634.1
2019-05-24 18:00:00,6619.2
2019-05-24 18:15:00,6585.2
2019-05-24 18:30:00,6574.4
2019-05-24 18:45:00,6572.7
2019-05-24 19:00:00,6534.4
2019-05-24 19:15:00,6488.3
2019-05-24 19:30:00,6457.0
2019-05-24 19:45:00,6424.7
2019-05-24 20:00:00,6388.5
2019-05-24 20:15:00,6374.0
2019-05-24 20:30:00,6346.9
2019-05-24 20:45:00,6317.0
2019-05-24 21:00:00,6276.4
2019-05-24 21:15:00,6225.1
2019-05-24 21:30:00,6166.5
2019-05-24 21:45:00,6106.2
2019-05-24 22:00:00,6011.0
2019-05-24 22:15:00,5949.6
2019-05-24 22:30:00,5914.8
2019-05-24 22:45:00,5879.7
2019-05-24 23:00:00,5824.4
2019-05-24 23:15:00,5784.8
2019-05-24 23:30:00,5750.4
2019-05-24 23:45:00,5730.0
2019-05-25 00:00:00,5672.7
2019-05-25 00:15:00,5631.5
2019-05-25 00:30:00,5613.9
2019-05-25 00:45:00,5594.3
2019-05-25 01:00:00,5573.1
2019-05-25 01:15:00,5550.0
2019-05-25 01:30:00,5553.1
2019-05-25 01:45:00,5547.4
2019-05-25 02:00:00,5540.1
2019-05-25 02:15:00,5530.6
2019-05-25 02:30:00,5533.0
2019-05-25 02:45:00,5525.3
2019-05-25 03:00:00,5529.3
2019-05-25 03:15:00,5533.9
2019-05-25 03:30:00,5541.2
2019-05-25 03:45:00,5543.4
2019-05-25 04:00:00,5549.1
2019-05-25 04:15:00,5531.7
2019-05-25 04:30:00,5529.1
2019-05-25 04:45:00,5539.2
2019-05-25 05:00:00,5597.1
2019-05-25 05:15:00,5633.0
2019-05-25 05:30:00,5658.1
2019-05-25 05:45:00,5693.0
2019-05-25 06:00:00,5753.7
2019-05-25 06:15:00,5803.7
2019-05-25 06:30:00,5865.2
2019-05-25 06:45:00,5920.0
2019-05-25 07:00:00,5985.5
2019-05-25 07:15:00,6031.1
2019-05-25 07:30:00,6070.0
2019-05-25 07:45:00,6124.2
2019-05-25 08:00:00,6165.4
2019-05-25 08:15:00,6182.4
2019-05-25 08:30:00,6208.4
2019-05-25 08:45:00,6236.6
2019-05-25 09:00:00,6248.9
2019-05-25 09:15:00,6269.2
2019-05-25 09:30:00,6282.4
2019-05-25 09:45:00,6296.9
2019-05-25 10:00:00,6298.0
2019-05-25 10:15:00,6299.6
2019-05-25 10:30:00,6324.2
2019-05-25 10:45:00,6312.6
2019-05-25 11:00:00,6303.1
2019-05-25 11:15:00,6281.3
2019-05-25 11:30:00,6265.9
2019-05-25 11:45:00,6253.1
2019-05-25 12:00:00,6217.8
2019-05-25 12:15:00,6189.0
2019-05-25 12:30:00,6153.3
2019-05-25 12:45:00,6116.7
2019-05-25 13:00:00,6093.8
2019-05-25 13:15:00,6064.1
2019-05-25 13:30:00,6080.8
2019-05-25 13:45:00,6051.3
2019-05-25 14:00:00,6070.5
2019-05-25 14:15:00,6072.2
2019-05-25 14:30:00,6047.8
2019-05-25 14:45:00,6022.9
2019-05-25 15:00:00,6011.5
2019-05-25 15:15:00,5985.7
2019-05-25 15:30:00,5986.1
2019-05-25 15:45:00,5987.4
2019-05-25 16:00:00,6026.9
2019-05-25 16:15:00,6029.3
2019-05-25 16:30:00,6032.2
2019-05-25 16:45:00,6059.5
2019-05-25 17:00:00,6064.8
2019-05-25 17:15:00,6061.7
2019-05-25 17:30:00,6060.6
2019-05-25 17:45:00,6077.8
2019-05-25 18:00:00,6076.7
2019-05-25 18:15:00,6052.0
2019-05-25 18:30:00,6047.1
2019-05-25 18:45:00,6041.2
2019-05-25 19:00:00,6028.9
2019-05-25 19:15:00,5982.6
2019-05-25 19:30:00,5946.0
2019-05-25 19:45:00,5952.6
2019-05-25 20:00:00,5944.3
2019-05-25 20:15:00,5911.5
2019-05-25 20:30:00,5910.8
2019-05-25 20:45:00,5906.6
2019-05-25 21:00:00,5911.2
2019-05-25 21:15:00,5872.9
2019-05-25 21:30:00,5843.4
2019-05-25 21:45:00,5798.7
2019-05-25 22:00:00,5744.1
2019-05-25 22:15:00,5690.5
2019-05-25 22:30:00,5640.7
2019-05-25 22:45:00,5614.5
2019-05-25 23:00:00,5550.9
2019-05-25 23:15:00,5521.8
2019-05-25 23:30:00,5493.4
2019-05-25 23:45:00,5461.7
2019-05-26 00:00:00,5430.4
2019-05-26 00:15:00,5401.8
2019-05-26 00:30:00,5382.4
2019-05-26 00:45:00,5373.1
2019-05-26 01:00:00,5348.5
2019-05-26 01:15:00,5328.9
2019-05-26 01:30:00,5332.2
2019-05-26 01:45:00,5337.2
2019-05-26 02:00:00,5343.8
2019-05-26 02:15:00,5339.0
2019-05-26 02:30:00,5347.8
2019-05-26 02:45:00,5333.3
2019-05-26 03:00:00,5350.2
2019-05-26 03:15:00,5351.8
2019-05-26 03:30:00,5363.4
2019-05-26 03:45:00,5359.5
2019-05-26 04:00:00,5354.8
2019-05-26 04:15:00,5334.1
2019-05-26 04:30:00,5340.7
2019-05-26 04:45:00,5343.2
2019-05-26 05:00:00,5357.0
2019-05-26 05:15:00,5351.1
2019-05-26 05:30:00,5368.1
2019-05-26 05:45:00,5403.1
2019-05-26 06:00:00,5431.3
2019-05-26 06:15:00,5482.4
2019-05-26 06:30:00,5530.4
2019-05-26 06:45:00,5567.2
2019-05-26 07:00:00,5626.9
2019-05-26 07:15:00,5658.8
2019-05-26 07:30:00,5697.8
2019-05-26 07:45:00,5728.0
2019-05-26 08:00:00,5786.3
2019-05-26 08:15:00,5845.8
2019-05-26 08:30:00,5859.7
2019-05-26 08:45:00,5892.1
2019-05-26 09:00:00,5915.9
2019-05-26 09:15:00,5926.7
2019-05-26 09:30:00,5954.2
2019-05-26 09:45:00,5980.4
2019-05-26 10:00:00,6023.6
2019-05-26 10:15:00,6062.1
2019-05-26 10:30:00,6083.9
2019-05-26 10:45:00,6094.1
2019-05-26 11:00:00,6102.9
2019-05-26 11:15:00,6074.9
2019-05-26 11:30:00,6066.1
2019-05-26 11:45:00,6054.8
2019-05-26 12:00:00,6019.2
2019-05-26 12:15:00,5991.0
2019-05-26 12:30:00,5960.4
2019-05-26 12:45:00,5945.2
2019-05-26 13:00:00,5918.7
2019-05-26 13:15:00,5888.8
2019-05-26 13:30:00,5873.1
2019-05-26 13:45:00,5862.1
2019-05-26 14:00:00,5853.5
2019-05-26 14:15:00,5852.4
2019-05-26 14:30:00,5848.5
2019-05-26 14:45:00,5854.0
2019-05-26 15:00:00,5849.3
2019-05-26 15:15:00,5840.5
2019-05-26 15:30:00,5863.0
2019-05-26 15:45:00,5867.6
2019-05-26 16:00:00,5901.1
2019-05-26 16:15:00,5905.9
2019-05-26 16:30:00,5909.5
2019-05-26 16:45:00,5934.8
2019-05-26 17:00:00,5968.9
2019-05-26 17:15:00,5955.3
2019-05-26 17:30:00,5977.5
2019-05-26 17:45:00,5987.0
2019-05-26 18:00:00,6011.0
2019-05-26 18:15:00,5984.1
2019-05-26 18:30:00,5983.9
2019-05-26 18:45:00,5977.3
2019-05-26 19:00:00,5965.9
2019-05-26 19:15:00,5956.8
2019-05-26 19:30:00,5940.1
2019-05-26 19:45:00,5921.6
2019-05-26 20:00:00,5929.1
2019-05-26 20:15:00,5938.8
2019-05-26 20:30:00,5954.0
2019-05-26 20:45:00,5955.5
2019-05-26 21:00:00,5970.9
2019-05-26 21:15:00,5952.9
2019-05-26 21:30:00,5907.9
2019-05-26 21:45:00,5860.1
2019-05-26 22:00:00,5803.1
2019-05-26 22:15:00,5762.1
2019-05-26 22:30:00,5713.2
2019-05-26 22:45:00,5711.9
2019-05-26 23:00:00,5658.6
2019-05-26 23:15:00,5660.4
2019-05-26 23:30:00,5640.3
2019-05-26 23:45:00,5640.1
2019-05-27 00:00:00,5591.9
2019-05-27 00:15:00,5581.3
2019-05-27 00:30:00,5574.4
2019-05-27 00:45:00,5549.6
2019-05-27 01:00:00,5536.8
2019-05-27 01:15:00,5526.0
2019-05-27 01:30:00,5525.1
2019-05-27 01:45:00,5508.1
2019-05-27 02:00:00,5512.1
2019-05-27 02:15:00,5517.8
2019-05-27 02:30:00,5521.1
2019-05-27 02:45:00,5522.0
2019-05-27 03:00:00,5560.4
2019-05-27 03:15:00,5579.7
2019-05-27 03:30:00,5615.4
2019-05-27 03:45:00,5636.8
2019-05-27 04:00:00,5716.7
2019-05-27 04:15:00,5760.1
2019-05-27 04:30:00,5821.4
2019-05-27 04:45:00,5915.6
2019-05-27 05:00:00,6105.3
2019-05-27 05:15:00,6239.6
2019-05-27 05:30:00,6338.5
2019-05-27 05:45:00,6433.7
2019-05-27 06:00:00,6526.2
2019-05-27 06:15:00,6604.6
2019-05-27 06:30:00,6652.9
2019-05-27 06:45:00,6691.4
2019-05-27 07:00:00,6742.5
2019-05-27 07:15:00,6789.4
2019-05-27 07:30:00,6811.7
2019-05-27 07:45:00,6820.3
2019-05-27 08:00:00,6800.7
2019-05-27 08:15:00,6844.3
2019-05-27 08:30:00,6884.1
2019-05-27 08:45:00,6888.5
2019-05-27 09:00:00,6910.4
2019-05-27 09:15:00,6912.8
2019-05-27 09:30:00,6951.5
2019-05-27 09:45:00,6971.1
2019-05-27 10:00:00,6963.4
2019-05-27 10:15:00,7004.4
2019-05-27 10:30:00,7022.7
2019-05-27 10:45:00,7004.4
2019-05-27 11:00:00,6983.9
2019-05-27 11:15:00,6954.0
2019-05-27 11:30:00,6969.8
2019-05-27 11:45:00,6973.8
2019-05-27 12:00:00,6974.0
2019-05-27 12:15:00,6981.3
2019-05-27 12:30:00,6960.8
2019-05-27 12:45:00,6910.6
2019-05-27 13:00:00,6899.8
2019-05-27 13:15:00,6892.1
2019-05-27 13:30:00,6872.5
2019-05-27 13:45:00,6865.6
2019-05-27 14:00:00,6862.8
2019-05-27 14:15:00,6833.5
2019-05-27 14:30:00,6812.6
2019-05-27 14:45:00,6785.0
2019-05-27 15:00:00,6774.4
2019-05-27 15:15:00,6786.1
2019-05-27 15:30:00,6780.0
2019-05-27 15:45:00,6787.9
2019-05-27 16:00:00,6778.0
2019-05-27 16:15:00,6762.3
2019-05-27 16:30:00,6757.7
2019-05-27 16:45:00,6739.6
2019-05-27 17:00:00,6703.1
2019-05-27 17:15:00,6710.6
2019-05-27 17:30:00,6711.0
2019-05-27 17:45:00,6719.2
2019-05-27 18:00:00,6703.3
2019-05-27 18:15:00,6685.2
2019-05-27 18:30:00,6673.6
2019-05-27 18:45:00,6668.7
2019-05-27 19:00:00,6623.1
2019-05-27 19:15:00,6574.9
2019-05-27 19:30:00,6541.9
2019-05-27 19:45:00,6518.5
2019-05-27 20:00:00,6504.6
2019-05-27 20:15:00,6478.6
2019-05-27 20:30:00,6439.6
2019-05-27 20:45:00,6407.9
2019-05-27 21:00:00,6376.9
2019-05-27 21:15:00,6320.5
2019-05-27 21:30:00,6257.3
2019-05-27 21:45:00,6194.3
2019-05-27 22:00:00,6110.8
2019-05-27 22:15:00,6054.2
2019-05-27 22:30:00,5995.6
2019-05-27 22:45:00,5970.9
2019-05-27 23:00:00,5906.4
2019-05-27 23:15:00,5871.8
2019-05-27 23:30:00,5833.9
2019-05-27 23:45:00,5815.4
2019-05-28 00:00:00,5780.2
2019-05-28 00:15:00,5754.6
2019-05-28 00:30:00,5733.0
2019-05-28 00:45:00,5723.8
2019-05-28 01:00:00,5688.5
2019-05-28 01:15:00,5678.9
2019-05-28 01:30:00,5665.4
2019-05-28 01:45:00,5688.8
2019-05-28 02:00:00,5695.8
2019-05-28 02:15:00,5691.9
2019-05-28 02:30:00,5705.9
2019-05-28 02:45:00,5709.7
2019-05-28 03:00:00,5755.9
2019-05-28 03:15:00,5774.9
2019-05-28 03:30:00,5820.9
2019-05-28 03:45:00,5843.4
2019-05-28 04:00:00,5902.9
2019-05-28 04:15:00,5923.8
2019-05-28 04:30:00,5983.7
2019-05-28 04:45:00,6052.2
2019-05-28 05:00:00,6218.9
2019-05-28 05:15:00,6324.4
2019-05-28 05:30:00,6426.9
2019-05-28 05:45:00,6514.3
2019-05-28 06:00:00,6600.7
2019-05-28 06:15:00,6659.7
2019-05-28 06:30:00,6709.7
2019-05-28 06:45:00,6756.4
2019-05-28 07:00:00,6798.9
2019-05-28 07:15:00,6831.1
2019-05-28 07:30:00,6848.9
2019-05-28 07:45:00,6866.1
2019-05-28 08:00:00,6852.6
2019-05-28 08:15:00,6853.3
2019-05-28 08:30:00,6870.5
2019-05-28 08:45:00,6882.4
2019-05-28 09:00:00,6896.0
2019-05-28 09:15:00,6907.0
2019-05-28 09:30:00,6917.0
2019-05-28 09:45:00,6943.6
2019-05-28 10:00:00,6961.0
2019-05-28 10:15:00,6983.7
2019-05-28 10:30:00,6994.7
2019-05-28 10:45:00,7002.0
2019-05-28 11:00:00,6952.4
2019-05-28 11:15:00,6948.2
2019-05-28 11:30:00,6943.4
2019-05-28 11:45:00,6934.4
2019-05-28 12:00:00,6939.2
2019-05-28 12:15:00,6922.9
2019-05-28 12:30:00,6890.3
2019-05-28 12:45:00,6859.0
2019-05-28 13:00:00,6839.6
2019-05-28 13:15:00,6831.9
2019-05-28 13:30:00,6829.7
2019-05-28 13:45:00,6811.2
2019-05-28 14:00:00,6790.5
2019-05-28 14:15:00,6766.3
2019-05-28 14:30:00,6771.1
2019-05-28 14:45:00,6750.4
2019-05-28 15:00:00,6746.0
2019-05-28 15:15:00,6730.8
2019-05-28 15:30:00,6721.6
2019-05-28 15:45:00,6706.6
2019-05-28 16:00:00,6730.8
2019-05-28 16:15:00,6732.4
2019-05-28 16:30:00,6729.5
2019-05-28 16:45:00,6739.0
2019-05-28 17:00:00,6733.7
2019-05-28 17:15:00,6733.0
2019-05-28 17:30:00,6717.6
2019-05-28 17:45:00,6724.4
2019-05-28 18:00:00,6707.7
2019-05-28 18:15:00,6673.1
2019-05-28 18:30:00,6655.5
2019-05-28 18:45:00,6643.8
2019-05-28 19:00:00,6605.7
2019-05-28 19:15:00,6580.2
2019-05-28 19:30:00,6539.0
2019-05-28 19:45:00,6502.9
2019-05-28 20:00:00,6475.3
2019-05-28 20:15:00,6464.3
2019-05-28 20:30:00,6431.5
2019-05-28 20:45:00,6386.8
2019-05-28 21:00:00,6357.9
2019-05-28 21:15:00,6308.4
2019-05-28 21:30:00,6242.1
2019-05-28 21:45:00,6179.1
2019-05-28 22:00:00,6094.5
2019-05-28 22:15:00,6036.8
2019-05-28 22:30:00,5972.5
2019-05-28 22:45:00,5931.3
2019-05-28 23:00:00,5893.2
2019-05-28 23:15:00,5851.5
2019-05-28 23:30:00,5829.3
2019-05-28 23:45:00,5802.0
2019-05-29 00:00:00,5776.9
2019-05-29 00:15:00,5761.2
2019-05-29 00:30:00,5747.4
2019-05-29 00:45:00,5740.5
2019-05-29 01:00:00,5716.7
2019-05-29 01:15:00,5721.6
2019-05-29 01:30:00,5715.0
2019-05-29 01:45:00,5724.9
2019-05-29 02:00:00,5748.7
2019-05-29 02:15:00,5749.3
2019-05-29 02:30:00,5746.3
2019-05-29 02:45:00,5765.4
2019-05-29 03:00:00,5790.3
2019-05-29 03:15:00,5812.8
2019-05-29 03:30:00,5829.7
2019-05-29 03:45:00,5852.0
2019-05-29 04:00:00,5896.5
2019-05-29 04:15:00,5939.9
2019-05-29 04:30:00,5979.7
2019-05-29 04:45:00,6065.2
2019-05-29 05:00:00,6221.1
2019-05-29 05:15:00,6327.1
2019-05-29 05:30:00,6392.7
2019-05-29 05:45:00,6472.9
2019-05-29 06:00:00,6571.4
2019-05-29 06:15:00,6627.5
2019-05-29 06:30:00,6669.8
2019-05-29 06:45:00,6707.9
2019-05-29 07:00:00,6752.0
2019-05-29 07:15:00,6795.4
2019-05-29 07:30:00,6812.3
2019-05-29 07:45:00,6816.3
2019-05-29 08:00:00,6805.3
2019-05-29 08:15:00,6826.7
2019-05-29 08:30:00,6841.9
2019-05-29 08:45:00,6863.2
2019-05-29 09:00:00,6849.8
2019-05-29 09:15:00,6870.3
2019-05-29 09:30:00,6888.1
2019-05-29 09:45:00,6897.8
2019-05-29 10:00:00,6905.1
2019-05-29 10:15:00,6917.6
2019-05-29 10:30:00,6913.4
2019-05-29 10:45:00,6911.5
2019-05-29 11:00:00,6885.9
2019-05-29 11:15:00,6867.8
2019-05-29 11:30:00,6855.9
2019-05-29 11:45:00,6854.6
2019-05-29 12:00:00,6834.6
2019-05-29 12:15:00,6838.5
2019-05-29 12:30:00,6822.2
2019-05-29 12:45:00,6785.9
2019-05-29 13:00:00,6764.3
2019-05-29 13:15:00,6744.5
2019-05-29 13:30:00,6742.7
2019-05-29 13:45:00,6723.3
2019-05-29 14:00:00,6704.4
2019-05-29 14:15:00,6676.9
2019-05-29 14:30:00,6657.5
2019-05-29 14:45:00,6620.5
2019-05-29 15:00:00,6608.8
2019-05-29 15:15:00,6585.9
2019-05-29 15:30:00,6563.9
2019-05-29 15:45:00,6556.8
2019-05-29 16:00:00,6570.7
2019-05-29 16:15:00,6563.4
2019-05-29 16:30:00,6542.5
2019-05-29 16:45:00,6551.1
2019-05-29 17:00:00,6535.7
2019-05-29 17:15:00,6513.4
2019-05-29 17:30:00,6510.6
2019-05-29 17:45:00,6517.6
2019-05-29 18:00:00,6530.4
2019-05-29 18:15:00,6503.5
2019-05-29 18:30:00,6499.6
2019-05-29 18:45:00,6480.4
2019-05-29 19:00:00,6443.4
2019-05-29 19:15:00,6404.2
2019-05-29 19:30:00,6380.6
2019-05-29 19:45:00,6340.3
2019-05-29 20:00:00,6313.0
2019-05-29 20:15:00,6289.6
2019-05-29 20:30:00,6262.3
2019-05-29 20:45:00,6239.2
2019-05-29 21:00:00,6201.1
2019-05-29 21:15:00,6162.8
2019-05-29 21:30:00,6089.6
2019-05-29 21:45:00,6040.5
2019-05-29 22:00:00,5971.4
2019-05-29 22:15:00,5907.9
2019-05-29 22:30:00,5856.4
2019-05-29 22:45:00,5841.6
2019-05-29 23:00:00,5802.9
2019-05-29 23:15:00,5769.8
2019-05-29 23:30:00,5757.0
2019-05-29 23:45:00,5728.2
2019-05-30 00:00:00,5666.7
2019-05-30 00:15:00,5640.5
2019-05-30 00:30:00,5632.8
2019-05-30 00:45:00,5610.8
2019-05-30 01:00:00,5569.2
2019-05-30 01:15:00,5554.4
2019-05-30 01:30:00,5553.7
2019-05-30 01:45:00,5552.2
2019-05-30 02:00:00,5554.8
2019-05-30 02:15:00,5552.2
2019-05-30 02:30:00,5548.5
2019-05-30 02:45:00,5541.6
2019-05-30 03:00:00,5546.3
2019-05-30 03:15:00,5540.1
2019-05-30 03:30:00,5542.3
2019-05-30 03:45:00,5530.6
2019-05-30 04:00:00,5554.4
2019-05-30 04:15:00,5520.7
2019-05-30 04:30:00,5493.6
2019-05-30 04:45:00,5472.9
2019-05-30 05:00:00,5454.8
2019-05-30 05:15:00,5470.7
2019-05-30 05:30:00,5481.9
2019-05-30 05:45:00,5523.3
2019-05-30 06:00:00,5553.1
2019-05-30 06:15:00,5583.9
2019-05-30 06:30:00,5630.6
2019-05-30 06:45:00,5675.8
2019-05-30 07:00:00,5721.8
2019-05-30 07:15:00,5771.8
2019-05-30 07:30:00,5818.3
2019-05-30 07:45:00,5858.4
2019-05-30 08:00:00,5870.9
2019-05-30 08:15:00,5902.6
2019-05-30 08:30:00,5945.2
2019-05-30 08:45:00,5964.1
2019-05-30 09:00:00,5980.4
2019-05-30 09:15:00,5992.3
2019-05-30 09:30:00,6005.1
2019-05-30 09:45:00,6017.6
2019-05-30 10:00:00,6037.0
2019-05-30 10:15:00,6068.5
2019-05-30 10:30:00,6085.5
2019-05-30 10:45:00,6099.3
2019-05-30 11:00:00,6099.8
2019-05-30 11:15:00,6099.1
2019-05-30 11:30:00,6079.7
2019-05-30 11:45:00,6069.2
2019-05-30 12:00:00,6039.9
2019-05-30 12:15:00,6009.0
2019-05-30 12:30:00,5996.7
2019-05-30 12:45:00,5971.6
2019-05-30 13:00:00,5942.3
2019-05-30 13:15:00,5913.4
2019-05-30 13:30:00,5913.7
2019-05-30 13:45:00,5900.0
2019-05-30 14:00:00,5882.8
2019-05-30 14:15:00,5868.3
2019-05-30 14:30:00,5853.7
2019-05-30 14:45:00,5846.3
2019-05-30 15:00:00,5848.9
2019-05-30 15:15:00,5819.2
2019-05-30 15:30:00,5812.3
2019-05-30 15:45:00,5813.2
2019-05-30 16:00:00,5862.6
2019-05-30 16:15:00,5854.0
2019-05-30 16:30:00,5873.3
2019-05-30 16:45:00,5894.3
2019-05-30 17:00:00,5922.0
2019-05-30 17:15:00,5905.5
2019-05-30 17:30:00,5930.2
2019-05-30 17:45:00,5927.3
2019-05-30 18:00:00,5943.0
2019-05-30 18:15:00,5935.0
2019-05-30 18:30:00,5935.2
2019-05-30 18:45:00,5928.2
2019-05-30 19:00:00,5912.1
2019-05-30 19:15:00,5909.7
2019-05-30 19:30:00,5899.6
2019-05-30 19:45:00,5891.0
2019-05-30 20:00:00,5876.0
2019-05-30 20:15:00,5879.5
2019-05-30 20:30:00,5882.4
2019-05-30 20:45:00,5877.8
2019-05-30 21:00:00,5894.3
2019-05-30 21:15:00,5864.5
2019-05-30 21:30:00,5819.4
2019-05-30 21:45:00,5769.4
2019-05-30 22:00:00,5721.4
2019-05-30 22:15:00,5660.1
2019-05-30 22:30:00,5630.4
2019-05-30 22:45:00,5568.9
2019-05-30 23:00:00,5530.0
2019-05-30 23:15:00,5496.0
2019-05-30 23:30:00,5483.5
2019-05-30 23:45:00,5468.5
2019-05-31 00:00:00,5442.1
2019-05-31 00:15:00,5429.3
2019-05-31 00:30:00,5422.2
2019-05-31 00:45:00,5425.8
2019-05-31 01:00:00,5397.8
2019-05-31 01:15:00,5395.8
2019-05-31 01:30:00,5391.6
2019-05-31 01:45:00,5393.8
2019-05-31 02:00:00,5387.0
2019-05-31 02:15:00,5398.0
2019-05-31 02:30:00,5403.1
2019-05-31 02:45:00,5387.2
2019-05-31 03:00:00,5400.4
2019-05-31 03:15:00,5411.0
2019-05-31 03:30:00,5425.3
2019-05-31 03:45:00,5442.3
2019-05-31 04:00:00,5503.7
2019-05-31 04:15:00,5526.7
2019-05-31 04:30:00,5542.3
2019-05-31 04:45:00,5589.0
2019-05-31 05:00:00,5741.0
2019-05-31 05:15:00,5813.0
2019-05-31 05:30:00,5885.7
2019-05-31 05:45:00,5946.7
2019-05-31 06:00:00,6054.6
2019-05-31 06:15:00,6112.8
2019-05-31 06:30:00,6172.2
2019-05-31 06:45:00,6215.9
2019-05-31 07:00:00,6287.7
2019-05-31 07:15:00,6322.7
2019-05-31 07:30:00,6348.0
2019-05-31 07:45:00,6364.5
2019-05-31 08:00:00,6358.1
2019-05-31 08:15:00,6375.8
2019-05-31 08:30:00,6401.1
2019-05-31 08:45:00,6408.8
2019-05-31 09:00:00,6412.8
2019-05-31 09:15:00,6411.7
2019-05-31 09:30:00,6413.0
2019-05-31 09:45:00,6427.8
2019-05-31 10:00:00,6448.5
2019-05-31 10:15:00,6466.7
2019-05-31 10:30:00,6493.0
2019-05-31 10:45:00,6505.5
2019-05-31 11:00:00,6493.0
2019-05-31 11:15:00,6497.1
2019-05-31 11:30:00,6502.2
2019-05-31 11:45:00,6487.4
2019-05-31 12:00:00,6462.3
2019-05-31 12:15:00,6441.2
2019-05-31 12:30:00,6424.4
2019-05-31 12:45:00,6381.5
2019-05-31 13:00:00,6372.2
2019-05-31 13:15:00,6368.7
2019-05-31 13:30:00,6354.6
2019-05-31 13:45:00,6323.3
2019-05-31 14:00:00,6322.9
2019-05-31 14:15:00,6293.2
2019-05-31 14:30:00,6282.2
2019-05-31 14:45:00,6246.5
2019-05-31 15:00:00,6257.5
2019-05-31 15:15:00,6237.0
2019-05-31 15:30:00,6231.9
2019-05-31 15:45:00,6229.5
2019-05-31 16:00:00,6265.6
2019-05-31 16:15:00,6253.5
2019-05-31 16:30:00,6261.5
2019-05-31 16:45:00,6269.6
2019-05-31 17:00:00,6264.3
2019-05-31 17:15:00,6253.3
2019-05-31 17:30:00,6251.3
2019-05-31 17:45:00,6250.2
2019-05-31 18:00:00,6231.5
2019-05-31 18:15:00,6225.6
2019-05-31 18:30:00,6212.6
2019-05-31 18:45:00,6188.5
2019-05-31 19:00:00,6171.1
2019-05-31 19:15:00,6131.9
2019-05-31 19:30:00,6105.5
2019-05-31 19:45:00,6076.4
2019-05-31 20:00:00,6061.9
2019-05-31 20:15:00,6050.7
2019-05-31 20:30:00,6039.2
2019-05-31 20:45:00,6037.9
2019-05-31 21:00:00,6026.4
2019-05-31 21:15:00,5994.5
2019-05-31 21:30:00,5949.1
2019-05-31 21:45:00,5898.2
2019-05-31 22:00:00,5836.8
2019-05-31 22:15:00,5784.8
2019-05-31 22:30:00,5744.3
2019-05-31 22:45:00,5707.0
2019-05-31 23:00:00,5661.5
2019-05-31 23:15:00,5616.5
2019-05-31 23:30:00,5572.5
2019-05-31 23:45:00,5561.9
2019-06-01 00:00:00,5523.3
2019-06-01 00:15:00,5483.7
2019-06-01 00:30:00,5456.8
2019-06-01 00:45:00,5433.9
2019-06-01 01:00:00,5428.4
2019-06-01 01:15:00,5423.6
2019-06-01 01:30:00,5408.4
2019-06-01 01:45:00,5402.0
2019-06-01 02:00:00,5400.4
2019-06-01 02:15:00,5389.6
2019-06-01 02:30:00,5376.2
2019-06-01 02:45:00,5390.5
2019-06-01 03:00:00,5392.7
2019-06-01 03:15:00,5399.3
2019-06-01 03:30:00,5411.0
2019-06-01 03:45:00,5407.7
2019-06-01 04:00:00,5400.7
2019-06-01 04:15:00,5393.4
2019-06-01 04:30:00,5406.4
2019-06-01 04:45:00,5434.6
2019-06-01 05:00:00,5483.3
2019-06-01 05:15:00,5512.8
2019-06-01 05:30:00,5549.6
2019-06-01 05:45:00,5584.6
2019-06-01 06:00:00,5634.4
2019-06-01 06:15:00,5681.7
2019-06-01 06:30:00,5733.5
2019-06-01 06:45:00,5788.8
2019-06-01 07:00:00,5855.3
2019-06-01 07:15:00,5912.3
2019-06-01 07:30:00,5973.6
2019-06-01 07:45:00,6022.5
2019-06-01 08:00:00,6067.6
2019-06-01 08:15:00,6096.5
2019-06-01 08:30:00,6134.6
2019-06-01 08:45:00,6169.4
2019-06-01 09:00:00,6191.2
2019-06-01 09:15:00,6204.8
2019-06-01 09:30:00,6228.9
2019-06-01 09:45:00,6235.7
2019-06-01 10:00:00,6231.3
2019-06-01 10:15:00,6253.7
2019-06-01 10:30:00,6252.2
2019-06-01 10:45:00,6248.2
2019-06-01 11:00:00,6243.8
2019-06-01 11:15:00,6235.5
2019-06-01 11:30:00,6202.6
2019-06-01 11:45:00,6208.4
2019-06-01 12:00:00,6185.2
2019-06-01 12:15:00,6165.4
2019-06-01 12:30:00,6134.8
2019-06-01 12:45:00,6124.7
2019-06-01 13:00:00,6103.7
2019-06-01 13:15:00,6106.6
2019-06-01 13:30:00,6077.1
2019-06-01 13:45:00,6054.8
2019-06-01 14:00:00,6053.5
2019-06-01 14:15:00,6041.9
2019-06-01 14:30:00,6029.1
2019-06-01 14:45:00,6014.5
2019-06-01 15:00:00,6022.9
2019-06-01 15:15:00,6019.8
2019-06-01 15:30:00,5990.7
2019-06-01 15:45:00,6005.7
2019-06-01 16:00:00,6009.9
2019-06-01 16:15:00,6016.3
2019-06-01 16:30:00,6025.8
2019-06-01 16:45:00,6033.0
2019-06-01 17:00:00,6045.2
2019-06-01 17:15:00,6040.1
2019-06-01 17:30:00,6028.6
2019-06-01 17:45:00,6037.7
2019-06-01 18:00:00,6025.1
2019-06-01 18:15:00,6009.3
2019-06-01 18:30:00,6012.8
2019-06-01 18:45:00,5983.3
2019-06-01 19:00:00,5969.8
2019-06-01 19:15:00,5929.3
2019-06-01 19:30:00,5915.9
2019-06-01 19:45:00,5895.6
2019-06-01 20:00:00,5880.8
2019-06-01 20:15:00,5866.7
2019-06-01 20:30:00,5851.3
2019-06-01 20:45:00,5859.7
2019-06-01 21:00:00,5874.9
2019-06-01 21:15:00,5839.6
2019-06-01 21:30:00,5788.1
2019-06-01 21:45:00,5746.7
2019-06-01 22:00:00,5701.3
2019-06-01 22:15:00,5667.2
2019-06-01 22:30:00,5626.4
2019-06-01 22:45:00,5575.3
2019-06-01 23:00:00,5538.8
2019-06-01 23:15:00,5504.4
2019-06-01 23:30:00,5475.6
2019-06-01 23:45:00,5439.0
2019-06-02 00:00:00,5414.3
2019-06-02 00:15:00,5385.5
2019-06-02 00:30:00,5369.2
2019-06-02 00:45:00,5359.5
2019-06-02 01:00:00,5333.9
2019-06-02 01:15:00,5296.0
2019-06-02 01:30:00,5291.6
2019-06-02 01:45:00,5282.2
2019-06-02 02:00:00,5282.6
2019-06-02 02:15:00,5272.7
2019-06-02 02:30:00,5276.9
2019-06-02 02:45:00,5267.2
2019-06-02 03:00:00,5266.7
2019-06-02 03:15:00,5265.4
2019-06-02 03:30:00,5264.8
2019-06-02 03:45:00,5262.1
2019-06-02 04:00:00,5244.1
2019-06-02 04:15:00,5223.8
2019-06-02 04:30:00,5235.0
2019-06-02 04:45:00,5241.2
2019-06-02 05:00:00,5264.1
2019-06-02 05:15:00,5278.2
2019-06-02 05:30:00,5309.0
2019-06-02 05:45:00,5331.1
2019-06-02 06:00:00,5363.4
2019-06-02 06:15:00,5400.0
2019-06-02 06:30:00,5463.0
2019-06-02 06:45:00,5511.0
2019-06-02 07:00:00,5578.9
2019-06-02 07:15:00,5630.4
2019-06-02 07:30:00,5672.5
2019-06-02 07:45:00,5727.3
2019-06-02 08:00:00,5770.5
2019-06-02 08:15:00,5803.1
2019-06-02 08:30:00,5854.4
2019-06-02 08:45:00,5862.1
2019-06-02 09:00:00,5882.8
2019-06-02 09:15:00,5904.2
2019-06-02 09:30:00,5929.5
2019-06-02 09:45:00,5943.8
2019-06-02 10:00:00,5964.5
2019-06-02 10:15:00,5987.9
2019-06-02 10:30:00,6003.1
2019-06-02 10:45:00,6005.5
2019-06-02 11:00:00,5991.4
2019-06-02 11:15:00,5984.6
2019-06-02 11:30:00,5970.0
2019-06-02 11:45:00,5950.9
2019-06-02 12:00:00,5938.8
2019-06-02 12:15:00,5916.1
2019-06-02 12:30:00,5882.6
2019-06-02 12:45:00,5859.7
2019-06-02 13:00:00,5856.2
2019-06-02 13:15:00,5836.3
2019-06-02 13:30:00,5828.9
2019-06-02 13:45:00,5801.3
2019-06-02 14:00:00,5807.7
2019-06-02 14:15:00,5800.7
2019-06-02 14:30:00,5793.4
2019-06-02 14:45:00,5780.4
2019-06-02 15:00:00,5786.1
2019-06-02 15:15:00,5793.0
2019-06-02 15:30:00,5801.1
2019-06-02 15:45:00,5801.8
2019-06-02 16:00:00,5848.5
2019-06-02 16:15:00,5871.1
2019-06-02 16:30:00,5867.4
2019-06-02 16:45:00,5877.3
2019-06-02 17:00:00,5921.4
2019-06-02 17:15:00,5923.8
2019-06-02 17:30:00,5929.1
2019-06-02 17:45:00,5937.9
2019-06-02 18:00:00,5949.8
2019-06-02 18:15:00,5958.6
2019-06-02 18:30:00,5965.9
2019-06-02 18:45:00,5978.9
2019-06-02 19:00:00,5968.7
2019-06-02 19:15:00,5969.6
2019-06-02 19:30:00,5943.4
2019-06-02 19:45:00,5944.3
2019-06-02 20:00:00,5931.7
2019-06-02 20:15:00,5904.0
2019-06-02 20:30:00,5888.3
2019-06-02 20:45:00,5911.7
2019-06-02 21:00:00,5952.4
2019-06-02 21:15:00,5953.3
2019-06-02 21:30:00,5904.6
2019-06-02 21:45:00,5870.7
2019-06-02 22:00:00,5816.1
2019-06-02 22:15:00,5766.3
2019-06-02 22:30:00,5733.7
2019-06-02 22:45:00,5720.7
2019-06-02 23:00:00,5697.8
2019-06-02 23:15:00,5660.4
2019-06-02 23:30:00,5641.2
2019-06-02 23:45:00,5604.0
2019-06-03 00:00:00,5568.1
2019-06-03 00:15:00,5548.7
2019-06-03 00:30:00,5551.8
2019-06-03 00:45:00,5543.8
2019-06-03 01:00:00,5521.8
2019-06-03 01:15:00,5512.6
2019-06-03 01:30:00,5509.3
2019-06-03 01:45:00,5504.8
2019-06-03 02:00:00,5506.2
2019-06-03 02:15:00,5503.3
2019-06-03 02:30:00,5480.2
2019-06-03 02:45:00,5471.1
2019-06-03 03:00:00,5482.4
2019-06-03 03:15:00,5487.4
2019-06-03 03:30:00,5500.9
2019-06-03 03:45:00,5521.6
2019-06-03 04:00:00,5596.9
2019-06-03 04:15:00,5648.9
2019-06-03 04:30:00,5711.7
2019-06-03 04:45:00,5821.6
2019-06-03 05:00:00,6019.2
2019-06-03 05:15:00,6161.9
2019-06-03 05:30:00,6263.2
2019-06-03 05:45:00,6356.2
2019-06-03 06:00:00,6470.9
2019-06-03 06:15:00,6541.2
2019-06-03 06:30:00,6610.1
2019-06-03 06:45:00,6675.1
2019-06-03 07:00:00,6714.3
2019-06-03 07:15:00,6758.8
2019-06-03 07:30:00,6789.4
2019-06-03 07:45:00,6829.1
2019-06-03 08:00:00,6801.8
2019-06-03 08:15:00,6828.4
2019-06-03 08:30:00,6859.9
2019-06-03 08:45:00,6888.8
2019-06-03 09:00:00,6898.9
2019-06-03 09:15:00,6924.2
2019-06-03 09:30:00,6947.4
2019-06-03 09:45:00,6970.3
2019-06-03 10:00:00,6992.3
2019-06-03 10:15:00,7020.3
2019-06-03 10:30:00,7041.2
2019-06-03 10:45:00,7047.6
2019-06-03 11:00:00,7019.6
2019-06-03 11:15:00,7013.2
2019-06-03 11:30:00,7000.7
2019-06-03 11:45:00,6994.5
2019-06-03 12:00:00,6988.1
2019-06-03 12:15:00,6964.1
2019-06-03 12:30:00,6951.8
2019-06-03 12:45:00,6921.6
2019-06-03 13:00:00,6907.7
2019-06-03 13:15:00,6916.1
2019-06-03 13:30:00,6913.9
2019-06-03 13:45:00,6908.1
2019-06-03 14:00:00,6912.6
2019-06-03 14:15:00,6921.1
2019-06-03 14:30:00,6909.3
2019-06-03 14:45:00,6882.8
2019-06-03 15:00:00,6872.0
2019-06-03 15:15:00,6839.0
2019-06-03 15:30:00,6798.0
2019-06-03 15:45:00,6788.5
2019-06-03 16:00:00,6795.2
2019-06-03 16:15:00,6801.8
2019-06-03 16:30:00,6812.8
2019-06-03 16:45:00,6803.7
2019-06-03 17:00:00,6793.8
2019-06-03 17:15:00,6773.6
2019-06-03 17:30:00,6762.8
2019-06-03 17:45:00,6758.1
2019-06-03 18:00:00,6749.8
2019-06-03 18:15:00,6732.6
2019-06-03 18:30:00,6731.9
2019-06-03 18:45:00,6720.5
2019-06-03 19:00:00,6675.6
2019-06-03 19:15:00,6611.9
2019-06-03 19:30:00,6581.3
2019-06-03 19:45:00,6555.3
2019-06-03 20:00:00,6529.7
2019-06-03 20:15:00,6501.3
2019-06-03 20:30:00,6470.0
2019-06-03 20:45:00,6431.9
2019-06-03 21:00:00,6374.2
2019-06-03 21:15:00,6323.8
2019-06-03 21:30:00,6274.4
2019-06-03 21:45:00,6212.1
2019-06-03 22:00:00,6130.8
2019-06-03 22:15:00,6083.7
2019-06-03 22:30:00,6035.5
2019-06-03 22:45:00,5997.4
2019-06-03 23:00:00,5934.6
2019-06-03 23:15:00,5888.8
2019-06-03 23:30:00,5872.9
2019-06-03 23:45:00,5850.7
2019-06-04 00:00:00,5829.3
2019-06-04 00:15:00,5807.0
2019-06-04 00:30:00,5792.7
2019-06-04 00:45:00,5779.1
2019-06-04 01:00:00,5747.1
2019-06-04 01:15:00,5739.9
2019-06-04 01:30:00,5739.6
2019-06-04 01:45:00,5744.1
2019-06-04 02:00:00,5745.6
2019-06-04 02:15:00,5745.8
2019-06-04 02:30:00,5754.2
2019-06-04 02:45:00,5754.4
2019-06-04 03:00:00,5773.6
2019-06-04 03:15:00,5783.3
2019-06-04 03:30:00,5805.5
2019-06-04 03:45:00,5835.5
2019-06-04 04:00:00,5896.9
2019-06-04 04:15:00,5930.2
2019-06-04 04:30:00,5986.6
2019-06-04 04:45:00,6063.4
2019-06-04 05:00:00,6224.0
2019-06-04 05:15:00,6353.1
2019-06-04 05:30:00,6436.8
2019-06-04 05:45:00,6524.0
2019-06-04 06:00:00,6632.6
2019-06-04 06:15:00,6691.2
2019-06-04 06:30:00,6759.3
2019-06-04 06:45:00,6809.9
2019-06-04 07:00:00,6856.2
2019-06-04 07:15:00,6878.2
2019-06-04 07:30:00,6893.0
2019-06-04 07:45:00,6928.9
2019-06-04 08:00:00,6902.6
2019-06-04 08:15:00,6921.8
2019-06-04 08:30:00,6948.0
2019-06-04 08:45:00,6981.7
2019-06-04 09:00:00,6984.4
2019-06-04 09:15:00,6991.2
2019-06-04 09:30:00,7009.0
2019-06-04 09:45:00,7038.3
2019-06-04 10:00:00,7036.3
2019-06-04 10:15:00,7052.0
2019-06-04 10:30:00,7063.4
2019-06-04 10:45:00,7074.0
2019-06-04 11:00:00,7032.6
2019-06-04 11:15:00,7029.5
2019-06-04 11:30:00,7030.2
2019-06-04 11:45:00,7033.7
2019-06-04 12:00:00,7032.2
2019-06-04 12:15:00,7014.1
2019-06-04 12:30:00,7009.7
2019-06-04 12:45:00,6976.7
2019-06-04 13:00:00,6955.7
2019-06-04 13:15:00,6967.0
2019-06-04 13:30:00,6959.9
2019-06-04 13:45:00,6937.2
2019-06-04 14:00:00,6926.7
2019-06-04 14:15:00,6901.5
2019-06-04 14:30:00,6878.4
2019-06-04 14:45:00,6853.1
2019-06-04 15:00:00,6839.4
2019-06-04 15:15:00,6821.6
2019-06-04 15:30:00,6807.7
2019-06-04 15:45:00,6805.5
2019-06-04 16:00:00,6808.8
2019-06-04 16:15:00,6796.3
2019-06-04 16:30:00,6801.3
2019-06-04 16:45:00,6807.3
2019-06-04 17:00:00,6765.9
2019-06-04 17:15:00,6766.5
2019-06-04 17:30:00,6774.4
2019-06-04 17:45:00,6784.1
2019-06-04 18:00:00,6761.5
2019-06-04 18:15:00,6737.9
2019-06-04 18:30:00,6730.8
2019-06-04 18:45:00,6725.6
2019-06-04 19:00:00,6700.2
2019-06-04 19:15:00,6657.5
2019-06-04 19:30:00,6632.4
2019-06-04 19:45:00,6600.7
2019-06-04 20:00:00,6556.2
2019-06-04 20:15:00,6516.3
2019-06-04 20:30:00,6506.8
2019-06-04 20:45:00,6480.0
2019-06-04 21:00:00,6445.2
2019-06-04 21:15:00,6407.7
2019-06-04 21:30:00,6344.9
2019-06-04 21:45:00,6291.4
2019-06-04 22:00:00,6216.7
2019-06-04 22:15:00,6174.9
2019-06-04 22:30:00,6132.4
2019-06-04 22:45:00,6086.1
2019-06-04 23:00:00,6024.0
2019-06-04 23:15:00,5985.0
2019-06-04 23:30:00,5964.5
2019-06-04 23:45:00,5918.1
2019-06-05 00:00:00,5890.3
2019-06-05 00:15:00,5887.0
2019-06-05 00:30:00,5857.9
2019-06-05 00:45:00,5845.8
2019-06-05 01:00:00,5804.2
2019-06-05 01:15:00,5797.6
2019-06-05 01:30:00,5787.7
2019-06-05 01:45:00,5773.8
2019-06-05 02:00:00,5784.1
2019-06-05 02:15:00,5788.3
2019-06-05 02:30:00,5781.1
2019-06-05 02:45:00,5775.6
2019-06-05 03:00:00,5800.7
2019-06-05 03:15:00,5818.7
2019-06-05 03:30:00,5837.7
2019-06-05 03:45:00,5866.3
2019-06-05 04:00:00,5919.8
2019-06-05 04:15:00,5923.6
2019-06-05 04:30:00,5978.0
2019-06-05 04:45:00,6056.4
2019-06-05 05:00:00,6240.7
2019-06-05 05:15:00,6342.1
2019-06-05 05:30:00,6446.9
2019-06-05 05:45:00,6545.6
2019-06-05 06:00:00,6658.8
2019-06-05 06:15:00,6723.6
2019-06-05 06:30:00,6775.6
2019-06-05 06:45:00,6809.7
2019-06-05 07:00:00,6857.3
2019-06-05 07:15:00,6897.8
2019-06-05 07:30:00,6912.8
2019-06-05 07:45:00,6918.9
2019-06-05 08:00:00,6909.0
2019-06-05 08:15:00,6935.2
2019-06-05 08:30:00,6957.7
2019-06-05 08:45:00,6976.7
2019-06-05 09:00:00,6988.8
2019-06-05 09:15:00,7005.7
2019-06-05 09:30:00,7026.7
2019-06-05 09:45:00,7062.3
2019-06-05 10:00:00,7057.5
2019-06-05 10:15:00,7089.4
2019-06-05 10:30:00,7098.7
2019-06-05 10:45:00,7093.0
2019-06-05 11:00:00,7036.8
2019-06-05 11:15:00,7033.7
2019-06-05 11:30:00,7035.5
2019-06-05 11:45:00,7044.9
2019-06-05 12:00:00,7053.1
2019-06-05 12:15:00,7050.7
2019-06-05 12:30:00,7023.8
2019-06-05 12:45:00,6982.4
2019-06-05 13:00:00,6972.5
2019-06-05 13:15:00,6961.7
2019-06-05 13:30:00,6943.4
2019-06-05 13:45:00,6940.3
2019-06-05 14:00:00,6925.8
2019-06-05 14:15:00,6907.0
2019-06-05 14:30:00,6893.6
2019-06-05 14:45:00,6868.7
2019-06-05 15:00:00,6861.5
2019-06-05 15:15:00,6856.4
2019-06-05 15:30:00,6835.7
2019-06-05 15:45:00,6820.9
2019-06-05 16:00:00,6827.1
2019-06-05 16:15:00,6829.3
2019-06-05 16:30:00,6828.4
2019-06-05 16:45:00,6813.7
2019-06-05 17:00:00,6802.0
2019-06-05 17:15:00,6787.2
2019-06-05 17:30:00,6789.2
2019-06-05 17:45:00,6790.5
2019-06-05 18:00:00,6768.7
2019-06-05 18:15:00,6744.1
2019-06-05 18:30:00,6737.2
2019-06-05 18:45:00,6736.3
2019-06-05 19:00:00,6680.0
2019-06-05 19:15:00,6630.2
2019-06-05 19:30:00,6576.4
2019-06-05 19:45:00,6552.2
2019-06-05 20:00:00,6489.9
2019-06-05 20:15:00,6458.1
2019-06-05 20:30:00,6439.9
2019-06-05 20:45:00,6425.8
2019-06-05 21:00:00,6380.4
2019-06-05 21:15:00,6347.8
2019-06-05 21:30:00,6294.7
2019-06-05 21:45:00,6255.1
2019-06-05 22:00:00,6177.5
2019-06-05 22:15:00,6121.1
2019-06-05 22:30:00,6062.8
2019-06-05 22:45:00,6005.7
2019-06-05 23:00:00,5993.2
2019-06-05 23:15:00,5959.0
2019-06-05 23:30:00,5939.2
2019-06-05 23:45:00,5933.5
2019-06-06 00:00:00,5910.6
2019-06-06 00:15:00,5883.5
2019-06-06 00:30:00,5865.2
2019-06-06 00:45:00,5835.5
2019-06-06 01:00:00,5805.3
2019-06-06 01:15:00,5811.9
2019-06-06 01:30:00,5825.1
2019-06-06 01:45:00,5820.5
2019-06-06 02:00:00,5845.4
2019-06-06 02:15:00,5836.8
2019-06-06 02:30:00,5840.7
2019-06-06 02:45:00,5836.6
2019-06-06 03:00:00,5848.0
2019-06-06 03:15:00,5843.0
2019-06-06 03:30:00,5851.5
2019-06-06 03:45:00,5888.3
2019-06-06 04:00:00,5968.3
2019-06-06 04:15:00,5992.7
2019-06-06 04:30:00,6028.0
2019-06-06 04:45:00,6081.1
2019-06-06 05:00:00,6247.6
2019-06-06 05:15:00,6357.3
2019-06-06 05:30:00,6423.1
2019-06-06 05:45:00,6508.1
2019-06-06 06:00:00,6616.1
2019-06-06 06:15:00,6686.1
2019-06-06 06:30:00,6764.3
2019-06-06 06:45:00,6837.9
2019-06-06 07:00:00,6877.5
2019-06-06 07:15:00,6885.0
2019-06-06 07:30:00,6892.1
2019-06-06 07:45:00,6907.9
2019-06-06 08:00:00,6900.4
2019-06-06 08:15:00,6918.3
2019-06-06 08:30:00,6955.7
2019-06-06 08:45:00,6983.0
2019-06-06 09:00:00,6994.1
2019-06-06 09:15:00,7018.3
2019-06-06 09:30:00,7040.7
2019-06-06 09:45:00,7071.1
2019-06-06 10:00:00,7077.8
2019-06-06 10:15:00,7076.9
2019-06-06 10:30:00,7090.7
2019-06-06 10:45:00,7107.5
2019-06-06 11:00:00,7064.1
2019-06-06 11:15:00,7055.9
2019-06-06 11:30:00,7045.4
2019-06-06 11:45:00,7046.0
2019-06-06 12:00:00,7045.2
2019-06-06 12:15:00,7023.8
2019-06-06 12:30:00,7004.4
2019-06-06 12:45:00,6969.4
2019-06-06 13:00:00,6930.6
2019-06-06 13:15:00,6894.1
2019-06-06 13:30:00,6882.2
2019-06-06 13:45:00,6870.9
2019-06-06 14:00:00,6847.6
2019-06-06 14:15:00,6818.5
2019-06-06 14:30:00,6794.7
2019-06-06 14:45:00,6771.1
2019-06-06 15:00:00,6743.4
2019-06-06 15:15:00,6724.9
2019-06-06 15:30:00,6718.1
2019-06-06 15:45:00,6703.1
2019-06-06 16:00:00,6709.3
2019-06-06 16:15:00,6706.2
2019-06-06 16:30:00,6714.8
2019-06-06 16:45:00,6708.4
2019-06-06 17:00:00,6685.7
2019-06-06 17:15:00,6665.6
2019-06-06 17:30:00,6654.0
2019-06-06 17:45:00,6641.6
2019-06-06 18:00:00,6632.4
2019-06-06 18:15:00,6608.6
2019-06-06 18:30:00,6588.1
2019-06-06 18:45:00,6570.7
2019-06-06 19:00:00,6511.9
2019-06-06 19:15:00,6460.1
2019-06-06 19:30:00,6405.5
2019-06-06 19:45:00,6389.4
2019-06-06 20:00:00,6367.8
2019-06-06 20:15:00,6343.6
2019-06-06 20:30:00,6317.0
2019-06-06 20:45:00,6289.6
2019-06-06 21:00:00,6269.2
2019-06-06 21:15:00,6219.6
2019-06-06 21:30:00,6163.2
2019-06-06 21:45:00,6121.1
2019-06-06 22:00:00,6044.1
2019-06-06 22:15:00,5991.9
2019-06-06 22:30:00,5940.1
2019-06-06 22:45:00,5894.1
2019-06-06 23:00:00,5863.0
2019-06-06 23:15:00,5824.4
2019-06-06 23:30:00,5796.5
2019-06-06 23:45:00,5768.1
2019-06-07 00:00:00,5743.6
2019-06-07 00:15:00,5727.5
2019-06-07 00:30:00,5701.3
2019-06-07 00:45:00,5688.8
2019-06-07 01:00:00,5659.3
2019-06-07 01:15:00,5653.7
2019-06-07 01:30:00,5647.8
2019-06-07 01:45:00,5658.4
2019-06-07 02:00:00,5664.1
2019-06-07 02:15:00,5668.7
2019-06-07 02:30:00,5671.4
2019-06-07 02:45:00,5678.9
2019-06-07 03:00:00,5700.7
2019-06-07 03:15:00,5727.5
2019-06-07 03:30:00,5733.9
2019-06-07 03:45:00,5753.7
2019-06-07 04:00:00,5797.6
2019-06-07 04:15:00,5841.2
2019-06-07 04:30:00,5896.7
2019-06-07 04:45:00,5962.8
2019-06-07 05:00:00,6098.9
2019-06-07 05:15:00,6206.2
2019-06-07 05:30:00,6296.3
2019-06-07 05:45:00,6376.0
2019-06-07 06:00:00,6466.1
2019-06-07 06:15:00,6526.7
2019-06-07 06:30:00,6579.7
2019-06-07 06:45:00,6636.1
2019-06-07 07:00:00,6700.7
2019-06-07 07:15:00,6725.6
2019-06-07 07:30:00,6754.8
2019-06-07 07:45:00,6764.1
2019-06-07 08:00:00,6750.7
2019-06-07 08:15:00,6765.2
2019-06-07 08:30:00,6784.4
2019-06-07 08:45:00,6799.8
2019-06-07 09:00:00,6800.4
2019-06-07 09:15:00,6820.0
2019-06-07 09:30:00,6856.6
2019-06-07 09:45:00,6887.7
2019-06-07 10:00:00,6884.1
2019-06-07 10:15:00,6898.2
2019-06-07 10:30:00,6915.2
2019-06-07 10:45:00,6914.1
2019-06-07 11:00:00,6890.1
2019-06-07 11:15:00,6892.1
2019-06-07 11:30:00,6898.0
2019-06-07 11:45:00,6891.0
2019-06-07 12:00:00,6863.7
2019-06-07 12:15:00,6865.9
2019-06-07 12:30:00,6848.9
2019-06-07 12:45:00,6822.5
2019-06-07 13:00:00,6798.7
2019-06-07 13:15:00,6769.4
2019-06-07 13:30:00,6752.0
2019-06-07 13:45:00,6733.3
2019-06-07 14:00:00,6741.2
2019-06-07 14:15:00,6714.1
2019-06-07 14:30:00,6707.5
2019-06-07 14:45:00,6688.5
2019-06-07 15:00:00,6684.6
2019-06-07 15:15:00,6667.0
2019-06-07 15:30:00,6653.7
2019-06-07 15:45:00,6648.5
2019-06-07 16:00:00,6653.5
2019-06-07 16:15:00,6647.4
2019-06-07 16:30:00,6620.9
2019-06-07 16:45:00,6606.8
2019-06-07 17:00:00,6577.8
2019-06-07 17:15:00,6565.6
2019-06-07 17:30:00,6546.9
2019-06-07 17:45:00,6542.3
2019-06-07 18:00:00,6523.1
2019-06-07 18:15:00,6481.9
2019-06-07 18:30:00,6490.7
2019-06-07 18:45:00,6476.0
2019-06-07 19:00:00,6428.2
2019-06-07 19:15:00,6389.2
2019-06-07 19:30:00,6375.3
2019-06-07 19:45:00,6337.4
2019-06-07 20:00:00,6286.1
2019-06-07 20:15:00,6229.3
2019-06-07 20:30:00,6215.0
2019-06-07 20:45:00,6216.1
2019-06-07 21:00:00,6179.5
2019-06-07 21:15:00,6134.4
2019-06-07 21:30:00,6064.3
2019-06-07 21:45:00,6012.6
2019-06-07 22:00:00,5945.6
2019-06-07 22:15:00,5900.4
2019-06-07 22:30:00,5883.7
2019-06-07 22:45:00,5849.6
2019-06-07 23:00:00,5793.0
2019-06-07 23:15:00,5736.3
2019-06-07 23:30:00,5712.1
2019-06-07 23:45:00,5701.1
2019-06-08 00:00:00,5676.9
2019-06-08 00:15:00,5655.9
2019-06-08 00:30:00,5641.9
2019-06-08 00:45:00,5629.7
2019-06-08 01:00:00,5624.4
2019-06-08 01:15:00,5602.6
2019-06-08 01:30:00,5591.4
2019-06-08 01:45:00,5578.2
2019-06-08 02:00:00,5558.6
2019-06-08 02:15:00,5553.5
2019-06-08 02:30:00,5537.9
2019-06-08 02:45:00,5543.4
2019-06-08 03:00:00,5560.8
2019-06-08 03:15:00,5545.2
2019-06-08 03:30:00,5549.6
2019-06-08 03:45:00,5535.0
2019-06-08 04:00:00,5536.1
2019-06-08 04:15:00,5548.2
2019-06-08 04:30:00,5558.8
2019-06-08 04:45:00,5565.9
2019-06-08 05:00:00,5605.5
2019-06-08 05:15:00,5641.4
2019-06-08 05:30:00,5683.7
2019-06-08 05:45:00,5716.5
2019-06-08 06:00:00,5781.5
2019-06-08 06:15:00,5815.9
2019-06-08 06:30:00,5863.9
2019-06-08 06:45:00,5916.1
2019-06-08 07:00:00,5968.5
2019-06-08 07:15:00,6002.4
2019-06-08 07:30:00,6046.3
2019-06-08 07:45:00,6092.7
2019-06-08 08:00:00,6139.4
2019-06-08 08:15:00,6158.8
2019-06-08 08:30:00,6202.9
2019-06-08 08:45:00,6232.2
2019-06-08 09:00:00,6229.7
2019-06-08 09:15:00,6247.4
2019-06-08 09:30:00,6286.1
2019-06-08 09:45:00,6295.6
2019-06-08 10:00:00,6335.2
2019-06-08 10:15:00,6335.2
2019-06-08 10:30:00,6336.8
2019-06-08 10:45:00,6321.8
2019-06-08 11:00:00,6298.7
2019-06-08 11:15:00,6274.9
2019-06-08 11:30:00,6246.9
2019-06-08 11:45:00,6195.6
2019-06-08 12:00:00,6186.1
2019-06-08 12:15:00,6175.6
2019-06-08 12:30:00,6163.7
2019-06-08 12:45:00,6144.3
2019-06-08 13:00:00,6088.5
2019-06-08 13:15:00,6068.9
2019-06-08 13:30:00,6051.1
2019-06-08 13:45:00,6025.3
2019-06-08 14:00:00,6027.8
2019-06-08 14:15:00,5991.0
2019-06-08 14:30:00,5984.8
2019-06-08 14:45:00,5966.7
2019-06-08 15:00:00,5989.4
2019-06-08 15:15:00,5979.5
2019-06-08 15:30:00,5992.5
2019-06-08 15:45:00,6000.0
2019-06-08 16:00:00,6037.4
2019-06-08 16:15:00,6037.9
2019-06-08 16:30:00,6035.7
2019-06-08 16:45:00,6018.3
2019-06-08 17:00:00,6023.3
2019-06-08 17:15:00,5996.0
2019-06-08 17:30:00,5987.0
2019-06-08 17:45:00,5964.8
2019-06-08 18:00:00,5976.2
2019-06-08 18:15:00,5956.4
2019-06-08 18:30:00,5930.4
2019-06-08 18:45:00,5908.4
2019-06-08 19:00:00,5890.1
2019-06-08 19:15:00,5859.3
2019-06-08 19:30:00,5820.9
2019-06-08 19:45:00,5786.6
2019-06-08 20:00:00,5772.7
2019-06-08 20:15:00,5757.7
2019-06-08 20:30:00,5761.0
2019-06-08 20:45:00,5763.2
2019-06-08 21:00:00,5769.8
2019-06-08 21:15:00,5751.3
2019-06-08 21:30:00,5705.5
2019-06-08 21:45:00,5672.9
2019-06-08 22:00:00,5618.7
2019-06-08 22:15:00,5582.6
2019-06-08 22:30:00,5556.4
2019-06-08 22:45:00,5531.7
2019-06-08 23:00:00,5486.8
2019-06-08 23:15:00,5454.8
2019-06-08 23:30:00,5429.1
2019-06-08 23:45:00,5388.1
2019-06-09 00:00:00,5358.8
2019-06-09 00:15:00,5340.5
2019-06-09 00:30:00,5324.0
2019-06-09 00:45:00,5306.2
2019-06-09 01:00:00,5281.7
2019-06-09 01:15:00,5278.9
2019-06-09 01:30:00,5258.6
2019-06-09 01:45:00,5241.6
2019-06-09 02:00:00,5253.3
2019-06-09 02:15:00,5243.8
2019-06-09 02:30:00,5235.7
2019-06-09 02:45:00,5231.9
2019-06-09 03:00:00,5252.6
2019-06-09 03:15:00,5247.4
2019-06-09 03:30:00,5237.4
2019-06-09 03:45:00,5212.1
2019-06-09 04:00:00,5216.3
2019-06-09 04:15:00,5191.9
2019-06-09 04:30:00,5181.5
2019-06-09 04:45:00,5179.7
2019-06-09 05:00:00,5205.1
2019-06-09 05:15:00,5220.9
2019-06-09 05:30:00,5250.2
2019-06-09 05:45:00,5259.0
2019-06-09 06:00:00,5279.3
2019-06-09 06:15:00,5318.3
2019-06-09 06:30:00,5371.4
2019-06-09 06:45:00,5419.8
2019-06-09 07:00:00,5466.3
2019-06-09 07:15:00,5511.9
2019-06-09 07:30:00,5557.9
2019-06-09 07:45:00,5604.4
2019-06-09 08:00:00,5645.8
2019-06-09 08:15:00,5676.0
2019-06-09 08:30:00,5696.5
2019-06-09 08:45:00,5724.0
2019-06-09 09:00:00,5741.2
2019-06-09 09:15:00,5767.0
2019-06-09 09:30:00,5786.3
2019-06-09 09:45:00,5828.9
2019-06-09 10:00:00,5852.4
2019-06-09 10:15:00,5872.2
2019-06-09 10:30:00,5889.2
2019-06-09 10:45:00,5883.0
2019-06-09 11:00:00,5878.9
2019-06-09 11:15:00,5867.4
2019-06-09 11:30:00,5842.5
2019-06-09 11:45:00,5814.5
2019-06-09 12:00:00,5782.8
2019-06-09 12:15:00,5750.7
2019-06-09 12:30:00,5721.1
2019-06-09 12:45:00,5693.8
2019-06-09 13:00:00,5689.9
2019-06-09 13:15:00,5668.5
2019-06-09 13:30:00,5643.2
2019-06-09 13:45:00,5616.7
2019-06-09 14:00:00,5634.4
2019-06-09 14:15:00,5625.8
2019-06-09 14:30:00,5592.7
2019-06-09 14:45:00,5573.3
2019-06-09 15:00:00,5589.6
2019-06-09 15:15:00,5586.8
2019-06-09 15:30:00,5594.1
2019-06-09 15:45:00,5593.4
2019-06-09 16:00:00,5616.5
2019-06-09 16:15:00,5608.8
2019-06-09 16:30:00,5622.2
2019-06-09 16:45:00,5643.8
2019-06-09 17:00:00,5672.2
2019-06-09 17:15:00,5683.0
2019-06-09 17:30:00,5689.0
2019-06-09 17:45:00,5694.1
2019-06-09 18:00:00,5709.9
2019-06-09 18:15:00,5709.5
2019-06-09 18:30:00,5707.5
2019-06-09 18:45:00,5694.9
2019-06-09 19:00:00,5704.4
2019-06-09 19:15:00,5674.9
2019-06-09 19:30:00,5658.6
2019-06-09 19:45:00,5643.4
2019-06-09 20:00:00,5632.2
2019-06-09 20:15:00,5627.1
2019-06-09 20:30:00,5628.4
2019-06-09 20:45:00,5638.1
2019-06-09 21:00:00,5646.0
2019-06-09 21:15:00,5617.0
2019-06-09 21:30:00,5583.3
2019-06-09 21:45:00,5563.0
2019-06-09 22:00:00,5508.6
2019-06-09 22:15:00,5461.9
2019-06-09 22:30:00,5428.9
2019-06-09 22:45:00,5405.7
2019-06-09 23:00:00,5376.2
2019-06-09 23:15:00,5340.1
2019-06-09 23:30:00,5315.4
2019-06-09 23:45:00,5294.5
2019-06-10 00:00:00,5262.1
2019-06-10 00:15:00,5251.3
2019-06-10 00:30:00,5240.5
2019-06-10 00:45:00,5228.0
2019-06-10 01:00:00,5224.2
2019-06-10 01:15:00,5212.8
2019-06-10 01:30:00,5210.4
2019-06-10 01:45:00,5195.4
2019-06-10 02:00:00,5185.5
2019-06-10 02:15:00,5177.5
2019-06-10 02:30:00,5179.1
2019-06-10 02:45:00,5162.3
2019-06-10 03:00:00,5173.8
2019-06-10 03:15:00,5177.1
2019-06-10 03:30:00,5182.2
2019-06-10 03:45:00,5177.3
2019-06-10 04:00:00,5186.8
2019-06-10 04:15:00,5187.4
2019-06-10 04:30:00,5203.1
2019-06-10 04:45:00,5217.4
2019-06-10 05:00:00,5226.9
2019-06-10 05:15:00,5241.6
2019-06-10 05:30:00,5258.1
2019-06-10 05:45:00,5276.9
2019-06-10 06:00:00,5319.8
2019-06-10 06:15:00,5361.7
2019-06-10 06:30:00,5396.3
2019-06-10 06:45:00,5454.0
2019-06-10 07:00:00,5507.3
2019-06-10 07:15:00,5543.4
2019-06-10 07:30:00,5586.6
2019-06-10 07:45:00,5614.8
2019-06-10 08:00:00,5663.9
2019-06-10 08:15:00,5698.7
2019-06-10 08:30:00,5730.0
2019-06-10 08:45:00,5749.1
2019-06-10 09:00:00,5777.5
2019-06-10 09:15:00,5789.4
2019-06-10 09:30:00,5798.7
2019-06-10 09:45:00,5838.8
2019-06-10 10:00:00,5871.8
2019-06-10 10:15:00,5882.4
2019-06-10 10:30:00,5918.5
2019-06-10 10:45:00,5957.5
2019-06-10 11:00:00,5977.1
2019-06-10 11:15:00,5977.1
2019-06-10 11:30:00,5977.3
2019-06-10 11:45:00,5974.9
2019-06-10 12:00:00,5942.7
2019-06-10 12:15:00,5938.1
2019-06-10 12:30:00,5907.7
2019-06-10 12:45:00,5874.7
2019-06-10 13:00:00,5855.3
2019-06-10 13:15:00,5849.6
2019-06-10 13:30:00,5840.5
2019-06-10 13:45:00,5852.9
2019-06-10 14:00:00,5851.8
2019-06-10 14:15:00,5836.8
2019-06-10 14:30:00,5811.5
2019-06-10 14:45:00,5798.9
2019-06-10 15:00:00,5811.2
2019-06-10 15:15:00,5812.8
2019-06-10 15:30:00,5807.7
2019-06-10 15:45:00,5823.8
2019-06-10 16:00:00,5850.0
2019-06-10 16:15:00,5862.6
2019-06-10 16:30:00,5894.1
2019-06-10 16:45:00,5921.1
2019-06-10 17:00:00,5926.0
2019-06-10 17:15:00,5923.1
2019-06-10 17:30:00,5935.7
2019-06-10 17:45:00,5941.4
2019-06-10 18:00:00,5946.7
2019-06-10 18:15:00,5918.9
2019-06-10 18:30:00,5926.0
2019-06-10 18:45:00,5900.9
2019-06-10 19:00:00,5884.6
2019-06-10 19:15:00,5855.9
2019-06-10 19:30:00,5834.1
2019-06-10 19:45:00,5822.2
2019-06-10 20:00:00,5828.2
2019-06-10 20:15:00,5825.3
2019-06-10 20:30:00,5835.0
2019-06-10 20:45:00,5849.6
2019-06-10 21:00:00,5845.4
2019-06-10 21:15:00,5814.8
2019-06-10 21:30:00,5767.2
2019-06-10 21:45:00,5734.4
2019-06-10 22:00:00,5676.4
2019-06-10 22:15:00,5620.7
2019-06-10 22:30:00,5566.7
2019-06-10 22:45:00,5551.8
2019-06-10 23:00:00,5520.9
2019-06-10 23:15:00,5511.7
2019-06-10 23:30:00,5496.3
2019-06-10 23:45:00,5477.3
2019-06-11 00:00:00,5467.2
2019-06-11 00:15:00,5441.2
2019-06-11 00:30:00,5426.7
2019-06-11 00:45:00,5416.1
2019-06-11 01:00:00,5405.3
2019-06-11 01:15:00,5394.5
2019-06-11 01:30:00,5400.7
2019-06-11 01:45:00,5404.2
2019-06-11 02:00:00,5394.9
2019-06-11 02:15:00,5393.8
2019-06-11 02:30:00,5395.8
2019-06-11 02:45:00,5419.2
2019-06-11 03:00:00,5455.3
2019-06-11 03:15:00,5468.3
2019-06-11 03:30:00,5490.1
2019-06-11 03:45:00,5525.3
2019-06-11 04:00:00,5599.8
2019-06-11 04:15:00,5654.0
2019-06-11 04:30:00,5725.3
2019-06-11 04:45:00,5828.2
2019-06-11 05:00:00,6017.6
2019-06-11 05:15:00,6133.0
2019-06-11 05:30:00,6236.3
2019-06-11 05:45:00,6318.3
2019-06-11 06:00:00,6420.5
2019-06-11 06:15:00,6482.6
2019-06-11 06:30:00,6543.8
2019-06-11 06:45:00,6587.9
2019-06-11 07:00:00,6618.7
2019-06-11 07:15:00,6641.4
2019-06-11 07:30:00,6658.8
2019-06-11 07:45:00,6697.4
2019-06-11 08:00:00,6710.8
2019-06-11 08:15:00,6743.4
2019-06-11 08:30:00,6778.9
2019-06-11 08:45:00,6821.4
2019-06-11 09:00:00,6843.0
2019-06-11 09:15:00,6857.7
2019-06-11 09:30:00,6879.3
2019-06-11 09:45:00,6904.6
2019-06-11 10:00:00,6923.8
2019-06-11 10:15:00,6972.0
2019-06-11 10:30:00,6968.9
2019-06-11 10:45:00,6988.3
2019-06-11 11:00:00,6954.6
2019-06-11 11:15:00,6957.7
2019-06-11 11:30:00,6961.2
2019-06-11 11:45:00,6956.8
2019-06-11 12:00:00,6940.3
2019-06-11 12:15:00,6929.5
2019-06-11 12:30:00,6895.2
2019-06-11 12:45:00,6861.5
2019-06-11 13:00:00,6842.7
2019-06-11 13:15:00,6840.7
2019-06-11 13:30:00,6837.2
2019-06-11 13:45:00,6826.9
2019-06-11 14:00:00,6842.1
2019-06-11 14:15:00,6821.1
2019-06-11 14:30:00,6811.0
2019-06-11 14:45:00,6796.3
2019-06-11 15:00:00,6766.1
2019-06-11 15:15:00,6741.0
2019-06-11 15:30:00,6724.4
2019-06-11 15:45:00,6711.0
2019-06-11 16:00:00,6697.1
2019-06-11 16:15:00,6691.4
2019-06-11 16:30:00,6701.3
2019-06-11 16:45:00,6715.4
2019-06-11 17:00:00,6698.9
2019-06-11 17:15:00,6696.0
2019-06-11 17:30:00,6705.7
2019-06-11 17:45:00,6705.9
2019-06-11 18:00:00,6694.9
2019-06-11 18:15:00,6653.7
2019-06-11 18:30:00,6639.4
2019-06-11 18:45:00,6617.0
2019-06-11 19:00:00,6581.9
2019-06-11 19:15:00,6539.4
2019-06-11 19:30:00,6502.0
2019-06-11 19:45:00,6471.8
2019-06-11 20:00:00,6440.1
2019-06-11 20:15:00,6409.0
2019-06-11 20:30:00,6391.6
2019-06-11 20:45:00,6366.7
2019-06-11 21:00:00,6328.4
2019-06-11 21:15:00,6295.8
2019-06-11 21:30:00,6248.5
2019-06-11 21:45:00,6189.4
2019-06-11 22:00:00,6130.2
2019-06-11 22:15:00,6078.0
2019-06-11 22:30:00,6024.2
2019-06-11 22:45:00,5977.8
2019-06-11 23:00:00,5914.1
2019-06-11 23:15:00,5870.0
2019-06-11 23:30:00,5856.4
2019-06-11 23:45:00,5834.1
2019-06-12 00:00:00,5796.0
2019-06-12 00:15:00,5791.0
2019-06-12 00:30:00,5770.9
2019-06-12 00:45:00,5757.0
2019-06-12 01:00:00,5733.5
2019-06-12 01:15:00,5738.5
2019-06-12 01:30:00,5731.5
2019-06-12 01:45:00,5745.8
2019-06-12 02:00:00,5740.5
2019-06-12 02:15:00,5738.1
2019-06-12 02:30:00,5741.9
2019-06-12 02:45:00,5731.1
2019-06-12 03:00:00,5739.0
2019-06-12 03:15:00,5733.7
2019-06-12 03:30:00,5764.8
2019-06-12 03:45:00,5784.6
2019-06-12 04:00:00,5856.2
2019-06-12 04:15:00,5903.3
2019-06-12 04:30:00,5968.1
2019-06-12 04:45:00,6065.6
2019-06-12 05:00:00,6235.7
2019-06-12 05:15:00,6353.7
2019-06-12 05:30:00,6453.1
2019-06-12 05:45:00,6518.3
2019-06-12 06:00:00,6609.0
2019-06-12 06:15:00,6675.1
2019-06-12 06:30:00,6723.6
2019-06-12 06:45:00,6773.3
2019-06-12 07:00:00,6824.2
2019-06-12 07:15:00,6852.9
2019-06-12 07:30:00,6881.7
2019-06-12 07:45:00,6901.1
2019-06-12 08:00:00,6905.3
2019-06-12 08:15:00,6916.7
2019-06-12 08:30:00,6950.0
2019-06-12 08:45:00,6993.4
2019-06-12 09:00:00,7018.7
2019-06-12 09:15:00,7023.3
2019-06-12 09:30:00,7047.8
2019-06-12 09:45:00,7070.3
2019-06-12 10:00:00,7085.5
2019-06-12 10:15:00,7116.3
2019-06-12 10:30:00,7141.2
2019-06-12 10:45:00,7133.7
2019-06-12 11:00:00,7094.1
2019-06-12 11:15:00,7085.2
2019-06-12 11:30:00,7069.6
2019-06-12 11:45:00,7080.6
2019-06-12 12:00:00,7048.9
2019-06-12 12:15:00,7039.2
2019-06-12 12:30:00,6992.5
2019-06-12 12:45:00,6948.5
2019-06-12 13:00:00,6911.2
2019-06-12 13:15:00,6935.2
2019-06-12 13:30:00,6957.0
2019-06-12 13:45:00,6946.5
2019-06-12 14:00:00,6894.9
2019-06-12 14:15:00,6854.2
2019-06-12 14:30:00,6824.2
2019-06-12 14:45:00,6802.9
2019-06-12 15:00:00,6791.6
2019-06-12 15:15:00,6760.8
2019-06-12 15:30:00,6741.0
2019-06-12 15:45:00,6736.8
2019-06-12 16:00:00,6730.4
2019-06-12 16:15:00,6736.8
2019-06-12 16:30:00,6753.1
2019-06-12 16:45:00,6754.4
2019-06-12 17:00:00,6746.5
2019-06-12 17:15:00,6716.1
2019-06-12 17:30:00,6725.8
2019-06-12 17:45:00,6711.7
2019-06-12 18:00:00,6693.8
2019-06-12 18:15:00,6660.6
2019-06-12 18:30:00,6641.9
2019-06-12 18:45:00,6634.4
2019-06-12 19:00:00,6590.1
2019-06-12 19:15:00,6548.7
2019-06-12 19:30:00,6525.8
2019-06-12 19:45:00,6474.2
2019-06-12 20:00:00,6441.9
2019-06-12 20:15:00,6402.2
2019-06-12 20:30:00,6383.3
2019-06-12 20:45:00,6384.6
2019-06-12 21:00:00,6351.5
2019-06-12 21:15:00,6299.8
2019-06-12 21:30:00,6253.1
2019-06-12 21:45:00,6199.1
2019-06-12 22:00:00,6133.7
2019-06-12 22:15:00,6086.1
2019-06-12 22:30:00,6036.1
2019-06-12 22:45:00,5991.0
2019-06-12 23:00:00,5904.6
2019-06-12 23:15:00,5857.7
2019-06-12 23:30:00,5826.9
2019-06-12 23:45:00,5810.8
2019-06-13 00:00:00,5753.7
2019-06-13 00:15:00,5749.1
2019-06-13 00:30:00,5722.2
2019-06-13 00:45:00,5712.1
2019-06-13 01:00:00,5682.8
2019-06-13 01:15:00,5676.9
2019-06-13 01:30:00,5665.6
2019-06-13 01:45:00,5670.7
2019-06-13 02:00:00,5692.7
2019-06-13 02:15:00,5690.5
2019-06-13 02:30:00,5694.1
2019-06-13 02:45:00,5704.4
2019-06-13 03:00:00,5743.8
2019-06-13 03:15:00,5770.3
2019-06-13 03:30:00,5766.1
2019-06-13 03:45:00,5779.3
2019-06-13 04:00:00,5841.9
2019-06-13 04:15:00,5870.5
2019-06-13 04:30:00,5913.4
2019-06-13 04:45:00,5995.8
2019-06-13 05:00:00,6164.1
2019-06-13 05:15:00,6270.7
2019-06-13 05:30:00,6363.2
2019-06-13 05:45:00,6444.1
2019-06-13 06:00:00,6559.7
2019-06-13 06:15:00,6620.9
2019-06-13 06:30:00,6659.5
2019-06-13 06:45:00,6699.1
2019-06-13 07:00:00,6751.3
2019-06-13 07:15:00,6778.6
2019-06-13 07:30:00,6804.6
2019-06-13 07:45:00,6823.6
2019-06-13 08:00:00,6824.2
2019-06-13 08:15:00,6838.8
2019-06-13 08:30:00,6866.3
2019-06-13 08:45:00,6880.6
2019-06-13 09:00:00,6876.0
2019-06-13 09:15:00,6889.9
2019-06-13 09:30:00,6913.2
2019-06-13 09:45:00,6954.2
2019-06-13 10:00:00,6971.8
2019-06-13 10:15:00,6993.6
2019-06-13 10:30:00,7011.9
2019-06-13 10:45:00,7021.4
2019-06-13 11:00:00,7000.0
2019-06-13 11:15:00,6973.8
2019-06-13 11:30:00,6982.4
2019-06-13 11:45:00,6973.6
2019-06-13 12:00:00,6964.1
2019-06-13 12:15:00,6956.4
2019-06-13 12:30:00,6936.1
2019-06-13 12:45:00,6894.9
2019-06-13 13:00:00,6904.2
2019-06-13 13:15:00,6895.8
2019-06-13 13:30:00,6872.0
2019-06-13 13:45:00,6856.2
2019-06-13 14:00:00,6837.0
2019-06-13 14:15:00,6811.5
2019-06-13 14:30:00,6784.6
2019-06-13 14:45:00,6763.0
2019-06-13 15:00:00,6746.5
2019-06-13 15:15:00,6730.0
2019-06-13 15:30:00,6696.5
2019-06-13 15:45:00,6678.0
2019-06-13 16:00:00,6680.0
2019-06-13 16:15:00,6689.4
2019-06-13 16:30:00,6689.2
2019-06-13 16:45:00,6693.2
2019-06-13 17:00:00,6667.4
2019-06-13 17:15:00,6656.6
2019-06-13 17:30:00,6652.0
2019-06-13 17:45:00,6654.6
2019-06-13 18:00:00,6635.9
2019-06-13 18:15:00,6609.7
2019-06-13 18:30:00,6596.9
2019-06-13 18:45:00,6586.1
2019-06-13 19:00:00,6550.4
2019-06-13 19:15:00,6507.3
2019-06-13 19:30:00,6455.9
2019-06-13 19:45:00,6424.4
2019-06-13 20:00:00,6412.1
2019-06-13 20:15:00,6356.6
2019-06-13 20:30:00,6326.7
2019-06-13 20:45:00,6345.8
2019-06-13 21:00:00,6311.0
2019-06-13 21:15:00,6287.7
2019-06-13 21:30:00,6245.6
2019-06-13 21:45:00,6194.9
2019-06-13 22:00:00,6140.3
2019-06-13 22:15:00,6080.4
2019-06-13 22:30:00,6018.9
2019-06-13 22:45:00,5990.3
2019-06-13 23:00:00,5931.3
2019-06-13 23:15:00,5898.5
2019-06-13 23:30:00,5865.2
2019-06-13 23:45:00,5836.3
2019-06-14 00:00:00,5811.2
2019-06-14 00:15:00,5797.8
2019-06-14 00:30:00,5783.5
2019-06-14 00:45:00,5778.9
2019-06-14 01:00:00,5752.2
2019-06-14 01:15:00,5732.4
2019-06-14 01:30:00,5727.3
2019-06-14 01:45:00,5700.7
2019-06-14 02:00:00,5723.6
2019-06-14 02:15:00,5715.0
2019-06-14 02:30:00,5705.7
2019-06-14 02:45:00,5711.0
2019-06-14 03:00:00,5728.4
2019-06-14 03:15:00,5726.9
2019-06-14 03:30:00,5756.2
2019-06-14 03:45:00,5756.6
2019-06-14 04:00:00,5810.8
2019-06-14 04:15:00,5839.6
2019-06-14 04:30:00,5887.2
2019-06-14 04:45:00,5976.7
2019-06-14 05:00:00,6135.0
2019-06-14 05:15:00,6244.3
2019-06-14 05:30:00,6334.8
2019-06-14 05:45:00,6406.4
2019-06-14 06:00:00,6506.2
2019-06-14 06:15:00,6560.4
2019-06-14 06:30:00,6615.2
2019-06-14 06:45:00,6663.2
2019-06-14 07:00:00,6741.2
2019-06-14 07:15:00,6767.6
2019-06-14 07:30:00,6797.8
2019-06-14 07:45:00,6834.8
2019-06-14 08:00:00,6830.8
2019-06-14 08:15:00,6834.4
2019-06-14 08:30:00,6858.1
2019-06-14 08:45:00,6883.3
2019-06-14 09:00:00,6893.8
2019-06-14 09:15:00,6916.3
2019-06-14 09:30:00,6948.7
2019-06-14 09:45:00,6969.2
2019-06-14 10:00:00,6972.7
2019-06-14 10:15:00,6969.8
2019-06-14 10:30:00,6974.9
2019-06-14 10:45:00,6968.7
2019-06-14 11:00:00,6944.5
2019-06-14 11:15:00,6928.2
2019-06-14 11:30:00,6916.1
2019-06-14 11:45:00,6883.5
2019-06-14 12:00:00,6873.8
2019-06-14 12:15:00,6850.4
2019-06-14 12:30:00,6827.5
2019-06-14 12:45:00,6794.5
2019-06-14 13:00:00,6780.2
2019-06-14 13:15:00,6798.0
2019-06-14 13:30:00,6780.4
2019-06-14 13:45:00,6775.8
2019-06-14 14:00:00,6776.0
2019-06-14 14:15:00,6754.6
2019-06-14 14:30:00,6731.7
2019-06-14 14:45:00,6717.8
2019-06-14 15:00:00,6687.4
2019-06-14 15:15:00,6671.8
2019-06-14 15:30:00,6659.7
2019-06-14 15:45:00,6666.3
2019-06-14 16:00:00,6673.6
2019-06-14 16:15:00,6645.4
2019-06-14 16:30:00,6655.3
2019-06-14 16:45:00,6659.9
2019-06-14 17:00:00,6638.8
2019-06-14 17:15:00,6612.3
2019-06-14 17:30:00,6637.2
2019-06-14 17:45:00,6635.2
2019-06-14 18:00:00,6616.3
2019-06-14 18:15:00,6595.2
2019-06-14 18:30:00,6578.6
2019-06-14 18:45:00,6553.7
2019-06-14 19:00:00,6511.7
2019-06-14 19:15:00,6456.4
2019-06-14 19:30:00,6416.7
2019-06-14 19:45:00,6376.9
2019-06-14 20:00:00,6343.4
2019-06-14 20:15:00,6310.1
2019-06-14 20:30:00,6305.9
2019-06-14 20:45:00,6275.1
2019-06-14 21:00:00,6257.7
2019-06-14 21:15:00,6236.1
2019-06-14 21:30:00,6187.4
2019-06-14 21:45:00,6140.5
2019-06-14 22:00:00,6073.3
2019-06-14 22:15:00,6026.2
2019-06-14 22:30:00,5980.4
2019-06-14 22:45:00,5940.7
2019-06-14 23:00:00,5872.7
2019-06-14 23:15:00,5835.7
2019-06-14 23:30:00,5798.0
2019-06-14 23:45:00,5764.8
2019-06-15 00:00:00,5733.3
2019-06-15 00:15:00,5697.6
2019-06-15 00:30:00,5668.7
2019-06-15 00:45:00,5652.9
2019-06-15 01:00:00,5623.3
2019-06-15 01:15:00,5604.2
2019-06-15 01:30:00,5590.7
2019-06-15 01:45:00,5587.4
2019-06-15 02:00:00,5587.4
2019-06-15 02:15:00,5581.3
2019-06-15 02:30:00,5572.0
2019-06-15 02:45:00,5578.4
2019-06-15 03:00:00,5561.9
2019-06-15 03:15:00,5549.3
2019-06-15 03:30:00,5540.5
2019-06-15 03:45:00,5529.7
2019-06-15 04:00:00,5511.9
2019-06-15 04:15:00,5492.5
2019-06-15 04:30:00,5492.5
2019-06-15 04:45:00,5517.6
2019-06-15 05:00:00,5593.0
2019-06-15 05:15:00,5624.0
2019-06-15 05:30:00,5670.7
2019-06-15 05:45:00,5741.4
2019-06-15 06:00:00,5820.7
2019-06-15 06:15:00,5860.8
2019-06-15 06:30:00,5911.2
2019-06-15 06:45:00,5955.7
2019-06-15 07:00:00,5990.7
2019-06-15 07:15:00,6029.3
2019-06-15 07:30:00,6075.1
2019-06-15 07:45:00,6130.6
2019-06-15 08:00:00,6170.0
2019-06-15 08:15:00,6222.2
2019-06-15 08:30:00,6258.6
2019-06-15 08:45:00,6312.1
2019-06-15 09:00:00,6348.2
2019-06-15 09:15:00,6386.8
2019-06-15 09:30:00,6402.0
2019-06-15 09:45:00,6410.8
2019-06-15 10:00:00,6399.1
2019-06-15 10:15:00,6410.8
2019-06-15 10:30:00,6418.5
2019-06-15 10:45:00,6407.3
2019-06-15 11:00:00,6363.0
2019-06-15 11:15:00,6334.4
2019-06-15 11:30:00,6327.8
2019-06-15 11:45:00,6292.7
2019-06-15 12:00:00,6245.6
2019-06-15 12:15:00,6217.0
2019-06-15 12:30:00,6179.5
2019-06-15 12:45:00,6161.2
2019-06-15 13:00:00,6145.8
2019-06-15 13:15:00,6110.4
2019-06-15 13:30:00,6084.4
2019-06-15 13:45:00,6050.0
2019-06-15 14:00:00,6057.7
2019-06-15 14:15:00,6044.3
2019-06-15 14:30:00,6074.7
2019-06-15 14:45:00,6088.5
2019-06-15 15:00:00,6094.1
2019-06-15 15:15:00,6094.1
2019-06-15 15:30:00,6072.5
2019-06-15 15:45:00,6091.4
2019-06-15 16:00:00,6125.3
2019-06-15 16:15:00,6117.4
2019-06-15 16:30:00,6117.2
2019-06-15 16:45:00,6111.7
2019-06-15 17:00:00,6102.2
2019-06-15 17:15:00,6097.8
2019-06-15 17:30:00,6090.1
2019-06-15 17:45:00,6090.1
2019-06-15 18:00:00,6113.7
2019-06-15 18:15:00,6077.5
2019-06-15 18:30:00,6054.4
2019-06-15 18:45:00,6022.9
2019-06-15 19:00:00,5991.4
2019-06-15 19:15:00,5941.2
2019-06-15 19:30:00,5908.8
2019-06-15 19:45:00,5870.0
2019-06-15 20:00:00,5855.1
2019-06-15 20:15:00,5826.7
2019-06-15 20:30:00,5820.3
2019-06-15 20:45:00,5826.4
2019-06-15 21:00:00,5834.1
2019-06-15 21:15:00,5810.4
2019-06-15 21:30:00,5782.6
2019-06-15 21:45:00,5751.1
2019-06-15 22:00:00,5680.8
2019-06-15 22:15:00,5626.4
2019-06-15 22:30:00,5602.6
2019-06-15 22:45:00,5574.9
2019-06-15 23:00:00,5500.9
2019-06-15 23:15:00,5467.6
2019-06-15 23:30:00,5446.5
2019-06-15 23:45:00,5425.3
2019-06-16 00:00:00,5376.0
2019-06-16 00:15:00,5361.5
2019-06-16 00:30:00,5353.3
2019-06-16 00:45:00,5343.6
2019-06-16 01:00:00,5337.0
2019-06-16 01:15:00,5324.9
2019-06-16 01:30:00,5317.6
2019-06-16 01:45:00,5317.0
2019-06-16 02:00:00,5319.2
2019-06-16 02:15:00,5315.4
2019-06-16 02:30:00,5293.8
2019-06-16 02:45:00,5295.2
2019-06-16 03:00:00,5309.5
2019-06-16 03:15:00,5320.7
2019-06-16 03:30:00,5317.6
2019-06-16 03:45:00,5313.0
2019-06-16 04:00:00,5315.4
2019-06-16 04:15:00,5316.3
2019-06-16 04:30:00,5313.9
2019-06-16 04:45:00,5323.1
2019-06-16 05:00:00,5341.6
2019-06-16 05:15:00,5346.3
2019-06-16 05:30:00,5361.2
2019-06-16 05:45:00,5397.8
2019-06-16 06:00:00,5441.4
2019-06-16 06:15:00,5465.0
2019-06-16 06:30:00,5507.3
2019-06-16 06:45:00,5553.7
2019-06-16 07:00:00,5604.8
2019-06-16 07:15:00,5647.6
2019-06-16 07:30:00,5682.6
2019-06-16 07:45:00,5708.4
2019-06-16 08:00:00,5754.6
2019-06-16 08:15:00,5782.6
2019-06-16 08:30:00,5802.4
2019-06-16 08:45:00,5834.8
2019-06-16 09:00:00,5855.5
2019-06-16 09:15:00,5872.5
2019-06-16 09:30:00,5917.6
2019-06-16 09:45:00,5958.6
2019-06-16 10:00:00,5998.0
2019-06-16 10:15:00,6039.0
2019-06-16 10:30:00,6059.0
2019-06-16 10:45:00,6054.6
2019-06-16 11:00:00,6065.9
2019-06-16 11:15:00,6057.7
2019-06-16 11:30:00,6023.3
2019-06-16 11:45:00,5985.7
2019-06-16 12:00:00,5972.5
2019-06-16 12:15:00,5949.3
2019-06-16 12:30:00,5942.7
2019-06-16 12:45:00,5915.4
2019-06-16 13:00:00,5906.4
2019-06-16 13:15:00,5886.6
2019-06-16 13:30:00,5866.5
2019-06-16 13:45:00,5838.1
2019-06-16 14:00:00,5861.9
2019-06-16 14:15:00,5847.4
2019-06-16 14:30:00,5850.0
2019-06-16 14:45:00,5828.9
2019-06-16 15:00:00,5833.9
2019-06-16 15:15:00,5821.6
2019-06-16 15:30:00,5809.3
2019-06-16 15:45:00,5826.7
2019-06-16 16:00:00,5868.5
2019-06-16 16:15:00,5856.6
2019-06-16 16:30:00,5850.4
2019-06-16 16:45:00,5876.2
2019-06-16 17:00:00,5919.4
2019-06-16 17:15:00,5925.6
2019-06-16 17:30:00,5923.3
2019-06-16 17:45:00,5942.7
2019-06-16 18:00:00,5953.3
2019-06-16 18:15:00,5922.0
2019-06-16 18:30:00,5920.9
2019-06-16 18:45:00,5918.3
2019-06-16 19:00:00,5922.5
2019-06-16 19:15:00,5901.1
2019-06-16 19:30:00,5889.6
2019-06-16 19:45:00,5870.3
2019-06-16 20:00:00,5854.6
2019-06-16 20:15:00,5843.4
2019-06-16 20:30:00,5839.0
2019-06-16 20:45:00,5864.5
2019-06-16 21:00:00,5898.7
2019-06-16 21:15:00,5898.7
2019-06-16 21:30:00,5877.5
2019-06-16 21:45:00,5844.7
2019-06-16 22:00:00,5784.6
2019-06-16 22:15:00,5748.9
2019-06-16 22:30:00,5698.7
2019-06-16 22:45:00,5670.5
2019-06-16 23:00:00,5635.5
2019-06-16 23:15:00,5607.0
2019-06-16 23:30:00,5598.7
2019-06-16 23:45:00,5561.5
2019-06-17 00:00:00,5548.5
2019-06-17 00:15:00,5533.5
2019-06-17 00:30:00,5521.6
2019-06-17 00:45:00,5501.8
2019-06-17 01:00:00,5485.0
2019-06-17 01:15:00,5468.1
2019-06-17 01:30:00,5469.6
2019-06-17 01:45:00,5472.2
2019-06-17 02:00:00,5483.9
2019-06-17 02:15:00,5491.9
2019-06-17 02:30:00,5483.9
2019-06-17 02:45:00,5507.0
2019-06-17 03:00:00,5554.6
2019-06-17 03:15:00,5582.4
2019-06-17 03:30:00,5590.3
2019-06-17 03:45:00,5614.5
2019-06-17 04:00:00,5684.8
2019-06-17 04:15:00,5716.5
2019-06-17 04:30:00,5791.4
2019-06-17 04:45:00,5878.4
2019-06-17 05:00:00,6046.3
2019-06-17 05:15:00,6170.7
2019-06-17 05:30:00,6266.3
2019-06-17 05:45:00,6358.4
2019-06-17 06:00:00,6468.7
2019-06-17 06:15:00,6543.2
2019-06-17 06:30:00,6595.4
2019-06-17 06:45:00,6634.6
2019-06-17 07:00:00,6713.0
2019-06-17 07:15:00,6742.7
2019-06-17 07:30:00,6772.0
2019-06-17 07:45:00,6803.1
2019-06-17 08:00:00,6783.5
2019-06-17 08:15:00,6794.7
2019-06-17 08:30:00,6825.1
2019-06-17 08:45:00,6845.8
2019-06-17 09:00:00,6863.7
2019-06-17 09:15:00,6863.7
2019-06-17 09:30:00,6880.0
2019-06-17 09:45:00,6906.2
2019-06-17 10:00:00,6923.6
2019-06-17 10:15:00,6926.7
2019-06-17 10:30:00,6967.6
2019-06-17 10:45:00,6971.1
2019-06-17 11:00:00,6933.7
2019-06-17 11:15:00,6930.8
2019-06-17 11:30:00,6937.9
2019-06-17 11:45:00,6938.8
2019-06-17 12:00:00,6931.7
2019-06-17 12:15:00,6933.7
2019-06-17 12:30:00,6905.3
2019-06-17 12:45:00,6882.2
2019-06-17 13:00:00,6868.1
2019-06-17 13:15:00,6861.2
2019-06-17 13:30:00,6841.9
2019-06-17 13:45:00,6823.8
2019-06-17 14:00:00,6810.4
2019-06-17 14:15:00,6798.5
2019-06-17 14:30:00,6767.0
2019-06-17 14:45:00,6749.8
2019-06-17 15:00:00,6741.4
2019-06-17 15:15:00,6721.4
2019-06-17 15:30:00,6705.1
2019-06-17 15:45:00,6704.6
2019-06-17 16:00:00,6711.5
2019-06-17 16:15:00,6704.2
2019-06-17 16:30:00,6703.7
2019-06-17 16:45:00,6706.6
2019-06-17 17:00:00,6695.4
2019-06-17 17:15:00,6680.2
2019-06-17 17:30:00,6687.9
2019-06-17 17:45:00,6701.1
2019-06-17 18:00:00,6696.5
2019-06-17 18:15:00,6655.1
2019-06-17 18:30:00,6647.8
2019-06-17 18:45:00,6639.4
2019-06-17 19:00:00,6600.7
2019-06-17 19:15:00,6548.0
2019-06-17 19:30:00,6507.3
2019-06-17 19:45:00,6477.8
2019-06-17 20:00:00,6441.2
2019-06-17 20:15:00,6409.0
2019-06-17 20:30:00,6381.3
2019-06-17 20:45:00,6369.8
2019-06-17 21:00:00,6331.7
2019-06-17 21:15:00,6306.4
2019-06-17 21:30:00,6251.8
2019-06-17 21:45:00,6207.0
2019-06-17 22:00:00,6137.9
2019-06-17 22:15:00,6084.1
2019-06-17 22:30:00,6033.5
2019-06-17 22:45:00,5987.0
2019-06-17 23:00:00,5901.3
2019-06-17 23:15:00,5882.2
2019-06-17 23:30:00,5861.7
2019-06-17 23:45:00,5823.8
2019-06-18 00:00:00,5791.0
2019-06-18 00:15:00,5783.0
2019-06-18 00:30:00,5771.1
2019-06-18 00:45:00,5772.5
2019-06-18 01:00:00,5730.8
2019-06-18 01:15:00,5732.6
2019-06-18 01:30:00,5736.3
2019-06-18 01:45:00,5733.5
2019-06-18 02:00:00,5735.5
2019-06-18 02:15:00,5732.6
2019-06-18 02:30:00,5738.8
2019-06-18 02:45:00,5741.2
2019-06-18 03:00:00,5759.3
2019-06-18 03:15:00,5778.6
2019-06-18 03:30:00,5787.9
2019-06-18 03:45:00,5789.9
2019-06-18 04:00:00,5840.1
2019-06-18 04:15:00,5887.0
2019-06-18 04:30:00,5931.9
2019-06-18 04:45:00,6015.4
2019-06-18 05:00:00,6183.7
2019-06-18 05:15:00,6294.1
2019-06-18 05:30:00,6392.3
2019-06-18 05:45:00,6472.0
2019-06-18 06:00:00,6565.2
2019-06-18 06:15:00,6650.0
2019-06-18 06:30:00,6702.0
2019-06-18 06:45:00,6755.9
2019-06-18 07:00:00,6800.9
2019-06-18 07:15:00,6843.8
2019-06-18 07:30:00,6873.6
2019-06-18 07:45:00,6894.9
2019-06-18 08:00:00,6885.7
2019-06-18 08:15:00,6907.3
2019-06-18 08:30:00,6946.0
2019-06-18 08:45:00,6965.6
2019-06-18 09:00:00,6972.5
2019-06-18 09:15:00,6982.2
2019-06-18 09:30:00,7009.0
2019-06-18 09:45:00,7025.1
2019-06-18 10:00:00,7046.7
2019-06-18 10:15:00,7074.4
2019-06-18 10:30:00,7103.1
2019-06-18 10:45:00,7113.2
2019-06-18 11:00:00,7068.3
2019-06-18 11:15:00,7042.7
2019-06-18 11:30:00,7033.3
2019-06-18 11:45:00,7032.2
2019-06-18 12:00:00,7030.0
2019-06-18 12:15:00,7002.9
2019-06-18 12:30:00,6991.6
2019-06-18 12:45:00,6965.6
2019-06-18 13:00:00,6954.0
2019-06-18 13:15:00,6965.6
2019-06-18 13:30:00,6938.3
2019-06-18 13:45:00,6949.1
2019-06-18 14:00:00,6942.5
2019-06-18 14:15:00,6928.0
2019-06-18 14:30:00,6895.2
2019-06-18 14:45:00,6880.4
2019-06-18 15:00:00,6876.7
2019-06-18 15:15:00,6855.7
2019-06-18 15:30:00,6841.2
2019-06-18 15:45:00,6832.4
2019-06-18 16:00:00,6832.2
2019-06-18 16:15:00,6824.0
2019-06-18 16:30:00,6839.9
2019-06-18 16:45:00,6837.7
2019-06-18 17:00:00,6816.1
2019-06-18 17:15:00,6785.7
2019-06-18 17:30:00,6785.5
2019-06-18 17:45:00,6786.8
2019-06-18 18:00:00,6777.5
2019-06-18 18:15:00,6737.9
2019-06-18 18:30:00,6732.8
2019-06-18 18:45:00,6733.7
2019-06-18 19:00:00,6691.4
2019-06-18 19:15:00,6617.4
2019-06-18 19:30:00,6584.6
2019-06-18 19:45:00,6548.2
2019-06-18 20:00:00,6517.4
2019-06-18 20:15:00,6489.2
2019-06-18 20:30:00,6452.9
2019-06-18 20:45:00,6422.2
2019-06-18 21:00:00,6413.2
2019-06-18 21:15:00,6381.1
2019-06-18 21:30:00,6303.7
2019-06-18 21:45:00,6255.3
2019-06-18 22:00:00,6187.7
2019-06-18 22:15:00,6132.6
2019-06-18 22:30:00,6077.5
2019-06-18 22:45:00,6034.1
2019-06-18 23:00:00,5970.5
2019-06-18 23:15:00,5939.2
2019-06-18 23:30:00,5916.7
2019-06-18 23:45:00,5888.1
2019-06-19 00:00:00,5855.9
2019-06-19 00:15:00,5838.3
2019-06-19 00:30:00,5822.0
2019-06-19 00:45:00,5799.3
2019-06-19 01:00:00,5771.1
2019-06-19 01:15:00,5758.8
2019-06-19 01:30:00,5748.5
2019-06-19 01:45:00,5750.0
2019-06-19 02:00:00,5757.0
2019-06-19 02:15:00,5767.2
2019-06-19 02:30:00,5757.7
2019-06-19 02:45:00,5750.4
2019-06-19 03:00:00,5764.1
2019-06-19 03:15:00,5787.7
2019-06-19 03:30:00,5796.9
2019-06-19 03:45:00,5815.0
2019-06-19 04:00:00,5855.3
2019-06-19 04:15:00,5889.6
2019-06-19 04:30:00,5928.6
2019-06-19 04:45:00,5999.3
2019-06-19 05:00:00,6168.7
2019-06-19 05:15:00,6295.2
2019-06-19 05:30:00,6403.5
2019-06-19 05:45:00,6478.9
2019-06-19 06:00:00,6572.0
2019-06-19 06:15:00,6629.3
2019-06-19 06:30:00,6683.3
2019-06-19 06:45:00,6720.9
2019-06-19 07:00:00,6790.1
2019-06-19 07:15:00,6830.0
2019-06-19 07:30:00,6847.8
2019-06-19 07:45:00,6871.6
2019-06-19 08:00:00,6866.3
2019-06-19 08:15:00,6886.6
2019-06-19 08:30:00,6925.8
2019-06-19 08:45:00,6946.5
2019-06-19 09:00:00,6968.9
2019-06-19 09:15:00,6987.4
2019-06-19 09:30:00,7016.7
2019-06-19 09:45:00,7045.6
2019-06-19 10:00:00,7059.3
2019-06-19 10:15:00,7080.6
2019-06-19 10:30:00,7091.6
2019-06-19 10:45:00,7097.8
2019-06-19 11:00:00,7088.8
2019-06-19 11:15:00,7087.4
2019-06-19 11:30:00,7083.9
2019-06-19 11:45:00,7093.6
2019-06-19 12:00:00,7089.6
2019-06-19 12:15:00,7069.6
2019-06-19 12:30:00,7037.0
2019-06-19 12:45:00,7011.0
2019-06-19 13:00:00,7010.4
2019-06-19 13:15:00,6996.7
2019-06-19 13:30:00,6978.0
2019-06-19 13:45:00,6970.0
2019-06-19 14:00:00,6958.4
2019-06-19 14:15:00,6944.5
2019-06-19 14:30:00,6890.7
2019-06-19 14:45:00,6851.1
2019-06-19 15:00:00,6850.0
2019-06-19 15:15:00,6820.7
2019-06-19 15:30:00,6817.0
2019-06-19 15:45:00,6818.7
2019-06-19 16:00:00,6828.9
2019-06-19 16:15:00,6830.6
2019-06-19 16:30:00,6834.6
2019-06-19 16:45:00,6814.3
2019-06-19 17:00:00,6807.9
2019-06-19 17:15:00,6784.8
2019-06-19 17:30:00,6780.8
2019-06-19 17:45:00,6773.8
2019-06-19 18:00:00,6746.7
2019-06-19 18:15:00,6709.9
2019-06-19 18:30:00,6690.7
2019-06-19 18:45:00,6686.6
2019-06-19 19:00:00,6636.1
2019-06-19 19:15:00,6585.0
2019-06-19 19:30:00,6534.6
2019-06-19 19:45:00,6479.5
2019-06-19 20:00:00,6427.1
2019-06-19 20:15:00,6397.4
2019-06-19 20:30:00,6365.6
2019-06-19 20:45:00,6351.5
2019-06-19 21:00:00,6293.0
2019-06-19 21:15:00,6255.1
2019-06-19 21:30:00,6215.2
2019-06-19 21:45:00,6174.2
2019-06-19 22:00:00,6059.5
2019-06-19 22:15:00,5976.9
2019-06-19 22:30:00,5916.7
2019-06-19 22:45:00,5896.0
2019-06-19 23:00:00,5843.0
2019-06-19 23:15:00,5827.3
2019-06-19 23:30:00,5793.8
2019-06-19 23:45:00,5769.2
2019-06-20 00:00:00,5734.4
2019-06-20 00:15:00,5704.0
2019-06-20 00:30:00,5675.3
2019-06-20 00:45:00,5659.9
2019-06-20 01:00:00,5661.9
2019-06-20 01:15:00,5650.0
2019-06-20 01:30:00,5660.6
2019-06-20 01:45:00,5679.5
2019-06-20 02:00:00,5668.1
2019-06-20 02:15:00,5665.9
2019-06-20 02:30:00,5656.4
2019-06-20 02:45:00,5641.0
2019-06-20 03:00:00,5650.0
2019-06-20 03:15:00,5642.5
2019-06-20 03:30:00,5637.9
2019-06-20 03:45:00,5624.2
2019-06-20 04:00:00,5630.4
2019-06-20 04:15:00,5623.3
2019-06-20 04:30:00,5621.1
2019-06-20 04:45:00,5625.6
2019-06-20 05:00:00,5678.2
2019-06-20 05:15:00,5717.6
2019-06-20 05:30:00,5737.2
2019-06-20 05:45:00,5784.4
2019-06-20 06:00:00,5858.1
2019-06-20 06:15:00,5928.0
2019-06-20 06:30:00,5962.6
2019-06-20 06:45:00,6002.0
2019-06-20 07:00:00,6024.0
2019-06-20 07:15:00,6064.8
2019-06-20 07:30:00,6095.2
2019-06-20 07:45:00,6115.4
2019-06-20 08:00:00,6127.5
2019-06-20 08:15:00,6145.2
2019-06-20 08:30:00,6179.5
2019-06-20 08:45:00,6214.1
2019-06-20 09:00:00,6232.6
2019-06-20 09:15:00,6248.7
2019-06-20 09:30:00,6282.4
2019-06-20 09:45:00,6313.4
2019-06-20 10:00:00,6349.1
2019-06-20 10:15:00,6367.6
2019-06-20 10:30:00,6386.3
2019-06-20 10:45:00,6396.5
2019-06-20 11:00:00,6400.9
2019-06-20 11:15:00,6381.9
2019-06-20 11:30:00,6368.3
2019-06-20 11:45:00,6367.2
2019-06-20 12:00:00,6344.7
2019-06-20 12:15:00,6323.8
2019-06-20 12:30:00,6291.6
2019-06-20 12:45:00,6269.4
2019-06-20 13:00:00,6265.6
2019-06-20 13:15:00,6237.9
2019-06-20 13:30:00,6237.9
2019-06-20 13:45:00,6213.4
2019-06-20 14:00:00,6221.6
2019-06-20 14:15:00,6187.7
2019-06-20 14:30:00,6172.2
2019-06-20 14:45:00,6146.3
2019-06-20 15:00:00,6144.5
2019-06-20 15:15:00,6134.8
2019-06-20 15:30:00,6117.2
2019-06-20 15:45:00,6107.9
2019-06-20 16:00:00,6128.9
2019-06-20 16:15:00,6134.4
2019-06-20 16:30:00,6159.3
2019-06-20 16:45:00,6170.7
2019-06-20 17:00:00,6200.2
2019-06-20 17:15:00,6196.0
2019-06-20 17:30:00,6195.8
2019-06-20 17:45:00,6196.9
2019-06-20 18:00:00,6176.0
2019-06-20 18:15:00,6152.4
2019-06-20 18:30:00,6152.6
2019-06-20 18:45:00,6142.7
2019-06-20 19:00:00,6109.3
2019-06-20 19:15:00,6097.6
2019-06-20 19:30:00,6067.2
2019-06-20 19:45:00,6043.8
2019-06-20 20:00:00,6019.8
2019-06-20 20:15:00,6020.3
2019-06-20 20:30:00,6006.2
2019-06-20 20:45:00,6014.1
2019-06-20 21:00:00,6019.4
2019-06-20 21:15:00,6000.9
2019-06-20 21:30:00,5968.9
2019-06-20 21:45:00,5914.5
2019-06-20 22:00:00,5859.0
2019-06-20 22:15:00,5799.1
2019-06-20 22:30:00,5750.7
2019-06-20 22:45:00,5708.1
2019-06-20 23:00:00,5677.8
2019-06-20 23:15:00,5648.0
2019-06-20 23:30:00,5626.9
2019-06-20 23:45:00,5587.7
2019-06-21 00:00:00,5549.8
2019-06-21 00:15:00,5531.7
2019-06-21 00:30:00,5527.5
2019-06-21 00:45:00,5512.8
2019-06-21 01:00:00,5513.2
2019-06-21 01:15:00,5507.9
2019-06-21 01:30:00,5491.0
2019-06-21 01:45:00,5498.2
2019-06-21 02:00:00,5489.9
2019-06-21 02:15:00,5488.8
2019-06-21 02:30:00,5499.6
2019-06-21 02:45:00,5490.3
2019-06-21 03:00:00,5516.5
2019-06-21 03:15:00,5532.8
2019-06-21 03:30:00,5543.2
2019-06-21 03:45:00,5559.9
2019-06-21 04:00:00,5598.0
2019-06-21 04:15:00,5626.9
2019-06-21 04:30:00,5654.8
2019-06-21 04:45:00,5719.8
2019-06-21 05:00:00,5859.9
2019-06-21 05:15:00,5951.5
2019-06-21 05:30:00,6023.1
2019-06-21 05:45:00,6084.6
2019-06-21 06:00:00,6177.1
2019-06-21 06:15:00,6229.5
2019-06-21 06:30:00,6297.6
2019-06-21 06:45:00,6336.3
2019-06-21 07:00:00,6392.5
2019-06-21 07:15:00,6431.9
2019-06-21 07:30:00,6455.7
2019-06-21 07:45:00,6475.3
2019-06-21 08:00:00,6489.0
2019-06-21 08:15:00,6502.2
2019-06-21 08:30:00,6528.4
2019-06-21 08:45:00,6565.9
2019-06-21 09:00:00,6581.5
2019-06-21 09:15:00,6594.1
2019-06-21 09:30:00,6606.2
2019-06-21 09:45:00,6638.3
2019-06-21 10:00:00,6647.8
2019-06-21 10:15:00,6663.4
2019-06-21 10:30:00,6673.8
2019-06-21 10:45:00,6686.3
2019-06-21 11:00:00,6679.3
2019-06-21 11:15:00,6646.5
2019-06-21 11:30:00,6636.3
2019-06-21 11:45:00,6636.8
2019-06-21 12:00:00,6633.9
2019-06-21 12:15:00,6618.1
2019-06-21 12:30:00,6610.1
2019-06-21 12:45:00,6569.8
2019-06-21 13:00:00,6558.6
2019-06-21 13:15:00,6541.6
2019-06-21 13:30:00,6533.7
2019-06-21 13:45:00,6519.6
2019-06-21 14:00:00,6526.9
2019-06-21 14:15:00,6489.6
2019-06-21 14:30:00,6469.4
2019-06-21 14:45:00,6451.5
2019-06-21 15:00:00,6455.1
2019-06-21 15:15:00,6431.9
2019-06-21 15:30:00,6389.4
2019-06-21 15:45:00,6378.0
2019-06-21 16:00:00,6384.8
2019-06-21 16:15:00,6379.5
2019-06-21 16:30:00,6377.1
2019-06-21 16:45:00,6377.3
2019-06-21 17:00:00,6387.9
2019-06-21 17:15:00,6371.8
2019-06-21 17:30:00,6368.5
2019-06-21 17:45:00,6359.3
2019-06-21 18:00:00,6359.7
2019-06-21 18:15:00,6314.3
2019-06-21 18:30:00,6312.6
2019-06-21 18:45:00,6300.0
2019-06-21 19:00:00,6265.2
2019-06-21 19:15:00,6218.5
2019-06-21 19:30:00,6175.8
2019-06-21 19:45:00,6132.4
2019-06-21 20:00:00,6091.6
2019-06-21 20:15:00,6060.4
2019-06-21 20:30:00,6044.5
2019-06-21 20:45:00,6030.0
2019-06-21 21:00:00,6017.4
2019-06-21 21:15:00,6007.5
2019-06-21 21:30:00,5963.9
2019-06-21 21:45:00,5926.7
2019-06-21 22:00:00,5859.0
2019-06-21 22:15:00,5814.1
2019-06-21 22:30:00,5768.9
2019-06-21 22:45:00,5717.0
2019-06-21 23:00:00,5669.8
2019-06-21 23:15:00,5647.4
2019-06-21 23:30:00,5618.3
2019-06-21 23:45:00,5592.3
2019-06-22 00:00:00,5563.2
2019-06-22 00:15:00,5541.0
2019-06-22 00:30:00,5507.3
2019-06-22 00:45:00,5471.4
2019-06-22 01:00:00,5456.8
2019-06-22 01:15:00,5453.3
2019-06-22 01:30:00,5446.7
2019-06-22 01:45:00,5424.4
2019-06-22 02:00:00,5419.6
2019-06-22 02:15:00,5410.4
2019-06-22 02:30:00,5418.5
2019-06-22 02:45:00,5406.8
2019-06-22 03:00:00,5434.1
2019-06-22 03:15:00,5416.1
2019-06-22 03:30:00,5424.4
2019-06-22 03:45:00,5421.6
2019-06-22 04:00:00,5428.4
2019-06-22 04:15:00,5423.8
2019-06-22 04:30:00,5430.6
2019-06-22 04:45:00,5444.1
2019-06-22 05:00:00,5500.7
2019-06-22 05:15:00,5529.7
2019-06-22 05:30:00,5584.6
2019-06-22 05:45:00,5614.8
2019-06-22 06:00:00,5662.8
2019-06-22 06:15:00,5711.9
2019-06-22 06:30:00,5763.9
2019-06-22 06:45:00,5821.1
2019-06-22 07:00:00,5867.6
2019-06-22 07:15:00,5920.9
2019-06-22 07:30:00,5963.4
2019-06-22 07:45:00,6008.1
2019-06-22 08:00:00,6061.2
2019-06-22 08:15:00,6095.6
2019-06-22 08:30:00,6125.8
2019-06-22 08:45:00,6157.7
2019-06-22 09:00:00,6181.1
2019-06-22 09:15:00,6200.2
2019-06-22 09:30:00,6203.3
2019-06-22 09:45:00,6231.7
2019-06-22 10:00:00,6244.7
2019-06-22 10:15:00,6250.4
2019-06-22 10:30:00,6263.9
2019-06-22 10:45:00,6263.9
2019-06-22 11:00:00,6262.3
2019-06-22 11:15:00,6246.0
2019-06-22 11:30:00,6236.6
2019-06-22 11:45:00,6218.3
2019-06-22 12:00:00,6180.4
2019-06-22 12:15:00,6165.9
2019-06-22 12:30:00,6153.5
2019-06-22 12:45:00,6117.4
2019-06-22 13:00:00,6097.4
2019-06-22 13:15:00,6089.4
2019-06-22 13:30:00,6097.8
2019-06-22 13:45:00,6078.2
2019-06-22 14:00:00,6075.6
2019-06-22 14:15:00,6062.1
2019-06-22 14:30:00,6065.9
2019-06-22 14:45:00,6043.6
2019-06-22 15:00:00,6038.1
2019-06-22 15:15:00,6033.3
2019-06-22 15:30:00,6002.9
2019-06-22 15:45:00,6025.8
2019-06-22 16:00:00,6032.6
2019-06-22 16:15:00,6036.6
2019-06-22 16:30:00,6035.9
2019-06-22 16:45:00,6042.5
2019-06-22 17:00:00,6047.1
2019-06-22 17:15:00,6056.6
2019-06-22 17:30:00,6041.2
2019-06-22 17:45:00,6028.9
2019-06-22 18:00:00,6020.7
2019-06-22 18:15:00,5998.7
2019-06-22 18:30:00,5981.5
2019-06-22 18:45:00,5963.2
2019-06-22 19:00:00,5929.1
2019-06-22 19:15:00,5886.1
2019-06-22 19:30:00,5851.5
2019-06-22 19:45:00,5831.1
2019-06-22 20:00:00,5816.7
2019-06-22 20:15:00,5805.1
2019-06-22 20:30:00,5776.7
2019-06-22 20:45:00,5779.7
2019-06-22 21:00:00,5771.1
2019-06-22 21:15:00,5764.1
2019-06-22 21:30:00,5752.0
2019-06-22 21:45:00,5721.6
2019-06-22 22:00:00,5674.0
2019-06-22 22:15:00,5644.5
2019-06-22 22:30:00,5606.4
2019-06-22 22:45:00,5542.3
2019-06-22 23:00:00,5487.2
2019-06-22 23:15:00,5457.0
2019-06-22 23:30:00,5425.1
2019-06-22 23:45:00,5404.8
2019-06-23 00:00:00,5369.8
2019-06-23 00:15:00,5353.7
2019-06-23 00:30:00,5338.8
2019-06-23 00:45:00,5297.8
2019-06-23 01:00:00,5302.4
2019-06-23 01:15:00,5299.6
2019-06-23 01:30:00,5300.2
2019-06-23 01:45:00,5289.0
2019-06-23 02:00:00,5293.4
2019-06-23 02:15:00,5284.8
2019-06-23 02:30:00,5278.9
2019-06-23 02:45:00,5275.1
2019-06-23 03:00:00,5256.6
2019-06-23 03:15:00,5238.1
2019-06-23 03:30:00,5241.2
2019-06-23 03:45:00,5230.6
2019-06-23 04:00:00,5222.5
2019-06-23 04:15:00,5209.7
2019-06-23 04:30:00,5198.5
2019-06-23 04:45:00,5211.5
2019-06-23 05:00:00,5250.4
2019-06-23 05:15:00,5270.0
2019-06-23 05:30:00,5292.5
2019-06-23 05:45:00,5332.2
2019-06-23 06:00:00,5373.1
2019-06-23 06:15:00,5403.7
2019-06-23 06:30:00,5442.1
2019-06-23 06:45:00,5472.7
2019-06-23 07:00:00,5537.9
2019-06-23 07:15:00,5588.8
2019-06-23 07:30:00,5623.1
2019-06-23 07:45:00,5653.3
2019-06-23 08:00:00,5698.9
2019-06-23 08:15:00,5738.5
2019-06-23 08:30:00,5767.2
2019-06-23 08:45:00,5801.8
2019-06-23 09:00:00,5826.0
2019-06-23 09:15:00,5854.4
2019-06-23 09:30:00,5887.7
2019-06-23 09:45:00,5906.8
2019-06-23 10:00:00,5927.5
2019-06-23 10:15:00,5954.0
2019-06-23 10:30:00,5979.1
2019-06-23 10:45:00,5991.2
2019-06-23 11:00:00,5999.1
2019-06-23 11:15:00,5979.7
2019-06-23 11:30:00,5976.4
2019-06-23 11:45:00,5961.9
2019-06-23 12:00:00,5918.7
2019-06-23 12:15:00,5899.8
2019-06-23 12:30:00,5882.8
2019-06-23 12:45:00,5861.2
2019-06-23 13:00:00,5837.2
2019-06-23 13:15:00,5826.2
2019-06-23 13:30:00,5818.1
2019-06-23 13:45:00,5790.1
2019-06-23 14:00:00,5801.1
2019-06-23 14:15:00,5797.8
2019-06-23 14:30:00,5789.0
2019-06-23 14:45:00,5769.2
2019-06-23 15:00:00,5812.1
2019-06-23 15:15:00,5804.6
2019-06-23 15:30:00,5802.6
2019-06-23 15:45:00,5807.0
2019-06-23 16:00:00,5844.7
2019-06-23 16:15:00,5861.5
2019-06-23 16:30:00,5850.9
2019-06-23 16:45:00,5853.1
2019-06-23 17:00:00,5906.8
2019-06-23 17:15:00,5907.0
2019-06-23 17:30:00,5913.0
2019-06-23 17:45:00,5929.3
2019-06-23 18:00:00,5955.5
2019-06-23 18:15:00,5935.0
2019-06-23 18:30:00,5919.2
2019-06-23 18:45:00,5922.2
2019-06-23 19:00:00,5931.3
2019-06-23 19:15:00,5919.2
2019-06-23 19:30:00,5889.2
2019-06-23 19:45:00,5874.7
2019-06-23 20:00:00,5872.2
2019-06-23 20:15:00,5858.1
2019-06-23 20:30:00,5852.9
2019-06-23 20:45:00,5889.4
2019-06-23 21:00:00,5911.9
2019-06-23 21:15:00,5925.8
2019-06-23 21:30:00,5893.6
2019-06-23 21:45:00,5859.5
2019-06-23 22:00:00,5801.1
2019-06-23 22:15:00,5749.8
2019-06-23 22:30:00,5695.2
2019-06-23 22:45:00,5674.7
2019-06-23 23:00:00,5644.5
2019-06-23 23:15:00,5605.1
2019-06-23 23:30:00,5583.9
2019-06-23 23:45:00,5578.9
2019-06-24 00:00:00,5544.7
2019-06-24 00:15:00,5531.3
2019-06-24 00:30:00,5508.8
2019-06-24 00:45:00,5497.8
2019-06-24 01:00:00,5492.5
2019-06-24 01:15:00,5478.4
2019-06-24 01:30:00,5470.9
2019-06-24 01:45:00,5477.1
2019-06-24 02:00:00,5489.9
2019-06-24 02:15:00,5489.0
2019-06-24 02:30:00,5496.7
2019-06-24 02:45:00,5499.8
2019-06-24 03:00:00,5543.2
2019-06-24 03:15:00,5569.2
2019-06-24 03:30:00,5590.1
2019-06-24 03:45:00,5614.3
2019-06-24 04:00:00,5667.2
2019-06-24 04:15:00,5706.6
2019-06-24 04:30:00,5765.2
2019-06-24 04:45:00,5862.3
2019-06-24 05:00:00,6049.3
2019-06-24 05:15:00,6190.3
2019-06-24 05:30:00,6289.4
2019-06-24 05:45:00,6386.8
2019-06-24 06:00:00,6503.1
2019-06-24 06:15:00,6573.6
2019-06-24 06:30:00,6642.3
2019-06-24 06:45:00,6699.1
2019-06-24 07:00:00,6753.5
2019-06-24 07:15:00,6804.8
2019-06-24 07:30:00,6823.1
2019-06-24 07:45:00,6847.8
2019-06-24 08:00:00,6848.9
2019-06-24 08:15:00,6866.3
2019-06-24 08:30:00,6898.5
2019-06-24 08:45:00,6914.1
2019-06-24 09:00:00,6934.1
2019-06-24 09:15:00,6954.4
2019-06-24 09:30:00,6973.6
2019-06-24 09:45:00,6991.6
2019-06-24 10:00:00,7023.8
2019-06-24 10:15:00,7035.5
2019-06-24 10:30:00,7039.9
2019-06-24 10:45:00,7043.8
2019-06-24 11:00:00,7034.1
2019-06-24 11:15:00,7031.1
2019-06-24 11:30:00,7028.9
2019-06-24 11:45:00,7022.5
2019-06-24 12:00:00,7029.7
2019-06-24 12:15:00,7024.7
2019-06-24 12:30:00,7008.4
2019-06-24 12:45:00,6972.0
2019-06-24 13:00:00,6971.8
2019-06-24 13:15:00,6975.1
2019-06-24 13:30:00,6962.1
2019-06-24 13:45:00,6949.6
2019-06-24 14:00:00,6933.3
2019-06-24 14:15:00,6924.2
2019-06-24 14:30:00,6908.4
2019-06-24 14:45:00,6905.3
2019-06-24 15:00:00,6896.3
2019-06-24 15:15:00,6868.3
2019-06-24 15:30:00,6863.4
2019-06-24 15:45:00,6851.8
2019-06-24 16:00:00,6863.7
2019-06-24 16:15:00,6847.8
2019-06-24 16:30:00,6853.3
2019-06-24 16:45:00,6849.6
2019-06-24 17:00:00,6836.3
2019-06-24 17:15:00,6816.1
2019-06-24 17:30:00,6821.4
2019-06-24 17:45:00,6825.8
2019-06-24 18:00:00,6815.0
2019-06-24 18:15:00,6785.2
2019-06-24 18:30:00,6775.1
2019-06-24 18:45:00,6746.0
2019-06-24 19:00:00,6717.6
2019-06-24 19:15:00,6682.6
2019-06-24 19:30:00,6644.1
2019-06-24 19:45:00,6606.2
2019-06-24 20:00:00,6561.9
2019-06-24 20:15:00,6525.1
2019-06-24 20:30:00,6485.9
2019-06-24 20:45:00,6468.3
2019-06-24 21:00:00,6452.0
2019-06-24 21:15:00,6417.2
2019-06-24 21:30:00,6377.1
2019-06-24 21:45:00,6300.9
2019-06-24 22:00:00,6236.8
2019-06-24 22:15:00,6170.7
2019-06-24 22:30:00,6108.1
2019-06-24 22:45:00,6056.4
2019-06-24 23:00:00,6007.3
2019-06-24 23:15:00,5994.9
2019-06-24 23:30:00,5956.2
2019-06-24 23:45:00,5922.5
2019-06-25 00:00:00,5901.3
2019-06-25 00:15:00,5886.3
2019-06-25 00:30:00,5858.1
2019-06-25 00:45:00,5851.3
2019-06-25 01:00:00,5831.7
2019-06-25 01:15:00,5812.1
2019-06-25 01:30:00,5806.2
2019-06-25 01:45:00,5811.9
2019-06-25 02:00:00,5810.1
2019-06-25 02:15:00,5802.6
2019-06-25 02:30:00,5789.2
2019-06-25 02:45:00,5787.9
2019-06-25 03:00:00,5825.3
2019-06-25 03:15:00,5831.1
2019-06-25 03:30:00,5843.8
2019-06-25 03:45:00,5857.5
2019-06-25 04:00:00,5921.6
2019-06-25 04:15:00,5968.7
2019-06-25 04:30:00,6019.8
2019-06-25 04:45:00,6092.5
2019-06-25 05:00:00,6237.9
2019-06-25 05:15:00,6365.9
2019-06-25 05:30:00,6467.6
2019-06-25 05:45:00,6543.4
2019-06-25 06:00:00,6648.5
2019-06-25 06:15:00,6714.3
2019-06-25 06:30:00,6778.9
2019-06-25 06:45:00,6827.8
2019-06-25 07:00:00,6866.1
2019-06-25 07:15:00,6903.3
2019-06-25 07:30:00,6934.4
2019-06-25 07:45:00,6961.9
2019-06-25 08:00:00,6956.6
2019-06-25 08:15:00,6976.2
2019-06-25 08:30:00,7017.0
2019-06-25 08:45:00,7045.8
2019-06-25 09:00:00,7051.1
2019-06-25 09:15:00,7067.8
2019-06-25 09:30:00,7099.6
2019-06-25 09:45:00,7116.3
2019-06-25 10:00:00,7118.9
2019-06-25 10:15:00,7125.6
2019-06-25 10:30:00,7160.6
2019-06-25 10:45:00,7161.7
2019-06-25 11:00:00,7138.3
2019-06-25 11:15:00,7140.1
2019-06-25 11:30:00,7130.6
2019-06-25 11:45:00,7133.7
2019-06-25 12:00:00,7135.9
2019-06-25 12:15:00,7128.2
2019-06-25 12:30:00,7099.8
2019-06-25 12:45:00,7057.9
2019-06-25 13:00:00,7052.9
2019-06-25 13:15:00,7053.1
2019-06-25 13:30:00,7040.3
2019-06-25 13:45:00,7030.2
2019-06-25 14:00:00,7023.6
2019-06-25 14:15:00,7004.6
2019-06-25 14:30:00,6980.0
2019-06-25 14:45:00,6963.2
2019-06-25 15:00:00,6966.3
2019-06-25 15:15:00,6943.8
2019-06-25 15:30:00,6918.5
2019-06-25 15:45:00,6915.4
2019-06-25 16:00:00,6914.5
2019-06-25 16:15:00,6910.1
2019-06-25 16:30:00,6905.1
2019-06-25 16:45:00,6872.0
2019-06-25 17:00:00,6855.3
2019-06-25 17:15:00,6845.4
2019-06-25 17:30:00,6845.2
2019-06-25 17:45:00,6842.3
2019-06-25 18:00:00,6855.1
2019-06-25 18:15:00,6841.0
2019-06-25 18:30:00,6838.1
2019-06-25 18:45:00,6809.3
2019-06-25 19:00:00,6764.3
2019-06-25 19:15:00,6702.4
2019-06-25 19:30:00,6662.3
2019-06-25 19:45:00,6637.9
2019-06-25 20:00:00,6610.8
2019-06-25 20:15:00,6573.8
2019-06-25 20:30:00,6529.7
2019-06-25 20:45:00,6521.1
2019-06-25 21:00:00,6505.9
2019-06-25 21:15:00,6476.2
2019-06-25 21:30:00,6409.0
2019-06-25 21:45:00,6364.5
2019-06-25 22:00:00,6292.5
2019-06-25 22:15:00,6244.3
2019-06-25 22:30:00,6185.5
2019-06-25 22:45:00,6142.3
2019-06-25 23:00:00,6079.7
2019-06-25 23:15:00,6039.2
2019-06-25 23:30:00,6006.6
2019-06-25 23:45:00,5977.8
2019-06-26 00:00:00,5941.6
2019-06-26 00:15:00,5915.0
2019-06-26 00:30:00,5887.4
2019-06-26 00:45:00,5880.0
2019-06-26 01:00:00,5844.5
2019-06-26 01:15:00,5837.2
2019-06-26 01:30:00,5832.4
2019-06-26 01:45:00,5839.6
2019-06-26 02:00:00,5833.5
2019-06-26 02:15:00,5830.4
2019-06-26 02:30:00,5818.3
2019-06-26 02:45:00,5824.0
2019-06-26 03:00:00,5847.6
2019-06-26 03:15:00,5859.3
2019-06-26 03:30:00,5888.1
2019-06-26 03:45:00,5902.0
2019-06-26 04:00:00,5957.5
2019-06-26 04:15:00,5987.2
2019-06-26 04:30:00,6028.2
2019-06-26 04:45:00,6101.8
2019-06-26 05:00:00,6280.8
2019-06-26 05:15:00,6411.5
2019-06-26 05:30:00,6505.1
2019-06-26 05:45:00,6592.1
2019-06-26 06:00:00,6714.8
2019-06-26 06:15:00,6777.1
2019-06-26 06:30:00,6840.3
2019-06-26 06:45:00,6889.0
2019-06-26 07:00:00,6957.5
2019-06-26 07:15:00,6987.2
2019-06-26 07:30:00,7011.2
2019-06-26 07:45:00,7036.3
2019-06-26 08:00:00,7035.7
2019-06-26 08:15:00,7044.3
2019-06-26 08:30:00,7083.3
2019-06-26 08:45:00,7094.7
2019-06-26 09:00:00,7124.7
2019-06-26 09:15:00,7140.5
2019-06-26 09:30:00,7163.2
2019-06-26 09:45:00,7171.8
2019-06-26 10:00:00,7175.1
2019-06-26 10:15:00,7193.0
2019-06-26 10:30:00,7210.6
2019-06-26 10:45:00,7203.5
2019-06-26 11:00:00,7151.3
2019-06-26 11:15:00,7154.2
2019-06-26 11:30:00,7167.8
2019-06-26 11:45:00,7165.9
2019-06-26 12:00:00,7143.2
2019-06-26 12:15:00,7158.4
2019-06-26 12:30:00,7140.7
2019-06-26 12:45:00,7098.9
2019-06-26 13:00:00,7089.9
2019-06-26 13:15:00,7082.8
2019-06-26 13:30:00,7079.7
2019-06-26 13:45:00,7065.2
2019-06-26 14:00:00,7064.3
2019-06-26 14:15:00,7049.8
2019-06-26 14:30:00,7030.8
2019-06-26 14:45:00,7009.5
2019-06-26 15:00:00,6989.0
2019-06-26 15:15:00,6968.3
2019-06-26 15:30:00,6954.2
2019-06-26 15:45:00,6942.7
2019-06-26 16:00:00,6944.7
2019-06-26 16:15:00,6950.4
2019-06-26 16:30:00,6940.1
2019-06-26 16:45:00,6916.3
2019-06-26 17:00:00,6893.8
2019-06-26 17:15:00,6888.8
2019-06-26 17:30:00,6890.5
2019-06-26 17:45:00,6889.9
2019-06-26 18:00:00,6880.0
2019-06-26 18:15:00,6835.0
2019-06-26 18:30:00,6827.3
2019-06-26 18:45:00,6798.2
2019-06-26 19:00:00,6753.3
2019-06-26 19:15:00,6716.1
2019-06-26 19:30:00,6677.5
2019-06-26 19:45:00,6643.0
2019-06-26 20:00:00,6597.4
2019-06-26 20:15:00,6573.1
2019-06-26 20:30:00,6535.9
2019-06-26 20:45:00,6516.5
2019-06-26 21:00:00,6499.3
2019-06-26 21:15:00,6465.6
2019-06-26 21:30:00,6418.5
2019-06-26 21:45:00,6369.4
2019-06-26 22:00:00,6300.2
2019-06-26 22:15:00,6237.2
2019-06-26 22:30:00,6193.2
2019-06-26 22:45:00,6148.2
2019-06-26 23:00:00,6097.6
2019-06-26 23:15:00,6053.5
2019-06-26 23:30:00,6016.3
2019-06-26 23:45:00,5989.9
2019-06-27 00:00:00,5974.9
2019-06-27 00:15:00,5948.7
2019-06-27 00:30:00,5924.9
2019-06-27 00:45:00,5911.2
2019-06-27 01:00:00,5899.6
2019-06-27 01:15:00,5895.4
2019-06-27 01:30:00,5872.7
2019-06-27 01:45:00,5875.3
2019-06-27 02:00:00,5870.9
2019-06-27 02:15:00,5864.8
2019-06-27 02:30:00,5864.8
2019-06-27 02:45:00,5860.6
2019-06-27 03:00:00,5889.2
2019-06-27 03:15:00,5899.3
2019-06-27 03:30:00,5901.3
2019-06-27 03:45:00,5913.0
2019-06-27 04:00:00,5968.1
2019-06-27 04:15:00,5991.0
2019-06-27 04:30:00,6031.9
2019-06-27 04:45:00,6098.2
2019-06-27 05:00:00,6256.2
2019-06-27 05:15:00,6363.7
2019-06-27 05:30:00,6451.8
2019-06-27 05:45:00,6527.5
2019-06-27 06:00:00,6634.8
2019-06-27 06:15:00,6705.3
2019-06-27 06:30:00,6766.1
2019-06-27 06:45:00,6816.1
2019-06-27 07:00:00,6868.5
2019-06-27 07:15:00,6906.8
2019-06-27 07:30:00,6917.2
2019-06-27 07:45:00,6923.8
2019-06-27 08:00:00,6924.9
2019-06-27 08:15:00,6942.1
2019-06-27 08:30:00,6980.2
2019-06-27 08:45:00,6998.2
2019-06-27 09:00:00,7030.6
2019-06-27 09:15:00,7057.9
2019-06-27 09:30:00,7076.4
2019-06-27 09:45:00,7097.6
2019-06-27 10:00:00,7089.0
2019-06-27 10:15:00,7104.6
2019-06-27 10:30:00,7121.8
2019-06-27 10:45:00,7122.9
2019-06-27 11:00:00,7096.9
2019-06-27 11:15:00,7091.4
2019-06-27 11:30:00,7083.7
2019-06-27 11:45:00,7085.9
2019-06-27 12:00:00,7078.9
2019-06-27 12:15:00,7065.9
2019-06-27 12:30:00,7039.0
2019-06-27 12:45:00,7019.8
2019-06-27 13:00:00,6994.7
2019-06-27 13:15:00,6994.3
2019-06-27 13:30:00,6981.9
2019-06-27 13:45:00,6963.7
2019-06-27 14:00:00,6945.4
2019-06-27 14:15:00,6926.9
2019-06-27 14:30:00,6903.7
2019-06-27 14:45:00,6864.3
2019-06-27 15:00:00,6864.1
2019-06-27 15:15:00,6855.5
2019-06-27 15:30:00,6838.3
2019-06-27 15:45:00,6823.1
2019-06-27 16:00:00,6820.3
2019-06-27 16:15:00,6823.3
2019-06-27 16:30:00,6834.4
2019-06-27 16:45:00,6828.0
2019-06-27 17:00:00,6789.2
2019-06-27 17:15:00,6778.2
2019-06-27 17:30:00,6774.0
2019-06-27 17:45:00,6773.6
2019-06-27 18:00:00,6759.5
2019-06-27 18:15:00,6733.7
2019-06-27 18:30:00,6724.0
2019-06-27 18:45:00,6689.9
2019-06-27 19:00:00,6650.2
2019-06-27 19:15:00,6605.5
2019-06-27 19:30:00,6566.5
2019-06-27 19:45:00,6535.0
2019-06-27 20:00:00,6484.4
2019-06-27 20:15:00,6455.3
2019-06-27 20:30:00,6429.3
2019-06-27 20:45:00,6393.2
2019-06-27 21:00:00,6391.4
2019-06-27 21:15:00,6359.7
2019-06-27 21:30:00,6302.6
2019-06-27 21:45:00,6258.4
2019-06-27 22:00:00,6197.1
2019-06-27 22:15:00,6140.3
2019-06-27 22:30:00,6085.5
2019-06-27 22:45:00,6047.4
2019-06-27 23:00:00,5973.1
2019-06-27 23:15:00,5925.3
2019-06-27 23:30:00,5903.5
2019-06-27 23:45:00,5868.5
2019-06-28 00:00:00,5852.2
2019-06-28 00:15:00,5816.3
2019-06-28 00:30:00,5811.0
2019-06-28 00:45:00,5787.0
2019-06-28 01:00:00,5783.5
2019-06-28 01:15:00,5758.1
2019-06-28 01:30:00,5752.0
2019-06-28 01:45:00,5755.3
2019-06-28 02:00:00,5767.6
2019-06-28 02:15:00,5749.3
2019-06-28 02:30:00,5755.1
2019-06-28 02:45:00,5764.5
2019-06-28 03:00:00,5787.7
2019-06-28 03:15:00,5793.8
2019-06-28 03:30:00,5810.8
2019-06-28 03:45:00,5821.6
2019-06-28 04:00:00,5875.3
2019-06-28 04:15:00,5888.5
2019-06-28 04:30:00,5926.9
2019-06-28 04:45:00,5999.8
2019-06-28 05:00:00,6162.6
2019-06-28 05:15:00,6283.3
2019-06-28 05:30:00,6382.6
2019-06-28 05:45:00,6447.6
2019-06-28 06:00:00,6537.4
2019-06-28 06:15:00,6615.6
2019-06-28 06:30:00,6666.7
2019-06-28 06:45:00,6719.4
2019-06-28 07:00:00,6759.5
2019-06-28 07:15:00,6793.8
2019-06-28 07:30:00,6811.7
2019-06-28 07:45:00,6824.0
2019-06-28 08:00:00,6806.2
2019-06-28 08:15:00,6825.6
2019-06-28 08:30:00,6853.1
2019-06-28 08:45:00,6873.8
2019-06-28 09:00:00,6874.0
2019-06-28 09:15:00,6881.5
2019-06-28 09:30:00,6909.5
2019-06-28 09:45:00,6937.7
2019-06-28 10:00:00,6941.4
2019-06-28 10:15:00,6944.7
2019-06-28 10:30:00,6948.7
2019-06-28 10:45:00,6961.0
2019-06-28 11:00:00,6923.1
2019-06-28 11:15:00,6908.1
2019-06-28 11:30:00,6900.2
2019-06-28 11:45:00,6909.9
2019-06-28 12:00:00,6879.5
2019-06-28 12:15:00,6849.8
2019-06-28 12:30:00,6820.3
2019-06-28 12:45:00,6787.7
2019-06-28 13:00:00,6786.6
2019-06-28 13:15:00,6764.8
2019-06-28 13:30:00,6740.7
2019-06-28 13:45:00,6717.0
2019-06-28 14:00:00,6702.9
2019-06-28 14:15:00,6702.0
2019-06-28 14:30:00,6676.0
2019-06-28 14:45:00,6655.7
2019-06-28 15:00:00,6673.1
2019-06-28 15:15:00,6657.7
2019-06-28 15:30:00,6656.4
2019-06-28 15:45:00,6648.9
2019-06-28 16:00:00,6650.9
2019-06-28 16:15:00,6644.5
2019-06-28 16:30:00,6648.5
2019-06-28 16:45:00,6637.7
2019-06-28 17:00:00,6624.4
2019-06-28 17:15:00,6604.8
2019-06-28 17:30:00,6599.6
2019-06-28 17:45:00,6590.1
2019-06-28 18:00:00,6581.9
2019-06-28 18:15:00,6562.3
2019-06-28 18:30:00,6547.6
2019-06-28 18:45:00,6517.8
2019-06-28 19:00:00,6477.3
2019-06-28 19:15:00,6427.8
2019-06-28 19:30:00,6392.7
2019-06-28 19:45:00,6354.4
2019-06-28 20:00:00,6321.8
2019-06-28 20:15:00,6285.9
2019-06-28 20:30:00,6252.4
2019-06-28 20:45:00,6232.8
2019-06-28 21:00:00,6220.5
2019-06-28 21:15:00,6193.6
2019-06-28 21:30:00,6147.6
2019-06-28 21:45:00,6106.8
2019-06-28 22:00:00,6046.0
2019-06-28 22:15:00,6004.8
2019-06-28 22:30:00,5955.3
2019-06-28 22:45:00,5898.5
2019-06-28 23:00:00,5818.9
2019-06-28 23:15:00,5793.4
2019-06-28 23:30:00,5749.6
2019-06-28 23:45:00,5724.2
2019-06-29 00:00:00,5694.9
2019-06-29 00:15:00,5667.6
2019-06-29 00:30:00,5647.8
2019-06-29 00:45:00,5616.5
2019-06-29 01:00:00,5605.9
2019-06-29 01:15:00,5587.7
2019-06-29 01:30:00,5581.7
2019-06-29 01:45:00,5554.4
2019-06-29 02:00:00,5555.7
2019-06-29 02:15:00,5558.1
2019-06-29 02:30:00,5560.1
2019-06-29 02:45:00,5532.8
2019-06-29 03:00:00,5532.6
2019-06-29 03:15:00,5544.3
2019-06-29 03:30:00,5543.2
2019-06-29 03:45:00,5514.8
2019-06-29 04:00:00,5514.5
2019-06-29 04:15:00,5526.9
2019-06-29 04:30:00,5526.0
2019-06-29 04:45:00,5534.6
2019-06-29 05:00:00,5580.8
2019-06-29 05:15:00,5622.0
2019-06-29 05:30:00,5658.1
2019-06-29 05:45:00,5700.7
2019-06-29 06:00:00,5763.9
2019-06-29 06:15:00,5809.7
2019-06-29 06:30:00,5885.9
2019-06-29 06:45:00,5926.2
2019-06-29 07:00:00,5989.4
2019-06-29 07:15:00,6037.9
2019-06-29 07:30:00,6085.9
2019-06-29 07:45:00,6135.7
2019-06-29 08:00:00,6180.4
2019-06-29 08:15:00,6212.3
2019-06-29 08:30:00,6242.3
2019-06-29 08:45:00,6273.3
2019-06-29 09:00:00,6292.1
2019-06-29 09:15:00,6300.9
2019-06-29 09:30:00,6311.5
2019-06-29 09:45:00,6321.4
2019-06-29 10:00:00,6319.4
2019-06-29 10:15:00,6330.4
2019-06-29 10:30:00,6346.9
2019-06-29 10:45:00,6342.7
2019-06-29 11:00:00,6322.0
2019-06-29 11:15:00,6306.6
2019-06-29 11:30:00,6311.5
2019-06-29 11:45:00,6302.2
2019-06-29 12:00:00,6276.4
2019-06-29 12:15:00,6248.5
2019-06-29 12:30:00,6233.5
2019-06-29 12:45:00,6208.1
2019-06-29 13:00:00,6196.0
2019-06-29 13:15:00,6177.3
2019-06-29 13:30:00,6165.4
2019-06-29 13:45:00,6144.3
2019-06-29 14:00:00,6149.6
2019-06-29 14:15:00,6150.2
2019-06-29 14:30:00,6122.9
2019-06-29 14:45:00,6132.4
2019-06-29 15:00:00,6124.0
2019-06-29 15:15:00,6125.3
2019-06-29 15:30:00,6083.0
2019-06-29 15:45:00,6094.7
2019-06-29 16:00:00,6114.1
2019-06-29 16:15:00,6122.2
2019-06-29 16:30:00,6120.9
2019-06-29 16:45:00,6133.3
2019-06-29 17:00:00,6146.9
2019-06-29 17:15:00,6138.3
2019-06-29 17:30:00,6130.2
2019-06-29 17:45:00,6126.2
2019-06-29 18:00:00,6125.3
2019-06-29 18:15:00,6098.5
2019-06-29 18:30:00,6090.1
2019-06-29 18:45:00,6057.9
2019-06-29 19:00:00,6030.4
2019-06-29 19:15:00,5992.7
2019-06-29 19:30:00,5965.9
2019-06-29 19:45:00,5928.0
2019-06-29 20:00:00,5891.6
2019-06-29 20:15:00,5875.8
2019-06-29 20:30:00,5868.9
2019-06-29 20:45:00,5852.9
2019-06-29 21:00:00,5869.4
2019-06-29 21:15:00,5857.9
2019-06-29 21:30:00,5828.4
2019-06-29 21:45:00,5800.9
2019-06-29 22:00:00,5756.2
2019-06-29 22:15:00,5709.9
2019-06-29 22:30:00,5666.5
2019-06-29 22:45:00,5635.7
2019-06-29 23:00:00,5587.7
2019-06-29 23:15:00,5551.5
2019-06-29 23:30:00,5515.0
2019-06-29 23:45:00,5495.6
2019-06-30 00:00:00,5463.4
2019-06-30 00:15:00,5441.4
2019-06-30 00:30:00,5409.7
2019-06-30 00:45:00,5401.5
2019-06-30 01:00:00,5380.8
2019-06-30 01:15:00,5366.1
2019-06-30 01:30:00,5364.1
2019-06-30 01:45:00,5356.2
2019-06-30 02:00:00,5335.0
2019-06-30 02:15:00,5323.1
2019-06-30 02:30:00,5315.9
2019-06-30 02:45:00,5314.8
2019-06-30 03:00:00,5316.5
2019-06-30 03:15:00,5316.5
2019-06-30 03:30:00,5314.3
2019-06-30 03:45:00,5303.5
2019-06-30 04:00:00,5298.2
2019-06-30 04:15:00,5287.9
2019-06-30 04:30:00,5297.6
2019-06-30 04:45:00,5311.0
2019-06-30 05:00:00,5343.2
2019-06-30 05:15:00,5350.7
2019-06-30 05:30:00,5370.5
2019-06-30 05:45:00,5405.3
2019-06-30 06:00:00,5446.5
2019-06-30 06:15:00,5486.8
2019-06-30 06:30:00,5526.0
2019-06-30 06:45:00,5582.4
2019-06-30 07:00:00,5639.6
2019-06-30 07:15:00,5706.2
2019-06-30 07:30:00,5748.7
2019-06-30 07:45:00,5790.3
2019-06-30 08:00:00,5828.2
2019-06-30 08:15:00,5859.7
2019-06-30 08:30:00,5900.2
2019-06-30 08:45:00,5931.5
2019-06-30 09:00:00,5963.9
2019-06-30 09:15:00,5989.4
2019-06-30 09:30:00,6010.4
2019-06-30 09:45:00,6039.9
2019-06-30 10:00:00,6071.8
2019-06-30 10:15:00,6085.2
2019-06-30 10:30:00,6115.2
2019-06-30 10:45:00,6104.4
2019-06-30 11:00:00,6090.3
2019-06-30 11:15:00,6090.3
2019-06-30 11:30:00,6069.6
2019-06-30 11:45:00,6050.4
2019-06-30 12:00:00,6021.8
2019-06-30 12:15:00,6014.3
2019-06-30 12:30:00,5995.4
2019-06-30 12:45:00,5986.1
2019-06-30 13:00:00,5965.4
2019-06-30 13:15:00,5940.1
2019-06-30 13:30:00,5937.2
2019-06-30 13:45:00,5923.3
2019-06-30 14:00:00,5924.4
2019-06-30 14:15:00,5929.5
2019-06-30 14:30:00,5930.0
2019-06-30 14:45:00,5931.1
2019-06-30 15:00:00,5932.2
2019-06-30 15:15:00,5922.0
2019-06-30 15:30:00,5935.5
2019-06-30 15:45:00,5964.3
2019-06-30 16:00:00,5993.6
2019-06-30 16:15:00,6000.7
2019-06-30 16:30:00,5996.0
2019-06-30 16:45:00,6000.4
2019-06-30 17:00:00,6012.3
2019-06-30 17:15:00,6021.4
2019-06-30 17:30:00,6039.6
2019-06-30 17:45:00,6031.9
2019-06-30 18:00:00,6075.6
2019-06-30 18:15:00,6067.4
2019-06-30 18:30:00,6050.0
2019-06-30 18:45:00,6051.1
2019-06-30 19:00:00,6058.6
2019-06-30 19:15:00,6055.5
2019-06-30 19:30:00,6044.5
2019-06-30 19:45:00,6016.1
2019-06-30 20:00:00,6003.7
2019-06-30 20:15:00,5980.2
2019-06-30 20:30:00,6002.2
2019-06-30 20:45:00,6024.9
2019-06-30 21:00:00,6060.6
2019-06-30 21:15:00,6072.0
2019-06-30 21:30:00,6044.5
2019-06-30 21:45:00,6006.6
2019-06-30 22:00:00,5946.9
2019-06-30 22:15:00,5893.4
2019-06-30 22:30:00,5858.4
2019-06-30 22:45:00,5817.6
2019-06-30 23:00:00,5868.9
2019-06-30 23:15:00,5834.6
2019-06-30 23:30:00,5809.0
2019-06-30 23:45:00,5778.4
2019-07-01 00:00:00,5754.4
2019-07-01 00:15:00,5728.9
2019-07-01 00:30:00,5702.9
2019-07-01 00:45:00,5697.4
2019-07-01 01:00:00,5678.6
2019-07-01 01:15:00,5668.1
2019-07-01 01:30:00,5673.8
2019-07-01 01:45:00,5666.1
2019-07-01 02:00:00,5676.7
2019-07-01 02:15:00,5673.3
2019-07-01 02:30:00,5668.9
2019-07-01 02:45:00,5667.0
2019-07-01 03:00:00,5688.3
2019-07-01 03:15:00,5695.2
2019-07-01 03:30:00,5713.7
2019-07-01 03:45:00,5735.2
2019-07-01 04:00:00,5813.4
2019-07-01 04:15:00,5851.1
2019-07-01 04:30:00,5905.5
2019-07-01 04:45:00,6005.1
2019-07-01 05:00:00,6187.7
2019-07-01 05:15:00,6306.2
2019-07-01 05:30:00,6426.4
2019-07-01 05:45:00,6540.3
2019-07-01 06:00:00,6620.0
2019-07-01 06:15:00,6665.6
2019-07-01 06:30:00,6725.8
2019-07-01 06:45:00,6799.1
2019-07-01 07:00:00,6868.3
2019-07-01 07:15:00,6890.7
2019-07-01 07:30:00,6924.9
2019-07-01 07:45:00,6937.0
2019-07-01 08:00:00,6942.5
2019-07-01 08:15:00,6972.0
2019-07-01 08:30:00,7006.2
2019-07-01 08:45:00,7033.0
2019-07-01 09:00:00,7074.9
2019-07-01 09:15:00,7107.5
2019-07-01 09:30:00,7133.0
2019-07-01 09:45:00,7155.3
2019-07-01 10:00:00,7182.2
2019-07-01 10:15:00,7198.0
2019-07-01 10:30:00,7220.7
2019-07-01 10:45:00,7237.4
2019-07-01 11:00:00,7216.7
2019-07-01 11:15:00,7188.3
2019-07-01 11:30:00,7198.7
2019-07-01 11:45:00,7198.9
2019-07-01 12:00:00,7205.1
2019-07-01 12:15:00,7197.6
2019-07-01 12:30:00,7183.7
2019-07-01 12:45:00,7160.4
2019-07-01 13:00:00,7150.4
2019-07-01 13:15:00,7149.8
2019-07-01 13:30:00,7148.9
2019-07-01 13:45:00,7166.7
2019-07-01 14:00:00,7169.4
2019-07-01 14:15:00,7129.5
2019-07-01 14:30:00,7108.4
2019-07-01 14:45:00,7085.5
2019-07-01 15:00:00,7042.7
2019-07-01 15:15:00,7007.9
2019-07-01 15:30:00,6998.7
2019-07-01 15:45:00,6979.5
2019-07-01 16:00:00,6975.8
2019-07-01 16:15:00,6950.4
2019-07-01 16:30:00,6951.1
2019-07-01 16:45:00,6944.5
2019-07-01 17:00:00,6935.9
2019-07-01 17:15:00,6927.5
2019-07-01 17:30:00,6928.4
2019-07-01 17:45:00,6945.2
2019-07-01 18:00:00,6933.9
2019-07-01 18:15:00,6920.7
2019-07-01 18:30:00,6909.3
2019-07-01 18:45:00,6885.9
2019-07-01 19:00:00,6817.0
2019-07-01 19:15:00,6762.1
2019-07-01 19:30:00,6694.3
2019-07-01 19:45:00,6656.8
2019-07-01 20:00:00,6622.2
2019-07-01 20:15:00,6574.2
2019-07-01 20:30:00,6548.7
2019-07-01 20:45:00,6510.1
2019-07-01 21:00:00,6488.8
2019-07-01 21:15:00,6446.3
2019-07-01 21:30:00,6389.6
2019-07-01 21:45:00,6326.4
2019-07-01 22:00:00,6249.8
2019-07-01 22:15:00,6195.8
2019-07-01 22:30:00,6146.5
2019-07-01 22:45:00,6121.6
2019-07-01 23:00:00,6051.5
2019-07-01 23:15:00,6015.6
2019-07-01 23:30:00,5999.3
2019-07-01 23:45:00,5976.0
2019-07-02 00:00:00,5928.2
2019-07-02 00:15:00,5912.3
2019-07-02 00:30:00,5907.7
2019-07-02 00:45:00,5899.8
2019-07-02 01:00:00,5869.4
2019-07-02 01:15:00,5847.4
2019-07-02 01:30:00,5845.6
2019-07-02 01:45:00,5840.3
2019-07-02 02:00:00,5831.3
2019-07-02 02:15:00,5858.6
2019-07-02 02:30:00,5857.0
2019-07-02 02:45:00,5873.3
2019-07-02 03:00:00,5887.9
2019-07-02 03:15:00,5900.9
2019-07-02 03:30:00,5918.7
2019-07-02 03:45:00,5938.5
2019-07-02 04:00:00,5995.4
2019-07-02 04:15:00,6012.6
2019-07-02 04:30:00,6059.9
2019-07-02 04:45:00,6142.7
2019-07-02 05:00:00,6305.3
2019-07-02 05:15:00,6412.1
2019-07-02 05:30:00,6496.3
2019-07-02 05:45:00,6563.0
2019-07-02 06:00:00,6662.1
2019-07-02 06:15:00,6727.5
2019-07-02 06:30:00,6782.6
2019-07-02 06:45:00,6841.2
2019-07-02 07:00:00,6906.4
2019-07-02 07:15:00,6937.0
2019-07-02 07:30:00,6963.7
2019-07-02 07:45:00,6981.1
2019-07-02 08:00:00,6952.2
2019-07-02 08:15:00,6976.7
2019-07-02 08:30:00,7001.3
2019-07-02 08:45:00,7023.1
2019-07-02 09:00:00,7024.4
2019-07-02 09:15:00,7030.6
2019-07-02 09:30:00,7062.8
2019-07-02 09:45:00,7085.5
2019-07-02 10:00:00,7088.8
2019-07-02 10:15:00,7118.3
2019-07-02 10:30:00,7133.7
2019-07-02 10:45:00,7130.4
2019-07-02 11:00:00,7101.8
2019-07-02 11:15:00,7102.2
2019-07-02 11:30:00,7111.9
2019-07-02 11:45:00,7112.1
2019-07-02 12:00:00,7108.4
2019-07-02 12:15:00,7100.4
2019-07-02 12:30:00,7073.8
2019-07-02 12:45:00,7059.3
2019-07-02 13:00:00,7044.5
2019-07-02 13:15:00,7025.3
2019-07-02 13:30:00,7017.6
2019-07-02 13:45:00,7001.8
2019-07-02 14:00:00,6979.3
2019-07-02 14:15:00,6958.8
2019-07-02 14:30:00,6933.0
2019-07-02 14:45:00,6912.6
2019-07-02 15:00:00,6895.8
2019-07-02 15:15:00,6880.2
2019-07-02 15:30:00,6860.1
2019-07-02 15:45:00,6851.8
2019-07-02 16:00:00,6858.4
2019-07-02 16:15:00,6849.8
2019-07-02 16:30:00,6853.3
2019-07-02 16:45:00,6839.0
2019-07-02 17:00:00,6822.5
2019-07-02 17:15:00,6815.6
2019-07-02 17:30:00,6802.0
2019-07-02 17:45:00,6806.2
2019-07-02 18:00:00,6789.6
2019-07-02 18:15:00,6758.4
2019-07-02 18:30:00,6735.0
2019-07-02 18:45:00,6711.5
2019-07-02 19:00:00,6669.6
2019-07-02 19:15:00,6624.7
2019-07-02 19:30:00,6582.8
2019-07-02 19:45:00,6547.8
2019-07-02 20:00:00,6513.0
2019-07-02 20:15:00,6466.1
2019-07-02 20:30:00,6426.4
2019-07-02 20:45:00,6389.6
2019-07-02 21:00:00,6362.6
2019-07-02 21:15:00,6340.1
2019-07-02 21:30:00,6288.1
2019-07-02 21:45:00,6224.4
2019-07-02 22:00:00,6163.0
2019-07-02 22:15:00,6124.0
2019-07-02 22:30:00,6066.5
2019-07-02 22:45:00,6025.1
2019-07-02 23:00:00,5969.2
2019-07-02 23:15:00,5934.6
2019-07-02 23:30:00,5896.5
2019-07-02 23:45:00,5873.3
2019-07-03 00:00:00,5858.6
2019-07-03 00:15:00,5849.1
2019-07-03 00:30:00,5814.1
2019-07-03 00:45:00,5800.7
2019-07-03 01:00:00,5795.2
2019-07-03 01:15:00,5783.9
2019-07-03 01:30:00,5790.7
2019-07-03 01:45:00,5801.8
2019-07-03 02:00:00,5793.2
2019-07-03 02:15:00,5800.2
2019-07-03 02:30:00,5804.0
2019-07-03 02:45:00,5797.4
2019-07-03 03:00:00,5820.3
2019-07-03 03:15:00,5836.1
2019-07-03 03:30:00,5845.2
2019-07-03 03:45:00,5872.2
2019-07-03 04:00:00,5919.4
2019-07-03 04:15:00,5947.1
2019-07-03 04:30:00,5986.6
2019-07-03 04:45:00,6076.4
2019-07-03 05:00:00,6243.4
2019-07-03 05:15:00,6345.8
2019-07-03 05:30:00,6429.5
2019-07-03 05:45:00,6503.1
2019-07-03 06:00:00,6593.0
2019-07-03 06:15:00,6653.3
2019-07-03 06:30:00,6717.4
2019-07-03 06:45:00,6776.7
2019-07-03 07:00:00,6840.7
2019-07-03 07:15:00,6881.7
2019-07-03 07:30:00,6926.4
2019-07-03 07:45:00,6940.5
2019-07-03 08:00:00,6918.5
2019-07-03 08:15:00,6957.7
2019-07-03 08:30:00,6980.2
2019-07-03 08:45:00,7007.7
2019-07-03 09:00:00,7021.6
2019-07-03 09:15:00,7029.7
2019-07-03 09:30:00,7050.9
2019-07-03 09:45:00,7080.0
2019-07-03 10:00:00,7110.4
2019-07-03 10:15:00,7115.4
2019-07-03 10:30:00,7133.7
2019-07-03 10:45:00,7122.7
2019-07-03 11:00:00,7088.1
2019-07-03 11:15:00,7067.4
2019-07-03 11:30:00,7071.1
2019-07-03 11:45:00,7064.8
2019-07-03 12:00:00,7057.5
2019-07-03 12:15:00,7037.2
2019-07-03 12:30:00,7006.6
2019-07-03 12:45:00,6974.7
2019-07-03 13:00:00,6941.0
2019-07-03 13:15:00,6933.0
2019-07-03 13:30:00,6935.9
2019-07-03 13:45:00,6931.1
2019-07-03 14:00:00,6923.3
2019-07-03 14:15:00,6913.4
2019-07-03 14:30:00,6898.5
2019-07-03 14:45:00,6869.2
2019-07-03 15:00:00,6847.1
2019-07-03 15:15:00,6836.1
2019-07-03 15:30:00,6809.0
2019-07-03 15:45:00,6792.3
2019-07-03 16:00:00,6812.8
2019-07-03 16:15:00,6824.4
2019-07-03 16:30:00,6824.4
2019-07-03 16:45:00,6826.7
2019-07-03 17:00:00,6800.7
2019-07-03 17:15:00,6790.7
2019-07-03 17:30:00,6782.2
2019-07-03 17:45:00,6761.9
2019-07-03 18:00:00,6741.6
2019-07-03 18:15:00,6727.8
2019-07-03 18:30:00,6700.9
2019-07-03 18:45:00,6681.5
2019-07-03 19:00:00,6648.5
2019-07-03 19:15:00,6602.0
2019-07-03 19:30:00,6585.0
2019-07-03 19:45:00,6544.1
2019-07-03 20:00:00,6506.4
2019-07-03 20:15:00,6478.6
2019-07-03 20:30:00,6452.4
2019-07-03 20:45:00,6447.1
2019-07-03 21:00:00,6437.9
2019-07-03 21:15:00,6407.7
2019-07-03 21:30:00,6351.5
2019-07-03 21:45:00,6303.1
2019-07-03 22:00:00,6220.5
2019-07-03 22:15:00,6161.5
2019-07-03 22:30:00,6105.7
2019-07-03 22:45:00,6056.6
2019-07-03 23:00:00,5981.5
2019-07-03 23:15:00,5946.0
2019-07-03 23:30:00,5920.0
2019-07-03 23:45:00,5898.5
2019-07-04 00:00:00,5876.2
2019-07-04 00:15:00,5861.0
2019-07-04 00:30:00,5849.8
2019-07-04 00:45:00,5822.9
2019-07-04 01:00:00,5785.9
2019-07-04 01:15:00,5787.2
2019-07-04 01:30:00,5787.2
2019-07-04 01:45:00,5783.7
2019-07-04 02:00:00,5790.1
2019-07-04 02:15:00,5800.4
2019-07-04 02:30:00,5787.2
2019-07-04 02:45:00,5791.4
2019-07-04 03:00:00,5818.7
2019-07-04 03:15:00,5832.8
2019-07-04 03:30:00,5850.0
2019-07-04 03:45:00,5865.6
2019-07-04 04:00:00,5931.5
2019-07-04 04:15:00,5957.7
2019-07-04 04:30:00,5990.5
2019-07-04 04:45:00,6073.8
2019-07-04 05:00:00,6230.4
2019-07-04 05:15:00,6332.8
2019-07-04 05:30:00,6423.1
2019-07-04 05:45:00,6491.4
2019-07-04 06:00:00,6581.3
2019-07-04 06:15:00,6646.9
2019-07-04 06:30:00,6715.0
2019-07-04 06:45:00,6780.0
2019-07-04 07:00:00,6831.5
2019-07-04 07:15:00,6865.6
2019-07-04 07:30:00,6897.6
2019-07-04 07:45:00,6920.0
2019-07-04 08:00:00,6915.4
2019-07-04 08:15:00,6932.8
2019-07-04 08:30:00,6954.8
2019-07-04 08:45:00,6983.9
2019-07-04 09:00:00,6968.9
2019-07-04 09:15:00,6983.9
2019-07-04 09:30:00,7034.1
2019-07-04 09:45:00,7067.6
2019-07-04 10:00:00,7080.6
2019-07-04 10:15:00,7093.6
2019-07-04 10:30:00,7105.9
2019-07-04 10:45:00,7127.8
2019-07-04 11:00:00,7087.9
2019-07-04 11:15:00,7072.0
2019-07-04 11:30:00,7077.8
2019-07-04 11:45:00,7087.9
2019-07-04 12:00:00,7071.6
2019-07-04 12:15:00,7061.5
2019-07-04 12:30:00,7052.2
2019-07-04 12:45:00,7025.8
2019-07-04 13:00:00,7010.6
2019-07-04 13:15:00,7006.2
2019-07-04 13:30:00,6998.0
2019-07-04 13:45:00,6981.3
2019-07-04 14:00:00,6976.0
2019-07-04 14:15:00,6955.9
2019-07-04 14:30:00,6945.2
2019-07-04 14:45:00,6927.5
2019-07-04 15:00:00,6909.9
2019-07-04 15:15:00,6890.3
2019-07-04 15:30:00,6875.8
2019-07-04 15:45:00,6859.9
2019-07-04 16:00:00,6871.8
2019-07-04 16:15:00,6872.2
2019-07-04 16:30:00,6856.2
2019-07-04 16:45:00,6841.4
2019-07-04 17:00:00,6826.9
2019-07-04 17:15:00,6817.8
2019-07-04 17:30:00,6817.0
2019-07-04 17:45:00,6817.8
2019-07-04 18:00:00,6815.4
2019-07-04 18:15:00,6781.3
2019-07-04 18:30:00,6771.8
2019-07-04 18:45:00,6745.4
2019-07-04 19:00:00,6703.3
2019-07-04 19:15:00,6658.4
2019-07-04 19:30:00,6619.6
2019-07-04 19:45:00,6581.5
2019-07-04 20:00:00,6535.5
2019-07-04 20:15:00,6505.3
2019-07-04 20:30:00,6494.3
2019-07-04 20:45:00,6484.8
2019-07-04 21:00:00,6452.2
2019-07-04 21:15:00,6417.6
2019-07-04 21:30:00,6371.6
2019-07-04 21:45:00,6320.5
2019-07-04 22:00:00,6252.2
2019-07-04 22:15:00,6211.0
2019-07-04 22:30:00,6155.5
2019-07-04 22:45:00,6106.4
2019-07-04 23:00:00,6035.2
2019-07-04 23:15:00,6014.5
2019-07-04 23:30:00,5989.4
2019-07-04 23:45:00,5964.5
2019-07-05 00:00:00,5928.4
2019-07-05 00:15:00,5913.7
2019-07-05 00:30:00,5897.6
2019-07-05 00:45:00,5879.5
2019-07-05 01:00:00,5863.7
2019-07-05 01:15:00,5866.7
2019-07-05 01:30:00,5856.2
2019-07-05 01:45:00,5848.0
2019-07-05 02:00:00,5865.0
2019-07-05 02:15:00,5863.9
2019-07-05 02:30:00,5843.2
2019-07-05 02:45:00,5857.3
2019-07-05 03:00:00,5878.6
2019-07-05 03:15:00,5893.6
2019-07-05 03:30:00,5903.3
2019-07-05 03:45:00,5927.5
2019-07-05 04:00:00,5977.8
2019-07-05 04:15:00,5995.4
2019-07-05 04:30:00,6033.0
2019-07-05 04:45:00,6095.2
2019-07-05 05:00:00,6279.1
2019-07-05 05:15:00,6394.1
2019-07-05 05:30:00,6480.8
2019-07-05 05:45:00,6555.5
2019-07-05 06:00:00,6650.2
2019-07-05 06:15:00,6726.4
2019-07-05 06:30:00,6774.2
2019-07-05 06:45:00,6819.6
2019-07-05 07:00:00,6870.3
2019-07-05 07:15:00,6908.1
2019-07-05 07:30:00,6942.7
2019-07-05 07:45:00,6969.8
2019-07-05 08:00:00,6967.8
2019-07-05 08:15:00,7002.0
2019-07-05 08:30:00,7016.3
2019-07-05 08:45:00,7041.0
2019-07-05 09:00:00,7031.7
2019-07-05 09:15:00,7052.0
2019-07-05 09:30:00,7046.7
2019-07-05 09:45:00,7055.1
2019-07-05 10:00:00,7062.6
2019-07-05 10:15:00,7075.6
2019-07-05 10:30:00,7087.7
2019-07-05 10:45:00,7075.3
2019-07-05 11:00:00,7033.9
2019-07-05 11:15:00,7027.1
2019-07-05 11:30:00,7035.2
2019-07-05 11:45:00,7016.5
2019-07-05 12:00:00,7001.1
2019-07-05 12:15:00,6989.4
2019-07-05 12:30:00,6966.3
2019-07-05 12:45:00,6937.9
2019-07-05 13:00:00,6927.1
2019-07-05 13:15:00,6920.5
2019-07-05 13:30:00,6906.4
2019-07-05 13:45:00,6875.1
2019-07-05 14:00:00,6863.0
2019-07-05 14:15:00,6834.8
2019-07-05 14:30:00,6806.6
2019-07-05 14:45:00,6776.2
2019-07-05 15:00:00,6772.2
2019-07-05 15:15:00,6757.5
2019-07-05 15:30:00,6749.3
2019-07-05 15:45:00,6744.5
2019-07-05 16:00:00,6735.0
2019-07-05 16:15:00,6709.9
2019-07-05 16:30:00,6720.3
2019-07-05 16:45:00,6706.6
2019-07-05 17:00:00,6712.3
2019-07-05 17:15:00,6680.6
2019-07-05 17:30:00,6667.8
2019-07-05 17:45:00,6665.6
2019-07-05 18:00:00,6634.8
2019-07-05 18:15:00,6589.2
2019-07-05 18:30:00,6569.6
2019-07-05 18:45:00,6544.5
2019-07-05 19:00:00,6476.9
2019-07-05 19:15:00,6441.6
2019-07-05 19:30:00,6393.8
2019-07-05 19:45:00,6372.5
2019-07-05 20:00:00,6330.6
2019-07-05 20:15:00,6313.4
2019-07-05 20:30:00,6276.4
2019-07-05 20:45:00,6262.6
2019-07-05 21:00:00,6242.5
2019-07-05 21:15:00,6216.5
2019-07-05 21:30:00,6188.1
2019-07-05 21:45:00,6136.1
2019-07-05 22:00:00,6065.0
2019-07-05 22:15:00,6025.6
2019-07-05 22:30:00,5976.0
2019-07-05 22:45:00,5935.0
2019-07-05 23:00:00,5894.1
2019-07-05 23:15:00,5864.8
2019-07-05 23:30:00,5836.6
2019-07-05 23:45:00,5804.2
2019-07-06 00:00:00,5758.8
2019-07-06 00:15:00,5730.8
2019-07-06 00:30:00,5699.6
2019-07-06 00:45:00,5678.9
2019-07-06 01:00:00,5641.4
2019-07-06 01:15:00,5614.5
2019-07-06 01:30:00,5603.7
2019-07-06 01:45:00,5613.7
2019-07-06 02:00:00,5600.9
2019-07-06 02:15:00,5594.3
2019-07-06 02:30:00,5576.9
2019-07-06 02:45:00,5574.7
2019-07-06 03:00:00,5571.1
2019-07-06 03:15:00,5565.4
2019-07-06 03:30:00,5585.2
2019-07-06 03:45:00,5565.6
2019-07-06 04:00:00,5583.5
2019-07-06 04:15:00,5563.4
2019-07-06 04:30:00,5562.3
2019-07-06 04:45:00,5572.7
2019-07-06 05:00:00,5622.2
2019-07-06 05:15:00,5659.0
2019-07-06 05:30:00,5679.1
2019-07-06 05:45:00,5716.1
2019-07-06 06:00:00,5770.9
2019-07-06 06:15:00,5817.6
2019-07-06 06:30:00,5872.7
2019-07-06 06:45:00,5931.1
2019-07-06 07:00:00,5995.8
2019-07-06 07:15:00,6046.7
2019-07-06 07:30:00,6099.1
2019-07-06 07:45:00,6144.7
2019-07-06 08:00:00,6185.2
2019-07-06 08:15:00,6234.1
2019-07-06 08:30:00,6288.1
2019-07-06 08:45:00,6317.2
2019-07-06 09:00:00,6327.8
2019-07-06 09:15:00,6351.8
2019-07-06 09:30:00,6379.7
2019-07-06 09:45:00,6386.6
2019-07-06 10:00:00,6400.0
2019-07-06 10:15:00,6415.6
2019-07-06 10:30:00,6421.1
2019-07-06 10:45:00,6417.4
2019-07-06 11:00:00,6415.6
2019-07-06 11:15:00,6412.1
2019-07-06 11:30:00,6408.8
2019-07-06 11:45:00,6383.0
2019-07-06 12:00:00,6362.3
2019-07-06 12:15:00,6346.3
2019-07-06 12:30:00,6352.4
2019-07-06 12:45:00,6331.9
2019-07-06 13:00:00,6307.3
2019-07-06 13:15:00,6298.9
2019-07-06 13:30:00,6284.1
2019-07-06 13:45:00,6261.9
2019-07-06 14:00:00,6248.7
2019-07-06 14:15:00,6247.8
2019-07-06 14:30:00,6231.9
2019-07-06 14:45:00,6225.3
2019-07-06 15:00:00,6227.3
2019-07-06 15:15:00,6206.8
2019-07-06 15:30:00,6182.2
2019-07-06 15:45:00,6202.4
2019-07-06 16:00:00,6205.5
2019-07-06 16:15:00,6193.4
2019-07-06 16:30:00,6191.0
2019-07-06 16:45:00,6200.7
2019-07-06 17:00:00,6217.0
2019-07-06 17:15:00,6187.2
2019-07-06 17:30:00,6206.4
2019-07-06 17:45:00,6217.6
2019-07-06 18:00:00,6218.5
2019-07-06 18:15:00,6189.0
2019-07-06 18:30:00,6161.0
2019-07-06 18:45:00,6146.7
2019-07-06 19:00:00,6100.4
2019-07-06 19:15:00,6059.0
2019-07-06 19:30:00,6020.7
2019-07-06 19:45:00,6002.4
2019-07-06 20:00:00,5988.8
2019-07-06 20:15:00,5970.9
2019-07-06 20:30:00,5957.7
2019-07-06 20:45:00,5964.3
2019-07-06 21:00:00,5977.3
2019-07-06 21:15:00,5963.2
2019-07-06 21:30:00,5906.2
2019-07-06 21:45:00,5884.1
2019-07-06 22:00:00,5823.1
2019-07-06 22:15:00,5796.7
2019-07-06 22:30:00,5761.7
2019-07-06 22:45:00,5720.5
2019-07-06 23:00:00,5667.0
2019-07-06 23:15:00,5638.5
2019-07-06 23:30:00,5603.1
2019-07-06 23:45:00,5580.4
2019-07-07 00:00:00,5559.0
2019-07-07 00:15:00,5537.2
2019-07-07 00:30:00,5498.0
2019-07-07 00:45:00,5481.1
2019-07-07 01:00:00,5465.9
2019-07-07 01:15:00,5457.9
2019-07-07 01:30:00,5448.5
2019-07-07 01:45:00,5444.9
2019-07-07 02:00:00,5435.5
2019-07-07 02:15:00,5423.1
2019-07-07 02:30:00,5417.4
2019-07-07 02:45:00,5409.5
2019-07-07 03:00:00,5401.5
2019-07-07 03:15:00,5397.6
2019-07-07 03:30:00,5426.2
2019-07-07 03:45:00,5410.8
2019-07-07 04:00:00,5413.2
2019-07-07 04:15:00,5384.8
2019-07-07 04:30:00,5386.1
2019-07-07 04:45:00,5387.7
2019-07-07 05:00:00,5421.1
2019-07-07 05:15:00,5446.3
2019-07-07 05:30:00,5472.7
2019-07-07 05:45:00,5500.4
2019-07-07 06:00:00,5513.9
2019-07-07 06:15:00,5542.3
2019-07-07 06:30:00,5587.0
2019-07-07 06:45:00,5637.7
2019-07-07 07:00:00,5669.6
2019-07-07 07:15:00,5709.7
2019-07-07 07:30:00,5746.3
2019-07-07 07:45:00,5776.2
2019-07-07 08:00:00,5853.7
2019-07-07 08:15:00,5880.6
2019-07-07 08:30:00,5899.8
2019-07-07 08:45:00,5940.7
2019-07-07 09:00:00,5965.4
2019-07-07 09:15:00,6000.0
2019-07-07 09:30:00,6020.0
2019-07-07 09:45:00,6049.1
2019-07-07 10:00:00,6068.9
2019-07-07 10:15:00,6095.6
2019-07-07 10:30:00,6119.2
2019-07-07 10:45:00,6123.6
2019-07-07 11:00:00,6143.2
2019-07-07 11:15:00,6136.6
2019-07-07 11:30:00,6137.4
2019-07-07 11:45:00,6121.8
2019-07-07 12:00:00,6087.0
2019-07-07 12:15:00,6043.4
2019-07-07 12:30:00,6028.9
2019-07-07 12:45:00,6015.2
2019-07-07 13:00:00,6021.6
2019-07-07 13:15:00,6011.0
2019-07-07 13:30:00,5999.3
2019-07-07 13:45:00,5978.2
2019-07-07 14:00:00,5965.4
2019-07-07 14:15:00,5974.0
2019-07-07 14:30:00,5957.0
2019-07-07 14:45:00,5942.5
2019-07-07 15:00:00,5963.0
2019-07-07 15:15:00,5963.4
2019-07-07 15:30:00,5950.7
2019-07-07 15:45:00,5973.1
2019-07-07 16:00:00,6000.0
2019-07-07 16:15:00,6012.8
2019-07-07 16:30:00,5994.3
2019-07-07 16:45:00,6000.0
2019-07-07 17:00:00,6008.4
2019-07-07 17:15:00,5991.2
2019-07-07 17:30:00,5999.3
2019-07-07 17:45:00,5994.3
2019-07-07 18:00:00,6011.0
2019-07-07 18:15:00,6005.5
2019-07-07 18:30:00,5986.3
2019-07-07 18:45:00,5954.0
2019-07-07 19:00:00,5966.3
2019-07-07 19:15:00,5952.4
2019-07-07 19:30:00,5931.7
2019-07-07 19:45:00,5900.4
2019-07-07 20:00:00,5886.1
2019-07-07 20:15:00,5874.0
2019-07-07 20:30:00,5887.4
2019-07-07 20:45:00,5918.7
2019-07-07 21:00:00,5936.6
2019-07-07 21:15:00,5928.0
2019-07-07 21:30:00,5894.7
2019-07-07 21:45:00,5853.5
2019-07-07 22:00:00,5801.1
2019-07-07 22:15:00,5764.1
2019-07-07 22:30:00,5732.6
2019-07-07 22:45:00,5724.0
2019-07-07 23:00:00,5695.2
2019-07-07 23:15:00,5657.0
2019-07-07 23:30:00,5651.8
2019-07-07 23:45:00,5634.4
2019-07-08 00:00:00,5595.8
2019-07-08 00:15:00,5576.9
2019-07-08 00:30:00,5556.6
2019-07-08 00:45:00,5542.3
2019-07-08 01:00:00,5497.6
2019-07-08 01:15:00,5495.2
2019-07-08 01:30:00,5497.6
2019-07-08 01:45:00,5501.5
2019-07-08 02:00:00,5505.7
2019-07-08 02:15:00,5511.9
2019-07-08 02:30:00,5518.1
2019-07-08 02:45:00,5524.7
2019-07-08 03:00:00,5546.0
2019-07-08 03:15:00,5564.8
2019-07-08 03:30:00,5596.5
2019-07-08 03:45:00,5623.6
2019-07-08 04:00:00,5708.1
2019-07-08 04:15:00,5727.8
2019-07-08 04:30:00,5777.5
2019-07-08 04:45:00,5883.0
2019-07-08 05:00:00,6061.5
2019-07-08 05:15:00,6186.8
2019-07-08 05:30:00,6276.2
2019-07-08 05:45:00,6365.2
2019-07-08 06:00:00,6486.8
2019-07-08 06:15:00,6551.8
2019-07-08 06:30:00,6606.8
2019-07-08 06:45:00,6641.9
2019-07-08 07:00:00,6681.7
2019-07-08 07:15:00,6715.9
2019-07-08 07:30:00,6736.8
2019-07-08 07:45:00,6766.7
2019-07-08 08:00:00,6766.1
2019-07-08 08:15:00,6798.7
2019-07-08 08:30:00,6829.7
2019-07-08 08:45:00,6874.7
2019-07-08 09:00:00,6899.3
2019-07-08 09:15:00,6924.2
2019-07-08 09:30:00,6939.6
2019-07-08 09:45:00,6969.4
2019-07-08 10:00:00,6973.8
2019-07-08 10:15:00,6993.4
2019-07-08 10:30:00,7011.0
2019-07-08 10:45:00,7026.7
2019-07-08 11:00:00,7018.1
2019-07-08 11:15:00,7015.6
2019-07-08 11:30:00,7020.5
2019-07-08 11:45:00,7029.5
2019-07-08 12:00:00,7020.7
2019-07-08 12:15:00,6999.8
2019-07-08 12:30:00,6986.3
2019-07-08 12:45:00,6944.1
2019-07-08 13:00:00,6931.3
2019-07-08 13:15:00,6928.9
2019-07-08 13:30:00,6917.6
2019-07-08 13:45:00,6886.8
2019-07-08 14:00:00,6889.9
2019-07-08 14:15:00,6867.0
2019-07-08 14:30:00,6839.4
2019-07-08 14:45:00,6809.3
2019-07-08 15:00:00,6804.8
2019-07-08 15:15:00,6768.7
2019-07-08 15:30:00,6754.4
2019-07-08 15:45:00,6750.7
2019-07-08 16:00:00,6764.3
2019-07-08 16:15:00,6747.4
2019-07-08 16:30:00,6748.5
2019-07-08 16:45:00,6755.9
2019-07-08 17:00:00,6727.5
2019-07-08 17:15:00,6707.7
2019-07-08 17:30:00,6700.9
2019-07-08 17:45:00,6702.2
2019-07-08 18:00:00,6681.1
2019-07-08 18:15:00,6648.5
2019-07-08 18:30:00,6630.2
2019-07-08 18:45:00,6600.2
2019-07-08 19:00:00,6561.5
2019-07-08 19:15:00,6523.8
2019-07-08 19:30:00,6487.0
2019-07-08 19:45:00,6450.7
2019-07-08 20:00:00,6420.9
2019-07-08 20:15:00,6400.0
2019-07-08 20:30:00,6369.8
2019-07-08 20:45:00,6348.5
2019-07-08 21:00:00,6330.4
2019-07-08 21:15:00,6296.3
2019-07-08 21:30:00,6238.1
2019-07-08 21:45:00,6181.1
2019-07-08 22:00:00,6100.7
2019-07-08 22:15:00,6051.8
2019-07-08 22:30:00,5998.5
2019-07-08 22:45:00,5963.0
2019-07-08 23:00:00,5915.6
2019-07-08 23:15:00,5903.1
2019-07-08 23:30:00,5850.7
2019-07-08 23:45:00,5834.8
2019-07-09 00:00:00,5813.4
2019-07-09 00:15:00,5796.3
2019-07-09 00:30:00,5778.4
2019-07-09 00:45:00,5765.2
2019-07-09 01:00:00,5762.3
2019-07-09 01:15:00,5765.9
2019-07-09 01:30:00,5746.5
2019-07-09 01:45:00,5745.6
2019-07-09 02:00:00,5750.4
2019-07-09 02:15:00,5762.8
2019-07-09 02:30:00,5765.4
2019-07-09 02:45:00,5763.2
2019-07-09 03:00:00,5776.2
2019-07-09 03:15:00,5796.0
2019-07-09 03:30:00,5812.6
2019-07-09 03:45:00,5837.7
2019-07-09 04:00:00,5865.4
2019-07-09 04:15:00,5887.4
2019-07-09 04:30:00,5949.8
2019-07-09 04:45:00,6021.6
2019-07-09 05:00:00,6179.7
2019-07-09 05:15:00,6288.8
2019-07-09 05:30:00,6389.6
2019-07-09 05:45:00,6463.2
2019-07-09 06:00:00,6542.7
2019-07-09 06:15:00,6604.0
2019-07-09 06:30:00,6680.8
2019-07-09 06:45:00,6709.9
2019-07-09 07:00:00,6719.8
2019-07-09 07:15:00,6751.5
2019-07-09 07:30:00,6773.6
2019-07-09 07:45:00,6793.4
2019-07-09 08:00:00,6786.6
2019-07-09 08:15:00,6813.0
2019-07-09 08:30:00,6836.3
2019-07-09 08:45:00,6853.3
2019-07-09 09:00:00,6883.7
2019-07-09 09:15:00,6911.2
2019-07-09 09:30:00,6927.3
2019-07-09 09:45:00,6949.6
2019-07-09 10:00:00,7010.8
2019-07-09 10:15:00,7025.6
2019-07-09 10:30:00,7034.4
2019-07-09 10:45:00,7025.8
2019-07-09 11:00:00,6984.1
2019-07-09 11:15:00,6978.2
2019-07-09 11:30:00,6974.0
2019-07-09 11:45:00,6974.9
2019-07-09 12:00:00,6973.8
2019-07-09 12:15:00,6974.2
2019-07-09 12:30:00,6948.7
2019-07-09 12:45:00,6925.1
2019-07-09 13:00:00,6925.1
2019-07-09 13:15:00,6920.3
2019-07-09 13:30:00,6897.6
2019-07-09 13:45:00,6889.0
2019-07-09 14:00:00,6875.1
2019-07-09 14:15:00,6851.1
2019-07-09 14:30:00,6836.8
2019-07-09 14:45:00,6802.9
2019-07-09 15:00:00,6788.8
2019-07-09 15:15:00,6765.2
2019-07-09 15:30:00,6769.8
2019-07-09 15:45:00,6753.3
2019-07-09 16:00:00,6746.0
2019-07-09 16:15:00,6747.8
2019-07-09 16:30:00,6744.5
2019-07-09 16:45:00,6751.1
2019-07-09 17:00:00,6718.1
2019-07-09 17:15:00,6704.6
2019-07-09 17:30:00,6717.6
2019-07-09 17:45:00,6722.9
2019-07-09 18:00:00,6702.9
2019-07-09 18:15:00,6667.6
2019-07-09 18:30:00,6657.0
2019-07-09 18:45:00,6634.1
2019-07-09 19:00:00,6594.7
2019-07-09 19:15:00,6531.1
2019-07-09 19:30:00,6501.3
2019-07-09 19:45:00,6472.9
2019-07-09 20:00:00,6431.1
2019-07-09 20:15:00,6395.8
2019-07-09 20:30:00,6376.7
2019-07-09 20:45:00,6366.5
2019-07-09 21:00:00,6343.8
2019-07-09 21:15:00,6294.3
2019-07-09 21:30:00,6234.8
2019-07-09 21:45:00,6180.4
2019-07-09 22:00:00,6130.0
2019-07-09 22:15:00,6066.1
2019-07-09 22:30:00,6031.1
2019-07-09 22:45:00,5983.9
2019-07-09 23:00:00,5929.7
2019-07-09 23:15:00,5903.3
2019-07-09 23:30:00,5867.0
2019-07-09 23:45:00,5854.0
2019-07-10 00:00:00,5815.4
2019-07-10 00:15:00,5802.9
2019-07-10 00:30:00,5773.8
2019-07-10 00:45:00,5755.5
2019-07-10 01:00:00,5727.8
2019-07-10 01:15:00,5726.2
2019-07-10 01:30:00,5713.9
2019-07-10 01:45:00,5723.3
2019-07-10 02:00:00,5732.8
2019-07-10 02:15:00,5733.5
2019-07-10 02:30:00,5735.0
2019-07-10 02:45:00,5743.0
2019-07-10 03:00:00,5764.3
2019-07-10 03:15:00,5778.4
2019-07-10 03:30:00,5791.0
2019-07-10 03:45:00,5818.9
2019-07-10 04:00:00,5863.2
2019-07-10 04:15:00,5889.9
2019-07-10 04:30:00,5925.6
2019-07-10 04:45:00,6000.2
2019-07-10 05:00:00,6173.1
2019-07-10 05:15:00,6276.7
2019-07-10 05:30:00,6358.1
2019-07-10 05:45:00,6431.9
2019-07-10 06:00:00,6530.8
2019-07-10 06:15:00,6591.9
2019-07-10 06:30:00,6642.7
2019-07-10 06:45:00,6694.5
2019-07-10 07:00:00,6721.1
2019-07-10 07:15:00,6730.4
2019-07-10 07:30:00,6751.8
2019-07-10 07:45:00,6761.2
2019-07-10 08:00:00,6752.4
2019-07-10 08:15:00,6766.1
2019-07-10 08:30:00,6804.8
2019-07-10 08:45:00,6841.2
2019-07-10 09:00:00,6839.6
2019-07-10 09:15:00,6845.6
2019-07-10 09:30:00,6870.3
2019-07-10 09:45:00,6904.0
2019-07-10 10:00:00,6923.1
2019-07-10 10:15:00,6961.2
2019-07-10 10:30:00,6991.2
2019-07-10 10:45:00,6996.7
2019-07-10 11:00:00,6968.1
2019-07-10 11:15:00,6954.0
2019-07-10 11:30:00,6967.8
2019-07-10 11:45:00,6960.6
2019-07-10 12:00:00,6955.7
2019-07-10 12:15:00,6959.3
2019-07-10 12:30:00,6948.9
2019-07-10 12:45:00,6929.5
2019-07-10 13:00:00,6911.9
2019-07-10 13:15:00,6914.5
2019-07-10 13:30:00,6897.1
2019-07-10 13:45:00,6891.6
2019-07-10 14:00:00,6886.1
2019-07-10 14:15:00,6866.1
2019-07-10 14:30:00,6833.7
2019-07-10 14:45:00,6798.7
2019-07-10 15:00:00,6781.7
2019-07-10 15:15:00,6752.6
2019-07-10 15:30:00,6737.7
2019-07-10 15:45:00,6719.4
2019-07-10 16:00:00,6720.3
2019-07-10 16:15:00,6714.5
2019-07-10 16:30:00,6730.0
2019-07-10 16:45:00,6732.8
2019-07-10 17:00:00,6730.4
2019-07-10 17:15:00,6719.6
2019-07-10 17:30:00,6718.9
2019-07-10 17:45:00,6727.1
2019-07-10 18:00:00,6723.8
2019-07-10 18:15:00,6678.6
2019-07-10 18:30:00,6659.7
2019-07-10 18:45:00,6634.1
2019-07-10 19:00:00,6587.2
2019-07-10 19:15:00,6531.9
2019-07-10 19:30:00,6494.1
2019-07-10 19:45:00,6456.8
2019-07-10 20:00:00,6435.7
2019-07-10 20:15:00,6404.8
2019-07-10 20:30:00,6383.9
2019-07-10 20:45:00,6382.6
2019-07-10 21:00:00,6333.7
2019-07-10 21:15:00,6294.7
2019-07-10 21:30:00,6228.9
2019-07-10 21:45:00,6172.5
2019-07-10 22:00:00,6094.5
2019-07-10 22:15:00,6028.2
2019-07-10 22:30:00,5987.4
2019-07-10 22:45:00,5956.4
2019-07-10 23:00:00,5910.4
2019-07-10 23:15:00,5880.6
2019-07-10 23:30:00,5867.4
2019-07-10 23:45:00,5848.5
2019-07-11 00:00:00,5820.0
2019-07-11 00:15:00,5798.0
2019-07-11 00:30:00,5776.0
2019-07-11 00:45:00,5767.4
2019-07-11 01:00:00,5726.9
2019-07-11 01:15:00,5726.0
2019-07-11 01:30:00,5715.2
2019-07-11 01:45:00,5716.7
2019-07-11 02:00:00,5730.6
2019-07-11 02:15:00,5732.2
2019-07-11 02:30:00,5720.7
2019-07-11 02:45:00,5728.4
2019-07-11 03:00:00,5748.9
2019-07-11 03:15:00,5765.6
2019-07-11 03:30:00,5793.0
2019-07-11 03:45:00,5804.2
2019-07-11 04:00:00,5876.7
2019-07-11 04:15:00,5895.6
2019-07-11 04:30:00,5934.6
2019-07-11 04:45:00,6004.2
2019-07-11 05:00:00,6160.4
2019-07-11 05:15:00,6256.4
2019-07-11 05:30:00,6344.7
2019-07-11 05:45:00,6425.6
2019-07-11 06:00:00,6519.8
2019-07-11 06:15:00,6586.8
2019-07-11 06:30:00,6639.0
2019-07-11 06:45:00,6686.3
2019-07-11 07:00:00,6753.5
2019-07-11 07:15:00,6779.5
2019-07-11 07:30:00,6797.1
2019-07-11 07:45:00,6810.6
2019-07-11 08:00:00,6803.7
2019-07-11 08:15:00,6832.4
2019-07-11 08:30:00,6870.0
2019-07-11 08:45:00,6904.8
2019-07-11 09:00:00,6916.1
2019-07-11 09:15:00,6924.2
2019-07-11 09:30:00,6954.8
2019-07-11 09:45:00,6974.2
2019-07-11 10:00:00,7005.5
2019-07-11 10:15:00,7022.7
2019-07-11 10:30:00,7033.0
2019-07-11 10:45:00,7024.4
2019-07-11 11:00:00,7001.1
2019-07-11 11:15:00,6988.1
2019-07-11 11:30:00,6988.1
2019-07-11 11:45:00,6979.7
2019-07-11 12:00:00,6977.3
2019-07-11 12:15:00,6961.5
2019-07-11 12:30:00,6943.0
2019-07-11 12:45:00,6907.5
2019-07-11 13:00:00,6891.4
2019-07-11 13:15:00,6871.6
2019-07-11 13:30:00,6847.1
2019-07-11 13:45:00,6828.4
2019-07-11 14:00:00,6823.3
2019-07-11 14:15:00,6803.3
2019-07-11 14:30:00,6787.2
2019-07-11 14:45:00,6766.5
2019-07-11 15:00:00,6761.7
2019-07-11 15:15:00,6744.7
2019-07-11 15:30:00,6731.3
2019-07-11 15:45:00,6718.1
2019-07-11 16:00:00,6738.3
2019-07-11 16:15:00,6724.7
2019-07-11 16:30:00,6720.3
2019-07-11 16:45:00,6726.4
2019-07-11 17:00:00,6711.9
2019-07-11 17:15:00,6692.5
2019-07-11 17:30:00,6694.9
2019-07-11 17:45:00,6702.4
2019-07-11 18:00:00,6698.5
2019-07-11 18:15:00,6663.2
2019-07-11 18:30:00,6636.3
2019-07-11 18:45:00,6614.8
2019-07-11 19:00:00,6576.9
2019-07-11 19:15:00,6537.4
2019-07-11 19:30:00,6499.1
2019-07-11 19:45:00,6457.9
2019-07-11 20:00:00,6426.0
2019-07-11 20:15:00,6402.9
2019-07-11 20:30:00,6364.1
2019-07-11 20:45:00,6337.4
2019-07-11 21:00:00,6300.7
2019-07-11 21:15:00,6261.5
2019-07-11 21:30:00,6200.7
2019-07-11 21:45:00,6141.6
2019-07-11 22:00:00,6085.7
2019-07-11 22:15:00,6029.5
2019-07-11 22:30:00,5985.2
2019-07-11 22:45:00,5937.4
2019-07-11 23:00:00,5887.4
2019-07-11 23:15:00,5861.7
2019-07-11 23:30:00,5844.7
2019-07-11 23:45:00,5820.3
2019-07-12 00:00:00,5796.9
2019-07-12 00:15:00,5776.0
2019-07-12 00:30:00,5752.0
2019-07-12 00:45:00,5748.9
2019-07-12 01:00:00,5721.6
2019-07-12 01:15:00,5713.7
2019-07-12 01:30:00,5705.3
2019-07-12 01:45:00,5700.9
2019-07-12 02:00:00,5730.0
2019-07-12 02:15:00,5720.9
2019-07-12 02:30:00,5716.7
2019-07-12 02:45:00,5720.7
2019-07-12 03:00:00,5762.1
2019-07-12 03:15:00,5776.9
2019-07-12 03:30:00,5790.7
2019-07-12 03:45:00,5812.8
2019-07-12 04:00:00,5877.8
2019-07-12 04:15:00,5905.1
2019-07-12 04:30:00,5936.8
2019-07-12 04:45:00,6015.9
2019-07-12 05:00:00,6171.1
2019-07-12 05:15:00,6282.6
2019-07-12 05:30:00,6375.1
2019-07-12 05:45:00,6448.0
2019-07-12 06:00:00,6549.6
2019-07-12 06:15:00,6595.2
2019-07-12 06:30:00,6660.6
2019-07-12 06:45:00,6709.0
2019-07-12 07:00:00,6771.8
2019-07-12 07:15:00,6819.2
2019-07-12 07:30:00,6842.3
2019-07-12 07:45:00,6883.9
2019-07-12 08:00:00,6874.9
2019-07-12 08:15:00,6887.9
2019-07-12 08:30:00,6927.5
2019-07-12 08:45:00,6952.0
2019-07-12 09:00:00,6961.9
2019-07-12 09:15:00,6984.6
2019-07-12 09:30:00,7001.1
2019-07-12 09:45:00,7016.5
2019-07-12 10:00:00,7018.5
2019-07-12 10:15:00,7025.1
2019-07-12 10:30:00,7041.0
2019-07-12 10:45:00,7031.7
2019-07-12 11:00:00,6993.2
2019-07-12 11:15:00,6962.8
2019-07-12 11:30:00,6949.6
2019-07-12 11:45:00,6929.1
2019-07-12 12:00:00,6905.3
2019-07-12 12:15:00,6875.6
2019-07-12 12:30:00,6857.5
2019-07-12 12:45:00,6818.5
2019-07-12 13:00:00,6804.0
2019-07-12 13:15:00,6793.4
2019-07-12 13:30:00,6793.0
2019-07-12 13:45:00,6769.4
2019-07-12 14:00:00,6771.6
2019-07-12 14:15:00,6767.0
2019-07-12 14:30:00,6749.1
2019-07-12 14:45:00,6726.0
2019-07-12 15:00:00,6724.4
2019-07-12 15:15:00,6704.8
2019-07-12 15:30:00,6687.7
2019-07-12 15:45:00,6665.6
2019-07-12 16:00:00,6673.8
2019-07-12 16:15:00,6659.0
2019-07-12 16:30:00,6653.7
2019-07-12 16:45:00,6662.6
2019-07-12 17:00:00,6652.4
2019-07-12 17:15:00,6619.6
2019-07-12 17:30:00,6607.3
2019-07-12 17:45:00,6597.6
2019-07-12 18:00:00,6589.0
2019-07-12 18:15:00,6540.1
2019-07-12 18:30:00,6517.6
2019-07-12 18:45:00,6492.5
2019-07-12 19:00:00,6442.7
2019-07-12 19:15:00,6391.6
2019-07-12 19:30:00,6340.5
2019-07-12 19:45:00,6309.0
2019-07-12 20:00:00,6279.7
2019-07-12 20:15:00,6254.4
2019-07-12 20:30:00,6231.5
2019-07-12 20:45:00,6205.7
2019-07-12 21:00:00,6167.4
2019-07-12 21:15:00,6129.1
2019-07-12 21:30:00,6069.2
2019-07-12 21:45:00,6019.8
2019-07-12 22:00:00,5970.3
2019-07-12 22:15:00,5947.4
2019-07-12 22:30:00,5911.0
2019-07-12 22:45:00,5870.9
2019-07-12 23:00:00,5817.8
2019-07-12 23:15:00,5786.1
2019-07-12 23:30:00,5758.8
2019-07-12 23:45:00,5729.3
2019-07-13 00:00:00,5686.1
2019-07-13 00:15:00,5654.4
2019-07-13 00:30:00,5631.1
2019-07-13 00:45:00,5627.3
2019-07-13 01:00:00,5581.3
2019-07-13 01:15:00,5579.3
2019-07-13 01:30:00,5562.8
2019-07-13 01:45:00,5571.6
2019-07-13 02:00:00,5574.2
2019-07-13 02:15:00,5563.2
2019-07-13 02:30:00,5547.8
2019-07-13 02:45:00,5556.2
2019-07-13 03:00:00,5557.7
2019-07-13 03:15:00,5555.5
2019-07-13 03:30:00,5549.8
2019-07-13 03:45:00,5556.2
2019-07-13 04:00:00,5576.9
2019-07-13 04:15:00,5564.5
2019-07-13 04:30:00,5541.6
2019-07-13 04:45:00,5564.8
2019-07-13 05:00:00,5602.4
2019-07-13 05:15:00,5644.7
2019-07-13 05:30:00,5675.6
2019-07-13 05:45:00,5715.6
2019-07-13 06:00:00,5764.1
2019-07-13 06:15:00,5800.7
2019-07-13 06:30:00,5849.3
2019-07-13 06:45:00,5900.9
2019-07-13 07:00:00,5954.4
2019-07-13 07:15:00,6002.0
2019-07-13 07:30:00,6046.0
2019-07-13 07:45:00,6087.4
2019-07-13 08:00:00,6148.0
2019-07-13 08:15:00,6179.7
2019-07-13 08:30:00,6207.5
2019-07-13 08:45:00,6240.3
2019-07-13 09:00:00,6277.1
2019-07-13 09:15:00,6299.6
2019-07-13 09:30:00,6320.3
2019-07-13 09:45:00,6336.1
2019-07-13 10:00:00,6340.5
2019-07-13 10:15:00,6373.6
2019-07-13 10:30:00,6390.5
2019-07-13 10:45:00,6373.3
2019-07-13 11:00:00,6339.9
2019-07-13 11:15:00,6317.2
2019-07-13 11:30:00,6300.2
2019-07-13 11:45:00,6274.7
2019-07-13 12:00:00,6239.0
2019-07-13 12:15:00,6221.6
2019-07-13 12:30:00,6231.9
2019-07-13 12:45:00,6200.4
2019-07-13 13:00:00,6160.1
2019-07-13 13:15:00,6152.2
2019-07-13 13:30:00,6134.4
2019-07-13 13:45:00,6113.9
2019-07-13 14:00:00,6117.6
2019-07-13 14:15:00,6119.6
2019-07-13 14:30:00,6106.8
2019-07-13 14:45:00,6101.3
2019-07-13 15:00:00,6112.8
2019-07-13 15:15:00,6090.5
2019-07-13 15:30:00,6072.2
2019-07-13 15:45:00,6077.1
2019-07-13 16:00:00,6126.9
2019-07-13 16:15:00,6128.6
2019-07-13 16:30:00,6121.8
2019-07-13 16:45:00,6116.3
2019-07-13 17:00:00,6124.0
2019-07-13 17:15:00,6123.1
2019-07-13 17:30:00,6109.3
2019-07-13 17:45:00,6095.2
2019-07-13 18:00:00,6089.2
2019-07-13 18:15:00,6056.6
2019-07-13 18:30:00,6049.3
2019-07-13 18:45:00,6036.3
2019-07-13 19:00:00,5993.8
2019-07-13 19:15:00,5950.2
2019-07-13 19:30:00,5911.0
2019-07-13 19:45:00,5883.3
2019-07-13 20:00:00,5875.1
2019-07-13 20:15:00,5861.9
2019-07-13 20:30:00,5855.5
2019-07-13 20:45:00,5855.9
2019-07-13 21:00:00,5845.2
2019-07-13 21:15:00,5819.6
2019-07-13 21:30:00,5769.8
2019-07-13 21:45:00,5743.0
2019-07-13 22:00:00,5698.7
2019-07-13 22:15:00,5663.2
2019-07-13 22:30:00,5627.3
2019-07-13 22:45:00,5587.9
2019-07-13 23:00:00,5555.7
2019-07-13 23:15:00,5525.1
2019-07-13 23:30:00,5493.2
2019-07-13 23:45:00,5466.7
2019-07-14 00:00:00,5432.4
2019-07-14 00:15:00,5412.6
2019-07-14 00:30:00,5393.4
2019-07-14 00:45:00,5378.2
2019-07-14 01:00:00,5347.4
2019-07-14 01:15:00,5338.8
2019-07-14 01:30:00,5328.4
2019-07-14 01:45:00,5313.4
2019-07-14 02:00:00,5313.4
2019-07-14 02:15:00,5310.6
2019-07-14 02:30:00,5311.2
2019-07-14 02:45:00,5303.5
2019-07-14 03:00:00,5299.1
2019-07-14 03:15:00,5300.9
2019-07-14 03:30:00,5309.3
2019-07-14 03:45:00,5261.5
2019-07-14 04:00:00,5277.3
2019-07-14 04:15:00,5296.9
2019-07-14 04:30:00,5281.3
2019-07-14 04:45:00,5296.5
2019-07-14 05:00:00,5318.5
2019-07-14 05:15:00,5325.3
2019-07-14 05:30:00,5347.4
2019-07-14 05:45:00,5365.9
2019-07-14 06:00:00,5380.0
2019-07-14 06:15:00,5406.4
2019-07-14 06:30:00,5444.3
2019-07-14 06:45:00,5467.6
2019-07-14 07:00:00,5515.4
2019-07-14 07:15:00,5568.5
2019-07-14 07:30:00,5613.0
2019-07-14 07:45:00,5650.7
2019-07-14 08:00:00,5687.9
2019-07-14 08:15:00,5732.2
2019-07-14 08:30:00,5780.4
2019-07-14 08:45:00,5808.4
2019-07-14 09:00:00,5856.6
2019-07-14 09:15:00,5874.4
2019-07-14 09:30:00,5904.0
2019-07-14 09:45:00,5944.3
2019-07-14 10:00:00,5980.2
2019-07-14 10:15:00,6009.7
2019-07-14 10:30:00,6035.0
2019-07-14 10:45:00,6037.2
2019-07-14 11:00:00,6031.5
2019-07-14 11:15:00,6006.2
2019-07-14 11:30:00,5988.5
2019-07-14 11:45:00,5974.4
2019-07-14 12:00:00,5956.4
2019-07-14 12:15:00,5924.0
2019-07-14 12:30:00,5921.1
2019-07-14 12:45:00,5897.4
2019-07-14 13:00:00,5874.0
2019-07-14 13:15:00,5863.0
2019-07-14 13:30:00,5870.0
2019-07-14 13:45:00,5865.9
2019-07-14 14:00:00,5854.6
2019-07-14 14:15:00,5842.7
2019-07-14 14:30:00,5832.2
2019-07-14 14:45:00,5832.6
2019-07-14 15:00:00,5820.0
2019-07-14 15:15:00,5824.4
2019-07-14 15:30:00,5846.5
2019-07-14 15:45:00,5856.6
2019-07-14 16:00:00,5880.2
2019-07-14 16:15:00,5859.0
2019-07-14 16:30:00,5868.5
2019-07-14 16:45:00,5889.2
2019-07-14 17:00:00,5908.4
2019-07-14 17:15:00,5915.9
2019-07-14 17:30:00,5920.5
2019-07-14 17:45:00,5939.2
2019-07-14 18:00:00,5928.6
2019-07-14 18:15:00,5907.0
2019-07-14 18:30:00,5898.0
2019-07-14 18:45:00,5896.5
2019-07-14 19:00:00,5896.7
2019-07-14 19:15:00,5883.9
2019-07-14 19:30:00,5861.2
2019-07-14 19:45:00,5838.5
2019-07-14 20:00:00,5845.2
2019-07-14 20:15:00,5833.9
2019-07-14 20:30:00,5844.9
2019-07-14 20:45:00,5881.3
2019-07-14 21:00:00,5884.6
2019-07-14 21:15:00,5851.5
2019-07-14 21:30:00,5820.7
2019-07-14 21:45:00,5778.6
2019-07-14 22:00:00,5733.0
2019-07-14 22:15:00,5688.3
2019-07-14 22:30:00,5645.6
2019-07-14 22:45:00,5611.2
2019-07-14 23:00:00,5578.6
2019-07-14 23:15:00,5549.8
2019-07-14 23:30:00,5525.1
2019-07-14 23:45:00,5499.1
2019-07-15 00:00:00,5478.4
2019-07-15 00:15:00,5465.4
2019-07-15 00:30:00,5443.4
2019-07-15 00:45:00,5427.8
2019-07-15 01:00:00,5407.5
2019-07-15 01:15:00,5399.1
2019-07-15 01:30:00,5415.4
2019-07-15 01:45:00,5406.8
2019-07-15 02:00:00,5431.9
2019-07-15 02:15:00,5441.4
2019-07-15 02:30:00,5441.4
2019-07-15 02:45:00,5446.7
2019-07-15 03:00:00,5490.3
2019-07-15 03:15:00,5512.1
2019-07-15 03:30:00,5548.2
2019-07-15 03:45:00,5586.6
2019-07-15 04:00:00,5665.4
2019-07-15 04:15:00,5700.4
2019-07-15 04:30:00,5733.9
2019-07-15 04:45:00,5817.2
2019-07-15 05:00:00,6013.9
2019-07-15 05:15:00,6132.4
2019-07-15 05:30:00,6226.7
2019-07-15 05:45:00,6316.7
2019-07-15 06:00:00,6405.7
2019-07-15 06:15:00,6480.0
2019-07-15 06:30:00,6541.2
2019-07-15 06:45:00,6600.7
2019-07-15 07:00:00,6651.8
2019-07-15 07:15:00,6692.1
2019-07-15 07:30:00,6711.0
2019-07-15 07:45:00,6738.5
2019-07-15 08:00:00,6719.4
2019-07-15 08:15:00,6743.6
2019-07-15 08:30:00,6775.8
2019-07-15 08:45:00,6809.0
2019-07-15 09:00:00,6843.4
2019-07-15 09:15:00,6855.3
2019-07-15 09:30:00,6879.3
2019-07-15 09:45:00,6904.2
2019-07-15 10:00:00,6921.4
2019-07-15 10:15:00,6946.0
2019-07-15 10:30:00,6972.5
2019-07-15 10:45:00,6981.1
2019-07-15 11:00:00,6949.6
2019-07-15 11:15:00,6929.3
2019-07-15 11:30:00,6942.5
2019-07-15 11:45:00,6943.8
2019-07-15 12:00:00,6947.8
2019-07-15 12:15:00,6926.4
2019-07-15 12:30:00,6892.3
2019-07-15 12:45:00,6868.9
2019-07-15 13:00:00,6860.1
2019-07-15 13:15:00,6867.2
2019-07-15 13:30:00,6840.3
2019-07-15 13:45:00,6829.5
2019-07-15 14:00:00,6825.8
2019-07-15 14:15:00,6785.2
2019-07-15 14:30:00,6766.3
2019-07-15 14:45:00,6757.0
2019-07-15 15:00:00,6747.4
2019-07-15 15:15:00,6729.7
2019-07-15 15:30:00,6716.3
2019-07-15 15:45:00,6709.0
2019-07-15 16:00:00,6723.6
2019-07-15 16:15:00,6714.8
2019-07-15 16:30:00,6716.5
2019-07-15 16:45:00,6713.9
2019-07-15 17:00:00,6705.5
2019-07-15 17:15:00,6684.4
2019-07-15 17:30:00,6682.8
2019-07-15 17:45:00,6683.9
2019-07-15 18:00:00,6669.6
2019-07-15 18:15:00,6634.1
2019-07-15 18:30:00,6616.1
2019-07-15 18:45:00,6594.5
2019-07-15 19:00:00,6564.1
2019-07-15 19:15:00,6516.1
2019-07-15 19:30:00,6478.6
2019-07-15 19:45:00,6440.5
2019-07-15 20:00:00,6413.4
2019-07-15 20:15:00,6387.2
2019-07-15 20:30:00,6365.0
2019-07-15 20:45:00,6362.6
2019-07-15 21:00:00,6326.2
2019-07-15 21:15:00,6285.5
2019-07-15 21:30:00,6216.3
2019-07-15 21:45:00,6164.1
2019-07-15 22:00:00,6097.1
2019-07-15 22:15:00,6033.9
2019-07-15 22:30:00,5993.0
2019-07-15 22:45:00,5944.5
2019-07-15 23:00:00,5875.3
2019-07-15 23:15:00,5830.8
2019-07-15 23:30:00,5802.4
2019-07-15 23:45:00,5785.2
2019-07-16 00:00:00,5765.9
2019-07-16 00:15:00,5745.8
2019-07-16 00:30:00,5728.6
2019-07-16 00:45:00,5726.7
2019-07-16 01:00:00,5689.4
2019-07-16 01:15:00,5697.4
2019-07-16 01:30:00,5681.1
2019-07-16 01:45:00,5675.6
2019-07-16 02:00:00,5686.3
2019-07-16 02:15:00,5684.4
2019-07-16 02:30:00,5676.4
2019-07-16 02:45:00,5690.3
2019-07-16 03:00:00,5717.8
2019-07-16 03:15:00,5723.8
2019-07-16 03:30:00,5742.5
2019-07-16 03:45:00,5780.6
2019-07-16 04:00:00,5855.3
2019-07-16 04:15:00,5870.0
2019-07-16 04:30:00,5915.2
2019-07-16 04:45:00,5996.5
2019-07-16 05:00:00,6153.7
2019-07-16 05:15:00,6257.3
2019-07-16 05:30:00,6319.6
2019-07-16 05:45:00,6383.3
2019-07-16 06:00:00,6500.0
2019-07-16 06:15:00,6562.8
2019-07-16 06:30:00,6650.7
2019-07-16 06:45:00,6697.4
2019-07-16 07:00:00,6768.9
2019-07-16 07:15:00,6804.6
2019-07-16 07:30:00,6815.6
2019-07-16 07:45:00,6838.1
2019-07-16 08:00:00,6835.5
2019-07-16 08:15:00,6865.0
2019-07-16 08:30:00,6894.9
2019-07-16 08:45:00,6933.9
2019-07-16 09:00:00,6947.4
2019-07-16 09:15:00,6957.9
2019-07-16 09:30:00,6970.0
2019-07-16 09:45:00,6989.4
2019-07-16 10:00:00,6994.1
2019-07-16 10:15:00,6988.8
2019-07-16 10:30:00,6994.1
2019-07-16 10:45:00,7007.3
2019-07-16 11:00:00,6989.2
2019-07-16 11:15:00,6965.6
2019-07-16 11:30:00,6962.8
2019-07-16 11:45:00,6964.3
2019-07-16 12:00:00,6958.6
2019-07-16 12:15:00,6950.9
2019-07-16 12:30:00,6925.8
2019-07-16 12:45:00,6904.0
2019-07-16 13:00:00,6902.2
2019-07-16 13:15:00,6901.8
2019-07-16 13:30:00,6889.4
2019-07-16 13:45:00,6876.4
2019-07-16 14:00:00,6854.4
2019-07-16 14:15:00,6842.1
2019-07-16 14:30:00,6807.3
2019-07-16 14:45:00,6783.3
2019-07-16 15:00:00,6764.5
2019-07-16 15:15:00,6756.2
2019-07-16 15:30:00,6745.6
2019-07-16 15:45:00,6741.2
2019-07-16 16:00:00,6738.5
2019-07-16 16:15:00,6742.7
2019-07-16 16:30:00,6732.6
2019-07-16 16:45:00,6729.7
2019-07-16 17:00:00,6723.6
2019-07-16 17:15:00,6707.5
2019-07-16 17:30:00,6707.7
2019-07-16 17:45:00,6713.4
2019-07-16 18:00:00,6700.0
2019-07-16 18:15:00,6677.5
2019-07-16 18:30:00,6650.4
2019-07-16 18:45:00,6621.1
2019-07-16 19:00:00,6568.7
2019-07-16 19:15:00,6524.2
2019-07-16 19:30:00,6493.6
2019-07-16 19:45:00,6461.5
2019-07-16 20:00:00,6424.4
2019-07-16 20:15:00,6402.4
2019-07-16 20:30:00,6398.2
2019-07-16 20:45:00,6371.1
2019-07-16 21:00:00,6339.4
2019-07-16 21:15:00,6299.6
2019-07-16 21:30:00,6250.2
2019-07-16 21:45:00,6185.9
2019-07-16 22:00:00,6131.5
2019-07-16 22:15:00,6069.8
2019-07-16 22:30:00,6027.3
2019-07-16 22:45:00,5993.4
2019-07-16 23:00:00,5917.6
2019-07-16 23:15:00,5888.3
2019-07-16 23:30:00,5864.1
2019-07-16 23:45:00,5835.0
2019-07-17 00:00:00,5801.3
2019-07-17 00:15:00,5771.6
2019-07-17 00:30:00,5757.9
2019-07-17 00:45:00,5738.1
2019-07-17 01:00:00,5703.7
2019-07-17 01:15:00,5692.7
2019-07-17 01:30:00,5673.8
2019-07-17 01:45:00,5676.9
2019-07-17 02:00:00,5683.3
2019-07-17 02:15:00,5686.1
2019-07-17 02:30:00,5664.8
2019-07-17 02:45:00,5675.6
2019-07-17 03:00:00,5711.9
2019-07-17 03:15:00,5731.5
2019-07-17 03:30:00,5731.5
2019-07-17 03:45:00,5757.0
2019-07-17 04:00:00,5823.6
2019-07-17 04:15:00,5850.0
2019-07-17 04:30:00,5883.5
2019-07-17 04:45:00,5946.0
2019-07-17 05:00:00,6115.2
2019-07-17 05:15:00,6224.0
2019-07-17 05:30:00,6296.0
2019-07-17 05:45:00,6368.9
2019-07-17 06:00:00,6465.0
2019-07-17 06:15:00,6523.8
2019-07-17 06:30:00,6595.2
2019-07-17 06:45:00,6630.2
2019-07-17 07:00:00,6693.8
2019-07-17 07:15:00,6728.6
2019-07-17 07:30:00,6758.4
2019-07-17 07:45:00,6774.0
2019-07-17 08:00:00,6762.6
2019-07-17 08:15:00,6776.4
2019-07-17 08:30:00,6815.2
2019-07-17 08:45:00,6840.1
2019-07-17 09:00:00,6848.9
2019-07-17 09:15:00,6861.9
2019-07-17 09:30:00,6888.1
2019-07-17 09:45:00,6907.7
2019-07-17 10:00:00,6924.0
2019-07-17 10:15:00,6945.6
2019-07-17 10:30:00,6951.5
2019-07-17 10:45:00,6928.0
2019-07-17 11:00:00,6913.0
2019-07-17 11:15:00,6898.2
2019-07-17 11:30:00,6903.7
2019-07-17 11:45:00,6909.0
2019-07-17 12:00:00,6902.2
2019-07-17 12:15:00,6886.3
2019-07-17 12:30:00,6857.0
2019-07-17 12:45:00,6827.3
2019-07-17 13:00:00,6814.8
2019-07-17 13:15:00,6806.2
2019-07-17 13:30:00,6787.4
2019-07-17 13:45:00,6770.5
2019-07-17 14:00:00,6789.0
2019-07-17 14:15:00,6776.4
2019-07-17 14:30:00,6742.7
2019-07-17 14:45:00,6717.6
2019-07-17 15:00:00,6707.0
2019-07-17 15:15:00,6678.0
2019-07-17 15:30:00,6651.8
2019-07-17 15:45:00,6659.9
2019-07-17 16:00:00,6665.9
2019-07-17 16:15:00,6650.7
2019-07-17 16:30:00,6650.0
2019-07-17 16:45:00,6652.9
2019-07-17 17:00:00,6650.2
2019-07-17 17:15:00,6634.8
2019-07-17 17:30:00,6615.6
2019-07-17 17:45:00,6612.1
2019-07-17 18:00:00,6595.8
2019-07-17 18:15:00,6563.2
2019-07-17 18:30:00,6548.7
2019-07-17 18:45:00,6530.6
2019-07-17 19:00:00,6501.8
2019-07-17 19:15:00,6456.2
2019-07-17 19:30:00,6417.0
2019-07-17 19:45:00,6378.2
2019-07-17 20:00:00,6349.8
2019-07-17 20:15:00,6341.2
2019-07-17 20:30:00,6333.0
2019-07-17 20:45:00,6326.7
2019-07-17 21:00:00,6287.9
2019-07-17 21:15:00,6250.0
2019-07-17 21:30:00,6186.8
2019-07-17 21:45:00,6116.5
2019-07-17 22:00:00,6050.7
2019-07-17 22:15:00,5986.3
2019-07-17 22:30:00,5944.3
2019-07-17 22:45:00,5898.5
2019-07-17 23:00:00,5846.0
2019-07-17 23:15:00,5820.0
2019-07-17 23:30:00,5784.1
2019-07-17 23:45:00,5753.5
2019-07-18 00:00:00,5725.6
2019-07-18 00:15:00,5707.9
2019-07-18 00:30:00,5706.8
2019-07-18 00:45:00,5681.5
2019-07-18 01:00:00,5651.3
2019-07-18 01:15:00,5655.9
2019-07-18 01:30:00,5645.8
2019-07-18 01:45:00,5641.0
2019-07-18 02:00:00,5656.4
2019-07-18 02:15:00,5649.8
2019-07-18 02:30:00,5651.1
2019-07-18 02:45:00,5674.4
2019-07-18 03:00:00,5680.8
2019-07-18 03:15:00,5683.9
2019-07-18 03:30:00,5708.8
2019-07-18 03:45:00,5733.7
2019-07-18 04:00:00,5800.9
2019-07-18 04:15:00,5824.0
2019-07-18 04:30:00,5857.9
2019-07-18 04:45:00,5937.0
2019-07-18 05:00:00,6096.7
2019-07-18 05:15:00,6187.2
2019-07-18 05:30:00,6274.2
2019-07-18 05:45:00,6356.2
2019-07-18 06:00:00,6444.9
2019-07-18 06:15:00,6508.6
2019-07-18 06:30:00,6564.3
2019-07-18 06:45:00,6623.1
2019-07-18 07:00:00,6679.1
2019-07-18 07:15:00,6713.4
2019-07-18 07:30:00,6746.7
2019-07-18 07:45:00,6766.3
2019-07-18 08:00:00,6758.6
2019-07-18 08:15:00,6779.1
2019-07-18 08:30:00,6805.5
2019-07-18 08:45:00,6828.4
2019-07-18 09:00:00,6826.2
2019-07-18 09:15:00,6847.4
2019-07-18 09:30:00,6863.2
2019-07-18 09:45:00,6903.1
2019-07-18 10:00:00,6907.5
2019-07-18 10:15:00,6931.7
2019-07-18 10:30:00,6959.9
2019-07-18 10:45:00,6968.7
2019-07-18 11:00:00,6929.7
2019-07-18 11:15:00,6917.6
2019-07-18 11:30:00,6918.7
2019-07-18 11:45:00,6918.9
2019-07-18 12:00:00,6908.8
2019-07-18 12:15:00,6908.1
2019-07-18 12:30:00,6891.4
2019-07-18 12:45:00,6863.7
2019-07-18 13:00:00,6845.2
2019-07-18 13:15:00,6855.9
2019-07-18 13:30:00,6844.5
2019-07-18 13:45:00,6829.3
2019-07-18 14:00:00,6840.5
2019-07-18 14:15:00,6809.9
2019-07-18 14:30:00,6779.3
2019-07-18 14:45:00,6759.7
2019-07-18 15:00:00,6744.5
2019-07-18 15:15:00,6716.7
2019-07-18 15:30:00,6694.1
2019-07-18 15:45:00,6693.6
2019-07-18 16:00:00,6706.4
2019-07-18 16:15:00,6715.0
2019-07-18 16:30:00,6715.2
2019-07-18 16:45:00,6703.1
2019-07-18 17:00:00,6688.1
2019-07-18 17:15:00,6660.4
2019-07-18 17:30:00,6674.4
2019-07-18 17:45:00,6684.4
2019-07-18 18:00:00,6670.0
2019-07-18 18:15:00,6632.6
2019-07-18 18:30:00,6614.3
2019-07-18 18:45:00,6598.2
2019-07-18 19:00:00,6550.7
2019-07-18 19:15:00,6504.4
2019-07-18 19:30:00,6463.2
2019-07-18 19:45:00,6440.5
2019-07-18 20:00:00,6407.5
2019-07-18 20:15:00,6376.4
2019-07-18 20:30:00,6380.4
2019-07-18 20:45:00,6364.3
2019-07-18 21:00:00,6317.4
2019-07-18 21:15:00,6262.6
2019-07-18 21:30:00,6209.5
2019-07-18 21:45:00,6152.9
2019-07-18 22:00:00,6089.6
2019-07-18 22:15:00,6043.2
2019-07-18 22:30:00,5995.4
2019-07-18 22:45:00,5950.9
2019-07-18 23:00:00,5912.1
2019-07-18 23:15:00,5879.7
2019-07-18 23:30:00,5863.7
2019-07-18 23:45:00,5834.6
2019-07-19 00:00:00,5802.0
2019-07-19 00:15:00,5780.2
2019-07-19 00:30:00,5760.4
2019-07-19 00:45:00,5758.4
2019-07-19 01:00:00,5734.8
2019-07-19 01:15:00,5725.1
2019-07-19 01:30:00,5720.3
2019-07-19 01:45:00,5711.5
2019-07-19 02:00:00,5728.9
2019-07-19 02:15:00,5717.4
2019-07-19 02:30:00,5717.4
2019-07-19 02:45:00,5720.0
2019-07-19 03:00:00,5738.3
2019-07-19 03:15:00,5756.2
2019-07-19 03:30:00,5777.5
2019-07-19 03:45:00,5799.1
2019-07-19 04:00:00,5855.9
2019-07-19 04:15:00,5881.7
2019-07-19 04:30:00,5922.2
2019-07-19 04:45:00,5985.2
2019-07-19 05:00:00,6140.5
2019-07-19 05:15:00,6241.9
2019-07-19 05:30:00,6329.3
2019-07-19 05:45:00,6405.3
2019-07-19 06:00:00,6503.3
2019-07-19 06:15:00,6565.2
2019-07-19 06:30:00,6594.9
2019-07-19 06:45:00,6667.4
2019-07-19 07:00:00,6732.4
2019-07-19 07:15:00,6755.7
2019-07-19 07:30:00,6773.3
2019-07-19 07:45:00,6790.5
2019-07-19 08:00:00,6782.6
2019-07-19 08:15:00,6806.8
2019-07-19 08:30:00,6855.9
2019-07-19 08:45:00,6870.7
2019-07-19 09:00:00,6878.0
2019-07-19 09:15:00,6888.1
2019-07-19 09:30:00,6915.0
2019-07-19 09:45:00,6941.0
2019-07-19 10:00:00,6937.0
2019-07-19 10:15:00,6967.8
2019-07-19 10:30:00,6986.8
2019-07-19 10:45:00,7000.2
2019-07-19 11:00:00,6968.3
2019-07-19 11:15:00,6947.1
2019-07-19 11:30:00,6941.6
2019-07-19 11:45:00,6926.2
2019-07-19 12:00:00,6904.8
2019-07-19 12:15:00,6884.1
2019-07-19 12:30:00,6849.6
2019-07-19 12:45:00,6814.5
2019-07-19 13:00:00,6806.4
2019-07-19 13:15:00,6794.1
2019-07-19 13:30:00,6781.9
2019-07-19 13:45:00,6750.0
2019-07-19 14:00:00,6730.2
2019-07-19 14:15:00,6712.3
2019-07-19 14:30:00,6696.5
2019-07-19 14:45:00,6668.5
2019-07-19 15:00:00,6667.4
2019-07-19 15:15:00,6644.1
2019-07-19 15:30:00,6617.4
2019-07-19 15:45:00,6600.9
2019-07-19 16:00:00,6599.6
2019-07-19 16:15:00,6584.1
2019-07-19 16:30:00,6574.2
2019-07-19 16:45:00,6565.2
2019-07-19 17:00:00,6569.4
2019-07-19 17:15:00,6542.5
2019-07-19 17:30:00,6539.0
2019-07-19 17:45:00,6533.7
2019-07-19 18:00:00,6513.2
2019-07-19 18:15:00,6473.1
2019-07-19 18:30:00,6441.4
2019-07-19 18:45:00,6417.6
2019-07-19 19:00:00,6376.0
2019-07-19 19:15:00,6320.5
2019-07-19 19:30:00,6278.6
2019-07-19 19:45:00,6254.2
2019-07-19 20:00:00,6226.0
2019-07-19 20:15:00,6206.6
2019-07-19 20:30:00,6186.3
2019-07-19 20:45:00,6177.1
2019-07-19 21:00:00,6157.9
2019-07-19 21:15:00,6125.8
2019-07-19 21:30:00,6068.7
2019-07-19 21:45:00,6022.7
2019-07-19 22:00:00,5974.2
2019-07-19 22:15:00,5923.8
2019-07-19 22:30:00,5868.7
2019-07-19 22:45:00,5834.1
2019-07-19 23:00:00,5791.2
2019-07-19 23:15:00,5765.2
2019-07-19 23:30:00,5725.1
2019-07-19 23:45:00,5704.8
2019-07-20 00:00:00,5675.1
2019-07-20 00:15:00,5631.3
2019-07-20 00:30:00,5614.5
2019-07-20 00:45:00,5591.0
2019-07-20 01:00:00,5563.7
2019-07-20 01:15:00,5536.6
2019-07-20 01:30:00,5524.4
2019-07-20 01:45:00,5524.2
2019-07-20 02:00:00,5506.2
2019-07-20 02:15:00,5505.1
2019-07-20 02:30:00,5498.2
2019-07-20 02:45:00,5501.5
2019-07-20 03:00:00,5487.4
2019-07-20 03:15:00,5487.2
2019-07-20 03:30:00,5489.6
2019-07-20 03:45:00,5491.9
2019-07-20 04:00:00,5517.4
2019-07-20 04:15:00,5496.3
2019-07-20 04:30:00,5480.0
2019-07-20 04:45:00,5496.9
2019-07-20 05:00:00,5564.5
2019-07-20 05:15:00,5597.1
2019-07-20 05:30:00,5647.4
2019-07-20 05:45:00,5685.2
2019-07-20 06:00:00,5728.6
2019-07-20 06:15:00,5773.8
2019-07-20 06:30:00,5841.6
2019-07-20 06:45:00,5893.2
2019-07-20 07:00:00,5958.4
2019-07-20 07:15:00,6017.4
2019-07-20 07:30:00,6068.5
2019-07-20 07:45:00,6125.8
2019-07-20 08:00:00,6159.0
2019-07-20 08:15:00,6190.7
2019-07-20 08:30:00,6244.5
2019-07-20 08:45:00,6268.7
2019-07-20 09:00:00,6294.9
2019-07-20 09:15:00,6317.8
2019-07-20 09:30:00,6332.8
2019-07-20 09:45:00,6363.9
2019-07-20 10:00:00,6360.8
2019-07-20 10:15:00,6380.6
2019-07-20 10:30:00,6407.0
2019-07-20 10:45:00,6422.9
2019-07-20 11:00:00,6404.8
2019-07-20 11:15:00,6401.8
2019-07-20 11:30:00,6409.9
2019-07-20 11:45:00,6396.0
2019-07-20 12:00:00,6363.9
2019-07-20 12:15:00,6320.7
2019-07-20 12:30:00,6275.8
2019-07-20 12:45:00,6261.7
2019-07-20 13:00:00,6214.8
2019-07-20 13:15:00,6177.5
2019-07-20 13:30:00,6158.1
2019-07-20 13:45:00,6147.6
2019-07-20 14:00:00,6154.8
2019-07-20 14:15:00,6151.5
2019-07-20 14:30:00,6153.5
2019-07-20 14:45:00,6148.0
2019-07-20 15:00:00,6166.1
2019-07-20 15:15:00,6155.3
2019-07-20 15:30:00,6137.2
2019-07-20 15:45:00,6128.0
2019-07-20 16:00:00,6110.4
2019-07-20 16:15:00,6097.8
2019-07-20 16:30:00,6108.6
2019-07-20 16:45:00,6118.5
2019-07-20 17:00:00,6162.3
2019-07-20 17:15:00,6159.0
2019-07-20 17:30:00,6141.6
2019-07-20 17:45:00,6139.2
2019-07-20 18:00:00,6126.7
2019-07-20 18:15:00,6092.1
2019-07-20 18:30:00,6086.8
2019-07-20 18:45:00,6081.5
2019-07-20 19:00:00,6050.2
2019-07-20 19:15:00,6001.3
2019-07-20 19:30:00,5971.1
2019-07-20 19:45:00,5943.2
2019-07-20 20:00:00,5929.5
2019-07-20 20:15:00,5914.8
2019-07-20 20:30:00,5910.8
2019-07-20 20:45:00,5906.2
2019-07-20 21:00:00,5904.8
2019-07-20 21:15:00,5871.4
2019-07-20 21:30:00,5832.8
2019-07-20 21:45:00,5789.4
2019-07-20 22:00:00,5737.4
2019-07-20 22:15:00,5707.0
2019-07-20 22:30:00,5665.6
2019-07-20 22:45:00,5633.3
2019-07-20 23:00:00,5564.5
2019-07-20 23:15:00,5526.7
2019-07-20 23:30:00,5501.3
2019-07-20 23:45:00,5472.5
2019-07-21 00:00:00,5446.5
2019-07-21 00:15:00,5426.0
2019-07-21 00:30:00,5396.0
2019-07-21 00:45:00,5392.1
2019-07-21 01:00:00,5383.0
2019-07-21 01:15:00,5380.8
2019-07-21 01:30:00,5347.8
2019-07-21 01:45:00,5348.0
2019-07-21 02:00:00,5331.7
2019-07-21 02:15:00,5328.2
2019-07-21 02:30:00,5315.0
2019-07-21 02:45:00,5321.4
2019-07-21 03:00:00,5311.9
2019-07-21 03:15:00,5314.3
2019-07-21 03:30:00,5320.5
2019-07-21 03:45:00,5321.6
2019-07-21 04:00:00,5343.8
2019-07-21 04:15:00,5326.4
2019-07-21 04:30:00,5319.6
2019-07-21 04:45:00,5315.2
2019-07-21 05:00:00,5337.2
2019-07-21 05:15:00,5339.2
2019-07-21 05:30:00,5365.4
2019-07-21 05:45:00,5387.9
2019-07-21 06:00:00,5419.6
2019-07-21 06:15:00,5447.1
2019-07-21 06:30:00,5465.6
2019-07-21 06:45:00,5508.6
2019-07-21 07:00:00,5547.8
2019-07-21 07:15:00,5611.7
2019-07-21 07:30:00,5651.3
2019-07-21 07:45:00,5689.9
2019-07-21 08:00:00,5730.8
2019-07-21 08:15:00,5763.9
2019-07-21 08:30:00,5801.5
2019-07-21 08:45:00,5824.7
2019-07-21 09:00:00,5856.2
2019-07-21 09:15:00,5906.8
2019-07-21 09:30:00,5949.3
2019-07-21 09:45:00,5984.6
2019-07-21 10:00:00,6037.0
2019-07-21 10:15:00,6074.9
2019-07-21 10:30:00,6098.0
2019-07-21 10:45:00,6111.5
2019-07-21 11:00:00,6119.6
2019-07-21 11:15:00,6095.4
2019-07-21 11:30:00,6082.8
2019-07-21 11:45:00,6070.7
2019-07-21 12:00:00,6045.8
2019-07-21 12:15:00,6017.4
2019-07-21 12:30:00,6000.0
2019-07-21 12:45:00,5978.6
2019-07-21 13:00:00,5978.0
2019-07-21 13:15:00,5974.7
2019-07-21 13:30:00,5949.8
2019-07-21 13:45:00,5939.4
2019-07-21 14:00:00,5925.3
2019-07-21 14:15:00,5925.6
2019-07-21 14:30:00,5911.9
2019-07-21 14:45:00,5893.8
2019-07-21 15:00:00,5887.0
2019-07-21 15:15:00,5891.9
2019-07-21 15:30:00,5891.4
2019-07-21 15:45:00,5894.3
2019-07-21 16:00:00,5919.4
2019-07-21 16:15:00,5922.2
2019-07-21 16:30:00,5918.1
2019-07-21 16:45:00,5914.3
2019-07-21 17:00:00,5944.7
2019-07-21 17:15:00,5960.8
2019-07-21 17:30:00,5955.1
2019-07-21 17:45:00,5941.4
2019-07-21 18:00:00,5958.8
2019-07-21 18:15:00,5947.8
2019-07-21 18:30:00,5935.0
2019-07-21 18:45:00,5914.1
2019-07-21 19:00:00,5924.0
2019-07-21 19:15:00,5915.0
2019-07-21 19:30:00,5901.3
2019-07-21 19:45:00,5877.3
2019-07-21 20:00:00,5874.2
2019-07-21 20:15:00,5876.2
2019-07-21 20:30:00,5907.3
2019-07-21 20:45:00,5937.7
2019-07-21 21:00:00,5943.6
2019-07-21 21:15:00,5913.2
2019-07-21 21:30:00,5875.6
2019-07-21 21:45:00,5827.1
2019-07-21 22:00:00,5794.9
2019-07-21 22:15:00,5766.1
2019-07-21 22:30:00,5718.5
2019-07-21 22:45:00,5679.3
2019-07-21 23:00:00,5631.7
2019-07-21 23:15:00,5609.9
2019-07-21 23:30:00,5591.6
2019-07-21 23:45:00,5554.2
2019-07-22 00:00:00,5518.5
2019-07-22 00:15:00,5501.8
2019-07-22 00:30:00,5476.9
2019-07-22 00:45:00,5448.2
2019-07-22 01:00:00,5438.1
2019-07-22 01:15:00,5446.0
2019-07-22 01:30:00,5438.5
2019-07-22 01:45:00,5426.9
2019-07-22 02:00:00,5449.1
2019-07-22 02:15:00,5454.2
2019-07-22 02:30:00,5455.7
2019-07-22 02:45:00,5447.4
2019-07-22 03:00:00,5495.4
2019-07-22 03:15:00,5508.1
2019-07-22 03:30:00,5533.9
2019-07-22 03:45:00,5561.5
2019-07-22 04:00:00,5651.8
2019-07-22 04:15:00,5701.5
2019-07-22 04:30:00,5740.5
2019-07-22 04:45:00,5813.4
2019-07-22 05:00:00,5977.3
2019-07-22 05:15:00,6106.6
2019-07-22 05:30:00,6199.3
2019-07-22 05:45:00,6277.3
2019-07-22 06:00:00,6392.1
2019-07-22 06:15:00,6456.6
2019-07-22 06:30:00,6523.3
2019-07-22 06:45:00,6588.8
2019-07-22 07:00:00,6647.6
2019-07-22 07:15:00,6690.7
2019-07-22 07:30:00,6725.3
2019-07-22 07:45:00,6745.4
2019-07-22 08:00:00,6735.9
2019-07-22 08:15:00,6760.8
2019-07-22 08:30:00,6797.8
2019-07-22 08:45:00,6834.1
2019-07-22 09:00:00,6854.2
2019-07-22 09:15:00,6858.8
2019-07-22 09:30:00,6873.1
2019-07-22 09:45:00,6906.4
2019-07-22 10:00:00,6919.4
2019-07-22 10:15:00,6948.7
2019-07-22 10:30:00,6972.0
2019-07-22 10:45:00,6973.8
2019-07-22 11:00:00,6949.3
2019-07-22 11:15:00,6950.0
2019-07-22 11:30:00,6950.7
2019-07-22 11:45:00,6966.1
2019-07-22 12:00:00,6975.3
2019-07-22 12:15:00,6951.3
2019-07-22 12:30:00,6923.1
2019-07-22 12:45:00,6895.6
2019-07-22 13:00:00,6891.2
2019-07-22 13:15:00,6872.9
2019-07-22 13:30:00,6860.4
2019-07-22 13:45:00,6838.8
2019-07-22 14:00:00,6852.2
2019-07-22 14:15:00,6825.6
2019-07-22 14:30:00,6814.5
2019-07-22 14:45:00,6787.2
2019-07-22 15:00:00,6785.5
2019-07-22 15:15:00,6783.7
2019-07-22 15:30:00,6774.4
2019-07-22 15:45:00,6756.4
2019-07-22 16:00:00,6751.3
2019-07-22 16:15:00,6757.7
2019-07-22 16:30:00,6756.8
2019-07-22 16:45:00,6758.4
2019-07-22 17:00:00,6729.1
2019-07-22 17:15:00,6717.2
2019-07-22 17:30:00,6699.6
2019-07-22 17:45:00,6691.4
2019-07-22 18:00:00,6672.7
2019-07-22 18:15:00,6639.4
2019-07-22 18:30:00,6632.2
2019-07-22 18:45:00,6600.2
2019-07-22 19:00:00,6555.5
2019-07-22 19:15:00,6501.5
2019-07-22 19:30:00,6458.4
2019-07-22 19:45:00,6429.7
2019-07-22 20:00:00,6389.6
2019-07-22 20:15:00,6386.6
2019-07-22 20:30:00,6374.9
2019-07-22 20:45:00,6348.0
2019-07-22 21:00:00,6326.9
2019-07-22 21:15:00,6286.8
2019-07-22 21:30:00,6214.3
2019-07-22 21:45:00,6168.3
2019-07-22 22:00:00,6091.2
2019-07-22 22:15:00,6049.1
2019-07-22 22:30:00,5993.4
2019-07-22 22:45:00,5951.3
2019-07-22 23:00:00,5913.4
2019-07-22 23:15:00,5874.0
2019-07-22 23:30:00,5849.3
2019-07-22 23:45:00,5830.6
2019-07-23 00:00:00,5803.1
2019-07-23 00:15:00,5786.3
2019-07-23 00:30:00,5756.2
2019-07-23 00:45:00,5743.2
2019-07-23 01:00:00,5720.3
2019-07-23 01:15:00,5705.3
2019-07-23 01:30:00,5698.9
2019-07-23 01:45:00,5694.5
2019-07-23 02:00:00,5711.2
2019-07-23 02:15:00,5702.6
2019-07-23 02:30:00,5691.9
2019-07-23 02:45:00,5702.0
2019-07-23 03:00:00,5718.1
2019-07-23 03:15:00,5718.3
2019-07-23 03:30:00,5733.5
2019-07-23 03:45:00,5768.3
2019-07-23 04:00:00,5820.7
2019-07-23 04:15:00,5843.4
2019-07-23 04:30:00,5888.5
2019-07-23 04:45:00,5957.0
2019-07-23 05:00:00,6111.7
2019-07-23 05:15:00,6210.6
2019-07-23 05:30:00,6287.7
2019-07-23 05:45:00,6376.2
2019-07-23 06:00:00,6479.7
2019-07-23 06:15:00,6538.1
2019-07-23 06:30:00,6596.3
2019-07-23 06:45:00,6656.2
2019-07-23 07:00:00,6710.8
2019-07-23 07:15:00,6755.1
2019-07-23 07:30:00,6783.3
2019-07-23 07:45:00,6820.0
2019-07-23 08:00:00,6812.1
2019-07-23 08:15:00,6844.9
2019-07-23 08:30:00,6887.9
2019-07-23 08:45:00,6926.0
2019-07-23 09:00:00,6934.4
2019-07-23 09:15:00,6961.5
2019-07-23 09:30:00,6984.8
2019-07-23 09:45:00,7002.4
2019-07-23 10:00:00,7024.0
2019-07-23 10:15:00,7044.7
2019-07-23 10:30:00,7055.1
2019-07-23 10:45:00,7059.9
2019-07-23 11:00:00,7024.7
2019-07-23 11:15:00,7003.5
2019-07-23 11:30:00,7002.9
2019-07-23 11:45:00,7000.2
2019-07-23 12:00:00,7001.8
2019-07-23 12:15:00,6994.9
2019-07-23 12:30:00,6980.0
2019-07-23 12:45:00,6960.6
2019-07-23 13:00:00,6956.8
2019-07-23 13:15:00,6946.5
2019-07-23 13:30:00,6930.2
2019-07-23 13:45:00,6919.6
2019-07-23 14:00:00,6915.9
2019-07-23 14:15:00,6895.4
2019-07-23 14:30:00,6852.9
2019-07-23 14:45:00,6836.6
2019-07-23 15:00:00,6824.0
2019-07-23 15:15:00,6808.8
2019-07-23 15:30:00,6803.7
2019-07-23 15:45:00,6785.7
2019-07-23 16:00:00,6785.5
2019-07-23 16:15:00,6781.9
2019-07-23 16:30:00,6792.3
2019-07-23 16:45:00,6791.6
2019-07-23 17:00:00,6758.4
2019-07-23 17:15:00,6741.4
2019-07-23 17:30:00,6735.0
2019-07-23 17:45:00,6741.4
2019-07-23 18:00:00,6735.9
2019-07-23 18:15:00,6700.4
2019-07-23 18:30:00,6674.4
2019-07-23 18:45:00,6657.3
2019-07-23 19:00:00,6615.2
2019-07-23 19:15:00,6570.5
2019-07-23 19:30:00,6531.3
2019-07-23 19:45:00,6509.7
2019-07-23 20:00:00,6481.1
2019-07-23 20:15:00,6466.1
2019-07-23 20:30:00,6450.7
2019-07-23 20:45:00,6441.9
2019-07-23 21:00:00,6399.8
2019-07-23 21:15:00,6350.0
2019-07-23 21:30:00,6280.2
2019-07-23 21:45:00,6233.0
2019-07-23 22:00:00,6160.6
2019-07-23 22:15:00,6106.6
2019-07-23 22:30:00,6047.4
2019-07-23 22:45:00,6015.2
2019-07-23 23:00:00,5957.3
2019-07-23 23:15:00,5926.7
2019-07-23 23:30:00,5906.8
2019-07-23 23:45:00,5878.9
2019-07-24 00:00:00,5870.3
2019-07-24 00:15:00,5846.5
2019-07-24 00:30:00,5827.3
2019-07-24 00:45:00,5824.4
2019-07-24 01:00:00,5798.9
2019-07-24 01:15:00,5789.6
2019-07-24 01:30:00,5778.6
2019-07-24 01:45:00,5774.7
2019-07-24 02:00:00,5789.6
2019-07-24 02:15:00,5786.8
2019-07-24 02:30:00,5781.1
2019-07-24 02:45:00,5786.1
2019-07-24 03:00:00,5799.8
2019-07-24 03:15:00,5817.2
2019-07-24 03:30:00,5836.3
2019-07-24 03:45:00,5860.8
2019-07-24 04:00:00,5924.9
2019-07-24 04:15:00,5946.5
2019-07-24 04:30:00,5990.3
2019-07-24 04:45:00,6033.0
2019-07-24 05:00:00,6182.8
2019-07-24 05:15:00,6303.5
2019-07-24 05:30:00,6375.1
2019-07-24 05:45:00,6453.3
2019-07-24 06:00:00,6546.7
2019-07-24 06:15:00,6617.2
2019-07-24 06:30:00,6673.8
2019-07-24 06:45:00,6731.3
2019-07-24 07:00:00,6780.4
2019-07-24 07:15:00,6822.5
2019-07-24 07:30:00,6852.9
2019-07-24 07:45:00,6883.0
2019-07-24 08:00:00,6879.5
2019-07-24 08:15:00,6903.5
2019-07-24 08:30:00,6942.1
2019-07-24 08:45:00,6977.5
2019-07-24 09:00:00,6996.0
2019-07-24 09:15:00,7022.7
2019-07-24 09:30:00,7046.5
2019-07-24 09:45:00,7077.1
2019-07-24 10:00:00,7079.3
2019-07-24 10:15:00,7098.5
2019-07-24 10:30:00,7114.1
2019-07-24 10:45:00,7119.6
2019-07-24 11:00:00,7065.9
2019-07-24 11:15:00,7063.4
2019-07-24 11:30:00,7065.9
2019-07-24 11:45:00,7065.9
2019-07-24 12:00:00,7054.8
2019-07-24 12:15:00,7039.4
2019-07-24 12:30:00,7023.3
2019-07-24 12:45:00,7002.0
2019-07-24 13:00:00,7002.2
2019-07-24 13:15:00,7002.9
2019-07-24 13:30:00,6987.2
2019-07-24 13:45:00,6970.5
2019-07-24 14:00:00,6965.0
2019-07-24 14:15:00,6934.6
2019-07-24 14:30:00,6911.2
2019-07-24 14:45:00,6889.6
2019-07-24 15:00:00,6878.6
2019-07-24 15:15:00,6855.1
2019-07-24 15:30:00,6843.2
2019-07-24 15:45:00,6823.6
2019-07-24 16:00:00,6815.2
2019-07-24 16:15:00,6799.3
2019-07-24 16:30:00,6792.7
2019-07-24 16:45:00,6795.4
2019-07-24 17:00:00,6767.4
2019-07-24 17:15:00,6740.1
2019-07-24 17:30:00,6750.2
2019-07-24 17:45:00,6750.2
2019-07-24 18:00:00,6731.9
2019-07-24 18:15:00,6704.4
2019-07-24 18:30:00,6681.7
2019-07-24 18:45:00,6673.8
2019-07-24 19:00:00,6630.0
2019-07-24 19:15:00,6594.9
2019-07-24 19:30:00,6562.1
2019-07-24 19:45:00,6531.9
2019-07-24 20:00:00,6513.0
2019-07-24 20:15:00,6495.6
2019-07-24 20:30:00,6480.0
2019-07-24 20:45:00,6470.9
2019-07-24 21:00:00,6439.6
2019-07-24 21:15:00,6400.0
2019-07-24 21:30:00,6338.5
2019-07-24 21:45:00,6284.8
2019-07-24 22:00:00,6219.6
2019-07-24 22:15:00,6184.6
2019-07-24 22:30:00,6137.0
2019-07-24 22:45:00,6119.2
2019-07-24 23:00:00,6052.6
2019-07-24 23:15:00,6024.9
2019-07-24 23:30:00,6002.9
2019-07-24 23:45:00,5974.0
2019-07-25 00:00:00,5952.0
2019-07-25 00:15:00,5937.2
2019-07-25 00:30:00,5914.1
2019-07-25 00:45:00,5894.5
2019-07-25 01:00:00,5877.5
2019-07-25 01:15:00,5857.0
2019-07-25 01:30:00,5851.1
2019-07-25 01:45:00,5842.3
2019-07-25 02:00:00,5844.3
2019-07-25 02:15:00,5844.7
2019-07-25 02:30:00,5834.6
2019-07-25 02:45:00,5827.5
2019-07-25 03:00:00,5848.0
2019-07-25 03:15:00,5862.8
2019-07-25 03:30:00,5879.1
2019-07-25 03:45:00,5902.2
2019-07-25 04:00:00,5968.7
2019-07-25 04:15:00,5998.0
2019-07-25 04:30:00,6008.1
2019-07-25 04:45:00,6060.1
2019-07-25 05:00:00,6195.8
2019-07-25 05:15:00,6290.5
2019-07-25 05:30:00,6367.6
2019-07-25 05:45:00,6445.4
2019-07-25 06:00:00,6542.5
2019-07-25 06:15:00,6608.6
2019-07-25 06:30:00,6683.5
2019-07-25 06:45:00,6741.4
2019-07-25 07:00:00,6787.4
2019-07-25 07:15:00,6813.2
2019-07-25 07:30:00,6850.4
2019-07-25 07:45:00,6887.0
2019-07-25 08:00:00,6883.7
2019-07-25 08:15:00,6906.6
2019-07-25 08:30:00,6942.5
2019-07-25 08:45:00,6987.4
2019-07-25 09:00:00,7008.6
2019-07-25 09:15:00,7022.2
2019-07-25 09:30:00,7056.4
2019-07-25 09:45:00,7074.2
2019-07-25 10:00:00,7083.9
2019-07-25 10:15:00,7098.7
2019-07-25 10:30:00,7130.4
2019-07-25 10:45:00,7139.0
2019-07-25 11:00:00,7084.4
2019-07-25 11:15:00,7066.3
2019-07-25 11:30:00,7073.6
2019-07-25 11:45:00,7082.6
2019-07-25 12:00:00,7066.7
2019-07-25 12:15:00,7053.1
2019-07-25 12:30:00,7041.4
2019-07-25 12:45:00,7016.5
2019-07-25 13:00:00,6998.7
2019-07-25 13:15:00,6992.1
2019-07-25 13:30:00,6977.1
2019-07-25 13:45:00,6961.7
2019-07-25 14:00:00,6961.5
2019-07-25 14:15:00,6937.4
2019-07-25 14:30:00,6904.8
2019-07-25 14:45:00,6881.9
2019-07-25 15:00:00,6871.8
2019-07-25 15:15:00,6849.8
2019-07-25 15:30:00,6826.0
2019-07-25 15:45:00,6831.7
2019-07-25 16:00:00,6847.6
2019-07-25 16:15:00,6810.1
2019-07-25 16:30:00,6831.9
2019-07-25 16:45:00,6827.1
2019-07-25 17:00:00,6812.8
2019-07-25 17:15:00,6784.4
2019-07-25 17:30:00,6787.2
2019-07-25 17:45:00,6790.7
2019-07-25 18:00:00,6759.0
2019-07-25 18:15:00,6742.7
2019-07-25 18:30:00,6733.7
2019-07-25 18:45:00,6717.0
2019-07-25 19:00:00,6678.4
2019-07-25 19:15:00,6641.4
2019-07-25 19:30:00,6621.6
2019-07-25 19:45:00,6602.9
2019-07-25 20:00:00,6574.4
2019-07-25 20:15:00,6572.7
2019-07-25 20:30:00,6558.1
2019-07-25 20:45:00,6537.0
2019-07-25 21:00:00,6494.1
2019-07-25 21:15:00,6444.5
2019-07-25 21:30:00,6383.5
2019-07-25 21:45:00,6341.0
2019-07-25 22:00:00,6273.1
2019-07-25 22:15:00,6226.2
2019-07-25 22:30:00,6164.5
2019-07-25 22:45:00,6109.5
2019-07-25 23:00:00,6040.5
2019-07-25 23:15:00,6004.0
2019-07-25 23:30:00,5982.6
2019-07-25 23:45:00,5950.2
2019-07-26 00:00:00,5920.7
2019-07-26 00:15:00,5902.2
2019-07-26 00:30:00,5883.0
2019-07-26 00:45:00,5865.9
2019-07-26 01:00:00,5870.7
2019-07-26 01:15:00,5854.6
2019-07-26 01:30:00,5840.3
2019-07-26 01:45:00,5831.7
2019-07-26 02:00:00,5846.7
2019-07-26 02:15:00,5837.4
2019-07-26 02:30:00,5830.6
2019-07-26 02:45:00,5838.1
2019-07-26 03:00:00,5867.2
2019-07-26 03:15:00,5886.1
2019-07-26 03:30:00,5900.4
2019-07-26 03:45:00,5940.1
2019-07-26 04:00:00,5986.6
2019-07-26 04:15:00,6020.5
2019-07-26 04:30:00,6043.0
2019-07-26 04:45:00,6106.2
2019-07-26 05:00:00,6246.3
2019-07-26 05:15:00,6352.4
2019-07-26 05:30:00,6420.0
2019-07-26 05:45:00,6478.0
2019-07-26 06:00:00,6573.3
2019-07-26 06:15:00,6629.3
2019-07-26 06:30:00,6690.5
2019-07-26 06:45:00,6748.5
2019-07-26 07:00:00,6813.9
2019-07-26 07:15:00,6845.8
2019-07-26 07:30:00,6868.7
2019-07-26 07:45:00,6902.4
2019-07-26 08:00:00,6914.8
2019-07-26 08:15:00,6944.1
2019-07-26 08:30:00,6984.6
2019-07-26 08:45:00,7013.2
2019-07-26 09:00:00,7031.7
2019-07-26 09:15:00,7038.8
2019-07-26 09:30:00,7061.0
2019-07-26 09:45:00,7093.0
2019-07-26 10:00:00,7091.9
2019-07-26 10:15:00,7106.2
2019-07-26 10:30:00,7115.0
2019-07-26 10:45:00,7112.6
2019-07-26 11:00:00,7063.4
2019-07-26 11:15:00,7052.4
2019-07-26 11:30:00,7046.7
2019-07-26 11:45:00,7039.9
2019-07-26 12:00:00,7011.0
2019-07-26 12:15:00,6989.0
2019-07-26 12:30:00,6984.1
2019-07-26 12:45:00,6951.1
2019-07-26 13:00:00,6938.5
2019-07-26 13:15:00,6930.6
2019-07-26 13:30:00,6914.8
2019-07-26 13:45:00,6897.1
2019-07-26 14:00:00,6880.0
2019-07-26 14:15:00,6865.4
2019-07-26 14:30:00,6857.3
2019-07-26 14:45:00,6829.5
2019-07-26 15:00:00,6833.3
2019-07-26 15:15:00,6834.8
2019-07-26 15:30:00,6831.9
2019-07-26 15:45:00,6829.7
2019-07-26 16:00:00,6831.7
2019-07-26 16:15:00,6818.3
2019-07-26 16:30:00,6813.2
2019-07-26 16:45:00,6802.2
2019-07-26 17:00:00,6794.5
2019-07-26 17:15:00,6767.2
2019-07-26 17:30:00,6753.1
2019-07-26 17:45:00,6733.7
2019-07-26 18:00:00,6723.3
2019-07-26 18:15:00,6692.7
2019-07-26 18:30:00,6669.6
2019-07-26 18:45:00,6638.3
2019-07-26 19:00:00,6588.3
2019-07-26 19:15:00,6546.7
2019-07-26 19:30:00,6506.8
2019-07-26 19:45:00,6481.9
2019-07-26 20:00:00,6446.0
2019-07-26 20:15:00,6435.9
2019-07-26 20:30:00,6428.0
2019-07-26 20:45:00,6398.2
2019-07-26 21:00:00,6378.0
2019-07-26 21:15:00,6355.7
2019-07-26 21:30:00,6288.8
2019-07-26 21:45:00,6223.6
2019-07-26 22:00:00,6152.4
2019-07-26 22:15:00,6105.7
2019-07-26 22:30:00,6046.5
2019-07-26 22:45:00,6015.4
2019-07-26 23:00:00,5953.5
2019-07-26 23:15:00,5907.7
2019-07-26 23:30:00,5880.6
2019-07-26 23:45:00,5846.9
2019-07-27 00:00:00,5788.5
2019-07-27 00:15:00,5759.0
2019-07-27 00:30:00,5735.2
2019-07-27 00:45:00,5679.5
2019-07-27 01:00:00,5697.8
2019-07-27 01:15:00,5665.0
2019-07-27 01:30:00,5664.3
2019-07-27 01:45:00,5664.3
2019-07-27 02:00:00,5662.3
2019-07-27 02:15:00,5658.6
2019-07-27 02:30:00,5636.8
2019-07-27 02:45:00,5636.6
2019-07-27 03:00:00,5634.1
2019-07-27 03:15:00,5616.7
2019-07-27 03:30:00,5601.1
2019-07-27 03:45:00,5604.8
2019-07-27 04:00:00,5614.1
2019-07-27 04:15:00,5609.9
2019-07-27 04:30:00,5609.9
2019-07-27 04:45:00,5624.7
2019-07-27 05:00:00,5675.6
2019-07-27 05:15:00,5695.6
2019-07-27 05:30:00,5732.4
2019-07-27 05:45:00,5755.9
2019-07-27 06:00:00,5809.7
2019-07-27 06:15:00,5860.4
2019-07-27 06:30:00,5899.3
2019-07-27 06:45:00,5953.7
2019-07-27 07:00:00,6002.2
2019-07-27 07:15:00,6047.4
2019-07-27 07:30:00,6093.4
2019-07-27 07:45:00,6145.2
2019-07-27 08:00:00,6186.6
2019-07-27 08:15:00,6220.9
2019-07-27 08:30:00,6271.1
2019-07-27 08:45:00,6302.9
2019-07-27 09:00:00,6324.7
2019-07-27 09:15:00,6344.9
2019-07-27 09:30:00,6371.6
2019-07-27 09:45:00,6393.2
2019-07-27 10:00:00,6427.1
2019-07-27 10:15:00,6452.2
2019-07-27 10:30:00,6465.6
2019-07-27 10:45:00,6466.7
2019-07-27 11:00:00,6446.9
2019-07-27 11:15:00,6434.6
2019-07-27 11:30:00,6420.5
2019-07-27 11:45:00,6404.6
2019-07-27 12:00:00,6359.9
2019-07-27 12:15:00,6338.8
2019-07-27 12:30:00,6326.9
2019-07-27 12:45:00,6309.3
2019-07-27 13:00:00,6298.5
2019-07-27 13:15:00,6294.9
2019-07-27 13:30:00,6286.3
2019-07-27 13:45:00,6268.3
2019-07-27 14:00:00,6254.2
2019-07-27 14:15:00,6244.5
2019-07-27 14:30:00,6233.7
2019-07-27 14:45:00,6221.4
2019-07-27 15:00:00,6217.0
2019-07-27 15:15:00,6210.8
2019-07-27 15:30:00,6199.6
2019-07-27 15:45:00,6204.8
2019-07-27 16:00:00,6222.5
2019-07-27 16:15:00,6218.3
2019-07-27 16:30:00,6230.2
2019-07-27 16:45:00,6224.4
2019-07-27 17:00:00,6230.0
2019-07-27 17:15:00,6219.4
2019-07-27 17:30:00,6217.6
2019-07-27 17:45:00,6209.5
2019-07-27 18:00:00,6197.8
2019-07-27 18:15:00,6171.4
2019-07-27 18:30:00,6152.4
2019-07-27 18:45:00,6136.1
2019-07-27 19:00:00,6108.1
2019-07-27 19:15:00,6056.6
2019-07-27 19:30:00,6036.3
2019-07-27 19:45:00,6004.8
2019-07-27 20:00:00,5984.8
2019-07-27 20:15:00,6000.7
2019-07-27 20:30:00,5988.5
2019-07-27 20:45:00,5995.4
2019-07-27 21:00:00,5971.1
2019-07-27 21:15:00,5946.9
2019-07-27 21:30:00,5900.7
2019-07-27 21:45:00,5870.7
2019-07-27 22:00:00,5813.2
2019-07-27 22:15:00,5778.2
2019-07-27 22:30:00,5751.5
2019-07-27 22:45:00,5717.0
2019-07-27 23:00:00,5667.8
2019-07-27 23:15:00,5624.2
2019-07-27 23:30:00,5607.7
2019-07-27 23:45:00,5587.2
2019-07-28 00:00:00,5547.6
2019-07-28 00:15:00,5519.8
2019-07-28 00:30:00,5504.0
2019-07-28 00:45:00,5481.7
2019-07-28 01:00:00,5475.6
2019-07-28 01:15:00,5468.9
2019-07-28 01:30:00,5462.8
2019-07-28 01:45:00,5452.6
2019-07-28 02:00:00,5444.3
2019-07-28 02:15:00,5441.9
2019-07-28 02:30:00,5424.2
2019-07-28 02:45:00,5423.3
2019-07-28 03:00:00,5430.2
2019-07-28 03:15:00,5433.7
2019-07-28 03:30:00,5431.9
2019-07-28 03:45:00,5362.6
2019-07-28 04:00:00,5419.8
2019-07-28 04:15:00,5409.3
2019-07-28 04:30:00,5403.1
2019-07-28 04:45:00,5408.1
2019-07-28 05:00:00,5406.6
2019-07-28 05:15:00,5424.2
2019-07-28 05:30:00,5435.2
2019-07-28 05:45:00,5455.5
2019-07-28 06:00:00,5491.4
2019-07-28 06:15:00,5499.6
2019-07-28 06:30:00,5528.0
2019-07-28 06:45:00,5564.5
2019-07-28 07:00:00,5634.6
2019-07-28 07:15:00,5667.0
2019-07-28 07:30:00,5699.6
2019-07-28 07:45:00,5736.3
2019-07-28 08:00:00,5782.6
2019-07-28 08:15:00,5801.5
2019-07-28 08:30:00,5830.8
2019-07-28 08:45:00,5870.5
2019-07-28 09:00:00,5913.2
2019-07-28 09:15:00,5928.4
2019-07-28 09:30:00,5957.9
2019-07-28 09:45:00,5985.5
2019-07-28 10:00:00,6017.6
2019-07-28 10:15:00,6041.0
2019-07-28 10:30:00,6058.4
2019-07-28 10:45:00,6076.0
2019-07-28 11:00:00,6070.7
2019-07-28 11:15:00,6057.9
2019-07-28 11:30:00,6032.4
2019-07-28 11:45:00,6026.2
2019-07-28 12:00:00,6017.2
2019-07-28 12:15:00,5996.3
2019-07-28 12:30:00,5977.5
2019-07-28 12:45:00,5959.3
2019-07-28 13:00:00,5940.1
2019-07-28 13:15:00,5942.3
2019-07-28 13:30:00,5923.1
2019-07-28 13:45:00,5912.3
2019-07-28 14:00:00,5933.7
2019-07-28 14:15:00,5915.2
2019-07-28 14:30:00,5897.8
2019-07-28 14:45:00,5892.7
2019-07-28 15:00:00,5902.2
2019-07-28 15:15:00,5895.2
2019-07-28 15:30:00,5888.5
2019-07-28 15:45:00,5905.9
2019-07-28 16:00:00,5920.3
2019-07-28 16:15:00,5929.5
2019-07-28 16:30:00,5953.3
2019-07-28 16:45:00,5967.8
2019-07-28 17:00:00,5987.7
2019-07-28 17:15:00,5994.5
2019-07-28 17:30:00,5998.2
2019-07-28 17:45:00,5996.9
2019-07-28 18:00:00,6022.9
2019-07-28 18:15:00,6016.5
2019-07-28 18:30:00,6006.8
2019-07-28 18:45:00,5985.0
2019-07-28 19:00:00,5975.3
2019-07-28 19:15:00,5955.5
2019-07-28 19:30:00,5942.1
2019-07-28 19:45:00,5922.0
2019-07-28 20:00:00,5941.0
2019-07-28 20:15:00,5956.6
2019-07-28 20:30:00,5978.4
2019-07-28 20:45:00,5976.4
2019-07-28 21:00:00,5969.4
2019-07-28 21:15:00,5940.5
2019-07-28 21:30:00,5897.6
2019-07-28 21:45:00,5866.7
2019-07-28 22:00:00,5808.4
2019-07-28 22:15:00,5765.6
2019-07-28 22:30:00,5735.7
2019-07-28 22:45:00,5714.8
2019-07-28 23:00:00,5641.0
2019-07-28 23:15:00,5609.9
2019-07-28 23:30:00,5581.1
2019-07-28 23:45:00,5567.2
2019-07-29 00:00:00,5551.3
2019-07-29 00:15:00,5542.1
2019-07-29 00:30:00,5538.1
2019-07-29 00:45:00,5532.2
2019-07-29 01:00:00,5526.7
2019-07-29 01:15:00,5521.4
2019-07-29 01:30:00,5509.5
2019-07-29 01:45:00,5519.2
2019-07-29 02:00:00,5507.7
2019-07-29 02:15:00,5505.5
2019-07-29 02:30:00,5512.1
2019-07-29 02:45:00,5518.3
2019-07-29 03:00:00,5548.7
2019-07-29 03:15:00,5559.9
2019-07-29 03:30:00,5579.5
2019-07-29 03:45:00,5610.8
2019-07-29 04:00:00,5685.9
2019-07-29 04:15:00,5737.2
2019-07-29 04:30:00,5759.5
2019-07-29 04:45:00,5835.2
2019-07-29 05:00:00,6030.0
2019-07-29 05:15:00,6139.6
2019-07-29 05:30:00,6230.6
2019-07-29 05:45:00,6320.0
2019-07-29 06:00:00,6436.6
2019-07-29 06:15:00,6505.7
2019-07-29 06:30:00,6565.2
2019-07-29 06:45:00,6626.9
2019-07-29 07:00:00,6687.7
2019-07-29 07:15:00,6725.6
2019-07-29 07:30:00,6750.9
2019-07-29 07:45:00,6770.9
2019-07-29 08:00:00,6769.8
2019-07-29 08:15:00,6782.6
2019-07-29 08:30:00,6815.4
2019-07-29 08:45:00,6879.1
2019-07-29 09:00:00,6896.3
2019-07-29 09:15:00,6900.7
2019-07-29 09:30:00,6908.6
2019-07-29 09:45:00,6936.6
2019-07-29 10:00:00,6933.3
2019-07-29 10:15:00,6948.9
2019-07-29 10:30:00,6949.8
2019-07-29 10:45:00,6955.1
2019-07-29 11:00:00,6934.6
2019-07-29 11:15:00,6916.1
2019-07-29 11:30:00,6903.7
2019-07-29 11:45:00,6905.7
2019-07-29 12:00:00,6902.9
2019-07-29 12:15:00,6895.4
2019-07-29 12:30:00,6871.6
2019-07-29 12:45:00,6845.4
2019-07-29 13:00:00,6826.9
2019-07-29 13:15:00,6817.0
2019-07-29 13:30:00,6804.6
2019-07-29 13:45:00,6802.0
2019-07-29 14:00:00,6805.3
2019-07-29 14:15:00,6797.8
2019-07-29 14:30:00,6760.1
2019-07-29 14:45:00,6731.1
2019-07-29 15:00:00,6719.4
2019-07-29 15:15:00,6705.1
2019-07-29 15:30:00,6694.7
2019-07-29 15:45:00,6677.8
2019-07-29 16:00:00,6678.9
2019-07-29 16:15:00,6675.1
2019-07-29 16:30:00,6682.2
2019-07-29 16:45:00,6678.9
2019-07-29 17:00:00,6657.9
2019-07-29 17:15:00,6641.4
2019-07-29 17:30:00,6635.0
2019-07-29 17:45:00,6630.4
2019-07-29 18:00:00,6611.5
2019-07-29 18:15:00,6594.5
2019-07-29 18:30:00,6578.0
2019-07-29 18:45:00,6557.9
2019-07-29 19:00:00,6508.1
2019-07-29 19:15:00,6468.3
2019-07-29 19:30:00,6431.7
2019-07-29 19:45:00,6406.4
2019-07-29 20:00:00,6381.9
2019-07-29 20:15:00,6368.9
2019-07-29 20:30:00,6362.6
2019-07-29 20:45:00,6341.0
2019-07-29 21:00:00,6303.1
2019-07-29 21:15:00,6257.7
2019-07-29 21:30:00,6196.0
2019-07-29 21:45:00,6142.5
2019-07-29 22:00:00,6069.8
2019-07-29 22:15:00,6012.1
2019-07-29 22:30:00,5972.9
2019-07-29 22:45:00,5933.0
2019-07-29 23:00:00,5865.4
2019-07-29 23:15:00,5838.1
2019-07-29 23:30:00,5805.3
2019-07-29 23:45:00,5780.2
2019-07-30 00:00:00,5755.3
2019-07-30 00:15:00,5732.2
2019-07-30 00:30:00,5730.8
2019-07-30 00:45:00,5720.0
2019-07-30 01:00:00,5697.6
2019-07-30 01:15:00,5686.8
2019-07-30 01:30:00,5678.9
2019-07-30 01:45:00,5678.0
2019-07-30 02:00:00,5670.9
2019-07-30 02:15:00,5669.4
2019-07-30 02:30:00,5679.5
2019-07-30 02:45:00,5682.8
2019-07-30 03:00:00,5702.4
2019-07-30 03:15:00,5729.5
2019-07-30 03:30:00,5748.0
2019-07-30 03:45:00,5780.0
2019-07-30 04:00:00,5831.9
2019-07-30 04:15:00,5857.3
2019-07-30 04:30:00,5900.2
2019-07-30 04:45:00,5967.0
2019-07-30 05:00:00,6111.7
2019-07-30 05:15:00,6198.9
2019-07-30 05:30:00,6281.5
2019-07-30 05:45:00,6351.3
2019-07-30 06:00:00,6453.1
2019-07-30 06:15:00,6522.7
2019-07-30 06:30:00,6590.5
2019-07-30 06:45:00,6634.4
2019-07-30 07:00:00,6682.2
2019-07-30 07:15:00,6722.2
2019-07-30 07:30:00,6751.5
2019-07-30 07:45:00,6774.0
2019-07-30 08:00:00,6791.6
2019-07-30 08:15:00,6816.3
2019-07-30 08:30:00,6852.6
2019-07-30 08:45:00,6880.2
2019-07-30 09:00:00,6891.9
2019-07-30 09:15:00,6920.0
2019-07-30 09:30:00,6953.1
2019-07-30 09:45:00,6970.5
2019-07-30 10:00:00,6996.9
2019-07-30 10:15:00,7018.5
2019-07-30 10:30:00,7020.5
2019-07-30 10:45:00,7034.8
2019-07-30 11:00:00,6994.1
2019-07-30 11:15:00,6973.6
2019-07-30 11:30:00,6968.1
2019-07-30 11:45:00,6971.8
2019-07-30 12:00:00,6970.5
2019-07-30 12:15:00,6968.7
2019-07-30 12:30:00,6974.4
2019-07-30 12:45:00,6957.3
2019-07-30 13:00:00,6940.3
2019-07-30 13:15:00,6947.1
2019-07-30 13:30:00,6916.7
2019-07-30 13:45:00,6919.6
2019-07-30 14:00:00,6909.3
2019-07-30 14:15:00,6892.5
2019-07-30 14:30:00,6854.6
2019-07-30 14:45:00,6839.6
2019-07-30 15:00:00,6844.9
2019-07-30 15:15:00,6822.9
2019-07-30 15:30:00,6813.9
2019-07-30 15:45:00,6791.0
2019-07-30 16:00:00,6775.1
2019-07-30 16:15:00,6759.9
2019-07-30 16:30:00,6774.7
2019-07-30 16:45:00,6776.2
2019-07-30 17:00:00,6769.2
2019-07-30 17:15:00,6760.6
2019-07-30 17:30:00,6755.9
2019-07-30 17:45:00,6746.9
2019-07-30 18:00:00,6724.0
2019-07-30 18:15:00,6701.3
2019-07-30 18:30:00,6679.1
2019-07-30 18:45:00,6660.8
2019-07-30 19:00:00,6612.3
2019-07-30 19:15:00,6561.7
2019-07-30 19:30:00,6528.6
2019-07-30 19:45:00,6500.9
2019-07-30 20:00:00,6486.1
2019-07-30 20:15:00,6482.4
2019-07-30 20:30:00,6468.3
2019-07-30 20:45:00,6441.2
2019-07-30 21:00:00,6396.9
2019-07-30 21:15:00,6332.6
2019-07-30 21:30:00,6270.5
2019-07-30 21:45:00,6209.9
2019-07-30 22:00:00,6156.6
2019-07-30 22:15:00,6091.4
2019-07-30 22:30:00,6033.0
2019-07-30 22:45:00,5975.1
2019-07-30 23:00:00,5931.3
2019-07-30 23:15:00,5904.4
2019-07-30 23:30:00,5868.7
2019-07-30 23:45:00,5837.9
2019-07-31 00:00:00,5818.9
2019-07-31 00:15:00,5798.2
2019-07-31 00:30:00,5786.6
2019-07-31 00:45:00,5768.9
2019-07-31 01:00:00,5747.6
2019-07-31 01:15:00,5740.1
2019-07-31 01:30:00,5737.4
2019-07-31 01:45:00,5735.7
2019-07-31 02:00:00,5730.4
2019-07-31 02:15:00,5718.1
2019-07-31 02:30:00,5719.6
2019-07-31 02:45:00,5730.0
2019-07-31 03:00:00,5747.8
2019-07-31 03:15:00,5765.9
2019-07-31 03:30:00,5786.1
2019-07-31 03:45:00,5818.9
2019-07-31 04:00:00,5875.1
2019-07-31 04:15:00,5912.3
2019-07-31 04:30:00,5966.5
2019-07-31 04:45:00,6026.2
2019-07-31 05:00:00,6179.1
2019-07-31 05:15:00,6279.5
2019-07-31 05:30:00,6353.3
2019-07-31 05:45:00,6425.3
2019-07-31 06:00:00,6526.4
2019-07-31 06:15:00,6582.4
2019-07-31 06:30:00,6646.9
2019-07-31 06:45:00,6701.3
2019-07-31 07:00:00,6748.2
2019-07-31 07:15:00,6764.1
2019-07-31 07:30:00,6791.0
2019-07-31 07:45:00,6810.1
2019-07-31 08:00:00,6794.3
2019-07-31 08:15:00,6816.3
2019-07-31 08:30:00,6839.2
2019-07-31 08:45:00,6858.8
2019-07-31 09:00:00,6885.9
2019-07-31 09:15:00,6909.3
2019-07-31 09:30:00,6932.2
2019-07-31 09:45:00,6953.5
2019-07-31 10:00:00,6982.4
2019-07-31 10:15:00,7023.1
2019-07-31 10:30:00,7024.4
2019-07-31 10:45:00,7028.0
2019-07-31 11:00:00,6972.5
2019-07-31 11:15:00,6949.1
2019-07-31 11:30:00,6938.8
2019-07-31 11:45:00,6944.1
2019-07-31 12:00:00,6929.3
2019-07-31 12:15:00,6902.4
2019-07-31 12:30:00,6857.0
2019-07-31 12:45:00,6841.0
2019-07-31 13:00:00,6819.6
2019-07-31 13:15:00,6812.8
2019-07-31 13:30:00,6811.7
2019-07-31 13:45:00,6799.3
2019-07-31 14:00:00,6794.1
2019-07-31 14:15:00,6781.7
2019-07-31 14:30:00,6743.4
2019-07-31 14:45:00,6750.2
2019-07-31 15:00:00,6745.2
2019-07-31 15:15:00,6731.3
2019-07-31 15:30:00,6727.1
2019-07-31 15:45:00,6708.6
2019-07-31 16:00:00,6695.8
2019-07-31 16:15:00,6690.3
2019-07-31 16:30:00,6695.6
2019-07-31 16:45:00,6712.6
2019-07-31 17:00:00,6680.4
2019-07-31 17:15:00,6680.8
2019-07-31 17:30:00,6682.8
2019-07-31 17:45:00,6683.5
2019-07-31 18:00:00,6659.5
2019-07-31 18:15:00,6626.0
2019-07-31 18:30:00,6605.1
2019-07-31 18:45:00,6592.1
2019-07-31 19:00:00,6545.6
2019-07-31 19:15:00,6493.8
2019-07-31 19:30:00,6458.1
2019-07-31 19:45:00,6427.1
2019-07-31 20:00:00,6397.4
2019-07-31 20:15:00,6396.5
2019-07-31 20:30:00,6375.1
2019-07-31 20:45:00,6345.2
2019-07-31 21:00:00,6289.4
2019-07-31 21:15:00,6236.6
2019-07-31 21:30:00,6172.7
2019-07-31 21:45:00,6114.1
2019-07-31 22:00:00,6053.1
2019-07-31 22:15:00,5994.9
2019-07-31 22:30:00,5948.9
2019-07-31 22:45:00,5904.0
2019-07-31 23:00:00,5862.3
2019-07-31 23:15:00,5829.7
2019-07-31 23:30:00,5791.0
2019-07-31 23:45:00,5769.4
2019-08-01 00:00:00,5740.1
2019-08-01 00:15:00,5719.4
2019-08-01 00:30:00,5717.4
2019-08-01 00:45:00,5716.1
2019-08-01 01:00:00,5693.8
2019-08-01 01:15:00,5682.4
2019-08-01 01:30:00,5672.0
2019-08-01 01:45:00,5673.6
2019-08-01 02:00:00,5669.2
2019-08-01 02:15:00,5668.1
2019-08-01 02:30:00,5672.9
2019-08-01 02:45:00,5684.1
2019-08-01 03:00:00,5715.4
2019-08-01 03:15:00,5726.4
2019-08-01 03:30:00,5742.3
2019-08-01 03:45:00,5767.0
2019-08-01 04:00:00,5820.3
2019-08-01 04:15:00,5859.3
2019-08-01 04:30:00,5903.5
2019-08-01 04:45:00,5957.5
2019-08-01 05:00:00,6093.0
2019-08-01 05:15:00,6178.4
2019-08-01 05:30:00,6250.2
2019-08-01 05:45:00,6332.4
2019-08-01 06:00:00,6412.3
2019-08-01 06:15:00,6478.4
2019-08-01 06:30:00,6534.4
2019-08-01 06:45:00,6583.0
2019-08-01 07:00:00,6618.5
2019-08-01 07:15:00,6648.7
2019-08-01 07:30:00,6686.3
2019-08-01 07:45:00,6715.6
2019-08-01 08:00:00,6706.6
2019-08-01 08:15:00,6722.7
2019-08-01 08:30:00,6761.9
2019-08-01 08:45:00,6789.2
2019-08-01 09:00:00,6795.2
2019-08-01 09:15:00,6816.1
2019-08-01 09:30:00,6846.3
2019-08-01 09:45:00,6857.9
2019-08-01 10:00:00,6868.7
2019-08-01 10:15:00,6881.1
2019-08-01 10:30:00,6915.4
2019-08-01 10:45:00,6921.8
2019-08-01 11:00:00,6889.2
2019-08-01 11:15:00,6880.4
2019-08-01 11:30:00,6874.4
2019-08-01 11:45:00,6875.1
2019-08-01 12:00:00,6863.4
2019-08-01 12:15:00,6853.1
2019-08-01 12:30:00,6837.0
2019-08-01 12:45:00,6815.2
2019-08-01 13:00:00,6798.7
2019-08-01 13:15:00,6793.8
2019-08-01 13:30:00,6771.6
2019-08-01 13:45:00,6781.9
2019-08-01 14:00:00,6768.1
2019-08-01 14:15:00,6730.8
2019-08-01 14:30:00,6697.6
2019-08-01 14:45:00,6688.8
2019-08-01 15:00:00,6683.7
2019-08-01 15:15:00,6660.6
2019-08-01 15:30:00,6633.7
2019-08-01 15:45:00,6614.8
2019-08-01 16:00:00,6618.5
2019-08-01 16:15:00,6616.7
2019-08-01 16:30:00,6600.9
2019-08-01 16:45:00,6616.5
2019-08-01 17:00:00,6613.4
2019-08-01 17:15:00,6607.7
2019-08-01 17:30:00,6586.1
2019-08-01 17:45:00,6588.8
2019-08-01 18:00:00,6576.7
2019-08-01 18:15:00,6537.9
2019-08-01 18:30:00,6516.7
2019-08-01 18:45:00,6498.9
2019-08-01 19:00:00,6456.4
2019-08-01 19:15:00,6402.0
2019-08-01 19:30:00,6374.2
2019-08-01 19:45:00,6357.0
2019-08-01 20:00:00,6333.0
2019-08-01 20:15:00,6326.7
2019-08-01 20:30:00,6317.2
2019-08-01 20:45:00,6298.5
2019-08-01 21:00:00,6252.2
2019-08-01 21:15:00,6195.8
2019-08-01 21:30:00,6139.6
2019-08-01 21:45:00,6091.2
2019-08-01 22:00:00,6019.4
2019-08-01 22:15:00,5966.7
2019-08-01 22:30:00,5921.8
2019-08-01 22:45:00,5876.7
2019-08-01 23:00:00,5844.7
2019-08-01 23:15:00,5804.8
2019-08-01 23:30:00,5776.2
2019-08-01 23:45:00,5745.2
2019-08-02 00:00:00,5719.8
2019-08-02 00:15:00,5693.6
2019-08-02 00:30:00,5680.2
2019-08-02 00:45:00,5664.5
2019-08-02 01:00:00,5633.5
2019-08-02 01:15:00,5643.6
2019-08-02 01:30:00,5635.9
2019-08-02 01:45:00,5645.6
2019-08-02 02:00:00,5641.6
2019-08-02 02:15:00,5646.9
2019-08-02 02:30:00,5648.0
2019-08-02 02:45:00,5650.0
2019-08-02 03:00:00,5677.5
2019-08-02 03:15:00,5687.0
2019-08-02 03:30:00,5702.9
2019-08-02 03:45:00,5727.5
2019-08-02 04:00:00,5793.4
2019-08-02 04:15:00,5838.5
2019-08-02 04:30:00,5866.7
2019-08-02 04:45:00,5924.7
2019-08-02 05:00:00,6063.2
2019-08-02 05:15:00,6146.5
2019-08-02 05:30:00,6229.5
2019-08-02 05:45:00,6305.1
2019-08-02 06:00:00,6407.7
2019-08-02 06:15:00,6461.0
2019-08-02 06:30:00,6519.4
2019-08-02 06:45:00,6570.0
2019-08-02 07:00:00,6633.9
2019-08-02 07:15:00,6667.4
2019-08-02 07:30:00,6688.1
2019-08-02 07:45:00,6709.0
2019-08-02 08:00:00,6714.8
2019-08-02 08:15:00,6738.5
2019-08-02 08:30:00,6764.5
2019-08-02 08:45:00,6798.0
2019-08-02 09:00:00,6807.3
2019-08-02 09:15:00,6827.8
2019-08-02 09:30:00,6848.9
2019-08-02 09:45:00,6863.4
2019-08-02 10:00:00,6871.4
2019-08-02 10:15:00,6893.8
2019-08-02 10:30:00,6906.6
2019-08-02 10:45:00,6906.6
2019-08-02 11:00:00,6868.3
2019-08-02 11:15:00,6844.1
2019-08-02 11:30:00,6838.3
2019-08-02 11:45:00,6815.6
2019-08-02 12:00:00,6787.4
2019-08-02 12:15:00,6767.8
2019-08-02 12:30:00,6736.6
2019-08-02 12:45:00,6704.0
2019-08-02 13:00:00,6686.3
2019-08-02 13:15:00,6675.8
2019-08-02 13:30:00,6656.4
2019-08-02 13:45:00,6633.3
2019-08-02 14:00:00,6656.4
2019-08-02 14:15:00,6633.0
2019-08-02 14:30:00,6603.7
2019-08-02 14:45:00,6586.8
2019-08-02 15:00:00,6572.5
2019-08-02 15:15:00,6571.8
2019-08-02 15:30:00,6566.3
2019-08-02 15:45:00,6553.1
2019-08-02 16:00:00,6583.0
2019-08-02 16:15:00,6574.4
2019-08-02 16:30:00,6568.5
2019-08-02 16:45:00,6546.0
2019-08-02 17:00:00,6528.6
2019-08-02 17:15:00,6513.4
2019-08-02 17:30:00,6504.0
2019-08-02 17:45:00,6496.0
2019-08-02 18:00:00,6463.0
2019-08-02 18:15:00,6430.2
2019-08-02 18:30:00,6402.4
2019-08-02 18:45:00,6381.7
2019-08-02 19:00:00,6341.6
2019-08-02 19:15:00,6296.0
2019-08-02 19:30:00,6266.3
2019-08-02 19:45:00,6231.9
2019-08-02 20:00:00,6201.8
2019-08-02 20:15:00,6199.1
2019-08-02 20:30:00,6176.2
2019-08-02 20:45:00,6142.1
2019-08-02 21:00:00,6096.9
2019-08-02 21:15:00,6050.0
2019-08-02 21:30:00,5981.3
2019-08-02 21:45:00,5934.4
2019-08-02 22:00:00,5875.8
2019-08-02 22:15:00,5832.4
2019-08-02 22:30:00,5795.2
2019-08-02 22:45:00,5761.7
2019-08-02 23:00:00,5683.5
2019-08-02 23:15:00,5653.7
2019-08-02 23:30:00,5624.9
2019-08-02 23:45:00,5604.0
2019-08-03 00:00:00,5580.8
2019-08-03 00:15:00,5569.2
2019-08-03 00:30:00,5552.9
2019-08-03 00:45:00,5524.9
2019-08-03 01:00:00,5503.5
2019-08-03 01:15:00,5485.2
2019-08-03 01:30:00,5462.3
2019-08-03 01:45:00,5456.4
2019-08-03 02:00:00,5455.5
2019-08-03 02:15:00,5469.2
2019-08-03 02:30:00,5457.3
2019-08-03 02:45:00,5456.8
2019-08-03 03:00:00,5460.4
2019-08-03 03:15:00,5458.8
2019-08-03 03:30:00,5459.0
2019-08-03 03:45:00,5456.6
2019-08-03 04:00:00,5464.8
2019-08-03 04:15:00,5477.1
2019-08-03 04:30:00,5478.4
2019-08-03 04:45:00,5479.1
2019-08-03 05:00:00,5519.2
2019-08-03 05:15:00,5534.8
2019-08-03 05:30:00,5567.2
2019-08-03 05:45:00,5603.5
2019-08-03 06:00:00,5663.2
2019-08-03 06:15:00,5709.7
2019-08-03 06:30:00,5755.9
2019-08-03 06:45:00,5811.9
2019-08-03 07:00:00,5875.8
2019-08-03 07:15:00,5910.1
2019-08-03 07:30:00,5952.0
2019-08-03 07:45:00,6001.5
2019-08-03 08:00:00,6042.5
2019-08-03 08:15:00,6070.5
2019-08-03 08:30:00,6117.0
2019-08-03 08:45:00,6158.4
2019-08-03 09:00:00,6181.7
2019-08-03 09:15:00,6210.4
2019-08-03 09:30:00,6224.7
2019-08-03 09:45:00,6237.0
2019-08-03 10:00:00,6237.7
2019-08-03 10:15:00,6250.2
2019-08-03 10:30:00,6269.6
2019-08-03 10:45:00,6263.2
2019-08-03 11:00:00,6246.9
2019-08-03 11:15:00,6243.8
2019-08-03 11:30:00,6213.4
2019-08-03 11:45:00,6211.2
2019-08-03 12:00:00,6180.2
2019-08-03 12:15:00,6168.1
2019-08-03 12:30:00,6135.0
2019-08-03 12:45:00,6098.2
2019-08-03 13:00:00,6070.5
2019-08-03 13:15:00,6048.2
2019-08-03 13:30:00,6032.2
2019-08-03 13:45:00,6011.9
2019-08-03 14:00:00,6015.0
2019-08-03 14:15:00,6020.9
2019-08-03 14:30:00,5993.6
2019-08-03 14:45:00,5980.4
2019-08-03 15:00:00,5977.8
2019-08-03 15:15:00,5973.1
2019-08-03 15:30:00,5970.9
2019-08-03 15:45:00,5970.5
2019-08-03 16:00:00,5989.0
2019-08-03 16:15:00,6002.6
2019-08-03 16:30:00,6010.8
2019-08-03 16:45:00,6021.6
2019-08-03 17:00:00,6011.5
2019-08-03 17:15:00,6002.2
2019-08-03 17:30:00,5981.3
2019-08-03 17:45:00,5982.8
2019-08-03 18:00:00,5989.4
2019-08-03 18:15:00,5953.1
2019-08-03 18:30:00,5935.9
2019-08-03 18:45:00,5918.7
2019-08-03 19:00:00,5890.1
2019-08-03 19:15:00,5842.3
2019-08-03 19:30:00,5820.0
2019-08-03 19:45:00,5807.9
2019-08-03 20:00:00,5799.8
2019-08-03 20:15:00,5815.9
2019-08-03 20:30:00,5810.8
2019-08-03 20:45:00,5789.9
2019-08-03 21:00:00,5765.0
2019-08-03 21:15:00,5726.7
2019-08-03 21:30:00,5699.6
2019-08-03 21:45:00,5668.1
2019-08-03 22:00:00,5614.8
2019-08-03 22:15:00,5568.1
2019-08-03 22:30:00,5532.2
2019-08-03 22:45:00,5502.6
2019-08-03 23:00:00,5455.5
2019-08-03 23:15:00,5426.7
2019-08-03 23:30:00,5406.2
2019-08-03 23:45:00,5384.4
2019-08-04 00:00:00,5368.1
2019-08-04 00:15:00,5352.2
2019-08-04 00:30:00,5335.9
2019-08-04 00:45:00,5320.5
2019-08-04 01:00:00,5299.1
2019-08-04 01:15:00,5281.1
2019-08-04 01:30:00,5285.5
2019-08-04 01:45:00,5283.0
2019-08-04 02:00:00,5279.5
2019-08-04 02:15:00,5269.2
2019-08-04 02:30:00,5265.0
2019-08-04 02:45:00,5257.3
2019-08-04 03:00:00,5258.6
2019-08-04 03:15:00,5263.2
2019-08-04 03:30:00,5265.0
2019-08-04 03:45:00,5268.9
2019-08-04 04:00:00,5281.1
2019-08-04 04:15:00,5265.0
2019-08-04 04:30:00,5277.5
2019-08-04 04:45:00,5263.0
2019-08-04 05:00:00,5279.1
2019-08-04 05:15:00,5280.8
2019-08-04 05:30:00,5289.6
2019-08-04 05:45:00,5305.5
2019-08-04 06:00:00,5338.8
2019-08-04 06:15:00,5370.5
2019-08-04 06:30:00,5404.4
2019-08-04 06:45:00,5441.4
2019-08-04 07:00:00,5504.8
2019-08-04 07:15:00,5548.5
2019-08-04 07:30:00,5571.6
2019-08-04 07:45:00,5624.2
2019-08-04 08:00:00,5667.2
2019-08-04 08:15:00,5698.7
2019-08-04 08:30:00,5729.7
2019-08-04 08:45:00,5771.6
2019-08-04 09:00:00,5785.0
2019-08-04 09:15:00,5813.9
2019-08-04 09:30:00,5852.9
2019-08-04 09:45:00,5886.6
2019-08-04 10:00:00,5915.6
2019-08-04 10:15:00,5951.8
2019-08-04 10:30:00,5963.7
2019-08-04 10:45:00,5967.6
2019-08-04 11:00:00,5939.9
2019-08-04 11:15:00,5927.8
2019-08-04 11:30:00,5893.4
2019-08-04 11:45:00,5889.4
2019-08-04 12:00:00,5883.9
2019-08-04 12:15:00,5859.7
2019-08-04 12:30:00,5845.4
2019-08-04 12:45:00,5832.8
2019-08-04 13:00:00,5822.7
2019-08-04 13:15:00,5808.6
2019-08-04 13:30:00,5798.5
2019-08-04 13:45:00,5791.2
2019-08-04 14:00:00,5784.6
2019-08-04 14:15:00,5775.3
2019-08-04 14:30:00,5755.3
2019-08-04 14:45:00,5751.3
2019-08-04 15:00:00,5759.9
2019-08-04 15:15:00,5761.7
2019-08-04 15:30:00,5757.5
2019-08-04 15:45:00,5761.9
2019-08-04 16:00:00,5784.6
2019-08-04 16:15:00,5790.5
2019-08-04 16:30:00,5780.2
2019-08-04 16:45:00,5791.2
2019-08-04 17:00:00,5814.3
2019-08-04 17:15:00,5815.2
2019-08-04 17:30:00,5819.2
2019-08-04 17:45:00,5820.3
2019-08-04 18:00:00,5822.0
2019-08-04 18:15:00,5796.0
2019-08-04 18:30:00,5793.8
2019-08-04 18:45:00,5786.3
2019-08-04 19:00:00,5784.6
2019-08-04 19:15:00,5767.4
2019-08-04 19:30:00,5771.1
2019-08-04 19:45:00,5758.6
2019-08-04 20:00:00,5767.0
2019-08-04 20:15:00,5793.0
2019-08-04 20:30:00,5799.1
2019-08-04 20:45:00,5788.1
2019-08-04 21:00:00,5784.1
2019-08-04 21:15:00,5750.7
2019-08-04 21:30:00,5705.3
2019-08-04 21:45:00,5664.1
2019-08-04 22:00:00,5608.8
2019-08-04 22:15:00,5568.1
2019-08-04 22:30:00,5530.4
2019-08-04 22:45:00,5496.3
2019-08-04 23:00:00,5472.5
2019-08-04 23:15:00,5460.4
2019-08-04 23:30:00,5460.8
2019-08-04 23:45:00,5438.8
2019-08-05 00:00:00,5423.8
2019-08-05 00:15:00,5415.0
2019-08-05 00:30:00,5385.9
2019-08-05 00:45:00,5370.7
2019-08-05 01:00:00,5352.9
2019-08-05 01:15:00,5339.2
2019-08-05 01:30:00,5342.1
2019-08-05 01:45:00,5333.3
2019-08-05 02:00:00,5342.5
2019-08-05 02:15:00,5335.5
2019-08-05 02:30:00,5339.0
2019-08-05 02:45:00,5344.9
2019-08-05 03:00:00,5382.4
2019-08-05 03:15:00,5402.6
2019-08-05 03:30:00,5417.4
2019-08-05 03:45:00,5452.4
2019-08-05 04:00:00,5549.3
2019-08-05 04:15:00,5583.3
2019-08-05 04:30:00,5641.4
2019-08-05 04:45:00,5721.4
2019-08-05 05:00:00,5885.5
2019-08-05 05:15:00,5978.4
2019-08-05 05:30:00,6067.2
2019-08-05 05:45:00,6139.0
2019-08-05 06:00:00,6226.0
2019-08-05 06:15:00,6286.3
2019-08-05 06:30:00,6364.1
2019-08-05 06:45:00,6435.2
2019-08-05 07:00:00,6506.6
2019-08-05 07:15:00,6530.2
2019-08-05 07:30:00,6563.2
2019-08-05 07:45:00,6605.5
2019-08-05 08:00:00,6627.5
2019-08-05 08:15:00,6664.5
2019-08-05 08:30:00,6695.2
2019-08-05 08:45:00,6720.0
2019-08-05 09:00:00,6740.5
2019-08-05 09:15:00,6760.1
2019-08-05 09:30:00,6786.1
2019-08-05 09:45:00,6771.1
2019-08-05 10:00:00,6803.1
2019-08-05 10:15:00,6845.2
2019-08-05 10:30:00,6836.1
2019-08-05 10:45:00,6837.2
2019-08-05 11:00:00,6811.2
2019-08-05 11:15:00,6777.3
2019-08-05 11:30:00,6750.7
2019-08-05 11:45:00,6736.3
2019-08-05 12:00:00,6759.0
2019-08-05 12:15:00,6767.6
2019-08-05 12:30:00,6747.4
2019-08-05 12:45:00,6734.6
2019-08-05 13:00:00,6715.6
2019-08-05 13:15:00,6727.3
2019-08-05 13:30:00,6724.7
2019-08-05 13:45:00,6711.5
2019-08-05 14:00:00,6718.3
2019-08-05 14:15:00,6686.1
2019-08-05 14:30:00,6669.2
2019-08-05 14:45:00,6646.7
2019-08-05 15:00:00,6620.3
2019-08-05 15:15:00,6607.5
2019-08-05 15:30:00,6577.1
2019-08-05 15:45:00,6573.3
2019-08-05 16:00:00,6575.6
2019-08-05 16:15:00,6575.3
2019-08-05 16:30:00,6578.9
2019-08-05 16:45:00,6569.8
2019-08-05 17:00:00,6558.1
2019-08-05 17:15:00,6543.6
2019-08-05 17:30:00,6544.9
2019-08-05 17:45:00,6530.2
2019-08-05 18:00:00,6518.9
2019-08-05 18:15:00,6495.6
2019-08-05 18:30:00,6493.0
2019-08-05 18:45:00,6472.5
2019-08-05 19:00:00,6415.4
2019-08-05 19:15:00,6368.3
2019-08-05 19:30:00,6346.5
2019-08-05 19:45:00,6331.9
2019-08-05 20:00:00,6307.0
2019-08-05 20:15:00,6294.7
2019-08-05 20:30:00,6278.9
2019-08-05 20:45:00,6230.2
2019-08-05 21:00:00,6168.7
2019-08-05 21:15:00,6115.4
2019-08-05 21:30:00,6042.7
2019-08-05 21:45:00,5987.4
2019-08-05 22:00:00,5926.2
2019-08-05 22:15:00,5887.0
2019-08-05 22:30:00,5851.3
2019-08-05 22:45:00,5819.6
2019-08-05 23:00:00,5790.3
2019-08-05 23:15:00,5765.2
2019-08-05 23:30:00,5748.9
2019-08-05 23:45:00,5724.4
2019-08-06 00:00:00,5668.9
2019-08-06 00:15:00,5657.0
2019-08-06 00:30:00,5648.7
2019-08-06 00:45:00,5631.1
2019-08-06 01:00:00,5598.7
2019-08-06 01:15:00,5608.6
2019-08-06 01:30:00,5596.9
2019-08-06 01:45:00,5598.2
2019-08-06 02:00:00,5596.3
2019-08-06 02:15:00,5600.7
2019-08-06 02:30:00,5590.5
2019-08-06 02:45:00,5595.8
2019-08-06 03:00:00,5632.8
2019-08-06 03:15:00,5652.9
2019-08-06 03:30:00,5670.0
2019-08-06 03:45:00,5688.5
2019-08-06 04:00:00,5752.6
2019-08-06 04:15:00,5800.0
2019-08-06 04:30:00,5834.4
2019-08-06 04:45:00,5891.0
2019-08-06 05:00:00,6049.6
2019-08-06 05:15:00,6144.5
2019-08-06 05:30:00,6214.8
2019-08-06 05:45:00,6278.2
2019-08-06 06:00:00,6380.0
2019-08-06 06:15:00,6450.0
2019-08-06 06:30:00,6506.4
2019-08-06 06:45:00,6576.9
2019-08-06 07:00:00,6631.3
2019-08-06 07:15:00,6663.2
2019-08-06 07:30:00,6689.6
2019-08-06 07:45:00,6734.1
2019-08-06 08:00:00,6723.1
2019-08-06 08:15:00,6729.1
2019-08-06 08:30:00,6739.2
2019-08-06 08:45:00,6768.3
2019-08-06 09:00:00,6779.7
2019-08-06 09:15:00,6808.8
2019-08-06 09:30:00,6854.0
2019-08-06 09:45:00,6892.1
2019-08-06 10:00:00,6905.3
2019-08-06 10:15:00,6915.4
2019-08-06 10:30:00,6963.9
2019-08-06 10:45:00,6980.4
2019-08-06 11:00:00,6930.4
2019-08-06 11:15:00,6915.2
2019-08-06 11:30:00,6902.2
2019-08-06 11:45:00,6898.2
2019-08-06 12:00:00,6891.6
2019-08-06 12:15:00,6876.0
2019-08-06 12:30:00,6850.2
2019-08-06 12:45:00,6822.7
2019-08-06 13:00:00,6820.0
2019-08-06 13:15:00,6819.4
2019-08-06 13:30:00,6800.4
2019-08-06 13:45:00,6783.9
2019-08-06 14:00:00,6763.9
2019-08-06 14:15:00,6739.0
2019-08-06 14:30:00,6709.9
2019-08-06 14:45:00,6672.0
2019-08-06 15:00:00,6658.6
2019-08-06 15:15:00,6643.6
2019-08-06 15:30:00,6644.5
2019-08-06 15:45:00,6643.8
2019-08-06 16:00:00,6665.2
2019-08-06 16:15:00,6664.8
2019-08-06 16:30:00,6653.1
2019-08-06 16:45:00,6653.5
2019-08-06 17:00:00,6629.5
2019-08-06 17:15:00,6599.8
2019-08-06 17:30:00,6590.3
2019-08-06 17:45:00,6578.9
2019-08-06 18:00:00,6561.0
2019-08-06 18:15:00,6510.8
2019-08-06 18:30:00,6490.7
2019-08-06 18:45:00,6464.3
2019-08-06 19:00:00,6416.7
2019-08-06 19:15:00,6374.7
2019-08-06 19:30:00,6355.9
2019-08-06 19:45:00,6349.1
2019-08-06 20:00:00,6336.3
2019-08-06 20:15:00,6335.9
2019-08-06 20:30:00,6313.7
2019-08-06 20:45:00,6259.7
2019-08-06 21:00:00,6184.6
2019-08-06 21:15:00,6122.5
2019-08-06 21:30:00,6064.8
2019-08-06 21:45:00,6015.4
2019-08-06 22:00:00,5950.7
2019-08-06 22:15:00,5896.7
2019-08-06 22:30:00,5871.4
2019-08-06 22:45:00,5846.7
2019-08-06 23:00:00,5786.3
2019-08-06 23:15:00,5750.7
2019-08-06 23:30:00,5717.4
2019-08-06 23:45:00,5703.5
2019-08-07 00:00:00,5674.2
2019-08-07 00:15:00,5648.2
2019-08-07 00:30:00,5629.3
2019-08-07 00:45:00,5619.8
2019-08-07 01:00:00,5599.6
2019-08-07 01:15:00,5589.9
2019-08-07 01:30:00,5615.4
2019-08-07 01:45:00,5624.7
2019-08-07 02:00:00,5620.0
2019-08-07 02:15:00,5613.0
2019-08-07 02:30:00,5632.6
2019-08-07 02:45:00,5644.5
2019-08-07 03:00:00,5666.5
2019-08-07 03:15:00,5670.0
2019-08-07 03:30:00,5693.6
2019-08-07 03:45:00,5739.0
2019-08-07 04:00:00,5804.0
2019-08-07 04:15:00,5829.3
2019-08-07 04:30:00,5856.2
2019-08-07 04:45:00,5924.2
2019-08-07 05:00:00,6072.9
2019-08-07 05:15:00,6168.7
2019-08-07 05:30:00,6241.2
2019-08-07 05:45:00,6302.9
2019-08-07 06:00:00,6400.9
2019-08-07 06:15:00,6483.9
2019-08-07 06:30:00,6541.0
2019-08-07 06:45:00,6566.5
2019-08-07 07:00:00,6620.0
2019-08-07 07:15:00,6653.5
2019-08-07 07:30:00,6673.1
2019-08-07 07:45:00,6695.6
2019-08-07 08:00:00,6704.6
2019-08-07 08:15:00,6707.5
2019-08-07 08:30:00,6739.0
2019-08-07 08:45:00,6796.5
2019-08-07 09:00:00,6821.4
2019-08-07 09:15:00,6856.2
2019-08-07 09:30:00,6891.6
2019-08-07 09:45:00,6929.5
2019-08-07 10:00:00,6956.4
2019-08-07 10:15:00,6995.8
2019-08-07 10:30:00,7002.0
2019-08-07 10:45:00,6973.6
2019-08-07 11:00:00,6930.0
2019-08-07 11:15:00,6897.1
2019-08-07 11:30:00,6866.3
2019-08-07 11:45:00,6864.8
2019-08-07 12:00:00,6868.1
2019-08-07 12:15:00,6865.6
2019-08-07 12:30:00,6856.4
2019-08-07 12:45:00,6843.8
2019-08-07 13:00:00,6828.6
2019-08-07 13:15:00,6817.4
2019-08-07 13:30:00,6785.2
2019-08-07 13:45:00,6764.1
2019-08-07 14:00:00,6752.0
2019-08-07 14:15:00,6725.6
2019-08-07 14:30:00,6717.0
2019-08-07 14:45:00,6688.5
2019-08-07 15:00:00,6665.6
2019-08-07 15:15:00,6654.0
2019-08-07 15:30:00,6653.1
2019-08-07 15:45:00,6653.7
2019-08-07 16:00:00,6664.5
2019-08-07 16:15:00,6649.6
2019-08-07 16:30:00,6641.2
2019-08-07 16:45:00,6630.0
2019-08-07 17:00:00,6617.6
2019-08-07 17:15:00,6600.4
2019-08-07 17:30:00,6603.5
2019-08-07 17:45:00,6602.9
2019-08-07 18:00:00,6585.0
2019-08-07 18:15:00,6548.5
2019-08-07 18:30:00,6521.4
2019-08-07 18:45:00,6500.2
2019-08-07 19:00:00,6435.2
2019-08-07 19:15:00,6444.9
2019-08-07 19:30:00,6409.3
2019-08-07 19:45:00,6401.3
2019-08-07 20:00:00,6381.3
2019-08-07 20:15:00,6375.8
2019-08-07 20:30:00,6334.8
2019-08-07 20:45:00,6288.5
2019-08-07 21:00:00,6222.7
2019-08-07 21:15:00,6161.9
2019-08-07 21:30:00,6108.8
2019-08-07 21:45:00,6065.0
2019-08-07 22:00:00,5987.0
2019-08-07 22:15:00,5944.1
2019-08-07 22:30:00,5923.8
2019-08-07 22:45:00,5878.9
2019-08-07 23:00:00,5822.5
2019-08-07 23:15:00,5794.1
2019-08-07 23:30:00,5753.1
2019-08-07 23:45:00,5733.9
2019-08-08 00:00:00,5702.9
2019-08-08 00:15:00,5689.9
2019-08-08 00:30:00,5668.5
2019-08-08 00:45:00,5660.4
2019-08-08 01:00:00,5639.2
2019-08-08 01:15:00,5636.8
2019-08-08 01:30:00,5634.8
2019-08-08 01:45:00,5651.5
2019-08-08 02:00:00,5641.6
2019-08-08 02:15:00,5633.7
2019-08-08 02:30:00,5657.5
2019-08-08 02:45:00,5667.0
2019-08-08 03:00:00,5678.4
2019-08-08 03:15:00,5690.1
2019-08-08 03:30:00,5713.2
2019-08-08 03:45:00,5749.3
2019-08-08 04:00:00,5831.7
2019-08-08 04:15:00,5871.6
2019-08-08 04:30:00,5901.3
2019-08-08 04:45:00,5947.6
2019-08-08 05:00:00,6094.5
2019-08-08 05:15:00,6168.5
2019-08-08 05:30:00,6235.9
2019-08-08 05:45:00,6304.0
2019-08-08 06:00:00,6408.1
2019-08-08 06:15:00,6471.6
2019-08-08 06:30:00,6524.4
2019-08-08 06:45:00,6585.0
2019-08-08 07:00:00,6635.7
2019-08-08 07:15:00,6684.6
2019-08-08 07:30:00,6713.0
2019-08-08 07:45:00,6742.1
2019-08-08 08:00:00,6728.2
2019-08-08 08:15:00,6756.2
2019-08-08 08:30:00,6807.3
2019-08-08 08:45:00,6832.6
2019-08-08 09:00:00,6841.4
2019-08-08 09:15:00,6850.7
2019-08-08 09:30:00,6892.3
2019-08-08 09:45:00,6915.2
2019-08-08 10:00:00,6935.9
2019-08-08 10:15:00,6952.0
2019-08-08 10:30:00,6995.8
2019-08-08 10:45:00,7011.5
2019-08-08 11:00:00,6979.1
2019-08-08 11:15:00,6965.4
2019-08-08 11:30:00,6964.3
2019-08-08 11:45:00,6965.6
2019-08-08 12:00:00,6946.3
2019-08-08 12:15:00,6908.8
2019-08-08 12:30:00,6910.8
2019-08-08 12:45:00,6887.2
2019-08-08 13:00:00,6858.8
2019-08-08 13:15:00,6852.2
2019-08-08 13:30:00,6843.0
2019-08-08 13:45:00,6835.9
2019-08-08 14:00:00,6845.6
2019-08-08 14:15:00,6839.6
2019-08-08 14:30:00,6811.0
2019-08-08 14:45:00,6772.7
2019-08-08 15:00:00,6763.0
2019-08-08 15:15:00,6739.9
2019-08-08 15:30:00,6724.0
2019-08-08 15:45:00,6708.1
2019-08-08 16:00:00,6702.4
2019-08-08 16:15:00,6697.1
2019-08-08 16:30:00,6676.4
2019-08-08 16:45:00,6672.0
2019-08-08 17:00:00,6669.4
2019-08-08 17:15:00,6652.2
2019-08-08 17:30:00,6639.4
2019-08-08 17:45:00,6654.4
2019-08-08 18:00:00,6651.8
2019-08-08 18:15:00,6600.7
2019-08-08 18:30:00,6564.3
2019-08-08 18:45:00,6530.8
2019-08-08 19:00:00,6489.2
2019-08-08 19:15:00,6456.8
2019-08-08 19:30:00,6423.8
2019-08-08 19:45:00,6395.4
2019-08-08 20:00:00,6393.4
2019-08-08 20:15:00,6408.8
2019-08-08 20:30:00,6371.1
2019-08-08 20:45:00,6320.3
2019-08-08 21:00:00,6281.1
2019-08-08 21:15:00,6226.4
2019-08-08 21:30:00,6170.3
2019-08-08 21:45:00,6111.5
2019-08-08 22:00:00,6040.5
2019-08-08 22:15:00,5991.9
2019-08-08 22:30:00,5935.2
2019-08-08 22:45:00,5898.5
2019-08-08 23:00:00,5847.8
2019-08-08 23:15:00,5817.8
2019-08-08 23:30:00,5782.6
2019-08-08 23:45:00,5767.6
2019-08-09 00:00:00,5732.4
2019-08-09 00:15:00,5719.2
2019-08-09 00:30:00,5692.5
2019-08-09 00:45:00,5678.9
2019-08-09 01:00:00,5659.9
2019-08-09 01:15:00,5649.8
2019-08-09 01:30:00,5652.9
2019-08-09 01:45:00,5652.0
2019-08-09 02:00:00,5651.8
2019-08-09 02:15:00,5652.2
2019-08-09 02:30:00,5658.1
2019-08-09 02:45:00,5662.3
2019-08-09 03:00:00,5686.8
2019-08-09 03:15:00,5698.2
2019-08-09 03:30:00,5714.1
2019-08-09 03:45:00,5738.5
2019-08-09 04:00:00,5802.0
2019-08-09 04:15:00,5848.2
2019-08-09 04:30:00,5900.9
2019-08-09 04:45:00,5950.9
2019-08-09 05:00:00,6074.9
2019-08-09 05:15:00,6170.0
2019-08-09 05:30:00,6241.9
2019-08-09 05:45:00,6306.8
2019-08-09 06:00:00,6397.8
2019-08-09 06:15:00,6468.3
2019-08-09 06:30:00,6528.6
2019-08-09 06:45:00,6577.3
2019-08-09 07:00:00,6633.5
2019-08-09 07:15:00,6667.0
2019-08-09 07:30:00,6699.1
2019-08-09 07:45:00,6736.8
2019-08-09 08:00:00,6731.3
2019-08-09 08:15:00,6761.2
2019-08-09 08:30:00,6797.1
2019-08-09 08:45:00,6817.0
2019-08-09 09:00:00,6843.4
2019-08-09 09:15:00,6847.1
2019-08-09 09:30:00,6865.4
2019-08-09 09:45:00,6876.7
2019-08-09 10:00:00,6893.0
2019-08-09 10:15:00,6913.0
2019-08-09 10:30:00,6946.9
2019-08-09 10:45:00,6946.5
2019-08-09 11:00:00,6905.1
2019-08-09 11:15:00,6909.3
2019-08-09 11:30:00,6911.5
2019-08-09 11:45:00,6918.7
2019-08-09 12:00:00,6889.9
2019-08-09 12:15:00,6860.1
2019-08-09 12:30:00,6847.8
2019-08-09 12:45:00,6800.2
2019-08-09 13:00:00,6783.9
2019-08-09 13:15:00,6772.2
2019-08-09 13:30:00,6746.7
2019-08-09 13:45:00,6732.8
2019-08-09 14:00:00,6713.0
2019-08-09 14:15:00,6689.2
2019-08-09 14:30:00,6651.1
2019-08-09 14:45:00,6633.7
2019-08-09 15:00:00,6648.2
2019-08-09 15:15:00,6655.9
2019-08-09 15:30:00,6665.6
2019-08-09 15:45:00,6682.2
2019-08-09 16:00:00,6689.6
2019-08-09 16:15:00,6673.3
2019-08-09 16:30:00,6662.3
2019-08-09 16:45:00,6653.5
2019-08-09 17:00:00,6639.6
2019-08-09 17:15:00,6618.9
2019-08-09 17:30:00,6613.9
2019-08-09 17:45:00,6598.5
2019-08-09 18:00:00,6576.2
2019-08-09 18:15:00,6528.0
2019-08-09 18:30:00,6504.0
2019-08-09 18:45:00,6479.5
2019-08-09 19:00:00,6449.3
2019-08-09 19:15:00,6408.8
2019-08-09 19:30:00,6389.2
2019-08-09 19:45:00,6380.6
2019-08-09 20:00:00,6350.4
2019-08-09 20:15:00,6318.9
2019-08-09 20:30:00,6290.1
2019-08-09 20:45:00,6241.9
2019-08-09 21:00:00,6211.5
2019-08-09 21:15:00,6156.6
2019-08-09 21:30:00,6089.9
2019-08-09 21:45:00,6048.7
2019-08-09 22:00:00,5980.8
2019-08-09 22:15:00,5944.7
2019-08-09 22:30:00,5916.7
2019-08-09 22:45:00,5875.1
2019-08-09 23:00:00,5844.5
2019-08-09 23:15:00,5809.3
2019-08-09 23:30:00,5780.2
2019-08-09 23:45:00,5744.5
2019-08-10 00:00:00,5700.9
2019-08-10 00:15:00,5687.0
2019-08-10 00:30:00,5672.9
2019-08-10 00:45:00,5652.6
2019-08-10 01:00:00,5614.8
2019-08-10 01:15:00,5600.9
2019-08-10 01:30:00,5582.6
2019-08-10 01:45:00,5571.1
2019-08-10 02:00:00,5563.7
2019-08-10 02:15:00,5565.4
2019-08-10 02:30:00,5541.4
2019-08-10 02:45:00,5557.0
2019-08-10 03:00:00,5563.7
2019-08-10 03:15:00,5556.2
2019-08-10 03:30:00,5566.5
2019-08-10 03:45:00,5570.0
2019-08-10 04:00:00,5597.4
2019-08-10 04:15:00,5584.4
2019-08-10 04:30:00,5592.3
2019-08-10 04:45:00,5601.1
2019-08-10 05:00:00,5628.0
2019-08-10 05:15:00,5657.0
2019-08-10 05:30:00,5698.0
2019-08-10 05:45:00,5747.4
2019-08-10 06:00:00,5813.9
2019-08-10 06:15:00,5866.3
2019-08-10 06:30:00,5895.2
2019-08-10 06:45:00,5940.3
2019-08-10 07:00:00,5987.2
2019-08-10 07:15:00,6039.6
2019-08-10 07:30:00,6089.0
2019-08-10 07:45:00,6155.3
2019-08-10 08:00:00,6207.3
2019-08-10 08:15:00,6244.3
2019-08-10 08:30:00,6315.0
2019-08-10 08:45:00,6342.3
2019-08-10 09:00:00,6353.5
2019-08-10 09:15:00,6352.4
2019-08-10 09:30:00,6382.6
2019-08-10 09:45:00,6397.6
2019-08-10 10:00:00,6407.3
2019-08-10 10:15:00,6430.4
2019-08-10 10:30:00,6450.4
2019-08-10 10:45:00,6456.8
2019-08-10 11:00:00,6450.4
2019-08-10 11:15:00,6421.6
2019-08-10 11:30:00,6404.8
2019-08-10 11:45:00,6401.5
2019-08-10 12:00:00,6361.5
2019-08-10 12:15:00,6348.2
2019-08-10 12:30:00,6332.6
2019-08-10 12:45:00,6291.6
2019-08-10 13:00:00,6262.3
2019-08-10 13:15:00,6231.9
2019-08-10 13:30:00,6229.5
2019-08-10 13:45:00,6235.9
2019-08-10 14:00:00,6237.4
2019-08-10 14:15:00,6212.3
2019-08-10 14:30:00,6200.0
2019-08-10 14:45:00,6192.7
2019-08-10 15:00:00,6205.5
2019-08-10 15:15:00,6209.3
2019-08-10 15:30:00,6222.5
2019-08-10 15:45:00,6200.4
2019-08-10 16:00:00,6204.0
2019-08-10 16:15:00,6218.3
2019-08-10 16:30:00,6229.3
2019-08-10 16:45:00,6234.4
2019-08-10 17:00:00,6234.4
2019-08-10 17:15:00,6225.1
2019-08-10 17:30:00,6222.5
2019-08-10 17:45:00,6185.5
2019-08-10 18:00:00,6190.1
2019-08-10 18:15:00,6157.9
2019-08-10 18:30:00,6129.1
2019-08-10 18:45:00,6105.1
2019-08-10 19:00:00,6057.3
2019-08-10 19:15:00,6033.5
2019-08-10 19:30:00,6008.6
2019-08-10 19:45:00,5979.7
2019-08-10 20:00:00,5969.2
2019-08-10 20:15:00,5970.0
2019-08-10 20:30:00,5945.2
2019-08-10 20:45:00,5912.8
2019-08-10 21:00:00,5894.3
2019-08-10 21:15:00,5848.7
2019-08-10 21:30:00,5800.9
2019-08-10 21:45:00,5783.0
2019-08-10 22:00:00,5743.0
2019-08-10 22:15:00,5698.9
2019-08-10 22:30:00,5669.8
2019-08-10 22:45:00,5657.9
2019-08-10 23:00:00,5630.4
2019-08-10 23:15:00,5600.9
2019-08-10 23:30:00,5564.5
2019-08-10 23:45:00,5538.1
2019-08-11 00:00:00,5513.9
2019-08-11 00:15:00,5501.8
2019-08-11 00:30:00,5480.0
2019-08-11 00:45:00,5450.2
2019-08-11 01:00:00,5442.1
2019-08-11 01:15:00,5430.6
2019-08-11 01:30:00,5411.5
2019-08-11 01:45:00,5404.4
2019-08-11 02:00:00,5399.8
2019-08-11 02:15:00,5395.4
2019-08-11 02:30:00,5388.5
2019-08-11 02:45:00,5389.4
2019-08-11 03:00:00,5381.7
2019-08-11 03:15:00,5388.5
2019-08-11 03:30:00,5375.8
2019-08-11 03:45:00,5389.2
2019-08-11 04:00:00,5407.0
2019-08-11 04:15:00,5405.5
2019-08-11 04:30:00,5406.8
2019-08-11 04:45:00,5387.7
2019-08-11 05:00:00,5417.4
2019-08-11 05:15:00,5427.5
2019-08-11 05:30:00,5434.1
2019-08-11 05:45:00,5452.4
2019-08-11 06:00:00,5500.2
2019-08-11 06:15:00,5533.3
2019-08-11 06:30:00,5569.8
2019-08-11 06:45:00,5605.5
2019-08-11 07:00:00,5654.8
2019-08-11 07:15:00,5699.1
2019-08-11 07:30:00,5742.1
2019-08-11 07:45:00,5773.1
2019-08-11 08:00:00,5823.8
2019-08-11 08:15:00,5860.1
2019-08-11 08:30:00,5904.4
2019-08-11 08:45:00,5940.1
2019-08-11 09:00:00,5972.0
2019-08-11 09:15:00,6019.8
2019-08-11 09:30:00,6027.1
2019-08-11 09:45:00,6052.9
2019-08-11 10:00:00,6121.8
2019-08-11 10:15:00,6148.9
2019-08-11 10:30:00,6175.1
2019-08-11 10:45:00,6159.3
2019-08-11 11:00:00,6148.9
2019-08-11 11:15:00,6129.5
2019-08-11 11:30:00,6099.1
2019-08-11 11:45:00,6074.9
2019-08-11 12:00:00,6037.2
2019-08-11 12:15:00,6029.5
2019-08-11 12:30:00,6014.1
2019-08-11 12:45:00,5977.5
2019-08-11 13:00:00,5957.0
2019-08-11 13:15:00,5954.6
2019-08-11 13:30:00,5964.5
2019-08-11 13:45:00,5951.5
2019-08-11 14:00:00,5925.3
2019-08-11 14:15:00,5930.8
2019-08-11 14:30:00,5919.8
2019-08-11 14:45:00,5893.8
2019-08-11 15:00:00,5869.8
2019-08-11 15:15:00,5851.5
2019-08-11 15:30:00,5835.7
2019-08-11 15:45:00,5820.3
2019-08-11 16:00:00,5820.9
2019-08-11 16:15:00,5833.5
2019-08-11 16:30:00,5858.1
2019-08-11 16:45:00,5865.0
2019-08-11 17:00:00,5892.1
2019-08-11 17:15:00,5918.3
2019-08-11 17:30:00,5924.0
2019-08-11 17:45:00,5934.4
2019-08-11 18:00:00,5925.6
2019-08-11 18:15:00,5893.0
2019-08-11 18:30:00,5885.7
2019-08-11 18:45:00,5869.6
2019-08-11 19:00:00,5882.4
2019-08-11 19:15:00,5878.6
2019-08-11 19:30:00,5881.5
2019-08-11 19:45:00,5877.3
2019-08-11 20:00:00,5888.1
2019-08-11 20:15:00,5888.3
2019-08-11 20:30:00,5871.8
2019-08-11 20:45:00,5850.9
2019-08-11 21:00:00,5837.7
2019-08-11 21:15:00,5807.9
2019-08-11 21:30:00,5752.0
2019-08-11 21:45:00,5721.4
2019-08-11 22:00:00,5696.7
2019-08-11 22:15:00,5654.8
2019-08-11 22:30:00,5613.7
2019-08-11 22:45:00,5586.1
2019-08-11 23:00:00,5568.7
2019-08-11 23:15:00,5535.7
2019-08-11 23:30:00,5531.1
2019-08-11 23:45:00,5517.6
2019-08-12 00:00:00,5491.4
2019-08-12 00:15:00,5481.7
2019-08-12 00:30:00,5476.0
2019-08-12 00:45:00,5468.5
2019-08-12 01:00:00,5452.9
2019-08-12 01:15:00,5446.9
2019-08-12 01:30:00,5436.8
2019-08-12 01:45:00,5444.1
2019-08-12 02:00:00,5425.8
2019-08-12 02:15:00,5434.1
2019-08-12 02:30:00,5423.8
2019-08-12 02:45:00,5440.1
2019-08-12 03:00:00,5469.8
2019-08-12 03:15:00,5476.0
2019-08-12 03:30:00,5507.7
2019-08-12 03:45:00,5545.8
2019-08-12 04:00:00,5637.0
2019-08-12 04:15:00,5692.3
2019-08-12 04:30:00,5747.6
2019-08-12 04:45:00,5840.7
2019-08-12 05:00:00,5995.2
2019-08-12 05:15:00,6091.4
2019-08-12 05:30:00,6165.6
2019-08-12 05:45:00,6237.9
2019-08-12 06:00:00,6341.9
2019-08-12 06:15:00,6415.9
2019-08-12 06:30:00,6486.6
2019-08-12 06:45:00,6539.4
2019-08-12 07:00:00,6605.5
2019-08-12 07:15:00,6641.0
2019-08-12 07:30:00,6665.2
2019-08-12 07:45:00,6682.6
2019-08-12 08:00:00,6689.9
2019-08-12 08:15:00,6732.4
2019-08-12 08:30:00,6761.7
2019-08-12 08:45:00,6786.1
2019-08-12 09:00:00,6801.1
2019-08-12 09:15:00,6798.9
2019-08-12 09:30:00,6823.3
2019-08-12 09:45:00,6889.2
2019-08-12 10:00:00,6944.1
2019-08-12 10:15:00,6979.7
2019-08-12 10:30:00,6994.5
2019-08-12 10:45:00,6940.5
2019-08-12 11:00:00,6890.7
2019-08-12 11:15:00,6864.3
2019-08-12 11:30:00,6867.8
2019-08-12 11:45:00,6861.5
2019-08-12 12:00:00,6872.7
2019-08-12 12:15:00,6873.3
2019-08-12 12:30:00,6845.2
2019-08-12 12:45:00,6809.3
2019-08-12 13:00:00,6777.3
2019-08-12 13:15:00,6760.6
2019-08-12 13:30:00,6741.6
2019-08-12 13:45:00,6705.3
2019-08-12 14:00:00,6698.7
2019-08-12 14:15:00,6675.6
2019-08-12 14:30:00,6668.5
2019-08-12 14:45:00,6652.0
2019-08-12 15:00:00,6673.6
2019-08-12 15:15:00,6655.9
2019-08-12 15:30:00,6636.8
2019-08-12 15:45:00,6625.6
2019-08-12 16:00:00,6628.9
2019-08-12 16:15:00,6624.0
2019-08-12 16:30:00,6626.4
2019-08-12 16:45:00,6626.2
2019-08-12 17:00:00,6613.2
2019-08-12 17:15:00,6591.9
2019-08-12 17:30:00,6572.2
2019-08-12 17:45:00,6569.2
2019-08-12 18:00:00,6554.8
2019-08-12 18:15:00,6533.0
2019-08-12 18:30:00,6508.4
2019-08-12 18:45:00,6489.4
2019-08-12 19:00:00,6454.8
2019-08-12 19:15:00,6406.4
2019-08-12 19:30:00,6396.7
2019-08-12 19:45:00,6402.9
2019-08-12 20:00:00,6404.8
2019-08-12 20:15:00,6373.1
2019-08-12 20:30:00,6321.6
2019-08-12 20:45:00,6287.4
2019-08-12 21:00:00,6224.4
2019-08-12 21:15:00,6159.9
2019-08-12 21:30:00,6100.9
2019-08-12 21:45:00,6040.3
2019-08-12 22:00:00,5962.8
2019-08-12 22:15:00,5922.7
2019-08-12 22:30:00,5872.5
2019-08-12 22:45:00,5849.8
2019-08-12 23:00:00,5809.9
2019-08-12 23:15:00,5776.4
2019-08-12 23:30:00,5750.7
2019-08-12 23:45:00,5726.7
2019-08-13 00:00:00,5683.5
2019-08-13 00:15:00,5659.5
2019-08-13 00:30:00,5640.3
2019-08-13 00:45:00,5638.1
2019-08-13 01:00:00,5619.6
2019-08-13 01:15:00,5613.2
2019-08-13 01:30:00,5615.9
2019-08-13 01:45:00,5618.3
2019-08-13 02:00:00,5609.0
2019-08-13 02:15:00,5616.3
2019-08-13 02:30:00,5619.8
2019-08-13 02:45:00,5617.8
2019-08-13 03:00:00,5639.4
2019-08-13 03:15:00,5663.0
2019-08-13 03:30:00,5683.7
2019-08-13 03:45:00,5718.7
2019-08-13 04:00:00,5793.4
2019-08-13 04:15:00,5844.5
2019-08-13 04:30:00,5883.9
2019-08-13 04:45:00,5963.4
2019-08-13 05:00:00,6124.4
2019-08-13 05:15:00,6231.9
2019-08-13 05:30:00,6296.9
2019-08-13 05:45:00,6358.8
2019-08-13 06:00:00,6455.9
2019-08-13 06:15:00,6508.8
2019-08-13 06:30:00,6566.1
2019-08-13 06:45:00,6616.5
2019-08-13 07:00:00,6674.4
2019-08-13 07:15:00,6705.1
2019-08-13 07:30:00,6735.7
2019-08-13 07:45:00,6756.4
2019-08-13 08:00:00,6752.4
2019-08-13 08:15:00,6759.9
2019-08-13 08:30:00,6799.8
2019-08-13 08:45:00,6832.6
2019-08-13 09:00:00,6856.6
2019-08-13 09:15:00,6869.4
2019-08-13 09:30:00,6883.3
2019-08-13 09:45:00,6921.6
2019-08-13 10:00:00,6948.7
2019-08-13 10:15:00,6971.4
2019-08-13 10:30:00,6986.6
2019-08-13 10:45:00,6990.3
2019-08-13 11:00:00,6942.7
2019-08-13 11:15:00,6931.3
2019-08-13 11:30:00,6926.2
2019-08-13 11:45:00,6909.9
2019-08-13 12:00:00,6865.0
2019-08-13 12:15:00,6832.4
2019-08-13 12:30:00,6809.7
2019-08-13 12:45:00,6767.6
2019-08-13 13:00:00,6765.0
2019-08-13 13:15:00,6781.5
2019-08-13 13:30:00,6768.1
2019-08-13 13:45:00,6753.1
2019-08-13 14:00:00,6761.7
2019-08-13 14:15:00,6748.0
2019-08-13 14:30:00,6704.8
2019-08-13 14:45:00,6682.2
2019-08-13 15:00:00,6666.3
2019-08-13 15:15:00,6661.0
2019-08-13 15:30:00,6635.0
2019-08-13 15:45:00,6611.5
2019-08-13 16:00:00,6614.5
2019-08-13 16:15:00,6607.3
2019-08-13 16:30:00,6624.0
2019-08-13 16:45:00,6607.7
2019-08-13 17:00:00,6581.1
2019-08-13 17:15:00,6581.5
2019-08-13 17:30:00,6602.6
2019-08-13 17:45:00,6622.9
2019-08-13 18:00:00,6595.6
2019-08-13 18:15:00,6553.3
2019-08-13 18:30:00,6527.8
2019-08-13 18:45:00,6488.3
2019-08-13 19:00:00,6445.8
2019-08-13 19:15:00,6413.0
2019-08-13 19:30:00,6391.4
2019-08-13 19:45:00,6407.3
2019-08-13 20:00:00,6406.8
2019-08-13 20:15:00,6392.1
2019-08-13 20:30:00,6340.1
2019-08-13 20:45:00,6288.1
2019-08-13 21:00:00,6234.4
2019-08-13 21:15:00,6165.9
2019-08-13 21:30:00,6099.1
2019-08-13 21:45:00,6040.7
2019-08-13 22:00:00,5976.2
2019-08-13 22:15:00,5928.2
2019-08-13 22:30:00,5902.0
2019-08-13 22:45:00,5866.1
2019-08-13 23:00:00,5819.6
2019-08-13 23:15:00,5791.4
2019-08-13 23:30:00,5775.3
2019-08-13 23:45:00,5756.4
2019-08-14 00:00:00,5723.1
2019-08-14 00:15:00,5689.2
2019-08-14 00:30:00,5668.3
2019-08-14 00:45:00,5664.8
2019-08-14 01:00:00,5649.1
2019-08-14 01:15:00,5620.5
2019-08-14 01:30:00,5629.1
2019-08-14 01:45:00,5646.7
2019-08-14 02:00:00,5656.8
2019-08-14 02:15:00,5645.8
2019-08-14 02:30:00,5645.8
2019-08-14 02:45:00,5657.7
2019-08-14 03:00:00,5676.7
2019-08-14 03:15:00,5694.5
2019-08-14 03:30:00,5709.5
2019-08-14 03:45:00,5735.0
2019-08-14 04:00:00,5810.1
2019-08-14 04:15:00,5837.4
2019-08-14 04:30:00,5878.6
2019-08-14 04:45:00,5945.8
2019-08-14 05:00:00,6099.6
2019-08-14 05:15:00,6178.2
2019-08-14 05:30:00,6256.6
2019-08-14 05:45:00,6334.4
2019-08-14 06:00:00,6429.5
2019-08-14 06:15:00,6487.7
2019-08-14 06:30:00,6536.6
2019-08-14 06:45:00,6584.8
2019-08-14 07:00:00,6620.3
2019-08-14 07:15:00,6650.7
2019-08-14 07:30:00,6660.6
2019-08-14 07:45:00,6676.7
2019-08-14 08:00:00,6683.0
2019-08-14 08:15:00,6702.2
2019-08-14 08:30:00,6722.9
2019-08-14 08:45:00,6745.8
2019-08-14 09:00:00,6745.6
2019-08-14 09:15:00,6761.7
2019-08-14 09:30:00,6784.4
2019-08-14 09:45:00,6814.1
2019-08-14 10:00:00,6841.4
2019-08-14 10:15:00,6874.2
2019-08-14 10:30:00,6881.7
2019-08-14 10:45:00,6885.0
2019-08-14 11:00:00,6853.1
2019-08-14 11:15:00,6839.4
2019-08-14 11:30:00,6831.3
2019-08-14 11:45:00,6808.8
2019-08-14 12:00:00,6817.8
2019-08-14 12:15:00,6809.5
2019-08-14 12:30:00,6782.6
2019-08-14 12:45:00,6748.5
2019-08-14 13:00:00,6727.1
2019-08-14 13:15:00,6723.1
2019-08-14 13:30:00,6709.3
2019-08-14 13:45:00,6690.5
2019-08-14 14:00:00,6696.9
2019-08-14 14:15:00,6660.6
2019-08-14 14:30:00,6635.9
2019-08-14 14:45:00,6606.2
2019-08-14 15:00:00,6581.1
2019-08-14 15:15:00,6565.9
2019-08-14 15:30:00,6543.6
2019-08-14 15:45:00,6534.4
2019-08-14 16:00:00,6536.1
2019-08-14 16:15:00,6535.7
2019-08-14 16:30:00,6539.9
2019-08-14 16:45:00,6533.0
2019-08-14 17:00:00,6530.2
2019-08-14 17:15:00,6516.7
2019-08-14 17:30:00,6515.2
2019-08-14 17:45:00,6518.1
2019-08-14 18:00:00,6511.9
2019-08-14 18:15:00,6493.4
2019-08-14 18:30:00,6485.5
2019-08-14 18:45:00,6457.7
2019-08-14 19:00:00,6430.6
2019-08-14 19:15:00,6386.6
2019-08-14 19:30:00,6356.4
2019-08-14 19:45:00,6340.5
2019-08-14 20:00:00,6359.0
2019-08-14 20:15:00,6331.1
2019-08-14 20:30:00,6279.3
2019-08-14 20:45:00,6226.0
2019-08-14 21:00:00,6170.5
2019-08-14 21:15:00,6107.0
2019-08-14 21:30:00,6049.6
2019-08-14 21:45:00,5989.0
2019-08-14 22:00:00,5918.1
2019-08-14 22:15:00,5879.5
2019-08-14 22:30:00,5822.2
2019-08-14 22:45:00,5791.4
2019-08-14 23:00:00,5748.0
2019-08-14 23:15:00,5730.6
2019-08-14 23:30:00,5694.5
2019-08-14 23:45:00,5657.9
2019-08-15 00:00:00,5640.3
2019-08-15 00:15:00,5620.5
2019-08-15 00:30:00,5602.2
2019-08-15 00:45:00,5608.1
2019-08-15 01:00:00,5594.5
2019-08-15 01:15:00,5586.8
2019-08-15 01:30:00,5583.3
2019-08-15 01:45:00,5601.8
2019-08-15 02:00:00,5606.4
2019-08-15 02:15:00,5605.1
2019-08-15 02:30:00,5601.8
2019-08-15 02:45:00,5623.6
2019-08-15 03:00:00,5643.4
2019-08-15 03:15:00,5666.1
2019-08-15 03:30:00,5687.4
2019-08-15 03:45:00,5713.2
2019-08-15 04:00:00,5774.4
2019-08-15 04:15:00,5810.8
2019-08-15 04:30:00,5865.0
2019-08-15 04:45:00,5941.9
2019-08-15 05:00:00,6066.5
2019-08-15 05:15:00,6136.6
2019-08-15 05:30:00,6183.7
2019-08-15 05:45:00,6248.9
2019-08-15 06:00:00,6324.0
2019-08-15 06:15:00,6368.9
2019-08-15 06:30:00,6423.6
2019-08-15 06:45:00,6466.3
2019-08-15 07:00:00,6522.9
2019-08-15 07:15:00,6567.4
2019-08-15 07:30:00,6626.7
2019-08-15 07:45:00,6659.9
2019-08-15 08:00:00,6675.3
2019-08-15 08:15:00,6686.6
2019-08-15 08:30:00,6718.1
2019-08-15 08:45:00,6738.1
2019-08-15 09:00:00,6758.1
2019-08-15 09:15:00,6778.4
2019-08-15 09:30:00,6809.0
2019-08-15 09:45:00,6823.8
2019-08-15 10:00:00,6855.5
2019-08-15 10:15:00,6888.3
2019-08-15 10:30:00,6899.8
2019-08-15 10:45:00,6905.1
2019-08-15 11:00:00,6878.0
2019-08-15 11:15:00,6881.3
2019-08-15 11:30:00,6876.4
2019-08-15 11:45:00,6882.8
2019-08-15 12:00:00,6878.0
2019-08-15 12:15:00,6851.5
2019-08-15 12:30:00,6827.5
2019-08-15 12:45:00,6816.3
2019-08-15 13:00:00,6807.5
2019-08-15 13:15:00,6780.0
2019-08-15 13:30:00,6798.5
2019-08-15 13:45:00,6788.8
2019-08-15 14:00:00,6785.0
2019-08-15 14:15:00,6761.5
2019-08-15 14:30:00,6750.4
2019-08-15 14:45:00,6751.3
2019-08-15 15:00:00,6747.8
2019-08-15 15:15:00,6726.4
2019-08-15 15:30:00,6705.3
2019-08-15 15:45:00,6705.1
2019-08-15 16:00:00,6664.3
2019-08-15 16:15:00,6659.5
2019-08-15 16:30:00,6683.0
2019-08-15 16:45:00,6681.3
2019-08-15 17:00:00,6683.5
2019-08-15 17:15:00,6655.7
2019-08-15 17:30:00,6620.9
2019-08-15 17:45:00,6626.0
2019-08-15 18:00:00,6596.9
2019-08-15 18:15:00,6562.1
2019-08-15 18:30:00,6540.1
2019-08-15 18:45:00,6508.8
2019-08-15 19:00:00,6487.7
2019-08-15 19:15:00,6436.1
2019-08-15 19:30:00,6410.6
2019-08-15 19:45:00,6395.6
2019-08-15 20:00:00,6349.1
2019-08-15 20:15:00,6301.5
2019-08-15 20:30:00,6260.4
2019-08-15 20:45:00,6209.7
2019-08-15 21:00:00,6144.1
2019-08-15 21:15:00,6091.4
2019-08-15 21:30:00,6035.9
2019-08-15 21:45:00,5994.3
2019-08-15 22:00:00,5928.9
2019-08-15 22:15:00,5908.4
2019-08-15 22:30:00,5874.7
2019-08-15 22:45:00,5843.0
2019-08-15 23:00:00,5788.8
2019-08-15 23:15:00,5763.0
2019-08-15 23:30:00,5728.9
2019-08-15 23:45:00,5716.1
2019-08-16 00:00:00,5683.5
2019-08-16 00:15:00,5669.8
2019-08-16 00:30:00,5668.3
2019-08-16 00:45:00,5652.6
2019-08-16 01:00:00,5634.6
2019-08-16 01:15:00,5635.2
2019-08-16 01:30:00,5627.1
2019-08-16 01:45:00,5635.7
2019-08-16 02:00:00,5634.6
2019-08-16 02:15:00,5639.9
2019-08-16 02:30:00,5626.9
2019-08-16 02:45:00,5630.6
2019-08-16 03:00:00,5653.7
2019-08-16 03:15:00,5671.1
2019-08-16 03:30:00,5684.8
2019-08-16 03:45:00,5720.9
2019-08-16 04:00:00,5782.6
2019-08-16 04:15:00,5814.8
2019-08-16 04:30:00,5855.1
2019-08-16 04:45:00,5911.5
2019-08-16 05:00:00,6052.9
2019-08-16 05:15:00,6142.3
2019-08-16 05:30:00,6198.5
2019-08-16 05:45:00,6270.5
2019-08-16 06:00:00,6362.6
2019-08-16 06:15:00,6422.5
2019-08-16 06:30:00,6452.4
2019-08-16 06:45:00,6507.0
2019-08-16 07:00:00,6554.6
2019-08-16 07:15:00,6590.5
2019-08-16 07:30:00,6620.0
2019-08-16 07:45:00,6636.1
2019-08-16 08:00:00,6633.5
2019-08-16 08:15:00,6656.8
2019-08-16 08:30:00,6695.6
2019-08-16 08:45:00,6722.9
2019-08-16 09:00:00,6744.7
2019-08-16 09:15:00,6772.9
2019-08-16 09:30:00,6778.4
2019-08-16 09:45:00,6791.2
2019-08-16 10:00:00,6795.6
2019-08-16 10:15:00,6808.4
2019-08-16 10:30:00,6818.3
2019-08-16 10:45:00,6825.1
2019-08-16 11:00:00,6786.1
2019-08-16 11:15:00,6770.3
2019-08-16 11:30:00,6751.8
2019-08-16 11:45:00,6734.4
2019-08-16 12:00:00,6708.6
2019-08-16 12:15:00,6698.7
2019-08-16 12:30:00,6690.3
2019-08-16 12:45:00,6644.5
2019-08-16 13:00:00,6628.0
2019-08-16 13:15:00,6609.7
2019-08-16 13:30:00,6577.8
2019-08-16 13:45:00,6538.5
2019-08-16 14:00:00,6518.5
2019-08-16 14:15:00,6499.6
2019-08-16 14:30:00,6484.8
2019-08-16 14:45:00,6467.0
2019-08-16 15:00:00,6470.3
2019-08-16 15:15:00,6444.1
2019-08-16 15:30:00,6426.0
2019-08-16 15:45:00,6411.2
2019-08-16 16:00:00,6425.3
2019-08-16 16:15:00,6426.0
2019-08-16 16:30:00,6408.6
2019-08-16 16:45:00,6401.3
2019-08-16 17:00:00,6383.7
2019-08-16 17:15:00,6380.2
2019-08-16 17:30:00,6375.1
2019-08-16 17:45:00,6379.7
2019-08-16 18:00:00,6364.5
2019-08-16 18:15:00,6328.9
2019-08-16 18:30:00,6322.2
2019-08-16 18:45:00,6314.8
2019-08-16 19:00:00,6280.4
2019-08-16 19:15:00,6232.8
2019-08-16 19:30:00,6208.8
2019-08-16 19:45:00,6205.7
2019-08-16 20:00:00,6210.6
2019-08-16 20:15:00,6189.6
2019-08-16 20:30:00,6150.4
2019-08-16 20:45:00,6079.7
2019-08-16 21:00:00,6028.4
2019-08-16 21:15:00,5978.9
2019-08-16 21:30:00,5931.5
2019-08-16 21:45:00,5877.1
2019-08-16 22:00:00,5821.4
2019-08-16 22:15:00,5781.3
2019-08-16 22:30:00,5748.5
2019-08-16 22:45:00,5729.1
2019-08-16 23:00:00,5698.5
2019-08-16 23:15:00,5667.6
2019-08-16 23:30:00,5650.7
2019-08-16 23:45:00,5621.1
2019-08-17 00:00:00,5591.6
2019-08-17 00:15:00,5575.3
2019-08-17 00:30:00,5570.9
2019-08-17 00:45:00,5553.7
2019-08-17 01:00:00,5538.5
2019-08-17 01:15:00,5531.9
2019-08-17 01:30:00,5520.7
2019-08-17 01:45:00,5536.3
2019-08-17 02:00:00,5517.2
2019-08-17 02:15:00,5515.2
2019-08-17 02:30:00,5524.4
2019-08-17 02:45:00,5515.4
2019-08-17 03:00:00,5512.8
2019-08-17 03:15:00,5511.9
2019-08-17 03:30:00,5520.9
2019-08-17 03:45:00,5537.7
2019-08-17 04:00:00,5581.1
2019-08-17 04:15:00,5580.0
2019-08-17 04:30:00,5584.8
2019-08-17 04:45:00,5599.6
2019-08-17 05:00:00,5635.2
2019-08-17 05:15:00,5632.2
2019-08-17 05:30:00,5657.7
2019-08-17 05:45:00,5690.5
2019-08-17 06:00:00,5764.8
2019-08-17 06:15:00,5793.8
2019-08-17 06:30:00,5836.1
2019-08-17 06:45:00,5864.5
2019-08-17 07:00:00,5919.2
2019-08-17 07:15:00,5971.6
2019-08-17 07:30:00,6019.4
2019-08-17 07:45:00,6060.6
2019-08-17 08:00:00,6096.3
2019-08-17 08:15:00,6129.3
2019-08-17 08:30:00,6159.0
2019-08-17 08:45:00,6189.4
2019-08-17 09:00:00,6205.7
2019-08-17 09:15:00,6231.7
2019-08-17 09:30:00,6236.1
2019-08-17 09:45:00,6255.1
2019-08-17 10:00:00,6269.2
2019-08-17 10:15:00,6300.9
2019-08-17 10:30:00,6328.2
2019-08-17 10:45:00,6327.3
2019-08-17 11:00:00,6303.1
2019-08-17 11:15:00,6285.5
2019-08-17 11:30:00,6277.5
2019-08-17 11:45:00,6267.0
2019-08-17 12:00:00,6232.2
2019-08-17 12:15:00,6221.1
2019-08-17 12:30:00,6194.1
2019-08-17 12:45:00,6173.6
2019-08-17 13:00:00,6176.0
2019-08-17 13:15:00,6184.8
2019-08-17 13:30:00,6181.9
2019-08-17 13:45:00,6165.9
2019-08-17 14:00:00,6151.3
2019-08-17 14:15:00,6145.2
2019-08-17 14:30:00,6118.9
2019-08-17 14:45:00,6106.4
2019-08-17 15:00:00,6101.5
2019-08-17 15:15:00,6086.8
2019-08-17 15:30:00,6075.6
2019-08-17 15:45:00,6070.9
2019-08-17 16:00:00,6099.3
2019-08-17 16:15:00,6105.5
2019-08-17 16:30:00,6080.4
2019-08-17 16:45:00,6083.0
2019-08-17 17:00:00,6075.3
2019-08-17 17:15:00,6067.2
2019-08-17 17:30:00,6058.4
2019-08-17 17:45:00,6039.0
2019-08-17 18:00:00,6048.0
2019-08-17 18:15:00,6011.2
2019-08-17 18:30:00,5992.3
2019-08-17 18:45:00,5968.7
2019-08-17 19:00:00,5954.4
2019-08-17 19:15:00,5914.5
2019-08-17 19:30:00,5913.2
2019-08-17 19:45:00,5919.8
2019-08-17 20:00:00,5912.3
2019-08-17 20:15:00,5886.8
2019-08-17 20:30:00,5852.4
2019-08-17 20:45:00,5821.8
2019-08-17 21:00:00,5799.3
2019-08-17 21:15:00,5761.5
2019-08-17 21:30:00,5710.8
2019-08-17 21:45:00,5687.9
2019-08-17 22:00:00,5645.8
2019-08-17 22:15:00,5604.8
2019-08-17 22:30:00,5563.7
2019-08-17 22:45:00,5546.0
2019-08-17 23:00:00,5504.6
2019-08-17 23:15:00,5465.0
2019-08-17 23:30:00,5429.1
2019-08-17 23:45:00,5388.8
2019-08-18 00:00:00,5363.2
2019-08-18 00:15:00,5343.6
2019-08-18 00:30:00,5323.3
2019-08-18 00:45:00,5311.5
2019-08-18 01:00:00,5306.2
2019-08-18 01:15:00,5296.7
2019-08-18 01:30:00,5281.9
2019-08-18 01:45:00,5268.9
2019-08-18 02:00:00,5256.6
2019-08-18 02:15:00,5240.5
2019-08-18 02:30:00,5240.5
2019-08-18 02:45:00,5237.9
2019-08-18 03:00:00,5242.5
2019-08-18 03:15:00,5227.5
2019-08-18 03:30:00,5246.9
2019-08-18 03:45:00,5270.5
2019-08-18 04:00:00,5286.1
2019-08-18 04:15:00,5290.5
2019-08-18 04:30:00,5292.1
2019-08-18 04:45:00,5311.2
2019-08-18 05:00:00,5319.2
2019-08-18 05:15:00,5320.5
2019-08-18 05:30:00,5322.7
2019-08-18 05:45:00,5343.4
2019-08-18 06:00:00,5362.3
2019-08-18 06:15:00,5403.5
2019-08-18 06:30:00,5436.3
2019-08-18 06:45:00,5481.3
2019-08-18 07:00:00,5528.2
2019-08-18 07:15:00,5576.7
2019-08-18 07:30:00,5615.2
2019-08-18 07:45:00,5654.4
2019-08-18 08:00:00,5690.3
2019-08-18 08:15:00,5725.3
2019-08-18 08:30:00,5762.8
2019-08-18 08:45:00,5813.7
2019-08-18 09:00:00,5862.1
2019-08-18 09:15:00,5885.9
2019-08-18 09:30:00,5912.8
2019-08-18 09:45:00,5921.8
2019-08-18 10:00:00,5967.4
2019-08-18 10:15:00,6006.2
2019-08-18 10:30:00,6045.8
2019-08-18 10:45:00,6042.5
2019-08-18 11:00:00,6043.6
2019-08-18 11:15:00,6039.2
2019-08-18 11:30:00,6029.3
2019-08-18 11:45:00,6022.2
2019-08-18 12:00:00,5994.7
2019-08-18 12:15:00,5969.8
2019-08-18 12:30:00,5952.0
2019-08-18 12:45:00,5947.6
2019-08-18 13:00:00,5930.0
2019-08-18 13:15:00,5921.6
2019-08-18 13:30:00,5909.5
2019-08-18 13:45:00,5902.2
2019-08-18 14:00:00,5896.7
2019-08-18 14:15:00,5870.7
2019-08-18 14:30:00,5867.6
2019-08-18 14:45:00,5865.0
2019-08-18 15:00:00,5861.2
2019-08-18 15:15:00,5843.6
2019-08-18 15:30:00,5858.4
2019-08-18 15:45:00,5865.2
2019-08-18 16:00:00,5880.0
2019-08-18 16:15:00,5878.9
2019-08-18 16:30:00,5858.1
2019-08-18 16:45:00,5866.1
2019-08-18 17:00:00,5908.4
2019-08-18 17:15:00,5929.5
2019-08-18 17:30:00,5913.2
2019-08-18 17:45:00,5924.0
2019-08-18 18:00:00,5913.2
2019-08-18 18:15:00,5889.9
2019-08-18 18:30:00,5885.9
2019-08-18 18:45:00,5877.3
2019-08-18 19:00:00,5878.6
2019-08-18 19:15:00,5874.2
2019-08-18 19:30:00,5903.5
2019-08-18 19:45:00,5925.3
2019-08-18 20:00:00,5950.2
2019-08-18 20:15:00,5929.3
2019-08-18 20:30:00,5914.3
2019-08-18 20:45:00,5907.3
2019-08-18 21:00:00,5921.6
2019-08-18 21:15:00,5872.2
2019-08-18 21:30:00,5828.2
2019-08-18 21:45:00,5782.2
2019-08-18 22:00:00,5717.6
2019-08-18 22:15:00,5663.9
2019-08-18 22:30:00,5632.4
2019-08-18 22:45:00,5618.1
2019-08-18 23:00:00,5607.5
2019-08-18 23:15:00,5580.2
2019-08-18 23:30:00,5565.9
2019-08-18 23:45:00,5544.7
2019-08-19 00:00:00,5513.0
2019-08-19 00:15:00,5502.4
2019-08-19 00:30:00,5486.8
2019-08-19 00:45:00,5467.2
2019-08-19 01:00:00,5451.1
2019-08-19 01:15:00,5452.4
2019-08-19 01:30:00,5457.5
2019-08-19 01:45:00,5450.4
2019-08-19 02:00:00,5453.1
2019-08-19 02:15:00,5454.8
2019-08-19 02:30:00,5461.0
2019-08-19 02:45:00,5481.5
2019-08-19 03:00:00,5505.7
2019-08-19 03:15:00,5519.6
2019-08-19 03:30:00,5544.7
2019-08-19 03:45:00,5576.7
2019-08-19 04:00:00,5671.8
2019-08-19 04:15:00,5734.8
2019-08-19 04:30:00,5792.1
2019-08-19 04:45:00,5881.7
2019-08-19 05:00:00,6041.2
2019-08-19 05:15:00,6152.6
2019-08-19 05:30:00,6241.4
2019-08-19 05:45:00,6318.1
2019-08-19 06:00:00,6416.7
2019-08-19 06:15:00,6489.0
2019-08-19 06:30:00,6539.2
2019-08-19 06:45:00,6594.3
2019-08-19 07:00:00,6665.9
2019-08-19 07:15:00,6708.1
2019-08-19 07:30:00,6731.1
2019-08-19 07:45:00,6755.1
2019-08-19 08:00:00,6757.3
2019-08-19 08:15:00,6791.0
2019-08-19 08:30:00,6835.2
2019-08-19 08:45:00,6866.7
2019-08-19 09:00:00,6868.5
2019-08-19 09:15:00,6899.3
2019-08-19 09:30:00,6932.6
2019-08-19 09:45:00,6962.3
2019-08-19 10:00:00,6947.6
2019-08-19 10:15:00,6966.3
2019-08-19 10:30:00,6973.3
2019-08-19 10:45:00,6987.2
2019-08-19 11:00:00,6974.0
2019-08-19 11:15:00,6978.0
2019-08-19 11:30:00,6987.7
2019-08-19 11:45:00,6985.5
2019-08-19 12:00:00,6955.5
2019-08-19 12:15:00,6947.4
2019-08-19 12:30:00,6926.9
2019-08-19 12:45:00,6895.8
2019-08-19 13:00:00,6866.3
2019-08-19 13:15:00,6846.3
2019-08-19 13:30:00,6839.4
2019-08-19 13:45:00,6811.9
2019-08-19 14:00:00,6799.1
2019-08-19 14:15:00,6775.6
2019-08-19 14:30:00,6754.0
2019-08-19 14:45:00,6711.7
2019-08-19 15:00:00,6686.1
2019-08-19 15:15:00,6654.0
2019-08-19 15:30:00,6629.7
2019-08-19 15:45:00,6615.4
2019-08-19 16:00:00,6615.9
2019-08-19 16:15:00,6611.9
2019-08-19 16:30:00,6598.2
2019-08-19 16:45:00,6601.5
2019-08-19 17:00:00,6611.0
2019-08-19 17:15:00,6624.0
2019-08-19 17:30:00,6595.2
2019-08-19 17:45:00,6608.1
2019-08-19 18:00:00,6592.5
2019-08-19 18:15:00,6559.5
2019-08-19 18:30:00,6536.6
2019-08-19 18:45:00,6504.0
2019-08-19 19:00:00,6487.7
2019-08-19 19:15:00,6459.9
2019-08-19 19:30:00,6440.3
2019-08-19 19:45:00,6449.8
2019-08-19 20:00:00,6436.8
2019-08-19 20:15:00,6394.9
2019-08-19 20:30:00,6328.6
2019-08-19 20:45:00,6272.7
2019-08-19 21:00:00,6199.8
2019-08-19 21:15:00,6134.8
2019-08-19 21:30:00,6074.4
2019-08-19 21:45:00,6011.5
2019-08-19 22:00:00,5932.2
2019-08-19 22:15:00,5891.9
2019-08-19 22:30:00,5844.5
2019-08-19 22:45:00,5804.0
2019-08-19 23:00:00,5789.6
2019-08-19 23:15:00,5760.8
2019-08-19 23:30:00,5740.7
2019-08-19 23:45:00,5714.5
2019-08-20 00:00:00,5695.2
2019-08-20 00:15:00,5680.6
2019-08-20 00:30:00,5676.7
2019-08-20 00:45:00,5659.7
2019-08-20 01:00:00,5631.9
2019-08-20 01:15:00,5624.7
2019-08-20 01:30:00,5638.8
2019-08-20 01:45:00,5640.5
2019-08-20 02:00:00,5639.0
2019-08-20 02:15:00,5631.1
2019-08-20 02:30:00,5636.1
2019-08-20 02:45:00,5648.7
2019-08-20 03:00:00,5673.3
2019-08-20 03:15:00,5684.1
2019-08-20 03:30:00,5707.3
2019-08-20 03:45:00,5726.7
2019-08-20 04:00:00,5802.0
2019-08-20 04:15:00,5846.9
2019-08-20 04:30:00,5874.7
2019-08-20 04:45:00,5965.2
2019-08-20 05:00:00,6111.7
2019-08-20 05:15:00,6203.7
2019-08-20 05:30:00,6266.1
2019-08-20 05:45:00,6342.7
2019-08-20 06:00:00,6422.9
2019-08-20 06:15:00,6463.7
2019-08-20 06:30:00,6515.6
2019-08-20 06:45:00,6564.8
2019-08-20 07:00:00,6631.7
2019-08-20 07:15:00,6651.5
2019-08-20 07:30:00,6686.1
2019-08-20 07:45:00,6694.7
2019-08-20 08:00:00,6684.8
2019-08-20 08:15:00,6726.4
2019-08-20 08:30:00,6760.8
2019-08-20 08:45:00,6795.2
2019-08-20 09:00:00,6814.5
2019-08-20 09:15:00,6828.2
2019-08-20 09:30:00,6834.6
2019-08-20 09:45:00,6871.6
2019-08-20 10:00:00,6889.2
2019-08-20 10:15:00,6906.8
2019-08-20 10:30:00,6932.4
2019-08-20 10:45:00,6929.7
2019-08-20 11:00:00,6883.0
2019-08-20 11:15:00,6855.7
2019-08-20 11:30:00,6852.0
2019-08-20 11:45:00,6845.8
2019-08-20 12:00:00,6841.0
2019-08-20 12:15:00,6827.5
2019-08-20 12:30:00,6814.3
2019-08-20 12:45:00,6796.3
2019-08-20 13:00:00,6778.2
2019-08-20 13:15:00,6766.5
2019-08-20 13:30:00,6759.5
2019-08-20 13:45:00,6748.5
2019-08-20 14:00:00,6741.6
2019-08-20 14:15:00,6703.1
2019-08-20 14:30:00,6683.7
2019-08-20 14:45:00,6663.7
2019-08-20 15:00:00,6647.6
2019-08-20 15:15:00,6631.5
2019-08-20 15:30:00,6624.2
2019-08-20 15:45:00,6617.8
2019-08-20 16:00:00,6628.9
2019-08-20 16:15:00,6609.9
2019-08-20 16:30:00,6618.1
2019-08-20 16:45:00,6613.7
2019-08-20 17:00:00,6602.9
2019-08-20 17:15:00,6594.3
2019-08-20 17:30:00,6598.9
2019-08-20 17:45:00,6603.5
2019-08-20 18:00:00,6593.4
2019-08-20 18:15:00,6556.6
2019-08-20 18:30:00,6547.1
2019-08-20 18:45:00,6527.5
2019-08-20 19:00:00,6497.8
2019-08-20 19:15:00,6464.1
2019-08-20 19:30:00,6456.8
2019-08-20 19:45:00,6453.7
2019-08-20 20:00:00,6421.8
2019-08-20 20:15:00,6372.7
2019-08-20 20:30:00,6332.6
2019-08-20 20:45:00,6264.3
2019-08-20 21:00:00,6191.0
2019-08-20 21:15:00,6133.3
2019-08-20 21:30:00,6069.2
2019-08-20 21:45:00,6025.3
2019-08-20 22:00:00,5945.6
2019-08-20 22:15:00,5904.4
2019-08-20 22:30:00,5867.2
2019-08-20 22:45:00,5836.3
2019-08-20 23:00:00,5784.1
2019-08-20 23:15:00,5757.3
2019-08-20 23:30:00,5732.4
2019-08-20 23:45:00,5699.8
2019-08-21 00:00:00,5685.2
2019-08-21 00:15:00,5666.3
2019-08-21 00:30:00,5652.2
2019-08-21 00:45:00,5628.9
2019-08-21 01:00:00,5607.5
2019-08-21 01:15:00,5610.6
2019-08-21 01:30:00,5609.5
2019-08-21 01:45:00,5606.8
2019-08-21 02:00:00,5597.1
2019-08-21 02:15:00,5612.6
2019-08-21 02:30:00,5622.9
2019-08-21 02:45:00,5630.8
2019-08-21 03:00:00,5637.9
2019-08-21 03:15:00,5654.4
2019-08-21 03:30:00,5687.4
2019-08-21 03:45:00,5710.6
2019-08-21 04:00:00,5778.6
2019-08-21 04:15:00,5833.3
2019-08-21 04:30:00,5896.9
2019-08-21 04:45:00,5957.0
2019-08-21 05:00:00,6102.4
2019-08-21 05:15:00,6195.4
2019-08-21 05:30:00,6283.7
2019-08-21 05:45:00,6346.0
2019-08-21 06:00:00,6438.3
2019-08-21 06:15:00,6502.9
2019-08-21 06:30:00,6553.5
2019-08-21 06:45:00,6593.6
2019-08-21 07:00:00,6546.9
2019-08-21 07:15:00,6660.4
2019-08-21 07:30:00,6676.9
2019-08-21 07:45:00,6689.0
2019-08-21 08:00:00,6684.1
2019-08-21 08:15:00,6702.9
2019-08-21 08:30:00,6719.2
2019-08-21 08:45:00,6747.8
2019-08-21 09:00:00,6759.9
2019-08-21 09:15:00,6764.8
2019-08-21 09:30:00,6798.9
2019-08-21 09:45:00,6807.7
2019-08-21 10:00:00,6825.6
2019-08-21 10:15:00,6858.1
2019-08-21 10:30:00,6862.3
2019-08-21 10:45:00,6877.5
2019-08-21 11:00:00,6853.5
2019-08-21 11:15:00,6847.4
2019-08-21 11:30:00,6832.8
2019-08-21 11:45:00,6838.3
2019-08-21 12:00:00,6843.0
2019-08-21 12:15:00,6820.9
2019-08-21 12:30:00,6800.9
2019-08-21 12:45:00,6750.2
2019-08-21 13:00:00,6735.9
2019-08-21 13:15:00,6738.3
2019-08-21 13:30:00,6711.2
2019-08-21 13:45:00,6708.4
2019-08-21 14:00:00,6698.9
2019-08-21 14:15:00,6680.4
2019-08-21 14:30:00,6647.6
2019-08-21 14:45:00,6619.6
2019-08-21 15:00:00,6611.2
2019-08-21 15:15:00,6578.9
2019-08-21 15:30:00,6575.3
2019-08-21 15:45:00,6568.3
2019-08-21 16:00:00,6572.9
2019-08-21 16:15:00,6558.6
2019-08-21 16:30:00,6537.7
2019-08-21 16:45:00,6545.2
2019-08-21 17:00:00,6537.2
2019-08-21 17:15:00,6536.1
2019-08-21 17:30:00,6528.0
2019-08-21 17:45:00,6512.3
2019-08-21 18:00:00,6520.7
2019-08-21 18:15:00,6492.1
2019-08-21 18:30:00,6474.4
2019-08-21 18:45:00,6460.8
2019-08-21 19:00:00,6432.8
2019-08-21 19:15:00,6423.3
2019-08-21 19:30:00,6418.7
2019-08-21 19:45:00,6421.4
2019-08-21 20:00:00,6418.7
2019-08-21 20:15:00,6368.5
2019-08-21 20:30:00,6309.5
2019-08-21 20:45:00,6246.7
2019-08-21 21:00:00,6157.5
2019-08-21 21:15:00,6096.0
2019-08-21 21:30:00,6024.9
2019-08-21 21:45:00,5982.4
2019-08-21 22:00:00,5919.4
2019-08-21 22:15:00,5865.2
2019-08-21 22:30:00,5824.0
2019-08-21 22:45:00,5798.7
2019-08-21 23:00:00,5751.1
2019-08-21 23:15:00,5710.6
2019-08-21 23:30:00,5707.5
2019-08-21 23:45:00,5697.6
2019-08-22 00:00:00,5665.9
2019-08-22 00:15:00,5650.7
2019-08-22 00:30:00,5627.3
2019-08-22 00:45:00,5619.2
2019-08-22 01:00:00,5587.9
2019-08-22 01:15:00,5580.8
2019-08-22 01:30:00,5584.1
2019-08-22 01:45:00,5587.2
2019-08-22 02:00:00,5596.3
2019-08-22 02:15:00,5590.3
2019-08-22 02:30:00,5586.8
2019-08-22 02:45:00,5602.6
2019-08-22 03:00:00,5626.9
2019-08-22 03:15:00,5642.5
2019-08-22 03:30:00,5664.3
2019-08-22 03:45:00,5691.2
2019-08-22 04:00:00,5775.1
2019-08-22 04:15:00,5825.1
2019-08-22 04:30:00,5874.4
2019-08-22 04:45:00,5954.4
2019-08-22 05:00:00,6103.5
2019-08-22 05:15:00,6188.8
2019-08-22 05:30:00,6254.8
2019-08-22 05:45:00,6318.3
2019-08-22 06:00:00,6401.1
2019-08-22 06:15:00,6468.7
2019-08-22 06:30:00,6512.8
2019-08-22 06:45:00,6556.2
2019-08-22 07:00:00,6605.7
2019-08-22 07:15:00,6625.1
2019-08-22 07:30:00,6650.0
2019-08-22 07:45:00,6663.7
2019-08-22 08:00:00,6662.6
2019-08-22 08:15:00,6686.1
2019-08-22 08:30:00,6716.1
2019-08-22 08:45:00,6743.0
2019-08-22 09:00:00,6752.9
2019-08-22 09:15:00,6758.8
2019-08-22 09:30:00,6785.7
2019-08-22 09:45:00,6811.0
2019-08-22 10:00:00,6842.5
2019-08-22 10:15:00,6849.6
2019-08-22 10:30:00,6855.7
2019-08-22 10:45:00,6861.2
2019-08-22 11:00:00,6833.7
2019-08-22 11:15:00,6837.0
2019-08-22 11:30:00,6821.6
2019-08-22 11:45:00,6823.3
2019-08-22 12:00:00,6817.6
2019-08-22 12:15:00,6806.8
2019-08-22 12:30:00,6800.0
2019-08-22 12:45:00,6771.4
2019-08-22 13:00:00,6759.0
2019-08-22 13:15:00,6742.5
2019-08-22 13:30:00,6718.1
2019-08-22 13:45:00,6711.9
2019-08-22 14:00:00,6727.1
2019-08-22 14:15:00,6709.3
2019-08-22 14:30:00,6664.1
2019-08-22 14:45:00,6629.1
2019-08-22 15:00:00,6643.2
2019-08-22 15:15:00,6619.8
2019-08-22 15:30:00,6597.4
2019-08-22 15:45:00,6600.0
2019-08-22 16:00:00,6605.9
2019-08-22 16:15:00,6589.0
2019-08-22 16:30:00,6585.7
2019-08-22 16:45:00,6584.1
2019-08-22 17:00:00,6582.8
2019-08-22 17:15:00,6563.2
2019-08-22 17:30:00,6557.5
2019-08-22 17:45:00,6553.1
2019-08-22 18:00:00,6556.6
2019-08-22 18:15:00,6516.5
2019-08-22 18:30:00,6501.3
2019-08-22 18:45:00,6495.8
2019-08-22 19:00:00,6465.2
2019-08-22 19:15:00,6439.6
2019-08-22 19:30:00,6446.7
2019-08-22 19:45:00,6465.4
2019-08-22 20:00:00,6444.5
2019-08-22 20:15:00,6408.8
2019-08-22 20:30:00,6361.5
2019-08-22 20:45:00,6294.3
2019-08-22 21:00:00,6231.9
2019-08-22 21:15:00,6174.7
2019-08-22 21:30:00,6110.6
2019-08-22 21:45:00,6061.9
2019-08-22 22:00:00,5999.6
2019-08-22 22:15:00,5965.6
2019-08-22 22:30:00,5916.5
2019-08-22 22:45:00,5877.5
2019-08-22 23:00:00,5827.8
2019-08-22 23:15:00,5780.4
2019-08-22 23:30:00,5757.3
2019-08-22 23:45:00,5755.1
2019-08-23 00:00:00,5732.6
2019-08-23 00:15:00,5707.5
2019-08-23 00:30:00,5691.4
2019-08-23 00:45:00,5678.0
2019-08-23 01:00:00,5643.6
2019-08-23 01:15:00,5632.2
2019-08-23 01:30:00,5627.8
2019-08-23 01:45:00,5640.7
2019-08-23 02:00:00,5633.9
2019-08-23 02:15:00,5625.1
2019-08-23 02:30:00,5626.2
2019-08-23 02:45:00,5637.0
2019-08-23 03:00:00,5660.4
2019-08-23 03:15:00,5676.9
2019-08-23 03:30:00,5687.2
2019-08-23 03:45:00,5731.7
2019-08-23 04:00:00,5800.9
2019-08-23 04:15:00,5815.2
2019-08-23 04:30:00,5876.4
2019-08-23 04:45:00,5968.9
2019-08-23 05:00:00,6103.3
2019-08-23 05:15:00,6193.8
2019-08-23 05:30:00,6267.6
2019-08-23 05:45:00,6328.2
2019-08-23 06:00:00,6410.6
2019-08-23 06:15:00,6468.1
2019-08-23 06:30:00,6527.8
2019-08-23 06:45:00,6571.4
2019-08-23 07:00:00,6612.8
2019-08-23 07:15:00,6633.7
2019-08-23 07:30:00,6655.9
2019-08-23 07:45:00,6679.3
2019-08-23 08:00:00,6687.2
2019-08-23 08:15:00,6705.5
2019-08-23 08:30:00,6739.9
2019-08-23 08:45:00,6762.1
2019-08-23 09:00:00,6780.8
2019-08-23 09:15:00,6797.1
2019-08-23 09:30:00,6818.9
2019-08-23 09:45:00,6852.0
2019-08-23 10:00:00,6864.3
2019-08-23 10:15:00,6870.7
2019-08-23 10:30:00,6884.4
2019-08-23 10:45:00,6872.9
2019-08-23 11:00:00,6825.3
2019-08-23 11:15:00,6802.0
2019-08-23 11:30:00,6797.4
2019-08-23 11:45:00,6778.6
2019-08-23 12:00:00,6766.3
2019-08-23 12:15:00,6747.6
2019-08-23 12:30:00,6729.1
2019-08-23 12:45:00,6699.1
2019-08-23 13:00:00,6684.1
2019-08-23 13:15:00,6669.2
2019-08-23 13:30:00,6647.1
2019-08-23 13:45:00,6625.3
2019-08-23 14:00:00,6624.0
2019-08-23 14:15:00,6600.2
2019-08-23 14:30:00,6575.1
2019-08-23 14:45:00,6559.5
2019-08-23 15:00:00,6566.5
2019-08-23 15:15:00,6548.9
2019-08-23 15:30:00,6518.5
2019-08-23 15:45:00,6516.3
2019-08-23 16:00:00,6529.7
2019-08-23 16:15:00,6520.9
2019-08-23 16:30:00,6513.0
2019-08-23 16:45:00,6502.6
2019-08-23 17:00:00,6491.9
2019-08-23 17:15:00,6479.5
2019-08-23 17:30:00,6473.1
2019-08-23 17:45:00,6472.0
2019-08-23 18:00:00,6449.8
2019-08-23 18:15:00,6412.3
2019-08-23 18:30:00,6407.9
2019-08-23 18:45:00,6395.2
2019-08-23 19:00:00,6362.3
2019-08-23 19:15:00,6331.1
2019-08-23 19:30:00,6329.5
2019-08-23 19:45:00,6333.5
2019-08-23 20:00:00,6304.8
2019-08-23 20:15:00,6250.4
2019-08-23 20:30:00,6194.9
2019-08-23 20:45:00,6124.9
2019-08-23 21:00:00,6044.7
2019-08-23 21:15:00,6015.2
2019-08-23 21:30:00,5964.1
2019-08-23 21:45:00,5914.1
2019-08-23 22:00:00,5864.8
2019-08-23 22:15:00,5824.7
2019-08-23 22:30:00,5785.0
2019-08-23 22:45:00,5753.3
2019-08-23 23:00:00,5691.6
2019-08-23 23:15:00,5668.9
2019-08-23 23:30:00,5645.6
2019-08-23 23:45:00,5621.1
2019-08-24 00:00:00,5597.4
2019-08-24 00:15:00,5565.4
2019-08-24 00:30:00,5552.2
2019-08-24 00:45:00,5530.6
2019-08-24 01:00:00,5497.8
2019-08-24 01:15:00,5486.6
2019-08-24 01:30:00,5483.7
2019-08-24 01:45:00,5468.1
2019-08-24 02:00:00,5466.5
2019-08-24 02:15:00,5457.5
2019-08-24 02:30:00,5452.4
2019-08-24 02:45:00,5455.3
2019-08-24 03:00:00,5444.5
2019-08-24 03:15:00,5446.7
2019-08-24 03:30:00,5445.6
2019-08-24 03:45:00,5446.0
2019-08-24 04:00:00,5479.5
2019-08-24 04:15:00,5490.7
2019-08-24 04:30:00,5495.6
2019-08-24 04:45:00,5512.8
2019-08-24 05:00:00,5560.1
2019-08-24 05:15:00,5560.4
2019-08-24 05:30:00,5583.7
2019-08-24 05:45:00,5606.6
2019-08-24 06:00:00,5673.6
2019-08-24 06:15:00,5723.3
2019-08-24 06:30:00,5768.7
2019-08-24 06:45:00,5827.8
2019-08-24 07:00:00,5891.4
2019-08-24 07:15:00,5941.4
2019-08-24 07:30:00,5982.8
2019-08-24 07:45:00,6028.0
2019-08-24 08:00:00,6074.4
2019-08-24 08:15:00,6107.5
2019-08-24 08:30:00,6128.0
2019-08-24 08:45:00,6165.9
2019-08-24 09:00:00,6186.3
2019-08-24 09:15:00,6196.5
2019-08-24 09:30:00,6231.5
2019-08-24 09:45:00,6244.9
2019-08-24 10:00:00,6259.0
2019-08-24 10:15:00,6277.3
2019-08-24 10:30:00,6294.9
2019-08-24 10:45:00,6289.9
2019-08-24 11:00:00,6269.4
2019-08-24 11:15:00,6268.1
2019-08-24 11:30:00,6246.5
2019-08-24 11:45:00,6224.2
2019-08-24 12:00:00,6195.8
2019-08-24 12:15:00,6186.6
2019-08-24 12:30:00,6170.0
2019-08-24 12:45:00,6150.7
2019-08-24 13:00:00,6120.0
2019-08-24 13:15:00,6107.9
2019-08-24 13:30:00,6087.0
2019-08-24 13:45:00,6066.1
2019-08-24 14:00:00,6077.5
2019-08-24 14:15:00,6067.6
2019-08-24 14:30:00,6051.5
2019-08-24 14:45:00,6033.7
2019-08-24 15:00:00,6038.8
2019-08-24 15:15:00,6031.5
2019-08-24 15:30:00,6031.5
2019-08-24 15:45:00,6017.2
2019-08-24 16:00:00,6041.2
2019-08-24 16:15:00,6038.8
2019-08-24 16:30:00,6044.5
2019-08-24 16:45:00,6050.9
2019-08-24 17:00:00,6052.6
2019-08-24 17:15:00,6050.0
2019-08-24 17:30:00,6046.0
2019-08-24 17:45:00,6037.2
2019-08-24 18:00:00,6037.7
2019-08-24 18:15:00,6024.9
2019-08-24 18:30:00,6002.0
2019-08-24 18:45:00,5971.1
2019-08-24 19:00:00,5947.4
2019-08-24 19:15:00,5935.9
2019-08-24 19:30:00,5961.7
2019-08-24 19:45:00,5965.6
2019-08-24 20:00:00,5956.8
2019-08-24 20:15:00,5922.2
2019-08-24 20:30:00,5909.5
2019-08-24 20:45:00,5872.7
2019-08-24 21:00:00,5846.9
2019-08-24 21:15:00,5804.2
2019-08-24 21:30:00,5769.6
2019-08-24 21:45:00,5731.1
2019-08-24 22:00:00,5679.3
2019-08-24 22:15:00,5654.8
2019-08-24 22:30:00,5631.3
2019-08-24 22:45:00,5584.8
2019-08-24 23:00:00,5526.9
2019-08-24 23:15:00,5493.0
2019-08-24 23:30:00,5470.5
2019-08-24 23:45:00,5454.2
2019-08-25 00:00:00,5422.7
2019-08-25 00:15:00,5384.1
2019-08-25 00:30:00,5372.2
2019-08-25 00:45:00,5362.3
2019-08-25 01:00:00,5347.4
2019-08-25 01:15:00,5329.7
2019-08-25 01:30:00,5313.4
2019-08-25 01:45:00,5309.7
2019-08-25 02:00:00,5305.3
2019-08-25 02:15:00,5296.7
2019-08-25 02:30:00,5297.1
2019-08-25 02:45:00,5292.5
2019-08-25 03:00:00,5286.3
2019-08-25 03:15:00,5287.9
2019-08-25 03:30:00,5279.3
2019-08-25 03:45:00,5272.7
2019-08-25 04:00:00,5290.7
2019-08-25 04:15:00,5290.3
2019-08-25 04:30:00,5293.2
2019-08-25 04:45:00,5284.1
2019-08-25 05:00:00,5322.7
2019-08-25 05:15:00,5299.8
2019-08-25 05:30:00,5310.8
2019-08-25 05:45:00,5323.3
2019-08-25 06:00:00,5368.7
2019-08-25 06:15:00,5405.5
2019-08-25 06:30:00,5447.6
2019-08-25 06:45:00,5485.0
2019-08-25 07:00:00,5532.2
2019-08-25 07:15:00,5579.7
2019-08-25 07:30:00,5624.2
2019-08-25 07:45:00,5653.1
2019-08-25 08:00:00,5697.8
2019-08-25 08:15:00,5747.6
2019-08-25 08:30:00,5779.1
2019-08-25 08:45:00,5824.4
2019-08-25 09:00:00,5841.0
2019-08-25 09:15:00,5874.0
2019-08-25 09:30:00,5896.5
2019-08-25 09:45:00,5925.8
2019-08-25 10:00:00,5951.5
2019-08-25 10:15:00,5974.0
2019-08-25 10:30:00,5990.3
2019-08-25 10:45:00,6013.4
2019-08-25 11:00:00,6009.9
2019-08-25 11:15:00,6000.2
2019-08-25 11:30:00,5982.4
2019-08-25 11:45:00,5963.0
2019-08-25 12:00:00,5950.7
2019-08-25 12:15:00,5935.7
2019-08-25 12:30:00,5915.9
2019-08-25 12:45:00,5894.1
2019-08-25 13:00:00,5881.5
2019-08-25 13:15:00,5871.1
2019-08-25 13:30:00,5862.6
2019-08-25 13:45:00,5844.1
2019-08-25 14:00:00,5842.7
2019-08-25 14:15:00,5836.1
2019-08-25 14:30:00,5825.3
2019-08-25 14:45:00,5817.6
2019-08-25 15:00:00,5816.5
2019-08-25 15:15:00,5803.3
2019-08-25 15:30:00,5811.0
2019-08-25 15:45:00,5820.0
2019-08-25 16:00:00,5854.8
2019-08-25 16:15:00,5865.9
2019-08-25 16:30:00,5886.8
2019-08-25 16:45:00,5913.9
2019-08-25 17:00:00,5926.0
2019-08-25 17:15:00,5939.2
2019-08-25 17:30:00,5937.2
2019-08-25 17:45:00,5956.8
2019-08-25 18:00:00,5961.9
2019-08-25 18:15:00,5946.7
2019-08-25 18:30:00,5952.2
2019-08-25 18:45:00,5965.0
2019-08-25 19:00:00,5970.0
2019-08-25 19:15:00,5985.0
2019-08-25 19:30:00,6006.6
2019-08-25 19:45:00,6023.3
2019-08-25 20:00:00,6023.6
2019-08-25 20:15:00,5996.5
2019-08-25 20:30:00,5961.7
2019-08-25 20:45:00,5952.9
2019-08-25 21:00:00,5922.7
2019-08-25 21:15:00,5893.6
2019-08-25 21:30:00,5849.3
2019-08-25 21:45:00,5809.3
2019-08-25 22:00:00,5748.5
2019-08-25 22:15:00,5705.9
2019-08-25 22:30:00,5673.1
2019-08-25 22:45:00,5638.8
2019-08-25 23:00:00,5610.8
2019-08-25 23:15:00,5585.2
2019-08-25 23:30:00,5548.7
2019-08-25 23:45:00,5530.6
2019-08-26 00:00:00,5518.1
2019-08-26 00:15:00,5501.8
2019-08-26 00:30:00,5482.2
2019-08-26 00:45:00,5470.3
2019-08-26 01:00:00,5455.1
2019-08-26 01:15:00,5443.2
2019-08-26 01:30:00,5452.0
2019-08-26 01:45:00,5446.7
2019-08-26 02:00:00,5435.2
2019-08-26 02:15:00,5443.8
2019-08-26 02:30:00,5444.3
2019-08-26 02:45:00,5458.6
2019-08-26 03:00:00,5484.1
2019-08-26 03:15:00,5504.4
2019-08-26 03:30:00,5536.8
2019-08-26 03:45:00,5572.7
2019-08-26 04:00:00,5666.3
2019-08-26 04:15:00,5715.6
2019-08-26 04:30:00,5780.6
2019-08-26 04:45:00,5879.5
2019-08-26 05:00:00,6066.7
2019-08-26 05:15:00,6176.2
2019-08-26 05:30:00,6256.2
2019-08-26 05:45:00,6330.6
2019-08-26 06:00:00,6434.6
2019-08-26 06:15:00,6498.9
2019-08-26 06:30:00,6563.0
2019-08-26 06:45:00,6627.1
2019-08-26 07:00:00,6675.6
2019-08-26 07:15:00,6720.0
2019-08-26 07:30:00,6746.0
2019-08-26 07:45:00,6772.0
2019-08-26 08:00:00,6793.0
2019-08-26 08:15:00,6820.5
2019-08-26 08:30:00,6859.0
2019-08-26 08:45:00,6873.8
2019-08-26 09:00:00,6893.8
2019-08-26 09:15:00,6913.9
2019-08-26 09:30:00,6942.5
2019-08-26 09:45:00,6968.9
2019-08-26 10:00:00,6991.2
2019-08-26 10:15:00,7021.6
2019-08-26 10:30:00,7037.2
2019-08-26 10:45:00,7040.5
2019-08-26 11:00:00,7011.9
2019-08-26 11:15:00,7002.0
2019-08-26 11:30:00,7001.5
2019-08-26 11:45:00,7011.7
2019-08-26 12:00:00,7019.4
2019-08-26 12:15:00,7009.9
2019-08-26 12:30:00,7010.1
2019-08-26 12:45:00,6971.1
2019-08-26 13:00:00,6950.9
2019-08-26 13:15:00,6947.6
2019-08-26 13:30:00,6935.0
2019-08-26 13:45:00,6912.3
2019-08-26 14:00:00,6910.6
2019-08-26 14:15:00,6904.0
2019-08-26 14:30:00,6890.3
2019-08-26 14:45:00,6861.9
2019-08-26 15:00:00,6842.5
2019-08-26 15:15:00,6818.7
2019-08-26 15:30:00,6798.2
2019-08-26 15:45:00,6793.4
2019-08-26 16:00:00,6791.9
2019-08-26 16:15:00,6795.6
2019-08-26 16:30:00,6805.1
2019-08-26 16:45:00,6807.9
2019-08-26 17:00:00,6776.0
2019-08-26 17:15:00,6750.2
2019-08-26 17:30:00,6759.7
2019-08-26 17:45:00,6747.6
2019-08-26 18:00:00,6718.1
2019-08-26 18:15:00,6677.8
2019-08-26 18:30:00,6670.5
2019-08-26 18:45:00,6650.9
2019-08-26 19:00:00,6646.5
2019-08-26 19:15:00,6621.8
2019-08-26 19:30:00,6630.4
2019-08-26 19:45:00,6620.0
2019-08-26 20:00:00,6577.5
2019-08-26 20:15:00,6534.1
2019-08-26 20:30:00,6449.6
2019-08-26 20:45:00,6401.1
2019-08-26 21:00:00,6338.3
2019-08-26 21:15:00,6282.2
2019-08-26 21:30:00,6222.7
2019-08-26 21:45:00,6170.5
2019-08-26 22:00:00,6094.3
2019-08-26 22:15:00,6053.5
2019-08-26 22:30:00,6007.0
2019-08-26 22:45:00,5968.7
2019-08-26 23:00:00,5913.0
2019-08-26 23:15:00,5886.1
2019-08-26 23:30:00,5857.5
2019-08-26 23:45:00,5822.9
2019-08-27 00:00:00,5780.8
2019-08-27 00:15:00,5787.0
2019-08-27 00:30:00,5754.8
2019-08-27 00:45:00,5755.1
2019-08-27 01:00:00,5738.5
2019-08-27 01:15:00,5737.7
2019-08-27 01:30:00,5731.9
2019-08-27 01:45:00,5738.3
2019-08-27 02:00:00,5746.5
2019-08-27 02:15:00,5750.2
2019-08-27 02:30:00,5744.9
2019-08-27 02:45:00,5743.4
2019-08-27 03:00:00,5773.1
2019-08-27 03:15:00,5777.1
2019-08-27 03:30:00,5800.0
2019-08-27 03:45:00,5835.0
2019-08-27 04:00:00,5913.0
2019-08-27 04:15:00,5964.3
2019-08-27 04:30:00,6036.1
2019-08-27 04:45:00,6107.3
2019-08-27 05:00:00,6273.1
2019-08-27 05:15:00,6349.6
2019-08-27 05:30:00,6410.8
2019-08-27 05:45:00,6475.1
2019-08-27 06:00:00,6567.6
2019-08-27 06:15:00,6633.7
2019-08-27 06:30:00,6691.2
2019-08-27 06:45:00,6731.3
2019-08-27 07:00:00,6789.4
2019-08-27 07:15:00,6826.0
2019-08-27 07:30:00,6850.4
2019-08-27 07:45:00,6877.5
2019-08-27 08:00:00,6857.3
2019-08-27 08:15:00,6883.9
2019-08-27 08:30:00,6937.4
2019-08-27 08:45:00,6963.2
2019-08-27 09:00:00,6982.4
2019-08-27 09:15:00,6994.3
2019-08-27 09:30:00,7017.0
2019-08-27 09:45:00,7038.8
2019-08-27 10:00:00,7058.1
2019-08-27 10:15:00,7096.3
2019-08-27 10:30:00,7117.2
2019-08-27 10:45:00,7131.5
2019-08-27 11:00:00,7085.9
2019-08-27 11:15:00,7081.9
2019-08-27 11:30:00,7094.3
2019-08-27 11:45:00,7092.3
2019-08-27 12:00:00,7088.3
2019-08-27 12:15:00,7083.5
2019-08-27 12:30:00,7075.8
2019-08-27 12:45:00,7048.9
2019-08-27 13:00:00,7017.4
2019-08-27 13:15:00,7012.6
2019-08-27 13:30:00,6994.9
2019-08-27 13:45:00,6991.9
2019-08-27 14:00:00,7004.6
2019-08-27 14:15:00,6964.1
2019-08-27 14:30:00,6958.4
2019-08-27 14:45:00,6948.2
2019-08-27 15:00:00,6938.8
2019-08-27 15:15:00,6906.4
2019-08-27 15:30:00,6905.1
2019-08-27 15:45:00,6887.2
2019-08-27 16:00:00,6881.7
2019-08-27 16:15:00,6874.9
2019-08-27 16:30:00,6885.2
2019-08-27 16:45:00,6886.3
2019-08-27 17:00:00,6879.1
2019-08-27 17:15:00,6855.3
2019-08-27 17:30:00,6836.6
2019-08-27 17:45:00,6842.7
2019-08-27 18:00:00,6841.9
2019-08-27 18:15:00,6817.2
2019-08-27 18:30:00,6811.2
2019-08-27 18:45:00,6803.5
2019-08-27 19:00:00,6745.4
2019-08-27 19:15:00,6723.3
2019-08-27 19:30:00,6734.8
2019-08-27 19:45:00,6716.1
2019-08-27 20:00:00,6655.7
2019-08-27 20:15:00,6598.0
2019-08-27 20:30:00,6532.6
2019-08-27 20:45:00,6451.3
2019-08-27 21:00:00,6387.0
2019-08-27 21:15:00,6329.3
2019-08-27 21:30:00,6243.4
2019-08-27 21:45:00,6199.8
2019-08-27 22:00:00,6136.8
2019-08-27 22:15:00,6097.4
2019-08-27 22:30:00,6048.0
2019-08-27 22:45:00,6004.2
2019-08-27 23:00:00,5948.5
2019-08-27 23:15:00,5921.8
2019-08-27 23:30:00,5886.6
2019-08-27 23:45:00,5862.6
2019-08-28 00:00:00,5859.0
2019-08-28 00:15:00,5844.9
2019-08-28 00:30:00,5825.8
2019-08-28 00:45:00,5808.8
2019-08-28 01:00:00,5789.9
2019-08-28 01:15:00,5788.1
2019-08-28 01:30:00,5789.2
2019-08-28 01:45:00,5787.2
2019-08-28 02:00:00,5784.8
2019-08-28 02:15:00,5788.8
2019-08-28 02:30:00,5789.2
2019-08-28 02:45:00,5787.4
2019-08-28 03:00:00,5824.2
2019-08-28 03:15:00,5839.0
2019-08-28 03:30:00,5850.0
2019-08-28 03:45:00,5865.9
2019-08-28 04:00:00,5943.0
2019-08-28 04:15:00,5993.4
2019-08-28 04:30:00,6052.9
2019-08-28 04:45:00,6142.1
2019-08-28 05:00:00,6318.5
2019-08-28 05:15:00,6406.8
2019-08-28 05:30:00,6473.8
2019-08-28 05:45:00,6540.1
2019-08-28 06:00:00,6635.5
2019-08-28 06:15:00,6686.3
2019-08-28 06:30:00,6737.9
2019-08-28 06:45:00,6787.0
2019-08-28 07:00:00,6834.1
2019-08-28 07:15:00,6861.7
2019-08-28 07:30:00,6873.3
2019-08-28 07:45:00,6901.5
2019-08-28 08:00:00,6883.5
2019-08-28 08:15:00,6922.5
2019-08-28 08:30:00,6948.9
2019-08-28 08:45:00,6979.3
2019-08-28 09:00:00,6991.0
2019-08-28 09:15:00,7013.2
2019-08-28 09:30:00,7038.5
2019-08-28 09:45:00,7064.3
2019-08-28 10:00:00,7078.4
2019-08-28 10:15:00,7093.2
2019-08-28 10:30:00,7109.3
2019-08-28 10:45:00,7104.4
2019-08-28 11:00:00,7097.8
2019-08-28 11:15:00,7098.7
2019-08-28 11:30:00,7089.9
2019-08-28 11:45:00,7102.4
2019-08-28 12:00:00,7087.4
2019-08-28 12:15:00,7068.7
2019-08-28 12:30:00,7061.0
2019-08-28 12:45:00,7037.7
2019-08-28 13:00:00,7041.2
2019-08-28 13:15:00,7033.9
2019-08-28 13:30:00,7014.1
2019-08-28 13:45:00,7010.6
2019-08-28 14:00:00,6990.7
2019-08-28 14:15:00,6963.4
2019-08-28 14:30:00,6922.0
2019-08-28 14:45:00,6900.0
2019-08-28 15:00:00,6904.6
2019-08-28 15:15:00,6879.1
2019-08-28 15:30:00,6850.2
2019-08-28 15:45:00,6831.7
2019-08-28 16:00:00,6840.7
2019-08-28 16:15:00,6835.2
2019-08-28 16:30:00,6834.8
2019-08-28 16:45:00,6843.2
2019-08-28 17:00:00,6834.8
2019-08-28 17:15:00,6837.2
2019-08-28 17:30:00,6854.0
2019-08-28 17:45:00,6844.3
2019-08-28 18:00:00,6824.7
2019-08-28 18:15:00,6790.3
2019-08-28 18:30:00,6786.3
2019-08-28 18:45:00,6781.1
2019-08-28 19:00:00,6767.6
2019-08-28 19:15:00,6758.6
2019-08-28 19:30:00,6767.2
2019-08-28 19:45:00,6761.2
2019-08-28 20:00:00,6691.2
2019-08-28 20:15:00,6620.0
2019-08-28 20:30:00,6552.6
2019-08-28 20:45:00,6487.2
2019-08-28 21:00:00,6406.6
2019-08-28 21:15:00,6346.7
2019-08-28 21:30:00,6277.8
2019-08-28 21:45:00,6213.4
2019-08-28 22:00:00,6155.1
2019-08-28 22:15:00,6098.9
2019-08-28 22:30:00,6051.3
2019-08-28 22:45:00,6012.1
2019-08-28 23:00:00,5934.6
2019-08-28 23:15:00,5913.0
2019-08-28 23:30:00,5888.5
2019-08-28 23:45:00,5859.7
2019-08-29 00:00:00,5846.9
2019-08-29 00:15:00,5830.4
2019-08-29 00:30:00,5821.4
2019-08-29 00:45:00,5797.8
2019-08-29 01:00:00,5775.3
2019-08-29 01:15:00,5779.5
2019-08-29 01:30:00,5767.2
2019-08-29 01:45:00,5756.4
2019-08-29 02:00:00,5769.4
2019-08-29 02:15:00,5777.3
2019-08-29 02:30:00,5762.1
2019-08-29 02:45:00,5777.1
2019-08-29 03:00:00,5803.1
2019-08-29 03:15:00,5809.7
2019-08-29 03:30:00,5819.4
2019-08-29 03:45:00,5834.4
2019-08-29 04:00:00,5915.4
2019-08-29 04:15:00,5963.7
2019-08-29 04:30:00,6009.5
2019-08-29 04:45:00,6102.2
2019-08-29 05:00:00,6270.9
2019-08-29 05:15:00,6375.6
2019-08-29 05:30:00,6455.7
2019-08-29 05:45:00,6508.8
2019-08-29 06:00:00,6612.3
2019-08-29 06:15:00,6665.2
2019-08-29 06:30:00,6722.5
2019-08-29 06:45:00,6763.0
2019-08-29 07:00:00,6819.2
2019-08-29 07:15:00,6855.1
2019-08-29 07:30:00,6872.9
2019-08-29 07:45:00,6884.4
2019-08-29 08:00:00,6875.1
2019-08-29 08:15:00,6896.9
2019-08-29 08:30:00,6929.7
2019-08-29 08:45:00,6947.6
2019-08-29 09:00:00,6963.9
2019-08-29 09:15:00,6985.2
2019-08-29 09:30:00,7003.5
2019-08-29 09:45:00,7029.5
2019-08-29 10:00:00,7040.5
2019-08-29 10:15:00,7048.9
2019-08-29 10:30:00,7056.4
2019-08-29 10:45:00,7052.2
2019-08-29 11:00:00,7021.6
2019-08-29 11:15:00,7011.9
2019-08-29 11:30:00,7021.6
2019-08-29 11:45:00,7024.9
2019-08-29 12:00:00,7026.2
2019-08-29 12:15:00,7005.1
2019-08-29 12:30:00,6972.2
2019-08-29 12:45:00,6950.4
2019-08-29 13:00:00,6937.0
2019-08-29 13:15:00,6935.9
2019-08-29 13:30:00,6920.3
2019-08-29 13:45:00,6904.0
2019-08-29 14:00:00,6888.1
2019-08-29 14:15:00,6864.1
2019-08-29 14:30:00,6852.9
2019-08-29 14:45:00,6831.9
2019-08-29 15:00:00,6829.1
2019-08-29 15:15:00,6801.8
2019-08-29 15:30:00,6785.7
2019-08-29 15:45:00,6771.1
2019-08-29 16:00:00,6779.3
2019-08-29 16:15:00,6778.6
2019-08-29 16:30:00,6772.7
2019-08-29 16:45:00,6757.3
2019-08-29 17:00:00,6756.6
2019-08-29 17:15:00,6729.7
2019-08-29 17:30:00,6730.4
2019-08-29 17:45:00,6735.0
2019-08-29 18:00:00,6708.6
2019-08-29 18:15:00,6681.3
2019-08-29 18:30:00,6672.0
2019-08-29 18:45:00,6659.0
2019-08-29 19:00:00,6646.5
2019-08-29 19:15:00,6639.9
2019-08-29 19:30:00,6664.5
2019-08-29 19:45:00,6647.8
2019-08-29 20:00:00,6580.0
2019-08-29 20:15:00,6524.9
2019-08-29 20:30:00,6462.8
2019-08-29 20:45:00,6392.5
2019-08-29 21:00:00,6331.1
2019-08-29 21:15:00,6270.7
2019-08-29 21:30:00,6204.2
2019-08-29 21:45:00,6154.0
2019-08-29 22:00:00,6072.7
2019-08-29 22:15:00,6020.7
2019-08-29 22:30:00,5982.2
2019-08-29 22:45:00,5957.5
2019-08-29 23:00:00,5881.1
2019-08-29 23:15:00,5852.0
2019-08-29 23:30:00,5837.0
2019-08-29 23:45:00,5810.4
2019-08-30 00:00:00,5784.8
2019-08-30 00:15:00,5752.4
2019-08-30 00:30:00,5742.3
2019-08-30 00:45:00,5723.6
2019-08-30 01:00:00,5702.0
2019-08-30 01:15:00,5682.4
2019-08-30 01:30:00,5693.8
2019-08-30 01:45:00,5691.4
2019-08-30 02:00:00,5692.1
2019-08-30 02:15:00,5696.7
2019-08-30 02:30:00,5698.9
2019-08-30 02:45:00,5705.9
2019-08-30 03:00:00,5718.7
2019-08-30 03:15:00,5739.0
2019-08-30 03:30:00,5749.8
2019-08-30 03:45:00,5784.4
2019-08-30 04:00:00,5859.9
2019-08-30 04:15:00,5900.4
2019-08-30 04:30:00,5959.3
2019-08-30 04:45:00,6029.3
2019-08-30 05:00:00,6202.0
2019-08-30 05:15:00,6315.4
2019-08-30 05:30:00,6396.7
2019-08-30 05:45:00,6466.3
2019-08-30 06:00:00,6546.9
2019-08-30 06:15:00,6619.6
2019-08-30 06:30:00,6672.9
2019-08-30 06:45:00,6719.4
2019-08-30 07:00:00,6785.5
2019-08-30 07:15:00,6818.9
2019-08-30 07:30:00,6844.1
2019-08-30 07:45:00,6864.8
2019-08-30 08:00:00,6839.9
2019-08-30 08:15:00,6855.1
2019-08-30 08:30:00,6885.9
2019-08-30 08:45:00,6913.4
2019-08-30 09:00:00,6907.7
2019-08-30 09:15:00,6903.1
2019-08-30 09:30:00,6933.9
2019-08-30 09:45:00,6952.6
2019-08-30 10:00:00,6965.2
2019-08-30 10:15:00,6976.4
2019-08-30 10:30:00,6988.5
2019-08-30 10:45:00,6989.6
2019-08-30 11:00:00,6944.5
2019-08-30 11:15:00,6927.1
2019-08-30 11:30:00,6925.8
2019-08-30 11:45:00,6935.2
2019-08-30 12:00:00,6924.7
2019-08-30 12:15:00,6890.1
2019-08-30 12:30:00,6873.1
2019-08-30 12:45:00,6831.1
2019-08-30 13:00:00,6826.9
2019-08-30 13:15:00,6820.3
2019-08-30 13:30:00,6798.2
2019-08-30 13:45:00,6788.3
2019-08-30 14:00:00,6776.4
2019-08-30 14:15:00,6757.9
2019-08-30 14:30:00,6735.7
2019-08-30 14:45:00,6713.4
2019-08-30 15:00:00,6722.5
2019-08-30 15:15:00,6708.4
2019-08-30 15:30:00,6687.4
2019-08-30 15:45:00,6672.9
2019-08-30 16:00:00,6675.8
2019-08-30 16:15:00,6664.5
2019-08-30 16:30:00,6647.8
2019-08-30 16:45:00,6645.4
2019-08-30 17:00:00,6635.5
2019-08-30 17:15:00,6618.9
2019-08-30 17:30:00,6605.7
2019-08-30 17:45:00,6600.0
2019-08-30 18:00:00,6586.3
2019-08-30 18:15:00,6558.6
2019-08-30 18:30:00,6544.7
2019-08-30 18:45:00,6533.7
2019-08-30 19:00:00,6500.9
2019-08-30 19:15:00,6500.9
2019-08-30 19:30:00,6493.8
2019-08-30 19:45:00,6485.7
2019-08-30 20:00:00,6428.2
2019-08-30 20:15:00,6377.5
2019-08-30 20:30:00,6307.9
2019-08-30 20:45:00,6248.0
2019-08-30 21:00:00,6161.0
2019-08-30 21:15:00,6113.2
2019-08-30 21:30:00,6065.6
2019-08-30 21:45:00,6016.3
2019-08-30 22:00:00,5947.8
2019-08-30 22:15:00,5915.0
2019-08-30 22:30:00,5865.4
2019-08-30 22:45:00,5831.3
2019-08-30 23:00:00,5740.5
2019-08-30 23:15:00,5715.0
2019-08-30 23:30:00,5702.9
2019-08-30 23:45:00,5674.0
2019-08-31 00:00:00,5634.8
2019-08-31 00:15:00,5617.2
2019-08-31 00:30:00,5582.4
2019-08-31 00:45:00,5562.8
2019-08-31 01:00:00,5543.0
2019-08-31 01:15:00,5514.1
2019-08-31 01:30:00,5506.4
2019-08-31 01:45:00,5499.8
2019-08-31 02:00:00,5500.9
2019-08-31 02:15:00,5488.3
2019-08-31 02:30:00,5478.9
2019-08-31 02:45:00,5469.4
2019-08-31 03:00:00,5472.9
2019-08-31 03:15:00,5474.0
2019-08-31 03:30:00,5469.8
2019-08-31 03:45:00,5480.6
2019-08-31 04:00:00,5514.3
2019-08-31 04:15:00,5520.0
2019-08-31 04:30:00,5522.5
2019-08-31 04:45:00,5557.3
2019-08-31 05:00:00,5605.5
2019-08-31 05:15:00,5620.9
2019-08-31 05:30:00,5625.8
2019-08-31 05:45:00,5645.4
2019-08-31 06:00:00,5715.9
2019-08-31 06:15:00,5749.3
2019-08-31 06:30:00,5796.0
2019-08-31 06:45:00,5861.7
2019-08-31 07:00:00,5922.0
2019-08-31 07:15:00,5983.5
2019-08-31 07:30:00,6014.1
2019-08-31 07:45:00,6066.7
2019-08-31 08:00:00,6108.6
2019-08-31 08:15:00,6148.9
2019-08-31 08:30:00,6196.5
2019-08-31 08:45:00,6223.6
2019-08-31 09:00:00,6230.6
2019-08-31 09:15:00,6249.1
2019-08-31 09:30:00,6280.2
2019-08-31 09:45:00,6278.4
2019-08-31 10:00:00,6286.1
2019-08-31 10:15:00,6312.8
2019-08-31 10:30:00,6326.7
2019-08-31 10:45:00,6330.8
2019-08-31 11:00:00,6328.2
2019-08-31 11:15:00,6324.4
2019-08-31 11:30:00,6314.8
2019-08-31 11:45:00,6284.6
2019-08-31 12:00:00,6279.1
2019-08-31 12:15:00,6271.4
2019-08-31 12:30:00,6277.3
2019-08-31 12:45:00,6246.0
2019-08-31 13:00:00,6255.3
2019-08-31 13:15:00,6241.9
2019-08-31 13:30:00,6210.1
2019-08-31 13:45:00,6209.5
2019-08-31 14:00:00,6200.9
2019-08-31 14:15:00,6190.5
2019-08-31 14:30:00,6181.5
2019-08-31 14:45:00,6154.4
2019-08-31 15:00:00,6157.3
2019-08-31 15:15:00,6154.8
2019-08-31 15:30:00,6111.0
2019-08-31 15:45:00,6115.6
2019-08-31 16:00:00,6125.1
2019-08-31 16:15:00,6144.5
2019-08-31 16:30:00,6137.7
2019-08-31 16:45:00,6131.3
2019-08-31 17:00:00,6155.9
2019-08-31 17:15:00,6137.4
2019-08-31 17:30:00,6124.7
2019-08-31 17:45:00,6111.0
2019-08-31 18:00:00,6105.5
2019-08-31 18:15:00,6083.3
2019-08-31 18:30:00,6079.1
2019-08-31 18:45:00,6069.2
2019-08-31 19:00:00,6063.9
2019-08-31 19:15:00,6071.4
2019-08-31 19:30:00,6057.7
2019-08-31 19:45:00,6055.7
2019-08-31 20:00:00,6020.9
2019-08-31 20:15:00,5974.7
2019-08-31 20:30:00,5953.1
2019-08-31 20:45:00,5935.0
2019-08-31 21:00:00,5910.6
2019-08-31 21:15:00,5885.5
2019-08-31 21:30:00,5860.8
2019-08-31 21:45:00,5852.6
2019-08-31 22:00:00,5819.8
2019-08-31 22:15:00,5785.9
2019-08-31 22:30:00,5774.7
2019-08-31 22:45:00,5752.0
2019-08-31 23:00:00,5700.9
2019-08-31 23:15:00,5676.7
2019-08-31 23:30:00,5641.2
2019-08-31 23:45:00,5621.4
2019-09-01 00:00:00,5570.5
2019-09-01 00:15:00,5539.6
2019-09-01 00:30:00,5517.0
2019-09-01 00:45:00,5484.6
2019-09-01 01:00:00,5452.4
2019-09-01 01:15:00,5427.5
2019-09-01 01:30:00,5405.5
2019-09-01 01:45:00,5415.9
2019-09-01 02:00:00,5394.7
2019-09-01 02:15:00,5395.8
2019-09-01 02:30:00,5377.1
2019-09-01 02:45:00,5366.3
2019-09-01 03:00:00,5373.3
2019-09-01 03:15:00,5370.9
2019-09-01 03:30:00,5380.4
2019-09-01 03:45:00,5375.1
2019-09-01 04:00:00,5380.0
2019-09-01 04:15:00,5379.3
2019-09-01 04:30:00,5385.5
2019-09-01 04:45:00,5381.9
2019-09-01 05:00:00,5415.4
2019-09-01 05:15:00,5414.8
2019-09-01 05:30:00,5427.8
2019-09-01 05:45:00,5417.0
2019-09-01 06:00:00,5452.0
2019-09-01 06:15:00,5478.9
2019-09-01 06:30:00,5515.4
2019-09-01 06:45:00,5522.5
2019-09-01 07:00:00,5574.7
2019-09-01 07:15:00,5618.5
2019-09-01 07:30:00,5676.7
2019-09-01 07:45:00,5715.0
2019-09-01 08:00:00,5750.4
2019-09-01 08:15:00,5772.2
2019-09-01 08:30:00,5831.5
2019-09-01 08:45:00,5869.4
2019-09-01 09:00:00,5884.1
2019-09-01 09:15:00,5915.2
2019-09-01 09:30:00,5925.8
2019-09-01 09:45:00,5964.3
2019-09-01 10:00:00,5982.8
2019-09-01 10:15:00,6007.3
2019-09-01 10:30:00,6044.1
2019-09-01 10:45:00,6076.0
2019-09-01 11:00:00,6057.7
2019-09-01 11:15:00,6037.7
2019-09-01 11:30:00,6031.7
2019-09-01 11:45:00,6021.6
2019-09-01 12:00:00,6011.0
2019-09-01 12:15:00,5993.0
2019-09-01 12:30:00,5994.5
2019-09-01 12:45:00,5967.0
2019-09-01 13:00:00,5945.4
2019-09-01 13:15:00,5924.2
2019-09-01 13:30:00,5910.4
2019-09-01 13:45:00,5879.7
2019-09-01 14:00:00,5864.1
2019-09-01 14:15:00,5846.3
2019-09-01 14:30:00,5815.2
2019-09-01 14:45:00,5802.6
2019-09-01 15:00:00,5844.7
2019-09-01 15:15:00,5849.6
2019-09-01 15:30:00,5834.6
2019-09-01 15:45:00,5842.3
2019-09-01 16:00:00,5868.3
2019-09-01 16:15:00,5893.2
2019-09-01 16:30:00,5894.7
2019-09-01 16:45:00,5930.8
2019-09-01 17:00:00,5934.6
2019-09-01 17:15:00,5953.1
2019-09-01 17:30:00,5955.3
2019-09-01 17:45:00,5942.1
2019-09-01 18:00:00,5924.7
2019-09-01 18:15:00,5924.9
2019-09-01 18:30:00,5950.2
2019-09-01 18:45:00,5937.9
2019-09-01 19:00:00,5961.0
2019-09-01 19:15:00,5984.4
2019-09-01 19:30:00,5972.5
2019-09-01 19:45:00,5946.5
2019-09-01 20:00:00,5905.9
2019-09-01 20:15:00,5875.6
2019-09-01 20:30:00,5850.7
2019-09-01 20:45:00,5817.0
2019-09-01 21:00:00,5821.8
2019-09-01 21:15:00,5779.3
2019-09-01 21:30:00,5741.0
2019-09-01 21:45:00,5704.8
2019-09-01 22:00:00,5649.6
2019-09-01 22:15:00,5622.9
2019-09-01 22:30:00,5585.2
2019-09-01 22:45:00,5553.7
2019-09-01 23:00:00,5524.4
2019-09-01 23:15:00,5497.4
2019-09-01 23:30:00,5488.8
2019-09-01 23:45:00,5478.9
2019-09-02 00:00:00,5471.8
2019-09-02 00:15:00,5447.6
2019-09-02 00:30:00,5425.8
2019-09-02 00:45:00,5422.0
2019-09-02 01:00:00,5421.1
2019-09-02 01:15:00,5418.1
2019-09-02 01:30:00,5423.1
2019-09-02 01:45:00,5422.2
2019-09-02 02:00:00,5430.2
2019-09-02 02:15:00,5425.8
2019-09-02 02:30:00,5432.6
2019-09-02 02:45:00,5457.5
2019-09-02 03:00:00,5507.9
2019-09-02 03:15:00,5529.1
2019-09-02 03:30:00,5555.1
2019-09-02 03:45:00,5577.1
2019-09-02 04:00:00,5636.3
2019-09-02 04:15:00,5703.1
2019-09-02 04:30:00,5784.1
2019-09-02 04:45:00,5892.7
2019-09-02 05:00:00,6087.2
2019-09-02 05:15:00,6186.1
2019-09-02 05:30:00,6249.6
2019-09-02 05:45:00,6309.7
2019-09-02 06:00:00,6415.0
2019-09-02 06:15:00,6467.2
2019-09-02 06:30:00,6514.3
2019-09-02 06:45:00,6567.8
2019-09-02 07:00:00,6598.9
2019-09-02 07:15:00,6614.8
2019-09-02 07:30:00,6651.8
2019-09-02 07:45:00,6680.2
2019-09-02 08:00:00,6667.2
2019-09-02 08:15:00,6681.7
2019-09-02 08:30:00,6718.7
2019-09-02 08:45:00,6736.8
2019-09-02 09:00:00,6747.1
2019-09-02 09:15:00,6764.3
2019-09-02 09:30:00,6790.3
2019-09-02 09:45:00,6825.8
2019-09-02 10:00:00,6854.6
2019-09-02 10:15:00,6881.9
2019-09-02 10:30:00,6896.7
2019-09-02 10:45:00,6950.0
2019-09-02 11:00:00,6904.8
2019-09-02 11:15:00,6885.9
2019-09-02 11:30:00,6900.9
2019-09-02 11:45:00,6879.7
2019-09-02 12:00:00,6889.9
2019-09-02 12:15:00,6898.5
2019-09-02 12:30:00,6884.8
2019-09-02 12:45:00,6854.4
2019-09-02 13:00:00,6836.6
2019-09-02 13:15:00,6825.6
2019-09-02 13:30:00,6821.8
2019-09-02 13:45:00,6789.4
2019-09-02 14:00:00,6772.0
2019-09-02 14:15:00,6744.3
2019-09-02 14:30:00,6713.0
2019-09-02 14:45:00,6707.7
2019-09-02 15:00:00,6688.1
2019-09-02 15:15:00,6678.4
2019-09-02 15:30:00,6658.8
2019-09-02 15:45:00,6634.8
2019-09-02 16:00:00,6642.7
2019-09-02 16:15:00,6632.8
2019-09-02 16:30:00,6623.6
2019-09-02 16:45:00,6634.1
2019-09-02 17:00:00,6631.5
2019-09-02 17:15:00,6614.5
2019-09-02 17:30:00,6613.4
2019-09-02 17:45:00,6637.2
2019-09-02 18:00:00,6641.0
2019-09-02 18:15:00,6618.7
2019-09-02 18:30:00,6617.4
2019-09-02 18:45:00,6599.3
2019-09-02 19:00:00,6602.4
2019-09-02 19:15:00,6599.3
2019-09-02 19:30:00,6608.6
2019-09-02 19:45:00,6562.1
2019-09-02 20:00:00,6509.9
2019-09-02 20:15:00,6444.7
2019-09-02 20:30:00,6394.3
2019-09-02 20:45:00,6318.3
2019-09-02 21:00:00,6236.3
2019-09-02 21:15:00,6175.6
2019-09-02 21:30:00,6112.1
2019-09-02 21:45:00,6067.2
2019-09-02 22:00:00,5981.1
2019-09-02 22:15:00,5927.5
2019-09-02 22:30:00,5908.1
2019-09-02 22:45:00,5870.5
2019-09-02 23:00:00,5788.3
2019-09-02 23:15:00,5748.5
2019-09-02 23:30:00,5721.4
2019-09-02 23:45:00,5713.9
2019-09-03 00:00:00,5693.0
2019-09-03 00:15:00,5691.2
2019-09-03 00:30:00,5673.3
2019-09-03 00:45:00,5669.8
2019-09-03 01:00:00,5671.8
2019-09-03 01:15:00,5658.8
2019-09-03 01:30:00,5656.6
2019-09-03 01:45:00,5670.3
2019-09-03 02:00:00,5674.9
2019-09-03 02:15:00,5680.8
2019-09-03 02:30:00,5678.4
2019-09-03 02:45:00,5684.4
2019-09-03 03:00:00,5702.2
2019-09-03 03:15:00,5709.3
2019-09-03 03:30:00,5752.4
2019-09-03 03:45:00,5773.6
2019-09-03 04:00:00,5857.9
2019-09-03 04:15:00,5913.0
2019-09-03 04:30:00,5981.9
2019-09-03 04:45:00,6066.3
2019-09-03 05:00:00,6264.3
2019-09-03 05:15:00,6383.0
2019-09-03 05:30:00,6442.3
2019-09-03 05:45:00,6496.3
2019-09-03 06:00:00,6584.1
2019-09-03 06:15:00,6643.8
2019-09-03 06:30:00,6699.6
2019-09-03 06:45:00,6730.8
2019-09-03 07:00:00,6750.9
2019-09-03 07:15:00,6779.7
2019-09-03 07:30:00,6794.3
2019-09-03 07:45:00,6788.3
2019-09-03 08:00:00,6740.1
2019-09-03 08:15:00,6777.1
2019-09-03 08:30:00,6812.3
2019-09-03 08:45:00,6840.7
2019-09-03 09:00:00,6841.4
2019-09-03 09:15:00,6865.6
2019-09-03 09:30:00,6914.1
2019-09-03 09:45:00,6951.8
2019-09-03 10:00:00,6956.4
2019-09-03 10:15:00,6972.0
2019-09-03 10:30:00,6987.7
2019-09-03 10:45:00,7016.1
2019-09-03 11:00:00,6986.6
2019-09-03 11:15:00,6973.8
2019-09-03 11:30:00,6992.1
2019-09-03 11:45:00,6980.4
2019-09-03 12:00:00,6981.7
2019-09-03 12:15:00,6959.5
2019-09-03 12:30:00,6939.6
2019-09-03 12:45:00,6912.1
2019-09-03 13:00:00,6905.9
2019-09-03 13:15:00,6904.8
2019-09-03 13:30:00,6883.7
2019-09-03 13:45:00,6878.2
2019-09-03 14:00:00,6874.2
2019-09-03 14:15:00,6847.6
2019-09-03 14:30:00,6812.6
2019-09-03 14:45:00,6785.5
2019-09-03 15:00:00,6772.7
2019-09-03 15:15:00,6762.8
2019-09-03 15:30:00,6727.1
2019-09-03 15:45:00,6716.7
2019-09-03 16:00:00,6726.2
2019-09-03 16:15:00,6728.9
2019-09-03 16:30:00,6718.5
2019-09-03 16:45:00,6708.4
2019-09-03 17:00:00,6700.9
2019-09-03 17:15:00,6685.5
2019-09-03 17:30:00,6677.8
2019-09-03 17:45:00,6681.9
2019-09-03 18:00:00,6660.1
2019-09-03 18:15:00,6642.5
2019-09-03 18:30:00,6621.8
2019-09-03 18:45:00,6620.9
2019-09-03 19:00:00,6624.7
2019-09-03 19:15:00,6636.1
2019-09-03 19:30:00,6625.8
2019-09-03 19:45:00,6580.6
2019-09-03 20:00:00,6511.2
2019-09-03 20:15:00,6458.4
2019-09-03 20:30:00,6394.5
2019-09-03 20:45:00,6334.8
2019-09-03 21:00:00,6259.9
2019-09-03 21:15:00,6205.7
2019-09-03 21:30:00,6144.7
2019-09-03 21:45:00,6082.8
2019-09-03 22:00:00,6027.5
2019-09-03 22:15:00,5979.1
2019-09-03 22:30:00,5934.6
2019-09-03 22:45:00,5899.3
2019-09-03 23:00:00,5836.6
2019-09-03 23:15:00,5807.7
2019-09-03 23:30:00,5771.6
2019-09-03 23:45:00,5751.1
2019-09-04 00:00:00,5728.0
2019-09-04 00:15:00,5719.6
2019-09-04 00:30:00,5704.4
2019-09-04 00:45:00,5695.6
2019-09-04 01:00:00,5661.5
2019-09-04 01:15:00,5650.9
2019-09-04 01:30:00,5650.7
2019-09-04 01:45:00,5657.9
2019-09-04 02:00:00,5659.3
2019-09-04 02:15:00,5656.2
2019-09-04 02:30:00,5663.0
2019-09-04 02:45:00,5668.7
2019-09-04 03:00:00,5688.3
2019-09-04 03:15:00,5696.0
2019-09-04 03:30:00,5726.9
2019-09-04 03:45:00,5759.5
2019-09-04 04:00:00,5845.2
2019-09-04 04:15:00,5896.0
2019-09-04 04:30:00,5949.3
2019-09-04 04:45:00,6030.2
2019-09-04 05:00:00,6216.3
2019-09-04 05:15:00,6326.9
2019-09-04 05:30:00,6386.8
2019-09-04 05:45:00,6459.9
2019-09-04 06:00:00,6548.9
2019-09-04 06:15:00,6590.3
2019-09-04 06:30:00,6633.3
2019-09-04 06:45:00,6680.6
2019-09-04 07:00:00,6726.2
2019-09-04 07:15:00,6759.3
2019-09-04 07:30:00,6768.1
2019-09-04 07:45:00,6783.9
2019-09-04 08:00:00,6772.9
2019-09-04 08:15:00,6799.1
2019-09-04 08:30:00,6837.7
2019-09-04 08:45:00,6851.1
2019-09-04 09:00:00,6854.4
2019-09-04 09:15:00,6881.3
2019-09-04 09:30:00,6918.5
2019-09-04 09:45:00,6940.5
2019-09-04 10:00:00,6948.7
2019-09-04 10:15:00,6965.4
2019-09-04 10:30:00,6978.6
2019-09-04 10:45:00,6987.0
2019-09-04 11:00:00,6953.1
2019-09-04 11:15:00,6932.6
2019-09-04 11:30:00,6943.8
2019-09-04 11:45:00,6941.9
2019-09-04 12:00:00,6924.9
2019-09-04 12:15:00,6898.5
2019-09-04 12:30:00,6892.1
2019-09-04 12:45:00,6863.0
2019-09-04 13:00:00,6851.8
2019-09-04 13:15:00,6853.1
2019-09-04 13:30:00,6847.6
2019-09-04 13:45:00,6831.1
2019-09-04 14:00:00,6827.3
2019-09-04 14:15:00,6789.4
2019-09-04 14:30:00,6770.3
2019-09-04 14:45:00,6753.7
2019-09-04 15:00:00,6733.7
2019-09-04 15:15:00,6715.0
2019-09-04 15:30:00,6693.6
2019-09-04 15:45:00,6686.8
2019-09-04 16:00:00,6702.6
2019-09-04 16:15:00,6683.5
2019-09-04 16:30:00,6692.7
2019-09-04 16:45:00,6700.0
2019-09-04 17:00:00,6690.3
2019-09-04 17:15:00,6672.9
2019-09-04 17:30:00,6676.2
2019-09-04 17:45:00,6677.5
2019-09-04 18:00:00,6676.9
2019-09-04 18:15:00,6666.3
2019-09-04 18:30:00,6656.2
2019-09-04 18:45:00,6658.1
2019-09-04 19:00:00,6650.7
2019-09-04 19:15:00,6635.9
2019-09-04 19:30:00,6618.7
2019-09-04 19:45:00,6567.8
2019-09-04 20:00:00,6514.3
2019-09-04 20:15:00,6472.7
2019-09-04 20:30:00,6415.2
2019-09-04 20:45:00,6351.8
2019-09-04 21:00:00,6271.8
2019-09-04 21:15:00,6219.6
2019-09-04 21:30:00,6147.1
2019-09-04 21:45:00,6098.7
2019-09-04 22:00:00,6034.1
2019-09-04 22:15:00,5987.4
2019-09-04 22:30:00,5974.0
2019-09-04 22:45:00,5932.6
2019-09-04 23:00:00,5904.0
2019-09-04 23:15:00,5862.3
2019-09-04 23:30:00,5829.5
2019-09-04 23:45:00,5801.1
2019-09-05 00:00:00,5777.3
2019-09-05 00:15:00,5746.9
2019-09-05 00:30:00,5749.3
2019-09-05 00:45:00,5737.0
2019-09-05 01:00:00,5732.4
2019-09-05 01:15:00,5716.1
2019-09-05 01:30:00,5724.0
2019-09-05 01:45:00,5732.4
2019-09-05 02:00:00,5731.7
2019-09-05 02:15:00,5732.6
2019-09-05 02:30:00,5744.5
2019-09-05 02:45:00,5743.6
2019-09-05 03:00:00,5769.2
2019-09-05 03:15:00,5787.7
2019-09-05 03:30:00,5807.9
2019-09-05 03:45:00,5833.0
2019-09-05 04:00:00,5917.6
2019-09-05 04:15:00,5968.3
2019-09-05 04:30:00,6019.6
2019-09-05 04:45:00,6116.5
2019-09-05 05:00:00,6293.8
2019-09-05 05:15:00,6404.4
2019-09-05 05:30:00,6462.8
2019-09-05 05:45:00,6523.8
2019-09-05 06:00:00,6606.2
2019-09-05 06:15:00,6660.1
2019-09-05 06:30:00,6705.9
2019-09-05 06:45:00,6741.6
2019-09-05 07:00:00,6790.1
2019-09-05 07:15:00,6824.2
2019-09-05 07:30:00,6839.4
2019-09-05 07:45:00,6879.7
2019-09-05 08:00:00,6857.7
2019-09-05 08:15:00,6887.7
2019-09-05 08:30:00,6930.0
2019-09-05 08:45:00,6943.0
2019-09-05 09:00:00,6939.0
2019-09-05 09:15:00,6967.2
2019-09-05 09:30:00,7001.5
2019-09-05 09:45:00,7026.7
2019-09-05 10:00:00,7035.5
2019-09-05 10:15:00,7077.5
2019-09-05 10:30:00,7078.6
2019-09-05 10:45:00,7094.7
2019-09-05 11:00:00,7048.9
2019-09-05 11:15:00,7019.8
2019-09-05 11:30:00,7045.2
2019-09-05 11:45:00,7051.5
2019-09-05 12:00:00,7026.2
2019-09-05 12:15:00,7022.9
2019-09-05 12:30:00,7030.2
2019-09-05 12:45:00,6997.4
2019-09-05 13:00:00,6988.1
2019-09-05 13:15:00,6989.9
2019-09-05 13:30:00,6966.5
2019-09-05 13:45:00,6943.4
2019-09-05 14:00:00,6930.0
2019-09-05 14:15:00,6917.6
2019-09-05 14:30:00,6901.1
2019-09-05 14:45:00,6871.8
2019-09-05 15:00:00,6863.0
2019-09-05 15:15:00,6825.1
2019-09-05 15:30:00,6800.7
2019-09-05 15:45:00,6802.6
2019-09-05 16:00:00,6800.4
2019-09-05 16:15:00,6808.8
2019-09-05 16:30:00,6809.0
2019-09-05 16:45:00,6815.9
2019-09-05 17:00:00,6815.0
2019-09-05 17:15:00,6793.6
2019-09-05 17:30:00,6774.7
2019-09-05 17:45:00,6771.1
2019-09-05 18:00:00,6767.0
2019-09-05 18:15:00,6748.2
2019-09-05 18:30:00,6739.4
2019-09-05 18:45:00,6741.4
2019-09-05 19:00:00,6733.0
2019-09-05 19:15:00,6713.0
2019-09-05 19:30:00,6704.8
2019-09-05 19:45:00,6653.3
2019-09-05 20:00:00,6598.2
2019-09-05 20:15:00,6538.8
2019-09-05 20:30:00,6461.2
2019-09-05 20:45:00,6402.4
2019-09-05 21:00:00,6323.8
2019-09-05 21:15:00,6256.2
2019-09-05 21:30:00,6189.2
2019-09-05 21:45:00,6133.3
2019-09-05 22:00:00,6062.8
2019-09-05 22:15:00,6015.9
2019-09-05 22:30:00,5984.1
2019-09-05 22:45:00,5943.4
2019-09-05 23:00:00,5881.5
2019-09-05 23:15:00,5859.0
2019-09-05 23:30:00,5841.2
2019-09-05 23:45:00,5824.0
2019-09-06 00:00:00,5804.6
2019-09-06 00:15:00,5798.0
2019-09-06 00:30:00,5780.4
2019-09-06 00:45:00,5759.3
2019-09-06 01:00:00,5738.1
2019-09-06 01:15:00,5727.8
2019-09-06 01:30:00,5728.6
2019-09-06 01:45:00,5743.8
2019-09-06 02:00:00,5726.0
2019-09-06 02:15:00,5735.2
2019-09-06 02:30:00,5733.9
2019-09-06 02:45:00,5750.4
2019-09-06 03:00:00,5779.7
2019-09-06 03:15:00,5793.0
2019-09-06 03:30:00,5818.1
2019-09-06 03:45:00,5850.7
2019-09-06 04:00:00,5919.4
2019-09-06 04:15:00,5967.2
2019-09-06 04:30:00,6020.5
2019-09-06 04:45:00,6102.9
2019-09-06 05:00:00,6261.5
2019-09-06 05:15:00,6361.5
2019-09-06 05:30:00,6435.7
2019-09-06 05:45:00,6505.7
2019-09-06 06:00:00,6583.3
2019-09-06 06:15:00,6636.8
2019-09-06 06:30:00,6679.7
2019-09-06 06:45:00,6736.6
2019-09-06 07:00:00,6793.6
2019-09-06 07:15:00,6803.1
2019-09-06 07:30:00,6822.2
2019-09-06 07:45:00,6846.3
2019-09-06 08:00:00,6829.5
2019-09-06 08:15:00,6828.2
2019-09-06 08:30:00,6852.4
2019-09-06 08:45:00,6874.7
2019-09-06 09:00:00,6883.5
2019-09-06 09:15:00,6894.1
2019-09-06 09:30:00,6918.9
2019-09-06 09:45:00,6935.0
2019-09-06 10:00:00,6931.7
2019-09-06 10:15:00,6945.4
2019-09-06 10:30:00,6955.5
2019-09-06 10:45:00,6957.7
2019-09-06 11:00:00,6928.0
2019-09-06 11:15:00,6922.5
2019-09-06 11:30:00,6916.1
2019-09-06 11:45:00,6887.9
2019-09-06 12:00:00,6858.4
2019-09-06 12:15:00,6839.6
2019-09-06 12:30:00,6822.5
2019-09-06 12:45:00,6780.4
2019-09-06 13:00:00,6769.4
2019-09-06 13:15:00,6750.4
2019-09-06 13:30:00,6723.3
2019-09-06 13:45:00,6700.9
2019-09-06 14:00:00,6693.6
2019-09-06 14:15:00,6679.3
2019-09-06 14:30:00,6654.2
2019-09-06 14:45:00,6652.0
2019-09-06 15:00:00,6645.4
2019-09-06 15:15:00,6616.5
2019-09-06 15:30:00,6608.1
2019-09-06 15:45:00,6605.7
2019-09-06 16:00:00,6620.5
2019-09-06 16:15:00,6601.1
2019-09-06 16:30:00,6603.5
2019-09-06 16:45:00,6605.3
2019-09-06 17:00:00,6591.4
2019-09-06 17:15:00,6563.7
2019-09-06 17:30:00,6561.9
2019-09-06 17:45:00,6567.6
2019-09-06 18:00:00,6569.2
2019-09-06 18:15:00,6543.2
2019-09-06 18:30:00,6524.9
2019-09-06 18:45:00,6532.6
2019-09-06 19:00:00,6535.2
2019-09-06 19:15:00,6520.0
2019-09-06 19:30:00,6472.0
2019-09-06 19:45:00,6424.4
2019-09-06 20:00:00,6355.9
2019-09-06 20:15:00,6286.6
2019-09-06 20:30:00,6232.6
2019-09-06 20:45:00,6170.3
2019-09-06 21:00:00,6128.9
2019-09-06 21:15:00,6071.4
2019-09-06 21:30:00,6011.9
2019-09-06 21:45:00,5971.1
2019-09-06 22:00:00,5910.6
2019-09-06 22:15:00,5867.2
2019-09-06 22:30:00,5817.6
2019-09-06 22:45:00,5779.5
2019-09-06 23:00:00,5724.4
2019-09-06 23:15:00,5687.9
2019-09-06 23:30:00,5672.7
2019-09-06 23:45:00,5660.6
2019-09-07 00:00:00,5637.7
2019-09-07 00:15:00,5619.4
2019-09-07 00:30:00,5616.5
2019-09-07 00:45:00,5619.2
2019-09-07 01:00:00,5585.5
2019-09-07 01:15:00,5578.9
2019-09-07 01:30:00,5567.2
2019-09-07 01:45:00,5553.1
2019-09-07 02:00:00,5561.9
2019-09-07 02:15:00,5532.6
2019-09-07 02:30:00,5531.9
2019-09-07 02:45:00,5531.3
2019-09-07 03:00:00,5531.3
2019-09-07 03:15:00,5521.4
2019-09-07 03:30:00,5520.3
2019-09-07 03:45:00,5525.1
2019-09-07 04:00:00,5559.7
2019-09-07 04:15:00,5552.0
2019-09-07 04:30:00,5549.3
2019-09-07 04:45:00,5560.6
2019-09-07 05:00:00,5611.2
2019-09-07 05:15:00,5644.1
2019-09-07 05:30:00,5652.2
2019-09-07 05:45:00,5684.4
2019-09-07 06:00:00,5731.1
2019-09-07 06:15:00,5767.0
2019-09-07 06:30:00,5812.8
2019-09-07 06:45:00,5852.0
2019-09-07 07:00:00,5899.3
2019-09-07 07:15:00,5946.5
2019-09-07 07:30:00,5980.0
2019-09-07 07:45:00,6020.3
2019-09-07 08:00:00,6057.5
2019-09-07 08:15:00,6086.3
2019-09-07 08:30:00,6118.3
2019-09-07 08:45:00,6135.5
2019-09-07 09:00:00,6165.0
2019-09-07 09:15:00,6187.7
2019-09-07 09:30:00,6205.1
2019-09-07 09:45:00,6222.9
2019-09-07 10:00:00,6247.6
2019-09-07 10:15:00,6264.5
2019-09-07 10:30:00,6241.2
2019-09-07 10:45:00,6237.0
2019-09-07 11:00:00,6231.9
2019-09-07 11:15:00,6234.6
2019-09-07 11:30:00,6238.3
2019-09-07 11:45:00,6198.7
2019-09-07 12:00:00,6171.6
2019-09-07 12:15:00,6132.2
2019-09-07 12:30:00,6120.9
2019-09-07 12:45:00,6084.6
2019-09-07 13:00:00,6060.1
2019-09-07 13:15:00,6033.0
2019-09-07 13:30:00,6001.5
2019-09-07 13:45:00,5980.4
2019-09-07 14:00:00,5978.2
2019-09-07 14:15:00,5974.0
2019-09-07 14:30:00,5958.1
2019-09-07 14:45:00,5955.3
2019-09-07 15:00:00,5960.8
2019-09-07 15:15:00,5943.4
2019-09-07 15:30:00,5955.1
2019-09-07 15:45:00,5957.7
2019-09-07 16:00:00,5987.9
2019-09-07 16:15:00,5994.5
2019-09-07 16:30:00,6016.3
2019-09-07 16:45:00,6035.2
2019-09-07 17:00:00,6055.1
2019-09-07 17:15:00,6052.0
2019-09-07 17:30:00,6059.5
2019-09-07 17:45:00,6066.3
2019-09-07 18:00:00,6076.2
2019-09-07 18:15:00,6055.3
2019-09-07 18:30:00,6054.4
2019-09-07 18:45:00,6065.6
2019-09-07 19:00:00,6079.1
2019-09-07 19:15:00,6058.1
2019-09-07 19:30:00,6026.2
2019-09-07 19:45:00,5984.6
2019-09-07 20:00:00,5940.5
2019-09-07 20:15:00,5891.9
2019-09-07 20:30:00,5856.2
2019-09-07 20:45:00,5821.4
2019-09-07 21:00:00,5796.5
2019-09-07 21:15:00,5754.0
2019-09-07 21:30:00,5714.1
2019-09-07 21:45:00,5674.9
2019-09-07 22:00:00,5640.7
2019-09-07 22:15:00,5594.9
2019-09-07 22:30:00,5560.4
2019-09-07 22:45:00,5520.7
2019-09-07 23:00:00,5478.0
2019-09-07 23:15:00,5444.1
2019-09-07 23:30:00,5415.2
2019-09-07 23:45:00,5401.8
2019-09-08 00:00:00,5370.7
2019-09-08 00:15:00,5350.2
2019-09-08 00:30:00,5351.8
2019-09-08 00:45:00,5339.4
2019-09-08 01:00:00,5317.4
2019-09-08 01:15:00,5307.3
2019-09-08 01:30:00,5298.9
2019-09-08 01:45:00,5286.1
2019-09-08 02:00:00,5280.6
2019-09-08 02:15:00,5284.4
2019-09-08 02:30:00,5274.2
2019-09-08 02:45:00,5283.0
2019-09-08 03:00:00,5275.3
2019-09-08 03:15:00,5271.1
2019-09-08 03:30:00,5271.8
2019-09-08 03:45:00,5290.7
2019-09-08 04:00:00,5281.1
2019-09-08 04:15:00,5268.5
2019-09-08 04:30:00,5282.2
2019-09-08 04:45:00,5288.1
2019-09-08 05:00:00,5332.4
2019-09-08 05:15:00,5334.6
2019-09-08 05:30:00,5346.0
2019-09-08 05:45:00,5355.5
2019-09-08 06:00:00,5371.6
2019-09-08 06:15:00,5391.6
2019-09-08 06:30:00,5445.2
2019-09-08 06:45:00,5495.2
2019-09-08 07:00:00,5558.6
2019-09-08 07:15:00,5589.9
2019-09-08 07:30:00,5643.4
2019-09-08 07:45:00,5681.7
2019-09-08 08:00:00,5734.8
2019-09-08 08:15:00,5775.3
2019-09-08 08:30:00,5821.4
2019-09-08 08:45:00,5847.8
2019-09-08 09:00:00,5884.4
2019-09-08 09:15:00,5912.8
2019-09-08 09:30:00,5914.1
2019-09-08 09:45:00,5956.6
2019-09-08 10:00:00,6003.1
2019-09-08 10:15:00,6011.5
2019-09-08 10:30:00,6029.5
2019-09-08 10:45:00,6056.4
2019-09-08 11:00:00,6048.0
2019-09-08 11:15:00,6019.2
2019-09-08 11:30:00,5989.9
2019-09-08 11:45:00,5969.4
2019-09-08 12:00:00,5943.0
2019-09-08 12:15:00,5910.4
2019-09-08 12:30:00,5901.1
2019-09-08 12:45:00,5870.9
2019-09-08 13:00:00,5859.3
2019-09-08 13:15:00,5832.8
2019-09-08 13:30:00,5841.6
2019-09-08 13:45:00,5824.4
2019-09-08 14:00:00,5825.6
2019-09-08 14:15:00,5819.4
2019-09-08 14:30:00,5819.6
2019-09-08 14:45:00,5817.4
2019-09-08 15:00:00,5818.7
2019-09-08 15:15:00,5800.9
2019-09-08 15:30:00,5814.3
2019-09-08 15:45:00,5830.0
2019-09-08 16:00:00,5854.8
2019-09-08 16:15:00,5863.0
2019-09-08 16:30:00,5887.2
2019-09-08 16:45:00,5913.9
2019-09-08 17:00:00,5961.0
2019-09-08 17:15:00,5949.8
2019-09-08 17:30:00,5952.6
2019-09-08 17:45:00,5967.0
2019-09-08 18:00:00,5980.4
2019-09-08 18:15:00,5959.3
2019-09-08 18:30:00,5978.9
2019-09-08 18:45:00,6003.1
2019-09-08 19:00:00,6040.1
2019-09-08 19:15:00,6020.9
2019-09-08 19:30:00,6003.5
2019-09-08 19:45:00,5966.7
2019-09-08 20:00:00,5920.3
2019-09-08 20:15:00,5883.7
2019-09-08 20:30:00,5860.8
2019-09-08 20:45:00,5839.2
2019-09-08 21:00:00,5836.6
2019-09-08 21:15:00,5788.3
2019-09-08 21:30:00,5754.6
2019-09-08 21:45:00,5707.7
2019-09-08 22:00:00,5665.9
2019-09-08 22:15:00,5626.9
2019-09-08 22:30:00,5591.2
2019-09-08 22:45:00,5559.7
2019-09-08 23:00:00,5505.7
2019-09-08 23:15:00,5475.1
2019-09-08 23:30:00,5461.9
2019-09-08 23:45:00,5434.4
2019-09-09 00:00:00,5422.0
2019-09-09 00:15:00,5403.1
2019-09-09 00:30:00,5391.9
2019-09-09 00:45:00,5384.6
2019-09-09 01:00:00,5389.6
2019-09-09 01:15:00,5393.0
2019-09-09 01:30:00,5391.6
2019-09-09 01:45:00,5394.3
2019-09-09 02:00:00,5398.2
2019-09-09 02:15:00,5415.2
2019-09-09 02:30:00,5409.0
2019-09-09 02:45:00,5418.9
2019-09-09 03:00:00,5458.4
2019-09-09 03:15:00,5482.6
2019-09-09 03:30:00,5511.5
2019-09-09 03:45:00,5541.4
2019-09-09 04:00:00,5654.6
2019-09-09 04:15:00,5728.9
2019-09-09 04:30:00,5808.8
2019-09-09 04:45:00,5900.4
2019-09-09 05:00:00,6108.6
2019-09-09 05:15:00,6264.3
2019-09-09 05:30:00,6367.8
2019-09-09 05:45:00,6433.3
2019-09-09 06:00:00,6528.2
2019-09-09 06:15:00,6600.2
2019-09-09 06:30:00,6641.9
2019-09-09 06:45:00,6687.9
2019-09-09 07:00:00,6742.7
2019-09-09 07:15:00,6780.0
2019-09-09 07:30:00,6799.1
2019-09-09 07:45:00,6806.4
2019-09-09 08:00:00,6797.6
2019-09-09 08:15:00,6824.4
2019-09-09 08:30:00,6849.3
2019-09-09 08:45:00,6864.8
2019-09-09 09:00:00,6882.4
2019-09-09 09:15:00,6910.8
2019-09-09 09:30:00,6934.1
2019-09-09 09:45:00,6947.8
2019-09-09 10:00:00,6968.1
2019-09-09 10:15:00,6990.7
2019-09-09 10:30:00,6992.1
2019-09-09 10:45:00,6991.0
2019-09-09 11:00:00,6948.7
2019-09-09 11:15:00,6939.0
2019-09-09 11:30:00,6928.9
2019-09-09 11:45:00,6930.6
2019-09-09 12:00:00,6928.6
2019-09-09 12:15:00,6908.6
2019-09-09 12:30:00,6905.9
2019-09-09 12:45:00,6854.4
2019-09-09 13:00:00,6839.9
2019-09-09 13:15:00,6853.7
2019-09-09 13:30:00,6845.8
2019-09-09 13:45:00,6822.9
2019-09-09 14:00:00,6814.1
2019-09-09 14:15:00,6794.5
2019-09-09 14:30:00,6767.4
2019-09-09 14:45:00,6744.3
2019-09-09 15:00:00,6726.4
2019-09-09 15:15:00,6696.3
2019-09-09 15:30:00,6668.7
2019-09-09 15:45:00,6652.4
2019-09-09 16:00:00,6658.6
2019-09-09 16:15:00,6661.5
2019-09-09 16:30:00,6681.9
2019-09-09 16:45:00,6675.1
2019-09-09 17:00:00,6676.7
2019-09-09 17:15:00,6661.0
2019-09-09 17:30:00,6669.4
2019-09-09 17:45:00,6678.6
2019-09-09 18:00:00,6676.2
2019-09-09 18:15:00,6657.3
2019-09-09 18:30:00,6678.4
2019-09-09 18:45:00,6693.2
2019-09-09 19:00:00,6696.3
2019-09-09 19:15:00,6671.8
2019-09-09 19:30:00,6621.6
2019-09-09 19:45:00,6566.1
2019-09-09 20:00:00,6498.7
2019-09-09 20:15:00,6430.0
2019-09-09 20:30:00,6367.2
2019-09-09 20:45:00,6307.7
2019-09-09 21:00:00,6248.7
2019-09-09 21:15:00,6199.8
2019-09-09 21:30:00,6131.1
2019-09-09 21:45:00,6080.6
2019-09-09 22:00:00,5994.1
2019-09-09 22:15:00,5939.0
2019-09-09 22:30:00,5886.1
2019-09-09 22:45:00,5854.4
2019-09-09 23:00:00,5788.3
2019-09-09 23:15:00,5759.7
2019-09-09 23:30:00,5729.7
2019-09-09 23:45:00,5711.0
2019-09-10 00:00:00,5695.4
2019-09-10 00:15:00,5672.0
2019-09-10 00:30:00,5665.4
2019-09-10 00:45:00,5658.6
2019-09-10 01:00:00,5638.5
2019-09-10 01:15:00,5628.6
2019-09-10 01:30:00,5643.2
2019-09-10 01:45:00,5665.2
2019-09-10 02:00:00,5663.0
2019-09-10 02:15:00,5667.0
2019-09-10 02:30:00,5682.6
2019-09-10 02:45:00,5687.4
2019-09-10 03:00:00,5715.2
2019-09-10 03:15:00,5729.3
2019-09-10 03:30:00,5762.8
2019-09-10 03:45:00,5801.3
2019-09-10 04:00:00,5874.4
2019-09-10 04:15:00,5934.6
2019-09-10 04:30:00,5997.4
2019-09-10 04:45:00,6093.6
2019-09-10 05:00:00,6286.1
2019-09-10 05:15:00,6409.3
2019-09-10 05:30:00,6487.9
2019-09-10 05:45:00,6551.3
2019-09-10 06:00:00,6639.9
2019-09-10 06:15:00,6682.6
2019-09-10 06:30:00,6739.4
2019-09-10 06:45:00,6772.0
2019-09-10 07:00:00,6816.5
2019-09-10 07:15:00,6845.6
2019-09-10 07:30:00,6866.1
2019-09-10 07:45:00,6869.2
2019-09-10 08:00:00,6844.9
2019-09-10 08:15:00,6864.1
2019-09-10 08:30:00,6892.5
2019-09-10 08:45:00,6916.3
2019-09-10 09:00:00,6926.0
2019-09-10 09:15:00,6940.1
2019-09-10 09:30:00,6975.3
2019-09-10 09:45:00,7006.2
2019-09-10 10:00:00,7012.8
2019-09-10 10:15:00,7041.4
2019-09-10 10:30:00,7063.0
2019-09-10 10:45:00,7057.9
2019-09-10 11:00:00,7024.4
2019-09-10 11:15:00,7028.6
2019-09-10 11:30:00,7027.8
2019-09-10 11:45:00,7026.0
2019-09-10 12:00:00,7017.2
2019-09-10 12:15:00,6998.7
2019-09-10 12:30:00,6972.0
2019-09-10 12:45:00,6926.0
2019-09-10 13:00:00,6933.9
2019-09-10 13:15:00,6917.8
2019-09-10 13:30:00,6892.3
2019-09-10 13:45:00,6866.1
2019-09-10 14:00:00,6870.0
2019-09-10 14:15:00,6853.5
2019-09-10 14:30:00,6814.3
2019-09-10 14:45:00,6777.3
2019-09-10 15:00:00,6776.9
2019-09-10 15:15:00,6739.6
2019-09-10 15:30:00,6722.0
2019-09-10 15:45:00,6709.0
2019-09-10 16:00:00,6711.7
2019-09-10 16:15:00,6706.6
2019-09-10 16:30:00,6704.4
2019-09-10 16:45:00,6698.0
2019-09-10 17:00:00,6693.0
2019-09-10 17:15:00,6687.9
2019-09-10 17:30:00,6686.1
2019-09-10 17:45:00,6680.0
2019-09-10 18:00:00,6676.4
2019-09-10 18:15:00,6669.2
2019-09-10 18:30:00,6684.4
2019-09-10 18:45:00,6704.6
2019-09-10 19:00:00,6718.9
2019-09-10 19:15:00,6711.9
2019-09-10 19:30:00,6670.9
2019-09-10 19:45:00,6617.2
2019-09-10 20:00:00,6555.9
2019-09-10 20:15:00,6492.7
2019-09-10 20:30:00,6420.0
2019-09-10 20:45:00,6359.0
2019-09-10 21:00:00,6299.6
2019-09-10 21:15:00,6243.6
2019-09-10 21:30:00,6167.2
2019-09-10 21:45:00,6114.3
2019-09-10 22:00:00,6040.7
2019-09-10 22:15:00,5990.1
2019-09-10 22:30:00,5939.4
2019-09-10 22:45:00,5894.7
2019-09-10 23:00:00,5821.4
2019-09-10 23:15:00,5789.4
2019-09-10 23:30:00,5767.0
2019-09-10 23:45:00,5729.5
2019-09-11 00:00:00,5720.3
2019-09-11 00:15:00,5712.1
2019-09-11 00:30:00,5692.1
2019-09-11 00:45:00,5689.2
2019-09-11 01:00:00,5695.2
2019-09-11 01:15:00,5704.2
2019-09-11 01:30:00,5708.1
2019-09-11 01:45:00,5716.5
2019-09-11 02:00:00,5704.6
2019-09-11 02:15:00,5711.0
2019-09-11 02:30:00,5712.8
2019-09-11 02:45:00,5718.3
2019-09-11 03:00:00,5739.9
2019-09-11 03:15:00,5770.3
2019-09-11 03:30:00,5795.2
2019-09-11 03:45:00,5831.3
2019-09-11 04:00:00,5895.8
2019-09-11 04:15:00,5958.6
2019-09-11 04:30:00,6037.2
2019-09-11 04:45:00,6141.6
2019-09-11 05:00:00,6336.8
2019-09-11 05:15:00,6476.7
2019-09-11 05:30:00,6573.6
2019-09-11 05:45:00,6631.3
2019-09-11 06:00:00,6685.0
2019-09-11 06:15:00,6731.3
2019-09-11 06:30:00,6769.6
2019-09-11 06:45:00,6805.7
2019-09-11 07:00:00,6844.9
2019-09-11 07:15:00,6859.9
2019-09-11 07:30:00,6887.7
2019-09-11 07:45:00,6884.1
2019-09-11 08:00:00,6823.6
2019-09-11 08:15:00,6839.6
2019-09-11 08:30:00,6865.0
2019-09-11 08:45:00,6885.9
2019-09-11 09:00:00,6876.7
2019-09-11 09:15:00,6891.2
2019-09-11 09:30:00,6921.1
2019-09-11 09:45:00,6940.5
2019-09-11 10:00:00,6944.1
2019-09-11 10:15:00,6954.8
2019-09-11 10:30:00,6979.5
2019-09-11 10:45:00,6994.5
2019-09-11 11:00:00,6987.4
2019-09-11 11:15:00,6983.9
2019-09-11 11:30:00,6988.8
2019-09-11 11:45:00,7004.4
2019-09-11 12:00:00,7000.2
2019-09-11 12:15:00,6970.3
2019-09-11 12:30:00,6960.4
2019-09-11 12:45:00,6923.3
2019-09-11 13:00:00,6915.9
2019-09-11 13:15:00,6904.0
2019-09-11 13:30:00,6886.1
2019-09-11 13:45:00,6877.5
2019-09-11 14:00:00,6882.8
2019-09-11 14:15:00,6867.6
2019-09-11 14:30:00,6841.6
2019-09-11 14:45:00,6815.9
2019-09-11 15:00:00,6809.3
2019-09-11 15:15:00,6785.9
2019-09-11 15:30:00,6760.4
2019-09-11 15:45:00,6752.9
2019-09-11 16:00:00,6754.8
2019-09-11 16:15:00,6745.6
2019-09-11 16:30:00,6752.0
2019-09-11 16:45:00,6761.0
2019-09-11 17:00:00,6771.6
2019-09-11 17:15:00,6759.5
2019-09-11 17:30:00,6755.1
2019-09-11 17:45:00,6768.3
2019-09-11 18:00:00,6777.8
2019-09-11 18:15:00,6775.1
2019-09-11 18:30:00,6789.4
2019-09-11 18:45:00,6811.2
2019-09-11 19:00:00,6829.7
2019-09-11 19:15:00,6782.8
2019-09-11 19:30:00,6733.7
2019-09-11 19:45:00,6676.7
2019-09-11 20:00:00,6598.2
2019-09-11 20:15:00,6551.5
2019-09-11 20:30:00,6486.8
2019-09-11 20:45:00,6427.1
2019-09-11 21:00:00,6358.4
2019-09-11 21:15:00,6298.5
2019-09-11 21:30:00,6221.6
2019-09-11 21:45:00,6159.9
2019-09-11 22:00:00,6093.2
2019-09-11 22:15:00,6055.5
2019-09-11 22:30:00,6008.8
2019-09-11 22:45:00,5978.9
2019-09-11 23:00:00,5932.2
2019-09-11 23:15:00,5885.7
2019-09-11 23:30:00,5854.2
2019-09-11 23:45:00,5828.9
2019-09-12 00:00:00,5800.2
2019-09-12 00:15:00,5771.6
2019-09-12 00:30:00,5750.2
2019-09-12 00:45:00,5755.5
2019-09-12 01:00:00,5731.5
2019-09-12 01:15:00,5718.3
2019-09-12 01:30:00,5722.9
2019-09-12 01:45:00,5719.2
2019-09-12 02:00:00,5717.8
2019-09-12 02:15:00,5702.0
2019-09-12 02:30:00,5693.4
2019-09-12 02:45:00,5699.1
2019-09-12 03:00:00,5728.2
2019-09-12 03:15:00,5749.1
2019-09-12 03:30:00,5768.1
2019-09-12 03:45:00,5805.1
2019-09-12 04:00:00,5907.7
2019-09-12 04:15:00,5939.0
2019-09-12 04:30:00,6022.7
2019-09-12 04:45:00,6117.4
2019-09-12 05:00:00,6285.2
2019-09-12 05:15:00,6422.2
2019-09-12 05:30:00,6513.2
2019-09-12 05:45:00,6580.0
2019-09-12 06:00:00,6658.4
2019-09-12 06:15:00,6715.4
2019-09-12 06:30:00,6751.1
2019-09-12 06:45:00,6791.9
2019-09-12 07:00:00,6833.9
2019-09-12 07:15:00,6861.9
2019-09-12 07:30:00,6863.9
2019-09-12 07:45:00,6866.7
2019-09-12 08:00:00,6843.8
2019-09-12 08:15:00,6857.3
2019-09-12 08:30:00,6872.2
2019-09-12 08:45:00,6882.4
2019-09-12 09:00:00,6898.7
2019-09-12 09:15:00,6909.7
2019-09-12 09:30:00,6931.7
2019-09-12 09:45:00,6941.2
2019-09-12 10:00:00,6943.8
2019-09-12 10:15:00,6961.0
2019-09-12 10:30:00,6987.4
2019-09-12 10:45:00,6995.6
2019-09-12 11:00:00,6966.1
2019-09-12 11:15:00,6952.2
2019-09-12 11:30:00,6953.1
2019-09-12 11:45:00,6961.7
2019-09-12 12:00:00,6965.0
2019-09-12 12:15:00,6963.2
2019-09-12 12:30:00,6939.2
2019-09-12 12:45:00,6906.2
2019-09-12 13:00:00,6911.9
2019-09-12 13:15:00,6917.4
2019-09-12 13:30:00,6898.0
2019-09-12 13:45:00,6882.4
2019-09-12 14:00:00,6874.2
2019-09-12 14:15:00,6857.9
2019-09-12 14:30:00,6833.5
2019-09-12 14:45:00,6805.5
2019-09-12 15:00:00,6773.8
2019-09-12 15:15:00,6762.8
2019-09-12 15:30:00,6730.6
2019-09-12 15:45:00,6727.1
2019-09-12 16:00:00,6714.1
2019-09-12 16:15:00,6705.1
2019-09-12 16:30:00,6688.8
2019-09-12 16:45:00,6697.6
2019-09-12 17:00:00,6700.0
2019-09-12 17:15:00,6676.9
2019-09-12 17:30:00,6672.5
2019-09-12 17:45:00,6694.3
2019-09-12 18:00:00,6701.1
2019-09-12 18:15:00,6681.3
2019-09-12 18:30:00,6691.4
2019-09-12 18:45:00,6717.8
2019-09-12 19:00:00,6739.6
2019-09-12 19:15:00,6713.4
2019-09-12 19:30:00,6676.0
2019-09-12 19:45:00,6628.9
2019-09-12 20:00:00,6578.2
2019-09-12 20:15:00,6519.2
2019-09-12 20:30:00,6452.4
2019-09-12 20:45:00,6397.1
2019-09-12 21:00:00,6361.2
2019-09-12 21:15:00,6285.0
2019-09-12 21:30:00,6226.7
2019-09-12 21:45:00,6174.2
2019-09-12 22:00:00,6124.9
2019-09-12 22:15:00,6071.6
2019-09-12 22:30:00,6020.9
2019-09-12 22:45:00,5982.2
2019-09-12 23:00:00,5898.2
2019-09-12 23:15:00,5850.9
2019-09-12 23:30:00,5830.2
2019-09-12 23:45:00,5822.0
2019-09-13 00:00:00,5800.9
2019-09-13 00:15:00,5780.4
2019-09-13 00:30:00,5784.4
2019-09-13 00:45:00,5789.0
2019-09-13 01:00:00,5781.7
2019-09-13 01:15:00,5774.9
2019-09-13 01:30:00,5785.9
2019-09-13 01:45:00,5804.8
2019-09-13 02:00:00,5822.0
2019-09-13 02:15:00,5813.4
2019-09-13 02:30:00,5849.6
2019-09-13 02:45:00,5846.0
2019-09-13 03:00:00,5834.8
2019-09-13 03:15:00,5839.4
2019-09-13 03:30:00,5846.7
2019-09-13 03:45:00,5893.2
2019-09-13 04:00:00,5954.6
2019-09-13 04:15:00,5995.2
2019-09-13 04:30:00,6072.7
2019-09-13 04:45:00,6173.1
2019-09-13 05:00:00,6357.7
2019-09-13 05:15:00,6509.0
2019-09-13 05:30:00,6605.3
2019-09-13 05:45:00,6671.8
2019-09-13 06:00:00,6748.2
2019-09-13 06:15:00,6787.2
2019-09-13 06:30:00,6825.3
2019-09-13 06:45:00,6854.2
2019-09-13 07:00:00,6903.3
2019-09-13 07:15:00,6924.2
2019-09-13 07:30:00,6947.1
2019-09-13 07:45:00,6952.9
2019-09-13 08:00:00,6938.8
2019-09-13 08:15:00,6959.3
2019-09-13 08:30:00,6980.0
2019-09-13 08:45:00,7014.3
2019-09-13 09:00:00,7024.0
2019-09-13 09:15:00,7034.6
2019-09-13 09:30:00,7067.0
2019-09-13 09:45:00,7098.5
2019-09-13 10:00:00,7102.0
2019-09-13 10:15:00,7101.5
2019-09-13 10:30:00,7117.8
2019-09-13 10:45:00,7124.0
2019-09-13 11:00:00,7071.6
2019-09-13 11:15:00,7048.5
2019-09-13 11:30:00,7021.1
2019-09-13 11:45:00,7001.5
2019-09-13 12:00:00,6996.3
2019-09-13 12:15:00,6966.3
2019-09-13 12:30:00,6934.6
2019-09-13 12:45:00,6915.0
2019-09-13 13:00:00,6904.2
2019-09-13 13:15:00,6892.7
2019-09-13 13:30:00,6852.2
2019-09-13 13:45:00,6830.2
2019-09-13 14:00:00,6820.7
2019-09-13 14:15:00,6784.4
2019-09-13 14:30:00,6753.5
2019-09-13 14:45:00,6724.9
2019-09-13 15:00:00,6733.5
2019-09-13 15:15:00,6716.1
2019-09-13 15:30:00,6668.7
2019-09-13 15:45:00,6656.6
2019-09-13 16:00:00,6667.4
2019-09-13 16:15:00,6661.0
2019-09-13 16:30:00,6662.8
2019-09-13 16:45:00,6648.0
2019-09-13 17:00:00,6638.1
2019-09-13 17:15:00,6614.8
2019-09-13 17:30:00,6605.9
2019-09-13 17:45:00,6616.3
2019-09-13 18:00:00,6613.0
2019-09-13 18:15:00,6595.6
2019-09-13 18:30:00,6610.8
2019-09-13 18:45:00,6647.1
2019-09-13 19:00:00,6652.6
2019-09-13 19:15:00,6607.3
2019-09-13 19:30:00,6554.6
2019-09-13 19:45:00,6481.5
2019-09-13 20:00:00,6397.4
2019-09-13 20:15:00,6335.7
2019-09-13 20:30:00,6272.7
2019-09-13 20:45:00,6212.3
2019-09-13 21:00:00,6159.3
2019-09-13 21:15:00,6102.0
2019-09-13 21:30:00,6042.1
2019-09-13 21:45:00,6001.5
2019-09-13 22:00:00,5942.5
2019-09-13 22:15:00,5881.9
2019-09-13 22:30:00,5839.2
2019-09-13 22:45:00,5799.6
2019-09-13 23:00:00,5737.7
2019-09-13 23:15:00,5707.0
2019-09-13 23:30:00,5685.2
2019-09-13 23:45:00,5648.9
2019-09-14 00:00:00,5620.3
2019-09-14 00:15:00,5583.0
2019-09-14 00:30:00,5563.4
2019-09-14 00:45:00,5553.1
2019-09-14 01:00:00,5517.6
2019-09-14 01:15:00,5509.3
2019-09-14 01:30:00,5496.5
2019-09-14 01:45:00,5477.5
2019-09-14 02:00:00,5482.8
2019-09-14 02:15:00,5478.9
2019-09-14 02:30:00,5466.3
2019-09-14 02:45:00,5468.5
2019-09-14 03:00:00,5487.9
2019-09-14 03:15:00,5487.7
2019-09-14 03:30:00,5487.7
2019-09-14 03:45:00,5502.6
2019-09-14 04:00:00,5527.5
2019-09-14 04:15:00,5530.4
2019-09-14 04:30:00,5533.5
2019-09-14 04:45:00,5560.8
2019-09-14 05:00:00,5637.9
2019-09-14 05:15:00,5689.9
2019-09-14 05:30:00,5687.4
2019-09-14 05:45:00,5687.4
2019-09-14 06:00:00,5760.4
2019-09-14 06:15:00,5793.8
2019-09-14 06:30:00,5849.6
2019-09-14 06:45:00,5893.4
2019-09-14 07:00:00,5960.8
2019-09-14 07:15:00,6008.1
2019-09-14 07:30:00,6054.6
2019-09-14 07:45:00,6089.0
2019-09-14 08:00:00,6119.8
2019-09-14 08:15:00,6146.3
2019-09-14 08:30:00,6188.1
2019-09-14 08:45:00,6222.7
2019-09-14 09:00:00,6225.1
2019-09-14 09:15:00,6250.7
2019-09-14 09:30:00,6270.0
2019-09-14 09:45:00,6274.7
2019-09-14 10:00:00,6304.0
2019-09-14 10:15:00,6307.7
2019-09-14 10:30:00,6313.0
2019-09-14 10:45:00,6310.8
2019-09-14 11:00:00,6293.2
2019-09-14 11:15:00,6279.7
2019-09-14 11:30:00,6253.5
2019-09-14 11:45:00,6230.2
2019-09-14 12:00:00,6211.9
2019-09-14 12:15:00,6179.5
2019-09-14 12:30:00,6154.0
2019-09-14 12:45:00,6121.8
2019-09-14 13:00:00,6098.9
2019-09-14 13:15:00,6074.2
2019-09-14 13:30:00,6052.2
2019-09-14 13:45:00,6041.6
2019-09-14 14:00:00,6036.8
2019-09-14 14:15:00,6037.9
2019-09-14 14:30:00,6020.9
2019-09-14 14:45:00,6012.6
2019-09-14 15:00:00,6009.9
2019-09-14 15:15:00,6011.7
2019-09-14 15:30:00,6006.2
2019-09-14 15:45:00,5990.7
2019-09-14 16:00:00,6015.2
2019-09-14 16:15:00,6034.1
2019-09-14 16:30:00,6036.8
2019-09-14 16:45:00,6043.6
2019-09-14 17:00:00,6071.1
2019-09-14 17:15:00,6063.0
2019-09-14 17:30:00,6061.9
2019-09-14 17:45:00,6055.7
2019-09-14 18:00:00,6058.4
2019-09-14 18:15:00,6063.4
2019-09-14 18:30:00,6076.7
2019-09-14 18:45:00,6105.1
2019-09-14 19:00:00,6131.1
2019-09-14 19:15:00,6095.8
2019-09-14 19:30:00,6045.8
2019-09-14 19:45:00,6017.4
2019-09-14 20:00:00,5967.0
2019-09-14 20:15:00,5923.3
2019-09-14 20:30:00,5864.1
2019-09-14 20:45:00,5847.6
2019-09-14 21:00:00,5821.6
2019-09-14 21:15:00,5785.9
2019-09-14 21:30:00,5730.8
2019-09-14 21:45:00,5701.8
2019-09-14 22:00:00,5653.7
2019-09-14 22:15:00,5619.2
2019-09-14 22:30:00,5568.1
2019-09-14 22:45:00,5554.6
2019-09-14 23:00:00,5517.4
2019-09-14 23:15:00,5505.7
2019-09-14 23:30:00,5480.4
2019-09-14 23:45:00,5465.2
2019-09-15 00:00:00,5435.5
2019-09-15 00:15:00,5413.4
2019-09-15 00:30:00,5397.8
2019-09-15 00:45:00,5398.2
2019-09-15 01:00:00,5383.5
2019-09-15 01:15:00,5367.6
2019-09-15 01:30:00,5358.1
2019-09-15 01:45:00,5374.4
2019-09-15 02:00:00,5363.4
2019-09-15 02:15:00,5360.4
2019-09-15 02:30:00,5352.6
2019-09-15 02:45:00,5353.5
2019-09-15 03:00:00,5352.6
2019-09-15 03:15:00,5352.4
2019-09-15 03:30:00,5359.9
2019-09-15 03:45:00,5360.6
2019-09-15 04:00:00,5393.8
2019-09-15 04:15:00,5395.6
2019-09-15 04:30:00,5403.7
2019-09-15 04:45:00,5414.5
2019-09-15 05:00:00,5441.2
2019-09-15 05:15:00,5449.1
2019-09-15 05:30:00,5458.1
2019-09-15 05:45:00,5459.5
2019-09-15 06:00:00,5492.3
2019-09-15 06:15:00,5537.9
2019-09-15 06:30:00,5580.4
2019-09-15 06:45:00,5634.1
2019-09-15 07:00:00,5691.2
2019-09-15 07:15:00,5729.5
2019-09-15 07:30:00,5782.4
2019-09-15 07:45:00,5817.4
2019-09-15 08:00:00,5861.7
2019-09-15 08:15:00,5889.2
2019-09-15 08:30:00,5924.7
2019-09-15 08:45:00,5967.0
2019-09-15 09:00:00,5967.0
2019-09-15 09:15:00,5993.0
2019-09-15 09:30:00,6040.5
2019-09-15 09:45:00,6057.7
2019-09-15 10:00:00,6072.7
2019-09-15 10:15:00,6089.9
2019-09-15 10:30:00,6114.5
2019-09-15 10:45:00,6117.2
2019-09-15 11:00:00,6111.7
2019-09-15 11:15:00,6101.3
2019-09-15 11:30:00,6085.2
2019-09-15 11:45:00,6065.2
2019-09-15 12:00:00,6047.6
2019-09-15 12:15:00,6027.3
2019-09-15 12:30:00,6014.3
2019-09-15 12:45:00,5981.5
2019-09-15 13:00:00,5971.1
2019-09-15 13:15:00,5947.1
2019-09-15 13:30:00,5934.1
2019-09-15 13:45:00,5920.3
2019-09-15 14:00:00,5917.8
2019-09-15 14:15:00,5902.0
2019-09-15 14:30:00,5889.4
2019-09-15 14:45:00,5876.2
2019-09-15 15:00:00,5888.5
2019-09-15 15:15:00,5875.3
2019-09-15 15:30:00,5897.6
2019-09-15 15:45:00,5912.8
2019-09-15 16:00:00,5954.2
2019-09-15 16:15:00,5967.8
2019-09-15 16:30:00,5978.2
2019-09-15 16:45:00,5989.4
2019-09-15 17:00:00,6041.6
2019-09-15 17:15:00,6042.3
2019-09-15 17:30:00,6049.6
2019-09-15 17:45:00,6060.4
2019-09-15 18:00:00,6068.1
2019-09-15 18:15:00,6068.7
2019-09-15 18:30:00,6098.9
2019-09-15 18:45:00,6138.1
2019-09-15 19:00:00,6177.5
2019-09-15 19:15:00,6151.8
2019-09-15 19:30:00,6111.2
2019-09-15 19:45:00,6074.0
2019-09-15 20:00:00,6043.8
2019-09-15 20:15:00,5987.7
2019-09-15 20:30:00,5973.8
2019-09-15 20:45:00,5967.4
2019-09-15 21:00:00,5946.7
2019-09-15 21:15:00,5896.7
2019-09-15 21:30:00,5849.8
2019-09-15 21:45:00,5814.8
2019-09-15 22:00:00,5755.3
2019-09-15 22:15:00,5707.9
2019-09-15 22:30:00,5678.9
2019-09-15 22:45:00,5654.2
2019-09-15 23:00:00,5607.3
2019-09-15 23:15:00,5580.0
2019-09-15 23:30:00,5553.1
2019-09-15 23:45:00,5545.6
2019-09-16 00:00:00,5526.9
2019-09-16 00:15:00,5509.0
2019-09-16 00:30:00,5502.0
2019-09-16 00:45:00,5483.9
2019-09-16 01:00:00,5469.6
2019-09-16 01:15:00,5450.4
2019-09-16 01:30:00,5448.5
2019-09-16 01:45:00,5452.0
2019-09-16 02:00:00,5454.4
2019-09-16 02:15:00,5450.7
2019-09-16 02:30:00,5457.3
2019-09-16 02:45:00,5471.4
2019-09-16 03:00:00,5522.0
2019-09-16 03:15:00,5529.7
2019-09-16 03:30:00,5570.9
2019-09-16 03:45:00,5628.2
2019-09-16 04:00:00,5714.5
2019-09-16 04:15:00,5760.4
2019-09-16 04:30:00,5853.3
2019-09-16 04:45:00,5960.8
2019-09-16 05:00:00,6178.2
2019-09-16 05:15:00,6315.2
2019-09-16 05:30:00,6423.3
2019-09-16 05:45:00,6495.2
2019-09-16 06:00:00,6591.4
2019-09-16 06:15:00,6635.0
2019-09-16 06:30:00,6678.2
2019-09-16 06:45:00,6736.3
2019-09-16 07:00:00,6779.1
2019-09-16 07:15:00,6774.7
2019-09-16 07:30:00,6802.4
2019-09-16 07:45:00,6815.0
2019-09-16 08:00:00,6793.0
2019-09-16 08:15:00,6808.1
2019-09-16 08:30:00,6827.3
2019-09-16 08:45:00,6860.4
2019-09-16 09:00:00,6867.2
2019-09-16 09:15:00,6884.4
2019-09-16 09:30:00,6909.3
2019-09-16 09:45:00,6932.8
2019-09-16 10:00:00,6943.8
2019-09-16 10:15:00,6970.0
2019-09-16 10:30:00,6983.7
2019-09-16 10:45:00,6987.9
2019-09-16 11:00:00,6963.4
2019-09-16 11:15:00,6946.0
2019-09-16 11:30:00,6945.6
2019-09-16 11:45:00,6945.6
2019-09-16 12:00:00,6947.4
2019-09-16 12:15:00,6924.9
2019-09-16 12:30:00,6911.2
2019-09-16 12:45:00,6893.8
2019-09-16 13:00:00,6881.9
2019-09-16 13:15:00,6895.2
2019-09-16 13:30:00,6865.6
2019-09-16 13:45:00,6851.3
2019-09-16 14:00:00,6840.5
2019-09-16 14:15:00,6830.2
2019-09-16 14:30:00,6820.3
2019-09-16 14:45:00,6800.4
2019-09-16 15:00:00,6786.1
2019-09-16 15:15:00,6760.6
2019-09-16 15:30:00,6746.7
2019-09-16 15:45:00,6745.2
2019-09-16 16:00:00,6755.7
2019-09-16 16:15:00,6746.5
2019-09-16 16:30:00,6744.9
2019-09-16 16:45:00,6742.3
2019-09-16 17:00:00,6739.6
2019-09-16 17:15:00,6731.1
2019-09-16 17:30:00,6738.8
2019-09-16 17:45:00,6743.0
2019-09-16 18:00:00,6740.7
2019-09-16 18:15:00,6743.2
2019-09-16 18:30:00,6777.1
2019-09-16 18:45:00,6794.3
2019-09-16 19:00:00,6764.3
2019-09-16 19:15:00,6708.1
2019-09-16 19:30:00,6672.0
2019-09-16 19:45:00,6620.5
2019-09-16 20:00:00,6540.1
2019-09-16 20:15:00,6491.0
2019-09-16 20:30:00,6428.4
2019-09-16 20:45:00,6371.6
2019-09-16 21:00:00,6293.4
2019-09-16 21:15:00,6244.5
2019-09-16 21:30:00,6192.5
2019-09-16 21:45:00,6127.5
2019-09-16 22:00:00,6056.6
2019-09-16 22:15:00,6005.3
2019-09-16 22:30:00,5967.8
2019-09-16 22:45:00,5927.8
2019-09-16 23:00:00,5899.8
2019-09-16 23:15:00,5863.0
2019-09-16 23:30:00,5850.0
2019-09-16 23:45:00,5840.5
2019-09-17 00:00:00,5808.4
2019-09-17 00:15:00,5786.1
2019-09-17 00:30:00,5765.4
2019-09-17 00:45:00,5758.4
2019-09-17 01:00:00,5726.9
2019-09-17 01:15:00,5713.0
2019-09-17 01:30:00,5710.8
2019-09-17 01:45:00,5724.7
2019-09-17 02:00:00,5718.7
2019-09-17 02:15:00,5724.0
2019-09-17 02:30:00,5733.0
2019-09-17 02:45:00,5758.6
2019-09-17 03:00:00,5775.6
2019-09-17 03:15:00,5789.9
2019-09-17 03:30:00,5813.7
2019-09-17 03:45:00,5849.1
2019-09-17 04:00:00,5936.6
2019-09-17 04:15:00,5963.9
2019-09-17 04:30:00,6055.3
2019-09-17 04:45:00,6149.6
2019-09-17 05:00:00,6357.9
2019-09-17 05:15:00,6473.1
2019-09-17 05:30:00,6575.1
2019-09-17 05:45:00,6643.0
2019-09-17 06:00:00,6737.4
2019-09-17 06:15:00,6779.7
2019-09-17 06:30:00,6807.3
2019-09-17 06:45:00,6845.4
2019-09-17 07:00:00,6886.3
2019-09-17 07:15:00,6917.6
2019-09-17 07:30:00,6932.2
2019-09-17 07:45:00,6930.6
2019-09-17 08:00:00,6923.6
2019-09-17 08:15:00,6942.7
2019-09-17 08:30:00,6967.2
2019-09-17 08:45:00,6988.1
2019-09-17 09:00:00,6987.4
2019-09-17 09:15:00,7008.1
2019-09-17 09:30:00,7032.6
2019-09-17 09:45:00,7068.5
2019-09-17 10:00:00,7071.1
2019-09-17 10:15:00,7104.6
2019-09-17 10:30:00,7124.4
2019-09-17 10:45:00,7138.3
2019-09-17 11:00:00,7083.7
2019-09-17 11:15:00,7082.2
2019-09-17 11:30:00,7092.5
2019-09-17 11:45:00,7086.3
2019-09-17 12:00:00,7074.2
2019-09-17 12:15:00,7056.4
2019-09-17 12:30:00,7046.0
2019-09-17 12:45:00,7015.2
2019-09-17 13:00:00,7010.4
2019-09-17 13:15:00,7002.2
2019-09-17 13:30:00,6992.3
2019-09-17 13:45:00,6966.7
2019-09-17 14:00:00,6983.9
2019-09-17 14:15:00,6949.3
2019-09-17 14:30:00,6930.8
2019-09-17 14:45:00,6904.8
2019-09-17 15:00:00,6882.6
2019-09-17 15:15:00,6874.0
2019-09-17 15:30:00,6855.7
2019-09-17 15:45:00,6844.1
2019-09-17 16:00:00,6841.9
2019-09-17 16:15:00,6844.5
2019-09-17 16:30:00,6849.1
2019-09-17 16:45:00,6847.8
2019-09-17 17:00:00,6841.2
2019-09-17 17:15:00,6828.6
2019-09-17 17:30:00,6829.7
2019-09-17 17:45:00,6824.2
2019-09-17 18:00:00,6846.3
2019-09-17 18:15:00,6855.7
2019-09-17 18:30:00,6883.0
2019-09-17 18:45:00,6915.0
2019-09-17 19:00:00,6914.5
2019-09-17 19:15:00,6873.6
2019-09-17 19:30:00,6810.4
2019-09-17 19:45:00,6754.2
2019-09-17 20:00:00,6678.0
2019-09-17 20:15:00,6632.6
2019-09-17 20:30:00,6569.6
2019-09-17 20:45:00,6496.9
2019-09-17 21:00:00,6425.3
2019-09-17 21:15:00,6354.2
2019-09-17 21:30:00,6293.4
2019-09-17 21:45:00,6233.9
2019-09-17 22:00:00,6155.9
2019-09-17 22:15:00,6110.8
2019-09-17 22:30:00,6065.9
2019-09-17 22:45:00,6024.4
2019-09-17 23:00:00,5964.1
2019-09-17 23:15:00,5920.3
2019-09-17 23:30:00,5899.6
2019-09-17 23:45:00,5880.2
2019-09-18 00:00:00,5842.7
2019-09-18 00:15:00,5814.8
2019-09-18 00:30:00,5791.2
2019-09-18 00:45:00,5776.4
2019-09-18 01:00:00,5749.1
2019-09-18 01:15:00,5745.8
2019-09-18 01:30:00,5742.7
2019-09-18 01:45:00,5739.2
2019-09-18 02:00:00,5753.1
2019-09-18 02:15:00,5758.1
2019-09-18 02:30:00,5758.1
2019-09-18 02:45:00,5763.0
2019-09-18 03:00:00,5805.5
2019-09-18 03:15:00,5815.6
2019-09-18 03:30:00,5829.1
2019-09-18 03:45:00,5853.1
2019-09-18 04:00:00,5948.0
2019-09-18 04:15:00,5998.9
2019-09-18 04:30:00,6071.1
2019-09-18 04:45:00,6160.4
2019-09-18 05:00:00,6371.4
2019-09-18 05:15:00,6512.6
2019-09-18 05:30:00,6615.9
2019-09-18 05:45:00,6687.7
2019-09-18 06:00:00,6744.3
2019-09-18 06:15:00,6776.9
2019-09-18 06:30:00,6802.4
2019-09-18 06:45:00,6847.8
2019-09-18 07:00:00,6864.8
2019-09-18 07:15:00,6891.4
2019-09-18 07:30:00,6897.4
2019-09-18 07:45:00,6905.1
2019-09-18 08:00:00,6880.8
2019-09-18 08:15:00,6898.9
2019-09-18 08:30:00,6918.7
2019-09-18 08:45:00,6950.7
2019-09-18 09:00:00,6942.1
2019-09-18 09:15:00,6954.8
2019-09-18 09:30:00,6961.7
2019-09-18 09:45:00,7004.2
2019-09-18 10:00:00,6996.0
2019-09-18 10:15:00,7000.2
2019-09-18 10:30:00,7010.8
2019-09-18 10:45:00,7021.4
2019-09-18 11:00:00,6986.1
2019-09-18 11:15:00,6977.1
2019-09-18 11:30:00,6962.3
2019-09-18 11:45:00,6963.4
2019-09-18 12:00:00,6968.7
2019-09-18 12:15:00,6970.9
2019-09-18 12:30:00,6975.3
2019-09-18 12:45:00,6944.3
2019-09-18 13:00:00,6937.2
2019-09-18 13:15:00,6921.4
2019-09-18 13:30:00,6891.4
2019-09-18 13:45:00,6880.2
2019-09-18 14:00:00,6866.7
2019-09-18 14:15:00,6854.0
2019-09-18 14:30:00,6822.0
2019-09-18 14:45:00,6797.6
2019-09-18 15:00:00,6805.9
2019-09-18 15:15:00,6778.6
2019-09-18 15:30:00,6747.8
2019-09-18 15:45:00,6724.4
2019-09-18 16:00:00,6754.2
2019-09-18 16:15:00,6750.0
2019-09-18 16:30:00,6744.9
2019-09-18 16:45:00,6730.2
2019-09-18 17:00:00,6721.8
2019-09-18 17:15:00,6717.8
2019-09-18 17:30:00,6703.1
2019-09-18 17:45:00,6722.7
2019-09-18 18:00:00,6732.8
2019-09-18 18:15:00,6729.1
2019-09-18 18:30:00,6779.1
2019-09-18 18:45:00,6816.1
2019-09-18 19:00:00,6791.2
2019-09-18 19:15:00,6731.7
2019-09-18 19:30:00,6656.2
2019-09-18 19:45:00,6599.1
2019-09-18 20:00:00,6541.6
2019-09-18 20:15:00,6478.0
2019-09-18 20:30:00,6417.0
2019-09-18 20:45:00,6365.9
2019-09-18 21:00:00,6307.9
2019-09-18 21:15:00,6246.7
2019-09-18 21:30:00,6181.7
2019-09-18 21:45:00,6134.6
2019-09-18 22:00:00,6092.3
2019-09-18 22:15:00,6045.2
2019-09-18 22:30:00,5998.7
2019-09-18 22:45:00,5959.3
2019-09-18 23:00:00,5894.1
2019-09-18 23:15:00,5871.1
2019-09-18 23:30:00,5852.2
2019-09-18 23:45:00,5818.9
2019-09-19 00:00:00,5772.0
2019-09-19 00:15:00,5752.9
2019-09-19 00:30:00,5738.1
2019-09-19 00:45:00,5721.4
2019-09-19 01:00:00,5707.7
2019-09-19 01:15:00,5691.0
2019-09-19 01:30:00,5692.1
2019-09-19 01:45:00,5676.7
2019-09-19 02:00:00,5713.9
2019-09-19 02:15:00,5720.5
2019-09-19 02:30:00,5720.9
2019-09-19 02:45:00,5724.7
2019-09-19 03:00:00,5747.8
2019-09-19 03:15:00,5766.3
2019-09-19 03:30:00,5794.9
2019-09-19 03:45:00,5847.4
2019-09-19 04:00:00,5909.7
2019-09-19 04:15:00,5964.8
2019-09-19 04:30:00,6020.5
2019-09-19 04:45:00,6107.7
2019-09-19 05:00:00,6335.7
2019-09-19 05:15:00,6472.5
2019-09-19 05:30:00,6564.8
2019-09-19 05:45:00,6627.8
2019-09-19 06:00:00,6665.9
2019-09-19 06:15:00,6698.5
2019-09-19 06:30:00,6733.0
2019-09-19 06:45:00,6768.1
2019-09-19 07:00:00,6819.6
2019-09-19 07:15:00,6839.2
2019-09-19 07:30:00,6847.6
2019-09-19 07:45:00,6865.2
2019-09-19 08:00:00,6823.3
2019-09-19 08:15:00,6852.9
2019-09-19 08:30:00,6877.8
2019-09-19 08:45:00,6893.4
2019-09-19 09:00:00,6876.4
2019-09-19 09:15:00,6886.3
2019-09-19 09:30:00,6896.7
2019-09-19 09:45:00,6916.3
2019-09-19 10:00:00,6952.2
2019-09-19 10:15:00,6988.1
2019-09-19 10:30:00,7014.5
2019-09-19 10:45:00,7034.8
2019-09-19 11:00:00,6982.6
2019-09-19 11:15:00,6986.6
2019-09-19 11:30:00,6964.1
2019-09-19 11:45:00,6957.5
2019-09-19 12:00:00,6918.1
2019-09-19 12:15:00,6904.6
2019-09-19 12:30:00,6886.8
2019-09-19 12:45:00,6851.5
2019-09-19 13:00:00,6843.0
2019-09-19 13:15:00,6841.4
2019-09-19 13:30:00,6825.8
2019-09-19 13:45:00,6796.9
2019-09-19 14:00:00,6807.5
2019-09-19 14:15:00,6770.7
2019-09-19 14:30:00,6751.5
2019-09-19 14:45:00,6728.2
2019-09-19 15:00:00,6704.6
2019-09-19 15:15:00,6696.7
2019-09-19 15:30:00,6672.7
2019-09-19 15:45:00,6663.2
2019-09-19 16:00:00,6664.5
2019-09-19 16:15:00,6650.7
2019-09-19 16:30:00,6652.9
2019-09-19 16:45:00,6655.1
2019-09-19 17:00:00,6657.3
2019-09-19 17:15:00,6650.9
2019-09-19 17:30:00,6654.4
2019-09-19 17:45:00,6672.5
2019-09-19 18:00:00,6713.4
2019-09-19 18:15:00,6723.1
2019-09-19 18:30:00,6771.1
2019-09-19 18:45:00,6809.7
2019-09-19 19:00:00,6790.7
2019-09-19 19:15:00,6741.9
2019-09-19 19:30:00,6677.8
2019-09-19 19:45:00,6617.0
2019-09-19 20:00:00,6512.1
2019-09-19 20:15:00,6448.7
2019-09-19 20:30:00,6391.4
2019-09-19 20:45:00,6330.0
2019-09-19 21:00:00,6293.2
2019-09-19 21:15:00,6241.9
2019-09-19 21:30:00,6176.4
2019-09-19 21:45:00,6118.5
2019-09-19 22:00:00,6049.6
2019-09-19 22:15:00,5994.5
2019-09-19 22:30:00,5958.6
2019-09-19 22:45:00,5914.5
2019-09-19 23:00:00,5843.8
2019-09-19 23:15:00,5808.6
2019-09-19 23:30:00,5777.5
2019-09-19 23:45:00,5762.1
2019-09-20 00:00:00,5750.9
2019-09-20 00:15:00,5733.9
2019-09-20 00:30:00,5720.3
2019-09-20 00:45:00,5701.3
2019-09-20 01:00:00,5681.7
2019-09-20 01:15:00,5696.7
2019-09-20 01:30:00,5695.4
2019-09-20 01:45:00,5700.7
2019-09-20 02:00:00,5711.7
2019-09-20 02:15:00,5721.4
2019-09-20 02:30:00,5726.4
2019-09-20 02:45:00,5734.4
2019-09-20 03:00:00,5765.0
2019-09-20 03:15:00,5791.0
2019-09-20 03:30:00,5809.5
2019-09-20 03:45:00,5846.7
2019-09-20 04:00:00,5926.0
2019-09-20 04:15:00,5983.9
2019-09-20 04:30:00,6055.7
2019-09-20 04:45:00,6152.0
2019-09-20 05:00:00,6318.5
2019-09-20 05:15:00,6437.0
2019-09-20 05:30:00,6541.4
2019-09-20 05:45:00,6610.4
2019-09-20 06:00:00,6635.7
2019-09-20 06:15:00,6684.6
2019-09-20 06:30:00,6716.1
2019-09-20 06:45:00,6753.3
2019-09-20 07:00:00,6809.3
2019-09-20 07:15:00,6839.9
2019-09-20 07:30:00,6846.9
2019-09-20 07:45:00,6853.3
2019-09-20 08:00:00,6821.1
2019-09-20 08:15:00,6834.8
2019-09-20 08:30:00,6850.4
2019-09-20 08:45:00,6877.3
2019-09-20 09:00:00,6879.1
2019-09-20 09:15:00,6884.8
2019-09-20 09:30:00,6889.6
2019-09-20 09:45:00,6932.2
2019-09-20 10:00:00,6970.9
2019-09-20 10:15:00,6980.0
2019-09-20 10:30:00,6968.3
2019-09-20 10:45:00,6974.2
2019-09-20 11:00:00,6927.1
2019-09-20 11:15:00,6905.1
2019-09-20 11:30:00,6887.0
2019-09-20 11:45:00,6877.5
2019-09-20 12:00:00,6859.3
2019-09-20 12:15:00,6822.5
2019-09-20 12:30:00,6802.6
2019-09-20 12:45:00,6781.5
2019-09-20 13:00:00,6738.3
2019-09-20 13:15:00,6713.4
2019-09-20 13:30:00,6694.7
2019-09-20 13:45:00,6667.2
2019-09-20 14:00:00,6632.8
2019-09-20 14:15:00,6606.6
2019-09-20 14:30:00,6568.5
2019-09-20 14:45:00,6562.8
2019-09-20 15:00:00,6563.7
2019-09-20 15:15:00,6555.9
2019-09-20 15:30:00,6531.3
2019-09-20 15:45:00,6524.7
2019-09-20 16:00:00,6564.5
2019-09-20 16:15:00,6565.2
2019-09-20 16:30:00,6561.0
2019-09-20 16:45:00,6564.8
2019-09-20 17:00:00,6557.7
2019-09-20 17:15:00,6546.5
2019-09-20 17:30:00,6552.0
2019-09-20 17:45:00,6559.9
2019-09-20 18:00:00,6578.2
2019-09-20 18:15:00,6581.7
2019-09-20 18:30:00,6625.1
2019-09-20 18:45:00,6662.3
2019-09-20 19:00:00,6631.3
2019-09-20 19:15:00,6568.3
2019-09-20 19:30:00,6510.8
2019-09-20 19:45:00,6465.9
2019-09-20 20:00:00,6391.9
2019-09-20 20:15:00,6337.0
2019-09-20 20:30:00,6279.5
2019-09-20 20:45:00,6220.0
2019-09-20 21:00:00,6172.7
2019-09-20 21:15:00,6130.6
2019-09-20 21:30:00,6067.0
2019-09-20 21:45:00,6008.1
2019-09-20 22:00:00,5959.7
2019-09-20 22:15:00,5907.9
2019-09-20 22:30:00,5871.1
2019-09-20 22:45:00,5845.6
2019-09-20 23:00:00,5772.7
2019-09-20 23:15:00,5731.1
2019-09-20 23:30:00,5687.7
2019-09-20 23:45:00,5661.0
2019-09-21 00:00:00,5659.9
2019-09-21 00:15:00,5641.0
2019-09-21 00:30:00,5616.5
2019-09-21 00:45:00,5613.9
2019-09-21 01:00:00,5587.7
2019-09-21 01:15:00,5575.6
2019-09-21 01:30:00,5565.9
2019-09-21 01:45:00,5557.5
2019-09-21 02:00:00,5545.6
2019-09-21 02:15:00,5538.1
2019-09-21 02:30:00,5543.4
2019-09-21 02:45:00,5543.8
2019-09-21 03:00:00,5547.6
2019-09-21 03:15:00,5548.9
2019-09-21 03:30:00,5559.0
2019-09-21 03:45:00,5571.6
2019-09-21 04:00:00,5603.3
2019-09-21 04:15:00,5596.3
2019-09-21 04:30:00,5600.7
2019-09-21 04:45:00,5620.9
2019-09-21 05:00:00,5685.7
2019-09-21 05:15:00,5713.0
2019-09-21 05:30:00,5739.6
2019-09-21 05:45:00,5756.4
2019-09-21 06:00:00,5828.2
2019-09-21 06:15:00,5854.8
2019-09-21 06:30:00,5908.1
2019-09-21 06:45:00,5965.2
2019-09-21 07:00:00,6021.8
2019-09-21 07:15:00,6062.1
2019-09-21 07:30:00,6084.6
2019-09-21 07:45:00,6141.0
2019-09-21 08:00:00,6136.1
2019-09-21 08:15:00,6170.3
2019-09-21 08:30:00,6205.7
2019-09-21 08:45:00,6242.7
2019-09-21 09:00:00,6277.3
2019-09-21 09:15:00,6304.4
2019-09-21 09:30:00,6304.2
2019-09-21 09:45:00,6333.5
2019-09-21 10:00:00,6331.9
2019-09-21 10:15:00,6339.4
2019-09-21 10:30:00,6348.2
2019-09-21 10:45:00,6349.6
2019-09-21 11:00:00,6305.1
2019-09-21 11:15:00,6291.0
2019-09-21 11:30:00,6275.6
2019-09-21 11:45:00,6251.8
2019-09-21 12:00:00,6241.0
2019-09-21 12:15:00,6220.0
2019-09-21 12:30:00,6202.0
2019-09-21 12:45:00,6174.4
2019-09-21 13:00:00,6139.4
2019-09-21 13:15:00,6132.2
2019-09-21 13:30:00,6119.8
2019-09-21 13:45:00,6089.0
2019-09-21 14:00:00,6094.7
2019-09-21 14:15:00,6080.0
2019-09-21 14:30:00,6055.9
2019-09-21 14:45:00,6047.4
2019-09-21 15:00:00,6024.4
2019-09-21 15:15:00,6016.5
2019-09-21 15:30:00,6017.6
2019-09-21 15:45:00,6015.0
2019-09-21 16:00:00,6030.6
2019-09-21 16:15:00,6050.7
2019-09-21 16:30:00,6056.8
2019-09-21 16:45:00,6074.2
2019-09-21 17:00:00,6104.4
2019-09-21 17:15:00,6114.8
2019-09-21 17:30:00,6125.8
2019-09-21 17:45:00,6136.1
2019-09-21 18:00:00,6134.6
2019-09-21 18:15:00,6144.1
2019-09-21 18:30:00,6184.1
2019-09-21 18:45:00,6203.1
2019-09-21 19:00:00,6200.2
2019-09-21 19:15:00,6150.0
2019-09-21 19:30:00,6097.1
2019-09-21 19:45:00,6059.0
2019-09-21 20:00:00,6001.8
2019-09-21 20:15:00,5966.1
2019-09-21 20:30:00,5928.6
2019-09-21 20:45:00,5897.6
2019-09-21 21:00:00,5878.0
2019-09-21 21:15:00,5847.4
2019-09-21 21:30:00,5796.0
2019-09-21 21:45:00,5766.1
2019-09-21 22:00:00,5694.9
2019-09-21 22:15:00,5665.2
2019-09-21 22:30:00,5628.0
2019-09-21 22:45:00,5604.2
2019-09-21 23:00:00,5544.5
2019-09-21 23:15:00,5513.9
2019-09-21 23:30:00,5483.5
2019-09-21 23:45:00,5466.5
2019-09-22 00:00:00,5427.5
2019-09-22 00:15:00,5402.9
2019-09-22 00:30:00,5380.8
2019-09-22 00:45:00,5367.0
2019-09-22 01:00:00,5334.1
2019-09-22 01:15:00,5321.4
2019-09-22 01:30:00,5314.1
2019-09-22 01:45:00,5304.2
2019-09-22 02:00:00,5307.7
2019-09-22 02:15:00,5305.7
2019-09-22 02:30:00,5312.3
2019-09-22 02:45:00,5305.1
2019-09-22 03:00:00,5331.3
2019-09-22 03:15:00,5339.4
2019-09-22 03:30:00,5339.0
2019-09-22 03:45:00,5346.5
2019-09-22 04:00:00,5362.6
2019-09-22 04:15:00,5361.7
2019-09-22 04:30:00,5370.5
2019-09-22 04:45:00,5377.5
2019-09-22 05:00:00,5407.9
2019-09-22 05:15:00,5422.5
2019-09-22 05:30:00,5423.3
2019-09-22 05:45:00,5446.0
2019-09-22 06:00:00,5476.4
2019-09-22 06:15:00,5518.7
2019-09-22 06:30:00,5555.9
2019-09-22 06:45:00,5608.1
2019-09-22 07:00:00,5637.4
2019-09-22 07:15:00,5695.6
2019-09-22 07:30:00,5737.7
2019-09-22 07:45:00,5779.1
2019-09-22 08:00:00,5816.7
2019-09-22 08:15:00,5840.7
2019-09-22 08:30:00,5888.1
2019-09-22 08:45:00,5918.7
2019-09-22 09:00:00,5944.1
2019-09-22 09:15:00,5963.2
2019-09-22 09:30:00,6005.9
2019-09-22 09:45:00,6026.2
2019-09-22 10:00:00,6021.1
2019-09-22 10:15:00,6054.0
2019-09-22 10:30:00,6070.5
2019-09-22 10:45:00,6069.6
2019-09-22 11:00:00,6049.1
2019-09-22 11:15:00,6027.1
2019-09-22 11:30:00,6022.0
2019-09-22 11:45:00,5985.0
2019-09-22 12:00:00,5979.7
2019-09-22 12:15:00,5960.6
2019-09-22 12:30:00,5934.6
2019-09-22 12:45:00,5890.3
2019-09-22 13:00:00,5866.3
2019-09-22 13:15:00,5861.2
2019-09-22 13:30:00,5861.7
2019-09-22 13:45:00,5827.1
2019-09-22 14:00:00,5811.0
2019-09-22 14:15:00,5803.1
2019-09-22 14:30:00,5791.2
2019-09-22 14:45:00,5778.9
2019-09-22 15:00:00,5786.6
2019-09-22 15:15:00,5781.3
2019-09-22 15:30:00,5779.1
2019-09-22 15:45:00,5787.4
2019-09-22 16:00:00,5857.5
2019-09-22 16:15:00,5878.9
2019-09-22 16:30:00,5909.0
2019-09-22 16:45:00,5942.7
2019-09-22 17:00:00,5957.5
2019-09-22 17:15:00,5976.0
2019-09-22 17:30:00,6001.3
2019-09-22 17:45:00,6026.4
2019-09-22 18:00:00,6011.2
2019-09-22 18:15:00,6048.5
2019-09-22 18:30:00,6112.1
2019-09-22 18:45:00,6164.3
2019-09-22 19:00:00,6179.7
2019-09-22 19:15:00,6141.4
2019-09-22 19:30:00,6105.1
2019-09-22 19:45:00,6068.9
2019-09-22 20:00:00,6030.0
2019-09-22 20:15:00,5991.6
2019-09-22 20:30:00,5980.6
2019-09-22 20:45:00,5968.3
2019-09-22 21:00:00,5958.4
2019-09-22 21:15:00,5917.8
2019-09-22 21:30:00,5882.8
2019-09-22 21:45:00,5833.3
2019-09-22 22:00:00,5782.4
2019-09-22 22:15:00,5720.9
2019-09-22 22:30:00,5690.5
2019-09-22 22:45:00,5659.7
2019-09-22 23:00:00,5632.4
2019-09-22 23:15:00,5615.0
2019-09-22 23:30:00,5611.2
2019-09-22 23:45:00,5599.6
2019-09-23 00:00:00,5587.9
2019-09-23 00:15:00,5569.4
2019-09-23 00:30:00,5565.2
2019-09-23 00:45:00,5554.6
2019-09-23 01:00:00,5535.2
2019-09-23 01:15:00,5522.7
2019-09-23 01:30:00,5528.0
2019-09-23 01:45:00,5534.6
2019-09-23 02:00:00,5563.2
2019-09-23 02:15:00,5580.6
2019-09-23 02:30:00,5594.9
2019-09-23 02:45:00,5601.5
2019-09-23 03:00:00,5635.5
2019-09-23 03:15:00,5656.8
2019-09-23 03:30:00,5696.3
2019-09-23 03:45:00,5725.6
2019-09-23 04:00:00,5793.6
2019-09-23 04:15:00,5839.4
2019-09-23 04:30:00,5913.2
2019-09-23 04:45:00,6013.4
2019-09-23 05:00:00,6225.6
2019-09-23 05:15:00,6368.1
2019-09-23 05:30:00,6478.6
2019-09-23 05:45:00,6574.0
2019-09-23 06:00:00,6678.0
2019-09-23 06:15:00,6704.6
2019-09-23 06:30:00,6741.6
2019-09-23 06:45:00,6772.7
2019-09-23 07:00:00,6840.1
2019-09-23 07:15:00,6861.0
2019-09-23 07:30:00,6876.7
2019-09-23 07:45:00,6888.8
2019-09-23 08:00:00,6869.8
2019-09-23 08:15:00,6888.1
2019-09-23 08:30:00,6924.9
2019-09-23 08:45:00,6944.3
2019-09-23 09:00:00,6984.1
2019-09-23 09:15:00,7002.2
2019-09-23 09:30:00,7023.1
2019-09-23 09:45:00,7039.0
2019-09-23 10:00:00,7046.3
2019-09-23 10:15:00,7055.9
2019-09-23 10:30:00,7057.0
2019-09-23 10:45:00,7058.4
2019-09-23 11:00:00,7039.2
2019-09-23 11:15:00,7025.1
2019-09-23 11:30:00,7031.3
2019-09-23 11:45:00,7016.3
2019-09-23 12:00:00,7024.4
2019-09-23 12:15:00,7012.8
2019-09-23 12:30:00,7004.4
2019-09-23 12:45:00,6985.0
2019-09-23 13:00:00,6971.6
2019-09-23 13:15:00,6952.9
2019-09-23 13:30:00,6938.8
2019-09-23 13:45:00,6924.9
2019-09-23 14:00:00,6910.6
2019-09-23 14:15:00,6882.6
2019-09-23 14:30:00,6867.4
2019-09-23 14:45:00,6850.7
2019-09-23 15:00:00,6809.7
2019-09-23 15:15:00,6783.7
2019-09-23 15:30:00,6769.4
2019-09-23 15:45:00,6774.4
2019-09-23 16:00:00,6805.1
2019-09-23 16:15:00,6795.4
2019-09-23 16:30:00,6808.4
2019-09-23 16:45:00,6813.9
2019-09-23 17:00:00,6803.5
2019-09-23 17:15:00,6791.6
2019-09-23 17:30:00,6805.3
2019-09-23 17:45:00,6829.7
2019-09-23 18:00:00,6836.6
2019-09-23 18:15:00,6847.1
2019-09-23 18:30:00,6908.8
2019-09-23 18:45:00,6920.0
2019-09-23 19:00:00,6870.0
2019-09-23 19:15:00,6782.4
2019-09-23 19:30:00,6720.5
2019-09-23 19:45:00,6654.4
2019-09-23 20:00:00,6582.2
2019-09-23 20:15:00,6523.6
2019-09-23 20:30:00,6455.5
2019-09-23 20:45:00,6398.0
2019-09-23 21:00:00,6329.5
2019-09-23 21:15:00,6267.2
2019-09-23 21:30:00,6188.3
2019-09-23 21:45:00,6133.7
2019-09-23 22:00:00,6071.8
2019-09-23 22:15:00,6023.8
2019-09-23 22:30:00,5961.5
2019-09-23 22:45:00,5943.2
2019-09-23 23:00:00,5893.2
2019-09-23 23:15:00,5862.6
2019-09-23 23:30:00,5854.4
2019-09-23 23:45:00,5808.8
2019-09-24 00:00:00,5794.3
2019-09-24 00:15:00,5781.1
2019-09-24 00:30:00,5758.4
2019-09-24 00:45:00,5730.4
2019-09-24 01:00:00,5709.3
2019-09-24 01:15:00,5713.4
2019-09-24 01:30:00,5715.6
2019-09-24 01:45:00,5718.3
2019-09-24 02:00:00,5725.1
2019-09-24 02:15:00,5729.7
2019-09-24 02:30:00,5730.6
2019-09-24 02:45:00,5739.9
2019-09-24 03:00:00,5763.0
2019-09-24 03:15:00,5794.5
2019-09-24 03:30:00,5812.8
2019-09-24 03:45:00,5847.4
2019-09-24 04:00:00,5921.6
2019-09-24 04:15:00,5983.7
2019-09-24 04:30:00,6061.2
2019-09-24 04:45:00,6138.3
2019-09-24 05:00:00,6325.1
2019-09-24 05:15:00,6464.5
2019-09-24 05:30:00,6575.8
2019-09-24 05:45:00,6650.9
2019-09-24 06:00:00,6729.3
2019-09-24 06:15:00,6754.2
2019-09-24 06:30:00,6785.5
2019-09-24 06:45:00,6827.1
2019-09-24 07:00:00,6874.2
2019-09-24 07:15:00,6885.0
2019-09-24 07:30:00,6911.7
2019-09-24 07:45:00,6924.7
2019-09-24 08:00:00,6918.7
2019-09-24 08:15:00,6947.8
2019-09-24 08:30:00,6969.2
2019-09-24 08:45:00,6968.5
2019-09-24 09:00:00,6988.1
2019-09-24 09:15:00,6984.1
2019-09-24 09:30:00,7008.1
2019-09-24 09:45:00,7023.1
2019-09-24 10:00:00,7031.5
2019-09-24 10:15:00,7045.4
2019-09-24 10:30:00,7059.0
2019-09-24 10:45:00,7050.2
2019-09-24 11:00:00,7027.3
2019-09-24 11:15:00,7016.3
2019-09-24 11:30:00,7016.3
2019-09-24 11:45:00,7011.5
2019-09-24 12:00:00,7001.1
2019-09-24 12:15:00,6990.3
2019-09-24 12:30:00,6973.3
2019-09-24 12:45:00,6951.1
2019-09-24 13:00:00,6937.0
2019-09-24 13:15:00,6927.8
2019-09-24 13:30:00,6931.5
2019-09-24 13:45:00,6926.7
2019-09-24 14:00:00,6898.0
2019-09-24 14:15:00,6864.8
2019-09-24 14:30:00,6846.3
2019-09-24 14:45:00,6816.5
2019-09-24 15:00:00,6813.4
2019-09-24 15:15:00,6795.8
2019-09-24 15:30:00,6787.0
2019-09-24 15:45:00,6782.4
2019-09-24 16:00:00,6791.0
2019-09-24 16:15:00,6790.1
2019-09-24 16:30:00,6807.3
2019-09-24 16:45:00,6810.1
2019-09-24 17:00:00,6792.3
2019-09-24 17:15:00,6786.3
2019-09-24 17:30:00,6828.0
2019-09-24 17:45:00,6843.8
2019-09-24 18:00:00,6869.8
2019-09-24 18:15:00,6893.8
2019-09-24 18:30:00,6936.1
2019-09-24 18:45:00,6933.9
2019-09-24 19:00:00,6883.9
2019-09-24 19:15:00,6804.4
2019-09-24 19:30:00,6760.4
2019-09-24 19:45:00,6701.8
2019-09-24 20:00:00,6644.5
2019-09-24 20:15:00,6577.3
2019-09-24 20:30:00,6505.5
2019-09-24 20:45:00,6432.8
2019-09-24 21:00:00,6377.3
2019-09-24 21:15:00,6323.1
2019-09-24 21:30:00,6255.5
2019-09-24 21:45:00,6187.4
2019-09-24 22:00:00,6106.4
2019-09-24 22:15:00,6058.4
2019-09-24 22:30:00,6002.2
2019-09-24 22:45:00,5957.7
2019-09-24 23:00:00,5928.2
2019-09-24 23:15:00,5887.0
2019-09-24 23:30:00,5858.4
2019-09-24 23:45:00,5854.8
2019-09-25 00:00:00,5814.8
2019-09-25 00:15:00,5792.1
2019-09-25 00:30:00,5766.1
2019-09-25 00:45:00,5751.1
2019-09-25 01:00:00,5738.1
2019-09-25 01:15:00,5714.5
2019-09-25 01:30:00,5723.6
2019-09-25 01:45:00,5725.3
2019-09-25 02:00:00,5741.6
2019-09-25 02:15:00,5740.5
2019-09-25 02:30:00,5742.3
2019-09-25 02:45:00,5756.4
2019-09-25 03:00:00,5775.8
2019-09-25 03:15:00,5788.5
2019-09-25 03:30:00,5825.6
2019-09-25 03:45:00,5868.3
2019-09-25 04:00:00,5950.2
2019-09-25 04:15:00,6005.1
2019-09-25 04:30:00,6066.5
2019-09-25 04:45:00,6183.7
2019-09-25 05:00:00,6374.4
2019-09-25 05:15:00,6504.6
2019-09-25 05:30:00,6609.3
2019-09-25 05:45:00,6698.7
2019-09-25 06:00:00,6804.2
2019-09-25 06:15:00,6833.7
2019-09-25 06:30:00,6860.4
2019-09-25 06:45:00,6884.6
2019-09-25 07:00:00,6922.2
2019-09-25 07:15:00,6920.5
2019-09-25 07:30:00,6925.1
2019-09-25 07:45:00,6925.1
2019-09-25 08:00:00,6926.0
2019-09-25 08:15:00,6926.2
2019-09-25 08:30:00,6949.6
2019-09-25 08:45:00,6968.1
2019-09-25 09:00:00,7002.4
2019-09-25 09:15:00,7017.8
2019-09-25 09:30:00,7033.9
2019-09-25 09:45:00,7038.8
2019-09-25 10:00:00,7076.2
2019-09-25 10:15:00,7080.8
2019-09-25 10:30:00,7104.4
2019-09-25 10:45:00,7092.5
2019-09-25 11:00:00,7072.5
2019-09-25 11:15:00,7048.7
2019-09-25 11:30:00,7058.6
2019-09-25 11:45:00,7054.6
2019-09-25 12:00:00,7032.4
2019-09-25 12:15:00,7008.6
2019-09-25 12:30:00,6994.7
2019-09-25 12:45:00,6947.8
2019-09-25 13:00:00,6925.8
2019-09-25 13:15:00,6915.6
2019-09-25 13:30:00,6924.0
2019-09-25 13:45:00,6893.0
2019-09-25 14:00:00,6881.3
2019-09-25 14:15:00,6872.0
2019-09-25 14:30:00,6873.1
2019-09-25 14:45:00,6839.2
2019-09-25 15:00:00,6825.6
2019-09-25 15:15:00,6797.6
2019-09-25 15:30:00,6780.2
2019-09-25 15:45:00,6755.5
2019-09-25 16:00:00,6744.3
2019-09-25 16:15:00,6751.8
2019-09-25 16:30:00,6780.6
2019-09-25 16:45:00,6787.9
2019-09-25 17:00:00,6796.5
2019-09-25 17:15:00,6786.6
2019-09-25 17:30:00,6807.7
2019-09-25 17:45:00,6827.1
2019-09-25 18:00:00,6863.7
2019-09-25 18:15:00,6888.5
2019-09-25 18:30:00,6930.2
2019-09-25 18:45:00,6917.6
2019-09-25 19:00:00,6838.5
2019-09-25 19:15:00,6767.4
2019-09-25 19:30:00,6703.3
2019-09-25 19:45:00,6639.6
2019-09-25 20:00:00,6600.2
2019-09-25 20:15:00,6531.9
2019-09-25 20:30:00,6474.0
2019-09-25 20:45:00,6429.5
2019-09-25 21:00:00,6389.4
2019-09-25 21:15:00,6320.9
2019-09-25 21:30:00,6251.1
2019-09-25 21:45:00,6192.3
2019-09-25 22:00:00,6120.3
2019-09-25 22:15:00,6063.9
2019-09-25 22:30:00,6017.6
2019-09-25 22:45:00,5980.6
2019-09-25 23:00:00,5934.1
2019-09-25 23:15:00,5906.2
2019-09-25 23:30:00,5882.2
2019-09-25 23:45:00,5863.4
2019-09-26 00:00:00,5834.6
2019-09-26 00:15:00,5818.3
2019-09-26 00:30:00,5802.0
2019-09-26 00:45:00,5783.0
2019-09-26 01:00:00,5748.7
2019-09-26 01:15:00,5752.6
2019-09-26 01:30:00,5752.2
2019-09-26 01:45:00,5767.8
2019-09-26 02:00:00,5775.6
2019-09-26 02:15:00,5772.0
2019-09-26 02:30:00,5771.4
2019-09-26 02:45:00,5788.1
2019-09-26 03:00:00,5809.9
2019-09-26 03:15:00,5835.7
2019-09-26 03:30:00,5858.6
2019-09-26 03:45:00,5883.0
2019-09-26 04:00:00,5967.0
2019-09-26 04:15:00,6026.7
2019-09-26 04:30:00,6092.7
2019-09-26 04:45:00,6190.5
2019-09-26 05:00:00,6373.6
2019-09-26 05:15:00,6513.2
2019-09-26 05:30:00,6626.9
2019-09-26 05:45:00,6690.3
2019-09-26 06:00:00,6752.9
2019-09-26 06:15:00,6778.4
2019-09-26 06:30:00,6813.9
2019-09-26 06:45:00,6853.7
2019-09-26 07:00:00,6885.5
2019-09-26 07:15:00,6914.8
2019-09-26 07:30:00,6935.5
2019-09-26 07:45:00,6947.6
2019-09-26 08:00:00,6947.8
2019-09-26 08:15:00,6965.6
2019-09-26 08:30:00,6980.6
2019-09-26 08:45:00,6991.9
2019-09-26 09:00:00,6985.2
2019-09-26 09:15:00,7007.7
2019-09-26 09:30:00,7025.6
2019-09-26 09:45:00,7048.5
2019-09-26 10:00:00,7056.6
2019-09-26 10:15:00,7086.6
2019-09-26 10:30:00,7094.1
2019-09-26 10:45:00,7101.1
2019-09-26 11:00:00,7072.2
2019-09-26 11:15:00,7054.4
2019-09-26 11:30:00,7040.5
2019-09-26 11:45:00,7048.0
2019-09-26 12:00:00,7044.1
2019-09-26 12:15:00,7030.4
2019-09-26 12:30:00,7000.4
2019-09-26 12:45:00,6968.7
2019-09-26 13:00:00,6955.3
2019-09-26 13:15:00,6959.5
2019-09-26 13:30:00,6952.2
2019-09-26 13:45:00,6933.0
2019-09-26 14:00:00,6958.8
2019-09-26 14:15:00,6925.6
2019-09-26 14:30:00,6916.3
2019-09-26 14:45:00,6893.6
2019-09-26 15:00:00,6873.1
2019-09-26 15:15:00,6859.3
2019-09-26 15:30:00,6849.8
2019-09-26 15:45:00,6832.6
2019-09-26 16:00:00,6814.5
2019-09-26 16:15:00,6821.4
2019-09-26 16:30:00,6823.3
2019-09-26 16:45:00,6837.2
2019-09-26 17:00:00,6816.1
2019-09-26 17:15:00,6819.2
2019-09-26 17:30:00,6837.0
2019-09-26 17:45:00,6860.4
2019-09-26 18:00:00,6897.4
2019-09-26 18:15:00,6920.0
2019-09-26 18:30:00,6941.2
2019-09-26 18:45:00,6926.2
2019-09-26 19:00:00,6886.3
2019-09-26 19:15:00,6810.1
2019-09-26 19:30:00,6749.1
2019-09-26 19:45:00,6701.1
2019-09-26 20:00:00,6662.8
2019-09-26 20:15:00,6584.8
2019-09-26 20:30:00,6526.7
2019-09-26 20:45:00,6481.3
2019-09-26 21:00:00,6430.0
2019-09-26 21:15:00,6371.4
2019-09-26 21:30:00,6319.2
2019-09-26 21:45:00,6252.0
2019-09-26 22:00:00,6178.4
2019-09-26 22:15:00,6128.6
2019-09-26 22:30:00,6075.3
2019-09-26 22:45:00,6035.5
2019-09-26 23:00:00,5999.1
2019-09-26 23:15:00,5974.2
2019-09-26 23:30:00,5945.6
2019-09-26 23:45:00,5921.4
2019-09-27 00:00:00,5880.4
2019-09-27 00:15:00,5867.0
2019-09-27 00:30:00,5851.3
2019-09-27 00:45:00,5826.4
2019-09-27 01:00:00,5821.1
2019-09-27 01:15:00,5822.9
2019-09-27 01:30:00,5817.8
2019-09-27 01:45:00,5816.3
2019-09-27 02:00:00,5816.7
2019-09-27 02:15:00,5824.4
2019-09-27 02:30:00,5825.3
2019-09-27 02:45:00,5830.0
2019-09-27 03:00:00,5850.9
2019-09-27 03:15:00,5870.0
2019-09-27 03:30:00,5883.5
2019-09-27 03:45:00,5928.9
2019-09-27 04:00:00,6001.5
2019-09-27 04:15:00,6044.5
2019-09-27 04:30:00,6101.5
2019-09-27 04:45:00,6204.2
2019-09-27 05:00:00,6398.0
2019-09-27 05:15:00,6531.3
2019-09-27 05:30:00,6633.9
2019-09-27 05:45:00,6723.3
2019-09-27 06:00:00,6813.9
2019-09-27 06:15:00,6834.1
2019-09-27 06:30:00,6864.8
2019-09-27 06:45:00,6911.7
2019-09-27 07:00:00,6974.4
2019-09-27 07:15:00,7013.2
2019-09-27 07:30:00,7032.2
2019-09-27 07:45:00,7045.6
2019-09-27 08:00:00,7051.5
2019-09-27 08:15:00,7060.8
2019-09-27 08:30:00,7088.5
2019-09-27 08:45:00,7097.4
2019-09-27 09:00:00,7097.1
2019-09-27 09:15:00,7106.2
2019-09-27 09:30:00,7114.1
2019-09-27 09:45:00,7129.3
2019-09-27 10:00:00,7143.6
2019-09-27 10:15:00,7153.7
2019-09-27 10:30:00,7170.7
2019-09-27 10:45:00,7152.0
2019-09-27 11:00:00,7129.7
2019-09-27 11:15:00,7119.6
2019-09-27 11:30:00,7116.5
2019-09-27 11:45:00,7109.0
2019-09-27 12:00:00,7077.8
2019-09-27 12:15:00,7042.5
2019-09-27 12:30:00,6989.9
2019-09-27 12:45:00,6948.5
2019-09-27 13:00:00,6925.3
2019-09-27 13:15:00,6903.1
2019-09-27 13:30:00,6878.9
2019-09-27 13:45:00,6852.0
2019-09-27 14:00:00,6969.8
2019-09-27 14:15:00,6830.4
2019-09-27 14:30:00,6804.4
2019-09-27 14:45:00,6779.7
2019-09-27 15:00:00,6795.6
2019-09-27 15:15:00,6769.4
2019-09-27 15:30:00,6746.9
2019-09-27 15:45:00,6737.0
2019-09-27 16:00:00,6729.3
2019-09-27 16:15:00,6726.2
2019-09-27 16:30:00,6716.3
2019-09-27 16:45:00,6718.1
2019-09-27 17:00:00,6710.8
2019-09-27 17:15:00,6691.2
2019-09-27 17:30:00,6704.2
2019-09-27 17:45:00,6701.3
2019-09-27 18:00:00,6752.2
2019-09-27 18:15:00,6771.1
2019-09-27 18:30:00,6795.4
2019-09-27 18:45:00,6783.9
2019-09-27 19:00:00,6725.8
2019-09-27 19:15:00,6662.6
2019-09-27 19:30:00,6611.2
2019-09-27 19:45:00,6538.1
2019-09-27 20:00:00,6468.7
2019-09-27 20:15:00,6410.8
2019-09-27 20:30:00,6351.5
2019-09-27 20:45:00,6294.1
2019-09-27 21:00:00,6270.7
2019-09-27 21:15:00,6229.1
2019-09-27 21:30:00,6180.6
2019-09-27 21:45:00,6104.4
2019-09-27 22:00:00,6039.6
2019-09-27 22:15:00,5995.8
2019-09-27 22:30:00,5950.9
2019-09-27 22:45:00,5902.6
2019-09-27 23:00:00,5842.3
2019-09-27 23:15:00,5818.9
2019-09-27 23:30:00,5782.4
2019-09-27 23:45:00,5756.6
2019-09-28 00:00:00,5755.7
2019-09-28 00:15:00,5725.8
2019-09-28 00:30:00,5703.5
2019-09-28 00:45:00,5685.0
2019-09-28 01:00:00,5627.3
2019-09-28 01:15:00,5606.6
2019-09-28 01:30:00,5611.2
2019-09-28 01:45:00,5606.8
2019-09-28 02:00:00,5636.1
2019-09-28 02:15:00,5631.7
2019-09-28 02:30:00,5636.6
2019-09-28 02:45:00,5635.7
2019-09-28 03:00:00,5653.5
2019-09-28 03:15:00,5651.3
2019-09-28 03:30:00,5666.5
2019-09-28 03:45:00,5673.1
2019-09-28 04:00:00,5663.0
2019-09-28 04:15:00,5674.0
2019-09-28 04:30:00,5692.3
2019-09-28 04:45:00,5717.2
2019-09-28 05:00:00,5754.2
2019-09-28 05:15:00,5808.1
2019-09-28 05:30:00,5840.3
2019-09-28 05:45:00,5870.9
2019-09-28 06:00:00,5910.8
2019-09-28 06:15:00,5933.7
2019-09-28 06:30:00,5987.0
2019-09-28 06:45:00,6030.2
2019-09-28 07:00:00,6119.4
2019-09-28 07:15:00,6165.0
2019-09-28 07:30:00,6215.0
2019-09-28 07:45:00,6231.5
2019-09-28 08:00:00,6226.9
2019-09-28 08:15:00,6247.4
2019-09-28 08:30:00,6302.9
2019-09-28 08:45:00,6344.5
2019-09-28 09:00:00,6393.6
2019-09-28 09:15:00,6415.4
2019-09-28 09:30:00,6439.0
2019-09-28 09:45:00,6458.4
2019-09-28 10:00:00,6479.5
2019-09-28 10:15:00,6476.7
2019-09-28 10:30:00,6504.2
2019-09-28 10:45:00,6493.8
2019-09-28 11:00:00,6469.6
2019-09-28 11:15:00,6470.7
2019-09-28 11:30:00,6444.9
2019-09-28 11:45:00,6419.4
2019-09-28 12:00:00,6380.2
2019-09-28 12:15:00,6344.9
2019-09-28 12:30:00,6332.6
2019-09-28 12:45:00,6300.9
2019-09-28 13:00:00,6275.6
2019-09-28 13:15:00,6249.6
2019-09-28 13:30:00,6211.7
2019-09-28 13:45:00,6215.2
2019-09-28 14:00:00,6225.3
2019-09-28 14:15:00,6234.4
2019-09-28 14:30:00,6222.7
2019-09-28 14:45:00,6200.4
2019-09-28 15:00:00,6208.8
2019-09-28 15:15:00,6185.9
2019-09-28 15:30:00,6168.5
2019-09-28 15:45:00,6148.0
2019-09-28 16:00:00,6180.8
2019-09-28 16:15:00,6188.1
2019-09-28 16:30:00,6195.2
2019-09-28 16:45:00,6202.4
2019-09-28 17:00:00,6202.9
2019-09-28 17:15:00,6212.8
2019-09-28 17:30:00,6227.3
2019-09-28 17:45:00,6228.6
2019-09-28 18:00:00,6267.0
2019-09-28 18:15:00,6292.1
2019-09-28 18:30:00,6331.7
2019-09-28 18:45:00,6299.6
2019-09-28 19:00:00,6263.7
2019-09-28 19:15:00,6210.4
2019-09-28 19:30:00,6160.6
2019-09-28 19:45:00,6117.0
2019-09-28 20:00:00,6076.4
2019-09-28 20:15:00,6033.5
2019-09-28 20:30:00,5991.4
2019-09-28 20:45:00,5963.7
2019-09-28 21:00:00,5965.6
2019-09-28 21:15:00,5937.7
2019-09-28 21:30:00,5880.4
2019-09-28 21:45:00,5834.1
2019-09-28 22:00:00,5780.0
2019-09-28 22:15:00,5761.7
2019-09-28 22:30:00,5720.3
2019-09-28 22:45:00,5692.3
2019-09-28 23:00:00,5666.5
2019-09-28 23:15:00,5635.7
2019-09-28 23:30:00,5613.2
2019-09-28 23:45:00,5585.9
2019-09-29 00:00:00,5558.4
2019-09-29 00:15:00,5533.0
2019-09-29 00:30:00,5517.6
2019-09-29 00:45:00,5493.6
2019-09-29 01:00:00,5468.7
2019-09-29 01:15:00,5447.8
2019-09-29 01:30:00,5448.9
2019-09-29 01:45:00,5439.9
2019-09-29 02:00:00,5439.0
2019-09-29 02:15:00,5429.7
2019-09-29 02:30:00,5415.9
2019-09-29 02:45:00,5405.5
2019-09-29 03:00:00,5414.8
2019-09-29 03:15:00,5425.1
2019-09-29 03:30:00,5421.4
2019-09-29 03:45:00,5412.3
2019-09-29 04:00:00,5414.8
2019-09-29 04:15:00,5418.7
2019-09-29 04:30:00,5416.1
2019-09-29 04:45:00,5422.9
2019-09-29 05:00:00,5468.7
2019-09-29 05:15:00,5466.1
2019-09-29 05:30:00,5484.8
2019-09-29 05:45:00,5499.6
2019-09-29 06:00:00,5558.1
2019-09-29 06:15:00,5565.9
2019-09-29 06:30:00,5594.9
2019-09-29 06:45:00,5637.4
2019-09-29 07:00:00,5716.3
2019-09-29 07:15:00,5766.5
2019-09-29 07:30:00,5806.6
2019-09-29 07:45:00,5863.4
2019-09-29 08:00:00,5922.9
2019-09-29 08:15:00,5960.6
2019-09-29 08:30:00,5982.8
2019-09-29 08:45:00,6041.9
2019-09-29 09:00:00,6080.4
2019-09-29 09:15:00,6125.6
2019-09-29 09:30:00,6161.9
2019-09-29 09:45:00,6189.0
2019-09-29 10:00:00,6221.1
2019-09-29 10:15:00,6258.8
2019-09-29 10:30:00,6284.6
2019-09-29 10:45:00,6298.5
2019-09-29 11:00:00,6277.8
2019-09-29 11:15:00,6274.7
2019-09-29 11:30:00,6257.7
2019-09-29 11:45:00,6239.9
2019-09-29 12:00:00,6225.8
2019-09-29 12:15:00,6191.4
2019-09-29 12:30:00,6174.2
2019-09-29 12:45:00,6162.6
2019-09-29 13:00:00,6127.3
2019-09-29 13:15:00,6125.8
2019-09-29 13:30:00,6091.2
2019-09-29 13:45:00,6092.5
2019-09-29 14:00:00,6107.0
2019-09-29 14:15:00,6071.8
2019-09-29 14:30:00,6043.8
2019-09-29 14:45:00,6018.5
2019-09-29 15:00:00,6041.9
2019-09-29 15:15:00,6046.5
2019-09-29 15:30:00,6043.0
2019-09-29 15:45:00,6069.8
2019-09-29 16:00:00,6122.2
2019-09-29 16:15:00,6133.9
2019-09-29 16:30:00,6153.5
2019-09-29 16:45:00,6159.9
2019-09-29 17:00:00,6190.3
2019-09-29 17:15:00,6203.5
2019-09-29 17:30:00,6199.8
2019-09-29 17:45:00,6213.4
2019-09-29 18:00:00,6253.3
2019-09-29 18:15:00,6270.9
2019-09-29 18:30:00,6277.1
2019-09-29 18:45:00,6253.1
2019-09-29 19:00:00,6228.2
2019-09-29 19:15:00,6184.4
2019-09-29 19:30:00,6139.2
2019-09-29 19:45:00,6127.3
2019-09-29 20:00:00,6110.4
2019-09-29 20:15:00,6084.4
2019-09-29 20:30:00,6067.6
2019-09-29 20:45:00,6055.3
2019-09-29 21:00:00,6065.9
2019-09-29 21:15:00,6029.7
2019-09-29 21:30:00,5975.6
2019-09-29 21:45:00,5927.5
2019-09-29 22:00:00,5884.4
2019-09-29 22:15:00,5850.4
2019-09-29 22:30:00,5808.1
2019-09-29 22:45:00,5779.1
2019-09-29 23:00:00,5805.7
2019-09-29 23:15:00,5782.6
2019-09-29 23:30:00,5774.2
2019-09-29 23:45:00,5745.2
2019-09-30 00:00:00,5728.6
2019-09-30 00:15:00,5715.0
2019-09-30 00:30:00,5704.2
2019-09-30 00:45:00,5683.5
2019-09-30 01:00:00,5667.2
2019-09-30 01:15:00,5674.4
2019-09-30 01:30:00,5683.0
2019-09-30 01:45:00,5678.9
2019-09-30 02:00:00,5708.4
2019-09-30 02:15:00,5733.5
2019-09-30 02:30:00,5765.4
2019-09-30 02:45:00,5769.6
2019-09-30 03:00:00,5810.4
2019-09-30 03:15:00,5843.2
2019-09-30 03:30:00,5873.1
2019-09-30 03:45:00,5909.5
2019-09-30 04:00:00,5956.4
2019-09-30 04:15:00,6020.9
2019-09-30 04:30:00,6108.6
2019-09-30 04:45:00,6224.0
2019-09-30 05:00:00,6442.1
2019-09-30 05:15:00,6566.5
2019-09-30 05:30:00,6662.6
2019-09-30 05:45:00,6749.6
2019-09-30 06:00:00,6822.9
2019-09-30 06:15:00,6876.4
2019-09-30 06:30:00,6910.1
2019-09-30 06:45:00,6926.4
2019-09-30 07:00:00,6961.0
2019-09-30 07:15:00,7000.2
2019-09-30 07:30:00,7009.7
2019-09-30 07:45:00,7022.2
2019-09-30 08:00:00,6995.8
2019-09-30 08:15:00,7030.0
2019-09-30 08:30:00,7043.4
2019-09-30 08:45:00,7065.6
2019-09-30 09:00:00,7066.7
2019-09-30 09:15:00,7080.8
2019-09-30 09:30:00,7109.3
2019-09-30 09:45:00,7147.8
2019-09-30 10:00:00,7185.0
2019-09-30 10:15:00,7210.6
2019-09-30 10:30:00,7215.6
2019-09-30 10:45:00,7213.7
2019-09-30 11:00:00,7174.2
2019-09-30 11:15:00,7164.1
2019-09-30 11:30:00,7152.6
2019-09-30 11:45:00,7152.0
2019-09-30 12:00:00,7153.1
2019-09-30 12:15:00,7147.8
2019-09-30 12:30:00,7110.1
2019-09-30 12:45:00,7069.4
2019-09-30 13:00:00,7049.1
2019-09-30 13:15:00,7034.8
2019-09-30 13:30:00,6996.0
2019-09-30 13:45:00,6989.4
2019-09-30 14:00:00,7006.4
2019-09-30 14:15:00,6984.8
2019-09-30 14:30:00,6943.8
2019-09-30 14:45:00,6912.6
2019-09-30 15:00:00,6898.0
2019-09-30 15:15:00,6868.3
2019-09-30 15:30:00,6852.0
2019-09-30 15:45:00,6804.4
2019-09-30 16:00:00,6821.1
2019-09-30 16:15:00,6815.2
2019-09-30 16:30:00,6804.0
2019-09-30 16:45:00,6806.8
2019-09-30 17:00:00,6817.2
2019-09-30 17:15:00,6835.2
2019-09-30 17:30:00,6837.0
2019-09-30 17:45:00,6866.5
2019-09-30 18:00:00,6898.0
2019-09-30 18:15:00,6931.9
2019-09-30 18:30:00,6953.3
2019-09-30 18:45:00,6934.6
2019-09-30 19:00:00,6864.3
2019-09-30 19:15:00,6786.1
2019-09-30 19:30:00,6732.2
2019-09-30 19:45:00,6672.9
2019-09-30 20:00:00,6609.0
2019-09-30 20:15:00,6551.8
2019-09-30 20:30:00,6486.1
2019-09-30 20:45:00,6418.3
2019-09-30 21:00:00,6371.4
2019-09-30 21:15:00,6319.4
2019-09-30 21:30:00,6250.2
2019-09-30 21:45:00,6189.6
2019-09-30 22:00:00,6110.4
2019-09-30 22:15:00,6052.0
2019-09-30 22:30:00,6003.7
2019-09-30 22:45:00,5961.5
2019-09-30 23:00:00,5943.0
2019-09-30 23:15:00,5911.2
2019-09-30 23:30:00,5884.1
2019-09-30 23:45:00,5870.3
2019-10-01 00:00:00,5870.5
2019-10-01 00:15:00,5855.3
2019-10-01 00:30:00,5831.3
2019-10-01 00:45:00,5823.6
2019-10-01 01:00:00,5819.2
2019-10-01 01:15:00,5796.3
2019-10-01 01:30:00,5805.5
2019-10-01 01:45:00,5801.1
2019-10-01 02:00:00,5810.4
2019-10-01 02:15:00,5817.2
2019-10-01 02:30:00,5825.8
2019-10-01 02:45:00,5837.9
2019-10-01 03:00:00,5875.6
2019-10-01 03:15:00,5895.6
2019-10-01 03:30:00,5924.9
2019-10-01 03:45:00,5968.1
2019-10-01 04:00:00,6055.1
2019-10-01 04:15:00,6108.8
2019-10-01 04:30:00,6167.6
2019-10-01 04:45:00,6259.3
2019-10-01 05:00:00,6397.6
2019-10-01 05:15:00,6520.3
2019-10-01 05:30:00,6629.7
2019-10-01 05:45:00,6714.5
2019-10-01 06:00:00,6822.2
2019-10-01 06:15:00,6858.4
2019-10-01 06:30:00,6895.2
2019-10-01 06:45:00,6925.3
2019-10-01 07:00:00,6973.8
2019-10-01 07:15:00,7009.0
2019-10-01 07:30:00,7026.9
2019-10-01 07:45:00,7040.5
2019-10-01 08:00:00,7015.2
2019-10-01 08:15:00,7038.3
2019-10-01 08:30:00,7041.9
2019-10-01 08:45:00,7055.5
2019-10-01 09:00:00,7100.4
2019-10-01 09:15:00,7110.1
2019-10-01 09:30:00,7123.3
2019-10-01 09:45:00,7143.6
2019-10-01 10:00:00,7156.6
2019-10-01 10:15:00,7180.2
2019-10-01 10:30:00,7189.6
2019-10-01 10:45:00,7197.4
2019-10-01 11:00:00,7163.9
2019-10-01 11:15:00,7161.7
2019-10-01 11:30:00,7162.6
2019-10-01 11:45:00,7159.7
2019-10-01 12:00:00,7158.6
2019-10-01 12:15:00,7155.7
2019-10-01 12:30:00,7149.6
2019-10-01 12:45:00,7101.3
2019-10-01 13:00:00,7091.6
2019-10-01 13:15:00,7060.8
2019-10-01 13:30:00,7040.5
2019-10-01 13:45:00,7022.9
2019-10-01 14:00:00,7014.1
2019-10-01 14:15:00,6993.6
2019-10-01 14:30:00,6967.0
2019-10-01 14:45:00,6935.9
2019-10-01 15:00:00,6944.1
2019-10-01 15:15:00,6937.9
2019-10-01 15:30:00,6918.9
2019-10-01 15:45:00,6903.7
2019-10-01 16:00:00,6902.4
2019-10-01 16:15:00,6917.0
2019-10-01 16:30:00,6930.2
2019-10-01 16:45:00,6940.7
2019-10-01 17:00:00,6891.6
2019-10-01 17:15:00,6887.7
2019-10-01 17:30:00,6911.9
2019-10-01 17:45:00,6922.5
2019-10-01 18:00:00,6959.9
2019-10-01 18:15:00,6972.2
2019-10-01 18:30:00,6963.9
2019-10-01 18:45:00,6943.0
2019-10-01 19:00:00,6853.3
2019-10-01 19:15:00,6786.6
2019-10-01 19:30:00,6733.9
2019-10-01 19:45:00,6674.0
2019-10-01 20:00:00,6622.2
2019-10-01 20:15:00,6564.1
2019-10-01 20:30:00,6498.0
2019-10-01 20:45:00,6429.7
2019-10-01 21:00:00,6369.8
2019-10-01 21:15:00,6292.3
2019-10-01 21:30:00,6228.4
2019-10-01 21:45:00,6163.9
2019-10-01 22:00:00,6101.3
2019-10-01 22:15:00,6030.2
2019-10-01 22:30:00,5970.5
2019-10-01 22:45:00,5913.9
2019-10-01 23:00:00,5869.8
2019-10-01 23:15:00,5842.1
2019-10-01 23:30:00,5816.1
2019-10-01 23:45:00,5805.3
2019-10-02 00:00:00,5818.1
2019-10-02 00:15:00,5806.6
2019-10-02 00:30:00,5791.2
2019-10-02 00:45:00,5783.3
2019-10-02 01:00:00,5786.8
2019-10-02 01:15:00,5783.5
2019-10-02 01:30:00,5792.5
2019-10-02 01:45:00,5791.4
2019-10-02 02:00:00,5797.8
2019-10-02 02:15:00,5800.7
2019-10-02 02:30:00,5809.5
2019-10-02 02:45:00,5828.6
2019-10-02 03:00:00,5848.7
2019-10-02 03:15:00,5880.0
2019-10-02 03:30:00,5916.7
2019-10-02 03:45:00,5952.0
2019-10-02 04:00:00,6023.8
2019-10-02 04:15:00,6084.8
2019-10-02 04:30:00,6141.0
2019-10-02 04:45:00,6228.0
2019-10-02 05:00:00,6409.0
2019-10-02 05:15:00,6538.5
2019-10-02 05:30:00,6633.7
2019-10-02 05:45:00,6722.2
2019-10-02 06:00:00,6795.2
2019-10-02 06:15:00,6820.9
2019-10-02 06:30:00,6844.9
2019-10-02 06:45:00,6859.0
2019-10-02 07:00:00,6913.4
2019-10-02 07:15:00,6937.9
2019-10-02 07:30:00,6946.5
2019-10-02 07:45:00,6945.4
2019-10-02 08:00:00,6917.2
2019-10-02 08:15:00,6927.5
2019-10-02 08:30:00,6950.0
2019-10-02 08:45:00,6983.0
2019-10-02 09:00:00,6987.9
2019-10-02 09:15:00,7000.4
2019-10-02 09:30:00,6985.5
2019-10-02 09:45:00,7021.6
2019-10-02 10:00:00,7022.5
2019-10-02 10:15:00,7048.9
2019-10-02 10:30:00,7060.6
2019-10-02 10:45:00,7103.5
2019-10-02 11:00:00,7109.3
2019-10-02 11:15:00,7085.5
2019-10-02 11:30:00,7068.3
2019-10-02 11:45:00,7076.0
2019-10-02 12:00:00,7088.8
2019-10-02 12:15:00,7059.9
2019-10-02 12:30:00,7026.2
2019-10-02 12:45:00,7013.7
2019-10-02 13:00:00,6989.9
2019-10-02 13:15:00,6972.9
2019-10-02 13:30:00,6962.8
2019-10-02 13:45:00,6950.7
2019-10-02 14:00:00,6940.5
2019-10-02 14:15:00,6903.1
2019-10-02 14:30:00,6872.2
2019-10-02 14:45:00,6852.0
2019-10-02 15:00:00,6839.4
2019-10-02 15:15:00,6831.1
2019-10-02 15:30:00,6810.4
2019-10-02 15:45:00,6807.5
2019-10-02 16:00:00,6797.6
2019-10-02 16:15:00,6788.3
2019-10-02 16:30:00,6794.7
2019-10-02 16:45:00,6791.9
2019-10-02 17:00:00,6799.8
2019-10-02 17:15:00,6782.4
2019-10-02 17:30:00,6797.8
2019-10-02 17:45:00,6822.7
2019-10-02 18:00:00,6872.7
2019-10-02 18:15:00,6886.1
2019-10-02 18:30:00,6896.9
2019-10-02 18:45:00,6868.3
2019-10-02 19:00:00,6838.8
2019-10-02 19:15:00,6770.5
2019-10-02 19:30:00,6706.4
2019-10-02 19:45:00,6663.4
2019-10-02 20:00:00,6603.5
2019-10-02 20:15:00,6549.6
2019-10-02 20:30:00,6481.7
2019-10-02 20:45:00,6435.7
2019-10-02 21:00:00,6394.5
2019-10-02 21:15:00,6350.4
2019-10-02 21:30:00,6262.1
2019-10-02 21:45:00,6192.1
2019-10-02 22:00:00,6122.7
2019-10-02 22:15:00,6078.0
2019-10-02 22:30:00,6019.8
2019-10-02 22:45:00,5990.7
2019-10-02 23:00:00,5960.4
2019-10-02 23:15:00,5912.6
2019-10-02 23:30:00,5870.5
2019-10-02 23:45:00,5852.4
2019-10-03 00:00:00,5803.3
2019-10-03 00:15:00,5775.6
2019-10-03 00:30:00,5746.0
2019-10-03 00:45:00,5741.2
2019-10-03 01:00:00,5745.8
2019-10-03 01:15:00,5728.6
2019-10-03 01:30:00,5712.3
2019-10-03 01:45:00,5714.8
2019-10-03 02:00:00,5722.0
2019-10-03 02:15:00,5709.0
2019-10-03 02:30:00,5710.8
2019-10-03 02:45:00,5704.0
2019-10-03 03:00:00,5687.0
2019-10-03 03:15:00,5667.2
2019-10-03 03:30:00,5667.8
2019-10-03 03:45:00,5653.7
2019-10-03 04:00:00,5635.2
2019-10-03 04:15:00,5596.0
2019-10-03 04:30:00,5571.4
2019-10-03 04:45:00,5558.1
2019-10-03 05:00:00,5560.1
2019-10-03 05:15:00,5556.4
2019-10-03 05:30:00,5563.9
2019-10-03 05:45:00,5587.2
2019-10-03 06:00:00,5638.3
2019-10-03 06:15:00,5654.0
2019-10-03 06:30:00,5686.1
2019-10-03 06:45:00,5714.1
2019-10-03 07:00:00,5777.3
2019-10-03 07:15:00,5824.0
2019-10-03 07:30:00,5871.4
2019-10-03 07:45:00,5903.7
2019-10-03 08:00:00,5948.9
2019-10-03 08:15:00,5974.7
2019-10-03 08:30:00,6009.3
2019-10-03 08:45:00,6040.7
2019-10-03 09:00:00,6070.9
2019-10-03 09:15:00,6099.8
2019-10-03 09:30:00,6121.4
2019-10-03 09:45:00,6146.5
2019-10-03 10:00:00,6190.3
2019-10-03 10:15:00,6229.1
2019-10-03 10:30:00,6245.8
2019-10-03 10:45:00,6260.6
2019-10-03 11:00:00,6272.7
2019-10-03 11:15:00,6247.4
2019-10-03 11:30:00,6218.5
2019-10-03 11:45:00,6203.5
2019-10-03 12:00:00,6174.2
2019-10-03 12:15:00,6132.6
2019-10-03 12:30:00,6101.8
2019-10-03 12:45:00,6063.4
2019-10-03 13:00:00,6048.7
2019-10-03 13:15:00,6018.1
2019-10-03 13:30:00,5994.5
2019-10-03 13:45:00,5983.5
2019-10-03 14:00:00,5963.7
2019-10-03 14:15:00,5938.1
2019-10-03 14:30:00,5943.4
2019-10-03 14:45:00,5932.4
2019-10-03 15:00:00,5936.1
2019-10-03 15:15:00,5917.0
2019-10-03 15:30:00,5921.6
2019-10-03 15:45:00,5926.7
2019-10-03 16:00:00,5946.7
2019-10-03 16:15:00,5969.8
2019-10-03 16:30:00,5993.2
2019-10-03 16:45:00,6018.5
2019-10-03 17:00:00,6070.7
2019-10-03 17:15:00,6085.7
2019-10-03 17:30:00,6119.6
2019-10-03 17:45:00,6144.5
2019-10-03 18:00:00,6200.4
2019-10-03 18:15:00,6218.5
2019-10-03 18:30:00,6226.4
2019-10-03 18:45:00,6206.2
2019-10-03 19:00:00,6176.7
2019-10-03 19:15:00,6128.6
2019-10-03 19:30:00,6082.6
2019-10-03 19:45:00,6059.0
2019-10-03 20:00:00,6004.6
2019-10-03 20:15:00,5970.5
2019-10-03 20:30:00,5943.4
2019-10-03 20:45:00,5924.4
2019-10-03 21:00:00,5919.6
2019-10-03 21:15:00,5881.5
2019-10-03 21:30:00,5830.2
2019-10-03 21:45:00,5797.1
2019-10-03 22:00:00,5731.1
2019-10-03 22:15:00,5688.3
2019-10-03 22:30:00,5643.0
2019-10-03 22:45:00,5606.2
2019-10-03 23:00:00,5572.0
2019-10-03 23:15:00,5535.7
2019-10-03 23:30:00,5500.7
2019-10-03 23:45:00,5473.8
2019-10-04 00:00:00,5470.9
2019-10-04 00:15:00,5445.4
2019-10-04 00:30:00,5444.3
2019-10-04 00:45:00,5450.4
2019-10-04 01:00:00,5430.8
2019-10-04 01:15:00,5426.9
2019-10-04 01:30:00,5422.5
2019-10-04 01:45:00,5422.7
2019-10-04 02:00:00,5439.2
2019-10-04 02:15:00,5439.0
2019-10-04 02:30:00,5452.0
2019-10-04 02:45:00,5450.0
2019-10-04 03:00:00,5486.6
2019-10-04 03:15:00,5514.8
2019-10-04 03:30:00,5534.6
2019-10-04 03:45:00,5552.0
2019-10-04 04:00:00,5628.9
2019-10-04 04:15:00,5656.6
2019-10-04 04:30:00,5705.9
2019-10-04 04:45:00,5777.3
2019-10-04 05:00:00,5924.0
2019-10-04 05:15:00,6013.7
2019-10-04 05:30:00,6105.1
2019-10-04 05:45:00,6174.0
2019-10-04 06:00:00,6286.6
2019-10-04 06:15:00,6321.4
2019-10-04 06:30:00,6361.9
2019-10-04 06:45:00,6406.2
2019-10-04 07:00:00,6447.6
2019-10-04 07:15:00,6474.9
2019-10-04 07:30:00,6490.3
2019-10-04 07:45:00,6512.3
2019-10-04 08:00:00,6544.3
2019-10-04 08:15:00,6569.2
2019-10-04 08:30:00,6594.1
2019-10-04 08:45:00,6609.9
2019-10-04 09:00:00,6601.1
2019-10-04 09:15:00,6606.4
2019-10-04 09:30:00,6628.0
2019-10-04 09:45:00,6642.3
2019-10-04 10:00:00,6658.8
2019-10-04 10:15:00,6687.9
2019-10-04 10:30:00,6705.1
2019-10-04 10:45:00,6707.9
2019-10-04 11:00:00,6691.6
2019-10-04 11:15:00,6674.9
2019-10-04 11:30:00,6651.8
2019-10-04 11:45:00,6647.8
2019-10-04 12:00:00,6642.3
2019-10-04 12:15:00,6624.0
2019-10-04 12:30:00,6588.5
2019-10-04 12:45:00,6555.1
2019-10-04 13:00:00,6551.5
2019-10-04 13:15:00,6527.5
2019-10-04 13:30:00,6516.5
2019-10-04 13:45:00,6504.0
2019-10-04 14:00:00,6497.4
2019-10-04 14:15:00,6466.5
2019-10-04 14:30:00,6460.1
2019-10-04 14:45:00,6438.3
2019-10-04 15:00:00,6422.0
2019-10-04 15:15:00,6407.9
2019-10-04 15:30:00,6416.3
2019-10-04 15:45:00,6413.0
2019-10-04 16:00:00,6424.4
2019-10-04 16:15:00,6438.5
2019-10-04 16:30:00,6451.1
2019-10-04 16:45:00,6466.7
2019-10-04 17:00:00,6490.5
2019-10-04 17:15:00,6493.0
2019-10-04 17:30:00,6512.1
2019-10-04 17:45:00,6547.4
2019-10-04 18:00:00,6589.9
2019-10-04 18:15:00,6593.2
2019-10-04 18:30:00,6583.7
2019-10-04 18:45:00,6543.2
2019-10-04 19:00:00,6495.4
2019-10-04 19:15:00,6423.1
2019-10-04 19:30:00,6380.8
2019-10-04 19:45:00,6346.0
2019-10-04 20:00:00,6291.2
2019-10-04 20:15:00,6246.3
2019-10-04 20:30:00,6204.2
2019-10-04 20:45:00,6164.3
2019-10-04 21:00:00,6111.9
2019-10-04 21:15:00,6063.0
2019-10-04 21:30:00,6020.0
2019-10-04 21:45:00,5963.2
2019-10-04 22:00:00,5923.6
2019-10-04 22:15:00,5861.0
2019-10-04 22:30:00,5811.0
2019-10-04 22:45:00,5794.3
2019-10-04 23:00:00,5748.7
2019-10-04 23:15:00,5709.5
2019-10-04 23:30:00,5704.6
2019-10-04 23:45:00,5677.3
2019-10-05 00:00:00,5660.6
2019-10-05 00:15:00,5631.1
2019-10-05 00:30:00,5605.5
2019-10-05 00:45:00,5595.8
2019-10-05 01:00:00,5589.4
2019-10-05 01:15:00,5573.3
2019-10-05 01:30:00,5568.5
2019-10-05 01:45:00,5572.9
2019-10-05 02:00:00,5582.2
2019-10-05 02:15:00,5585.5
2019-10-05 02:30:00,5604.6
2019-10-05 02:45:00,5609.9
2019-10-05 03:00:00,5631.3
2019-10-05 03:15:00,5636.1
2019-10-05 03:30:00,5650.0
2019-10-05 03:45:00,5663.7
2019-10-05 04:00:00,5668.1
2019-10-05 04:15:00,5663.4
2019-10-05 04:30:00,5694.3
2019-10-05 04:45:00,5711.7
2019-10-05 05:00:00,5732.2
2019-10-05 05:15:00,5755.9
2019-10-05 05:30:00,5779.1
2019-10-05 05:45:00,5809.3
2019-10-05 06:00:00,5871.4
2019-10-05 06:15:00,5906.2
2019-10-05 06:30:00,5918.1
2019-10-05 06:45:00,5966.7
2019-10-05 07:00:00,6020.0
2019-10-05 07:15:00,6056.2
2019-10-05 07:30:00,6108.1
2019-10-05 07:45:00,6147.1
2019-10-05 08:00:00,6167.0
2019-10-05 08:15:00,6202.6
2019-10-05 08:30:00,6223.8
2019-10-05 08:45:00,6246.9
2019-10-05 09:00:00,6259.0
2019-10-05 09:15:00,6275.3
2019-10-05 09:30:00,6289.0
2019-10-05 09:45:00,6305.9
2019-10-05 10:00:00,6337.2
2019-10-05 10:15:00,6357.0
2019-10-05 10:30:00,6379.1
2019-10-05 10:45:00,6381.9
2019-10-05 11:00:00,6402.6
2019-10-05 11:15:00,6374.4
2019-10-05 11:30:00,6348.2
2019-10-05 11:45:00,6330.4
2019-10-05 12:00:00,6296.9
2019-10-05 12:15:00,6253.1
2019-10-05 12:30:00,6238.8
2019-10-05 12:45:00,6201.5
2019-10-05 13:00:00,6199.6
2019-10-05 13:15:00,6160.6
2019-10-05 13:30:00,6137.9
2019-10-05 13:45:00,6133.5
2019-10-05 14:00:00,6151.1
2019-10-05 14:15:00,6121.8
2019-10-05 14:30:00,6115.0
2019-10-05 14:45:00,6101.3
2019-10-05 15:00:00,6088.1
2019-10-05 15:15:00,6071.8
2019-10-05 15:30:00,6084.8
2019-10-05 15:45:00,6068.9
2019-10-05 16:00:00,6086.6
2019-10-05 16:15:00,6087.7
2019-10-05 16:30:00,6113.9
2019-10-05 16:45:00,6126.4
2019-10-05 17:00:00,6139.6
2019-10-05 17:15:00,6156.8
2019-10-05 17:30:00,6180.6
2019-10-05 17:45:00,6200.9
2019-10-05 18:00:00,6256.8
2019-10-05 18:15:00,6278.2
2019-10-05 18:30:00,6273.6
2019-10-05 18:45:00,6227.3
2019-10-05 19:00:00,6198.2
2019-10-05 19:15:00,6147.1
2019-10-05 19:30:00,6101.1
2019-10-05 19:45:00,6057.9
2019-10-05 20:00:00,6035.2
2019-10-05 20:15:00,6003.1
2019-10-05 20:30:00,5961.9
2019-10-05 20:45:00,5927.5
2019-10-05 21:00:00,5936.3
2019-10-05 21:15:00,5911.5
2019-10-05 21:30:00,5870.7
2019-10-05 21:45:00,5821.4
2019-10-05 22:00:00,5772.9
2019-10-05 22:15:00,5742.1
2019-10-05 22:30:00,5692.1
2019-10-05 22:45:00,5659.7
2019-10-05 23:00:00,5654.6
2019-10-05 23:15:00,5621.1
2019-10-05 23:30:00,5591.2
2019-10-05 23:45:00,5557.7
2019-10-06 00:00:00,5487.2
2019-10-06 00:15:00,5451.5
2019-10-06 00:30:00,5448.7
2019-10-06 00:45:00,5443.4
2019-10-06 01:00:00,5429.5
2019-10-06 01:15:00,5418.9
2019-10-06 01:30:00,5422.2
2019-10-06 01:45:00,5414.8
2019-10-06 02:00:00,5444.9
2019-10-06 02:15:00,5444.5
2019-10-06 02:30:00,5447.4
2019-10-06 02:45:00,5451.8
2019-10-06 03:00:00,5459.5
2019-10-06 03:15:00,5455.1
2019-10-06 03:30:00,5468.7
2019-10-06 03:45:00,5461.2
2019-10-06 04:00:00,5490.7
2019-10-06 04:15:00,5466.5
2019-10-06 04:30:00,5465.2
2019-10-06 04:45:00,5462.3
2019-10-06 05:00:00,5477.5
2019-10-06 05:15:00,5487.4
2019-10-06 05:30:00,5481.9
2019-10-06 05:45:00,5499.1
2019-10-06 06:00:00,5518.1
2019-10-06 06:15:00,5535.5
2019-10-06 06:30:00,5559.5
2019-10-06 06:45:00,5591.2
2019-10-06 07:00:00,5661.5
2019-10-06 07:15:00,5704.0
2019-10-06 07:30:00,5760.1
2019-10-06 07:45:00,5802.4
2019-10-06 08:00:00,5850.0
2019-10-06 08:15:00,5898.5
2019-10-06 08:30:00,5948.5
2019-10-06 08:45:00,5970.7
2019-10-06 09:00:00,6004.4
2019-10-06 09:15:00,6040.7
2019-10-06 09:30:00,6061.5
2019-10-06 09:45:00,6095.4
2019-10-06 10:00:00,6127.1
2019-10-06 10:15:00,6168.7
2019-10-06 10:30:00,6200.7
2019-10-06 10:45:00,6213.4
2019-10-06 11:00:00,6198.2
2019-10-06 11:15:00,6178.4
2019-10-06 11:30:00,6170.5
2019-10-06 11:45:00,6150.0
2019-10-06 12:00:00,6138.5
2019-10-06 12:15:00,6126.2
2019-10-06 12:30:00,6128.0
2019-10-06 12:45:00,6102.4
2019-10-06 13:00:00,6113.7
2019-10-06 13:15:00,6103.3
2019-10-06 13:30:00,6087.7
2019-10-06 13:45:00,6062.1
2019-10-06 14:00:00,6059.9
2019-10-06 14:15:00,6047.8
2019-10-06 14:30:00,6042.1
2019-10-06 14:45:00,6028.4
2019-10-06 15:00:00,6054.0
2019-10-06 15:15:00,6049.3
2019-10-06 15:30:00,6055.5
2019-10-06 15:45:00,6050.2
2019-10-06 16:00:00,6085.7
2019-10-06 16:15:00,6109.9
2019-10-06 16:30:00,6136.3
2019-10-06 16:45:00,6153.1
2019-10-06 17:00:00,6161.0
2019-10-06 17:15:00,6179.7
2019-10-06 17:30:00,6211.2
2019-10-06 17:45:00,6257.5
2019-10-06 18:00:00,6311.2
2019-10-06 18:15:00,6306.2
2019-10-06 18:30:00,6280.0
2019-10-06 18:45:00,6256.2
2019-10-06 19:00:00,6236.1
2019-10-06 19:15:00,6196.3
2019-10-06 19:30:00,6149.1
2019-10-06 19:45:00,6101.1
2019-10-06 20:00:00,6081.3
2019-10-06 20:15:00,6054.4
2019-10-06 20:30:00,6024.4
2019-10-06 20:45:00,6017.8
2019-10-06 21:00:00,6043.8
2019-10-06 21:15:00,6021.4
2019-10-06 21:30:00,5989.2
2019-10-06 21:45:00,5955.7
2019-10-06 22:00:00,5910.8
2019-10-06 22:15:00,5869.6
2019-10-06 22:30:00,5833.9
2019-10-06 22:45:00,5789.9
2019-10-06 23:00:00,5752.4
2019-10-06 23:15:00,5716.5
2019-10-06 23:30:00,5685.2
2019-10-06 23:45:00,5650.9
2019-10-07 00:00:00,5613.0
2019-10-07 00:15:00,5598.7
2019-10-07 00:30:00,5586.6
2019-10-07 00:45:00,5581.3
2019-10-07 01:00:00,5563.7
2019-10-07 01:15:00,5557.9
2019-10-07 01:30:00,5555.5
2019-10-07 01:45:00,5556.4
2019-10-07 02:00:00,5572.7
2019-10-07 02:15:00,5579.1
2019-10-07 02:30:00,5581.9
2019-10-07 02:45:00,5586.6
2019-10-07 03:00:00,5633.7
2019-10-07 03:15:00,5646.5
2019-10-07 03:30:00,5678.4
2019-10-07 03:45:00,5729.3
2019-10-07 04:00:00,5831.9
2019-10-07 04:15:00,5891.6
2019-10-07 04:30:00,5959.3
2019-10-07 04:45:00,6064.8
2019-10-07 05:00:00,6289.6
2019-10-07 05:15:00,6426.2
2019-10-07 05:30:00,6532.6
2019-10-07 05:45:00,6640.7
2019-10-07 06:00:00,6728.0
2019-10-07 06:15:00,6770.5
2019-10-07 06:30:00,6791.9
2019-10-07 06:45:00,6832.4
2019-10-07 07:00:00,6888.3
2019-10-07 07:15:00,6924.0
2019-10-07 07:30:00,6947.4
2019-10-07 07:45:00,6959.9
2019-10-07 08:00:00,6929.7
2019-10-07 08:15:00,6954.2
2019-10-07 08:30:00,6978.6
2019-10-07 08:45:00,6983.0
2019-10-07 09:00:00,6992.3
2019-10-07 09:15:00,7001.5
2019-10-07 09:30:00,7019.4
2019-10-07 09:45:00,7025.3
2019-10-07 10:00:00,6999.1
2019-10-07 10:15:00,7023.6
2019-10-07 10:30:00,7040.3
2019-10-07 10:45:00,7035.5
2019-10-07 11:00:00,6987.0
2019-10-07 11:15:00,6980.0
2019-10-07 11:30:00,6978.6
2019-10-07 11:45:00,6983.7
2019-10-07 12:00:00,6989.0
2019-10-07 12:15:00,6978.6
2019-10-07 12:30:00,6935.9
2019-10-07 12:45:00,6893.6
2019-10-07 13:00:00,6856.4
2019-10-07 13:15:00,6850.2
2019-10-07 13:30:00,6820.7
2019-10-07 13:45:00,6811.7
2019-10-07 14:00:00,6820.5
2019-10-07 14:15:00,6800.7
2019-10-07 14:30:00,6770.0
2019-10-07 14:45:00,6751.3
2019-10-07 15:00:00,6757.7
2019-10-07 15:15:00,6722.2
2019-10-07 15:30:00,6728.9
2019-10-07 15:45:00,6710.8
2019-10-07 16:00:00,6722.0
2019-10-07 16:15:00,6724.4
2019-10-07 16:30:00,6756.8
2019-10-07 16:45:00,6770.5
2019-10-07 17:00:00,6812.8
2019-10-07 17:15:00,6821.8
2019-10-07 17:30:00,6867.6
2019-10-07 17:45:00,6918.9
2019-10-07 18:00:00,6989.6
2019-10-07 18:15:00,6986.8
2019-10-07 18:30:00,6974.0
2019-10-07 18:45:00,6941.2
2019-10-07 19:00:00,6895.4
2019-10-07 19:15:00,6820.0
2019-10-07 19:30:00,6759.9
2019-10-07 19:45:00,6714.1
2019-10-07 20:00:00,6653.5
2019-10-07 20:15:00,6620.5
2019-10-07 20:30:00,6562.6
2019-10-07 20:45:00,6502.4
2019-10-07 21:00:00,6459.5
2019-10-07 21:15:00,6411.2
2019-10-07 21:30:00,6340.3
2019-10-07 21:45:00,6288.8
2019-10-07 22:00:00,6196.7
2019-10-07 22:15:00,6138.1
2019-10-07 22:30:00,6084.4
2019-10-07 22:45:00,6055.5
2019-10-07 23:00:00,5983.5
2019-10-07 23:15:00,5941.0
2019-10-07 23:30:00,5918.7
2019-10-07 23:45:00,5902.4
2019-10-08 00:00:00,5839.2
2019-10-08 00:15:00,5827.8
2019-10-08 00:30:00,5829.3
2019-10-08 00:45:00,5811.9
2019-10-08 01:00:00,5783.0
2019-10-08 01:15:00,5778.2
2019-10-08 01:30:00,5782.4
2019-10-08 01:45:00,5786.8
2019-10-08 02:00:00,5800.2
2019-10-08 02:15:00,5818.5
2019-10-08 02:30:00,5835.9
2019-10-08 02:45:00,5842.5
2019-10-08 03:00:00,5897.1
2019-10-08 03:15:00,5930.6
2019-10-08 03:30:00,5968.5
2019-10-08 03:45:00,6016.7
2019-10-08 04:00:00,6074.2
2019-10-08 04:15:00,6118.1
2019-10-08 04:30:00,6178.6
2019-10-08 04:45:00,6262.1
2019-10-08 05:00:00,6439.6
2019-10-08 05:15:00,6565.0
2019-10-08 05:30:00,6667.2
2019-10-08 05:45:00,6766.3
2019-10-08 06:00:00,6847.4
2019-10-08 06:15:00,6915.0
2019-10-08 06:30:00,6955.5
2019-10-08 06:45:00,6986.8
2019-10-08 07:00:00,7043.4
2019-10-08 07:15:00,7068.5
2019-10-08 07:30:00,7095.6
2019-10-08 07:45:00,7104.8
2019-10-08 08:00:00,7057.7
2019-10-08 08:15:00,7074.2
2019-10-08 08:30:00,7100.9
2019-10-08 08:45:00,7090.5
2019-10-08 09:00:00,7086.6
2019-10-08 09:15:00,7109.7
2019-10-08 09:30:00,7126.4
2019-10-08 09:45:00,7141.6
2019-10-08 10:00:00,7182.8
2019-10-08 10:15:00,7238.3
2019-10-08 10:30:00,7258.1
2019-10-08 10:45:00,7266.1
2019-10-08 11:00:00,7248.7
2019-10-08 11:15:00,7220.0
2019-10-08 11:30:00,7221.1
2019-10-08 11:45:00,7226.2
2019-10-08 12:00:00,7223.1
2019-10-08 12:15:00,7203.1
2019-10-08 12:30:00,7168.1
2019-10-08 12:45:00,7140.5
2019-10-08 13:00:00,7103.7
2019-10-08 13:15:00,7078.2
2019-10-08 13:30:00,7069.2
2019-10-08 13:45:00,7055.7
2019-10-08 14:00:00,7033.7
2019-10-08 14:15:00,7006.2
2019-10-08 14:30:00,6989.9
2019-10-08 14:45:00,6967.4
2019-10-08 15:00:00,6957.7
2019-10-08 15:15:00,6943.0
2019-10-08 15:30:00,6930.6
2019-10-08 15:45:00,6911.0
2019-10-08 16:00:00,6903.7
2019-10-08 16:15:00,6908.8
2019-10-08 16:30:00,6932.4
2019-10-08 16:45:00,6937.2
2019-10-08 17:00:00,6958.6
2019-10-08 17:15:00,6964.5
2019-10-08 17:30:00,7010.6
2019-10-08 17:45:00,7046.0
2019-10-08 18:00:00,7078.4
2019-10-08 18:15:00,7055.9
2019-10-08 18:30:00,7044.9
2019-10-08 18:45:00,7011.9
2019-10-08 19:00:00,6907.3
2019-10-08 19:15:00,6839.2
2019-10-08 19:30:00,6773.3
2019-10-08 19:45:00,6719.8
2019-10-08 20:00:00,6692.7
2019-10-08 20:15:00,6629.1
2019-10-08 20:30:00,6568.9
2019-10-08 20:45:00,6521.8
2019-10-08 21:00:00,6492.7
2019-10-08 21:15:00,6442.3
2019-10-08 21:30:00,6387.7
2019-10-08 21:45:00,6315.2
2019-10-08 22:00:00,6268.9
2019-10-08 22:15:00,6225.1
2019-10-08 22:30:00,6169.6
2019-10-08 22:45:00,6143.2
2019-10-08 23:00:00,6078.9
2019-10-08 23:15:00,6023.6
2019-10-08 23:30:00,6017.2
2019-10-08 23:45:00,5991.9
2019-10-09 00:00:00,5955.1
2019-10-09 00:15:00,5934.4
2019-10-09 00:30:00,5911.2
2019-10-09 00:45:00,5907.9
2019-10-09 01:00:00,5876.7
2019-10-09 01:15:00,5858.4
2019-10-09 01:30:00,5868.9
2019-10-09 01:45:00,5867.0
2019-10-09 02:00:00,5882.4
2019-10-09 02:15:00,5894.1
2019-10-09 02:30:00,5911.7
2019-10-09 02:45:00,5926.7
2019-10-09 03:00:00,5973.8
2019-10-09 03:15:00,6003.1
2019-10-09 03:30:00,6027.1
2019-10-09 03:45:00,6068.1
2019-10-09 04:00:00,6157.3
2019-10-09 04:15:00,6200.2
2019-10-09 04:30:00,6245.6
2019-10-09 04:45:00,6327.1
2019-10-09 05:00:00,6504.6
2019-10-09 05:15:00,6634.4
2019-10-09 05:30:00,6724.7
2019-10-09 05:45:00,6816.1
2019-10-09 06:00:00,6913.0
2019-10-09 06:15:00,6958.4
2019-10-09 06:30:00,6994.3
2019-10-09 06:45:00,7015.6
2019-10-09 07:00:00,7013.4
2019-10-09 07:15:00,7034.8
2019-10-09 07:30:00,7032.6
2019-10-09 07:45:00,7046.7
2019-10-09 08:00:00,7017.2
2019-10-09 08:15:00,7029.3
2019-10-09 08:30:00,7035.9
2019-10-09 08:45:00,7041.9
2019-10-09 09:00:00,7063.4
2019-10-09 09:15:00,7073.1
2019-10-09 09:30:00,7084.4
2019-10-09 09:45:00,7114.1
2019-10-09 10:00:00,7128.9
2019-10-09 10:15:00,7165.0
2019-10-09 10:30:00,7178.0
2019-10-09 10:45:00,7187.0
2019-10-09 11:00:00,7165.0
2019-10-09 11:15:00,7151.1
2019-10-09 11:30:00,7123.6
2019-10-09 11:45:00,7128.6
2019-10-09 12:00:00,7130.6
2019-10-09 12:15:00,7132.8
2019-10-09 12:30:00,7129.3
2019-10-09 12:45:00,7104.2
2019-10-09 13:00:00,7100.2
2019-10-09 13:15:00,7068.7
2019-10-09 13:30:00,7058.6
2019-10-09 13:45:00,7032.6
2019-10-09 14:00:00,7025.6
2019-10-09 14:15:00,6990.3
2019-10-09 14:30:00,6958.8
2019-10-09 14:45:00,6921.6
2019-10-09 15:00:00,6883.7
2019-10-09 15:15:00,6857.0
2019-10-09 15:30:00,6833.0
2019-10-09 15:45:00,6827.1
2019-10-09 16:00:00,6835.5
2019-10-09 16:15:00,6838.8
2019-10-09 16:30:00,6848.0
2019-10-09 16:45:00,6872.0
2019-10-09 17:00:00,6912.3
2019-10-09 17:15:00,6915.6
2019-10-09 17:30:00,6948.9
2019-10-09 17:45:00,6993.0
2019-10-09 18:00:00,7043.6
2019-10-09 18:15:00,7040.5
2019-10-09 18:30:00,7025.6
2019-10-09 18:45:00,6974.7
2019-10-09 19:00:00,6886.8
2019-10-09 19:15:00,6827.5
2019-10-09 19:30:00,6780.6
2019-10-09 19:45:00,6718.5
2019-10-09 20:00:00,6657.0
2019-10-09 20:15:00,6614.3
2019-10-09 20:30:00,6573.1
2019-10-09 20:45:00,6520.5
2019-10-09 21:00:00,6456.2
2019-10-09 21:15:00,6403.1
2019-10-09 21:30:00,6347.4
2019-10-09 21:45:00,6300.2
2019-10-09 22:00:00,6255.5
2019-10-09 22:15:00,6197.4
2019-10-09 22:30:00,6156.2
2019-10-09 22:45:00,6105.7
2019-10-09 23:00:00,6072.2
2019-10-09 23:15:00,6020.9
2019-10-09 23:30:00,6026.2
2019-10-09 23:45:00,5990.1
2019-10-10 00:00:00,5961.0
2019-10-10 00:15:00,5934.1
2019-10-10 00:30:00,5931.3
2019-10-10 00:45:00,5920.3
2019-10-10 01:00:00,5889.6
2019-10-10 01:15:00,5858.1
2019-10-10 01:30:00,5872.2
2019-10-10 01:45:00,5884.8
2019-10-10 02:00:00,5887.9
2019-10-10 02:15:00,5893.4
2019-10-10 02:30:00,5931.7
2019-10-10 02:45:00,5950.2
2019-10-10 03:00:00,5984.4
2019-10-10 03:15:00,5985.2
2019-10-10 03:30:00,6006.4
2019-10-10 03:45:00,6050.0
2019-10-10 04:00:00,6104.2
2019-10-10 04:15:00,6153.7
2019-10-10 04:30:00,6213.0
2019-10-10 04:45:00,6292.5
2019-10-10 05:00:00,6461.0
2019-10-10 05:15:00,6591.6
2019-10-10 05:30:00,6676.7
2019-10-10 05:45:00,6763.9
2019-10-10 06:00:00,6872.9
2019-10-10 06:15:00,6915.4
2019-10-10 06:30:00,6929.1
2019-10-10 06:45:00,6952.6
2019-10-10 07:00:00,7009.0
2019-10-10 07:15:00,7034.8
2019-10-10 07:30:00,7059.0
2019-10-10 07:45:00,7075.3
2019-10-10 08:00:00,7046.7
2019-10-10 08:15:00,7068.5
2019-10-10 08:30:00,7092.1
2019-10-10 08:45:00,7117.0
2019-10-10 09:00:00,7121.4
2019-10-10 09:15:00,7134.1
2019-10-10 09:30:00,7139.9
2019-10-10 09:45:00,7181.9
2019-10-10 10:00:00,7193.0
2019-10-10 10:15:00,7220.7
2019-10-10 10:30:00,7232.2
2019-10-10 10:45:00,7224.4
2019-10-10 11:00:00,7198.9
2019-10-10 11:15:00,7190.5
2019-10-10 11:30:00,7185.5
2019-10-10 11:45:00,7185.9
2019-10-10 12:00:00,7214.1
2019-10-10 12:15:00,7192.5
2019-10-10 12:30:00,7153.7
2019-10-10 12:45:00,7146.7
2019-10-10 13:00:00,7128.0
2019-10-10 13:15:00,7115.9
2019-10-10 13:30:00,7094.1
2019-10-10 13:45:00,7081.5
2019-10-10 14:00:00,7038.3
2019-10-10 14:15:00,7027.8
2019-10-10 14:30:00,7020.0
2019-10-10 14:45:00,6980.0
2019-10-10 15:00:00,6928.4
2019-10-10 15:15:00,6893.2
2019-10-10 15:30:00,6894.9
2019-10-10 15:45:00,6890.7
2019-10-10 16:00:00,6926.4
2019-10-10 16:15:00,6934.8
2019-10-10 16:30:00,6922.2
2019-10-10 16:45:00,6932.6
2019-10-10 17:00:00,6949.3
2019-10-10 17:15:00,6933.3
2019-10-10 17:30:00,6972.0
2019-10-10 17:45:00,7026.2
2019-10-10 18:00:00,7067.4
2019-10-10 18:15:00,7062.6
2019-10-10 18:30:00,7041.0
2019-10-10 18:45:00,7017.6
2019-10-10 19:00:00,6985.2
2019-10-10 19:15:00,6921.6
2019-10-10 19:30:00,6864.1
2019-10-10 19:45:00,6819.6
2019-10-10 20:00:00,6727.5
2019-10-10 20:15:00,6687.4
2019-10-10 20:30:00,6641.0
2019-10-10 20:45:00,6592.1
2019-10-10 21:00:00,6572.0
2019-10-10 21:15:00,6517.6
2019-10-10 21:30:00,6463.0
2019-10-10 21:45:00,6398.9
2019-10-10 22:00:00,6328.2
2019-10-10 22:15:00,6287.2
2019-10-10 22:30:00,6248.7
2019-10-10 22:45:00,6216.7
2019-10-10 23:00:00,6171.4
2019-10-10 23:15:00,6128.6
2019-10-10 23:30:00,6113.7
2019-10-10 23:45:00,6071.1
2019-10-11 00:00:00,6009.3
2019-10-11 00:15:00,5987.0
2019-10-11 00:30:00,5985.0
2019-10-11 00:45:00,5975.6
2019-10-11 01:00:00,5942.7
2019-10-11 01:15:00,5932.8
2019-10-11 01:30:00,5925.3
2019-10-11 01:45:00,5940.5
2019-10-11 02:00:00,5936.1
2019-10-11 02:15:00,5940.3
2019-10-11 02:30:00,5957.5
2019-10-11 02:45:00,5970.5
2019-10-11 03:00:00,5980.4
2019-10-11 03:15:00,6001.8
2019-10-11 03:30:00,6037.9
2019-10-11 03:45:00,6068.9
2019-10-11 04:00:00,6144.9
2019-10-11 04:15:00,6179.5
2019-10-11 04:30:00,6248.5
2019-10-11 04:45:00,6331.5
2019-10-11 05:00:00,6529.3
2019-10-11 05:15:00,6652.9
2019-10-11 05:30:00,6768.3
2019-10-11 05:45:00,6868.1
2019-10-11 06:00:00,6972.7
2019-10-11 06:15:00,7024.2
2019-10-11 06:30:00,7061.5
2019-10-11 06:45:00,7096.9
2019-10-11 07:00:00,7139.2
2019-10-11 07:15:00,7150.2
2019-10-11 07:30:00,7162.8
2019-10-11 07:45:00,7170.0
2019-10-11 08:00:00,7125.6
2019-10-11 08:15:00,7126.7
2019-10-11 08:30:00,7156.6
2019-10-11 08:45:00,7181.1
2019-10-11 09:00:00,7146.3
2019-10-11 09:15:00,7150.4
2019-10-11 09:30:00,7163.7
2019-10-11 09:45:00,7178.2
2019-10-11 10:00:00,7176.4
2019-10-11 10:15:00,7180.8
2019-10-11 10:30:00,7186.1
2019-10-11 10:45:00,7181.7
2019-10-11 11:00:00,7179.1
2019-10-11 11:15:00,7150.2
2019-10-11 11:30:00,7139.0
2019-10-11 11:45:00,7139.9
2019-10-11 12:00:00,7157.5
2019-10-11 12:15:00,7118.3
2019-10-11 12:30:00,7082.8
2019-10-11 12:45:00,7049.3
2019-10-11 13:00:00,7031.9
2019-10-11 13:15:00,7020.0
2019-10-11 13:30:00,6993.8
2019-10-11 13:45:00,6969.8
2019-10-11 14:00:00,6971.6
2019-10-11 14:15:00,6941.6
2019-10-11 14:30:00,6905.9
2019-10-11 14:45:00,6880.4
2019-10-11 15:00:00,6869.8
2019-10-11 15:15:00,6858.6
2019-10-11 15:30:00,6863.7
2019-10-11 15:45:00,6860.8
2019-10-11 16:00:00,6893.0
2019-10-11 16:15:00,6904.4
2019-10-11 16:30:00,6913.9
2019-10-11 16:45:00,6929.1
2019-10-11 17:00:00,6986.1
2019-10-11 17:15:00,6978.2
2019-10-11 17:30:00,7013.0
2019-10-11 17:45:00,7049.1
2019-10-11 18:00:00,7100.2
2019-10-11 18:15:00,7067.8
2019-10-11 18:30:00,7047.4
2019-10-11 18:45:00,7010.6
2019-10-11 19:00:00,6903.1
2019-10-11 19:15:00,6823.6
2019-10-11 19:30:00,6758.4
2019-10-11 19:45:00,6702.9
2019-10-11 20:00:00,6635.0
2019-10-11 20:15:00,6591.2
2019-10-11 20:30:00,6538.3
2019-10-11 20:45:00,6498.5
2019-10-11 21:00:00,6461.2
2019-10-11 21:15:00,6422.9
2019-10-11 21:30:00,6372.9
2019-10-11 21:45:00,6304.0
2019-10-11 22:00:00,6235.5
2019-10-11 22:15:00,6198.5
2019-10-11 22:30:00,6160.8
2019-10-11 22:45:00,6105.1
2019-10-11 23:00:00,6049.3
2019-10-11 23:15:00,6014.8
2019-10-11 23:30:00,6002.9
2019-10-11 23:45:00,5964.8
2019-10-12 00:00:00,5926.0
2019-10-12 00:15:00,5901.1
2019-10-12 00:30:00,5885.0
2019-10-12 00:45:00,5862.6
2019-10-12 01:00:00,5834.8
2019-10-12 01:15:00,5823.8
2019-10-12 01:30:00,5807.0
2019-10-12 01:45:00,5798.5
2019-10-12 02:00:00,5796.3
2019-10-12 02:15:00,5793.0
2019-10-12 02:30:00,5788.5
2019-10-12 02:45:00,5776.4
2019-10-12 03:00:00,5783.7
2019-10-12 03:15:00,5785.0
2019-10-12 03:30:00,5785.5
2019-10-12 03:45:00,5802.6
2019-10-12 04:00:00,5842.1
2019-10-12 04:15:00,5846.0
2019-10-12 04:30:00,5837.9
2019-10-12 04:45:00,5854.8
2019-10-12 05:00:00,5888.1
2019-10-12 05:15:00,5917.8
2019-10-12 05:30:00,5935.7
2019-10-12 05:45:00,5981.7
2019-10-12 06:00:00,6020.0
2019-10-12 06:15:00,6059.7
2019-10-12 06:30:00,6074.9
2019-10-12 06:45:00,6108.6
2019-10-12 07:00:00,6168.7
2019-10-12 07:15:00,6212.6
2019-10-12 07:30:00,6250.2
2019-10-12 07:45:00,6289.6
2019-10-12 08:00:00,6313.7
2019-10-12 08:15:00,6338.5
2019-10-12 08:30:00,6362.1
2019-10-12 08:45:00,6396.5
2019-10-12 09:00:00,6417.8
2019-10-12 09:15:00,6440.5
2019-10-12 09:30:00,6468.5
2019-10-12 09:45:00,6472.9
2019-10-12 10:00:00,6492.5
2019-10-12 10:15:00,6506.8
2019-10-12 10:30:00,6512.3
2019-10-12 10:45:00,6501.5
2019-10-12 11:00:00,6482.8
2019-10-12 11:15:00,6476.0
2019-10-12 11:30:00,6456.8
2019-10-12 11:45:00,6428.2
2019-10-12 12:00:00,6387.7
2019-10-12 12:15:00,6352.2
2019-10-12 12:30:00,6333.3
2019-10-12 12:45:00,6305.7
2019-10-12 13:00:00,6290.5
2019-10-12 13:15:00,6273.8
2019-10-12 13:30:00,6269.8
2019-10-12 13:45:00,6237.0
2019-10-12 14:00:00,6224.0
2019-10-12 14:15:00,6199.3
2019-10-12 14:30:00,6162.3
2019-10-12 14:45:00,6157.0
2019-10-12 15:00:00,6172.9
2019-10-12 15:15:00,6168.5
2019-10-12 15:30:00,6164.1
2019-10-12 15:45:00,6166.7
2019-10-12 16:00:00,6183.7
2019-10-12 16:15:00,6178.0
2019-10-12 16:30:00,6205.7
2019-10-12 16:45:00,6227.5
2019-10-12 17:00:00,6280.8
2019-10-12 17:15:00,6288.1
2019-10-12 17:30:00,6320.9
2019-10-12 17:45:00,6374.7
2019-10-12 18:00:00,6391.0
2019-10-12 18:15:00,6369.6
2019-10-12 18:30:00,6339.0
2019-10-12 18:45:00,6288.8
2019-10-12 19:00:00,6242.3
2019-10-12 19:15:00,6175.1
2019-10-12 19:30:00,6116.1
2019-10-12 19:45:00,6081.9
2019-10-12 20:00:00,6052.0
2019-10-12 20:15:00,6010.8
2019-10-12 20:30:00,5969.8
2019-10-12 20:45:00,5943.8
2019-10-12 21:00:00,5935.7
2019-10-12 21:15:00,5902.9
2019-10-12 21:30:00,5857.7
2019-10-12 21:45:00,5813.2
2019-10-12 22:00:00,5791.9
2019-10-12 22:15:00,5746.3
2019-10-12 22:30:00,5709.7
2019-10-12 22:45:00,5678.9
2019-10-12 23:00:00,5660.6
2019-10-12 23:15:00,5629.5
2019-10-12 23:30:00,5608.6
2019-10-12 23:45:00,5566.5
2019-10-13 00:00:00,5531.9
2019-10-13 00:15:00,5503.7
2019-10-13 00:30:00,5480.4
2019-10-13 00:45:00,5454.6
2019-10-13 01:00:00,5443.0
2019-10-13 01:15:00,5428.0
2019-10-13 01:30:00,5416.5
2019-10-13 01:45:00,5412.3
2019-10-13 02:00:00,5397.6
2019-10-13 02:15:00,5382.2
2019-10-13 02:30:00,5391.4
2019-10-13 02:45:00,5378.2
2019-10-13 03:00:00,5393.6
2019-10-13 03:15:00,5393.4
2019-10-13 03:30:00,5402.4
2019-10-13 03:45:00,5425.6
2019-10-13 04:00:00,5421.1
2019-10-13 04:15:00,5428.9
2019-10-13 04:30:00,5446.9
2019-10-13 04:45:00,5456.8
2019-10-13 05:00:00,5478.4
2019-10-13 05:15:00,5496.7
2019-10-13 05:30:00,5525.8
2019-10-13 05:45:00,5539.4
2019-10-13 06:00:00,5579.1
2019-10-13 06:15:00,5603.3
2019-10-13 06:30:00,5617.6
2019-10-13 06:45:00,5635.5
2019-10-13 07:00:00,5700.0
2019-10-13 07:15:00,5750.9
2019-10-13 07:30:00,5796.7
2019-10-13 07:45:00,5849.1
2019-10-13 08:00:00,5894.9
2019-10-13 08:15:00,5932.6
2019-10-13 08:30:00,5968.7
2019-10-13 08:45:00,5999.1
2019-10-13 09:00:00,6025.1
2019-10-13 09:15:00,6050.2
2019-10-13 09:30:00,6076.2
2019-10-13 09:45:00,6107.7
2019-10-13 10:00:00,6125.1
2019-10-13 10:15:00,6177.3
2019-10-13 10:30:00,6209.5
2019-10-13 10:45:00,6210.8
2019-10-13 11:00:00,6198.7
2019-10-13 11:15:00,6191.6
2019-10-13 11:30:00,6177.5
2019-10-13 11:45:00,6125.8
2019-10-13 12:00:00,6079.5
2019-10-13 12:15:00,6050.9
2019-10-13 12:30:00,6013.9
2019-10-13 12:45:00,5993.8
2019-10-13 13:00:00,5978.2
2019-10-13 13:15:00,5965.6
2019-10-13 13:30:00,5935.2
2019-10-13 13:45:00,5929.3
2019-10-13 14:00:00,5958.4
2019-10-13 14:15:00,5936.8
2019-10-13 14:30:00,5926.7
2019-10-13 14:45:00,5927.3
2019-10-13 15:00:00,5942.3
2019-10-13 15:15:00,5948.0
2019-10-13 15:30:00,5943.4
2019-10-13 15:45:00,5957.7
2019-10-13 16:00:00,5995.6
2019-10-13 16:15:00,6024.9
2019-10-13 16:30:00,6071.6
2019-10-13 16:45:00,6105.5
2019-10-13 17:00:00,6160.1
2019-10-13 17:15:00,6198.5
2019-10-13 17:30:00,6257.7
2019-10-13 17:45:00,6328.6
2019-10-13 18:00:00,6383.9
2019-10-13 18:15:00,6376.9
2019-10-13 18:30:00,6374.9
2019-10-13 18:45:00,6338.5
2019-10-13 19:00:00,6319.8
2019-10-13 19:15:00,6291.0
2019-10-13 19:30:00,6264.1
2019-10-13 19:45:00,6222.7
2019-10-13 20:00:00,6180.4
2019-10-13 20:15:00,6149.3
2019-10-13 20:30:00,6149.3
2019-10-13 20:45:00,6131.7
2019-10-13 21:00:00,6121.4
2019-10-13 21:15:00,6101.3
2019-10-13 21:30:00,6063.9
2019-10-13 21:45:00,6009.9
2019-10-13 22:00:00,5971.6
2019-10-13 22:15:00,5933.3
2019-10-13 22:30:00,5874.4
2019-10-13 22:45:00,5854.6
2019-10-13 23:00:00,5820.0
2019-10-13 23:15:00,5777.1
2019-10-13 23:30:00,5759.7
2019-10-13 23:45:00,5722.7
2019-10-14 00:00:00,5691.6
2019-10-14 00:15:00,5671.8
2019-10-14 00:30:00,5652.6
2019-10-14 00:45:00,5638.8
2019-10-14 01:00:00,5622.7
2019-10-14 01:15:00,5600.7
2019-10-14 01:30:00,5596.0
2019-10-14 01:45:00,5580.8
2019-10-14 02:00:00,5580.6
2019-10-14 02:15:00,5578.4
2019-10-14 02:30:00,5584.1
2019-10-14 02:45:00,5593.4
2019-10-14 03:00:00,5637.2
2019-10-14 03:15:00,5655.1
2019-10-14 03:30:00,5698.7
2019-10-14 03:45:00,5755.5
2019-10-14 04:00:00,5852.4
2019-10-14 04:15:00,5907.3
2019-10-14 04:30:00,5985.5
2019-10-14 04:45:00,6091.6
2019-10-14 05:00:00,6279.3
2019-10-14 05:15:00,6404.0
2019-10-14 05:30:00,6491.2
2019-10-14 05:45:00,6607.9
2019-10-14 06:00:00,6741.4
2019-10-14 06:15:00,6791.6
2019-10-14 06:30:00,6826.7
2019-10-14 06:45:00,6837.7
2019-10-14 07:00:00,6899.3
2019-10-14 07:15:00,6923.6
2019-10-14 07:30:00,6944.1
2019-10-14 07:45:00,6943.8
2019-10-14 08:00:00,6900.0
2019-10-14 08:15:00,6912.1
2019-10-14 08:30:00,6945.2
2019-10-14 08:45:00,6951.3
2019-10-14 09:00:00,6966.5
2019-10-14 09:15:00,6959.7
2019-10-14 09:30:00,6972.9
2019-10-14 09:45:00,6999.6
2019-10-14 10:00:00,7010.4
2019-10-14 10:15:00,7022.5
2019-10-14 10:30:00,7020.7
2019-10-14 10:45:00,7023.3
2019-10-14 11:00:00,7024.2
2019-10-14 11:15:00,7011.0
2019-10-14 11:30:00,7006.4
2019-10-14 11:45:00,7005.5
2019-10-14 12:00:00,7032.2
2019-10-14 12:15:00,7007.5
2019-10-14 12:30:00,6997.6
2019-10-14 12:45:00,6962.1
2019-10-14 13:00:00,6945.8
2019-10-14 13:15:00,6926.4
2019-10-14 13:30:00,6903.1
2019-10-14 13:45:00,6886.8
2019-10-14 14:00:00,6883.5
2019-10-14 14:15:00,6852.4
2019-10-14 14:30:00,6822.0
2019-10-14 14:45:00,6794.7
2019-10-14 15:00:00,6781.5
2019-10-14 15:15:00,6767.0
2019-10-14 15:30:00,6747.6
2019-10-14 15:45:00,6744.7
2019-10-14 16:00:00,6767.6
2019-10-14 16:15:00,6784.1
2019-10-14 16:30:00,6809.3
2019-10-14 16:45:00,6828.4
2019-10-14 17:00:00,6852.9
2019-10-14 17:15:00,6869.4
2019-10-14 17:30:00,6935.0
2019-10-14 17:45:00,7017.6
2019-10-14 18:00:00,7060.4
2019-10-14 18:15:00,7050.0
2019-10-14 18:30:00,7054.2
2019-10-14 18:45:00,7027.8
2019-10-14 19:00:00,6946.5
2019-10-14 19:15:00,6874.7
2019-10-14 19:30:00,6805.7
2019-10-14 19:45:00,6759.0
2019-10-14 20:00:00,6703.3
2019-10-14 20:15:00,6650.0
2019-10-14 20:30:00,6600.7
2019-10-14 20:45:00,6538.5
2019-10-14 21:00:00,6478.0
2019-10-14 21:15:00,6425.3
2019-10-14 21:30:00,6352.2
2019-10-14 21:45:00,6299.1
2019-10-14 22:00:00,6211.2
2019-10-14 22:15:00,6166.7
2019-10-14 22:30:00,6103.7
2019-10-14 22:45:00,6067.8
2019-10-14 23:00:00,6012.3
2019-10-14 23:15:00,5986.1
2019-10-14 23:30:00,5965.0
2019-10-14 23:45:00,5936.1
2019-10-15 00:00:00,5899.3
2019-10-15 00:15:00,5885.0
2019-10-15 00:30:00,5873.8
2019-10-15 00:45:00,5860.6
2019-10-15 01:00:00,5833.9
2019-10-15 01:15:00,5830.8
2019-10-15 01:30:00,5841.2
2019-10-15 01:45:00,5854.2
2019-10-15 02:00:00,5880.6
2019-10-15 02:15:00,5884.1
2019-10-15 02:30:00,5902.2
2019-10-15 02:45:00,5909.5
2019-10-15 03:00:00,5948.5
2019-10-15 03:15:00,5983.9
2019-10-15 03:30:00,6014.1
2019-10-15 03:45:00,6057.7
2019-10-15 04:00:00,6118.7
2019-10-15 04:15:00,6159.3
2019-10-15 04:30:00,6231.9
2019-10-15 04:45:00,6329.3
2019-10-15 05:00:00,6500.7
2019-10-15 05:15:00,6594.7
2019-10-15 05:30:00,6686.1
2019-10-15 05:45:00,6766.5
2019-10-15 06:00:00,6883.9
2019-10-15 06:15:00,6924.4
2019-10-15 06:30:00,6948.9
2019-10-15 06:45:00,6963.7
2019-10-15 07:00:00,6990.5
2019-10-15 07:15:00,7017.2
2019-10-15 07:30:00,7029.3
2019-10-15 07:45:00,7042.1
2019-10-15 08:00:00,7013.2
2019-10-15 08:15:00,7028.4
2019-10-15 08:30:00,7047.4
2019-10-15 08:45:00,7057.7
2019-10-15 09:00:00,7051.3
2019-10-15 09:15:00,7063.0
2019-10-15 09:30:00,7066.1
2019-10-15 09:45:00,7081.9
2019-10-15 10:00:00,7083.3
2019-10-15 10:15:00,7111.9
2019-10-15 10:30:00,7131.3
2019-10-15 10:45:00,7147.8
2019-10-15 11:00:00,7130.6
2019-10-15 11:15:00,7118.9
2019-10-15 11:30:00,7110.6
2019-10-15 11:45:00,7086.1
2019-10-15 12:00:00,7071.8
2019-10-15 12:15:00,7050.2
2019-10-15 12:30:00,7013.4
2019-10-15 12:45:00,6983.9
2019-10-15 13:00:00,6961.2
2019-10-15 13:15:00,6952.2
2019-10-15 13:30:00,6954.6
2019-10-15 13:45:00,6930.2
2019-10-15 14:00:00,6942.5
2019-10-15 14:15:00,6920.3
2019-10-15 14:30:00,6892.5
2019-10-15 14:45:00,6870.7
2019-10-15 15:00:00,6868.5
2019-10-15 15:15:00,6861.2
2019-10-15 15:30:00,6856.4
2019-10-15 15:45:00,6857.0
2019-10-15 16:00:00,6879.3
2019-10-15 16:15:00,6895.4
2019-10-15 16:30:00,6926.7
2019-10-15 16:45:00,6967.2
2019-10-15 17:00:00,6972.0
2019-10-15 17:15:00,7012.6
2019-10-15 17:30:00,7076.0
2019-10-15 17:45:00,7129.7
2019-10-15 18:00:00,7128.6
2019-10-15 18:15:00,7094.5
2019-10-15 18:30:00,7069.4
2019-10-15 18:45:00,7028.0
2019-10-15 19:00:00,6951.8
2019-10-15 19:15:00,6874.2
2019-10-15 19:30:00,6813.7
2019-10-15 19:45:00,6752.0
2019-10-15 20:00:00,6693.8
2019-10-15 20:15:00,6629.1
2019-10-15 20:30:00,6561.2
2019-10-15 20:45:00,6511.2
2019-10-15 21:00:00,6459.5
2019-10-15 21:15:00,6398.0
2019-10-15 21:30:00,6312.8
2019-10-15 21:45:00,6259.5
2019-10-15 22:00:00,6194.9
2019-10-15 22:15:00,6123.1
2019-10-15 22:30:00,6077.1
2019-10-15 22:45:00,6039.0
2019-10-15 23:00:00,5980.4
2019-10-15 23:15:00,5945.4
2019-10-15 23:30:00,5931.1
2019-10-15 23:45:00,5899.8
2019-10-16 00:00:00,5863.4
2019-10-16 00:15:00,5846.7
2019-10-16 00:30:00,5846.5
2019-10-16 00:45:00,5829.3
2019-10-16 01:00:00,5812.3
2019-10-16 01:15:00,5816.7
2019-10-16 01:30:00,5815.2
2019-10-16 01:45:00,5823.6
2019-10-16 02:00:00,5816.7
2019-10-16 02:15:00,5841.4
2019-10-16 02:30:00,5854.8
2019-10-16 02:45:00,5872.9
2019-10-16 03:00:00,5896.9
2019-10-16 03:15:00,5918.1
2019-10-16 03:30:00,5948.0
2019-10-16 03:45:00,5965.0
2019-10-16 04:00:00,6067.0
2019-10-16 04:15:00,6106.2
2019-10-16 04:30:00,6173.3
2019-10-16 04:45:00,6253.3
2019-10-16 05:00:00,6456.8
2019-10-16 05:15:00,6579.1
2019-10-16 05:30:00,6670.9
2019-10-16 05:45:00,6752.0
2019-10-16 06:00:00,6874.0
2019-10-16 06:15:00,6948.7
2019-10-16 06:30:00,6991.6
2019-10-16 06:45:00,7048.7
2019-10-16 07:00:00,7092.3
2019-10-16 07:15:00,7121.8
2019-10-16 07:30:00,7128.0
2019-10-16 07:45:00,7133.7
2019-10-16 08:00:00,7113.9
2019-10-16 08:15:00,7120.7
2019-10-16 08:30:00,7144.5
2019-10-16 08:45:00,7151.3
2019-10-16 09:00:00,7161.7
2019-10-16 09:15:00,7187.7
2019-10-16 09:30:00,7194.3
2019-10-16 09:45:00,7217.2
2019-10-16 10:00:00,7208.4
2019-10-16 10:15:00,7222.0
2019-10-16 10:30:00,7234.4
2019-10-16 10:45:00,7218.9
2019-10-16 11:00:00,7192.5
2019-10-16 11:15:00,7170.3
2019-10-16 11:30:00,7176.9
2019-10-16 11:45:00,7162.6
2019-10-16 12:00:00,7144.9
2019-10-16 12:15:00,7151.1
2019-10-16 12:30:00,7139.0
2019-10-16 12:45:00,7102.6
2019-10-16 13:00:00,7095.6
2019-10-16 13:15:00,7085.0
2019-10-16 13:30:00,7055.1
2019-10-16 13:45:00,7045.6
2019-10-16 14:00:00,7043.2
2019-10-16 14:15:00,7023.6
2019-10-16 14:30:00,7004.2
2019-10-16 14:45:00,6981.5
2019-10-16 15:00:00,6968.1
2019-10-16 15:15:00,6954.4
2019-10-16 15:30:00,6929.1
2019-10-16 15:45:00,6935.2
2019-10-16 16:00:00,6943.4
2019-10-16 16:15:00,6942.7
2019-10-16 16:30:00,6958.4
2019-10-16 16:45:00,6987.4
2019-10-16 17:00:00,6990.3
2019-10-16 17:15:00,7024.7
2019-10-16 17:30:00,7092.1
2019-10-16 17:45:00,7148.9
2019-10-16 18:00:00,7152.9
2019-10-16 18:15:00,7128.0
2019-10-16 18:30:00,7133.3
2019-10-16 18:45:00,7107.9
2019-10-16 19:00:00,7041.9
2019-10-16 19:15:00,6974.0
2019-10-16 19:30:00,6929.5
2019-10-16 19:45:00,6861.9
2019-10-16 20:00:00,6781.7
2019-10-16 20:15:00,6726.2
2019-10-16 20:30:00,6668.7
2019-10-16 20:45:00,6602.0
2019-10-16 21:00:00,6550.4
2019-10-16 21:15:00,6514.8
2019-10-16 21:30:00,6461.7
2019-10-16 21:45:00,6394.5
2019-10-16 22:00:00,6315.0
2019-10-16 22:15:00,6246.9
2019-10-16 22:30:00,6199.6
2019-10-16 22:45:00,6134.8
2019-10-16 23:00:00,6083.3
2019-10-16 23:15:00,6054.8
2019-10-16 23:30:00,6040.5
2019-10-16 23:45:00,5994.9
2019-10-17 00:00:00,5957.7
2019-10-17 00:15:00,5930.0
2019-10-17 00:30:00,5937.7
2019-10-17 00:45:00,5903.7
2019-10-17 01:00:00,5883.5
2019-10-17 01:15:00,5881.5
2019-10-17 01:30:00,5870.3
2019-10-17 01:45:00,5865.0
2019-10-17 02:00:00,5859.9
2019-10-17 02:15:00,5864.3
2019-10-17 02:30:00,5864.3
2019-10-17 02:45:00,5865.2
2019-10-17 03:00:00,5920.3
2019-10-17 03:15:00,5935.5
2019-10-17 03:30:00,5960.6
2019-10-17 03:45:00,5994.1
2019-10-17 04:00:00,6072.5
2019-10-17 04:15:00,6115.2
2019-10-17 04:30:00,6158.4
2019-10-17 04:45:00,6248.7
2019-10-17 05:00:00,6426.9
2019-10-17 05:15:00,6544.5
2019-10-17 05:30:00,6638.5
2019-10-17 05:45:00,6737.7
2019-10-17 06:00:00,6870.0
2019-10-17 06:15:00,6945.2
2019-10-17 06:30:00,6980.8
2019-10-17 06:45:00,6997.8
2019-10-17 07:00:00,7031.3
2019-10-17 07:15:00,7066.5
2019-10-17 07:30:00,7079.7
2019-10-17 07:45:00,7094.1
2019-10-17 08:00:00,7067.0
2019-10-17 08:15:00,7083.5
2019-10-17 08:30:00,7106.8
2019-10-17 08:45:00,7117.8
2019-10-17 09:00:00,7133.9
2019-10-17 09:15:00,7143.6
2019-10-17 09:30:00,7159.3
2019-10-17 09:45:00,7168.5
2019-10-17 10:00:00,7176.4
2019-10-17 10:15:00,7191.0
2019-10-17 10:30:00,7225.1
2019-10-17 10:45:00,7210.8
2019-10-17 11:00:00,7185.0
2019-10-17 11:15:00,7167.2
2019-10-17 11:30:00,7159.9
2019-10-17 11:45:00,7154.2
2019-10-17 12:00:00,7144.5
2019-10-17 12:15:00,7133.7
2019-10-17 12:30:00,7105.7
2019-10-17 12:45:00,7075.3
2019-10-17 13:00:00,7048.7
2019-10-17 13:15:00,7047.6
2019-10-17 13:30:00,7031.9
2019-10-17 13:45:00,7025.1
2019-10-17 14:00:00,7000.9
2019-10-17 14:15:00,6976.2
2019-10-17 14:30:00,6953.5
2019-10-17 14:45:00,6919.6
2019-10-17 15:00:00,6904.6
2019-10-17 15:15:00,6882.4
2019-10-17 15:30:00,6881.1
2019-10-17 15:45:00,6873.8
2019-10-17 16:00:00,6885.9
2019-10-17 16:15:00,6880.8
2019-10-17 16:30:00,6906.6
2019-10-17 16:45:00,6933.7
2019-10-17 17:00:00,6947.1
2019-10-17 17:15:00,6981.5
2019-10-17 17:30:00,7057.9
2019-10-17 17:45:00,7090.7
2019-10-17 18:00:00,7084.6
2019-10-17 18:15:00,7037.9
2019-10-17 18:30:00,7015.9
2019-10-17 18:45:00,6987.4
2019-10-17 19:00:00,6926.2
2019-10-17 19:15:00,6864.1
2019-10-17 19:30:00,6819.2
2019-10-17 19:45:00,6759.7
2019-10-17 20:00:00,6674.7
2019-10-17 20:15:00,6635.2
2019-10-17 20:30:00,6581.7
2019-10-17 20:45:00,6532.6
2019-10-17 21:00:00,6474.9
2019-10-17 21:15:00,6421.8
2019-10-17 21:30:00,6367.0
2019-10-17 21:45:00,6305.3
2019-10-17 22:00:00,6231.1
2019-10-17 22:15:00,6174.9
2019-10-17 22:30:00,6141.2
2019-10-17 22:45:00,6100.0
2019-10-17 23:00:00,6033.9
2019-10-17 23:15:00,5991.4
2019-10-17 23:30:00,5965.6
2019-10-17 23:45:00,5946.0
2019-10-18 00:00:00,5913.9
2019-10-18 00:15:00,5883.0
2019-10-18 00:30:00,5868.5
2019-10-18 00:45:00,5843.4
2019-10-18 01:00:00,5816.1
2019-10-18 01:15:00,5802.0
2019-10-18 01:30:00,5802.4
2019-10-18 01:45:00,5799.1
2019-10-18 02:00:00,5799.8
2019-10-18 02:15:00,5809.3
2019-10-18 02:30:00,5816.5
2019-10-18 02:45:00,5835.9
2019-10-18 03:00:00,5857.3
2019-10-18 03:15:00,5886.8
2019-10-18 03:30:00,5917.6
2019-10-18 03:45:00,5952.0
2019-10-18 04:00:00,6024.2
2019-10-18 04:15:00,6075.6
2019-10-18 04:30:00,6138.3
2019-10-18 04:45:00,6224.0
2019-10-18 05:00:00,6427.8
2019-10-18 05:15:00,6550.7
2019-10-18 05:30:00,6649.8
2019-10-18 05:45:00,6743.0
2019-10-18 06:00:00,6866.5
2019-10-18 06:15:00,6938.3
2019-10-18 06:30:00,6973.1
2019-10-18 06:45:00,6996.9
2019-10-18 07:00:00,7031.5
2019-10-18 07:15:00,7061.0
2019-10-18 07:30:00,7080.0
2019-10-18 07:45:00,7104.6
2019-10-18 08:00:00,7106.4
2019-10-18 08:15:00,7129.1
2019-10-18 08:30:00,7155.5
2019-10-18 08:45:00,7159.0
2019-10-18 09:00:00,7154.0
2019-10-18 09:15:00,7148.5
2019-10-18 09:30:00,7168.3
2019-10-18 09:45:00,7179.7
2019-10-18 10:00:00,7172.2
2019-10-18 10:15:00,7216.5
2019-10-18 10:30:00,7233.0
2019-10-18 10:45:00,7229.5
2019-10-18 11:00:00,7220.0
2019-10-18 11:15:00,7213.9
2019-10-18 11:30:00,7193.6
2019-10-18 11:45:00,7179.1
2019-10-18 12:00:00,7164.3
2019-10-18 12:15:00,7114.5
2019-10-18 12:30:00,7059.3
2019-10-18 12:45:00,7017.4
2019-10-18 13:00:00,6989.4
2019-10-18 13:15:00,6981.9
2019-10-18 13:30:00,6979.7
2019-10-18 13:45:00,6957.7
2019-10-18 14:00:00,6956.6
2019-10-18 14:15:00,6940.7
2019-10-18 14:30:00,6927.1
2019-10-18 14:45:00,6917.6
2019-10-18 15:00:00,6924.2
2019-10-18 15:15:00,6905.7
2019-10-18 15:30:00,6893.0
2019-10-18 15:45:00,6906.6
2019-10-18 16:00:00,6907.5
2019-10-18 16:15:00,6903.5
2019-10-18 16:30:00,6922.7
2019-10-18 16:45:00,6954.6
2019-10-18 17:00:00,6985.9
2019-10-18 17:15:00,7002.4
2019-10-18 17:30:00,7063.4
2019-10-18 17:45:00,7109.7
2019-10-18 18:00:00,7113.0
2019-10-18 18:15:00,7067.4
2019-10-18 18:30:00,7031.3
2019-10-18 18:45:00,6985.2
2019-10-18 19:00:00,6893.2
2019-10-18 19:15:00,6802.6
2019-10-18 19:30:00,6750.0
2019-10-18 19:45:00,6696.5
2019-10-18 20:00:00,6607.3
2019-10-18 20:15:00,6559.9
2019-10-18 20:30:00,6506.8
2019-10-18 20:45:00,6450.7
2019-10-18 21:00:00,6398.7
2019-10-18 21:15:00,6348.5
2019-10-18 21:30:00,6296.7
2019-10-18 21:45:00,6246.5
2019-10-18 22:00:00,6205.1
2019-10-18 22:15:00,6147.8
2019-10-18 22:30:00,6107.7
2019-10-18 22:45:00,6049.1
2019-10-18 23:00:00,5941.9
2019-10-18 23:15:00,5922.2
2019-10-18 23:30:00,5906.4
2019-10-18 23:45:00,5874.0
2019-10-19 00:00:00,5838.1
2019-10-19 00:15:00,5804.6
2019-10-19 00:30:00,5780.2
2019-10-19 00:45:00,5761.0
2019-10-19 01:00:00,5732.2
2019-10-19 01:15:00,5714.8
2019-10-19 01:30:00,5698.5
2019-10-19 01:45:00,5694.7
2019-10-19 02:00:00,5694.3
2019-10-19 02:15:00,5690.3
2019-10-19 02:30:00,5687.2
2019-10-19 02:45:00,5689.2
2019-10-19 03:00:00,5718.7
2019-10-19 03:15:00,5744.9
2019-10-19 03:30:00,5747.4
2019-10-19 03:45:00,5755.7
2019-10-19 04:00:00,5767.8
2019-10-19 04:15:00,5780.2
2019-10-19 04:30:00,5776.7
2019-10-19 04:45:00,5803.3
2019-10-19 05:00:00,5852.0
2019-10-19 05:15:00,5875.3
2019-10-19 05:30:00,5909.0
2019-10-19 05:45:00,5948.9
2019-10-19 06:00:00,6037.7
2019-10-19 06:15:00,6064.1
2019-10-19 06:30:00,6098.2
2019-10-19 06:45:00,6123.1
2019-10-19 07:00:00,6148.0
2019-10-19 07:15:00,6179.1
2019-10-19 07:30:00,6219.4
2019-10-19 07:45:00,6258.4
2019-10-19 08:00:00,6305.1
2019-10-19 08:15:00,6334.8
2019-10-19 08:30:00,6364.8
2019-10-19 08:45:00,6385.5
2019-10-19 09:00:00,6393.8
2019-10-19 09:15:00,6418.5
2019-10-19 09:30:00,6434.4
2019-10-19 09:45:00,6439.2
2019-10-19 10:00:00,6456.2
2019-10-19 10:15:00,6459.0
2019-10-19 10:30:00,6481.9
2019-10-19 10:45:00,6463.9
2019-10-19 11:00:00,6455.7
2019-10-19 11:15:00,6422.0
2019-10-19 11:30:00,6403.1
2019-10-19 11:45:00,6400.9
2019-10-19 12:00:00,6396.3
2019-10-19 12:15:00,6381.1
2019-10-19 12:30:00,6363.0
2019-10-19 12:45:00,6327.3
2019-10-19 13:00:00,6314.8
2019-10-19 13:15:00,6306.8
2019-10-19 13:30:00,6283.7
2019-10-19 13:45:00,6259.3
2019-10-19 14:00:00,6266.1
2019-10-19 14:15:00,6270.5
2019-10-19 14:30:00,6269.6
2019-10-19 14:45:00,6251.8
2019-10-19 15:00:00,6246.3
2019-10-19 15:15:00,6243.2
2019-10-19 15:30:00,6253.5
2019-10-19 15:45:00,6250.0
2019-10-19 16:00:00,6272.5
2019-10-19 16:15:00,6294.1
2019-10-19 16:30:00,6338.1
2019-10-19 16:45:00,6372.2
2019-10-19 17:00:00,6446.5
2019-10-19 17:15:00,6465.0
2019-10-19 17:30:00,6539.2
2019-10-19 17:45:00,6567.0
2019-10-19 18:00:00,6527.8
2019-10-19 18:15:00,6502.2
2019-10-19 18:30:00,6463.4
2019-10-19 18:45:00,6420.7
2019-10-19 19:00:00,6368.1
2019-10-19 19:15:00,6295.8
2019-10-19 19:30:00,6236.1
2019-10-19 19:45:00,6207.3
2019-10-19 20:00:00,6173.6
2019-10-19 20:15:00,6142.1
2019-10-19 20:30:00,6094.5
2019-10-19 20:45:00,6067.8
2019-10-19 21:00:00,6045.8
2019-10-19 21:15:00,6011.7
2019-10-19 21:30:00,5968.7
2019-10-19 21:45:00,5928.6
2019-10-19 22:00:00,5868.3
2019-10-19 22:15:00,5821.8
2019-10-19 22:30:00,5783.3
2019-10-19 22:45:00,5733.0
2019-10-19 23:00:00,5654.6
2019-10-19 23:15:00,5630.2
2019-10-19 23:30:00,5610.4
2019-10-19 23:45:00,5553.5
2019-10-20 00:00:00,5528.0
2019-10-20 00:15:00,5501.8
2019-10-20 00:30:00,5483.0
2019-10-20 00:45:00,5465.2
2019-10-20 01:00:00,5458.1
2019-10-20 01:15:00,5437.7
2019-10-20 01:30:00,5413.4
2019-10-20 01:45:00,5408.6
2019-10-20 02:00:00,5409.9
2019-10-20 02:15:00,5398.7
2019-10-20 02:30:00,5394.7
2019-10-20 02:45:00,5393.2
2019-10-20 03:00:00,5433.5
2019-10-20 03:15:00,5448.9
2019-10-20 03:30:00,5433.9
2019-10-20 03:45:00,5428.2
2019-10-20 04:00:00,5457.3
2019-10-20 04:15:00,5454.0
2019-10-20 04:30:00,5440.7
2019-10-20 04:45:00,5440.5
2019-10-20 05:00:00,5445.2
2019-10-20 05:15:00,5454.4
2019-10-20 05:30:00,5468.5
2019-10-20 05:45:00,5480.8
2019-10-20 06:00:00,5534.1
2019-10-20 06:15:00,5557.5
2019-10-20 06:30:00,5581.3
2019-10-20 06:45:00,5607.5
2019-10-20 07:00:00,5637.7
2019-10-20 07:15:00,5695.6
2019-10-20 07:30:00,5746.3
2019-10-20 07:45:00,5788.8
2019-10-20 08:00:00,5801.8
2019-10-20 08:15:00,5839.6
2019-10-20 08:30:00,5872.2
2019-10-20 08:45:00,5922.9
2019-10-20 09:00:00,5981.3
2019-10-20 09:15:00,6012.8
2019-10-20 09:30:00,6033.7
2019-10-20 09:45:00,6059.0
2019-10-20 10:00:00,6107.5
2019-10-20 10:15:00,6136.6
2019-10-20 10:30:00,6157.7
2019-10-20 10:45:00,6147.4
2019-10-20 11:00:00,6139.9
2019-10-20 11:15:00,6136.8
2019-10-20 11:30:00,6115.6
2019-10-20 11:45:00,6084.6
2019-10-20 12:00:00,6067.6
2019-10-20 12:15:00,6027.3
2019-10-20 12:30:00,6017.4
2019-10-20 12:45:00,5987.2
2019-10-20 13:00:00,5965.9
2019-10-20 13:15:00,5948.9
2019-10-20 13:30:00,5942.5
2019-10-20 13:45:00,5932.8
2019-10-20 14:00:00,5955.3
2019-10-20 14:15:00,5928.4
2019-10-20 14:30:00,5922.2
2019-10-20 14:45:00,5919.8
2019-10-20 15:00:00,5948.0
2019-10-20 15:15:00,5936.8
2019-10-20 15:30:00,5956.2
2019-10-20 15:45:00,5993.2
2019-10-20 16:00:00,6025.1
2019-10-20 16:15:00,6034.6
2019-10-20 16:30:00,6076.0
2019-10-20 16:45:00,6136.1
2019-10-20 17:00:00,6187.4
2019-10-20 17:15:00,6228.9
2019-10-20 17:30:00,6297.8
2019-10-20 17:45:00,6305.9
2019-10-20 18:00:00,6328.2
2019-10-20 18:15:00,6297.8
2019-10-20 18:30:00,6273.3
2019-10-20 18:45:00,6245.2
2019-10-20 19:00:00,6223.8
2019-10-20 19:15:00,6172.2
2019-10-20 19:30:00,6123.8
2019-10-20 19:45:00,6074.0
2019-10-20 20:00:00,6056.2
2019-10-20 20:15:00,6035.0
2019-10-20 20:30:00,6013.9
2019-10-20 20:45:00,6008.8
2019-10-20 21:00:00,5998.7
2019-10-20 21:15:00,5970.0
2019-10-20 21:30:00,5924.4
2019-10-20 21:45:00,5884.1
2019-10-20 22:00:00,5828.9
2019-10-20 22:15:00,5769.6
2019-10-20 22:30:00,5725.3
2019-10-20 22:45:00,5694.9
2019-10-20 23:00:00,5664.1
2019-10-20 23:15:00,5632.2
2019-10-20 23:30:00,5619.8
2019-10-20 23:45:00,5601.5
2019-10-21 00:00:00,5586.6
2019-10-21 00:15:00,5564.5
2019-10-21 00:30:00,5552.6
2019-10-21 00:45:00,5555.5
2019-10-21 01:00:00,5539.0
2019-10-21 01:15:00,5524.2
2019-10-21 01:30:00,5503.1
2019-10-21 01:45:00,5513.2
2019-10-21 02:00:00,5531.7
2019-10-21 02:15:00,5541.6
2019-10-21 02:30:00,5547.8
2019-10-21 02:45:00,5551.5
2019-10-21 03:00:00,5589.0
2019-10-21 03:15:00,5624.4
2019-10-21 03:30:00,5659.5
2019-10-21 03:45:00,5715.4
2019-10-21 04:00:00,5824.7
2019-10-21 04:15:00,5891.4
2019-10-21 04:30:00,5972.7
2019-10-21 04:45:00,6083.9
2019-10-21 05:00:00,6290.7
2019-10-21 05:15:00,6432.4
2019-10-21 05:30:00,6559.5
2019-10-21 05:45:00,6673.8
2019-10-21 06:00:00,6793.0
2019-10-21 06:15:00,6847.8
2019-10-21 06:30:00,6906.8
2019-10-21 06:45:00,6943.2
2019-10-21 07:00:00,6975.8
2019-10-21 07:15:00,6993.4
2019-10-21 07:30:00,7017.8
2019-10-21 07:45:00,7039.6
2019-10-21 08:00:00,7016.7
2019-10-21 08:15:00,7027.8
2019-10-21 08:30:00,7046.5
2019-10-21 08:45:00,7073.1
2019-10-21 09:00:00,7064.1
2019-10-21 09:15:00,7076.0
2019-10-21 09:30:00,7082.4
2019-10-21 09:45:00,7104.8
2019-10-21 10:00:00,7095.2
2019-10-21 10:15:00,7102.0
2019-10-21 10:30:00,7095.8
2019-10-21 10:45:00,7089.9
2019-10-21 11:00:00,7068.3
2019-10-21 11:15:00,7070.7
2019-10-21 11:30:00,7104.4
2019-10-21 11:45:00,7122.0
2019-10-21 12:00:00,7141.2
2019-10-21 12:15:00,7125.1
2019-10-21 12:30:00,7080.2
2019-10-21 12:45:00,7054.8
2019-10-21 13:00:00,7041.4
2019-10-21 13:15:00,7010.8
2019-10-21 13:30:00,6993.2
2019-10-21 13:45:00,6981.7
2019-10-21 14:00:00,6974.2
2019-10-21 14:15:00,6946.9
2019-10-21 14:30:00,6900.9
2019-10-21 14:45:00,6858.6
2019-10-21 15:00:00,6871.6
2019-10-21 15:15:00,6836.3
2019-10-21 15:30:00,6824.7
2019-10-21 15:45:00,6803.5
2019-10-21 16:00:00,6820.9
2019-10-21 16:15:00,6825.6
2019-10-21 16:30:00,6849.1
2019-10-21 16:45:00,6877.3
2019-10-21 17:00:00,6931.7
2019-10-21 17:15:00,6970.0
2019-10-21 17:30:00,7021.8
2019-10-21 17:45:00,7063.4
2019-10-21 18:00:00,7025.1
2019-10-21 18:15:00,6987.2
2019-10-21 18:30:00,6954.8
2019-10-21 18:45:00,6942.5
2019-10-21 19:00:00,6905.9
2019-10-21 19:15:00,6839.2
2019-10-21 19:30:00,6774.7
2019-10-21 19:45:00,6722.9
2019-10-21 20:00:00,6646.7
2019-10-21 20:15:00,6607.9
2019-10-21 20:30:00,6537.4
2019-10-21 20:45:00,6485.2
2019-10-21 21:00:00,6467.2
2019-10-21 21:15:00,6421.6
2019-10-21 21:30:00,6361.2
2019-10-21 21:45:00,6310.4
2019-10-21 22:00:00,6225.3
2019-10-21 22:15:00,6168.7
2019-10-21 22:30:00,6126.4
2019-10-21 22:45:00,6055.9
2019-10-21 23:00:00,5987.4
2019-10-21 23:15:00,5957.0
2019-10-21 23:30:00,5940.1
2019-10-21 23:45:00,5907.7
2019-10-22 00:00:00,5861.7
2019-10-22 00:15:00,5841.6
2019-10-22 00:30:00,5824.0
2019-10-22 00:45:00,5804.2
2019-10-22 01:00:00,5775.3
2019-10-22 01:15:00,5758.4
2019-10-22 01:30:00,5756.2
2019-10-22 01:45:00,5756.2
2019-10-22 02:00:00,5781.3
2019-10-22 02:15:00,5798.7
2019-10-22 02:30:00,5801.3
2019-10-22 02:45:00,5808.1
2019-10-22 03:00:00,5844.3
2019-10-22 03:15:00,5868.5
2019-10-22 03:30:00,5904.2
2019-10-22 03:45:00,5936.3
2019-10-22 04:00:00,6023.3
2019-10-22 04:15:00,6077.1
2019-10-22 04:30:00,6143.8
2019-10-22 04:45:00,6233.9
2019-10-22 05:00:00,6433.0
2019-10-22 05:15:00,6566.7
2019-10-22 05:30:00,6670.5
2019-10-22 05:45:00,6778.9
2019-10-22 06:00:00,6892.1
2019-10-22 06:15:00,6949.8
2019-10-22 06:30:00,6978.0
2019-10-22 06:45:00,6994.1
2019-10-22 07:00:00,7023.6
2019-10-22 07:15:00,7046.9
2019-10-22 07:30:00,7060.6
2019-10-22 07:45:00,7051.5
2019-10-22 08:00:00,7007.3
2019-10-22 08:15:00,7018.1
2019-10-22 08:30:00,7035.7
2019-10-22 08:45:00,7041.0
2019-10-22 09:00:00,7026.4
2019-10-22 09:15:00,7046.3
2019-10-22 09:30:00,7066.3
2019-10-22 09:45:00,7087.0
2019-10-22 10:00:00,7107.7
2019-10-22 10:15:00,7141.2
2019-10-22 10:30:00,7152.0
2019-10-22 10:45:00,7130.4
2019-10-22 11:00:00,7079.3
2019-10-22 11:15:00,7058.8
2019-10-22 11:30:00,7061.5
2019-10-22 11:45:00,7068.5
2019-10-22 12:00:00,7074.2
2019-10-22 12:15:00,7054.6
2019-10-22 12:30:00,7035.5
2019-10-22 12:45:00,6998.2
2019-10-22 13:00:00,6952.6
2019-10-22 13:15:00,6950.0
2019-10-22 13:30:00,6940.7
2019-10-22 13:45:00,6933.3
2019-10-22 14:00:00,6922.5
2019-10-22 14:15:00,6905.5
2019-10-22 14:30:00,6891.4
2019-10-22 14:45:00,6859.3
2019-10-22 15:00:00,6835.7
2019-10-22 15:15:00,6808.1
2019-10-22 15:30:00,6810.6
2019-10-22 15:45:00,6804.0
2019-10-22 16:00:00,6816.7
2019-10-22 16:15:00,6826.4
2019-10-22 16:30:00,6841.6
2019-10-22 16:45:00,6873.8
2019-10-22 17:00:00,6915.4
2019-10-22 17:15:00,6971.4
2019-10-22 17:30:00,7044.3
2019-10-22 17:45:00,7080.0
2019-10-22 18:00:00,7085.5
2019-10-22 18:15:00,7052.4
2019-10-22 18:30:00,7022.7
2019-10-22 18:45:00,6997.8
2019-10-22 19:00:00,6950.4
2019-10-22 19:15:00,6885.0
2019-10-22 19:30:00,6820.0
2019-10-22 19:45:00,6760.8
2019-10-22 20:00:00,6720.9
2019-10-22 20:15:00,6665.0
2019-10-22 20:30:00,6579.5
2019-10-22 20:45:00,6522.2
2019-10-22 21:00:00,6466.7
2019-10-22 21:15:00,6416.7
2019-10-22 21:30:00,6343.6
2019-10-22 21:45:00,6277.8
2019-10-22 22:00:00,6202.0
2019-10-22 22:15:00,6147.1
2019-10-22 22:30:00,6089.9
2019-10-22 22:45:00,6041.6
2019-10-22 23:00:00,5993.0
2019-10-22 23:15:00,5967.0
2019-10-22 23:30:00,5926.9
2019-10-22 23:45:00,5886.3
2019-10-23 00:00:00,5830.0
2019-10-23 00:15:00,5796.5
2019-10-23 00:30:00,5790.7
2019-10-23 00:45:00,5771.1
2019-10-23 01:00:00,5746.0
2019-10-23 01:15:00,5735.9
2019-10-23 01:30:00,5734.6
2019-10-23 01:45:00,5742.1
2019-10-23 02:00:00,5759.0
2019-10-23 02:15:00,5767.0
2019-10-23 02:30:00,5764.3
2019-10-23 02:45:00,5783.3
2019-10-23 03:00:00,5833.3
2019-10-23 03:15:00,5846.0
2019-10-23 03:30:00,5874.7
2019-10-23 03:45:00,5909.9
2019-10-23 04:00:00,6009.7
2019-10-23 04:15:00,6069.8
2019-10-23 04:30:00,6138.1
2019-10-23 04:45:00,6232.2
2019-10-23 05:00:00,6409.5
2019-10-23 05:15:00,6545.4
2019-10-23 05:30:00,6659.7
2019-10-23 05:45:00,6754.8
2019-10-23 06:00:00,6874.7
2019-10-23 06:15:00,6955.5
2019-10-23 06:30:00,6988.1
2019-10-23 06:45:00,7006.2
2019-10-23 07:00:00,7029.3
2019-10-23 07:15:00,7051.8
2019-10-23 07:30:00,7066.7
2019-10-23 07:45:00,7063.0
2019-10-23 08:00:00,7041.4
2019-10-23 08:15:00,7053.5
2019-10-23 08:30:00,7062.3
2019-10-23 08:45:00,7066.7
2019-10-23 09:00:00,7072.0
2019-10-23 09:15:00,7073.6
2019-10-23 09:30:00,7080.4
2019-10-23 09:45:00,7102.9
2019-10-23 10:00:00,7110.1
2019-10-23 10:15:00,7130.4
2019-10-23 10:30:00,7127.3
2019-10-23 10:45:00,7123.6
2019-10-23 11:00:00,7084.1
2019-10-23 11:15:00,7069.8
2019-10-23 11:30:00,7067.0
2019-10-23 11:45:00,7056.2
2019-10-23 12:00:00,7059.7
2019-10-23 12:15:00,7033.9
2019-10-23 12:30:00,7019.4
2019-10-23 12:45:00,6992.7
2019-10-23 13:00:00,6970.0
2019-10-23 13:15:00,6955.7
2019-10-23 13:30:00,6948.0
2019-10-23 13:45:00,6935.5
2019-10-23 14:00:00,6924.9
2019-10-23 14:15:00,6882.4
2019-10-23 14:30:00,6878.4
2019-10-23 14:45:00,6844.9
2019-10-23 15:00:00,6854.4
2019-10-23 15:15:00,6832.8
2019-10-23 15:30:00,6831.1
2019-10-23 15:45:00,6825.6
2019-10-23 16:00:00,6840.3
2019-10-23 16:15:00,6855.3
2019-10-23 16:30:00,6884.4
2019-10-23 16:45:00,6915.9
2019-10-23 17:00:00,6959.9
2019-10-23 17:15:00,7016.3
2019-10-23 17:30:00,7092.5
2019-10-23 17:45:00,7118.5
2019-10-23 18:00:00,7115.2
2019-10-23 18:15:00,7071.8
2019-10-23 18:30:00,7058.4
2019-10-23 18:45:00,7030.6
2019-10-23 19:00:00,6957.5
2019-10-23 19:15:00,6895.6
2019-10-23 19:30:00,6830.0
2019-10-23 19:45:00,6786.6
2019-10-23 20:00:00,6731.9
2019-10-23 20:15:00,6665.0
2019-10-23 20:30:00,6619.8
2019-10-23 20:45:00,6578.4
2019-10-23 21:00:00,6536.8
2019-10-23 21:15:00,6477.1
2019-10-23 21:30:00,6402.2
2019-10-23 21:45:00,6343.4
2019-10-23 22:00:00,6248.7
2019-10-23 22:15:00,6194.7
2019-10-23 22:30:00,6149.6
2019-10-23 22:45:00,6088.3
2019-10-23 23:00:00,6014.8
2019-10-23 23:15:00,5987.0
2019-10-23 23:30:00,5953.5
2019-10-23 23:45:00,5932.4
2019-10-24 00:00:00,5892.5
2019-10-24 00:15:00,5859.7
2019-10-24 00:30:00,5844.9
2019-10-24 00:45:00,5814.3
2019-10-24 01:00:00,5789.2
2019-10-24 01:15:00,5773.8
2019-10-24 01:30:00,5778.2
2019-10-24 01:45:00,5781.9
2019-10-24 02:00:00,5792.1
2019-10-24 02:15:00,5795.2
2019-10-24 02:30:00,5790.7
2019-10-24 02:45:00,5807.7
2019-10-24 03:00:00,5844.5
2019-10-24 03:15:00,5880.6
2019-10-24 03:30:00,5920.7
2019-10-24 03:45:00,5961.2
2019-10-24 04:00:00,6031.1
2019-10-24 04:15:00,6072.9
2019-10-24 04:30:00,6132.6
2019-10-24 04:45:00,6221.4
2019-10-24 05:00:00,6406.2
2019-10-24 05:15:00,6523.8
2019-10-24 05:30:00,6640.7
2019-10-24 05:45:00,6735.5
2019-10-24 06:00:00,6852.2
2019-10-24 06:15:00,6917.6
2019-10-24 06:30:00,6957.3
2019-10-24 06:45:00,7000.7
2019-10-24 07:00:00,7042.3
2019-10-24 07:15:00,7060.6
2019-10-24 07:30:00,7074.2
2019-10-24 07:45:00,7067.0
2019-10-24 08:00:00,7053.7
2019-10-24 08:15:00,7063.7
2019-10-24 08:30:00,7087.4
2019-10-24 08:45:00,7089.4
2019-10-24 09:00:00,7067.0
2019-10-24 09:15:00,7080.6
2019-10-24 09:30:00,7100.4
2019-10-24 09:45:00,7109.0
2019-10-24 10:00:00,7100.7
2019-10-24 10:15:00,7102.2
2019-10-24 10:30:00,7111.0
2019-10-24 10:45:00,7118.1
2019-10-24 11:00:00,7106.2
2019-10-24 11:15:00,7096.9
2019-10-24 11:30:00,7097.6
2019-10-24 11:45:00,7119.4
2019-10-24 12:00:00,7118.3
2019-10-24 12:15:00,7095.4
2019-10-24 12:30:00,7067.6
2019-10-24 12:45:00,7038.5
2019-10-24 13:00:00,7028.9
2019-10-24 13:15:00,7009.7
2019-10-24 13:30:00,6999.3
2019-10-24 13:45:00,6980.8
2019-10-24 14:00:00,6971.4
2019-10-24 14:15:00,6942.5
2019-10-24 14:30:00,6916.5
2019-10-24 14:45:00,6879.1
2019-10-24 15:00:00,6894.1
2019-10-24 15:15:00,6879.1
2019-10-24 15:30:00,6870.0
2019-10-24 15:45:00,6861.9
2019-10-24 16:00:00,6866.5
2019-10-24 16:15:00,6869.6
2019-10-24 16:30:00,6897.1
2019-10-24 16:45:00,6932.4
2019-10-24 17:00:00,7013.4
2019-10-24 17:15:00,7081.7
2019-10-24 17:30:00,7152.6
2019-10-24 17:45:00,7176.4
2019-10-24 18:00:00,7174.4
2019-10-24 18:15:00,7135.2
2019-10-24 18:30:00,7119.6
2019-10-24 18:45:00,7078.0
2019-10-24 19:00:00,6989.4
2019-10-24 19:15:00,6929.3
2019-10-24 19:30:00,6875.1
2019-10-24 19:45:00,6821.6
2019-10-24 20:00:00,6737.0
2019-10-24 20:15:00,6674.0
2019-10-24 20:30:00,6629.5
2019-10-24 20:45:00,6559.0
2019-10-24 21:00:00,6514.5
2019-10-24 21:15:00,6454.8
2019-10-24 21:30:00,6382.8
2019-10-24 21:45:00,6328.0
2019-10-24 22:00:00,6267.0
2019-10-24 22:15:00,6198.5
2019-10-24 22:30:00,6157.5
2019-10-24 22:45:00,6121.4
2019-10-24 23:00:00,6011.0
2019-10-24 23:15:00,5978.2
2019-10-24 23:30:00,5956.8
2019-10-24 23:45:00,5934.6
2019-10-25 00:00:00,5895.6
2019-10-25 00:15:00,5862.6
2019-10-25 00:30:00,5850.4
2019-10-25 00:45:00,5838.5
2019-10-25 01:00:00,5789.2
2019-10-25 01:15:00,5777.5
2019-10-25 01:30:00,5763.4
2019-10-25 01:45:00,5754.2
2019-10-25 02:00:00,5775.3
2019-10-25 02:15:00,5779.1
2019-10-25 02:30:00,5786.6
2019-10-25 02:45:00,5808.6
2019-10-25 03:00:00,5847.6
2019-10-25 03:15:00,5866.7
2019-10-25 03:30:00,5912.3
2019-10-25 03:45:00,5948.9
2019-10-25 04:00:00,6019.4
2019-10-25 04:15:00,6084.6
2019-10-25 04:30:00,6148.0
2019-10-25 04:45:00,6238.8
2019-10-25 05:00:00,6420.7
2019-10-25 05:15:00,6547.6
2019-10-25 05:30:00,6658.6
2019-10-25 05:45:00,6746.7
2019-10-25 06:00:00,6869.4
2019-10-25 06:15:00,6953.7
2019-10-25 06:30:00,7004.4
2019-10-25 06:45:00,7048.2
2019-10-25 07:00:00,7096.3
2019-10-25 07:15:00,7116.7
2019-10-25 07:30:00,7114.8
2019-10-25 07:45:00,7101.8
2019-10-25 08:00:00,7072.0
2019-10-25 08:15:00,7071.1
2019-10-25 08:30:00,7101.8
2019-10-25 08:45:00,7106.4
2019-10-25 09:00:00,7097.4
2019-10-25 09:15:00,7098.2
2019-10-25 09:30:00,7124.7
2019-10-25 09:45:00,7124.0
2019-10-25 10:00:00,7135.0
2019-10-25 10:15:00,7119.6
2019-10-25 10:30:00,7141.6
2019-10-25 10:45:00,7144.5
2019-10-25 11:00:00,7126.2
2019-10-25 11:15:00,7093.2
2019-10-25 11:30:00,7067.4
2019-10-25 11:45:00,7044.7
2019-10-25 12:00:00,7016.1
2019-10-25 12:15:00,6974.7
2019-10-25 12:30:00,6941.9
2019-10-25 12:45:00,6906.4
2019-10-25 13:00:00,6882.2
2019-10-25 13:15:00,6861.7
2019-10-25 13:30:00,6836.1
2019-10-25 13:45:00,6822.7
2019-10-25 14:00:00,6816.1
2019-10-25 14:15:00,6801.5
2019-10-25 14:30:00,6785.5
2019-10-25 14:45:00,6762.6
2019-10-25 15:00:00,6752.4
2019-10-25 15:15:00,6743.4
2019-10-25 15:30:00,6728.0
2019-10-25 15:45:00,6741.9
2019-10-25 16:00:00,6771.1
2019-10-25 16:15:00,6778.6
2019-10-25 16:30:00,6803.1
2019-10-25 16:45:00,6832.8
2019-10-25 17:00:00,6890.7
2019-10-25 17:15:00,6950.4
2019-10-25 17:30:00,7022.5
2019-10-25 17:45:00,7028.0
2019-10-25 18:00:00,7054.2
2019-10-25 18:15:00,7018.7
2019-10-25 18:30:00,6987.0
2019-10-25 18:45:00,6954.0
2019-10-25 19:00:00,6901.3
2019-10-25 19:15:00,6827.8
2019-10-25 19:30:00,6766.3
2019-10-25 19:45:00,6702.2
2019-10-25 20:00:00,6647.8
2019-10-25 20:15:00,6593.4
2019-10-25 20:30:00,6525.1
2019-10-25 20:45:00,6483.9
2019-10-25 21:00:00,6446.9
2019-10-25 21:15:00,6393.6
2019-10-25 21:30:00,6350.2
2019-10-25 21:45:00,6313.2
2019-10-25 22:00:00,6196.3
2019-10-25 22:15:00,6124.9
2019-10-25 22:30:00,6069.2
2019-10-25 22:45:00,6032.8
2019-10-25 23:00:00,6004.2
2019-10-25 23:15:00,5955.3
2019-10-25 23:30:00,5921.1
2019-10-25 23:45:00,5892.5
2019-10-26 00:00:00,5867.8
2019-10-26 00:15:00,5833.3
2019-10-26 00:30:00,5835.0
2019-10-26 00:45:00,5814.1
2019-10-26 01:00:00,5770.7
2019-10-26 01:15:00,5769.2
2019-10-26 01:30:00,5752.4
2019-10-26 01:45:00,5765.9
2019-10-26 02:00:00,5773.1
2019-10-26 02:15:00,5760.6
2019-10-26 02:30:00,5770.5
2019-10-26 02:45:00,5764.1
2019-10-26 03:00:00,5774.9
2019-10-26 03:15:00,5794.1
2019-10-26 03:30:00,5810.6
2019-10-26 03:45:00,5818.7
2019-10-26 04:00:00,5839.0
2019-10-26 04:15:00,5850.2
2019-10-26 04:30:00,5856.6
2019-10-26 04:45:00,5881.1
2019-10-26 05:00:00,5918.5
2019-10-26 05:15:00,5956.2
2019-10-26 05:30:00,5983.7
2019-10-26 05:45:00,6019.4
2019-10-26 06:00:00,6071.1
2019-10-26 06:15:00,6104.0
2019-10-26 06:30:00,6164.1
2019-10-26 06:45:00,6193.6
2019-10-26 07:00:00,6255.5
2019-10-26 07:15:00,6270.5
2019-10-26 07:30:00,6324.0
2019-10-26 07:45:00,6358.6
2019-10-26 08:00:00,6391.4
2019-10-26 08:15:00,6427.1
2019-10-26 08:30:00,6449.1
2019-10-26 08:45:00,6472.9
2019-10-26 09:00:00,6476.2
2019-10-26 09:15:00,6500.9
2019-10-26 09:30:00,6497.1
2019-10-26 09:45:00,6517.8
2019-10-26 10:00:00,6554.6
2019-10-26 10:15:00,6575.6
2019-10-26 10:30:00,6578.9
2019-10-26 10:45:00,6565.4
2019-10-26 11:00:00,6555.9
2019-10-26 11:15:00,6536.8
2019-10-26 11:30:00,6522.9
2019-10-26 11:45:00,6507.3
2019-10-26 12:00:00,6504.2
2019-10-26 12:15:00,6482.4
2019-10-26 12:30:00,6434.6
2019-10-26 12:45:00,6417.8
2019-10-26 13:00:00,6390.7
2019-10-26 13:15:00,6368.1
2019-10-26 13:30:00,6344.5
2019-10-26 13:45:00,6341.9
2019-10-26 14:00:00,6330.8
2019-10-26 14:15:00,6304.0
2019-10-26 14:30:00,6290.1
2019-10-26 14:45:00,6255.9
2019-10-26 15:00:00,6260.8
2019-10-26 15:15:00,6270.3
2019-10-26 15:30:00,6275.3
2019-10-26 15:45:00,6290.7
2019-10-26 16:00:00,6298.9
2019-10-26 16:15:00,6328.2
2019-10-26 16:30:00,6365.6
2019-10-26 16:45:00,6409.9
2019-10-26 17:00:00,6474.7
2019-10-26 17:15:00,6554.2
2019-10-26 17:30:00,6610.1
2019-10-26 17:45:00,6609.3
2019-10-26 18:00:00,6608.1
2019-10-26 18:15:00,6556.4
2019-10-26 18:30:00,6525.1
2019-10-26 18:45:00,6496.7
2019-10-26 19:00:00,6426.4
2019-10-26 19:15:00,6353.3
2019-10-26 19:30:00,6295.4
2019-10-26 19:45:00,6247.4
2019-10-26 20:00:00,6241.9
2019-10-26 20:15:00,6210.8
2019-10-26 20:30:00,6161.2
2019-10-26 20:45:00,6141.0
2019-10-26 21:00:00,6155.9
2019-10-26 21:15:00,6120.3
2019-10-26 21:30:00,6072.9
2019-10-26 21:45:00,6024.4
2019-10-26 22:00:00,5978.6
2019-10-26 22:15:00,5932.2
2019-10-26 22:30:00,5903.1
2019-10-26 22:45:00,5860.4
2019-10-26 23:00:00,5795.6
2019-10-26 23:15:00,5752.6
2019-10-26 23:30:00,5731.9
2019-10-26 23:45:00,5693.8
2019-10-27 00:00:00,5663.0
2019-10-27 00:15:00,5640.5
2019-10-27 00:30:00,5606.8
2019-10-27 00:45:00,5569.6
2019-10-27 01:00:00,5556.2
2019-10-27 01:15:00,5546.5
2019-10-27 01:30:00,5526.7
2019-10-27 01:45:00,5522.2
2019-10-27 02:00:00,5512.8
2019-10-27 02:15:00,5495.2
2019-10-27 02:30:00,5496.7
2019-10-27 02:45:00,5485.7
2019-10-27 03:00:00,5496.5
2019-10-27 03:15:00,5493.2
2019-10-27 03:30:00,5507.9
2019-10-27 03:45:00,5514.8
2019-10-27 04:00:00,5535.9
2019-10-27 04:15:00,5526.9
2019-10-27 04:30:00,5522.5
2019-10-27 04:45:00,5530.8
2019-10-27 05:00:00,5535.2
2019-10-27 05:15:00,5533.9
2019-10-27 05:30:00,5548.5
2019-10-27 05:45:00,5551.8
2019-10-27 06:00:00,5577.3
2019-10-27 06:15:00,5596.3
2019-10-27 06:30:00,5608.8
2019-10-27 06:45:00,5628.4
2019-10-27 07:00:00,5704.0
2019-10-27 07:15:00,5735.9
2019-10-27 07:30:00,5783.3
2019-10-27 07:45:00,5817.6
2019-10-27 08:00:00,5878.4
2019-10-27 08:15:00,5898.5
2019-10-27 08:30:00,5944.5
2019-10-27 08:45:00,5987.0
2019-10-27 09:00:00,6021.6
2019-10-27 09:15:00,6058.1
2019-10-27 09:30:00,6105.3
2019-10-27 09:45:00,6111.9
2019-10-27 10:00:00,6149.1
2019-10-27 10:15:00,6165.0
2019-10-27 10:30:00,6182.6
2019-10-27 10:45:00,6200.2
2019-10-27 11:00:00,6207.9
2019-10-27 11:15:00,6245.4
2019-10-27 11:30:00,6261.9
2019-10-27 11:45:00,6255.3
2019-10-27 12:00:00,6263.0
2019-10-27 12:15:00,6244.5
2019-10-27 12:30:00,6215.2
2019-10-27 12:45:00,6191.0
2019-10-27 13:00:00,6152.6
2019-10-27 13:15:00,6116.3
2019-10-27 13:30:00,6091.6
2019-10-27 13:45:00,6065.9
2019-10-27 14:00:00,6043.8
2019-10-27 14:15:00,6035.9
2019-10-27 14:30:00,6040.7
2019-10-27 14:45:00,6041.4
2019-10-27 15:00:00,6019.8
2019-10-27 15:15:00,6013.2
2019-10-27 15:30:00,6006.6
2019-10-27 15:45:00,5999.6
2019-10-27 16:00:00,6033.0
2019-10-27 16:15:00,6053.5
2019-10-27 16:30:00,6089.0
2019-10-27 16:45:00,6120.0
2019-10-27 17:00:00,6204.2
2019-10-27 17:15:00,6292.1
2019-10-27 17:30:00,6389.6
2019-10-27 17:45:00,6438.3
2019-10-27 18:00:00,6480.0
2019-10-27 18:15:00,6465.6
2019-10-27 18:30:00,6447.6
2019-10-27 18:45:00,6418.9
2019-10-27 19:00:00,6390.7
2019-10-27 19:15:00,6358.1
2019-10-27 19:30:00,6329.1
2019-10-27 19:45:00,6288.3
2019-10-27 20:00:00,6288.5
2019-10-27 20:15:00,6237.0
2019-10-27 20:30:00,6184.8
2019-10-27 20:45:00,6147.4
2019-10-27 21:00:00,6130.2
2019-10-27 21:15:00,6113.2
2019-10-27 21:30:00,6088.3
2019-10-27 21:45:00,6081.1
2019-10-27 22:00:00,6086.1
2019-10-27 22:15:00,6057.0
2019-10-27 22:30:00,6016.3
2019-10-27 22:45:00,5975.8
2019-10-27 23:00:00,5937.4
2019-10-27 23:15:00,5888.8
2019-10-27 23:30:00,5851.8
2019-10-27 23:45:00,5825.6
2019-10-28 00:00:00,5831.3
2019-10-28 00:15:00,5824.9
2019-10-28 00:30:00,5808.1
2019-10-28 00:45:00,5798.9
2019-10-28 01:00:00,5791.4
2019-10-28 01:15:00,5785.9
2019-10-28 01:30:00,5783.7
2019-10-28 01:45:00,5772.0
2019-10-28 02:00:00,5767.8
2019-10-28 02:15:00,5756.4
2019-10-28 02:30:00,5765.6
2019-10-28 02:45:00,5781.1
2019-10-28 03:00:00,5797.6
2019-10-28 03:15:00,5807.5
2019-10-28 03:30:00,5813.4
2019-10-28 03:45:00,5817.8
2019-10-28 04:00:00,5859.3
2019-10-28 04:15:00,5879.5
2019-10-28 04:30:00,5930.8
2019-10-28 04:45:00,5985.2
2019-10-28 05:00:00,6085.2
2019-10-28 05:15:00,6145.6
2019-10-28 05:30:00,6216.7
2019-10-28 05:45:00,6311.5
2019-10-28 06:00:00,6482.2
2019-10-28 06:15:00,6625.6
2019-10-28 06:30:00,6754.2
2019-10-28 06:45:00,6840.1
2019-10-28 07:00:00,6897.4
2019-10-28 07:15:00,6936.3
2019-10-28 07:30:00,6963.0
2019-10-28 07:45:00,7006.2
2019-10-28 08:00:00,7032.8
2019-10-28 08:15:00,7029.5
2019-10-28 08:30:00,7034.1
2019-10-28 08:45:00,7024.0
2019-10-28 09:00:00,7002.9
2019-10-28 09:15:00,7018.7
2019-10-28 09:30:00,7037.0
2019-10-28 09:45:00,7052.9
2019-10-28 10:00:00,7069.2
2019-10-28 10:15:00,7081.3
2019-10-28 10:30:00,7098.7
2019-10-28 10:45:00,7117.4
2019-10-28 11:00:00,7145.6
2019-10-28 11:15:00,7138.1
2019-10-28 11:30:00,7152.9
2019-10-28 11:45:00,7150.7
2019-10-28 12:00:00,7125.8
2019-10-28 12:15:00,7103.3
2019-10-28 12:30:00,7108.8
2019-10-28 12:45:00,7101.5
2019-10-28 13:00:00,7091.0
2019-10-28 13:15:00,7080.2
2019-10-28 13:30:00,7054.6
2019-10-28 13:45:00,7018.1
2019-10-28 14:00:00,7015.9
2019-10-28 14:15:00,7006.2
2019-10-28 14:30:00,6991.2
2019-10-28 14:45:00,6969.2
2019-10-28 15:00:00,6949.6
2019-10-28 15:15:00,6928.0
2019-10-28 15:30:00,6905.3
2019-10-28 15:45:00,6889.9
2019-10-28 16:00:00,6848.2
2019-10-28 16:15:00,6851.1
2019-10-28 16:30:00,6848.9
2019-10-28 16:45:00,6890.5
2019-10-28 17:00:00,6967.0
2019-10-28 17:15:00,7035.7
2019-10-28 17:30:00,7102.4
2019-10-28 17:45:00,7129.3
2019-10-28 18:00:00,7117.4
2019-10-28 18:15:00,7088.3
2019-10-28 18:30:00,7085.0
2019-10-28 18:45:00,7092.5
2019-10-28 19:00:00,7040.5
2019-10-28 19:15:00,6990.1
2019-10-28 19:30:00,6956.4
2019-10-28 19:45:00,6922.9
2019-10-28 20:00:00,6875.1
2019-10-28 20:15:00,6812.3
2019-10-28 20:30:00,6752.6
2019-10-28 20:45:00,6701.1
2019-10-28 21:00:00,6646.9
2019-10-28 21:15:00,6595.4
2019-10-28 21:30:00,6529.5
2019-10-28 21:45:00,6467.6
2019-10-28 22:00:00,6453.1
2019-10-28 22:15:00,6403.7
2019-10-28 22:30:00,6346.3
2019-10-28 22:45:00,6283.5
2019-10-28 23:00:00,6213.0
2019-10-28 23:15:00,6145.8
2019-10-28 23:30:00,6090.7
2019-10-28 23:45:00,6053.1
2019-10-29 00:00:00,6039.2
2019-10-29 00:15:00,6001.8
2019-10-29 00:30:00,5981.9
2019-10-29 00:45:00,5954.6
2019-10-29 01:00:00,5932.2
2019-10-29 01:15:00,5914.5
2019-10-29 01:30:00,5908.6
2019-10-29 01:45:00,5900.9
2019-10-29 02:00:00,5888.8
2019-10-29 02:15:00,5889.0
2019-10-29 02:30:00,5899.8
2019-10-29 02:45:00,5898.5
2019-10-29 03:00:00,5885.7
2019-10-29 03:15:00,5905.7
2019-10-29 03:30:00,5922.7
2019-10-29 03:45:00,5938.5
2019-10-29 04:00:00,5975.3
2019-10-29 04:15:00,6004.4
2019-10-29 04:30:00,6019.6
2019-10-29 04:45:00,6052.4
2019-10-29 05:00:00,6114.1
2019-10-29 05:15:00,6156.8
2019-10-29 05:30:00,6218.9
2019-10-29 05:45:00,6307.7
2019-10-29 06:00:00,6492.3
2019-10-29 06:15:00,6626.7
2019-10-29 06:30:00,6732.2
2019-10-29 06:45:00,6806.4
2019-10-29 07:00:00,6899.3
2019-10-29 07:15:00,6941.0
2019-10-29 07:30:00,6983.3
2019-10-29 07:45:00,7018.7
2019-10-29 08:00:00,7051.5
2019-10-29 08:15:00,7085.0
2019-10-29 08:30:00,7087.2
2019-10-29 08:45:00,7086.6
2019-10-29 09:00:00,7081.1
2019-10-29 09:15:00,7087.9
2019-10-29 09:30:00,7107.3
2019-10-29 09:45:00,7119.2
2019-10-29 10:00:00,7123.3
2019-10-29 10:15:00,7125.6
2019-10-29 10:30:00,7123.8
2019-10-29 10:45:00,7153.7
2019-10-29 11:00:00,7149.8
2019-10-29 11:15:00,7177.1
2019-10-29 11:30:00,7178.2
2019-10-29 11:45:00,7169.8
2019-10-29 12:00:00,7139.4
2019-10-29 12:15:00,7126.2
2019-10-29 12:30:00,7115.6
2019-10-29 12:45:00,7123.6
2019-10-29 13:00:00,7121.1
2019-10-29 13:15:00,7108.8
2019-10-29 13:30:00,7080.4
2019-10-29 13:45:00,7042.3
2019-10-29 14:00:00,7034.8
2019-10-29 14:15:00,7014.5
2019-10-29 14:30:00,7010.8
2019-10-29 14:45:00,7006.2
2019-10-29 15:00:00,6993.2
2019-10-29 15:15:00,6967.6
2019-10-29 15:30:00,6955.3
2019-10-29 15:45:00,6945.8
2019-10-29 16:00:00,6946.9
2019-10-29 16:15:00,6939.0
2019-10-29 16:30:00,6959.9
2019-10-29 16:45:00,6987.4
2019-10-29 17:00:00,7056.4
2019-10-29 17:15:00,7121.8
2019-10-29 17:30:00,7197.6
2019-10-29 17:45:00,7216.5
2019-10-29 18:00:00,7178.9
2019-10-29 18:15:00,7159.0
2019-10-29 18:30:00,7136.3
2019-10-29 18:45:00,7115.6
2019-10-29 19:00:00,7081.7
2019-10-29 19:15:00,7045.8
2019-10-29 19:30:00,7013.9
2019-10-29 19:45:00,6976.7
2019-10-29 20:00:00,6933.5
2019-10-29 20:15:00,6863.0
2019-10-29 20:30:00,6789.2
2019-10-29 20:45:00,6750.9
2019-10-29 21:00:00,6710.4
2019-10-29 21:15:00,6660.6
2019-10-29 21:30:00,6608.8
2019-10-29 21:45:00,6555.3
2019-10-29 22:00:00,6525.3
2019-10-29 22:15:00,6479.5
2019-10-29 22:30:00,6393.4
2019-10-29 22:45:00,6353.3
2019-10-29 23:00:00,6276.0
2019-10-29 23:15:00,6222.5
2019-10-29 23:30:00,6165.9
2019-10-29 23:45:00,6122.7
2019-10-30 00:00:00,6071.1
2019-10-30 00:15:00,6034.1
2019-10-30 00:30:00,6028.4
2019-10-30 00:45:00,6009.5
2019-10-30 01:00:00,5982.6
2019-10-30 01:15:00,5977.5
2019-10-30 01:30:00,5965.0
2019-10-30 01:45:00,5965.4
2019-10-30 02:00:00,5922.0
2019-10-30 02:15:00,5928.4
2019-10-30 02:30:00,5929.5
2019-10-30 02:45:00,5933.0
2019-10-30 03:00:00,5937.9
2019-10-30 03:15:00,5950.2
2019-10-30 03:30:00,5955.7
2019-10-30 03:45:00,5968.5
2019-10-30 04:00:00,6002.4
2019-10-30 04:15:00,6020.0
2019-10-30 04:30:00,6054.2
2019-10-30 04:45:00,6082.2
2019-10-30 05:00:00,6154.0
2019-10-30 05:15:00,6194.9
2019-10-30 05:30:00,6254.6
2019-10-30 05:45:00,6342.7
2019-10-30 06:00:00,6517.6
2019-10-30 06:15:00,6654.8
2019-10-30 06:30:00,6729.7
2019-10-30 06:45:00,6803.5
2019-10-30 07:00:00,6876.4
2019-10-30 07:15:00,6909.7
2019-10-30 07:30:00,6939.9
2019-10-30 07:45:00,6975.3
2019-10-30 08:00:00,7027.1
2019-10-30 08:15:00,7050.0
2019-10-30 08:30:00,7044.3
2019-10-30 08:45:00,7057.0
2019-10-30 09:00:00,7034.8
2019-10-30 09:15:00,7039.4
2019-10-30 09:30:00,7052.4
2019-10-30 09:45:00,7046.0
2019-10-30 10:00:00,7070.0
2019-10-30 10:15:00,7068.7
2019-10-30 10:30:00,7083.3
2019-10-30 10:45:00,7102.4
2019-10-30 11:00:00,7099.6
2019-10-30 11:15:00,7106.2
2019-10-30 11:30:00,7115.9
2019-10-30 11:45:00,7120.7
2019-10-30 12:00:00,7092.7
2019-10-30 12:15:00,7082.4
2019-10-30 12:30:00,7088.8
2019-10-30 12:45:00,7069.4
2019-10-30 13:00:00,7086.3
2019-10-30 13:15:00,7071.6
2019-10-30 13:30:00,7043.0
2019-10-30 13:45:00,7015.9
2019-10-30 14:00:00,7010.6
2019-10-30 14:15:00,6998.0
2019-10-30 14:30:00,6991.4
2019-10-30 14:45:00,6982.6
2019-10-30 15:00:00,6964.5
2019-10-30 15:15:00,6939.4
2019-10-30 15:30:00,6919.6
2019-10-30 15:45:00,6908.4
2019-10-30 16:00:00,6889.6
2019-10-30 16:15:00,6881.1
2019-10-30 16:30:00,6904.0
2019-10-30 16:45:00,6936.1
2019-10-30 17:00:00,7029.1
2019-10-30 17:15:00,7102.2
2019-10-30 17:30:00,7138.5
2019-10-30 17:45:00,7162.6
2019-10-30 18:00:00,7110.4
2019-10-30 18:15:00,7084.1
2019-10-30 18:30:00,7064.8
2019-10-30 18:45:00,7053.3
2019-10-30 19:00:00,7055.3
2019-10-30 19:15:00,7031.9
2019-10-30 19:30:00,7000.7
2019-10-30 19:45:00,6967.2
2019-10-30 20:00:00,6894.5
2019-10-30 20:15:00,6833.3
2019-10-30 20:30:00,6772.9
2019-10-30 20:45:00,6727.1
2019-10-30 21:00:00,6685.0
2019-10-30 21:15:00,6657.3
2019-10-30 21:30:00,6628.0
2019-10-30 21:45:00,6566.7
2019-10-30 22:00:00,6485.9
2019-10-30 22:15:00,6457.3
2019-10-30 22:30:00,6396.7
2019-10-30 22:45:00,6332.6
2019-10-30 23:00:00,6277.5
2019-10-30 23:15:00,6234.6
2019-10-30 23:30:00,6171.8
2019-10-30 23:45:00,6141.2
2019-10-31 00:00:00,6072.0
2019-10-31 00:15:00,6039.0
2019-10-31 00:30:00,6004.8
2019-10-31 00:45:00,5993.4
2019-10-31 01:00:00,5950.7
2019-10-31 01:15:00,5938.8
2019-10-31 01:30:00,5922.2
2019-10-31 01:45:00,5906.8
2019-10-31 02:00:00,5906.4
2019-10-31 02:15:00,5910.1
2019-10-31 02:30:00,5912.3
2019-10-31 02:45:00,5913.2
2019-10-31 03:00:00,5930.0
2019-10-31 03:15:00,5933.3
2019-10-31 03:30:00,5932.8
2019-10-31 03:45:00,5937.0
2019-10-31 04:00:00,5956.2
2019-10-31 04:15:00,5958.1
2019-10-31 04:30:00,5973.1
2019-10-31 04:45:00,6005.7
2019-10-31 05:00:00,6054.6
2019-10-31 05:15:00,6068.5
2019-10-31 05:30:00,6106.6
2019-10-31 05:45:00,6143.6
2019-10-31 06:00:00,6264.1
2019-10-31 06:15:00,6354.2
2019-10-31 06:30:00,6423.3
2019-10-31 06:45:00,6482.6
2019-10-31 07:00:00,6559.0
2019-10-31 07:15:00,6601.5
2019-10-31 07:30:00,6637.2
2019-10-31 07:45:00,6692.7
2019-10-31 08:00:00,6745.8
2019-10-31 08:15:00,6773.1
2019-10-31 08:30:00,6782.6
2019-10-31 08:45:00,6794.7
2019-10-31 09:00:00,6780.0
2019-10-31 09:15:00,6809.0
2019-10-31 09:30:00,6835.2
2019-10-31 09:45:00,6845.2
2019-10-31 10:00:00,6828.0
2019-10-31 10:15:00,6842.5
2019-10-31 10:30:00,6854.8
2019-10-31 10:45:00,6860.4
2019-10-31 11:00:00,6855.7
2019-10-31 11:15:00,6873.8
2019-10-31 11:30:00,6879.1
2019-10-31 11:45:00,6877.5
2019-10-31 12:00:00,6826.4
2019-10-31 12:15:00,6805.3
2019-10-31 12:30:00,6799.6
2019-10-31 12:45:00,6790.3
2019-10-31 13:00:00,6787.4
2019-10-31 13:15:00,6774.4
2019-10-31 13:30:00,6741.4
2019-10-31 13:45:00,6726.2
2019-10-31 14:00:00,6717.6
2019-10-31 14:15:00,6687.2
2019-10-31 14:30:00,6674.2
2019-10-31 14:45:00,6654.4
2019-10-31 15:00:00,6647.4
2019-10-31 15:15:00,6614.5
2019-10-31 15:30:00,6607.0
2019-10-31 15:45:00,6595.2
2019-10-31 16:00:00,6593.4
2019-10-31 16:15:00,6585.7
2019-10-31 16:30:00,6591.6
2019-10-31 16:45:00,6612.6
2019-10-31 17:00:00,6704.8
2019-10-31 17:15:00,6781.9
2019-10-31 17:30:00,6823.3
2019-10-31 17:45:00,6838.3
2019-10-31 18:00:00,6830.0
2019-10-31 18:15:00,6817.8
2019-10-31 18:30:00,6804.4
2019-10-31 18:45:00,6790.3
2019-10-31 19:00:00,6782.6
2019-10-31 19:15:00,6753.7
2019-10-31 19:30:00,6740.1
2019-10-31 19:45:00,6725.6
2019-10-31 20:00:00,6655.7
2019-10-31 20:15:00,6594.1
2019-10-31 20:30:00,6550.7
2019-10-31 20:45:00,6523.1
2019-10-31 21:00:00,6472.2
2019-10-31 21:15:00,6447.6
2019-10-31 21:30:00,6412.8
2019-10-31 21:45:00,6386.8
2019-10-31 22:00:00,6348.7
2019-10-31 22:15:00,6306.2
2019-10-31 22:30:00,6255.9
2019-10-31 22:45:00,6191.4
2019-10-31 23:00:00,6118.1
2019-10-31 23:15:00,6069.6
2019-10-31 23:30:00,6031.3
2019-10-31 23:45:00,6003.5
2019-11-01 00:00:00,5933.3
2019-11-01 00:15:00,5897.4
2019-11-01 00:30:00,5859.7
2019-11-01 00:45:00,5830.8
2019-11-01 01:00:00,5793.2
2019-11-01 01:15:00,5780.2
2019-11-01 01:30:00,5773.3
2019-11-01 01:45:00,5747.1
2019-11-01 02:00:00,5728.0
2019-11-01 02:15:00,5722.5
2019-11-01 02:30:00,5717.6
2019-11-01 02:45:00,5715.0
2019-11-01 03:00:00,5733.0
2019-11-01 03:15:00,5737.7
2019-11-01 03:30:00,5744.7
2019-11-01 03:45:00,5727.1
2019-11-01 04:00:00,5760.6
2019-11-01 04:15:00,5772.0
2019-11-01 04:30:00,5784.8
2019-11-01 04:45:00,5792.3
2019-11-01 05:00:00,5808.8
2019-11-01 05:15:00,5813.2
2019-11-01 05:30:00,5831.5
2019-11-01 05:45:00,5843.2
2019-11-01 06:00:00,5886.6
2019-11-01 06:15:00,5927.1
2019-11-01 06:30:00,5957.9
2019-11-01 06:45:00,5993.4
2019-11-01 07:00:00,6043.6
2019-11-01 07:15:00,6079.3
2019-11-01 07:30:00,6109.7
2019-11-01 07:45:00,6150.7
2019-11-01 08:00:00,6220.0
2019-11-01 08:15:00,6265.2
2019-11-01 08:30:00,6303.5
2019-11-01 08:45:00,6326.2
2019-11-01 09:00:00,6318.9
2019-11-01 09:15:00,6335.7
2019-11-01 09:30:00,6349.6
2019-11-01 09:45:00,6362.8
2019-11-01 10:00:00,6373.6
2019-11-01 10:15:00,6390.7
2019-11-01 10:30:00,6408.6
2019-11-01 10:45:00,6439.0
2019-11-01 11:00:00,6455.5
2019-11-01 11:15:00,6484.6
2019-11-01 11:30:00,6506.2
2019-11-01 11:45:00,6517.0
2019-11-01 12:00:00,6532.2
2019-11-01 12:15:00,6528.0
2019-11-01 12:30:00,6509.0
2019-11-01 12:45:00,6502.9
2019-11-01 13:00:00,6484.6
2019-11-01 13:15:00,6460.4
2019-11-01 13:30:00,6443.0
2019-11-01 13:45:00,6416.1
2019-11-01 14:00:00,6414.5
2019-11-01 14:15:00,6393.6
2019-11-01 14:30:00,6386.6
2019-11-01 14:45:00,6374.2
2019-11-01 15:00:00,6409.0
2019-11-01 15:15:00,6394.7
2019-11-01 15:30:00,6400.9
2019-11-01 15:45:00,6402.6
2019-11-01 16:00:00,6422.5
2019-11-01 16:15:00,6426.0
2019-11-01 16:30:00,6458.8
2019-11-01 16:45:00,6499.3
2019-11-01 17:00:00,6604.6
2019-11-01 17:15:00,6648.7
2019-11-01 17:30:00,6675.1
2019-11-01 17:45:00,6685.5
2019-11-01 18:00:00,6663.9
2019-11-01 18:15:00,6640.3
2019-11-01 18:30:00,6620.9
2019-11-01 18:45:00,6598.0
2019-11-01 19:00:00,6589.2
2019-11-01 19:15:00,6548.5
2019-11-01 19:30:00,6517.0
2019-11-01 19:45:00,6487.7
2019-11-01 20:00:00,6426.4
2019-11-01 20:15:00,6367.8
2019-11-01 20:30:00,6324.7
2019-11-01 20:45:00,6292.7
2019-11-01 21:00:00,6251.5
2019-11-01 21:15:00,6219.6
2019-11-01 21:30:00,6189.4
2019-11-01 21:45:00,6172.0
2019-11-01 22:00:00,6180.4
2019-11-01 22:15:00,6124.7
2019-11-01 22:30:00,6085.0
2019-11-01 22:45:00,6036.1
2019-11-01 23:00:00,5978.6
2019-11-01 23:15:00,5932.2
2019-11-01 23:30:00,5894.1
2019-11-01 23:45:00,5859.0
2019-11-02 00:00:00,5793.4
2019-11-02 00:15:00,5766.5
2019-11-02 00:30:00,5731.7
2019-11-02 00:45:00,5699.8
2019-11-02 01:00:00,5666.5
2019-11-02 01:15:00,5640.7
2019-11-02 01:30:00,5631.9
2019-11-02 01:45:00,5616.3
2019-11-02 02:00:00,5607.9
2019-11-02 02:15:00,5593.6
2019-11-02 02:30:00,5587.0
2019-11-02 02:45:00,5581.3
2019-11-02 03:00:00,5584.6
2019-11-02 03:15:00,5581.9
2019-11-02 03:30:00,5582.4
2019-11-02 03:45:00,5579.3
2019-11-02 04:00:00,5600.4
2019-11-02 04:15:00,5607.3
2019-11-02 04:30:00,5620.5
2019-11-02 04:45:00,5631.9
2019-11-02 05:00:00,5670.5
2019-11-02 05:15:00,5681.9
2019-11-02 05:30:00,5683.3
2019-11-02 05:45:00,5724.2
2019-11-02 06:00:00,5773.8
2019-11-02 06:15:00,5802.9
2019-11-02 06:30:00,5830.2
2019-11-02 06:45:00,5857.7
2019-11-02 07:00:00,5915.2
2019-11-02 07:15:00,5936.6
2019-11-02 07:30:00,5969.4
2019-11-02 07:45:00,6031.7
2019-11-02 08:00:00,6095.8
2019-11-02 08:15:00,6138.1
2019-11-02 08:30:00,6191.6
2019-11-02 08:45:00,6220.9
2019-11-02 09:00:00,6267.2
2019-11-02 09:15:00,6285.2
2019-11-02 09:30:00,6289.6
2019-11-02 09:45:00,6308.6
2019-11-02 10:00:00,6322.9
2019-11-02 10:15:00,6331.9
2019-11-02 10:30:00,6349.3
2019-11-02 10:45:00,6365.0
2019-11-02 11:00:00,6393.8
2019-11-02 11:15:00,6415.2
2019-11-02 11:30:00,6440.7
2019-11-02 11:45:00,6439.4
2019-11-02 12:00:00,6430.4
2019-11-02 12:15:00,6426.7
2019-11-02 12:30:00,6412.6
2019-11-02 12:45:00,6421.1
2019-11-02 13:00:00,6411.2
2019-11-02 13:15:00,6394.1
2019-11-02 13:30:00,6379.7
2019-11-02 13:45:00,6336.3
2019-11-02 14:00:00,6319.6
2019-11-02 14:15:00,6307.9
2019-11-02 14:30:00,6296.7
2019-11-02 14:45:00,6272.7
2019-11-02 15:00:00,6262.6
2019-11-02 15:15:00,6252.2
2019-11-02 15:30:00,6249.1
2019-11-02 15:45:00,6244.3
2019-11-02 16:00:00,6274.0
2019-11-02 16:15:00,6267.8
2019-11-02 16:30:00,6297.6
2019-11-02 16:45:00,6344.3
2019-11-02 17:00:00,6451.8
2019-11-02 17:15:00,6521.1
2019-11-02 17:30:00,6583.0
2019-11-02 17:45:00,6600.7
2019-11-02 18:00:00,6596.0
2019-11-02 18:15:00,6572.7
2019-11-02 18:30:00,6544.3
2019-11-02 18:45:00,6524.2
2019-11-02 19:00:00,6480.2
2019-11-02 19:15:00,6437.7
2019-11-02 19:30:00,6387.9
2019-11-02 19:45:00,6356.4
2019-11-02 20:00:00,6309.5
2019-11-02 20:15:00,6238.1
2019-11-02 20:30:00,6205.3
2019-11-02 20:45:00,6165.2
2019-11-02 21:00:00,6133.3
2019-11-02 21:15:00,6113.9
2019-11-02 21:30:00,6094.9
2019-11-02 21:45:00,6085.7
2019-11-02 22:00:00,6076.2
2019-11-02 22:15:00,6067.8
2019-11-02 22:30:00,6028.2
2019-11-02 22:45:00,5980.0
2019-11-02 23:00:00,5908.1
2019-11-02 23:15:00,5863.4
2019-11-02 23:30:00,5827.3
2019-11-02 23:45:00,5774.2
2019-11-03 00:00:00,5699.1
2019-11-03 00:15:00,5657.3
2019-11-03 00:30:00,5623.8
2019-11-03 00:45:00,5588.5
2019-11-03 01:00:00,5572.9
2019-11-03 01:15:00,5548.2
2019-11-03 01:30:00,5505.1
2019-11-03 01:45:00,5497.1
2019-11-03 02:00:00,5504.4
2019-11-03 02:15:00,5504.0
2019-11-03 02:30:00,5482.6
2019-11-03 02:45:00,5490.1
2019-11-03 03:00:00,5492.1
2019-11-03 03:15:00,5467.8
2019-11-03 03:30:00,5448.9
2019-11-03 03:45:00,5453.7
2019-11-03 04:00:00,5468.5
2019-11-03 04:15:00,5487.2
2019-11-03 04:30:00,5507.0
2019-11-03 04:45:00,5494.3
2019-11-03 05:00:00,5495.6
2019-11-03 05:15:00,5493.8
2019-11-03 05:30:00,5476.4
2019-11-03 05:45:00,5466.7
2019-11-03 06:00:00,5458.1
2019-11-03 06:15:00,5458.1
2019-11-03 06:30:00,5469.8
2019-11-03 06:45:00,5477.3
2019-11-03 07:00:00,5512.3
2019-11-03 07:15:00,5533.9
2019-11-03 07:30:00,5561.9
2019-11-03 07:45:00,5594.3
2019-11-03 08:00:00,5666.1
2019-11-03 08:15:00,5721.4
2019-11-03 08:30:00,5764.5
2019-11-03 08:45:00,5804.8
2019-11-03 09:00:00,5847.1
2019-11-03 09:15:00,5881.3
2019-11-03 09:30:00,5916.5
2019-11-03 09:45:00,5941.2
2019-11-03 10:00:00,5983.0
2019-11-03 10:15:00,6027.3
2019-11-03 10:30:00,6044.3
2019-11-03 10:45:00,6088.5
2019-11-03 11:00:00,6118.7
2019-11-03 11:15:00,6170.3
2019-11-03 11:30:00,6200.0
2019-11-03 11:45:00,6196.7
2019-11-03 12:00:00,6186.1
2019-11-03 12:15:00,6174.0
2019-11-03 12:30:00,6157.7
2019-11-03 12:45:00,6125.3
2019-11-03 13:00:00,6104.8
2019-11-03 13:15:00,6070.9
2019-11-03 13:30:00,6050.2
2019-11-03 13:45:00,6015.6
2019-11-03 14:00:00,5999.6
2019-11-03 14:15:00,5993.2
2019-11-03 14:30:00,5972.9
2019-11-03 14:45:00,5960.6
2019-11-03 15:00:00,5988.3
2019-11-03 15:15:00,5981.9
2019-11-03 15:30:00,5980.0
2019-11-03 15:45:00,5968.3
2019-11-03 16:00:00,5982.6
2019-11-03 16:15:00,6008.1
2019-11-03 16:30:00,6043.4
2019-11-03 16:45:00,6103.7
2019-11-03 17:00:00,6191.6
2019-11-03 17:15:00,6247.1
2019-11-03 17:30:00,6282.2
2019-11-03 17:45:00,6315.0
2019-11-03 18:00:00,6335.5
2019-11-03 18:15:00,6313.0
2019-11-03 18:30:00,6304.8
2019-11-03 18:45:00,6278.6
2019-11-03 19:00:00,6253.7
2019-11-03 19:15:00,6226.4
2019-11-03 19:30:00,6211.5
2019-11-03 19:45:00,6169.6
2019-11-03 20:00:00,6143.0
2019-11-03 20:15:00,6089.9
2019-11-03 20:30:00,6068.9
2019-11-03 20:45:00,6029.3
2019-11-03 21:00:00,6005.9
2019-11-03 21:15:00,5969.2
2019-11-03 21:30:00,5948.0
2019-11-03 21:45:00,5938.8
2019-11-03 22:00:00,5947.1
2019-11-03 22:15:00,5917.4
2019-11-03 22:30:00,5864.5
2019-11-03 22:45:00,5833.9
2019-11-03 23:00:00,5792.1
2019-11-03 23:15:00,5756.4
2019-11-03 23:30:00,5725.8
2019-11-03 23:45:00,5690.7
2019-11-04 00:00:00,5653.3
2019-11-04 00:15:00,5623.8
2019-11-04 00:30:00,5615.9
2019-11-04 00:45:00,5607.3
2019-11-04 01:00:00,5580.6
2019-11-04 01:15:00,5584.4
2019-11-04 01:30:00,5580.0
2019-11-04 01:45:00,5571.8
2019-11-04 02:00:00,5537.4
2019-11-04 02:15:00,5540.1
2019-11-04 02:30:00,5558.1
2019-11-04 02:45:00,5569.2
2019-11-04 03:00:00,5568.3
2019-11-04 03:15:00,5602.6
2019-11-04 03:30:00,5622.7
2019-11-04 03:45:00,5639.9
2019-11-04 04:00:00,5674.9
2019-11-04 04:15:00,5706.6
2019-11-04 04:30:00,5743.4
2019-11-04 04:45:00,5776.9
2019-11-04 05:00:00,5837.7
2019-11-04 05:15:00,5891.6
2019-11-04 05:30:00,5978.9
2019-11-04 05:45:00,6110.4
2019-11-04 06:00:00,6287.4
2019-11-04 06:15:00,6435.7
2019-11-04 06:30:00,6563.7
2019-11-04 06:45:00,6675.8
2019-11-04 07:00:00,6775.8
2019-11-04 07:15:00,6817.2
2019-11-04 07:30:00,6833.3
2019-11-04 07:45:00,6879.5
2019-11-04 08:00:00,6930.6
2019-11-04 08:15:00,6944.9
2019-11-04 08:30:00,6972.0
2019-11-04 08:45:00,6979.1
2019-11-04 09:00:00,6943.6
2019-11-04 09:15:00,6959.3
2019-11-04 09:30:00,7000.2
2019-11-04 09:45:00,7007.0
2019-11-04 10:00:00,7031.1
2019-11-04 10:15:00,7048.5
2019-11-04 10:30:00,7055.5
2019-11-04 10:45:00,7049.8
2019-11-04 11:00:00,7052.4
2019-11-04 11:15:00,7056.6
2019-11-04 11:30:00,7043.2
2019-11-04 11:45:00,7056.8
2019-11-04 12:00:00,7023.6
2019-11-04 12:15:00,7023.3
2019-11-04 12:30:00,7027.3
2019-11-04 12:45:00,7038.8
2019-11-04 13:00:00,7061.5
2019-11-04 13:15:00,7022.0
2019-11-04 13:30:00,6980.8
2019-11-04 13:45:00,6950.9
2019-11-04 14:00:00,6970.7
2019-11-04 14:15:00,6967.8
2019-11-04 14:30:00,6949.8
2019-11-04 14:45:00,6922.5
2019-11-04 15:00:00,6951.3
2019-11-04 15:15:00,6933.3
2019-11-04 15:30:00,6924.2
2019-11-04 15:45:00,6905.3
2019-11-04 16:00:00,6904.6
2019-11-04 16:15:00,6905.9
2019-11-04 16:30:00,6916.5
2019-11-04 16:45:00,6956.2
2019-11-04 17:00:00,7017.4
2019-11-04 17:15:00,7088.8
2019-11-04 17:30:00,7120.5
2019-11-04 17:45:00,7137.0
2019-11-04 18:00:00,7119.8
2019-11-04 18:15:00,7094.7
2019-11-04 18:30:00,7082.8
2019-11-04 18:45:00,7072.7
2019-11-04 19:00:00,7049.8
2019-11-04 19:15:00,7007.0
2019-11-04 19:30:00,6985.0
2019-11-04 19:45:00,6952.4
2019-11-04 20:00:00,6891.9
2019-11-04 20:15:00,6795.8
2019-11-04 20:30:00,6736.8
2019-11-04 20:45:00,6708.1
2019-11-04 21:00:00,6654.6
2019-11-04 21:15:00,6597.6
2019-11-04 21:30:00,6541.4
2019-11-04 21:45:00,6484.4
2019-11-04 22:00:00,6459.3
2019-11-04 22:15:00,6406.2
2019-11-04 22:30:00,6341.6
2019-11-04 22:45:00,6272.5
2019-11-04 23:00:00,6183.9
2019-11-04 23:15:00,6130.6
2019-11-04 23:30:00,6090.3
2019-11-04 23:45:00,6062.8
2019-11-05 00:00:00,5990.3
2019-11-05 00:15:00,5994.5
2019-11-05 00:30:00,5958.6
2019-11-05 00:45:00,5923.3
2019-11-05 01:00:00,5887.0
2019-11-05 01:15:00,5869.8
2019-11-05 01:30:00,5862.6
2019-11-05 01:45:00,5827.1
2019-11-05 02:00:00,5837.9
2019-11-05 02:15:00,5836.3
2019-11-05 02:30:00,5850.2
2019-11-05 02:45:00,5852.6
2019-11-05 03:00:00,5860.6
2019-11-05 03:15:00,5861.2
2019-11-05 03:30:00,5866.3
2019-11-05 03:45:00,5879.5
2019-11-05 04:00:00,5915.9
2019-11-05 04:15:00,5931.9
2019-11-05 04:30:00,5966.5
2019-11-05 04:45:00,6010.6
2019-11-05 05:00:00,6085.2
2019-11-05 05:15:00,6137.4
2019-11-05 05:30:00,6194.3
2019-11-05 05:45:00,6288.8
2019-11-05 06:00:00,6454.0
2019-11-05 06:15:00,6574.9
2019-11-05 06:30:00,6683.9
2019-11-05 06:45:00,6787.9
2019-11-05 07:00:00,6892.5
2019-11-05 07:15:00,6936.3
2019-11-05 07:30:00,6971.8
2019-11-05 07:45:00,7007.3
2019-11-05 08:00:00,7028.2
2019-11-05 08:15:00,7048.7
2019-11-05 08:30:00,7065.0
2019-11-05 08:45:00,7063.7
2019-11-05 09:00:00,7039.4
2019-11-05 09:15:00,7056.2
2019-11-05 09:30:00,7069.2
2019-11-05 09:45:00,7083.9
2019-11-05 10:00:00,7089.4
2019-11-05 10:15:00,7093.8
2019-11-05 10:30:00,7111.5
2019-11-05 10:45:00,7133.5
2019-11-05 11:00:00,7137.2
2019-11-05 11:15:00,7149.1
2019-11-05 11:30:00,7157.5
2019-11-05 11:45:00,7162.8
2019-11-05 12:00:00,7128.0
2019-11-05 12:15:00,7106.4
2019-11-05 12:30:00,7109.3
2019-11-05 12:45:00,7118.3
2019-11-05 13:00:00,7117.8
2019-11-05 13:15:00,7102.4
2019-11-05 13:30:00,7071.1
2019-11-05 13:45:00,7041.9
2019-11-05 14:00:00,7035.5
2019-11-05 14:15:00,7013.4
2019-11-05 14:30:00,7015.0
2019-11-05 14:45:00,7004.6
2019-11-05 15:00:00,7022.5
2019-11-05 15:15:00,7007.3
2019-11-05 15:30:00,6991.2
2019-11-05 15:45:00,6974.2
2019-11-05 16:00:00,7003.7
2019-11-05 16:15:00,7007.7
2019-11-05 16:30:00,7028.9
2019-11-05 16:45:00,7072.2
2019-11-05 17:00:00,7143.6
2019-11-05 17:15:00,7192.3
2019-11-05 17:30:00,7224.7
2019-11-05 17:45:00,7236.6
2019-11-05 18:00:00,7201.1
2019-11-05 18:15:00,7169.4
2019-11-05 18:30:00,7164.1
2019-11-05 18:45:00,7156.6
2019-11-05 19:00:00,7133.3
2019-11-05 19:15:00,7085.7
2019-11-05 19:30:00,7061.2
2019-11-05 19:45:00,7028.4
2019-11-05 20:00:00,6948.0
2019-11-05 20:15:00,6876.4
2019-11-05 20:30:00,6806.4
2019-11-05 20:45:00,6748.5
2019-11-05 21:00:00,6728.4
2019-11-05 21:15:00,6675.8
2019-11-05 21:30:00,6598.5
2019-11-05 21:45:00,6559.7
2019-11-05 22:00:00,6514.5
2019-11-05 22:15:00,6469.6
2019-11-05 22:30:00,6387.2
2019-11-05 22:45:00,6339.0
2019-11-05 23:00:00,6279.5
2019-11-05 23:15:00,6208.6
2019-11-05 23:30:00,6167.0
2019-11-05 23:45:00,6123.6
2019-11-06 00:00:00,6071.1
2019-11-06 00:15:00,6031.1
2019-11-06 00:30:00,5990.5
2019-11-06 00:45:00,5979.7
2019-11-06 01:00:00,5983.0
2019-11-06 01:15:00,5959.9
2019-11-06 01:30:00,5945.2
2019-11-06 01:45:00,5930.4
2019-11-06 02:00:00,5922.0
2019-11-06 02:15:00,5918.5
2019-11-06 02:30:00,5918.9
2019-11-06 02:45:00,5908.8
2019-11-06 03:00:00,5957.0
2019-11-06 03:15:00,5971.6
2019-11-06 03:30:00,5962.8
2019-11-06 03:45:00,5975.6
2019-11-06 04:00:00,6020.5
2019-11-06 04:15:00,6040.3
2019-11-06 04:30:00,6053.3
2019-11-06 04:45:00,6094.7
2019-11-06 05:00:00,6155.1
2019-11-06 05:15:00,6200.0
2019-11-06 05:30:00,6262.3
2019-11-06 05:45:00,6355.5
2019-11-06 06:00:00,6541.2
2019-11-06 06:15:00,6670.3
2019-11-06 06:30:00,6779.3
2019-11-06 06:45:00,6880.2
2019-11-06 07:00:00,6987.2
2019-11-06 07:15:00,7006.4
2019-11-06 07:30:00,7025.1
2019-11-06 07:45:00,7054.4
2019-11-06 08:00:00,7093.8
2019-11-06 08:15:00,7134.6
2019-11-06 08:30:00,7131.7
2019-11-06 08:45:00,7153.1
2019-11-06 09:00:00,7133.9
2019-11-06 09:15:00,7136.3
2019-11-06 09:30:00,7137.4
2019-11-06 09:45:00,7146.9
2019-11-06 10:00:00,7155.3
2019-11-06 10:15:00,7163.7
2019-11-06 10:30:00,7169.4
2019-11-06 10:45:00,7166.1
2019-11-06 11:00:00,7174.2
2019-11-06 11:15:00,7207.0
2019-11-06 11:30:00,7212.8
2019-11-06 11:45:00,7227.5
2019-11-06 12:00:00,7189.0
2019-11-06 12:15:00,7185.2
2019-11-06 12:30:00,7183.3
2019-11-06 12:45:00,7173.1
2019-11-06 13:00:00,7185.5
2019-11-06 13:15:00,7162.8
2019-11-06 13:30:00,7148.2
2019-11-06 13:45:00,7120.5
2019-11-06 14:00:00,7121.6
2019-11-06 14:15:00,7114.3
2019-11-06 14:30:00,7103.7
2019-11-06 14:45:00,7091.0
2019-11-06 15:00:00,7109.0
2019-11-06 15:15:00,7083.9
2019-11-06 15:30:00,7068.9
2019-11-06 15:45:00,7051.3
2019-11-06 16:00:00,7054.0
2019-11-06 16:15:00,7040.3
2019-11-06 16:30:00,7062.6
2019-11-06 16:45:00,7104.2
2019-11-06 17:00:00,7183.0
2019-11-06 17:15:00,7232.2
2019-11-06 17:30:00,7239.9
2019-11-06 17:45:00,7247.6
2019-11-06 18:00:00,7223.1
2019-11-06 18:15:00,7183.0
2019-11-06 18:30:00,7179.5
2019-11-06 18:45:00,7154.0
2019-11-06 19:00:00,7113.9
2019-11-06 19:15:00,7058.4
2019-11-06 19:30:00,7024.7
2019-11-06 19:45:00,6998.2
2019-11-06 20:00:00,6909.3
2019-11-06 20:15:00,6838.1
2019-11-06 20:30:00,6789.6
2019-11-06 20:45:00,6735.0
2019-11-06 21:00:00,6699.6
2019-11-06 21:15:00,6650.9
2019-11-06 21:30:00,6594.7
2019-11-06 21:45:00,6549.3
2019-11-06 22:00:00,6541.2
2019-11-06 22:15:00,6478.6
2019-11-06 22:30:00,6422.2
2019-11-06 22:45:00,6355.1
2019-11-06 23:00:00,6284.6
2019-11-06 23:15:00,6237.2
2019-11-06 23:30:00,6181.9
2019-11-06 23:45:00,6147.6
2019-11-07 00:00:00,6079.5
2019-11-07 00:15:00,6038.8
2019-11-07 00:30:00,6014.3
2019-11-07 00:45:00,5991.2
2019-11-07 01:00:00,5953.3
2019-11-07 01:15:00,5958.4
2019-11-07 01:30:00,5941.2
2019-11-07 01:45:00,5926.9
2019-11-07 02:00:00,5903.7
2019-11-07 02:15:00,5898.5
2019-11-07 02:30:00,5910.8
2019-11-07 02:45:00,5911.5
2019-11-07 03:00:00,5929.5
2019-11-07 03:15:00,5935.2
2019-11-07 03:30:00,5949.6
2019-11-07 03:45:00,5964.3
2019-11-07 04:00:00,5970.3
2019-11-07 04:15:00,6006.8
2019-11-07 04:30:00,6050.9
2019-11-07 04:45:00,6078.0
2019-11-07 05:00:00,6146.7
2019-11-07 05:15:00,6189.2
2019-11-07 05:30:00,6261.7
2019-11-07 05:45:00,6340.1
2019-11-07 06:00:00,6523.3
2019-11-07 06:15:00,6665.2
2019-11-07 06:30:00,6783.9
2019-11-07 06:45:00,6879.5
2019-11-07 07:00:00,6991.2
2019-11-07 07:15:00,7034.6
2019-11-07 07:30:00,7048.5
2019-11-07 07:45:00,7068.7
2019-11-07 08:00:00,7111.5
2019-11-07 08:15:00,7127.5
2019-11-07 08:30:00,7147.8
2019-11-07 08:45:00,7159.0
2019-11-07 09:00:00,7132.8
2019-11-07 09:15:00,7146.3
2019-11-07 09:30:00,7163.9
2019-11-07 09:45:00,7168.9
2019-11-07 10:00:00,7162.6
2019-11-07 10:15:00,7181.5
2019-11-07 10:30:00,7196.5
2019-11-07 10:45:00,7208.6
2019-11-07 11:00:00,7222.5
2019-11-07 11:15:00,7251.3
2019-11-07 11:30:00,7255.7
2019-11-07 11:45:00,7249.6
2019-11-07 12:00:00,7218.9
2019-11-07 12:15:00,7203.1
2019-11-07 12:30:00,7198.9
2019-11-07 12:45:00,7205.9
2019-11-07 13:00:00,7220.5
2019-11-07 13:15:00,7215.0
2019-11-07 13:30:00,7191.2
2019-11-07 13:45:00,7160.4
2019-11-07 14:00:00,7145.4
2019-11-07 14:15:00,7142.7
2019-11-07 14:30:00,7148.5
2019-11-07 14:45:00,7137.7
2019-11-07 15:00:00,7147.1
2019-11-07 15:15:00,7143.4
2019-11-07 15:30:00,7136.3
2019-11-07 15:45:00,7128.9
2019-11-07 16:00:00,7122.2
2019-11-07 16:15:00,7126.0
2019-11-07 16:30:00,7155.9
2019-11-07 16:45:00,7195.4
2019-11-07 17:00:00,7250.0
2019-11-07 17:15:00,7288.5
2019-11-07 17:30:00,7320.7
2019-11-07 17:45:00,7332.6
2019-11-07 18:00:00,7321.6
2019-11-07 18:15:00,7293.2
2019-11-07 18:30:00,7283.7
2019-11-07 18:45:00,7263.7
2019-11-07 19:00:00,7243.0
2019-11-07 19:15:00,7210.4
2019-11-07 19:30:00,7175.3
2019-11-07 19:45:00,7123.6
2019-11-07 20:00:00,7030.2
2019-11-07 20:15:00,6955.9
2019-11-07 20:30:00,6894.5
2019-11-07 20:45:00,6845.6
2019-11-07 21:00:00,6791.0
2019-11-07 21:15:00,6741.4
2019-11-07 21:30:00,6676.2
2019-11-07 21:45:00,6633.9
2019-11-07 22:00:00,6604.6
2019-11-07 22:15:00,6539.2
2019-11-07 22:30:00,6485.2
2019-11-07 22:45:00,6430.4
2019-11-07 23:00:00,6364.5
2019-11-07 23:15:00,6298.5
2019-11-07 23:30:00,6246.0
2019-11-07 23:45:00,6198.0
2019-11-08 00:00:00,6127.5
2019-11-08 00:15:00,6090.1
2019-11-08 00:30:00,6063.2
2019-11-08 00:45:00,6050.2
2019-11-08 01:00:00,6028.9
2019-11-08 01:15:00,6025.1
2019-11-08 01:30:00,6015.4
2019-11-08 01:45:00,6004.6
2019-11-08 02:00:00,5957.0
2019-11-08 02:15:00,5957.3
2019-11-08 02:30:00,5961.7
2019-11-08 02:45:00,5981.5
2019-11-08 03:00:00,5969.8
2019-11-08 03:15:00,5979.5
2019-11-08 03:30:00,5989.4
2019-11-08 03:45:00,5992.5
2019-11-08 04:00:00,6046.9
2019-11-08 04:15:00,6065.2
2019-11-08 04:30:00,6081.3
2019-11-08 04:45:00,6115.2
2019-11-08 05:00:00,6176.2
2019-11-08 05:15:00,6209.5
2019-11-08 05:30:00,6293.0
2019-11-08 05:45:00,6382.4
2019-11-08 06:00:00,6564.1
2019-11-08 06:15:00,6689.6
2019-11-08 06:30:00,6776.9
2019-11-08 06:45:00,6860.8
2019-11-08 07:00:00,6972.0
2019-11-08 07:15:00,7004.2
2019-11-08 07:30:00,7027.5
2019-11-08 07:45:00,7057.9
2019-11-08 08:00:00,7080.0
2019-11-08 08:15:00,7116.5
2019-11-08 08:30:00,7130.2
2019-11-08 08:45:00,7121.6
2019-11-08 09:00:00,7123.8
2019-11-08 09:15:00,7122.2
2019-11-08 09:30:00,7145.8
2019-11-08 09:45:00,7146.9
2019-11-08 10:00:00,7141.9
2019-11-08 10:15:00,7148.0
2019-11-08 10:30:00,7156.8
2019-11-08 10:45:00,7159.0
2019-11-08 11:00:00,7178.6
2019-11-08 11:15:00,7201.1
2019-11-08 11:30:00,7200.7
2019-11-08 11:45:00,7183.0
2019-11-08 12:00:00,7146.0
2019-11-08 12:15:00,7117.0
2019-11-08 12:30:00,7107.7
2019-11-08 12:45:00,7103.7
2019-11-08 13:00:00,7110.8
2019-11-08 13:15:00,7083.5
2019-11-08 13:30:00,7059.9
2019-11-08 13:45:00,7024.7
2019-11-08 14:00:00,7020.9
2019-11-08 14:15:00,7001.5
2019-11-08 14:30:00,7005.7
2019-11-08 14:45:00,6989.9
2019-11-08 15:00:00,6947.8
2019-11-08 15:15:00,6938.1
2019-11-08 15:30:00,6929.3
2019-11-08 15:45:00,6925.1
2019-11-08 16:00:00,6940.5
2019-11-08 16:15:00,6945.8
2019-11-08 16:30:00,6957.5
2019-11-08 16:45:00,6991.9
2019-11-08 17:00:00,7048.7
2019-11-08 17:15:00,7071.6
2019-11-08 17:30:00,7088.1
2019-11-08 17:45:00,7084.1
2019-11-08 18:00:00,7078.0
2019-11-08 18:15:00,7051.5
2019-11-08 18:30:00,7024.4
2019-11-08 18:45:00,7007.0
2019-11-08 19:00:00,6965.4
2019-11-08 19:15:00,6918.9
2019-11-08 19:30:00,6886.6
2019-11-08 19:45:00,6837.9
2019-11-08 20:00:00,6773.1
2019-11-08 20:15:00,6708.6
2019-11-08 20:30:00,6652.6
2019-11-08 20:45:00,6609.0
2019-11-08 21:00:00,6563.4
2019-11-08 21:15:00,6532.4
2019-11-08 21:30:00,6485.0
2019-11-08 21:45:00,6446.7
2019-11-08 22:00:00,6422.7
2019-11-08 22:15:00,6371.6
2019-11-08 22:30:00,6308.1
2019-11-08 22:45:00,6250.9
2019-11-08 23:00:00,6177.1
2019-11-08 23:15:00,6126.7
2019-11-08 23:30:00,6085.2
2019-11-08 23:45:00,6027.3
2019-11-09 00:00:00,5979.7
2019-11-09 00:15:00,5934.8
2019-11-09 00:30:00,5898.5
2019-11-09 00:45:00,5886.1
2019-11-09 01:00:00,5854.0
2019-11-09 01:15:00,5833.5
2019-11-09 01:30:00,5817.4
2019-11-09 01:45:00,5793.8
2019-11-09 02:00:00,5772.9
2019-11-09 02:15:00,5772.5
2019-11-09 02:30:00,5774.2
2019-11-09 02:45:00,5759.7
2019-11-09 03:00:00,5752.6
2019-11-09 03:15:00,5754.8
2019-11-09 03:30:00,5763.2
2019-11-09 03:45:00,5770.5
2019-11-09 04:00:00,5773.3
2019-11-09 04:15:00,5772.2
2019-11-09 04:30:00,5769.6
2019-11-09 04:45:00,5778.0
2019-11-09 05:00:00,5809.7
2019-11-09 05:15:00,5801.8
2019-11-09 05:30:00,5793.8
2019-11-09 05:45:00,5809.3
2019-11-09 06:00:00,5857.9
2019-11-09 06:15:00,5886.1
2019-11-09 06:30:00,5895.4
2019-11-09 06:45:00,5942.3
2019-11-09 07:00:00,5982.8
2019-11-09 07:15:00,6009.9
2019-11-09 07:30:00,6053.7
2019-11-09 07:45:00,6111.9
2019-11-09 08:00:00,6205.1
2019-11-09 08:15:00,6262.1
2019-11-09 08:30:00,6313.0
2019-11-09 08:45:00,6360.4
2019-11-09 09:00:00,6363.2
2019-11-09 09:15:00,6386.1
2019-11-09 09:30:00,6426.7
2019-11-09 09:45:00,6453.1
2019-11-09 10:00:00,6504.4
2019-11-09 10:15:00,6511.7
2019-11-09 10:30:00,6521.1
2019-11-09 10:45:00,6545.4
2019-11-09 11:00:00,6560.8
2019-11-09 11:15:00,6579.5
2019-11-09 11:30:00,6589.9
2019-11-09 11:45:00,6591.0
2019-11-09 12:00:00,6573.8
2019-11-09 12:15:00,6557.3
2019-11-09 12:30:00,6532.8
2019-11-09 12:45:00,6501.5
2019-11-09 13:00:00,6484.1
2019-11-09 13:15:00,6458.4
2019-11-09 13:30:00,6428.2
2019-11-09 13:45:00,6397.4
2019-11-09 14:00:00,6394.5
2019-11-09 14:15:00,6380.4
2019-11-09 14:30:00,6355.5
2019-11-09 14:45:00,6353.1
2019-11-09 15:00:00,6362.1
2019-11-09 15:15:00,6351.8
2019-11-09 15:30:00,6350.2
2019-11-09 15:45:00,6343.8
2019-11-09 16:00:00,6349.8
2019-11-09 16:15:00,6356.6
2019-11-09 16:30:00,6383.3
2019-11-09 16:45:00,6444.5
2019-11-09 17:00:00,6541.9
2019-11-09 17:15:00,6594.9
2019-11-09 17:30:00,6631.5
2019-11-09 17:45:00,6637.7
2019-11-09 18:00:00,6633.9
2019-11-09 18:15:00,6620.7
2019-11-09 18:30:00,6592.5
2019-11-09 18:45:00,6565.4
2019-11-09 19:00:00,6542.1
2019-11-09 19:15:00,6514.5
2019-11-09 19:30:00,6492.1
2019-11-09 19:45:00,6450.0
2019-11-09 20:00:00,6372.2
2019-11-09 20:15:00,6300.0
2019-11-09 20:30:00,6259.0
2019-11-09 20:45:00,6224.7
2019-11-09 21:00:00,6209.3
2019-11-09 21:15:00,6180.8
2019-11-09 21:30:00,6152.4
2019-11-09 21:45:00,6117.0
2019-11-09 22:00:00,6146.5
2019-11-09 22:15:00,6116.3
2019-11-09 22:30:00,6066.3
2019-11-09 22:45:00,6024.9
2019-11-09 23:00:00,5991.2
2019-11-09 23:15:00,5954.8
2019-11-09 23:30:00,5898.7
2019-11-09 23:45:00,5875.8
2019-11-10 00:00:00,5844.5
2019-11-10 00:15:00,5836.8
2019-11-10 00:30:00,5822.0
2019-11-10 00:45:00,5800.2
2019-11-10 01:00:00,5748.0
2019-11-10 01:15:00,5729.7
2019-11-10 01:30:00,5715.2
2019-11-10 01:45:00,5704.0
2019-11-10 02:00:00,5680.2
2019-11-10 02:15:00,5659.5
2019-11-10 02:30:00,5657.7
2019-11-10 02:45:00,5647.1
2019-11-10 03:00:00,5624.9
2019-11-10 03:15:00,5627.1
2019-11-10 03:30:00,5624.0
2019-11-10 03:45:00,5622.2
2019-11-10 04:00:00,5625.8
2019-11-10 04:15:00,5618.9
2019-11-10 04:30:00,5637.9
2019-11-10 04:45:00,5621.4
2019-11-10 05:00:00,5633.0
2019-11-10 05:15:00,5630.4
2019-11-10 05:30:00,5623.6
2019-11-10 05:45:00,5619.4
2019-11-10 06:00:00,5602.9
2019-11-10 06:15:00,5600.0
2019-11-10 06:30:00,5618.3
2019-11-10 06:45:00,5639.0
2019-11-10 07:00:00,5667.4
2019-11-10 07:15:00,5676.4
2019-11-10 07:30:00,5706.8
2019-11-10 07:45:00,5753.7
2019-11-10 08:00:00,5816.3
2019-11-10 08:15:00,5870.9
2019-11-10 08:30:00,5918.9
2019-11-10 08:45:00,5956.8
2019-11-10 09:00:00,6014.1
2019-11-10 09:15:00,6058.4
2019-11-10 09:30:00,6084.1
2019-11-10 09:45:00,6128.2
2019-11-10 10:00:00,6148.9
2019-11-10 10:15:00,6168.3
2019-11-10 10:30:00,6196.9
2019-11-10 10:45:00,6222.7
2019-11-10 11:00:00,6257.9
2019-11-10 11:15:00,6292.3
2019-11-10 11:30:00,6304.2
2019-11-10 11:45:00,6294.1
2019-11-10 12:00:00,6275.6
2019-11-10 12:15:00,6251.3
2019-11-10 12:30:00,6231.1
2019-11-10 12:45:00,6214.5
2019-11-10 13:00:00,6189.4
2019-11-10 13:15:00,6185.0
2019-11-10 13:30:00,6166.5
2019-11-10 13:45:00,6109.7
2019-11-10 14:00:00,6116.5
2019-11-10 14:15:00,6078.0
2019-11-10 14:30:00,6082.6
2019-11-10 14:45:00,6068.7
2019-11-10 15:00:00,6086.3
2019-11-10 15:15:00,6076.7
2019-11-10 15:30:00,6083.9
2019-11-10 15:45:00,6099.6
2019-11-10 16:00:00,6139.9
2019-11-10 16:15:00,6163.2
2019-11-10 16:30:00,6201.1
2019-11-10 16:45:00,6284.1
2019-11-10 17:00:00,6355.1
2019-11-10 17:15:00,6418.9
2019-11-10 17:30:00,6445.4
2019-11-10 17:45:00,6451.3
2019-11-10 18:00:00,6468.7
2019-11-10 18:15:00,6467.6
2019-11-10 18:30:00,6452.2
2019-11-10 18:45:00,6433.5
2019-11-10 19:00:00,6386.3
2019-11-10 19:15:00,6350.4
2019-11-10 19:30:00,6320.5
2019-11-10 19:45:00,6297.4
2019-11-10 20:00:00,6291.4
2019-11-10 20:15:00,6251.5
2019-11-10 20:30:00,6207.9
2019-11-10 20:45:00,6172.5
2019-11-10 21:00:00,6199.1
2019-11-10 21:15:00,6189.0
2019-11-10 21:30:00,6180.0
2019-11-10 21:45:00,6173.8
2019-11-10 22:00:00,6207.5
2019-11-10 22:15:00,6175.6
2019-11-10 22:30:00,6145.4
2019-11-10 22:45:00,6109.9
2019-11-10 23:00:00,6030.0
2019-11-10 23:15:00,5975.8
2019-11-10 23:30:00,5941.9
2019-11-10 23:45:00,5913.0
2019-11-11 00:00:00,5885.5
2019-11-11 00:15:00,5858.1
2019-11-11 00:30:00,5863.2
2019-11-11 00:45:00,5842.7
2019-11-11 01:00:00,5808.6
2019-11-11 01:15:00,5786.6
2019-11-11 01:30:00,5790.3
2019-11-11 01:45:00,5785.2
2019-11-11 02:00:00,5761.2
2019-11-11 02:15:00,5760.4
2019-11-11 02:30:00,5767.4
2019-11-11 02:45:00,5772.7
2019-11-11 03:00:00,5783.0
2019-11-11 03:15:00,5792.3
2019-11-11 03:30:00,5802.6
2019-11-11 03:45:00,5821.1
2019-11-11 04:00:00,5862.6
2019-11-11 04:15:00,5893.8
2019-11-11 04:30:00,5928.4
2019-11-11 04:45:00,5959.5
2019-11-11 05:00:00,6065.9
2019-11-11 05:15:00,6111.2
2019-11-11 05:30:00,6172.7
2019-11-11 05:45:00,6271.6
2019-11-11 06:00:00,6449.3
2019-11-11 06:15:00,6594.7
2019-11-11 06:30:00,6726.2
2019-11-11 06:45:00,6835.5
2019-11-11 07:00:00,6963.7
2019-11-11 07:15:00,7030.0
2019-11-11 07:30:00,7059.7
2019-11-11 07:45:00,7096.5
2019-11-11 08:00:00,7115.2
2019-11-11 08:15:00,7142.3
2019-11-11 08:30:00,7179.3
2019-11-11 08:45:00,7201.1
2019-11-11 09:00:00,7175.8
2019-11-11 09:15:00,7201.8
2019-11-11 09:30:00,7211.2
2019-11-11 09:45:00,7231.1
2019-11-11 10:00:00,7215.0
2019-11-11 10:15:00,7218.9
2019-11-11 10:30:00,7234.1
2019-11-11 10:45:00,7227.1
2019-11-11 11:00:00,7239.2
2019-11-11 11:15:00,7245.8
2019-11-11 11:30:00,7249.3
2019-11-11 11:45:00,7246.0
2019-11-11 12:00:00,7248.7
2019-11-11 12:15:00,7246.3
2019-11-11 12:30:00,7267.2
2019-11-11 12:45:00,7272.2
2019-11-11 13:00:00,7255.9
2019-11-11 13:15:00,7235.9
2019-11-11 13:30:00,7224.4
2019-11-11 13:45:00,7205.1
2019-11-11 14:00:00,7202.9
2019-11-11 14:15:00,7212.1
2019-11-11 14:30:00,7211.7
2019-11-11 14:45:00,7203.5
2019-11-11 15:00:00,7205.3
2019-11-11 15:15:00,7197.8
2019-11-11 15:30:00,7200.7
2019-11-11 15:45:00,7187.4
2019-11-11 16:00:00,7205.1
2019-11-11 16:15:00,7207.0
2019-11-11 16:30:00,7233.9
2019-11-11 16:45:00,7287.9
2019-11-11 17:00:00,7338.8
2019-11-11 17:15:00,7361.0
2019-11-11 17:30:00,7374.0
2019-11-11 17:45:00,7361.5
2019-11-11 18:00:00,7361.9
2019-11-11 18:15:00,7339.9
2019-11-11 18:30:00,7348.0
2019-11-11 18:45:00,7337.7
2019-11-11 19:00:00,7320.9
2019-11-11 19:15:00,7269.2
2019-11-11 19:30:00,7254.0
2019-11-11 19:45:00,7223.6
2019-11-11 20:00:00,7120.0
2019-11-11 20:15:00,7046.3
2019-11-11 20:30:00,7002.4
2019-11-11 20:45:00,6939.4
2019-11-11 21:00:00,6847.4
2019-11-11 21:15:00,6800.7
2019-11-11 21:30:00,6761.2
2019-11-11 21:45:00,6710.1
2019-11-11 22:00:00,6655.3
2019-11-11 22:15:00,6619.6
2019-11-11 22:30:00,6559.3
2019-11-11 22:45:00,6504.2
2019-11-11 23:00:00,6440.3
2019-11-11 23:15:00,6369.8
2019-11-11 23:30:00,6332.4
2019-11-11 23:45:00,6282.6
2019-11-12 00:00:00,6197.6
2019-11-12 00:15:00,6171.1
2019-11-12 00:30:00,6150.4
2019-11-12 00:45:00,6120.5
2019-11-12 01:00:00,6087.7
2019-11-12 01:15:00,6066.5
2019-11-12 01:30:00,6054.0
2019-11-12 01:45:00,6036.3
2019-11-12 02:00:00,6023.1
2019-11-12 02:15:00,6016.7
2019-11-12 02:30:00,6013.2
2019-11-12 02:45:00,6005.7
2019-11-12 03:00:00,6035.7
2019-11-12 03:15:00,6037.2
2019-11-12 03:30:00,6032.8
2019-11-12 03:45:00,6030.4
2019-11-12 04:00:00,6074.4
2019-11-12 04:15:00,6102.4
2019-11-12 04:30:00,6130.6
2019-11-12 04:45:00,6163.4
2019-11-12 05:00:00,6265.2
2019-11-12 05:15:00,6304.8
2019-11-12 05:30:00,6373.6
2019-11-12 05:45:00,6431.1
2019-11-12 06:00:00,6613.2
2019-11-12 06:15:00,6730.0
2019-11-12 06:30:00,6825.1
2019-11-12 06:45:00,6905.5
2019-11-12 07:00:00,7032.6
2019-11-12 07:15:00,7086.1
2019-11-12 07:30:00,7114.1
2019-11-12 07:45:00,7148.0
2019-11-12 08:00:00,7176.9
2019-11-12 08:15:00,7205.5
2019-11-12 08:30:00,7219.2
2019-11-12 08:45:00,7217.0
2019-11-12 09:00:00,7209.0
2019-11-12 09:15:00,7224.0
2019-11-12 09:30:00,7233.0
2019-11-12 09:45:00,7239.9
2019-11-12 10:00:00,7235.0
2019-11-12 10:15:00,7247.8
2019-11-12 10:30:00,7284.8
2019-11-12 10:45:00,7302.2
2019-11-12 11:00:00,7301.1
2019-11-12 11:15:00,7322.0
2019-11-12 11:30:00,7311.7
2019-11-12 11:45:00,7307.7
2019-11-12 12:00:00,7305.9
2019-11-12 12:15:00,7306.2
2019-11-12 12:30:00,7302.2
2019-11-12 12:45:00,7300.0
2019-11-12 13:00:00,7289.2
2019-11-12 13:15:00,7249.3
2019-11-12 13:30:00,7233.5
2019-11-12 13:45:00,7183.9
2019-11-12 14:00:00,7222.2
2019-11-12 14:15:00,7213.2
2019-11-12 14:30:00,7189.9
2019-11-12 14:45:00,7177.3
2019-11-12 15:00:00,7176.0
2019-11-12 15:15:00,7160.8
2019-11-12 15:30:00,7135.0
2019-11-12 15:45:00,7127.8
2019-11-12 16:00:00,7127.1
2019-11-12 16:15:00,7136.6
2019-11-12 16:30:00,7168.9
2019-11-12 16:45:00,7222.0
2019-11-12 17:00:00,7281.9
2019-11-12 17:15:00,7319.8
2019-11-12 17:30:00,7337.4
2019-11-12 17:45:00,7335.7
2019-11-12 18:00:00,7349.1
2019-11-12 18:15:00,7325.3
2019-11-12 18:30:00,7297.1
2019-11-12 18:45:00,7291.0
2019-11-12 19:00:00,7260.8
2019-11-12 19:15:00,7229.1
2019-11-12 19:30:00,7207.5
2019-11-12 19:45:00,7173.8
2019-11-12 20:00:00,7109.3
2019-11-12 20:15:00,7041.4
2019-11-12 20:30:00,6978.6
2019-11-12 20:45:00,6926.7
2019-11-12 21:00:00,6872.7
2019-11-12 21:15:00,6829.1
2019-11-12 21:30:00,6762.3
2019-11-12 21:45:00,6705.5
2019-11-12 22:00:00,6693.0
2019-11-12 22:15:00,6644.3
2019-11-12 22:30:00,6579.5
2019-11-12 22:45:00,6539.2
2019-11-12 23:00:00,6465.9
2019-11-12 23:15:00,6410.6
2019-11-12 23:30:00,6352.6
2019-11-12 23:45:00,6311.5
2019-11-13 00:00:00,6220.9
2019-11-13 00:15:00,6190.5
2019-11-13 00:30:00,6172.0
2019-11-13 00:45:00,6143.4
2019-11-13 01:00:00,6132.6
2019-11-13 01:15:00,6120.9
2019-11-13 01:30:00,6108.6
2019-11-13 01:45:00,6099.3
2019-11-13 02:00:00,6052.6
2019-11-13 02:15:00,6042.5
2019-11-13 02:30:00,6052.4
2019-11-13 02:45:00,6055.5
2019-11-13 03:00:00,6062.1
2019-11-13 03:15:00,6071.4
2019-11-13 03:30:00,6087.0
2019-11-13 03:45:00,6096.7
2019-11-13 04:00:00,6144.3
2019-11-13 04:15:00,6156.2
2019-11-13 04:30:00,6178.0
2019-11-13 04:45:00,6212.8
2019-11-13 05:00:00,6294.3
2019-11-13 05:15:00,6322.7
2019-11-13 05:30:00,6373.3
2019-11-13 05:45:00,6433.9
2019-11-13 06:00:00,6559.3
2019-11-13 06:15:00,6686.1
2019-11-13 06:30:00,6798.9
2019-11-13 06:45:00,6887.7
2019-11-13 07:00:00,7001.1
2019-11-13 07:15:00,7045.2
2019-11-13 07:30:00,7065.0
2019-11-13 07:45:00,7083.3
2019-11-13 08:00:00,7122.5
2019-11-13 08:15:00,7148.7
2019-11-13 08:30:00,7151.3
2019-11-13 08:45:00,7124.0
2019-11-13 09:00:00,7096.9
2019-11-13 09:15:00,7111.9
2019-11-13 09:30:00,7121.8
2019-11-13 09:45:00,7123.3
2019-11-13 10:00:00,7121.6
2019-11-13 10:15:00,7123.3
2019-11-13 10:30:00,7147.6
2019-11-13 10:45:00,7159.7
2019-11-13 11:00:00,7167.0
2019-11-13 11:15:00,7196.9
2019-11-13 11:30:00,7211.5
2019-11-13 11:45:00,7206.4
2019-11-13 12:00:00,7180.2
2019-11-13 12:15:00,7175.6
2019-11-13 12:30:00,7161.5
2019-11-13 12:45:00,7177.8
2019-11-13 13:00:00,7185.7
2019-11-13 13:15:00,7179.1
2019-11-13 13:30:00,7158.8
2019-11-13 13:45:00,7124.4
2019-11-13 14:00:00,7090.3
2019-11-13 14:15:00,7081.3
2019-11-13 14:30:00,7071.1
2019-11-13 14:45:00,7061.9
2019-11-13 15:00:00,7080.6
2019-11-13 15:15:00,7069.8
2019-11-13 15:30:00,7058.1
2019-11-13 15:45:00,7045.6
2019-11-13 16:00:00,7059.0
2019-11-13 16:15:00,7070.5
2019-11-13 16:30:00,7099.3
2019-11-13 16:45:00,7153.1
2019-11-13 17:00:00,7206.2
2019-11-13 17:15:00,7226.2
2019-11-13 17:30:00,7230.8
2019-11-13 17:45:00,7225.6
2019-11-13 18:00:00,7218.3
2019-11-13 18:15:00,7196.0
2019-11-13 18:30:00,7173.6
2019-11-13 18:45:00,7169.4
2019-11-13 19:00:00,7133.0
2019-11-13 19:15:00,7101.5
2019-11-13 19:30:00,7072.9
2019-11-13 19:45:00,7023.3
2019-11-13 20:00:00,6974.4
2019-11-13 20:15:00,6911.2
2019-11-13 20:30:00,6857.9
2019-11-13 20:45:00,6815.2
2019-11-13 21:00:00,6773.1
2019-11-13 21:15:00,6726.2
2019-11-13 21:30:00,6675.1
2019-11-13 21:45:00,6617.6
2019-11-13 22:00:00,6594.3
2019-11-13 22:15:00,6542.3
2019-11-13 22:30:00,6474.7
2019-11-13 22:45:00,6429.1
2019-11-13 23:00:00,6370.3
2019-11-13 23:15:00,6300.7
2019-11-13 23:30:00,6253.7
2019-11-13 23:45:00,6223.6
2019-11-14 00:00:00,6167.4
2019-11-14 00:15:00,6130.0
2019-11-14 00:30:00,6120.9
2019-11-14 00:45:00,6087.9
2019-11-14 01:00:00,6052.2
2019-11-14 01:15:00,6033.9
2019-11-14 01:30:00,6030.6
2019-11-14 01:45:00,6007.7
2019-11-14 02:00:00,5961.2
2019-11-14 02:15:00,5953.3
2019-11-14 02:30:00,5957.0
2019-11-14 02:45:00,5969.6
2019-11-14 03:00:00,5985.9
2019-11-14 03:15:00,5986.1
2019-11-14 03:30:00,5998.7
2019-11-14 03:45:00,6007.7
2019-11-14 04:00:00,6065.4
2019-11-14 04:15:00,6072.0
2019-11-14 04:30:00,6090.3
2019-11-14 04:45:00,6121.6
2019-11-14 05:00:00,6201.8
2019-11-14 05:15:00,6238.8
2019-11-14 05:30:00,6290.5
2019-11-14 05:45:00,6367.8
2019-11-14 06:00:00,6535.5
2019-11-14 06:15:00,6669.8
2019-11-14 06:30:00,6786.6
2019-11-14 06:45:00,6882.8
2019-11-14 07:00:00,6984.1
2019-11-14 07:15:00,7032.6
2019-11-14 07:30:00,7048.2
2019-11-14 07:45:00,7069.4
2019-11-14 08:00:00,7098.7
2019-11-14 08:15:00,7130.0
2019-11-14 08:30:00,7143.2
2019-11-14 08:45:00,7157.5
2019-11-14 09:00:00,7097.1
2019-11-14 09:15:00,7089.2
2019-11-14 09:30:00,7115.2
2019-11-14 09:45:00,7121.1
2019-11-14 10:00:00,7169.2
2019-11-14 10:15:00,7166.1
2019-11-14 10:30:00,7168.1
2019-11-14 10:45:00,7168.5
2019-11-14 11:00:00,7163.7
2019-11-14 11:15:00,7170.9
2019-11-14 11:30:00,7172.2
2019-11-14 11:45:00,7180.6
2019-11-14 12:00:00,7184.8
2019-11-14 12:15:00,7169.6
2019-11-14 12:30:00,7175.8
2019-11-14 12:45:00,7178.6
2019-11-14 13:00:00,7146.0
2019-11-14 13:15:00,7103.3
2019-11-14 13:30:00,7055.1
2019-11-14 13:45:00,7022.2
2019-11-14 14:00:00,7052.2
2019-11-14 14:15:00,7064.8
2019-11-14 14:30:00,7047.4
2019-11-14 14:45:00,7050.4
2019-11-14 15:00:00,7054.0
2019-11-14 15:15:00,7037.2
2019-11-14 15:30:00,7018.3
2019-11-14 15:45:00,7014.3
2019-11-14 16:00:00,7011.2
2019-11-14 16:15:00,7028.0
2019-11-14 16:30:00,7075.6
2019-11-14 16:45:00,7140.7
2019-11-14 17:00:00,7214.3
2019-11-14 17:15:00,7242.5
2019-11-14 17:30:00,7250.9
2019-11-14 17:45:00,7248.5
2019-11-14 18:00:00,7242.5
2019-11-14 18:15:00,7233.5
2019-11-14 18:30:00,7241.2
2019-11-14 18:45:00,7234.1
2019-11-14 19:00:00,7243.2
2019-11-14 19:15:00,7211.2
2019-11-14 19:30:00,7179.7
2019-11-14 19:45:00,7134.8
2019-11-14 20:00:00,7057.5
2019-11-14 20:15:00,6997.6
2019-11-14 20:30:00,6948.2
2019-11-14 20:45:00,6887.2
2019-11-14 21:00:00,6839.0
2019-11-14 21:15:00,6806.6
2019-11-14 21:30:00,6756.6
2019-11-14 21:45:00,6703.7
2019-11-14 22:00:00,6680.8
2019-11-14 22:15:00,6649.6
2019-11-14 22:30:00,6601.3
2019-11-14 22:45:00,6555.3
2019-11-14 23:00:00,6492.1
2019-11-14 23:15:00,6439.6
2019-11-14 23:30:00,6409.3
2019-11-14 23:45:00,6361.0
2019-11-15 00:00:00,6236.8
2019-11-15 00:15:00,6206.4
2019-11-15 00:30:00,6204.6
2019-11-15 00:45:00,6183.0
2019-11-15 01:00:00,6146.9
2019-11-15 01:15:00,6115.4
2019-11-15 01:30:00,6104.4
2019-11-15 01:45:00,6085.9
2019-11-15 02:00:00,6041.6
2019-11-15 02:15:00,6034.4
2019-11-15 02:30:00,6039.0
2019-11-15 02:45:00,6041.0
2019-11-15 03:00:00,6041.6
2019-11-15 03:15:00,6055.9
2019-11-15 03:30:00,6073.6
2019-11-15 03:45:00,6089.2
2019-11-15 04:00:00,6133.3
2019-11-15 04:15:00,6163.4
2019-11-15 04:30:00,6194.3
2019-11-15 04:45:00,6211.9
2019-11-15 05:00:00,6302.4
2019-11-15 05:15:00,6340.3
2019-11-15 05:30:00,6404.6
2019-11-15 05:45:00,6467.2
2019-11-15 06:00:00,6609.3
2019-11-15 06:15:00,6739.6
2019-11-15 06:30:00,6833.3
2019-11-15 06:45:00,6941.2
2019-11-15 07:00:00,7058.8
2019-11-15 07:15:00,7098.7
2019-11-15 07:30:00,7142.3
2019-11-15 07:45:00,7180.6
2019-11-15 08:00:00,7229.1
2019-11-15 08:15:00,7272.5
2019-11-15 08:30:00,7282.4
2019-11-15 08:45:00,7290.1
2019-11-15 09:00:00,7274.0
2019-11-15 09:15:00,7281.5
2019-11-15 09:30:00,7278.6
2019-11-15 09:45:00,7284.8
2019-11-15 10:00:00,7283.0
2019-11-15 10:15:00,7277.5
2019-11-15 10:30:00,7280.4
2019-11-15 10:45:00,7233.7
2019-11-15 11:00:00,7195.2
2019-11-15 11:15:00,7200.2
2019-11-15 11:30:00,7238.1
2019-11-15 11:45:00,7254.4
2019-11-15 12:00:00,7264.5
2019-11-15 12:15:00,7237.0
2019-11-15 12:30:00,7219.4
2019-11-15 12:45:00,7201.5
2019-11-15 13:00:00,7192.7
2019-11-15 13:15:00,7164.5
2019-11-15 13:30:00,7117.2
2019-11-15 13:45:00,7059.0
2019-11-15 14:00:00,7065.0
2019-11-15 14:15:00,7057.7
2019-11-15 14:30:00,7047.4
2019-11-15 14:45:00,7032.4
2019-11-15 15:00:00,7039.2
2019-11-15 15:15:00,7026.4
2019-11-15 15:30:00,7005.3
2019-11-15 15:45:00,6999.3
2019-11-15 16:00:00,7014.8
2019-11-15 16:15:00,7018.5
2019-11-15 16:30:00,7047.1
2019-11-15 16:45:00,7098.9
2019-11-15 17:00:00,7148.7
2019-11-15 17:15:00,7160.8
2019-11-15 17:30:00,7168.9
2019-11-15 17:45:00,7166.3
2019-11-15 18:00:00,7149.6
2019-11-15 18:15:00,7119.4
2019-11-15 18:30:00,7094.7
2019-11-15 18:45:00,7068.1
2019-11-15 19:00:00,7024.2
2019-11-15 19:15:00,6974.9
2019-11-15 19:30:00,6942.3
2019-11-15 19:45:00,6896.0
2019-11-15 20:00:00,6809.9
2019-11-15 20:15:00,6735.2
2019-11-15 20:30:00,6674.2
2019-11-15 20:45:00,6632.6
2019-11-15 21:00:00,6606.8
2019-11-15 21:15:00,6550.0
2019-11-15 21:30:00,6510.1
2019-11-15 21:45:00,6478.0
2019-11-15 22:00:00,6480.2
2019-11-15 22:15:00,6418.7
2019-11-15 22:30:00,6362.1
2019-11-15 22:45:00,6321.8
2019-11-15 23:00:00,6261.2
2019-11-15 23:15:00,6210.6
2019-11-15 23:30:00,6173.3
2019-11-15 23:45:00,6143.2
2019-11-16 00:00:00,6035.2
2019-11-16 00:15:00,5996.3
2019-11-16 00:30:00,5956.6
2019-11-16 00:45:00,5933.5
2019-11-16 01:00:00,5917.2
2019-11-16 01:15:00,5890.5
2019-11-16 01:30:00,5866.7
2019-11-16 01:45:00,5852.6
2019-11-16 02:00:00,5836.1
2019-11-16 02:15:00,5822.0
2019-11-16 02:30:00,5821.4
2019-11-16 02:45:00,5818.5
2019-11-16 03:00:00,5830.0
2019-11-16 03:15:00,5837.0
2019-11-16 03:30:00,5838.5
2019-11-16 03:45:00,5841.9
2019-11-16 04:00:00,5843.6
2019-11-16 04:15:00,5844.7
2019-11-16 04:30:00,5855.1
2019-11-16 04:45:00,5839.2
2019-11-16 05:00:00,5844.1
2019-11-16 05:15:00,5826.0
2019-11-16 05:30:00,5837.7
2019-11-16 05:45:00,5844.1
2019-11-16 06:00:00,5881.1
2019-11-16 06:15:00,5917.2
2019-11-16 06:30:00,5955.3
2019-11-16 06:45:00,5996.9
2019-11-16 07:00:00,6035.7
2019-11-16 07:15:00,6067.0
2019-11-16 07:30:00,6099.6
2019-11-16 07:45:00,6134.6
2019-11-16 08:00:00,6188.3
2019-11-16 08:15:00,6260.4
2019-11-16 08:30:00,6303.7
2019-11-16 08:45:00,6361.9
2019-11-16 09:00:00,6422.7
2019-11-16 09:15:00,6468.3
2019-11-16 09:30:00,6504.8
2019-11-16 09:45:00,6515.4
2019-11-16 10:00:00,6538.5
2019-11-16 10:15:00,6557.3
2019-11-16 10:30:00,6555.5
2019-11-16 10:45:00,6548.5
2019-11-16 11:00:00,6593.6
2019-11-16 11:15:00,6612.3
2019-11-16 11:30:00,6632.8
2019-11-16 11:45:00,6624.2
2019-11-16 12:00:00,6634.6
2019-11-16 12:15:00,6639.0
2019-11-16 12:30:00,6611.9
2019-11-16 12:45:00,6593.4
2019-11-16 13:00:00,6555.7
2019-11-16 13:15:00,6545.2
2019-11-16 13:30:00,6531.1
2019-11-16 13:45:00,6512.8
2019-11-16 14:00:00,6485.0
2019-11-16 14:15:00,6461.9
2019-11-16 14:30:00,6471.6
2019-11-16 14:45:00,6456.6
2019-11-16 15:00:00,6481.1
2019-11-16 15:15:00,6461.9
2019-11-16 15:30:00,6477.8
2019-11-16 15:45:00,6473.3
2019-11-16 16:00:00,6471.1
2019-11-16 16:15:00,6481.3
2019-11-16 16:30:00,6538.8
2019-11-16 16:45:00,6598.2
2019-11-16 17:00:00,6674.9
2019-11-16 17:15:00,6704.8
2019-11-16 17:30:00,6716.1
2019-11-16 17:45:00,6736.3
2019-11-16 18:00:00,6738.1
2019-11-16 18:15:00,6733.3
2019-11-16 18:30:00,6724.0
2019-11-16 18:45:00,6701.1
2019-11-16 19:00:00,6706.8
2019-11-16 19:15:00,6668.7
2019-11-16 19:30:00,6639.4
2019-11-16 19:45:00,6620.7
2019-11-16 20:00:00,6534.8
2019-11-16 20:15:00,6464.5
2019-11-16 20:30:00,6420.7
2019-11-16 20:45:00,6390.7
2019-11-16 21:00:00,6352.9
2019-11-16 21:15:00,6318.7
2019-11-16 21:30:00,6295.6
2019-11-16 21:45:00,6285.0
2019-11-16 22:00:00,6254.2
2019-11-16 22:15:00,6223.1
2019-11-16 22:30:00,6180.6
2019-11-16 22:45:00,6118.1
2019-11-16 23:00:00,6041.4
2019-11-16 23:15:00,5988.5
2019-11-16 23:30:00,5953.5
2019-11-16 23:45:00,5922.0
2019-11-17 00:00:00,5861.0
2019-11-17 00:15:00,5827.5
2019-11-17 00:30:00,5799.3
2019-11-17 00:45:00,5783.5
2019-11-17 01:00:00,5751.1
2019-11-17 01:15:00,5733.7
2019-11-17 01:30:00,5721.8
2019-11-17 01:45:00,5699.1
2019-11-17 02:00:00,5686.3
2019-11-17 02:15:00,5663.4
2019-11-17 02:30:00,5662.3
2019-11-17 02:45:00,5648.9
2019-11-17 03:00:00,5648.5
2019-11-17 03:15:00,5639.2
2019-11-17 03:30:00,5643.2
2019-11-17 03:45:00,5623.8
2019-11-17 04:00:00,5652.4
2019-11-17 04:15:00,5656.6
2019-11-17 04:30:00,5663.4
2019-11-17 04:45:00,5663.7
2019-11-17 05:00:00,5655.3
2019-11-17 05:15:00,5637.2
2019-11-17 05:30:00,5635.0
2019-11-17 05:45:00,5613.9
2019-11-17 06:00:00,5577.8
2019-11-17 06:15:00,5591.0
2019-11-17 06:30:00,5601.3
2019-11-17 06:45:00,5625.3
2019-11-17 07:00:00,5687.2
2019-11-17 07:15:00,5714.1
2019-11-17 07:30:00,5741.9
2019-11-17 07:45:00,5750.4
2019-11-17 08:00:00,5818.9
2019-11-17 08:15:00,5861.2
2019-11-17 08:30:00,5924.7
2019-11-17 08:45:00,5974.2
2019-11-17 09:00:00,6020.0
2019-11-17 09:15:00,6073.3
2019-11-17 09:30:00,6103.5
2019-11-17 09:45:00,6134.6
2019-11-17 10:00:00,6160.1
2019-11-17 10:15:00,6200.4
2019-11-17 10:30:00,6242.7
2019-11-17 10:45:00,6264.3
2019-11-17 11:00:00,6309.5
2019-11-17 11:15:00,6343.8
2019-11-17 11:30:00,6376.2
2019-11-17 11:45:00,6388.1
2019-11-17 12:00:00,6389.2
2019-11-17 12:15:00,6375.6
2019-11-17 12:30:00,6363.4
2019-11-17 12:45:00,6358.1
2019-11-17 13:00:00,6349.3
2019-11-17 13:15:00,6317.8
2019-11-17 13:30:00,6303.3
2019-11-17 13:45:00,6283.7
2019-11-17 14:00:00,6288.1
2019-11-17 14:15:00,6275.3
2019-11-17 14:30:00,6265.2
2019-11-17 14:45:00,6257.3
2019-11-17 15:00:00,6264.5
2019-11-17 15:15:00,6245.8
2019-11-17 15:30:00,6263.9
2019-11-17 15:45:00,6274.7
2019-11-17 16:00:00,6290.5
2019-11-17 16:15:00,6308.4
2019-11-17 16:30:00,6374.7
2019-11-17 16:45:00,6429.7
2019-11-17 17:00:00,6489.0
2019-11-17 17:15:00,6513.9
2019-11-17 17:30:00,6549.1
2019-11-17 17:45:00,6567.8
2019-11-17 18:00:00,6586.3
2019-11-17 18:15:00,6594.3
2019-11-17 18:30:00,6581.9
2019-11-17 18:45:00,6552.6
2019-11-17 19:00:00,6517.2
2019-11-17 19:15:00,6492.7
2019-11-17 19:30:00,6467.4
2019-11-17 19:45:00,6439.4
2019-11-17 20:00:00,6433.0
2019-11-17 20:15:00,6384.1
2019-11-17 20:30:00,6343.0
2019-11-17 20:45:00,6315.9
2019-11-17 21:00:00,6320.9
2019-11-17 21:15:00,6304.0
2019-11-17 21:30:00,6287.9
2019-11-17 21:45:00,6291.9
2019-11-17 22:00:00,6312.3
2019-11-17 22:15:00,6292.7
2019-11-17 22:30:00,6244.1
2019-11-17 22:45:00,6201.8
2019-11-17 23:00:00,6126.9
2019-11-17 23:15:00,6087.2
2019-11-17 23:30:00,6062.1
2019-11-17 23:45:00,6012.3
2019-11-18 00:00:00,5941.4
2019-11-18 00:15:00,5913.9
2019-11-18 00:30:00,5887.2
2019-11-18 00:45:00,5851.1
2019-11-18 01:00:00,5822.2
2019-11-18 01:15:00,5809.0
2019-11-18 01:30:00,5795.4
2019-11-18 01:45:00,5808.4
2019-11-18 02:00:00,5771.1
2019-11-18 02:15:00,5766.5
2019-11-18 02:30:00,5763.4
2019-11-18 02:45:00,5768.3
2019-11-18 03:00:00,5752.6
2019-11-18 03:15:00,5754.4
2019-11-18 03:30:00,5774.9
2019-11-18 03:45:00,5781.7
2019-11-18 04:00:00,5832.2
2019-11-18 04:15:00,5854.4
2019-11-18 04:30:00,5896.5
2019-11-18 04:45:00,5936.3
2019-11-18 05:00:00,6037.9
2019-11-18 05:15:00,6096.7
2019-11-18 05:30:00,6175.3
2019-11-18 05:45:00,6282.8
2019-11-18 06:00:00,6498.7
2019-11-18 06:15:00,6645.8
2019-11-18 06:30:00,6765.6
2019-11-18 06:45:00,6858.1
2019-11-18 07:00:00,6928.6
2019-11-18 07:15:00,6991.0
2019-11-18 07:30:00,7033.3
2019-11-18 07:45:00,7063.9
2019-11-18 08:00:00,7093.0
2019-11-18 08:15:00,7121.1
2019-11-18 08:30:00,7133.0
2019-11-18 08:45:00,7128.0
2019-11-18 09:00:00,7127.3
2019-11-18 09:15:00,7135.0
2019-11-18 09:30:00,7163.4
2019-11-18 09:45:00,7183.9
2019-11-18 10:00:00,7189.6
2019-11-18 10:15:00,7196.5
2019-11-18 10:30:00,7204.6
2019-11-18 10:45:00,7215.9
2019-11-18 11:00:00,7226.4
2019-11-18 11:15:00,7234.8
2019-11-18 11:30:00,7230.6
2019-11-18 11:45:00,7223.3
2019-11-18 12:00:00,7215.2
2019-11-18 12:15:00,7202.0
2019-11-18 12:30:00,7214.1
2019-11-18 12:45:00,7230.0
2019-11-18 13:00:00,7245.6
2019-11-18 13:15:00,7238.5
2019-11-18 13:30:00,7236.6
2019-11-18 13:45:00,7197.1
2019-11-18 14:00:00,7186.1
2019-11-18 14:15:00,7180.8
2019-11-18 14:30:00,7167.0
2019-11-18 14:45:00,7163.2
2019-11-18 15:00:00,7137.9
2019-11-18 15:15:00,7137.0
2019-11-18 15:30:00,7122.9
2019-11-18 15:45:00,7126.2
2019-11-18 16:00:00,7134.4
2019-11-18 16:15:00,7142.7
2019-11-18 16:30:00,7181.5
2019-11-18 16:45:00,7227.1
2019-11-18 17:00:00,7305.1
2019-11-18 17:15:00,7328.2
2019-11-18 17:30:00,7349.1
2019-11-18 17:45:00,7353.5
2019-11-18 18:00:00,7368.3
2019-11-18 18:15:00,7365.0
2019-11-18 18:30:00,7368.9
2019-11-18 18:45:00,7362.1
2019-11-18 19:00:00,7329.3
2019-11-18 19:15:00,7294.1
2019-11-18 19:30:00,7278.2
2019-11-18 19:45:00,7255.5
2019-11-18 20:00:00,7175.1
2019-11-18 20:15:00,7115.6
2019-11-18 20:30:00,7058.6
2019-11-18 20:45:00,7007.9
2019-11-18 21:00:00,6939.4
2019-11-18 21:15:00,6908.8
2019-11-18 21:30:00,6881.1
2019-11-18 21:45:00,6836.8
2019-11-18 22:00:00,6798.9
2019-11-18 22:15:00,6747.4
2019-11-18 22:30:00,6687.2
2019-11-18 22:45:00,6620.0
2019-11-18 23:00:00,6542.7
2019-11-18 23:15:00,6470.7
2019-11-18 23:30:00,6404.0
2019-11-18 23:45:00,6375.3
2019-11-19 00:00:00,6328.2
2019-11-19 00:15:00,6300.9
2019-11-19 00:30:00,6270.9
2019-11-19 00:45:00,6251.3
2019-11-19 01:00:00,6222.7
2019-11-19 01:15:00,6207.0
2019-11-19 01:30:00,6192.1
2019-11-19 01:45:00,6174.0
2019-11-19 02:00:00,6162.1
2019-11-19 02:15:00,6153.1
2019-11-19 02:30:00,6155.1
2019-11-19 02:45:00,6158.4
2019-11-19 03:00:00,6180.2
2019-11-19 03:15:00,6179.1
2019-11-19 03:30:00,6187.9
2019-11-19 03:45:00,6208.4
2019-11-19 04:00:00,6238.1
2019-11-19 04:15:00,6266.1
2019-11-19 04:30:00,6294.5
2019-11-19 04:45:00,6330.4
2019-11-19 05:00:00,6417.8
2019-11-19 05:15:00,6465.0
2019-11-19 05:30:00,6528.0
2019-11-19 05:45:00,6615.4
2019-11-19 06:00:00,6800.7
2019-11-19 06:15:00,6909.7
2019-11-19 06:30:00,6990.3
2019-11-19 06:45:00,7074.7
2019-11-19 07:00:00,7164.8
2019-11-19 07:15:00,7231.5
2019-11-19 07:30:00,7281.3
2019-11-19 07:45:00,7313.4
2019-11-19 08:00:00,7336.1
2019-11-19 08:15:00,7351.1
2019-11-19 08:30:00,7362.6
2019-11-19 08:45:00,7365.2
2019-11-19 09:00:00,7346.9
2019-11-19 09:15:00,7335.2
2019-11-19 09:30:00,7351.1
2019-11-19 09:45:00,7344.9
2019-11-19 10:00:00,7335.5
2019-11-19 10:15:00,7348.9
2019-11-19 10:30:00,7344.7
2019-11-19 10:45:00,7355.1
2019-11-19 11:00:00,7368.5
2019-11-19 11:15:00,7393.0
2019-11-19 11:30:00,7390.1
2019-11-19 11:45:00,7389.0
2019-11-19 12:00:00,7374.7
2019-11-19 12:15:00,7339.4
2019-11-19 12:30:00,7327.8
2019-11-19 12:45:00,7315.2
2019-11-19 13:00:00,7348.0
2019-11-19 13:15:00,7337.7
2019-11-19 13:30:00,7293.4
2019-11-19 13:45:00,7256.2
2019-11-19 14:00:00,7233.7
2019-11-19 14:15:00,7218.5
2019-11-19 14:30:00,7200.7
2019-11-19 14:45:00,7177.1
2019-11-19 15:00:00,7192.1
2019-11-19 15:15:00,7153.3
2019-11-19 15:30:00,7148.2
2019-11-19 15:45:00,7121.4
2019-11-19 16:00:00,7131.5
2019-11-19 16:15:00,7130.4
2019-11-19 16:30:00,7169.8
2019-11-19 16:45:00,7245.2
2019-11-19 17:00:00,7306.4
2019-11-19 17:15:00,7337.2
2019-11-19 17:30:00,7343.8
2019-11-19 17:45:00,7348.9
2019-11-19 18:00:00,7283.5
2019-11-19 18:15:00,7257.3
2019-11-19 18:30:00,7234.4
2019-11-19 18:45:00,7218.1
2019-11-19 19:00:00,7204.2
2019-11-19 19:15:00,7168.1
2019-11-19 19:30:00,7136.8
2019-11-19 19:45:00,7083.9
2019-11-19 20:00:00,7035.0
2019-11-19 20:15:00,6980.4
2019-11-19 20:30:00,6922.0
2019-11-19 20:45:00,6854.6
2019-11-19 21:00:00,6804.8
2019-11-19 21:15:00,6752.2
2019-11-19 21:30:00,6718.9
2019-11-19 21:45:00,6658.8
2019-11-19 22:00:00,6654.0
2019-11-19 22:15:00,6600.7
2019-11-19 22:30:00,6540.3
2019-11-19 22:45:00,6486.8
2019-11-19 23:00:00,6411.9
2019-11-19 23:15:00,6363.0
2019-11-19 23:30:00,6314.1
2019-11-19 23:45:00,6253.1
2019-11-20 00:00:00,6221.4
2019-11-20 00:15:00,6189.4
2019-11-20 00:30:00,6162.6
2019-11-20 00:45:00,6132.2
2019-11-20 01:00:00,6100.4
2019-11-20 01:15:00,6080.2
2019-11-20 01:30:00,6056.2
2019-11-20 01:45:00,6049.8
2019-11-20 02:00:00,6023.8
2019-11-20 02:15:00,6021.6
2019-11-20 02:30:00,6021.1
2019-11-20 02:45:00,6019.2
2019-11-20 03:00:00,6027.8
2019-11-20 03:15:00,6025.6
2019-11-20 03:30:00,6034.8
2019-11-20 03:45:00,6050.7
2019-11-20 04:00:00,6078.6
2019-11-20 04:15:00,6106.2
2019-11-20 04:30:00,6109.0
2019-11-20 04:45:00,6148.2
2019-11-20 05:00:00,6210.6
2019-11-20 05:15:00,6239.4
2019-11-20 05:30:00,6305.1
2019-11-20 05:45:00,6374.0
2019-11-20 06:00:00,6522.7
2019-11-20 06:15:00,6635.9
2019-11-20 06:30:00,6747.6
2019-11-20 06:45:00,6838.1
2019-11-20 07:00:00,6954.4
2019-11-20 07:15:00,7032.8
2019-11-20 07:30:00,7065.2
2019-11-20 07:45:00,7099.3
2019-11-20 08:00:00,7137.2
2019-11-20 08:15:00,7155.3
2019-11-20 08:30:00,7174.7
2019-11-20 08:45:00,7174.4
2019-11-20 09:00:00,7163.2
2019-11-20 09:15:00,7177.5
2019-11-20 09:30:00,7209.7
2019-11-20 09:45:00,7224.4
2019-11-20 10:00:00,7229.1
2019-11-20 10:15:00,7236.6
2019-11-20 10:30:00,7257.7
2019-11-20 10:45:00,7269.2
2019-11-20 11:00:00,7284.8
2019-11-20 11:15:00,7290.1
2019-11-20 11:30:00,7289.0
2019-11-20 11:45:00,7280.2
2019-11-20 12:00:00,7274.9
2019-11-20 12:15:00,7261.2
2019-11-20 12:30:00,7257.7
2019-11-20 12:45:00,7243.8
2019-11-20 13:00:00,7250.9
2019-11-20 13:15:00,7230.0
2019-11-20 13:30:00,7221.4
2019-11-20 13:45:00,7202.2
2019-11-20 14:00:00,7146.3
2019-11-20 14:15:00,7127.5
2019-11-20 14:30:00,7126.2
2019-11-20 14:45:00,7133.0
2019-11-20 15:00:00,7128.2
2019-11-20 15:15:00,7121.4
2019-11-20 15:30:00,7109.9
2019-11-20 15:45:00,7089.6
2019-11-20 16:00:00,7127.1
2019-11-20 16:15:00,7149.3
2019-11-20 16:30:00,7181.7
2019-11-20 16:45:00,7222.2
2019-11-20 17:00:00,7246.0
2019-11-20 17:15:00,7263.2
2019-11-20 17:30:00,7262.3
2019-11-20 17:45:00,7259.9
2019-11-20 18:00:00,7266.1
2019-11-20 18:15:00,7250.9
2019-11-20 18:30:00,7242.1
2019-11-20 18:45:00,7229.3
2019-11-20 19:00:00,7200.4
2019-11-20 19:15:00,7161.7
2019-11-20 19:30:00,7124.9
2019-11-20 19:45:00,7079.5
2019-11-20 20:00:00,7006.8
2019-11-20 20:15:00,6940.3
2019-11-20 20:30:00,6881.5
2019-11-20 20:45:00,6826.7
2019-11-20 21:00:00,6791.9
2019-11-20 21:15:00,6761.9
2019-11-20 21:30:00,6705.5
2019-11-20 21:45:00,6655.5
2019-11-20 22:00:00,6623.8
2019-11-20 22:15:00,6578.4
2019-11-20 22:30:00,6522.7
2019-11-20 22:45:00,6481.9
2019-11-20 23:00:00,6420.5
2019-11-20 23:15:00,6365.4
2019-11-20 23:30:00,6309.7
2019-11-20 23:45:00,6276.2
2019-11-21 00:00:00,6229.7
2019-11-21 00:15:00,6201.5
2019-11-21 00:30:00,6167.8
2019-11-21 00:45:00,6141.9
2019-11-21 01:00:00,6115.0
2019-11-21 01:15:00,6089.2
2019-11-21 01:30:00,6078.9
2019-11-21 01:45:00,6061.7
2019-11-21 02:00:00,6023.1
2019-11-21 02:15:00,6025.8
2019-11-21 02:30:00,6032.6
2019-11-21 02:45:00,6033.0
2019-11-21 03:00:00,6053.3
2019-11-21 03:15:00,6064.1
2019-11-21 03:30:00,6065.6
2019-11-21 03:45:00,6061.9
2019-11-21 04:00:00,6099.6
2019-11-21 04:15:00,6114.8
2019-11-21 04:30:00,6137.2
2019-11-21 04:45:00,6167.0
2019-11-21 05:00:00,6253.1
2019-11-21 05:15:00,6300.7
2019-11-21 05:30:00,6343.2
2019-11-21 05:45:00,6436.6
2019-11-21 06:00:00,6584.4
2019-11-21 06:15:00,6710.4
2019-11-21 06:30:00,6815.9
2019-11-21 06:45:00,6911.0
2019-11-21 07:00:00,7017.8
2019-11-21 07:15:00,7067.0
2019-11-21 07:30:00,7109.0
2019-11-21 07:45:00,7131.3
2019-11-21 08:00:00,7185.7
2019-11-21 08:15:00,7208.6
2019-11-21 08:30:00,7219.2
2019-11-21 08:45:00,7216.5
2019-11-21 09:00:00,7195.6
2019-11-21 09:15:00,7202.6
2019-11-21 09:30:00,7224.7
2019-11-21 09:45:00,7226.9
2019-11-21 10:00:00,7239.0
2019-11-21 10:15:00,7235.0
2019-11-21 10:30:00,7245.2
2019-11-21 10:45:00,7260.6
2019-11-21 11:00:00,7267.6
2019-11-21 11:15:00,7273.6
2019-11-21 11:30:00,7275.3
2019-11-21 11:45:00,7256.6
2019-11-21 12:00:00,7241.2
2019-11-21 12:15:00,7226.0
2019-11-21 12:30:00,7224.9
2019-11-21 12:45:00,7220.3
2019-11-21 13:00:00,7239.4
2019-11-21 13:15:00,7222.5
2019-11-21 13:30:00,7203.7
2019-11-21 13:45:00,7170.3
2019-11-21 14:00:00,7160.8
2019-11-21 14:15:00,7171.8
2019-11-21 14:30:00,7165.0
2019-11-21 14:45:00,7159.3
2019-11-21 15:00:00,7163.4
2019-11-21 15:15:00,7159.0
2019-11-21 15:30:00,7159.5
2019-11-21 15:45:00,7148.9
2019-11-21 16:00:00,7154.8
2019-11-21 16:15:00,7181.1
2019-11-21 16:30:00,7213.9
2019-11-21 16:45:00,7268.1
2019-11-21 17:00:00,7314.8
2019-11-21 17:15:00,7335.9
2019-11-21 17:30:00,7336.6
2019-11-21 17:45:00,7337.2
2019-11-21 18:00:00,7321.4
2019-11-21 18:15:00,7303.3
2019-11-21 18:30:00,7279.3
2019-11-21 18:45:00,7252.4
2019-11-21 19:00:00,7210.8
2019-11-21 19:15:00,7167.0
2019-11-21 19:30:00,7135.2
2019-11-21 19:45:00,7109.7
2019-11-21 20:00:00,7046.3
2019-11-21 20:15:00,6976.9
2019-11-21 20:30:00,6912.8
2019-11-21 20:45:00,6861.7
2019-11-21 21:00:00,6828.4
2019-11-21 21:15:00,6795.4
2019-11-21 21:30:00,6748.2
2019-11-21 21:45:00,6692.1
2019-11-21 22:00:00,6667.2
2019-11-21 22:15:00,6639.9
2019-11-21 22:30:00,6584.8
2019-11-21 22:45:00,6537.4
2019-11-21 23:00:00,6488.1
2019-11-21 23:15:00,6433.0
2019-11-21 23:30:00,6377.5
2019-11-21 23:45:00,6341.2
2019-11-22 00:00:00,6284.8
2019-11-22 00:15:00,6248.9
2019-11-22 00:30:00,6231.1
2019-11-22 00:45:00,6207.7
2019-11-22 01:00:00,6170.7
2019-11-22 01:15:00,6139.0
2019-11-22 01:30:00,6123.6
2019-11-22 01:45:00,6100.0
2019-11-22 02:00:00,6094.9
2019-11-22 02:15:00,6089.9
2019-11-22 02:30:00,6086.8
2019-11-22 02:45:00,6095.8
2019-11-22 03:00:00,6081.7
2019-11-22 03:15:00,6080.0
2019-11-22 03:30:00,6093.0
2019-11-22 03:45:00,6103.5
2019-11-22 04:00:00,6134.6
2019-11-22 04:15:00,6145.8
2019-11-22 04:30:00,6185.5
2019-11-22 04:45:00,6225.6
2019-11-22 05:00:00,6288.5
2019-11-22 05:15:00,6327.1
2019-11-22 05:30:00,6385.9
2019-11-22 05:45:00,6470.9
2019-11-22 06:00:00,6633.3
2019-11-22 06:15:00,6749.8
2019-11-22 06:30:00,6845.4
2019-11-22 06:45:00,6945.2
2019-11-22 07:00:00,7032.2
2019-11-22 07:15:00,7097.6
2019-11-22 07:30:00,7141.4
2019-11-22 07:45:00,7168.3
2019-11-22 08:00:00,7183.9
2019-11-22 08:15:00,7207.7
2019-11-22 08:30:00,7210.4
2019-11-22 08:45:00,7215.2
2019-11-22 09:00:00,7200.9
2019-11-22 09:15:00,7224.7
2019-11-22 09:30:00,7232.6
2019-11-22 09:45:00,7238.8
2019-11-22 10:00:00,7241.9
2019-11-22 10:15:00,7255.5
2019-11-22 10:30:00,7257.7
2019-11-22 10:45:00,7251.5
2019-11-22 11:00:00,7265.2
2019-11-22 11:15:00,7268.7
2019-11-22 11:30:00,7274.7
2019-11-22 11:45:00,7246.5
2019-11-22 12:00:00,7240.7
2019-11-22 12:15:00,7230.2
2019-11-22 12:30:00,7218.1
2019-11-22 12:45:00,7209.7
2019-11-22 13:00:00,7212.8
2019-11-22 13:15:00,7172.0
2019-11-22 13:30:00,7140.1
2019-11-22 13:45:00,7105.1
2019-11-22 14:00:00,7068.5
2019-11-22 14:15:00,7067.6
2019-11-22 14:30:00,7059.3
2019-11-22 14:45:00,7038.5
2019-11-22 15:00:00,7016.1
2019-11-22 15:15:00,6994.5
2019-11-22 15:30:00,6990.1
2019-11-22 15:45:00,6981.5
2019-11-22 16:00:00,7007.9
2019-11-22 16:15:00,7051.3
2019-11-22 16:30:00,7093.0
2019-11-22 16:45:00,7167.4
2019-11-22 17:00:00,7220.5
2019-11-22 17:15:00,7223.8
2019-11-22 17:30:00,7228.2
2019-11-22 17:45:00,7224.7
2019-11-22 18:00:00,7245.8
2019-11-22 18:15:00,7220.0
2019-11-22 18:30:00,7199.1
2019-11-22 18:45:00,7181.9
2019-11-22 19:00:00,7146.7
2019-11-22 19:15:00,7104.8
2019-11-22 19:30:00,7074.2
2019-11-22 19:45:00,7022.2
2019-11-22 20:00:00,6946.0
2019-11-22 20:15:00,6874.9
2019-11-22 20:30:00,6812.3
2019-11-22 20:45:00,6781.9
2019-11-22 21:00:00,6739.4
2019-11-22 21:15:00,6714.1
2019-11-22 21:30:00,6687.7
2019-11-22 21:45:00,6630.6
2019-11-22 22:00:00,6583.3
2019-11-22 22:15:00,6536.3
2019-11-22 22:30:00,6496.5
2019-11-22 22:45:00,6445.8
2019-11-22 23:00:00,6398.9
2019-11-22 23:15:00,6337.2
2019-11-22 23:30:00,6286.6
2019-11-22 23:45:00,6244.3
2019-11-23 00:00:00,6182.6
2019-11-23 00:15:00,6148.9
2019-11-23 00:30:00,6105.7
2019-11-23 00:45:00,6076.7
2019-11-23 01:00:00,6005.3
2019-11-23 01:15:00,5977.5
2019-11-23 01:30:00,5947.8
2019-11-23 01:45:00,5941.0
2019-11-23 02:00:00,5920.5
2019-11-23 02:15:00,5922.7
2019-11-23 02:30:00,5909.9
2019-11-23 02:45:00,5899.3
2019-11-23 03:00:00,5911.5
2019-11-23 03:15:00,5911.2
2019-11-23 03:30:00,5916.3
2019-11-23 03:45:00,5923.6
2019-11-23 04:00:00,5928.0
2019-11-23 04:15:00,5926.0
2019-11-23 04:30:00,5920.5
2019-11-23 04:45:00,5917.8
2019-11-23 05:00:00,5933.0
2019-11-23 05:15:00,5924.9
2019-11-23 05:30:00,5931.1
2019-11-23 05:45:00,5959.7
2019-11-23 06:00:00,5984.4
2019-11-23 06:15:00,6007.9
2019-11-23 06:30:00,6036.6
2019-11-23 06:45:00,6080.0
2019-11-23 07:00:00,6170.9
2019-11-23 07:15:00,6228.6
2019-11-23 07:30:00,6270.0
2019-11-23 07:45:00,6297.8
2019-11-23 08:00:00,6363.2
2019-11-23 08:15:00,6402.0
2019-11-23 08:30:00,6450.9
2019-11-23 08:45:00,6500.2
2019-11-23 09:00:00,6545.6
2019-11-23 09:15:00,6568.5
2019-11-23 09:30:00,6589.6
2019-11-23 09:45:00,6614.8
2019-11-23 10:00:00,6627.5
2019-11-23 10:15:00,6637.7
2019-11-23 10:30:00,6649.3
2019-11-23 10:45:00,6655.5
2019-11-23 11:00:00,6658.1
2019-11-23 11:15:00,6658.1
2019-11-23 11:30:00,6671.6
2019-11-23 11:45:00,6667.2
2019-11-23 12:00:00,6649.3
2019-11-23 12:15:00,6642.1
2019-11-23 12:30:00,6617.8
2019-11-23 12:45:00,6592.5
2019-11-23 13:00:00,6552.6
2019-11-23 13:15:00,6524.9
2019-11-23 13:30:00,6503.7
2019-11-23 13:45:00,6468.5
2019-11-23 14:00:00,6459.3
2019-11-23 14:15:00,6443.4
2019-11-23 14:30:00,6433.3
2019-11-23 14:45:00,6425.8
2019-11-23 15:00:00,6442.5
2019-11-23 15:15:00,6452.2
2019-11-23 15:30:00,6458.1
2019-11-23 15:45:00,6478.6
2019-11-23 16:00:00,6517.4
2019-11-23 16:15:00,6572.0
2019-11-23 16:30:00,6627.8
2019-11-23 16:45:00,6677.5
2019-11-23 17:00:00,6713.2
2019-11-23 17:15:00,6730.8
2019-11-23 17:30:00,6749.6
2019-11-23 17:45:00,6756.6
2019-11-23 18:00:00,6767.2
2019-11-23 18:15:00,6744.9
2019-11-23 18:30:00,6717.8
2019-11-23 18:45:00,6692.3
2019-11-23 19:00:00,6674.4
2019-11-23 19:15:00,6638.8
2019-11-23 19:30:00,6605.3
2019-11-23 19:45:00,6553.3
2019-11-23 20:00:00,6484.1
2019-11-23 20:15:00,6428.2
2019-11-23 20:30:00,6377.1
2019-11-23 20:45:00,6330.0
2019-11-23 21:00:00,6287.2
2019-11-23 21:15:00,6273.3
2019-11-23 21:30:00,6244.5
2019-11-23 21:45:00,6228.9
2019-11-23 22:00:00,6234.8
2019-11-23 22:15:00,6216.7
2019-11-23 22:30:00,6178.6
2019-11-23 22:45:00,6146.7
2019-11-23 23:00:00,6093.4
2019-11-23 23:15:00,6049.1
2019-11-23 23:30:00,6011.9
2019-11-23 23:45:00,5980.6
2019-11-24 00:00:00,5923.8
2019-11-24 00:15:00,5884.4
2019-11-24 00:30:00,5861.2
2019-11-24 00:45:00,5831.9
2019-11-24 01:00:00,5801.1
2019-11-24 01:15:00,5762.6
2019-11-24 01:30:00,5735.9
2019-11-24 01:45:00,5732.4
2019-11-24 02:00:00,5726.0
2019-11-24 02:15:00,5719.6
2019-11-24 02:30:00,5704.2
2019-11-24 02:45:00,5707.9
2019-11-24 03:00:00,5709.3
2019-11-24 03:15:00,5697.4
2019-11-24 03:30:00,5690.3
2019-11-24 03:45:00,5707.5
2019-11-24 04:00:00,5726.2
2019-11-24 04:15:00,5716.3
2019-11-24 04:30:00,5719.6
2019-11-24 04:45:00,5719.8
2019-11-24 05:00:00,5699.1
2019-11-24 05:15:00,5674.7
2019-11-24 05:30:00,5668.9
2019-11-24 05:45:00,5646.3
2019-11-24 06:00:00,5644.7
2019-11-24 06:15:00,5657.0
2019-11-24 06:30:00,5664.5
2019-11-24 06:45:00,5682.2
2019-11-24 07:00:00,5726.9
2019-11-24 07:15:00,5751.3
2019-11-24 07:30:00,5776.4
2019-11-24 07:45:00,5806.4
2019-11-24 08:00:00,5876.0
2019-11-24 08:15:00,5937.9
2019-11-24 08:30:00,5986.3
2019-11-24 08:45:00,6022.2
2019-11-24 09:00:00,6056.8
2019-11-24 09:15:00,6111.9
2019-11-24 09:30:00,6129.5
2019-11-24 09:45:00,6146.9
2019-11-24 10:00:00,6207.0
2019-11-24 10:15:00,6246.7
2019-11-24 10:30:00,6259.3
2019-11-24 10:45:00,6279.5
2019-11-24 11:00:00,6305.9
2019-11-24 11:15:00,6338.8
2019-11-24 11:30:00,6348.0
2019-11-24 11:45:00,6350.9
2019-11-24 12:00:00,6335.0
2019-11-24 12:15:00,6317.8
2019-11-24 12:30:00,6272.5
2019-11-24 12:45:00,6229.7
2019-11-24 13:00:00,6216.5
2019-11-24 13:15:00,6179.1
2019-11-24 13:30:00,6174.4
2019-11-24 13:45:00,6146.7
2019-11-24 14:00:00,6149.6
2019-11-24 14:15:00,6144.3
2019-11-24 14:30:00,6135.9
2019-11-24 14:45:00,6113.4
2019-11-24 15:00:00,6142.1
2019-11-24 15:15:00,6123.8
2019-11-24 15:30:00,6138.3
2019-11-24 15:45:00,6133.7
2019-11-24 16:00:00,6177.8
2019-11-24 16:15:00,6220.9
2019-11-24 16:30:00,6292.5
2019-11-24 16:45:00,6359.9
2019-11-24 17:00:00,6441.9
2019-11-24 17:15:00,6474.7
2019-11-24 17:30:00,6507.3
2019-11-24 17:45:00,6521.1
2019-11-24 18:00:00,6530.2
2019-11-24 18:15:00,6518.1
2019-11-24 18:30:00,6491.6
2019-11-24 18:45:00,6480.2
2019-11-24 19:00:00,6417.4
2019-11-24 19:15:00,6379.5
2019-11-24 19:30:00,6357.5
2019-11-24 19:45:00,6325.8
2019-11-24 20:00:00,6288.8
2019-11-24 20:15:00,6247.1
2019-11-24 20:30:00,6194.3
2019-11-24 20:45:00,6167.6
2019-11-24 21:00:00,6160.8
2019-11-24 21:15:00,6139.2
2019-11-24 21:30:00,6126.4
2019-11-24 21:45:00,6121.1
2019-11-24 22:00:00,6133.3
2019-11-24 22:15:00,6104.6
2019-11-24 22:30:00,6066.3
2019-11-24 22:45:00,6024.9
2019-11-24 23:00:00,5981.1
2019-11-24 23:15:00,5939.6
2019-11-24 23:30:00,5909.9
2019-11-24 23:45:00,5867.4
2019-11-25 00:00:00,5836.6
2019-11-25 00:15:00,5817.8
2019-11-25 00:30:00,5788.3
2019-11-25 00:45:00,5753.3
2019-11-25 01:00:00,5779.3
2019-11-25 01:15:00,5773.3
2019-11-25 01:30:00,5760.8
2019-11-25 01:45:00,5741.6
2019-11-25 02:00:00,5724.4
2019-11-25 02:15:00,5728.2
2019-11-25 02:30:00,5734.6
2019-11-25 02:45:00,5738.1
2019-11-25 03:00:00,5753.1
2019-11-25 03:15:00,5754.6
2019-11-25 03:30:00,5770.3
2019-11-25 03:45:00,5790.5
2019-11-25 04:00:00,5821.6
2019-11-25 04:15:00,5846.3
2019-11-25 04:30:00,5885.2
2019-11-25 04:45:00,5920.9
2019-11-25 05:00:00,5994.3
2019-11-25 05:15:00,6037.9
2019-11-25 05:30:00,6125.6
2019-11-25 05:45:00,6217.4
2019-11-25 06:00:00,6395.2
2019-11-25 06:15:00,6530.2
2019-11-25 06:30:00,6654.8
2019-11-25 06:45:00,6762.3
2019-11-25 07:00:00,6911.2
2019-11-25 07:15:00,6960.1
2019-11-25 07:30:00,7031.9
2019-11-25 07:45:00,7050.7
2019-11-25 08:00:00,7097.8
2019-11-25 08:15:00,7116.1
2019-11-25 08:30:00,7137.0
2019-11-25 08:45:00,7148.5
2019-11-25 09:00:00,7128.4
2019-11-25 09:15:00,7141.0
2019-11-25 09:30:00,7160.8
2019-11-25 09:45:00,7168.3
2019-11-25 10:00:00,7194.3
2019-11-25 10:15:00,7196.9
2019-11-25 10:30:00,7207.5
2019-11-25 10:45:00,7211.0
2019-11-25 11:00:00,7228.9
2019-11-25 11:15:00,7245.2
2019-11-25 11:30:00,7255.5
2019-11-25 11:45:00,7252.2
2019-11-25 12:00:00,7235.0
2019-11-25 12:15:00,7230.8
2019-11-25 12:30:00,7229.1
2019-11-25 12:45:00,7232.2
2019-11-25 13:00:00,7252.9
2019-11-25 13:15:00,7238.8
2019-11-25 13:30:00,7221.4
2019-11-25 13:45:00,7193.6
2019-11-25 14:00:00,7173.6
2019-11-25 14:15:00,7173.1
2019-11-25 14:30:00,7164.5
2019-11-25 14:45:00,7153.3
2019-11-25 15:00:00,7174.0
2019-11-25 15:15:00,7159.5
2019-11-25 15:30:00,7146.3
2019-11-25 15:45:00,7133.5
2019-11-25 16:00:00,7133.5
2019-11-25 16:15:00,7154.0
2019-11-25 16:30:00,7189.0
2019-11-25 16:45:00,7212.3
2019-11-25 17:00:00,7230.0
2019-11-25 17:15:00,7238.5
2019-11-25 17:30:00,7253.1
2019-11-25 17:45:00,7239.6
2019-11-25 18:00:00,7243.2
2019-11-25 18:15:00,7224.9
2019-11-25 18:30:00,7211.7
2019-11-25 18:45:00,7188.8
2019-11-25 19:00:00,7172.9
2019-11-25 19:15:00,7123.8
2019-11-25 19:30:00,7090.5
2019-11-25 19:45:00,7068.9
2019-11-25 20:00:00,7011.9
2019-11-25 20:15:00,6941.2
2019-11-25 20:30:00,6884.8
2019-11-25 20:45:00,6831.3
2019-11-25 21:00:00,6787.7
2019-11-25 21:15:00,6748.2
2019-11-25 21:30:00,6687.9
2019-11-25 21:45:00,6639.2
2019-11-25 22:00:00,6629.3
2019-11-25 22:15:00,6586.6
2019-11-25 22:30:00,6523.6
2019-11-25 22:45:00,6465.6
2019-11-25 23:00:00,6403.7
2019-11-25 23:15:00,6339.6
2019-11-25 23:30:00,6268.9
2019-11-25 23:45:00,6226.4
2019-11-26 00:00:00,6194.1
2019-11-26 00:15:00,6151.1
2019-11-26 00:30:00,6121.4
2019-11-26 00:45:00,6090.1
2019-11-26 01:00:00,6052.2
2019-11-26 01:15:00,6046.0
2019-11-26 01:30:00,6021.1
2019-11-26 01:45:00,6014.3
2019-11-26 02:00:00,6002.2
2019-11-26 02:15:00,5988.8
2019-11-26 02:30:00,5984.8
2019-11-26 02:45:00,5992.5
2019-11-26 03:00:00,6012.1
2019-11-26 03:15:00,6024.2
2019-11-26 03:30:00,6037.4
2019-11-26 03:45:00,6044.5
2019-11-26 04:00:00,6086.6
2019-11-26 04:15:00,6090.5
2019-11-26 04:30:00,6124.0
2019-11-26 04:45:00,6149.3
2019-11-26 05:00:00,6234.6
2019-11-26 05:15:00,6278.0
2019-11-26 05:30:00,6330.2
2019-11-26 05:45:00,6418.1
2019-11-26 06:00:00,6577.1
2019-11-26 06:15:00,6706.4
2019-11-26 06:30:00,6816.1
2019-11-26 06:45:00,6923.6
2019-11-26 07:00:00,7033.7
2019-11-26 07:15:00,7094.3
2019-11-26 07:30:00,7147.6
2019-11-26 07:45:00,7179.7
2019-11-26 08:00:00,7203.7
2019-11-26 08:15:00,7207.5
2019-11-26 08:30:00,7210.8
2019-11-26 08:45:00,7221.8
2019-11-26 09:00:00,7188.5
2019-11-26 09:15:00,7191.4
2019-11-26 09:30:00,7213.0
2019-11-26 09:45:00,7226.9
2019-11-26 10:00:00,7232.4
2019-11-26 10:15:00,7221.4
2019-11-26 10:30:00,7231.1
2019-11-26 10:45:00,7256.2
2019-11-26 11:00:00,7265.6
2019-11-26 11:15:00,7268.9
2019-11-26 11:30:00,7279.5
2019-11-26 11:45:00,7277.3
2019-11-26 12:00:00,7262.3
2019-11-26 12:15:00,7259.5
2019-11-26 12:30:00,7250.7
2019-11-26 12:45:00,7237.7
2019-11-26 13:00:00,7226.9
2019-11-26 13:15:00,7230.6
2019-11-26 13:30:00,7215.6
2019-11-26 13:45:00,7178.4
2019-11-26 14:00:00,7180.8
2019-11-26 14:15:00,7187.9
2019-11-26 14:30:00,7172.7
2019-11-26 14:45:00,7152.6
2019-11-26 15:00:00,7153.5
2019-11-26 15:15:00,7146.3
2019-11-26 15:30:00,7142.1
2019-11-26 15:45:00,7130.2
2019-11-26 16:00:00,7160.8
2019-11-26 16:15:00,7195.8
2019-11-26 16:30:00,7230.2
2019-11-26 16:45:00,7264.8
2019-11-26 17:00:00,7300.2
2019-11-26 17:15:00,7322.9
2019-11-26 17:30:00,7334.8
2019-11-26 17:45:00,7328.4
2019-11-26 18:00:00,7320.5
2019-11-26 18:15:00,7300.4
2019-11-26 18:30:00,7299.1
2019-11-26 18:45:00,7279.1
2019-11-26 19:00:00,7234.8
2019-11-26 19:15:00,7203.1
2019-11-26 19:30:00,7184.8
2019-11-26 19:45:00,7164.3
2019-11-26 20:00:00,7095.6
2019-11-26 20:15:00,7024.0
2019-11-26 20:30:00,6982.8
2019-11-26 20:45:00,6933.7
2019-11-26 21:00:00,6884.1
2019-11-26 21:15:00,6833.9
2019-11-26 21:30:00,6776.2
2019-11-26 21:45:00,6710.6
2019-11-26 22:00:00,6653.3
2019-11-26 22:15:00,6602.6
2019-11-26 22:30:00,6552.6
2019-11-26 22:45:00,6487.4
2019-11-26 23:00:00,6400.9
2019-11-26 23:15:00,6336.6
2019-11-26 23:30:00,6267.4
2019-11-26 23:45:00,6238.3
2019-11-27 00:00:00,6181.5
2019-11-27 00:15:00,6141.9
2019-11-27 00:30:00,6126.4
2019-11-27 00:45:00,6095.2
2019-11-27 01:00:00,6032.8
2019-11-27 01:15:00,6001.3
2019-11-27 01:30:00,5990.7
2019-11-27 01:45:00,5998.2
2019-11-27 02:00:00,5977.3
2019-11-27 02:15:00,5966.5
2019-11-27 02:30:00,5961.7
2019-11-27 02:45:00,5980.0
2019-11-27 03:00:00,6008.4
2019-11-27 03:15:00,6016.3
2019-11-27 03:30:00,6009.7
2019-11-27 03:45:00,6024.0
2019-11-27 04:00:00,6057.3
2019-11-27 04:15:00,6085.0
2019-11-27 04:30:00,6108.4
2019-11-27 04:45:00,6139.9
2019-11-27 05:00:00,6232.2
2019-11-27 05:15:00,6278.9
2019-11-27 05:30:00,6335.7
2019-11-27 05:45:00,6403.3
2019-11-27 06:00:00,6580.2
2019-11-27 06:15:00,6716.7
2019-11-27 06:30:00,6836.6
2019-11-27 06:45:00,6926.7
2019-11-27 07:00:00,7052.6
2019-11-27 07:15:00,7131.7
2019-11-27 07:30:00,7180.8
2019-11-27 07:45:00,7211.5
2019-11-27 08:00:00,7263.9
2019-11-27 08:15:00,7305.1
2019-11-27 08:30:00,7334.6
2019-11-27 08:45:00,7342.7
2019-11-27 09:00:00,7339.2
2019-11-27 09:15:00,7365.6
2019-11-27 09:30:00,7396.5
2019-11-27 09:45:00,7396.5
2019-11-27 10:00:00,7398.0
2019-11-27 10:15:00,7417.0
2019-11-27 10:30:00,7432.2
2019-11-27 10:45:00,7435.7
2019-11-27 11:00:00,7439.4
2019-11-27 11:15:00,7454.0
2019-11-27 11:30:00,7456.6
2019-11-27 11:45:00,7442.1
2019-11-27 12:00:00,7407.7
2019-11-27 12:15:00,7404.0
2019-11-27 12:30:00,7409.7
2019-11-27 12:45:00,7402.0
2019-11-27 13:00:00,7407.9
2019-11-27 13:15:00,7404.2
2019-11-27 13:30:00,7392.3
2019-11-27 13:45:00,7368.9
2019-11-27 14:00:00,7355.1
2019-11-27 14:15:00,7363.2
2019-11-27 14:30:00,7335.9
2019-11-27 14:45:00,7304.2
2019-11-27 15:00:00,7303.5
2019-11-27 15:15:00,7296.3
2019-11-27 15:30:00,7283.0
2019-11-27 15:45:00,7276.9
2019-11-27 16:00:00,7297.6
2019-11-27 16:15:00,7328.6
2019-11-27 16:30:00,7362.6
2019-11-27 16:45:00,7389.6
2019-11-27 17:00:00,7441.2
2019-11-27 17:15:00,7443.8
2019-11-27 17:30:00,7450.7
2019-11-27 17:45:00,7428.0
2019-11-27 18:00:00,7422.5
2019-11-27 18:15:00,7418.3
2019-11-27 18:30:00,7411.0
2019-11-27 18:45:00,7399.6
2019-11-27 19:00:00,7344.9
2019-11-27 19:15:00,7311.0
2019-11-27 19:30:00,7282.2
2019-11-27 19:45:00,7251.3
2019-11-27 20:00:00,7156.4
2019-11-27 20:15:00,7096.3
2019-11-27 20:30:00,7027.5
2019-11-27 20:45:00,6982.2
2019-11-27 21:00:00,6919.8
2019-11-27 21:15:00,6861.2
2019-11-27 21:30:00,6800.2
2019-11-27 21:45:00,6760.1
2019-11-27 22:00:00,6745.4
2019-11-27 22:15:00,6698.7
2019-11-27 22:30:00,6632.4
2019-11-27 22:45:00,6567.6
2019-11-27 23:00:00,6489.6
2019-11-27 23:15:00,6420.7
2019-11-27 23:30:00,6388.5
2019-11-27 23:45:00,6354.8
2019-11-28 00:00:00,6279.3
2019-11-28 00:15:00,6231.7
2019-11-28 00:30:00,6190.1
2019-11-28 00:45:00,6160.8
2019-11-28 01:00:00,6145.6
2019-11-28 01:15:00,6132.8
2019-11-28 01:30:00,6121.8
2019-11-28 01:45:00,6097.8
2019-11-28 02:00:00,6074.0
2019-11-28 02:15:00,6080.0
2019-11-28 02:30:00,6086.6
2019-11-28 02:45:00,6097.1
2019-11-28 03:00:00,6103.7
2019-11-28 03:15:00,6112.1
2019-11-28 03:30:00,6106.2
2019-11-28 03:45:00,6124.0
2019-11-28 04:00:00,6156.4
2019-11-28 04:15:00,6188.8
2019-11-28 04:30:00,6233.5
2019-11-28 04:45:00,6269.2
2019-11-28 05:00:00,6349.6
2019-11-28 05:15:00,6391.4
2019-11-28 05:30:00,6475.3
2019-11-28 05:45:00,6565.9
2019-11-28 06:00:00,6704.8
2019-11-28 06:15:00,6842.3
2019-11-28 06:30:00,6947.8
2019-11-28 06:45:00,7049.1
2019-11-28 07:00:00,7119.6
2019-11-28 07:15:00,7199.6
2019-11-28 07:30:00,7258.1
2019-11-28 07:45:00,7285.2
2019-11-28 08:00:00,7307.3
2019-11-28 08:15:00,7322.5
2019-11-28 08:30:00,7328.2
2019-11-28 08:45:00,7318.7
2019-11-28 09:00:00,7298.7
2019-11-28 09:15:00,7314.1
2019-11-28 09:30:00,7324.4
2019-11-28 09:45:00,7323.1
2019-11-28 10:00:00,7346.9
2019-11-28 10:15:00,7360.8
2019-11-28 10:30:00,7373.6
2019-11-28 10:45:00,7412.3
2019-11-28 11:00:00,7412.1
2019-11-28 11:15:00,7411.5
2019-11-28 11:30:00,7425.1
2019-11-28 11:45:00,7426.4
2019-11-28 12:00:00,7395.4
2019-11-28 12:15:00,7393.6
2019-11-28 12:30:00,7384.4
2019-11-28 12:45:00,7406.6
2019-11-28 13:00:00,7410.8
2019-11-28 13:15:00,7396.5
2019-11-28 13:30:00,7381.3
2019-11-28 13:45:00,7344.3
2019-11-28 14:00:00,7329.3
2019-11-28 14:15:00,7341.6
2019-11-28 14:30:00,7330.4
2019-11-28 14:45:00,7333.5
2019-11-28 15:00:00,7333.5
2019-11-28 15:15:00,7310.6
2019-11-28 15:30:00,7309.0
2019-11-28 15:45:00,7304.2
2019-11-28 16:00:00,7313.4
2019-11-28 16:15:00,7322.9
2019-11-28 16:30:00,7355.7
2019-11-28 16:45:00,7397.1
2019-11-28 17:00:00,7404.8
2019-11-28 17:15:00,7427.1
2019-11-28 17:30:00,7424.9
2019-11-28 17:45:00,7430.2
2019-11-28 18:00:00,7400.9
2019-11-28 18:15:00,7366.5
2019-11-28 18:30:00,7343.2
2019-11-28 18:45:00,7336.1
2019-11-28 19:00:00,7315.6
2019-11-28 19:15:00,7279.1
2019-11-28 19:30:00,7254.4
2019-11-28 19:45:00,7213.9
2019-11-28 20:00:00,7162.8
2019-11-28 20:15:00,7099.6
2019-11-28 20:30:00,7051.1
2019-11-28 20:45:00,6979.5
2019-11-28 21:00:00,6904.2
2019-11-28 21:15:00,6850.9
2019-11-28 21:30:00,6782.2
2019-11-28 21:45:00,6732.8
2019-11-28 22:00:00,6723.8
2019-11-28 22:15:00,6679.7
2019-11-28 22:30:00,6623.3
2019-11-28 22:45:00,6572.9
2019-11-28 23:00:00,6520.7
2019-11-28 23:15:00,6482.4
2019-11-28 23:30:00,6428.0
2019-11-28 23:45:00,6355.3
2019-11-29 00:00:00,6297.6
2019-11-29 00:15:00,6252.2
2019-11-29 00:30:00,6190.3
2019-11-29 00:45:00,6143.2
2019-11-29 01:00:00,6112.8
2019-11-29 01:15:00,6099.6
2019-11-29 01:30:00,6076.7
2019-11-29 01:45:00,6043.8
2019-11-29 02:00:00,6034.1
2019-11-29 02:15:00,6025.8
2019-11-29 02:30:00,6030.4
2019-11-29 02:45:00,6029.1
2019-11-29 03:00:00,6041.2
2019-11-29 03:15:00,6052.2
2019-11-29 03:30:00,6054.0
2019-11-29 03:45:00,6074.0
2019-11-29 04:00:00,6125.3
2019-11-29 04:15:00,6153.3
2019-11-29 04:30:00,6174.0
2019-11-29 04:45:00,6202.9
2019-11-29 05:00:00,6291.0
2019-11-29 05:15:00,6335.5
2019-11-29 05:30:00,6402.0
2019-11-29 05:45:00,6479.1
2019-11-29 06:00:00,6664.8
2019-11-29 06:15:00,6796.0
2019-11-29 06:30:00,6898.9
2019-11-29 06:45:00,6993.0
2019-11-29 07:00:00,7104.0
2019-11-29 07:15:00,7180.8
2019-11-29 07:30:00,7224.2
2019-11-29 07:45:00,7236.3
2019-11-29 08:00:00,7251.1
2019-11-29 08:15:00,7264.8
2019-11-29 08:30:00,7270.9
2019-11-29 08:45:00,7277.3
2019-11-29 09:00:00,7231.1
2019-11-29 09:15:00,7219.6
2019-11-29 09:30:00,7237.4
2019-11-29 09:45:00,7246.0
2019-11-29 10:00:00,7261.7
2019-11-29 10:15:00,7277.5
2019-11-29 10:30:00,7275.8
2019-11-29 10:45:00,7282.8
2019-11-29 11:00:00,7279.1
2019-11-29 11:15:00,7291.0
2019-11-29 11:30:00,7297.6
2019-11-29 11:45:00,7273.3
2019-11-29 12:00:00,7243.8
2019-11-29 12:15:00,7233.5
2019-11-29 12:30:00,7214.3
2019-11-29 12:45:00,7212.3
2019-11-29 13:00:00,7219.4
2019-11-29 13:15:00,7210.1
2019-11-29 13:30:00,7176.0
2019-11-29 13:45:00,7152.9
2019-11-29 14:00:00,7112.6
2019-11-29 14:15:00,7084.1
2019-11-29 14:30:00,7068.3
2019-11-29 14:45:00,7037.7
2019-11-29 15:00:00,7035.9
2019-11-29 15:15:00,7008.4
2019-11-29 15:30:00,6997.6
2019-11-29 15:45:00,6988.5
2019-11-29 16:00:00,7010.8
2019-11-29 16:15:00,7042.3
2019-11-29 16:30:00,7080.0
2019-11-29 16:45:00,7145.6
2019-11-29 17:00:00,7185.2
2019-11-29 17:15:00,7197.6
2019-11-29 17:30:00,7177.3
2019-11-29 17:45:00,7174.9
2019-11-29 18:00:00,7161.2
2019-11-29 18:15:00,7139.9
2019-11-29 18:30:00,7116.7
2019-11-29 18:45:00,7093.0
2019-11-29 19:00:00,7057.0
2019-11-29 19:15:00,7012.1
2019-11-29 19:30:00,6985.5
2019-11-29 19:45:00,6946.7
2019-11-29 20:00:00,6891.9
2019-11-29 20:15:00,6826.0
2019-11-29 20:30:00,6771.4
2019-11-29 20:45:00,6717.8
2019-11-29 21:00:00,6673.6
2019-11-29 21:15:00,6628.9
2019-11-29 21:30:00,6584.1
2019-11-29 21:45:00,6536.6
2019-11-29 22:00:00,6515.2
2019-11-29 22:15:00,6481.9
2019-11-29 22:30:00,6426.2
2019-11-29 22:45:00,6367.2
2019-11-29 23:00:00,6294.7
2019-11-29 23:15:00,6229.3
2019-11-29 23:30:00,6185.2
2019-11-29 23:45:00,6141.9
2019-11-30 00:00:00,6104.6
2019-11-30 00:15:00,6062.8
2019-11-30 00:30:00,6045.2
2019-11-30 00:45:00,6021.4
2019-11-30 01:00:00,5991.2
2019-11-30 01:15:00,5955.1
2019-11-30 01:30:00,5932.8
2019-11-30 01:45:00,5903.5
2019-11-30 02:00:00,5866.1
2019-11-30 02:15:00,5846.0
2019-11-30 02:30:00,5852.4
2019-11-30 02:45:00,5848.7
2019-11-30 03:00:00,5841.9
2019-11-30 03:15:00,5834.1
2019-11-30 03:30:00,5835.0
2019-11-30 03:45:00,5828.6
2019-11-30 04:00:00,5833.3
2019-11-30 04:15:00,5831.5
2019-11-30 04:30:00,5841.4
2019-11-30 04:45:00,5840.3
2019-11-30 05:00:00,5852.4
2019-11-30 05:15:00,5843.8
2019-11-30 05:30:00,5847.8
2019-11-30 05:45:00,5849.3
2019-11-30 06:00:00,5861.9
2019-11-30 06:15:00,5891.2
2019-11-30 06:30:00,5904.4
2019-11-30 06:45:00,5928.4
2019-11-30 07:00:00,6001.1
2019-11-30 07:15:00,6057.7
2019-11-30 07:30:00,6100.9
2019-11-30 07:45:00,6130.2
2019-11-30 08:00:00,6193.0
2019-11-30 08:15:00,6241.4
2019-11-30 08:30:00,6286.8
2019-11-30 08:45:00,6320.0
2019-11-30 09:00:00,6354.8
2019-11-30 09:15:00,6386.8
2019-11-30 09:30:00,6413.4
2019-11-30 09:45:00,6419.6
2019-11-30 10:00:00,6417.4
2019-11-30 10:15:00,6428.0
2019-11-30 10:30:00,6438.8
2019-11-30 10:45:00,6436.3
2019-11-30 11:00:00,6432.4
2019-11-30 11:15:00,6449.8
2019-11-30 11:30:00,6439.4
2019-11-30 11:45:00,6435.9
2019-11-30 12:00:00,6417.8
2019-11-30 12:15:00,6415.4
2019-11-30 12:30:00,6404.0
2019-11-30 12:45:00,6371.8
2019-11-30 13:00:00,6389.6
2019-11-30 13:15:00,6377.8
2019-11-30 13:30:00,6342.1
2019-11-30 13:45:00,6311.2
2019-11-30 14:00:00,6302.0
2019-11-30 14:15:00,6280.8
2019-11-30 14:30:00,6263.7
2019-11-30 14:45:00,6250.9
2019-11-30 15:00:00,6240.1
2019-11-30 15:15:00,6251.5
2019-11-30 15:30:00,6251.5
2019-11-30 15:45:00,6263.2
2019-11-30 16:00:00,6334.8
2019-11-30 16:15:00,6393.6
2019-11-30 16:30:00,6459.3
2019-11-30 16:45:00,6527.3
2019-11-30 17:00:00,6548.7
2019-11-30 17:15:00,6556.6
2019-11-30 17:30:00,6565.9
2019-11-30 17:45:00,6564.3
2019-11-30 18:00:00,6548.0
2019-11-30 18:15:00,6533.0
2019-11-30 18:30:00,6514.8
2019-11-30 18:45:00,6491.9
2019-11-30 19:00:00,6491.9
2019-11-30 19:15:00,6462.6
2019-11-30 19:30:00,6417.2
2019-11-30 19:45:00,6385.0
2019-11-30 20:00:00,6337.9
2019-11-30 20:15:00,6272.5
2019-11-30 20:30:00,6230.2
2019-11-30 20:45:00,6208.6
2019-11-30 21:00:00,6176.7
2019-11-30 21:15:00,6150.0
2019-11-30 21:30:00,6101.5
2019-11-30 21:45:00,6089.0
2019-11-30 22:00:00,6106.2
2019-11-30 22:15:00,6082.8
2019-11-30 22:30:00,6033.3
2019-11-30 22:45:00,6003.7
2019-11-30 23:00:00,5982.4
2019-11-30 23:15:00,5935.2
2019-11-30 23:30:00,5893.4
2019-11-30 23:45:00,5851.5
2019-12-01 00:00:00,5835.9
2019-12-01 00:15:00,5795.6
2019-12-01 00:30:00,5783.5
2019-12-01 00:45:00,5764.1
2019-12-01 01:00:00,5717.0
2019-12-01 01:15:00,5702.0
2019-12-01 01:30:00,5672.5
2019-12-01 01:45:00,5657.0
2019-12-01 02:00:00,5628.9
2019-12-01 02:15:00,5636.3
2019-12-01 02:30:00,5627.8
2019-12-01 02:45:00,5625.3
2019-12-01 03:00:00,5620.0
2019-12-01 03:15:00,5616.3
2019-12-01 03:30:00,5624.7
2019-12-01 03:45:00,5607.7
2019-12-01 04:00:00,5618.3
2019-12-01 04:15:00,5615.4
2019-12-01 04:30:00,5623.1
2019-12-01 04:45:00,5619.6
2019-12-01 05:00:00,5607.7
2019-12-01 05:15:00,5597.8
2019-12-01 05:30:00,5601.1
2019-12-01 05:45:00,5839.2
2019-12-01 06:00:00,5858.1
2019-12-01 06:15:00,5867.4
2019-12-01 06:30:00,5899.3
2019-12-01 06:45:00,5907.7
2019-12-01 07:00:00,5673.6
2019-12-01 07:15:00,5959.9
2019-12-01 07:30:00,5966.5
2019-12-01 07:45:00,5983.0
2019-12-01 08:00:00,6012.6
2019-12-01 08:15:00,6038.1
2019-12-01 08:30:00,6069.8
2019-12-01 08:45:00,6092.7
2019-12-01 09:00:00,6109.7
2019-12-01 09:15:00,6135.2
2019-12-01 09:30:00,6160.4
2019-12-01 09:45:00,6181.9
2019-12-01 10:00:00,6209.7
2019-12-01 10:15:00,6219.4
2019-12-01 10:30:00,6203.5
2019-12-01 10:45:00,6227.5
2019-12-01 11:00:00,6281.1
2019-12-01 11:15:00,6309.0
2019-12-01 11:30:00,6334.8
2019-12-01 11:45:00,6342.5
2019-12-01 12:00:00,6337.2
2019-12-01 12:15:00,6324.2
2019-12-01 12:30:00,6305.7
2019-12-01 12:45:00,6274.0
2019-12-01 13:00:00,6241.4
2019-12-01 13:15:00,6220.3
2019-12-01 13:30:00,6213.4
2019-12-01 13:45:00,6190.7
2019-12-01 14:00:00,6164.8
2019-12-01 14:15:00,6151.5
2019-12-01 14:30:00,6158.8
2019-12-01 14:45:00,6141.4
2019-12-01 15:00:00,6153.7
2019-12-01 15:15:00,6155.7
2019-12-01 15:30:00,6169.8
2019-12-01 15:45:00,6172.2
2019-12-01 16:00:00,6208.8
2019-12-01 16:15:00,6241.9
2019-12-01 16:30:00,6287.0
2019-12-01 16:45:00,6351.1
2019-12-01 17:00:00,6402.2
2019-12-01 17:15:00,6425.8
2019-12-01 17:30:00,6431.9
2019-12-01 17:45:00,6446.3
2019-12-01 18:00:00,6471.6
2019-12-01 18:15:00,6468.9
2019-12-01 18:30:00,6450.2
2019-12-01 18:45:00,6443.8
2019-12-01 19:00:00,6435.5
2019-12-01 19:15:00,6415.0
2019-12-01 19:30:00,6387.0
2019-12-01 19:45:00,6352.0
2019-12-01 20:00:00,6327.8
2019-12-01 20:15:00,6287.0
2019-12-01 20:30:00,6234.6
2019-12-01 20:45:00,6205.3
2019-12-01 21:00:00,6212.6
2019-12-01 21:15:00,6200.9
2019-12-01 21:30:00,6174.4
2019-12-01 21:45:00,6189.2
2019-12-01 22:00:00,6194.5
2019-12-01 22:15:00,6176.7
2019-12-01 22:30:00,6130.8
2019-12-01 22:45:00,6096.0
2019-12-01 23:00:00,6055.9
2019-12-01 23:15:00,6017.8
2019-12-01 23:30:00,5983.9
2019-12-01 23:45:00,5946.3
2019-12-02 00:00:00,5821.8
2019-12-02 00:15:00,5792.3
2019-12-02 00:30:00,5781.3
2019-12-02 00:45:00,5752.9
2019-12-02 01:00:00,5745.6
2019-12-02 01:15:00,5733.7
2019-12-02 01:30:00,5737.2
2019-12-02 01:45:00,5722.2
2019-12-02 02:00:00,5691.0
2019-12-02 02:15:00,5688.1
2019-12-02 02:30:00,5692.3
2019-12-02 02:45:00,5694.1
2019-12-02 03:00:00,5715.6
2019-12-02 03:15:00,5725.3
2019-12-02 03:30:00,5734.6
2019-12-02 03:45:00,5750.4
2019-12-02 04:00:00,5772.0
2019-12-02 04:15:00,5780.2
2019-12-02 04:30:00,5821.4
2019-12-02 04:45:00,5859.0
2019-12-02 05:00:00,5929.3
2019-12-02 05:15:00,5973.1
2019-12-02 05:30:00,6042.1
2019-12-02 05:45:00,6148.9
2019-12-02 06:00:00,6342.5
2019-12-02 06:15:00,6506.4
2019-12-02 06:30:00,6629.5
2019-12-02 06:45:00,6757.3
2019-12-02 07:00:00,6864.5
2019-12-02 07:15:00,6954.8
2019-12-02 07:30:00,7018.1
2019-12-02 07:45:00,7044.5
2019-12-02 08:00:00,7041.9
2019-12-02 08:15:00,7050.9
2019-12-02 08:30:00,7034.1
2019-12-02 08:45:00,7044.7
2019-12-02 09:00:00,7042.3
2019-12-02 09:15:00,7086.1
2019-12-02 09:30:00,7099.1
2019-12-02 09:45:00,7108.8
2019-12-02 10:00:00,7122.7
2019-12-02 10:15:00,7124.9
2019-12-02 10:30:00,7140.1
2019-12-02 10:45:00,7144.7
2019-12-02 11:00:00,7157.9
2019-12-02 11:15:00,7184.4
2019-12-02 11:30:00,7204.6
2019-12-02 11:45:00,7210.4
2019-12-02 12:00:00,7217.6
2019-12-02 12:15:00,7224.2
2019-12-02 12:30:00,7215.4
2019-12-02 12:45:00,7215.0
2019-12-02 13:00:00,7191.9
2019-12-02 13:15:00,7178.2
2019-12-02 13:30:00,7164.3
2019-12-02 13:45:00,7137.0
2019-12-02 14:00:00,7135.2
2019-12-02 14:15:00,7131.9
2019-12-02 14:30:00,7130.4
2019-12-02 14:45:00,7118.7
2019-12-02 15:00:00,7128.0
2019-12-02 15:15:00,7106.6
2019-12-02 15:30:00,7094.7
2019-12-02 15:45:00,7077.1
2019-12-02 16:00:00,7088.3
2019-12-02 16:15:00,7117.2
2019-12-02 16:30:00,7147.1
2019-12-02 16:45:00,7195.8
2019-12-02 17:00:00,7211.7
2019-12-02 17:15:00,7230.8
2019-12-02 17:30:00,7215.4
2019-12-02 17:45:00,7212.1
2019-12-02 18:00:00,7177.1
2019-12-02 18:15:00,7162.8
2019-12-02 18:30:00,7155.9
2019-12-02 18:45:00,7137.9
2019-12-02 19:00:00,7124.4
2019-12-02 19:15:00,7082.8
2019-12-02 19:30:00,7046.7
2019-12-02 19:45:00,7004.6
2019-12-02 20:00:00,6938.3
2019-12-02 20:15:00,6864.5
2019-12-02 20:30:00,6822.9
2019-12-02 20:45:00,6762.3
2019-12-02 21:00:00,6763.9
2019-12-02 21:15:00,6720.7
2019-12-02 21:30:00,6654.8
2019-12-02 21:45:00,6604.2
2019-12-02 22:00:00,6624.0
2019-12-02 22:15:00,6575.8
2019-12-02 22:30:00,6519.8
2019-12-02 22:45:00,6457.3
2019-12-02 23:00:00,6364.3
2019-12-02 23:15:00,6294.1
2019-12-02 23:30:00,6229.3
2019-12-02 23:45:00,6179.7
2019-12-03 00:00:00,6307.5
2019-12-03 00:15:00,6263.0
2019-12-03 00:30:00,6235.5
2019-12-03 00:45:00,6191.2
2019-12-03 01:00:00,6150.0
2019-12-03 01:15:00,6131.1
2019-12-03 01:30:00,6101.1
2019-12-03 01:45:00,6100.0
2019-12-03 02:00:00,6088.8
2019-12-03 02:15:00,6075.1
2019-12-03 02:30:00,6070.9
2019-12-03 02:45:00,6075.6
2019-12-03 03:00:00,6094.5
2019-12-03 03:15:00,6086.6
2019-12-03 03:30:00,6089.2
2019-12-03 03:45:00,6117.2
2019-12-03 04:00:00,6139.6
2019-12-03 04:15:00,6152.4
2019-12-03 04:30:00,6185.0
2019-12-03 04:45:00,6210.6
2019-12-03 05:00:00,6265.0
2019-12-03 05:15:00,6301.8
2019-12-03 05:30:00,6365.4
2019-12-03 05:45:00,6451.1
2019-12-03 06:00:00,6600.4
2019-12-03 06:15:00,6721.1
2019-12-03 06:30:00,6839.4
2019-12-03 06:45:00,6940.3
2019-12-03 07:00:00,7012.6
2019-12-03 07:15:00,7078.4
2019-12-03 07:30:00,7119.4
2019-12-03 07:45:00,7155.3
2019-12-03 08:00:00,7196.5
2019-12-03 08:15:00,7208.4
2019-12-03 08:30:00,7214.5
2019-12-03 08:45:00,7205.5
2019-12-03 09:00:00,7195.6
2019-12-03 09:15:00,7198.5
2019-12-03 09:30:00,7205.9
2019-12-03 09:45:00,7210.1
2019-12-03 10:00:00,7210.1
2019-12-03 10:15:00,7197.4
2019-12-03 10:30:00,7201.8
2019-12-03 10:45:00,7218.9
2019-12-03 11:00:00,7221.8
2019-12-03 11:15:00,7231.3
2019-12-03 11:30:00,7235.9
2019-12-03 11:45:00,7238.5
2019-12-03 12:00:00,7242.7
2019-12-03 12:15:00,7228.4
2019-12-03 12:30:00,7227.3
2019-12-03 12:45:00,7215.4
2019-12-03 13:00:00,7224.2
2019-12-03 13:15:00,7214.3
2019-12-03 13:30:00,7196.5
2019-12-03 13:45:00,7156.8
2019-12-03 14:00:00,7159.5
2019-12-03 14:15:00,7152.9
2019-12-03 14:30:00,7152.4
2019-12-03 14:45:00,7145.4
2019-12-03 15:00:00,7155.3
2019-12-03 15:15:00,7147.6
2019-12-03 15:30:00,7146.3
2019-12-03 15:45:00,7150.9
2019-12-03 16:00:00,7181.5
2019-12-03 16:15:00,7203.1
2019-12-03 16:30:00,7255.7
2019-12-03 16:45:00,7304.4
2019-12-03 17:00:00,7367.8
2019-12-03 17:15:00,7379.1
2019-12-03 17:30:00,7381.9
2019-12-03 17:45:00,7389.2
2019-12-03 18:00:00,7361.7
2019-12-03 18:15:00,7322.7
2019-12-03 18:30:00,7321.6
2019-12-03 18:45:00,7312.8
2019-12-03 19:00:00,7301.1
2019-12-03 19:15:00,7273.1
2019-12-03 19:30:00,7237.0
2019-12-03 19:45:00,7201.3
2019-12-03 20:00:00,7127.3
2019-12-03 20:15:00,7067.8
2019-12-03 20:30:00,7022.0
2019-12-03 20:45:00,6973.3
2019-12-03 21:00:00,6912.6
2019-12-03 21:15:00,6882.4
2019-12-03 21:30:00,6823.1
2019-12-03 21:45:00,6774.2
2019-12-03 22:00:00,6777.8
2019-12-03 22:15:00,6727.1
2019-12-03 22:30:00,6664.8
2019-12-03 22:45:00,6601.8
2019-12-03 23:00:00,6529.7
2019-12-03 23:15:00,6459.5
2019-12-03 23:30:00,6420.3
2019-12-03 23:45:00,6385.9
2019-12-04 00:00:00,6308.1
2019-12-04 00:15:00,6280.2
2019-12-04 00:30:00,6255.7
2019-12-04 00:45:00,6229.1
2019-12-04 01:00:00,6208.1
2019-12-04 01:15:00,6186.1
2019-12-04 01:30:00,6166.1
2019-12-04 01:45:00,6139.9
2019-12-04 02:00:00,6098.7
2019-12-04 02:15:00,6087.0
2019-12-04 02:30:00,6094.7
2019-12-04 02:45:00,6094.9
2019-12-04 03:00:00,6096.7
2019-12-04 03:15:00,6091.4
2019-12-04 03:30:00,6104.2
2019-12-04 03:45:00,6123.1
2019-12-04 04:00:00,6177.8
2019-12-04 04:15:00,6189.2
2019-12-04 04:30:00,6229.5
2019-12-04 04:45:00,6261.2
2019-12-04 05:00:00,6331.7
2019-12-04 05:15:00,6355.7
2019-12-04 05:30:00,6420.9
2019-12-04 05:45:00,6505.5
2019-12-04 06:00:00,6664.8
2019-12-04 06:15:00,6795.6
2019-12-04 06:30:00,6893.2
2019-12-04 06:45:00,7001.3
2019-12-04 07:00:00,7125.3
2019-12-04 07:15:00,7186.3
2019-12-04 07:30:00,7235.2
2019-12-04 07:45:00,7249.8
2019-12-04 08:00:00,7231.1
2019-12-04 08:15:00,7229.1
2019-12-04 08:30:00,7229.5
2019-12-04 08:45:00,7236.1
2019-12-04 09:00:00,7228.4
2019-12-04 09:15:00,7226.9
2019-12-04 09:30:00,7228.2
2019-12-04 09:45:00,7228.9
2019-12-04 10:00:00,7225.1
2019-12-04 10:15:00,7216.7
2019-12-04 10:30:00,7211.5
2019-12-04 10:45:00,7226.2
2019-12-04 11:00:00,7241.2
2019-12-04 11:15:00,7255.3
2019-12-04 11:30:00,7244.9
2019-12-04 11:45:00,7248.9
2019-12-04 12:00:00,7212.8
2019-12-04 12:15:00,7212.6
2019-12-04 12:30:00,7209.7
2019-12-04 12:45:00,7222.2
2019-12-04 13:00:00,7232.4
2019-12-04 13:15:00,7200.4
2019-12-04 13:30:00,7167.0
2019-12-04 13:45:00,7134.6
2019-12-04 14:00:00,7133.0
2019-12-04 14:15:00,7120.5
2019-12-04 14:30:00,7118.5
2019-12-04 14:45:00,7111.5
2019-12-04 15:00:00,7128.6
2019-12-04 15:15:00,7122.0
2019-12-04 15:30:00,7129.5
2019-12-04 15:45:00,7133.3
2019-12-04 16:00:00,7132.4
2019-12-04 16:15:00,7156.8
2019-12-04 16:30:00,7206.4
2019-12-04 16:45:00,7272.0
2019-12-04 17:00:00,7319.6
2019-12-04 17:15:00,7339.6
2019-12-04 17:30:00,7346.3
2019-12-04 17:45:00,7353.3
2019-12-04 18:00:00,7331.1
2019-12-04 18:15:00,7318.9
2019-12-04 18:30:00,7311.2
2019-12-04 18:45:00,7311.7
2019-12-04 19:00:00,7287.4
2019-12-04 19:15:00,7234.6
2019-12-04 19:30:00,7186.3
2019-12-04 19:45:00,7152.6
2019-12-04 20:00:00,7087.2
2019-12-04 20:15:00,7022.7
2019-12-04 20:30:00,6965.6
2019-12-04 20:45:00,6927.3
2019-12-04 21:00:00,6887.0
2019-12-04 21:15:00,6852.2
2019-12-04 21:30:00,6790.7
2019-12-04 21:45:00,6755.9
2019-12-04 22:00:00,6735.0
2019-12-04 22:15:00,6693.6
2019-12-04 22:30:00,6631.5
2019-12-04 22:45:00,6595.2
2019-12-04 23:00:00,6549.6
2019-12-04 23:15:00,6482.2
2019-12-04 23:30:00,6421.1
2019-12-04 23:45:00,6393.2
2019-12-05 00:00:00,6361.2
2019-12-05 00:15:00,6313.4
2019-12-05 00:30:00,6290.5
2019-12-05 00:45:00,6264.1
2019-12-05 01:00:00,6243.6
2019-12-05 01:15:00,6226.0
2019-12-05 01:30:00,6199.8
2019-12-05 01:45:00,6181.1
2019-12-05 02:00:00,6177.3
2019-12-05 02:15:00,6158.4
2019-12-05 02:30:00,6167.8
2019-12-05 02:45:00,6164.5
2019-12-05 03:00:00,6154.0
2019-12-05 03:15:00,6149.8
2019-12-05 03:30:00,6162.3
2019-12-05 03:45:00,6174.9
2019-12-05 04:00:00,6200.9
2019-12-05 04:15:00,6197.8
2019-12-05 04:30:00,6224.9
2019-12-05 04:45:00,6242.7
2019-12-05 05:00:00,6332.6
2019-12-05 05:15:00,6375.8
2019-12-05 05:30:00,6455.3
2019-12-05 05:45:00,6539.4
2019-12-05 06:00:00,6693.0
2019-12-05 06:15:00,6830.4
2019-12-05 06:30:00,6929.3
2019-12-05 06:45:00,7031.3
2019-12-05 07:00:00,7137.2
2019-12-05 07:15:00,7213.7
2019-12-05 07:30:00,7263.2
2019-12-05 07:45:00,7281.3
2019-12-05 08:00:00,7299.1
2019-12-05 08:15:00,7317.0
2019-12-05 08:30:00,7326.9
2019-12-05 08:45:00,7320.7
2019-12-05 09:00:00,7302.2
2019-12-05 09:15:00,7309.0
2019-12-05 09:30:00,7315.0
2019-12-05 09:45:00,7333.3
2019-12-05 10:00:00,7314.1
2019-12-05 10:15:00,7305.1
2019-12-05 10:30:00,7285.9
2019-12-05 10:45:00,7297.4
2019-12-05 11:00:00,7275.8
2019-12-05 11:15:00,7289.6
2019-12-05 11:30:00,7296.7
2019-12-05 11:45:00,7300.2
2019-12-05 12:00:00,7259.7
2019-12-05 12:15:00,7260.8
2019-12-05 12:30:00,7243.8
2019-12-05 12:45:00,7244.1
2019-12-05 13:00:00,7229.1
2019-12-05 13:15:00,7235.2
2019-12-05 13:30:00,7224.2
2019-12-05 13:45:00,7194.9
2019-12-05 14:00:00,7207.0
2019-12-05 14:15:00,7200.7
2019-12-05 14:30:00,7205.7
2019-12-05 14:45:00,7207.0
2019-12-05 15:00:00,7226.9
2019-12-05 15:15:00,7227.5
2019-12-05 15:30:00,7225.1
2019-12-05 15:45:00,7243.4
2019-12-05 16:00:00,7281.1
2019-12-05 16:15:00,7325.8
2019-12-05 16:30:00,7357.9
2019-12-05 16:45:00,7420.9
2019-12-05 17:00:00,7459.7
2019-12-05 17:15:00,7470.5
2019-12-05 17:30:00,7494.1
2019-12-05 17:45:00,7496.0
2019-12-05 18:00:00,7484.8
2019-12-05 18:15:00,7465.9
2019-12-05 18:30:00,7461.9
2019-12-05 18:45:00,7455.7
2019-12-05 19:00:00,7415.4
2019-12-05 19:15:00,7369.8
2019-12-05 19:30:00,7334.4
2019-12-05 19:45:00,7283.9
2019-12-05 20:00:00,7180.8
2019-12-05 20:15:00,7122.9
2019-12-05 20:30:00,7079.1
2019-12-05 20:45:00,7028.9
2019-12-05 21:00:00,6978.4
2019-12-05 21:15:00,6927.5
2019-12-05 21:30:00,6891.4
2019-12-05 21:45:00,6838.8
2019-12-05 22:00:00,6836.1
2019-12-05 22:15:00,6799.8
2019-12-05 22:30:00,6750.2
2019-12-05 22:45:00,6682.4
2019-12-05 23:00:00,6630.6
2019-12-05 23:15:00,6567.2
2019-12-05 23:30:00,6533.3
2019-12-05 23:45:00,6485.9
2019-12-06 00:00:00,6448.2
2019-12-06 00:15:00,6401.1
2019-12-06 00:30:00,6385.2
2019-12-06 00:45:00,6360.1
2019-12-06 01:00:00,6322.9
2019-12-06 01:15:00,6301.5
2019-12-06 01:30:00,6289.0
2019-12-06 01:45:00,6294.7
2019-12-06 02:00:00,6260.1
2019-12-06 02:15:00,6258.4
2019-12-06 02:30:00,6246.9
2019-12-06 02:45:00,6254.6
2019-12-06 03:00:00,6265.4
2019-12-06 03:15:00,6261.2
2019-12-06 03:30:00,6266.1
2019-12-06 03:45:00,6288.5
2019-12-06 04:00:00,6283.7
2019-12-06 04:15:00,6288.1
2019-12-06 04:30:00,6323.6
2019-12-06 04:45:00,6358.1
2019-12-06 05:00:00,6422.9
2019-12-06 05:15:00,6463.7
2019-12-06 05:30:00,6510.6
2019-12-06 05:45:00,6594.5
2019-12-06 06:00:00,6748.5
2019-12-06 06:15:00,6872.5
2019-12-06 06:30:00,6985.5
2019-12-06 06:45:00,7077.5
2019-12-06 07:00:00,7223.8
2019-12-06 07:15:00,7293.8
2019-12-06 07:30:00,7348.0
2019-12-06 07:45:00,7368.3
2019-12-06 08:00:00,7377.8
2019-12-06 08:15:00,7399.8
2019-12-06 08:30:00,7410.8
2019-12-06 08:45:00,7395.8
2019-12-06 09:00:00,7369.2
2019-12-06 09:15:00,7370.0
2019-12-06 09:30:00,7388.3
2019-12-06 09:45:00,7406.6
2019-12-06 10:00:00,7395.2
2019-12-06 10:15:00,7400.7
2019-12-06 10:30:00,7402.0
2019-12-06 10:45:00,7415.9
2019-12-06 11:00:00,7417.8
2019-12-06 11:15:00,7414.5
2019-12-06 11:30:00,7407.3
2019-12-06 11:45:00,7402.4
2019-12-06 12:00:00,7374.9
2019-12-06 12:15:00,7355.5
2019-12-06 12:30:00,7346.0
2019-12-06 12:45:00,7341.0
2019-12-06 13:00:00,7333.0
2019-12-06 13:15:00,7294.1
2019-12-06 13:30:00,7287.9
2019-12-06 13:45:00,7250.7
2019-12-06 14:00:00,7254.0
2019-12-06 14:15:00,7231.9
2019-12-06 14:30:00,7227.5
2019-12-06 14:45:00,7216.5
2019-12-06 15:00:00,7241.4
2019-12-06 15:15:00,7211.0
2019-12-06 15:30:00,7222.5
2019-12-06 15:45:00,7218.1
2019-12-06 16:00:00,7264.8
2019-12-06 16:15:00,7297.1
2019-12-06 16:30:00,7337.7
2019-12-06 16:45:00,7365.6
2019-12-06 17:00:00,7383.3
2019-12-06 17:15:00,7379.7
2019-12-06 17:30:00,7358.4
2019-12-06 17:45:00,7342.3
2019-12-06 18:00:00,7321.4
2019-12-06 18:15:00,7306.2
2019-12-06 18:30:00,7297.4
2019-12-06 18:45:00,7293.2
2019-12-06 19:00:00,7229.3
2019-12-06 19:15:00,7197.4
2019-12-06 19:30:00,7160.4
2019-12-06 19:45:00,7115.9
2019-12-06 20:00:00,7044.7
2019-12-06 20:15:00,6982.6
2019-12-06 20:30:00,6943.2
2019-12-06 20:45:00,6901.8
2019-12-06 21:00:00,6842.3
2019-12-06 21:15:00,6811.9
2019-12-06 21:30:00,6761.9
2019-12-06 21:45:00,6726.7
2019-12-06 22:00:00,6674.7
2019-12-06 22:15:00,6634.8
2019-12-06 22:30:00,6594.5
2019-12-06 22:45:00,6537.4
2019-12-06 23:00:00,6495.4
2019-12-06 23:15:00,6431.3
2019-12-06 23:30:00,6413.7
2019-12-06 23:45:00,6364.1
2019-12-07 00:00:00,6331.1
2019-12-07 00:15:00,6291.6
2019-12-07 00:30:00,6264.1
2019-12-07 00:45:00,6237.9
2019-12-07 01:00:00,6194.5
2019-12-07 01:15:00,6168.3
2019-12-07 01:30:00,6144.5
2019-12-07 01:45:00,6118.3
2019-12-07 02:00:00,6081.1
2019-12-07 02:15:00,6060.8
2019-12-07 02:30:00,6052.9
2019-12-07 02:45:00,6055.5
2019-12-07 03:00:00,6033.5
2019-12-07 03:15:00,6019.6
2019-12-07 03:30:00,6014.1
2019-12-07 03:45:00,6014.8
2019-12-07 04:00:00,6018.9
2019-12-07 04:15:00,6016.7
2019-12-07 04:30:00,6026.0
2019-12-07 04:45:00,6042.7
2019-12-07 05:00:00,6060.1
2019-12-07 05:15:00,6051.1
2019-12-07 05:30:00,6044.1
2019-12-07 05:45:00,6060.6
2019-12-07 06:00:00,6083.9
2019-12-07 06:15:00,6116.3
2019-12-07 06:30:00,6138.3
2019-12-07 06:45:00,6171.6
2019-12-07 07:00:00,6255.5
2019-12-07 07:15:00,6280.8
2019-12-07 07:30:00,6317.8
2019-12-07 07:45:00,6355.1
2019-12-07 08:00:00,6401.5
2019-12-07 08:15:00,6438.1
2019-12-07 08:30:00,6470.7
2019-12-07 08:45:00,6508.6
2019-12-07 09:00:00,6562.8
2019-12-07 09:15:00,6597.4
2019-12-07 09:30:00,6641.0
2019-12-07 09:45:00,6680.6
2019-12-07 10:00:00,6691.9
2019-12-07 10:15:00,6695.2
2019-12-07 10:30:00,6709.0
2019-12-07 10:45:00,6732.6
2019-12-07 11:00:00,6755.3
2019-12-07 11:15:00,6756.6
2019-12-07 11:30:00,6763.7
2019-12-07 11:45:00,6762.6
2019-12-07 12:00:00,6728.6
2019-12-07 12:15:00,6729.3
2019-12-07 12:30:00,6704.8
2019-12-07 12:45:00,6692.3
2019-12-07 13:00:00,6684.8
2019-12-07 13:15:00,6633.9
2019-12-07 13:30:00,6610.1
2019-12-07 13:45:00,6564.1
2019-12-07 14:00:00,6547.1
2019-12-07 14:15:00,6514.8
2019-12-07 14:30:00,6501.1
2019-12-07 14:45:00,6491.0
2019-12-07 15:00:00,6523.6
2019-12-07 15:15:00,6509.3
2019-12-07 15:30:00,6500.0
2019-12-07 15:45:00,6515.9
2019-12-07 16:00:00,6554.2
2019-12-07 16:15:00,6581.7
2019-12-07 16:30:00,6632.2
2019-12-07 16:45:00,6671.8
2019-12-07 17:00:00,6717.0
2019-12-07 17:15:00,6717.2
2019-12-07 17:30:00,6736.6
2019-12-07 17:45:00,6739.9
2019-12-07 18:00:00,6739.4
2019-12-07 18:15:00,6730.2
2019-12-07 18:30:00,6712.3
2019-12-07 18:45:00,6711.5
2019-12-07 19:00:00,6674.9
2019-12-07 19:15:00,6633.9
2019-12-07 19:30:00,6603.5
2019-12-07 19:45:00,6569.6
2019-12-07 20:00:00,6485.5
2019-12-07 20:15:00,6425.8
2019-12-07 20:30:00,6388.5
2019-12-07 20:45:00,6350.2
2019-12-07 21:00:00,6319.4
2019-12-07 21:15:00,6311.0
2019-12-07 21:30:00,6280.8
2019-12-07 21:45:00,6258.6
2019-12-07 22:00:00,6257.3
2019-12-07 22:15:00,6219.8
2019-12-07 22:30:00,6204.4
2019-12-07 22:45:00,6144.1
2019-12-07 23:00:00,6118.7
2019-12-07 23:15:00,6067.8
2019-12-07 23:30:00,6040.5
2019-12-07 23:45:00,5988.8
2019-12-08 00:00:00,5917.4
2019-12-08 00:15:00,5863.7
2019-12-08 00:30:00,5830.8
2019-12-08 00:45:00,5803.3
2019-12-08 01:00:00,5787.7
2019-12-08 01:15:00,5757.3
2019-12-08 01:30:00,5740.5
2019-12-08 01:45:00,5724.2
2019-12-08 02:00:00,5704.2
2019-12-08 02:15:00,5703.7
2019-12-08 02:30:00,5694.3
2019-12-08 02:45:00,5683.7
2019-12-08 03:00:00,5687.2
2019-12-08 03:15:00,5678.9
2019-12-08 03:30:00,5689.9
2019-12-08 03:45:00,5705.9
2019-12-08 04:00:00,5757.5
2019-12-08 04:15:00,5769.6
2019-12-08 04:30:00,5788.1
2019-12-08 04:45:00,5782.4
2019-12-08 05:00:00,5808.1
2019-12-08 05:15:00,5808.8
2019-12-08 05:30:00,5806.4
2019-12-08 05:45:00,5800.4
2019-12-08 06:00:00,5814.8
2019-12-08 06:15:00,5820.5
2019-12-08 06:30:00,5849.8
2019-12-08 06:45:00,5864.5
2019-12-08 07:00:00,5921.6
2019-12-08 07:15:00,5952.6
2019-12-08 07:30:00,5986.8
2019-12-08 07:45:00,6016.3
2019-12-08 08:00:00,6086.3
2019-12-08 08:15:00,6125.6
2019-12-08 08:30:00,6178.2
2019-12-08 08:45:00,6210.1
2019-12-08 09:00:00,6254.6
2019-12-08 09:15:00,6298.7
2019-12-08 09:30:00,6360.1
2019-12-08 09:45:00,6408.6
2019-12-08 10:00:00,6455.9
2019-12-08 10:15:00,6490.7
2019-12-08 10:30:00,6511.7
2019-12-08 10:45:00,6534.6
2019-12-08 11:00:00,6563.0
2019-12-08 11:15:00,6590.1
2019-12-08 11:30:00,6624.7
2019-12-08 11:45:00,6649.6
2019-12-08 12:00:00,6647.1
2019-12-08 12:15:00,6643.2
2019-12-08 12:30:00,6614.1
2019-12-08 12:45:00,6589.9
2019-12-08 13:00:00,6571.4
2019-12-08 13:15:00,6538.8
2019-12-08 13:30:00,6533.3
2019-12-08 13:45:00,6504.0
2019-12-08 14:00:00,6488.1
2019-12-08 14:15:00,6473.8
2019-12-08 14:30:00,6455.5
2019-12-08 14:45:00,6437.7
2019-12-08 15:00:00,6437.0
2019-12-08 15:15:00,6422.2
2019-12-08 15:30:00,6423.6
2019-12-08 15:45:00,6418.3
2019-12-08 16:00:00,6444.9
2019-12-08 16:15:00,6483.5
2019-12-08 16:30:00,6517.8
2019-12-08 16:45:00,6584.8
2019-12-08 17:00:00,6591.2
2019-12-08 17:15:00,6614.3
2019-12-08 17:30:00,6618.5
2019-12-08 17:45:00,6626.0
2019-12-08 18:00:00,6630.8
2019-12-08 18:15:00,6625.3
2019-12-08 18:30:00,6605.5
2019-12-08 18:45:00,6604.2
2019-12-08 19:00:00,6590.5
2019-12-08 19:15:00,6569.4
2019-12-08 19:30:00,6522.9
2019-12-08 19:45:00,6491.2
2019-12-08 20:00:00,6449.6
2019-12-08 20:15:00,6407.7
2019-12-08 20:30:00,6358.8
2019-12-08 20:45:00,6346.5
2019-12-08 21:00:00,6343.8
2019-12-08 21:15:00,6315.9
2019-12-08 21:30:00,6292.5
2019-12-08 21:45:00,6285.7
2019-12-08 22:00:00,6320.0
2019-12-08 22:15:00,6306.4
2019-12-08 22:30:00,6260.6
2019-12-08 22:45:00,6207.5
2019-12-08 23:00:00,6142.3
2019-12-08 23:15:00,6096.0
2019-12-08 23:30:00,6034.8
2019-12-08 23:45:00,6018.7
2019-12-09 00:00:00,6031.9
2019-12-09 00:15:00,6015.4
2019-12-09 00:30:00,5979.7
2019-12-09 00:45:00,5972.7
2019-12-09 01:00:00,5949.8
2019-12-09 01:15:00,5940.3
2019-12-09 01:30:00,5920.0
2019-12-09 01:45:00,5910.8
2019-12-09 02:00:00,5911.9
2019-12-09 02:15:00,5903.7
2019-12-09 02:30:00,5905.1
2019-12-09 02:45:00,5914.5
2019-12-09 03:00:00,5930.4
2019-12-09 03:15:00,5925.6
2019-12-09 03:30:00,5935.9
2019-12-09 03:45:00,5959.7
2019-12-09 04:00:00,5999.1
2019-12-09 04:15:00,6013.4
2019-12-09 04:30:00,6037.2
2019-12-09 04:45:00,6079.5
2019-12-09 05:00:00,6160.4
2019-12-09 05:15:00,6204.4
2019-12-09 05:30:00,6279.3
2019-12-09 05:45:00,6372.7
2019-12-09 06:00:00,6565.4
2019-12-09 06:15:00,6688.8
2019-12-09 06:30:00,6811.2
2019-12-09 06:45:00,6901.5
2019-12-09 07:00:00,7030.6
2019-12-09 07:15:00,7111.2
2019-12-09 07:30:00,7192.7
2019-12-09 07:45:00,7231.9
2019-12-09 08:00:00,7244.9
2019-12-09 08:15:00,7255.9
2019-12-09 08:30:00,7243.8
2019-12-09 08:45:00,7215.2
2019-12-09 09:00:00,7189.9
2019-12-09 09:15:00,7205.5
2019-12-09 09:30:00,7210.4
2019-12-09 09:45:00,7234.8
2019-12-09 10:00:00,7255.3
2019-12-09 10:15:00,7257.7
2019-12-09 10:30:00,7273.8
2019-12-09 10:45:00,7290.7
2019-12-09 11:00:00,7281.9
2019-12-09 11:15:00,7281.7
2019-12-09 11:30:00,7287.0
2019-12-09 11:45:00,7279.5
2019-12-09 12:00:00,7271.4
2019-12-09 12:15:00,7243.6
2019-12-09 12:30:00,7268.3
2019-12-09 12:45:00,7243.4
2019-12-09 13:00:00,7253.5
2019-12-09 13:15:00,7249.1
2019-12-09 13:30:00,7216.7
2019-12-09 13:45:00,7177.5
2019-12-09 14:00:00,7190.7
2019-12-09 14:15:00,7190.1
2019-12-09 14:30:00,7191.6
2019-12-09 14:45:00,7170.7
2019-12-09 15:00:00,7174.7
2019-12-09 15:15:00,7163.4
2019-12-09 15:30:00,7174.4
2019-12-09 15:45:00,7174.7
2019-12-09 16:00:00,7186.1
2019-12-09 16:15:00,7204.4
2019-12-09 16:30:00,7232.4
2019-12-09 16:45:00,7267.0
2019-12-09 17:00:00,7320.5
2019-12-09 17:15:00,7328.6
2019-12-09 17:30:00,7336.3
2019-12-09 17:45:00,7333.3
2019-12-09 18:00:00,7315.9
2019-12-09 18:15:00,7306.2
2019-12-09 18:30:00,7302.9
2019-12-09 18:45:00,7276.4
2019-12-09 19:00:00,7243.6
2019-12-09 19:15:00,7194.3
2019-12-09 19:30:00,7155.5
2019-12-09 19:45:00,7118.1
2019-12-09 20:00:00,7063.9
2019-12-09 20:15:00,6997.4
2019-12-09 20:30:00,6948.7
2019-12-09 20:45:00,6890.7
2019-12-09 21:00:00,6850.9
2019-12-09 21:15:00,6794.7
2019-12-09 21:30:00,6740.3
2019-12-09 21:45:00,6690.7
2019-12-09 22:00:00,6670.7
2019-12-09 22:15:00,6623.6
2019-12-09 22:30:00,6560.1
2019-12-09 22:45:00,6509.3
2019-12-09 23:00:00,6451.3
2019-12-09 23:15:00,6400.4
2019-12-09 23:30:00,6357.9
2019-12-09 23:45:00,6333.7
2019-12-10 00:00:00,6284.6
2019-12-10 00:15:00,6264.8
2019-12-10 00:30:00,6256.2
2019-12-10 00:45:00,6210.6
2019-12-10 01:00:00,6180.4
2019-12-10 01:15:00,6167.4
2019-12-10 01:30:00,6148.9
2019-12-10 01:45:00,6121.1
2019-12-10 02:00:00,6085.0
2019-12-10 02:15:00,6073.6
2019-12-10 02:30:00,6080.8
2019-12-10 02:45:00,6087.9
2019-12-10 03:00:00,6088.1
2019-12-10 03:15:00,6087.0
2019-12-10 03:30:00,6099.3
2019-12-10 03:45:00,6104.0
2019-12-10 04:00:00,6167.6
2019-12-10 04:15:00,6190.5
2019-12-10 04:30:00,6204.6
2019-12-10 04:45:00,6232.2
2019-12-10 05:00:00,6371.4
2019-12-10 05:15:00,6397.8
2019-12-10 05:30:00,6430.4
2019-12-10 05:45:00,6502.0
2019-12-10 06:00:00,6659.7
2019-12-10 06:15:00,6770.5
2019-12-10 06:30:00,6882.2
2019-12-10 06:45:00,6976.4
2019-12-10 07:00:00,7067.8
2019-12-10 07:15:00,7139.2
2019-12-10 07:30:00,7184.1
2019-12-10 07:45:00,7206.8
2019-12-10 08:00:00,7244.1
2019-12-10 08:15:00,7266.5
2019-12-10 08:30:00,7252.2
2019-12-10 08:45:00,7267.0
2019-12-10 09:00:00,7261.9
2019-12-10 09:15:00,7259.3
2019-12-10 09:30:00,7266.1
2019-12-10 09:45:00,7281.1
2019-12-10 10:00:00,7270.9
2019-12-10 10:15:00,7265.4
2019-12-10 10:30:00,7247.4
2019-12-10 10:45:00,7242.7
2019-12-10 11:00:00,7240.1
2019-12-10 11:15:00,7244.1
2019-12-10 11:30:00,7253.3
2019-12-10 11:45:00,7236.8
2019-12-10 12:00:00,7235.2
2019-12-10 12:15:00,7228.0
2019-12-10 12:30:00,7222.5
2019-12-10 12:45:00,7225.1
2019-12-10 13:00:00,7232.2
2019-12-10 13:15:00,7223.8
2019-12-10 13:30:00,7197.6
2019-12-10 13:45:00,7191.2
2019-12-10 14:00:00,7204.4
2019-12-10 14:15:00,7199.6
2019-12-10 14:30:00,7183.7
2019-12-10 14:45:00,7183.5
2019-12-10 15:00:00,7153.1
2019-12-10 15:15:00,7150.4
2019-12-10 15:30:00,7151.1
2019-12-10 15:45:00,7155.5
2019-12-10 16:00:00,7196.5
2019-12-10 16:15:00,7236.8
2019-12-10 16:30:00,7311.0
2019-12-10 16:45:00,7371.6
2019-12-10 17:00:00,7423.6
2019-12-10 17:15:00,7462.6
2019-12-10 17:30:00,7470.9
2019-12-10 17:45:00,7488.1
2019-12-10 18:00:00,7472.5
2019-12-10 18:15:00,7469.6
2019-12-10 18:30:00,7460.4
2019-12-10 18:45:00,7466.7
2019-12-10 19:00:00,7430.4
2019-12-10 19:15:00,7402.9
2019-12-10 19:30:00,7373.1
2019-12-10 19:45:00,7324.4
2019-12-10 20:00:00,7267.2
2019-12-10 20:15:00,7194.5
2019-12-10 20:30:00,7143.4
2019-12-10 20:45:00,7106.4
2019-12-10 21:00:00,7035.9
2019-12-10 21:15:00,6989.9
2019-12-10 21:30:00,6946.7
2019-12-10 21:45:00,6893.0
2019-12-10 22:00:00,6818.9
2019-12-10 22:15:00,6785.7
2019-12-10 22:30:00,6730.2
2019-12-10 22:45:00,6685.5
2019-12-10 23:00:00,6609.5
2019-12-10 23:15:00,6557.0
2019-12-10 23:30:00,6511.7
2019-12-10 23:45:00,6474.9
2019-12-11 00:00:00,6403.7
2019-12-11 00:15:00,6374.2
2019-12-11 00:30:00,6339.6
2019-12-11 00:45:00,6310.4
2019-12-11 01:00:00,6274.4
2019-12-11 01:15:00,6257.9
2019-12-11 01:30:00,6237.2
2019-12-11 01:45:00,6230.2
2019-12-11 02:00:00,6200.2
2019-12-11 02:15:00,6197.6
2019-12-11 02:30:00,6205.9
2019-12-11 02:45:00,6213.9
2019-12-11 03:00:00,6223.8
2019-12-11 03:15:00,6224.2
2019-12-11 03:30:00,6233.3
2019-12-11 03:45:00,6242.7
2019-12-11 04:00:00,6255.7
2019-12-11 04:15:00,6255.3
2019-12-11 04:30:00,6290.1
2019-12-11 04:45:00,6314.5
2019-12-11 05:00:00,6377.5
2019-12-11 05:15:00,6419.2
2019-12-11 05:30:00,6486.3
2019-12-11 05:45:00,6565.9
2019-12-11 06:00:00,6726.2
2019-12-11 06:15:00,6836.8
2019-12-11 06:30:00,6938.3
2019-12-11 06:45:00,7034.4
2019-12-11 07:00:00,7161.2
2019-12-11 07:15:00,7232.2
2019-12-11 07:30:00,7276.7
2019-12-11 07:45:00,7326.9
2019-12-11 08:00:00,7361.5
2019-12-11 08:15:00,7360.6
2019-12-11 08:30:00,7365.0
2019-12-11 08:45:00,7359.5
2019-12-11 09:00:00,7335.0
2019-12-11 09:15:00,7352.9
2019-12-11 09:30:00,7367.2
2019-12-11 09:45:00,7361.9
2019-12-11 10:00:00,7362.8
2019-12-11 10:15:00,7369.2
2019-12-11 10:30:00,7380.4
2019-12-11 10:45:00,7381.9
2019-12-11 11:00:00,7377.1
2019-12-11 11:15:00,7378.0
2019-12-11 11:30:00,7381.1
2019-12-11 11:45:00,7377.3
2019-12-11 12:00:00,7356.4
2019-12-11 12:15:00,7347.6
2019-12-11 12:30:00,7336.8
2019-12-11 12:45:00,7327.3
2019-12-11 13:00:00,7343.8
2019-12-11 13:15:00,7326.2
2019-12-11 13:30:00,7308.4
2019-12-11 13:45:00,7267.0
2019-12-11 14:00:00,7290.7
2019-12-11 14:15:00,7273.8
2019-12-11 14:30:00,7271.4
2019-12-11 14:45:00,7264.1
2019-12-11 15:00:00,7283.3
2019-12-11 15:15:00,7271.1
2019-12-11 15:30:00,7275.3
2019-12-11 15:45:00,7262.6
2019-12-11 16:00:00,7286.8
2019-12-11 16:15:00,7312.8
2019-12-11 16:30:00,7349.3
2019-12-11 16:45:00,7374.0
2019-12-11 17:00:00,7360.1
2019-12-11 17:15:00,7355.3
2019-12-11 17:30:00,7357.5
2019-12-11 17:45:00,7346.3
2019-12-11 18:00:00,7353.7
2019-12-11 18:15:00,7328.0
2019-12-11 18:30:00,7320.5
2019-12-11 18:45:00,7311.2
2019-12-11 19:00:00,7270.5
2019-12-11 19:15:00,7238.3
2019-12-11 19:30:00,7194.3
2019-12-11 19:45:00,7152.6
2019-12-11 20:00:00,7085.7
2019-12-11 20:15:00,7034.1
2019-12-11 20:30:00,6973.1
2019-12-11 20:45:00,6938.1
2019-12-11 21:00:00,6870.3
2019-12-11 21:15:00,6814.3
2019-12-11 21:30:00,6757.5
2019-12-11 21:45:00,6717.2
2019-12-11 22:00:00,6702.9
2019-12-11 22:15:00,6678.0
2019-12-11 22:30:00,6606.2
2019-12-11 22:45:00,6535.7
2019-12-11 23:00:00,6463.9
2019-12-11 23:15:00,6400.0
2019-12-11 23:30:00,6349.3
2019-12-11 23:45:00,6309.5
2019-12-12 00:00:00,6260.1
2019-12-12 00:15:00,6238.1
2019-12-12 00:30:00,6213.2
2019-12-12 00:45:00,6168.7
2019-12-12 01:00:00,6144.9
2019-12-12 01:15:00,6132.8
2019-12-12 01:30:00,6120.0
2019-12-12 01:45:00,6089.2
2019-12-12 02:00:00,6107.9
2019-12-12 02:15:00,6098.2
2019-12-12 02:30:00,6085.5
2019-12-12 02:45:00,6084.8
2019-12-12 03:00:00,6069.8
2019-12-12 03:15:00,6081.9
2019-12-12 03:30:00,6098.5
2019-12-12 03:45:00,6107.3
2019-12-12 04:00:00,6124.2
2019-12-12 04:15:00,6145.2
2019-12-12 04:30:00,6170.5
2019-12-12 04:45:00,6203.5
2019-12-12 05:00:00,6280.0
2019-12-12 05:15:00,6321.4
2019-12-12 05:30:00,6374.7
2019-12-12 05:45:00,6465.6
2019-12-12 06:00:00,6622.9
2019-12-12 06:15:00,6753.1
2019-12-12 06:30:00,6860.1
2019-12-12 06:45:00,6959.9
2019-12-12 07:00:00,7065.4
2019-12-12 07:15:00,7128.0
2019-12-12 07:30:00,7184.4
2019-12-12 07:45:00,7224.4
2019-12-12 08:00:00,7254.4
2019-12-12 08:15:00,7267.4
2019-12-12 08:30:00,7287.9
2019-12-12 08:45:00,7292.5
2019-12-12 09:00:00,7266.7
2019-12-12 09:15:00,7275.6
2019-12-12 09:30:00,7298.0
2019-12-12 09:45:00,7304.2
2019-12-12 10:00:00,7290.5
2019-12-12 10:15:00,7292.3
2019-12-12 10:30:00,7301.3
2019-12-12 10:45:00,7307.5
2019-12-12 11:00:00,7341.2
2019-12-12 11:15:00,7357.7
2019-12-12 11:30:00,7348.2
2019-12-12 11:45:00,7338.5
2019-12-12 12:00:00,7338.5
2019-12-12 12:15:00,7337.2
2019-12-12 12:30:00,7336.3
2019-12-12 12:45:00,7322.2
2019-12-12 13:00:00,7333.9
2019-12-12 13:15:00,7336.1
2019-12-12 13:30:00,7307.3
2019-12-12 13:45:00,7270.7
2019-12-12 14:00:00,7258.4
2019-12-12 14:15:00,7254.2
2019-12-12 14:30:00,7251.8
2019-12-12 14:45:00,7234.4
2019-12-12 15:00:00,7248.9
2019-12-12 15:15:00,7228.4
2019-12-12 15:30:00,7226.7
2019-12-12 15:45:00,7220.9
2019-12-12 16:00:00,7244.7
2019-12-12 16:15:00,7276.9
2019-12-12 16:30:00,7314.1
2019-12-12 16:45:00,7363.9
2019-12-12 17:00:00,7368.9
2019-12-12 17:15:00,7368.1
2019-12-12 17:30:00,7367.6
2019-12-12 17:45:00,7373.3
2019-12-12 18:00:00,7372.7
2019-12-12 18:15:00,7361.7
2019-12-12 18:30:00,7360.4
2019-12-12 18:45:00,7355.3
2019-12-12 19:00:00,7349.6
2019-12-12 19:15:00,7308.8
2019-12-12 19:30:00,7281.5
2019-12-12 19:45:00,7243.4
2019-12-12 20:00:00,7189.2
2019-12-12 20:15:00,7131.3
2019-12-12 20:30:00,7079.5
2019-12-12 20:45:00,7018.9
2019-12-12 21:00:00,6955.1
2019-12-12 21:15:00,6921.1
2019-12-12 21:30:00,6890.3
2019-12-12 21:45:00,6857.7
2019-12-12 22:00:00,6803.1
2019-12-12 22:15:00,6754.8
2019-12-12 22:30:00,6702.9
2019-12-12 22:45:00,6664.1
2019-12-12 23:00:00,6585.2
2019-12-12 23:15:00,6523.6
2019-12-12 23:30:00,6482.4
2019-12-12 23:45:00,6452.4
2019-12-13 00:00:00,6331.9
2019-12-13 00:15:00,6306.4
2019-12-13 00:30:00,6302.2
2019-12-13 00:45:00,6272.0
2019-12-13 01:00:00,6223.8
2019-12-13 01:15:00,6205.7
2019-12-13 01:30:00,6192.3
2019-12-13 01:45:00,6186.3
2019-12-13 02:00:00,6154.0
2019-12-13 02:15:00,6135.2
2019-12-13 02:30:00,6137.2
2019-12-13 02:45:00,6152.9
2019-12-13 03:00:00,6178.4
2019-12-13 03:15:00,6186.1
2019-12-13 03:30:00,6204.6
2019-12-13 03:45:00,6207.3
2019-12-13 04:00:00,6221.1
2019-12-13 04:15:00,6228.2
2019-12-13 04:30:00,6253.3
2019-12-13 04:45:00,6268.1
2019-12-13 05:00:00,6341.2
2019-12-13 05:15:00,6380.2
2019-12-13 05:30:00,6428.4
2019-12-13 05:45:00,6522.7
2019-12-13 06:00:00,6654.0
2019-12-13 06:15:00,6792.3
2019-12-13 06:30:00,6875.1
2019-12-13 06:45:00,6976.2
2019-12-13 07:00:00,7107.9
2019-12-13 07:15:00,7192.3
2019-12-13 07:30:00,7234.4
2019-12-13 07:45:00,7268.1
2019-12-13 08:00:00,7307.9
2019-12-13 08:15:00,7328.2
2019-12-13 08:30:00,7327.8
2019-12-13 08:45:00,7332.6
2019-12-13 09:00:00,7322.2
2019-12-13 09:15:00,7323.3
2019-12-13 09:30:00,7335.7
2019-12-13 09:45:00,7331.3
2019-12-13 10:00:00,7343.6
2019-12-13 10:15:00,7353.1
2019-12-13 10:30:00,7355.1
2019-12-13 10:45:00,7346.0
2019-12-13 11:00:00,7344.9
2019-12-13 11:15:00,7329.5
2019-12-13 11:30:00,7337.0
2019-12-13 11:45:00,7302.6
2019-12-13 12:00:00,7254.0
2019-12-13 12:15:00,7233.0
2019-12-13 12:30:00,7220.0
2019-12-13 12:45:00,7202.9
2019-12-13 13:00:00,7193.6
2019-12-13 13:15:00,7159.3
2019-12-13 13:30:00,7148.5
2019-12-13 13:45:00,7096.9
2019-12-13 14:00:00,7081.1
2019-12-13 14:15:00,7061.5
2019-12-13 14:30:00,7053.1
2019-12-13 14:45:00,7042.5
2019-12-13 15:00:00,7034.4
2019-12-13 15:15:00,7013.4
2019-12-13 15:30:00,7024.0
2019-12-13 15:45:00,7024.9
2019-12-13 16:00:00,7046.3
2019-12-13 16:15:00,7083.7
2019-12-13 16:30:00,7125.6
2019-12-13 16:45:00,7154.2
2019-12-13 17:00:00,7164.8
2019-12-13 17:15:00,7157.5
2019-12-13 17:30:00,7144.3
2019-12-13 17:45:00,7143.8
2019-12-13 18:00:00,7108.1
2019-12-13 18:15:00,7081.3
2019-12-13 18:30:00,7070.5
2019-12-13 18:45:00,7048.2
2019-12-13 19:00:00,7019.8
2019-12-13 19:15:00,6972.2
2019-12-13 19:30:00,6920.0
2019-12-13 19:45:00,6886.6
2019-12-13 20:00:00,6831.7
2019-12-13 20:15:00,6775.1
2019-12-13 20:30:00,6720.7
2019-12-13 20:45:00,6685.7
2019-12-13 21:00:00,6652.9
2019-12-13 21:15:00,6626.7
2019-12-13 21:30:00,6582.4
2019-12-13 21:45:00,6541.6
2019-12-13 22:00:00,6525.3
2019-12-13 22:15:00,6470.5
2019-12-13 22:30:00,6436.3
2019-12-13 22:45:00,6379.5
2019-12-13 23:00:00,6317.8
2019-12-13 23:15:00,6264.3
2019-12-13 23:30:00,6227.1
2019-12-13 23:45:00,6189.9
2019-12-14 00:00:00,6117.6
2019-12-14 00:15:00,6074.0
2019-12-14 00:30:00,6031.5
2019-12-14 00:45:00,6020.3
2019-12-14 01:00:00,5977.8
2019-12-14 01:15:00,5952.9
2019-12-14 01:30:00,5932.2
2019-12-14 01:45:00,5916.5
2019-12-14 02:00:00,5888.1
2019-12-14 02:15:00,5870.5
2019-12-14 02:30:00,5875.6
2019-12-14 02:45:00,5881.9
2019-12-14 03:00:00,5878.4
2019-12-14 03:15:00,5869.2
2019-12-14 03:30:00,5867.6
2019-12-14 03:45:00,5878.0
2019-12-14 04:00:00,5904.2
2019-12-14 04:15:00,5920.0
2019-12-14 04:30:00,5927.5
2019-12-14 04:45:00,5942.3
2019-12-14 05:00:00,5965.9
2019-12-14 05:15:00,5955.3
2019-12-14 05:30:00,5948.2
2019-12-14 05:45:00,5955.9
2019-12-14 06:00:00,5955.9
2019-12-14 06:15:00,5981.7
2019-12-14 06:30:00,5994.3
2019-12-14 06:45:00,6024.2
2019-12-14 07:00:00,6119.6
2019-12-14 07:15:00,6168.1
2019-12-14 07:30:00,6209.3
2019-12-14 07:45:00,6258.6
2019-12-14 08:00:00,6315.0
2019-12-14 08:15:00,6358.4
2019-12-14 08:30:00,6397.4
2019-12-14 08:45:00,6444.5
2019-12-14 09:00:00,6491.6
2019-12-14 09:15:00,6531.9
2019-12-14 09:30:00,6563.0
2019-12-14 09:45:00,6597.6
2019-12-14 10:00:00,6620.7
2019-12-14 10:15:00,6644.5
2019-12-14 10:30:00,6661.7
2019-12-14 10:45:00,6664.1
2019-12-14 11:00:00,6704.6
2019-12-14 11:15:00,6740.3
2019-12-14 11:30:00,6754.2
2019-12-14 11:45:00,6752.9
2019-12-14 12:00:00,6724.7
2019-12-14 12:15:00,6714.5
2019-12-14 12:30:00,6701.5
2019-12-14 12:45:00,6681.5
2019-12-14 13:00:00,6656.4
2019-12-14 13:15:00,6638.8
2019-12-14 13:30:00,6646.9
2019-12-14 13:45:00,6637.4
2019-12-14 14:00:00,6619.8
2019-12-14 14:15:00,6598.7
2019-12-14 14:30:00,6585.9
2019-12-14 14:45:00,6570.5
2019-12-14 15:00:00,6566.1
2019-12-14 15:15:00,6573.1
2019-12-14 15:30:00,6576.9
2019-12-14 15:45:00,6590.3
2019-12-14 16:00:00,6625.8
2019-12-14 16:15:00,6672.0
2019-12-14 16:30:00,6708.8
2019-12-14 16:45:00,6744.7
2019-12-14 17:00:00,6783.3
2019-12-14 17:15:00,6815.4
2019-12-14 17:30:00,6812.3
2019-12-14 17:45:00,6814.8
2019-12-14 18:00:00,6803.7
2019-12-14 18:15:00,6782.2
2019-12-14 18:30:00,6770.3
2019-12-14 18:45:00,6747.1
2019-12-14 19:00:00,6714.5
2019-12-14 19:15:00,6678.6
2019-12-14 19:30:00,6648.7
2019-12-14 19:45:00,6605.7
2019-12-14 20:00:00,6545.8
2019-12-14 20:15:00,6491.4
2019-12-14 20:30:00,6442.3
2019-12-14 20:45:00,6398.9
2019-12-14 21:00:00,6362.1
2019-12-14 21:15:00,6344.5
2019-12-14 21:30:00,6346.5
2019-12-14 21:45:00,6336.1
2019-12-14 22:00:00,6372.7
2019-12-14 22:15:00,6333.5
2019-12-14 22:30:00,6297.6
2019-12-14 22:45:00,6260.1
2019-12-14 23:00:00,6213.2
2019-12-14 23:15:00,6166.1
2019-12-14 23:30:00,6135.2
2019-12-14 23:45:00,6078.6
2019-12-15 00:00:00,5993.2
2019-12-15 00:15:00,5943.6
2019-12-15 00:30:00,5917.2
2019-12-15 00:45:00,5871.8
2019-12-15 01:00:00,5830.8
2019-12-15 01:15:00,5794.5
2019-12-15 01:30:00,5761.2
2019-12-15 01:45:00,5731.3
2019-12-15 02:00:00,5713.0
2019-12-15 02:15:00,5703.7
2019-12-15 02:30:00,5694.7
2019-12-15 02:45:00,5698.0
2019-12-15 03:00:00,5688.8
2019-12-15 03:15:00,5683.3
2019-12-15 03:30:00,5674.4
2019-12-15 03:45:00,5676.9
2019-12-15 04:00:00,5714.1
2019-12-15 04:15:00,5715.6
2019-12-15 04:30:00,5743.6
2019-12-15 04:45:00,5757.3
2019-12-15 05:00:00,5766.1
2019-12-15 05:15:00,5751.3
2019-12-15 05:30:00,5740.1
2019-12-15 05:45:00,5738.3
2019-12-15 06:00:00,5749.6
2019-12-15 06:15:00,5759.3
2019-12-15 06:30:00,5782.8
2019-12-15 06:45:00,5802.0
2019-12-15 07:00:00,5844.7
2019-12-15 07:15:00,5887.2
2019-12-15 07:30:00,5951.8
2019-12-15 07:45:00,5985.7
2019-12-15 08:00:00,6046.9
2019-12-15 08:15:00,6090.7
2019-12-15 08:30:00,6128.4
2019-12-15 08:45:00,6161.5
2019-12-15 09:00:00,6210.8
2019-12-15 09:15:00,6248.7
2019-12-15 09:30:00,6277.3
2019-12-15 09:45:00,6304.0
2019-12-15 10:00:00,6320.9
2019-12-15 10:15:00,6357.3
2019-12-15 10:30:00,6373.3
2019-12-15 10:45:00,6420.9
2019-12-15 11:00:00,6461.9
2019-12-15 11:15:00,6495.2
2019-12-15 11:30:00,6513.7
2019-12-15 11:45:00,6515.4
2019-12-15 12:00:00,6506.4
2019-12-15 12:15:00,6479.1
2019-12-15 12:30:00,6454.8
2019-12-15 12:45:00,6442.7
2019-12-15 13:00:00,6412.1
2019-12-15 13:15:00,6375.1
2019-12-15 13:30:00,6357.9
2019-12-15 13:45:00,6327.5
2019-12-15 14:00:00,6302.0
2019-12-15 14:15:00,6278.9
2019-12-15 14:30:00,6294.3
2019-12-15 14:45:00,6283.5
2019-12-15 15:00:00,6291.9
2019-12-15 15:15:00,6283.0
2019-12-15 15:30:00,6298.2
2019-12-15 15:45:00,6305.5
2019-12-15 16:00:00,6350.7
2019-12-15 16:15:00,6374.0
2019-12-15 16:30:00,6429.5
2019-12-15 16:45:00,6492.7
2019-12-15 17:00:00,6576.7
2019-12-15 17:15:00,6593.2
2019-12-15 17:30:00,6587.4
2019-12-15 17:45:00,6607.5
2019-12-15 18:00:00,6608.1
2019-12-15 18:15:00,6600.0
2019-12-15 18:30:00,6583.9
2019-12-15 18:45:00,6568.3
2019-12-15 19:00:00,6554.6
2019-12-15 19:15:00,6535.0
2019-12-15 19:30:00,6510.1
2019-12-15 19:45:00,6497.4
2019-12-15 20:00:00,6455.9
2019-12-15 20:15:00,6414.3
2019-12-15 20:30:00,6384.6
2019-12-15 20:45:00,6343.6
2019-12-15 21:00:00,6315.2
2019-12-15 21:15:00,6287.7
2019-12-15 21:30:00,6266.7
2019-12-15 21:45:00,6277.3
2019-12-15 22:00:00,6289.6
2019-12-15 22:15:00,6279.7
2019-12-15 22:30:00,6234.4
2019-12-15 22:45:00,6189.2
2019-12-15 23:00:00,6116.5
2019-12-15 23:15:00,6075.1
2019-12-15 23:30:00,6025.6
2019-12-15 23:45:00,5972.5
2019-12-16 00:00:00,5922.2
2019-12-16 00:15:00,5893.2
2019-12-16 00:30:00,5874.2
2019-12-16 00:45:00,5834.6
2019-12-16 01:00:00,5796.7
2019-12-16 01:15:00,5789.4
2019-12-16 01:30:00,5781.7
2019-12-16 01:45:00,5765.9
2019-12-16 02:00:00,5764.5
2019-12-16 02:15:00,5748.0
2019-12-16 02:30:00,5743.6
2019-12-16 02:45:00,5727.1
2019-12-16 03:00:00,5733.3
2019-12-16 03:15:00,5747.6
2019-12-16 03:30:00,5765.4
2019-12-16 03:45:00,5781.1
2019-12-16 04:00:00,5815.2
2019-12-16 04:15:00,5840.5
2019-12-16 04:30:00,5876.4
2019-12-16 04:45:00,5903.3
2019-12-16 05:00:00,5998.9
2019-12-16 05:15:00,6056.6
2019-12-16 05:30:00,6130.0
2019-12-16 05:45:00,6217.2
2019-12-16 06:00:00,6427.1
2019-12-16 06:15:00,6561.0
2019-12-16 06:30:00,6662.1
2019-12-16 06:45:00,6762.6
2019-12-16 07:00:00,6870.0
2019-12-16 07:15:00,6946.3
2019-12-16 07:30:00,7004.6
2019-12-16 07:45:00,7056.4
2019-12-16 08:00:00,7115.0
2019-12-16 08:15:00,7119.8
2019-12-16 08:30:00,7121.1
2019-12-16 08:45:00,7123.8
2019-12-16 09:00:00,7126.0
2019-12-16 09:15:00,7136.1
2019-12-16 09:30:00,7145.2
2019-12-16 09:45:00,7150.4
2019-12-16 10:00:00,7159.5
2019-12-16 10:15:00,7151.5
2019-12-16 10:30:00,7151.8
2019-12-16 10:45:00,7160.8
2019-12-16 11:00:00,7161.2
2019-12-16 11:15:00,7161.9
2019-12-16 11:30:00,7161.2
2019-12-16 11:45:00,7154.2
2019-12-16 12:00:00,7152.0
2019-12-16 12:15:00,7145.8
2019-12-16 12:30:00,7139.6
2019-12-16 12:45:00,7138.8
2019-12-16 13:00:00,7148.2
2019-12-16 13:15:00,7134.8
2019-12-16 13:30:00,7121.6
2019-12-16 13:45:00,7081.1
2019-12-16 14:00:00,7058.6
2019-12-16 14:15:00,7044.5
2019-12-16 14:30:00,7030.8
2019-12-16 14:45:00,7008.1
2019-12-16 15:00:00,7011.9
2019-12-16 15:15:00,6996.9
2019-12-16 15:30:00,6984.8
2019-12-16 15:45:00,6990.3
2019-12-16 16:00:00,7021.4
2019-12-16 16:15:00,7063.9
2019-12-16 16:30:00,7101.3
2019-12-16 16:45:00,7133.7
2019-12-16 17:00:00,7150.0
2019-12-16 17:15:00,7157.5
2019-12-16 17:30:00,7156.2
2019-12-16 17:45:00,7158.1
2019-12-16 18:00:00,7142.3
2019-12-16 18:15:00,7128.0
2019-12-16 18:30:00,7120.3
2019-12-16 18:45:00,7115.2
2019-12-16 19:00:00,7072.7
2019-12-16 19:15:00,7031.7
2019-12-16 19:30:00,6999.1
2019-12-16 19:45:00,6963.4
2019-12-16 20:00:00,6905.5
2019-12-16 20:15:00,6836.3
2019-12-16 20:30:00,6777.1
2019-12-16 20:45:00,6736.8
2019-12-16 21:00:00,6689.4
2019-12-16 21:15:00,6633.3
2019-12-16 21:30:00,6580.2
2019-12-16 21:45:00,6527.5
2019-12-16 22:00:00,6533.7
2019-12-16 22:15:00,6471.6
2019-12-16 22:30:00,6402.2
2019-12-16 22:45:00,6347.4
2019-12-16 23:00:00,6309.3
2019-12-16 23:15:00,6245.6
2019-12-16 23:30:00,6203.1
2019-12-16 23:45:00,6163.2
2019-12-17 00:00:00,6072.2
2019-12-17 00:15:00,6013.9
2019-12-17 00:30:00,5979.3
2019-12-17 00:45:00,5937.0
2019-12-17 01:00:00,5912.8
2019-12-17 01:15:00,5888.5
2019-12-17 01:30:00,5878.4
2019-12-17 01:45:00,5870.5
2019-12-17 02:00:00,5838.1
2019-12-17 02:15:00,5842.1
2019-12-17 02:30:00,5844.1
2019-12-17 02:45:00,5865.4
2019-12-17 03:00:00,5885.5
2019-12-17 03:15:00,5903.5
2019-12-17 03:30:00,5914.8
2019-12-17 03:45:00,5921.6
2019-12-17 04:00:00,5928.2
2019-12-17 04:15:00,5946.3
2019-12-17 04:30:00,5984.4
2019-12-17 04:45:00,6030.2
2019-12-17 05:00:00,6104.4
2019-12-17 05:15:00,6143.4
2019-12-17 05:30:00,6201.5
2019-12-17 05:45:00,6281.5
2019-12-17 06:00:00,6465.2
2019-12-17 06:15:00,6595.4
2019-12-17 06:30:00,6708.6
2019-12-17 06:45:00,6816.1
2019-12-17 07:00:00,6916.5
2019-12-17 07:15:00,6981.5
2019-12-17 07:30:00,7045.2
2019-12-17 07:45:00,7086.8
2019-12-17 08:00:00,7123.3
2019-12-17 08:15:00,7128.9
2019-12-17 08:30:00,7130.8
2019-12-17 08:45:00,7118.7
2019-12-17 09:00:00,7083.7
2019-12-17 09:15:00,7105.9
2019-12-17 09:30:00,7108.8
2019-12-17 09:45:00,7113.0
2019-12-17 10:00:00,7118.3
2019-12-17 10:15:00,7112.3
2019-12-17 10:30:00,7113.9
2019-12-17 10:45:00,7120.0
2019-12-17 11:00:00,7140.5
2019-12-17 11:15:00,7149.3
2019-12-17 11:30:00,7164.1
2019-12-17 11:45:00,7167.6
2019-12-17 12:00:00,7125.8
2019-12-17 12:15:00,7106.2
2019-12-17 12:30:00,7109.0
2019-12-17 12:45:00,7108.4
2019-12-17 13:00:00,7100.0
2019-12-17 13:15:00,7081.1
2019-12-17 13:30:00,7060.1
2019-12-17 13:45:00,7031.9
2019-12-17 14:00:00,7030.0
2019-12-17 14:15:00,7017.8
2019-12-17 14:30:00,7013.7
2019-12-17 14:45:00,7018.1
2019-12-17 15:00:00,7033.0
2019-12-17 15:15:00,7010.8
2019-12-17 15:30:00,7017.4
2019-12-17 15:45:00,7019.8
2019-12-17 16:00:00,7052.9
2019-12-17 16:15:00,7081.9
2019-12-17 16:30:00,7144.9
2019-12-17 16:45:00,7202.2
2019-12-17 17:00:00,7243.4
2019-12-17 17:15:00,7259.0
2019-12-17 17:30:00,7281.3
2019-12-17 17:45:00,7273.1
2019-12-17 18:00:00,7242.7
2019-12-17 18:15:00,7236.6
2019-12-17 18:30:00,7222.9
2019-12-17 18:45:00,7231.3
2019-12-17 19:00:00,7218.5
2019-12-17 19:15:00,7180.4
2019-12-17 19:30:00,7142.1
2019-12-17 19:45:00,7100.0
2019-12-17 20:00:00,7002.6
2019-12-17 20:15:00,6927.8
2019-12-17 20:30:00,6865.4
2019-12-17 20:45:00,6773.3
2019-12-17 21:00:00,6710.6
2019-12-17 21:15:00,6666.1
2019-12-17 21:30:00,6623.6
2019-12-17 21:45:00,6562.8
2019-12-17 22:00:00,6548.0
2019-12-17 22:15:00,6506.4
2019-12-17 22:30:00,6447.4
2019-12-17 22:45:00,6392.7
2019-12-17 23:00:00,6324.0
2019-12-17 23:15:00,6292.1
2019-12-17 23:30:00,6245.6
2019-12-17 23:45:00,6210.4
2019-12-18 00:00:00,6124.9
2019-12-18 00:15:00,6085.5
2019-12-18 00:30:00,6063.7
2019-12-18 00:45:00,6035.7
2019-12-18 01:00:00,5983.5
2019-12-18 01:15:00,5939.9
2019-12-18 01:30:00,5913.2
2019-12-18 01:45:00,5917.2
2019-12-18 02:00:00,5892.1
2019-12-18 02:15:00,5883.0
2019-12-18 02:30:00,5869.6
2019-12-18 02:45:00,5867.0
2019-12-18 03:00:00,5883.0
2019-12-18 03:15:00,5885.9
2019-12-18 03:30:00,5884.4
2019-12-18 03:45:00,5892.1
2019-12-18 04:00:00,5908.1
2019-12-18 04:15:00,5941.4
2019-12-18 04:30:00,5975.8
2019-12-18 04:45:00,6016.7
2019-12-18 05:00:00,6118.5
2019-12-18 05:15:00,6143.0
2019-12-18 05:30:00,6199.8
2019-12-18 05:45:00,6280.0
2019-12-18 06:00:00,6496.0
2019-12-18 06:15:00,6619.8
2019-12-18 06:30:00,6710.6
2019-12-18 06:45:00,6793.4
2019-12-18 07:00:00,6886.1
2019-12-18 07:15:00,6947.8
2019-12-18 07:30:00,6998.9
2019-12-18 07:45:00,7028.4
2019-12-18 08:00:00,7061.5
2019-12-18 08:15:00,7072.0
2019-12-18 08:30:00,7064.1
2019-12-18 08:45:00,7063.2
2019-12-18 09:00:00,7043.2
2019-12-18 09:15:00,7044.3
2019-12-18 09:30:00,7069.2
2019-12-18 09:45:00,7085.5
2019-12-18 10:00:00,7068.3
2019-12-18 10:15:00,7059.5
2019-12-18 10:30:00,7066.5
2019-12-18 10:45:00,7077.8
2019-12-18 11:00:00,7080.8
2019-12-18 11:15:00,7081.1
2019-12-18 11:30:00,7086.1
2019-12-18 11:45:00,7078.0
2019-12-18 12:00:00,7054.0
2019-12-18 12:15:00,7033.5
2019-12-18 12:30:00,7024.4
2019-12-18 12:45:00,7015.2
2019-12-18 13:00:00,6998.5
2019-12-18 13:15:00,6982.2
2019-12-18 13:30:00,6971.8
2019-12-18 13:45:00,6935.5
2019-12-18 14:00:00,6939.4
2019-12-18 14:15:00,6932.8
2019-12-18 14:30:00,6917.2
2019-12-18 14:45:00,6908.6
2019-12-18 15:00:00,6892.1
2019-12-18 15:15:00,6873.6
2019-12-18 15:30:00,6869.2
2019-12-18 15:45:00,6866.5
2019-12-18 16:00:00,6884.6
2019-12-18 16:15:00,6912.3
2019-12-18 16:30:00,6955.9
2019-12-18 16:45:00,7015.0
2019-12-18 17:00:00,7091.6
2019-12-18 17:15:00,7121.6
2019-12-18 17:30:00,7142.3
2019-12-18 17:45:00,7141.4
2019-12-18 18:00:00,7125.6
2019-12-18 18:15:00,7110.1
2019-12-18 18:30:00,7094.3
2019-12-18 18:45:00,7072.2
2019-12-18 19:00:00,7033.5
2019-12-18 19:15:00,6994.5
2019-12-18 19:30:00,6962.1
2019-12-18 19:45:00,6939.6
2019-12-18 20:00:00,6861.2
2019-12-18 20:15:00,6818.5
2019-12-18 20:30:00,6770.9
2019-12-18 20:45:00,6722.5
2019-12-18 21:00:00,6669.4
2019-12-18 21:15:00,6620.5
2019-12-18 21:30:00,6573.6
2019-12-18 21:45:00,6516.7
2019-12-18 22:00:00,6500.2
2019-12-18 22:15:00,6455.9
2019-12-18 22:30:00,6409.0
2019-12-18 22:45:00,6351.5
2019-12-18 23:00:00,6269.8
2019-12-18 23:15:00,6220.9
2019-12-18 23:30:00,6172.0
2019-12-18 23:45:00,6136.1
2019-12-19 00:00:00,6062.3
2019-12-19 00:15:00,6020.3
2019-12-19 00:30:00,6010.4
2019-12-19 00:45:00,5993.6
2019-12-19 01:00:00,5967.0
2019-12-19 01:15:00,5945.6
2019-12-19 01:30:00,5937.9
2019-12-19 01:45:00,5930.4
2019-12-19 02:00:00,5913.4
2019-12-19 02:15:00,5916.5
2019-12-19 02:30:00,5932.2
2019-12-19 02:45:00,5930.8
2019-12-19 03:00:00,5937.0
2019-12-19 03:15:00,5942.1
2019-12-19 03:30:00,5960.1
2019-12-19 03:45:00,5968.1
2019-12-19 04:00:00,5987.9
2019-12-19 04:15:00,6012.1
2019-12-19 04:30:00,6040.3
2019-12-19 04:45:00,6063.7
2019-12-19 05:00:00,6127.5
2019-12-19 05:15:00,6167.2
2019-12-19 05:30:00,6203.7
2019-12-19 05:45:00,6296.0
2019-12-19 06:00:00,6470.0
2019-12-19 06:15:00,6561.0
2019-12-19 06:30:00,6653.7
2019-12-19 06:45:00,6759.5
2019-12-19 07:00:00,6865.6
2019-12-19 07:15:00,6916.3
2019-12-19 07:30:00,6977.5
2019-12-19 07:45:00,7016.7
2019-12-19 08:00:00,7047.6
2019-12-19 08:15:00,7059.5
2019-12-19 08:30:00,7058.8
2019-12-19 08:45:00,7051.3
2019-12-19 09:00:00,7057.3
2019-12-19 09:15:00,7068.1
2019-12-19 09:30:00,7075.8
2019-12-19 09:45:00,7078.2
2019-12-19 10:00:00,7052.4
2019-12-19 10:15:00,7039.9
2019-12-19 10:30:00,7032.6
2019-12-19 10:45:00,7026.2
2019-12-19 11:00:00,6992.3
2019-12-19 11:15:00,6980.8
2019-12-19 11:30:00,6985.5
2019-12-19 11:45:00,6977.1
2019-12-19 12:00:00,6958.1
2019-12-19 12:15:00,6945.8
2019-12-19 12:30:00,6928.9
2019-12-19 12:45:00,6914.5
2019-12-19 13:00:00,6940.3
2019-12-19 13:15:00,6920.3
2019-12-19 13:30:00,6899.6
2019-12-19 13:45:00,6872.9
2019-12-19 14:00:00,6874.2
2019-12-19 14:15:00,6859.3
2019-12-19 14:30:00,6850.7
2019-12-19 14:45:00,6839.6
2019-12-19 15:00:00,6851.5
2019-12-19 15:15:00,6842.5
2019-12-19 15:30:00,6854.4
2019-12-19 15:45:00,6854.6
2019-12-19 16:00:00,6878.6
2019-12-19 16:15:00,6904.2
2019-12-19 16:30:00,6969.6
2019-12-19 16:45:00,7022.0
2019-12-19 17:00:00,7030.6
2019-12-19 17:15:00,7046.0
2019-12-19 17:30:00,7057.3
2019-12-19 17:45:00,7060.4
2019-12-19 18:00:00,7027.1
2019-12-19 18:15:00,7010.8
2019-12-19 18:30:00,6999.6
2019-12-19 18:45:00,6977.3
2019-12-19 19:00:00,6959.3
2019-12-19 19:15:00,6933.3
2019-12-19 19:30:00,6905.1
2019-12-19 19:45:00,6874.0
2019-12-19 20:00:00,6804.2
2019-12-19 20:15:00,6739.0
2019-12-19 20:30:00,6692.7
2019-12-19 20:45:00,6629.5
2019-12-19 21:00:00,6557.0
2019-12-19 21:15:00,6507.0
2019-12-19 21:30:00,6482.6
2019-12-19 21:45:00,6429.3
2019-12-19 22:00:00,6391.0
2019-12-19 22:15:00,6354.8
2019-12-19 22:30:00,6304.8
2019-12-19 22:45:00,6237.2
2019-12-19 23:00:00,6179.3
2019-12-19 23:15:00,6119.8
2019-12-19 23:30:00,6066.5
2019-12-19 23:45:00,6022.0
2019-12-20 00:00:00,5963.2
2019-12-20 00:15:00,5940.5
2019-12-20 00:30:00,5906.2
2019-12-20 00:45:00,5882.4
2019-12-20 01:00:00,5861.9
2019-12-20 01:15:00,5846.0
2019-12-20 01:30:00,5822.7
2019-12-20 01:45:00,5792.5
2019-12-20 02:00:00,5771.4
2019-12-20 02:15:00,5751.3
2019-12-20 02:30:00,5748.7
2019-12-20 02:45:00,5753.5
2019-12-20 03:00:00,5802.9
2019-12-20 03:15:00,5808.4
2019-12-20 03:30:00,5833.7
2019-12-20 03:45:00,5836.3
2019-12-20 04:00:00,5869.2
2019-12-20 04:15:00,5892.5
2019-12-20 04:30:00,5923.6
2019-12-20 04:45:00,5949.3
2019-12-20 05:00:00,5999.6
2019-12-20 05:15:00,6034.8
2019-12-20 05:30:00,6077.5
2019-12-20 05:45:00,6167.6
2019-12-20 06:00:00,6290.5
2019-12-20 06:15:00,6383.7
2019-12-20 06:30:00,6453.3
2019-12-20 06:45:00,6548.9
2019-12-20 07:00:00,6643.4
2019-12-20 07:15:00,6713.0
2019-12-20 07:30:00,6768.7
2019-12-20 07:45:00,6811.5
2019-12-20 08:00:00,6848.5
2019-12-20 08:15:00,6851.8
2019-12-20 08:30:00,6846.5
2019-12-20 08:45:00,6850.2
2019-12-20 09:00:00,6849.8
2019-12-20 09:15:00,6844.9
2019-12-20 09:30:00,6855.5
2019-12-20 09:45:00,6865.6
2019-12-20 10:00:00,6861.7
2019-12-20 10:15:00,6847.4
2019-12-20 10:30:00,6839.9
2019-12-20 10:45:00,6845.6
2019-12-20 11:00:00,6823.1
2019-12-20 11:15:00,6820.5
2019-12-20 11:30:00,6823.6
2019-12-20 11:45:00,6824.2
2019-12-20 12:00:00,6831.5
2019-12-20 12:15:00,6820.3
2019-12-20 12:30:00,6803.5
2019-12-20 12:45:00,6793.0
2019-12-20 13:00:00,6769.2
2019-12-20 13:15:00,6725.8
2019-12-20 13:30:00,6693.8
2019-12-20 13:45:00,6666.3
2019-12-20 14:00:00,6675.1
2019-12-20 14:15:00,6656.4
2019-12-20 14:30:00,6652.2
2019-12-20 14:45:00,6651.3
2019-12-20 15:00:00,6674.9
2019-12-20 15:15:00,6655.3
2019-12-20 15:30:00,6674.2
2019-12-20 15:45:00,6678.2
2019-12-20 16:00:00,6718.1
2019-12-20 16:15:00,6741.6
2019-12-20 16:30:00,6782.2
2019-12-20 16:45:00,6804.4
2019-12-20 17:00:00,6833.0
2019-12-20 17:15:00,6824.9
2019-12-20 17:30:00,6816.7
2019-12-20 17:45:00,6814.3
2019-12-20 18:00:00,6796.5
2019-12-20 18:15:00,6773.3
2019-12-20 18:30:00,6757.0
2019-12-20 18:45:00,6730.2
2019-12-20 19:00:00,6698.5
2019-12-20 19:15:00,6659.3
2019-12-20 19:30:00,6626.2
2019-12-20 19:45:00,6597.6
2019-12-20 20:00:00,6530.2
2019-12-20 20:15:00,6470.0
2019-12-20 20:30:00,6409.0
2019-12-20 20:45:00,6361.9
2019-12-20 21:00:00,6325.6
2019-12-20 21:15:00,6293.8
2019-12-20 21:30:00,6260.8
2019-12-20 21:45:00,6225.3
2019-12-20 22:00:00,6217.0
2019-12-20 22:15:00,6175.6
2019-12-20 22:30:00,6123.1
2019-12-20 22:45:00,6073.3
2019-12-20 23:00:00,6002.4
2019-12-20 23:15:00,5952.2
2019-12-20 23:30:00,5909.5
2019-12-20 23:45:00,5860.6
2019-12-21 00:00:00,5795.4
2019-12-21 00:15:00,5772.9
2019-12-21 00:30:00,5754.0
2019-12-21 00:45:00,5737.4
2019-12-21 01:00:00,5708.1
2019-12-21 01:15:00,5676.4
2019-12-21 01:30:00,5672.5
2019-12-21 01:45:00,5648.2
2019-12-21 02:00:00,5628.4
2019-12-21 02:15:00,5610.8
2019-12-21 02:30:00,5608.8
2019-12-21 02:45:00,5596.7
2019-12-21 03:00:00,5564.1
2019-12-21 03:15:00,5566.3
2019-12-21 03:30:00,5575.1
2019-12-21 03:45:00,5580.8
2019-12-21 04:00:00,5605.5
2019-12-21 04:15:00,5618.5
2019-12-21 04:30:00,5617.6
2019-12-21 04:45:00,5631.1
2019-12-21 05:00:00,5668.1
2019-12-21 05:15:00,5667.4
2019-12-21 05:30:00,5681.3
2019-12-21 05:45:00,5670.3
2019-12-21 06:00:00,5712.6
2019-12-21 06:15:00,5737.0
2019-12-21 06:30:00,5763.9
2019-12-21 06:45:00,5782.6
2019-12-21 07:00:00,5834.1
2019-12-21 07:15:00,5876.4
2019-12-21 07:30:00,5934.4
2019-12-21 07:45:00,5977.1
2019-12-21 08:00:00,6065.0
2019-12-21 08:15:00,6109.7
2019-12-21 08:30:00,6157.5
2019-12-21 08:45:00,6189.9
2019-12-21 09:00:00,6256.4
2019-12-21 09:15:00,6280.0
2019-12-21 09:30:00,6317.0
2019-12-21 09:45:00,6335.5
2019-12-21 10:00:00,6352.4
2019-12-21 10:15:00,6365.9
2019-12-21 10:30:00,6370.9
2019-12-21 10:45:00,6376.9
2019-12-21 11:00:00,6348.5
2019-12-21 11:15:00,6372.5
2019-12-21 11:30:00,6396.3
2019-12-21 11:45:00,6398.9
2019-12-21 12:00:00,6407.7
2019-12-21 12:15:00,6391.0
2019-12-21 12:30:00,6390.1
2019-12-21 12:45:00,6383.5
2019-12-21 13:00:00,6365.2
2019-12-21 13:15:00,6331.3
2019-12-21 13:30:00,6304.0
2019-12-21 13:45:00,6288.5
2019-12-21 14:00:00,6268.3
2019-12-21 14:15:00,6261.9
2019-12-21 14:30:00,6244.1
2019-12-21 14:45:00,6239.2
2019-12-21 15:00:00,6265.9
2019-12-21 15:15:00,6268.5
2019-12-21 15:30:00,6290.3
2019-12-21 15:45:00,6290.3
2019-12-21 16:00:00,6314.8
2019-12-21 16:15:00,6366.7
2019-12-21 16:30:00,6420.0
2019-12-21 16:45:00,6476.9
2019-12-21 17:00:00,6489.9
2019-12-21 17:15:00,6505.1
2019-12-21 17:30:00,6531.1
2019-12-21 17:45:00,6552.6
2019-12-21 18:00:00,6553.3
2019-12-21 18:15:00,6536.3
2019-12-21 18:30:00,6526.0
2019-12-21 18:45:00,6505.3
2019-12-21 19:00:00,6466.3
2019-12-21 19:15:00,6426.9
2019-12-21 19:30:00,6400.9
2019-12-21 19:45:00,6376.2
2019-12-21 20:00:00,6351.3
2019-12-21 20:15:00,6291.6
2019-12-21 20:30:00,6237.2
2019-12-21 20:45:00,6196.5
2019-12-21 21:00:00,6167.6
2019-12-21 21:15:00,6138.8
2019-12-21 21:30:00,6095.8
2019-12-21 21:45:00,6064.1
2019-12-21 22:00:00,6082.2
2019-12-21 22:15:00,6047.1
2019-12-21 22:30:00,5999.1
2019-12-21 22:45:00,5952.4
2019-12-21 23:00:00,5903.7
2019-12-21 23:15:00,5858.8
2019-12-21 23:30:00,5818.7
2019-12-21 23:45:00,5789.9
2019-12-22 00:00:00,5764.3
2019-12-22 00:15:00,5734.1
2019-12-22 00:30:00,5719.4
2019-12-22 00:45:00,5703.7
2019-12-22 01:00:00,5672.5
2019-12-22 01:15:00,5642.3
2019-12-22 01:30:00,5621.6
2019-12-22 01:45:00,5612.6
2019-12-22 02:00:00,5608.1
2019-12-22 02:15:00,5613.7
2019-12-22 02:30:00,5604.0
2019-12-22 02:45:00,5590.5
2019-12-22 03:00:00,5579.1
2019-12-22 03:15:00,5571.6
2019-12-22 03:30:00,5559.5
2019-12-22 03:45:00,5561.9
2019-12-22 04:00:00,5572.7
2019-12-22 04:15:00,5560.4
2019-12-22 04:30:00,5565.4
2019-12-22 04:45:00,5570.5
2019-12-22 05:00:00,5572.5
2019-12-22 05:15:00,5568.7
2019-12-22 05:30:00,5560.8
2019-12-22 05:45:00,5554.0
2019-12-22 06:00:00,5517.6
2019-12-22 06:15:00,5524.2
2019-12-22 06:30:00,5527.1
2019-12-22 06:45:00,5542.1
2019-12-22 07:00:00,5572.2
2019-12-22 07:15:00,5596.3
2019-12-22 07:30:00,5631.7
2019-12-22 07:45:00,5672.0
2019-12-22 08:00:00,5757.7
2019-12-22 08:15:00,5790.5
2019-12-22 08:30:00,5826.9
2019-12-22 08:45:00,5870.5
2019-12-22 09:00:00,5901.8
2019-12-22 09:15:00,5931.7
2019-12-22 09:30:00,5975.8
2019-12-22 09:45:00,6005.9
2019-12-22 10:00:00,6014.1
2019-12-22 10:15:00,6037.9
2019-12-22 10:30:00,6063.0
2019-12-22 10:45:00,6097.4
2019-12-22 11:00:00,6142.5
2019-12-22 11:15:00,6178.0
2019-12-22 11:30:00,6204.2
2019-12-22 11:45:00,6217.6
2019-12-22 12:00:00,6249.3
2019-12-22 12:15:00,6240.7
2019-12-22 12:30:00,6220.9
2019-12-22 12:45:00,6198.7
2019-12-22 13:00:00,6196.5
2019-12-22 13:15:00,6169.2
2019-12-22 13:30:00,6149.1
2019-12-22 13:45:00,6128.2
2019-12-22 14:00:00,6103.3
2019-12-22 14:15:00,6080.8
2019-12-22 14:30:00,6066.3
2019-12-22 14:45:00,6054.8
2019-12-22 15:00:00,6061.0
2019-12-22 15:15:00,6042.1
2019-12-22 15:30:00,6045.8
2019-12-22 15:45:00,6076.0
2019-12-22 16:00:00,6123.3
2019-12-22 16:15:00,6151.8
2019-12-22 16:30:00,6193.4
2019-12-22 16:45:00,6236.3
2019-12-22 17:00:00,6240.5
2019-12-22 17:15:00,6243.4
2019-12-22 17:30:00,6274.0
2019-12-22 17:45:00,6285.7
2019-12-22 18:00:00,6303.5
2019-12-22 18:15:00,6299.8
2019-12-22 18:30:00,6292.3
2019-12-22 18:45:00,6284.8
2019-12-22 19:00:00,6280.6
2019-12-22 19:15:00,6251.8
2019-12-22 19:30:00,6238.8
2019-12-22 19:45:00,6204.8
2019-12-22 20:00:00,6196.7
2019-12-22 20:15:00,6161.2
2019-12-22 20:30:00,6117.0
2019-12-22 20:45:00,6091.6
2019-12-22 21:00:00,6074.0
2019-12-22 21:15:00,6052.9
2019-12-22 21:30:00,6033.9
2019-12-22 21:45:00,6030.4
2019-12-22 22:00:00,6068.7
2019-12-22 22:15:00,6035.2
2019-12-22 22:30:00,5983.0
2019-12-22 22:45:00,5954.6
2019-12-22 23:00:00,5898.0
2019-12-22 23:15:00,5854.8
2019-12-22 23:30:00,5810.8
2019-12-22 23:45:00,5786.6
2019-12-23 00:00:00,5742.7
2019-12-23 00:15:00,5704.4
2019-12-23 00:30:00,5683.3
2019-12-23 00:45:00,5643.4
2019-12-23 01:00:00,5589.4
2019-12-23 01:15:00,5559.0
2019-12-23 01:30:00,5539.4
2019-12-23 01:45:00,5533.9
2019-12-23 02:00:00,5503.1
2019-12-23 02:15:00,5497.1
2019-12-23 02:30:00,5492.1
2019-12-23 02:45:00,5490.7
2019-12-23 03:00:00,5493.8
2019-12-23 03:15:00,5501.3
2019-12-23 03:30:00,5514.5
2019-12-23 03:45:00,5524.9
2019-12-23 04:00:00,5550.2
2019-12-23 04:15:00,5577.8
2019-12-23 04:30:00,5608.4
2019-12-23 04:45:00,5632.4
2019-12-23 05:00:00,5701.1
2019-12-23 05:15:00,5710.6
2019-12-23 05:30:00,5746.3
2019-12-23 05:45:00,5763.9
2019-12-23 06:00:00,5822.2
2019-12-23 06:15:00,5863.2
2019-12-23 06:30:00,5902.0
2019-12-23 06:45:00,5962.3
2019-12-23 07:00:00,6037.7
2019-12-23 07:15:00,6092.5
2019-12-23 07:30:00,6149.1
2019-12-23 07:45:00,6205.7
2019-12-23 08:00:00,6250.2
2019-12-23 08:15:00,6270.0
2019-12-23 08:30:00,6299.1
2019-12-23 08:45:00,6310.8
2019-12-23 09:00:00,6307.9
2019-12-23 09:15:00,6332.8
2019-12-23 09:30:00,6355.1
2019-12-23 09:45:00,6376.2
2019-12-23 10:00:00,6382.2
2019-12-23 10:15:00,6384.1
2019-12-23 10:30:00,6391.0
2019-12-23 10:45:00,6409.7
2019-12-23 11:00:00,6461.7
2019-12-23 11:15:00,6490.3
2019-12-23 11:30:00,6517.2
2019-12-23 11:45:00,6517.8
2019-12-23 12:00:00,6513.0
2019-12-23 12:15:00,6510.8
2019-12-23 12:30:00,6507.0
2019-12-23 12:45:00,6490.1
2019-12-23 13:00:00,6499.3
2019-12-23 13:15:00,6485.2
2019-12-23 13:30:00,6467.6
2019-12-23 13:45:00,6453.1
2019-12-23 14:00:00,6451.3
2019-12-23 14:15:00,6437.0
2019-12-23 14:30:00,6415.4
2019-12-23 14:45:00,6410.4
2019-12-23 15:00:00,6418.9
2019-12-23 15:15:00,6398.7
2019-12-23 15:30:00,6392.5
2019-12-23 15:45:00,6397.6
2019-12-23 16:00:00,6406.8
2019-12-23 16:15:00,6427.1
2019-12-23 16:30:00,6487.4
2019-12-23 16:45:00,6541.6
2019-12-23 17:00:00,6557.0
2019-12-23 17:15:00,6558.8
2019-12-23 17:30:00,6569.2
2019-12-23 17:45:00,6568.5
2019-12-23 18:00:00,6559.5
2019-12-23 18:15:00,6542.5
2019-12-23 18:30:00,6527.8
2019-12-23 18:45:00,6501.3
2019-12-23 19:00:00,6478.0
2019-12-23 19:15:00,6440.7
2019-12-23 19:30:00,6414.1
2019-12-23 19:45:00,6386.1
2019-12-23 20:00:00,6346.9
2019-12-23 20:15:00,6291.6
2019-12-23 20:30:00,6250.0
2019-12-23 20:45:00,6207.5
2019-12-23 21:00:00,6191.0
2019-12-23 21:15:00,6156.4
2019-12-23 21:30:00,6124.9
2019-12-23 21:45:00,6108.1
2019-12-23 22:00:00,6110.6
2019-12-23 22:15:00,6081.3
2019-12-23 22:30:00,6038.3
2019-12-23 22:45:00,5977.3
2019-12-23 23:00:00,5891.2
2019-12-23 23:15:00,5831.7
2019-12-23 23:30:00,5795.6
2019-12-23 23:45:00,5756.6
2019-12-24 00:00:00,5658.8
2019-12-24 00:15:00,5615.4
2019-12-24 00:30:00,5599.1
2019-12-24 00:45:00,5558.6
2019-12-24 01:00:00,5503.7
2019-12-24 01:15:00,5475.1
2019-12-24 01:30:00,5443.4
2019-12-24 01:45:00,5442.5
2019-12-24 02:00:00,5468.7
2019-12-24 02:15:00,5462.1
2019-12-24 02:30:00,5453.7
2019-12-24 02:45:00,5453.1
2019-12-24 03:00:00,5460.6
2019-12-24 03:15:00,5453.5
2019-12-24 03:30:00,5452.9
2019-12-24 03:45:00,5456.8
2019-12-24 04:00:00,5499.1
2019-12-24 04:15:00,5514.8
2019-12-24 04:30:00,5519.6
2019-12-24 04:45:00,5520.3
2019-12-24 05:00:00,5564.1
2019-12-24 05:15:00,5555.9
2019-12-24 05:30:00,5562.8
2019-12-24 05:45:00,5567.4
2019-12-24 06:00:00,5585.7
2019-12-24 06:15:00,5582.4
2019-12-24 06:30:00,5595.6
2019-12-24 06:45:00,5613.2
2019-12-24 07:00:00,5682.8
2019-12-24 07:15:00,5721.1
2019-12-24 07:30:00,5751.1
2019-12-24 07:45:00,5815.4
2019-12-24 08:00:00,5877.5
2019-12-24 08:15:00,5905.3
2019-12-24 08:30:00,5945.6
2019-12-24 08:45:00,5987.9
2019-12-24 09:00:00,6043.8
2019-12-24 09:15:00,6081.1
2019-12-24 09:30:00,6117.8
2019-12-24 09:45:00,6155.7
2019-12-24 10:00:00,6222.0
2019-12-24 10:15:00,6248.9
2019-12-24 10:30:00,6258.4
2019-12-24 10:45:00,6276.9
2019-12-24 11:00:00,6304.8
2019-12-24 11:15:00,6316.1
2019-12-24 11:30:00,6315.9
2019-12-24 11:45:00,6305.3
2019-12-24 12:00:00,6299.8
2019-12-24 12:15:00,6285.5
2019-12-24 12:30:00,6280.4
2019-12-24 12:45:00,6262.6
2019-12-24 13:00:00,6243.2
2019-12-24 13:15:00,6213.4
2019-12-24 13:30:00,6205.1
2019-12-24 13:45:00,6193.2
2019-12-24 14:00:00,6147.4
2019-12-24 14:15:00,6100.7
2019-12-24 14:30:00,6085.2
2019-12-24 14:45:00,6054.6
2019-12-24 15:00:00,6048.7
2019-12-24 15:15:00,6027.3
2019-12-24 15:30:00,6033.5
2019-12-24 15:45:00,6039.6
2019-12-24 16:00:00,6051.1
2019-12-24 16:15:00,6075.1
2019-12-24 16:30:00,6112.1
2019-12-24 16:45:00,6149.3
2019-12-24 17:00:00,6180.0
2019-12-24 17:15:00,6189.9
2019-12-24 17:30:00,6193.6
2019-12-24 17:45:00,6176.7
2019-12-24 18:00:00,6192.3
2019-12-24 18:15:00,6153.7
2019-12-24 18:30:00,6117.6
2019-12-24 18:45:00,6077.8
2019-12-24 19:00:00,6049.6
2019-12-24 19:15:00,6003.7
2019-12-24 19:30:00,5978.4
2019-12-24 19:45:00,5945.4
2019-12-24 20:00:00,5891.2
2019-12-24 20:15:00,5848.7
2019-12-24 20:30:00,5839.2
2019-12-24 20:45:00,5820.0
2019-12-24 21:00:00,5813.7
2019-12-24 21:15:00,5807.3
2019-12-24 21:30:00,5799.6
2019-12-24 21:45:00,5781.3
2019-12-24 22:00:00,5793.6
2019-12-24 22:15:00,5791.0
2019-12-24 22:30:00,5765.9
2019-12-24 22:45:00,5738.8
2019-12-24 23:00:00,5712.1
2019-12-24 23:15:00,5677.1
2019-12-24 23:30:00,5637.0
2019-12-24 23:45:00,5608.1
2019-12-25 00:00:00,5579.7
2019-12-25 00:15:00,5554.0
2019-12-25 00:30:00,5531.3
2019-12-25 00:45:00,5503.3
2019-12-25 01:00:00,5466.5
2019-12-25 01:15:00,5432.6
2019-12-25 01:30:00,5400.0
2019-12-25 01:45:00,5383.3
2019-12-25 02:00:00,5356.6
2019-12-25 02:15:00,5340.5
2019-12-25 02:30:00,5330.6
2019-12-25 02:45:00,5324.7
2019-12-25 03:00:00,5327.5
2019-12-25 03:15:00,5325.6
2019-12-25 03:30:00,5323.8
2019-12-25 03:45:00,5311.2
2019-12-25 04:00:00,5319.4
2019-12-25 04:15:00,5324.2
2019-12-25 04:30:00,5339.9
2019-12-25 04:45:00,5345.4
2019-12-25 05:00:00,5364.5
2019-12-25 05:15:00,5351.8
2019-12-25 05:30:00,5355.5
2019-12-25 05:45:00,5344.1
2019-12-25 06:00:00,5345.4
2019-12-25 06:15:00,5340.7
2019-12-25 06:30:00,5332.4
2019-12-25 06:45:00,5356.4
2019-12-25 07:00:00,5386.8
2019-12-25 07:15:00,5400.7
2019-12-25 07:30:00,5426.0
2019-12-25 07:45:00,5472.9
2019-12-25 08:00:00,5540.3
2019-12-25 08:15:00,5585.0
2019-12-25 08:30:00,5625.1
2019-12-25 08:45:00,5679.3
2019-12-25 09:00:00,5774.9
2019-12-25 09:15:00,5839.4
2019-12-25 09:30:00,5872.0
2019-12-25 09:45:00,5908.6
2019-12-25 10:00:00,5952.4
2019-12-25 10:15:00,5994.7
2019-12-25 10:30:00,6016.7
2019-12-25 10:45:00,6043.0
2019-12-25 11:00:00,6071.4
2019-12-25 11:15:00,6114.1
2019-12-25 11:30:00,6127.8
2019-12-25 11:45:00,6132.8
2019-12-25 12:00:00,6135.5
2019-12-25 12:15:00,6111.2
2019-12-25 12:30:00,6086.8
2019-12-25 12:45:00,6055.7
2019-12-25 13:00:00,5976.4
2019-12-25 13:15:00,5946.7
2019-12-25 13:30:00,5931.3
2019-12-25 13:45:00,5915.6
2019-12-25 14:00:00,5887.7
2019-12-25 14:15:00,5864.3
2019-12-25 14:30:00,5856.4
2019-12-25 14:45:00,5832.4
2019-12-25 15:00:00,5835.7
2019-12-25 15:15:00,5827.1
2019-12-25 15:30:00,5807.9
2019-12-25 15:45:00,5792.7
2019-12-25 16:00:00,5788.1
2019-12-25 16:15:00,5806.2
2019-12-25 16:30:00,5841.0
2019-12-25 16:45:00,5888.8
2019-12-25 17:00:00,5942.1
2019-12-25 17:15:00,5943.8
2019-12-25 17:30:00,5967.8
2019-12-25 17:45:00,5973.8
2019-12-25 18:00:00,5994.5
2019-12-25 18:15:00,5992.3
2019-12-25 18:30:00,5990.7
2019-12-25 18:45:00,5976.9
2019-12-25 19:00:00,5966.5
2019-12-25 19:15:00,5943.0
2019-12-25 19:30:00,5931.9
2019-12-25 19:45:00,5909.9
2019-12-25 20:00:00,5887.0
2019-12-25 20:15:00,5857.3
2019-12-25 20:30:00,5818.9
2019-12-25 20:45:00,5801.8
2019-12-25 21:00:00,5777.1
2019-12-25 21:15:00,5769.8
2019-12-25 21:30:00,5757.5
2019-12-25 21:45:00,5744.9
2019-12-25 22:00:00,5778.0
2019-12-25 22:15:00,5764.8
2019-12-25 22:30:00,5741.6
2019-12-25 22:45:00,5701.8
2019-12-25 23:00:00,5691.4
2019-12-25 23:15:00,5666.1
2019-12-25 23:30:00,5625.6
2019-12-25 23:45:00,5598.2
2019-12-26 00:00:00,5511.7
2019-12-26 00:15:00,5469.2
2019-12-26 00:30:00,5448.9
2019-12-26 00:45:00,5419.8
2019-12-26 01:00:00,5397.4
2019-12-26 01:15:00,5378.9
2019-12-26 01:30:00,5365.2
2019-12-26 01:45:00,5349.3
2019-12-26 02:00:00,5360.8
2019-12-26 02:15:00,5351.1
2019-12-26 02:30:00,5344.5
2019-12-26 02:45:00,5337.2
2019-12-26 03:00:00,5336.8
2019-12-26 03:15:00,5331.5
2019-12-26 03:30:00,5337.0
2019-12-26 03:45:00,5339.2
2019-12-26 04:00:00,5359.7
2019-12-26 04:15:00,5369.6
2019-12-26 04:30:00,5371.1
2019-12-26 04:45:00,5364.1
2019-12-26 05:00:00,5385.9
2019-12-26 05:15:00,5377.5
2019-12-26 05:30:00,5376.9
2019-12-26 05:45:00,5360.4
2019-12-26 06:00:00,5361.9
2019-12-26 06:15:00,5359.5
2019-12-26 06:30:00,5351.1
2019-12-26 06:45:00,5372.7
2019-12-26 07:00:00,5406.4
2019-12-26 07:15:00,5429.7
2019-12-26 07:30:00,5455.7
2019-12-26 07:45:00,5496.9
2019-12-26 08:00:00,5547.1
2019-12-26 08:15:00,5574.2
2019-12-26 08:30:00,5604.8
2019-12-26 08:45:00,5649.3
2019-12-26 09:00:00,5720.0
2019-12-26 09:15:00,5763.0
2019-12-26 09:30:00,5795.8
2019-12-26 09:45:00,5820.5
2019-12-26 10:00:00,5873.8
2019-12-26 10:15:00,5885.0
2019-12-26 10:30:00,5909.7
2019-12-26 10:45:00,5941.0
2019-12-26 11:00:00,5975.1
2019-12-26 11:15:00,5997.4
2019-12-26 11:30:00,6017.0
2019-12-26 11:45:00,6033.9
2019-12-26 12:00:00,6042.3
2019-12-26 12:15:00,6029.7
2019-12-26 12:30:00,6001.5
2019-12-26 12:45:00,5976.2
2019-12-26 13:00:00,5965.4
2019-12-26 13:15:00,5942.7
2019-12-26 13:30:00,5922.0
2019-12-26 13:45:00,5898.9
2019-12-26 14:00:00,5883.3
2019-12-26 14:15:00,5855.9
2019-12-26 14:30:00,5846.3
2019-12-26 14:45:00,5837.4
2019-12-26 15:00:00,5841.6
2019-12-26 15:15:00,5834.6
2019-12-26 15:30:00,5830.4
2019-12-26 15:45:00,5837.7
2019-12-26 16:00:00,5866.5
2019-12-26 16:15:00,5891.6
2019-12-26 16:30:00,5939.6
2019-12-26 16:45:00,5979.5
2019-12-26 17:00:00,6004.8
2019-12-26 17:15:00,6020.0
2019-12-26 17:30:00,6024.2
2019-12-26 17:45:00,6033.0
2019-12-26 18:00:00,6022.5
2019-12-26 18:15:00,6015.0
2019-12-26 18:30:00,6004.2
2019-12-26 18:45:00,5986.8
2019-12-26 19:00:00,5988.8
2019-12-26 19:15:00,5959.9
2019-12-26 19:30:00,5932.4
2019-12-26 19:45:00,5912.1
2019-12-26 20:00:00,5899.6
2019-12-26 20:15:00,5873.8
2019-12-26 20:30:00,5850.0
2019-12-26 20:45:00,5828.2
2019-12-26 21:00:00,5862.3
2019-12-26 21:15:00,5851.1
2019-12-26 21:30:00,5843.4
2019-12-26 21:45:00,5829.1
2019-12-26 22:00:00,5856.4
2019-12-26 22:15:00,5831.1
2019-12-26 22:30:00,5798.2
2019-12-26 22:45:00,5760.1
2019-12-26 23:00:00,5722.5
2019-12-26 23:15:00,5682.6
2019-12-26 23:30:00,5636.1
2019-12-26 23:45:00,5599.1
2019-12-27 00:00:00,5551.1
2019-12-27 00:15:00,5518.7
2019-12-27 00:30:00,5501.8
2019-12-27 00:45:00,5472.7
2019-12-27 01:00:00,5456.6
2019-12-27 01:15:00,5433.0
2019-12-27 01:30:00,5416.3
2019-12-27 01:45:00,5400.7
2019-12-27 02:00:00,5395.8
2019-12-27 02:15:00,5388.5
2019-12-27 02:30:00,5379.1
2019-12-27 02:45:00,5375.6
2019-12-27 03:00:00,5381.3
2019-12-27 03:15:00,5380.6
2019-12-27 03:30:00,5384.8
2019-12-27 03:45:00,5396.3
2019-12-27 04:00:00,5417.6
2019-12-27 04:15:00,5431.1
2019-12-27 04:30:00,5452.4
2019-12-27 04:45:00,5461.5
2019-12-27 05:00:00,5483.3
2019-12-27 05:15:00,5502.4
2019-12-27 05:30:00,5507.7
2019-12-27 05:45:00,5532.8
2019-12-27 06:00:00,5599.1
2019-12-27 06:15:00,5630.8
2019-12-27 06:30:00,5669.8
2019-12-27 06:45:00,5717.2
2019-12-27 07:00:00,5789.4
2019-12-27 07:15:00,5833.7
2019-12-27 07:30:00,5891.0
2019-12-27 07:45:00,5948.5
2019-12-27 08:00:00,6000.4
2019-12-27 08:15:00,6026.9
2019-12-27 08:30:00,6058.6
2019-12-27 08:45:00,6090.7
2019-12-27 09:00:00,6132.4
2019-12-27 09:15:00,6167.0
2019-12-27 09:30:00,6195.8
2019-12-27 09:45:00,6213.4
2019-12-27 10:00:00,6233.9
2019-12-27 10:15:00,6243.6
2019-12-27 10:30:00,6255.5
2019-12-27 10:45:00,6260.6
2019-12-27 11:00:00,6256.6
2019-12-27 11:15:00,6268.7
2019-12-27 11:30:00,6288.1
2019-12-27 11:45:00,6299.1
2019-12-27 12:00:00,6309.5
2019-12-27 12:15:00,6302.6
2019-12-27 12:30:00,6299.8
2019-12-27 12:45:00,6294.9
2019-12-27 13:00:00,6296.9
2019-12-27 13:15:00,6275.8
2019-12-27 13:30:00,6263.9
2019-12-27 13:45:00,6235.7
2019-12-27 14:00:00,6241.2
2019-12-27 14:15:00,6222.7
2019-12-27 14:30:00,6214.5
2019-12-27 14:45:00,6210.6
2019-12-27 15:00:00,6225.8
2019-12-27 15:15:00,6212.8
2019-12-27 15:30:00,6221.4
2019-12-27 15:45:00,6235.5
2019-12-27 16:00:00,6259.3
2019-12-27 16:15:00,6294.7
2019-12-27 16:30:00,6356.2
2019-12-27 16:45:00,6412.8
2019-12-27 17:00:00,6455.1
2019-12-27 17:15:00,6468.7
2019-12-27 17:30:00,6473.3
2019-12-27 17:45:00,6482.2
2019-12-27 18:00:00,6465.9
2019-12-27 18:15:00,6452.9
2019-12-27 18:30:00,6433.0
2019-12-27 18:45:00,6413.9
2019-12-27 19:00:00,6389.2
2019-12-27 19:15:00,6338.3
2019-12-27 19:30:00,6319.4
2019-12-27 19:45:00,6297.4
2019-12-27 20:00:00,6217.8
2019-12-27 20:15:00,6164.1
2019-12-27 20:30:00,6109.7
2019-12-27 20:45:00,6063.7
2019-12-27 21:00:00,6064.8
2019-12-27 21:15:00,6047.4
2019-12-27 21:30:00,6015.9
2019-12-27 21:45:00,5994.3
2019-12-27 22:00:00,6025.8
2019-12-27 22:15:00,5992.1
2019-12-27 22:30:00,5946.9
2019-12-27 22:45:00,5904.2
2019-12-27 23:00:00,5859.7
2019-12-27 23:15:00,5822.2
2019-12-27 23:30:00,5772.0
2019-12-27 23:45:00,5741.4
2019-12-28 00:00:00,5696.3
2019-12-28 00:15:00,5661.2
2019-12-28 00:30:00,5625.3
2019-12-28 00:45:00,5609.3
2019-12-28 01:00:00,5575.6
2019-12-28 01:15:00,5557.5
2019-12-28 01:30:00,5540.1
2019-12-28 01:45:00,5533.3
2019-12-28 02:00:00,5526.4
2019-12-28 02:15:00,5522.7
2019-12-28 02:30:00,5522.0
2019-12-28 02:45:00,5514.5
2019-12-28 03:00:00,5521.6
2019-12-28 03:15:00,5524.2
2019-12-28 03:30:00,5527.3
2019-12-28 03:45:00,5529.5
2019-12-28 04:00:00,5550.0
2019-12-28 04:15:00,5552.0
2019-12-28 04:30:00,5550.0
2019-12-28 04:45:00,5556.2
2019-12-28 05:00:00,5571.1
2019-12-28 05:15:00,5574.4
2019-12-28 05:30:00,5571.6
2019-12-28 05:45:00,5576.2
2019-12-28 06:00:00,5580.6
2019-12-28 06:15:00,5588.8
2019-12-28 06:30:00,5584.1
2019-12-28 06:45:00,5604.8
2019-12-28 07:00:00,5668.3
2019-12-28 07:15:00,5697.8
2019-12-28 07:30:00,5729.3
2019-12-28 07:45:00,5781.9
2019-12-28 08:00:00,5827.5
2019-12-28 08:15:00,5853.5
2019-12-28 08:30:00,5885.9
2019-12-28 08:45:00,5921.4
2019-12-28 09:00:00,5972.0
2019-12-28 09:15:00,6010.1
2019-12-28 09:30:00,6041.4
2019-12-28 09:45:00,6059.9
2019-12-28 10:00:00,6042.5
2019-12-28 10:15:00,6048.9
2019-12-28 10:30:00,6067.6
2019-12-28 10:45:00,6083.3
2019-12-28 11:00:00,6100.9
2019-12-28 11:15:00,6122.5
2019-12-28 11:30:00,6143.8
2019-12-28 11:45:00,6150.4
2019-12-28 12:00:00,6157.7
2019-12-28 12:15:00,6151.5
2019-12-28 12:30:00,6142.7
2019-12-28 12:45:00,6121.1
2019-12-28 13:00:00,6111.2
2019-12-28 13:15:00,6088.1
2019-12-28 13:30:00,6066.7
2019-12-28 13:45:00,6054.6
2019-12-28 14:00:00,6023.1
2019-12-28 14:15:00,5998.9
2019-12-28 14:30:00,5994.1
2019-12-28 14:45:00,5996.9
2019-12-28 15:00:00,6014.3
2019-12-28 15:15:00,6008.1
2019-12-28 15:30:00,6017.6
2019-12-28 15:45:00,6033.7
2019-12-28 16:00:00,6063.9
2019-12-28 16:15:00,6103.1
2019-12-28 16:30:00,6159.3
2019-12-28 16:45:00,6220.3
2019-12-28 17:00:00,6290.7
2019-12-28 17:15:00,6312.3
2019-12-28 17:30:00,6330.2
2019-12-28 17:45:00,6337.2
2019-12-28 18:00:00,6343.0
2019-12-28 18:15:00,6329.5
2019-12-28 18:30:00,6325.1
2019-12-28 18:45:00,6304.0
2019-12-28 19:00:00,6288.5
2019-12-28 19:15:00,6245.6
2019-12-28 19:30:00,6224.2
2019-12-28 19:45:00,6190.7
2019-12-28 20:00:00,6146.5
2019-12-28 20:15:00,6093.4
2019-12-28 20:30:00,6047.4
2019-12-28 20:45:00,6015.2
2019-12-28 21:00:00,6001.8
2019-12-28 21:15:00,5983.3
2019-12-28 21:30:00,5959.3
2019-12-28 21:45:00,5943.0
2019-12-28 22:00:00,5970.5
2019-12-28 22:15:00,5952.4
2019-12-28 22:30:00,5918.9
2019-12-28 22:45:00,5872.7
2019-12-28 23:00:00,5825.3
2019-12-28 23:15:00,5787.2
2019-12-28 23:30:00,5748.5
2019-12-28 23:45:00,5707.7
2019-12-29 00:00:00,5656.2
2019-12-29 00:15:00,5622.5
2019-12-29 00:30:00,5596.0
2019-12-29 00:45:00,5565.4
2019-12-29 01:00:00,5530.8
2019-12-29 01:15:00,5506.4
2019-12-29 01:30:00,5503.7
2019-12-29 01:45:00,5497.1
2019-12-29 02:00:00,5472.0
2019-12-29 02:15:00,5476.7
2019-12-29 02:30:00,5472.0
2019-12-29 02:45:00,5461.5
2019-12-29 03:00:00,5462.8
2019-12-29 03:15:00,5457.7
2019-12-29 03:30:00,5456.2
2019-12-29 03:45:00,5442.7
2019-12-29 04:00:00,5444.5
2019-12-29 04:15:00,5448.5
2019-12-29 04:30:00,5460.4
2019-12-29 04:45:00,5455.7
2019-12-29 05:00:00,5454.4
2019-12-29 05:15:00,5455.5
2019-12-29 05:30:00,5446.7
2019-12-29 05:45:00,5437.4
2019-12-29 06:00:00,5411.2
2019-12-29 06:15:00,5404.4
2019-12-29 06:30:00,5416.7
2019-12-29 06:45:00,5427.1
2019-12-29 07:00:00,5455.5
2019-12-29 07:15:00,5468.9
2019-12-29 07:30:00,5485.9
2019-12-29 07:45:00,5514.1
2019-12-29 08:00:00,5585.9
2019-12-29 08:15:00,5623.3
2019-12-29 08:30:00,5658.4
2019-12-29 08:45:00,5694.3
2019-12-29 09:00:00,5737.4
2019-12-29 09:15:00,5780.4
2019-12-29 09:30:00,5805.7
2019-12-29 09:45:00,5842.5
2019-12-29 10:00:00,5846.5
2019-12-29 10:15:00,5863.0
2019-12-29 10:30:00,5884.4
2019-12-29 10:45:00,5915.4
2019-12-29 11:00:00,5937.4
2019-12-29 11:15:00,5974.7
2019-12-29 11:30:00,6015.0
2019-12-29 11:45:00,6033.0
2019-12-29 12:00:00,6043.8
2019-12-29 12:15:00,6029.5
2019-12-29 12:30:00,6011.7
2019-12-29 12:45:00,5989.9
2019-12-29 13:00:00,5971.6
2019-12-29 13:15:00,5932.8
2019-12-29 13:30:00,5929.7
2019-12-29 13:45:00,5902.2
2019-12-29 14:00:00,5881.1
2019-12-29 14:15:00,5867.2
2019-12-29 14:30:00,5863.4
2019-12-29 14:45:00,5856.4
2019-12-29 15:00:00,5864.8
2019-12-29 15:15:00,5852.9
2019-12-29 15:30:00,5864.3
2019-12-29 15:45:00,5878.4
2019-12-29 16:00:00,5925.1
2019-12-29 16:15:00,5962.3
2019-12-29 16:30:00,6022.5
2019-12-29 16:45:00,6084.8
2019-12-29 17:00:00,6155.3
2019-12-29 17:15:00,6189.2
2019-12-29 17:30:00,6201.1
2019-12-29 17:45:00,6210.1
2019-12-29 18:00:00,6234.6
2019-12-29 18:15:00,6229.5
2019-12-29 18:30:00,6237.2
2019-12-29 18:45:00,6217.0
2019-12-29 19:00:00,6205.1
2019-12-29 19:15:00,6175.8
2019-12-29 19:30:00,6162.8
2019-12-29 19:45:00,6131.3
2019-12-29 20:00:00,6111.9
2019-12-29 20:15:00,6073.1
2019-12-29 20:30:00,6030.4
2019-12-29 20:45:00,6006.2
2019-12-29 21:00:00,5981.3
2019-12-29 21:15:00,5978.0
2019-12-29 21:30:00,5975.3
2019-12-29 21:45:00,5982.6
2019-12-29 22:00:00,6000.2
2019-12-29 22:15:00,5974.0
2019-12-29 22:30:00,5944.9
2019-12-29 22:45:00,5915.6
2019-12-29 23:00:00,5856.8
2019-12-29 23:15:00,5810.8
2019-12-29 23:30:00,5779.3
2019-12-29 23:45:00,5746.7
2019-12-30 00:00:00,5717.2
2019-12-30 00:15:00,5706.6
2019-12-30 00:30:00,5679.1
2019-12-30 00:45:00,5646.0
2019-12-30 01:00:00,5604.0
2019-12-30 01:15:00,5591.6
2019-12-30 01:30:00,5581.7
2019-12-30 01:45:00,5562.3
2019-12-30 02:00:00,5560.4
2019-12-30 02:15:00,5551.8
2019-12-30 02:30:00,5549.3
2019-12-30 02:45:00,5539.4
2019-12-30 03:00:00,5550.2
2019-12-30 03:15:00,5548.0
2019-12-30 03:30:00,5553.1
2019-12-30 03:45:00,5560.8
2019-12-30 04:00:00,5594.3
2019-12-30 04:15:00,5606.2
2019-12-30 04:30:00,5618.5
2019-12-30 04:45:00,5620.5
2019-12-30 05:00:00,5665.2
2019-12-30 05:15:00,5674.2
2019-12-30 05:30:00,5687.4
2019-12-30 05:45:00,5708.8
2019-12-30 06:00:00,5756.2
2019-12-30 06:15:00,5792.3
2019-12-30 06:30:00,5836.6
2019-12-30 06:45:00,5887.9
2019-12-30 07:00:00,5959.7
2019-12-30 07:15:00,5982.4
2019-12-30 07:30:00,6040.5
2019-12-30 07:45:00,6087.2
2019-12-30 08:00:00,6138.1
2019-12-30 08:15:00,6154.8
2019-12-30 08:30:00,6196.7
2019-12-30 08:45:00,6217.0
2019-12-30 09:00:00,6245.2
2019-12-30 09:15:00,6286.8
2019-12-30 09:30:00,6303.3
2019-12-30 09:45:00,6310.4
2019-12-30 10:00:00,6285.5
2019-12-30 10:15:00,6290.1
2019-12-30 10:30:00,6302.0
2019-12-30 10:45:00,6298.0
2019-12-30 11:00:00,6287.2
2019-12-30 11:15:00,6309.5
2019-12-30 11:30:00,6328.0
2019-12-30 11:45:00,6345.4
2019-12-30 12:00:00,6343.0
2019-12-30 12:15:00,6337.2
2019-12-30 12:30:00,6316.7
2019-12-30 12:45:00,6312.1
2019-12-30 13:00:00,6290.3
2019-12-30 13:15:00,6260.1
2019-12-30 13:30:00,6244.3
2019-12-30 13:45:00,6235.9
2019-12-30 14:00:00,6241.2
2019-12-30 14:15:00,6222.9
2019-12-30 14:30:00,6215.9
2019-12-30 14:45:00,6210.8
2019-12-30 15:00:00,6226.2
2019-12-30 15:15:00,6217.0
2019-12-30 15:30:00,6235.7
2019-12-30 15:45:00,6251.5
2019-12-30 16:00:00,6293.6
2019-12-30 16:15:00,6314.1
2019-12-30 16:30:00,6367.4
2019-12-30 16:45:00,6436.3
2019-12-30 17:00:00,6524.0
2019-12-30 17:15:00,6555.1
2019-12-30 17:30:00,6567.6
2019-12-30 17:45:00,6572.5
2019-12-30 18:00:00,6590.3
2019-12-30 18:15:00,6591.6
2019-12-30 18:30:00,6573.6
2019-12-30 18:45:00,6557.3
2019-12-30 19:00:00,6526.0
2019-12-30 19:15:00,6491.2
2019-12-30 19:30:00,6470.3
2019-12-30 19:45:00,6444.9
2019-12-30 20:00:00,6385.2
2019-12-30 20:15:00,6329.7
2019-12-30 20:30:00,6282.4
2019-12-30 20:45:00,6243.8
2019-12-30 21:00:00,6215.9
2019-12-30 21:15:00,6192.5
2019-12-30 21:30:00,6173.8
2019-12-30 21:45:00,6158.1
2019-12-30 22:00:00,6158.1
2019-12-30 22:15:00,6115.9
2019-12-30 22:30:00,6078.2
2019-12-30 22:45:00,6030.0
2019-12-30 23:00:00,5977.3
2019-12-30 23:15:00,5920.9
2019-12-30 23:30:00,5881.1
2019-12-30 23:45:00,5847.4
2019-12-31 00:00:00,5780.2
2019-12-31 00:15:00,5730.4
2019-12-31 00:30:00,5714.5
2019-12-31 00:45:00,5681.5
2019-12-31 01:00:00,5655.3
2019-12-31 01:15:00,5626.0
2019-12-31 01:30:00,5608.4
2019-12-31 01:45:00,5591.6
2019-12-31 02:00:00,5580.4
2019-12-31 02:15:00,5562.8
2019-12-31 02:30:00,5562.8
2019-12-31 02:45:00,5553.5
2019-12-31 03:00:00,5560.4
2019-12-31 03:15:00,5545.6
2019-12-31 03:30:00,5548.7
2019-12-31 03:45:00,5557.3
2019-12-31 04:00:00,5573.1
2019-12-31 04:15:00,5580.8
2019-12-31 04:30:00,5586.6
2019-12-31 04:45:00,5585.5
2019-12-31 05:00:00,5598.9
2019-12-31 05:15:00,5596.9
2019-12-31 05:30:00,5595.6
2019-12-31 05:45:00,5598.2
2019-12-31 06:00:00,5599.3
2019-12-31 06:15:00,5620.5
2019-12-31 06:30:00,5625.1
2019-12-31 06:45:00,5651.5
2019-12-31 07:00:00,5700.0
2019-12-31 07:15:00,5727.8
2019-12-31 07:30:00,5762.8
2019-12-31 07:45:00,5795.8
2019-12-31 08:00:00,5856.4
2019-12-31 08:15:00,5877.8
2019-12-31 08:30:00,5903.7
2019-12-31 08:45:00,5942.5
2019-12-31 09:00:00,5993.2
2019-12-31 09:15:00,6033.0
2019-12-31 09:30:00,6067.6
2019-12-31 09:45:00,6100.7
2019-12-31 10:00:00,6118.3
2019-12-31 10:15:00,6134.8
2019-12-31 10:30:00,6153.1
2019-12-31 10:45:00,6163.0
2019-12-31 11:00:00,6183.5
2019-12-31 11:15:00,6188.1
2019-12-31 11:30:00,6203.5
2019-12-31 11:45:00,6207.5
2019-12-31 12:00:00,6202.9
2019-12-31 12:15:00,6198.0
2019-12-31 12:30:00,6193.8
2019-12-31 12:45:00,6176.9
2019-12-31 13:00:00,6170.0
2019-12-31 13:15:00,6126.2
2019-12-31 13:30:00,6114.5
2019-12-31 13:45:00,6100.2
2019-12-31 14:00:00,6094.9
2019-12-31 14:15:00,6057.3
2019-12-31 14:30:00,6033.5
2019-12-31 14:45:00,6016.7
2019-12-31 15:00:00,6031.7
2019-12-31 15:15:00,6018.7
2019-12-31 15:30:00,6025.1
2019-12-31 15:45:00,6032.6
2019-12-31 16:00:00,6068.3
2019-12-31 16:15:00,6091.0
2019-12-31 16:30:00,6135.5
2019-12-31 16:45:00,6206.4
2019-12-31 17:00:00,6249.3
2019-12-31 17:15:00,6271.1
2019-12-31 17:30:00,6275.8
2019-12-31 17:45:00,6270.7
2019-12-31 18:00:00,6256.2
2019-12-31 18:15:00,6245.4
2019-12-31 18:30:00,6229.1
2019-12-31 18:45:00,6190.1
2019-12-31 19:00:00,6153.5
2019-12-31 19:15:00,6112.3
2019-12-31 19:30:00,6066.3
2019-12-31 19:45:00,6008.6
2019-12-31 20:00:00,5970.9
2019-12-31 20:15:00,5936.8
2019-12-31 20:30:00,5902.2
2019-12-31 20:45:00,5869.8
2019-12-31 21:00:00,5845.2
2019-12-31 21:15:00,5833.5
2019-12-31 21:30:00,5820.7
2019-12-31 21:45:00,5800.9
2019-12-31 22:00:00,5835.7
2019-12-31 22:15:00,5820.9
2019-12-31 22:30:00,5785.0
2019-12-31 22:45:00,5756.4
2019-12-31 23:00:00,5723.8
2019-12-31 23:15:00,5706.8
2019-12-31 23:30:00,5685.9
2019-12-31 23:45:00,5675.1
