datetime,demand_EOM
2019-01-01 00:00:00,6767.3
2019-01-01 00:15:00,6758.7
2019-01-01 00:30:00,6750.3
2019-01-01 00:45:00,6747.0
2019-01-01 01:00:00,6741.1
2019-01-01 01:15:00,6732.9
2019-01-01 01:30:00,6723.9
2019-01-01 01:45:00,6707.9
2019-01-01 02:00:00,6709.7
2019-01-01 02:15:00,6702.3
2019-01-01 02:30:00,6690.9
2019-01-01 02:45:00,6687.6
2019-01-01 03:00:00,6692.1
2019-01-01 03:15:00,6686.0
2019-01-01 03:30:00,6685.1
2019-01-01 03:45:00,6684.7
2019-01-01 04:00:00,6684.8
2019-01-01 04:15:00,6683.8
2019-01-01 04:30:00,6683.7
2019-01-01 04:45:00,6681.0
2019-01-01 05:00:00,6680.8
2019-01-01 05:15:00,6676.2
2019-01-01 05:30:00,6675.2
2019-01-01 05:45:00,6669.9
2019-01-01 06:00:00,6663.2
2019-01-01 06:15:00,6664.5
2019-01-01 06:30:00,6666.6
2019-01-01 06:45:00,6663.5
2019-01-01 07:00:00,6672.7
2019-01-01 07:15:00,6675.9
2019-01-01 07:30:00,6676.4
2019-01-01 07:45:00,6682.5
2019-01-01 08:00:00,6683.3
2019-01-01 08:15:00,6685.2
2019-01-01 08:30:00,6692.8
2019-01-01 08:45:00,6699.2
2019-01-01 09:00:00,6715.1
2019-01-01 09:15:00,6728.0
2019-01-01 09:30:00,6740.1
2019-01-01 09:45:00,6750.8
2019-01-01 10:00:00,6763.4
2019-01-01 10:15:00,6773.4
2019-01-01 10:30:00,6785.7
2019-01-01 10:45:00,6795.4
2019-01-01 11:00:00,6812.8
2019-01-01 11:15:00,6826.5
2019-01-01 11:30:00,6838.2
2019-01-01 11:45:00,6842.3
2019-01-01 12:00:00,6849.5
2019-01-01 12:15:00,6852.1
2019-01-01 12:30:00,6852.1
2019-01-01 12:45:00,6854.3
2019-01-01 13:00:00,6850.2
2019-01-01 13:15:00,6846.5
2019-01-01 13:30:00,6846.9
2019-01-01 13:45:00,6845.2
2019-01-01 14:00:00,6846.2
2019-01-01 14:15:00,6843.1
2019-01-01 14:30:00,6842.4
2019-01-01 14:45:00,6841.2
2019-01-01 15:00:00,6846.1
2019-01-01 15:15:00,6847.1
2019-01-01 15:30:00,6849.9
2019-01-01 15:45:00,6851.7
2019-01-01 16:00:00,6858.9
2019-01-01 16:15:00,6869.1
2019-01-01 16:30:00,6888.3
2019-01-01 16:45:00,6904.0
2019-01-01 17:00:00,6923.6
2019-01-01 17:15:00,6930.1
2019-01-01 17:30:00,6937.6
2019-01-01 17:45:00,6944.4
2019-01-01 18:00:00,6947.0
2019-01-01 18:15:00,6946.8
2019-01-01 18:30:00,6946.2
2019-01-01 18:45:00,6944.9
2019-01-01 19:00:00,6943.3
2019-01-01 19:15:00,6935.0
2019-01-01 19:30:00,6927.4
2019-01-01 19:45:00,6916.9
2019-01-01 20:00:00,6907.5
2019-01-01 20:15:00,6899.0
2019-01-01 20:30:00,6887.7
2019-01-01 20:45:00,6876.3
2019-01-01 21:00:00,6869.6
2019-01-01 21:15:00,6865.8
2019-01-01 21:30:00,6862.3
2019-01-01 21:45:00,6859.8
2019-01-01 22:00:00,6863.2
2019-01-01 22:15:00,6851.2
2019-01-01 22:30:00,6841.6
2019-01-01 22:45:00,6829.9
2019-01-01 23:00:00,6817.6
2019-01-01 23:15:00,6807.7
2019-01-01 23:30:00,6791.3
2019-01-01 23:45:00,6783.0
2019-01-02 00:00:00,6781.7
2019-01-02 00:15:00,6770.1
2019-01-02 00:30:00,6757.0
2019-01-02 00:45:00,6751.3
2019-01-02 01:00:00,6746.5
2019-01-02 01:15:00,6735.5
2019-01-02 01:30:00,6732.8
2019-01-02 01:45:00,6730.4
2019-01-02 02:00:00,6731.6
2019-01-02 02:15:00,6729.3
2019-01-02 02:30:00,6727.8
2019-01-02 02:45:00,6721.7
2019-01-02 03:00:00,6729.6
2019-01-02 03:15:00,6736.4
2019-01-02 03:30:00,6737.1
2019-01-02 03:45:00,6741.9
2019-01-02 04:00:00,6752.9
2019-01-02 04:15:00,6759.1
2019-01-02 04:30:00,6770.2
2019-01-02 04:45:00,6779.4
2019-01-02 05:00:00,6791.3
2019-01-02 05:15:00,6801.7
2019-01-02 05:30:00,6824.6
2019-01-02 05:45:00,6849.4
2019-01-02 06:00:00,6876.2
2019-01-02 06:15:00,6902.0
2019-01-02 06:30:00,6924.8
2019-01-02 06:45:00,6948.4
2019-01-02 07:00:00,6977.5
2019-01-02 07:15:00,6996.4
2019-01-02 07:30:00,7014.6
2019-01-02 07:45:00,7030.9
2019-01-02 08:00:00,7050.5
2019-01-02 08:15:00,7055.7
2019-01-02 08:30:00,7061.6
2019-01-02 08:45:00,7069.6
2019-01-02 09:00:00,7079.4
2019-01-02 09:15:00,7081.7
2019-01-02 09:30:00,7092.3
2019-01-02 09:45:00,7098.2
2019-01-02 10:00:00,7102.0
2019-01-02 10:15:00,7104.1
2019-01-02 10:30:00,7110.0
2019-01-02 10:45:00,7114.4
2019-01-02 11:00:00,7120.1
2019-01-02 11:15:00,7127.8
2019-01-02 11:30:00,7135.9
2019-01-02 11:45:00,7135.1
2019-01-02 12:00:00,7137.2
2019-01-02 12:15:00,7134.5
2019-01-02 12:30:00,7134.0
2019-01-02 12:45:00,7133.1
2019-01-02 13:00:00,7132.9
2019-01-02 13:15:00,7126.2
2019-01-02 13:30:00,7122.1
2019-01-02 13:45:00,7110.1
2019-01-02 14:00:00,7110.1
2019-01-02 14:15:00,7104.1
2019-01-02 14:30:00,7100.4
2019-01-02 14:45:00,7093.4
2019-01-02 15:00:00,7104.1
2019-01-02 15:15:00,7101.1
2019-01-02 15:30:00,7098.8
2019-01-02 15:45:00,7095.9
2019-01-02 16:00:00,7105.1
2019-01-02 16:15:00,7106.9
2019-01-02 16:30:00,7124.7
2019-01-02 16:45:00,7144.2
2019-01-02 17:00:00,7165.1
2019-01-02 17:15:00,7175.4
2019-01-02 17:30:00,7178.0
2019-01-02 17:45:00,7180.2
2019-01-02 18:00:00,7174.8
2019-01-02 18:15:00,7170.4
2019-01-02 18:30:00,7169.5
2019-01-02 18:45:00,7166.7
2019-01-02 19:00:00,7160.8
2019-01-02 19:15:00,7144.9
2019-01-02 19:30:00,7132.5
2019-01-02 19:45:00,7121.5
2019-01-02 20:00:00,7102.3
2019-01-02 20:15:00,7085.2
2019-01-02 20:30:00,7066.3
2019-01-02 20:45:00,7052.7
2019-01-02 21:00:00,7036.7
2019-01-02 21:15:00,7027.5
2019-01-02 21:30:00,7018.1
2019-01-02 21:45:00,7011.2
2019-01-02 22:00:00,7012.0
2019-01-02 22:15:00,7000.4
2019-01-02 22:30:00,6983.5
2019-01-02 22:45:00,6966.3
2019-01-02 23:00:00,6955.3
2019-01-02 23:15:00,6935.9
2019-01-02 23:30:00,6917.9
2019-01-02 23:45:00,6903.1
2019-01-03 00:00:00,6887.6
2019-01-03 00:15:00,6884.2
2019-01-03 00:30:00,6876.6
2019-01-03 00:45:00,6863.0
2019-01-03 01:00:00,6864.8
2019-01-03 01:15:00,6861.9
2019-01-03 01:30:00,6861.9
2019-01-03 01:45:00,6857.6
2019-01-03 02:00:00,6856.6
2019-01-03 02:15:00,6855.9
2019-01-03 02:30:00,6857.4
2019-01-03 02:45:00,6856.8
2019-01-03 03:00:00,6856.2
2019-01-03 03:15:00,6852.1
2019-01-03 03:30:00,6853.4
2019-01-03 03:45:00,6857.4
2019-01-03 04:00:00,6859.4
2019-01-03 04:15:00,6863.5
2019-01-03 04:30:00,6870.8
2019-01-03 04:45:00,6878.9
2019-01-03 05:00:00,6896.1
2019-01-03 05:15:00,6902.7
2019-01-03 05:30:00,6917.0
2019-01-03 05:45:00,6935.6
2019-01-03 06:00:00,6961.6
2019-01-03 06:15:00,6983.7
2019-01-03 06:30:00,7006.5
2019-01-03 06:45:00,7026.2
2019-01-03 07:00:00,7046.7
2019-01-03 07:15:00,7060.8
2019-01-03 07:30:00,7077.4
2019-01-03 07:45:00,7092.0
2019-01-03 08:00:00,7100.9
2019-01-03 08:15:00,7108.8
2019-01-03 08:30:00,7115.8
2019-01-03 08:45:00,7123.4
2019-01-03 09:00:00,7131.3
2019-01-03 09:15:00,7133.9
2019-01-03 09:30:00,7136.1
2019-01-03 09:45:00,7140.9
2019-01-03 10:00:00,7143.5
2019-01-03 10:15:00,7144.1
2019-01-03 10:30:00,7148.3
2019-01-03 10:45:00,7151.0
2019-01-03 11:00:00,7157.1
2019-01-03 11:15:00,7163.6
2019-01-03 11:30:00,7167.4
2019-01-03 11:45:00,7165.9
2019-01-03 12:00:00,7170.8
2019-01-03 12:15:00,7167.5
2019-01-03 12:30:00,7167.0
2019-01-03 12:45:00,7163.4
2019-01-03 13:00:00,7158.1
2019-01-03 13:15:00,7149.3
2019-01-03 13:30:00,7143.1
2019-01-03 13:45:00,7135.8
2019-01-03 14:00:00,7137.6
2019-01-03 14:15:00,7133.5
2019-01-03 14:30:00,7130.9
2019-01-03 14:45:00,7125.5
2019-01-03 15:00:00,7127.6
2019-01-03 15:15:00,7120.0
2019-01-03 15:30:00,7116.1
2019-01-03 15:45:00,7119.2
2019-01-03 16:00:00,7123.9
2019-01-03 16:15:00,7132.8
2019-01-03 16:30:00,7145.6
2019-01-03 16:45:00,7165.8
2019-01-03 17:00:00,7184.5
2019-01-03 17:15:00,7193.9
2019-01-03 17:30:00,7198.9
2019-01-03 17:45:00,7200.1
2019-01-03 18:00:00,7195.8
2019-01-03 18:15:00,7191.3
2019-01-03 18:30:00,7186.3
2019-01-03 18:45:00,7183.4
2019-01-03 19:00:00,7175.1
2019-01-03 19:15:00,7160.8
2019-01-03 19:30:00,7148.5
2019-01-03 19:45:00,7138.7
2019-01-03 20:00:00,7119.4
2019-01-03 20:15:00,7097.7
2019-01-03 20:30:00,7083.5
2019-01-03 20:45:00,7069.6
2019-01-03 21:00:00,7058.1
2019-01-03 21:15:00,7049.9
2019-01-03 21:30:00,7033.1
2019-01-03 21:45:00,7027.4
2019-01-03 22:00:00,7025.3
2019-01-03 22:15:00,7012.4
2019-01-03 22:30:00,6994.7
2019-01-03 22:45:00,6985.0
2019-01-03 23:00:00,6970.9
2019-01-03 23:15:00,6953.5
2019-01-03 23:30:00,6939.7
2019-01-03 23:45:00,6929.6
2019-01-04 00:00:00,6910.0
2019-01-04 00:15:00,6898.5
2019-01-04 00:30:00,6889.6
2019-01-04 00:45:00,6879.9
2019-01-04 01:00:00,6865.2
2019-01-04 01:15:00,6859.8
2019-01-04 01:30:00,6862.4
2019-01-04 01:45:00,6860.7
2019-01-04 02:00:00,6852.7
2019-01-04 02:15:00,6848.7
2019-01-04 02:30:00,6853.6
2019-01-04 02:45:00,6854.9
2019-01-04 03:00:00,6856.9
2019-01-04 03:15:00,6857.7
2019-01-04 03:30:00,6859.7
2019-01-04 03:45:00,6866.9
2019-01-04 04:00:00,6873.6
2019-01-04 04:15:00,6873.5
2019-01-04 04:30:00,6877.7
2019-01-04 04:45:00,6887.7
2019-01-04 05:00:00,6904.1
2019-01-04 05:15:00,6909.2
2019-01-04 05:30:00,6922.6
2019-01-04 05:45:00,6941.6
2019-01-04 06:00:00,6969.8
2019-01-04 06:15:00,6993.7
2019-01-04 06:30:00,7012.3
2019-01-04 06:45:00,7037.2
2019-01-04 07:00:00,7068.1
2019-01-04 07:15:00,7088.0
2019-01-04 07:30:00,7104.1
2019-01-04 07:45:00,7118.3
2019-01-04 08:00:00,7137.4
2019-01-04 08:15:00,7146.6
2019-01-04 08:30:00,7151.0
2019-01-04 08:45:00,7158.1
2019-01-04 09:00:00,7165.1
2019-01-04 09:15:00,7175.4
2019-01-04 09:30:00,7183.1
2019-01-04 09:45:00,7181.9
2019-01-04 10:00:00,7183.3
2019-01-04 10:15:00,7196.3
2019-01-04 10:30:00,7202.2
2019-01-04 10:45:00,7206.4
2019-01-04 11:00:00,7202.0
2019-01-04 11:15:00,7207.6
2019-01-04 11:30:00,7210.9
2019-01-04 11:45:00,7214.2
2019-01-04 12:00:00,7217.5
2019-01-04 12:15:00,7214.4
2019-01-04 12:30:00,7214.8
2019-01-04 12:45:00,7210.2
2019-01-04 13:00:00,7209.0
2019-01-04 13:15:00,7200.9
2019-01-04 13:30:00,7191.7
2019-01-04 13:45:00,7183.7
2019-01-04 14:00:00,7176.7
2019-01-04 14:15:00,7168.3
2019-01-04 14:30:00,7161.2
2019-01-04 14:45:00,7156.6
2019-01-04 15:00:00,7147.3
2019-01-04 15:15:00,7142.3
2019-01-04 15:30:00,7140.4
2019-01-04 15:45:00,7139.4
2019-01-04 16:00:00,7153.2
2019-01-04 16:15:00,7159.1
2019-01-04 16:30:00,7169.4
2019-01-04 16:45:00,7179.0
2019-01-04 17:00:00,7193.3
2019-01-04 17:15:00,7198.4
2019-01-04 17:30:00,7204.0
2019-01-04 17:45:00,7203.5
2019-01-04 18:00:00,7197.7
2019-01-04 18:15:00,7191.2
2019-01-04 18:30:00,7185.7
2019-01-04 18:45:00,7179.0
2019-01-04 19:00:00,7171.5
2019-01-04 19:15:00,7156.7
2019-01-04 19:30:00,7150.4
2019-01-04 19:45:00,7137.4
2019-01-04 20:00:00,7110.3
2019-01-04 20:15:00,7093.1
2019-01-04 20:30:00,7080.1
2019-01-04 20:45:00,7063.3
2019-01-04 21:00:00,7049.4
2019-01-04 21:15:00,7040.6
2019-01-04 21:30:00,7034.0
2019-01-04 21:45:00,7021.8
2019-01-04 22:00:00,7020.1
2019-01-04 22:15:00,7014.9
2019-01-04 22:30:00,6999.9
2019-01-04 22:45:00,6985.6
2019-01-04 23:00:00,6960.4
2019-01-04 23:15:00,6946.5
2019-01-04 23:30:00,6930.7
2019-01-04 23:45:00,6915.2
2019-01-05 00:00:00,6897.6
2019-01-05 00:15:00,6889.7
2019-01-05 00:30:00,6883.3
2019-01-05 00:45:00,6874.0
2019-01-05 01:00:00,6860.9
2019-01-05 01:15:00,6849.0
2019-01-05 01:30:00,6847.0
2019-01-05 01:45:00,6839.3
2019-01-05 02:00:00,6833.2
2019-01-05 02:15:00,6826.2
2019-01-05 02:30:00,6829.0
2019-01-05 02:45:00,6824.5
2019-01-05 03:00:00,6820.7
2019-01-05 03:15:00,6818.8
2019-01-05 03:30:00,6819.7
2019-01-05 03:45:00,6820.7
2019-01-05 04:00:00,6823.4
2019-01-05 04:15:00,6821.6
2019-01-05 04:30:00,6822.1
2019-01-05 04:45:00,6822.0
2019-01-05 05:00:00,6824.1
2019-01-05 05:15:00,6823.7
2019-01-05 05:30:00,6823.2
2019-01-05 05:45:00,6823.1
2019-01-05 06:00:00,6831.0
2019-01-05 06:15:00,6837.5
2019-01-05 06:30:00,6845.9
2019-01-05 06:45:00,6845.0
2019-01-05 07:00:00,6867.5
2019-01-05 07:15:00,6878.9
2019-01-05 07:30:00,6886.1
2019-01-05 07:45:00,6892.2
2019-01-05 08:00:00,6924.9
2019-01-05 08:15:00,6942.2
2019-01-05 08:30:00,6938.1
2019-01-05 08:45:00,6951.9
2019-01-05 09:00:00,6980.1
2019-01-05 09:15:00,6990.2
2019-01-05 09:30:00,7007.4
2019-01-05 09:45:00,7014.5
2019-01-05 10:00:00,7026.9
2019-01-05 10:15:00,7033.5
2019-01-05 10:30:00,7038.1
2019-01-05 10:45:00,7043.1
2019-01-05 11:00:00,7053.0
2019-01-05 11:15:00,7054.1
2019-01-05 11:30:00,7060.5
2019-01-05 11:45:00,7056.2
2019-01-05 12:00:00,7059.0
2019-01-05 12:15:00,7056.0
2019-01-05 12:30:00,7053.8
2019-01-05 12:45:00,7047.4
2019-01-05 13:00:00,7045.5
2019-01-05 13:15:00,7035.8
2019-01-05 13:30:00,7028.1
2019-01-05 13:45:00,7023.8
2019-01-05 14:00:00,7020.6
2019-01-05 14:15:00,7013.4
2019-01-05 14:30:00,7011.4
2019-01-05 14:45:00,7007.5
2019-01-05 15:00:00,7009.9
2019-01-05 15:15:00,7004.9
2019-01-05 15:30:00,7003.2
2019-01-05 15:45:00,7004.2
2019-01-05 16:00:00,7009.2
2019-01-05 16:15:00,7015.0
2019-01-05 16:30:00,7025.5
2019-01-05 16:45:00,7043.7
2019-01-05 17:00:00,7065.0
2019-01-05 17:15:00,7069.9
2019-01-05 17:30:00,7074.7
2019-01-05 17:45:00,7078.1
2019-01-05 18:00:00,7081.9
2019-01-05 18:15:00,7070.4
2019-01-05 18:30:00,7073.2
2019-01-05 18:45:00,7066.7
2019-01-05 19:00:00,7058.1
2019-01-05 19:15:00,7046.4
2019-01-05 19:30:00,7037.4
2019-01-05 19:45:00,7026.1
2019-01-05 20:00:00,7001.3
2019-01-05 20:15:00,6983.9
2019-01-05 20:30:00,6970.8
2019-01-05 20:45:00,6960.3
2019-01-05 21:00:00,6949.5
2019-01-05 21:15:00,6941.8
2019-01-05 21:30:00,6935.4
2019-01-05 21:45:00,6928.3
2019-01-05 22:00:00,6935.8
2019-01-05 22:15:00,6927.0
2019-01-05 22:30:00,6913.8
2019-01-05 22:45:00,6906.4
2019-01-05 23:00:00,6887.5
2019-01-05 23:15:00,6873.1
2019-01-05 23:30:00,6863.6
2019-01-05 23:45:00,6854.2
2019-01-06 00:00:00,6833.1
2019-01-06 00:15:00,6816.8
2019-01-06 00:30:00,6806.9
2019-01-06 00:45:00,6798.2
2019-01-06 01:00:00,6787.0
2019-01-06 01:15:00,6780.1
2019-01-06 01:30:00,6777.1
2019-01-06 01:45:00,6770.7
2019-01-06 02:00:00,6759.1
2019-01-06 02:15:00,6756.8
2019-01-06 02:30:00,6752.6
2019-01-06 02:45:00,6750.4
2019-01-06 03:00:00,6752.3
2019-01-06 03:15:00,6754.6
2019-01-06 03:30:00,6750.3
2019-01-06 03:45:00,6747.9
2019-01-06 04:00:00,6749.9
2019-01-06 04:15:00,6751.1
2019-01-06 04:30:00,6750.9
2019-01-06 04:45:00,6751.3
2019-01-06 05:00:00,6747.5
2019-01-06 05:15:00,6740.2
2019-01-06 05:30:00,6737.3
2019-01-06 05:45:00,6734.6
2019-01-06 06:00:00,6731.3
2019-01-06 06:15:00,6731.8
2019-01-06 06:30:00,6732.3
2019-01-06 06:45:00,6737.9
2019-01-06 07:00:00,6743.8
2019-01-06 07:15:00,6747.1
2019-01-06 07:30:00,6752.2
2019-01-06 07:45:00,6765.1
2019-01-06 08:00:00,6781.4
2019-01-06 08:15:00,6791.8
2019-01-06 08:30:00,6802.5
2019-01-06 08:45:00,6817.9
2019-01-06 09:00:00,6837.6
2019-01-06 09:15:00,6853.8
2019-01-06 09:30:00,6867.4
2019-01-06 09:45:00,6878.3
2019-01-06 10:00:00,6893.1
2019-01-06 10:15:00,6904.0
2019-01-06 10:30:00,6915.9
2019-01-06 10:45:00,6926.7
2019-01-06 11:00:00,6941.6
2019-01-06 11:15:00,6951.0
2019-01-06 11:30:00,6960.0
2019-01-06 11:45:00,6964.4
2019-01-06 12:00:00,6969.1
2019-01-06 12:15:00,6964.8
2019-01-06 12:30:00,6961.6
2019-01-06 12:45:00,6956.2
2019-01-06 13:00:00,6947.5
2019-01-06 13:15:00,6939.9
2019-01-06 13:30:00,6937.8
2019-01-06 13:45:00,6932.8
2019-01-06 14:00:00,6937.5
2019-01-06 14:15:00,6933.3
2019-01-06 14:30:00,6929.1
2019-01-06 14:45:00,6922.8
2019-01-06 15:00:00,6915.1
2019-01-06 15:15:00,6916.9
2019-01-06 15:30:00,6916.4
2019-01-06 15:45:00,6916.5
2019-01-06 16:00:00,6923.0
2019-01-06 16:15:00,6934.2
2019-01-06 16:30:00,6951.6
2019-01-06 16:45:00,6972.9
2019-01-06 17:00:00,6991.2
2019-01-06 17:15:00,7003.5
2019-01-06 17:30:00,7010.2
2019-01-06 17:45:00,7012.2
2019-01-06 18:00:00,7026.7
2019-01-06 18:15:00,7026.0
2019-01-06 18:30:00,7020.7
2019-01-06 18:45:00,7010.5
2019-01-06 19:00:00,7009.9
2019-01-06 19:15:00,6998.6
2019-01-06 19:30:00,6995.2
2019-01-06 19:45:00,6984.8
2019-01-06 20:00:00,6977.5
2019-01-06 20:15:00,6964.9
2019-01-06 20:30:00,6949.8
2019-01-06 20:45:00,6941.0
2019-01-06 21:00:00,6934.4
2019-01-06 21:15:00,6930.9
2019-01-06 21:30:00,6924.0
2019-01-06 21:45:00,6912.1
2019-01-06 22:00:00,6922.3
2019-01-06 22:15:00,6928.9
2019-01-06 22:30:00,6907.5
2019-01-06 22:45:00,6893.0
2019-01-06 23:00:00,6888.0
2019-01-06 23:15:00,6875.9
2019-01-06 23:30:00,6862.4
2019-01-06 23:45:00,6840.2
2019-01-07 00:00:00,6833.1
2019-01-07 00:15:00,6821.4
2019-01-07 00:30:00,6804.9
2019-01-07 00:45:00,6795.3
2019-01-07 01:00:00,6799.4
2019-01-07 01:15:00,6788.6
2019-01-07 01:30:00,6780.7
2019-01-07 01:45:00,6775.8
2019-01-07 02:00:00,6783.3
2019-01-07 02:15:00,6778.8
2019-01-07 02:30:00,6774.0
2019-01-07 02:45:00,6776.3
2019-01-07 03:00:00,6788.4
2019-01-07 03:15:00,6791.2
2019-01-07 03:30:00,6787.2
2019-01-07 03:45:00,6790.7
2019-01-07 04:00:00,6809.8
2019-01-07 04:15:00,6810.8
2019-01-07 04:30:00,6821.5
2019-01-07 04:45:00,6834.7
2019-01-07 05:00:00,6867.8
2019-01-07 05:15:00,6874.2
2019-01-07 05:30:00,6895.4
2019-01-07 05:45:00,6926.8
2019-01-07 06:00:00,6989.9
2019-01-07 06:15:00,7032.3
2019-01-07 06:30:00,7063.6
2019-01-07 06:45:00,7087.4
2019-01-07 07:00:00,7126.0
2019-01-07 07:15:00,7142.3
2019-01-07 07:30:00,7164.8
2019-01-07 07:45:00,7177.8
2019-01-07 08:00:00,7197.8
2019-01-07 08:15:00,7199.0
2019-01-07 08:30:00,7204.2
2019-01-07 08:45:00,7207.7
2019-01-07 09:00:00,7205.1
2019-01-07 09:15:00,7204.4
2019-01-07 09:30:00,7208.5
2019-01-07 09:45:00,7212.8
2019-01-07 10:00:00,7221.0
2019-01-07 10:15:00,7227.2
2019-01-07 10:30:00,7233.0
2019-01-07 10:45:00,7237.0
2019-01-07 11:00:00,7242.5
2019-01-07 11:15:00,7248.4
2019-01-07 11:30:00,7249.5
2019-01-07 11:45:00,7249.2
2019-01-07 12:00:00,7245.2
2019-01-07 12:15:00,7245.3
2019-01-07 12:30:00,7245.6
2019-01-07 12:45:00,7244.9
2019-01-07 13:00:00,7247.9
2019-01-07 13:15:00,7249.0
2019-01-07 13:30:00,7245.8
2019-01-07 13:45:00,7236.4
2019-01-07 14:00:00,7238.9
2019-01-07 14:15:00,7241.8
2019-01-07 14:30:00,7243.1
2019-01-07 14:45:00,7239.2
2019-01-07 15:00:00,7244.5
2019-01-07 15:15:00,7239.7
2019-01-07 15:30:00,7234.4
2019-01-07 15:45:00,7235.7
2019-01-07 16:00:00,7241.1
2019-01-07 16:15:00,7249.2
2019-01-07 16:30:00,7256.8
2019-01-07 16:45:00,7271.2
2019-01-07 17:00:00,7288.7
2019-01-07 17:15:00,7293.7
2019-01-07 17:30:00,7294.2
2019-01-07 17:45:00,7295.9
2019-01-07 18:00:00,7286.5
2019-01-07 18:15:00,7279.5
2019-01-07 18:30:00,7275.9
2019-01-07 18:45:00,7271.6
2019-01-07 19:00:00,7263.3
2019-01-07 19:15:00,7249.5
2019-01-07 19:30:00,7240.0
2019-01-07 19:45:00,7234.0
2019-01-07 20:00:00,7212.5
2019-01-07 20:15:00,7195.0
2019-01-07 20:30:00,7181.1
2019-01-07 20:45:00,7165.1
2019-01-07 21:00:00,7154.2
2019-01-07 21:15:00,7142.7
2019-01-07 21:30:00,7130.1
2019-01-07 21:45:00,7112.5
2019-01-07 22:00:00,7106.4
2019-01-07 22:15:00,7091.2
2019-01-07 22:30:00,7070.2
2019-01-07 22:45:00,7050.9
2019-01-07 23:00:00,7030.3
2019-01-07 23:15:00,7018.5
2019-01-07 23:30:00,7002.1
2019-01-07 23:45:00,6992.6
2019-01-08 00:00:00,6959.3
2019-01-08 00:15:00,6948.9
2019-01-08 00:30:00,6938.5
2019-01-08 00:45:00,6931.7
2019-01-08 01:00:00,6921.2
2019-01-08 01:15:00,6915.9
2019-01-08 01:30:00,6909.4
2019-01-08 01:45:00,6902.1
2019-01-08 02:00:00,6899.7
2019-01-08 02:15:00,6898.8
2019-01-08 02:30:00,6898.2
2019-01-08 02:45:00,6899.1
2019-01-08 03:00:00,6904.0
2019-01-08 03:15:00,6906.0
2019-01-08 03:30:00,6910.6
2019-01-08 03:45:00,6914.6
2019-01-08 04:00:00,6922.1
2019-01-08 04:15:00,6928.8
2019-01-08 04:30:00,6938.4
2019-01-08 04:45:00,6947.6
2019-01-08 05:00:00,6968.1
2019-01-08 05:15:00,6981.3
2019-01-08 05:30:00,7001.1
2019-01-08 05:45:00,7024.9
2019-01-08 06:00:00,7075.4
2019-01-08 06:15:00,7106.9
2019-01-08 06:30:00,7136.8
2019-01-08 06:45:00,7164.9
2019-01-08 07:00:00,7199.7
2019-01-08 07:15:00,7218.3
2019-01-08 07:30:00,7237.2
2019-01-08 07:45:00,7251.0
2019-01-08 08:00:00,7266.4
2019-01-08 08:15:00,7273.4
2019-01-08 08:30:00,7273.1
2019-01-08 08:45:00,7261.7
2019-01-08 09:00:00,7268.8
2019-01-08 09:15:00,7274.2
2019-01-08 09:30:00,7266.0
2019-01-08 09:45:00,7268.3
2019-01-08 10:00:00,7284.0
2019-01-08 10:15:00,7269.4
2019-01-08 10:30:00,7273.7
2019-01-08 10:45:00,7275.2
2019-01-08 11:00:00,7290.9
2019-01-08 11:15:00,7293.5
2019-01-08 11:30:00,7286.9
2019-01-08 11:45:00,7282.7
2019-01-08 12:00:00,7292.1
2019-01-08 12:15:00,7289.3
2019-01-08 12:30:00,7289.1
2019-01-08 12:45:00,7278.4
2019-01-08 13:00:00,7288.8
2019-01-08 13:15:00,7287.8
2019-01-08 13:30:00,7283.1
2019-01-08 13:45:00,7279.9
2019-01-08 14:00:00,7275.4
2019-01-08 14:15:00,7273.3
2019-01-08 14:30:00,7271.7
2019-01-08 14:45:00,7266.1
2019-01-08 15:00:00,7267.7
2019-01-08 15:15:00,7265.6
2019-01-08 15:30:00,7262.5
2019-01-08 15:45:00,7254.5
2019-01-08 16:00:00,7266.9
2019-01-08 16:15:00,7271.1
2019-01-08 16:30:00,7279.0
2019-01-08 16:45:00,7282.8
2019-01-08 17:00:00,7302.9
2019-01-08 17:15:00,7307.1
2019-01-08 17:30:00,7304.0
2019-01-08 17:45:00,7303.2
2019-01-08 18:00:00,7303.1
2019-01-08 18:15:00,7304.0
2019-01-08 18:30:00,7300.8
2019-01-08 18:45:00,7293.3
2019-01-08 19:00:00,7285.3
2019-01-08 19:15:00,7273.6
2019-01-08 19:30:00,7268.4
2019-01-08 19:45:00,7256.5
2019-01-08 20:00:00,7233.5
2019-01-08 20:15:00,7212.1
2019-01-08 20:30:00,7193.9
2019-01-08 20:45:00,7169.0
2019-01-08 21:00:00,7161.4
2019-01-08 21:15:00,7150.8
2019-01-08 21:30:00,7135.0
2019-01-08 21:45:00,7124.3
2019-01-08 22:00:00,7113.0
2019-01-08 22:15:00,7098.6
2019-01-08 22:30:00,7082.4
2019-01-08 22:45:00,7064.7
2019-01-08 23:00:00,7048.0
2019-01-08 23:15:00,7031.9
2019-01-08 23:30:00,7019.5
2019-01-08 23:45:00,7005.6
2019-01-09 00:00:00,6979.0
2019-01-09 00:15:00,6965.9
2019-01-09 00:30:00,6953.0
2019-01-09 00:45:00,6943.9
2019-01-09 01:00:00,6938.2
2019-01-09 01:15:00,6933.6
2019-01-09 01:30:00,6926.3
2019-01-09 01:45:00,6914.1
2019-01-09 02:00:00,6908.9
2019-01-09 02:15:00,6914.8
2019-01-09 02:30:00,6913.3
2019-01-09 02:45:00,6915.1
2019-01-09 03:00:00,6917.4
2019-01-09 03:15:00,6916.7
2019-01-09 03:30:00,6922.7
2019-01-09 03:45:00,6929.4
2019-01-09 04:00:00,6933.4
2019-01-09 04:15:00,6945.2
2019-01-09 04:30:00,6953.4
2019-01-09 04:45:00,6957.5
2019-01-09 05:00:00,6975.3
2019-01-09 05:15:00,6985.4
2019-01-09 05:30:00,7005.9
2019-01-09 05:45:00,7025.1
2019-01-09 06:00:00,7064.9
2019-01-09 06:15:00,7108.8
2019-01-09 06:30:00,7140.0
2019-01-09 06:45:00,7171.7
2019-01-09 07:00:00,7205.1
2019-01-09 07:15:00,7223.8
2019-01-09 07:30:00,7240.4
2019-01-09 07:45:00,7252.7
2019-01-09 08:00:00,7275.0
2019-01-09 08:15:00,7284.3
2019-01-09 08:30:00,7281.9
2019-01-09 08:45:00,7283.4
2019-01-09 09:00:00,7282.2
2019-01-09 09:15:00,7290.4
2019-01-09 09:30:00,7294.9
2019-01-09 09:45:00,7301.6
2019-01-09 10:00:00,7304.5
2019-01-09 10:15:00,7303.0
2019-01-09 10:30:00,7306.1
2019-01-09 10:45:00,7313.7
2019-01-09 11:00:00,7319.9
2019-01-09 11:15:00,7320.9
2019-01-09 11:30:00,7326.4
2019-01-09 11:45:00,7325.2
2019-01-09 12:00:00,7316.3
2019-01-09 12:15:00,7313.6
2019-01-09 12:30:00,7311.0
2019-01-09 12:45:00,7312.1
2019-01-09 13:00:00,7316.4
2019-01-09 13:15:00,7312.4
2019-01-09 13:30:00,7304.7
2019-01-09 13:45:00,7298.4
2019-01-09 14:00:00,7299.3
2019-01-09 14:15:00,7299.7
2019-01-09 14:30:00,7293.6
2019-01-09 14:45:00,7288.6
2019-01-09 15:00:00,7290.7
2019-01-09 15:15:00,7282.5
2019-01-09 15:30:00,7281.7
2019-01-09 15:45:00,7278.1
2019-01-09 16:00:00,7279.4
2019-01-09 16:15:00,7282.2
2019-01-09 16:30:00,7291.4
2019-01-09 16:45:00,7306.8
2019-01-09 17:00:00,7319.8
2019-01-09 17:15:00,7330.9
2019-01-09 17:30:00,7334.7
2019-01-09 17:45:00,7333.6
2019-01-09 18:00:00,7321.4
2019-01-09 18:15:00,7314.2
2019-01-09 18:30:00,7313.8
2019-01-09 18:45:00,7307.6
2019-01-09 19:00:00,7300.6
2019-01-09 19:15:00,7288.3
2019-01-09 19:30:00,7276.9
2019-01-09 19:45:00,7264.2
2019-01-09 20:00:00,7241.5
2019-01-09 20:15:00,7219.0
2019-01-09 20:30:00,7204.0
2019-01-09 20:45:00,7189.3
2019-01-09 21:00:00,7175.9
2019-01-09 21:15:00,7163.2
2019-01-09 21:30:00,7143.4
2019-01-09 21:45:00,7124.4
2019-01-09 22:00:00,7125.6
2019-01-09 22:15:00,7112.3
2019-01-09 22:30:00,7089.3
2019-01-09 22:45:00,7066.9
2019-01-09 23:00:00,7046.9
2019-01-09 23:15:00,7027.5
2019-01-09 23:30:00,7010.4
2019-01-09 23:45:00,6997.8
2019-01-10 00:00:00,6989.2
2019-01-10 00:15:00,6981.1
2019-01-10 00:30:00,6974.0
2019-01-10 00:45:00,6957.4
2019-01-10 01:00:00,6946.0
2019-01-10 01:15:00,6936.9
2019-01-10 01:30:00,6929.4
2019-01-10 01:45:00,6923.4
2019-01-10 02:00:00,6919.2
2019-01-10 02:15:00,6916.7
2019-01-10 02:30:00,6914.7
2019-01-10 02:45:00,6910.4
2019-01-10 03:00:00,6919.5
2019-01-10 03:15:00,6917.4
2019-01-10 03:30:00,6916.9
2019-01-10 03:45:00,6919.8
2019-01-10 04:00:00,6925.9
2019-01-10 04:15:00,6927.0
2019-01-10 04:30:00,6932.1
2019-01-10 04:45:00,6940.9
2019-01-10 05:00:00,6958.4
2019-01-10 05:15:00,6966.5
2019-01-10 05:30:00,6981.8
2019-01-10 05:45:00,7007.8
2019-01-10 06:00:00,7051.3
2019-01-10 06:15:00,7082.1
2019-01-10 06:30:00,7108.4
2019-01-10 06:45:00,7134.8
2019-01-10 07:00:00,7174.8
2019-01-10 07:15:00,7192.4
2019-01-10 07:30:00,7202.2
2019-01-10 07:45:00,7215.5
2019-01-10 08:00:00,7240.3
2019-01-10 08:15:00,7247.1
2019-01-10 08:30:00,7246.0
2019-01-10 08:45:00,7246.1
2019-01-10 09:00:00,7240.7
2019-01-10 09:15:00,7247.2
2019-01-10 09:30:00,7254.6
2019-01-10 09:45:00,7250.4
2019-01-10 10:00:00,7264.0
2019-01-10 10:15:00,7265.0
2019-01-10 10:30:00,7266.4
2019-01-10 10:45:00,7270.3
2019-01-10 11:00:00,7274.7
2019-01-10 11:15:00,7275.3
2019-01-10 11:30:00,7278.1
2019-01-10 11:45:00,7273.2
2019-01-10 12:00:00,7271.3
2019-01-10 12:15:00,7268.5
2019-01-10 12:30:00,7267.3
2019-01-10 12:45:00,7266.9
2019-01-10 13:00:00,7270.1
2019-01-10 13:15:00,7267.1
2019-01-10 13:30:00,7256.4
2019-01-10 13:45:00,7246.8
2019-01-10 14:00:00,7242.9
2019-01-10 14:15:00,7242.6
2019-01-10 14:30:00,7238.7
2019-01-10 14:45:00,7238.7
2019-01-10 15:00:00,7239.4
2019-01-10 15:15:00,7234.9
2019-01-10 15:30:00,7230.5
2019-01-10 15:45:00,7230.8
2019-01-10 16:00:00,7229.1
2019-01-10 16:15:00,7232.3
2019-01-10 16:30:00,7241.4
2019-01-10 16:45:00,7255.4
2019-01-10 17:00:00,7273.5
2019-01-10 17:15:00,7279.9
2019-01-10 17:30:00,7283.5
2019-01-10 17:45:00,7284.6
2019-01-10 18:00:00,7275.6
2019-01-10 18:15:00,7268.3
2019-01-10 18:30:00,7264.7
2019-01-10 18:45:00,7264.6
2019-01-10 19:00:00,7260.5
2019-01-10 19:15:00,7248.7
2019-01-10 19:30:00,7235.7
2019-01-10 19:45:00,7226.0
2019-01-10 20:00:00,7209.3
2019-01-10 20:15:00,7193.4
2019-01-10 20:30:00,7176.2
2019-01-10 20:45:00,7161.2
2019-01-10 21:00:00,7145.8
2019-01-10 21:15:00,7128.9
2019-01-10 21:30:00,7113.0
2019-01-10 21:45:00,7101.5
2019-01-10 22:00:00,7106.5
2019-01-10 22:15:00,7096.2
2019-01-10 22:30:00,7076.2
2019-01-10 22:45:00,7064.7
2019-01-10 23:00:00,7039.8
2019-01-10 23:15:00,7026.7
2019-01-10 23:30:00,7019.3
2019-01-10 23:45:00,7007.9
2019-01-11 00:00:00,7002.6
2019-01-11 00:15:00,6991.4
2019-01-11 00:30:00,6980.9
2019-01-11 00:45:00,6971.9
2019-01-11 01:00:00,6958.7
2019-01-11 01:15:00,6948.4
2019-01-11 01:30:00,6944.7
2019-01-11 01:45:00,6941.1
2019-01-11 02:00:00,6935.2
2019-01-11 02:15:00,6936.6
2019-01-11 02:30:00,6940.1
2019-01-11 02:45:00,6940.3
2019-01-11 03:00:00,6942.5
2019-01-11 03:15:00,6944.4
2019-01-11 03:30:00,6947.8
2019-01-11 03:45:00,6952.7
2019-01-11 04:00:00,6958.6
2019-01-11 04:15:00,6964.1
2019-01-11 04:30:00,6971.4
2019-01-11 04:45:00,6979.5
2019-01-11 05:00:00,6993.8
2019-01-11 05:15:00,7003.4
2019-01-11 05:30:00,7024.3
2019-01-11 05:45:00,7048.7
2019-01-11 06:00:00,7094.3
2019-01-11 06:15:00,7131.6
2019-01-11 06:30:00,7165.7
2019-01-11 06:45:00,7196.7
2019-01-11 07:00:00,7227.0
2019-01-11 07:15:00,7246.0
2019-01-11 07:30:00,7263.2
2019-01-11 07:45:00,7277.4
2019-01-11 08:00:00,7290.0
2019-01-11 08:15:00,7293.2
2019-01-11 08:30:00,7296.6
2019-01-11 08:45:00,7302.4
2019-01-11 09:00:00,7298.9
2019-01-11 09:15:00,7303.6
2019-01-11 09:30:00,7305.6
2019-01-11 09:45:00,7314.1
2019-01-11 10:00:00,7313.4
2019-01-11 10:15:00,7311.4
2019-01-11 10:30:00,7319.9
2019-01-11 10:45:00,7306.1
2019-01-11 11:00:00,7322.8
2019-01-11 11:15:00,7330.8
2019-01-11 11:30:00,7329.5
2019-01-11 11:45:00,7316.2
2019-01-11 12:00:00,7322.3
2019-01-11 12:15:00,7316.7
2019-01-11 12:30:00,7304.0
2019-01-11 12:45:00,7300.1
2019-01-11 13:00:00,7311.4
2019-01-11 13:15:00,7304.5
2019-01-11 13:30:00,7281.2
2019-01-11 13:45:00,7266.4
2019-01-11 14:00:00,7275.7
2019-01-11 14:15:00,7255.8
2019-01-11 14:30:00,7254.0
2019-01-11 14:45:00,7248.1
2019-01-11 15:00:00,7244.3
2019-01-11 15:15:00,7239.4
2019-01-11 15:30:00,7235.3
2019-01-11 15:45:00,7234.6
2019-01-11 16:00:00,7249.8
2019-01-11 16:15:00,7251.0
2019-01-11 16:30:00,7257.5
2019-01-11 16:45:00,7267.8
2019-01-11 17:00:00,7284.8
2019-01-11 17:15:00,7294.4
2019-01-11 17:30:00,7294.7
2019-01-11 17:45:00,7290.7
2019-01-11 18:00:00,7282.1
2019-01-11 18:15:00,7275.0
2019-01-11 18:30:00,7271.5
2019-01-11 18:45:00,7265.1
2019-01-11 19:00:00,7259.0
2019-01-11 19:15:00,7249.9
2019-01-11 19:30:00,7238.4
2019-01-11 19:45:00,7224.6
2019-01-11 20:00:00,7199.0
2019-01-11 20:15:00,7175.0
2019-01-11 20:30:00,7155.1
2019-01-11 20:45:00,7142.1
2019-01-11 21:00:00,7126.9
2019-01-11 21:15:00,7110.8
2019-01-11 21:30:00,7097.0
2019-01-11 21:45:00,7083.1
2019-01-11 22:00:00,7083.0
2019-01-11 22:15:00,7069.9
2019-01-11 22:30:00,7053.9
2019-01-11 22:45:00,7039.2
2019-01-11 23:00:00,7018.4
2019-01-11 23:15:00,7003.7
2019-01-11 23:30:00,6990.1
2019-01-11 23:45:00,6980.5
2019-01-12 00:00:00,6947.6
2019-01-12 00:15:00,6931.9
2019-01-12 00:30:00,6919.5
2019-01-12 00:45:00,6911.1
2019-01-12 01:00:00,6898.6
2019-01-12 01:15:00,6887.8
2019-01-12 01:30:00,6883.6
2019-01-12 01:45:00,6876.4
2019-01-12 02:00:00,6865.2
2019-01-12 02:15:00,6858.3
2019-01-12 02:30:00,6853.4
2019-01-12 02:45:00,6855.7
2019-01-12 03:00:00,6848.4
2019-01-12 03:15:00,6844.8
2019-01-12 03:30:00,6843.2
2019-01-12 03:45:00,6836.1
2019-01-12 04:00:00,6849.2
2019-01-12 04:15:00,6850.6
2019-01-12 04:30:00,6849.2
2019-01-12 04:45:00,6848.1
2019-01-12 05:00:00,6858.7
2019-01-12 05:15:00,6857.7
2019-01-12 05:30:00,6855.7
2019-01-12 05:45:00,6858.3
2019-01-12 06:00:00,6872.0
2019-01-12 06:15:00,6879.5
2019-01-12 06:30:00,6887.9
2019-01-12 06:45:00,6893.4
2019-01-12 07:00:00,6915.2
2019-01-12 07:15:00,6932.4
2019-01-12 07:30:00,6944.8
2019-01-12 07:45:00,6956.4
2019-01-12 08:00:00,6977.4
2019-01-12 08:15:00,6990.6
2019-01-12 08:30:00,6999.6
2019-01-12 08:45:00,7007.7
2019-01-12 09:00:00,7036.3
2019-01-12 09:15:00,7049.3
2019-01-12 09:30:00,7058.8
2019-01-12 09:45:00,7063.1
2019-01-12 10:00:00,7087.8
2019-01-12 10:15:00,7091.6
2019-01-12 10:30:00,7100.8
2019-01-12 10:45:00,7101.0
2019-01-12 11:00:00,7113.5
2019-01-12 11:15:00,7123.0
2019-01-12 11:30:00,7125.7
2019-01-12 11:45:00,7126.5
2019-01-12 12:00:00,7120.7
2019-01-12 12:15:00,7120.8
2019-01-12 12:30:00,7116.5
2019-01-12 12:45:00,7109.3
2019-01-12 13:00:00,7102.2
2019-01-12 13:15:00,7089.9
2019-01-12 13:30:00,7085.8
2019-01-12 13:45:00,7079.1
2019-01-12 14:00:00,7074.8
2019-01-12 14:15:00,7068.7
2019-01-12 14:30:00,7068.1
2019-01-12 14:45:00,7063.8
2019-01-12 15:00:00,7061.6
2019-01-12 15:15:00,7059.7
2019-01-12 15:30:00,7059.0
2019-01-12 15:45:00,7060.5
2019-01-12 16:00:00,7064.0
2019-01-12 16:15:00,7070.7
2019-01-12 16:30:00,7078.7
2019-01-12 16:45:00,7096.2
2019-01-12 17:00:00,7117.0
2019-01-12 17:15:00,7124.1
2019-01-12 17:30:00,7124.5
2019-01-12 17:45:00,7123.7
2019-01-12 18:00:00,7129.9
2019-01-12 18:15:00,7120.5
2019-01-12 18:30:00,7115.1
2019-01-12 18:45:00,7111.9
2019-01-12 19:00:00,7100.9
2019-01-12 19:15:00,7088.1
2019-01-12 19:30:00,7074.3
2019-01-12 19:45:00,7066.6
2019-01-12 20:00:00,7050.2
2019-01-12 20:15:00,7030.5
2019-01-12 20:30:00,7012.2
2019-01-12 20:45:00,7001.9
2019-01-12 21:00:00,6986.4
2019-01-12 21:15:00,6979.3
2019-01-12 21:30:00,6969.2
2019-01-12 21:45:00,6964.8
2019-01-12 22:00:00,6971.2
2019-01-12 22:15:00,6960.3
2019-01-12 22:30:00,6946.6
2019-01-12 22:45:00,6937.0
2019-01-12 23:00:00,6926.4
2019-01-12 23:15:00,6915.8
2019-01-12 23:30:00,6905.3
2019-01-12 23:45:00,6890.4
2019-01-13 00:00:00,6868.5
2019-01-13 00:15:00,6852.3
2019-01-13 00:30:00,6844.8
2019-01-13 00:45:00,6833.0
2019-01-13 01:00:00,6822.5
2019-01-13 01:15:00,6815.8
2019-01-13 01:30:00,6807.9
2019-01-13 01:45:00,6800.6
2019-01-13 02:00:00,6794.7
2019-01-13 02:15:00,6792.2
2019-01-13 02:30:00,6785.2
2019-01-13 02:45:00,6783.2
2019-01-13 03:00:00,6779.4
2019-01-13 03:15:00,6778.0
2019-01-13 03:30:00,6778.4
2019-01-13 03:45:00,6776.1
2019-01-13 04:00:00,6776.0
2019-01-13 04:15:00,6772.2
2019-01-13 04:30:00,6778.8
2019-01-13 04:45:00,6777.8
2019-01-13 05:00:00,6777.4
2019-01-13 05:15:00,6773.6
2019-01-13 05:30:00,6768.1
2019-01-13 05:45:00,6765.3
2019-01-13 06:00:00,6759.7
2019-01-13 06:15:00,6758.2
2019-01-13 06:30:00,6761.0
2019-01-13 06:45:00,6769.6
2019-01-13 07:00:00,6782.2
2019-01-13 07:15:00,6789.5
2019-01-13 07:30:00,6802.7
2019-01-13 07:45:00,6809.1
2019-01-13 08:00:00,6837.1
2019-01-13 08:15:00,6851.2
2019-01-13 08:30:00,6869.3
2019-01-13 08:45:00,6874.6
2019-01-13 09:00:00,6904.9
2019-01-13 09:15:00,6921.8
2019-01-13 09:30:00,6938.4
2019-01-13 09:45:00,6951.9
2019-01-13 10:00:00,6963.9
2019-01-13 10:15:00,6975.2
2019-01-13 10:30:00,6988.8
2019-01-13 10:45:00,7002.5
2019-01-13 11:00:00,7020.0
2019-01-13 11:15:00,7033.5
2019-01-13 11:30:00,7042.8
2019-01-13 11:45:00,7046.9
2019-01-13 12:00:00,7044.0
2019-01-13 12:15:00,7043.2
2019-01-13 12:30:00,7038.3
2019-01-13 12:45:00,7033.4
2019-01-13 13:00:00,7028.1
2019-01-13 13:15:00,7021.7
2019-01-13 13:30:00,7021.3
2019-01-13 13:45:00,7012.9
2019-01-13 14:00:00,7007.5
2019-01-13 14:15:00,7005.2
2019-01-13 14:30:00,7004.0
2019-01-13 14:45:00,6999.3
2019-01-13 15:00:00,6999.8
2019-01-13 15:15:00,6995.7
2019-01-13 15:30:00,6995.0
2019-01-13 15:45:00,6996.1
2019-01-13 16:00:00,7001.2
2019-01-13 16:15:00,7006.7
2019-01-13 16:30:00,7015.9
2019-01-13 16:45:00,7027.2
2019-01-13 17:00:00,7048.0
2019-01-13 17:15:00,7058.1
2019-01-13 17:30:00,7066.4
2019-01-13 17:45:00,7076.8
2019-01-13 18:00:00,7084.2
2019-01-13 18:15:00,7079.4
2019-01-13 18:30:00,7078.3
2019-01-13 18:45:00,7073.2
2019-01-13 19:00:00,7065.5
2019-01-13 19:15:00,7056.9
2019-01-13 19:30:00,7049.6
2019-01-13 19:45:00,7041.1
2019-01-13 20:00:00,7024.6
2019-01-13 20:15:00,7009.0
2019-01-13 20:30:00,6997.2
2019-01-13 20:45:00,6989.3
2019-01-13 21:00:00,6986.7
2019-01-13 21:15:00,6980.2
2019-01-13 21:30:00,6974.7
2019-01-13 21:45:00,6974.7
2019-01-13 22:00:00,6985.2
2019-01-13 22:15:00,6977.5
2019-01-13 22:30:00,6969.1
2019-01-13 22:45:00,6960.2
2019-01-13 23:00:00,6945.3
2019-01-13 23:15:00,6933.8
2019-01-13 23:30:00,6925.0
2019-01-13 23:45:00,6908.1
2019-01-14 00:00:00,6896.5
2019-01-14 00:15:00,6889.2
2019-01-14 00:30:00,6881.9
2019-01-14 00:45:00,6871.8
2019-01-14 01:00:00,6853.0
2019-01-14 01:15:00,6849.2
2019-01-14 01:30:00,6847.7
2019-01-14 01:45:00,6843.5
2019-01-14 02:00:00,6837.7
2019-01-14 02:15:00,6834.0
2019-01-14 02:30:00,6832.5
2019-01-14 02:45:00,6842.2
2019-01-14 03:00:00,6843.0
2019-01-14 03:15:00,6844.5
2019-01-14 03:30:00,6847.1
2019-01-14 03:45:00,6850.7
2019-01-14 04:00:00,6861.1
2019-01-14 04:15:00,6870.2
2019-01-14 04:30:00,6880.9
2019-01-14 04:45:00,6892.2
2019-01-14 05:00:00,6924.4
2019-01-14 05:15:00,6938.6
2019-01-14 05:30:00,6958.5
2019-01-14 05:45:00,6987.1
2019-01-14 06:00:00,7042.0
2019-01-14 06:15:00,7082.9
2019-01-14 06:30:00,7114.6
2019-01-14 06:45:00,7147.8
2019-01-14 07:00:00,7186.9
2019-01-14 07:15:00,7209.5
2019-01-14 07:30:00,7225.8
2019-01-14 07:45:00,7240.1
2019-01-14 08:00:00,7250.5
2019-01-14 08:15:00,7259.0
2019-01-14 08:30:00,7260.8
2019-01-14 08:45:00,7265.2
2019-01-14 09:00:00,7252.3
2019-01-14 09:15:00,7260.9
2019-01-14 09:30:00,7267.7
2019-01-14 09:45:00,7270.5
2019-01-14 10:00:00,7266.7
2019-01-14 10:15:00,7267.9
2019-01-14 10:30:00,7265.8
2019-01-14 10:45:00,7269.3
2019-01-14 11:00:00,7275.3
2019-01-14 11:15:00,7275.4
2019-01-14 11:30:00,7281.2
2019-01-14 11:45:00,7283.6
2019-01-14 12:00:00,7276.0
2019-01-14 12:15:00,7270.4
2019-01-14 12:30:00,7274.8
2019-01-14 12:45:00,7275.8
2019-01-14 13:00:00,7280.4
2019-01-14 13:15:00,7275.9
2019-01-14 13:30:00,7271.1
2019-01-14 13:45:00,7263.5
2019-01-14 14:00:00,7262.3
2019-01-14 14:15:00,7261.5
2019-01-14 14:30:00,7261.1
2019-01-14 14:45:00,7258.5
2019-01-14 15:00:00,7258.0
2019-01-14 15:15:00,7249.2
2019-01-14 15:30:00,7244.6
2019-01-14 15:45:00,7237.8
2019-01-14 16:00:00,7238.4
2019-01-14 16:15:00,7236.7
2019-01-14 16:30:00,7238.2
2019-01-14 16:45:00,7256.8
2019-01-14 17:00:00,7283.0
2019-01-14 17:15:00,7298.1
2019-01-14 17:30:00,7305.1
2019-01-14 17:45:00,7304.6
2019-01-14 18:00:00,7295.5
2019-01-14 18:15:00,7286.3
2019-01-14 18:30:00,7286.8
2019-01-14 18:45:00,7281.2
2019-01-14 19:00:00,7270.8
2019-01-14 19:15:00,7256.9
2019-01-14 19:30:00,7254.3
2019-01-14 19:45:00,7241.1
2019-01-14 20:00:00,7215.6
2019-01-14 20:15:00,7193.6
2019-01-14 20:30:00,7179.9
2019-01-14 20:45:00,7167.6
2019-01-14 21:00:00,7152.6
2019-01-14 21:15:00,7135.3
2019-01-14 21:30:00,7122.2
2019-01-14 21:45:00,7106.9
2019-01-14 22:00:00,7102.0
2019-01-14 22:15:00,7082.7
2019-01-14 22:30:00,7069.0
2019-01-14 22:45:00,7053.5
2019-01-14 23:00:00,7028.3
2019-01-14 23:15:00,7012.3
2019-01-14 23:30:00,7000.0
2019-01-14 23:45:00,6984.6
2019-01-15 00:00:00,6973.2
2019-01-15 00:15:00,6964.1
2019-01-15 00:30:00,6957.2
2019-01-15 00:45:00,6950.6
2019-01-15 01:00:00,6934.2
2019-01-15 01:15:00,6930.0
2019-01-15 01:30:00,6927.5
2019-01-15 01:45:00,6932.2
2019-01-15 02:00:00,6922.3
2019-01-15 02:15:00,6918.4
2019-01-15 02:30:00,6917.6
2019-01-15 02:45:00,6918.5
2019-01-15 03:00:00,6921.0
2019-01-15 03:15:00,6919.1
2019-01-15 03:30:00,6923.6
2019-01-15 03:45:00,6923.8
2019-01-15 04:00:00,6929.1
2019-01-15 04:15:00,6934.3
2019-01-15 04:30:00,6944.0
2019-01-15 04:45:00,6944.4
2019-01-15 05:00:00,6975.1
2019-01-15 05:15:00,6987.5
2019-01-15 05:30:00,7005.2
2019-01-15 05:45:00,7015.7
2019-01-15 06:00:00,7073.2
2019-01-15 06:15:00,7103.5
2019-01-15 06:30:00,7131.9
2019-01-15 06:45:00,7163.7
2019-01-15 07:00:00,7201.8
2019-01-15 07:15:00,7223.3
2019-01-15 07:30:00,7243.2
2019-01-15 07:45:00,7259.5
2019-01-15 08:00:00,7271.8
2019-01-15 08:15:00,7275.7
2019-01-15 08:30:00,7277.8
2019-01-15 08:45:00,7280.2
2019-01-15 09:00:00,7271.9
2019-01-15 09:15:00,7271.2
2019-01-15 09:30:00,7280.4
2019-01-15 09:45:00,7282.9
2019-01-15 10:00:00,7290.9
2019-01-15 10:15:00,7291.5
2019-01-15 10:30:00,7290.9
2019-01-15 10:45:00,7282.7
2019-01-15 11:00:00,7297.4
2019-01-15 11:15:00,7299.1
2019-01-15 11:30:00,7286.7
2019-01-15 11:45:00,7284.0
2019-01-15 12:00:00,7289.4
2019-01-15 12:15:00,7274.5
2019-01-15 12:30:00,7273.1
2019-01-15 12:45:00,7274.8
2019-01-15 13:00:00,7292.0
2019-01-15 13:15:00,7281.9
2019-01-15 13:30:00,7276.5
2019-01-15 13:45:00,7270.3
2019-01-15 14:00:00,7279.9
2019-01-15 14:15:00,7281.2
2019-01-15 14:30:00,7279.9
2019-01-15 14:45:00,7282.5
2019-01-15 15:00:00,7277.5
2019-01-15 15:15:00,7275.4
2019-01-15 15:30:00,7267.3
2019-01-15 15:45:00,7265.5
2019-01-15 16:00:00,7263.6
2019-01-15 16:15:00,7263.4
2019-01-15 16:30:00,7268.6
2019-01-15 16:45:00,7275.8
2019-01-15 17:00:00,7289.9
2019-01-15 17:15:00,7300.1
2019-01-15 17:30:00,7305.5
2019-01-15 17:45:00,7308.3
2019-01-15 18:00:00,7298.4
2019-01-15 18:15:00,7291.2
2019-01-15 18:30:00,7284.7
2019-01-15 18:45:00,7286.1
2019-01-15 19:00:00,7280.8
2019-01-15 19:15:00,7264.3
2019-01-15 19:30:00,7258.9
2019-01-15 19:45:00,7245.7
2019-01-15 20:00:00,7219.2
2019-01-15 20:15:00,7203.3
2019-01-15 20:30:00,7191.3
2019-01-15 20:45:00,7160.7
2019-01-15 21:00:00,7157.6
2019-01-15 21:15:00,7143.5
2019-01-15 21:30:00,7134.4
2019-01-15 21:45:00,7115.0
2019-01-15 22:00:00,7106.3
2019-01-15 22:15:00,7098.3
2019-01-15 22:30:00,7078.8
2019-01-15 22:45:00,7062.7
2019-01-15 23:00:00,7038.9
2019-01-15 23:15:00,7019.0
2019-01-15 23:30:00,7010.9
2019-01-15 23:45:00,6994.2
2019-01-16 00:00:00,6975.5
2019-01-16 00:15:00,6960.1
2019-01-16 00:30:00,6951.5
2019-01-16 00:45:00,6937.9
2019-01-16 01:00:00,6927.6
2019-01-16 01:15:00,6920.6
2019-01-16 01:30:00,6913.0
2019-01-16 01:45:00,6908.6
2019-01-16 02:00:00,6900.7
2019-01-16 02:15:00,6901.4
2019-01-16 02:30:00,6895.9
2019-01-16 02:45:00,6894.8
2019-01-16 03:00:00,6895.1
2019-01-16 03:15:00,6900.2
2019-01-16 03:30:00,6903.3
2019-01-16 03:45:00,6907.3
2019-01-16 04:00:00,6920.2
2019-01-16 04:15:00,6927.2
2019-01-16 04:30:00,6932.9
2019-01-16 04:45:00,6935.5
2019-01-16 05:00:00,6963.2
2019-01-16 05:15:00,6972.5
2019-01-16 05:30:00,6988.6
2019-01-16 05:45:00,7014.7
2019-01-16 06:00:00,7063.5
2019-01-16 06:15:00,7104.4
2019-01-16 06:30:00,7144.1
2019-01-16 06:45:00,7179.1
2019-01-16 07:00:00,7213.8
2019-01-16 07:15:00,7236.0
2019-01-16 07:30:00,7253.5
2019-01-16 07:45:00,7264.1
2019-01-16 08:00:00,7276.1
2019-01-16 08:15:00,7278.1
2019-01-16 08:30:00,7278.4
2019-01-16 08:45:00,7281.7
2019-01-16 09:00:00,7276.9
2019-01-16 09:15:00,7277.6
2019-01-16 09:30:00,7280.6
2019-01-16 09:45:00,7280.7
2019-01-16 10:00:00,7280.8
2019-01-16 10:15:00,7285.5
2019-01-16 10:30:00,7288.5
2019-01-16 10:45:00,7292.0
2019-01-16 11:00:00,7292.1
2019-01-16 11:15:00,7295.6
2019-01-16 11:30:00,7301.4
2019-01-16 11:45:00,7301.8
2019-01-16 12:00:00,7295.3
2019-01-16 12:15:00,7290.1
2019-01-16 12:30:00,7292.3
2019-01-16 12:45:00,7293.9
2019-01-16 13:00:00,7298.2
2019-01-16 13:15:00,7295.4
2019-01-16 13:30:00,7290.0
2019-01-16 13:45:00,7276.1
2019-01-16 14:00:00,7269.6
2019-01-16 14:15:00,7266.3
2019-01-16 14:30:00,7264.7
2019-01-16 14:45:00,7264.3
2019-01-16 15:00:00,7265.6
2019-01-16 15:15:00,7259.2
2019-01-16 15:30:00,7256.5
2019-01-16 15:45:00,7249.7
2019-01-16 16:00:00,7245.6
2019-01-16 16:15:00,7248.5
2019-01-16 16:30:00,7256.7
2019-01-16 16:45:00,7267.9
2019-01-16 17:00:00,7288.4
2019-01-16 17:15:00,7305.4
2019-01-16 17:30:00,7315.4
2019-01-16 17:45:00,7316.5
2019-01-16 18:00:00,7307.4
2019-01-16 18:15:00,7300.0
2019-01-16 18:30:00,7294.9
2019-01-16 18:45:00,7292.8
2019-01-16 19:00:00,7287.8
2019-01-16 19:15:00,7274.0
2019-01-16 19:30:00,7263.0
2019-01-16 19:45:00,7243.0
2019-01-16 20:00:00,7226.0
2019-01-16 20:15:00,7204.8
2019-01-16 20:30:00,7186.1
2019-01-16 20:45:00,7174.4
2019-01-16 21:00:00,7160.6
2019-01-16 21:15:00,7147.5
2019-01-16 21:30:00,7133.7
2019-01-16 21:45:00,7116.4
2019-01-16 22:00:00,7109.9
2019-01-16 22:15:00,7096.0
2019-01-16 22:30:00,7082.1
2019-01-16 22:45:00,7065.9
2019-01-16 23:00:00,7044.0
2019-01-16 23:15:00,7029.6
2019-01-16 23:30:00,7016.5
2019-01-16 23:45:00,7002.2
2019-01-17 00:00:00,6986.4
2019-01-17 00:15:00,6975.1
2019-01-17 00:30:00,6970.1
2019-01-17 00:45:00,6960.2
2019-01-17 01:00:00,6951.1
2019-01-17 01:15:00,6938.8
2019-01-17 01:30:00,6938.1
2019-01-17 01:45:00,6936.7
2019-01-17 02:00:00,6923.1
2019-01-17 02:15:00,6919.5
2019-01-17 02:30:00,6918.0
2019-01-17 02:45:00,6919.5
2019-01-17 03:00:00,6919.1
2019-01-17 03:15:00,6923.6
2019-01-17 03:30:00,6919.5
2019-01-17 03:45:00,6923.2
2019-01-17 04:00:00,6934.4
2019-01-17 04:15:00,6946.3
2019-01-17 04:30:00,6952.0
2019-01-17 04:45:00,6955.6
2019-01-17 05:00:00,6983.5
2019-01-17 05:15:00,6992.6
2019-01-17 05:30:00,7009.0
2019-01-17 05:45:00,7030.3
2019-01-17 06:00:00,7078.6
2019-01-17 06:15:00,7116.9
2019-01-17 06:30:00,7147.7
2019-01-17 06:45:00,7178.4
2019-01-17 07:00:00,7217.3
2019-01-17 07:15:00,7244.3
2019-01-17 07:30:00,7261.3
2019-01-17 07:45:00,7279.1
2019-01-17 08:00:00,7284.7
2019-01-17 08:15:00,7290.2
2019-01-17 08:30:00,7292.5
2019-01-17 08:45:00,7288.8
2019-01-17 09:00:00,7281.2
2019-01-17 09:15:00,7286.9
2019-01-17 09:30:00,7288.3
2019-01-17 09:45:00,7290.2
2019-01-17 10:00:00,7290.3
2019-01-17 10:15:00,7295.5
2019-01-17 10:30:00,7298.5
2019-01-17 10:45:00,7304.0
2019-01-17 11:00:00,7304.3
2019-01-17 11:15:00,7309.7
2019-01-17 11:30:00,7316.3
2019-01-17 11:45:00,7320.5
2019-01-17 12:00:00,7313.7
2019-01-17 12:15:00,7310.7
2019-01-17 12:30:00,7311.4
2019-01-17 12:45:00,7303.5
2019-01-17 13:00:00,7316.9
2019-01-17 13:15:00,7311.4
2019-01-17 13:30:00,7303.1
2019-01-17 13:45:00,7283.0
2019-01-17 14:00:00,7292.8
2019-01-17 14:15:00,7291.3
2019-01-17 14:30:00,7279.4
2019-01-17 14:45:00,7272.6
2019-01-17 15:00:00,7278.2
2019-01-17 15:15:00,7262.5
2019-01-17 15:30:00,7261.7
2019-01-17 15:45:00,7254.8
2019-01-17 16:00:00,7262.1
2019-01-17 16:15:00,7262.7
2019-01-17 16:30:00,7266.6
2019-01-17 16:45:00,7274.4
2019-01-17 17:00:00,7294.3
2019-01-17 17:15:00,7312.8
2019-01-17 17:30:00,7322.6
2019-01-17 17:45:00,7324.2
2019-01-17 18:00:00,7316.4
2019-01-17 18:15:00,7311.3
2019-01-17 18:30:00,7311.9
2019-01-17 18:45:00,7297.6
2019-01-17 19:00:00,7295.4
2019-01-17 19:15:00,7281.0
2019-01-17 19:30:00,7269.8
2019-01-17 19:45:00,7265.6
2019-01-17 20:00:00,7247.7
2019-01-17 20:15:00,7227.4
2019-01-17 20:30:00,7209.2
2019-01-17 20:45:00,7188.7
2019-01-17 21:00:00,7169.0
2019-01-17 21:15:00,7156.1
2019-01-17 21:30:00,7141.3
2019-01-17 21:45:00,7136.8
2019-01-17 22:00:00,7126.6
2019-01-17 22:15:00,7107.1
2019-01-17 22:30:00,7085.1
2019-01-17 22:45:00,7067.3
2019-01-17 23:00:00,7038.9
2019-01-17 23:15:00,7033.5
2019-01-17 23:30:00,7015.6
2019-01-17 23:45:00,7000.6
2019-01-18 00:00:00,6991.1
2019-01-18 00:15:00,6983.7
2019-01-18 00:30:00,6976.4
2019-01-18 00:45:00,6966.5
2019-01-18 01:00:00,6950.8
2019-01-18 01:15:00,6943.1
2019-01-18 01:30:00,6936.5
2019-01-18 01:45:00,6929.4
2019-01-18 02:00:00,6921.4
2019-01-18 02:15:00,6917.0
2019-01-18 02:30:00,6911.4
2019-01-18 02:45:00,6903.6
2019-01-18 03:00:00,6919.2
2019-01-18 03:15:00,6916.5
2019-01-18 03:30:00,6919.9
2019-01-18 03:45:00,6925.3
2019-01-18 04:00:00,6936.6
2019-01-18 04:15:00,6943.4
2019-01-18 04:30:00,6944.4
2019-01-18 04:45:00,6951.5
2019-01-18 05:00:00,6969.1
2019-01-18 05:15:00,6976.8
2019-01-18 05:30:00,6993.6
2019-01-18 05:45:00,7016.0
2019-01-18 06:00:00,7060.8
2019-01-18 06:15:00,7097.9
2019-01-18 06:30:00,7130.0
2019-01-18 06:45:00,7146.6
2019-01-18 07:00:00,7192.6
2019-01-18 07:15:00,7212.8
2019-01-18 07:30:00,7230.6
2019-01-18 07:45:00,7239.4
2019-01-18 08:00:00,7255.6
2019-01-18 08:15:00,7259.4
2019-01-18 08:30:00,7259.8
2019-01-18 08:45:00,7245.2
2019-01-18 09:00:00,7252.3
2019-01-18 09:15:00,7254.4
2019-01-18 09:30:00,7243.7
2019-01-18 09:45:00,7245.6
2019-01-18 10:00:00,7252.1
2019-01-18 10:15:00,7251.8
2019-01-18 10:30:00,7236.9
2019-01-18 10:45:00,7238.9
2019-01-18 11:00:00,7253.5
2019-01-18 11:15:00,7258.0
2019-01-18 11:30:00,7245.0
2019-01-18 11:45:00,7242.2
2019-01-18 12:00:00,7249.8
2019-01-18 12:15:00,7232.3
2019-01-18 12:30:00,7225.6
2019-01-18 12:45:00,7224.3
2019-01-18 13:00:00,7231.6
2019-01-18 13:15:00,7222.2
2019-01-18 13:30:00,7214.3
2019-01-18 13:45:00,7187.7
2019-01-18 14:00:00,7202.5
2019-01-18 14:15:00,7199.0
2019-01-18 14:30:00,7193.4
2019-01-18 14:45:00,7193.4
2019-01-18 15:00:00,7188.4
2019-01-18 15:15:00,7183.5
2019-01-18 15:30:00,7181.1
2019-01-18 15:45:00,7178.8
2019-01-18 16:00:00,7178.6
2019-01-18 16:15:00,7179.5
2019-01-18 16:30:00,7185.4
2019-01-18 16:45:00,7199.3
2019-01-18 17:00:00,7224.5
2019-01-18 17:15:00,7243.0
2019-01-18 17:30:00,7251.6
2019-01-18 17:45:00,7250.8
2019-01-18 18:00:00,7247.3
2019-01-18 18:15:00,7240.2
2019-01-18 18:30:00,7233.3
2019-01-18 18:45:00,7222.0
2019-01-18 19:00:00,7224.6
2019-01-18 19:15:00,7212.1
2019-01-18 19:30:00,7189.2
2019-01-18 19:45:00,7175.0
2019-01-18 20:00:00,7161.7
2019-01-18 20:15:00,7144.3
2019-01-18 20:30:00,7129.2
2019-01-18 20:45:00,7114.1
2019-01-18 21:00:00,7102.0
2019-01-18 21:15:00,7093.4
2019-01-18 21:30:00,7082.4
2019-01-18 21:45:00,7068.1
2019-01-18 22:00:00,7067.2
2019-01-18 22:15:00,7052.4
2019-01-18 22:30:00,7038.2
2019-01-18 22:45:00,7029.7
2019-01-18 23:00:00,7016.6
2019-01-18 23:15:00,7004.7
2019-01-18 23:30:00,6997.4
2019-01-18 23:45:00,6987.6
2019-01-19 00:00:00,6971.0
2019-01-19 00:15:00,6958.7
2019-01-19 00:30:00,6954.4
2019-01-19 00:45:00,6946.2
2019-01-19 01:00:00,6931.6
2019-01-19 01:15:00,6922.9
2019-01-19 01:30:00,6913.8
2019-01-19 01:45:00,6910.3
2019-01-19 02:00:00,6901.8
2019-01-19 02:15:00,6894.2
2019-01-19 02:30:00,6891.7
2019-01-19 02:45:00,6883.5
2019-01-19 03:00:00,6888.8
2019-01-19 03:15:00,6884.9
2019-01-19 03:30:00,6881.9
2019-01-19 03:45:00,6870.6
2019-01-19 04:00:00,6880.6
2019-01-19 04:15:00,6879.2
2019-01-19 04:30:00,6874.9
2019-01-19 04:45:00,6875.7
2019-01-19 05:00:00,6878.8
2019-01-19 05:15:00,6877.4
2019-01-19 05:30:00,6872.2
2019-01-19 05:45:00,6871.2
2019-01-19 06:00:00,6878.4
2019-01-19 06:15:00,6883.0
2019-01-19 06:30:00,6884.3
2019-01-19 06:45:00,6897.8
2019-01-19 07:00:00,6914.8
2019-01-19 07:15:00,6924.9
2019-01-19 07:30:00,6936.0
2019-01-19 07:45:00,6951.1
2019-01-19 08:00:00,6971.2
2019-01-19 08:15:00,6988.6
2019-01-19 08:30:00,6999.6
2019-01-19 08:45:00,7012.6
2019-01-19 09:00:00,7029.6
2019-01-19 09:15:00,7041.9
2019-01-19 09:30:00,7056.7
2019-01-19 09:45:00,7061.0
2019-01-19 10:00:00,7067.8
2019-01-19 10:15:00,7072.6
2019-01-19 10:30:00,7078.3
2019-01-19 10:45:00,7077.4
2019-01-19 11:00:00,7081.2
2019-01-19 11:15:00,7080.3
2019-01-19 11:30:00,7085.2
2019-01-19 11:45:00,7085.4
2019-01-19 12:00:00,7074.5
2019-01-19 12:15:00,7069.5
2019-01-19 12:30:00,7060.6
2019-01-19 12:45:00,7051.9
2019-01-19 13:00:00,7045.3
2019-01-19 13:15:00,7029.4
2019-01-19 13:30:00,7023.4
2019-01-19 13:45:00,7015.5
2019-01-19 14:00:00,7010.5
2019-01-19 14:15:00,7003.4
2019-01-19 14:30:00,6997.2
2019-01-19 14:45:00,6992.9
2019-01-19 15:00:00,6996.3
2019-01-19 15:15:00,6998.1
2019-01-19 15:30:00,6994.6
2019-01-19 15:45:00,6994.0
2019-01-19 16:00:00,7001.5
2019-01-19 16:15:00,7007.4
2019-01-19 16:30:00,7018.0
2019-01-19 16:45:00,7031.8
2019-01-19 17:00:00,7062.5
2019-01-19 17:15:00,7084.0
2019-01-19 17:30:00,7099.6
2019-01-19 17:45:00,7099.0
2019-01-19 18:00:00,7102.5
2019-01-19 18:15:00,7101.7
2019-01-19 18:30:00,7099.6
2019-01-19 18:45:00,7093.5
2019-01-19 19:00:00,7083.9
2019-01-19 19:15:00,7074.5
2019-01-19 19:30:00,7064.4
2019-01-19 19:45:00,7055.4
2019-01-19 20:00:00,7034.6
2019-01-19 20:15:00,7013.1
2019-01-19 20:30:00,6996.7
2019-01-19 20:45:00,6983.5
2019-01-19 21:00:00,6977.9
2019-01-19 21:15:00,6970.9
2019-01-19 21:30:00,6962.6
2019-01-19 21:45:00,6958.8
2019-01-19 22:00:00,6970.7
2019-01-19 22:15:00,6961.1
2019-01-19 22:30:00,6950.6
2019-01-19 22:45:00,6941.8
2019-01-19 23:00:00,6933.7
2019-01-19 23:15:00,6926.1
2019-01-19 23:30:00,6916.0
2019-01-19 23:45:00,6907.1
2019-01-20 00:00:00,6892.5
2019-01-20 00:15:00,6882.5
2019-01-20 00:30:00,6875.7
2019-01-20 00:45:00,6871.2
2019-01-20 01:00:00,6856.2
2019-01-20 01:15:00,6852.3
2019-01-20 01:30:00,6844.8
2019-01-20 01:45:00,6838.3
2019-01-20 02:00:00,6835.8
2019-01-20 02:15:00,6828.9
2019-01-20 02:30:00,6826.6
2019-01-20 02:45:00,6821.2
2019-01-20 03:00:00,6818.6
2019-01-20 03:15:00,6817.5
2019-01-20 03:30:00,6814.5
2019-01-20 03:45:00,6815.6
2019-01-20 04:00:00,6812.5
2019-01-20 04:15:00,6807.1
2019-01-20 04:30:00,6807.4
2019-01-20 04:45:00,6809.7
2019-01-20 05:00:00,6805.9
2019-01-20 05:15:00,6802.6
2019-01-20 05:30:00,6798.0
2019-01-20 05:45:00,6797.1
2019-01-20 06:00:00,6784.0
2019-01-20 06:15:00,6790.2
2019-01-20 06:30:00,6790.5
2019-01-20 06:45:00,6793.9
2019-01-20 07:00:00,6802.4
2019-01-20 07:15:00,6814.7
2019-01-20 07:30:00,6823.2
2019-01-20 07:45:00,6834.3
2019-01-20 08:00:00,6849.6
2019-01-20 08:15:00,6868.6
2019-01-20 08:30:00,6883.9
2019-01-20 08:45:00,6895.6
2019-01-20 09:00:00,6914.3
2019-01-20 09:15:00,6930.0
2019-01-20 09:30:00,6938.8
2019-01-20 09:45:00,6945.5
2019-01-20 10:00:00,6951.4
2019-01-20 10:15:00,6959.6
2019-01-20 10:30:00,6968.8
2019-01-20 10:45:00,6974.8
2019-01-20 11:00:00,6980.8
2019-01-20 11:15:00,6993.6
2019-01-20 11:30:00,7000.9
2019-01-20 11:45:00,7000.4
2019-01-20 12:00:00,6998.5
2019-01-20 12:15:00,6992.2
2019-01-20 12:30:00,6989.1
2019-01-20 12:45:00,6982.2
2019-01-20 13:00:00,6975.5
2019-01-20 13:15:00,6965.1
2019-01-20 13:30:00,6960.9
2019-01-20 13:45:00,6951.1
2019-01-20 14:00:00,6944.9
2019-01-20 14:15:00,6939.1
2019-01-20 14:30:00,6935.8
2019-01-20 14:45:00,6930.2
2019-01-20 15:00:00,6932.2
2019-01-20 15:15:00,6930.0
2019-01-20 15:30:00,6932.3
2019-01-20 15:45:00,6932.0
2019-01-20 16:00:00,6941.2
2019-01-20 16:15:00,6943.5
2019-01-20 16:30:00,6957.2
2019-01-20 16:45:00,6970.9
2019-01-20 17:00:00,6994.5
2019-01-20 17:15:00,7026.5
2019-01-20 17:30:00,7042.5
2019-01-20 17:45:00,7052.7
2019-01-20 18:00:00,7062.0
2019-01-20 18:15:00,7058.8
2019-01-20 18:30:00,7063.4
2019-01-20 18:45:00,7059.3
2019-01-20 19:00:00,7054.1
2019-01-20 19:15:00,7043.4
2019-01-20 19:30:00,7038.9
2019-01-20 19:45:00,7030.5
2019-01-20 20:00:00,7017.4
2019-01-20 20:15:00,7006.4
2019-01-20 20:30:00,6993.1
2019-01-20 20:45:00,6983.9
2019-01-20 21:00:00,6973.9
2019-01-20 21:15:00,6974.9
2019-01-20 21:30:00,6973.6
2019-01-20 21:45:00,6977.2
2019-01-20 22:00:00,6993.1
2019-01-20 22:15:00,6989.9
2019-01-20 22:30:00,6979.8
2019-01-20 22:45:00,6969.9
2019-01-20 23:00:00,6958.9
2019-01-20 23:15:00,6952.5
2019-01-20 23:30:00,6946.7
2019-01-20 23:45:00,6936.4
2019-01-21 00:00:00,6931.5
2019-01-21 00:15:00,6923.8
2019-01-21 00:30:00,6918.8
2019-01-21 00:45:00,6909.1
2019-01-21 01:00:00,6897.5
2019-01-21 01:15:00,6892.7
2019-01-21 01:30:00,6892.0
2019-01-21 01:45:00,6881.5
2019-01-21 02:00:00,6881.2
2019-01-21 02:15:00,6881.0
2019-01-21 02:30:00,6880.4
2019-01-21 02:45:00,6882.4
2019-01-21 03:00:00,6879.1
2019-01-21 03:15:00,6885.1
2019-01-21 03:30:00,6889.9
2019-01-21 03:45:00,6889.4
2019-01-21 04:00:00,6899.8
2019-01-21 04:15:00,6906.6
2019-01-21 04:30:00,6917.3
2019-01-21 04:45:00,6926.2
2019-01-21 05:00:00,6950.7
2019-01-21 05:15:00,6968.6
2019-01-21 05:30:00,6987.4
2019-01-21 05:45:00,7017.8
2019-01-21 06:00:00,7066.9
2019-01-21 06:15:00,7110.8
2019-01-21 06:30:00,7147.2
2019-01-21 06:45:00,7176.3
2019-01-21 07:00:00,7213.3
2019-01-21 07:15:00,7232.3
2019-01-21 07:30:00,7252.1
2019-01-21 07:45:00,7267.3
2019-01-21 08:00:00,7268.1
2019-01-21 08:15:00,7271.4
2019-01-21 08:30:00,7280.4
2019-01-21 08:45:00,7283.1
2019-01-21 09:00:00,7276.1
2019-01-21 09:15:00,7277.3
2019-01-21 09:30:00,7284.0
2019-01-21 09:45:00,7281.4
2019-01-21 10:00:00,7276.7
2019-01-21 10:15:00,7278.2
2019-01-21 10:30:00,7280.4
2019-01-21 10:45:00,7281.4
2019-01-21 11:00:00,7281.9
2019-01-21 11:15:00,7283.1
2019-01-21 11:30:00,7286.0
2019-01-21 11:45:00,7285.1
2019-01-21 12:00:00,7279.7
2019-01-21 12:15:00,7270.7
2019-01-21 12:30:00,7273.7
2019-01-21 12:45:00,7272.2
2019-01-21 13:00:00,7277.0
2019-01-21 13:15:00,7269.4
2019-01-21 13:30:00,7264.5
2019-01-21 13:45:00,7253.2
2019-01-21 14:00:00,7252.5
2019-01-21 14:15:00,7248.6
2019-01-21 14:30:00,7245.9
2019-01-21 14:45:00,7244.1
2019-01-21 15:00:00,7243.2
2019-01-21 15:15:00,7239.3
2019-01-21 15:30:00,7235.0
2019-01-21 15:45:00,7229.3
2019-01-21 16:00:00,7229.7
2019-01-21 16:15:00,7230.8
2019-01-21 16:30:00,7239.5
2019-01-21 16:45:00,7251.8
2019-01-21 17:00:00,7273.7
2019-01-21 17:15:00,7294.4
2019-01-21 17:30:00,7307.9
2019-01-21 17:45:00,7312.5
2019-01-21 18:00:00,7306.4
2019-01-21 18:15:00,7299.1
2019-01-21 18:30:00,7296.9
2019-01-21 18:45:00,7296.7
2019-01-21 19:00:00,7292.8
2019-01-21 19:15:00,7281.7
2019-01-21 19:30:00,7273.4
2019-01-21 19:45:00,7263.3
2019-01-21 20:00:00,7245.2
2019-01-21 20:15:00,7226.7
2019-01-21 20:30:00,7205.7
2019-01-21 20:45:00,7190.5
2019-01-21 21:00:00,7179.5
2019-01-21 21:15:00,7172.7
2019-01-21 21:30:00,7151.0
2019-01-21 21:45:00,7136.5
2019-01-21 22:00:00,7135.8
2019-01-21 22:15:00,7130.1
2019-01-21 22:30:00,7112.1
2019-01-21 22:45:00,7094.2
2019-01-21 23:00:00,7072.1
2019-01-21 23:15:00,7057.7
2019-01-21 23:30:00,7042.3
2019-01-21 23:45:00,7030.6
2019-01-22 00:00:00,7010.5
2019-01-22 00:15:00,7004.7
2019-01-22 00:30:00,7003.7
2019-01-22 00:45:00,6994.6
2019-01-22 01:00:00,6984.3
2019-01-22 01:15:00,6979.0
2019-01-22 01:30:00,6975.8
2019-01-22 01:45:00,6967.4
2019-01-22 02:00:00,6958.6
2019-01-22 02:15:00,6957.7
2019-01-22 02:30:00,6956.5
2019-01-22 02:45:00,6955.1
2019-01-22 03:00:00,6955.1
2019-01-22 03:15:00,6950.0
2019-01-22 03:30:00,6951.7
2019-01-22 03:45:00,6952.3
2019-01-22 04:00:00,6960.7
2019-01-22 04:15:00,6967.3
2019-01-22 04:30:00,6971.6
2019-01-22 04:45:00,6982.0
2019-01-22 05:00:00,7005.3
2019-01-22 05:15:00,7013.9
2019-01-22 05:30:00,7027.6
2019-01-22 05:45:00,7052.9
2019-01-22 06:00:00,7098.2
2019-01-22 06:15:00,7137.1
2019-01-22 06:30:00,7172.6
2019-01-22 06:45:00,7203.3
2019-01-22 07:00:00,7238.4
2019-01-22 07:15:00,7257.9
2019-01-22 07:30:00,7277.1
2019-01-22 07:45:00,7282.7
2019-01-22 08:00:00,7292.6
2019-01-22 08:15:00,7299.5
2019-01-22 08:30:00,7303.7
2019-01-22 08:45:00,7304.4
2019-01-22 09:00:00,7301.2
2019-01-22 09:15:00,7309.8
2019-01-22 09:30:00,7316.5
2019-01-22 09:45:00,7318.2
2019-01-22 10:00:00,7314.1
2019-01-22 10:15:00,7313.1
2019-01-22 10:30:00,7314.9
2019-01-22 10:45:00,7316.0
2019-01-22 11:00:00,7318.2
2019-01-22 11:15:00,7320.5
2019-01-22 11:30:00,7321.5
2019-01-22 11:45:00,7323.8
2019-01-22 12:00:00,7316.1
2019-01-22 12:15:00,7311.3
2019-01-22 12:30:00,7308.9
2019-01-22 12:45:00,7311.9
2019-01-22 13:00:00,7309.8
2019-01-22 13:15:00,7305.9
2019-01-22 13:30:00,7302.3
2019-01-22 13:45:00,7292.6
2019-01-22 14:00:00,7295.8
2019-01-22 14:15:00,7291.9
2019-01-22 14:30:00,7292.4
2019-01-22 14:45:00,7286.2
2019-01-22 15:00:00,7287.7
2019-01-22 15:15:00,7283.5
2019-01-22 15:30:00,7277.4
2019-01-22 15:45:00,7271.3
2019-01-22 16:00:00,7270.5
2019-01-22 16:15:00,7274.8
2019-01-22 16:30:00,7281.0
2019-01-22 16:45:00,7290.5
2019-01-22 17:00:00,7310.1
2019-01-22 17:15:00,7326.2
2019-01-22 17:30:00,7336.4
2019-01-22 17:45:00,7342.6
2019-01-22 18:00:00,7332.3
2019-01-22 18:15:00,7331.0
2019-01-22 18:30:00,7327.4
2019-01-22 18:45:00,7323.2
2019-01-22 19:00:00,7319.5
2019-01-22 19:15:00,7308.3
2019-01-22 19:30:00,7296.0
2019-01-22 19:45:00,7288.1
2019-01-22 20:00:00,7264.1
2019-01-22 20:15:00,7244.7
2019-01-22 20:30:00,7229.2
2019-01-22 20:45:00,7211.7
2019-01-22 21:00:00,7199.4
2019-01-22 21:15:00,7184.5
2019-01-22 21:30:00,7168.7
2019-01-22 21:45:00,7147.9
2019-01-22 22:00:00,7148.6
2019-01-22 22:15:00,7138.7
2019-01-22 22:30:00,7120.0
2019-01-22 22:45:00,7103.0
2019-01-22 23:00:00,7084.6
2019-01-22 23:15:00,7071.6
2019-01-22 23:30:00,7059.5
2019-01-22 23:45:00,7050.7
2019-01-23 00:00:00,7038.0
2019-01-23 00:15:00,7026.8
2019-01-23 00:30:00,7023.2
2019-01-23 00:45:00,7010.9
2019-01-23 01:00:00,6997.0
2019-01-23 01:15:00,6993.9
2019-01-23 01:30:00,6989.9
2019-01-23 01:45:00,6983.9
2019-01-23 02:00:00,6978.1
2019-01-23 02:15:00,6976.4
2019-01-23 02:30:00,6977.0
2019-01-23 02:45:00,6978.0
2019-01-23 03:00:00,6976.9
2019-01-23 03:15:00,6975.9
2019-01-23 03:30:00,6977.7
2019-01-23 03:45:00,6978.1
2019-01-23 04:00:00,6982.2
2019-01-23 04:15:00,6984.2
2019-01-23 04:30:00,6992.8
2019-01-23 04:45:00,6999.8
2019-01-23 05:00:00,7019.1
2019-01-23 05:15:00,7031.6
2019-01-23 05:30:00,7044.2
2019-01-23 05:45:00,7063.6
2019-01-23 06:00:00,7104.1
2019-01-23 06:15:00,7141.6
2019-01-23 06:30:00,7177.3
2019-01-23 06:45:00,7214.5
2019-01-23 07:00:00,7246.0
2019-01-23 07:15:00,7262.3
2019-01-23 07:30:00,7278.4
2019-01-23 07:45:00,7289.4
2019-01-23 08:00:00,7293.0
2019-01-23 08:15:00,7296.9
2019-01-23 08:30:00,7304.0
2019-01-23 08:45:00,7309.8
2019-01-23 09:00:00,7302.4
2019-01-23 09:15:00,7304.5
2019-01-23 09:30:00,7311.7
2019-01-23 09:45:00,7314.1
2019-01-23 10:00:00,7312.0
2019-01-23 10:15:00,7312.5
2019-01-23 10:30:00,7315.2
2019-01-23 10:45:00,7316.7
2019-01-23 11:00:00,7316.0
2019-01-23 11:15:00,7319.8
2019-01-23 11:30:00,7319.8
2019-01-23 11:45:00,7320.3
2019-01-23 12:00:00,7314.7
2019-01-23 12:15:00,7309.6
2019-01-23 12:30:00,7307.2
2019-01-23 12:45:00,7308.6
2019-01-23 13:00:00,7310.9
2019-01-23 13:15:00,7305.3
2019-01-23 13:30:00,7295.4
2019-01-23 13:45:00,7289.0
2019-01-23 14:00:00,7288.9
2019-01-23 14:15:00,7287.3
2019-01-23 14:30:00,7282.6
2019-01-23 14:45:00,7280.1
2019-01-23 15:00:00,7280.0
2019-01-23 15:15:00,7272.2
2019-01-23 15:30:00,7264.1
2019-01-23 15:45:00,7259.8
2019-01-23 16:00:00,7262.1
2019-01-23 16:15:00,7257.0
2019-01-23 16:30:00,7264.7
2019-01-23 16:45:00,7273.3
2019-01-23 17:00:00,7292.3
2019-01-23 17:15:00,7310.4
2019-01-23 17:30:00,7318.4
2019-01-23 17:45:00,7322.8
2019-01-23 18:00:00,7319.5
2019-01-23 18:15:00,7316.3
2019-01-23 18:30:00,7312.2
2019-01-23 18:45:00,7310.9
2019-01-23 19:00:00,7303.0
2019-01-23 19:15:00,7289.7
2019-01-23 19:30:00,7283.8
2019-01-23 19:45:00,7273.7
2019-01-23 20:00:00,7250.8
2019-01-23 20:15:00,7231.3
2019-01-23 20:30:00,7216.4
2019-01-23 20:45:00,7201.9
2019-01-23 21:00:00,7192.6
2019-01-23 21:15:00,7180.4
2019-01-23 21:30:00,7163.9
2019-01-23 21:45:00,7149.2
2019-01-23 22:00:00,7152.8
2019-01-23 22:15:00,7139.0
2019-01-23 22:30:00,7120.6
2019-01-23 22:45:00,7105.6
2019-01-23 23:00:00,7085.2
2019-01-23 23:15:00,7072.3
2019-01-23 23:30:00,7056.8
2019-01-23 23:45:00,7046.2
2019-01-24 00:00:00,7037.0
2019-01-24 00:15:00,7029.1
2019-01-24 00:30:00,7023.8
2019-01-24 00:45:00,7016.1
2019-01-24 01:00:00,7001.1
2019-01-24 01:15:00,6989.8
2019-01-24 01:30:00,6989.7
2019-01-24 01:45:00,6980.4
2019-01-24 02:00:00,6967.4
2019-01-24 02:15:00,6960.9
2019-01-24 02:30:00,6959.4
2019-01-24 02:45:00,6954.5
2019-01-24 03:00:00,6958.4
2019-01-24 03:15:00,6957.0
2019-01-24 03:30:00,6959.0
2019-01-24 03:45:00,6957.5
2019-01-24 04:00:00,6958.8
2019-01-24 04:15:00,6964.3
2019-01-24 04:30:00,6970.7
2019-01-24 04:45:00,6978.6
2019-01-24 05:00:00,6996.4
2019-01-24 05:15:00,7007.5
2019-01-24 05:30:00,7026.0
2019-01-24 05:45:00,7047.3
2019-01-24 06:00:00,7085.4
2019-01-24 06:15:00,7112.5
2019-01-24 06:30:00,7148.6
2019-01-24 06:45:00,7181.8
2019-01-24 07:00:00,7211.6
2019-01-24 07:15:00,7230.2
2019-01-24 07:30:00,7249.7
2019-01-24 07:45:00,7253.4
2019-01-24 08:00:00,7275.4
2019-01-24 08:15:00,7277.8
2019-01-24 08:30:00,7282.8
2019-01-24 08:45:00,7285.8
2019-01-24 09:00:00,7281.2
2019-01-24 09:15:00,7290.7
2019-01-24 09:30:00,7293.5
2019-01-24 09:45:00,7300.1
2019-01-24 10:00:00,7300.3
2019-01-24 10:15:00,7304.4
2019-01-24 10:30:00,7311.9
2019-01-24 10:45:00,7313.7
2019-01-24 11:00:00,7314.5
2019-01-24 11:15:00,7314.7
2019-01-24 11:30:00,7318.6
2019-01-24 11:45:00,7312.4
2019-01-24 12:00:00,7306.8
2019-01-24 12:15:00,7302.2
2019-01-24 12:30:00,7302.7
2019-01-24 12:45:00,7301.2
2019-01-24 13:00:00,7307.9
2019-01-24 13:15:00,7302.2
2019-01-24 13:30:00,7296.6
2019-01-24 13:45:00,7285.7
2019-01-24 14:00:00,7285.2
2019-01-24 14:15:00,7282.3
2019-01-24 14:30:00,7285.7
2019-01-24 14:45:00,7280.4
2019-01-24 15:00:00,7283.6
2019-01-24 15:15:00,7276.5
2019-01-24 15:30:00,7274.0
2019-01-24 15:45:00,7268.9
2019-01-24 16:00:00,7266.2
2019-01-24 16:15:00,7263.6
2019-01-24 16:30:00,7268.7
2019-01-24 16:45:00,7276.6
2019-01-24 17:00:00,7290.0
2019-01-24 17:15:00,7309.3
2019-01-24 17:30:00,7322.2
2019-01-24 17:45:00,7321.4
2019-01-24 18:00:00,7312.4
2019-01-24 18:15:00,7309.9
2019-01-24 18:30:00,7302.5
2019-01-24 18:45:00,7286.9
2019-01-24 19:00:00,7294.2
2019-01-24 19:15:00,7269.6
2019-01-24 19:30:00,7260.3
2019-01-24 19:45:00,7247.9
2019-01-24 20:00:00,7239.2
2019-01-24 20:15:00,7218.3
2019-01-24 20:30:00,7185.3
2019-01-24 20:45:00,7169.2
2019-01-24 21:00:00,7170.8
2019-01-24 21:15:00,7157.8
2019-01-24 21:30:00,7143.1
2019-01-24 21:45:00,7127.8
2019-01-24 22:00:00,7128.1
2019-01-24 22:15:00,7113.6
2019-01-24 22:30:00,7094.2
2019-01-24 22:45:00,7081.2
2019-01-24 23:00:00,7061.0
2019-01-24 23:15:00,7045.3
2019-01-24 23:30:00,7035.9
2019-01-24 23:45:00,7023.4
2019-01-25 00:00:00,7011.8
2019-01-25 00:15:00,7003.6
2019-01-25 00:30:00,7000.8
2019-01-25 00:45:00,6990.2
2019-01-25 01:00:00,6981.7
2019-01-25 01:15:00,6974.3
2019-01-25 01:30:00,6970.7
2019-01-25 01:45:00,6960.8
2019-01-25 02:00:00,6958.8
2019-01-25 02:15:00,6960.1
2019-01-25 02:30:00,6956.2
2019-01-25 02:45:00,6954.7
2019-01-25 03:00:00,6952.6
2019-01-25 03:15:00,6950.8
2019-01-25 03:30:00,6951.3
2019-01-25 03:45:00,6955.5
2019-01-25 04:00:00,6960.6
2019-01-25 04:15:00,6967.4
2019-01-25 04:30:00,6974.3
2019-01-25 04:45:00,6973.1
2019-01-25 05:00:00,6991.8
2019-01-25 05:15:00,7002.0
2019-01-25 05:30:00,7020.3
2019-01-25 05:45:00,7043.9
2019-01-25 06:00:00,7084.0
2019-01-25 06:15:00,7124.0
2019-01-25 06:30:00,7155.7
2019-01-25 06:45:00,7186.1
2019-01-25 07:00:00,7218.2
2019-01-25 07:15:00,7243.7
2019-01-25 07:30:00,7261.3
2019-01-25 07:45:00,7273.2
2019-01-25 08:00:00,7284.4
2019-01-25 08:15:00,7290.7
2019-01-25 08:30:00,7292.8
2019-01-25 08:45:00,7295.2
2019-01-25 09:00:00,7294.4
2019-01-25 09:15:00,7297.7
2019-01-25 09:30:00,7303.1
2019-01-25 09:45:00,7301.7
2019-01-25 10:00:00,7301.1
2019-01-25 10:15:00,7303.8
2019-01-25 10:30:00,7309.1
2019-01-25 10:45:00,7308.1
2019-01-25 11:00:00,7307.8
2019-01-25 11:15:00,7311.1
2019-01-25 11:30:00,7311.5
2019-01-25 11:45:00,7306.6
2019-01-25 12:00:00,7301.5
2019-01-25 12:15:00,7296.8
2019-01-25 12:30:00,7291.8
2019-01-25 12:45:00,7287.6
2019-01-25 13:00:00,7282.4
2019-01-25 13:15:00,7274.7
2019-01-25 13:30:00,7268.2
2019-01-25 13:45:00,7254.8
2019-01-25 14:00:00,7253.3
2019-01-25 14:15:00,7254.1
2019-01-25 14:30:00,7239.9
2019-01-25 14:45:00,7234.5
2019-01-25 15:00:00,7239.7
2019-01-25 15:15:00,7225.9
2019-01-25 15:30:00,7222.9
2019-01-25 15:45:00,7218.0
2019-01-25 16:00:00,7219.4
2019-01-25 16:15:00,7220.6
2019-01-25 16:30:00,7228.4
2019-01-25 16:45:00,7237.2
2019-01-25 17:00:00,7264.4
2019-01-25 17:15:00,7281.4
2019-01-25 17:30:00,7290.7
2019-01-25 17:45:00,7287.7
2019-01-25 18:00:00,7292.2
2019-01-25 18:15:00,7286.2
2019-01-25 18:30:00,7283.5
2019-01-25 18:45:00,7279.9
2019-01-25 19:00:00,7279.6
2019-01-25 19:15:00,7263.0
2019-01-25 19:30:00,7253.3
2019-01-25 19:45:00,7240.3
2019-01-25 20:00:00,7214.8
2019-01-25 20:15:00,7199.9
2019-01-25 20:30:00,7182.7
2019-01-25 20:45:00,7171.0
2019-01-25 21:00:00,7160.8
2019-01-25 21:15:00,7150.3
2019-01-25 21:30:00,7136.7
2019-01-25 21:45:00,7126.4
2019-01-25 22:00:00,7129.9
2019-01-25 22:15:00,7120.9
2019-01-25 22:30:00,7102.4
2019-01-25 22:45:00,7091.7
2019-01-25 23:00:00,7068.4
2019-01-25 23:15:00,7058.8
2019-01-25 23:30:00,7046.8
2019-01-25 23:45:00,7034.8
2019-01-26 00:00:00,7021.3
2019-01-26 00:15:00,7006.0
2019-01-26 00:30:00,6998.4
2019-01-26 00:45:00,6984.6
2019-01-26 01:00:00,6969.3
2019-01-26 01:15:00,6959.8
2019-01-26 01:30:00,6956.6
2019-01-26 01:45:00,6949.5
2019-01-26 02:00:00,6937.2
2019-01-26 02:15:00,6933.4
2019-01-26 02:30:00,6927.4
2019-01-26 02:45:00,6926.6
2019-01-26 03:00:00,6923.4
2019-01-26 03:15:00,6918.3
2019-01-26 03:30:00,6916.2
2019-01-26 03:45:00,6911.9
2019-01-26 04:00:00,6914.0
2019-01-26 04:15:00,6910.0
2019-01-26 04:30:00,6913.1
2019-01-26 04:45:00,6913.3
2019-01-26 05:00:00,6917.9
2019-01-26 05:15:00,6910.3
2019-01-26 05:30:00,6900.6
2019-01-26 05:45:00,6896.0
2019-01-26 06:00:00,6908.9
2019-01-26 06:15:00,6912.1
2019-01-26 06:30:00,6922.9
2019-01-26 06:45:00,6927.4
2019-01-26 07:00:00,6954.9
2019-01-26 07:15:00,6966.0
2019-01-26 07:30:00,6973.2
2019-01-26 07:45:00,6987.1
2019-01-26 08:00:00,7017.5
2019-01-26 08:15:00,7027.5
2019-01-26 08:30:00,7040.1
2019-01-26 08:45:00,7050.6
2019-01-26 09:00:00,7069.6
2019-01-26 09:15:00,7080.3
2019-01-26 09:30:00,7094.9
2019-01-26 09:45:00,7107.6
2019-01-26 10:00:00,7112.1
2019-01-26 10:15:00,7120.2
2019-01-26 10:30:00,7122.3
2019-01-26 10:45:00,7126.6
2019-01-26 11:00:00,7127.3
2019-01-26 11:15:00,7128.5
2019-01-26 11:30:00,7136.5
2019-01-26 11:45:00,7132.5
2019-01-26 12:00:00,7127.4
2019-01-26 12:15:00,7125.2
2019-01-26 12:30:00,7121.7
2019-01-26 12:45:00,7110.1
2019-01-26 13:00:00,7099.8
2019-01-26 13:15:00,7086.9
2019-01-26 13:30:00,7085.4
2019-01-26 13:45:00,7074.5
2019-01-26 14:00:00,7069.5
2019-01-26 14:15:00,7064.4
2019-01-26 14:30:00,7064.3
2019-01-26 14:45:00,7061.8
2019-01-26 15:00:00,7056.5
2019-01-26 15:15:00,7056.0
2019-01-26 15:30:00,7051.0
2019-01-26 15:45:00,7048.1
2019-01-26 16:00:00,7043.5
2019-01-26 16:15:00,7052.2
2019-01-26 16:30:00,7055.4
2019-01-26 16:45:00,7064.8
2019-01-26 17:00:00,7085.7
2019-01-26 17:15:00,7102.6
2019-01-26 17:30:00,7116.2
2019-01-26 17:45:00,7120.6
2019-01-26 18:00:00,7125.8
2019-01-26 18:15:00,7120.7
2019-01-26 18:30:00,7109.4
2019-01-26 18:45:00,7103.6
2019-01-26 19:00:00,7101.8
2019-01-26 19:15:00,7089.5
2019-01-26 19:30:00,7068.7
2019-01-26 19:45:00,7054.4
2019-01-26 20:00:00,7034.4
2019-01-26 20:15:00,7016.6
2019-01-26 20:30:00,7000.7
2019-01-26 20:45:00,6993.0
2019-01-26 21:00:00,6983.9
2019-01-26 21:15:00,6981.0
2019-01-26 21:30:00,6978.5
2019-01-26 21:45:00,6973.4
2019-01-26 22:00:00,6983.5
2019-01-26 22:15:00,6971.3
2019-01-26 22:30:00,6960.4
2019-01-26 22:45:00,6949.0
2019-01-26 23:00:00,6929.4
2019-01-26 23:15:00,6916.9
2019-01-26 23:30:00,6910.7
2019-01-26 23:45:00,6903.1
2019-01-27 00:00:00,6885.1
2019-01-27 00:15:00,6872.3
2019-01-27 00:30:00,6868.3
2019-01-27 00:45:00,6858.7
2019-01-27 01:00:00,6846.8
2019-01-27 01:15:00,6837.9
2019-01-27 01:30:00,6832.4
2019-01-27 01:45:00,6827.2
2019-01-27 02:00:00,6816.7
2019-01-27 02:15:00,6810.3
2019-01-27 02:30:00,6811.9
2019-01-27 02:45:00,6809.6
2019-01-27 03:00:00,6808.3
2019-01-27 03:15:00,6806.1
2019-01-27 03:30:00,6804.5
2019-01-27 03:45:00,6805.8
2019-01-27 04:00:00,6805.9
2019-01-27 04:15:00,6803.3
2019-01-27 04:30:00,6805.9
2019-01-27 04:45:00,6802.3
2019-01-27 05:00:00,6801.8
2019-01-27 05:15:00,6799.0
2019-01-27 05:30:00,6794.4
2019-01-27 05:45:00,6789.2
2019-01-27 06:00:00,6781.8
2019-01-27 06:15:00,6779.6
2019-01-27 06:30:00,6781.7
2019-01-27 06:45:00,6785.8
2019-01-27 07:00:00,6803.3
2019-01-27 07:15:00,6814.4
2019-01-27 07:30:00,6824.8
2019-01-27 07:45:00,6840.8
2019-01-27 08:00:00,6849.5
2019-01-27 08:15:00,6860.4
2019-01-27 08:30:00,6870.2
2019-01-27 08:45:00,6884.2
2019-01-27 09:00:00,6908.6
2019-01-27 09:15:00,6919.0
2019-01-27 09:30:00,6934.9
2019-01-27 09:45:00,6942.2
2019-01-27 10:00:00,6959.5
2019-01-27 10:15:00,6962.2
2019-01-27 10:30:00,6974.0
2019-01-27 10:45:00,6981.8
2019-01-27 11:00:00,7004.0
2019-01-27 11:15:00,7013.8
2019-01-27 11:30:00,7023.2
2019-01-27 11:45:00,7021.5
2019-01-27 12:00:00,7022.8
2019-01-27 12:15:00,7016.8
2019-01-27 12:30:00,7010.8
2019-01-27 12:45:00,7001.1
2019-01-27 13:00:00,6985.6
2019-01-27 13:15:00,6977.9
2019-01-27 13:30:00,6968.5
2019-01-27 13:45:00,6958.5
2019-01-27 14:00:00,6953.9
2019-01-27 14:15:00,6946.5
2019-01-27 14:30:00,6949.2
2019-01-27 14:45:00,6942.7
2019-01-27 15:00:00,6943.1
2019-01-27 15:15:00,6939.5
2019-01-27 15:30:00,6933.0
2019-01-27 15:45:00,6929.4
2019-01-27 16:00:00,6935.4
2019-01-27 16:15:00,6943.6
2019-01-27 16:30:00,6947.5
2019-01-27 16:45:00,6960.0
2019-01-27 17:00:00,6988.3
2019-01-27 17:15:00,7008.1
2019-01-27 17:30:00,7027.1
2019-01-27 17:45:00,7035.8
2019-01-27 18:00:00,7043.8
2019-01-27 18:15:00,7045.0
2019-01-27 18:30:00,7046.5
2019-01-27 18:45:00,7043.7
2019-01-27 19:00:00,7046.2
2019-01-27 19:15:00,7036.9
2019-01-27 19:30:00,7031.6
2019-01-27 19:45:00,7020.6
2019-01-27 20:00:00,7015.5
2019-01-27 20:15:00,7003.3
2019-01-27 20:30:00,6988.4
2019-01-27 20:45:00,6975.5
2019-01-27 21:00:00,6975.0
2019-01-27 21:15:00,6973.6
2019-01-27 21:30:00,6970.0
2019-01-27 21:45:00,6969.1
2019-01-27 22:00:00,6985.0
2019-01-27 22:15:00,6978.1
2019-01-27 22:30:00,6966.5
2019-01-27 22:45:00,6957.7
2019-01-27 23:00:00,6939.9
2019-01-27 23:15:00,6925.9
2019-01-27 23:30:00,6912.0
2019-01-27 23:45:00,6902.8
2019-01-28 00:00:00,6894.7
2019-01-28 00:15:00,6883.4
2019-01-28 00:30:00,6872.6
2019-01-28 00:45:00,6869.9
2019-01-28 01:00:00,6859.7
2019-01-28 01:15:00,6851.4
2019-01-28 01:30:00,6849.3
2019-01-28 01:45:00,6844.8
2019-01-28 02:00:00,6842.9
2019-01-28 02:15:00,6842.6
2019-01-28 02:30:00,6842.9
2019-01-28 02:45:00,6844.1
2019-01-28 03:00:00,6846.3
2019-01-28 03:15:00,6846.9
2019-01-28 03:30:00,6852.7
2019-01-28 03:45:00,6855.7
2019-01-28 04:00:00,6866.7
2019-01-28 04:15:00,6873.3
2019-01-28 04:30:00,6885.4
2019-01-28 04:45:00,6892.6
2019-01-28 05:00:00,6912.1
2019-01-28 05:15:00,6926.2
2019-01-28 05:30:00,6947.0
2019-01-28 05:45:00,6978.0
2019-01-28 06:00:00,7028.8
2019-01-28 06:15:00,7072.0
2019-01-28 06:30:00,7116.3
2019-01-28 06:45:00,7154.1
2019-01-28 07:00:00,7184.4
2019-01-28 07:15:00,7210.1
2019-01-28 07:30:00,7225.4
2019-01-28 07:45:00,7239.1
2019-01-28 08:00:00,7253.1
2019-01-28 08:15:00,7259.9
2019-01-28 08:30:00,7262.5
2019-01-28 08:45:00,7256.6
2019-01-28 09:00:00,7265.5
2019-01-28 09:15:00,7262.2
2019-01-28 09:30:00,7269.2
2019-01-28 09:45:00,7277.4
2019-01-28 10:00:00,7283.3
2019-01-28 10:15:00,7289.4
2019-01-28 10:30:00,7291.6
2019-01-28 10:45:00,7297.4
2019-01-28 11:00:00,7294.1
2019-01-28 11:15:00,7298.4
2019-01-28 11:30:00,7302.9
2019-01-28 11:45:00,7302.9
2019-01-28 12:00:00,7298.3
2019-01-28 12:15:00,7296.1
2019-01-28 12:30:00,7301.1
2019-01-28 12:45:00,7303.9
2019-01-28 13:00:00,7302.0
2019-01-28 13:15:00,7300.8
2019-01-28 13:30:00,7297.5
2019-01-28 13:45:00,7287.0
2019-01-28 14:00:00,7281.6
2019-01-28 14:15:00,7286.6
2019-01-28 14:30:00,7281.6
2019-01-28 14:45:00,7283.0
2019-01-28 15:00:00,7279.4
2019-01-28 15:15:00,7274.8
2019-01-28 15:30:00,7270.1
2019-01-28 15:45:00,7266.1
2019-01-28 16:00:00,7263.0
2019-01-28 16:15:00,7260.2
2019-01-28 16:30:00,7262.3
2019-01-28 16:45:00,7268.1
2019-01-28 17:00:00,7281.7
2019-01-28 17:15:00,7296.6
2019-01-28 17:30:00,7309.1
2019-01-28 17:45:00,7313.7
2019-01-28 18:00:00,7305.3
2019-01-28 18:15:00,7299.1
2019-01-28 18:30:00,7297.0
2019-01-28 18:45:00,7284.1
2019-01-28 19:00:00,7281.6
2019-01-28 19:15:00,7263.0
2019-01-28 19:30:00,7252.6
2019-01-28 19:45:00,7246.9
2019-01-28 20:00:00,7224.9
2019-01-28 20:15:00,7203.4
2019-01-28 20:30:00,7183.1
2019-01-28 20:45:00,7170.8
2019-01-28 21:00:00,7154.3
2019-01-28 21:15:00,7143.4
2019-01-28 21:30:00,7129.8
2019-01-28 21:45:00,7117.8
2019-01-28 22:00:00,7117.2
2019-01-28 22:15:00,7102.8
2019-01-28 22:30:00,7083.7
2019-01-28 22:45:00,7058.1
2019-01-28 23:00:00,7042.8
2019-01-28 23:15:00,7030.5
2019-01-28 23:30:00,7018.7
2019-01-28 23:45:00,6990.8
2019-01-29 00:00:00,6987.4
2019-01-29 00:15:00,6971.2
2019-01-29 00:30:00,6964.1
2019-01-29 00:45:00,6955.8
2019-01-29 01:00:00,6944.4
2019-01-29 01:15:00,6941.5
2019-01-29 01:30:00,6938.0
2019-01-29 01:45:00,6932.8
2019-01-29 02:00:00,6923.1
2019-01-29 02:15:00,6920.2
2019-01-29 02:30:00,6921.8
2019-01-29 02:45:00,6925.5
2019-01-29 03:00:00,6928.9
2019-01-29 03:15:00,6927.8
2019-01-29 03:30:00,6927.5
2019-01-29 03:45:00,6931.7
2019-01-29 04:00:00,6937.5
2019-01-29 04:15:00,6946.5
2019-01-29 04:30:00,6954.5
2019-01-29 04:45:00,6965.2
2019-01-29 05:00:00,6991.3
2019-01-29 05:15:00,6998.7
2019-01-29 05:30:00,7018.3
2019-01-29 05:45:00,7044.1
2019-01-29 06:00:00,7089.7
2019-01-29 06:15:00,7131.0
2019-01-29 06:30:00,7161.2
2019-01-29 06:45:00,7186.1
2019-01-29 07:00:00,7219.3
2019-01-29 07:15:00,7240.2
2019-01-29 07:30:00,7255.3
2019-01-29 07:45:00,7262.6
2019-01-29 08:00:00,7275.8
2019-01-29 08:15:00,7280.3
2019-01-29 08:30:00,7278.9
2019-01-29 08:45:00,7280.8
2019-01-29 09:00:00,7279.1
2019-01-29 09:15:00,7283.3
2019-01-29 09:30:00,7285.4
2019-01-29 09:45:00,7285.7
2019-01-29 10:00:00,7278.0
2019-01-29 10:15:00,7281.2
2019-01-29 10:30:00,7285.2
2019-01-29 10:45:00,7282.7
2019-01-29 11:00:00,7285.1
2019-01-29 11:15:00,7285.5
2019-01-29 11:30:00,7277.7
2019-01-29 11:45:00,7270.3
2019-01-29 12:00:00,7273.8
2019-01-29 12:15:00,7268.2
2019-01-29 12:30:00,7270.3
2019-01-29 12:45:00,7266.8
2019-01-29 13:00:00,7267.1
2019-01-29 13:15:00,7265.6
2019-01-29 13:30:00,7261.5
2019-01-29 13:45:00,7251.0
2019-01-29 14:00:00,7248.8
2019-01-29 14:15:00,7247.1
2019-01-29 14:30:00,7246.1
2019-01-29 14:45:00,7229.9
2019-01-29 15:00:00,7245.1
2019-01-29 15:15:00,7235.6
2019-01-29 15:30:00,7229.5
2019-01-29 15:45:00,7224.2
2019-01-29 16:00:00,7217.2
2019-01-29 16:15:00,7213.2
2019-01-29 16:30:00,7214.9
2019-01-29 16:45:00,7224.7
2019-01-29 17:00:00,7240.4
2019-01-29 17:15:00,7250.5
2019-01-29 17:30:00,7272.2
2019-01-29 17:45:00,7284.2
2019-01-29 18:00:00,7284.2
2019-01-29 18:15:00,7280.3
2019-01-29 18:30:00,7276.1
2019-01-29 18:45:00,7275.6
2019-01-29 19:00:00,7266.2
2019-01-29 19:15:00,7252.5
2019-01-29 19:30:00,7242.1
2019-01-29 19:45:00,7233.1
2019-01-29 20:00:00,7217.9
2019-01-29 20:15:00,7195.6
2019-01-29 20:30:00,7180.5
2019-01-29 20:45:00,7164.7
2019-01-29 21:00:00,7145.6
2019-01-29 21:15:00,7137.0
2019-01-29 21:30:00,7117.2
2019-01-29 21:45:00,7106.5
2019-01-29 22:00:00,7107.6
2019-01-29 22:15:00,7096.7
2019-01-29 22:30:00,7073.9
2019-01-29 22:45:00,7061.4
2019-01-29 23:00:00,7040.8
2019-01-29 23:15:00,7023.0
2019-01-29 23:30:00,7007.9
2019-01-29 23:45:00,6997.5
2019-01-30 00:00:00,6999.2
2019-01-30 00:15:00,6988.4
2019-01-30 00:30:00,6980.3
2019-01-30 00:45:00,6970.6
2019-01-30 01:00:00,6967.8
2019-01-30 01:15:00,6959.2
2019-01-30 01:30:00,6955.1
2019-01-30 01:45:00,6939.6
2019-01-30 02:00:00,6932.5
2019-01-30 02:15:00,6931.9
2019-01-30 02:30:00,6932.3
2019-01-30 02:45:00,6931.5
2019-01-30 03:00:00,6939.7
2019-01-30 03:15:00,6927.7
2019-01-30 03:30:00,6932.8
2019-01-30 03:45:00,6937.1
2019-01-30 04:00:00,6941.5
2019-01-30 04:15:00,6945.5
2019-01-30 04:30:00,6954.6
2019-01-30 04:45:00,6961.4
2019-01-30 05:00:00,6986.5
2019-01-30 05:15:00,7003.6
2019-01-30 05:30:00,7020.8
2019-01-30 05:45:00,7037.7
2019-01-30 06:00:00,7073.7
2019-01-30 06:15:00,7130.4
2019-01-30 06:30:00,7159.8
2019-01-30 06:45:00,7181.6
2019-01-30 07:00:00,7210.2
2019-01-30 07:15:00,7223.9
2019-01-30 07:30:00,7234.5
2019-01-30 07:45:00,7244.4
2019-01-30 08:00:00,7253.6
2019-01-30 08:15:00,7254.0
2019-01-30 08:30:00,7255.2
2019-01-30 08:45:00,7258.5
2019-01-30 09:00:00,7254.9
2019-01-30 09:15:00,7254.0
2019-01-30 09:30:00,7255.1
2019-01-30 09:45:00,7254.8
2019-01-30 10:00:00,7283.4
2019-01-30 10:15:00,7285.1
2019-01-30 10:30:00,7290.0
2019-01-30 10:45:00,7291.6
2019-01-30 11:00:00,7296.9
2019-01-30 11:15:00,7301.6
2019-01-30 11:30:00,7304.0
2019-01-30 11:45:00,7297.9
2019-01-30 12:00:00,7293.9
2019-01-30 12:15:00,7292.6
2019-01-30 12:30:00,7291.5
2019-01-30 12:45:00,7292.5
2019-01-30 13:00:00,7298.6
2019-01-30 13:15:00,7293.1
2019-01-30 13:30:00,7288.4
2019-01-30 13:45:00,7277.4
2019-01-30 14:00:00,7274.2
2019-01-30 14:15:00,7275.0
2019-01-30 14:30:00,7267.9
2019-01-30 14:45:00,7259.6
2019-01-30 15:00:00,7258.3
2019-01-30 15:15:00,7251.5
2019-01-30 15:30:00,7249.5
2019-01-30 15:45:00,7239.1
2019-01-30 16:00:00,7235.5
2019-01-30 16:15:00,7234.2
2019-01-30 16:30:00,7238.9
2019-01-30 16:45:00,7243.3
2019-01-30 17:00:00,7257.2
2019-01-30 17:15:00,7275.9
2019-01-30 17:30:00,7291.8
2019-01-30 17:45:00,7300.3
2019-01-30 18:00:00,7295.6
2019-01-30 18:15:00,7290.0
2019-01-30 18:30:00,7287.5
2019-01-30 18:45:00,7281.2
2019-01-30 19:00:00,7278.0
2019-01-30 19:15:00,7265.4
2019-01-30 19:30:00,7254.1
2019-01-30 19:45:00,7242.6
2019-01-30 20:00:00,7224.4
2019-01-30 20:15:00,7201.8
2019-01-30 20:30:00,7187.0
2019-01-30 20:45:00,7172.2
2019-01-30 21:00:00,7158.2
2019-01-30 21:15:00,7147.1
2019-01-30 21:30:00,7128.9
2019-01-30 21:45:00,7119.2
2019-01-30 22:00:00,7117.1
2019-01-30 22:15:00,7106.7
2019-01-30 22:30:00,7088.0
2019-01-30 22:45:00,7074.6
2019-01-30 23:00:00,7052.2
2019-01-30 23:15:00,7036.7
2019-01-30 23:30:00,7019.6
2019-01-30 23:45:00,7008.2
2019-01-31 00:00:00,6989.8
2019-01-31 00:15:00,6984.1
2019-01-31 00:30:00,6979.1
2019-01-31 00:45:00,6968.2
2019-01-31 01:00:00,6956.4
2019-01-31 01:15:00,6951.9
2019-01-31 01:30:00,6947.1
2019-01-31 01:45:00,6938.8
2019-01-31 02:00:00,6934.4
2019-01-31 02:15:00,6928.8
2019-01-31 02:30:00,6931.7
2019-01-31 02:45:00,6930.1
2019-01-31 03:00:00,6929.2
2019-01-31 03:15:00,6929.7
2019-01-31 03:30:00,6931.7
2019-01-31 03:45:00,6934.5
2019-01-31 04:00:00,6943.0
2019-01-31 04:15:00,6943.8
2019-01-31 04:30:00,6952.6
2019-01-31 04:45:00,6964.3
2019-01-31 05:00:00,6983.6
2019-01-31 05:15:00,6991.1
2019-01-31 05:30:00,7006.1
2019-01-31 05:45:00,7025.0
2019-01-31 06:00:00,7062.2
2019-01-31 06:15:00,7102.5
2019-01-31 06:30:00,7131.4
2019-01-31 06:45:00,7159.1
2019-01-31 07:00:00,7192.0
2019-01-31 07:15:00,7209.6
2019-01-31 07:30:00,7225.8
2019-01-31 07:45:00,7238.1
2019-01-31 08:00:00,7246.0
2019-01-31 08:15:00,7247.7
2019-01-31 08:30:00,7248.2
2019-01-31 08:45:00,7247.2
2019-01-31 09:00:00,7244.2
2019-01-31 09:15:00,7244.7
2019-01-31 09:30:00,7249.9
2019-01-31 09:45:00,7256.7
2019-01-31 10:00:00,7260.9
2019-01-31 10:15:00,7260.9
2019-01-31 10:30:00,7261.7
2019-01-31 10:45:00,7263.8
2019-01-31 11:00:00,7264.7
2019-01-31 11:15:00,7268.3
2019-01-31 11:30:00,7267.1
2019-01-31 11:45:00,7260.1
2019-01-31 12:00:00,7252.5
2019-01-31 12:15:00,7246.7
2019-01-31 12:30:00,7246.0
2019-01-31 12:45:00,7246.4
2019-01-31 13:00:00,7248.1
2019-01-31 13:15:00,7243.4
2019-01-31 13:30:00,7234.4
2019-01-31 13:45:00,7220.7
2019-01-31 14:00:00,7222.8
2019-01-31 14:15:00,7218.6
2019-01-31 14:30:00,7214.6
2019-01-31 14:45:00,7210.4
2019-01-31 15:00:00,7215.4
2019-01-31 15:15:00,7209.1
2019-01-31 15:30:00,7205.7
2019-01-31 15:45:00,7195.0
2019-01-31 16:00:00,7198.2
2019-01-31 16:15:00,7199.9
2019-01-31 16:30:00,7201.7
2019-01-31 16:45:00,7210.0
2019-01-31 17:00:00,7226.5
2019-01-31 17:15:00,7247.7
2019-01-31 17:30:00,7269.1
2019-01-31 17:45:00,7278.2
2019-01-31 18:00:00,7273.2
2019-01-31 18:15:00,7269.7
2019-01-31 18:30:00,7270.1
2019-01-31 18:45:00,7264.1
2019-01-31 19:00:00,7256.5
2019-01-31 19:15:00,7250.3
2019-01-31 19:30:00,7239.3
2019-01-31 19:45:00,7233.6
2019-01-31 20:00:00,7210.2
2019-01-31 20:15:00,7195.3
2019-01-31 20:30:00,7180.1
2019-01-31 20:45:00,7166.3
2019-01-31 21:00:00,7153.1
2019-01-31 21:15:00,7140.8
2019-01-31 21:30:00,7128.2
2019-01-31 21:45:00,7117.4
2019-01-31 22:00:00,7116.2
2019-01-31 22:15:00,7109.7
2019-01-31 22:30:00,7094.5
2019-01-31 22:45:00,7078.9
2019-01-31 23:00:00,7062.6
2019-01-31 23:15:00,7046.7
2019-01-31 23:30:00,7031.3
2019-01-31 23:45:00,7014.0
2019-02-01 00:00:00,7002.4
2019-02-01 00:15:00,6993.9
2019-02-01 00:30:00,6995.9
2019-02-01 00:45:00,6984.1
2019-02-01 01:00:00,6971.2
2019-02-01 01:15:00,6964.6
2019-02-01 01:30:00,6961.2
2019-02-01 01:45:00,6960.3
2019-02-01 02:00:00,6956.3
2019-02-01 02:15:00,6954.2
2019-02-01 02:30:00,6952.3
2019-02-01 02:45:00,6955.2
2019-02-01 03:00:00,6952.6
2019-02-01 03:15:00,6952.7
2019-02-01 03:30:00,6956.6
2019-02-01 03:45:00,6960.5
2019-02-01 04:00:00,6964.8
2019-02-01 04:15:00,6962.9
2019-02-01 04:30:00,6973.2
2019-02-01 04:45:00,6979.9
2019-02-01 05:00:00,7002.6
2019-02-01 05:15:00,7015.7
2019-02-01 05:30:00,7028.2
2019-02-01 05:45:00,7051.6
2019-02-01 06:00:00,7093.0
2019-02-01 06:15:00,7128.0
2019-02-01 06:30:00,7152.4
2019-02-01 06:45:00,7182.7
2019-02-01 07:00:00,7213.5
2019-02-01 07:15:00,7236.1
2019-02-01 07:30:00,7248.5
2019-02-01 07:45:00,7259.2
2019-02-01 08:00:00,7263.7
2019-02-01 08:15:00,7269.6
2019-02-01 08:30:00,7277.3
2019-02-01 08:45:00,7279.9
2019-02-01 09:00:00,7273.5
2019-02-01 09:15:00,7283.0
2019-02-01 09:30:00,7290.5
2019-02-01 09:45:00,7292.2
2019-02-01 10:00:00,7289.7
2019-02-01 10:15:00,7291.3
2019-02-01 10:30:00,7296.2
2019-02-01 10:45:00,7300.6
2019-02-01 11:00:00,7296.9
2019-02-01 11:15:00,7299.9
2019-02-01 11:30:00,7298.4
2019-02-01 11:45:00,7294.1
2019-02-01 12:00:00,7288.1
2019-02-01 12:15:00,7281.3
2019-02-01 12:30:00,7276.9
2019-02-01 12:45:00,7271.9
2019-02-01 13:00:00,7268.1
2019-02-01 13:15:00,7256.9
2019-02-01 13:30:00,7246.2
2019-02-01 13:45:00,7232.3
2019-02-01 14:00:00,7226.5
2019-02-01 14:15:00,7221.0
2019-02-01 14:30:00,7216.7
2019-02-01 14:45:00,7210.4
2019-02-01 15:00:00,7209.5
2019-02-01 15:15:00,7205.4
2019-02-01 15:30:00,7196.8
2019-02-01 15:45:00,7189.6
2019-02-01 16:00:00,7186.8
2019-02-01 16:15:00,7188.9
2019-02-01 16:30:00,7194.2
2019-02-01 16:45:00,7198.4
2019-02-01 17:00:00,7205.0
2019-02-01 17:15:00,7223.8
2019-02-01 17:30:00,7246.7
2019-02-01 17:45:00,7255.3
2019-02-01 18:00:00,7250.6
2019-02-01 18:15:00,7248.9
2019-02-01 18:30:00,7242.2
2019-02-01 18:45:00,7232.2
2019-02-01 19:00:00,7230.6
2019-02-01 19:15:00,7218.7
2019-02-01 19:30:00,7204.2
2019-02-01 19:45:00,7190.4
2019-02-01 20:00:00,7172.9
2019-02-01 20:15:00,7152.6
2019-02-01 20:30:00,7131.0
2019-02-01 20:45:00,7115.1
2019-02-01 21:00:00,7095.1
2019-02-01 21:15:00,7080.0
2019-02-01 21:30:00,7067.6
2019-02-01 21:45:00,7058.2
2019-02-01 22:00:00,7061.0
2019-02-01 22:15:00,7047.2
2019-02-01 22:30:00,7027.5
2019-02-01 22:45:00,7016.1
2019-02-01 23:00:00,6997.3
2019-02-01 23:15:00,6978.0
2019-02-01 23:30:00,6963.3
2019-02-01 23:45:00,6949.0
2019-02-02 00:00:00,6945.2
2019-02-02 00:15:00,6931.8
2019-02-02 00:30:00,6924.4
2019-02-02 00:45:00,6914.3
2019-02-02 01:00:00,6906.3
2019-02-02 01:15:00,6896.7
2019-02-02 01:30:00,6892.4
2019-02-02 01:45:00,6885.8
2019-02-02 02:00:00,6874.8
2019-02-02 02:15:00,6868.1
2019-02-02 02:30:00,6864.8
2019-02-02 02:45:00,6865.3
2019-02-02 03:00:00,6866.3
2019-02-02 03:15:00,6865.3
2019-02-02 03:30:00,6867.0
2019-02-02 03:45:00,6865.1
2019-02-02 04:00:00,6865.4
2019-02-02 04:15:00,6864.5
2019-02-02 04:30:00,6864.5
2019-02-02 04:45:00,6864.8
2019-02-02 05:00:00,6867.5
2019-02-02 05:15:00,6865.4
2019-02-02 05:30:00,6866.0
2019-02-02 05:45:00,6863.9
2019-02-02 06:00:00,6866.6
2019-02-02 06:15:00,6872.5
2019-02-02 06:30:00,6882.6
2019-02-02 06:45:00,6890.5
2019-02-02 07:00:00,6908.1
2019-02-02 07:15:00,6924.6
2019-02-02 07:30:00,6939.5
2019-02-02 07:45:00,6955.2
2019-02-02 08:00:00,6974.1
2019-02-02 08:15:00,6985.4
2019-02-02 08:30:00,7001.1
2019-02-02 08:45:00,7013.7
2019-02-02 09:00:00,7032.9
2019-02-02 09:15:00,7038.9
2019-02-02 09:30:00,7050.9
2019-02-02 09:45:00,7058.6
2019-02-02 10:00:00,7067.4
2019-02-02 10:15:00,7070.4
2019-02-02 10:30:00,7075.2
2019-02-02 10:45:00,7079.4
2019-02-02 11:00:00,7083.9
2019-02-02 11:15:00,7085.5
2019-02-02 11:30:00,7089.7
2019-02-02 11:45:00,7090.0
2019-02-02 12:00:00,7082.3
2019-02-02 12:15:00,7079.1
2019-02-02 12:30:00,7070.0
2019-02-02 12:45:00,7057.6
2019-02-02 13:00:00,7049.9
2019-02-02 13:15:00,7040.8
2019-02-02 13:30:00,7035.2
2019-02-02 13:45:00,7028.1
2019-02-02 14:00:00,7027.3
2019-02-02 14:15:00,7028.0
2019-02-02 14:30:00,7022.8
2019-02-02 14:45:00,7016.2
2019-02-02 15:00:00,7017.0
2019-02-02 15:15:00,7013.1
2019-02-02 15:30:00,7011.6
2019-02-02 15:45:00,7005.8
2019-02-02 16:00:00,7004.7
2019-02-02 16:15:00,7009.6
2019-02-02 16:30:00,7016.1
2019-02-02 16:45:00,7023.4
2019-02-02 17:00:00,7036.5
2019-02-02 17:15:00,7058.2
2019-02-02 17:30:00,7079.9
2019-02-02 17:45:00,7091.9
2019-02-02 18:00:00,7098.3
2019-02-02 18:15:00,7096.9
2019-02-02 18:30:00,7093.6
2019-02-02 18:45:00,7089.1
2019-02-02 19:00:00,7076.3
2019-02-02 19:15:00,7064.0
2019-02-02 19:30:00,7052.7
2019-02-02 19:45:00,7042.3
2019-02-02 20:00:00,7022.7
2019-02-02 20:15:00,6999.7
2019-02-02 20:30:00,6989.3
2019-02-02 20:45:00,6978.9
2019-02-02 21:00:00,6971.2
2019-02-02 21:15:00,6957.1
2019-02-02 21:30:00,6949.7
2019-02-02 21:45:00,6946.6
2019-02-02 22:00:00,6960.4
2019-02-02 22:15:00,6952.2
2019-02-02 22:30:00,6938.8
2019-02-02 22:45:00,6932.4
2019-02-02 23:00:00,6920.4
2019-02-02 23:15:00,6911.6
2019-02-02 23:30:00,6903.2
2019-02-02 23:45:00,6897.4
2019-02-03 00:00:00,6881.7
2019-02-03 00:15:00,6869.7
2019-02-03 00:30:00,6860.3
2019-02-03 00:45:00,6854.2
2019-02-03 01:00:00,6842.3
2019-02-03 01:15:00,6838.1
2019-02-03 01:30:00,6827.5
2019-02-03 01:45:00,6821.9
2019-02-03 02:00:00,6813.2
2019-02-03 02:15:00,6806.2
2019-02-03 02:30:00,6804.9
2019-02-03 02:45:00,6806.6
2019-02-03 03:00:00,6796.7
2019-02-03 03:15:00,6790.7
2019-02-03 03:30:00,6792.8
2019-02-03 03:45:00,6797.3
2019-02-03 04:00:00,6800.6
2019-02-03 04:15:00,6797.8
2019-02-03 04:30:00,6799.6
2019-02-03 04:45:00,6801.2
2019-02-03 05:00:00,6801.4
2019-02-03 05:15:00,6794.2
2019-02-03 05:30:00,6794.4
2019-02-03 05:45:00,6787.9
2019-02-03 06:00:00,6783.5
2019-02-03 06:15:00,6782.7
2019-02-03 06:30:00,6788.1
2019-02-03 06:45:00,6796.3
2019-02-03 07:00:00,6803.6
2019-02-03 07:15:00,6807.9
2019-02-03 07:30:00,6813.8
2019-02-03 07:45:00,6824.2
2019-02-03 08:00:00,6845.4
2019-02-03 08:15:00,6864.5
2019-02-03 08:30:00,6882.1
2019-02-03 08:45:00,6897.3
2019-02-03 09:00:00,6920.8
2019-02-03 09:15:00,6933.6
2019-02-03 09:30:00,6943.5
2019-02-03 09:45:00,6950.6
2019-02-03 10:00:00,6966.3
2019-02-03 10:15:00,6976.3
2019-02-03 10:30:00,6985.4
2019-02-03 10:45:00,6990.6
2019-02-03 11:00:00,6999.0
2019-02-03 11:15:00,7012.9
2019-02-03 11:30:00,7018.1
2019-02-03 11:45:00,7015.7
2019-02-03 12:00:00,7014.5
2019-02-03 12:15:00,7014.1
2019-02-03 12:30:00,7008.0
2019-02-03 12:45:00,6995.9
2019-02-03 13:00:00,6992.0
2019-02-03 13:15:00,6979.6
2019-02-03 13:30:00,6972.1
2019-02-03 13:45:00,6963.7
2019-02-03 14:00:00,6957.8
2019-02-03 14:15:00,6957.7
2019-02-03 14:30:00,6956.0
2019-02-03 14:45:00,6952.5
2019-02-03 15:00:00,6949.1
2019-02-03 15:15:00,6944.5
2019-02-03 15:30:00,6943.2
2019-02-03 15:45:00,6938.6
2019-02-03 16:00:00,6942.6
2019-02-03 16:15:00,6946.2
2019-02-03 16:30:00,6951.9
2019-02-03 16:45:00,6958.7
2019-02-03 17:00:00,6972.5
2019-02-03 17:15:00,6995.2
2019-02-03 17:30:00,7017.8
2019-02-03 17:45:00,7037.1
2019-02-03 18:00:00,7057.4
2019-02-03 18:15:00,7066.5
2019-02-03 18:30:00,7061.5
2019-02-03 18:45:00,7058.4
2019-02-03 19:00:00,7054.1
2019-02-03 19:15:00,7049.7
2019-02-03 19:30:00,7039.6
2019-02-03 19:45:00,7031.3
2019-02-03 20:00:00,7020.1
2019-02-03 20:15:00,7004.0
2019-02-03 20:30:00,6989.1
2019-02-03 20:45:00,6978.5
2019-02-03 21:00:00,6972.3
2019-02-03 21:15:00,6968.9
2019-02-03 21:30:00,6965.9
2019-02-03 21:45:00,6968.4
2019-02-03 22:00:00,6985.6
2019-02-03 22:15:00,6980.9
2019-02-03 22:30:00,6967.4
2019-02-03 22:45:00,6958.1
2019-02-03 23:00:00,6949.3
2019-02-03 23:15:00,6936.5
2019-02-03 23:30:00,6925.5
2019-02-03 23:45:00,6920.0
2019-02-04 00:00:00,6906.2
2019-02-04 00:15:00,6896.5
2019-02-04 00:30:00,6892.8
2019-02-04 00:45:00,6885.3
2019-02-04 01:00:00,6876.6
2019-02-04 01:15:00,6870.7
2019-02-04 01:30:00,6869.5
2019-02-04 01:45:00,6866.5
2019-02-04 02:00:00,6859.4
2019-02-04 02:15:00,6861.3
2019-02-04 02:30:00,6863.5
2019-02-04 02:45:00,6862.4
2019-02-04 03:00:00,6858.3
2019-02-04 03:15:00,6858.7
2019-02-04 03:30:00,6862.8
2019-02-04 03:45:00,6868.0
2019-02-04 04:00:00,6876.3
2019-02-04 04:15:00,6886.7
2019-02-04 04:30:00,6894.8
2019-02-04 04:45:00,6907.8
2019-02-04 05:00:00,6937.7
2019-02-04 05:15:00,6946.8
2019-02-04 05:30:00,6967.8
2019-02-04 05:45:00,6996.4
2019-02-04 06:00:00,7039.1
2019-02-04 06:15:00,7081.1
2019-02-04 06:30:00,7119.3
2019-02-04 06:45:00,7154.6
2019-02-04 07:00:00,7189.4
2019-02-04 07:15:00,7214.1
2019-02-04 07:30:00,7223.9
2019-02-04 07:45:00,7234.0
2019-02-04 08:00:00,7244.9
2019-02-04 08:15:00,7250.2
2019-02-04 08:30:00,7250.9
2019-02-04 08:45:00,7252.6
2019-02-04 09:00:00,7246.5
2019-02-04 09:15:00,7251.0
2019-02-04 09:30:00,7253.1
2019-02-04 09:45:00,7258.0
2019-02-04 10:00:00,7260.0
2019-02-04 10:15:00,7257.2
2019-02-04 10:30:00,7258.3
2019-02-04 10:45:00,7260.4
2019-02-04 11:00:00,7266.9
2019-02-04 11:15:00,7266.9
2019-02-04 11:30:00,7266.6
2019-02-04 11:45:00,7264.2
2019-02-04 12:00:00,7256.7
2019-02-04 12:15:00,7252.3
2019-02-04 12:30:00,7249.1
2019-02-04 12:45:00,7247.6
2019-02-04 13:00:00,7251.5
2019-02-04 13:15:00,7246.7
2019-02-04 13:30:00,7241.7
2019-02-04 13:45:00,7231.3
2019-02-04 14:00:00,7227.4
2019-02-04 14:15:00,7228.4
2019-02-04 14:30:00,7229.1
2019-02-04 14:45:00,7223.5
2019-02-04 15:00:00,7226.6
2019-02-04 15:15:00,7225.3
2019-02-04 15:30:00,7222.0
2019-02-04 15:45:00,7221.1
2019-02-04 16:00:00,7218.7
2019-02-04 16:15:00,7221.8
2019-02-04 16:30:00,7222.6
2019-02-04 16:45:00,7229.7
2019-02-04 17:00:00,7241.6
2019-02-04 17:15:00,7258.6
2019-02-04 17:30:00,7280.8
2019-02-04 17:45:00,7301.0
2019-02-04 18:00:00,7303.1
2019-02-04 18:15:00,7301.1
2019-02-04 18:30:00,7302.8
2019-02-04 18:45:00,7300.7
2019-02-04 19:00:00,7295.0
2019-02-04 19:15:00,7280.0
2019-02-04 19:30:00,7268.0
2019-02-04 19:45:00,7262.8
2019-02-04 20:00:00,7237.2
2019-02-04 20:15:00,7215.1
2019-02-04 20:30:00,7195.0
2019-02-04 20:45:00,7180.1
2019-02-04 21:00:00,7166.0
2019-02-04 21:15:00,7148.5
2019-02-04 21:30:00,7135.3
2019-02-04 21:45:00,7122.3
2019-02-04 22:00:00,7123.4
2019-02-04 22:15:00,7112.9
2019-02-04 22:30:00,7090.8
2019-02-04 22:45:00,7078.8
2019-02-04 23:00:00,7060.1
2019-02-04 23:15:00,7045.1
2019-02-04 23:30:00,7027.9
2019-02-04 23:45:00,7021.6
2019-02-05 00:00:00,7000.6
2019-02-05 00:15:00,6991.8
2019-02-05 00:30:00,6979.0
2019-02-05 00:45:00,6970.7
2019-02-05 01:00:00,6957.5
2019-02-05 01:15:00,6949.3
2019-02-05 01:30:00,6947.2
2019-02-05 01:45:00,6939.4
2019-02-05 02:00:00,6934.5
2019-02-05 02:15:00,6926.3
2019-02-05 02:30:00,6928.3
2019-02-05 02:45:00,6927.1
2019-02-05 03:00:00,6933.7
2019-02-05 03:15:00,6927.2
2019-02-05 03:30:00,6932.0
2019-02-05 03:45:00,6937.6
2019-02-05 04:00:00,6947.2
2019-02-05 04:15:00,6949.7
2019-02-05 04:30:00,6957.3
2019-02-05 04:45:00,6964.7
2019-02-05 05:00:00,6986.0
2019-02-05 05:15:00,6996.1
2019-02-05 05:30:00,7011.8
2019-02-05 05:45:00,7035.6
2019-02-05 06:00:00,7078.3
2019-02-05 06:15:00,7119.1
2019-02-05 06:30:00,7151.1
2019-02-05 06:45:00,7183.6
2019-02-05 07:00:00,7212.9
2019-02-05 07:15:00,7237.0
2019-02-05 07:30:00,7246.2
2019-02-05 07:45:00,7254.2
2019-02-05 08:00:00,7263.3
2019-02-05 08:15:00,7273.3
2019-02-05 08:30:00,7274.0
2019-02-05 08:45:00,7275.0
2019-02-05 09:00:00,7270.0
2019-02-05 09:15:00,7270.2
2019-02-05 09:30:00,7271.8
2019-02-05 09:45:00,7273.3
2019-02-05 10:00:00,7273.9
2019-02-05 10:15:00,7276.2
2019-02-05 10:30:00,7278.3
2019-02-05 10:45:00,7281.2
2019-02-05 11:00:00,7285.8
2019-02-05 11:15:00,7290.9
2019-02-05 11:30:00,7289.5
2019-02-05 11:45:00,7289.2
2019-02-05 12:00:00,7286.1
2019-02-05 12:15:00,7284.9
2019-02-05 12:30:00,7279.2
2019-02-05 12:45:00,7279.2
2019-02-05 13:00:00,7278.0
2019-02-05 13:15:00,7273.9
2019-02-05 13:30:00,7266.9
2019-02-05 13:45:00,7255.6
2019-02-05 14:00:00,7250.8
2019-02-05 14:15:00,7250.9
2019-02-05 14:30:00,7247.1
2019-02-05 14:45:00,7241.5
2019-02-05 15:00:00,7239.6
2019-02-05 15:15:00,7234.1
2019-02-05 15:30:00,7228.4
2019-02-05 15:45:00,7219.2
2019-02-05 16:00:00,7213.2
2019-02-05 16:15:00,7214.0
2019-02-05 16:30:00,7214.7
2019-02-05 16:45:00,7221.1
2019-02-05 17:00:00,7237.2
2019-02-05 17:15:00,7253.9
2019-02-05 17:30:00,7273.2
2019-02-05 17:45:00,7288.6
2019-02-05 18:00:00,7292.8
2019-02-05 18:15:00,7292.8
2019-02-05 18:30:00,7292.2
2019-02-05 18:45:00,7288.2
2019-02-05 19:00:00,7282.5
2019-02-05 19:15:00,7272.9
2019-02-05 19:30:00,7260.0
2019-02-05 19:45:00,7247.7
2019-02-05 20:00:00,7228.4
2019-02-05 20:15:00,7207.3
2019-02-05 20:30:00,7194.6
2019-02-05 20:45:00,7180.0
2019-02-05 21:00:00,7165.3
2019-02-05 21:15:00,7152.6
2019-02-05 21:30:00,7140.4
2019-02-05 21:45:00,7122.7
2019-02-05 22:00:00,7114.9
2019-02-05 22:15:00,7109.5
2019-02-05 22:30:00,7092.1
2019-02-05 22:45:00,7072.7
2019-02-05 23:00:00,7055.2
2019-02-05 23:15:00,7042.9
2019-02-05 23:30:00,7029.6
2019-02-05 23:45:00,7011.8
2019-02-06 00:00:00,7000.5
2019-02-06 00:15:00,6989.3
2019-02-06 00:30:00,6980.7
2019-02-06 00:45:00,6968.4
2019-02-06 01:00:00,6955.7
2019-02-06 01:15:00,6949.1
2019-02-06 01:30:00,6942.6
2019-02-06 01:45:00,6938.6
2019-02-06 02:00:00,6931.1
2019-02-06 02:15:00,6926.1
2019-02-06 02:30:00,6936.1
2019-02-06 02:45:00,6933.5
2019-02-06 03:00:00,6937.9
2019-02-06 03:15:00,6943.6
2019-02-06 03:30:00,6945.7
2019-02-06 03:45:00,6948.7
2019-02-06 04:00:00,6953.8
2019-02-06 04:15:00,6963.2
2019-02-06 04:30:00,6971.4
2019-02-06 04:45:00,6983.4
2019-02-06 05:00:00,7006.2
2019-02-06 05:15:00,7019.3
2019-02-06 05:30:00,7034.9
2019-02-06 05:45:00,7058.5
2019-02-06 06:00:00,7099.1
2019-02-06 06:15:00,7130.3
2019-02-06 06:30:00,7163.1
2019-02-06 06:45:00,7191.9
2019-02-06 07:00:00,7223.0
2019-02-06 07:15:00,7243.1
2019-02-06 07:30:00,7251.4
2019-02-06 07:45:00,7257.5
2019-02-06 08:00:00,7267.1
2019-02-06 08:15:00,7270.8
2019-02-06 08:30:00,7270.0
2019-02-06 08:45:00,7272.4
2019-02-06 09:00:00,7270.9
2019-02-06 09:15:00,7270.5
2019-02-06 09:30:00,7273.7
2019-02-06 09:45:00,7273.7
2019-02-06 10:00:00,7271.8
2019-02-06 10:15:00,7273.1
2019-02-06 10:30:00,7279.8
2019-02-06 10:45:00,7280.5
2019-02-06 11:00:00,7279.9
2019-02-06 11:15:00,7283.9
2019-02-06 11:30:00,7285.3
2019-02-06 11:45:00,7279.9
2019-02-06 12:00:00,7275.0
2019-02-06 12:15:00,7271.9
2019-02-06 12:30:00,7273.6
2019-02-06 12:45:00,7269.5
2019-02-06 13:00:00,7269.0
2019-02-06 13:15:00,7264.3
2019-02-06 13:30:00,7258.5
2019-02-06 13:45:00,7248.7
2019-02-06 14:00:00,7242.9
2019-02-06 14:15:00,7239.6
2019-02-06 14:30:00,7235.3
2019-02-06 14:45:00,7229.0
2019-02-06 15:00:00,7229.5
2019-02-06 15:15:00,7221.4
2019-02-06 15:30:00,7213.4
2019-02-06 15:45:00,7208.9
2019-02-06 16:00:00,7206.8
2019-02-06 16:15:00,7204.4
2019-02-06 16:30:00,7205.2
2019-02-06 16:45:00,7212.9
2019-02-06 17:00:00,7225.8
2019-02-06 17:15:00,7241.5
2019-02-06 17:30:00,7262.2
2019-02-06 17:45:00,7286.0
2019-02-06 18:00:00,7288.4
2019-02-06 18:15:00,7286.4
2019-02-06 18:30:00,7283.3
2019-02-06 18:45:00,7282.1
2019-02-06 19:00:00,7281.4
2019-02-06 19:15:00,7269.7
2019-02-06 19:30:00,7254.0
2019-02-06 19:45:00,7239.0
2019-02-06 20:00:00,7231.6
2019-02-06 20:15:00,7213.6
2019-02-06 20:30:00,7195.0
2019-02-06 20:45:00,7179.0
2019-02-06 21:00:00,7166.3
2019-02-06 21:15:00,7149.5
2019-02-06 21:30:00,7134.1
2019-02-06 21:45:00,7110.6
2019-02-06 22:00:00,7114.0
2019-02-06 22:15:00,7102.5
2019-02-06 22:30:00,7082.5
2019-02-06 22:45:00,7065.7
2019-02-06 23:00:00,7059.3
2019-02-06 23:15:00,7040.8
2019-02-06 23:30:00,7024.9
2019-02-06 23:45:00,7012.5
2019-02-07 00:00:00,6984.5
2019-02-07 00:15:00,6969.5
2019-02-07 00:30:00,6960.5
2019-02-07 00:45:00,6950.2
2019-02-07 01:00:00,6942.4
2019-02-07 01:15:00,6930.7
2019-02-07 01:30:00,6923.6
2019-02-07 01:45:00,6915.7
2019-02-07 02:00:00,6907.3
2019-02-07 02:15:00,6901.5
2019-02-07 02:30:00,6905.4
2019-02-07 02:45:00,6907.8
2019-02-07 03:00:00,6914.3
2019-02-07 03:15:00,6918.3
2019-02-07 03:30:00,6921.9
2019-02-07 03:45:00,6926.1
2019-02-07 04:00:00,6932.3
2019-02-07 04:15:00,6939.9
2019-02-07 04:30:00,6949.6
2019-02-07 04:45:00,6956.3
2019-02-07 05:00:00,6978.8
2019-02-07 05:15:00,6995.1
2019-02-07 05:30:00,7014.1
2019-02-07 05:45:00,7040.1
2019-02-07 06:00:00,7080.6
2019-02-07 06:15:00,7120.9
2019-02-07 06:30:00,7155.9
2019-02-07 06:45:00,7187.3
2019-02-07 07:00:00,7219.3
2019-02-07 07:15:00,7241.3
2019-02-07 07:30:00,7257.5
2019-02-07 07:45:00,7267.1
2019-02-07 08:00:00,7276.9
2019-02-07 08:15:00,7278.5
2019-02-07 08:30:00,7283.1
2019-02-07 08:45:00,7286.6
2019-02-07 09:00:00,7294.8
2019-02-07 09:15:00,7300.0
2019-02-07 09:30:00,7304.4
2019-02-07 09:45:00,7299.0
2019-02-07 10:00:00,7311.1
2019-02-07 10:15:00,7314.8
2019-02-07 10:30:00,7317.1
2019-02-07 10:45:00,7321.4
2019-02-07 11:00:00,7325.2
2019-02-07 11:15:00,7330.8
2019-02-07 11:30:00,7333.3
2019-02-07 11:45:00,7332.8
2019-02-07 12:00:00,7321.5
2019-02-07 12:15:00,7316.4
2019-02-07 12:30:00,7316.0
2019-02-07 12:45:00,7316.1
2019-02-07 13:00:00,7314.2
2019-02-07 13:15:00,7310.4
2019-02-07 13:30:00,7303.1
2019-02-07 13:45:00,7284.2
2019-02-07 14:00:00,7292.2
2019-02-07 14:15:00,7287.0
2019-02-07 14:30:00,7284.7
2019-02-07 14:45:00,7276.5
2019-02-07 15:00:00,7272.6
2019-02-07 15:15:00,7263.5
2019-02-07 15:30:00,7261.9
2019-02-07 15:45:00,7254.7
2019-02-07 16:00:00,7249.0
2019-02-07 16:15:00,7246.0
2019-02-07 16:30:00,7241.5
2019-02-07 16:45:00,7244.0
2019-02-07 17:00:00,7253.5
2019-02-07 17:15:00,7266.4
2019-02-07 17:30:00,7291.7
2019-02-07 17:45:00,7308.4
2019-02-07 18:00:00,7312.4
2019-02-07 18:15:00,7309.4
2019-02-07 18:30:00,7310.2
2019-02-07 18:45:00,7308.7
2019-02-07 19:00:00,7299.2
2019-02-07 19:15:00,7286.0
2019-02-07 19:30:00,7272.5
2019-02-07 19:45:00,7258.8
2019-02-07 20:00:00,7247.5
2019-02-07 20:15:00,7221.2
2019-02-07 20:30:00,7202.3
2019-02-07 20:45:00,7187.6
2019-02-07 21:00:00,7172.5
2019-02-07 21:15:00,7160.2
2019-02-07 21:30:00,7148.3
2019-02-07 21:45:00,7137.2
2019-02-07 22:00:00,7134.4
2019-02-07 22:15:00,7121.8
2019-02-07 22:30:00,7102.4
2019-02-07 22:45:00,7083.0
2019-02-07 23:00:00,7068.9
2019-02-07 23:15:00,7049.4
2019-02-07 23:30:00,7030.0
2019-02-07 23:45:00,7003.1
2019-02-08 00:00:00,7001.5
2019-02-08 00:15:00,6989.2
2019-02-08 00:30:00,6979.0
2019-02-08 00:45:00,6967.6
2019-02-08 01:00:00,6958.1
2019-02-08 01:15:00,6947.8
2019-02-08 01:30:00,6940.7
2019-02-08 01:45:00,6937.8
2019-02-08 02:00:00,6937.7
2019-02-08 02:15:00,6929.2
2019-02-08 02:30:00,6927.9
2019-02-08 02:45:00,6927.0
2019-02-08 03:00:00,6928.7
2019-02-08 03:15:00,6930.8
2019-02-08 03:30:00,6928.3
2019-02-08 03:45:00,6935.3
2019-02-08 04:00:00,6940.1
2019-02-08 04:15:00,6944.6
2019-02-08 04:30:00,6954.0
2019-02-08 04:45:00,6961.7
2019-02-08 05:00:00,6984.7
2019-02-08 05:15:00,6996.2
2019-02-08 05:30:00,7014.0
2019-02-08 05:45:00,7033.9
2019-02-08 06:00:00,7087.3
2019-02-08 06:15:00,7123.0
2019-02-08 06:30:00,7154.0
2019-02-08 06:45:00,7182.4
2019-02-08 07:00:00,7219.9
2019-02-08 07:15:00,7245.3
2019-02-08 07:30:00,7251.4
2019-02-08 07:45:00,7261.4
2019-02-08 08:00:00,7269.6
2019-02-08 08:15:00,7273.1
2019-02-08 08:30:00,7277.3
2019-02-08 08:45:00,7275.7
2019-02-08 09:00:00,7273.5
2019-02-08 09:15:00,7261.5
2019-02-08 09:30:00,7260.6
2019-02-08 09:45:00,7262.3
2019-02-08 10:00:00,7275.7
2019-02-08 10:15:00,7272.2
2019-02-08 10:30:00,7264.7
2019-02-08 10:45:00,7264.5
2019-02-08 11:00:00,7264.7
2019-02-08 11:15:00,7268.9
2019-02-08 11:30:00,7270.9
2019-02-08 11:45:00,7268.4
2019-02-08 12:00:00,7271.5
2019-02-08 12:15:00,7269.4
2019-02-08 12:30:00,7252.4
2019-02-08 12:45:00,7247.8
2019-02-08 13:00:00,7252.7
2019-02-08 13:15:00,7244.7
2019-02-08 13:30:00,7234.9
2019-02-08 13:45:00,7222.0
2019-02-08 14:00:00,7218.7
2019-02-08 14:15:00,7215.8
2019-02-08 14:30:00,7211.2
2019-02-08 14:45:00,7210.7
2019-02-08 15:00:00,7213.0
2019-02-08 15:15:00,7210.4
2019-02-08 15:30:00,7204.8
2019-02-08 15:45:00,7201.1
2019-02-08 16:00:00,7200.9
2019-02-08 16:15:00,7192.2
2019-02-08 16:30:00,7193.9
2019-02-08 16:45:00,7197.7
2019-02-08 17:00:00,7218.9
2019-02-08 17:15:00,7234.1
2019-02-08 17:30:00,7252.0
2019-02-08 17:45:00,7267.9
2019-02-08 18:00:00,7265.3
2019-02-08 18:15:00,7263.8
2019-02-08 18:30:00,7258.6
2019-02-08 18:45:00,7255.2
2019-02-08 19:00:00,7248.4
2019-02-08 19:15:00,7228.0
2019-02-08 19:30:00,7215.8
2019-02-08 19:45:00,7204.2
2019-02-08 20:00:00,7189.8
2019-02-08 20:15:00,7164.9
2019-02-08 20:30:00,7146.0
2019-02-08 20:45:00,7133.4
2019-02-08 21:00:00,7114.1
2019-02-08 21:15:00,7101.4
2019-02-08 21:30:00,7085.8
2019-02-08 21:45:00,7078.4
2019-02-08 22:00:00,7087.4
2019-02-08 22:15:00,7067.0
2019-02-08 22:30:00,7050.4
2019-02-08 22:45:00,7036.4
2019-02-08 23:00:00,7027.4
2019-02-08 23:15:00,7013.5
2019-02-08 23:30:00,6987.6
2019-02-08 23:45:00,6972.5
2019-02-09 00:00:00,6959.4
2019-02-09 00:15:00,6939.8
2019-02-09 00:30:00,6925.5
2019-02-09 00:45:00,6913.7
2019-02-09 01:00:00,6913.8
2019-02-09 01:15:00,6905.5
2019-02-09 01:30:00,6897.3
2019-02-09 01:45:00,6895.7
2019-02-09 02:00:00,6883.4
2019-02-09 02:15:00,6880.0
2019-02-09 02:30:00,6876.4
2019-02-09 02:45:00,6873.6
2019-02-09 03:00:00,6875.9
2019-02-09 03:15:00,6873.8
2019-02-09 03:30:00,6872.4
2019-02-09 03:45:00,6874.0
2019-02-09 04:00:00,6875.3
2019-02-09 04:15:00,6875.0
2019-02-09 04:30:00,6875.9
2019-02-09 04:45:00,6872.4
2019-02-09 05:00:00,6880.6
2019-02-09 05:15:00,6875.9
2019-02-09 05:30:00,6872.5
2019-02-09 05:45:00,6874.4
2019-02-09 06:00:00,6878.7
2019-02-09 06:15:00,6890.0
2019-02-09 06:30:00,6891.8
2019-02-09 06:45:00,6901.6
2019-02-09 07:00:00,6925.0
2019-02-09 07:15:00,6935.8
2019-02-09 07:30:00,6952.2
2019-02-09 07:45:00,6963.9
2019-02-09 08:00:00,6986.0
2019-02-09 08:15:00,7005.9
2019-02-09 08:30:00,7021.7
2019-02-09 08:45:00,7034.8
2019-02-09 09:00:00,7048.9
2019-02-09 09:15:00,7059.6
2019-02-09 09:30:00,7064.1
2019-02-09 09:45:00,7075.2
2019-02-09 10:00:00,7079.4
2019-02-09 10:15:00,7084.0
2019-02-09 10:30:00,7091.9
2019-02-09 10:45:00,7094.4
2019-02-09 11:00:00,7103.0
2019-02-09 11:15:00,7109.2
2019-02-09 11:30:00,7114.5
2019-02-09 11:45:00,7107.8
2019-02-09 12:00:00,7097.3
2019-02-09 12:15:00,7087.9
2019-02-09 12:30:00,7085.9
2019-02-09 12:45:00,7085.2
2019-02-09 13:00:00,7071.9
2019-02-09 13:15:00,7064.3
2019-02-09 13:30:00,7058.1
2019-02-09 13:45:00,7046.2
2019-02-09 14:00:00,7039.7
2019-02-09 14:15:00,7034.3
2019-02-09 14:30:00,7032.0
2019-02-09 14:45:00,7029.3
2019-02-09 15:00:00,7025.6
2019-02-09 15:15:00,7027.2
2019-02-09 15:30:00,7021.5
2019-02-09 15:45:00,7014.1
2019-02-09 16:00:00,7016.2
2019-02-09 16:15:00,7011.1
2019-02-09 16:30:00,7017.1
2019-02-09 16:45:00,7018.5
2019-02-09 17:00:00,7036.5
2019-02-09 17:15:00,7049.5
2019-02-09 17:30:00,7074.0
2019-02-09 17:45:00,7092.6
2019-02-09 18:00:00,7110.5
2019-02-09 18:15:00,7110.1
2019-02-09 18:30:00,7108.8
2019-02-09 18:45:00,7096.1
2019-02-09 19:00:00,7085.0
2019-02-09 19:15:00,7074.4
2019-02-09 19:30:00,7061.3
2019-02-09 19:45:00,7042.9
2019-02-09 20:00:00,7027.7
2019-02-09 20:15:00,7011.2
2019-02-09 20:30:00,6995.3
2019-02-09 20:45:00,6979.5
2019-02-09 21:00:00,6972.4
2019-02-09 21:15:00,6963.5
2019-02-09 21:30:00,6951.5
2019-02-09 21:45:00,6944.7
2019-02-09 22:00:00,6949.1
2019-02-09 22:15:00,6941.0
2019-02-09 22:30:00,6929.4
2019-02-09 22:45:00,6914.6
2019-02-09 23:00:00,6902.2
2019-02-09 23:15:00,6892.8
2019-02-09 23:30:00,6882.6
2019-02-09 23:45:00,6857.0
2019-02-10 00:00:00,6834.1
2019-02-10 00:15:00,6818.4
2019-02-10 00:30:00,6804.8
2019-02-10 00:45:00,6792.9
2019-02-10 01:00:00,6785.4
2019-02-10 01:15:00,6776.4
2019-02-10 01:30:00,6769.0
2019-02-10 01:45:00,6762.0
2019-02-10 02:00:00,6775.0
2019-02-10 02:15:00,6770.9
2019-02-10 02:30:00,6768.7
2019-02-10 02:45:00,6769.4
2019-02-10 03:00:00,6767.1
2019-02-10 03:15:00,6764.4
2019-02-10 03:30:00,6773.9
2019-02-10 03:45:00,6769.6
2019-02-10 04:00:00,6775.9
2019-02-10 04:15:00,6776.5
2019-02-10 04:30:00,6777.3
2019-02-10 04:45:00,6776.2
2019-02-10 05:00:00,6775.7
2019-02-10 05:15:00,6769.6
2019-02-10 05:30:00,6769.2
2019-02-10 05:45:00,6769.2
2019-02-10 06:00:00,6760.9
2019-02-10 06:15:00,6762.1
2019-02-10 06:30:00,6768.3
2019-02-10 06:45:00,6778.2
2019-02-10 07:00:00,6790.3
2019-02-10 07:15:00,6796.3
2019-02-10 07:30:00,6804.4
2019-02-10 07:45:00,6810.4
2019-02-10 08:00:00,6831.5
2019-02-10 08:15:00,6847.9
2019-02-10 08:30:00,6864.8
2019-02-10 08:45:00,6878.7
2019-02-10 09:00:00,6895.4
2019-02-10 09:15:00,6907.4
2019-02-10 09:30:00,6920.4
2019-02-10 09:45:00,6925.1
2019-02-10 10:00:00,6935.6
2019-02-10 10:15:00,6947.1
2019-02-10 10:30:00,6955.3
2019-02-10 10:45:00,6968.0
2019-02-10 11:00:00,6978.6
2019-02-10 11:15:00,6989.7
2019-02-10 11:30:00,7004.5
2019-02-10 11:45:00,7007.6
2019-02-10 12:00:00,7006.3
2019-02-10 12:15:00,7001.1
2019-02-10 12:30:00,6991.7
2019-02-10 12:45:00,6977.3
2019-02-10 13:00:00,6966.7
2019-02-10 13:15:00,6962.9
2019-02-10 13:30:00,6955.0
2019-02-10 13:45:00,6949.7
2019-02-10 14:00:00,6944.4
2019-02-10 14:15:00,6941.4
2019-02-10 14:30:00,6938.5
2019-02-10 14:45:00,6934.3
2019-02-10 15:00:00,6935.4
2019-02-10 15:15:00,6934.6
2019-02-10 15:30:00,6936.0
2019-02-10 15:45:00,6934.4
2019-02-10 16:00:00,6935.4
2019-02-10 16:15:00,6934.6
2019-02-10 16:30:00,6939.3
2019-02-10 16:45:00,6941.9
2019-02-10 17:00:00,6960.9
2019-02-10 17:15:00,6977.4
2019-02-10 17:30:00,7001.3
2019-02-10 17:45:00,7023.0
2019-02-10 18:00:00,7041.6
2019-02-10 18:15:00,7042.2
2019-02-10 18:30:00,7040.8
2019-02-10 18:45:00,7037.3
2019-02-10 19:00:00,7037.5
2019-02-10 19:15:00,7028.7
2019-02-10 19:30:00,7024.3
2019-02-10 19:45:00,7015.4
2019-02-10 20:00:00,7010.2
2019-02-10 20:15:00,6997.0
2019-02-10 20:30:00,6980.2
2019-02-10 20:45:00,6965.9
2019-02-10 21:00:00,6968.0
2019-02-10 21:15:00,6963.3
2019-02-10 21:30:00,6959.4
2019-02-10 21:45:00,6958.3
2019-02-10 22:00:00,6968.0
2019-02-10 22:15:00,6964.7
2019-02-10 22:30:00,6954.0
2019-02-10 22:45:00,6941.4
2019-02-10 23:00:00,6925.5
2019-02-10 23:15:00,6917.8
2019-02-10 23:30:00,6901.6
2019-02-10 23:45:00,6872.2
2019-02-11 00:00:00,6885.4
2019-02-11 00:15:00,6873.1
2019-02-11 00:30:00,6858.7
2019-02-11 00:45:00,6857.0
2019-02-11 01:00:00,6854.4
2019-02-11 01:15:00,6851.7
2019-02-11 01:30:00,6846.9
2019-02-11 01:45:00,6844.4
2019-02-11 02:00:00,6837.4
2019-02-11 02:15:00,6839.5
2019-02-11 02:30:00,6843.8
2019-02-11 02:45:00,6837.1
2019-02-11 03:00:00,6846.3
2019-02-11 03:15:00,6850.8
2019-02-11 03:30:00,6856.6
2019-02-11 03:45:00,6864.7
2019-02-11 04:00:00,6874.0
2019-02-11 04:15:00,6883.3
2019-02-11 04:30:00,6892.9
2019-02-11 04:45:00,6902.5
2019-02-11 05:00:00,6930.6
2019-02-11 05:15:00,6941.8
2019-02-11 05:30:00,6969.2
2019-02-11 05:45:00,6995.9
2019-02-11 06:00:00,7045.5
2019-02-11 06:15:00,7085.9
2019-02-11 06:30:00,7114.9
2019-02-11 06:45:00,7147.9
2019-02-11 07:00:00,7188.1
2019-02-11 07:15:00,7212.9
2019-02-11 07:30:00,7221.7
2019-02-11 07:45:00,7228.8
2019-02-11 08:00:00,7249.0
2019-02-11 08:15:00,7255.3
2019-02-11 08:30:00,7265.5
2019-02-11 08:45:00,7268.1
2019-02-11 09:00:00,7264.6
2019-02-11 09:15:00,7266.7
2019-02-11 09:30:00,7274.8
2019-02-11 09:45:00,7279.1
2019-02-11 10:00:00,7278.0
2019-02-11 10:15:00,7281.0
2019-02-11 10:30:00,7284.5
2019-02-11 10:45:00,7290.0
2019-02-11 11:00:00,7299.9
2019-02-11 11:15:00,7301.6
2019-02-11 11:30:00,7308.1
2019-02-11 11:45:00,7307.1
2019-02-11 12:00:00,7300.7
2019-02-11 12:15:00,7287.9
2019-02-11 12:30:00,7289.2
2019-02-11 12:45:00,7286.9
2019-02-11 13:00:00,7285.5
2019-02-11 13:15:00,7279.7
2019-02-11 13:30:00,7270.9
2019-02-11 13:45:00,7261.1
2019-02-11 14:00:00,7258.5
2019-02-11 14:15:00,7255.3
2019-02-11 14:30:00,7249.4
2019-02-11 14:45:00,7247.1
2019-02-11 15:00:00,7245.2
2019-02-11 15:15:00,7238.9
2019-02-11 15:30:00,7233.2
2019-02-11 15:45:00,7225.7
2019-02-11 16:00:00,7217.3
2019-02-11 16:15:00,7213.6
2019-02-11 16:30:00,7215.4
2019-02-11 16:45:00,7210.4
2019-02-11 17:00:00,7220.9
2019-02-11 17:15:00,7233.6
2019-02-11 17:30:00,7250.4
2019-02-11 17:45:00,7272.0
2019-02-11 18:00:00,7279.1
2019-02-11 18:15:00,7282.5
2019-02-11 18:30:00,7282.7
2019-02-11 18:45:00,7281.0
2019-02-11 19:00:00,7275.3
2019-02-11 19:15:00,7261.7
2019-02-11 19:30:00,7255.9
2019-02-11 19:45:00,7244.8
2019-02-11 20:00:00,7225.5
2019-02-11 20:15:00,7201.4
2019-02-11 20:30:00,7182.9
2019-02-11 20:45:00,7162.4
2019-02-11 21:00:00,7153.0
2019-02-11 21:15:00,7139.9
2019-02-11 21:30:00,7127.3
2019-02-11 21:45:00,7111.3
2019-02-11 22:00:00,7105.8
2019-02-11 22:15:00,7090.6
2019-02-11 22:30:00,7071.6
2019-02-11 22:45:00,7054.6
2019-02-11 23:00:00,7035.2
2019-02-11 23:15:00,7017.8
2019-02-11 23:30:00,7002.9
2019-02-11 23:45:00,6992.0
2019-02-12 00:00:00,6972.9
2019-02-12 00:15:00,6966.0
2019-02-12 00:30:00,6956.2
2019-02-12 00:45:00,6942.7
2019-02-12 01:00:00,6941.0
2019-02-12 01:15:00,6935.5
2019-02-12 01:30:00,6926.0
2019-02-12 01:45:00,6920.1
2019-02-12 02:00:00,6915.8
2019-02-12 02:15:00,6910.7
2019-02-12 02:30:00,6909.0
2019-02-12 02:45:00,6911.8
2019-02-12 03:00:00,6916.3
2019-02-12 03:15:00,6916.1
2019-02-12 03:30:00,6918.0
2019-02-12 03:45:00,6922.9
2019-02-12 04:00:00,6929.0
2019-02-12 04:15:00,6930.9
2019-02-12 04:30:00,6943.4
2019-02-12 04:45:00,6948.8
2019-02-12 05:00:00,6972.9
2019-02-12 05:15:00,6980.3
2019-02-12 05:30:00,6996.8
2019-02-12 05:45:00,7022.8
2019-02-12 06:00:00,7078.4
2019-02-12 06:15:00,7109.7
2019-02-12 06:30:00,7133.7
2019-02-12 06:45:00,7161.7
2019-02-12 07:00:00,7195.6
2019-02-12 07:15:00,7217.0
2019-02-12 07:30:00,7224.4
2019-02-12 07:45:00,7229.7
2019-02-12 08:00:00,7245.7
2019-02-12 08:15:00,7249.0
2019-02-12 08:30:00,7251.5
2019-02-12 08:45:00,7249.9
2019-02-12 09:00:00,7244.6
2019-02-12 09:15:00,7245.9
2019-02-12 09:30:00,7253.2
2019-02-12 09:45:00,7255.0
2019-02-12 10:00:00,7257.6
2019-02-12 10:15:00,7259.4
2019-02-12 10:30:00,7266.5
2019-02-12 10:45:00,7274.1
2019-02-12 11:00:00,7281.2
2019-02-12 11:15:00,7288.0
2019-02-12 11:30:00,7288.7
2019-02-12 11:45:00,7289.8
2019-02-12 12:00:00,7284.0
2019-02-12 12:15:00,7283.2
2019-02-12 12:30:00,7279.7
2019-02-12 12:45:00,7276.1
2019-02-12 13:00:00,7277.2
2019-02-12 13:15:00,7270.7
2019-02-12 13:30:00,7264.9
2019-02-12 13:45:00,7252.7
2019-02-12 14:00:00,7248.8
2019-02-12 14:15:00,7242.1
2019-02-12 14:30:00,7237.0
2019-02-12 14:45:00,7226.1
2019-02-12 15:00:00,7231.1
2019-02-12 15:15:00,7223.8
2019-02-12 15:30:00,7214.7
2019-02-12 15:45:00,7198.2
2019-02-12 16:00:00,7203.5
2019-02-12 16:15:00,7198.8
2019-02-12 16:30:00,7197.1
2019-02-12 16:45:00,7200.3
2019-02-12 17:00:00,7207.4
2019-02-12 17:15:00,7213.8
2019-02-12 17:30:00,7235.0
2019-02-12 17:45:00,7260.7
2019-02-12 18:00:00,7273.2
2019-02-12 18:15:00,7275.7
2019-02-12 18:30:00,7275.9
2019-02-12 18:45:00,7270.5
2019-02-12 19:00:00,7262.8
2019-02-12 19:15:00,7249.5
2019-02-12 19:30:00,7240.1
2019-02-12 19:45:00,7231.4
2019-02-12 20:00:00,7205.5
2019-02-12 20:15:00,7184.6
2019-02-12 20:30:00,7172.2
2019-02-12 20:45:00,7156.3
2019-02-12 21:00:00,7150.7
2019-02-12 21:15:00,7140.0
2019-02-12 21:30:00,7132.7
2019-02-12 21:45:00,7117.9
2019-02-12 22:00:00,7116.3
2019-02-12 22:15:00,7103.9
2019-02-12 22:30:00,7086.3
2019-02-12 22:45:00,7069.8
2019-02-12 23:00:00,7048.3
2019-02-12 23:15:00,7035.8
2019-02-12 23:30:00,7018.3
2019-02-12 23:45:00,7007.2
2019-02-13 00:00:00,6983.5
2019-02-13 00:15:00,6973.3
2019-02-13 00:30:00,6967.9
2019-02-13 00:45:00,6964.1
2019-02-13 01:00:00,6952.8
2019-02-13 01:15:00,6945.0
2019-02-13 01:30:00,6937.7
2019-02-13 01:45:00,6936.9
2019-02-13 02:00:00,6932.3
2019-02-13 02:15:00,6931.1
2019-02-13 02:30:00,6931.4
2019-02-13 02:45:00,6937.1
2019-02-13 03:00:00,6937.2
2019-02-13 03:15:00,6939.9
2019-02-13 03:30:00,6938.1
2019-02-13 03:45:00,6941.8
2019-02-13 04:00:00,6947.4
2019-02-13 04:15:00,6952.6
2019-02-13 04:30:00,6958.3
2019-02-13 04:45:00,6969.5
2019-02-13 05:00:00,6986.2
2019-02-13 05:15:00,6997.9
2019-02-13 05:30:00,7017.2
2019-02-13 05:45:00,7044.0
2019-02-13 06:00:00,7095.1
2019-02-13 06:15:00,7131.2
2019-02-13 06:30:00,7163.6
2019-02-13 06:45:00,7189.6
2019-02-13 07:00:00,7222.0
2019-02-13 07:15:00,7238.2
2019-02-13 07:30:00,7243.5
2019-02-13 07:45:00,7254.0
2019-02-13 08:00:00,7263.0
2019-02-13 08:15:00,7267.5
2019-02-13 08:30:00,7269.1
2019-02-13 08:45:00,7253.9
2019-02-13 09:00:00,7264.9
2019-02-13 09:15:00,7269.1
2019-02-13 09:30:00,7268.0
2019-02-13 09:45:00,7270.1
2019-02-13 10:00:00,7272.8
2019-02-13 10:15:00,7273.2
2019-02-13 10:30:00,7275.5
2019-02-13 10:45:00,7270.9
2019-02-13 11:00:00,7269.6
2019-02-13 11:15:00,7275.7
2019-02-13 11:30:00,7279.3
2019-02-13 11:45:00,7277.0
2019-02-13 12:00:00,7266.1
2019-02-13 12:15:00,7259.2
2019-02-13 12:30:00,7260.3
2019-02-13 12:45:00,7257.2
2019-02-13 13:00:00,7259.8
2019-02-13 13:15:00,7252.6
2019-02-13 13:30:00,7243.2
2019-02-13 13:45:00,7234.9
2019-02-13 14:00:00,7233.5
2019-02-13 14:15:00,7227.8
2019-02-13 14:30:00,7223.9
2019-02-13 14:45:00,7220.1
2019-02-13 15:00:00,7215.7
2019-02-13 15:15:00,7216.4
2019-02-13 15:30:00,7212.1
2019-02-13 15:45:00,7208.6
2019-02-13 16:00:00,7204.8
2019-02-13 16:15:00,7202.2
2019-02-13 16:30:00,7201.4
2019-02-13 16:45:00,7198.1
2019-02-13 17:00:00,7210.8
2019-02-13 17:15:00,7225.3
2019-02-13 17:30:00,7245.3
2019-02-13 17:45:00,7269.0
2019-02-13 18:00:00,7283.1
2019-02-13 18:15:00,7286.8
2019-02-13 18:30:00,7287.9
2019-02-13 18:45:00,7285.4
2019-02-13 19:00:00,7280.0
2019-02-13 19:15:00,7264.5
2019-02-13 19:30:00,7253.0
2019-02-13 19:45:00,7244.4
2019-02-13 20:00:00,7222.4
2019-02-13 20:15:00,7199.7
2019-02-13 20:30:00,7181.4
2019-02-13 20:45:00,7166.4
2019-02-13 21:00:00,7156.5
2019-02-13 21:15:00,7145.1
2019-02-13 21:30:00,7130.8
2019-02-13 21:45:00,7106.9
2019-02-13 22:00:00,7111.2
2019-02-13 22:15:00,7097.9
2019-02-13 22:30:00,7076.6
2019-02-13 22:45:00,7056.2
2019-02-13 23:00:00,7041.4
2019-02-13 23:15:00,7026.4
2019-02-13 23:30:00,7007.3
2019-02-13 23:45:00,6990.6
2019-02-14 00:00:00,6975.7
2019-02-14 00:15:00,6963.9
2019-02-14 00:30:00,6960.2
2019-02-14 00:45:00,6951.7
2019-02-14 01:00:00,6941.9
2019-02-14 01:15:00,6929.6
2019-02-14 01:30:00,6927.2
2019-02-14 01:45:00,6925.2
2019-02-14 02:00:00,6914.2
2019-02-14 02:15:00,6912.0
2019-02-14 02:30:00,6913.7
2019-02-14 02:45:00,6915.6
2019-02-14 03:00:00,6915.1
2019-02-14 03:15:00,6917.8
2019-02-14 03:30:00,6921.9
2019-02-14 03:45:00,6927.0
2019-02-14 04:00:00,6933.7
2019-02-14 04:15:00,6939.8
2019-02-14 04:30:00,6952.7
2019-02-14 04:45:00,6964.5
2019-02-14 05:00:00,6989.9
2019-02-14 05:15:00,7002.8
2019-02-14 05:30:00,7015.1
2019-02-14 05:45:00,7034.8
2019-02-14 06:00:00,7080.6
2019-02-14 06:15:00,7120.7
2019-02-14 06:30:00,7154.1
2019-02-14 06:45:00,7185.0
2019-02-14 07:00:00,7211.0
2019-02-14 07:15:00,7225.8
2019-02-14 07:30:00,7233.1
2019-02-14 07:45:00,7241.3
2019-02-14 08:00:00,7249.0
2019-02-14 08:15:00,7254.6
2019-02-14 08:30:00,7254.9
2019-02-14 08:45:00,7247.8
2019-02-14 09:00:00,7240.5
2019-02-14 09:15:00,7241.1
2019-02-14 09:30:00,7245.2
2019-02-14 09:45:00,7245.3
2019-02-14 10:00:00,7237.3
2019-02-14 10:15:00,7236.0
2019-02-14 10:30:00,7227.1
2019-02-14 10:45:00,7232.3
2019-02-14 11:00:00,7242.2
2019-02-14 11:15:00,7243.2
2019-02-14 11:30:00,7241.5
2019-02-14 11:45:00,7240.2
2019-02-14 12:00:00,7244.6
2019-02-14 12:15:00,7226.1
2019-02-14 12:30:00,7222.4
2019-02-14 12:45:00,7220.9
2019-02-14 13:00:00,7229.5
2019-02-14 13:15:00,7221.1
2019-02-14 13:30:00,7203.1
2019-02-14 13:45:00,7195.4
2019-02-14 14:00:00,7201.0
2019-02-14 14:15:00,7201.6
2019-02-14 14:30:00,7193.9
2019-02-14 14:45:00,7182.7
2019-02-14 15:00:00,7185.3
2019-02-14 15:15:00,7179.5
2019-02-14 15:30:00,7177.5
2019-02-14 15:45:00,7170.2
2019-02-14 16:00:00,7164.4
2019-02-14 16:15:00,7163.4
2019-02-14 16:30:00,7160.8
2019-02-14 16:45:00,7163.8
2019-02-14 17:00:00,7174.4
2019-02-14 17:15:00,7183.1
2019-02-14 17:30:00,7203.5
2019-02-14 17:45:00,7227.5
2019-02-14 18:00:00,7248.1
2019-02-14 18:15:00,7257.6
2019-02-14 18:30:00,7255.9
2019-02-14 18:45:00,7256.3
2019-02-14 19:00:00,7248.9
2019-02-14 19:15:00,7234.8
2019-02-14 19:30:00,7227.0
2019-02-14 19:45:00,7217.8
2019-02-14 20:00:00,7196.5
2019-02-14 20:15:00,7177.5
2019-02-14 20:30:00,7161.4
2019-02-14 20:45:00,7146.2
2019-02-14 21:00:00,7132.7
2019-02-14 21:15:00,7119.7
2019-02-14 21:30:00,7105.8
2019-02-14 21:45:00,7093.8
2019-02-14 22:00:00,7087.4
2019-02-14 22:15:00,7074.9
2019-02-14 22:30:00,7058.0
2019-02-14 22:45:00,7042.9
2019-02-14 23:00:00,7023.4
2019-02-14 23:15:00,7007.5
2019-02-14 23:30:00,6992.0
2019-02-14 23:45:00,6976.6
2019-02-15 00:00:00,6959.9
2019-02-15 00:15:00,6953.6
2019-02-15 00:30:00,6945.6
2019-02-15 00:45:00,6937.6
2019-02-15 01:00:00,6926.8
2019-02-15 01:15:00,6919.8
2019-02-15 01:30:00,6915.4
2019-02-15 01:45:00,6913.0
2019-02-15 02:00:00,6903.6
2019-02-15 02:15:00,6901.5
2019-02-15 02:30:00,6904.3
2019-02-15 02:45:00,6905.3
2019-02-15 03:00:00,6905.1
2019-02-15 03:15:00,6906.8
2019-02-15 03:30:00,6909.4
2019-02-15 03:45:00,6912.2
2019-02-15 04:00:00,6921.2
2019-02-15 04:15:00,6930.3
2019-02-15 04:30:00,6936.0
2019-02-15 04:45:00,6944.2
2019-02-15 05:00:00,6967.8
2019-02-15 05:15:00,6983.4
2019-02-15 05:30:00,6993.8
2019-02-15 05:45:00,7020.0
2019-02-15 06:00:00,7064.3
2019-02-15 06:15:00,7102.1
2019-02-15 06:30:00,7135.5
2019-02-15 06:45:00,7164.5
2019-02-15 07:00:00,7195.8
2019-02-15 07:15:00,7210.6
2019-02-15 07:30:00,7217.9
2019-02-15 07:45:00,7223.8
2019-02-15 08:00:00,7230.1
2019-02-15 08:15:00,7231.9
2019-02-15 08:30:00,7233.1
2019-02-15 08:45:00,7226.1
2019-02-15 09:00:00,7222.8
2019-02-15 09:15:00,7227.4
2019-02-15 09:30:00,7235.3
2019-02-15 09:45:00,7237.7
2019-02-15 10:00:00,7234.7
2019-02-15 10:15:00,7234.1
2019-02-15 10:30:00,7235.7
2019-02-15 10:45:00,7236.6
2019-02-15 11:00:00,7232.6
2019-02-15 11:15:00,7235.4
2019-02-15 11:30:00,7233.0
2019-02-15 11:45:00,7232.6
2019-02-15 12:00:00,7219.4
2019-02-15 12:15:00,7210.9
2019-02-15 12:30:00,7205.9
2019-02-15 12:45:00,7198.8
2019-02-15 13:00:00,7194.1
2019-02-15 13:15:00,7184.0
2019-02-15 13:30:00,7172.6
2019-02-15 13:45:00,7159.7
2019-02-15 14:00:00,7150.9
2019-02-15 14:15:00,7146.8
2019-02-15 14:30:00,7139.8
2019-02-15 14:45:00,7133.1
2019-02-15 15:00:00,7131.8
2019-02-15 15:15:00,7125.7
2019-02-15 15:30:00,7121.0
2019-02-15 15:45:00,7119.2
2019-02-15 16:00:00,7111.2
2019-02-15 16:15:00,7112.6
2019-02-15 16:30:00,7117.2
2019-02-15 16:45:00,7121.2
2019-02-15 17:00:00,7132.2
2019-02-15 17:15:00,7142.3
2019-02-15 17:30:00,7163.2
2019-02-15 17:45:00,7189.4
2019-02-15 18:00:00,7215.8
2019-02-15 18:15:00,7228.6
2019-02-15 18:30:00,7229.9
2019-02-15 18:45:00,7219.8
2019-02-15 19:00:00,7224.2
2019-02-15 19:15:00,7216.6
2019-02-15 19:30:00,7206.4
2019-02-15 19:45:00,7192.8
2019-02-15 20:00:00,7170.2
2019-02-15 20:15:00,7149.1
2019-02-15 20:30:00,7133.7
2019-02-15 20:45:00,7118.3
2019-02-15 21:00:00,7099.7
2019-02-15 21:15:00,7090.1
2019-02-15 21:30:00,7074.8
2019-02-15 21:45:00,7059.3
2019-02-15 22:00:00,7059.3
2019-02-15 22:15:00,7040.4
2019-02-15 22:30:00,7023.7
2019-02-15 22:45:00,7010.1
2019-02-15 23:00:00,6991.5
2019-02-15 23:15:00,6974.9
2019-02-15 23:30:00,6960.1
2019-02-15 23:45:00,6949.6
2019-02-16 00:00:00,6924.0
2019-02-16 00:15:00,6909.4
2019-02-16 00:30:00,6906.1
2019-02-16 00:45:00,6897.2
2019-02-16 01:00:00,6884.3
2019-02-16 01:15:00,6871.5
2019-02-16 01:30:00,6866.3
2019-02-16 01:45:00,6864.9
2019-02-16 02:00:00,6857.5
2019-02-16 02:15:00,6853.0
2019-02-16 02:30:00,6851.0
2019-02-16 02:45:00,6851.0
2019-02-16 03:00:00,6848.9
2019-02-16 03:15:00,6851.1
2019-02-16 03:30:00,6852.1
2019-02-16 03:45:00,6849.6
2019-02-16 04:00:00,6845.3
2019-02-16 04:15:00,6845.7
2019-02-16 04:30:00,6848.4
2019-02-16 04:45:00,6849.0
2019-02-16 05:00:00,6849.2
2019-02-16 05:15:00,6848.6
2019-02-16 05:30:00,6848.3
2019-02-16 05:45:00,6852.3
2019-02-16 06:00:00,6864.1
2019-02-16 06:15:00,6875.5
2019-02-16 06:30:00,6889.8
2019-02-16 06:45:00,6902.3
2019-02-16 07:00:00,6915.1
2019-02-16 07:15:00,6923.6
2019-02-16 07:30:00,6938.3
2019-02-16 07:45:00,6954.5
2019-02-16 08:00:00,6976.4
2019-02-16 08:15:00,6987.0
2019-02-16 08:30:00,6996.8
2019-02-16 08:45:00,7008.3
2019-02-16 09:00:00,7013.0
2019-02-16 09:15:00,7019.8
2019-02-16 09:30:00,7028.2
2019-02-16 09:45:00,7033.5
2019-02-16 10:00:00,7028.7
2019-02-16 10:15:00,7033.1
2019-02-16 10:30:00,7028.5
2019-02-16 10:45:00,7030.7
2019-02-16 11:00:00,7037.4
2019-02-16 11:15:00,7037.8
2019-02-16 11:30:00,7041.0
2019-02-16 11:45:00,7036.1
2019-02-16 12:00:00,7034.2
2019-02-16 12:15:00,7029.5
2019-02-16 12:30:00,7024.1
2019-02-16 12:45:00,7016.3
2019-02-16 13:00:00,7006.0
2019-02-16 13:15:00,6993.2
2019-02-16 13:30:00,6984.1
2019-02-16 13:45:00,6971.6
2019-02-16 14:00:00,6968.6
2019-02-16 14:15:00,6961.2
2019-02-16 14:30:00,6957.4
2019-02-16 14:45:00,6951.8
2019-02-16 15:00:00,6949.4
2019-02-16 15:15:00,6947.4
2019-02-16 15:30:00,6938.1
2019-02-16 15:45:00,6933.8
2019-02-16 16:00:00,6935.0
2019-02-16 16:15:00,6935.0
2019-02-16 16:30:00,6941.7
2019-02-16 16:45:00,6952.2
2019-02-16 17:00:00,6971.1
2019-02-16 17:15:00,6980.8
2019-02-16 17:30:00,7005.2
2019-02-16 17:45:00,7034.0
2019-02-16 18:00:00,7069.4
2019-02-16 18:15:00,7081.4
2019-02-16 18:30:00,7079.4
2019-02-16 18:45:00,7075.8
2019-02-16 19:00:00,7070.0
2019-02-16 19:15:00,7058.2
2019-02-16 19:30:00,7046.7
2019-02-16 19:45:00,7033.8
2019-02-16 20:00:00,7025.7
2019-02-16 20:15:00,7004.6
2019-02-16 20:30:00,6990.3
2019-02-16 20:45:00,6971.5
2019-02-16 21:00:00,6960.9
2019-02-16 21:15:00,6953.8
2019-02-16 21:30:00,6942.3
2019-02-16 21:45:00,6934.1
2019-02-16 22:00:00,6939.1
2019-02-16 22:15:00,6928.0
2019-02-16 22:30:00,6913.2
2019-02-16 22:45:00,6899.0
2019-02-16 23:00:00,6885.1
2019-02-16 23:15:00,6873.6
2019-02-16 23:30:00,6859.7
2019-02-16 23:45:00,6846.9
2019-02-17 00:00:00,6829.5
2019-02-17 00:15:00,6819.5
2019-02-17 00:30:00,6807.6
2019-02-17 00:45:00,6802.7
2019-02-17 01:00:00,6793.7
2019-02-17 01:15:00,6781.2
2019-02-17 01:30:00,6777.7
2019-02-17 01:45:00,6771.8
2019-02-17 02:00:00,6769.8
2019-02-17 02:15:00,6767.1
2019-02-17 02:30:00,6766.2
2019-02-17 02:45:00,6766.2
2019-02-17 03:00:00,6766.4
2019-02-17 03:15:00,6763.4
2019-02-17 03:30:00,6767.2
2019-02-17 03:45:00,6764.3
2019-02-17 04:00:00,6770.5
2019-02-17 04:15:00,6764.9
2019-02-17 04:30:00,6769.7
2019-02-17 04:45:00,6768.1
2019-02-17 05:00:00,6767.8
2019-02-17 05:15:00,6762.1
2019-02-17 05:30:00,6759.5
2019-02-17 05:45:00,6755.3
2019-02-17 06:00:00,6750.9
2019-02-17 06:15:00,6750.8
2019-02-17 06:30:00,6756.4
2019-02-17 06:45:00,6762.3
2019-02-17 07:00:00,6771.0
2019-02-17 07:15:00,6774.0
2019-02-17 07:30:00,6782.7
2019-02-17 07:45:00,6798.0
2019-02-17 08:00:00,6818.7
2019-02-17 08:15:00,6830.5
2019-02-17 08:30:00,6843.3
2019-02-17 08:45:00,6848.0
2019-02-17 09:00:00,6868.8
2019-02-17 09:15:00,6878.7
2019-02-17 09:30:00,6889.6
2019-02-17 09:45:00,6903.7
2019-02-17 10:00:00,6908.5
2019-02-17 10:15:00,6912.2
2019-02-17 10:30:00,6919.7
2019-02-17 10:45:00,6928.1
2019-02-17 11:00:00,6940.1
2019-02-17 11:15:00,6946.8
2019-02-17 11:30:00,6949.3
2019-02-17 11:45:00,6947.6
2019-02-17 12:00:00,6941.0
2019-02-17 12:15:00,6939.7
2019-02-17 12:30:00,6928.6
2019-02-17 12:45:00,6916.6
2019-02-17 13:00:00,6909.7
2019-02-17 13:15:00,6896.7
2019-02-17 13:30:00,6890.3
2019-02-17 13:45:00,6878.3
2019-02-17 14:00:00,6874.6
2019-02-17 14:15:00,6868.4
2019-02-17 14:30:00,6859.3
2019-02-17 14:45:00,6857.2
2019-02-17 15:00:00,6855.1
2019-02-17 15:15:00,6851.3
2019-02-17 15:30:00,6843.7
2019-02-17 15:45:00,6842.6
2019-02-17 16:00:00,6847.8
2019-02-17 16:15:00,6849.5
2019-02-17 16:30:00,6856.9
2019-02-17 16:45:00,6869.3
2019-02-17 17:00:00,6888.0
2019-02-17 17:15:00,6908.5
2019-02-17 17:30:00,6930.7
2019-02-17 17:45:00,6962.7
2019-02-17 18:00:00,7001.9
2019-02-17 18:15:00,7019.3
2019-02-17 18:30:00,7023.9
2019-02-17 18:45:00,7018.9
2019-02-17 19:00:00,7015.1
2019-02-17 19:15:00,7006.5
2019-02-17 19:30:00,7000.8
2019-02-17 19:45:00,6986.0
2019-02-17 20:00:00,6972.9
2019-02-17 20:15:00,6964.8
2019-02-17 20:30:00,6953.8
2019-02-17 20:45:00,6940.2
2019-02-17 21:00:00,6930.3
2019-02-17 21:15:00,6925.9
2019-02-17 21:30:00,6926.6
2019-02-17 21:45:00,6925.5
2019-02-17 22:00:00,6941.0
2019-02-17 22:15:00,6935.9
2019-02-17 22:30:00,6924.1
2019-02-17 22:45:00,6913.3
2019-02-17 23:00:00,6894.5
2019-02-17 23:15:00,6884.1
2019-02-17 23:30:00,6873.2
2019-02-17 23:45:00,6859.2
2019-02-18 00:00:00,6849.7
2019-02-18 00:15:00,6843.6
2019-02-18 00:30:00,6835.5
2019-02-18 00:45:00,6830.4
2019-02-18 01:00:00,6818.8
2019-02-18 01:15:00,6815.3
2019-02-18 01:30:00,6809.2
2019-02-18 01:45:00,6808.6
2019-02-18 02:00:00,6802.5
2019-02-18 02:15:00,6803.2
2019-02-18 02:30:00,6801.5
2019-02-18 02:45:00,6803.3
2019-02-18 03:00:00,6806.2
2019-02-18 03:15:00,6810.9
2019-02-18 03:30:00,6815.9
2019-02-18 03:45:00,6824.4
2019-02-18 04:00:00,6830.8
2019-02-18 04:15:00,6838.5
2019-02-18 04:30:00,6851.7
2019-02-18 04:45:00,6863.2
2019-02-18 05:00:00,6890.5
2019-02-18 05:15:00,6906.6
2019-02-18 05:30:00,6926.7
2019-02-18 05:45:00,6959.4
2019-02-18 06:00:00,7018.0
2019-02-18 06:15:00,7060.1
2019-02-18 06:30:00,7100.9
2019-02-18 06:45:00,7131.1
2019-02-18 07:00:00,7160.0
2019-02-18 07:15:00,7174.3
2019-02-18 07:30:00,7177.8
2019-02-18 07:45:00,7181.3
2019-02-18 08:00:00,7197.3
2019-02-18 08:15:00,7198.7
2019-02-18 08:30:00,7201.2
2019-02-18 08:45:00,7202.2
2019-02-18 09:00:00,7197.6
2019-02-18 09:15:00,7197.3
2019-02-18 09:30:00,7201.3
2019-02-18 09:45:00,7201.0
2019-02-18 10:00:00,7199.6
2019-02-18 10:15:00,7200.8
2019-02-18 10:30:00,7199.8
2019-02-18 10:45:00,7205.3
2019-02-18 11:00:00,7210.5
2019-02-18 11:15:00,7214.5
2019-02-18 11:30:00,7211.2
2019-02-18 11:45:00,7211.3
2019-02-18 12:00:00,7203.2
2019-02-18 12:15:00,7191.7
2019-02-18 12:30:00,7189.7
2019-02-18 12:45:00,7184.2
2019-02-18 13:00:00,7185.0
2019-02-18 13:15:00,7180.3
2019-02-18 13:30:00,7171.3
2019-02-18 13:45:00,7157.1
2019-02-18 14:00:00,7155.4
2019-02-18 14:15:00,7153.1
2019-02-18 14:30:00,7148.8
2019-02-18 14:45:00,7142.3
2019-02-18 15:00:00,7145.5
2019-02-18 15:15:00,7139.9
2019-02-18 15:30:00,7132.0
2019-02-18 15:45:00,7123.6
2019-02-18 16:00:00,7120.7
2019-02-18 16:15:00,7119.8
2019-02-18 16:30:00,7122.2
2019-02-18 16:45:00,7125.1
2019-02-18 17:00:00,7137.9
2019-02-18 17:15:00,7146.2
2019-02-18 17:30:00,7166.2
2019-02-18 17:45:00,7191.7
2019-02-18 18:00:00,7216.2
2019-02-18 18:15:00,7227.1
2019-02-18 18:30:00,7233.0
2019-02-18 18:45:00,7230.6
2019-02-18 19:00:00,7221.7
2019-02-18 19:15:00,7212.8
2019-02-18 19:30:00,7199.0
2019-02-18 19:45:00,7188.8
2019-02-18 20:00:00,7168.1
2019-02-18 20:15:00,7150.5
2019-02-18 20:30:00,7131.1
2019-02-18 20:45:00,7114.3
2019-02-18 21:00:00,7103.4
2019-02-18 21:15:00,7086.1
2019-02-18 21:30:00,7071.8
2019-02-18 21:45:00,7053.5
2019-02-18 22:00:00,7054.3
2019-02-18 22:15:00,7036.1
2019-02-18 22:30:00,7016.9
2019-02-18 22:45:00,7003.0
2019-02-18 23:00:00,6977.7
2019-02-18 23:15:00,6956.8
2019-02-18 23:30:00,6947.0
2019-02-18 23:45:00,6932.0
2019-02-19 00:00:00,6922.3
2019-02-19 00:15:00,6908.3
2019-02-19 00:30:00,6903.7
2019-02-19 00:45:00,6894.9
2019-02-19 01:00:00,6889.0
2019-02-19 01:15:00,6884.4
2019-02-19 01:30:00,6878.8
2019-02-19 01:45:00,6876.5
2019-02-19 02:00:00,6873.6
2019-02-19 02:15:00,6871.7
2019-02-19 02:30:00,6874.4
2019-02-19 02:45:00,6876.7
2019-02-19 03:00:00,6881.7
2019-02-19 03:15:00,6881.7
2019-02-19 03:30:00,6884.0
2019-02-19 03:45:00,6887.5
2019-02-19 04:00:00,6889.1
2019-02-19 04:15:00,6900.7
2019-02-19 04:30:00,6911.8
2019-02-19 04:45:00,6921.4
2019-02-19 05:00:00,6942.4
2019-02-19 05:15:00,6952.9
2019-02-19 05:30:00,6970.8
2019-02-19 05:45:00,7003.4
2019-02-19 06:00:00,7057.0
2019-02-19 06:15:00,7099.8
2019-02-19 06:30:00,7134.4
2019-02-19 06:45:00,7171.2
2019-02-19 07:00:00,7202.4
2019-02-19 07:15:00,7220.4
2019-02-19 07:30:00,7227.2
2019-02-19 07:45:00,7237.0
2019-02-19 08:00:00,7250.8
2019-02-19 08:15:00,7253.8
2019-02-19 08:30:00,7260.3
2019-02-19 08:45:00,7262.0
2019-02-19 09:00:00,7255.6
2019-02-19 09:15:00,7257.8
2019-02-19 09:30:00,7262.6
2019-02-19 09:45:00,7261.4
2019-02-19 10:00:00,7261.9
2019-02-19 10:15:00,7262.2
2019-02-19 10:30:00,7265.1
2019-02-19 10:45:00,7266.9
2019-02-19 11:00:00,7265.2
2019-02-19 11:15:00,7271.6
2019-02-19 11:30:00,7276.5
2019-02-19 11:45:00,7273.2
2019-02-19 12:00:00,7263.9
2019-02-19 12:15:00,7255.7
2019-02-19 12:30:00,7253.1
2019-02-19 12:45:00,7248.6
2019-02-19 13:00:00,7248.6
2019-02-19 13:15:00,7249.2
2019-02-19 13:30:00,7241.9
2019-02-19 13:45:00,7226.9
2019-02-19 14:00:00,7224.1
2019-02-19 14:15:00,7223.3
2019-02-19 14:30:00,7223.0
2019-02-19 14:45:00,7216.3
2019-02-19 15:00:00,7219.8
2019-02-19 15:15:00,7215.3
2019-02-19 15:30:00,7213.3
2019-02-19 15:45:00,7204.1
2019-02-19 16:00:00,7198.6
2019-02-19 16:15:00,7194.5
2019-02-19 16:30:00,7196.4
2019-02-19 16:45:00,7193.2
2019-02-19 17:00:00,7199.9
2019-02-19 17:15:00,7213.8
2019-02-19 17:30:00,7230.0
2019-02-19 17:45:00,7249.9
2019-02-19 18:00:00,7271.2
2019-02-19 18:15:00,7283.0
2019-02-19 18:30:00,7286.4
2019-02-19 18:45:00,7285.4
2019-02-19 19:00:00,7276.5
2019-02-19 19:15:00,7266.8
2019-02-19 19:30:00,7253.1
2019-02-19 19:45:00,7238.5
2019-02-19 20:00:00,7215.2
2019-02-19 20:15:00,7194.5
2019-02-19 20:30:00,7174.8
2019-02-19 20:45:00,7156.2
2019-02-19 21:00:00,7143.1
2019-02-19 21:15:00,7127.7
2019-02-19 21:30:00,7111.0
2019-02-19 21:45:00,7097.7
2019-02-19 22:00:00,7092.1
2019-02-19 22:15:00,7073.8
2019-02-19 22:30:00,7052.2
2019-02-19 22:45:00,7033.2
2019-02-19 23:00:00,7011.4
2019-02-19 23:15:00,7000.8
2019-02-19 23:30:00,6990.8
2019-02-19 23:45:00,6972.9
2019-02-20 00:00:00,6954.4
2019-02-20 00:15:00,6941.8
2019-02-20 00:30:00,6932.2
2019-02-20 00:45:00,6925.0
2019-02-20 01:00:00,6915.2
2019-02-20 01:15:00,6907.3
2019-02-20 01:30:00,6904.3
2019-02-20 01:45:00,6902.1
2019-02-20 02:00:00,6889.2
2019-02-20 02:15:00,6886.4
2019-02-20 02:30:00,6885.2
2019-02-20 02:45:00,6892.4
2019-02-20 03:00:00,6894.6
2019-02-20 03:15:00,6895.5
2019-02-20 03:30:00,6898.2
2019-02-20 03:45:00,6901.8
2019-02-20 04:00:00,6904.2
2019-02-20 04:15:00,6910.5
2019-02-20 04:30:00,6925.3
2019-02-20 04:45:00,6936.2
2019-02-20 05:00:00,6962.8
2019-02-20 05:15:00,6974.7
2019-02-20 05:30:00,6994.3
2019-02-20 05:45:00,7019.0
2019-02-20 06:00:00,7062.7
2019-02-20 06:15:00,7106.3
2019-02-20 06:30:00,7141.9
2019-02-20 06:45:00,7172.6
2019-02-20 07:00:00,7196.5
2019-02-20 07:15:00,7211.7
2019-02-20 07:30:00,7222.4
2019-02-20 07:45:00,7233.2
2019-02-20 08:00:00,7239.4
2019-02-20 08:15:00,7240.9
2019-02-20 08:30:00,7243.5
2019-02-20 08:45:00,7239.7
2019-02-20 09:00:00,7228.4
2019-02-20 09:15:00,7232.1
2019-02-20 09:30:00,7236.8
2019-02-20 09:45:00,7239.6
2019-02-20 10:00:00,7232.9
2019-02-20 10:15:00,7230.0
2019-02-20 10:30:00,7231.4
2019-02-20 10:45:00,7228.0
2019-02-20 11:00:00,7235.7
2019-02-20 11:15:00,7243.3
2019-02-20 11:30:00,7241.3
2019-02-20 11:45:00,7242.4
2019-02-20 12:00:00,7234.0
2019-02-20 12:15:00,7230.3
2019-02-20 12:30:00,7228.4
2019-02-20 12:45:00,7224.8
2019-02-20 13:00:00,7228.8
2019-02-20 13:15:00,7222.4
2019-02-20 13:30:00,7212.1
2019-02-20 13:45:00,7201.8
2019-02-20 14:00:00,7193.5
2019-02-20 14:15:00,7190.0
2019-02-20 14:30:00,7191.1
2019-02-20 14:45:00,7187.2
2019-02-20 15:00:00,7183.3
2019-02-20 15:15:00,7177.8
2019-02-20 15:30:00,7173.9
2019-02-20 15:45:00,7158.5
2019-02-20 16:00:00,7159.9
2019-02-20 16:15:00,7157.9
2019-02-20 16:30:00,7156.6
2019-02-20 16:45:00,7147.6
2019-02-20 17:00:00,7162.9
2019-02-20 17:15:00,7176.0
2019-02-20 17:30:00,7197.2
2019-02-20 17:45:00,7220.1
2019-02-20 18:00:00,7238.1
2019-02-20 18:15:00,7252.7
2019-02-20 18:30:00,7257.8
2019-02-20 18:45:00,7256.6
2019-02-20 19:00:00,7242.8
2019-02-20 19:15:00,7225.4
2019-02-20 19:30:00,7213.1
2019-02-20 19:45:00,7202.6
2019-02-20 20:00:00,7182.4
2019-02-20 20:15:00,7159.9
2019-02-20 20:30:00,7140.8
2019-02-20 20:45:00,7123.7
2019-02-20 21:00:00,7114.8
2019-02-20 21:15:00,7102.2
2019-02-20 21:30:00,7083.9
2019-02-20 21:45:00,7065.9
2019-02-20 22:00:00,7064.8
2019-02-20 22:15:00,7048.7
2019-02-20 22:30:00,7029.5
2019-02-20 22:45:00,7009.5
2019-02-20 23:00:00,6991.3
2019-02-20 23:15:00,6975.5
2019-02-20 23:30:00,6962.2
2019-02-20 23:45:00,6944.2
2019-02-21 00:00:00,6935.4
2019-02-21 00:15:00,6913.8
2019-02-21 00:30:00,6907.1
2019-02-21 00:45:00,6898.2
2019-02-21 01:00:00,6899.3
2019-02-21 01:15:00,6896.5
2019-02-21 01:30:00,6892.4
2019-02-21 01:45:00,6886.9
2019-02-21 02:00:00,6882.8
2019-02-21 02:15:00,6879.7
2019-02-21 02:30:00,6878.7
2019-02-21 02:45:00,6880.2
2019-02-21 03:00:00,6887.8
2019-02-21 03:15:00,6889.8
2019-02-21 03:30:00,6888.1
2019-02-21 03:45:00,6890.3
2019-02-21 04:00:00,6903.9
2019-02-21 04:15:00,6910.1
2019-02-21 04:30:00,6917.1
2019-02-21 04:45:00,6926.8
2019-02-21 05:00:00,6949.4
2019-02-21 05:15:00,6962.8
2019-02-21 05:30:00,6980.8
2019-02-21 05:45:00,7007.4
2019-02-21 06:00:00,7066.3
2019-02-21 06:15:00,7099.8
2019-02-21 06:30:00,7131.4
2019-02-21 06:45:00,7159.8
2019-02-21 07:00:00,7185.0
2019-02-21 07:15:00,7198.7
2019-02-21 07:30:00,7202.7
2019-02-21 07:45:00,7214.3
2019-02-21 08:00:00,7228.3
2019-02-21 08:15:00,7236.9
2019-02-21 08:30:00,7235.1
2019-02-21 08:45:00,7231.9
2019-02-21 09:00:00,7231.3
2019-02-21 09:15:00,7238.0
2019-02-21 09:30:00,7246.0
2019-02-21 09:45:00,7248.6
2019-02-21 10:00:00,7248.7
2019-02-21 10:15:00,7249.9
2019-02-21 10:30:00,7251.4
2019-02-21 10:45:00,7255.2
2019-02-21 11:00:00,7257.1
2019-02-21 11:15:00,7255.5
2019-02-21 11:30:00,7252.2
2019-02-21 11:45:00,7247.3
2019-02-21 12:00:00,7232.3
2019-02-21 12:15:00,7228.9
2019-02-21 12:30:00,7228.5
2019-02-21 12:45:00,7225.1
2019-02-21 13:00:00,7222.8
2019-02-21 13:15:00,7217.5
2019-02-21 13:30:00,7211.5
2019-02-21 13:45:00,7197.7
2019-02-21 14:00:00,7198.2
2019-02-21 14:15:00,7203.0
2019-02-21 14:30:00,7201.8
2019-02-21 14:45:00,7200.9
2019-02-21 15:00:00,7201.4
2019-02-21 15:15:00,7198.5
2019-02-21 15:30:00,7195.7
2019-02-21 15:45:00,7191.0
2019-02-21 16:00:00,7177.7
2019-02-21 16:15:00,7176.4
2019-02-21 16:30:00,7180.1
2019-02-21 16:45:00,7177.1
2019-02-21 17:00:00,7180.3
2019-02-21 17:15:00,7190.4
2019-02-21 17:30:00,7207.3
2019-02-21 17:45:00,7221.6
2019-02-21 18:00:00,7236.2
2019-02-21 18:15:00,7246.3
2019-02-21 18:30:00,7247.4
2019-02-21 18:45:00,7248.2
2019-02-21 19:00:00,7245.2
2019-02-21 19:15:00,7239.3
2019-02-21 19:30:00,7223.7
2019-02-21 19:45:00,7211.6
2019-02-21 20:00:00,7190.3
2019-02-21 20:15:00,7166.8
2019-02-21 20:30:00,7148.6
2019-02-21 20:45:00,7122.5
2019-02-21 21:00:00,7111.8
2019-02-21 21:15:00,7098.3
2019-02-21 21:30:00,7081.6
2019-02-21 21:45:00,7070.5
2019-02-21 22:00:00,7068.7
2019-02-21 22:15:00,7051.1
2019-02-21 22:30:00,7033.4
2019-02-21 22:45:00,7014.0
2019-02-21 23:00:00,6992.8
2019-02-21 23:15:00,6976.2
2019-02-21 23:30:00,6962.7
2019-02-21 23:45:00,6947.7
2019-02-22 00:00:00,6928.3
2019-02-22 00:15:00,6918.4
2019-02-22 00:30:00,6911.3
2019-02-22 00:45:00,6898.6
2019-02-22 01:00:00,6884.3
2019-02-22 01:15:00,6877.0
2019-02-22 01:30:00,6870.1
2019-02-22 01:45:00,6867.1
2019-02-22 02:00:00,6858.3
2019-02-22 02:15:00,6856.2
2019-02-22 02:30:00,6857.9
2019-02-22 02:45:00,6857.4
2019-02-22 03:00:00,6863.9
2019-02-22 03:15:00,6865.6
2019-02-22 03:30:00,6874.4
2019-02-22 03:45:00,6879.2
2019-02-22 04:00:00,6881.2
2019-02-22 04:15:00,6892.8
2019-02-22 04:30:00,6903.2
2019-02-22 04:45:00,6915.0
2019-02-22 05:00:00,6933.8
2019-02-22 05:15:00,6950.0
2019-02-22 05:30:00,6975.5
2019-02-22 05:45:00,6998.3
2019-02-22 06:00:00,7042.7
2019-02-22 06:15:00,7081.8
2019-02-22 06:30:00,7114.9
2019-02-22 06:45:00,7142.8
2019-02-22 07:00:00,7166.8
2019-02-22 07:15:00,7181.3
2019-02-22 07:30:00,7193.6
2019-02-22 07:45:00,7204.9
2019-02-22 08:00:00,7219.4
2019-02-22 08:15:00,7221.1
2019-02-22 08:30:00,7225.6
2019-02-22 08:45:00,7229.1
2019-02-22 09:00:00,7228.4
2019-02-22 09:15:00,7234.9
2019-02-22 09:30:00,7240.0
2019-02-22 09:45:00,7245.4
2019-02-22 10:00:00,7245.8
2019-02-22 10:15:00,7244.5
2019-02-22 10:30:00,7245.4
2019-02-22 10:45:00,7243.2
2019-02-22 11:00:00,7246.3
2019-02-22 11:15:00,7248.9
2019-02-22 11:30:00,7250.3
2019-02-22 11:45:00,7246.2
2019-02-22 12:00:00,7240.9
2019-02-22 12:15:00,7232.1
2019-02-22 12:30:00,7230.1
2019-02-22 12:45:00,7226.5
2019-02-22 13:00:00,7218.9
2019-02-22 13:15:00,7204.3
2019-02-22 13:30:00,7194.7
2019-02-22 13:45:00,7183.7
2019-02-22 14:00:00,7178.8
2019-02-22 14:15:00,7171.7
2019-02-22 14:30:00,7162.3
2019-02-22 14:45:00,7156.6
2019-02-22 15:00:00,7157.3
2019-02-22 15:15:00,7148.2
2019-02-22 15:30:00,7144.0
2019-02-22 15:45:00,7134.0
2019-02-22 16:00:00,7136.5
2019-02-22 16:15:00,7133.0
2019-02-22 16:30:00,7125.8
2019-02-22 16:45:00,7127.9
2019-02-22 17:00:00,7134.4
2019-02-22 17:15:00,7140.7
2019-02-22 17:30:00,7152.2
2019-02-22 17:45:00,7164.9
2019-02-22 18:00:00,7185.0
2019-02-22 18:15:00,7200.1
2019-02-22 18:30:00,7210.1
2019-02-22 18:45:00,7207.6
2019-02-22 19:00:00,7200.1
2019-02-22 19:15:00,7188.1
2019-02-22 19:30:00,7174.3
2019-02-22 19:45:00,7165.6
2019-02-22 20:00:00,7143.4
2019-02-22 20:15:00,7123.2
2019-02-22 20:30:00,7107.1
2019-02-22 20:45:00,7089.3
2019-02-22 21:00:00,7078.1
2019-02-22 21:15:00,7069.0
2019-02-22 21:30:00,7053.9
2019-02-22 21:45:00,7039.5
2019-02-22 22:00:00,7036.5
2019-02-22 22:15:00,7029.2
2019-02-22 22:30:00,7013.6
2019-02-22 22:45:00,6998.6
2019-02-22 23:00:00,6981.8
2019-02-22 23:15:00,6964.7
2019-02-22 23:30:00,6950.3
2019-02-22 23:45:00,6934.8
2019-02-23 00:00:00,6913.7
2019-02-23 00:15:00,6899.6
2019-02-23 00:30:00,6891.6
2019-02-23 00:45:00,6886.9
2019-02-23 01:00:00,6875.8
2019-02-23 01:15:00,6873.7
2019-02-23 01:30:00,6865.0
2019-02-23 01:45:00,6862.5
2019-02-23 02:00:00,6848.4
2019-02-23 02:15:00,6843.6
2019-02-23 02:30:00,6845.8
2019-02-23 02:45:00,6843.7
2019-02-23 03:00:00,6843.1
2019-02-23 03:15:00,6843.3
2019-02-23 03:30:00,6842.9
2019-02-23 03:45:00,6845.8
2019-02-23 04:00:00,6844.4
2019-02-23 04:15:00,6842.9
2019-02-23 04:30:00,6840.3
2019-02-23 04:45:00,6844.4
2019-02-23 05:00:00,6850.9
2019-02-23 05:15:00,6846.1
2019-02-23 05:30:00,6843.8
2019-02-23 05:45:00,6847.3
2019-02-23 06:00:00,6854.9
2019-02-23 06:15:00,6863.0
2019-02-23 06:30:00,6867.7
2019-02-23 06:45:00,6879.3
2019-02-23 07:00:00,6893.3
2019-02-23 07:15:00,6901.7
2019-02-23 07:30:00,6914.1
2019-02-23 07:45:00,6931.8
2019-02-23 08:00:00,6956.1
2019-02-23 08:15:00,6975.2
2019-02-23 08:30:00,6989.1
2019-02-23 08:45:00,7001.0
2019-02-23 09:00:00,7010.3
2019-02-23 09:15:00,7021.0
2019-02-23 09:30:00,7028.6
2019-02-23 09:45:00,7033.7
2019-02-23 10:00:00,7036.3
2019-02-23 10:15:00,7037.1
2019-02-23 10:30:00,7037.1
2019-02-23 10:45:00,7039.3
2019-02-23 11:00:00,7039.4
2019-02-23 11:15:00,7040.6
2019-02-23 11:30:00,7041.8
2019-02-23 11:45:00,7038.0
2019-02-23 12:00:00,7026.6
2019-02-23 12:15:00,7020.4
2019-02-23 12:30:00,7011.8
2019-02-23 12:45:00,7003.5
2019-02-23 13:00:00,6995.5
2019-02-23 13:15:00,6990.1
2019-02-23 13:30:00,6982.6
2019-02-23 13:45:00,6973.1
2019-02-23 14:00:00,6965.4
2019-02-23 14:15:00,6960.8
2019-02-23 14:30:00,6953.7
2019-02-23 14:45:00,6950.1
2019-02-23 15:00:00,6946.1
2019-02-23 15:15:00,6943.1
2019-02-23 15:30:00,6935.8
2019-02-23 15:45:00,6934.0
2019-02-23 16:00:00,6934.1
2019-02-23 16:15:00,6932.8
2019-02-23 16:30:00,6937.3
2019-02-23 16:45:00,6940.6
2019-02-23 17:00:00,6950.6
2019-02-23 17:15:00,6961.6
2019-02-23 17:30:00,6982.2
2019-02-23 17:45:00,7001.3
2019-02-23 18:00:00,7029.6
2019-02-23 18:15:00,7050.1
2019-02-23 18:30:00,7058.9
2019-02-23 18:45:00,7054.4
2019-02-23 19:00:00,7053.4
2019-02-23 19:15:00,7038.3
2019-02-23 19:30:00,7027.9
2019-02-23 19:45:00,7012.2
2019-02-23 20:00:00,7004.0
2019-02-23 20:15:00,6986.9
2019-02-23 20:30:00,6970.3
2019-02-23 20:45:00,6959.6
2019-02-23 21:00:00,6952.6
2019-02-23 21:15:00,6944.3
2019-02-23 21:30:00,6934.8
2019-02-23 21:45:00,6931.3
2019-02-23 22:00:00,6939.3
2019-02-23 22:15:00,6930.4
2019-02-23 22:30:00,6915.3
2019-02-23 22:45:00,6900.9
2019-02-23 23:00:00,6888.4
2019-02-23 23:15:00,6877.8
2019-02-23 23:30:00,6866.5
2019-02-23 23:45:00,6852.9
2019-02-24 00:00:00,6831.6
2019-02-24 00:15:00,6822.3
2019-02-24 00:30:00,6811.3
2019-02-24 00:45:00,6801.3
2019-02-24 01:00:00,6788.5
2019-02-24 01:15:00,6782.5
2019-02-24 01:30:00,6776.1
2019-02-24 01:45:00,6772.9
2019-02-24 02:00:00,6768.6
2019-02-24 02:15:00,6765.3
2019-02-24 02:30:00,6765.7
2019-02-24 02:45:00,6762.8
2019-02-24 03:00:00,6761.1
2019-02-24 03:15:00,6760.4
2019-02-24 03:30:00,6759.5
2019-02-24 03:45:00,6759.1
2019-02-24 04:00:00,6762.5
2019-02-24 04:15:00,6764.5
2019-02-24 04:30:00,6761.9
2019-02-24 04:45:00,6763.3
2019-02-24 05:00:00,6763.1
2019-02-24 05:15:00,6758.3
2019-02-24 05:30:00,6753.8
2019-02-24 05:45:00,6749.5
2019-02-24 06:00:00,6743.8
2019-02-24 06:15:00,6746.4
2019-02-24 06:30:00,6752.6
2019-02-24 06:45:00,6757.2
2019-02-24 07:00:00,6760.0
2019-02-24 07:15:00,6766.8
2019-02-24 07:30:00,6780.6
2019-02-24 07:45:00,6793.5
2019-02-24 08:00:00,6811.5
2019-02-24 08:15:00,6826.8
2019-02-24 08:30:00,6840.4
2019-02-24 08:45:00,6848.0
2019-02-24 09:00:00,6856.6
2019-02-24 09:15:00,6871.5
2019-02-24 09:30:00,6883.6
2019-02-24 09:45:00,6894.4
2019-02-24 10:00:00,6895.2
2019-02-24 10:15:00,6902.2
2019-02-24 10:30:00,6910.6
2019-02-24 10:45:00,6918.8
2019-02-24 11:00:00,6922.6
2019-02-24 11:15:00,6932.2
2019-02-24 11:30:00,6939.5
2019-02-24 11:45:00,6938.8
2019-02-24 12:00:00,6928.9
2019-02-24 12:15:00,6921.4
2019-02-24 12:30:00,6913.9
2019-02-24 12:45:00,6908.5
2019-02-24 13:00:00,6895.9
2019-02-24 13:15:00,6884.9
2019-02-24 13:30:00,6875.9
2019-02-24 13:45:00,6868.5
2019-02-24 14:00:00,6865.4
2019-02-24 14:15:00,6858.5
2019-02-24 14:30:00,6853.6
2019-02-24 14:45:00,6848.9
2019-02-24 15:00:00,6845.0
2019-02-24 15:15:00,6843.5
2019-02-24 15:30:00,6837.4
2019-02-24 15:45:00,6837.5
2019-02-24 16:00:00,6835.0
2019-02-24 16:15:00,6841.4
2019-02-24 16:30:00,6849.7
2019-02-24 16:45:00,6853.4
2019-02-24 17:00:00,6866.1
2019-02-24 17:15:00,6882.6
2019-02-24 17:30:00,6906.1
2019-02-24 17:45:00,6928.8
2019-02-24 18:00:00,6966.3
2019-02-24 18:15:00,6994.0
2019-02-24 18:30:00,7005.2
2019-02-24 18:45:00,7003.2
2019-02-24 19:00:00,7000.2
2019-02-24 19:15:00,6986.3
2019-02-24 19:30:00,6979.6
2019-02-24 19:45:00,6969.1
2019-02-24 20:00:00,6961.6
2019-02-24 20:15:00,6950.2
2019-02-24 20:30:00,6934.8
2019-02-24 20:45:00,6923.1
2019-02-24 21:00:00,6916.5
2019-02-24 21:15:00,6910.7
2019-02-24 21:30:00,6909.7
2019-02-24 21:45:00,6911.6
2019-02-24 22:00:00,6919.4
2019-02-24 22:15:00,6914.2
2019-02-24 22:30:00,6903.5
2019-02-24 22:45:00,6885.8
2019-02-24 23:00:00,6872.6
2019-02-24 23:15:00,6863.0
2019-02-24 23:30:00,6848.2
2019-02-24 23:45:00,6836.6
2019-02-25 00:00:00,6828.1
2019-02-25 00:15:00,6818.8
2019-02-25 00:30:00,6817.7
2019-02-25 00:45:00,6815.0
2019-02-25 01:00:00,6805.3
2019-02-25 01:15:00,6800.3
2019-02-25 01:30:00,6798.4
2019-02-25 01:45:00,6797.4
2019-02-25 02:00:00,6792.3
2019-02-25 02:15:00,6792.2
2019-02-25 02:30:00,6790.3
2019-02-25 02:45:00,6792.8
2019-02-25 03:00:00,6794.1
2019-02-25 03:15:00,6798.2
2019-02-25 03:30:00,6805.2
2019-02-25 03:45:00,6808.3
2019-02-25 04:00:00,6821.2
2019-02-25 04:15:00,6830.4
2019-02-25 04:30:00,6841.6
2019-02-25 04:45:00,6852.1
2019-02-25 05:00:00,6883.7
2019-02-25 05:15:00,6897.4
2019-02-25 05:30:00,6918.8
2019-02-25 05:45:00,6947.4
2019-02-25 06:00:00,6999.2
2019-02-25 06:15:00,7042.2
2019-02-25 06:30:00,7085.8
2019-02-25 06:45:00,7116.1
2019-02-25 07:00:00,7132.6
2019-02-25 07:15:00,7147.2
2019-02-25 07:30:00,7156.5
2019-02-25 07:45:00,7169.7
2019-02-25 08:00:00,7182.5
2019-02-25 08:15:00,7186.6
2019-02-25 08:30:00,7186.3
2019-02-25 08:45:00,7181.2
2019-02-25 09:00:00,7173.0
2019-02-25 09:15:00,7181.1
2019-02-25 09:30:00,7179.3
2019-02-25 09:45:00,7187.0
2019-02-25 10:00:00,7190.0
2019-02-25 10:15:00,7186.6
2019-02-25 10:30:00,7187.7
2019-02-25 10:45:00,7185.4
2019-02-25 11:00:00,7189.9
2019-02-25 11:15:00,7194.5
2019-02-25 11:30:00,7197.0
2019-02-25 11:45:00,7196.1
2019-02-25 12:00:00,7188.0
2019-02-25 12:15:00,7183.9
2019-02-25 12:30:00,7179.9
2019-02-25 12:45:00,7178.3
2019-02-25 13:00:00,7182.0
2019-02-25 13:15:00,7177.8
2019-02-25 13:30:00,7168.1
2019-02-25 13:45:00,7159.9
2019-02-25 14:00:00,7159.4
2019-02-25 14:15:00,7155.7
2019-02-25 14:30:00,7147.6
2019-02-25 14:45:00,7142.8
2019-02-25 15:00:00,7142.3
2019-02-25 15:15:00,7131.4
2019-02-25 15:30:00,7125.8
2019-02-25 15:45:00,7121.3
2019-02-25 16:00:00,7119.4
2019-02-25 16:15:00,7117.0
2019-02-25 16:30:00,7114.3
2019-02-25 16:45:00,7113.6
2019-02-25 17:00:00,7121.0
2019-02-25 17:15:00,7130.1
2019-02-25 17:30:00,7144.1
2019-02-25 17:45:00,7166.6
2019-02-25 18:00:00,7186.6
2019-02-25 18:15:00,7207.7
2019-02-25 18:30:00,7225.1
2019-02-25 18:45:00,7229.8
2019-02-25 19:00:00,7226.1
2019-02-25 19:15:00,7210.9
2019-02-25 19:30:00,7198.6
2019-02-25 19:45:00,7186.3
2019-02-25 20:00:00,7168.8
2019-02-25 20:15:00,7143.3
2019-02-25 20:30:00,7124.2
2019-02-25 20:45:00,7110.6
2019-02-25 21:00:00,7097.5
2019-02-25 21:15:00,7083.9
2019-02-25 21:30:00,7070.8
2019-02-25 21:45:00,7059.2
2019-02-25 22:00:00,7053.8
2019-02-25 22:15:00,7038.1
2019-02-25 22:30:00,7014.6
2019-02-25 22:45:00,6996.9
2019-02-25 23:00:00,6981.5
2019-02-25 23:15:00,6964.2
2019-02-25 23:30:00,6947.5
2019-02-25 23:45:00,6934.3
2019-02-26 00:00:00,6904.7
2019-02-26 00:15:00,6893.4
2019-02-26 00:30:00,6888.7
2019-02-26 00:45:00,6879.8
2019-02-26 01:00:00,6870.3
2019-02-26 01:15:00,6861.8
2019-02-26 01:30:00,6858.7
2019-02-26 01:45:00,6853.2
2019-02-26 02:00:00,6849.0
2019-02-26 02:15:00,6846.4
2019-02-26 02:30:00,6848.6
2019-02-26 02:45:00,6855.8
2019-02-26 03:00:00,6855.5
2019-02-26 03:15:00,6859.4
2019-02-26 03:30:00,6859.7
2019-02-26 03:45:00,6866.3
2019-02-26 04:00:00,6872.5
2019-02-26 04:15:00,6874.1
2019-02-26 04:30:00,6882.9
2019-02-26 04:45:00,6891.7
2019-02-26 05:00:00,6917.1
2019-02-26 05:15:00,6927.9
2019-02-26 05:30:00,6952.1
2019-02-26 05:45:00,6981.3
2019-02-26 06:00:00,7029.4
2019-02-26 06:15:00,7069.6
2019-02-26 06:30:00,7105.6
2019-02-26 06:45:00,7133.2
2019-02-26 07:00:00,7153.4
2019-02-26 07:15:00,7162.9
2019-02-26 07:30:00,7172.8
2019-02-26 07:45:00,7178.8
2019-02-26 08:00:00,7190.4
2019-02-26 08:15:00,7193.6
2019-02-26 08:30:00,7193.5
2019-02-26 08:45:00,7186.5
2019-02-26 09:00:00,7179.0
2019-02-26 09:15:00,7189.8
2019-02-26 09:30:00,7190.9
2019-02-26 09:45:00,7188.3
2019-02-26 10:00:00,7191.1
2019-02-26 10:15:00,7187.6
2019-02-26 10:30:00,7188.5
2019-02-26 10:45:00,7191.9
2019-02-26 11:00:00,7197.5
2019-02-26 11:15:00,7186.8
2019-02-26 11:30:00,7187.7
2019-02-26 11:45:00,7185.9
2019-02-26 12:00:00,7188.3
2019-02-26 12:15:00,7178.6
2019-02-26 12:30:00,7178.2
2019-02-26 12:45:00,7171.8
2019-02-26 13:00:00,7175.2
2019-02-26 13:15:00,7170.8
2019-02-26 13:30:00,7162.8
2019-02-26 13:45:00,7151.9
2019-02-26 14:00:00,7150.0
2019-02-26 14:15:00,7149.4
2019-02-26 14:30:00,7137.0
2019-02-26 14:45:00,7134.6
2019-02-26 15:00:00,7133.0
2019-02-26 15:15:00,7127.5
2019-02-26 15:30:00,7118.9
2019-02-26 15:45:00,7116.4
2019-02-26 16:00:00,7110.1
2019-02-26 16:15:00,7104.7
2019-02-26 16:30:00,7104.1
2019-02-26 16:45:00,7109.1
2019-02-26 17:00:00,7111.9
2019-02-26 17:15:00,7120.9
2019-02-26 17:30:00,7134.4
2019-02-26 17:45:00,7151.1
2019-02-26 18:00:00,7166.0
2019-02-26 18:15:00,7191.7
2019-02-26 18:30:00,7211.4
2019-02-26 18:45:00,7217.2
2019-02-26 19:00:00,7211.2
2019-02-26 19:15:00,7194.7
2019-02-26 19:30:00,7179.7
2019-02-26 19:45:00,7170.2
2019-02-26 20:00:00,7153.3
2019-02-26 20:15:00,7129.2
2019-02-26 20:30:00,7113.8
2019-02-26 20:45:00,7093.7
2019-02-26 21:00:00,7083.1
2019-02-26 21:15:00,7065.3
2019-02-26 21:30:00,7048.9
2019-02-26 21:45:00,7029.9
2019-02-26 22:00:00,7027.9
2019-02-26 22:15:00,7013.2
2019-02-26 22:30:00,6991.8
2019-02-26 22:45:00,6974.7
2019-02-26 23:00:00,6958.7
2019-02-26 23:15:00,6936.1
2019-02-26 23:30:00,6921.5
2019-02-26 23:45:00,6909.7
2019-02-27 00:00:00,6892.0
2019-02-27 00:15:00,6881.0
2019-02-27 00:30:00,6875.0
2019-02-27 00:45:00,6869.0
2019-02-27 01:00:00,6859.8
2019-02-27 01:15:00,6855.6
2019-02-27 01:30:00,6850.7
2019-02-27 01:45:00,6847.6
2019-02-27 02:00:00,6845.6
2019-02-27 02:15:00,6844.0
2019-02-27 02:30:00,6844.1
2019-02-27 02:45:00,6847.4
2019-02-27 03:00:00,6856.0
2019-02-27 03:15:00,6861.7
2019-02-27 03:30:00,6865.4
2019-02-27 03:45:00,6870.4
2019-02-27 04:00:00,6880.3
2019-02-27 04:15:00,6886.9
2019-02-27 04:30:00,6896.5
2019-02-27 04:45:00,6908.6
2019-02-27 05:00:00,6927.0
2019-02-27 05:15:00,6942.2
2019-02-27 05:30:00,6962.0
2019-02-27 05:45:00,6986.8
2019-02-27 06:00:00,7033.0
2019-02-27 06:15:00,7070.3
2019-02-27 06:30:00,7105.6
2019-02-27 06:45:00,7130.4
2019-02-27 07:00:00,7148.3
2019-02-27 07:15:00,7160.6
2019-02-27 07:30:00,7169.6
2019-02-27 07:45:00,7181.0
2019-02-27 08:00:00,7188.0
2019-02-27 08:15:00,7192.6
2019-02-27 08:30:00,7197.3
2019-02-27 08:45:00,7195.6
2019-02-27 09:00:00,7191.2
2019-02-27 09:15:00,7191.8
2019-02-27 09:30:00,7199.1
2019-02-27 09:45:00,7201.5
2019-02-27 10:00:00,7205.4
2019-02-27 10:15:00,7205.9
2019-02-27 10:30:00,7207.1
2019-02-27 10:45:00,7204.0
2019-02-27 11:00:00,7206.3
2019-02-27 11:15:00,7208.2
2019-02-27 11:30:00,7207.6
2019-02-27 11:45:00,7202.2
2019-02-27 12:00:00,7191.1
2019-02-27 12:15:00,7185.2
2019-02-27 12:30:00,7185.1
2019-02-27 12:45:00,7179.9
2019-02-27 13:00:00,7176.8
2019-02-27 13:15:00,7171.7
2019-02-27 13:30:00,7173.7
2019-02-27 13:45:00,7161.0
2019-02-27 14:00:00,7159.9
2019-02-27 14:15:00,7155.6
2019-02-27 14:30:00,7147.5
2019-02-27 14:45:00,7137.2
2019-02-27 15:00:00,7138.2
2019-02-27 15:15:00,7132.0
2019-02-27 15:30:00,7127.1
2019-02-27 15:45:00,7118.1
2019-02-27 16:00:00,7114.2
2019-02-27 16:15:00,7113.7
2019-02-27 16:30:00,7111.0
2019-02-27 16:45:00,7114.6
2019-02-27 17:00:00,7122.0
2019-02-27 17:15:00,7127.7
2019-02-27 17:30:00,7143.1
2019-02-27 17:45:00,7162.4
2019-02-27 18:00:00,7187.2
2019-02-27 18:15:00,7212.1
2019-02-27 18:30:00,7233.9
2019-02-27 18:45:00,7241.9
2019-02-27 19:00:00,7237.9
2019-02-27 19:15:00,7226.5
2019-02-27 19:30:00,7218.2
2019-02-27 19:45:00,7202.4
2019-02-27 20:00:00,7188.2
2019-02-27 20:15:00,7172.3
2019-02-27 20:30:00,7156.7
2019-02-27 20:45:00,7135.0
2019-02-27 21:00:00,7116.5
2019-02-27 21:15:00,7100.5
2019-02-27 21:30:00,7080.4
2019-02-27 21:45:00,7061.0
2019-02-27 22:00:00,7056.5
2019-02-27 22:15:00,7042.9
2019-02-27 22:30:00,7023.4
2019-02-27 22:45:00,7004.9
2019-02-27 23:00:00,6992.5
2019-02-27 23:15:00,6974.7
2019-02-27 23:30:00,6962.2
2019-02-27 23:45:00,6950.1
2019-02-28 00:00:00,6926.0
2019-02-28 00:15:00,6919.1
2019-02-28 00:30:00,6910.7
2019-02-28 00:45:00,6897.2
2019-02-28 01:00:00,6889.9
2019-02-28 01:15:00,6879.8
2019-02-28 01:30:00,6876.7
2019-02-28 01:45:00,6869.6
2019-02-28 02:00:00,6865.7
2019-02-28 02:15:00,6863.9
2019-02-28 02:30:00,6868.8
2019-02-28 02:45:00,6866.6
2019-02-28 03:00:00,6871.5
2019-02-28 03:15:00,6878.2
2019-02-28 03:30:00,6878.5
2019-02-28 03:45:00,6882.0
2019-02-28 04:00:00,6891.2
2019-02-28 04:15:00,6895.9
2019-02-28 04:30:00,6904.3
2019-02-28 04:45:00,6909.0
2019-02-28 05:00:00,6931.6
2019-02-28 05:15:00,6939.6
2019-02-28 05:30:00,6951.3
2019-02-28 05:45:00,6972.2
2019-02-28 06:00:00,7021.7
2019-02-28 06:15:00,7061.3
2019-02-28 06:30:00,7093.8
2019-02-28 06:45:00,7117.9
2019-02-28 07:00:00,7145.3
2019-02-28 07:15:00,7158.6
2019-02-28 07:30:00,7168.0
2019-02-28 07:45:00,7175.7
2019-02-28 08:00:00,7187.8
2019-02-28 08:15:00,7194.5
2019-02-28 08:30:00,7196.0
2019-02-28 08:45:00,7193.1
2019-02-28 09:00:00,7184.8
2019-02-28 09:15:00,7191.7
2019-02-28 09:30:00,7194.9
2019-02-28 09:45:00,7201.6
2019-02-28 10:00:00,7192.1
2019-02-28 10:15:00,7188.4
2019-02-28 10:30:00,7192.1
2019-02-28 10:45:00,7194.4
2019-02-28 11:00:00,7200.0
2019-02-28 11:15:00,7196.9
2019-02-28 11:30:00,7202.2
2019-02-28 11:45:00,7200.1
2019-02-28 12:00:00,7193.0
2019-02-28 12:15:00,7181.4
2019-02-28 12:30:00,7175.8
2019-02-28 12:45:00,7177.2
2019-02-28 13:00:00,7172.8
2019-02-28 13:15:00,7171.1
2019-02-28 13:30:00,7159.2
2019-02-28 13:45:00,7144.6
2019-02-28 14:00:00,7149.7
2019-02-28 14:15:00,7142.1
2019-02-28 14:30:00,7142.3
2019-02-28 14:45:00,7142.8
2019-02-28 15:00:00,7149.8
2019-02-28 15:15:00,7149.2
2019-02-28 15:30:00,7146.7
2019-02-28 15:45:00,7145.9
2019-02-28 16:00:00,7142.0
2019-02-28 16:15:00,7138.8
2019-02-28 16:30:00,7135.4
2019-02-28 16:45:00,7138.4
2019-02-28 17:00:00,7150.7
2019-02-28 17:15:00,7157.8
2019-02-28 17:30:00,7167.5
2019-02-28 17:45:00,7177.5
2019-02-28 18:00:00,7195.7
2019-02-28 18:15:00,7213.0
2019-02-28 18:30:00,7224.4
2019-02-28 18:45:00,7227.4
2019-02-28 19:00:00,7221.3
2019-02-28 19:15:00,7209.1
2019-02-28 19:30:00,7201.4
2019-02-28 19:45:00,7185.7
2019-02-28 20:00:00,7166.3
2019-02-28 20:15:00,7141.7
2019-02-28 20:30:00,7119.9
2019-02-28 20:45:00,7104.9
2019-02-28 21:00:00,7091.9
2019-02-28 21:15:00,7076.3
2019-02-28 21:30:00,7058.3
2019-02-28 21:45:00,7043.0
2019-02-28 22:00:00,7034.1
2019-02-28 22:15:00,7016.3
2019-02-28 22:30:00,6998.1
2019-02-28 22:45:00,6980.0
2019-02-28 23:00:00,6960.8
2019-02-28 23:15:00,6943.1
2019-02-28 23:30:00,6922.7
2019-02-28 23:45:00,6905.0
2019-03-01 00:00:00,6893.4
2019-03-01 00:15:00,6883.3
2019-03-01 00:30:00,6874.4
2019-03-01 00:45:00,6867.6
2019-03-01 01:00:00,6860.0
2019-03-01 01:15:00,6853.8
2019-03-01 01:30:00,6851.6
2019-03-01 01:45:00,6845.5
2019-03-01 02:00:00,6838.6
2019-03-01 02:15:00,6835.3
2019-03-01 02:30:00,6839.2
2019-03-01 02:45:00,6837.7
2019-03-01 03:00:00,6835.5
2019-03-01 03:15:00,6838.0
2019-03-01 03:30:00,6841.7
2019-03-01 03:45:00,6847.1
2019-03-01 04:00:00,6856.6
2019-03-01 04:15:00,6863.0
2019-03-01 04:30:00,6873.3
2019-03-01 04:45:00,6881.8
2019-03-01 05:00:00,6904.3
2019-03-01 05:15:00,6914.1
2019-03-01 05:30:00,6939.9
2019-03-01 05:45:00,6965.9
2019-03-01 06:00:00,7009.0
2019-03-01 06:15:00,7046.8
2019-03-01 06:30:00,7079.3
2019-03-01 06:45:00,7105.2
2019-03-01 07:00:00,7128.3
2019-03-01 07:15:00,7141.7
2019-03-01 07:30:00,7158.2
2019-03-01 07:45:00,7172.6
2019-03-01 08:00:00,7187.6
2019-03-01 08:15:00,7196.4
2019-03-01 08:30:00,7203.2
2019-03-01 08:45:00,7209.3
2019-03-01 09:00:00,7205.5
2019-03-01 09:15:00,7213.5
2019-03-01 09:30:00,7220.3
2019-03-01 09:45:00,7229.0
2019-03-01 10:00:00,7234.6
2019-03-01 10:15:00,7240.8
2019-03-01 10:30:00,7243.6
2019-03-01 10:45:00,7249.0
2019-03-01 11:00:00,7251.4
2019-03-01 11:15:00,7257.8
2019-03-01 11:30:00,7259.7
2019-03-01 11:45:00,7256.6
2019-03-01 12:00:00,7249.2
2019-03-01 12:15:00,7242.6
2019-03-01 12:30:00,7237.0
2019-03-01 12:45:00,7233.5
2019-03-01 13:00:00,7231.2
2019-03-01 13:15:00,7219.9
2019-03-01 13:30:00,7213.1
2019-03-01 13:45:00,7198.5
2019-03-01 14:00:00,7194.1
2019-03-01 14:15:00,7186.0
2019-03-01 14:30:00,7181.4
2019-03-01 14:45:00,7177.3
2019-03-01 15:00:00,7177.9
2019-03-01 15:15:00,7169.9
2019-03-01 15:30:00,7163.3
2019-03-01 15:45:00,7153.7
2019-03-01 16:00:00,7155.7
2019-03-01 16:15:00,7150.8
2019-03-01 16:30:00,7147.0
2019-03-01 16:45:00,7146.4
2019-03-01 17:00:00,7152.8
2019-03-01 17:15:00,7155.9
2019-03-01 17:30:00,7159.6
2019-03-01 17:45:00,7174.3
2019-03-01 18:00:00,7175.4
2019-03-01 18:15:00,7185.9
2019-03-01 18:30:00,7194.9
2019-03-01 18:45:00,7190.7
2019-03-01 19:00:00,7184.8
2019-03-01 19:15:00,7170.7
2019-03-01 19:30:00,7158.6
2019-03-01 19:45:00,7144.1
2019-03-01 20:00:00,7120.9
2019-03-01 20:15:00,7105.8
2019-03-01 20:30:00,7082.0
2019-03-01 20:45:00,7060.4
2019-03-01 21:00:00,7050.4
2019-03-01 21:15:00,7043.2
2019-03-01 21:30:00,7026.5
2019-03-01 21:45:00,7012.4
2019-03-01 22:00:00,7005.3
2019-03-01 22:15:00,6994.7
2019-03-01 22:30:00,6978.7
2019-03-01 22:45:00,6966.3
2019-03-01 23:00:00,6944.9
2019-03-01 23:15:00,6931.5
2019-03-01 23:30:00,6910.3
2019-03-01 23:45:00,6903.0
2019-03-02 00:00:00,6895.3
2019-03-02 00:15:00,6882.1
2019-03-02 00:30:00,6871.4
2019-03-02 00:45:00,6859.1
2019-03-02 01:00:00,6848.4
2019-03-02 01:15:00,6841.5
2019-03-02 01:30:00,6831.4
2019-03-02 01:45:00,6828.8
2019-03-02 02:00:00,6823.3
2019-03-02 02:15:00,6821.8
2019-03-02 02:30:00,6820.4
2019-03-02 02:45:00,6817.9
2019-03-02 03:00:00,6817.6
2019-03-02 03:15:00,6815.2
2019-03-02 03:30:00,6813.5
2019-03-02 03:45:00,6808.9
2019-03-02 04:00:00,6813.0
2019-03-02 04:15:00,6810.1
2019-03-02 04:30:00,6811.1
2019-03-02 04:45:00,6812.8
2019-03-02 05:00:00,6817.7
2019-03-02 05:15:00,6814.1
2019-03-02 05:30:00,6811.5
2019-03-02 05:45:00,6813.9
2019-03-02 06:00:00,6822.9
2019-03-02 06:15:00,6830.5
2019-03-02 06:30:00,6842.5
2019-03-02 06:45:00,6850.8
2019-03-02 07:00:00,6864.9
2019-03-02 07:15:00,6878.5
2019-03-02 07:30:00,6895.1
2019-03-02 07:45:00,6918.8
2019-03-02 08:00:00,6937.6
2019-03-02 08:15:00,6956.2
2019-03-02 08:30:00,6975.3
2019-03-02 08:45:00,6985.0
2019-03-02 09:00:00,6998.5
2019-03-02 09:15:00,7012.8
2019-03-02 09:30:00,7021.7
2019-03-02 09:45:00,7031.7
2019-03-02 10:00:00,7034.5
2019-03-02 10:15:00,7040.1
2019-03-02 10:30:00,7047.7
2019-03-02 10:45:00,7044.2
2019-03-02 11:00:00,7049.4
2019-03-02 11:15:00,7053.9
2019-03-02 11:30:00,7052.2
2019-03-02 11:45:00,7048.7
2019-03-02 12:00:00,7036.7
2019-03-02 12:15:00,7032.6
2019-03-02 12:30:00,7028.1
2019-03-02 12:45:00,7017.8
2019-03-02 13:00:00,7003.7
2019-03-02 13:15:00,6998.7
2019-03-02 13:30:00,6988.1
2019-03-02 13:45:00,6980.4
2019-03-02 14:00:00,6969.5
2019-03-02 14:15:00,6961.6
2019-03-02 14:30:00,6958.3
2019-03-02 14:45:00,6955.6
2019-03-02 15:00:00,6957.8
2019-03-02 15:15:00,6952.7
2019-03-02 15:30:00,6949.8
2019-03-02 15:45:00,6948.2
2019-03-02 16:00:00,6947.3
2019-03-02 16:15:00,6951.4
2019-03-02 16:30:00,6948.7
2019-03-02 16:45:00,6954.4
2019-03-02 17:00:00,6965.0
2019-03-02 17:15:00,6978.0
2019-03-02 17:30:00,6994.9
2019-03-02 17:45:00,7012.9
2019-03-02 18:00:00,7034.4
2019-03-02 18:15:00,7049.8
2019-03-02 18:30:00,7055.2
2019-03-02 18:45:00,7052.2
2019-03-02 19:00:00,7054.0
2019-03-02 19:15:00,7051.1
2019-03-02 19:30:00,7037.6
2019-03-02 19:45:00,7025.0
2019-03-02 20:00:00,7002.7
2019-03-02 20:15:00,6984.9
2019-03-02 20:30:00,6965.4
2019-03-02 20:45:00,6939.5
2019-03-02 21:00:00,6936.7
2019-03-02 21:15:00,6925.1
2019-03-02 21:30:00,6914.2
2019-03-02 21:45:00,6904.5
2019-03-02 22:00:00,6909.6
2019-03-02 22:15:00,6900.4
2019-03-02 22:30:00,6884.7
2019-03-02 22:45:00,6869.0
2019-03-02 23:00:00,6856.1
2019-03-02 23:15:00,6845.3
2019-03-02 23:30:00,6835.4
2019-03-02 23:45:00,6825.2
2019-03-03 00:00:00,6811.7
2019-03-03 00:15:00,6799.7
2019-03-03 00:30:00,6789.4
2019-03-03 00:45:00,6781.5
2019-03-03 01:00:00,6770.9
2019-03-03 01:15:00,6759.2
2019-03-03 01:30:00,6752.0
2019-03-03 01:45:00,6746.5
2019-03-03 02:00:00,6746.5
2019-03-03 02:15:00,6740.1
2019-03-03 02:30:00,6741.1
2019-03-03 02:45:00,6742.4
2019-03-03 03:00:00,6741.9
2019-03-03 03:15:00,6742.6
2019-03-03 03:30:00,6743.7
2019-03-03 03:45:00,6747.1
2019-03-03 04:00:00,6754.4
2019-03-03 04:15:00,6754.3
2019-03-03 04:30:00,6756.1
2019-03-03 04:45:00,6757.1
2019-03-03 05:00:00,6762.9
2019-03-03 05:15:00,6758.6
2019-03-03 05:30:00,6757.3
2019-03-03 05:45:00,6755.2
2019-03-03 06:00:00,6756.1
2019-03-03 06:15:00,6758.5
2019-03-03 06:30:00,6761.0
2019-03-03 06:45:00,6765.6
2019-03-03 07:00:00,6768.4
2019-03-03 07:15:00,6775.3
2019-03-03 07:30:00,6785.7
2019-03-03 07:45:00,6805.0
2019-03-03 08:00:00,6821.8
2019-03-03 08:15:00,6841.1
2019-03-03 08:30:00,6855.5
2019-03-03 08:45:00,6868.3
2019-03-03 09:00:00,6886.0
2019-03-03 09:15:00,6892.2
2019-03-03 09:30:00,6896.9
2019-03-03 09:45:00,6910.0
2019-03-03 10:00:00,6917.1
2019-03-03 10:15:00,6928.9
2019-03-03 10:30:00,6935.4
2019-03-03 10:45:00,6950.2
2019-03-03 11:00:00,6956.5
2019-03-03 11:15:00,6967.9
2019-03-03 11:30:00,6973.6
2019-03-03 11:45:00,6971.0
2019-03-03 12:00:00,6966.9
2019-03-03 12:15:00,6962.4
2019-03-03 12:30:00,6951.7
2019-03-03 12:45:00,6940.9
2019-03-03 13:00:00,6927.9
2019-03-03 13:15:00,6919.3
2019-03-03 13:30:00,6909.7
2019-03-03 13:45:00,6902.7
2019-03-03 14:00:00,6898.1
2019-03-03 14:15:00,6892.7
2019-03-03 14:30:00,6886.7
2019-03-03 14:45:00,6883.4
2019-03-03 15:00:00,6885.5
2019-03-03 15:15:00,6886.0
2019-03-03 15:30:00,6886.5
2019-03-03 15:45:00,6883.0
2019-03-03 16:00:00,6881.5
2019-03-03 16:15:00,6881.5
2019-03-03 16:30:00,6891.4
2019-03-03 16:45:00,6897.4
2019-03-03 17:00:00,6905.0
2019-03-03 17:15:00,6906.8
2019-03-03 17:30:00,6921.3
2019-03-03 17:45:00,6939.9
2019-03-03 18:00:00,6969.5
2019-03-03 18:15:00,6983.3
2019-03-03 18:30:00,6991.7
2019-03-03 18:45:00,6992.9
2019-03-03 19:00:00,6998.4
2019-03-03 19:15:00,6989.7
2019-03-03 19:30:00,6979.8
2019-03-03 19:45:00,6973.6
2019-03-03 20:00:00,6960.4
2019-03-03 20:15:00,6946.0
2019-03-03 20:30:00,6930.9
2019-03-03 20:45:00,6919.4
2019-03-03 21:00:00,6918.9
2019-03-03 21:15:00,6910.0
2019-03-03 21:30:00,6905.1
2019-03-03 21:45:00,6906.9
2019-03-03 22:00:00,6918.4
2019-03-03 22:15:00,6906.6
2019-03-03 22:30:00,6895.6
2019-03-03 22:45:00,6885.8
2019-03-03 23:00:00,6871.0
2019-03-03 23:15:00,6861.7
2019-03-03 23:30:00,6845.7
2019-03-03 23:45:00,6835.1
2019-03-04 00:00:00,6838.4
2019-03-04 00:15:00,6828.0
2019-03-04 00:30:00,6822.6
2019-03-04 00:45:00,6812.2
2019-03-04 01:00:00,6805.1
2019-03-04 01:15:00,6795.2
2019-03-04 01:30:00,6789.7
2019-03-04 01:45:00,6786.6
2019-03-04 02:00:00,6783.5
2019-03-04 02:15:00,6784.8
2019-03-04 02:30:00,6785.3
2019-03-04 02:45:00,6790.9
2019-03-04 03:00:00,6797.5
2019-03-04 03:15:00,6806.4
2019-03-04 03:30:00,6809.1
2019-03-04 03:45:00,6807.4
2019-03-04 04:00:00,6816.7
2019-03-04 04:15:00,6827.6
2019-03-04 04:30:00,6840.3
2019-03-04 04:45:00,6852.3
2019-03-04 05:00:00,6867.8
2019-03-04 05:15:00,6881.9
2019-03-04 05:30:00,6903.2
2019-03-04 05:45:00,6928.5
2019-03-04 06:00:00,6975.7
2019-03-04 06:15:00,7018.2
2019-03-04 06:30:00,7045.6
2019-03-04 06:45:00,7064.0
2019-03-04 07:00:00,7093.0
2019-03-04 07:15:00,7105.0
2019-03-04 07:30:00,7121.0
2019-03-04 07:45:00,7139.2
2019-03-04 08:00:00,7155.4
2019-03-04 08:15:00,7169.9
2019-03-04 08:30:00,7182.0
2019-03-04 08:45:00,7185.3
2019-03-04 09:00:00,7180.9
2019-03-04 09:15:00,7190.4
2019-03-04 09:30:00,7197.7
2019-03-04 09:45:00,7201.4
2019-03-04 10:00:00,7199.2
2019-03-04 10:15:00,7203.6
2019-03-04 10:30:00,7211.2
2019-03-04 10:45:00,7213.3
2019-03-04 11:00:00,7218.2
2019-03-04 11:15:00,7226.9
2019-03-04 11:30:00,7236.6
2019-03-04 11:45:00,7235.8
2019-03-04 12:00:00,7220.1
2019-03-04 12:15:00,7210.2
2019-03-04 12:30:00,7201.6
2019-03-04 12:45:00,7199.2
2019-03-04 13:00:00,7192.8
2019-03-04 13:15:00,7187.9
2019-03-04 13:30:00,7187.2
2019-03-04 13:45:00,7173.5
2019-03-04 14:00:00,7170.4
2019-03-04 14:15:00,7168.8
2019-03-04 14:30:00,7160.8
2019-03-04 14:45:00,7160.7
2019-03-04 15:00:00,7171.0
2019-03-04 15:15:00,7164.9
2019-03-04 15:30:00,7154.4
2019-03-04 15:45:00,7148.2
2019-03-04 16:00:00,7143.6
2019-03-04 16:15:00,7143.0
2019-03-04 16:30:00,7139.8
2019-03-04 16:45:00,7139.1
2019-03-04 17:00:00,7149.0
2019-03-04 17:15:00,7154.1
2019-03-04 17:30:00,7163.4
2019-03-04 17:45:00,7176.1
2019-03-04 18:00:00,7190.4
2019-03-04 18:15:00,7204.8
2019-03-04 18:30:00,7220.2
2019-03-04 18:45:00,7225.5
2019-03-04 19:00:00,7223.1
2019-03-04 19:15:00,7213.4
2019-03-04 19:30:00,7203.8
2019-03-04 19:45:00,7186.4
2019-03-04 20:00:00,7159.9
2019-03-04 20:15:00,7141.9
2019-03-04 20:30:00,7123.2
2019-03-04 20:45:00,7105.8
2019-03-04 21:00:00,7090.8
2019-03-04 21:15:00,7078.0
2019-03-04 21:30:00,7061.6
2019-03-04 21:45:00,7047.6
2019-03-04 22:00:00,7038.9
2019-03-04 22:15:00,7032.0
2019-03-04 22:30:00,7014.2
2019-03-04 22:45:00,6999.5
2019-03-04 23:00:00,6976.7
2019-03-04 23:15:00,6958.7
2019-03-04 23:30:00,6944.0
2019-03-04 23:45:00,6930.4
2019-03-05 00:00:00,6919.9
2019-03-05 00:15:00,6901.0
2019-03-05 00:30:00,6899.1
2019-03-05 00:45:00,6893.7
2019-03-05 01:00:00,6889.0
2019-03-05 01:15:00,6884.1
2019-03-05 01:30:00,6875.1
2019-03-05 01:45:00,6872.7
2019-03-05 02:00:00,6869.6
2019-03-05 02:15:00,6866.5
2019-03-05 02:30:00,6868.6
2019-03-05 02:45:00,6863.9
2019-03-05 03:00:00,6868.7
2019-03-05 03:15:00,6872.9
2019-03-05 03:30:00,6875.1
2019-03-05 03:45:00,6879.9
2019-03-05 04:00:00,6885.0
2019-03-05 04:15:00,6892.3
2019-03-05 04:30:00,6899.4
2019-03-05 04:45:00,6903.7
2019-03-05 05:00:00,6930.9
2019-03-05 05:15:00,6943.9
2019-03-05 05:30:00,6961.7
2019-03-05 05:45:00,6980.5
2019-03-05 06:00:00,7020.8
2019-03-05 06:15:00,7057.5
2019-03-05 06:30:00,7082.3
2019-03-05 06:45:00,7100.9
2019-03-05 07:00:00,7124.9
2019-03-05 07:15:00,7144.4
2019-03-05 07:30:00,7154.6
2019-03-05 07:45:00,7172.2
2019-03-05 08:00:00,7182.6
2019-03-05 08:15:00,7195.8
2019-03-05 08:30:00,7206.6
2019-03-05 08:45:00,7209.4
2019-03-05 09:00:00,7202.7
2019-03-05 09:15:00,7204.6
2019-03-05 09:30:00,7219.0
2019-03-05 09:45:00,7226.9
2019-03-05 10:00:00,7228.8
2019-03-05 10:15:00,7227.3
2019-03-05 10:30:00,7229.5
2019-03-05 10:45:00,7234.1
2019-03-05 11:00:00,7236.5
2019-03-05 11:15:00,7241.0
2019-03-05 11:30:00,7245.0
2019-03-05 11:45:00,7241.1
2019-03-05 12:00:00,7237.1
2019-03-05 12:15:00,7231.1
2019-03-05 12:30:00,7231.6
2019-03-05 12:45:00,7230.4
2019-03-05 13:00:00,7226.9
2019-03-05 13:15:00,7216.2
2019-03-05 13:30:00,7207.5
2019-03-05 13:45:00,7192.3
2019-03-05 14:00:00,7192.6
2019-03-05 14:15:00,7192.1
2019-03-05 14:30:00,7184.4
2019-03-05 14:45:00,7177.9
2019-03-05 15:00:00,7175.1
2019-03-05 15:15:00,7171.1
2019-03-05 15:30:00,7166.5
2019-03-05 15:45:00,7160.1
2019-03-05 16:00:00,7157.7
2019-03-05 16:15:00,7152.0
2019-03-05 16:30:00,7149.8
2019-03-05 16:45:00,7147.9
2019-03-05 17:00:00,7151.3
2019-03-05 17:15:00,7161.9
2019-03-05 17:30:00,7169.4
2019-03-05 17:45:00,7178.3
2019-03-05 18:00:00,7191.0
2019-03-05 18:15:00,7209.1
2019-03-05 18:30:00,7229.6
2019-03-05 18:45:00,7232.7
2019-03-05 19:00:00,7232.3
2019-03-05 19:15:00,7218.8
2019-03-05 19:30:00,7205.4
2019-03-05 19:45:00,7194.3
2019-03-05 20:00:00,7176.6
2019-03-05 20:15:00,7158.0
2019-03-05 20:30:00,7135.4
2019-03-05 20:45:00,7117.2
2019-03-05 21:00:00,7101.6
2019-03-05 21:15:00,7089.9
2019-03-05 21:30:00,7075.1
2019-03-05 21:45:00,7061.2
2019-03-05 22:00:00,7055.4
2019-03-05 22:15:00,7038.2
2019-03-05 22:30:00,7026.4
2019-03-05 22:45:00,7008.6
2019-03-05 23:00:00,6986.8
2019-03-05 23:15:00,6962.3
2019-03-05 23:30:00,6944.6
2019-03-05 23:45:00,6931.9
2019-03-06 00:00:00,6912.6
2019-03-06 00:15:00,6898.7
2019-03-06 00:30:00,6885.7
2019-03-06 00:45:00,6878.9
2019-03-06 01:00:00,6864.7
2019-03-06 01:15:00,6858.0
2019-03-06 01:30:00,6853.8
2019-03-06 01:45:00,6852.5
2019-03-06 02:00:00,6845.2
2019-03-06 02:15:00,6842.6
2019-03-06 02:30:00,6846.9
2019-03-06 02:45:00,6850.2
2019-03-06 03:00:00,6851.8
2019-03-06 03:15:00,6854.1
2019-03-06 03:30:00,6860.3
2019-03-06 03:45:00,6865.2
2019-03-06 04:00:00,6872.9
2019-03-06 04:15:00,6882.0
2019-03-06 04:30:00,6895.9
2019-03-06 04:45:00,6905.2
2019-03-06 05:00:00,6925.4
2019-03-06 05:15:00,6937.3
2019-03-06 05:30:00,6949.8
2019-03-06 05:45:00,6976.8
2019-03-06 06:00:00,7012.9
2019-03-06 06:15:00,7050.9
2019-03-06 06:30:00,7085.9
2019-03-06 06:45:00,7106.9
2019-03-06 07:00:00,7132.8
2019-03-06 07:15:00,7146.4
2019-03-06 07:30:00,7153.7
2019-03-06 07:45:00,7164.7
2019-03-06 08:00:00,7176.9
2019-03-06 08:15:00,7188.2
2019-03-06 08:30:00,7196.7
2019-03-06 08:45:00,7200.9
2019-03-06 09:00:00,7195.8
2019-03-06 09:15:00,7200.3
2019-03-06 09:30:00,7206.3
2019-03-06 09:45:00,7203.2
2019-03-06 10:00:00,7198.2
2019-03-06 10:15:00,7195.0
2019-03-06 10:30:00,7197.9
2019-03-06 10:45:00,7204.4
2019-03-06 11:00:00,7208.4
2019-03-06 11:15:00,7217.1
2019-03-06 11:30:00,7222.4
2019-03-06 11:45:00,7224.6
2019-03-06 12:00:00,7219.0
2019-03-06 12:15:00,7209.5
2019-03-06 12:30:00,7209.9
2019-03-06 12:45:00,7208.9
2019-03-06 13:00:00,7212.1
2019-03-06 13:15:00,7208.3
2019-03-06 13:30:00,7201.2
2019-03-06 13:45:00,7195.6
2019-03-06 14:00:00,7190.4
2019-03-06 14:15:00,7189.3
2019-03-06 14:30:00,7184.2
2019-03-06 14:45:00,7185.9
2019-03-06 15:00:00,7191.1
2019-03-06 15:15:00,7189.8
2019-03-06 15:30:00,7181.8
2019-03-06 15:45:00,7174.0
2019-03-06 16:00:00,7168.4
2019-03-06 16:15:00,7160.4
2019-03-06 16:30:00,7155.2
2019-03-06 16:45:00,7153.5
2019-03-06 17:00:00,7163.9
2019-03-06 17:15:00,7168.1
2019-03-06 17:30:00,7183.8
2019-03-06 17:45:00,7193.7
2019-03-06 18:00:00,7216.0
2019-03-06 18:15:00,7234.4
2019-03-06 18:30:00,7250.3
2019-03-06 18:45:00,7251.6
2019-03-06 19:00:00,7254.6
2019-03-06 19:15:00,7241.6
2019-03-06 19:30:00,7229.7
2019-03-06 19:45:00,7215.8
2019-03-06 20:00:00,7196.7
2019-03-06 20:15:00,7174.3
2019-03-06 20:30:00,7155.4
2019-03-06 20:45:00,7135.9
2019-03-06 21:00:00,7111.3
2019-03-06 21:15:00,7096.4
2019-03-06 21:30:00,7077.7
2019-03-06 21:45:00,7064.5
2019-03-06 22:00:00,7051.4
2019-03-06 22:15:00,7041.0
2019-03-06 22:30:00,7021.2
2019-03-06 22:45:00,7003.3
2019-03-06 23:00:00,6982.2
2019-03-06 23:15:00,6962.6
2019-03-06 23:30:00,6952.5
2019-03-06 23:45:00,6930.9
2019-03-07 00:00:00,6924.7
2019-03-07 00:15:00,6907.4
2019-03-07 00:30:00,6902.7
2019-03-07 00:45:00,6896.8
2019-03-07 01:00:00,6880.0
2019-03-07 01:15:00,6872.0
2019-03-07 01:30:00,6867.0
2019-03-07 01:45:00,6857.4
2019-03-07 02:00:00,6846.5
2019-03-07 02:15:00,6842.9
2019-03-07 02:30:00,6843.5
2019-03-07 02:45:00,6845.2
2019-03-07 03:00:00,6843.5
2019-03-07 03:15:00,6845.9
2019-03-07 03:30:00,6845.9
2019-03-07 03:45:00,6849.8
2019-03-07 04:00:00,6853.8
2019-03-07 04:15:00,6859.2
2019-03-07 04:30:00,6873.5
2019-03-07 04:45:00,6884.7
2019-03-07 05:00:00,6906.2
2019-03-07 05:15:00,6919.9
2019-03-07 05:30:00,6938.3
2019-03-07 05:45:00,6960.3
2019-03-07 06:00:00,7008.6
2019-03-07 06:15:00,7051.4
2019-03-07 06:30:00,7082.3
2019-03-07 06:45:00,7103.7
2019-03-07 07:00:00,7131.0
2019-03-07 07:15:00,7147.1
2019-03-07 07:30:00,7156.6
2019-03-07 07:45:00,7171.2
2019-03-07 08:00:00,7190.7
2019-03-07 08:15:00,7199.9
2019-03-07 08:30:00,7202.2
2019-03-07 08:45:00,7207.6
2019-03-07 09:00:00,7200.6
2019-03-07 09:15:00,7209.3
2019-03-07 09:30:00,7218.5
2019-03-07 09:45:00,7222.1
2019-03-07 10:00:00,7228.9
2019-03-07 10:15:00,7230.8
2019-03-07 10:30:00,7236.0
2019-03-07 10:45:00,7237.4
2019-03-07 11:00:00,7236.5
2019-03-07 11:15:00,7232.9
2019-03-07 11:30:00,7236.4
2019-03-07 11:45:00,7234.9
2019-03-07 12:00:00,7232.1
2019-03-07 12:15:00,7230.7
2019-03-07 12:30:00,7229.7
2019-03-07 12:45:00,7224.5
2019-03-07 13:00:00,7227.6
2019-03-07 13:15:00,7217.9
2019-03-07 13:30:00,7209.7
2019-03-07 13:45:00,7206.5
2019-03-07 14:00:00,7202.3
2019-03-07 14:15:00,7204.2
2019-03-07 14:30:00,7198.8
2019-03-07 14:45:00,7191.1
2019-03-07 15:00:00,7195.2
2019-03-07 15:15:00,7196.6
2019-03-07 15:30:00,7184.9
2019-03-07 15:45:00,7175.2
2019-03-07 16:00:00,7171.8
2019-03-07 16:15:00,7170.5
2019-03-07 16:30:00,7165.1
2019-03-07 16:45:00,7161.7
2019-03-07 17:00:00,7170.4
2019-03-07 17:15:00,7165.8
2019-03-07 17:30:00,7169.2
2019-03-07 17:45:00,7184.9
2019-03-07 18:00:00,7196.5
2019-03-07 18:15:00,7215.0
2019-03-07 18:30:00,7239.2
2019-03-07 18:45:00,7247.7
2019-03-07 19:00:00,7245.9
2019-03-07 19:15:00,7238.3
2019-03-07 19:30:00,7231.6
2019-03-07 19:45:00,7221.7
2019-03-07 20:00:00,7193.6
2019-03-07 20:15:00,7173.9
2019-03-07 20:30:00,7155.0
2019-03-07 20:45:00,7137.8
2019-03-07 21:00:00,7119.1
2019-03-07 21:15:00,7104.3
2019-03-07 21:30:00,7087.2
2019-03-07 21:45:00,7072.9
2019-03-07 22:00:00,7063.5
2019-03-07 22:15:00,7050.5
2019-03-07 22:30:00,7031.4
2019-03-07 22:45:00,7008.8
2019-03-07 23:00:00,6992.2
2019-03-07 23:15:00,6979.5
2019-03-07 23:30:00,6968.5
2019-03-07 23:45:00,6952.1
2019-03-08 00:00:00,6937.1
2019-03-08 00:15:00,6921.4
2019-03-08 00:30:00,6912.6
2019-03-08 00:45:00,6903.1
2019-03-08 01:00:00,6887.4
2019-03-08 01:15:00,6880.2
2019-03-08 01:30:00,6874.4
2019-03-08 01:45:00,6872.4
2019-03-08 02:00:00,6864.3
2019-03-08 02:15:00,6860.9
2019-03-08 02:30:00,6861.7
2019-03-08 02:45:00,6866.2
2019-03-08 03:00:00,6874.1
2019-03-08 03:15:00,6874.8
2019-03-08 03:30:00,6884.1
2019-03-08 03:45:00,6888.5
2019-03-08 04:00:00,6896.2
2019-03-08 04:15:00,6899.7
2019-03-08 04:30:00,6908.1
2019-03-08 04:45:00,6918.3
2019-03-08 05:00:00,6938.8
2019-03-08 05:15:00,6951.2
2019-03-08 05:30:00,6965.7
2019-03-08 05:45:00,6986.6
2019-03-08 06:00:00,7033.8
2019-03-08 06:15:00,7065.8
2019-03-08 06:30:00,7088.7
2019-03-08 06:45:00,7105.8
2019-03-08 07:00:00,7124.5
2019-03-08 07:15:00,7141.2
2019-03-08 07:30:00,7157.1
2019-03-08 07:45:00,7171.4
2019-03-08 08:00:00,7185.7
2019-03-08 08:15:00,7193.1
2019-03-08 08:30:00,7198.2
2019-03-08 08:45:00,7197.0
2019-03-08 09:00:00,7194.5
2019-03-08 09:15:00,7208.7
2019-03-08 09:30:00,7212.4
2019-03-08 09:45:00,7219.7
2019-03-08 10:00:00,7214.4
2019-03-08 10:15:00,7222.9
2019-03-08 10:30:00,7228.9
2019-03-08 10:45:00,7232.6
2019-03-08 11:00:00,7232.1
2019-03-08 11:15:00,7238.4
2019-03-08 11:30:00,7236.8
2019-03-08 11:45:00,7234.5
2019-03-08 12:00:00,7224.5
2019-03-08 12:15:00,7223.3
2019-03-08 12:30:00,7214.0
2019-03-08 12:45:00,7205.5
2019-03-08 13:00:00,7204.1
2019-03-08 13:15:00,7194.1
2019-03-08 13:30:00,7185.1
2019-03-08 13:45:00,7166.6
2019-03-08 14:00:00,7160.8
2019-03-08 14:15:00,7151.9
2019-03-08 14:30:00,7144.5
2019-03-08 14:45:00,7139.6
2019-03-08 15:00:00,7141.1
2019-03-08 15:15:00,7137.2
2019-03-08 15:30:00,7127.5
2019-03-08 15:45:00,7112.8
2019-03-08 16:00:00,7115.4
2019-03-08 16:15:00,7112.1
2019-03-08 16:30:00,7108.0
2019-03-08 16:45:00,7112.2
2019-03-08 17:00:00,7119.1
2019-03-08 17:15:00,7117.1
2019-03-08 17:30:00,7124.5
2019-03-08 17:45:00,7132.8
2019-03-08 18:00:00,7144.2
2019-03-08 18:15:00,7161.2
2019-03-08 18:30:00,7175.3
2019-03-08 18:45:00,7181.0
2019-03-08 19:00:00,7181.7
2019-03-08 19:15:00,7171.3
2019-03-08 19:30:00,7161.9
2019-03-08 19:45:00,7141.5
2019-03-08 20:00:00,7124.8
2019-03-08 20:15:00,7108.3
2019-03-08 20:30:00,7085.7
2019-03-08 20:45:00,7066.6
2019-03-08 21:00:00,7055.7
2019-03-08 21:15:00,7039.5
2019-03-08 21:30:00,7026.5
2019-03-08 21:45:00,7009.7
2019-03-08 22:00:00,7004.7
2019-03-08 22:15:00,6988.8
2019-03-08 22:30:00,6975.8
2019-03-08 22:45:00,6960.3
2019-03-08 23:00:00,6942.2
2019-03-08 23:15:00,6924.4
2019-03-08 23:30:00,6914.6
2019-03-08 23:45:00,6897.2
2019-03-09 00:00:00,6895.0
2019-03-09 00:15:00,6880.6
2019-03-09 00:30:00,6870.8
2019-03-09 00:45:00,6858.1
2019-03-09 01:00:00,6847.0
2019-03-09 01:15:00,6846.5
2019-03-09 01:30:00,6839.2
2019-03-09 01:45:00,6830.4
2019-03-09 02:00:00,6821.4
2019-03-09 02:15:00,6818.7
2019-03-09 02:30:00,6819.9
2019-03-09 02:45:00,6819.3
2019-03-09 03:00:00,6822.2
2019-03-09 03:15:00,6823.1
2019-03-09 03:30:00,6825.0
2019-03-09 03:45:00,6829.1
2019-03-09 04:00:00,6830.5
2019-03-09 04:15:00,6831.5
2019-03-09 04:30:00,6838.8
2019-03-09 04:45:00,6837.9
2019-03-09 05:00:00,6842.0
2019-03-09 05:15:00,6846.8
2019-03-09 05:30:00,6845.2
2019-03-09 05:45:00,6850.2
2019-03-09 06:00:00,6856.9
2019-03-09 06:15:00,6862.0
2019-03-09 06:30:00,6873.0
2019-03-09 06:45:00,6877.8
2019-03-09 07:00:00,6889.9
2019-03-09 07:15:00,6905.0
2019-03-09 07:30:00,6921.4
2019-03-09 07:45:00,6938.3
2019-03-09 08:00:00,6951.7
2019-03-09 08:15:00,6961.6
2019-03-09 08:30:00,6979.5
2019-03-09 08:45:00,6991.0
2019-03-09 09:00:00,7003.4
2019-03-09 09:15:00,7010.9
2019-03-09 09:30:00,7022.6
2019-03-09 09:45:00,7033.0
2019-03-09 10:00:00,7037.2
2019-03-09 10:15:00,7040.6
2019-03-09 10:30:00,7046.6
2019-03-09 10:45:00,7055.2
2019-03-09 11:00:00,7057.8
2019-03-09 11:15:00,7060.1
2019-03-09 11:30:00,7065.5
2019-03-09 11:45:00,7058.1
2019-03-09 12:00:00,7049.3
2019-03-09 12:15:00,7042.9
2019-03-09 12:30:00,7027.3
2019-03-09 12:45:00,7020.0
2019-03-09 13:00:00,7016.8
2019-03-09 13:15:00,7010.9
2019-03-09 13:30:00,7006.0
2019-03-09 13:45:00,6997.6
2019-03-09 14:00:00,6986.7
2019-03-09 14:15:00,6984.5
2019-03-09 14:30:00,6984.2
2019-03-09 14:45:00,6977.7
2019-03-09 15:00:00,6970.8
2019-03-09 15:15:00,6971.0
2019-03-09 15:30:00,6966.7
2019-03-09 15:45:00,6969.6
2019-03-09 16:00:00,6972.7
2019-03-09 16:15:00,6970.8
2019-03-09 16:30:00,6969.7
2019-03-09 16:45:00,6966.0
2019-03-09 17:00:00,6974.2
2019-03-09 17:15:00,6977.2
2019-03-09 17:30:00,6991.5
2019-03-09 17:45:00,7000.6
2019-03-09 18:00:00,7015.0
2019-03-09 18:15:00,7026.6
2019-03-09 18:30:00,7044.7
2019-03-09 18:45:00,7050.9
2019-03-09 19:00:00,7046.0
2019-03-09 19:15:00,7036.9
2019-03-09 19:30:00,7030.8
2019-03-09 19:45:00,7011.9
2019-03-09 20:00:00,6999.6
2019-03-09 20:15:00,6974.6
2019-03-09 20:30:00,6958.7
2019-03-09 20:45:00,6944.8
2019-03-09 21:00:00,6937.6
2019-03-09 21:15:00,6925.8
2019-03-09 21:30:00,6913.3
2019-03-09 21:45:00,6902.5
2019-03-09 22:00:00,6902.0
2019-03-09 22:15:00,6891.7
2019-03-09 22:30:00,6877.6
2019-03-09 22:45:00,6866.5
2019-03-09 23:00:00,6852.9
2019-03-09 23:15:00,6840.1
2019-03-09 23:30:00,6830.8
2019-03-09 23:45:00,6822.6
2019-03-10 00:00:00,6807.6
2019-03-10 00:15:00,6796.3
2019-03-10 00:30:00,6786.6
2019-03-10 00:45:00,6777.3
2019-03-10 01:00:00,6759.7
2019-03-10 01:15:00,6752.8
2019-03-10 01:30:00,6744.6
2019-03-10 01:45:00,6745.9
2019-03-10 02:00:00,6740.0
2019-03-10 02:15:00,6740.2
2019-03-10 02:30:00,6742.2
2019-03-10 02:45:00,6734.3
2019-03-10 03:00:00,6731.4
2019-03-10 03:15:00,6729.2
2019-03-10 03:30:00,6731.0
2019-03-10 03:45:00,6727.4
2019-03-10 04:00:00,6724.3
2019-03-10 04:15:00,6726.7
2019-03-10 04:30:00,6726.0
2019-03-10 04:45:00,6729.4
2019-03-10 05:00:00,6725.7
2019-03-10 05:15:00,6725.6
2019-03-10 05:30:00,6723.3
2019-03-10 05:45:00,6718.7
2019-03-10 06:00:00,6715.1
2019-03-10 06:15:00,6716.8
2019-03-10 06:30:00,6721.5
2019-03-10 06:45:00,6720.4
2019-03-10 07:00:00,6723.8
2019-03-10 07:15:00,6735.2
2019-03-10 07:30:00,6749.3
2019-03-10 07:45:00,6761.3
2019-03-10 08:00:00,6780.2
2019-03-10 08:15:00,6798.3
2019-03-10 08:30:00,6812.2
2019-03-10 08:45:00,6829.2
2019-03-10 09:00:00,6848.6
2019-03-10 09:15:00,6866.1
2019-03-10 09:30:00,6883.2
2019-03-10 09:45:00,6894.6
2019-03-10 10:00:00,6907.5
2019-03-10 10:15:00,6916.9
2019-03-10 10:30:00,6928.5
2019-03-10 10:45:00,6935.5
2019-03-10 11:00:00,6947.4
2019-03-10 11:15:00,6953.0
2019-03-10 11:30:00,6960.6
2019-03-10 11:45:00,6959.9
2019-03-10 12:00:00,6956.7
2019-03-10 12:15:00,6947.0
2019-03-10 12:30:00,6939.2
2019-03-10 12:45:00,6937.5
2019-03-10 13:00:00,6932.2
2019-03-10 13:15:00,6921.3
2019-03-10 13:30:00,6917.6
2019-03-10 13:45:00,6912.4
2019-03-10 14:00:00,6914.1
2019-03-10 14:15:00,6912.6
2019-03-10 14:30:00,6912.1
2019-03-10 14:45:00,6913.5
2019-03-10 15:00:00,6916.5
2019-03-10 15:15:00,6911.3
2019-03-10 15:30:00,6902.2
2019-03-10 15:45:00,6900.0
2019-03-10 16:00:00,6893.5
2019-03-10 16:15:00,6890.7
2019-03-10 16:30:00,6899.4
2019-03-10 16:45:00,6903.2
2019-03-10 17:00:00,6907.9
2019-03-10 17:15:00,6909.6
2019-03-10 17:30:00,6919.3
2019-03-10 17:45:00,6933.5
2019-03-10 18:00:00,6960.3
2019-03-10 18:15:00,6972.7
2019-03-10 18:30:00,6990.7
2019-03-10 18:45:00,6997.9
2019-03-10 19:00:00,6999.7
2019-03-10 19:15:00,6992.7
2019-03-10 19:30:00,6983.9
2019-03-10 19:45:00,6977.3
2019-03-10 20:00:00,6969.7
2019-03-10 20:15:00,6959.2
2019-03-10 20:30:00,6941.9
2019-03-10 20:45:00,6928.7
2019-03-10 21:00:00,6928.1
2019-03-10 21:15:00,6924.9
2019-03-10 21:30:00,6924.7
2019-03-10 21:45:00,6921.6
2019-03-10 22:00:00,6935.8
2019-03-10 22:15:00,6931.2
2019-03-10 22:30:00,6919.4
2019-03-10 22:45:00,6908.3
2019-03-10 23:00:00,6895.9
2019-03-10 23:15:00,6877.2
2019-03-10 23:30:00,6862.5
2019-03-10 23:45:00,6849.5
2019-03-11 00:00:00,6853.8
2019-03-11 00:15:00,6843.8
2019-03-11 00:30:00,6833.0
2019-03-11 00:45:00,6828.8
2019-03-11 01:00:00,6817.2
2019-03-11 01:15:00,6810.9
2019-03-11 01:30:00,6809.4
2019-03-11 01:45:00,6809.8
2019-03-11 02:00:00,6802.8
2019-03-11 02:15:00,6801.6
2019-03-11 02:30:00,6806.5
2019-03-11 02:45:00,6811.1
2019-03-11 03:00:00,6808.9
2019-03-11 03:15:00,6811.0
2019-03-11 03:30:00,6815.8
2019-03-11 03:45:00,6819.3
2019-03-11 04:00:00,6832.7
2019-03-11 04:15:00,6839.2
2019-03-11 04:30:00,6848.9
2019-03-11 04:45:00,6858.4
2019-03-11 05:00:00,6877.2
2019-03-11 05:15:00,6893.9
2019-03-11 05:30:00,6919.9
2019-03-11 05:45:00,6947.8
2019-03-11 06:00:00,7002.3
2019-03-11 06:15:00,7041.7
2019-03-11 06:30:00,7070.5
2019-03-11 06:45:00,7090.7
2019-03-11 07:00:00,7117.9
2019-03-11 07:15:00,7137.6
2019-03-11 07:30:00,7154.8
2019-03-11 07:45:00,7169.4
2019-03-11 08:00:00,7187.8
2019-03-11 08:15:00,7193.9
2019-03-11 08:30:00,7199.9
2019-03-11 08:45:00,7202.4
2019-03-11 09:00:00,7200.9
2019-03-11 09:15:00,7204.0
2019-03-11 09:30:00,7212.4
2019-03-11 09:45:00,7217.7
2019-03-11 10:00:00,7228.2
2019-03-11 10:15:00,7228.4
2019-03-11 10:30:00,7224.2
2019-03-11 10:45:00,7230.7
2019-03-11 11:00:00,7234.0
2019-03-11 11:15:00,7239.9
2019-03-11 11:30:00,7241.1
2019-03-11 11:45:00,7245.2
2019-03-11 12:00:00,7253.5
2019-03-11 12:15:00,7246.0
2019-03-11 12:30:00,7239.8
2019-03-11 12:45:00,7242.1
2019-03-11 13:00:00,7245.6
2019-03-11 13:15:00,7239.3
2019-03-11 13:30:00,7226.6
2019-03-11 13:45:00,7213.8
2019-03-11 14:00:00,7206.9
2019-03-11 14:15:00,7204.4
2019-03-11 14:30:00,7204.6
2019-03-11 14:45:00,7195.6
2019-03-11 15:00:00,7193.6
2019-03-11 15:15:00,7186.2
2019-03-11 15:30:00,7184.1
2019-03-11 15:45:00,7173.4
2019-03-11 16:00:00,7169.8
2019-03-11 16:15:00,7162.7
2019-03-11 16:30:00,7156.9
2019-03-11 16:45:00,7162.1
2019-03-11 17:00:00,7169.9
2019-03-11 17:15:00,7169.5
2019-03-11 17:30:00,7177.1
2019-03-11 17:45:00,7185.6
2019-03-11 18:00:00,7188.5
2019-03-11 18:15:00,7195.8
2019-03-11 18:30:00,7219.4
2019-03-11 18:45:00,7231.0
2019-03-11 19:00:00,7237.2
2019-03-11 19:15:00,7226.0
2019-03-11 19:30:00,7210.4
2019-03-11 19:45:00,7197.3
2019-03-11 20:00:00,7184.0
2019-03-11 20:15:00,7161.0
2019-03-11 20:30:00,7143.0
2019-03-11 20:45:00,7118.1
2019-03-11 21:00:00,7103.0
2019-03-11 21:15:00,7091.5
2019-03-11 21:30:00,7075.9
2019-03-11 21:45:00,7061.8
2019-03-11 22:00:00,7058.6
2019-03-11 22:15:00,7042.8
2019-03-11 22:30:00,7029.3
2019-03-11 22:45:00,7007.1
2019-03-11 23:00:00,6985.0
2019-03-11 23:15:00,6968.9
2019-03-11 23:30:00,6955.1
2019-03-11 23:45:00,6939.6
2019-03-12 00:00:00,6929.5
2019-03-12 00:15:00,6915.0
2019-03-12 00:30:00,6896.0
2019-03-12 00:45:00,6886.4
2019-03-12 01:00:00,6884.9
2019-03-12 01:15:00,6878.5
2019-03-12 01:30:00,6870.0
2019-03-12 01:45:00,6862.7
2019-03-12 02:00:00,6857.4
2019-03-12 02:15:00,6853.2
2019-03-12 02:30:00,6859.3
2019-03-12 02:45:00,6861.9
2019-03-12 03:00:00,6871.0
2019-03-12 03:15:00,6871.4
2019-03-12 03:30:00,6876.1
2019-03-12 03:45:00,6881.1
2019-03-12 04:00:00,6888.5
2019-03-12 04:15:00,6891.6
2019-03-12 04:30:00,6902.0
2019-03-12 04:45:00,6910.5
2019-03-12 05:00:00,6933.9
2019-03-12 05:15:00,6945.2
2019-03-12 05:30:00,6956.2
2019-03-12 05:45:00,6984.8
2019-03-12 06:00:00,7038.0
2019-03-12 06:15:00,7079.8
2019-03-12 06:30:00,7100.7
2019-03-12 06:45:00,7117.5
2019-03-12 07:00:00,7147.6
2019-03-12 07:15:00,7160.8
2019-03-12 07:30:00,7173.1
2019-03-12 07:45:00,7184.4
2019-03-12 08:00:00,7192.9
2019-03-12 08:15:00,7203.4
2019-03-12 08:30:00,7211.0
2019-03-12 08:45:00,7214.7
2019-03-12 09:00:00,7208.7
2019-03-12 09:15:00,7200.0
2019-03-12 09:30:00,7205.0
2019-03-12 09:45:00,7209.3
2019-03-12 10:00:00,7217.9
2019-03-12 10:15:00,7214.1
2019-03-12 10:30:00,7223.0
2019-03-12 10:45:00,7228.6
2019-03-12 11:00:00,7224.6
2019-03-12 11:15:00,7226.9
2019-03-12 11:30:00,7230.9
2019-03-12 11:45:00,7232.7
2019-03-12 12:00:00,7211.2
2019-03-12 12:15:00,7206.6
2019-03-12 12:30:00,7208.2
2019-03-12 12:45:00,7211.1
2019-03-12 13:00:00,7222.0
2019-03-12 13:15:00,7222.4
2019-03-12 13:30:00,7219.6
2019-03-12 13:45:00,7212.3
2019-03-12 14:00:00,7208.8
2019-03-12 14:15:00,7203.5
2019-03-12 14:30:00,7202.8
2019-03-12 14:45:00,7203.8
2019-03-12 15:00:00,7205.2
2019-03-12 15:15:00,7203.4
2019-03-12 15:30:00,7195.0
2019-03-12 15:45:00,7187.6
2019-03-12 16:00:00,7180.3
2019-03-12 16:15:00,7165.3
2019-03-12 16:30:00,7162.3
2019-03-12 16:45:00,7163.1
2019-03-12 17:00:00,7173.1
2019-03-12 17:15:00,7179.7
2019-03-12 17:30:00,7188.7
2019-03-12 17:45:00,7198.6
2019-03-12 18:00:00,7213.9
2019-03-12 18:15:00,7223.8
2019-03-12 18:30:00,7245.6
2019-03-12 18:45:00,7255.4
2019-03-12 19:00:00,7262.5
2019-03-12 19:15:00,7256.5
2019-03-12 19:30:00,7249.2
2019-03-12 19:45:00,7236.0
2019-03-12 20:00:00,7206.6
2019-03-12 20:15:00,7190.4
2019-03-12 20:30:00,7173.5
2019-03-12 20:45:00,7153.7
2019-03-12 21:00:00,7126.8
2019-03-12 21:15:00,7105.9
2019-03-12 21:30:00,7093.1
2019-03-12 21:45:00,7073.3
2019-03-12 22:00:00,7068.4
2019-03-12 22:15:00,7053.9
2019-03-12 22:30:00,7039.5
2019-03-12 22:45:00,7018.2
2019-03-12 23:00:00,6996.8
2019-03-12 23:15:00,6980.0
2019-03-12 23:30:00,6971.3
2019-03-12 23:45:00,6960.7
2019-03-13 00:00:00,6931.7
2019-03-13 00:15:00,6920.2
2019-03-13 00:30:00,6910.4
2019-03-13 00:45:00,6900.3
2019-03-13 01:00:00,6899.3
2019-03-13 01:15:00,6891.6
2019-03-13 01:30:00,6891.3
2019-03-13 01:45:00,6886.2
2019-03-13 02:00:00,6883.9
2019-03-13 02:15:00,6883.6
2019-03-13 02:30:00,6884.9
2019-03-13 02:45:00,6887.9
2019-03-13 03:00:00,6892.7
2019-03-13 03:15:00,6894.7
2019-03-13 03:30:00,6900.3
2019-03-13 03:45:00,6901.2
2019-03-13 04:00:00,6913.4
2019-03-13 04:15:00,6919.6
2019-03-13 04:30:00,6932.8
2019-03-13 04:45:00,6942.4
2019-03-13 05:00:00,6959.7
2019-03-13 05:15:00,6967.9
2019-03-13 05:30:00,6989.7
2019-03-13 05:45:00,7015.5
2019-03-13 06:00:00,7060.9
2019-03-13 06:15:00,7093.5
2019-03-13 06:30:00,7119.6
2019-03-13 06:45:00,7141.0
2019-03-13 07:00:00,7165.4
2019-03-13 07:15:00,7185.7
2019-03-13 07:30:00,7188.9
2019-03-13 07:45:00,7201.6
2019-03-13 08:00:00,7207.4
2019-03-13 08:15:00,7218.5
2019-03-13 08:30:00,7223.3
2019-03-13 08:45:00,7219.8
2019-03-13 09:00:00,7226.6
2019-03-13 09:15:00,7239.5
2019-03-13 09:30:00,7244.8
2019-03-13 09:45:00,7254.7
2019-03-13 10:00:00,7255.5
2019-03-13 10:15:00,7257.1
2019-03-13 10:30:00,7261.1
2019-03-13 10:45:00,7264.3
2019-03-13 11:00:00,7249.2
2019-03-13 11:15:00,7251.7
2019-03-13 11:30:00,7255.2
2019-03-13 11:45:00,7256.8
2019-03-13 12:00:00,7252.0
2019-03-13 12:15:00,7251.3
2019-03-13 12:30:00,7251.7
2019-03-13 12:45:00,7257.8
2019-03-13 13:00:00,7255.5
2019-03-13 13:15:00,7251.1
2019-03-13 13:30:00,7246.2
2019-03-13 13:45:00,7237.0
2019-03-13 14:00:00,7230.6
2019-03-13 14:15:00,7222.4
2019-03-13 14:30:00,7220.3
2019-03-13 14:45:00,7217.0
2019-03-13 15:00:00,7220.1
2019-03-13 15:15:00,7213.4
2019-03-13 15:30:00,7208.6
2019-03-13 15:45:00,7203.1
2019-03-13 16:00:00,7201.0
2019-03-13 16:15:00,7195.6
2019-03-13 16:30:00,7195.3
2019-03-13 16:45:00,7190.5
2019-03-13 17:00:00,7197.9
2019-03-13 17:15:00,7206.9
2019-03-13 17:30:00,7213.3
2019-03-13 17:45:00,7220.9
2019-03-13 18:00:00,7225.5
2019-03-13 18:15:00,7234.1
2019-03-13 18:30:00,7253.1
2019-03-13 18:45:00,7262.0
2019-03-13 19:00:00,7266.2
2019-03-13 19:15:00,7258.1
2019-03-13 19:30:00,7249.9
2019-03-13 19:45:00,7225.7
2019-03-13 20:00:00,7211.5
2019-03-13 20:15:00,7188.6
2019-03-13 20:30:00,7170.5
2019-03-13 20:45:00,7153.7
2019-03-13 21:00:00,7138.9
2019-03-13 21:15:00,7126.4
2019-03-13 21:30:00,7107.8
2019-03-13 21:45:00,7091.9
2019-03-13 22:00:00,7082.7
2019-03-13 22:15:00,7070.9
2019-03-13 22:30:00,7048.7
2019-03-13 22:45:00,7029.2
2019-03-13 23:00:00,7013.7
2019-03-13 23:15:00,6996.4
2019-03-13 23:30:00,6976.5
2019-03-13 23:45:00,6966.7
2019-03-14 00:00:00,6949.7
2019-03-14 00:15:00,6934.1
2019-03-14 00:30:00,6919.0
2019-03-14 00:45:00,6911.5
2019-03-14 01:00:00,6902.1
2019-03-14 01:15:00,6893.5
2019-03-14 01:30:00,6887.1
2019-03-14 01:45:00,6885.5
2019-03-14 02:00:00,6886.9
2019-03-14 02:15:00,6882.7
2019-03-14 02:30:00,6881.0
2019-03-14 02:45:00,6882.0
2019-03-14 03:00:00,6888.9
2019-03-14 03:15:00,6886.5
2019-03-14 03:30:00,6890.5
2019-03-14 03:45:00,6894.4
2019-03-14 04:00:00,6895.3
2019-03-14 04:15:00,6902.2
2019-03-14 04:30:00,6909.8
2019-03-14 04:45:00,6920.6
2019-03-14 05:00:00,6944.6
2019-03-14 05:15:00,6958.5
2019-03-14 05:30:00,6972.8
2019-03-14 05:45:00,6995.3
2019-03-14 06:00:00,7043.7
2019-03-14 06:15:00,7080.0
2019-03-14 06:30:00,7103.3
2019-03-14 06:45:00,7127.0
2019-03-14 07:00:00,7152.0
2019-03-14 07:15:00,7170.9
2019-03-14 07:30:00,7181.1
2019-03-14 07:45:00,7196.2
2019-03-14 08:00:00,7209.5
2019-03-14 08:15:00,7217.6
2019-03-14 08:30:00,7225.4
2019-03-14 08:45:00,7231.3
2019-03-14 09:00:00,7235.8
2019-03-14 09:15:00,7243.8
2019-03-14 09:30:00,7256.6
2019-03-14 09:45:00,7266.2
2019-03-14 10:00:00,7266.1
2019-03-14 10:15:00,7266.6
2019-03-14 10:30:00,7268.6
2019-03-14 10:45:00,7275.5
2019-03-14 11:00:00,7278.8
2019-03-14 11:15:00,7283.6
2019-03-14 11:30:00,7289.2
2019-03-14 11:45:00,7287.4
2019-03-14 12:00:00,7281.0
2019-03-14 12:15:00,7281.1
2019-03-14 12:30:00,7282.2
2019-03-14 12:45:00,7284.8
2019-03-14 13:00:00,7282.2
2019-03-14 13:15:00,7277.4
2019-03-14 13:30:00,7269.0
2019-03-14 13:45:00,7257.2
2019-03-14 14:00:00,7250.8
2019-03-14 14:15:00,7248.2
2019-03-14 14:30:00,7248.3
2019-03-14 14:45:00,7239.2
2019-03-14 15:00:00,7235.7
2019-03-14 15:15:00,7233.1
2019-03-14 15:30:00,7229.3
2019-03-14 15:45:00,7223.4
2019-03-14 16:00:00,7214.7
2019-03-14 16:15:00,7213.4
2019-03-14 16:30:00,7210.6
2019-03-14 16:45:00,7208.8
2019-03-14 17:00:00,7213.4
2019-03-14 17:15:00,7213.2
2019-03-14 17:30:00,7216.4
2019-03-14 17:45:00,7222.9
2019-03-14 18:00:00,7226.0
2019-03-14 18:15:00,7230.0
2019-03-14 18:30:00,7245.0
2019-03-14 18:45:00,7255.4
2019-03-14 19:00:00,7256.0
2019-03-14 19:15:00,7244.6
2019-03-14 19:30:00,7235.7
2019-03-14 19:45:00,7217.3
2019-03-14 20:00:00,7194.0
2019-03-14 20:15:00,7174.0
2019-03-14 20:30:00,7157.4
2019-03-14 20:45:00,7139.8
2019-03-14 21:00:00,7126.2
2019-03-14 21:15:00,7103.3
2019-03-14 21:30:00,7089.4
2019-03-14 21:45:00,7077.7
2019-03-14 22:00:00,7073.0
2019-03-14 22:15:00,7056.4
2019-03-14 22:30:00,7041.1
2019-03-14 22:45:00,7023.5
2019-03-14 23:00:00,7001.9
2019-03-14 23:15:00,6987.8
2019-03-14 23:30:00,6972.3
2019-03-14 23:45:00,6960.9
2019-03-15 00:00:00,6940.5
2019-03-15 00:15:00,6927.7
2019-03-15 00:30:00,6918.2
2019-03-15 00:45:00,6906.0
2019-03-15 01:00:00,6897.1
2019-03-15 01:15:00,6888.5
2019-03-15 01:30:00,6883.5
2019-03-15 01:45:00,6880.7
2019-03-15 02:00:00,6872.4
2019-03-15 02:15:00,6873.1
2019-03-15 02:30:00,6872.5
2019-03-15 02:45:00,6876.0
2019-03-15 03:00:00,6877.1
2019-03-15 03:15:00,6879.4
2019-03-15 03:30:00,6884.4
2019-03-15 03:45:00,6891.1
2019-03-15 04:00:00,6895.1
2019-03-15 04:15:00,6901.1
2019-03-15 04:30:00,6912.6
2019-03-15 04:45:00,6919.3
2019-03-15 05:00:00,6938.0
2019-03-15 05:15:00,6948.6
2019-03-15 05:30:00,6961.6
2019-03-15 05:45:00,6986.1
2019-03-15 06:00:00,7032.4
2019-03-15 06:15:00,7065.0
2019-03-15 06:30:00,7090.2
2019-03-15 06:45:00,7111.4
2019-03-15 07:00:00,7137.8
2019-03-15 07:15:00,7159.0
2019-03-15 07:30:00,7175.4
2019-03-15 07:45:00,7186.0
2019-03-15 08:00:00,7201.3
2019-03-15 08:15:00,7208.6
2019-03-15 08:30:00,7215.3
2019-03-15 08:45:00,7216.8
2019-03-15 09:00:00,7216.9
2019-03-15 09:15:00,7223.7
2019-03-15 09:30:00,7230.9
2019-03-15 09:45:00,7234.3
2019-03-15 10:00:00,7241.1
2019-03-15 10:15:00,7237.7
2019-03-15 10:30:00,7248.3
2019-03-15 10:45:00,7258.4
2019-03-15 11:00:00,7261.5
2019-03-15 11:15:00,7264.5
2019-03-15 11:30:00,7271.4
2019-03-15 11:45:00,7273.4
2019-03-15 12:00:00,7270.5
2019-03-15 12:15:00,7268.2
2019-03-15 12:30:00,7261.7
2019-03-15 12:45:00,7258.0
2019-03-15 13:00:00,7256.8
2019-03-15 13:15:00,7254.2
2019-03-15 13:30:00,7246.0
2019-03-15 13:45:00,7235.8
2019-03-15 14:00:00,7226.9
2019-03-15 14:15:00,7218.0
2019-03-15 14:30:00,7216.0
2019-03-15 14:45:00,7208.5
2019-03-15 15:00:00,7204.6
2019-03-15 15:15:00,7201.0
2019-03-15 15:30:00,7200.1
2019-03-15 15:45:00,7193.8
2019-03-15 16:00:00,7189.1
2019-03-15 16:15:00,7187.0
2019-03-15 16:30:00,7187.6
2019-03-15 16:45:00,7184.0
2019-03-15 17:00:00,7186.6
2019-03-15 17:15:00,7186.7
2019-03-15 17:30:00,7188.2
2019-03-15 17:45:00,7190.2
2019-03-15 18:00:00,7189.8
2019-03-15 18:15:00,7194.3
2019-03-15 18:30:00,7209.1
2019-03-15 18:45:00,7221.4
2019-03-15 19:00:00,7225.8
2019-03-15 19:15:00,7212.0
2019-03-15 19:30:00,7201.8
2019-03-15 19:45:00,7183.3
2019-03-15 20:00:00,7156.1
2019-03-15 20:15:00,7132.9
2019-03-15 20:30:00,7113.7
2019-03-15 20:45:00,7094.9
2019-03-15 21:00:00,7082.4
2019-03-15 21:15:00,7069.5
2019-03-15 21:30:00,7054.8
2019-03-15 21:45:00,7044.3
2019-03-15 22:00:00,7032.8
2019-03-15 22:15:00,7023.2
2019-03-15 22:30:00,7005.6
2019-03-15 22:45:00,6990.6
2019-03-15 23:00:00,6974.0
2019-03-15 23:15:00,6958.8
2019-03-15 23:30:00,6947.3
2019-03-15 23:45:00,6927.2
2019-03-16 00:00:00,6911.3
2019-03-16 00:15:00,6900.6
2019-03-16 00:30:00,6894.3
2019-03-16 00:45:00,6881.9
2019-03-16 01:00:00,6867.5
2019-03-16 01:15:00,6859.6
2019-03-16 01:30:00,6853.2
2019-03-16 01:45:00,6843.9
2019-03-16 02:00:00,6835.6
2019-03-16 02:15:00,6830.8
2019-03-16 02:30:00,6828.3
2019-03-16 02:45:00,6827.5
2019-03-16 03:00:00,6825.3
2019-03-16 03:15:00,6822.4
2019-03-16 03:30:00,6822.5
2019-03-16 03:45:00,6823.7
2019-03-16 04:00:00,6823.4
2019-03-16 04:15:00,6824.7
2019-03-16 04:30:00,6829.7
2019-03-16 04:45:00,6831.6
2019-03-16 05:00:00,6831.7
2019-03-16 05:15:00,6823.4
2019-03-16 05:30:00,6824.4
2019-03-16 05:45:00,6830.0
2019-03-16 06:00:00,6832.5
2019-03-16 06:15:00,6837.1
2019-03-16 06:30:00,6840.3
2019-03-16 06:45:00,6846.3
2019-03-16 07:00:00,6862.4
2019-03-16 07:15:00,6875.3
2019-03-16 07:30:00,6889.0
2019-03-16 07:45:00,6905.1
2019-03-16 08:00:00,6927.1
2019-03-16 08:15:00,6937.6
2019-03-16 08:30:00,6949.3
2019-03-16 08:45:00,6963.8
2019-03-16 09:00:00,6980.3
2019-03-16 09:15:00,6991.1
2019-03-16 09:30:00,7001.0
2019-03-16 09:45:00,7008.7
2019-03-16 10:00:00,7021.5
2019-03-16 10:15:00,7025.5
2019-03-16 10:30:00,7029.2
2019-03-16 10:45:00,7034.4
2019-03-16 11:00:00,7040.8
2019-03-16 11:15:00,7048.4
2019-03-16 11:30:00,7045.5
2019-03-16 11:45:00,7042.5
2019-03-16 12:00:00,7036.3
2019-03-16 12:15:00,7032.2
2019-03-16 12:30:00,7028.8
2019-03-16 12:45:00,7020.8
2019-03-16 13:00:00,7018.1
2019-03-16 13:15:00,7012.1
2019-03-16 13:30:00,7005.8
2019-03-16 13:45:00,7001.3
2019-03-16 14:00:00,6999.4
2019-03-16 14:15:00,6991.6
2019-03-16 14:30:00,6990.8
2019-03-16 14:45:00,6990.1
2019-03-16 15:00:00,6986.5
2019-03-16 15:15:00,6978.7
2019-03-16 15:30:00,6976.4
2019-03-16 15:45:00,6970.7
2019-03-16 16:00:00,6972.0
2019-03-16 16:15:00,6966.9
2019-03-16 16:30:00,6963.6
2019-03-16 16:45:00,6966.5
2019-03-16 17:00:00,6970.6
2019-03-16 17:15:00,6975.3
2019-03-16 17:30:00,6978.3
2019-03-16 17:45:00,6992.2
2019-03-16 18:00:00,7002.5
2019-03-16 18:15:00,7015.2
2019-03-16 18:30:00,7028.3
2019-03-16 18:45:00,7045.0
2019-03-16 19:00:00,7051.1
2019-03-16 19:15:00,7047.4
2019-03-16 19:30:00,7036.5
2019-03-16 19:45:00,7023.0
2019-03-16 20:00:00,7005.3
2019-03-16 20:15:00,6983.7
2019-03-16 20:30:00,6972.4
2019-03-16 20:45:00,6955.3
2019-03-16 21:00:00,6949.8
2019-03-16 21:15:00,6937.1
2019-03-16 21:30:00,6928.3
2019-03-16 21:45:00,6920.5
2019-03-16 22:00:00,6920.9
2019-03-16 22:15:00,6915.1
2019-03-16 22:30:00,6894.8
2019-03-16 22:45:00,6884.8
2019-03-16 23:00:00,6869.4
2019-03-16 23:15:00,6855.3
2019-03-16 23:30:00,6845.2
2019-03-16 23:45:00,6833.6
2019-03-17 00:00:00,6814.6
2019-03-17 00:15:00,6804.0
2019-03-17 00:30:00,6789.9
2019-03-17 00:45:00,6783.0
2019-03-17 01:00:00,6776.6
2019-03-17 01:15:00,6770.7
2019-03-17 01:30:00,6764.9
2019-03-17 01:45:00,6759.3
2019-03-17 02:00:00,6753.6
2019-03-17 02:15:00,6754.6
2019-03-17 02:30:00,6755.9
2019-03-17 02:45:00,6746.5
2019-03-17 03:00:00,6748.3
2019-03-17 03:15:00,6749.4
2019-03-17 03:30:00,6751.6
2019-03-17 03:45:00,6754.4
2019-03-17 04:00:00,6756.3
2019-03-17 04:15:00,6758.5
2019-03-17 04:30:00,6757.6
2019-03-17 04:45:00,6760.9
2019-03-17 05:00:00,6758.7
2019-03-17 05:15:00,6756.5
2019-03-17 05:30:00,6752.7
2019-03-17 05:45:00,6754.9
2019-03-17 06:00:00,6752.3
2019-03-17 06:15:00,6749.0
2019-03-17 06:30:00,6752.5
2019-03-17 06:45:00,6756.6
2019-03-17 07:00:00,6773.8
2019-03-17 07:15:00,6779.9
2019-03-17 07:30:00,6787.6
2019-03-17 07:45:00,6803.5
2019-03-17 08:00:00,6817.7
2019-03-17 08:15:00,6829.1
2019-03-17 08:30:00,6845.2
2019-03-17 08:45:00,6860.5
2019-03-17 09:00:00,6875.9
2019-03-17 09:15:00,6889.0
2019-03-17 09:30:00,6895.0
2019-03-17 09:45:00,6904.3
2019-03-17 10:00:00,6911.4
2019-03-17 10:15:00,6920.8
2019-03-17 10:30:00,6926.8
2019-03-17 10:45:00,6939.9
2019-03-17 11:00:00,6958.9
2019-03-17 11:15:00,6970.9
2019-03-17 11:30:00,6971.8
2019-03-17 11:45:00,6972.0
2019-03-17 12:00:00,6960.5
2019-03-17 12:15:00,6954.3
2019-03-17 12:30:00,6947.6
2019-03-17 12:45:00,6938.6
2019-03-17 13:00:00,6939.2
2019-03-17 13:15:00,6933.9
2019-03-17 13:30:00,6931.9
2019-03-17 13:45:00,6922.0
2019-03-17 14:00:00,6920.2
2019-03-17 14:15:00,6916.4
2019-03-17 14:30:00,6909.2
2019-03-17 14:45:00,6898.9
2019-03-17 15:00:00,6906.8
2019-03-17 15:15:00,6901.5
2019-03-17 15:30:00,6893.0
2019-03-17 15:45:00,6894.4
2019-03-17 16:00:00,6903.2
2019-03-17 16:15:00,6906.4
2019-03-17 16:30:00,6906.0
2019-03-17 16:45:00,6913.7
2019-03-17 17:00:00,6912.7
2019-03-17 17:15:00,6924.0
2019-03-17 17:30:00,6931.8
2019-03-17 17:45:00,6941.0
2019-03-17 18:00:00,6952.2
2019-03-17 18:15:00,6962.2
2019-03-17 18:30:00,6975.2
2019-03-17 18:45:00,6997.1
2019-03-17 19:00:00,7005.1
2019-03-17 19:15:00,7002.1
2019-03-17 19:30:00,6992.7
2019-03-17 19:45:00,6985.2
2019-03-17 20:00:00,6977.5
2019-03-17 20:15:00,6959.3
2019-03-17 20:30:00,6949.5
2019-03-17 20:45:00,6940.4
2019-03-17 21:00:00,6934.3
2019-03-17 21:15:00,6930.4
2019-03-17 21:30:00,6920.7
2019-03-17 21:45:00,6929.0
2019-03-17 22:00:00,6939.5
2019-03-17 22:15:00,6935.8
2019-03-17 22:30:00,6928.1
2019-03-17 22:45:00,6920.2
2019-03-17 23:00:00,6900.2
2019-03-17 23:15:00,6885.2
2019-03-17 23:30:00,6879.7
2019-03-17 23:45:00,6863.7
2019-03-18 00:00:00,6854.7
2019-03-18 00:15:00,6840.7
2019-03-18 00:30:00,6834.5
2019-03-18 00:45:00,6830.7
2019-03-18 01:00:00,6827.9
2019-03-18 01:15:00,6820.5
2019-03-18 01:30:00,6818.4
2019-03-18 01:45:00,6816.8
2019-03-18 02:00:00,6813.4
2019-03-18 02:15:00,6811.7
2019-03-18 02:30:00,6810.2
2019-03-18 02:45:00,6814.3
2019-03-18 03:00:00,6819.0
2019-03-18 03:15:00,6825.7
2019-03-18 03:30:00,6827.7
2019-03-18 03:45:00,6833.2
2019-03-18 04:00:00,6840.3
2019-03-18 04:15:00,6848.8
2019-03-18 04:30:00,6860.9
2019-03-18 04:45:00,6869.8
2019-03-18 05:00:00,6888.5
2019-03-18 05:15:00,6900.0
2019-03-18 05:30:00,6921.9
2019-03-18 05:45:00,6950.0
2019-03-18 06:00:00,7002.6
2019-03-18 06:15:00,7038.2
2019-03-18 06:30:00,7061.0
2019-03-18 06:45:00,7082.9
2019-03-18 07:00:00,7100.3
2019-03-18 07:15:00,7141.6
2019-03-18 07:30:00,7157.9
2019-03-18 07:45:00,7172.0
2019-03-18 08:00:00,7182.8
2019-03-18 08:15:00,7189.4
2019-03-18 08:30:00,7193.6
2019-03-18 08:45:00,7198.0
2019-03-18 09:00:00,7188.9
2019-03-18 09:15:00,7192.7
2019-03-18 09:30:00,7197.2
2019-03-18 09:45:00,7201.9
2019-03-18 10:00:00,7195.6
2019-03-18 10:15:00,7203.3
2019-03-18 10:30:00,7209.4
2019-03-18 10:45:00,7211.9
2019-03-18 11:00:00,7217.7
2019-03-18 11:15:00,7224.8
2019-03-18 11:30:00,7231.2
2019-03-18 11:45:00,7233.8
2019-03-18 12:00:00,7225.5
2019-03-18 12:15:00,7219.1
2019-03-18 12:30:00,7218.0
2019-03-18 12:45:00,7220.9
2019-03-18 13:00:00,7216.0
2019-03-18 13:15:00,7206.3
2019-03-18 13:30:00,7198.3
2019-03-18 13:45:00,7179.8
2019-03-18 14:00:00,7175.2
2019-03-18 14:15:00,7178.4
2019-03-18 14:30:00,7173.5
2019-03-18 14:45:00,7175.3
2019-03-18 15:00:00,7184.2
2019-03-18 15:15:00,7175.8
2019-03-18 15:30:00,7160.0
2019-03-18 15:45:00,7146.2
2019-03-18 16:00:00,7145.7
2019-03-18 16:15:00,7139.1
2019-03-18 16:30:00,7139.1
2019-03-18 16:45:00,7138.5
2019-03-18 17:00:00,7143.2
2019-03-18 17:15:00,7141.3
2019-03-18 17:30:00,7149.6
2019-03-18 17:45:00,7151.1
2019-03-18 18:00:00,7158.5
2019-03-18 18:15:00,7166.2
2019-03-18 18:30:00,7185.7
2019-03-18 18:45:00,7208.5
2019-03-18 19:00:00,7223.6
2019-03-18 19:15:00,7219.3
2019-03-18 19:30:00,7212.5
2019-03-18 19:45:00,7199.6
2019-03-18 20:00:00,7176.0
2019-03-18 20:15:00,7153.7
2019-03-18 20:30:00,7133.1
2019-03-18 20:45:00,7113.5
2019-03-18 21:00:00,7105.1
2019-03-18 21:15:00,7088.9
2019-03-18 21:30:00,7073.8
2019-03-18 21:45:00,7053.1
2019-03-18 22:00:00,7048.0
2019-03-18 22:15:00,7032.0
2019-03-18 22:30:00,7010.3
2019-03-18 22:45:00,6988.7
2019-03-18 23:00:00,6970.1
2019-03-18 23:15:00,6953.7
2019-03-18 23:30:00,6937.3
2019-03-18 23:45:00,6922.5
2019-03-19 00:00:00,6912.2
2019-03-19 00:15:00,6901.7
2019-03-19 00:30:00,6895.0
2019-03-19 00:45:00,6893.5
2019-03-19 01:00:00,6886.2
2019-03-19 01:15:00,6875.1
2019-03-19 01:30:00,6871.8
2019-03-19 01:45:00,6869.6
2019-03-19 02:00:00,6865.2
2019-03-19 02:15:00,6860.5
2019-03-19 02:30:00,6859.5
2019-03-19 02:45:00,6864.2
2019-03-19 03:00:00,6870.5
2019-03-19 03:15:00,6871.2
2019-03-19 03:30:00,6871.6
2019-03-19 03:45:00,6875.5
2019-03-19 04:00:00,6886.6
2019-03-19 04:15:00,6896.1
2019-03-19 04:30:00,6908.7
2019-03-19 04:45:00,6919.9
2019-03-19 05:00:00,6945.2
2019-03-19 05:15:00,6961.0
2019-03-19 05:30:00,6978.4
2019-03-19 05:45:00,6998.7
2019-03-19 06:00:00,7055.6
2019-03-19 06:15:00,7084.1
2019-03-19 06:30:00,7102.5
2019-03-19 06:45:00,7124.6
2019-03-19 07:00:00,7150.7
2019-03-19 07:15:00,7166.6
2019-03-19 07:30:00,7175.0
2019-03-19 07:45:00,7182.8
2019-03-19 08:00:00,7189.7
2019-03-19 08:15:00,7192.0
2019-03-19 08:30:00,7195.9
2019-03-19 08:45:00,7195.1
2019-03-19 09:00:00,7183.3
2019-03-19 09:15:00,7189.3
2019-03-19 09:30:00,7196.4
2019-03-19 09:45:00,7199.9
2019-03-19 10:00:00,7202.2
2019-03-19 10:15:00,7205.9
2019-03-19 10:30:00,7211.2
2019-03-19 10:45:00,7218.2
2019-03-19 11:00:00,7219.8
2019-03-19 11:15:00,7227.6
2019-03-19 11:30:00,7226.0
2019-03-19 11:45:00,7223.0
2019-03-19 12:00:00,7210.3
2019-03-19 12:15:00,7205.9
2019-03-19 12:30:00,7201.8
2019-03-19 12:45:00,7201.2
2019-03-19 13:00:00,7203.0
2019-03-19 13:15:00,7194.2
2019-03-19 13:30:00,7184.7
2019-03-19 13:45:00,7177.2
2019-03-19 14:00:00,7184.3
2019-03-19 14:15:00,7182.7
2019-03-19 14:30:00,7174.7
2019-03-19 14:45:00,7168.0
2019-03-19 15:00:00,7170.3
2019-03-19 15:15:00,7164.3
2019-03-19 15:30:00,7154.4
2019-03-19 15:45:00,7148.5
2019-03-19 16:00:00,7146.4
2019-03-19 16:15:00,7138.9
2019-03-19 16:30:00,7137.4
2019-03-19 16:45:00,7137.4
2019-03-19 17:00:00,7143.8
2019-03-19 17:15:00,7147.5
2019-03-19 17:30:00,7148.0
2019-03-19 17:45:00,7152.3
2019-03-19 18:00:00,7161.2
2019-03-19 18:15:00,7166.6
2019-03-19 18:30:00,7192.0
2019-03-19 18:45:00,7215.8
2019-03-19 19:00:00,7232.7
2019-03-19 19:15:00,7230.4
2019-03-19 19:30:00,7224.2
2019-03-19 19:45:00,7206.7
2019-03-19 20:00:00,7187.8
2019-03-19 20:15:00,7167.6
2019-03-19 20:30:00,7145.8
2019-03-19 20:45:00,7130.0
2019-03-19 21:00:00,7116.3
2019-03-19 21:15:00,7099.7
2019-03-19 21:30:00,7084.4
2019-03-19 21:45:00,7069.7
2019-03-19 22:00:00,7061.9
2019-03-19 22:15:00,7048.5
2019-03-19 22:30:00,7032.8
2019-03-19 22:45:00,7020.9
2019-03-19 23:00:00,7000.7
2019-03-19 23:15:00,6983.3
2019-03-19 23:30:00,6967.4
2019-03-19 23:45:00,6958.4
2019-03-20 00:00:00,6924.6
2019-03-20 00:15:00,6919.4
2019-03-20 00:30:00,6907.1
2019-03-20 00:45:00,6895.9
2019-03-20 01:00:00,6898.2
2019-03-20 01:15:00,6894.3
2019-03-20 01:30:00,6895.4
2019-03-20 01:45:00,6888.5
2019-03-20 02:00:00,6881.1
2019-03-20 02:15:00,6877.5
2019-03-20 02:30:00,6883.1
2019-03-20 02:45:00,6885.3
2019-03-20 03:00:00,6883.6
2019-03-20 03:15:00,6888.3
2019-03-20 03:30:00,6893.2
2019-03-20 03:45:00,6895.7
2019-03-20 04:00:00,6908.1
2019-03-20 04:15:00,6911.5
2019-03-20 04:30:00,6920.0
2019-03-20 04:45:00,6925.9
2019-03-20 05:00:00,6961.6
2019-03-20 05:15:00,6975.7
2019-03-20 05:30:00,6989.7
2019-03-20 05:45:00,7016.5
2019-03-20 06:00:00,7056.9
2019-03-20 06:15:00,7090.0
2019-03-20 06:30:00,7115.3
2019-03-20 06:45:00,7137.8
2019-03-20 07:00:00,7159.6
2019-03-20 07:15:00,7173.3
2019-03-20 07:30:00,7185.9
2019-03-20 07:45:00,7190.9
2019-03-20 08:00:00,7201.2
2019-03-20 08:15:00,7206.3
2019-03-20 08:30:00,7211.8
2019-03-20 08:45:00,7215.3
2019-03-20 09:00:00,7205.2
2019-03-20 09:15:00,7206.5
2019-03-20 09:30:00,7210.0
2019-03-20 09:45:00,7215.1
2019-03-20 10:00:00,7211.7
2019-03-20 10:15:00,7206.6
2019-03-20 10:30:00,7209.7
2019-03-20 10:45:00,7209.7
2019-03-20 11:00:00,7207.6
2019-03-20 11:15:00,7209.4
2019-03-20 11:30:00,7213.8
2019-03-20 11:45:00,7212.6
2019-03-20 12:00:00,7203.9
2019-03-20 12:15:00,7203.6
2019-03-20 12:30:00,7202.6
2019-03-20 12:45:00,7206.3
2019-03-20 13:00:00,7211.1
2019-03-20 13:15:00,7206.6
2019-03-20 13:30:00,7199.1
2019-03-20 13:45:00,7185.1
2019-03-20 14:00:00,7181.1
2019-03-20 14:15:00,7182.1
2019-03-20 14:30:00,7174.8
2019-03-20 14:45:00,7167.9
2019-03-20 15:00:00,7168.5
2019-03-20 15:15:00,7160.8
2019-03-20 15:30:00,7145.8
2019-03-20 15:45:00,7139.0
2019-03-20 16:00:00,7139.9
2019-03-20 16:15:00,7134.6
2019-03-20 16:30:00,7129.3
2019-03-20 16:45:00,7130.7
2019-03-20 17:00:00,7138.7
2019-03-20 17:15:00,7140.2
2019-03-20 17:30:00,7143.9
2019-03-20 17:45:00,7153.6
2019-03-20 18:00:00,7164.6
2019-03-20 18:15:00,7171.1
2019-03-20 18:30:00,7188.6
2019-03-20 18:45:00,7208.7
2019-03-20 19:00:00,7230.5
2019-03-20 19:15:00,7226.4
2019-03-20 19:30:00,7218.3
2019-03-20 19:45:00,7207.8
2019-03-20 20:00:00,7181.1
2019-03-20 20:15:00,7161.8
2019-03-20 20:30:00,7144.2
2019-03-20 20:45:00,7129.9
2019-03-20 21:00:00,7111.9
2019-03-20 21:15:00,7097.3
2019-03-20 21:30:00,7083.1
2019-03-20 21:45:00,7066.4
2019-03-20 22:00:00,7054.7
2019-03-20 22:15:00,7045.0
2019-03-20 22:30:00,7026.3
2019-03-20 22:45:00,7007.3
2019-03-20 23:00:00,6980.2
2019-03-20 23:15:00,6961.1
2019-03-20 23:30:00,6946.1
2019-03-20 23:45:00,6928.6
2019-03-21 00:00:00,6912.1
2019-03-21 00:15:00,6901.1
2019-03-21 00:30:00,6889.8
2019-03-21 00:45:00,6883.7
2019-03-21 01:00:00,6869.1
2019-03-21 01:15:00,6867.2
2019-03-21 01:30:00,6861.7
2019-03-21 01:45:00,6860.6
2019-03-21 02:00:00,6846.2
2019-03-21 02:15:00,6843.5
2019-03-21 02:30:00,6848.6
2019-03-21 02:45:00,6858.2
2019-03-21 03:00:00,6862.9
2019-03-21 03:15:00,6865.6
2019-03-21 03:30:00,6865.0
2019-03-21 03:45:00,6872.7
2019-03-21 04:00:00,6880.7
2019-03-21 04:15:00,6884.0
2019-03-21 04:30:00,6894.2
2019-03-21 04:45:00,6900.8
2019-03-21 05:00:00,6931.9
2019-03-21 05:15:00,6948.0
2019-03-21 05:30:00,6969.1
2019-03-21 05:45:00,7000.6
2019-03-21 06:00:00,7047.2
2019-03-21 06:15:00,7076.9
2019-03-21 06:30:00,7098.4
2019-03-21 06:45:00,7120.7
2019-03-21 07:00:00,7147.9
2019-03-21 07:15:00,7163.4
2019-03-21 07:30:00,7179.8
2019-03-21 07:45:00,7190.6
2019-03-21 08:00:00,7196.8
2019-03-21 08:15:00,7204.2
2019-03-21 08:30:00,7208.5
2019-03-21 08:45:00,7209.8
2019-03-21 09:00:00,7202.2
2019-03-21 09:15:00,7201.4
2019-03-21 09:30:00,7204.6
2019-03-21 09:45:00,7204.3
2019-03-21 10:00:00,7198.8
2019-03-21 10:15:00,7200.7
2019-03-21 10:30:00,7202.4
2019-03-21 10:45:00,7209.5
2019-03-21 11:00:00,7216.8
2019-03-21 11:15:00,7219.8
2019-03-21 11:30:00,7222.8
2019-03-21 11:45:00,7222.6
2019-03-21 12:00:00,7216.0
2019-03-21 12:15:00,7217.3
2019-03-21 12:30:00,7213.8
2019-03-21 12:45:00,7213.2
2019-03-21 13:00:00,7210.0
2019-03-21 13:15:00,7206.7
2019-03-21 13:30:00,7196.7
2019-03-21 13:45:00,7182.9
2019-03-21 14:00:00,7178.6
2019-03-21 14:15:00,7174.1
2019-03-21 14:30:00,7169.0
2019-03-21 14:45:00,7162.6
2019-03-21 15:00:00,7162.3
2019-03-21 15:15:00,7157.6
2019-03-21 15:30:00,7142.2
2019-03-21 15:45:00,7131.0
2019-03-21 16:00:00,7124.7
2019-03-21 16:15:00,7118.3
2019-03-21 16:30:00,7116.8
2019-03-21 16:45:00,7115.1
2019-03-21 17:00:00,7127.4
2019-03-21 17:15:00,7134.6
2019-03-21 17:30:00,7140.3
2019-03-21 17:45:00,7150.2
2019-03-21 18:00:00,7158.7
2019-03-21 18:15:00,7164.0
2019-03-21 18:30:00,7184.4
2019-03-21 18:45:00,7209.3
2019-03-21 19:00:00,7226.3
2019-03-21 19:15:00,7224.6
2019-03-21 19:30:00,7218.4
2019-03-21 19:45:00,7207.9
2019-03-21 20:00:00,7184.4
2019-03-21 20:15:00,7159.0
2019-03-21 20:30:00,7140.4
2019-03-21 20:45:00,7121.1
2019-03-21 21:00:00,7105.8
2019-03-21 21:15:00,7090.6
2019-03-21 21:30:00,7068.5
2019-03-21 21:45:00,7054.3
2019-03-21 22:00:00,7042.5
2019-03-21 22:15:00,7028.9
2019-03-21 22:30:00,7008.4
2019-03-21 22:45:00,6993.6
2019-03-21 23:00:00,6971.2
2019-03-21 23:15:00,6955.0
2019-03-21 23:30:00,6935.8
2019-03-21 23:45:00,6920.3
2019-03-22 00:00:00,6902.5
2019-03-22 00:15:00,6888.7
2019-03-22 00:30:00,6879.6
2019-03-22 00:45:00,6869.5
2019-03-22 01:00:00,6862.8
2019-03-22 01:15:00,6857.2
2019-03-22 01:30:00,6851.4
2019-03-22 01:45:00,6845.8
2019-03-22 02:00:00,6838.6
2019-03-22 02:15:00,6835.8
2019-03-22 02:30:00,6834.9
2019-03-22 02:45:00,6833.0
2019-03-22 03:00:00,6840.7
2019-03-22 03:15:00,6845.1
2019-03-22 03:30:00,6844.7
2019-03-22 03:45:00,6847.6
2019-03-22 04:00:00,6861.1
2019-03-22 04:15:00,6864.1
2019-03-22 04:30:00,6872.9
2019-03-22 04:45:00,6884.2
2019-03-22 05:00:00,6908.5
2019-03-22 05:15:00,6926.6
2019-03-22 05:30:00,6952.2
2019-03-22 05:45:00,6979.0
2019-03-22 06:00:00,7017.6
2019-03-22 06:15:00,7051.3
2019-03-22 06:30:00,7074.1
2019-03-22 06:45:00,7100.5
2019-03-22 07:00:00,7123.6
2019-03-22 07:15:00,7139.5
2019-03-22 07:30:00,7155.4
2019-03-22 07:45:00,7166.9
2019-03-22 08:00:00,7176.9
2019-03-22 08:15:00,7181.9
2019-03-22 08:30:00,7182.7
2019-03-22 08:45:00,7184.6
2019-03-22 09:00:00,7177.5
2019-03-22 09:15:00,7180.8
2019-03-22 09:30:00,7181.3
2019-03-22 09:45:00,7185.1
2019-03-22 10:00:00,7182.0
2019-03-22 10:15:00,7182.3
2019-03-22 10:30:00,7184.8
2019-03-22 10:45:00,7187.4
2019-03-22 11:00:00,7187.6
2019-03-22 11:15:00,7185.6
2019-03-22 11:30:00,7185.9
2019-03-22 11:45:00,7180.1
2019-03-22 12:00:00,7173.3
2019-03-22 12:15:00,7166.3
2019-03-22 12:30:00,7163.6
2019-03-22 12:45:00,7162.1
2019-03-22 13:00:00,7156.7
2019-03-22 13:15:00,7148.6
2019-03-22 13:30:00,7140.0
2019-03-22 13:45:00,7133.8
2019-03-22 14:00:00,7124.1
2019-03-22 14:15:00,7119.8
2019-03-22 14:30:00,7112.9
2019-03-22 14:45:00,7106.5
2019-03-22 15:00:00,7105.5
2019-03-22 15:15:00,7101.0
2019-03-22 15:30:00,7093.6
2019-03-22 15:45:00,7086.1
2019-03-22 16:00:00,7080.9
2019-03-22 16:15:00,7078.5
2019-03-22 16:30:00,7070.3
2019-03-22 16:45:00,7067.6
2019-03-22 17:00:00,7077.5
2019-03-22 17:15:00,7083.6
2019-03-22 17:30:00,7089.9
2019-03-22 17:45:00,7096.0
2019-03-22 18:00:00,7100.5
2019-03-22 18:15:00,7102.5
2019-03-22 18:30:00,7121.2
2019-03-22 18:45:00,7141.9
2019-03-22 19:00:00,7162.1
2019-03-22 19:15:00,7156.9
2019-03-22 19:30:00,7148.3
2019-03-22 19:45:00,7140.2
2019-03-22 20:00:00,7120.7
2019-03-22 20:15:00,7099.3
2019-03-22 20:30:00,7084.8
2019-03-22 20:45:00,7066.6
2019-03-22 21:00:00,7053.7
2019-03-22 21:15:00,7033.9
2019-03-22 21:30:00,7018.8
2019-03-22 21:45:00,7002.5
2019-03-22 22:00:00,6996.8
2019-03-22 22:15:00,6982.8
2019-03-22 22:30:00,6960.3
2019-03-22 22:45:00,6947.3
2019-03-22 23:00:00,6929.8
2019-03-22 23:15:00,6912.4
2019-03-22 23:30:00,6897.4
2019-03-22 23:45:00,6888.1
2019-03-23 00:00:00,6867.8
2019-03-23 00:15:00,6855.3
2019-03-23 00:30:00,6841.8
2019-03-23 00:45:00,6837.9
2019-03-23 01:00:00,6822.5
2019-03-23 01:15:00,6810.4
2019-03-23 01:30:00,6804.5
2019-03-23 01:45:00,6794.6
2019-03-23 02:00:00,6789.4
2019-03-23 02:15:00,6782.2
2019-03-23 02:30:00,6784.3
2019-03-23 02:45:00,6786.2
2019-03-23 03:00:00,6786.2
2019-03-23 03:15:00,6788.2
2019-03-23 03:30:00,6787.8
2019-03-23 03:45:00,6788.4
2019-03-23 04:00:00,6789.4
2019-03-23 04:15:00,6790.6
2019-03-23 04:30:00,6790.7
2019-03-23 04:45:00,6795.8
2019-03-23 05:00:00,6800.7
2019-03-23 05:15:00,6801.1
2019-03-23 05:30:00,6802.7
2019-03-23 05:45:00,6801.6
2019-03-23 06:00:00,6805.1
2019-03-23 06:15:00,6807.4
2019-03-23 06:30:00,6816.8
2019-03-23 06:45:00,6828.2
2019-03-23 07:00:00,6847.8
2019-03-23 07:15:00,6859.8
2019-03-23 07:30:00,6877.8
2019-03-23 07:45:00,6897.2
2019-03-23 08:00:00,6914.3
2019-03-23 08:15:00,6929.2
2019-03-23 08:30:00,6939.8
2019-03-23 08:45:00,6954.2
2019-03-23 09:00:00,6973.1
2019-03-23 09:15:00,6977.0
2019-03-23 09:30:00,6982.8
2019-03-23 09:45:00,6989.9
2019-03-23 10:00:00,6992.8
2019-03-23 10:15:00,6995.5
2019-03-23 10:30:00,6991.2
2019-03-23 10:45:00,6998.1
2019-03-23 11:00:00,6994.4
2019-03-23 11:15:00,6995.7
2019-03-23 11:30:00,7000.3
2019-03-23 11:45:00,6995.9
2019-03-23 12:00:00,6992.7
2019-03-23 12:15:00,6986.0
2019-03-23 12:30:00,6984.1
2019-03-23 12:45:00,6975.9
2019-03-23 13:00:00,6966.4
2019-03-23 13:15:00,6961.4
2019-03-23 13:30:00,6952.8
2019-03-23 13:45:00,6939.0
2019-03-23 14:00:00,6935.6
2019-03-23 14:15:00,6930.2
2019-03-23 14:30:00,6927.2
2019-03-23 14:45:00,6919.7
2019-03-23 15:00:00,6921.8
2019-03-23 15:15:00,6916.7
2019-03-23 15:30:00,6915.3
2019-03-23 15:45:00,6909.8
2019-03-23 16:00:00,6902.5
2019-03-23 16:15:00,6901.8
2019-03-23 16:30:00,6892.9
2019-03-23 16:45:00,6893.1
2019-03-23 17:00:00,6907.5
2019-03-23 17:15:00,6917.2
2019-03-23 17:30:00,6923.6
2019-03-23 17:45:00,6938.8
2019-03-23 18:00:00,6952.4
2019-03-23 18:15:00,6960.1
2019-03-23 18:30:00,6976.2
2019-03-23 18:45:00,6990.1
2019-03-23 19:00:00,7007.4
2019-03-23 19:15:00,7001.1
2019-03-23 19:30:00,6999.6
2019-03-23 19:45:00,6991.8
2019-03-23 20:00:00,6973.5
2019-03-23 20:15:00,6952.2
2019-03-23 20:30:00,6933.7
2019-03-23 20:45:00,6917.9
2019-03-23 21:00:00,6905.7
2019-03-23 21:15:00,6892.7
2019-03-23 21:30:00,6885.4
2019-03-23 21:45:00,6876.1
2019-03-23 22:00:00,6882.8
2019-03-23 22:15:00,6871.3
2019-03-23 22:30:00,6855.3
2019-03-23 22:45:00,6844.4
2019-03-23 23:00:00,6823.3
2019-03-23 23:15:00,6811.6
2019-03-23 23:30:00,6801.6
2019-03-23 23:45:00,6788.1
2019-03-24 00:00:00,6769.5
2019-03-24 00:15:00,6757.4
2019-03-24 00:30:00,6755.3
2019-03-24 00:45:00,6744.7
2019-03-24 01:00:00,6735.3
2019-03-24 01:15:00,6729.3
2019-03-24 01:30:00,6724.8
2019-03-24 01:45:00,6721.6
2019-03-24 02:00:00,6709.6
2019-03-24 02:15:00,6709.5
2019-03-24 02:30:00,6707.9
2019-03-24 02:45:00,6707.4
2019-03-24 03:00:00,6710.3
2019-03-24 03:15:00,6710.8
2019-03-24 03:30:00,6711.9
2019-03-24 03:45:00,6713.8
2019-03-24 04:00:00,6718.6
2019-03-24 04:15:00,6721.2
2019-03-24 04:30:00,6723.0
2019-03-24 04:45:00,6725.0
2019-03-24 05:00:00,6726.7
2019-03-24 05:15:00,6720.7
2019-03-24 05:30:00,6721.4
2019-03-24 05:45:00,6719.6
2019-03-24 06:00:00,6706.8
2019-03-24 06:15:00,6703.4
2019-03-24 06:30:00,6707.8
2019-03-24 06:45:00,6716.9
2019-03-24 07:00:00,6733.5
2019-03-24 07:15:00,6738.9
2019-03-24 07:30:00,6757.2
2019-03-24 07:45:00,6771.1
2019-03-24 08:00:00,6785.3
2019-03-24 08:15:00,6798.6
2019-03-24 08:30:00,6814.3
2019-03-24 08:45:00,6825.0
2019-03-24 09:00:00,6840.0
2019-03-24 09:15:00,6851.2
2019-03-24 09:30:00,6858.6
2019-03-24 09:45:00,6863.3
2019-03-24 10:00:00,6873.1
2019-03-24 10:15:00,6876.6
2019-03-24 10:30:00,6882.8
2019-03-24 10:45:00,6891.2
2019-03-24 11:00:00,6900.3
2019-03-24 11:15:00,6907.1
2019-03-24 11:30:00,6910.7
2019-03-24 11:45:00,6913.0
2019-03-24 12:00:00,6910.6
2019-03-24 12:15:00,6904.4
2019-03-24 12:30:00,6898.9
2019-03-24 12:45:00,6891.6
2019-03-24 13:00:00,6884.6
2019-03-24 13:15:00,6879.4
2019-03-24 13:30:00,6876.7
2019-03-24 13:45:00,6865.7
2019-03-24 14:00:00,6855.8
2019-03-24 14:15:00,6846.3
2019-03-24 14:30:00,6845.2
2019-03-24 14:45:00,6842.2
2019-03-24 15:00:00,6836.4
2019-03-24 15:15:00,6836.2
2019-03-24 15:30:00,6835.9
2019-03-24 15:45:00,6831.9
2019-03-24 16:00:00,6840.8
2019-03-24 16:15:00,6840.8
2019-03-24 16:30:00,6848.1
2019-03-24 16:45:00,6851.9
2019-03-24 17:00:00,6863.4
2019-03-24 17:15:00,6866.9
2019-03-24 17:30:00,6875.9
2019-03-24 17:45:00,6887.2
2019-03-24 18:00:00,6907.2
2019-03-24 18:15:00,6921.6
2019-03-24 18:30:00,6938.0
2019-03-24 18:45:00,6957.9
2019-03-24 19:00:00,6979.6
2019-03-24 19:15:00,6991.5
2019-03-24 19:30:00,6985.0
2019-03-24 19:45:00,6973.9
2019-03-24 20:00:00,6971.1
2019-03-24 20:15:00,6949.9
2019-03-24 20:30:00,6936.2
2019-03-24 20:45:00,6922.6
2019-03-24 21:00:00,6915.9
2019-03-24 21:15:00,6911.8
2019-03-24 21:30:00,6910.5
2019-03-24 21:45:00,6906.0
2019-03-24 22:00:00,6916.8
2019-03-24 22:15:00,6914.3
2019-03-24 22:30:00,6903.9
2019-03-24 22:45:00,6891.0
2019-03-24 23:00:00,6875.4
2019-03-24 23:15:00,6863.2
2019-03-24 23:30:00,6846.7
2019-03-24 23:45:00,6834.4
2019-03-25 00:00:00,6821.2
2019-03-25 00:15:00,6813.0
2019-03-25 00:30:00,6807.7
2019-03-25 00:45:00,6800.9
2019-03-25 01:00:00,6793.2
2019-03-25 01:15:00,6791.2
2019-03-25 01:30:00,6789.3
2019-03-25 01:45:00,6782.7
2019-03-25 02:00:00,6779.9
2019-03-25 02:15:00,6780.2
2019-03-25 02:30:00,6781.0
2019-03-25 02:45:00,6782.5
2019-03-25 03:00:00,6785.5
2019-03-25 03:15:00,6785.9
2019-03-25 03:30:00,6793.2
2019-03-25 03:45:00,6800.1
2019-03-25 04:00:00,6815.4
2019-03-25 04:15:00,6824.6
2019-03-25 04:30:00,6834.3
2019-03-25 04:45:00,6847.7
2019-03-25 05:00:00,6869.6
2019-03-25 05:15:00,6883.1
2019-03-25 05:30:00,6902.1
2019-03-25 05:45:00,6931.7
2019-03-25 06:00:00,6973.1
2019-03-25 06:15:00,7005.2
2019-03-25 06:30:00,7033.6
2019-03-25 06:45:00,7055.0
2019-03-25 07:00:00,7088.2
2019-03-25 07:15:00,7109.1
2019-03-25 07:30:00,7125.4
2019-03-25 07:45:00,7138.5
2019-03-25 08:00:00,7156.7
2019-03-25 08:15:00,7167.6
2019-03-25 08:30:00,7174.9
2019-03-25 08:45:00,7180.6
2019-03-25 09:00:00,7176.7
2019-03-25 09:15:00,7182.3
2019-03-25 09:30:00,7198.2
2019-03-25 09:45:00,7199.0
2019-03-25 10:00:00,7205.5
2019-03-25 10:15:00,7208.5
2019-03-25 10:30:00,7215.7
2019-03-25 10:45:00,7215.1
2019-03-25 11:00:00,7225.2
2019-03-25 11:15:00,7230.1
2019-03-25 11:30:00,7227.9
2019-03-25 11:45:00,7229.3
2019-03-25 12:00:00,7220.4
2019-03-25 12:15:00,7213.6
2019-03-25 12:30:00,7209.3
2019-03-25 12:45:00,7209.2
2019-03-25 13:00:00,7210.6
2019-03-25 13:15:00,7211.0
2019-03-25 13:30:00,7210.2
2019-03-25 13:45:00,7198.3
2019-03-25 14:00:00,7190.0
2019-03-25 14:15:00,7195.1
2019-03-25 14:30:00,7189.8
2019-03-25 14:45:00,7182.0
2019-03-25 15:00:00,7186.1
2019-03-25 15:15:00,7183.3
2019-03-25 15:30:00,7182.7
2019-03-25 15:45:00,7169.0
2019-03-25 16:00:00,7165.4
2019-03-25 16:15:00,7153.1
2019-03-25 16:30:00,7149.2
2019-03-25 16:45:00,7146.4
2019-03-25 17:00:00,7143.8
2019-03-25 17:15:00,7141.7
2019-03-25 17:30:00,7149.6
2019-03-25 17:45:00,7147.2
2019-03-25 18:00:00,7152.1
2019-03-25 18:15:00,7155.6
2019-03-25 18:30:00,7174.4
2019-03-25 18:45:00,7191.5
2019-03-25 19:00:00,7205.1
2019-03-25 19:15:00,7204.1
2019-03-25 19:30:00,7201.5
2019-03-25 19:45:00,7192.7
2019-03-25 20:00:00,7176.3
2019-03-25 20:15:00,7152.4
2019-03-25 20:30:00,7130.7
2019-03-25 20:45:00,7114.0
2019-03-25 21:00:00,7100.0
2019-03-25 21:15:00,7080.3
2019-03-25 21:30:00,7059.7
2019-03-25 21:45:00,7041.1
2019-03-25 22:00:00,7036.1
2019-03-25 22:15:00,7021.9
2019-03-25 22:30:00,6999.1
2019-03-25 22:45:00,6980.2
2019-03-25 23:00:00,6955.0
2019-03-25 23:15:00,6932.6
2019-03-25 23:30:00,6920.1
2019-03-25 23:45:00,6912.2
2019-03-26 00:00:00,6905.5
2019-03-26 00:15:00,6891.4
2019-03-26 00:30:00,6883.9
2019-03-26 00:45:00,6878.1
2019-03-26 01:00:00,6867.4
2019-03-26 01:15:00,6865.4
2019-03-26 01:30:00,6863.4
2019-03-26 01:45:00,6860.3
2019-03-26 02:00:00,6859.2
2019-03-26 02:15:00,6857.6
2019-03-26 02:30:00,6858.5
2019-03-26 02:45:00,6866.4
2019-03-26 03:00:00,6869.5
2019-03-26 03:15:00,6873.1
2019-03-26 03:30:00,6876.3
2019-03-26 03:45:00,6879.6
2019-03-26 04:00:00,6884.3
2019-03-26 04:15:00,6891.4
2019-03-26 04:30:00,6899.3
2019-03-26 04:45:00,6910.1
2019-03-26 05:00:00,6930.9
2019-03-26 05:15:00,6942.7
2019-03-26 05:30:00,6956.6
2019-03-26 05:45:00,6976.3
2019-03-26 06:00:00,7020.6
2019-03-26 06:15:00,7058.0
2019-03-26 06:30:00,7080.7
2019-03-26 06:45:00,7105.6
2019-03-26 07:00:00,7130.3
2019-03-26 07:15:00,7147.3
2019-03-26 07:30:00,7160.7
2019-03-26 07:45:00,7176.2
2019-03-26 08:00:00,7191.4
2019-03-26 08:15:00,7198.6
2019-03-26 08:30:00,7203.9
2019-03-26 08:45:00,7202.0
2019-03-26 09:00:00,7199.2
2019-03-26 09:15:00,7200.9
2019-03-26 09:30:00,7206.6
2019-03-26 09:45:00,7209.9
2019-03-26 10:00:00,7213.0
2019-03-26 10:15:00,7217.5
2019-03-26 10:30:00,7224.8
2019-03-26 10:45:00,7227.6
2019-03-26 11:00:00,7236.4
2019-03-26 11:15:00,7236.6
2019-03-26 11:30:00,7236.4
2019-03-26 11:45:00,7230.6
2019-03-26 12:00:00,7220.9
2019-03-26 12:15:00,7215.5
2019-03-26 12:30:00,7211.6
2019-03-26 12:45:00,7211.0
2019-03-26 13:00:00,7214.3
2019-03-26 13:15:00,7206.7
2019-03-26 13:30:00,7200.3
2019-03-26 13:45:00,7186.2
2019-03-26 14:00:00,7191.7
2019-03-26 14:15:00,7188.7
2019-03-26 14:30:00,7182.2
2019-03-26 14:45:00,7172.9
2019-03-26 15:00:00,7174.5
2019-03-26 15:15:00,7163.0
2019-03-26 15:30:00,7161.9
2019-03-26 15:45:00,7151.8
2019-03-26 16:00:00,7159.2
2019-03-26 16:15:00,7147.2
2019-03-26 16:30:00,7141.3
2019-03-26 16:45:00,7138.9
2019-03-26 17:00:00,7143.9
2019-03-26 17:15:00,7147.0
2019-03-26 17:30:00,7150.6
2019-03-26 17:45:00,7154.7
2019-03-26 18:00:00,7162.4
2019-03-26 18:15:00,7165.1
2019-03-26 18:30:00,7176.7
2019-03-26 18:45:00,7191.3
2019-03-26 19:00:00,7205.3
2019-03-26 19:15:00,7201.8
2019-03-26 19:30:00,7191.7
2019-03-26 19:45:00,7181.6
2019-03-26 20:00:00,7165.5
2019-03-26 20:15:00,7144.8
2019-03-26 20:30:00,7123.0
2019-03-26 20:45:00,7103.3
2019-03-26 21:00:00,7089.0
2019-03-26 21:15:00,7076.2
2019-03-26 21:30:00,7060.2
2019-03-26 21:45:00,7044.2
2019-03-26 22:00:00,7034.8
2019-03-26 22:15:00,7021.5
2019-03-26 22:30:00,7005.7
2019-03-26 22:45:00,6985.8
2019-03-26 23:00:00,6963.5
2019-03-26 23:15:00,6942.5
2019-03-26 23:30:00,6930.5
2019-03-26 23:45:00,6919.7
2019-03-27 00:00:00,6900.5
2019-03-27 00:15:00,6882.0
2019-03-27 00:30:00,6877.0
2019-03-27 00:45:00,6868.7
2019-03-27 01:00:00,6861.7
2019-03-27 01:15:00,6850.2
2019-03-27 01:30:00,6846.1
2019-03-27 01:45:00,6841.8
2019-03-27 02:00:00,6837.9
2019-03-27 02:15:00,6837.1
2019-03-27 02:30:00,6839.3
2019-03-27 02:45:00,6840.2
2019-03-27 03:00:00,6839.2
2019-03-27 03:15:00,6842.1
2019-03-27 03:30:00,6848.8
2019-03-27 03:45:00,6852.1
2019-03-27 04:00:00,6859.7
2019-03-27 04:15:00,6866.4
2019-03-27 04:30:00,6878.8
2019-03-27 04:45:00,6888.1
2019-03-27 05:00:00,6913.3
2019-03-27 05:15:00,6929.6
2019-03-27 05:30:00,6943.8
2019-03-27 05:45:00,6974.2
2019-03-27 06:00:00,7018.7
2019-03-27 06:15:00,7051.1
2019-03-27 06:30:00,7078.1
2019-03-27 06:45:00,7102.6
2019-03-27 07:00:00,7128.8
2019-03-27 07:15:00,7148.1
2019-03-27 07:30:00,7161.5
2019-03-27 07:45:00,7172.0
2019-03-27 08:00:00,7184.5
2019-03-27 08:15:00,7193.9
2019-03-27 08:30:00,7196.4
2019-03-27 08:45:00,7195.8
2019-03-27 09:00:00,7189.8
2019-03-27 09:15:00,7195.6
2019-03-27 09:30:00,7200.8
2019-03-27 09:45:00,7205.7
2019-03-27 10:00:00,7205.2
2019-03-27 10:15:00,7205.6
2019-03-27 10:30:00,7212.4
2019-03-27 10:45:00,7220.0
2019-03-27 11:00:00,7226.4
2019-03-27 11:15:00,7233.1
2019-03-27 11:30:00,7235.6
2019-03-27 11:45:00,7233.8
2019-03-27 12:00:00,7220.5
2019-03-27 12:15:00,7211.2
2019-03-27 12:30:00,7211.5
2019-03-27 12:45:00,7206.8
2019-03-27 13:00:00,7207.3
2019-03-27 13:15:00,7197.0
2019-03-27 13:30:00,7196.0
2019-03-27 13:45:00,7182.8
2019-03-27 14:00:00,7180.5
2019-03-27 14:15:00,7176.8
2019-03-27 14:30:00,7175.4
2019-03-27 14:45:00,7172.2
2019-03-27 15:00:00,7171.1
2019-03-27 15:15:00,7165.1
2019-03-27 15:30:00,7160.4
2019-03-27 15:45:00,7152.8
2019-03-27 16:00:00,7150.7
2019-03-27 16:15:00,7140.8
2019-03-27 16:30:00,7135.3
2019-03-27 16:45:00,7135.5
2019-03-27 17:00:00,7144.7
2019-03-27 17:15:00,7143.2
2019-03-27 17:30:00,7150.1
2019-03-27 17:45:00,7151.9
2019-03-27 18:00:00,7159.9
2019-03-27 18:15:00,7164.5
2019-03-27 18:30:00,7176.5
2019-03-27 18:45:00,7195.0
2019-03-27 19:00:00,7209.0
2019-03-27 19:15:00,7212.1
2019-03-27 19:30:00,7204.4
2019-03-27 19:45:00,7196.0
2019-03-27 20:00:00,7176.5
2019-03-27 20:15:00,7151.6
2019-03-27 20:30:00,7131.2
2019-03-27 20:45:00,7112.5
2019-03-27 21:00:00,7095.0
2019-03-27 21:15:00,7080.1
2019-03-27 21:30:00,7061.0
2019-03-27 21:45:00,7045.3
2019-03-27 22:00:00,7034.3
2019-03-27 22:15:00,7020.3
2019-03-27 22:30:00,7000.6
2019-03-27 22:45:00,6978.7
2019-03-27 23:00:00,6952.4
2019-03-27 23:15:00,6935.2
2019-03-27 23:30:00,6918.2
2019-03-27 23:45:00,6904.2
2019-03-28 00:00:00,6879.1
2019-03-28 00:15:00,6870.4
2019-03-28 00:30:00,6864.8
2019-03-28 00:45:00,6858.7
2019-03-28 01:00:00,6850.4
2019-03-28 01:15:00,6843.6
2019-03-28 01:30:00,6839.3
2019-03-28 01:45:00,6836.4
2019-03-28 02:00:00,6824.6
2019-03-28 02:15:00,6819.9
2019-03-28 02:30:00,6819.7
2019-03-28 02:45:00,6824.1
2019-03-28 03:00:00,6828.9
2019-03-28 03:15:00,6830.0
2019-03-28 03:30:00,6835.2
2019-03-28 03:45:00,6834.5
2019-03-28 04:00:00,6842.0
2019-03-28 04:15:00,6846.7
2019-03-28 04:30:00,6856.2
2019-03-28 04:45:00,6869.7
2019-03-28 05:00:00,6903.4
2019-03-28 05:15:00,6916.1
2019-03-28 05:30:00,6930.5
2019-03-28 05:45:00,6949.3
2019-03-28 06:00:00,6994.4
2019-03-28 06:15:00,7030.7
2019-03-28 06:30:00,7066.3
2019-03-28 06:45:00,7080.3
2019-03-28 07:00:00,7106.1
2019-03-28 07:15:00,7123.7
2019-03-28 07:30:00,7135.0
2019-03-28 07:45:00,7144.8
2019-03-28 08:00:00,7159.8
2019-03-28 08:15:00,7164.2
2019-03-28 08:30:00,7169.0
2019-03-28 08:45:00,7168.9
2019-03-28 09:00:00,7161.7
2019-03-28 09:15:00,7168.8
2019-03-28 09:30:00,7173.0
2019-03-28 09:45:00,7174.5
2019-03-28 10:00:00,7175.3
2019-03-28 10:15:00,7178.9
2019-03-28 10:30:00,7181.1
2019-03-28 10:45:00,7186.9
2019-03-28 11:00:00,7194.1
2019-03-28 11:15:00,7199.2
2019-03-28 11:30:00,7202.0
2019-03-28 11:45:00,7202.0
2019-03-28 12:00:00,7193.0
2019-03-28 12:15:00,7187.0
2019-03-28 12:30:00,7181.8
2019-03-28 12:45:00,7178.8
2019-03-28 13:00:00,7183.6
2019-03-28 13:15:00,7181.6
2019-03-28 13:30:00,7177.6
2019-03-28 13:45:00,7167.6
2019-03-28 14:00:00,7165.7
2019-03-28 14:15:00,7161.4
2019-03-28 14:30:00,7157.3
2019-03-28 14:45:00,7152.0
2019-03-28 15:00:00,7150.5
2019-03-28 15:15:00,7144.1
2019-03-28 15:30:00,7138.3
2019-03-28 15:45:00,7133.5
2019-03-28 16:00:00,7128.5
2019-03-28 16:15:00,7125.3
2019-03-28 16:30:00,7122.6
2019-03-28 16:45:00,7120.5
2019-03-28 17:00:00,7125.6
2019-03-28 17:15:00,7123.4
2019-03-28 17:30:00,7131.7
2019-03-28 17:45:00,7139.2
2019-03-28 18:00:00,7142.1
2019-03-28 18:15:00,7140.7
2019-03-28 18:30:00,7151.7
2019-03-28 18:45:00,7169.0
2019-03-28 19:00:00,7183.5
2019-03-28 19:15:00,7185.1
2019-03-28 19:30:00,7181.4
2019-03-28 19:45:00,7169.6
2019-03-28 20:00:00,7154.1
2019-03-28 20:15:00,7133.7
2019-03-28 20:30:00,7112.5
2019-03-28 20:45:00,7098.4
2019-03-28 21:00:00,7084.4
2019-03-28 21:15:00,7072.7
2019-03-28 21:30:00,7056.0
2019-03-28 21:45:00,7037.4
2019-03-28 22:00:00,7031.7
2019-03-28 22:15:00,7013.7
2019-03-28 22:30:00,6995.0
2019-03-28 22:45:00,6972.3
2019-03-28 23:00:00,6949.7
2019-03-28 23:15:00,6931.3
2019-03-28 23:30:00,6917.5
2019-03-28 23:45:00,6903.8
2019-03-29 00:00:00,6879.0
2019-03-29 00:15:00,6862.5
2019-03-29 00:30:00,6859.2
2019-03-29 00:45:00,6844.8
2019-03-29 01:00:00,6832.8
2019-03-29 01:15:00,6820.7
2019-03-29 01:30:00,6819.5
2019-03-29 01:45:00,6812.8
2019-03-29 02:00:00,6805.3
2019-03-29 02:15:00,6800.1
2019-03-29 02:30:00,6805.1
2019-03-29 02:45:00,6808.1
2019-03-29 03:00:00,6813.2
2019-03-29 03:15:00,6814.5
2019-03-29 03:30:00,6819.0
2019-03-29 03:45:00,6825.1
2019-03-29 04:00:00,6837.1
2019-03-29 04:15:00,6845.2
2019-03-29 04:30:00,6852.3
2019-03-29 04:45:00,6866.0
2019-03-29 05:00:00,6895.8
2019-03-29 05:15:00,6911.3
2019-03-29 05:30:00,6926.1
2019-03-29 05:45:00,6943.0
2019-03-29 06:00:00,6987.2
2019-03-29 06:15:00,7021.8
2019-03-29 06:30:00,7048.0
2019-03-29 06:45:00,7068.5
2019-03-29 07:00:00,7096.2
2019-03-29 07:15:00,7112.7
2019-03-29 07:30:00,7126.6
2019-03-29 07:45:00,7138.7
2019-03-29 08:00:00,7151.0
2019-03-29 08:15:00,7159.4
2019-03-29 08:30:00,7161.5
2019-03-29 08:45:00,7162.2
2019-03-29 09:00:00,7152.2
2019-03-29 09:15:00,7153.6
2019-03-29 09:30:00,7157.1
2019-03-29 09:45:00,7164.9
2019-03-29 10:00:00,7162.3
2019-03-29 10:15:00,7166.0
2019-03-29 10:30:00,7173.6
2019-03-29 10:45:00,7173.9
2019-03-29 11:00:00,7172.3
2019-03-29 11:15:00,7174.1
2019-03-29 11:30:00,7178.2
2019-03-29 11:45:00,7173.7
2019-03-29 12:00:00,7160.3
2019-03-29 12:15:00,7158.9
2019-03-29 12:30:00,7150.7
2019-03-29 12:45:00,7144.9
2019-03-29 13:00:00,7143.5
2019-03-29 13:15:00,7131.8
2019-03-29 13:30:00,7116.4
2019-03-29 13:45:00,7101.5
2019-03-29 14:00:00,7105.0
2019-03-29 14:15:00,7102.9
2019-03-29 14:30:00,7095.9
2019-03-29 14:45:00,7089.1
2019-03-29 15:00:00,7087.4
2019-03-29 15:15:00,7082.9
2019-03-29 15:30:00,7073.6
2019-03-29 15:45:00,7063.7
2019-03-29 16:00:00,7068.1
2019-03-29 16:15:00,7059.9
2019-03-29 16:30:00,7053.2
2019-03-29 16:45:00,7053.2
2019-03-29 17:00:00,7055.7
2019-03-29 17:15:00,7055.0
2019-03-29 17:30:00,7066.2
2019-03-29 17:45:00,7070.0
2019-03-29 18:00:00,7073.1
2019-03-29 18:15:00,7078.0
2019-03-29 18:30:00,7085.7
2019-03-29 18:45:00,7102.7
2019-03-29 19:00:00,7120.8
2019-03-29 19:15:00,7133.5
2019-03-29 19:30:00,7130.3
2019-03-29 19:45:00,7117.0
2019-03-29 20:00:00,7098.2
2019-03-29 20:15:00,7081.8
2019-03-29 20:30:00,7064.8
2019-03-29 20:45:00,7041.0
2019-03-29 21:00:00,7034.4
2019-03-29 21:15:00,7018.3
2019-03-29 21:30:00,7000.9
2019-03-29 21:45:00,6983.1
2019-03-29 22:00:00,6974.7
2019-03-29 22:15:00,6959.0
2019-03-29 22:30:00,6940.5
2019-03-29 22:45:00,6920.9
2019-03-29 23:00:00,6899.2
2019-03-29 23:15:00,6884.3
2019-03-29 23:30:00,6867.8
2019-03-29 23:45:00,6853.4
2019-03-30 00:00:00,6839.0
2019-03-30 00:15:00,6824.4
2019-03-30 00:30:00,6813.0
2019-03-30 00:45:00,6806.3
2019-03-30 01:00:00,6798.1
2019-03-30 01:15:00,6788.9
2019-03-30 01:30:00,6785.4
2019-03-30 01:45:00,6776.1
2019-03-30 02:00:00,6774.1
2019-03-30 02:15:00,6771.2
2019-03-30 02:30:00,6764.7
2019-03-30 02:45:00,6767.8
2019-03-30 03:00:00,6770.2
2019-03-30 03:15:00,6767.2
2019-03-30 03:30:00,6769.2
2019-03-30 03:45:00,6770.0
2019-03-30 04:00:00,6775.3
2019-03-30 04:15:00,6774.8
2019-03-30 04:30:00,6775.4
2019-03-30 04:45:00,6781.7
2019-03-30 05:00:00,6787.9
2019-03-30 05:15:00,6784.0
2019-03-30 05:30:00,6784.4
2019-03-30 05:45:00,6780.7
2019-03-30 06:00:00,6778.9
2019-03-30 06:15:00,6785.1
2019-03-30 06:30:00,6793.3
2019-03-30 06:45:00,6805.6
2019-03-30 07:00:00,6821.1
2019-03-30 07:15:00,6834.5
2019-03-30 07:30:00,6849.9
2019-03-30 07:45:00,6869.7
2019-03-30 08:00:00,6895.8
2019-03-30 08:15:00,6910.7
2019-03-30 08:30:00,6921.0
2019-03-30 08:45:00,6933.7
2019-03-30 09:00:00,6941.6
2019-03-30 09:15:00,6946.5
2019-03-30 09:30:00,6952.3
2019-03-30 09:45:00,6954.6
2019-03-30 10:00:00,6952.8
2019-03-30 10:15:00,6954.3
2019-03-30 10:30:00,6955.7
2019-03-30 10:45:00,6956.4
2019-03-30 11:00:00,6955.6
2019-03-30 11:15:00,6954.9
2019-03-30 11:30:00,6957.4
2019-03-30 11:45:00,6950.3
2019-03-30 12:00:00,6947.5
2019-03-30 12:15:00,6945.2
2019-03-30 12:30:00,6939.2
2019-03-30 12:45:00,6930.6
2019-03-30 13:00:00,6924.6
2019-03-30 13:15:00,6916.1
2019-03-30 13:30:00,6908.0
2019-03-30 13:45:00,6898.5
2019-03-30 14:00:00,6890.7
2019-03-30 14:15:00,6883.7
2019-03-30 14:30:00,6881.3
2019-03-30 14:45:00,6878.4
2019-03-30 15:00:00,6880.2
2019-03-30 15:15:00,6877.6
2019-03-30 15:30:00,6873.5
2019-03-30 15:45:00,6863.3
2019-03-30 16:00:00,6862.8
2019-03-30 16:15:00,6862.0
2019-03-30 16:30:00,6855.7
2019-03-30 16:45:00,6856.6
2019-03-30 17:00:00,6865.0
2019-03-30 17:15:00,6871.4
2019-03-30 17:30:00,6882.8
2019-03-30 17:45:00,6887.4
2019-03-30 18:00:00,6901.2
2019-03-30 18:15:00,6905.1
2019-03-30 18:30:00,6920.7
2019-03-30 18:45:00,6935.7
2019-03-30 19:00:00,6952.1
2019-03-30 19:15:00,6960.9
2019-03-30 19:30:00,6961.6
2019-03-30 19:45:00,6954.7
2019-03-30 20:00:00,6939.0
2019-03-30 20:15:00,6918.3
2019-03-30 20:30:00,6902.5
2019-03-30 20:45:00,6885.6
2019-03-30 21:00:00,6874.2
2019-03-30 21:15:00,6862.6
2019-03-30 21:30:00,6849.0
2019-03-30 21:45:00,6843.3
2019-03-30 22:00:00,6850.7
2019-03-30 22:15:00,6837.1
2019-03-30 22:30:00,6821.4
2019-03-30 22:45:00,6810.4
2019-03-30 23:00:00,6795.5
2019-03-30 23:15:00,6782.3
2019-03-30 23:30:00,6771.3
2019-03-30 23:45:00,6762.2
2019-03-31 00:00:00,6761.3
2019-03-31 00:15:00,6753.2
2019-03-31 00:30:00,6742.6
2019-03-31 00:45:00,6737.4
2019-03-31 01:00:00,6727.9
2019-03-31 01:15:00,6721.3
2019-03-31 01:30:00,6717.5
2019-03-31 01:45:00,6708.9
2019-03-31 02:00:00,6700.4
2019-03-31 02:15:00,6699.7
2019-03-31 02:30:00,6698.5
2019-03-31 02:45:00,6696.4
2019-03-31 03:00:00,6692.8
2019-03-31 03:15:00,6697.9
2019-03-31 03:30:00,6701.4
2019-03-31 03:45:00,6705.9
2019-03-31 04:00:00,6713.0
2019-03-31 04:15:00,6711.9
2019-03-31 04:30:00,6719.2
2019-03-31 04:45:00,6721.1
2019-03-31 05:00:00,6716.2
2019-03-31 05:15:00,6722.0
2019-03-31 05:30:00,6720.0
2019-03-31 05:45:00,6719.9
2019-03-31 06:00:00,6721.4
2019-03-31 06:15:00,6723.3
2019-03-31 06:30:00,6732.1
2019-03-31 06:45:00,6742.6
2019-03-31 07:00:00,6758.3
2019-03-31 07:15:00,6774.1
2019-03-31 07:30:00,6786.8
2019-03-31 07:45:00,6796.3
2019-03-31 08:00:00,6819.1
2019-03-31 08:15:00,6833.8
2019-03-31 08:30:00,6846.9
2019-03-31 08:45:00,6861.6
2019-03-31 09:00:00,6873.1
2019-03-31 09:15:00,6883.3
2019-03-31 09:30:00,6897.4
2019-03-31 09:45:00,6900.0
2019-03-31 10:00:00,6914.0
2019-03-31 10:15:00,6921.7
2019-03-31 10:30:00,6925.9
2019-03-31 10:45:00,6929.8
2019-03-31 11:00:00,6928.4
2019-03-31 11:15:00,6924.4
2019-03-31 11:30:00,6919.1
2019-03-31 11:45:00,6905.8
2019-03-31 12:00:00,6897.5
2019-03-31 12:15:00,6890.8
2019-03-31 12:30:00,6885.4
2019-03-31 12:45:00,6872.9
2019-03-31 13:00:00,6866.3
2019-03-31 13:15:00,6862.8
2019-03-31 13:30:00,6852.3
2019-03-31 13:45:00,6844.4
2019-03-31 14:00:00,6840.9
2019-03-31 14:15:00,6833.8
2019-03-31 14:30:00,6833.3
2019-03-31 14:45:00,6827.7
2019-03-31 15:00:00,6823.7
2019-03-31 15:15:00,6827.4
2019-03-31 15:30:00,6834.3
2019-03-31 15:45:00,6829.3
2019-03-31 16:00:00,6839.2
2019-03-31 16:15:00,6841.8
2019-03-31 16:30:00,6848.9
2019-03-31 16:45:00,6845.3
2019-03-31 17:00:00,6860.0
2019-03-31 17:15:00,6860.7
2019-03-31 17:30:00,6865.4
2019-03-31 17:45:00,6875.3
2019-03-31 18:00:00,6881.3
2019-03-31 18:15:00,6885.7
2019-03-31 18:30:00,6886.2
2019-03-31 18:45:00,6898.6
2019-03-31 19:00:00,6921.7
2019-03-31 19:15:00,6927.7
2019-03-31 19:30:00,6913.9
2019-03-31 19:45:00,6905.6
2019-03-31 20:00:00,6903.2
2019-03-31 20:15:00,6893.3
2019-03-31 20:30:00,6886.2
2019-03-31 20:45:00,6882.3
2019-03-31 21:00:00,6894.0
2019-03-31 21:15:00,6882.2
2019-03-31 21:30:00,6876.1
2019-03-31 21:45:00,6862.6
2019-03-31 22:00:00,6848.9
2019-03-31 22:15:00,6831.1
2019-03-31 22:30:00,6816.7
2019-03-31 22:45:00,6805.7
2019-03-31 23:00:00,6778.7
2019-03-31 23:15:00,6771.4
2019-03-31 23:30:00,6768.6
2019-03-31 23:45:00,6762.6
2019-04-01 00:00:00,6752.4
2019-04-01 00:15:00,6743.6
2019-04-01 00:30:00,6738.7
2019-04-01 00:45:00,6735.2
2019-04-01 01:00:00,6732.9
2019-04-01 01:15:00,6731.2
2019-04-01 01:30:00,6731.6
2019-04-01 01:45:00,6733.8
2019-04-01 02:00:00,6735.7
2019-04-01 02:15:00,6736.9
2019-04-01 02:30:00,6746.2
2019-04-01 02:45:00,6749.9
2019-04-01 03:00:00,6762.8
2019-04-01 03:15:00,6775.1
2019-04-01 03:30:00,6786.3
2019-04-01 03:45:00,6801.5
2019-04-01 04:00:00,6824.3
2019-04-01 04:15:00,6837.8
2019-04-01 04:30:00,6865.4
2019-04-01 04:45:00,6895.4
2019-04-01 05:00:00,6954.0
2019-04-01 05:15:00,6996.4
2019-04-01 05:30:00,7031.3
2019-04-01 05:45:00,7049.9
2019-04-01 06:00:00,7073.9
2019-04-01 06:15:00,7091.6
2019-04-01 06:30:00,7105.6
2019-04-01 06:45:00,7116.9
2019-04-01 07:00:00,7128.1
2019-04-01 07:15:00,7138.6
2019-04-01 07:30:00,7146.6
2019-04-01 07:45:00,7149.5
2019-04-01 08:00:00,7141.0
2019-04-01 08:15:00,7147.1
2019-04-01 08:30:00,7152.6
2019-04-01 08:45:00,7157.1
2019-04-01 09:00:00,7158.0
2019-04-01 09:15:00,7157.4
2019-04-01 09:30:00,7160.4
2019-04-01 09:45:00,7161.7
2019-04-01 10:00:00,7159.3
2019-04-01 10:15:00,7170.6
2019-04-01 10:30:00,7168.2
2019-04-01 10:45:00,7171.7
2019-04-01 11:00:00,7154.8
2019-04-01 11:15:00,7147.4
2019-04-01 11:30:00,7151.6
2019-04-01 11:45:00,7151.8
2019-04-01 12:00:00,7153.9
2019-04-01 12:15:00,7149.2
2019-04-01 12:30:00,7141.8
2019-04-01 12:45:00,7131.6
2019-04-01 13:00:00,7129.2
2019-04-01 13:15:00,7129.5
2019-04-01 13:30:00,7124.8
2019-04-01 13:45:00,7121.3
2019-04-01 14:00:00,7121.7
2019-04-01 14:15:00,7110.2
2019-04-01 14:30:00,7101.1
2019-04-01 14:45:00,7094.0
2019-04-01 15:00:00,7086.2
2019-04-01 15:15:00,7078.4
2019-04-01 15:30:00,7074.7
2019-04-01 15:45:00,7065.3
2019-04-01 16:00:00,7066.5
2019-04-01 16:15:00,7066.1
2019-04-01 16:30:00,7067.6
2019-04-01 16:45:00,7070.2
2019-04-01 17:00:00,7073.4
2019-04-01 17:15:00,7073.5
2019-04-01 17:30:00,7083.1
2019-04-01 17:45:00,7089.8
2019-04-01 18:00:00,7096.5
2019-04-01 18:15:00,7095.3
2019-04-01 18:30:00,7102.8
2019-04-01 18:45:00,7110.4
2019-04-01 19:00:00,7117.5
2019-04-01 19:15:00,7116.8
2019-04-01 19:30:00,7113.3
2019-04-01 19:45:00,7098.8
2019-04-01 20:00:00,7084.6
2019-04-01 20:15:00,7071.0
2019-04-01 20:30:00,7053.2
2019-04-01 20:45:00,7041.5
2019-04-01 21:00:00,7029.2
2019-04-01 21:15:00,7013.3
2019-04-01 21:30:00,6995.1
2019-04-01 21:45:00,6976.7
2019-04-01 22:00:00,6952.9
2019-04-01 22:15:00,6935.0
2019-04-01 22:30:00,6921.4
2019-04-01 22:45:00,6908.1
2019-04-01 23:00:00,6899.0
2019-04-01 23:15:00,6887.2
2019-04-01 23:30:00,6878.5
2019-04-01 23:45:00,6874.8
2019-04-02 00:00:00,6863.0
2019-04-02 00:15:00,6855.9
2019-04-02 00:30:00,6854.2
2019-04-02 00:45:00,6848.4
2019-04-02 01:00:00,6834.3
2019-04-02 01:15:00,6835.0
2019-04-02 01:30:00,6839.7
2019-04-02 01:45:00,6846.2
2019-04-02 02:00:00,6843.8
2019-04-02 02:15:00,6850.5
2019-04-02 02:30:00,6850.4
2019-04-02 02:45:00,6854.9
2019-04-02 03:00:00,6857.8
2019-04-02 03:15:00,6870.1
2019-04-02 03:30:00,6878.9
2019-04-02 03:45:00,6890.0
2019-04-02 04:00:00,6916.8
2019-04-02 04:15:00,6929.9
2019-04-02 04:30:00,6943.8
2019-04-02 04:45:00,6967.0
2019-04-02 05:00:00,7027.7
2019-04-02 05:15:00,7064.0
2019-04-02 05:30:00,7091.0
2019-04-02 05:45:00,7105.0
2019-04-02 06:00:00,7126.0
2019-04-02 06:15:00,7143.8
2019-04-02 06:30:00,7154.9
2019-04-02 06:45:00,7161.6
2019-04-02 07:00:00,7174.3
2019-04-02 07:15:00,7183.1
2019-04-02 07:30:00,7182.9
2019-04-02 07:45:00,7184.6
2019-04-02 08:00:00,7180.2
2019-04-02 08:15:00,7184.5
2019-04-02 08:30:00,7184.8
2019-04-02 08:45:00,7191.7
2019-04-02 09:00:00,7188.3
2019-04-02 09:15:00,7195.8
2019-04-02 09:30:00,7194.5
2019-04-02 09:45:00,7198.6
2019-04-02 10:00:00,7195.8
2019-04-02 10:15:00,7199.0
2019-04-02 10:30:00,7201.2
2019-04-02 10:45:00,7205.2
2019-04-02 11:00:00,7196.0
2019-04-02 11:15:00,7196.6
2019-04-02 11:30:00,7192.6
2019-04-02 11:45:00,7187.7
2019-04-02 12:00:00,7195.5
2019-04-02 12:15:00,7195.1
2019-04-02 12:30:00,7190.8
2019-04-02 12:45:00,7182.3
2019-04-02 13:00:00,7178.2
2019-04-02 13:15:00,7178.7
2019-04-02 13:30:00,7174.7
2019-04-02 13:45:00,7167.2
2019-04-02 14:00:00,7169.1
2019-04-02 14:15:00,7165.5
2019-04-02 14:30:00,7152.2
2019-04-02 14:45:00,7147.7
2019-04-02 15:00:00,7148.2
2019-04-02 15:15:00,7140.5
2019-04-02 15:30:00,7123.2
2019-04-02 15:45:00,7118.3
2019-04-02 16:00:00,7119.1
2019-04-02 16:15:00,7119.6
2019-04-02 16:30:00,7125.5
2019-04-02 16:45:00,7126.9
2019-04-02 17:00:00,7129.1
2019-04-02 17:15:00,7118.5
2019-04-02 17:30:00,7123.0
2019-04-02 17:45:00,7124.7
2019-04-02 18:00:00,7125.1
2019-04-02 18:15:00,7127.3
2019-04-02 18:30:00,7124.9
2019-04-02 18:45:00,7131.4
2019-04-02 19:00:00,7139.9
2019-04-02 19:15:00,7141.4
2019-04-02 19:30:00,7132.9
2019-04-02 19:45:00,7120.6
2019-04-02 20:00:00,7105.0
2019-04-02 20:15:00,7089.0
2019-04-02 20:30:00,7076.6
2019-04-02 20:45:00,7053.4
2019-04-02 21:00:00,7037.1
2019-04-02 21:15:00,7018.9
2019-04-02 21:30:00,7002.6
2019-04-02 21:45:00,6978.2
2019-04-02 22:00:00,6955.1
2019-04-02 22:15:00,6935.6
2019-04-02 22:30:00,6917.4
2019-04-02 22:45:00,6904.0
2019-04-02 23:00:00,6882.9
2019-04-02 23:15:00,6877.5
2019-04-02 23:30:00,6865.8
2019-04-02 23:45:00,6854.4
2019-04-03 00:00:00,6845.3
2019-04-03 00:15:00,6836.8
2019-04-03 00:30:00,6830.5
2019-04-03 00:45:00,6829.4
2019-04-03 01:00:00,6827.0
2019-04-03 01:15:00,6824.1
2019-04-03 01:30:00,6821.1
2019-04-03 01:45:00,6822.4
2019-04-03 02:00:00,6824.5
2019-04-03 02:15:00,6827.4
2019-04-03 02:30:00,6824.7
2019-04-03 02:45:00,6827.1
2019-04-03 03:00:00,6837.1
2019-04-03 03:15:00,6837.7
2019-04-03 03:30:00,6849.3
2019-04-03 03:45:00,6862.9
2019-04-03 04:00:00,6889.0
2019-04-03 04:15:00,6906.5
2019-04-03 04:30:00,6930.5
2019-04-03 04:45:00,6954.0
2019-04-03 05:00:00,7009.2
2019-04-03 05:15:00,7050.0
2019-04-03 05:30:00,7079.0
2019-04-03 05:45:00,7099.7
2019-04-03 06:00:00,7122.9
2019-04-03 06:15:00,7130.1
2019-04-03 06:30:00,7141.3
2019-04-03 06:45:00,7150.8
2019-04-03 07:00:00,7162.9
2019-04-03 07:15:00,7170.4
2019-04-03 07:30:00,7171.3
2019-04-03 07:45:00,7171.5
2019-04-03 08:00:00,7167.8
2019-04-03 08:15:00,7171.1
2019-04-03 08:30:00,7181.4
2019-04-03 08:45:00,7185.8
2019-04-03 09:00:00,7188.5
2019-04-03 09:15:00,7193.9
2019-04-03 09:30:00,7197.0
2019-04-03 09:45:00,7205.6
2019-04-03 10:00:00,7209.4
2019-04-03 10:15:00,7213.7
2019-04-03 10:30:00,7217.7
2019-04-03 10:45:00,7215.3
2019-04-03 11:00:00,7204.4
2019-04-03 11:15:00,7203.3
2019-04-03 11:30:00,7199.6
2019-04-03 11:45:00,7200.5
2019-04-03 12:00:00,7203.7
2019-04-03 12:15:00,7201.8
2019-04-03 12:30:00,7196.5
2019-04-03 12:45:00,7188.3
2019-04-03 13:00:00,7183.8
2019-04-03 13:15:00,7186.7
2019-04-03 13:30:00,7181.3
2019-04-03 13:45:00,7175.3
2019-04-03 14:00:00,7168.1
2019-04-03 14:15:00,7163.8
2019-04-03 14:30:00,7158.3
2019-04-03 14:45:00,7152.9
2019-04-03 15:00:00,7145.9
2019-04-03 15:15:00,7142.9
2019-04-03 15:30:00,7138.8
2019-04-03 15:45:00,7135.8
2019-04-03 16:00:00,7139.3
2019-04-03 16:15:00,7142.3
2019-04-03 16:30:00,7136.4
2019-04-03 16:45:00,7140.3
2019-04-03 17:00:00,7133.2
2019-04-03 17:15:00,7129.8
2019-04-03 17:30:00,7131.4
2019-04-03 17:45:00,7132.0
2019-04-03 18:00:00,7139.8
2019-04-03 18:15:00,7140.4
2019-04-03 18:30:00,7144.4
2019-04-03 18:45:00,7148.8
2019-04-03 19:00:00,7149.2
2019-04-03 19:15:00,7143.7
2019-04-03 19:30:00,7129.4
2019-04-03 19:45:00,7111.7
2019-04-03 20:00:00,7097.7
2019-04-03 20:15:00,7082.2
2019-04-03 20:30:00,7069.2
2019-04-03 20:45:00,7051.9
2019-04-03 21:00:00,7032.0
2019-04-03 21:15:00,7016.7
2019-04-03 21:30:00,7000.1
2019-04-03 21:45:00,6980.7
2019-04-03 22:00:00,6957.5
2019-04-03 22:15:00,6936.6
2019-04-03 22:30:00,6921.0
2019-04-03 22:45:00,6903.0
2019-04-03 23:00:00,6899.7
2019-04-03 23:15:00,6886.9
2019-04-03 23:30:00,6871.8
2019-04-03 23:45:00,6865.4
2019-04-04 00:00:00,6855.3
2019-04-04 00:15:00,6853.3
2019-04-04 00:30:00,6846.5
2019-04-04 00:45:00,6842.2
2019-04-04 01:00:00,6833.3
2019-04-04 01:15:00,6829.0
2019-04-04 01:30:00,6833.3
2019-04-04 01:45:00,6833.5
2019-04-04 02:00:00,6832.8
2019-04-04 02:15:00,6836.8
2019-04-04 02:30:00,6836.2
2019-04-04 02:45:00,6844.1
2019-04-04 03:00:00,6852.0
2019-04-04 03:15:00,6858.7
2019-04-04 03:30:00,6869.2
2019-04-04 03:45:00,6877.8
2019-04-04 04:00:00,6902.9
2019-04-04 04:15:00,6916.9
2019-04-04 04:30:00,6932.6
2019-04-04 04:45:00,6952.6
2019-04-04 05:00:00,7003.9
2019-04-04 05:15:00,7042.3
2019-04-04 05:30:00,7079.8
2019-04-04 05:45:00,7099.2
2019-04-04 06:00:00,7122.0
2019-04-04 06:15:00,7138.7
2019-04-04 06:30:00,7150.1
2019-04-04 06:45:00,7161.4
2019-04-04 07:00:00,7177.1
2019-04-04 07:15:00,7183.3
2019-04-04 07:30:00,7187.2
2019-04-04 07:45:00,7193.3
2019-04-04 08:00:00,7179.3
2019-04-04 08:15:00,7185.0
2019-04-04 08:30:00,7191.5
2019-04-04 08:45:00,7194.9
2019-04-04 09:00:00,7197.7
2019-04-04 09:15:00,7205.7
2019-04-04 09:30:00,7209.7
2019-04-04 09:45:00,7212.1
2019-04-04 10:00:00,7211.3
2019-04-04 10:15:00,7217.9
2019-04-04 10:30:00,7224.3
2019-04-04 10:45:00,7222.0
2019-04-04 11:00:00,7215.4
2019-04-04 11:15:00,7214.9
2019-04-04 11:30:00,7212.5
2019-04-04 11:45:00,7213.4
2019-04-04 12:00:00,7208.2
2019-04-04 12:15:00,7206.7
2019-04-04 12:30:00,7201.0
2019-04-04 12:45:00,7192.1
2019-04-04 13:00:00,7188.7
2019-04-04 13:15:00,7188.1
2019-04-04 13:30:00,7184.5
2019-04-04 13:45:00,7181.0
2019-04-04 14:00:00,7181.6
2019-04-04 14:15:00,7172.2
2019-04-04 14:30:00,7163.8
2019-04-04 14:45:00,7149.6
2019-04-04 15:00:00,7148.5
2019-04-04 15:15:00,7140.4
2019-04-04 15:30:00,7136.1
2019-04-04 15:45:00,7132.8
2019-04-04 16:00:00,7135.5
2019-04-04 16:15:00,7133.8
2019-04-04 16:30:00,7132.4
2019-04-04 16:45:00,7134.8
2019-04-04 17:00:00,7131.8
2019-04-04 17:15:00,7126.0
2019-04-04 17:30:00,7131.0
2019-04-04 17:45:00,7134.8
2019-04-04 18:00:00,7135.5
2019-04-04 18:15:00,7131.6
2019-04-04 18:30:00,7130.8
2019-04-04 18:45:00,7136.0
2019-04-04 19:00:00,7137.9
2019-04-04 19:15:00,7134.7
2019-04-04 19:30:00,7120.2
2019-04-04 19:45:00,7109.1
2019-04-04 20:00:00,7093.2
2019-04-04 20:15:00,7085.4
2019-04-04 20:30:00,7066.0
2019-04-04 20:45:00,7052.3
2019-04-04 21:00:00,7044.2
2019-04-04 21:15:00,7025.4
2019-04-04 21:30:00,7010.6
2019-04-04 21:45:00,6991.0
2019-04-04 22:00:00,6970.4
2019-04-04 22:15:00,6946.1
2019-04-04 22:30:00,6930.6
2019-04-04 22:45:00,6919.5
2019-04-04 23:00:00,6899.5
2019-04-04 23:15:00,6890.8
2019-04-04 23:30:00,6882.6
2019-04-04 23:45:00,6873.6
2019-04-05 00:00:00,6861.6
2019-04-05 00:15:00,6852.7
2019-04-05 00:30:00,6845.1
2019-04-05 00:45:00,6845.5
2019-04-05 01:00:00,6833.1
2019-04-05 01:15:00,6829.5
2019-04-05 01:30:00,6830.0
2019-04-05 01:45:00,6830.3
2019-04-05 02:00:00,6831.8
2019-04-05 02:15:00,6832.1
2019-04-05 02:30:00,6836.9
2019-04-05 02:45:00,6839.7
2019-04-05 03:00:00,6848.2
2019-04-05 03:15:00,6856.2
2019-04-05 03:30:00,6865.1
2019-04-05 03:45:00,6875.8
2019-04-05 04:00:00,6898.4
2019-04-05 04:15:00,6905.5
2019-04-05 04:30:00,6926.6
2019-04-05 04:45:00,6951.7
2019-04-05 05:00:00,7000.0
2019-04-05 05:15:00,7038.8
2019-04-05 05:30:00,7072.0
2019-04-05 05:45:00,7091.1
2019-04-05 06:00:00,7119.1
2019-04-05 06:15:00,7136.5
2019-04-05 06:30:00,7152.0
2019-04-05 06:45:00,7165.3
2019-04-05 07:00:00,7182.1
2019-04-05 07:15:00,7192.7
2019-04-05 07:30:00,7202.1
2019-04-05 07:45:00,7203.1
2019-04-05 08:00:00,7201.7
2019-04-05 08:15:00,7205.5
2019-04-05 08:30:00,7210.7
2019-04-05 08:45:00,7212.0
2019-04-05 09:00:00,7213.1
2019-04-05 09:15:00,7213.9
2019-04-05 09:30:00,7216.2
2019-04-05 09:45:00,7214.7
2019-04-05 10:00:00,7219.6
2019-04-05 10:15:00,7219.8
2019-04-05 10:30:00,7221.2
2019-04-05 10:45:00,7218.6
2019-04-05 11:00:00,7208.8
2019-04-05 11:15:00,7207.2
2019-04-05 11:30:00,7205.2
2019-04-05 11:45:00,7202.0
2019-04-05 12:00:00,7204.0
2019-04-05 12:15:00,7193.7
2019-04-05 12:30:00,7183.1
2019-04-05 12:45:00,7168.8
2019-04-05 13:00:00,7161.7
2019-04-05 13:15:00,7157.1
2019-04-05 13:30:00,7149.8
2019-04-05 13:45:00,7141.3
2019-04-05 14:00:00,7142.5
2019-04-05 14:15:00,7131.4
2019-04-05 14:30:00,7124.0
2019-04-05 14:45:00,7111.2
2019-04-05 15:00:00,7107.3
2019-04-05 15:15:00,7108.4
2019-04-05 15:30:00,7102.6
2019-04-05 15:45:00,7100.3
2019-04-05 16:00:00,7103.6
2019-04-05 16:15:00,7104.4
2019-04-05 16:30:00,7105.4
2019-04-05 16:45:00,7103.1
2019-04-05 17:00:00,7102.0
2019-04-05 17:15:00,7095.9
2019-04-05 17:30:00,7099.6
2019-04-05 17:45:00,7098.1
2019-04-05 18:00:00,7102.4
2019-04-05 18:15:00,7096.1
2019-04-05 18:30:00,7094.5
2019-04-05 18:45:00,7093.6
2019-04-05 19:00:00,7091.7
2019-04-05 19:15:00,7084.0
2019-04-05 19:30:00,7072.8
2019-04-05 19:45:00,7062.2
2019-04-05 20:00:00,7044.9
2019-04-05 20:15:00,7028.4
2019-04-05 20:30:00,7006.3
2019-04-05 20:45:00,6990.9
2019-04-05 21:00:00,6978.9
2019-04-05 21:15:00,6964.9
2019-04-05 21:30:00,6945.3
2019-04-05 21:45:00,6936.4
2019-04-05 22:00:00,6913.9
2019-04-05 22:15:00,6900.4
2019-04-05 22:30:00,6884.5
2019-04-05 22:45:00,6868.6
2019-04-05 23:00:00,6854.2
2019-04-05 23:15:00,6837.1
2019-04-05 23:30:00,6825.2
2019-04-05 23:45:00,6817.3
2019-04-06 00:00:00,6807.4
2019-04-06 00:15:00,6801.0
2019-04-06 00:30:00,6794.5
2019-04-06 00:45:00,6793.5
2019-04-06 01:00:00,6783.9
2019-04-06 01:15:00,6782.9
2019-04-06 01:30:00,6781.2
2019-04-06 01:45:00,6781.6
2019-04-06 02:00:00,6776.9
2019-04-06 02:15:00,6780.9
2019-04-06 02:30:00,6779.3
2019-04-06 02:45:00,6776.6
2019-04-06 03:00:00,6776.1
2019-04-06 03:15:00,6780.6
2019-04-06 03:30:00,6781.8
2019-04-06 03:45:00,6783.3
2019-04-06 04:00:00,6788.8
2019-04-06 04:15:00,6787.2
2019-04-06 04:30:00,6786.8
2019-04-06 04:45:00,6792.3
2019-04-06 05:00:00,6799.5
2019-04-06 05:15:00,6810.0
2019-04-06 05:30:00,6812.3
2019-04-06 05:45:00,6818.6
2019-04-06 06:00:00,6834.7
2019-04-06 06:15:00,6843.0
2019-04-06 06:30:00,6861.0
2019-04-06 06:45:00,6876.3
2019-04-06 07:00:00,6898.5
2019-04-06 07:15:00,6915.0
2019-04-06 07:30:00,6928.9
2019-04-06 07:45:00,6939.7
2019-04-06 08:00:00,6952.9
2019-04-06 08:15:00,6962.6
2019-04-06 08:30:00,6971.1
2019-04-06 08:45:00,6976.2
2019-04-06 09:00:00,6975.5
2019-04-06 09:15:00,6975.7
2019-04-06 09:30:00,6977.2
2019-04-06 09:45:00,6979.8
2019-04-06 10:00:00,6971.7
2019-04-06 10:15:00,6970.8
2019-04-06 10:30:00,6972.1
2019-04-06 10:45:00,6971.6
2019-04-06 11:00:00,6973.4
2019-04-06 11:15:00,6965.3
2019-04-06 11:30:00,6960.1
2019-04-06 11:45:00,6958.6
2019-04-06 12:00:00,6955.4
2019-04-06 12:15:00,6945.6
2019-04-06 12:30:00,6938.9
2019-04-06 12:45:00,6933.9
2019-04-06 13:00:00,6925.5
2019-04-06 13:15:00,6916.3
2019-04-06 13:30:00,6913.9
2019-04-06 13:45:00,6909.2
2019-04-06 14:00:00,6908.6
2019-04-06 14:15:00,6902.4
2019-04-06 14:30:00,6896.7
2019-04-06 14:45:00,6892.0
2019-04-06 15:00:00,6891.8
2019-04-06 15:15:00,6887.3
2019-04-06 15:30:00,6878.1
2019-04-06 15:45:00,6874.3
2019-04-06 16:00:00,6878.8
2019-04-06 16:15:00,6876.2
2019-04-06 16:30:00,6879.4
2019-04-06 16:45:00,6883.4
2019-04-06 17:00:00,6892.4
2019-04-06 17:15:00,6890.9
2019-04-06 17:30:00,6897.9
2019-04-06 17:45:00,6898.7
2019-04-06 18:00:00,6894.4
2019-04-06 18:15:00,6896.4
2019-04-06 18:30:00,6897.0
2019-04-06 18:45:00,6897.3
2019-04-06 19:00:00,6901.3
2019-04-06 19:15:00,6906.0
2019-04-06 19:30:00,6906.5
2019-04-06 19:45:00,6901.2
2019-04-06 20:00:00,6896.5
2019-04-06 20:15:00,6888.3
2019-04-06 20:30:00,6877.6
2019-04-06 20:45:00,6875.4
2019-04-06 21:00:00,6873.3
2019-04-06 21:15:00,6861.5
2019-04-06 21:30:00,6850.4
2019-04-06 21:45:00,6835.6
2019-04-06 22:00:00,6818.6
2019-04-06 22:15:00,6805.1
2019-04-06 22:30:00,6793.2
2019-04-06 22:45:00,6777.4
2019-04-06 23:00:00,6759.1
2019-04-06 23:15:00,6746.8
2019-04-06 23:30:00,6735.1
2019-04-06 23:45:00,6729.0
2019-04-07 00:00:00,6719.2
2019-04-07 00:15:00,6709.8
2019-04-07 00:30:00,6702.2
2019-04-07 00:45:00,6696.1
2019-04-07 01:00:00,6692.4
2019-04-07 01:15:00,6690.5
2019-04-07 01:30:00,6683.0
2019-04-07 01:45:00,6681.6
2019-04-07 02:00:00,6686.2
2019-04-07 02:15:00,6686.3
2019-04-07 02:30:00,6682.3
2019-04-07 02:45:00,6683.8
2019-04-07 03:00:00,6689.7
2019-04-07 03:15:00,6689.0
2019-04-07 03:30:00,6691.9
2019-04-07 03:45:00,6693.9
2019-04-07 04:00:00,6696.5
2019-04-07 04:15:00,6696.9
2019-04-07 04:30:00,6696.8
2019-04-07 04:45:00,6697.4
2019-04-07 05:00:00,6695.8
2019-04-07 05:15:00,6694.0
2019-04-07 05:30:00,6693.4
2019-04-07 05:45:00,6693.4
2019-04-07 06:00:00,6704.4
2019-04-07 06:15:00,6714.0
2019-04-07 06:30:00,6724.4
2019-04-07 06:45:00,6744.5
2019-04-07 07:00:00,6763.2
2019-04-07 07:15:00,6780.4
2019-04-07 07:30:00,6795.0
2019-04-07 07:45:00,6807.6
2019-04-07 08:00:00,6824.2
2019-04-07 08:15:00,6832.8
2019-04-07 08:30:00,6842.2
2019-04-07 08:45:00,6847.1
2019-04-07 09:00:00,6852.9
2019-04-07 09:15:00,6864.3
2019-04-07 09:30:00,6869.3
2019-04-07 09:45:00,6875.1
2019-04-07 10:00:00,6888.1
2019-04-07 10:15:00,6894.2
2019-04-07 10:30:00,6896.6
2019-04-07 10:45:00,6898.2
2019-04-07 11:00:00,6901.6
2019-04-07 11:15:00,6890.7
2019-04-07 11:30:00,6879.5
2019-04-07 11:45:00,6872.3
2019-04-07 12:00:00,6858.3
2019-04-07 12:15:00,6848.6
2019-04-07 12:30:00,6845.4
2019-04-07 12:45:00,6841.1
2019-04-07 13:00:00,6831.3
2019-04-07 13:15:00,6826.3
2019-04-07 13:30:00,6820.5
2019-04-07 13:45:00,6819.0
2019-04-07 14:00:00,6818.8
2019-04-07 14:15:00,6812.9
2019-04-07 14:30:00,6811.8
2019-04-07 14:45:00,6809.6
2019-04-07 15:00:00,6807.3
2019-04-07 15:15:00,6805.5
2019-04-07 15:30:00,6805.7
2019-04-07 15:45:00,6808.5
2019-04-07 16:00:00,6817.9
2019-04-07 16:15:00,6824.6
2019-04-07 16:30:00,6824.4
2019-04-07 16:45:00,6830.4
2019-04-07 17:00:00,6841.7
2019-04-07 17:15:00,6844.0
2019-04-07 17:30:00,6845.3
2019-04-07 17:45:00,6853.6
2019-04-07 18:00:00,6860.2
2019-04-07 18:15:00,6862.0
2019-04-07 18:30:00,6866.5
2019-04-07 18:45:00,6868.8
2019-04-07 19:00:00,6886.9
2019-04-07 19:15:00,6890.5
2019-04-07 19:30:00,6887.9
2019-04-07 19:45:00,6879.6
2019-04-07 20:00:00,6877.6
2019-04-07 20:15:00,6867.8
2019-04-07 20:30:00,6855.4
2019-04-07 20:45:00,6853.2
2019-04-07 21:00:00,6861.3
2019-04-07 21:15:00,6853.8
2019-04-07 21:30:00,6844.2
2019-04-07 21:45:00,6831.0
2019-04-07 22:00:00,6814.2
2019-04-07 22:15:00,6802.8
2019-04-07 22:30:00,6790.5
2019-04-07 22:45:00,6776.8
2019-04-07 23:00:00,6755.2
2019-04-07 23:15:00,6745.1
2019-04-07 23:30:00,6741.4
2019-04-07 23:45:00,6738.5
2019-04-08 00:00:00,6727.8
2019-04-08 00:15:00,6727.8
2019-04-08 00:30:00,6723.3
2019-04-08 00:45:00,6723.5
2019-04-08 01:00:00,6719.4
2019-04-08 01:15:00,6716.0
2019-04-08 01:30:00,6716.6
2019-04-08 01:45:00,6719.4
2019-04-08 02:00:00,6726.0
2019-04-08 02:15:00,6723.7
2019-04-08 02:30:00,6727.9
2019-04-08 02:45:00,6734.8
2019-04-08 03:00:00,6752.0
2019-04-08 03:15:00,6755.3
2019-04-08 03:30:00,6763.9
2019-04-08 03:45:00,6777.6
2019-04-08 04:00:00,6809.1
2019-04-08 04:15:00,6826.4
2019-04-08 04:30:00,6852.7
2019-04-08 04:45:00,6887.0
2019-04-08 05:00:00,6947.2
2019-04-08 05:15:00,6991.1
2019-04-08 05:30:00,7018.8
2019-04-08 05:45:00,7041.4
2019-04-08 06:00:00,7065.0
2019-04-08 06:15:00,7090.7
2019-04-08 06:30:00,7107.4
2019-04-08 06:45:00,7120.2
2019-04-08 07:00:00,7134.3
2019-04-08 07:15:00,7141.3
2019-04-08 07:30:00,7146.7
2019-04-08 07:45:00,7149.9
2019-04-08 08:00:00,7138.9
2019-04-08 08:15:00,7144.3
2019-04-08 08:30:00,7152.4
2019-04-08 08:45:00,7153.9
2019-04-08 09:00:00,7158.4
2019-04-08 09:15:00,7160.5
2019-04-08 09:30:00,7167.0
2019-04-08 09:45:00,7172.5
2019-04-08 10:00:00,7169.8
2019-04-08 10:15:00,7177.5
2019-04-08 10:30:00,7175.4
2019-04-08 10:45:00,7177.1
2019-04-08 11:00:00,7176.7
2019-04-08 11:15:00,7168.5
2019-04-08 11:30:00,7169.6
2019-04-08 11:45:00,7169.4
2019-04-08 12:00:00,7170.0
2019-04-08 12:15:00,7170.0
2019-04-08 12:30:00,7160.8
2019-04-08 12:45:00,7154.0
2019-04-08 13:00:00,7148.5
2019-04-08 13:15:00,7146.5
2019-04-08 13:30:00,7143.2
2019-04-08 13:45:00,7138.2
2019-04-08 14:00:00,7137.0
2019-04-08 14:15:00,7134.9
2019-04-08 14:30:00,7126.3
2019-04-08 14:45:00,7117.6
2019-04-08 15:00:00,7110.5
2019-04-08 15:15:00,7102.2
2019-04-08 15:30:00,7097.3
2019-04-08 15:45:00,7091.2
2019-04-08 16:00:00,7083.9
2019-04-08 16:15:00,7087.6
2019-04-08 16:30:00,7094.0
2019-04-08 16:45:00,7093.8
2019-04-08 17:00:00,7095.4
2019-04-08 17:15:00,7094.0
2019-04-08 17:30:00,7098.3
2019-04-08 17:45:00,7095.5
2019-04-08 18:00:00,7098.7
2019-04-08 18:15:00,7096.4
2019-04-08 18:30:00,7096.0
2019-04-08 18:45:00,7095.3
2019-04-08 19:00:00,7099.9
2019-04-08 19:15:00,7101.1
2019-04-08 19:30:00,7094.7
2019-04-08 19:45:00,7079.7
2019-04-08 20:00:00,7070.3
2019-04-08 20:15:00,7057.8
2019-04-08 20:30:00,7042.7
2019-04-08 20:45:00,7021.4
2019-04-08 21:00:00,7010.0
2019-04-08 21:15:00,6993.0
2019-04-08 21:30:00,6973.4
2019-04-08 21:45:00,6951.8
2019-04-08 22:00:00,6922.3
2019-04-08 22:15:00,6906.0
2019-04-08 22:30:00,6888.8
2019-04-08 22:45:00,6875.4
2019-04-08 23:00:00,6868.4
2019-04-08 23:15:00,6863.0
2019-04-08 23:30:00,6850.8
2019-04-08 23:45:00,6842.4
2019-04-09 00:00:00,6831.3
2019-04-09 00:15:00,6823.4
2019-04-09 00:30:00,6821.2
2019-04-09 00:45:00,6812.5
2019-04-09 01:00:00,6805.7
2019-04-09 01:15:00,6807.1
2019-04-09 01:30:00,6806.6
2019-04-09 01:45:00,6810.0
2019-04-09 02:00:00,6813.6
2019-04-09 02:15:00,6812.8
2019-04-09 02:30:00,6811.8
2019-04-09 02:45:00,6815.7
2019-04-09 03:00:00,6829.8
2019-04-09 03:15:00,6833.4
2019-04-09 03:30:00,6844.1
2019-04-09 03:45:00,6851.3
2019-04-09 04:00:00,6878.6
2019-04-09 04:15:00,6893.2
2019-04-09 04:30:00,6909.6
2019-04-09 04:45:00,6933.9
2019-04-09 05:00:00,6990.3
2019-04-09 05:15:00,7036.7
2019-04-09 05:30:00,7056.0
2019-04-09 05:45:00,7071.3
2019-04-09 06:00:00,7095.7
2019-04-09 06:15:00,7116.8
2019-04-09 06:30:00,7125.4
2019-04-09 06:45:00,7134.6
2019-04-09 07:00:00,7151.5
2019-04-09 07:15:00,7162.9
2019-04-09 07:30:00,7165.1
2019-04-09 07:45:00,7168.8
2019-04-09 08:00:00,7164.5
2019-04-09 08:15:00,7167.5
2019-04-09 08:30:00,7172.2
2019-04-09 08:45:00,7178.4
2019-04-09 09:00:00,7182.1
2019-04-09 09:15:00,7187.4
2019-04-09 09:30:00,7195.4
2019-04-09 09:45:00,7200.2
2019-04-09 10:00:00,7197.7
2019-04-09 10:15:00,7203.0
2019-04-09 10:30:00,7206.3
2019-04-09 10:45:00,7205.5
2019-04-09 11:00:00,7196.7
2019-04-09 11:15:00,7189.8
2019-04-09 11:30:00,7187.7
2019-04-09 11:45:00,7189.7
2019-04-09 12:00:00,7188.6
2019-04-09 12:15:00,7186.5
2019-04-09 12:30:00,7175.8
2019-04-09 12:45:00,7168.3
2019-04-09 13:00:00,7162.5
2019-04-09 13:15:00,7160.8
2019-04-09 13:30:00,7154.6
2019-04-09 13:45:00,7146.6
2019-04-09 14:00:00,7146.0
2019-04-09 14:15:00,7135.8
2019-04-09 14:30:00,7130.1
2019-04-09 14:45:00,7121.6
2019-04-09 15:00:00,7121.3
2019-04-09 15:15:00,7119.4
2019-04-09 15:30:00,7109.9
2019-04-09 15:45:00,7110.5
2019-04-09 16:00:00,7112.3
2019-04-09 16:15:00,7117.2
2019-04-09 16:30:00,7120.4
2019-04-09 16:45:00,7120.6
2019-04-09 17:00:00,7121.1
2019-04-09 17:15:00,7120.5
2019-04-09 17:30:00,7121.3
2019-04-09 17:45:00,7124.7
2019-04-09 18:00:00,7126.7
2019-04-09 18:15:00,7126.4
2019-04-09 18:30:00,7121.9
2019-04-09 18:45:00,7122.2
2019-04-09 19:00:00,7120.4
2019-04-09 19:15:00,7123.0
2019-04-09 19:30:00,7116.8
2019-04-09 19:45:00,7104.1
2019-04-09 20:00:00,7087.6
2019-04-09 20:15:00,7070.4
2019-04-09 20:30:00,7054.1
2019-04-09 20:45:00,7032.9
2019-04-09 21:00:00,7021.9
2019-04-09 21:15:00,7003.6
2019-04-09 21:30:00,6985.8
2019-04-09 21:45:00,6965.0
2019-04-09 22:00:00,6940.7
2019-04-09 22:15:00,6920.4
2019-04-09 22:30:00,6904.5
2019-04-09 22:45:00,6886.9
2019-04-09 23:00:00,6870.7
2019-04-09 23:15:00,6868.0
2019-04-09 23:30:00,6857.4
2019-04-09 23:45:00,6844.4
2019-04-10 00:00:00,6840.7
2019-04-10 00:15:00,6835.8
2019-04-10 00:30:00,6832.2
2019-04-10 00:45:00,6823.9
2019-04-10 01:00:00,6817.5
2019-04-10 01:15:00,6812.5
2019-04-10 01:30:00,6818.1
2019-04-10 01:45:00,6823.3
2019-04-10 02:00:00,6824.8
2019-04-10 02:15:00,6830.2
2019-04-10 02:30:00,6837.4
2019-04-10 02:45:00,6842.4
2019-04-10 03:00:00,6847.9
2019-04-10 03:15:00,6854.4
2019-04-10 03:30:00,6864.7
2019-04-10 03:45:00,6875.4
2019-04-10 04:00:00,6895.4
2019-04-10 04:15:00,6913.0
2019-04-10 04:30:00,6930.1
2019-04-10 04:45:00,6957.7
2019-04-10 05:00:00,7002.0
2019-04-10 05:15:00,7040.9
2019-04-10 05:30:00,7063.5
2019-04-10 05:45:00,7082.5
2019-04-10 06:00:00,7101.7
2019-04-10 06:15:00,7119.4
2019-04-10 06:30:00,7131.2
2019-04-10 06:45:00,7144.1
2019-04-10 07:00:00,7155.7
2019-04-10 07:15:00,7165.3
2019-04-10 07:30:00,7165.7
2019-04-10 07:45:00,7168.0
2019-04-10 08:00:00,7160.8
2019-04-10 08:15:00,7165.5
2019-04-10 08:30:00,7171.8
2019-04-10 08:45:00,7181.4
2019-04-10 09:00:00,7175.0
2019-04-10 09:15:00,7185.3
2019-04-10 09:30:00,7185.3
2019-04-10 09:45:00,7189.9
2019-04-10 10:00:00,7185.5
2019-04-10 10:15:00,7186.0
2019-04-10 10:30:00,7193.9
2019-04-10 10:45:00,7192.4
2019-04-10 11:00:00,7178.5
2019-04-10 11:15:00,7174.0
2019-04-10 11:30:00,7177.2
2019-04-10 11:45:00,7174.1
2019-04-10 12:00:00,7174.8
2019-04-10 12:15:00,7169.4
2019-04-10 12:30:00,7163.8
2019-04-10 12:45:00,7155.9
2019-04-10 13:00:00,7152.6
2019-04-10 13:15:00,7150.9
2019-04-10 13:30:00,7145.2
2019-04-10 13:45:00,7139.0
2019-04-10 14:00:00,7140.6
2019-04-10 14:15:00,7136.5
2019-04-10 14:30:00,7128.2
2019-04-10 14:45:00,7116.0
2019-04-10 15:00:00,7113.7
2019-04-10 15:15:00,7110.5
2019-04-10 15:30:00,7103.8
2019-04-10 15:45:00,7099.1
2019-04-10 16:00:00,7101.1
2019-04-10 16:15:00,7104.3
2019-04-10 16:30:00,7098.5
2019-04-10 16:45:00,7102.6
2019-04-10 17:00:00,7103.6
2019-04-10 17:15:00,7104.9
2019-04-10 17:30:00,7104.1
2019-04-10 17:45:00,7102.4
2019-04-10 18:00:00,7107.1
2019-04-10 18:15:00,7103.7
2019-04-10 18:30:00,7096.9
2019-04-10 18:45:00,7099.4
2019-04-10 19:00:00,7096.8
2019-04-10 19:15:00,7102.6
2019-04-10 19:30:00,7100.9
2019-04-10 19:45:00,7087.2
2019-04-10 20:00:00,7078.4
2019-04-10 20:15:00,7063.2
2019-04-10 20:30:00,7042.7
2019-04-10 20:45:00,7027.5
2019-04-10 21:00:00,7012.0
2019-04-10 21:15:00,6996.6
2019-04-10 21:30:00,6977.1
2019-04-10 21:45:00,6962.0
2019-04-10 22:00:00,6942.9
2019-04-10 22:15:00,6924.6
2019-04-10 22:30:00,6909.2
2019-04-10 22:45:00,6893.1
2019-04-10 23:00:00,6872.5
2019-04-10 23:15:00,6866.5
2019-04-10 23:30:00,6856.4
2019-04-10 23:45:00,6849.5
2019-04-11 00:00:00,6842.6
2019-04-11 00:15:00,6838.5
2019-04-11 00:30:00,6834.0
2019-04-11 00:45:00,6830.6
2019-04-11 01:00:00,6824.6
2019-04-11 01:15:00,6821.8
2019-04-11 01:30:00,6820.5
2019-04-11 01:45:00,6826.3
2019-04-11 02:00:00,6826.0
2019-04-11 02:15:00,6830.4
2019-04-11 02:30:00,6830.6
2019-04-11 02:45:00,6833.4
2019-04-11 03:00:00,6848.0
2019-04-11 03:15:00,6850.6
2019-04-11 03:30:00,6857.1
2019-04-11 03:45:00,6868.2
2019-04-11 04:00:00,6885.5
2019-04-11 04:15:00,6892.7
2019-04-11 04:30:00,6911.2
2019-04-11 04:45:00,6938.2
2019-04-11 05:00:00,6990.8
2019-04-11 05:15:00,7023.0
2019-04-11 05:30:00,7043.4
2019-04-11 05:45:00,7063.1
2019-04-11 06:00:00,7086.3
2019-04-11 06:15:00,7105.2
2019-04-11 06:30:00,7118.7
2019-04-11 06:45:00,7130.5
2019-04-11 07:00:00,7143.0
2019-04-11 07:15:00,7150.8
2019-04-11 07:30:00,7150.2
2019-04-11 07:45:00,7149.4
2019-04-11 08:00:00,7141.9
2019-04-11 08:15:00,7141.5
2019-04-11 08:30:00,7140.4
2019-04-11 08:45:00,7149.2
2019-04-11 09:00:00,7146.8
2019-04-11 09:15:00,7153.9
2019-04-11 09:30:00,7160.8
2019-04-11 09:45:00,7163.0
2019-04-11 10:00:00,7165.0
2019-04-11 10:15:00,7170.2
2019-04-11 10:30:00,7174.8
2019-04-11 10:45:00,7175.0
2019-04-11 11:00:00,7173.4
2019-04-11 11:15:00,7169.9
2019-04-11 11:30:00,7165.2
2019-04-11 11:45:00,7166.2
2019-04-11 12:00:00,7165.3
2019-04-11 12:15:00,7156.5
2019-04-11 12:30:00,7150.1
2019-04-11 12:45:00,7137.2
2019-04-11 13:00:00,7126.9
2019-04-11 13:15:00,7123.0
2019-04-11 13:30:00,7117.3
2019-04-11 13:45:00,7118.1
2019-04-11 14:00:00,7127.3
2019-04-11 14:15:00,7115.7
2019-04-11 14:30:00,7112.1
2019-04-11 14:45:00,7104.6
2019-04-11 15:00:00,7099.8
2019-04-11 15:15:00,7094.5
2019-04-11 15:30:00,7087.7
2019-04-11 15:45:00,7083.5
2019-04-11 16:00:00,7089.9
2019-04-11 16:15:00,7090.9
2019-04-11 16:30:00,7091.7
2019-04-11 16:45:00,7093.6
2019-04-11 17:00:00,7091.9
2019-04-11 17:15:00,7088.3
2019-04-11 17:30:00,7095.7
2019-04-11 17:45:00,7099.9
2019-04-11 18:00:00,7100.7
2019-04-11 18:15:00,7099.2
2019-04-11 18:30:00,7096.4
2019-04-11 18:45:00,7099.2
2019-04-11 19:00:00,7100.5
2019-04-11 19:15:00,7104.0
2019-04-11 19:30:00,7103.3
2019-04-11 19:45:00,7092.4
2019-04-11 20:00:00,7081.8
2019-04-11 20:15:00,7066.7
2019-04-11 20:30:00,7045.3
2019-04-11 20:45:00,7031.6
2019-04-11 21:00:00,7021.0
2019-04-11 21:15:00,7006.9
2019-04-11 21:30:00,6988.3
2019-04-11 21:45:00,6966.6
2019-04-11 22:00:00,6947.4
2019-04-11 22:15:00,6927.4
2019-04-11 22:30:00,6908.3
2019-04-11 22:45:00,6893.1
2019-04-11 23:00:00,6874.6
2019-04-11 23:15:00,6870.8
2019-04-11 23:30:00,6865.6
2019-04-11 23:45:00,6859.5
2019-04-12 00:00:00,6851.1
2019-04-12 00:15:00,6848.5
2019-04-12 00:30:00,6845.9
2019-04-12 00:45:00,6840.3
2019-04-12 01:00:00,6833.8
2019-04-12 01:15:00,6830.6
2019-04-12 01:30:00,6832.3
2019-04-12 01:45:00,6834.8
2019-04-12 02:00:00,6841.3
2019-04-12 02:15:00,6840.9
2019-04-12 02:30:00,6839.0
2019-04-12 02:45:00,6843.9
2019-04-12 03:00:00,6854.2
2019-04-12 03:15:00,6862.1
2019-04-12 03:30:00,6865.8
2019-04-12 03:45:00,6874.6
2019-04-12 04:00:00,6894.8
2019-04-12 04:15:00,6907.9
2019-04-12 04:30:00,6920.3
2019-04-12 04:45:00,6947.3
2019-04-12 05:00:00,6993.1
2019-04-12 05:15:00,7030.1
2019-04-12 05:30:00,7050.2
2019-04-12 05:45:00,7073.0
2019-04-12 06:00:00,7100.5
2019-04-12 06:15:00,7121.5
2019-04-12 06:30:00,7136.0
2019-04-12 06:45:00,7149.1
2019-04-12 07:00:00,7167.3
2019-04-12 07:15:00,7176.7
2019-04-12 07:30:00,7182.5
2019-04-12 07:45:00,7179.9
2019-04-12 08:00:00,7173.0
2019-04-12 08:15:00,7174.8
2019-04-12 08:30:00,7182.2
2019-04-12 08:45:00,7182.9
2019-04-12 09:00:00,7184.0
2019-04-12 09:15:00,7185.2
2019-04-12 09:30:00,7189.0
2019-04-12 09:45:00,7193.5
2019-04-12 10:00:00,7191.1
2019-04-12 10:15:00,7196.0
2019-04-12 10:30:00,7196.4
2019-04-12 10:45:00,7192.8
2019-04-12 11:00:00,7179.0
2019-04-12 11:15:00,7171.8
2019-04-12 11:30:00,7167.6
2019-04-12 11:45:00,7163.4
2019-04-12 12:00:00,7159.9
2019-04-12 12:15:00,7156.6
2019-04-12 12:30:00,7148.6
2019-04-12 12:45:00,7140.8
2019-04-12 13:00:00,7129.9
2019-04-12 13:15:00,7130.1
2019-04-12 13:30:00,7122.5
2019-04-12 13:45:00,7120.0
2019-04-12 14:00:00,7119.6
2019-04-12 14:15:00,7112.2
2019-04-12 14:30:00,7102.6
2019-04-12 14:45:00,7090.0
2019-04-12 15:00:00,7093.8
2019-04-12 15:15:00,7091.2
2019-04-12 15:30:00,7082.0
2019-04-12 15:45:00,7083.2
2019-04-12 16:00:00,7087.1
2019-04-12 16:15:00,7086.5
2019-04-12 16:30:00,7085.7
2019-04-12 16:45:00,7087.9
2019-04-12 17:00:00,7088.9
2019-04-12 17:15:00,7084.4
2019-04-12 17:30:00,7086.1
2019-04-12 17:45:00,7086.0
2019-04-12 18:00:00,7087.7
2019-04-12 18:15:00,7077.7
2019-04-12 18:30:00,7075.5
2019-04-12 18:45:00,7082.9
2019-04-12 19:00:00,7080.5
2019-04-12 19:15:00,7082.7
2019-04-12 19:30:00,7075.4
2019-04-12 19:45:00,7064.5
2019-04-12 20:00:00,7054.5
2019-04-12 20:15:00,7040.4
2019-04-12 20:30:00,7023.6
2019-04-12 20:45:00,7009.4
2019-04-12 21:00:00,7002.4
2019-04-12 21:15:00,6990.6
2019-04-12 21:30:00,6974.7
2019-04-12 21:45:00,6959.1
2019-04-12 22:00:00,6940.5
2019-04-12 22:15:00,6923.8
2019-04-12 22:30:00,6906.9
2019-04-12 22:45:00,6895.0
2019-04-12 23:00:00,6875.3
2019-04-12 23:15:00,6863.1
2019-04-12 23:30:00,6849.8
2019-04-12 23:45:00,6846.8
2019-04-13 00:00:00,6833.0
2019-04-13 00:15:00,6822.9
2019-04-13 00:30:00,6815.0
2019-04-13 00:45:00,6810.0
2019-04-13 01:00:00,6801.2
2019-04-13 01:15:00,6797.6
2019-04-13 01:30:00,6796.5
2019-04-13 01:45:00,6797.3
2019-04-13 02:00:00,6794.8
2019-04-13 02:15:00,6793.7
2019-04-13 02:30:00,6797.3
2019-04-13 02:45:00,6793.7
2019-04-13 03:00:00,6796.0
2019-04-13 03:15:00,6798.4
2019-04-13 03:30:00,6804.8
2019-04-13 03:45:00,6800.3
2019-04-13 04:00:00,6805.9
2019-04-13 04:15:00,6801.6
2019-04-13 04:30:00,6802.1
2019-04-13 04:45:00,6808.7
2019-04-13 05:00:00,6820.2
2019-04-13 05:15:00,6824.1
2019-04-13 05:30:00,6826.4
2019-04-13 05:45:00,6834.5
2019-04-13 06:00:00,6848.1
2019-04-13 06:15:00,6860.9
2019-04-13 06:30:00,6883.9
2019-04-13 06:45:00,6902.4
2019-04-13 07:00:00,6919.5
2019-04-13 07:15:00,6928.5
2019-04-13 07:30:00,6945.0
2019-04-13 07:45:00,6954.2
2019-04-13 08:00:00,6970.4
2019-04-13 08:15:00,6975.3
2019-04-13 08:30:00,6989.3
2019-04-13 08:45:00,6998.6
2019-04-13 09:00:00,7003.9
2019-04-13 09:15:00,7008.9
2019-04-13 09:30:00,7015.2
2019-04-13 09:45:00,7019.1
2019-04-13 10:00:00,7017.6
2019-04-13 10:15:00,7018.9
2019-04-13 10:30:00,7024.5
2019-04-13 10:45:00,7025.4
2019-04-13 11:00:00,7015.0
2019-04-13 11:15:00,7011.2
2019-04-13 11:30:00,7009.0
2019-04-13 11:45:00,7000.4
2019-04-13 12:00:00,6987.1
2019-04-13 12:15:00,6982.5
2019-04-13 12:30:00,6974.9
2019-04-13 12:45:00,6964.9
2019-04-13 13:00:00,6956.2
2019-04-13 13:15:00,6948.7
2019-04-13 13:30:00,6945.3
2019-04-13 13:45:00,6942.9
2019-04-13 14:00:00,6943.5
2019-04-13 14:15:00,6940.1
2019-04-13 14:30:00,6936.4
2019-04-13 14:45:00,6935.4
2019-04-13 15:00:00,6936.5
2019-04-13 15:15:00,6932.6
2019-04-13 15:30:00,6929.1
2019-04-13 15:45:00,6931.1
2019-04-13 16:00:00,6933.0
2019-04-13 16:15:00,6933.4
2019-04-13 16:30:00,6937.4
2019-04-13 16:45:00,6943.5
2019-04-13 17:00:00,6953.6
2019-04-13 17:15:00,6950.9
2019-04-13 17:30:00,6955.8
2019-04-13 17:45:00,6952.7
2019-04-13 18:00:00,6953.1
2019-04-13 18:15:00,6953.6
2019-04-13 18:30:00,6954.7
2019-04-13 18:45:00,6948.7
2019-04-13 19:00:00,6950.0
2019-04-13 19:15:00,6947.3
2019-04-13 19:30:00,6951.1
2019-04-13 19:45:00,6942.2
2019-04-13 20:00:00,6932.2
2019-04-13 20:15:00,6926.8
2019-04-13 20:30:00,6918.6
2019-04-13 20:45:00,6910.3
2019-04-13 21:00:00,6909.5
2019-04-13 21:15:00,6900.3
2019-04-13 21:30:00,6887.7
2019-04-13 21:45:00,6871.4
2019-04-13 22:00:00,6851.9
2019-04-13 22:15:00,6841.8
2019-04-13 22:30:00,6826.6
2019-04-13 22:45:00,6813.9
2019-04-13 23:00:00,6804.9
2019-04-13 23:15:00,6796.7
2019-04-13 23:30:00,6790.7
2019-04-13 23:45:00,6782.0
2019-04-14 00:00:00,6768.8
2019-04-14 00:15:00,6765.6
2019-04-14 00:30:00,6756.5
2019-04-14 00:45:00,6750.4
2019-04-14 01:00:00,6745.0
2019-04-14 01:15:00,6736.1
2019-04-14 01:30:00,6735.0
2019-04-14 01:45:00,6731.9
2019-04-14 02:00:00,6736.1
2019-04-14 02:15:00,6732.5
2019-04-14 02:30:00,6733.3
2019-04-14 02:45:00,6731.9
2019-04-14 03:00:00,6737.5
2019-04-14 03:15:00,6735.9
2019-04-14 03:30:00,6740.1
2019-04-14 03:45:00,6739.8
2019-04-14 04:00:00,6740.4
2019-04-14 04:15:00,6739.7
2019-04-14 04:30:00,6735.7
2019-04-14 04:45:00,6737.0
2019-04-14 05:00:00,6736.7
2019-04-14 05:15:00,6736.0
2019-04-14 05:30:00,6730.7
2019-04-14 05:45:00,6737.8
2019-04-14 06:00:00,6741.1
2019-04-14 06:15:00,6754.6
2019-04-14 06:30:00,6770.6
2019-04-14 06:45:00,6785.7
2019-04-14 07:00:00,6795.0
2019-04-14 07:15:00,6812.2
2019-04-14 07:30:00,6824.6
2019-04-14 07:45:00,6838.9
2019-04-14 08:00:00,6855.5
2019-04-14 08:15:00,6865.7
2019-04-14 08:30:00,6876.7
2019-04-14 08:45:00,6886.3
2019-04-14 09:00:00,6899.5
2019-04-14 09:15:00,6904.5
2019-04-14 09:30:00,6912.6
2019-04-14 09:45:00,6917.2
2019-04-14 10:00:00,6931.9
2019-04-14 10:15:00,6936.7
2019-04-14 10:30:00,6948.9
2019-04-14 10:45:00,6951.1
2019-04-14 11:00:00,6947.4
2019-04-14 11:15:00,6939.9
2019-04-14 11:30:00,6935.4
2019-04-14 11:45:00,6929.7
2019-04-14 12:00:00,6920.8
2019-04-14 12:15:00,6912.0
2019-04-14 12:30:00,6906.0
2019-04-14 12:45:00,6891.2
2019-04-14 13:00:00,6888.5
2019-04-14 13:15:00,6874.0
2019-04-14 13:30:00,6870.8
2019-04-14 13:45:00,6859.0
2019-04-14 14:00:00,6859.0
2019-04-14 14:15:00,6856.2
2019-04-14 14:30:00,6851.3
2019-04-14 14:45:00,6851.4
2019-04-14 15:00:00,6850.9
2019-04-14 15:15:00,6846.5
2019-04-14 15:30:00,6849.8
2019-04-14 15:45:00,6852.3
2019-04-14 16:00:00,6865.0
2019-04-14 16:15:00,6868.4
2019-04-14 16:30:00,6876.3
2019-04-14 16:45:00,6881.4
2019-04-14 17:00:00,6890.9
2019-04-14 17:15:00,6890.5
2019-04-14 17:30:00,6895.5
2019-04-14 17:45:00,6895.5
2019-04-14 18:00:00,6901.2
2019-04-14 18:15:00,6898.5
2019-04-14 18:30:00,6897.0
2019-04-14 18:45:00,6894.3
2019-04-14 19:00:00,6903.8
2019-04-14 19:15:00,6908.3
2019-04-14 19:30:00,6911.3
2019-04-14 19:45:00,6905.3
2019-04-14 20:00:00,6909.0
2019-04-14 20:15:00,6898.6
2019-04-14 20:30:00,6894.8
2019-04-14 20:45:00,6893.2
2019-04-14 21:00:00,6900.6
2019-04-14 21:15:00,6893.1
2019-04-14 21:30:00,6883.4
2019-04-14 21:45:00,6874.6
2019-04-14 22:00:00,6853.8
2019-04-14 22:15:00,6846.1
2019-04-14 22:30:00,6826.5
2019-04-14 22:45:00,6818.7
2019-04-14 23:00:00,6801.7
2019-04-14 23:15:00,6798.2
2019-04-14 23:30:00,6789.7
2019-04-14 23:45:00,6788.3
2019-04-15 00:00:00,6781.5
2019-04-15 00:15:00,6774.6
2019-04-15 00:30:00,6772.8
2019-04-15 00:45:00,6772.0
2019-04-15 01:00:00,6765.3
2019-04-15 01:15:00,6766.0
2019-04-15 01:30:00,6761.8
2019-04-15 01:45:00,6760.0
2019-04-15 02:00:00,6763.0
2019-04-15 02:15:00,6764.9
2019-04-15 02:30:00,6766.0
2019-04-15 02:45:00,6770.5
2019-04-15 03:00:00,6786.1
2019-04-15 03:15:00,6793.2
2019-04-15 03:30:00,6800.8
2019-04-15 03:45:00,6813.7
2019-04-15 04:00:00,6840.7
2019-04-15 04:15:00,6858.5
2019-04-15 04:30:00,6877.8
2019-04-15 04:45:00,6907.3
2019-04-15 05:00:00,6956.4
2019-04-15 05:15:00,6982.7
2019-04-15 05:30:00,7007.1
2019-04-15 05:45:00,7031.1
2019-04-15 06:00:00,7060.5
2019-04-15 06:15:00,7080.3
2019-04-15 06:30:00,7095.2
2019-04-15 06:45:00,7110.3
2019-04-15 07:00:00,7123.7
2019-04-15 07:15:00,7133.4
2019-04-15 07:30:00,7143.4
2019-04-15 07:45:00,7146.8
2019-04-15 08:00:00,7144.7
2019-04-15 08:15:00,7150.7
2019-04-15 08:30:00,7161.0
2019-04-15 08:45:00,7161.7
2019-04-15 09:00:00,7161.8
2019-04-15 09:15:00,7159.9
2019-04-15 09:30:00,7159.6
2019-04-15 09:45:00,7162.7
2019-04-15 10:00:00,7165.9
2019-04-15 10:15:00,7169.0
2019-04-15 10:30:00,7170.2
2019-04-15 10:45:00,7166.6
2019-04-15 11:00:00,7155.9
2019-04-15 11:15:00,7149.6
2019-04-15 11:30:00,7145.8
2019-04-15 11:45:00,7148.3
2019-04-15 12:00:00,7146.5
2019-04-15 12:15:00,7140.4
2019-04-15 12:30:00,7130.1
2019-04-15 12:45:00,7121.9
2019-04-15 13:00:00,7120.9
2019-04-15 13:15:00,7115.7
2019-04-15 13:30:00,7114.6
2019-04-15 13:45:00,7114.9
2019-04-15 14:00:00,7110.8
2019-04-15 14:15:00,7101.4
2019-04-15 14:30:00,7094.6
2019-04-15 14:45:00,7087.7
2019-04-15 15:00:00,7083.7
2019-04-15 15:15:00,7079.0
2019-04-15 15:30:00,7079.0
2019-04-15 15:45:00,7073.4
2019-04-15 16:00:00,7080.9
2019-04-15 16:15:00,7079.8
2019-04-15 16:30:00,7079.6
2019-04-15 16:45:00,7083.0
2019-04-15 17:00:00,7083.1
2019-04-15 17:15:00,7081.9
2019-04-15 17:30:00,7085.0
2019-04-15 17:45:00,7087.2
2019-04-15 18:00:00,7090.2
2019-04-15 18:15:00,7087.8
2019-04-15 18:30:00,7086.5
2019-04-15 18:45:00,7089.8
2019-04-15 19:00:00,7087.3
2019-04-15 19:15:00,7086.1
2019-04-15 19:30:00,7086.6
2019-04-15 19:45:00,7088.7
2019-04-15 20:00:00,7075.5
2019-04-15 20:15:00,7060.9
2019-04-15 20:30:00,7047.4
2019-04-15 20:45:00,7031.6
2019-04-15 21:00:00,7017.1
2019-04-15 21:15:00,7002.3
2019-04-15 21:30:00,6987.6
2019-04-15 21:45:00,6969.8
2019-04-15 22:00:00,6953.0
2019-04-15 22:15:00,6936.3
2019-04-15 22:30:00,6920.6
2019-04-15 22:45:00,6905.5
2019-04-15 23:00:00,6886.0
2019-04-15 23:15:00,6871.5
2019-04-15 23:30:00,6863.2
2019-04-15 23:45:00,6863.6
2019-04-16 00:00:00,6853.5
2019-04-16 00:15:00,6849.9
2019-04-16 00:30:00,6843.7
2019-04-16 00:45:00,6839.1
2019-04-16 01:00:00,6837.8
2019-04-16 01:15:00,6829.4
2019-04-16 01:30:00,6830.6
2019-04-16 01:45:00,6833.9
2019-04-16 02:00:00,6836.0
2019-04-16 02:15:00,6840.1
2019-04-16 02:30:00,6842.6
2019-04-16 02:45:00,6845.6
2019-04-16 03:00:00,6853.8
2019-04-16 03:15:00,6863.2
2019-04-16 03:30:00,6871.6
2019-04-16 03:45:00,6884.1
2019-04-16 04:00:00,6907.5
2019-04-16 04:15:00,6924.2
2019-04-16 04:30:00,6942.4
2019-04-16 04:45:00,6967.2
2019-04-16 05:00:00,7009.9
2019-04-16 05:15:00,7038.4
2019-04-16 05:30:00,7057.3
2019-04-16 05:45:00,7078.1
2019-04-16 06:00:00,7100.3
2019-04-16 06:15:00,7119.6
2019-04-16 06:30:00,7135.2
2019-04-16 06:45:00,7148.8
2019-04-16 07:00:00,7159.3
2019-04-16 07:15:00,7165.0
2019-04-16 07:30:00,7168.5
2019-04-16 07:45:00,7172.0
2019-04-16 08:00:00,7166.7
2019-04-16 08:15:00,7176.7
2019-04-16 08:30:00,7185.1
2019-04-16 08:45:00,7185.7
2019-04-16 09:00:00,7174.3
2019-04-16 09:15:00,7175.5
2019-04-16 09:30:00,7177.1
2019-04-16 09:45:00,7182.8
2019-04-16 10:00:00,7177.9
2019-04-16 10:15:00,7183.3
2019-04-16 10:30:00,7184.1
2019-04-16 10:45:00,7180.6
2019-04-16 11:00:00,7174.5
2019-04-16 11:15:00,7172.3
2019-04-16 11:30:00,7171.9
2019-04-16 11:45:00,7169.8
2019-04-16 12:00:00,7162.7
2019-04-16 12:15:00,7158.4
2019-04-16 12:30:00,7149.8
2019-04-16 12:45:00,7141.9
2019-04-16 13:00:00,7137.9
2019-04-16 13:15:00,7135.0
2019-04-16 13:30:00,7129.7
2019-04-16 13:45:00,7124.7
2019-04-16 14:00:00,7129.2
2019-04-16 14:15:00,7121.8
2019-04-16 14:30:00,7117.3
2019-04-16 14:45:00,7112.1
2019-04-16 15:00:00,7114.9
2019-04-16 15:15:00,7103.5
2019-04-16 15:30:00,7096.5
2019-04-16 15:45:00,7093.6
2019-04-16 16:00:00,7098.1
2019-04-16 16:15:00,7103.5
2019-04-16 16:30:00,7105.6
2019-04-16 16:45:00,7106.3
2019-04-16 17:00:00,7107.0
2019-04-16 17:15:00,7105.2
2019-04-16 17:30:00,7109.7
2019-04-16 17:45:00,7107.6
2019-04-16 18:00:00,7101.3
2019-04-16 18:15:00,7099.7
2019-04-16 18:30:00,7099.2
2019-04-16 18:45:00,7098.8
2019-04-16 19:00:00,7097.5
2019-04-16 19:15:00,7101.5
2019-04-16 19:30:00,7103.0
2019-04-16 19:45:00,7100.0
2019-04-16 20:00:00,7090.6
2019-04-16 20:15:00,7079.8
2019-04-16 20:30:00,7060.8
2019-04-16 20:45:00,7046.4
2019-04-16 21:00:00,7028.7
2019-04-16 21:15:00,7013.5
2019-04-16 21:30:00,6996.4
2019-04-16 21:45:00,6981.1
2019-04-16 22:00:00,6957.1
2019-04-16 22:15:00,6939.6
2019-04-16 22:30:00,6926.0
2019-04-16 22:45:00,6911.2
2019-04-16 23:00:00,6886.3
2019-04-16 23:15:00,6874.3
2019-04-16 23:30:00,6870.3
2019-04-16 23:45:00,6857.7
2019-04-17 00:00:00,6844.5
2019-04-17 00:15:00,6839.5
2019-04-17 00:30:00,6832.7
2019-04-17 00:45:00,6825.0
2019-04-17 01:00:00,6827.3
2019-04-17 01:15:00,6822.3
2019-04-17 01:30:00,6822.8
2019-04-17 01:45:00,6822.8
2019-04-17 02:00:00,6823.1
2019-04-17 02:15:00,6819.9
2019-04-17 02:30:00,6823.3
2019-04-17 02:45:00,6827.1
2019-04-17 03:00:00,6838.1
2019-04-17 03:15:00,6845.1
2019-04-17 03:30:00,6855.1
2019-04-17 03:45:00,6867.3
2019-04-17 04:00:00,6892.4
2019-04-17 04:15:00,6902.8
2019-04-17 04:30:00,6920.8
2019-04-17 04:45:00,6943.8
2019-04-17 05:00:00,6986.4
2019-04-17 05:15:00,7013.5
2019-04-17 05:30:00,7038.3
2019-04-17 05:45:00,7061.4
2019-04-17 06:00:00,7085.6
2019-04-17 06:15:00,7106.4
2019-04-17 06:30:00,7121.6
2019-04-17 06:45:00,7136.9
2019-04-17 07:00:00,7149.2
2019-04-17 07:15:00,7162.2
2019-04-17 07:30:00,7168.7
2019-04-17 07:45:00,7163.9
2019-04-17 08:00:00,7152.6
2019-04-17 08:15:00,7161.7
2019-04-17 08:30:00,7172.0
2019-04-17 08:45:00,7176.7
2019-04-17 09:00:00,7173.7
2019-04-17 09:15:00,7181.9
2019-04-17 09:30:00,7189.6
2019-04-17 09:45:00,7196.5
2019-04-17 10:00:00,7195.8
2019-04-17 10:15:00,7196.2
2019-04-17 10:30:00,7197.5
2019-04-17 10:45:00,7193.6
2019-04-17 11:00:00,7174.5
2019-04-17 11:15:00,7168.0
2019-04-17 11:30:00,7169.5
2019-04-17 11:45:00,7167.2
2019-04-17 12:00:00,7158.8
2019-04-17 12:15:00,7151.6
2019-04-17 12:30:00,7147.5
2019-04-17 12:45:00,7140.1
2019-04-17 13:00:00,7140.4
2019-04-17 13:15:00,7135.9
2019-04-17 13:30:00,7127.1
2019-04-17 13:45:00,7119.2
2019-04-17 14:00:00,7117.8
2019-04-17 14:15:00,7108.6
2019-04-17 14:30:00,7098.1
2019-04-17 14:45:00,7089.3
2019-04-17 15:00:00,7088.2
2019-04-17 15:15:00,7080.4
2019-04-17 15:30:00,7076.3
2019-04-17 15:45:00,7071.1
2019-04-17 16:00:00,7073.0
2019-04-17 16:15:00,7067.8
2019-04-17 16:30:00,7069.8
2019-04-17 16:45:00,7072.3
2019-04-17 17:00:00,7068.8
2019-04-17 17:15:00,7066.6
2019-04-17 17:30:00,7071.7
2019-04-17 17:45:00,7073.2
2019-04-17 18:00:00,7080.8
2019-04-17 18:15:00,7081.4
2019-04-17 18:30:00,7081.6
2019-04-17 18:45:00,7076.9
2019-04-17 19:00:00,7075.9
2019-04-17 19:15:00,7075.7
2019-04-17 19:30:00,7083.7
2019-04-17 19:45:00,7081.6
2019-04-17 20:00:00,7069.9
2019-04-17 20:15:00,7054.5
2019-04-17 20:30:00,7036.1
2019-04-17 20:45:00,7021.3
2019-04-17 21:00:00,7011.1
2019-04-17 21:15:00,6994.8
2019-04-17 21:30:00,6975.9
2019-04-17 21:45:00,6960.7
2019-04-17 22:00:00,6942.8
2019-04-17 22:15:00,6928.5
2019-04-17 22:30:00,6912.8
2019-04-17 22:45:00,6897.3
2019-04-17 23:00:00,6877.8
2019-04-17 23:15:00,6862.4
2019-04-17 23:30:00,6854.9
2019-04-17 23:45:00,6846.5
2019-04-18 00:00:00,6836.7
2019-04-18 00:15:00,6827.9
2019-04-18 00:30:00,6822.6
2019-04-18 00:45:00,6817.5
2019-04-18 01:00:00,6811.9
2019-04-18 01:15:00,6811.3
2019-04-18 01:30:00,6813.4
2019-04-18 01:45:00,6810.2
2019-04-18 02:00:00,6808.9
2019-04-18 02:15:00,6803.1
2019-04-18 02:30:00,6807.3
2019-04-18 02:45:00,6810.7
2019-04-18 03:00:00,6818.1
2019-04-18 03:15:00,6823.6
2019-04-18 03:30:00,6834.5
2019-04-18 03:45:00,6845.2
2019-04-18 04:00:00,6865.5
2019-04-18 04:15:00,6881.9
2019-04-18 04:30:00,6900.4
2019-04-18 04:45:00,6919.8
2019-04-18 05:00:00,6959.2
2019-04-18 05:15:00,6980.5
2019-04-18 05:30:00,7000.2
2019-04-18 05:45:00,7019.4
2019-04-18 06:00:00,7045.5
2019-04-18 06:15:00,7068.7
2019-04-18 06:30:00,7083.9
2019-04-18 06:45:00,7096.6
2019-04-18 07:00:00,7110.6
2019-04-18 07:15:00,7117.8
2019-04-18 07:30:00,7121.2
2019-04-18 07:45:00,7123.2
2019-04-18 08:00:00,7117.4
2019-04-18 08:15:00,7124.1
2019-04-18 08:30:00,7132.7
2019-04-18 08:45:00,7135.4
2019-04-18 09:00:00,7134.0
2019-04-18 09:15:00,7137.8
2019-04-18 09:30:00,7139.1
2019-04-18 09:45:00,7139.0
2019-04-18 10:00:00,7126.3
2019-04-18 10:15:00,7126.3
2019-04-18 10:30:00,7130.9
2019-04-18 10:45:00,7129.9
2019-04-18 11:00:00,7127.7
2019-04-18 11:15:00,7120.3
2019-04-18 11:30:00,7118.4
2019-04-18 11:45:00,7120.0
2019-04-18 12:00:00,7122.8
2019-04-18 12:15:00,7120.0
2019-04-18 12:30:00,7112.2
2019-04-18 12:45:00,7104.3
2019-04-18 13:00:00,7093.9
2019-04-18 13:15:00,7088.2
2019-04-18 13:30:00,7080.9
2019-04-18 13:45:00,7072.1
2019-04-18 14:00:00,7074.7
2019-04-18 14:15:00,7068.5
2019-04-18 14:30:00,7060.3
2019-04-18 14:45:00,7052.4
2019-04-18 15:00:00,7050.9
2019-04-18 15:15:00,7042.7
2019-04-18 15:30:00,7039.2
2019-04-18 15:45:00,7034.3
2019-04-18 16:00:00,7043.1
2019-04-18 16:15:00,7042.9
2019-04-18 16:30:00,7034.7
2019-04-18 16:45:00,7026.4
2019-04-18 17:00:00,7026.4
2019-04-18 17:15:00,7023.8
2019-04-18 17:30:00,7019.1
2019-04-18 17:45:00,7021.2
2019-04-18 18:00:00,7022.8
2019-04-18 18:15:00,7019.5
2019-04-18 18:30:00,7022.1
2019-04-18 18:45:00,7016.9
2019-04-18 19:00:00,7014.6
2019-04-18 19:15:00,7013.3
2019-04-18 19:30:00,7014.6
2019-04-18 19:45:00,7010.8
2019-04-18 20:00:00,6999.4
2019-04-18 20:15:00,6982.5
2019-04-18 20:30:00,6965.8
2019-04-18 20:45:00,6951.1
2019-04-18 21:00:00,6940.5
2019-04-18 21:15:00,6923.9
2019-04-18 21:30:00,6904.3
2019-04-18 21:45:00,6887.8
2019-04-18 22:00:00,6864.3
2019-04-18 22:15:00,6844.3
2019-04-18 22:30:00,6830.4
2019-04-18 22:45:00,6811.8
2019-04-18 23:00:00,6790.8
2019-04-18 23:15:00,6778.4
2019-04-18 23:30:00,6769.1
2019-04-18 23:45:00,6764.1
2019-04-19 00:00:00,6746.7
2019-04-19 00:15:00,6733.7
2019-04-19 00:30:00,6730.0
2019-04-19 00:45:00,6728.4
2019-04-19 01:00:00,6718.8
2019-04-19 01:15:00,6712.7
2019-04-19 01:30:00,6708.7
2019-04-19 01:45:00,6706.2
2019-04-19 02:00:00,6705.8
2019-04-19 02:15:00,6703.7
2019-04-19 02:30:00,6704.3
2019-04-19 02:45:00,6705.0
2019-04-19 03:00:00,6702.7
2019-04-19 03:15:00,6703.7
2019-04-19 03:30:00,6700.5
2019-04-19 03:45:00,6699.5
2019-04-19 04:00:00,6705.0
2019-04-19 04:15:00,6702.6
2019-04-19 04:30:00,6695.3
2019-04-19 04:45:00,6689.0
2019-04-19 05:00:00,6686.8
2019-04-19 05:15:00,6685.1
2019-04-19 05:30:00,6683.3
2019-04-19 05:45:00,6688.4
2019-04-19 06:00:00,6700.9
2019-04-19 06:15:00,6717.2
2019-04-19 06:30:00,6729.9
2019-04-19 06:45:00,6744.7
2019-04-19 07:00:00,6762.9
2019-04-19 07:15:00,6776.9
2019-04-19 07:30:00,6791.6
2019-04-19 07:45:00,6801.4
2019-04-19 08:00:00,6812.1
2019-04-19 08:15:00,6827.7
2019-04-19 08:30:00,6836.2
2019-04-19 08:45:00,6843.5
2019-04-19 09:00:00,6852.0
2019-04-19 09:15:00,6853.9
2019-04-19 09:30:00,6855.3
2019-04-19 09:45:00,6863.8
2019-04-19 10:00:00,6872.0
2019-04-19 10:15:00,6884.3
2019-04-19 10:30:00,6891.6
2019-04-19 10:45:00,6892.7
2019-04-19 11:00:00,6884.3
2019-04-19 11:15:00,6876.3
2019-04-19 11:30:00,6866.4
2019-04-19 11:45:00,6863.7
2019-04-19 12:00:00,6856.1
2019-04-19 12:15:00,6843.0
2019-04-19 12:30:00,6836.2
2019-04-19 12:45:00,6831.3
2019-04-19 13:00:00,6828.3
2019-04-19 13:15:00,6822.1
2019-04-19 13:30:00,6813.0
2019-04-19 13:45:00,6807.9
2019-04-19 14:00:00,6806.4
2019-04-19 14:15:00,6800.8
2019-04-19 14:30:00,6794.5
2019-04-19 14:45:00,6780.5
2019-04-19 15:00:00,6779.7
2019-04-19 15:15:00,6777.8
2019-04-19 15:30:00,6778.0
2019-04-19 15:45:00,6778.9
2019-04-19 16:00:00,6786.3
2019-04-19 16:15:00,6791.0
2019-04-19 16:30:00,6794.3
2019-04-19 16:45:00,6798.3
2019-04-19 17:00:00,6806.6
2019-04-19 17:15:00,6807.4
2019-04-19 17:30:00,6813.5
2019-04-19 17:45:00,6815.2
2019-04-19 18:00:00,6819.5
2019-04-19 18:15:00,6821.1
2019-04-19 18:30:00,6822.7
2019-04-19 18:45:00,6818.4
2019-04-19 19:00:00,6823.5
2019-04-19 19:15:00,6820.3
2019-04-19 19:30:00,6827.2
2019-04-19 19:45:00,6830.0
2019-04-19 20:00:00,6828.3
2019-04-19 20:15:00,6822.2
2019-04-19 20:30:00,6813.9
2019-04-19 20:45:00,6808.6
2019-04-19 21:00:00,6801.3
2019-04-19 21:15:00,6792.8
2019-04-19 21:30:00,6779.5
2019-04-19 21:45:00,6769.6
2019-04-19 22:00:00,6746.9
2019-04-19 22:15:00,6732.1
2019-04-19 22:30:00,6722.8
2019-04-19 22:45:00,6711.9
2019-04-19 23:00:00,6693.6
2019-04-19 23:15:00,6688.3
2019-04-19 23:30:00,6677.1
2019-04-19 23:45:00,6675.6
2019-04-20 00:00:00,6663.6
2019-04-20 00:15:00,6657.7
2019-04-20 00:30:00,6650.6
2019-04-20 00:45:00,6640.2
2019-04-20 01:00:00,6639.5
2019-04-20 01:15:00,6634.5
2019-04-20 01:30:00,6631.6
2019-04-20 01:45:00,6627.3
2019-04-20 02:00:00,6628.3
2019-04-20 02:15:00,6625.2
2019-04-20 02:30:00,6628.8
2019-04-20 02:45:00,6630.9
2019-04-20 03:00:00,6639.0
2019-04-20 03:15:00,6638.5
2019-04-20 03:30:00,6646.1
2019-04-20 03:45:00,6652.9
2019-04-20 04:00:00,6665.1
2019-04-20 04:15:00,6665.5
2019-04-20 04:30:00,6672.4
2019-04-20 04:45:00,6678.2
2019-04-20 05:00:00,6683.5
2019-04-20 05:15:00,6684.6
2019-04-20 05:30:00,6691.9
2019-04-20 05:45:00,6702.9
2019-04-20 06:00:00,6719.8
2019-04-20 06:15:00,6736.8
2019-04-20 06:30:00,6752.7
2019-04-20 06:45:00,6765.2
2019-04-20 07:00:00,6782.5
2019-04-20 07:15:00,6798.6
2019-04-20 07:30:00,6813.7
2019-04-20 07:45:00,6829.0
2019-04-20 08:00:00,6841.6
2019-04-20 08:15:00,6853.1
2019-04-20 08:30:00,6866.3
2019-04-20 08:45:00,6867.0
2019-04-20 09:00:00,6867.5
2019-04-20 09:15:00,6869.0
2019-04-20 09:30:00,6871.9
2019-04-20 09:45:00,6877.6
2019-04-20 10:00:00,6877.0
2019-04-20 10:15:00,6879.6
2019-04-20 10:30:00,6883.0
2019-04-20 10:45:00,6882.9
2019-04-20 11:00:00,6880.0
2019-04-20 11:15:00,6875.8
2019-04-20 11:30:00,6875.7
2019-04-20 11:45:00,6868.8
2019-04-20 12:00:00,6862.6
2019-04-20 12:15:00,6856.7
2019-04-20 12:30:00,6854.0
2019-04-20 12:45:00,6848.4
2019-04-20 13:00:00,6841.1
2019-04-20 13:15:00,6835.0
2019-04-20 13:30:00,6833.3
2019-04-20 13:45:00,6829.1
2019-04-20 14:00:00,6824.0
2019-04-20 14:15:00,6817.4
2019-04-20 14:30:00,6814.9
2019-04-20 14:45:00,6809.2
2019-04-20 15:00:00,6803.4
2019-04-20 15:15:00,6802.8
2019-04-20 15:30:00,6800.6
2019-04-20 15:45:00,6801.4
2019-04-20 16:00:00,6814.4
2019-04-20 16:15:00,6820.3
2019-04-20 16:30:00,6825.7
2019-04-20 16:45:00,6829.8
2019-04-20 17:00:00,6830.5
2019-04-20 17:15:00,6829.5
2019-04-20 17:30:00,6831.3
2019-04-20 17:45:00,6833.6
2019-04-20 18:00:00,6834.2
2019-04-20 18:15:00,6832.7
2019-04-20 18:30:00,6830.7
2019-04-20 18:45:00,6826.7
2019-04-20 19:00:00,6821.5
2019-04-20 19:15:00,6815.5
2019-04-20 19:30:00,6814.3
2019-04-20 19:45:00,6821.0
2019-04-20 20:00:00,6820.6
2019-04-20 20:15:00,6810.9
2019-04-20 20:30:00,6798.3
2019-04-20 20:45:00,6790.9
2019-04-20 21:00:00,6787.5
2019-04-20 21:15:00,6770.6
2019-04-20 21:30:00,6755.4
2019-04-20 21:45:00,6743.1
2019-04-20 22:00:00,6728.0
2019-04-20 22:15:00,6715.3
2019-04-20 22:30:00,6703.9
2019-04-20 22:45:00,6695.6
2019-04-20 23:00:00,6680.1
2019-04-20 23:15:00,6666.2
2019-04-20 23:30:00,6655.3
2019-04-20 23:45:00,6647.5
2019-04-21 00:00:00,6633.9
2019-04-21 00:15:00,6624.9
2019-04-21 00:30:00,6618.9
2019-04-21 00:45:00,6616.7
2019-04-21 01:00:00,6611.1
2019-04-21 01:15:00,6606.6
2019-04-21 01:30:00,6603.6
2019-04-21 01:45:00,6598.3
2019-04-21 02:00:00,6596.8
2019-04-21 02:15:00,6596.0
2019-04-21 02:30:00,6597.0
2019-04-21 02:45:00,6598.5
2019-04-21 03:00:00,6602.2
2019-04-21 03:15:00,6605.7
2019-04-21 03:30:00,6607.9
2019-04-21 03:45:00,6608.4
2019-04-21 04:00:00,6612.6
2019-04-21 04:15:00,6613.6
2019-04-21 04:30:00,6617.5
2019-04-21 04:45:00,6615.7
2019-04-21 05:00:00,6615.3
2019-04-21 05:15:00,6612.5
2019-04-21 05:30:00,6618.7
2019-04-21 05:45:00,6625.6
2019-04-21 06:00:00,6632.9
2019-04-21 06:15:00,6642.3
2019-04-21 06:30:00,6658.9
2019-04-21 06:45:00,6674.1
2019-04-21 07:00:00,6695.0
2019-04-21 07:15:00,6711.2
2019-04-21 07:30:00,6726.1
2019-04-21 07:45:00,6735.4
2019-04-21 08:00:00,6747.8
2019-04-21 08:15:00,6757.0
2019-04-21 08:30:00,6764.5
2019-04-21 08:45:00,6771.8
2019-04-21 09:00:00,6772.3
2019-04-21 09:15:00,6776.1
2019-04-21 09:30:00,6779.1
2019-04-21 09:45:00,6783.6
2019-04-21 10:00:00,6787.2
2019-04-21 10:15:00,6792.4
2019-04-21 10:30:00,6796.7
2019-04-21 10:45:00,6792.6
2019-04-21 11:00:00,6787.9
2019-04-21 11:15:00,6781.1
2019-04-21 11:30:00,6774.3
2019-04-21 11:45:00,6770.5
2019-04-21 12:00:00,6761.5
2019-04-21 12:15:00,6752.2
2019-04-21 12:30:00,6742.8
2019-04-21 12:45:00,6736.1
2019-04-21 13:00:00,6729.6
2019-04-21 13:15:00,6724.7
2019-04-21 13:30:00,6719.1
2019-04-21 13:45:00,6713.8
2019-04-21 14:00:00,6708.5
2019-04-21 14:15:00,6703.8
2019-04-21 14:30:00,6700.3
2019-04-21 14:45:00,6695.6
2019-04-21 15:00:00,6696.0
2019-04-21 15:15:00,6696.1
2019-04-21 15:30:00,6695.8
2019-04-21 15:45:00,6697.7
2019-04-21 16:00:00,6705.5
2019-04-21 16:15:00,6713.7
2019-04-21 16:30:00,6713.7
2019-04-21 16:45:00,6717.5
2019-04-21 17:00:00,6726.3
2019-04-21 17:15:00,6728.7
2019-04-21 17:30:00,6734.2
2019-04-21 17:45:00,6738.7
2019-04-21 18:00:00,6742.0
2019-04-21 18:15:00,6741.5
2019-04-21 18:30:00,6746.3
2019-04-21 18:45:00,6749.0
2019-04-21 19:00:00,6754.6
2019-04-21 19:15:00,6761.3
2019-04-21 19:30:00,6768.3
2019-04-21 19:45:00,6772.4
2019-04-21 20:00:00,6776.9
2019-04-21 20:15:00,6769.4
2019-04-21 20:30:00,6761.6
2019-04-21 20:45:00,6756.5
2019-04-21 21:00:00,6755.0
2019-04-21 21:15:00,6743.6
2019-04-21 21:30:00,6729.6
2019-04-21 21:45:00,6717.8
2019-04-21 22:00:00,6702.0
2019-04-21 22:15:00,6691.4
2019-04-21 22:30:00,6678.6
2019-04-21 22:45:00,6667.5
2019-04-21 23:00:00,6652.8
2019-04-21 23:15:00,6641.7
2019-04-21 23:30:00,6632.2
2019-04-21 23:45:00,6627.8
2019-04-22 00:00:00,6620.7
2019-04-22 00:15:00,6618.3
2019-04-22 00:30:00,6614.4
2019-04-22 00:45:00,6613.0
2019-04-22 01:00:00,6608.2
2019-04-22 01:15:00,6599.8
2019-04-22 01:30:00,6597.4
2019-04-22 01:45:00,6594.8
2019-04-22 02:00:00,6599.8
2019-04-22 02:15:00,6597.8
2019-04-22 02:30:00,6598.7
2019-04-22 02:45:00,6597.9
2019-04-22 03:00:00,6603.5
2019-04-22 03:15:00,6603.4
2019-04-22 03:30:00,6609.2
2019-04-22 03:45:00,6612.7
2019-04-22 04:00:00,6616.7
2019-04-22 04:15:00,6618.1
2019-04-22 04:30:00,6624.0
2019-04-22 04:45:00,6621.3
2019-04-22 05:00:00,6621.9
2019-04-22 05:15:00,6624.3
2019-04-22 05:30:00,6626.9
2019-04-22 05:45:00,6632.9
2019-04-22 06:00:00,6645.1
2019-04-22 06:15:00,6658.6
2019-04-22 06:30:00,6671.8
2019-04-22 06:45:00,6686.6
2019-04-22 07:00:00,6704.3
2019-04-22 07:15:00,6719.2
2019-04-22 07:30:00,6729.4
2019-04-22 07:45:00,6742.6
2019-04-22 08:00:00,6755.9
2019-04-22 08:15:00,6767.7
2019-04-22 08:30:00,6780.2
2019-04-22 08:45:00,6792.4
2019-04-22 09:00:00,6797.3
2019-04-22 09:15:00,6800.3
2019-04-22 09:30:00,6807.3
2019-04-22 09:45:00,6819.6
2019-04-22 10:00:00,6823.1
2019-04-22 10:15:00,6835.9
2019-04-22 10:30:00,6844.6
2019-04-22 10:45:00,6851.9
2019-04-22 11:00:00,6843.1
2019-04-22 11:15:00,6837.0
2019-04-22 11:30:00,6830.0
2019-04-22 11:45:00,6821.3
2019-04-22 12:00:00,6823.6
2019-04-22 12:15:00,6817.7
2019-04-22 12:30:00,6811.7
2019-04-22 12:45:00,6802.9
2019-04-22 13:00:00,6792.6
2019-04-22 13:15:00,6785.5
2019-04-22 13:30:00,6779.9
2019-04-22 13:45:00,6778.9
2019-04-22 14:00:00,6779.0
2019-04-22 14:15:00,6778.3
2019-04-22 14:30:00,6777.0
2019-04-22 14:45:00,6768.6
2019-04-22 15:00:00,6772.9
2019-04-22 15:15:00,6763.8
2019-04-22 15:30:00,6764.0
2019-04-22 15:45:00,6771.3
2019-04-22 16:00:00,6773.1
2019-04-22 16:15:00,6775.9
2019-04-22 16:30:00,6789.5
2019-04-22 16:45:00,6804.6
2019-04-22 17:00:00,6808.7
2019-04-22 17:15:00,6811.7
2019-04-22 17:30:00,6817.1
2019-04-22 17:45:00,6818.8
2019-04-22 18:00:00,6819.0
2019-04-22 18:15:00,6822.2
2019-04-22 18:30:00,6821.5
2019-04-22 18:45:00,6820.2
2019-04-22 19:00:00,6823.6
2019-04-22 19:15:00,6822.9
2019-04-22 19:30:00,6827.4
2019-04-22 19:45:00,6833.3
2019-04-22 20:00:00,6840.1
2019-04-22 20:15:00,6832.7
2019-04-22 20:30:00,6823.2
2019-04-22 20:45:00,6824.6
2019-04-22 21:00:00,6822.3
2019-04-22 21:15:00,6812.2
2019-04-22 21:30:00,6797.1
2019-04-22 21:45:00,6786.0
2019-04-22 22:00:00,6770.7
2019-04-22 22:15:00,6757.8
2019-04-22 22:30:00,6744.0
2019-04-22 22:45:00,6729.5
2019-04-22 23:00:00,6717.8
2019-04-22 23:15:00,6708.4
2019-04-22 23:30:00,6700.5
2019-04-22 23:45:00,6693.4
2019-04-23 00:00:00,6680.1
2019-04-23 00:15:00,6678.1
2019-04-23 00:30:00,6670.1
2019-04-23 00:45:00,6664.1
2019-04-23 01:00:00,6662.3
2019-04-23 01:15:00,6659.8
2019-04-23 01:30:00,6658.9
2019-04-23 01:45:00,6660.0
2019-04-23 02:00:00,6661.6
2019-04-23 02:15:00,6662.6
2019-04-23 02:30:00,6666.0
2019-04-23 02:45:00,6668.1
2019-04-23 03:00:00,6682.7
2019-04-23 03:15:00,6690.3
2019-04-23 03:30:00,6698.0
2019-04-23 03:45:00,6714.1
2019-04-23 04:00:00,6755.9
2019-04-23 04:15:00,6771.0
2019-04-23 04:30:00,6793.9
2019-04-23 04:45:00,6820.5
2019-04-23 05:00:00,6870.4
2019-04-23 05:15:00,6903.6
2019-04-23 05:30:00,6931.9
2019-04-23 05:45:00,6958.6
2019-04-23 06:00:00,6997.2
2019-04-23 06:15:00,7023.0
2019-04-23 06:30:00,7045.7
2019-04-23 06:45:00,7064.4
2019-04-23 07:00:00,7083.9
2019-04-23 07:15:00,7092.1
2019-04-23 07:30:00,7102.5
2019-04-23 07:45:00,7109.2
2019-04-23 08:00:00,7102.4
2019-04-23 08:15:00,7112.8
2019-04-23 08:30:00,7123.9
2019-04-23 08:45:00,7134.7
2019-04-23 09:00:00,7134.5
2019-04-23 09:15:00,7131.9
2019-04-23 09:30:00,7134.2
2019-04-23 09:45:00,7140.5
2019-04-23 10:00:00,7139.4
2019-04-23 10:15:00,7154.7
2019-04-23 10:30:00,7158.2
2019-04-23 10:45:00,7162.3
2019-04-23 11:00:00,7148.7
2019-04-23 11:15:00,7144.9
2019-04-23 11:30:00,7147.0
2019-04-23 11:45:00,7149.0
2019-04-23 12:00:00,7146.6
2019-04-23 12:15:00,7142.9
2019-04-23 12:30:00,7134.8
2019-04-23 12:45:00,7123.7
2019-04-23 13:00:00,7108.0
2019-04-23 13:15:00,7120.3
2019-04-23 13:30:00,7115.7
2019-04-23 13:45:00,7107.3
2019-04-23 14:00:00,7108.0
2019-04-23 14:15:00,7098.3
2019-04-23 14:30:00,7093.5
2019-04-23 14:45:00,7088.4
2019-04-23 15:00:00,7085.1
2019-04-23 15:15:00,7079.0
2019-04-23 15:30:00,7067.7
2019-04-23 15:45:00,7072.2
2019-04-23 16:00:00,7073.6
2019-04-23 16:15:00,7072.0
2019-04-23 16:30:00,7073.4
2019-04-23 16:45:00,7074.1
2019-04-23 17:00:00,7077.3
2019-04-23 17:15:00,7074.1
2019-04-23 17:30:00,7072.2
2019-04-23 17:45:00,7073.9
2019-04-23 18:00:00,7069.3
2019-04-23 18:15:00,7063.5
2019-04-23 18:30:00,7059.1
2019-04-23 18:45:00,7054.7
2019-04-23 19:00:00,7044.4
2019-04-23 19:15:00,7041.6
2019-04-23 19:30:00,7041.6
2019-04-23 19:45:00,7043.1
2019-04-23 20:00:00,7029.6
2019-04-23 20:15:00,7011.9
2019-04-23 20:30:00,6995.5
2019-04-23 20:45:00,6977.0
2019-04-23 21:00:00,6953.2
2019-04-23 21:15:00,6935.0
2019-04-23 21:30:00,6916.8
2019-04-23 21:45:00,6897.2
2019-04-23 22:00:00,6875.3
2019-04-23 22:15:00,6858.0
2019-04-23 22:30:00,6843.9
2019-04-23 22:45:00,6832.3
2019-04-23 23:00:00,6816.0
2019-04-23 23:15:00,6805.9
2019-04-23 23:30:00,6795.4
2019-04-23 23:45:00,6787.9
2019-04-24 00:00:00,6781.1
2019-04-24 00:15:00,6774.6
2019-04-24 00:30:00,6774.3
2019-04-24 00:45:00,6770.6
2019-04-24 01:00:00,6763.8
2019-04-24 01:15:00,6758.1
2019-04-24 01:30:00,6763.8
2019-04-24 01:45:00,6760.4
2019-04-24 02:00:00,6763.9
2019-04-24 02:15:00,6766.7
2019-04-24 02:30:00,6777.8
2019-04-24 02:45:00,6773.4
2019-04-24 03:00:00,6779.9
2019-04-24 03:15:00,6781.3
2019-04-24 03:30:00,6794.6
2019-04-24 03:45:00,6801.3
2019-04-24 04:00:00,6822.5
2019-04-24 04:15:00,6838.4
2019-04-24 04:30:00,6853.8
2019-04-24 04:45:00,6878.3
2019-04-24 05:00:00,6920.7
2019-04-24 05:15:00,6947.8
2019-04-24 05:30:00,6973.8
2019-04-24 05:45:00,6995.2
2019-04-24 06:00:00,7024.9
2019-04-24 06:15:00,7048.7
2019-04-24 06:30:00,7067.4
2019-04-24 06:45:00,7078.5
2019-04-24 07:00:00,7099.0
2019-04-24 07:15:00,7105.2
2019-04-24 07:30:00,7119.6
2019-04-24 07:45:00,7114.1
2019-04-24 08:00:00,7111.9
2019-04-24 08:15:00,7123.9
2019-04-24 08:30:00,7133.0
2019-04-24 08:45:00,7138.3
2019-04-24 09:00:00,7145.3
2019-04-24 09:15:00,7151.7
2019-04-24 09:30:00,7158.7
2019-04-24 09:45:00,7164.2
2019-04-24 10:00:00,7161.6
2019-04-24 10:15:00,7166.7
2019-04-24 10:30:00,7172.4
2019-04-24 10:45:00,7170.8
2019-04-24 11:00:00,7160.4
2019-04-24 11:15:00,7157.6
2019-04-24 11:30:00,7153.5
2019-04-24 11:45:00,7145.7
2019-04-24 12:00:00,7154.4
2019-04-24 12:15:00,7149.0
2019-04-24 12:30:00,7143.2
2019-04-24 12:45:00,7131.3
2019-04-24 13:00:00,7127.7
2019-04-24 13:15:00,7130.1
2019-04-24 13:30:00,7126.8
2019-04-24 13:45:00,7120.0
2019-04-24 14:00:00,7112.9
2019-04-24 14:15:00,7106.7
2019-04-24 14:30:00,7099.6
2019-04-24 14:45:00,7092.0
2019-04-24 15:00:00,7090.3
2019-04-24 15:15:00,7081.8
2019-04-24 15:30:00,7070.8
2019-04-24 15:45:00,7064.7
2019-04-24 16:00:00,7064.4
2019-04-24 16:15:00,7064.2
2019-04-24 16:30:00,7065.9
2019-04-24 16:45:00,7063.5
2019-04-24 17:00:00,7062.9
2019-04-24 17:15:00,7068.1
2019-04-24 17:30:00,7065.1
2019-04-24 17:45:00,7067.0
2019-04-24 18:00:00,7077.5
2019-04-24 18:15:00,7072.3
2019-04-24 18:30:00,7067.8
2019-04-24 18:45:00,7065.1
2019-04-24 19:00:00,7060.5
2019-04-24 19:15:00,7054.7
2019-04-24 19:30:00,7054.6
2019-04-24 19:45:00,7050.1
2019-04-24 20:00:00,7048.4
2019-04-24 20:15:00,7037.8
2019-04-24 20:30:00,7024.9
2019-04-24 20:45:00,7009.0
2019-04-24 21:00:00,6990.6
2019-04-24 21:15:00,6967.3
2019-04-24 21:30:00,6952.6
2019-04-24 21:45:00,6935.2
2019-04-24 22:00:00,6908.3
2019-04-24 22:15:00,6888.5
2019-04-24 22:30:00,6875.7
2019-04-24 22:45:00,6860.7
2019-04-24 23:00:00,6837.4
2019-04-24 23:15:00,6823.6
2019-04-24 23:30:00,6814.8
2019-04-24 23:45:00,6811.7
2019-04-25 00:00:00,6793.5
2019-04-25 00:15:00,6783.9
2019-04-25 00:30:00,6779.5
2019-04-25 00:45:00,6772.1
2019-04-25 01:00:00,6756.4
2019-04-25 01:15:00,6753.2
2019-04-25 01:30:00,6752.8
2019-04-25 01:45:00,6754.9
2019-04-25 02:00:00,6757.2
2019-04-25 02:15:00,6758.8
2019-04-25 02:30:00,6761.1
2019-04-25 02:45:00,6759.8
2019-04-25 03:00:00,6773.9
2019-04-25 03:15:00,6787.5
2019-04-25 03:30:00,6792.6
2019-04-25 03:45:00,6803.4
2019-04-25 04:00:00,6829.0
2019-04-25 04:15:00,6846.9
2019-04-25 04:30:00,6864.1
2019-04-25 04:45:00,6886.9
2019-04-25 05:00:00,6931.2
2019-04-25 05:15:00,6960.7
2019-04-25 05:30:00,6980.6
2019-04-25 05:45:00,7002.1
2019-04-25 06:00:00,7029.9
2019-04-25 06:15:00,7048.3
2019-04-25 06:30:00,7062.7
2019-04-25 06:45:00,7079.4
2019-04-25 07:00:00,7095.5
2019-04-25 07:15:00,7107.1
2019-04-25 07:30:00,7114.4
2019-04-25 07:45:00,7119.5
2019-04-25 08:00:00,7121.7
2019-04-25 08:15:00,7125.7
2019-04-25 08:30:00,7139.8
2019-04-25 08:45:00,7144.5
2019-04-25 09:00:00,7152.7
2019-04-25 09:15:00,7152.7
2019-04-25 09:30:00,7154.1
2019-04-25 09:45:00,7156.9
2019-04-25 10:00:00,7163.2
2019-04-25 10:15:00,7168.7
2019-04-25 10:30:00,7178.6
2019-04-25 10:45:00,7181.8
2019-04-25 11:00:00,7176.2
2019-04-25 11:15:00,7171.7
2019-04-25 11:30:00,7170.9
2019-04-25 11:45:00,7172.8
2019-04-25 12:00:00,7153.7
2019-04-25 12:15:00,7150.0
2019-04-25 12:30:00,7140.1
2019-04-25 12:45:00,7127.3
2019-04-25 13:00:00,7124.3
2019-04-25 13:15:00,7126.6
2019-04-25 13:30:00,7117.0
2019-04-25 13:45:00,7115.7
2019-04-25 14:00:00,7113.6
2019-04-25 14:15:00,7107.2
2019-04-25 14:30:00,7104.8
2019-04-25 14:45:00,7101.8
2019-04-25 15:00:00,7098.9
2019-04-25 15:15:00,7088.7
2019-04-25 15:30:00,7081.6
2019-04-25 15:45:00,7080.3
2019-04-25 16:00:00,7077.9
2019-04-25 16:15:00,7077.4
2019-04-25 16:30:00,7079.0
2019-04-25 16:45:00,7078.1
2019-04-25 17:00:00,7066.6
2019-04-25 17:15:00,7060.6
2019-04-25 17:30:00,7060.9
2019-04-25 17:45:00,7063.3
2019-04-25 18:00:00,7060.5
2019-04-25 18:15:00,7060.0
2019-04-25 18:30:00,7055.4
2019-04-25 18:45:00,7052.3
2019-04-25 19:00:00,7039.7
2019-04-25 19:15:00,7031.5
2019-04-25 19:30:00,7037.2
2019-04-25 19:45:00,7040.2
2019-04-25 20:00:00,7035.0
2019-04-25 20:15:00,7027.9
2019-04-25 20:30:00,7010.4
2019-04-25 20:45:00,6990.8
2019-04-25 21:00:00,6975.7
2019-04-25 21:15:00,6961.0
2019-04-25 21:30:00,6941.0
2019-04-25 21:45:00,6922.8
2019-04-25 22:00:00,6901.2
2019-04-25 22:15:00,6889.4
2019-04-25 22:30:00,6876.0
2019-04-25 22:45:00,6860.2
2019-04-25 23:00:00,6846.9
2019-04-25 23:15:00,6840.5
2019-04-25 23:30:00,6827.0
2019-04-25 23:45:00,6817.9
2019-04-26 00:00:00,6798.2
2019-04-26 00:15:00,6790.6
2019-04-26 00:30:00,6780.6
2019-04-26 00:45:00,6772.4
2019-04-26 01:00:00,6761.2
2019-04-26 01:15:00,6755.9
2019-04-26 01:30:00,6754.9
2019-04-26 01:45:00,6755.6
2019-04-26 02:00:00,6758.2
2019-04-26 02:15:00,6756.1
2019-04-26 02:30:00,6758.3
2019-04-26 02:45:00,6761.7
2019-04-26 03:00:00,6773.7
2019-04-26 03:15:00,6785.3
2019-04-26 03:30:00,6794.3
2019-04-26 03:45:00,6798.8
2019-04-26 04:00:00,6822.9
2019-04-26 04:15:00,6839.8
2019-04-26 04:30:00,6855.7
2019-04-26 04:45:00,6879.1
2019-04-26 05:00:00,6928.3
2019-04-26 05:15:00,6957.0
2019-04-26 05:30:00,6978.8
2019-04-26 05:45:00,7000.2
2019-04-26 06:00:00,7030.2
2019-04-26 06:15:00,7054.5
2019-04-26 06:30:00,7074.2
2019-04-26 06:45:00,7088.6
2019-04-26 07:00:00,7105.2
2019-04-26 07:15:00,7123.2
2019-04-26 07:30:00,7130.3
2019-04-26 07:45:00,7137.0
2019-04-26 08:00:00,7131.7
2019-04-26 08:15:00,7139.8
2019-04-26 08:30:00,7156.2
2019-04-26 08:45:00,7164.0
2019-04-26 09:00:00,7166.0
2019-04-26 09:15:00,7171.7
2019-04-26 09:30:00,7176.4
2019-04-26 09:45:00,7177.8
2019-04-26 10:00:00,7182.7
2019-04-26 10:15:00,7182.8
2019-04-26 10:30:00,7190.6
2019-04-26 10:45:00,7191.5
2019-04-26 11:00:00,7179.3
2019-04-26 11:15:00,7168.8
2019-04-26 11:30:00,7170.1
2019-04-26 11:45:00,7162.1
2019-04-26 12:00:00,7151.8
2019-04-26 12:15:00,7143.2
2019-04-26 12:30:00,7135.0
2019-04-26 12:45:00,7123.2
2019-04-26 13:00:00,7117.6
2019-04-26 13:15:00,7117.9
2019-04-26 13:30:00,7106.5
2019-04-26 13:45:00,7095.5
2019-04-26 14:00:00,7087.9
2019-04-26 14:15:00,7076.8
2019-04-26 14:30:00,7071.4
2019-04-26 14:45:00,7060.9
2019-04-26 15:00:00,7059.8
2019-04-26 15:15:00,7052.0
2019-04-26 15:30:00,7046.8
2019-04-26 15:45:00,7047.1
2019-04-26 16:00:00,7052.3
2019-04-26 16:15:00,7050.4
2019-04-26 16:30:00,7055.8
2019-04-26 16:45:00,7053.7
2019-04-26 17:00:00,7055.0
2019-04-26 17:15:00,7056.6
2019-04-26 17:30:00,7059.4
2019-04-26 17:45:00,7054.5
2019-04-26 18:00:00,7049.5
2019-04-26 18:15:00,7044.4
2019-04-26 18:30:00,7041.0
2019-04-26 18:45:00,7032.5
2019-04-26 19:00:00,7019.3
2019-04-26 19:15:00,7012.2
2019-04-26 19:30:00,7008.9
2019-04-26 19:45:00,7007.6
2019-04-26 20:00:00,7000.6
2019-04-26 20:15:00,6981.5
2019-04-26 20:30:00,6966.1
2019-04-26 20:45:00,6953.5
2019-04-26 21:00:00,6945.8
2019-04-26 21:15:00,6929.2
2019-04-26 21:30:00,6910.7
2019-04-26 21:45:00,6899.3
2019-04-26 22:00:00,6879.6
2019-04-26 22:15:00,6865.0
2019-04-26 22:30:00,6845.6
2019-04-26 22:45:00,6835.1
2019-04-26 23:00:00,6804.1
2019-04-26 23:15:00,6787.0
2019-04-26 23:30:00,6774.6
2019-04-26 23:45:00,6766.2
2019-04-27 00:00:00,6755.7
2019-04-27 00:15:00,6752.0
2019-04-27 00:30:00,6744.3
2019-04-27 00:45:00,6740.7
2019-04-27 01:00:00,6736.5
2019-04-27 01:15:00,6735.3
2019-04-27 01:30:00,6736.6
2019-04-27 01:45:00,6735.1
2019-04-27 02:00:00,6738.3
2019-04-27 02:15:00,6737.7
2019-04-27 02:30:00,6734.2
2019-04-27 02:45:00,6740.3
2019-04-27 03:00:00,6742.6
2019-04-27 03:15:00,6746.6
2019-04-27 03:30:00,6748.4
2019-04-27 03:45:00,6749.5
2019-04-27 04:00:00,6753.9
2019-04-27 04:15:00,6751.9
2019-04-27 04:30:00,6750.6
2019-04-27 04:45:00,6750.8
2019-04-27 05:00:00,6753.2
2019-04-27 05:15:00,6755.6
2019-04-27 05:30:00,6764.1
2019-04-27 05:45:00,6775.4
2019-04-27 06:00:00,6791.6
2019-04-27 06:15:00,6803.9
2019-04-27 06:30:00,6825.7
2019-04-27 06:45:00,6842.2
2019-04-27 07:00:00,6865.6
2019-04-27 07:15:00,6878.3
2019-04-27 07:30:00,6892.6
2019-04-27 07:45:00,6905.1
2019-04-27 08:00:00,6916.0
2019-04-27 08:15:00,6926.1
2019-04-27 08:30:00,6941.4
2019-04-27 08:45:00,6951.7
2019-04-27 09:00:00,6961.1
2019-04-27 09:15:00,6964.9
2019-04-27 09:30:00,6969.8
2019-04-27 09:45:00,6977.9
2019-04-27 10:00:00,6977.6
2019-04-27 10:15:00,6979.0
2019-04-27 10:30:00,6979.1
2019-04-27 10:45:00,6977.3
2019-04-27 11:00:00,6969.5
2019-04-27 11:15:00,6965.2
2019-04-27 11:30:00,6963.4
2019-04-27 11:45:00,6957.9
2019-04-27 12:00:00,6952.0
2019-04-27 12:15:00,6943.1
2019-04-27 12:30:00,6930.7
2019-04-27 12:45:00,6918.6
2019-04-27 13:00:00,6910.6
2019-04-27 13:15:00,6899.7
2019-04-27 13:30:00,6891.4
2019-04-27 13:45:00,6889.7
2019-04-27 14:00:00,6890.2
2019-04-27 14:15:00,6889.4
2019-04-27 14:30:00,6890.5
2019-04-27 14:45:00,6887.5
2019-04-27 15:00:00,6890.2
2019-04-27 15:15:00,6883.4
2019-04-27 15:30:00,6882.4
2019-04-27 15:45:00,6880.1
2019-04-27 16:00:00,6881.9
2019-04-27 16:15:00,6890.9
2019-04-27 16:30:00,6900.9
2019-04-27 16:45:00,6902.4
2019-04-27 17:00:00,6910.2
2019-04-27 17:15:00,6908.6
2019-04-27 17:30:00,6913.6
2019-04-27 17:45:00,6910.9
2019-04-27 18:00:00,6907.0
2019-04-27 18:15:00,6895.9
2019-04-27 18:30:00,6892.0
2019-04-27 18:45:00,6887.9
2019-04-27 19:00:00,6883.4
2019-04-27 19:15:00,6876.8
2019-04-27 19:30:00,6878.5
2019-04-27 19:45:00,6877.0
2019-04-27 20:00:00,6875.2
2019-04-27 20:15:00,6863.9
2019-04-27 20:30:00,6856.3
2019-04-27 20:45:00,6843.1
2019-04-27 21:00:00,6838.9
2019-04-27 21:15:00,6829.6
2019-04-27 21:30:00,6817.5
2019-04-27 21:45:00,6799.6
2019-04-27 22:00:00,6775.0
2019-04-27 22:15:00,6759.0
2019-04-27 22:30:00,6742.4
2019-04-27 22:45:00,6729.5
2019-04-27 23:00:00,6725.1
2019-04-27 23:15:00,6715.1
2019-04-27 23:30:00,6705.4
2019-04-27 23:45:00,6700.7
2019-04-28 00:00:00,6692.4
2019-04-28 00:15:00,6686.2
2019-04-28 00:30:00,6679.0
2019-04-28 00:45:00,6679.0
2019-04-28 01:00:00,6673.7
2019-04-28 01:15:00,6669.5
2019-04-28 01:30:00,6666.0
2019-04-28 01:45:00,6663.4
2019-04-28 02:00:00,6662.1
2019-04-28 02:15:00,6664.0
2019-04-28 02:30:00,6665.5
2019-04-28 02:45:00,6664.7
2019-04-28 03:00:00,6668.7
2019-04-28 03:15:00,6667.4
2019-04-28 03:30:00,6667.8
2019-04-28 03:45:00,6666.8
2019-04-28 04:00:00,6671.0
2019-04-28 04:15:00,6672.6
2019-04-28 04:30:00,6672.1
2019-04-28 04:45:00,6667.3
2019-04-28 05:00:00,6668.1
2019-04-28 05:15:00,6664.4
2019-04-28 05:30:00,6670.9
2019-04-28 05:45:00,6676.5
2019-04-28 06:00:00,6688.8
2019-04-28 06:15:00,6697.3
2019-04-28 06:30:00,6708.5
2019-04-28 06:45:00,6719.1
2019-04-28 07:00:00,6728.4
2019-04-28 07:15:00,6747.3
2019-04-28 07:30:00,6757.7
2019-04-28 07:45:00,6772.5
2019-04-28 08:00:00,6787.7
2019-04-28 08:15:00,6803.3
2019-04-28 08:30:00,6817.4
2019-04-28 08:45:00,6829.1
2019-04-28 09:00:00,6839.9
2019-04-28 09:15:00,6842.9
2019-04-28 09:30:00,6856.6
2019-04-28 09:45:00,6863.7
2019-04-28 10:00:00,6874.7
2019-04-28 10:15:00,6891.3
2019-04-28 10:30:00,6894.9
2019-04-28 10:45:00,6894.4
2019-04-28 11:00:00,6892.7
2019-04-28 11:15:00,6890.9
2019-04-28 11:30:00,6887.3
2019-04-28 11:45:00,6881.3
2019-04-28 12:00:00,6874.4
2019-04-28 12:15:00,6860.2
2019-04-28 12:30:00,6853.2
2019-04-28 12:45:00,6843.2
2019-04-28 13:00:00,6845.9
2019-04-28 13:15:00,6842.4
2019-04-28 13:30:00,6836.5
2019-04-28 13:45:00,6831.3
2019-04-28 14:00:00,6829.3
2019-04-28 14:15:00,6820.1
2019-04-28 14:30:00,6808.6
2019-04-28 14:45:00,6802.6
2019-04-28 15:00:00,6808.3
2019-04-28 15:15:00,6804.5
2019-04-28 15:30:00,6804.4
2019-04-28 15:45:00,6807.0
2019-04-28 16:00:00,6820.4
2019-04-28 16:15:00,6827.0
2019-04-28 16:30:00,6836.6
2019-04-28 16:45:00,6838.1
2019-04-28 17:00:00,6850.3
2019-04-28 17:15:00,6852.2
2019-04-28 17:30:00,6856.2
2019-04-28 17:45:00,6857.8
2019-04-28 18:00:00,6870.3
2019-04-28 18:15:00,6864.9
2019-04-28 18:30:00,6864.3
2019-04-28 18:45:00,6859.3
2019-04-28 19:00:00,6868.2
2019-04-28 19:15:00,6864.3
2019-04-28 19:30:00,6860.6
2019-04-28 19:45:00,6866.0
2019-04-28 20:00:00,6877.1
2019-04-28 20:15:00,6880.0
2019-04-28 20:30:00,6872.3
2019-04-28 20:45:00,6873.2
2019-04-28 21:00:00,6875.2
2019-04-28 21:15:00,6868.6
2019-04-28 21:30:00,6854.9
2019-04-28 21:45:00,6838.8
2019-04-28 22:00:00,6820.5
2019-04-28 22:15:00,6807.8
2019-04-28 22:30:00,6794.5
2019-04-28 22:45:00,6783.1
2019-04-28 23:00:00,6769.8
2019-04-28 23:15:00,6764.3
2019-04-28 23:30:00,6756.3
2019-04-28 23:45:00,6749.7
2019-04-29 00:00:00,6738.7
2019-04-29 00:15:00,6738.5
2019-04-29 00:30:00,6739.4
2019-04-29 00:45:00,6733.6
2019-04-29 01:00:00,6727.6
2019-04-29 01:15:00,6730.4
2019-04-29 01:30:00,6734.2
2019-04-29 01:45:00,6733.1
2019-04-29 02:00:00,6737.3
2019-04-29 02:15:00,6744.0
2019-04-29 02:30:00,6745.6
2019-04-29 02:45:00,6747.7
2019-04-29 03:00:00,6754.0
2019-04-29 03:15:00,6763.9
2019-04-29 03:30:00,6779.7
2019-04-29 03:45:00,6792.4
2019-04-29 04:00:00,6817.7
2019-04-29 04:15:00,6835.2
2019-04-29 04:30:00,6859.8
2019-04-29 04:45:00,6882.8
2019-04-29 05:00:00,6929.8
2019-04-29 05:15:00,6965.0
2019-04-29 05:30:00,6991.8
2019-04-29 05:45:00,7016.6
2019-04-29 06:00:00,7046.2
2019-04-29 06:15:00,7069.0
2019-04-29 06:30:00,7080.7
2019-04-29 06:45:00,7092.9
2019-04-29 07:00:00,7104.3
2019-04-29 07:15:00,7114.8
2019-04-29 07:30:00,7121.2
2019-04-29 07:45:00,7122.7
2019-04-29 08:00:00,7118.9
2019-04-29 08:15:00,7122.6
2019-04-29 08:30:00,7129.4
2019-04-29 08:45:00,7134.2
2019-04-29 09:00:00,7138.8
2019-04-29 09:15:00,7141.2
2019-04-29 09:30:00,7143.4
2019-04-29 09:45:00,7148.0
2019-04-29 10:00:00,7153.1
2019-04-29 10:15:00,7160.5
2019-04-29 10:30:00,7170.2
2019-04-29 10:45:00,7173.9
2019-04-29 11:00:00,7161.3
2019-04-29 11:15:00,7154.8
2019-04-29 11:30:00,7152.6
2019-04-29 11:45:00,7150.8
2019-04-29 12:00:00,7162.6
2019-04-29 12:15:00,7160.4
2019-04-29 12:30:00,7151.4
2019-04-29 12:45:00,7140.2
2019-04-29 13:00:00,7137.3
2019-04-29 13:15:00,7134.7
2019-04-29 13:30:00,7132.8
2019-04-29 13:45:00,7129.5
2019-04-29 14:00:00,7135.7
2019-04-29 14:15:00,7131.2
2019-04-29 14:30:00,7120.2
2019-04-29 14:45:00,7116.9
2019-04-29 15:00:00,7114.6
2019-04-29 15:15:00,7109.1
2019-04-29 15:30:00,7106.9
2019-04-29 15:45:00,7100.7
2019-04-29 16:00:00,7099.2
2019-04-29 16:15:00,7105.8
2019-04-29 16:30:00,7104.1
2019-04-29 16:45:00,7105.8
2019-04-29 17:00:00,7102.0
2019-04-29 17:15:00,7097.1
2019-04-29 17:30:00,7098.6
2019-04-29 17:45:00,7101.1
2019-04-29 18:00:00,7096.6
2019-04-29 18:15:00,7091.0
2019-04-29 18:30:00,7087.7
2019-04-29 18:45:00,7084.2
2019-04-29 19:00:00,7077.6
2019-04-29 19:15:00,7066.6
2019-04-29 19:30:00,7055.6
2019-04-29 19:45:00,7046.3
2019-04-29 20:00:00,7040.6
2019-04-29 20:15:00,7033.8
2019-04-29 20:30:00,7018.9
2019-04-29 20:45:00,6998.9
2019-04-29 21:00:00,6985.4
2019-04-29 21:15:00,6969.8
2019-04-29 21:30:00,6950.2
2019-04-29 21:45:00,6925.9
2019-04-29 22:00:00,6902.7
2019-04-29 22:15:00,6886.4
2019-04-29 22:30:00,6871.9
2019-04-29 22:45:00,6855.9
2019-04-29 23:00:00,6834.8
2019-04-29 23:15:00,6823.4
2019-04-29 23:30:00,6816.3
2019-04-29 23:45:00,6807.2
2019-04-30 00:00:00,6804.1
2019-04-30 00:15:00,6797.1
2019-04-30 00:30:00,6797.3
2019-04-30 00:45:00,6790.8
2019-04-30 01:00:00,6781.5
2019-04-30 01:15:00,6780.6
2019-04-30 01:30:00,6783.1
2019-04-30 01:45:00,6782.6
2019-04-30 02:00:00,6784.9
2019-04-30 02:15:00,6788.9
2019-04-30 02:30:00,6789.2
2019-04-30 02:45:00,6794.5
2019-04-30 03:00:00,6803.5
2019-04-30 03:15:00,6813.7
2019-04-30 03:30:00,6819.7
2019-04-30 03:45:00,6829.8
2019-04-30 04:00:00,6853.6
2019-04-30 04:15:00,6869.2
2019-04-30 04:30:00,6882.6
2019-04-30 04:45:00,6901.2
2019-04-30 05:00:00,6946.8
2019-04-30 05:15:00,6985.6
2019-04-30 05:30:00,7015.4
2019-04-30 05:45:00,7037.4
2019-04-30 06:00:00,7064.2
2019-04-30 06:15:00,7081.8
2019-04-30 06:30:00,7094.6
2019-04-30 06:45:00,7106.2
2019-04-30 07:00:00,7124.1
2019-04-30 07:15:00,7131.9
2019-04-30 07:30:00,7135.7
2019-04-30 07:45:00,7138.3
2019-04-30 08:00:00,7130.5
2019-04-30 08:15:00,7134.5
2019-04-30 08:30:00,7142.1
2019-04-30 08:45:00,7147.4
2019-04-30 09:00:00,7139.9
2019-04-30 09:15:00,7139.4
2019-04-30 09:30:00,7138.9
2019-04-30 09:45:00,7143.0
2019-04-30 10:00:00,7137.9
2019-04-30 10:15:00,7143.6
2019-04-30 10:30:00,7148.7
2019-04-30 10:45:00,7151.4
2019-04-30 11:00:00,7138.9
2019-04-30 11:15:00,7135.3
2019-04-30 11:30:00,7135.6
2019-04-30 11:45:00,7135.9
2019-04-30 12:00:00,7131.5
2019-04-30 12:15:00,7128.2
2019-04-30 12:30:00,7123.9
2019-04-30 12:45:00,7111.9
2019-04-30 13:00:00,7103.5
2019-04-30 13:15:00,7102.0
2019-04-30 13:30:00,7097.2
2019-04-30 13:45:00,7089.3
2019-04-30 14:00:00,7091.0
2019-04-30 14:15:00,7083.3
2019-04-30 14:30:00,7071.3
2019-04-30 14:45:00,7061.4
2019-04-30 15:00:00,7058.0
2019-04-30 15:15:00,7049.7
2019-04-30 15:30:00,7042.4
2019-04-30 15:45:00,7039.7
2019-04-30 16:00:00,7036.2
2019-04-30 16:15:00,7033.2
2019-04-30 16:30:00,7032.3
2019-04-30 16:45:00,7035.3
2019-04-30 17:00:00,7036.6
2019-04-30 17:15:00,7024.4
2019-04-30 17:30:00,7024.5
2019-04-30 17:45:00,7027.0
2019-04-30 18:00:00,7032.0
2019-04-30 18:15:00,7026.6
2019-04-30 18:30:00,7020.2
2019-04-30 18:45:00,7017.3
2019-04-30 19:00:00,7007.9
2019-04-30 19:15:00,6998.8
2019-04-30 19:30:00,6997.4
2019-04-30 19:45:00,6995.5
2019-04-30 20:00:00,6994.5
2019-04-30 20:15:00,6987.4
2019-04-30 20:30:00,6970.4
2019-04-30 20:45:00,6944.8
2019-04-30 21:00:00,6930.8
2019-04-30 21:15:00,6917.6
2019-04-30 21:30:00,6898.7
2019-04-30 21:45:00,6882.3
2019-04-30 22:00:00,6856.8
2019-04-30 22:15:00,6845.1
2019-04-30 22:30:00,6829.3
2019-04-30 22:45:00,6818.6
2019-04-30 23:00:00,6791.8
2019-04-30 23:15:00,6786.3
2019-04-30 23:30:00,6776.1
2019-04-30 23:45:00,6765.1
2019-05-01 00:00:00,6752.5
2019-05-01 00:15:00,6747.5
2019-05-01 00:30:00,6742.2
2019-05-01 00:45:00,6735.2
2019-05-01 01:00:00,6719.9
2019-05-01 01:15:00,6713.8
2019-05-01 01:30:00,6710.2
2019-05-01 01:45:00,6707.8
2019-05-01 02:00:00,6709.9
2019-05-01 02:15:00,6706.3
2019-05-01 02:30:00,6702.4
2019-05-01 02:45:00,6700.8
2019-05-01 03:00:00,6701.4
2019-05-01 03:15:00,6701.3
2019-05-01 03:30:00,6702.2
2019-05-01 03:45:00,6702.1
2019-05-01 04:00:00,6704.2
2019-05-01 04:15:00,6697.7
2019-05-01 04:30:00,6689.8
2019-05-01 04:45:00,6677.5
2019-05-01 05:00:00,6669.6
2019-05-01 05:15:00,6666.8
2019-05-01 05:30:00,6672.6
2019-05-01 05:45:00,6681.4
2019-05-01 06:00:00,6691.3
2019-05-01 06:15:00,6702.8
2019-05-01 06:30:00,6716.5
2019-05-01 06:45:00,6732.2
2019-05-01 07:00:00,6750.2
2019-05-01 07:15:00,6763.2
2019-05-01 07:30:00,6776.7
2019-05-01 07:45:00,6791.3
2019-05-01 08:00:00,6803.1
2019-05-01 08:15:00,6816.2
2019-05-01 08:30:00,6826.0
2019-05-01 08:45:00,6835.8
2019-05-01 09:00:00,6844.4
2019-05-01 09:15:00,6853.3
2019-05-01 09:30:00,6865.6
2019-05-01 09:45:00,6871.0
2019-05-01 10:00:00,6872.7
2019-05-01 10:15:00,6881.7
2019-05-01 10:30:00,6886.5
2019-05-01 10:45:00,6888.1
2019-05-01 11:00:00,6873.6
2019-05-01 11:15:00,6870.4
2019-05-01 11:30:00,6863.2
2019-05-01 11:45:00,6856.6
2019-05-01 12:00:00,6845.9
2019-05-01 12:15:00,6833.3
2019-05-01 12:30:00,6826.5
2019-05-01 12:45:00,6820.4
2019-05-01 13:00:00,6810.6
2019-05-01 13:15:00,6806.4
2019-05-01 13:30:00,6804.0
2019-05-01 13:45:00,6798.6
2019-05-01 14:00:00,6802.7
2019-05-01 14:15:00,6798.2
2019-05-01 14:30:00,6803.3
2019-05-01 14:45:00,6797.5
2019-05-01 15:00:00,6796.6
2019-05-01 15:15:00,6790.4
2019-05-01 15:30:00,6787.0
2019-05-01 15:45:00,6787.5
2019-05-01 16:00:00,6792.8
2019-05-01 16:15:00,6798.5
2019-05-01 16:30:00,6798.8
2019-05-01 16:45:00,6801.2
2019-05-01 17:00:00,6814.7
2019-05-01 17:15:00,6821.4
2019-05-01 17:30:00,6821.8
2019-05-01 17:45:00,6825.7
2019-05-01 18:00:00,6837.6
2019-05-01 18:15:00,6834.1
2019-05-01 18:30:00,6836.2
2019-05-01 18:45:00,6835.1
2019-05-01 19:00:00,6836.3
2019-05-01 19:15:00,6833.8
2019-05-01 19:30:00,6832.7
2019-05-01 19:45:00,6835.6
2019-05-01 20:00:00,6839.8
2019-05-01 20:15:00,6840.2
2019-05-01 20:30:00,6835.8
2019-05-01 20:45:00,6831.5
2019-05-01 21:00:00,6840.6
2019-05-01 21:15:00,6831.1
2019-05-01 21:30:00,6814.8
2019-05-01 21:45:00,6798.7
2019-05-01 22:00:00,6779.2
2019-05-01 22:15:00,6762.8
2019-05-01 22:30:00,6748.1
2019-05-01 22:45:00,6737.5
2019-05-01 23:00:00,6726.0
2019-05-01 23:15:00,6718.4
2019-05-01 23:30:00,6711.2
2019-05-01 23:45:00,6706.5
2019-05-02 00:00:00,6701.0
2019-05-02 00:15:00,6698.5
2019-05-02 00:30:00,6697.6
2019-05-02 00:45:00,6695.4
2019-05-02 01:00:00,6694.0
2019-05-02 01:15:00,6696.7
2019-05-02 01:30:00,6696.4
2019-05-02 01:45:00,6698.2
2019-05-02 02:00:00,6701.9
2019-05-02 02:15:00,6703.1
2019-05-02 02:30:00,6708.5
2019-05-02 02:45:00,6715.8
2019-05-02 03:00:00,6729.0
2019-05-02 03:15:00,6735.5
2019-05-02 03:30:00,6743.0
2019-05-02 03:45:00,6756.7
2019-05-02 04:00:00,6782.6
2019-05-02 04:15:00,6801.0
2019-05-02 04:30:00,6821.0
2019-05-02 04:45:00,6850.1
2019-05-02 05:00:00,6904.1
2019-05-02 05:15:00,6942.2
2019-05-02 05:30:00,6972.5
2019-05-02 05:45:00,7001.7
2019-05-02 06:00:00,7031.4
2019-05-02 06:15:00,7050.2
2019-05-02 06:30:00,7067.0
2019-05-02 06:45:00,7084.8
2019-05-02 07:00:00,7092.3
2019-05-02 07:15:00,7103.5
2019-05-02 07:30:00,7109.1
2019-05-02 07:45:00,7115.6
2019-05-02 08:00:00,7111.2
2019-05-02 08:15:00,7116.7
2019-05-02 08:30:00,7125.9
2019-05-02 08:45:00,7130.4
2019-05-02 09:00:00,7135.3
2019-05-02 09:15:00,7138.4
2019-05-02 09:30:00,7143.4
2019-05-02 09:45:00,7147.0
2019-05-02 10:00:00,7150.9
2019-05-02 10:15:00,7151.6
2019-05-02 10:30:00,7156.9
2019-05-02 10:45:00,7159.8
2019-05-02 11:00:00,7147.5
2019-05-02 11:15:00,7143.8
2019-05-02 11:30:00,7143.8
2019-05-02 11:45:00,7142.0
2019-05-02 12:00:00,7137.6
2019-05-02 12:15:00,7137.5
2019-05-02 12:30:00,7130.3
2019-05-02 12:45:00,7124.9
2019-05-02 13:00:00,7122.1
2019-05-02 13:15:00,7118.9
2019-05-02 13:30:00,7114.4
2019-05-02 13:45:00,7109.5
2019-05-02 14:00:00,7123.5
2019-05-02 14:15:00,7118.2
2019-05-02 14:30:00,7114.8
2019-05-02 14:45:00,7108.4
2019-05-02 15:00:00,7110.6
2019-05-02 15:15:00,7107.5
2019-05-02 15:30:00,7100.6
2019-05-02 15:45:00,7095.7
2019-05-02 16:00:00,7096.8
2019-05-02 16:15:00,7100.0
2019-05-02 16:30:00,7101.6
2019-05-02 16:45:00,7101.7
2019-05-02 17:00:00,7101.1
2019-05-02 17:15:00,7095.5
2019-05-02 17:30:00,7094.4
2019-05-02 17:45:00,7094.2
2019-05-02 18:00:00,7096.4
2019-05-02 18:15:00,7085.0
2019-05-02 18:30:00,7076.3
2019-05-02 18:45:00,7076.9
2019-05-02 19:00:00,7068.1
2019-05-02 19:15:00,7057.5
2019-05-02 19:30:00,7048.1
2019-05-02 19:45:00,7042.7
2019-05-02 20:00:00,7040.2
2019-05-02 20:15:00,7036.4
2019-05-02 20:30:00,7020.6
2019-05-02 20:45:00,7006.3
2019-05-02 21:00:00,6992.5
2019-05-02 21:15:00,6974.2
2019-05-02 21:30:00,6954.1
2019-05-02 21:45:00,6933.7
2019-05-02 22:00:00,6918.6
2019-05-02 22:15:00,6900.1
2019-05-02 22:30:00,6884.1
2019-05-02 22:45:00,6873.4
2019-05-02 23:00:00,6844.7
2019-05-02 23:15:00,6834.5
2019-05-02 23:30:00,6830.8
2019-05-02 23:45:00,6822.0
2019-05-03 00:00:00,6813.1
2019-05-03 00:15:00,6803.9
2019-05-03 00:30:00,6799.5
2019-05-03 00:45:00,6798.8
2019-05-03 01:00:00,6786.2
2019-05-03 01:15:00,6782.8
2019-05-03 01:30:00,6779.1
2019-05-03 01:45:00,6779.1
2019-05-03 02:00:00,6783.4
2019-05-03 02:15:00,6785.7
2019-05-03 02:30:00,6788.1
2019-05-03 02:45:00,6791.1
2019-05-03 03:00:00,6792.9
2019-05-03 03:15:00,6804.4
2019-05-03 03:30:00,6816.0
2019-05-03 03:45:00,6828.5
2019-05-03 04:00:00,6856.2
2019-05-03 04:15:00,6869.8
2019-05-03 04:30:00,6883.4
2019-05-03 04:45:00,6907.3
2019-05-03 05:00:00,6951.6
2019-05-03 05:15:00,6984.3
2019-05-03 05:30:00,7005.6
2019-05-03 05:45:00,7031.6
2019-05-03 06:00:00,7053.0
2019-05-03 06:15:00,7068.3
2019-05-03 06:30:00,7085.9
2019-05-03 06:45:00,7097.0
2019-05-03 07:00:00,7111.8
2019-05-03 07:15:00,7119.8
2019-05-03 07:30:00,7130.5
2019-05-03 07:45:00,7136.3
2019-05-03 08:00:00,7136.2
2019-05-03 08:15:00,7144.2
2019-05-03 08:30:00,7153.0
2019-05-03 08:45:00,7155.2
2019-05-03 09:00:00,7153.5
2019-05-03 09:15:00,7155.2
2019-05-03 09:30:00,7158.7
2019-05-03 09:45:00,7169.8
2019-05-03 10:00:00,7170.9
2019-05-03 10:15:00,7173.1
2019-05-03 10:30:00,7172.4
2019-05-03 10:45:00,7166.8
2019-05-03 11:00:00,7155.4
2019-05-03 11:15:00,7152.4
2019-05-03 11:30:00,7149.1
2019-05-03 11:45:00,7146.0
2019-05-03 12:00:00,7141.3
2019-05-03 12:15:00,7135.4
2019-05-03 12:30:00,7127.2
2019-05-03 12:45:00,7123.4
2019-05-03 13:00:00,7117.6
2019-05-03 13:15:00,7111.3
2019-05-03 13:30:00,7106.5
2019-05-03 13:45:00,7105.8
2019-05-03 14:00:00,7106.7
2019-05-03 14:15:00,7105.7
2019-05-03 14:30:00,7097.3
2019-05-03 14:45:00,7089.5
2019-05-03 15:00:00,7085.0
2019-05-03 15:15:00,7082.4
2019-05-03 15:30:00,7075.1
2019-05-03 15:45:00,7072.5
2019-05-03 16:00:00,7069.3
2019-05-03 16:15:00,7074.3
2019-05-03 16:30:00,7073.2
2019-05-03 16:45:00,7070.5
2019-05-03 17:00:00,7065.4
2019-05-03 17:15:00,7058.2
2019-05-03 17:30:00,7061.0
2019-05-03 17:45:00,7062.2
2019-05-03 18:00:00,7062.5
2019-05-03 18:15:00,7058.4
2019-05-03 18:30:00,7050.9
2019-05-03 18:45:00,7044.2
2019-05-03 19:00:00,7040.3
2019-05-03 19:15:00,7026.2
2019-05-03 19:30:00,7020.0
2019-05-03 19:45:00,7011.5
2019-05-03 20:00:00,7017.3
2019-05-03 20:15:00,7010.5
2019-05-03 20:30:00,6994.2
2019-05-03 20:45:00,6977.3
2019-05-03 21:00:00,6969.7
2019-05-03 21:15:00,6953.4
2019-05-03 21:30:00,6936.0
2019-05-03 21:45:00,6921.4
2019-05-03 22:00:00,6904.5
2019-05-03 22:15:00,6885.1
2019-05-03 22:30:00,6869.7
2019-05-03 22:45:00,6853.3
2019-05-03 23:00:00,6833.0
2019-05-03 23:15:00,6815.6
2019-05-03 23:30:00,6805.3
2019-05-03 23:45:00,6799.5
2019-05-04 00:00:00,6789.4
2019-05-04 00:15:00,6779.4
2019-05-04 00:30:00,6772.6
2019-05-04 00:45:00,6772.1
2019-05-04 01:00:00,6765.8
2019-05-04 01:15:00,6761.1
2019-05-04 01:30:00,6756.5
2019-05-04 01:45:00,6757.0
2019-05-04 02:00:00,6752.6
2019-05-04 02:15:00,6753.5
2019-05-04 02:30:00,6755.4
2019-05-04 02:45:00,6754.3
2019-05-04 03:00:00,6760.4
2019-05-04 03:15:00,6763.9
2019-05-04 03:30:00,6766.6
2019-05-04 03:45:00,6772.0
2019-05-04 04:00:00,6773.9
2019-05-04 04:15:00,6773.7
2019-05-04 04:30:00,6769.8
2019-05-04 04:45:00,6764.5
2019-05-04 05:00:00,6776.2
2019-05-04 05:15:00,6782.0
2019-05-04 05:30:00,6792.0
2019-05-04 05:45:00,6799.6
2019-05-04 06:00:00,6818.2
2019-05-04 06:15:00,6828.1
2019-05-04 06:30:00,6842.9
2019-05-04 06:45:00,6863.2
2019-05-04 07:00:00,6887.1
2019-05-04 07:15:00,6904.0
2019-05-04 07:30:00,6918.5
2019-05-04 07:45:00,6930.9
2019-05-04 08:00:00,6947.7
2019-05-04 08:15:00,6959.1
2019-05-04 08:30:00,6969.7
2019-05-04 08:45:00,6981.9
2019-05-04 09:00:00,6987.2
2019-05-04 09:15:00,6994.6
2019-05-04 09:30:00,7002.3
2019-05-04 09:45:00,7005.4
2019-05-04 10:00:00,7004.1
2019-05-04 10:15:00,7002.4
2019-05-04 10:30:00,7007.2
2019-05-04 10:45:00,7009.0
2019-05-04 11:00:00,7001.5
2019-05-04 11:15:00,6997.4
2019-05-04 11:30:00,6989.1
2019-05-04 11:45:00,6982.9
2019-05-04 12:00:00,6982.0
2019-05-04 12:15:00,6969.1
2019-05-04 12:30:00,6971.9
2019-05-04 12:45:00,6958.0
2019-05-04 13:00:00,6955.0
2019-05-04 13:15:00,6942.2
2019-05-04 13:30:00,6939.8
2019-05-04 13:45:00,6934.7
2019-05-04 14:00:00,6932.1
2019-05-04 14:15:00,6926.1
2019-05-04 14:30:00,6928.7
2019-05-04 14:45:00,6931.6
2019-05-04 15:00:00,6920.0
2019-05-04 15:15:00,6919.9
2019-05-04 15:30:00,6907.1
2019-05-04 15:45:00,6902.5
2019-05-04 16:00:00,6911.6
2019-05-04 16:15:00,6918.9
2019-05-04 16:30:00,6922.3
2019-05-04 16:45:00,6927.0
2019-05-04 17:00:00,6938.0
2019-05-04 17:15:00,6931.7
2019-05-04 17:30:00,6927.9
2019-05-04 17:45:00,6922.5
2019-05-04 18:00:00,6920.6
2019-05-04 18:15:00,6913.1
2019-05-04 18:30:00,6908.5
2019-05-04 18:45:00,6901.5
2019-05-04 19:00:00,6892.3
2019-05-04 19:15:00,6883.9
2019-05-04 19:30:00,6877.1
2019-05-04 19:45:00,6872.4
2019-05-04 20:00:00,6877.7
2019-05-04 20:15:00,6878.9
2019-05-04 20:30:00,6871.6
2019-05-04 20:45:00,6863.5
2019-05-04 21:00:00,6865.1
2019-05-04 21:15:00,6851.9
2019-05-04 21:30:00,6841.0
2019-05-04 21:45:00,6831.2
2019-05-04 22:00:00,6814.4
2019-05-04 22:15:00,6802.5
2019-05-04 22:30:00,6790.3
2019-05-04 22:45:00,6777.4
2019-05-04 23:00:00,6760.0
2019-05-04 23:15:00,6751.6
2019-05-04 23:30:00,6737.9
2019-05-04 23:45:00,6726.3
2019-05-05 00:00:00,6720.5
2019-05-05 00:15:00,6709.8
2019-05-05 00:30:00,6707.4
2019-05-05 00:45:00,6703.4
2019-05-05 01:00:00,6700.0
2019-05-05 01:15:00,6695.4
2019-05-05 01:30:00,6693.5
2019-05-05 01:45:00,6693.7
2019-05-05 02:00:00,6693.8
2019-05-05 02:15:00,6689.6
2019-05-05 02:30:00,6694.3
2019-05-05 02:45:00,6697.2
2019-05-05 03:00:00,6691.9
2019-05-05 03:15:00,6691.3
2019-05-05 03:30:00,6691.2
2019-05-05 03:45:00,6694.6
2019-05-05 04:00:00,6694.5
2019-05-05 04:15:00,6691.5
2019-05-05 04:30:00,6684.4
2019-05-05 04:45:00,6678.4
2019-05-05 05:00:00,6677.0
2019-05-05 05:15:00,6681.4
2019-05-05 05:30:00,6684.8
2019-05-05 05:45:00,6688.3
2019-05-05 06:00:00,6702.2
2019-05-05 06:15:00,6712.3
2019-05-05 06:30:00,6724.8
2019-05-05 06:45:00,6736.7
2019-05-05 07:00:00,6752.0
2019-05-05 07:15:00,6769.1
2019-05-05 07:30:00,6783.2
2019-05-05 07:45:00,6795.8
2019-05-05 08:00:00,6809.4
2019-05-05 08:15:00,6820.9
2019-05-05 08:30:00,6831.9
2019-05-05 08:45:00,6843.2
2019-05-05 09:00:00,6855.4
2019-05-05 09:15:00,6865.7
2019-05-05 09:30:00,6870.0
2019-05-05 09:45:00,6877.7
2019-05-05 10:00:00,6890.4
2019-05-05 10:15:00,6901.6
2019-05-05 10:30:00,6913.3
2019-05-05 10:45:00,6917.6
2019-05-05 11:00:00,6917.3
2019-05-05 11:15:00,6909.5
2019-05-05 11:30:00,6903.6
2019-05-05 11:45:00,6900.0
2019-05-05 12:00:00,6894.4
2019-05-05 12:15:00,6879.0
2019-05-05 12:30:00,6871.2
2019-05-05 12:45:00,6857.9
2019-05-05 13:00:00,6850.4
2019-05-05 13:15:00,6842.9
2019-05-05 13:30:00,6841.1
2019-05-05 13:45:00,6842.4
2019-05-05 14:00:00,6839.5
2019-05-05 14:15:00,6838.6
2019-05-05 14:30:00,6830.8
2019-05-05 14:45:00,6827.8
2019-05-05 15:00:00,6833.1
2019-05-05 15:15:00,6833.6
2019-05-05 15:30:00,6833.4
2019-05-05 15:45:00,6839.3
2019-05-05 16:00:00,6850.3
2019-05-05 16:15:00,6852.4
2019-05-05 16:30:00,6852.5
2019-05-05 16:45:00,6863.7
2019-05-05 17:00:00,6877.5
2019-05-05 17:15:00,6878.6
2019-05-05 17:30:00,6880.4
2019-05-05 17:45:00,6880.2
2019-05-05 18:00:00,6890.7
2019-05-05 18:15:00,6876.6
2019-05-05 18:30:00,6878.0
2019-05-05 18:45:00,6877.4
2019-05-05 19:00:00,6883.0
2019-05-05 19:15:00,6880.0
2019-05-05 19:30:00,6875.3
2019-05-05 19:45:00,6877.5
2019-05-05 20:00:00,6888.9
2019-05-05 20:15:00,6894.8
2019-05-05 20:30:00,6891.6
2019-05-05 20:45:00,6893.5
2019-05-05 21:00:00,6896.3
2019-05-05 21:15:00,6888.9
2019-05-05 21:30:00,6874.4
2019-05-05 21:45:00,6863.2
2019-05-05 22:00:00,6844.8
2019-05-05 22:15:00,6830.0
2019-05-05 22:30:00,6819.9
2019-05-05 22:45:00,6803.6
2019-05-05 23:00:00,6791.5
2019-05-05 23:15:00,6787.7
2019-05-05 23:30:00,6782.4
2019-05-05 23:45:00,6776.4
2019-05-06 00:00:00,6762.5
2019-05-06 00:15:00,6757.1
2019-05-06 00:30:00,6757.2
2019-05-06 00:45:00,6758.1
2019-05-06 01:00:00,6752.7
2019-05-06 01:15:00,6752.5
2019-05-06 01:30:00,6752.6
2019-05-06 01:45:00,6756.1
2019-05-06 02:00:00,6760.7
2019-05-06 02:15:00,6764.1
2019-05-06 02:30:00,6774.5
2019-05-06 02:45:00,6778.3
2019-05-06 03:00:00,6790.3
2019-05-06 03:15:00,6798.5
2019-05-06 03:30:00,6808.0
2019-05-06 03:45:00,6821.0
2019-05-06 04:00:00,6855.1
2019-05-06 04:15:00,6868.0
2019-05-06 04:30:00,6880.2
2019-05-06 04:45:00,6902.3
2019-05-06 05:00:00,6953.4
2019-05-06 05:15:00,6986.5
2019-05-06 05:30:00,7020.2
2019-05-06 05:45:00,7044.1
2019-05-06 06:00:00,7076.6
2019-05-06 06:15:00,7093.3
2019-05-06 06:30:00,7108.9
2019-05-06 06:45:00,7123.3
2019-05-06 07:00:00,7136.4
2019-05-06 07:15:00,7145.1
2019-05-06 07:30:00,7150.9
2019-05-06 07:45:00,7146.0
2019-05-06 08:00:00,7142.6
2019-05-06 08:15:00,7149.0
2019-05-06 08:30:00,7159.5
2019-05-06 08:45:00,7159.6
2019-05-06 09:00:00,7161.0
2019-05-06 09:15:00,7168.6
2019-05-06 09:30:00,7180.8
2019-05-06 09:45:00,7188.0
2019-05-06 10:00:00,7190.0
2019-05-06 10:15:00,7201.3
2019-05-06 10:30:00,7206.3
2019-05-06 10:45:00,7206.4
2019-05-06 11:00:00,7199.4
2019-05-06 11:15:00,7192.9
2019-05-06 11:30:00,7193.0
2019-05-06 11:45:00,7190.4
2019-05-06 12:00:00,7184.2
2019-05-06 12:15:00,7181.7
2019-05-06 12:30:00,7179.1
2019-05-06 12:45:00,7164.9
2019-05-06 13:00:00,7154.4
2019-05-06 13:15:00,7148.6
2019-05-06 13:30:00,7150.3
2019-05-06 13:45:00,7148.5
2019-05-06 14:00:00,7150.2
2019-05-06 14:15:00,7138.8
2019-05-06 14:30:00,7135.7
2019-05-06 14:45:00,7131.7
2019-05-06 15:00:00,7125.8
2019-05-06 15:15:00,7119.5
2019-05-06 15:30:00,7109.0
2019-05-06 15:45:00,7107.2
2019-05-06 16:00:00,7112.6
2019-05-06 16:15:00,7118.3
2019-05-06 16:30:00,7119.1
2019-05-06 16:45:00,7119.5
2019-05-06 17:00:00,7115.6
2019-05-06 17:15:00,7116.1
2019-05-06 17:30:00,7114.9
2019-05-06 17:45:00,7121.0
2019-05-06 18:00:00,7122.8
2019-05-06 18:15:00,7116.3
2019-05-06 18:30:00,7108.3
2019-05-06 18:45:00,7104.4
2019-05-06 19:00:00,7093.2
2019-05-06 19:15:00,7084.6
2019-05-06 19:30:00,7073.7
2019-05-06 19:45:00,7067.1
2019-05-06 20:00:00,7060.2
2019-05-06 20:15:00,7053.4
2019-05-06 20:30:00,7040.5
2019-05-06 20:45:00,7024.1
2019-05-06 21:00:00,7012.4
2019-05-06 21:15:00,6992.7
2019-05-06 21:30:00,6972.0
2019-05-06 21:45:00,6953.9
2019-05-06 22:00:00,6940.5
2019-05-06 22:15:00,6922.1
2019-05-06 22:30:00,6902.3
2019-05-06 22:45:00,6890.1
2019-05-06 23:00:00,6878.4
2019-05-06 23:15:00,6869.9
2019-05-06 23:30:00,6862.1
2019-05-06 23:45:00,6854.4
2019-05-07 00:00:00,6845.4
2019-05-07 00:15:00,6840.0
2019-05-07 00:30:00,6836.4
2019-05-07 00:45:00,6829.0
2019-05-07 01:00:00,6820.7
2019-05-07 01:15:00,6820.0
2019-05-07 01:30:00,6822.6
2019-05-07 01:45:00,6823.7
2019-05-07 02:00:00,6830.4
2019-05-07 02:15:00,6835.1
2019-05-07 02:30:00,6839.9
2019-05-07 02:45:00,6842.7
2019-05-07 03:00:00,6851.9
2019-05-07 03:15:00,6858.3
2019-05-07 03:30:00,6871.0
2019-05-07 03:45:00,6875.9
2019-05-07 04:00:00,6899.5
2019-05-07 04:15:00,6909.1
2019-05-07 04:30:00,6922.1
2019-05-07 04:45:00,6941.4
2019-05-07 05:00:00,6986.1
2019-05-07 05:15:00,7019.8
2019-05-07 05:30:00,7041.5
2019-05-07 05:45:00,7063.3
2019-05-07 06:00:00,7086.1
2019-05-07 06:15:00,7102.0
2019-05-07 06:30:00,7119.9
2019-05-07 06:45:00,7130.5
2019-05-07 07:00:00,7141.0
2019-05-07 07:15:00,7147.7
2019-05-07 07:30:00,7152.6
2019-05-07 07:45:00,7155.9
2019-05-07 08:00:00,7147.8
2019-05-07 08:15:00,7152.1
2019-05-07 08:30:00,7157.6
2019-05-07 08:45:00,7164.4
2019-05-07 09:00:00,7162.1
2019-05-07 09:15:00,7145.7
2019-05-07 09:30:00,7150.7
2019-05-07 09:45:00,7178.6
2019-05-07 10:00:00,7186.9
2019-05-07 10:15:00,7188.3
2019-05-07 10:30:00,7195.5
2019-05-07 10:45:00,7197.2
2019-05-07 11:00:00,7190.8
2019-05-07 11:15:00,7182.2
2019-05-07 11:30:00,7176.7
2019-05-07 11:45:00,7175.9
2019-05-07 12:00:00,7179.5
2019-05-07 12:15:00,7169.1
2019-05-07 12:30:00,7161.9
2019-05-07 12:45:00,7151.4
2019-05-07 13:00:00,7150.1
2019-05-07 13:15:00,7147.3
2019-05-07 13:30:00,7146.7
2019-05-07 13:45:00,7141.7
2019-05-07 14:00:00,7142.8
2019-05-07 14:15:00,7133.3
2019-05-07 14:30:00,7127.3
2019-05-07 14:45:00,7112.2
2019-05-07 15:00:00,7109.9
2019-05-07 15:15:00,7102.8
2019-05-07 15:30:00,7093.2
2019-05-07 15:45:00,7088.0
2019-05-07 16:00:00,7092.5
2019-05-07 16:15:00,7094.3
2019-05-07 16:30:00,7094.8
2019-05-07 16:45:00,7092.9
2019-05-07 17:00:00,7091.3
2019-05-07 17:15:00,7085.7
2019-05-07 17:30:00,7084.6
2019-05-07 17:45:00,7086.1
2019-05-07 18:00:00,7090.2
2019-05-07 18:15:00,7085.3
2019-05-07 18:30:00,7087.0
2019-05-07 18:45:00,7080.5
2019-05-07 19:00:00,7075.8
2019-05-07 19:15:00,7067.0
2019-05-07 19:30:00,7065.0
2019-05-07 19:45:00,7058.1
2019-05-07 20:00:00,7053.7
2019-05-07 20:15:00,7048.5
2019-05-07 20:30:00,7034.9
2019-05-07 20:45:00,7019.9
2019-05-07 21:00:00,7002.7
2019-05-07 21:15:00,6984.2
2019-05-07 21:30:00,6962.2
2019-05-07 21:45:00,6941.7
2019-05-07 22:00:00,6922.5
2019-05-07 22:15:00,6910.0
2019-05-07 22:30:00,6892.0
2019-05-07 22:45:00,6881.5
2019-05-07 23:00:00,6859.0
2019-05-07 23:15:00,6846.7
2019-05-07 23:30:00,6842.5
2019-05-07 23:45:00,6835.1
2019-05-08 00:00:00,6822.1
2019-05-08 00:15:00,6817.0
2019-05-08 00:30:00,6815.4
2019-05-08 00:45:00,6810.9
2019-05-08 01:00:00,6800.8
2019-05-08 01:15:00,6803.0
2019-05-08 01:30:00,6806.7
2019-05-08 01:45:00,6808.1
2019-05-08 02:00:00,6806.8
2019-05-08 02:15:00,6814.2
2019-05-08 02:30:00,6816.8
2019-05-08 02:45:00,6824.2
2019-05-08 03:00:00,6838.3
2019-05-08 03:15:00,6844.1
2019-05-08 03:30:00,6855.7
2019-05-08 03:45:00,6863.2
2019-05-08 04:00:00,6883.6
2019-05-08 04:15:00,6889.8
2019-05-08 04:30:00,6906.2
2019-05-08 04:45:00,6926.4
2019-05-08 05:00:00,6970.0
2019-05-08 05:15:00,7003.4
2019-05-08 05:30:00,7028.8
2019-05-08 05:45:00,7052.6
2019-05-08 06:00:00,7076.8
2019-05-08 06:15:00,7095.8
2019-05-08 06:30:00,7116.2
2019-05-08 06:45:00,7128.4
2019-05-08 07:00:00,7140.1
2019-05-08 07:15:00,7147.3
2019-05-08 07:30:00,7154.0
2019-05-08 07:45:00,7152.7
2019-05-08 08:00:00,7146.5
2019-05-08 08:15:00,7153.5
2019-05-08 08:30:00,7162.7
2019-05-08 08:45:00,7165.5
2019-05-08 09:00:00,7168.1
2019-05-08 09:15:00,7171.3
2019-05-08 09:30:00,7177.8
2019-05-08 09:45:00,7181.2
2019-05-08 10:00:00,7185.1
2019-05-08 10:15:00,7191.9
2019-05-08 10:30:00,7196.3
2019-05-08 10:45:00,7193.2
2019-05-08 11:00:00,7186.2
2019-05-08 11:15:00,7180.5
2019-05-08 11:30:00,7177.9
2019-05-08 11:45:00,7179.4
2019-05-08 12:00:00,7179.0
2019-05-08 12:15:00,7179.1
2019-05-08 12:30:00,7176.3
2019-05-08 12:45:00,7163.8
2019-05-08 13:00:00,7167.5
2019-05-08 13:15:00,7173.3
2019-05-08 13:30:00,7175.4
2019-05-08 13:45:00,7172.7
2019-05-08 14:00:00,7177.0
2019-05-08 14:15:00,7177.7
2019-05-08 14:30:00,7169.5
2019-05-08 14:45:00,7164.6
2019-05-08 15:00:00,7158.4
2019-05-08 15:15:00,7145.3
2019-05-08 15:30:00,7144.7
2019-05-08 15:45:00,7138.3
2019-05-08 16:00:00,7147.3
2019-05-08 16:15:00,7144.4
2019-05-08 16:30:00,7143.2
2019-05-08 16:45:00,7144.1
2019-05-08 17:00:00,7137.0
2019-05-08 17:15:00,7134.6
2019-05-08 17:30:00,7139.5
2019-05-08 17:45:00,7138.5
2019-05-08 18:00:00,7137.0
2019-05-08 18:15:00,7129.2
2019-05-08 18:30:00,7120.5
2019-05-08 18:45:00,7111.8
2019-05-08 19:00:00,7100.6
2019-05-08 19:15:00,7089.1
2019-05-08 19:30:00,7076.4
2019-05-08 19:45:00,7068.0
2019-05-08 20:00:00,7060.6
2019-05-08 20:15:00,7048.9
2019-05-08 20:30:00,7041.4
2019-05-08 20:45:00,7031.7
2019-05-08 21:00:00,7021.3
2019-05-08 21:15:00,7004.5
2019-05-08 21:30:00,6987.6
2019-05-08 21:45:00,6967.1
2019-05-08 22:00:00,6938.4
2019-05-08 22:15:00,6918.6
2019-05-08 22:30:00,6904.0
2019-05-08 22:45:00,6888.4
2019-05-08 23:00:00,6868.2
2019-05-08 23:15:00,6855.9
2019-05-08 23:30:00,6848.4
2019-05-08 23:45:00,6839.4
2019-05-09 00:00:00,6827.6
2019-05-09 00:15:00,6817.2
2019-05-09 00:30:00,6807.2
2019-05-09 00:45:00,6805.7
2019-05-09 01:00:00,6799.2
2019-05-09 01:15:00,6799.5
2019-05-09 01:30:00,6803.1
2019-05-09 01:45:00,6804.1
2019-05-09 02:00:00,6806.7
2019-05-09 02:15:00,6802.9
2019-05-09 02:30:00,6804.6
2019-05-09 02:45:00,6809.5
2019-05-09 03:00:00,6816.6
2019-05-09 03:15:00,6826.7
2019-05-09 03:30:00,6836.4
2019-05-09 03:45:00,6845.9
2019-05-09 04:00:00,6873.3
2019-05-09 04:15:00,6887.4
2019-05-09 04:30:00,6905.1
2019-05-09 04:45:00,6921.1
2019-05-09 05:00:00,6970.4
2019-05-09 05:15:00,7005.2
2019-05-09 05:30:00,7027.7
2019-05-09 05:45:00,7049.2
2019-05-09 06:00:00,7077.2
2019-05-09 06:15:00,7095.8
2019-05-09 06:30:00,7109.0
2019-05-09 06:45:00,7116.4
2019-05-09 07:00:00,7132.7
2019-05-09 07:15:00,7143.4
2019-05-09 07:30:00,7146.2
2019-05-09 07:45:00,7156.3
2019-05-09 08:00:00,7150.5
2019-05-09 08:15:00,7152.6
2019-05-09 08:30:00,7162.2
2019-05-09 08:45:00,7162.4
2019-05-09 09:00:00,7160.0
2019-05-09 09:15:00,7164.9
2019-05-09 09:30:00,7171.3
2019-05-09 09:45:00,7180.0
2019-05-09 10:00:00,7177.1
2019-05-09 10:15:00,7182.0
2019-05-09 10:30:00,7183.1
2019-05-09 10:45:00,7178.2
2019-05-09 11:00:00,7163.0
2019-05-09 11:15:00,7161.0
2019-05-09 11:30:00,7163.9
2019-05-09 11:45:00,7165.7
2019-05-09 12:00:00,7164.3
2019-05-09 12:15:00,7159.5
2019-05-09 12:30:00,7152.5
2019-05-09 12:45:00,7142.6
2019-05-09 13:00:00,7147.4
2019-05-09 13:15:00,7146.9
2019-05-09 13:30:00,7140.0
2019-05-09 13:45:00,7140.0
2019-05-09 14:00:00,7141.8
2019-05-09 14:15:00,7137.4
2019-05-09 14:30:00,7127.9
2019-05-09 14:45:00,7120.3
2019-05-09 15:00:00,7114.2
2019-05-09 15:15:00,7104.3
2019-05-09 15:30:00,7095.7
2019-05-09 15:45:00,7093.3
2019-05-09 16:00:00,7094.5
2019-05-09 16:15:00,7099.2
2019-05-09 16:30:00,7099.3
2019-05-09 16:45:00,7099.3
2019-05-09 17:00:00,7099.8
2019-05-09 17:15:00,7096.6
2019-05-09 17:30:00,7100.5
2019-05-09 17:45:00,7104.6
2019-05-09 18:00:00,7099.8
2019-05-09 18:15:00,7091.9
2019-05-09 18:30:00,7087.7
2019-05-09 18:45:00,7088.9
2019-05-09 19:00:00,7086.8
2019-05-09 19:15:00,7076.8
2019-05-09 19:30:00,7071.1
2019-05-09 19:45:00,7062.8
2019-05-09 20:00:00,7053.0
2019-05-09 20:15:00,7048.9
2019-05-09 20:30:00,7038.7
2019-05-09 20:45:00,7023.0
2019-05-09 21:00:00,7004.5
2019-05-09 21:15:00,6992.8
2019-05-09 21:30:00,6974.0
2019-05-09 21:45:00,6953.6
2019-05-09 22:00:00,6930.9
2019-05-09 22:15:00,6916.9
2019-05-09 22:30:00,6888.6
2019-05-09 22:45:00,6873.0
2019-05-09 23:00:00,6851.2
2019-05-09 23:15:00,6841.1
2019-05-09 23:30:00,6832.1
2019-05-09 23:45:00,6825.7
2019-05-10 00:00:00,6821.0
2019-05-10 00:15:00,6810.4
2019-05-10 00:30:00,6808.2
2019-05-10 00:45:00,6806.0
2019-05-10 01:00:00,6803.8
2019-05-10 01:15:00,6804.7
2019-05-10 01:30:00,6801.8
2019-05-10 01:45:00,6804.7
2019-05-10 02:00:00,6806.1
2019-05-10 02:15:00,6805.2
2019-05-10 02:30:00,6809.0
2019-05-10 02:45:00,6811.5
2019-05-10 03:00:00,6826.3
2019-05-10 03:15:00,6830.0
2019-05-10 03:30:00,6839.3
2019-05-10 03:45:00,6849.0
2019-05-10 04:00:00,6874.9
2019-05-10 04:15:00,6883.2
2019-05-10 04:30:00,6894.4
2019-05-10 04:45:00,6916.0
2019-05-10 05:00:00,6960.5
2019-05-10 05:15:00,6996.3
2019-05-10 05:30:00,7021.4
2019-05-10 05:45:00,7049.0
2019-05-10 06:00:00,7081.4
2019-05-10 06:15:00,7101.1
2019-05-10 06:30:00,7117.3
2019-05-10 06:45:00,7132.3
2019-05-10 07:00:00,7144.7
2019-05-10 07:15:00,7152.4
2019-05-10 07:30:00,7158.2
2019-05-10 07:45:00,7160.4
2019-05-10 08:00:00,7148.1
2019-05-10 08:15:00,7153.7
2019-05-10 08:30:00,7160.9
2019-05-10 08:45:00,7168.4
2019-05-10 09:00:00,7174.5
2019-05-10 09:15:00,7178.6
2019-05-10 09:30:00,7181.8
2019-05-10 09:45:00,7182.4
2019-05-10 10:00:00,7189.5
2019-05-10 10:15:00,7191.1
2019-05-10 10:30:00,7196.2
2019-05-10 10:45:00,7190.0
2019-05-10 11:00:00,7180.4
2019-05-10 11:15:00,7177.3
2019-05-10 11:30:00,7169.8
2019-05-10 11:45:00,7164.1
2019-05-10 12:00:00,7162.9
2019-05-10 12:15:00,7153.5
2019-05-10 12:30:00,7149.6
2019-05-10 12:45:00,7133.1
2019-05-10 13:00:00,7125.4
2019-05-10 13:15:00,7116.7
2019-05-10 13:30:00,7110.6
2019-05-10 13:45:00,7107.3
2019-05-10 14:00:00,7102.2
2019-05-10 14:15:00,7094.1
2019-05-10 14:30:00,7087.2
2019-05-10 14:45:00,7078.3
2019-05-10 15:00:00,7080.6
2019-05-10 15:15:00,7075.4
2019-05-10 15:30:00,7061.5
2019-05-10 15:45:00,7058.5
2019-05-10 16:00:00,7062.4
2019-05-10 16:15:00,7064.5
2019-05-10 16:30:00,7064.7
2019-05-10 16:45:00,7060.3
2019-05-10 17:00:00,7064.0
2019-05-10 17:15:00,7064.4
2019-05-10 17:30:00,7065.3
2019-05-10 17:45:00,7061.9
2019-05-10 18:00:00,7067.3
2019-05-10 18:15:00,7061.8
2019-05-10 18:30:00,7055.8
2019-05-10 18:45:00,7047.9
2019-05-10 19:00:00,7040.2
2019-05-10 19:15:00,7028.0
2019-05-10 19:30:00,7020.8
2019-05-10 19:45:00,7011.4
2019-05-10 20:00:00,7008.9
2019-05-10 20:15:00,7002.9
2019-05-10 20:30:00,6991.6
2019-05-10 20:45:00,6979.0
2019-05-10 21:00:00,6970.2
2019-05-10 21:15:00,6954.9
2019-05-10 21:30:00,6935.8
2019-05-10 21:45:00,6922.9
2019-05-10 22:00:00,6904.0
2019-05-10 22:15:00,6885.9
2019-05-10 22:30:00,6872.5
2019-05-10 22:45:00,6856.6
2019-05-10 23:00:00,6839.4
2019-05-10 23:15:00,6824.5
2019-05-10 23:30:00,6814.5
2019-05-10 23:45:00,6801.9
2019-05-11 00:00:00,6784.0
2019-05-11 00:15:00,6773.9
2019-05-11 00:30:00,6765.1
2019-05-11 00:45:00,6759.5
2019-05-11 01:00:00,6749.9
2019-05-11 01:15:00,6745.2
2019-05-11 01:30:00,6741.6
2019-05-11 01:45:00,6743.8
2019-05-11 02:00:00,6740.1
2019-05-11 02:15:00,6737.9
2019-05-11 02:30:00,6736.6
2019-05-11 02:45:00,6735.9
2019-05-11 03:00:00,6739.8
2019-05-11 03:15:00,6737.9
2019-05-11 03:30:00,6742.4
2019-05-11 03:45:00,6743.6
2019-05-11 04:00:00,6746.5
2019-05-11 04:15:00,6746.8
2019-05-11 04:30:00,6744.8
2019-05-11 04:45:00,6743.5
2019-05-11 05:00:00,6753.3
2019-05-11 05:15:00,6759.6
2019-05-11 05:30:00,6772.5
2019-05-11 05:45:00,6784.3
2019-05-11 06:00:00,6801.7
2019-05-11 06:15:00,6812.1
2019-05-11 06:30:00,6829.1
2019-05-11 06:45:00,6853.2
2019-05-11 07:00:00,6873.8
2019-05-11 07:15:00,6885.0
2019-05-11 07:30:00,6895.3
2019-05-11 07:45:00,6907.3
2019-05-11 08:00:00,6920.6
2019-05-11 08:15:00,6929.2
2019-05-11 08:30:00,6939.2
2019-05-11 08:45:00,6944.6
2019-05-11 09:00:00,6961.7
2019-05-11 09:15:00,6969.0
2019-05-11 09:30:00,6974.0
2019-05-11 09:45:00,6982.1
2019-05-11 10:00:00,6982.3
2019-05-11 10:15:00,6983.7
2019-05-11 10:30:00,6990.0
2019-05-11 10:45:00,6988.9
2019-05-11 11:00:00,6983.7
2019-05-11 11:15:00,6979.7
2019-05-11 11:30:00,6971.7
2019-05-11 11:45:00,6968.1
2019-05-11 12:00:00,6969.1
2019-05-11 12:15:00,6956.0
2019-05-11 12:30:00,6942.4
2019-05-11 12:45:00,6929.5
2019-05-11 13:00:00,6918.4
2019-05-11 13:15:00,6910.0
2019-05-11 13:30:00,6907.6
2019-05-11 13:45:00,6908.0
2019-05-11 14:00:00,6913.8
2019-05-11 14:15:00,6912.6
2019-05-11 14:30:00,6904.5
2019-05-11 14:45:00,6901.2
2019-05-11 15:00:00,6892.1
2019-05-11 15:15:00,6899.5
2019-05-11 15:30:00,6895.5
2019-05-11 15:45:00,6895.9
2019-05-11 16:00:00,6897.5
2019-05-11 16:15:00,6901.1
2019-05-11 16:30:00,6909.1
2019-05-11 16:45:00,6911.1
2019-05-11 17:00:00,6917.0
2019-05-11 17:15:00,6917.5
2019-05-11 17:30:00,6922.9
2019-05-11 17:45:00,6917.8
2019-05-11 18:00:00,6922.3
2019-05-11 18:15:00,6917.4
2019-05-11 18:30:00,6917.0
2019-05-11 18:45:00,6913.5
2019-05-11 19:00:00,6906.0
2019-05-11 19:15:00,6896.8
2019-05-11 19:30:00,6888.7
2019-05-11 19:45:00,6881.7
2019-05-11 20:00:00,6880.1
2019-05-11 20:15:00,6877.1
2019-05-11 20:30:00,6867.6
2019-05-11 20:45:00,6864.4
2019-05-11 21:00:00,6865.0
2019-05-11 21:15:00,6859.9
2019-05-11 21:30:00,6841.7
2019-05-11 21:45:00,6826.1
2019-05-11 22:00:00,6817.1
2019-05-11 22:15:00,6804.2
2019-05-11 22:30:00,6790.0
2019-05-11 22:45:00,6772.0
2019-05-11 23:00:00,6743.7
2019-05-11 23:15:00,6736.4
2019-05-11 23:30:00,6734.0
2019-05-11 23:45:00,6726.8
2019-05-12 00:00:00,6711.3
2019-05-12 00:15:00,6703.8
2019-05-12 00:30:00,6698.7
2019-05-12 00:45:00,6696.7
2019-05-12 01:00:00,6693.2
2019-05-12 01:15:00,6690.1
2019-05-12 01:30:00,6690.6
2019-05-12 01:45:00,6687.6
2019-05-12 02:00:00,6685.5
2019-05-12 02:15:00,6686.3
2019-05-12 02:30:00,6687.0
2019-05-12 02:45:00,6685.7
2019-05-12 03:00:00,6687.8
2019-05-12 03:15:00,6690.9
2019-05-12 03:30:00,6691.6
2019-05-12 03:45:00,6688.9
2019-05-12 04:00:00,6692.0
2019-05-12 04:15:00,6685.1
2019-05-12 04:30:00,6680.0
2019-05-12 04:45:00,6675.2
2019-05-12 05:00:00,6680.1
2019-05-12 05:15:00,6678.6
2019-05-12 05:30:00,6685.1
2019-05-12 05:45:00,6691.1
2019-05-12 06:00:00,6704.3
2019-05-12 06:15:00,6712.5
2019-05-12 06:30:00,6722.0
2019-05-12 06:45:00,6735.3
2019-05-12 07:00:00,6756.6
2019-05-12 07:15:00,6773.5
2019-05-12 07:30:00,6785.3
2019-05-12 07:45:00,6796.5
2019-05-12 08:00:00,6811.4
2019-05-12 08:15:00,6822.3
2019-05-12 08:30:00,6833.0
2019-05-12 08:45:00,6844.6
2019-05-12 09:00:00,6855.3
2019-05-12 09:15:00,6859.8
2019-05-12 09:30:00,6865.2
2019-05-12 09:45:00,6864.7
2019-05-12 10:00:00,6874.3
2019-05-12 10:15:00,6887.7
2019-05-12 10:30:00,6890.3
2019-05-12 10:45:00,6892.3
2019-05-12 11:00:00,6889.2
2019-05-12 11:15:00,6887.5
2019-05-12 11:30:00,6878.3
2019-05-12 11:45:00,6867.8
2019-05-12 12:00:00,6851.2
2019-05-12 12:15:00,6842.9
2019-05-12 12:30:00,6837.9
2019-05-12 12:45:00,6832.2
2019-05-12 13:00:00,6823.0
2019-05-12 13:15:00,6819.0
2019-05-12 13:30:00,6818.2
2019-05-12 13:45:00,6814.2
2019-05-12 14:00:00,6812.0
2019-05-12 14:15:00,6811.1
2019-05-12 14:30:00,6808.4
2019-05-12 14:45:00,6802.0
2019-05-12 15:00:00,6799.1
2019-05-12 15:15:00,6796.6
2019-05-12 15:30:00,6797.3
2019-05-12 15:45:00,6800.6
2019-05-12 16:00:00,6809.4
2019-05-12 16:15:00,6812.6
2019-05-12 16:30:00,6820.6
2019-05-12 16:45:00,6828.8
2019-05-12 17:00:00,6842.7
2019-05-12 17:15:00,6842.7
2019-05-12 17:30:00,6842.7
2019-05-12 17:45:00,6843.9
2019-05-12 18:00:00,6852.0
2019-05-12 18:15:00,6849.7
2019-05-12 18:30:00,6849.9
2019-05-12 18:45:00,6851.9
2019-05-12 19:00:00,6851.9
2019-05-12 19:15:00,6846.1
2019-05-12 19:30:00,6844.8
2019-05-12 19:45:00,6842.2
2019-05-12 20:00:00,6848.2
2019-05-12 20:15:00,6849.7
2019-05-12 20:30:00,6847.6
2019-05-12 20:45:00,6852.7
2019-05-12 21:00:00,6862.1
2019-05-12 21:15:00,6852.3
2019-05-12 21:30:00,6836.2
2019-05-12 21:45:00,6823.7
2019-05-12 22:00:00,6805.0
2019-05-12 22:15:00,6790.7
2019-05-12 22:30:00,6774.4
2019-05-12 22:45:00,6768.6
2019-05-12 23:00:00,6762.1
2019-05-12 23:15:00,6751.8
2019-05-12 23:30:00,6746.2
2019-05-12 23:45:00,6742.8
2019-05-13 00:00:00,6736.1
2019-05-13 00:15:00,6729.9
2019-05-13 00:30:00,6730.1
2019-05-13 00:45:00,6725.7
2019-05-13 01:00:00,6716.2
2019-05-13 01:15:00,6710.8
2019-05-13 01:30:00,6713.4
2019-05-13 01:45:00,6712.5
2019-05-13 02:00:00,6720.0
2019-05-13 02:15:00,6724.6
2019-05-13 02:30:00,6729.5
2019-05-13 02:45:00,6734.2
2019-05-13 03:00:00,6749.9
2019-05-13 03:15:00,6758.0
2019-05-13 03:30:00,6770.3
2019-05-13 03:45:00,6785.2
2019-05-13 04:00:00,6814.1
2019-05-13 04:15:00,6823.3
2019-05-13 04:30:00,6837.1
2019-05-13 04:45:00,6872.2
2019-05-13 05:00:00,6919.2
2019-05-13 05:15:00,6953.1
2019-05-13 05:30:00,6981.5
2019-05-13 05:45:00,7007.5
2019-05-13 06:00:00,7036.4
2019-05-13 06:15:00,7056.2
2019-05-13 06:30:00,7073.0
2019-05-13 06:45:00,7088.9
2019-05-13 07:00:00,7105.9
2019-05-13 07:15:00,7114.9
2019-05-13 07:30:00,7120.9
2019-05-13 07:45:00,7127.8
2019-05-13 08:00:00,7119.2
2019-05-13 08:15:00,7121.6
2019-05-13 08:30:00,7125.8
2019-05-13 08:45:00,7128.6
2019-05-13 09:00:00,7134.6
2019-05-13 09:15:00,7136.0
2019-05-13 09:30:00,7142.3
2019-05-13 09:45:00,7148.2
2019-05-13 10:00:00,7151.1
2019-05-13 10:15:00,7161.1
2019-05-13 10:30:00,7165.3
2019-05-13 10:45:00,7167.2
2019-05-13 11:00:00,7150.1
2019-05-13 11:15:00,7145.7
2019-05-13 11:30:00,7146.0
2019-05-13 11:45:00,7141.7
2019-05-13 12:00:00,7140.8
2019-05-13 12:15:00,7135.5
2019-05-13 12:30:00,7128.8
2019-05-13 12:45:00,7115.2
2019-05-13 13:00:00,7115.9
2019-05-13 13:15:00,7114.3
2019-05-13 13:30:00,7111.9
2019-05-13 13:45:00,7103.6
2019-05-13 14:00:00,7109.3
2019-05-13 14:15:00,7102.6
2019-05-13 14:30:00,7092.0
2019-05-13 14:45:00,7086.9
2019-05-13 15:00:00,7091.3
2019-05-13 15:15:00,7074.0
2019-05-13 15:30:00,7076.6
2019-05-13 15:45:00,7071.1
2019-05-13 16:00:00,7069.6
2019-05-13 16:15:00,7073.4
2019-05-13 16:30:00,7072.1
2019-05-13 16:45:00,7066.7
2019-05-13 17:00:00,7062.0
2019-05-13 17:15:00,7063.3
2019-05-13 17:30:00,7062.9
2019-05-13 17:45:00,7066.6
2019-05-13 18:00:00,7062.2
2019-05-13 18:15:00,7060.1
2019-05-13 18:30:00,7059.9
2019-05-13 18:45:00,7062.7
2019-05-13 19:00:00,7053.8
2019-05-13 19:15:00,7045.7
2019-05-13 19:30:00,7036.9
2019-05-13 19:45:00,7029.1
2019-05-13 20:00:00,7024.5
2019-05-13 20:15:00,7017.8
2019-05-13 20:30:00,7015.9
2019-05-13 20:45:00,6996.9
2019-05-13 21:00:00,6984.2
2019-05-13 21:15:00,6967.9
2019-05-13 21:30:00,6945.4
2019-05-13 21:45:00,6924.8
2019-05-13 22:00:00,6902.6
2019-05-13 22:15:00,6884.1
2019-05-13 22:30:00,6870.2
2019-05-13 22:45:00,6852.6
2019-05-13 23:00:00,6842.2
2019-05-13 23:15:00,6830.5
2019-05-13 23:30:00,6825.4
2019-05-13 23:45:00,6814.6
2019-05-14 00:00:00,6803.3
2019-05-14 00:15:00,6798.6
2019-05-14 00:30:00,6795.2
2019-05-14 00:45:00,6793.3
2019-05-14 01:00:00,6784.8
2019-05-14 01:15:00,6782.7
2019-05-14 01:30:00,6783.4
2019-05-14 01:45:00,6784.2
2019-05-14 02:00:00,6783.6
2019-05-14 02:15:00,6785.8
2019-05-14 02:30:00,6792.4
2019-05-14 02:45:00,6796.9
2019-05-14 03:00:00,6815.3
2019-05-14 03:15:00,6819.4
2019-05-14 03:30:00,6826.2
2019-05-14 03:45:00,6838.6
2019-05-14 04:00:00,6859.6
2019-05-14 04:15:00,6870.1
2019-05-14 04:30:00,6881.9
2019-05-14 04:45:00,6903.6
2019-05-14 05:00:00,6948.3
2019-05-14 05:15:00,6984.1
2019-05-14 05:30:00,7007.3
2019-05-14 05:45:00,7030.8
2019-05-14 06:00:00,7060.3
2019-05-14 06:15:00,7075.0
2019-05-14 06:30:00,7093.2
2019-05-14 06:45:00,7106.3
2019-05-14 07:00:00,7112.8
2019-05-14 07:15:00,7124.0
2019-05-14 07:30:00,7128.0
2019-05-14 07:45:00,7131.3
2019-05-14 08:00:00,7121.2
2019-05-14 08:15:00,7127.9
2019-05-14 08:30:00,7132.5
2019-05-14 08:45:00,7132.5
2019-05-14 09:00:00,7129.5
2019-05-14 09:15:00,7137.1
2019-05-14 09:30:00,7150.3
2019-05-14 09:45:00,7160.5
2019-05-14 10:00:00,7164.3
2019-05-14 10:15:00,7172.9
2019-05-14 10:30:00,7174.9
2019-05-14 10:45:00,7167.9
2019-05-14 11:00:00,7150.3
2019-05-14 11:15:00,7146.4
2019-05-14 11:30:00,7142.2
2019-05-14 11:45:00,7140.6
2019-05-14 12:00:00,7139.8
2019-05-14 12:15:00,7134.3
2019-05-14 12:30:00,7132.0
2019-05-14 12:45:00,7119.6
2019-05-14 13:00:00,7118.8
2019-05-14 13:15:00,7121.4
2019-05-14 13:30:00,7116.6
2019-05-14 13:45:00,7109.5
2019-05-14 14:00:00,7112.8
2019-05-14 14:15:00,7108.9
2019-05-14 14:30:00,7099.1
2019-05-14 14:45:00,7091.9
2019-05-14 15:00:00,7084.8
2019-05-14 15:15:00,7081.2
2019-05-14 15:30:00,7071.4
2019-05-14 15:45:00,7067.2
2019-05-14 16:00:00,7073.9
2019-05-14 16:15:00,7076.6
2019-05-14 16:30:00,7076.0
2019-05-14 16:45:00,7075.5
2019-05-14 17:00:00,7076.4
2019-05-14 17:15:00,7075.6
2019-05-14 17:30:00,7076.8
2019-05-14 17:45:00,7077.1
2019-05-14 18:00:00,7079.2
2019-05-14 18:15:00,7075.5
2019-05-14 18:30:00,7071.7
2019-05-14 18:45:00,7068.8
2019-05-14 19:00:00,7064.6
2019-05-14 19:15:00,7056.8
2019-05-14 19:30:00,7045.4
2019-05-14 19:45:00,7041.9
2019-05-14 20:00:00,7036.3
2019-05-14 20:15:00,7024.6
2019-05-14 20:30:00,7020.2
2019-05-14 20:45:00,7007.3
2019-05-14 21:00:00,6994.2
2019-05-14 21:15:00,6975.4
2019-05-14 21:30:00,6955.3
2019-05-14 21:45:00,6937.5
2019-05-14 22:00:00,6917.8
2019-05-14 22:15:00,6892.2
2019-05-14 22:30:00,6879.3
2019-05-14 22:45:00,6868.4
2019-05-14 23:00:00,6848.4
2019-05-14 23:15:00,6836.3
2019-05-14 23:30:00,6824.8
2019-05-14 23:45:00,6817.7
2019-05-15 00:00:00,6810.1
2019-05-15 00:15:00,6805.9
2019-05-15 00:30:00,6803.6
2019-05-15 00:45:00,6802.2
2019-05-15 01:00:00,6794.4
2019-05-15 01:15:00,6792.6
2019-05-15 01:30:00,6794.4
2019-05-15 01:45:00,6796.4
2019-05-15 02:00:00,6800.3
2019-05-15 02:15:00,6804.0
2019-05-15 02:30:00,6803.0
2019-05-15 02:45:00,6811.4
2019-05-15 03:00:00,6822.9
2019-05-15 03:15:00,6828.7
2019-05-15 03:30:00,6835.6
2019-05-15 03:45:00,6845.7
2019-05-15 04:00:00,6866.4
2019-05-15 04:15:00,6874.2
2019-05-15 04:30:00,6890.8
2019-05-15 04:45:00,6915.9
2019-05-15 05:00:00,6965.2
2019-05-15 05:15:00,6996.1
2019-05-15 05:30:00,7021.7
2019-05-15 05:45:00,7047.9
2019-05-15 06:00:00,7074.7
2019-05-15 06:15:00,7091.9
2019-05-15 06:30:00,7108.8
2019-05-15 06:45:00,7121.0
2019-05-15 07:00:00,7135.4
2019-05-15 07:15:00,7144.4
2019-05-15 07:30:00,7150.0
2019-05-15 07:45:00,7150.9
2019-05-15 08:00:00,7146.1
2019-05-15 08:15:00,7148.6
2019-05-15 08:30:00,7152.1
2019-05-15 08:45:00,7154.1
2019-05-15 09:00:00,7154.1
2019-05-15 09:15:00,7156.8
2019-05-15 09:30:00,7160.8
2019-05-15 09:45:00,7163.0
2019-05-15 10:00:00,7170.7
2019-05-15 10:15:00,7180.6
2019-05-15 10:30:00,7190.4
2019-05-15 10:45:00,7195.2
2019-05-15 11:00:00,7183.2
2019-05-15 11:15:00,7183.3
2019-05-15 11:30:00,7173.7
2019-05-15 11:45:00,7173.8
2019-05-15 12:00:00,7167.9
2019-05-15 12:15:00,7165.8
2019-05-15 12:30:00,7155.9
2019-05-15 12:45:00,7148.3
2019-05-15 13:00:00,7148.4
2019-05-15 13:15:00,7146.7
2019-05-15 13:30:00,7144.7
2019-05-15 13:45:00,7142.3
2019-05-15 14:00:00,7142.2
2019-05-15 14:15:00,7135.0
2019-05-15 14:30:00,7130.3
2019-05-15 14:45:00,7123.3
2019-05-15 15:00:00,7114.2
2019-05-15 15:15:00,7111.6
2019-05-15 15:30:00,7106.3
2019-05-15 15:45:00,7104.8
2019-05-15 16:00:00,7109.8
2019-05-15 16:15:00,7111.5
2019-05-15 16:30:00,7110.8
2019-05-15 16:45:00,7113.5
2019-05-15 17:00:00,7109.1
2019-05-15 17:15:00,7109.3
2019-05-15 17:30:00,7111.6
2019-05-15 17:45:00,7112.7
2019-05-15 18:00:00,7113.7
2019-05-15 18:15:00,7109.2
2019-05-15 18:30:00,7106.9
2019-05-15 18:45:00,7100.7
2019-05-15 19:00:00,7085.8
2019-05-15 19:15:00,7073.6
2019-05-15 19:30:00,7067.4
2019-05-15 19:45:00,7061.2
2019-05-15 20:00:00,7056.5
2019-05-15 20:15:00,7044.4
2019-05-15 20:30:00,7038.4
2019-05-15 20:45:00,7025.2
2019-05-15 21:00:00,7014.0
2019-05-15 21:15:00,6990.9
2019-05-15 21:30:00,6975.2
2019-05-15 21:45:00,6950.9
2019-05-15 22:00:00,6928.5
2019-05-15 22:15:00,6913.8
2019-05-15 22:30:00,6897.3
2019-05-15 22:45:00,6884.3
2019-05-15 23:00:00,6867.6
2019-05-15 23:15:00,6855.6
2019-05-15 23:30:00,6848.8
2019-05-15 23:45:00,6838.6
2019-05-16 00:00:00,6828.5
2019-05-16 00:15:00,6824.9
2019-05-16 00:30:00,6826.5
2019-05-16 00:45:00,6821.6
2019-05-16 01:00:00,6816.8
2019-05-16 01:15:00,6817.1
2019-05-16 01:30:00,6814.4
2019-05-16 01:45:00,6815.6
2019-05-16 02:00:00,6818.0
2019-05-16 02:15:00,6823.3
2019-05-16 02:30:00,6823.1
2019-05-16 02:45:00,6823.7
2019-05-16 03:00:00,6834.8
2019-05-16 03:15:00,6840.1
2019-05-16 03:30:00,6849.5
2019-05-16 03:45:00,6859.0
2019-05-16 04:00:00,6879.8
2019-05-16 04:15:00,6893.1
2019-05-16 04:30:00,6901.0
2019-05-16 04:45:00,6927.2
2019-05-16 05:00:00,6972.2
2019-05-16 05:15:00,7007.7
2019-05-16 05:30:00,7035.8
2019-05-16 05:45:00,7060.5
2019-05-16 06:00:00,7090.8
2019-05-16 06:15:00,7107.2
2019-05-16 06:30:00,7120.5
2019-05-16 06:45:00,7133.4
2019-05-16 07:00:00,7145.3
2019-05-16 07:15:00,7154.8
2019-05-16 07:30:00,7161.1
2019-05-16 07:45:00,7167.9
2019-05-16 08:00:00,7162.7
2019-05-16 08:15:00,7167.9
2019-05-16 08:30:00,7176.5
2019-05-16 08:45:00,7179.7
2019-05-16 09:00:00,7182.3
2019-05-16 09:15:00,7187.9
2019-05-16 09:30:00,7188.8
2019-05-16 09:45:00,7197.1
2019-05-16 10:00:00,7203.6
2019-05-16 10:15:00,7209.6
2019-05-16 10:30:00,7208.1
2019-05-16 10:45:00,7207.6
2019-05-16 11:00:00,7192.4
2019-05-16 11:15:00,7190.4
2019-05-16 11:30:00,7187.7
2019-05-16 11:45:00,7185.4
2019-05-16 12:00:00,7190.9
2019-05-16 12:15:00,7183.8
2019-05-16 12:30:00,7176.0
2019-05-16 12:45:00,7166.6
2019-05-16 13:00:00,7163.7
2019-05-16 13:15:00,7165.1
2019-05-16 13:30:00,7158.4
2019-05-16 13:45:00,7153.9
2019-05-16 14:00:00,7156.9
2019-05-16 14:15:00,7151.8
2019-05-16 14:30:00,7146.5
2019-05-16 14:45:00,7140.4
2019-05-16 15:00:00,7139.8
2019-05-16 15:15:00,7133.7
2019-05-16 15:30:00,7133.9
2019-05-16 15:45:00,7133.5
2019-05-16 16:00:00,7137.6
2019-05-16 16:15:00,7137.5
2019-05-16 16:30:00,7141.1
2019-05-16 16:45:00,7137.0
2019-05-16 17:00:00,7136.5
2019-05-16 17:15:00,7128.2
2019-05-16 17:30:00,7128.0
2019-05-16 17:45:00,7132.5
2019-05-16 18:00:00,7130.6
2019-05-16 18:15:00,7125.4
2019-05-16 18:30:00,7118.1
2019-05-16 18:45:00,7115.5
2019-05-16 19:00:00,7104.6
2019-05-16 19:15:00,7092.7
2019-05-16 19:30:00,7085.1
2019-05-16 19:45:00,7079.3
2019-05-16 20:00:00,7072.1
2019-05-16 20:15:00,7062.3
2019-05-16 20:30:00,7050.4
2019-05-16 20:45:00,7037.2
2019-05-16 21:00:00,7022.4
2019-05-16 21:15:00,7008.0
2019-05-16 21:30:00,6985.8
2019-05-16 21:45:00,6964.1
2019-05-16 22:00:00,6941.0
2019-05-16 22:15:00,6923.5
2019-05-16 22:30:00,6908.2
2019-05-16 22:45:00,6883.6
2019-05-16 23:00:00,6864.5
2019-05-16 23:15:00,6857.4
2019-05-16 23:30:00,6853.6
2019-05-16 23:45:00,6844.8
2019-05-17 00:00:00,6835.1
2019-05-17 00:15:00,6833.8
2019-05-17 00:30:00,6823.9
2019-05-17 00:45:00,6818.0
2019-05-17 01:00:00,6807.2
2019-05-17 01:15:00,6808.1
2019-05-17 01:30:00,6809.5
2019-05-17 01:45:00,6809.6
2019-05-17 02:00:00,6811.1
2019-05-17 02:15:00,6814.8
2019-05-17 02:30:00,6813.8
2019-05-17 02:45:00,6818.6
2019-05-17 03:00:00,6826.4
2019-05-17 03:15:00,6833.1
2019-05-17 03:30:00,6843.7
2019-05-17 03:45:00,6852.3
2019-05-17 04:00:00,6872.3
2019-05-17 04:15:00,6874.9
2019-05-17 04:30:00,6890.3
2019-05-17 04:45:00,6915.0
2019-05-17 05:00:00,6967.8
2019-05-17 05:15:00,6998.7
2019-05-17 05:30:00,7025.0
2019-05-17 05:45:00,7051.3
2019-05-17 06:00:00,7080.0
2019-05-17 06:15:00,7097.9
2019-05-17 06:30:00,7110.7
2019-05-17 06:45:00,7124.1
2019-05-17 07:00:00,7140.5
2019-05-17 07:15:00,7151.1
2019-05-17 07:30:00,7152.2
2019-05-17 07:45:00,7154.7
2019-05-17 08:00:00,7147.1
2019-05-17 08:15:00,7148.1
2019-05-17 08:30:00,7153.9
2019-05-17 08:45:00,7157.4
2019-05-17 09:00:00,7155.7
2019-05-17 09:15:00,7162.3
2019-05-17 09:30:00,7166.6
2019-05-17 09:45:00,7178.1
2019-05-17 10:00:00,7180.3
2019-05-17 10:15:00,7185.4
2019-05-17 10:30:00,7186.0
2019-05-17 10:45:00,7182.5
2019-05-17 11:00:00,7177.3
2019-05-17 11:15:00,7170.4
2019-05-17 11:30:00,7169.6
2019-05-17 11:45:00,7165.1
2019-05-17 12:00:00,7158.9
2019-05-17 12:15:00,7150.5
2019-05-17 12:30:00,7142.7
2019-05-17 12:45:00,7131.0
2019-05-17 13:00:00,7127.0
2019-05-17 13:15:00,7121.3
2019-05-17 13:30:00,7116.8
2019-05-17 13:45:00,7109.0
2019-05-17 14:00:00,7112.5
2019-05-17 14:15:00,7107.8
2019-05-17 14:30:00,7092.8
2019-05-17 14:45:00,7086.7
2019-05-17 15:00:00,7089.5
2019-05-17 15:15:00,7085.9
2019-05-17 15:30:00,7076.4
2019-05-17 15:45:00,7073.2
2019-05-17 16:00:00,7071.7
2019-05-17 16:15:00,7062.0
2019-05-17 16:30:00,7065.9
2019-05-17 16:45:00,7063.8
2019-05-17 17:00:00,7062.5
2019-05-17 17:15:00,7057.3
2019-05-17 17:30:00,7055.0
2019-05-17 17:45:00,7054.4
2019-05-17 18:00:00,7049.0
2019-05-17 18:15:00,7044.7
2019-05-17 18:30:00,7040.8
2019-05-17 18:45:00,7033.8
2019-05-17 19:00:00,7025.6
2019-05-17 19:15:00,7014.0
2019-05-17 19:30:00,7004.6
2019-05-17 19:45:00,6994.0
2019-05-17 20:00:00,6986.0
2019-05-17 20:15:00,6981.1
2019-05-17 20:30:00,6975.0
2019-05-17 20:45:00,6963.7
2019-05-17 21:00:00,6956.6
2019-05-17 21:15:00,6941.6
2019-05-17 21:30:00,6919.4
2019-05-17 21:45:00,6901.2
2019-05-17 22:00:00,6880.9
2019-05-17 22:15:00,6864.3
2019-05-17 22:30:00,6843.1
2019-05-17 22:45:00,6832.2
2019-05-17 23:00:00,6799.7
2019-05-17 23:15:00,6790.2
2019-05-17 23:30:00,6784.8
2019-05-17 23:45:00,6775.1
2019-05-18 00:00:00,6767.1
2019-05-18 00:15:00,6759.6
2019-05-18 00:30:00,6755.0
2019-05-18 00:45:00,6748.8
2019-05-18 01:00:00,6738.8
2019-05-18 01:15:00,6735.8
2019-05-18 01:30:00,6734.2
2019-05-18 01:45:00,6732.1
2019-05-18 02:00:00,6727.7
2019-05-18 02:15:00,6727.0
2019-05-18 02:30:00,6729.1
2019-05-18 02:45:00,6732.1
2019-05-18 03:00:00,6731.4
2019-05-18 03:15:00,6732.4
2019-05-18 03:30:00,6733.5
2019-05-18 03:45:00,6737.0
2019-05-18 04:00:00,6738.2
2019-05-18 04:15:00,6732.1
2019-05-18 04:30:00,6728.9
2019-05-18 04:45:00,6731.2
2019-05-18 05:00:00,6738.7
2019-05-18 05:15:00,6749.2
2019-05-18 05:30:00,6756.2
2019-05-18 05:45:00,6771.4
2019-05-18 06:00:00,6784.5
2019-05-18 06:15:00,6803.1
2019-05-18 06:30:00,6819.8
2019-05-18 06:45:00,6836.7
2019-05-18 07:00:00,6856.5
2019-05-18 07:15:00,6869.3
2019-05-18 07:30:00,6882.4
2019-05-18 07:45:00,6897.1
2019-05-18 08:00:00,6901.4
2019-05-18 08:15:00,6910.3
2019-05-18 08:30:00,6920.1
2019-05-18 08:45:00,6934.0
2019-05-18 09:00:00,6938.0
2019-05-18 09:15:00,6941.4
2019-05-18 09:30:00,6948.9
2019-05-18 09:45:00,6954.8
2019-05-18 10:00:00,6956.2
2019-05-18 10:15:00,6955.8
2019-05-18 10:30:00,6956.9
2019-05-18 10:45:00,6957.1
2019-05-18 11:00:00,6953.6
2019-05-18 11:15:00,6952.4
2019-05-18 11:30:00,6945.9
2019-05-18 11:45:00,6938.3
2019-05-18 12:00:00,6928.9
2019-05-18 12:15:00,6920.7
2019-05-18 12:30:00,6914.8
2019-05-18 12:45:00,6909.8
2019-05-18 13:00:00,6902.0
2019-05-18 13:15:00,6895.7
2019-05-18 13:30:00,6889.0
2019-05-18 13:45:00,6887.3
2019-05-18 14:00:00,6889.9
2019-05-18 14:15:00,6885.4
2019-05-18 14:30:00,6881.1
2019-05-18 14:45:00,6873.8
2019-05-18 15:00:00,6869.3
2019-05-18 15:15:00,6865.0
2019-05-18 15:30:00,6861.4
2019-05-18 15:45:00,6864.1
2019-05-18 16:00:00,6868.4
2019-05-18 16:15:00,6869.5
2019-05-18 16:30:00,6873.3
2019-05-18 16:45:00,6875.3
2019-05-18 17:00:00,6885.8
2019-05-18 17:15:00,6879.6
2019-05-18 17:30:00,6881.5
2019-05-18 17:45:00,6881.9
2019-05-18 18:00:00,6885.6
2019-05-18 18:15:00,6883.9
2019-05-18 18:30:00,6879.3
2019-05-18 18:45:00,6869.3
2019-05-18 19:00:00,6864.5
2019-05-18 19:15:00,6855.1
2019-05-18 19:30:00,6851.7
2019-05-18 19:45:00,6844.2
2019-05-18 20:00:00,6847.1
2019-05-18 20:15:00,6840.7
2019-05-18 20:30:00,6841.6
2019-05-18 20:45:00,6838.3
2019-05-18 21:00:00,6840.0
2019-05-18 21:15:00,6831.9
2019-05-18 21:30:00,6818.2
2019-05-18 21:45:00,6800.9
2019-05-18 22:00:00,6784.7
2019-05-18 22:15:00,6774.1
2019-05-18 22:30:00,6765.0
2019-05-18 22:45:00,6753.5
2019-05-18 23:00:00,6727.8
2019-05-18 23:15:00,6721.3
2019-05-18 23:30:00,6711.2
2019-05-18 23:45:00,6706.1
2019-05-19 00:00:00,6688.6
2019-05-19 00:15:00,6682.9
2019-05-19 00:30:00,6672.6
2019-05-19 00:45:00,6669.1
2019-05-19 01:00:00,6664.4
2019-05-19 01:15:00,6660.7
2019-05-19 01:30:00,6656.3
2019-05-19 01:45:00,6653.5
2019-05-19 02:00:00,6654.1
2019-05-19 02:15:00,6649.0
2019-05-19 02:30:00,6652.4
2019-05-19 02:45:00,6651.1
2019-05-19 03:00:00,6647.4
2019-05-19 03:15:00,6647.3
2019-05-19 03:30:00,6651.6
2019-05-19 03:45:00,6649.8
2019-05-19 04:00:00,6653.8
2019-05-19 04:15:00,6643.8
2019-05-19 04:30:00,6642.8
2019-05-19 04:45:00,6643.8
2019-05-19 05:00:00,6646.1
2019-05-19 05:15:00,6651.4
2019-05-19 05:30:00,6653.9
2019-05-19 05:45:00,6662.4
2019-05-19 06:00:00,6676.3
2019-05-19 06:15:00,6686.1
2019-05-19 06:30:00,6700.1
2019-05-19 06:45:00,6714.0
2019-05-19 07:00:00,6734.6
2019-05-19 07:15:00,6749.8
2019-05-19 07:30:00,6762.8
2019-05-19 07:45:00,6774.2
2019-05-19 08:00:00,6787.3
2019-05-19 08:15:00,6800.4
2019-05-19 08:30:00,6808.5
2019-05-19 08:45:00,6820.3
2019-05-19 09:00:00,6826.9
2019-05-19 09:15:00,6834.3
2019-05-19 09:30:00,6843.6
2019-05-19 09:45:00,6848.4
2019-05-19 10:00:00,6862.6
2019-05-19 10:15:00,6875.3
2019-05-19 10:30:00,6883.4
2019-05-19 10:45:00,6882.4
2019-05-19 11:00:00,6881.4
2019-05-19 11:15:00,6878.5
2019-05-19 11:30:00,6873.1
2019-05-19 11:45:00,6868.8
2019-05-19 12:00:00,6853.6
2019-05-19 12:15:00,6844.7
2019-05-19 12:30:00,6841.5
2019-05-19 12:45:00,6835.4
2019-05-19 13:00:00,6825.1
2019-05-19 13:15:00,6819.9
2019-05-19 13:30:00,6818.6
2019-05-19 13:45:00,6817.4
2019-05-19 14:00:00,6814.1
2019-05-19 14:15:00,6814.7
2019-05-19 14:30:00,6813.6
2019-05-19 14:45:00,6814.3
2019-05-19 15:00:00,6815.2
2019-05-19 15:15:00,6809.4
2019-05-19 15:30:00,6814.0
2019-05-19 15:45:00,6816.8
2019-05-19 16:00:00,6832.3
2019-05-19 16:15:00,6835.1
2019-05-19 16:30:00,6838.5
2019-05-19 16:45:00,6850.8
2019-05-19 17:00:00,6859.3
2019-05-19 17:15:00,6862.4
2019-05-19 17:30:00,6862.5
2019-05-19 17:45:00,6869.0
2019-05-19 18:00:00,6869.5
2019-05-19 18:15:00,6868.2
2019-05-19 18:30:00,6869.4
2019-05-19 18:45:00,6863.7
2019-05-19 19:00:00,6873.9
2019-05-19 19:15:00,6866.7
2019-05-19 19:30:00,6865.3
2019-05-19 19:45:00,6857.6
2019-05-19 20:00:00,6857.7
2019-05-19 20:15:00,6859.9
2019-05-19 20:30:00,6858.0
2019-05-19 20:45:00,6860.2
2019-05-19 21:00:00,6867.7
2019-05-19 21:15:00,6858.1
2019-05-19 21:30:00,6842.3
2019-05-19 21:45:00,6829.4
2019-05-19 22:00:00,6807.0
2019-05-19 22:15:00,6788.7
2019-05-19 22:30:00,6774.3
2019-05-19 22:45:00,6761.1
2019-05-19 23:00:00,6748.5
2019-05-19 23:15:00,6736.7
2019-05-19 23:30:00,6731.3
2019-05-19 23:45:00,6721.3
2019-05-20 00:00:00,6720.3
2019-05-20 00:15:00,6716.1
2019-05-20 00:30:00,6710.0
2019-05-20 00:45:00,6705.4
2019-05-20 01:00:00,6703.7
2019-05-20 01:15:00,6706.3
2019-05-20 01:30:00,6708.5
2019-05-20 01:45:00,6705.1
2019-05-20 02:00:00,6710.4
2019-05-20 02:15:00,6713.1
2019-05-20 02:30:00,6714.3
2019-05-20 02:45:00,6717.0
2019-05-20 03:00:00,6727.4
2019-05-20 03:15:00,6735.3
2019-05-20 03:30:00,6741.1
2019-05-20 03:45:00,6755.1
2019-05-20 04:00:00,6777.3
2019-05-20 04:15:00,6792.4
2019-05-20 04:30:00,6814.5
2019-05-20 04:45:00,6845.2
2019-05-20 05:00:00,6903.4
2019-05-20 05:15:00,6945.9
2019-05-20 05:30:00,6977.5
2019-05-20 05:45:00,7007.3
2019-05-20 06:00:00,7040.6
2019-05-20 06:15:00,7058.0
2019-05-20 06:30:00,7071.8
2019-05-20 06:45:00,7090.0
2019-05-20 07:00:00,7110.1
2019-05-20 07:15:00,7120.7
2019-05-20 07:30:00,7125.7
2019-05-20 07:45:00,7128.7
2019-05-20 08:00:00,7125.2
2019-05-20 08:15:00,7135.0
2019-05-20 08:30:00,7145.8
2019-05-20 08:45:00,7149.9
2019-05-20 09:00:00,7154.4
2019-05-20 09:15:00,7157.6
2019-05-20 09:30:00,7164.0
2019-05-20 09:45:00,7168.7
2019-05-20 10:00:00,7173.0
2019-05-20 10:15:00,7179.0
2019-05-20 10:30:00,7185.2
2019-05-20 10:45:00,7187.0
2019-05-20 11:00:00,7180.8
2019-05-20 11:15:00,7179.4
2019-05-20 11:30:00,7182.1
2019-05-20 11:45:00,7186.7
2019-05-20 12:00:00,7187.0
2019-05-20 12:15:00,7182.3
2019-05-20 12:30:00,7181.3
2019-05-20 12:45:00,7168.5
2019-05-20 13:00:00,7162.9
2019-05-20 13:15:00,7159.5
2019-05-20 13:30:00,7159.7
2019-05-20 13:45:00,7156.8
2019-05-20 14:00:00,7153.3
2019-05-20 14:15:00,7148.1
2019-05-20 14:30:00,7139.1
2019-05-20 14:45:00,7134.4
2019-05-20 15:00:00,7132.1
2019-05-20 15:15:00,7122.5
2019-05-20 15:30:00,7119.1
2019-05-20 15:45:00,7121.1
2019-05-20 16:00:00,7123.2
2019-05-20 16:15:00,7126.0
2019-05-20 16:30:00,7127.5
2019-05-20 16:45:00,7128.5
2019-05-20 17:00:00,7122.8
2019-05-20 17:15:00,7121.7
2019-05-20 17:30:00,7118.3
2019-05-20 17:45:00,7120.6
2019-05-20 18:00:00,7121.5
2019-05-20 18:15:00,7112.1
2019-05-20 18:30:00,7107.0
2019-05-20 18:45:00,7101.0
2019-05-20 19:00:00,7093.4
2019-05-20 19:15:00,7080.5
2019-05-20 19:30:00,7066.5
2019-05-20 19:45:00,7059.5
2019-05-20 20:00:00,7050.7
2019-05-20 20:15:00,7035.5
2019-05-20 20:30:00,7022.9
2019-05-20 20:45:00,7009.4
2019-05-20 21:00:00,6997.3
2019-05-20 21:15:00,6977.8
2019-05-20 21:30:00,6960.3
2019-05-20 21:45:00,6942.2
2019-05-20 22:00:00,6922.6
2019-05-20 22:15:00,6903.5
2019-05-20 22:30:00,6887.7
2019-05-20 22:45:00,6870.3
2019-05-20 23:00:00,6856.6
2019-05-20 23:15:00,6845.1
2019-05-20 23:30:00,6833.4
2019-05-20 23:45:00,6825.4
2019-05-21 00:00:00,6819.1
2019-05-21 00:15:00,6814.3
2019-05-21 00:30:00,6804.4
2019-05-21 00:45:00,6805.1
2019-05-21 01:00:00,6796.3
2019-05-21 01:15:00,6795.4
2019-05-21 01:30:00,6790.8
2019-05-21 01:45:00,6794.6
2019-05-21 02:00:00,6797.1
2019-05-21 02:15:00,6801.4
2019-05-21 02:30:00,6802.1
2019-05-21 02:45:00,6807.2
2019-05-21 03:00:00,6817.0
2019-05-21 03:15:00,6819.5
2019-05-21 03:30:00,6832.4
2019-05-21 03:45:00,6844.1
2019-05-21 04:00:00,6861.5
2019-05-21 04:15:00,6875.5
2019-05-21 04:30:00,6892.4
2019-05-21 04:45:00,6916.5
2019-05-21 05:00:00,6966.1
2019-05-21 05:15:00,7004.1
2019-05-21 05:30:00,7030.2
2019-05-21 05:45:00,7055.2
2019-05-21 06:00:00,7083.1
2019-05-21 06:15:00,7101.8
2019-05-21 06:30:00,7121.6
2019-05-21 06:45:00,7135.8
2019-05-21 07:00:00,7158.0
2019-05-21 07:15:00,7165.9
2019-05-21 07:30:00,7177.4
2019-05-21 07:45:00,7178.9
2019-05-21 08:00:00,7172.8
2019-05-21 08:15:00,7173.8
2019-05-21 08:30:00,7187.0
2019-05-21 08:45:00,7191.9
2019-05-21 09:00:00,7193.8
2019-05-21 09:15:00,7196.2
2019-05-21 09:30:00,7201.6
2019-05-21 09:45:00,7206.0
2019-05-21 10:00:00,7215.9
2019-05-21 10:15:00,7226.5
2019-05-21 10:30:00,7232.7
2019-05-21 10:45:00,7234.7
2019-05-21 11:00:00,7223.7
2019-05-21 11:15:00,7219.6
2019-05-21 11:30:00,7216.8
2019-05-21 11:45:00,7216.6
2019-05-21 12:00:00,7215.2
2019-05-21 12:15:00,7209.3
2019-05-21 12:30:00,7201.3
2019-05-21 12:45:00,7188.7
2019-05-21 13:00:00,7185.4
2019-05-21 13:15:00,7186.6
2019-05-21 13:30:00,7182.9
2019-05-21 13:45:00,7180.4
2019-05-21 14:00:00,7178.3
2019-05-21 14:15:00,7172.0
2019-05-21 14:30:00,7168.5
2019-05-21 14:45:00,7158.4
2019-05-21 15:00:00,7154.9
2019-05-21 15:15:00,7149.4
2019-05-21 15:30:00,7148.2
2019-05-21 15:45:00,7148.6
2019-05-21 16:00:00,7143.7
2019-05-21 16:15:00,7143.0
2019-05-21 16:30:00,7145.8
2019-05-21 16:45:00,7144.1
2019-05-21 17:00:00,7139.5
2019-05-21 17:15:00,7132.7
2019-05-21 17:30:00,7133.7
2019-05-21 17:45:00,7133.7
2019-05-21 18:00:00,7128.3
2019-05-21 18:15:00,7124.2
2019-05-21 18:30:00,7115.7
2019-05-21 18:45:00,7113.4
2019-05-21 19:00:00,7100.0
2019-05-21 19:15:00,7089.3
2019-05-21 19:30:00,7077.2
2019-05-21 19:45:00,7066.6
2019-05-21 20:00:00,7059.3
2019-05-21 20:15:00,7054.6
2019-05-21 20:30:00,7038.7
2019-05-21 20:45:00,7023.4
2019-05-21 21:00:00,7014.8
2019-05-21 21:15:00,6997.6
2019-05-21 21:30:00,6976.8
2019-05-21 21:45:00,6958.9
2019-05-21 22:00:00,6931.9
2019-05-21 22:15:00,6910.4
2019-05-21 22:30:00,6896.2
2019-05-21 22:45:00,6881.7
2019-05-21 23:00:00,6864.7
2019-05-21 23:15:00,6850.6
2019-05-21 23:30:00,6843.0
2019-05-21 23:45:00,6835.1
2019-05-22 00:00:00,6811.5
2019-05-22 00:15:00,6807.4
2019-05-22 00:30:00,6800.8
2019-05-22 00:45:00,6797.2
2019-05-22 01:00:00,6798.6
2019-05-22 01:15:00,6795.9
2019-05-22 01:30:00,6791.7
2019-05-22 01:45:00,6795.4
2019-05-22 02:00:00,6790.3
2019-05-22 02:15:00,6796.3
2019-05-22 02:30:00,6796.3
2019-05-22 02:45:00,6799.5
2019-05-22 03:00:00,6805.5
2019-05-22 03:15:00,6813.4
2019-05-22 03:30:00,6822.8
2019-05-22 03:45:00,6833.6
2019-05-22 04:00:00,6857.8
2019-05-22 04:15:00,6870.2
2019-05-22 04:30:00,6885.2
2019-05-22 04:45:00,6905.3
2019-05-22 05:00:00,6960.3
2019-05-22 05:15:00,7000.2
2019-05-22 05:30:00,7028.6
2019-05-22 05:45:00,7058.8
2019-05-22 06:00:00,7090.2
2019-05-22 06:15:00,7111.8
2019-05-22 06:30:00,7128.3
2019-05-22 06:45:00,7138.3
2019-05-22 07:00:00,7154.7
2019-05-22 07:15:00,7165.3
2019-05-22 07:30:00,7171.6
2019-05-22 07:45:00,7172.7
2019-05-22 08:00:00,7166.7
2019-05-22 08:15:00,7169.3
2019-05-22 08:30:00,7178.0
2019-05-22 08:45:00,7181.2
2019-05-22 09:00:00,7180.1
2019-05-22 09:15:00,7182.4
2019-05-22 09:30:00,7188.5
2019-05-22 09:45:00,7194.9
2019-05-22 10:00:00,7195.9
2019-05-22 10:15:00,7197.8
2019-05-22 10:30:00,7199.1
2019-05-22 10:45:00,7196.7
2019-05-22 11:00:00,7184.0
2019-05-22 11:15:00,7178.0
2019-05-22 11:30:00,7173.7
2019-05-22 11:45:00,7174.1
2019-05-22 12:00:00,7171.9
2019-05-22 12:15:00,7169.0
2019-05-22 12:30:00,7159.3
2019-05-22 12:45:00,7150.4
2019-05-22 13:00:00,7147.9
2019-05-22 13:15:00,7151.8
2019-05-22 13:30:00,7142.7
2019-05-22 13:45:00,7142.1
2019-05-22 14:00:00,7135.9
2019-05-22 14:15:00,7123.8
2019-05-22 14:30:00,7118.3
2019-05-22 14:45:00,7109.1
2019-05-22 15:00:00,7096.6
2019-05-22 15:15:00,7093.8
2019-05-22 15:30:00,7088.8
2019-05-22 15:45:00,7085.2
2019-05-22 16:00:00,7089.6
2019-05-22 16:15:00,7095.6
2019-05-22 16:30:00,7099.0
2019-05-22 16:45:00,7096.8
2019-05-22 17:00:00,7096.1
2019-05-22 17:15:00,7092.1
2019-05-22 17:30:00,7093.3
2019-05-22 17:45:00,7094.7
2019-05-22 18:00:00,7097.7
2019-05-22 18:15:00,7096.2
2019-05-22 18:30:00,7089.7
2019-05-22 18:45:00,7082.9
2019-05-22 19:00:00,7078.1
2019-05-22 19:15:00,7067.2
2019-05-22 19:30:00,7057.3
2019-05-22 19:45:00,7045.2
2019-05-22 20:00:00,7042.5
2019-05-22 20:15:00,7038.3
2019-05-22 20:30:00,7024.0
2019-05-22 20:45:00,7012.4
2019-05-22 21:00:00,7004.7
2019-05-22 21:15:00,6986.2
2019-05-22 21:30:00,6964.1
2019-05-22 21:45:00,6944.2
2019-05-22 22:00:00,6919.3
2019-05-22 22:15:00,6901.4
2019-05-22 22:30:00,6883.0
2019-05-22 22:45:00,6869.8
2019-05-22 23:00:00,6852.1
2019-05-22 23:15:00,6834.7
2019-05-22 23:30:00,6826.3
2019-05-22 23:45:00,6815.8
2019-05-23 00:00:00,6817.5
2019-05-23 00:15:00,6809.8
2019-05-23 00:30:00,6807.2
2019-05-23 00:45:00,6801.4
2019-05-23 01:00:00,6801.0
2019-05-23 01:15:00,6795.9
2019-05-23 01:30:00,6800.1
2019-05-23 01:45:00,6797.1
2019-05-23 02:00:00,6802.3
2019-05-23 02:15:00,6803.1
2019-05-23 02:30:00,6803.3
2019-05-23 02:45:00,6804.1
2019-05-23 03:00:00,6818.5
2019-05-23 03:15:00,6822.7
2019-05-23 03:30:00,6833.7
2019-05-23 03:45:00,6843.7
2019-05-23 04:00:00,6864.1
2019-05-23 04:15:00,6871.3
2019-05-23 04:30:00,6884.2
2019-05-23 04:45:00,6907.1
2019-05-23 05:00:00,6962.8
2019-05-23 05:15:00,6995.9
2019-05-23 05:30:00,7022.8
2019-05-23 05:45:00,7043.1
2019-05-23 06:00:00,7072.3
2019-05-23 06:15:00,7088.4
2019-05-23 06:30:00,7103.6
2019-05-23 06:45:00,7117.0
2019-05-23 07:00:00,7135.3
2019-05-23 07:15:00,7142.3
2019-05-23 07:30:00,7146.1
2019-05-23 07:45:00,7150.3
2019-05-23 08:00:00,7146.2
2019-05-23 08:15:00,7152.6
2019-05-23 08:30:00,7153.2
2019-05-23 08:45:00,7155.6
2019-05-23 09:00:00,7150.9
2019-05-23 09:15:00,7153.1
2019-05-23 09:30:00,7155.4
2019-05-23 09:45:00,7160.8
2019-05-23 10:00:00,7157.8
2019-05-23 10:15:00,7165.2
2019-05-23 10:30:00,7169.2
2019-05-23 10:45:00,7170.2
2019-05-23 11:00:00,7158.7
2019-05-23 11:15:00,7157.4
2019-05-23 11:30:00,7155.6
2019-05-23 11:45:00,7157.0
2019-05-23 12:00:00,7154.4
2019-05-23 12:15:00,7149.6
2019-05-23 12:30:00,7144.9
2019-05-23 12:45:00,7130.7
2019-05-23 13:00:00,7130.6
2019-05-23 13:15:00,7130.1
2019-05-23 13:30:00,7122.9
2019-05-23 13:45:00,7118.0
2019-05-23 14:00:00,7118.3
2019-05-23 14:15:00,7112.1
2019-05-23 14:30:00,7106.6
2019-05-23 14:45:00,7099.2
2019-05-23 15:00:00,7100.7
2019-05-23 15:15:00,7096.6
2019-05-23 15:30:00,7089.7
2019-05-23 15:45:00,7086.4
2019-05-23 16:00:00,7090.0
2019-05-23 16:15:00,7091.7
2019-05-23 16:30:00,7092.9
2019-05-23 16:45:00,7091.5
2019-05-23 17:00:00,7093.7
2019-05-23 17:15:00,7095.7
2019-05-23 17:30:00,7093.2
2019-05-23 17:45:00,7095.8
2019-05-23 18:00:00,7092.3
2019-05-23 18:15:00,7085.4
2019-05-23 18:30:00,7086.5
2019-05-23 18:45:00,7080.8
2019-05-23 19:00:00,7067.2
2019-05-23 19:15:00,7056.0
2019-05-23 19:30:00,7046.6
2019-05-23 19:45:00,7041.2
2019-05-23 20:00:00,7037.6
2019-05-23 20:15:00,7027.2
2019-05-23 20:30:00,7024.3
2019-05-23 20:45:00,7010.7
2019-05-23 21:00:00,6999.9
2019-05-23 21:15:00,6987.6
2019-05-23 21:30:00,6964.4
2019-05-23 21:45:00,6944.6
2019-05-23 22:00:00,6916.5
2019-05-23 22:15:00,6897.0
2019-05-23 22:30:00,6882.6
2019-05-23 22:45:00,6868.0
2019-05-23 23:00:00,6855.1
2019-05-23 23:15:00,6842.0
2019-05-23 23:30:00,6831.3
2019-05-23 23:45:00,6821.0
2019-05-24 00:00:00,6803.8
2019-05-24 00:15:00,6795.3
2019-05-24 00:30:00,6789.7
2019-05-24 00:45:00,6788.5
2019-05-24 01:00:00,6777.1
2019-05-24 01:15:00,6774.8
2019-05-24 01:30:00,6778.0
2019-05-24 01:45:00,6780.5
2019-05-24 02:00:00,6781.2
2019-05-24 02:15:00,6783.6
2019-05-24 02:30:00,6785.9
2019-05-24 02:45:00,6789.2
2019-05-24 03:00:00,6799.3
2019-05-24 03:15:00,6809.5
2019-05-24 03:30:00,6813.0
2019-05-24 03:45:00,6821.8
2019-05-24 04:00:00,6841.8
2019-05-24 04:15:00,6852.3
2019-05-24 04:30:00,6865.3
2019-05-24 04:45:00,6890.2
2019-05-24 05:00:00,6941.4
2019-05-24 05:15:00,6979.4
2019-05-24 05:30:00,7004.6
2019-05-24 05:45:00,7027.1
2019-05-24 06:00:00,7059.0
2019-05-24 06:15:00,7075.4
2019-05-24 06:30:00,7086.2
2019-05-24 06:45:00,7099.1
2019-05-24 07:00:00,7118.5
2019-05-24 07:15:00,7128.3
2019-05-24 07:30:00,7136.5
2019-05-24 07:45:00,7139.8
2019-05-24 08:00:00,7135.9
2019-05-24 08:15:00,7136.9
2019-05-24 08:30:00,7149.8
2019-05-24 08:45:00,7151.7
2019-05-24 09:00:00,7150.7
2019-05-24 09:15:00,7153.9
2019-05-24 09:30:00,7159.6
2019-05-24 09:45:00,7164.5
2019-05-24 10:00:00,7160.6
2019-05-24 10:15:00,7170.9
2019-05-24 10:30:00,7169.9
2019-05-24 10:45:00,7170.0
2019-05-24 11:00:00,7164.6
2019-05-24 11:15:00,7162.3
2019-05-24 11:30:00,7158.0
2019-05-24 11:45:00,7157.5
2019-05-24 12:00:00,7152.6
2019-05-24 12:15:00,7144.8
2019-05-24 12:30:00,7137.0
2019-05-24 12:45:00,7120.7
2019-05-24 13:00:00,7111.2
2019-05-24 13:15:00,7105.3
2019-05-24 13:30:00,7099.0
2019-05-24 13:45:00,7096.0
2019-05-24 14:00:00,7099.4
2019-05-24 14:15:00,7090.8
2019-05-24 14:30:00,7083.5
2019-05-24 14:45:00,7077.9
2019-05-24 15:00:00,7071.3
2019-05-24 15:15:00,7066.1
2019-05-24 15:30:00,7059.1
2019-05-24 15:45:00,7056.0
2019-05-24 16:00:00,7064.4
2019-05-24 16:15:00,7062.3
2019-05-24 16:30:00,7060.6
2019-05-24 16:45:00,7060.0
2019-05-24 17:00:00,7056.7
2019-05-24 17:15:00,7056.8
2019-05-24 17:30:00,7056.0
2019-05-24 17:45:00,7059.3
2019-05-24 18:00:00,7054.6
2019-05-24 18:15:00,7044.1
2019-05-24 18:30:00,7040.8
2019-05-24 18:45:00,7040.2
2019-05-24 19:00:00,7028.3
2019-05-24 19:15:00,7014.1
2019-05-24 19:30:00,7004.4
2019-05-24 19:45:00,6994.4
2019-05-24 20:00:00,6983.2
2019-05-24 20:15:00,6978.7
2019-05-24 20:30:00,6970.3
2019-05-24 20:45:00,6961.0
2019-05-24 21:00:00,6948.5
2019-05-24 21:15:00,6932.6
2019-05-24 21:30:00,6914.4
2019-05-24 21:45:00,6895.7
2019-05-24 22:00:00,6866.3
2019-05-24 22:15:00,6847.2
2019-05-24 22:30:00,6836.4
2019-05-24 22:45:00,6825.6
2019-05-24 23:00:00,6808.5
2019-05-24 23:15:00,6796.2
2019-05-24 23:30:00,6785.5
2019-05-24 23:45:00,6779.2
2019-05-25 00:00:00,6761.5
2019-05-25 00:15:00,6748.7
2019-05-25 00:30:00,6743.2
2019-05-25 00:45:00,6737.2
2019-05-25 01:00:00,6730.6
2019-05-25 01:15:00,6723.5
2019-05-25 01:30:00,6724.4
2019-05-25 01:45:00,6722.6
2019-05-25 02:00:00,6720.4
2019-05-25 02:15:00,6717.5
2019-05-25 02:30:00,6718.2
2019-05-25 02:45:00,6715.8
2019-05-25 03:00:00,6717.0
2019-05-25 03:15:00,6718.5
2019-05-25 03:30:00,6720.7
2019-05-25 03:45:00,6721.4
2019-05-25 04:00:00,6723.2
2019-05-25 04:15:00,6717.8
2019-05-25 04:30:00,6717.0
2019-05-25 04:45:00,6720.1
2019-05-25 05:00:00,6738.1
2019-05-25 05:15:00,6749.2
2019-05-25 05:30:00,6757.0
2019-05-25 05:45:00,6767.7
2019-05-25 06:00:00,6786.6
2019-05-25 06:15:00,6802.1
2019-05-25 06:30:00,6821.1
2019-05-25 06:45:00,6838.1
2019-05-25 07:00:00,6858.3
2019-05-25 07:15:00,6872.5
2019-05-25 07:30:00,6884.5
2019-05-25 07:45:00,6901.3
2019-05-25 08:00:00,6914.1
2019-05-25 08:15:00,6919.3
2019-05-25 08:30:00,6927.4
2019-05-25 08:45:00,6936.1
2019-05-25 09:00:00,6939.9
2019-05-25 09:15:00,6946.2
2019-05-25 09:30:00,6950.3
2019-05-25 09:45:00,6954.8
2019-05-25 10:00:00,6955.1
2019-05-25 10:15:00,6955.6
2019-05-25 10:30:00,6963.3
2019-05-25 10:45:00,6959.6
2019-05-25 11:00:00,6956.7
2019-05-25 11:15:00,6950.0
2019-05-25 11:30:00,6945.2
2019-05-25 11:45:00,6941.2
2019-05-25 12:00:00,6930.3
2019-05-25 12:15:00,6921.4
2019-05-25 12:30:00,6910.3
2019-05-25 12:45:00,6899.0
2019-05-25 13:00:00,6891.9
2019-05-25 13:15:00,6882.7
2019-05-25 13:30:00,6887.9
2019-05-25 13:45:00,6878.7
2019-05-25 14:00:00,6884.7
2019-05-25 14:15:00,6885.2
2019-05-25 14:30:00,6877.6
2019-05-25 14:45:00,6869.9
2019-05-25 15:00:00,6866.4
2019-05-25 15:15:00,6858.4
2019-05-25 15:30:00,6858.5
2019-05-25 15:45:00,6859.0
2019-05-25 16:00:00,6871.2
2019-05-25 16:15:00,6871.9
2019-05-25 16:30:00,6872.8
2019-05-25 16:45:00,6881.3
2019-05-25 17:00:00,6882.9
2019-05-25 17:15:00,6881.9
2019-05-25 17:30:00,6881.6
2019-05-25 17:45:00,6886.9
2019-05-25 18:00:00,6886.6
2019-05-25 18:15:00,6878.9
2019-05-25 18:30:00,6877.4
2019-05-25 18:45:00,6875.6
2019-05-25 19:00:00,6871.8
2019-05-25 19:15:00,6857.4
2019-05-25 19:30:00,6846.1
2019-05-25 19:45:00,6848.2
2019-05-25 20:00:00,6845.6
2019-05-25 20:15:00,6835.4
2019-05-25 20:30:00,6835.2
2019-05-25 20:45:00,6833.9
2019-05-25 21:00:00,6835.3
2019-05-25 21:15:00,6823.5
2019-05-25 21:30:00,6814.3
2019-05-25 21:45:00,6800.5
2019-05-25 22:00:00,6783.6
2019-05-25 22:15:00,6767.0
2019-05-25 22:30:00,6751.6
2019-05-25 22:45:00,6743.5
2019-05-25 23:00:00,6723.7
2019-05-25 23:15:00,6714.7
2019-05-25 23:30:00,6705.9
2019-05-25 23:45:00,6696.1
2019-05-26 00:00:00,6686.4
2019-05-26 00:15:00,6677.5
2019-05-26 00:30:00,6671.5
2019-05-26 00:45:00,6668.7
2019-05-26 01:00:00,6661.0
2019-05-26 01:15:00,6655.0
2019-05-26 01:30:00,6656.0
2019-05-26 01:45:00,6657.6
2019-05-26 02:00:00,6659.6
2019-05-26 02:15:00,6658.1
2019-05-26 02:30:00,6660.8
2019-05-26 02:45:00,6656.3
2019-05-26 03:00:00,6661.6
2019-05-26 03:15:00,6662.1
2019-05-26 03:30:00,6665.7
2019-05-26 03:45:00,6664.4
2019-05-26 04:00:00,6663.0
2019-05-26 04:15:00,6656.6
2019-05-26 04:30:00,6658.7
2019-05-26 04:45:00,6659.4
2019-05-26 05:00:00,6663.7
2019-05-26 05:15:00,6661.9
2019-05-26 05:30:00,6667.1
2019-05-26 05:45:00,6678.0
2019-05-26 06:00:00,6686.7
2019-05-26 06:15:00,6702.5
2019-05-26 06:30:00,6717.4
2019-05-26 06:45:00,6728.8
2019-05-26 07:00:00,6747.3
2019-05-26 07:15:00,6757.2
2019-05-26 07:30:00,6769.2
2019-05-26 07:45:00,6778.6
2019-05-26 08:00:00,6796.7
2019-05-26 08:15:00,6815.1
2019-05-26 08:30:00,6819.4
2019-05-26 08:45:00,6829.4
2019-05-26 09:00:00,6836.8
2019-05-26 09:15:00,6840.1
2019-05-26 09:30:00,6848.6
2019-05-26 09:45:00,6856.8
2019-05-26 10:00:00,6870.1
2019-05-26 10:15:00,6882.1
2019-05-26 10:30:00,6888.8
2019-05-26 10:45:00,6892.0
2019-05-26 11:00:00,6894.7
2019-05-26 11:15:00,6886.0
2019-05-26 11:30:00,6883.3
2019-05-26 11:45:00,6879.8
2019-05-26 12:00:00,6868.8
2019-05-26 12:15:00,6860.0
2019-05-26 12:30:00,6850.6
2019-05-26 12:45:00,6845.9
2019-05-26 13:00:00,6837.7
2019-05-26 13:15:00,6828.4
2019-05-26 13:30:00,6823.5
2019-05-26 13:45:00,6820.1
2019-05-26 14:00:00,6817.5
2019-05-26 14:15:00,6817.1
2019-05-26 14:30:00,6815.9
2019-05-26 14:45:00,6817.6
2019-05-26 15:00:00,6816.2
2019-05-26 15:15:00,6813.4
2019-05-26 15:30:00,6820.4
2019-05-26 15:45:00,6821.8
2019-05-26 16:00:00,6832.2
2019-05-26 16:15:00,6833.7
2019-05-26 16:30:00,6834.8
2019-05-26 16:45:00,6842.6
2019-05-26 17:00:00,6853.2
2019-05-26 17:15:00,6849.0
2019-05-26 17:30:00,6855.9
2019-05-26 17:45:00,6858.8
2019-05-26 18:00:00,6866.3
2019-05-26 18:15:00,6857.9
2019-05-26 18:30:00,6857.9
2019-05-26 18:45:00,6855.8
2019-05-26 19:00:00,6852.3
2019-05-26 19:15:00,6849.5
2019-05-26 19:30:00,6844.3
2019-05-26 19:45:00,6838.6
2019-05-26 20:00:00,6840.9
2019-05-26 20:15:00,6843.9
2019-05-26 20:30:00,6848.6
2019-05-26 20:45:00,6849.1
2019-05-26 21:00:00,6853.8
2019-05-26 21:15:00,6848.2
2019-05-26 21:30:00,6834.3
2019-05-26 21:45:00,6819.5
2019-05-26 22:00:00,6801.8
2019-05-26 22:15:00,6789.2
2019-05-26 22:30:00,6774.0
2019-05-26 22:45:00,6773.6
2019-05-26 23:00:00,6757.1
2019-05-26 23:15:00,6757.6
2019-05-26 23:30:00,6751.4
2019-05-26 23:45:00,6751.4
2019-05-27 00:00:00,6736.4
2019-05-27 00:15:00,6733.1
2019-05-27 00:30:00,6731.0
2019-05-27 00:45:00,6723.3
2019-05-27 01:00:00,6719.4
2019-05-27 01:15:00,6716.0
2019-05-27 01:30:00,6715.8
2019-05-27 01:45:00,6710.5
2019-05-27 02:00:00,6711.7
2019-05-27 02:15:00,6713.5
2019-05-27 02:30:00,6714.5
2019-05-27 02:45:00,6714.8
2019-05-27 03:00:00,6726.7
2019-05-27 03:15:00,6732.7
2019-05-27 03:30:00,6743.7
2019-05-27 03:45:00,6750.3
2019-05-27 04:00:00,6775.1
2019-05-27 04:15:00,6788.5
2019-05-27 04:30:00,6807.5
2019-05-27 04:45:00,6836.7
2019-05-27 05:00:00,6895.4
2019-05-27 05:15:00,6937.1
2019-05-27 05:30:00,6967.7
2019-05-27 05:45:00,6997.2
2019-05-27 06:00:00,7025.8
2019-05-27 06:15:00,7050.1
2019-05-27 06:30:00,7065.0
2019-05-27 06:45:00,7077.0
2019-05-27 07:00:00,7092.8
2019-05-27 07:15:00,7107.3
2019-05-27 07:30:00,7114.2
2019-05-27 07:45:00,7116.9
2019-05-27 08:00:00,7110.8
2019-05-27 08:15:00,7124.3
2019-05-27 08:30:00,7136.7
2019-05-27 08:45:00,7138.0
2019-05-27 09:00:00,7144.8
2019-05-27 09:15:00,7145.6
2019-05-27 09:30:00,7157.6
2019-05-27 09:45:00,7163.6
2019-05-27 10:00:00,7161.2
2019-05-27 10:15:00,7173.9
2019-05-27 10:30:00,7179.6
2019-05-27 10:45:00,7173.9
2019-05-27 11:00:00,7167.6
2019-05-27 11:15:00,7158.3
2019-05-27 11:30:00,7163.2
2019-05-27 11:45:00,7164.4
2019-05-27 12:00:00,7164.5
2019-05-27 12:15:00,7166.8
2019-05-27 12:30:00,7160.4
2019-05-27 12:45:00,7144.9
2019-05-27 13:00:00,7141.5
2019-05-27 13:15:00,7139.1
2019-05-27 13:30:00,7133.1
2019-05-27 13:45:00,7131.0
2019-05-27 14:00:00,7130.1
2019-05-27 14:15:00,7121.0
2019-05-27 14:30:00,7114.5
2019-05-27 14:45:00,7106.0
2019-05-27 15:00:00,7102.7
2019-05-27 15:15:00,7106.3
2019-05-27 15:30:00,7104.4
2019-05-27 15:45:00,7106.9
2019-05-27 16:00:00,7103.8
2019-05-27 16:15:00,7099.0
2019-05-27 16:30:00,7097.5
2019-05-27 16:45:00,7091.9
2019-05-27 17:00:00,7080.6
2019-05-27 17:15:00,7082.9
2019-05-27 17:30:00,7083.1
2019-05-27 17:45:00,7085.6
2019-05-27 18:00:00,7080.7
2019-05-27 18:15:00,7075.1
2019-05-27 18:30:00,7071.5
2019-05-27 18:45:00,7070.0
2019-05-27 19:00:00,7055.8
2019-05-27 19:15:00,7040.9
2019-05-27 19:30:00,7030.7
2019-05-27 19:45:00,7023.4
2019-05-27 20:00:00,7019.1
2019-05-27 20:15:00,7011.1
2019-05-27 20:30:00,6999.0
2019-05-27 20:45:00,6989.2
2019-05-27 21:00:00,6979.6
2019-05-27 21:15:00,6962.1
2019-05-27 21:30:00,6942.5
2019-05-27 21:45:00,6923.0
2019-05-27 22:00:00,6897.2
2019-05-27 22:15:00,6879.6
2019-05-27 22:30:00,6861.5
2019-05-27 22:45:00,6853.8
2019-05-27 23:00:00,6833.8
2019-05-27 23:15:00,6823.1
2019-05-27 23:30:00,6811.4
2019-05-27 23:45:00,6805.7
2019-05-28 00:00:00,6794.8
2019-05-28 00:15:00,6786.8
2019-05-28 00:30:00,6780.2
2019-05-28 00:45:00,6777.3
2019-05-28 01:00:00,6766.4
2019-05-28 01:15:00,6763.4
2019-05-28 01:30:00,6759.2
2019-05-28 01:45:00,6766.4
2019-05-28 02:00:00,6768.6
2019-05-28 02:15:00,6767.4
2019-05-28 02:30:00,6771.8
2019-05-28 02:45:00,6772.9
2019-05-28 03:00:00,6787.2
2019-05-28 03:15:00,6793.1
2019-05-28 03:30:00,6807.4
2019-05-28 03:45:00,6814.3
2019-05-28 04:00:00,6832.8
2019-05-28 04:15:00,6839.2
2019-05-28 04:30:00,6857.8
2019-05-28 04:45:00,6879.0
2019-05-28 05:00:00,6930.7
2019-05-28 05:15:00,6963.3
2019-05-28 05:30:00,6995.1
2019-05-28 05:45:00,7022.1
2019-05-28 06:00:00,7048.9
2019-05-28 06:15:00,7067.2
2019-05-28 06:30:00,7082.7
2019-05-28 06:45:00,7097.1
2019-05-28 07:00:00,7110.3
2019-05-28 07:15:00,7120.2
2019-05-28 07:30:00,7125.8
2019-05-28 07:45:00,7131.1
2019-05-28 08:00:00,7126.9
2019-05-28 08:15:00,7127.1
2019-05-28 08:30:00,7132.5
2019-05-28 08:45:00,7136.1
2019-05-28 09:00:00,7140.4
2019-05-28 09:15:00,7143.8
2019-05-28 09:30:00,7146.8
2019-05-28 09:45:00,7155.1
2019-05-28 10:00:00,7160.5
2019-05-28 10:15:00,7167.5
2019-05-28 10:30:00,7170.9
2019-05-28 10:45:00,7173.2
2019-05-28 11:00:00,7157.8
2019-05-28 11:15:00,7156.5
2019-05-28 11:30:00,7155.0
2019-05-28 11:45:00,7152.2
2019-05-28 12:00:00,7153.7
2019-05-28 12:15:00,7148.7
2019-05-28 12:30:00,7138.6
2019-05-28 12:45:00,7128.9
2019-05-28 13:00:00,7122.9
2019-05-28 13:15:00,7120.5
2019-05-28 13:30:00,7119.8
2019-05-28 13:45:00,7114.1
2019-05-28 14:00:00,7107.7
2019-05-28 14:15:00,7100.2
2019-05-28 14:30:00,7101.7
2019-05-28 14:45:00,7095.3
2019-05-28 15:00:00,7093.9
2019-05-28 15:15:00,7089.2
2019-05-28 15:30:00,7086.3
2019-05-28 15:45:00,7081.7
2019-05-28 16:00:00,7089.2
2019-05-28 16:15:00,7089.7
2019-05-28 16:30:00,7088.8
2019-05-28 16:45:00,7091.7
2019-05-28 17:00:00,7090.1
2019-05-28 17:15:00,7089.9
2019-05-28 17:30:00,7085.1
2019-05-28 17:45:00,7087.2
2019-05-28 18:00:00,7082.0
2019-05-28 18:15:00,7071.3
2019-05-28 18:30:00,7065.9
2019-05-28 18:45:00,7062.3
2019-05-28 19:00:00,7050.5
2019-05-28 19:15:00,7042.5
2019-05-28 19:30:00,7029.8
2019-05-28 19:45:00,7018.6
2019-05-28 20:00:00,7010.1
2019-05-28 20:15:00,7006.7
2019-05-28 20:30:00,6996.5
2019-05-28 20:45:00,6982.6
2019-05-28 21:00:00,6973.7
2019-05-28 21:15:00,6958.4
2019-05-28 21:30:00,6937.8
2019-05-28 21:45:00,6918.3
2019-05-28 22:00:00,6892.1
2019-05-28 22:15:00,6874.2
2019-05-28 22:30:00,6854.3
2019-05-28 22:45:00,6841.6
2019-05-28 23:00:00,6829.8
2019-05-28 23:15:00,6816.9
2019-05-28 23:30:00,6810.0
2019-05-28 23:45:00,6801.5
2019-05-29 00:00:00,6793.7
2019-05-29 00:15:00,6788.9
2019-05-29 00:30:00,6784.6
2019-05-29 00:45:00,6782.5
2019-05-29 01:00:00,6775.1
2019-05-29 01:15:00,6776.6
2019-05-29 01:30:00,6774.6
2019-05-29 01:45:00,6777.6
2019-05-29 02:00:00,6785.0
2019-05-29 02:15:00,6785.2
2019-05-29 02:30:00,6784.2
2019-05-29 02:45:00,6790.2
2019-05-29 03:00:00,6797.9
2019-05-29 03:15:00,6804.9
2019-05-29 03:30:00,6810.1
2019-05-29 03:45:00,6817.0
2019-05-29 04:00:00,6830.8
2019-05-29 04:15:00,6844.2
2019-05-29 04:30:00,6856.6
2019-05-29 04:45:00,6883.0
2019-05-29 05:00:00,6931.3
2019-05-29 05:15:00,6964.1
2019-05-29 05:30:00,6984.5
2019-05-29 05:45:00,7009.3
2019-05-29 06:00:00,7039.8
2019-05-29 06:15:00,7057.2
2019-05-29 06:30:00,7070.3
2019-05-29 06:45:00,7082.1
2019-05-29 07:00:00,7095.7
2019-05-29 07:15:00,7109.2
2019-05-29 07:30:00,7114.4
2019-05-29 07:45:00,7115.7
2019-05-29 08:00:00,7112.3
2019-05-29 08:15:00,7118.9
2019-05-29 08:30:00,7123.6
2019-05-29 08:45:00,7130.2
2019-05-29 09:00:00,7126.0
2019-05-29 09:15:00,7132.4
2019-05-29 09:30:00,7137.9
2019-05-29 09:45:00,7140.9
2019-05-29 10:00:00,7143.2
2019-05-29 10:15:00,7147.1
2019-05-29 10:30:00,7145.8
2019-05-29 10:45:00,7145.1
2019-05-29 11:00:00,7137.2
2019-05-29 11:15:00,7131.6
2019-05-29 11:30:00,7128.0
2019-05-29 11:45:00,7127.5
2019-05-29 12:00:00,7121.3
2019-05-29 12:15:00,7122.6
2019-05-29 12:30:00,7117.5
2019-05-29 12:45:00,7106.3
2019-05-29 13:00:00,7099.6
2019-05-29 13:15:00,7093.4
2019-05-29 13:30:00,7092.9
2019-05-29 13:45:00,7086.9
2019-05-29 14:00:00,7081.0
2019-05-29 14:15:00,7072.5
2019-05-29 14:30:00,7066.5
2019-05-29 14:45:00,7055.0
2019-05-29 15:00:00,7051.4
2019-05-29 15:15:00,7044.3
2019-05-29 15:30:00,7037.5
2019-05-29 15:45:00,7035.3
2019-05-29 16:00:00,7039.6
2019-05-29 16:15:00,7037.4
2019-05-29 16:30:00,7030.9
2019-05-29 16:45:00,7033.5
2019-05-29 17:00:00,7028.8
2019-05-29 17:15:00,7021.9
2019-05-29 17:30:00,7021.0
2019-05-29 17:45:00,7023.2
2019-05-29 18:00:00,7027.1
2019-05-29 18:15:00,7018.8
2019-05-29 18:30:00,7017.6
2019-05-29 18:45:00,7011.6
2019-05-29 19:00:00,7000.2
2019-05-29 19:15:00,6988.0
2019-05-29 19:30:00,6980.7
2019-05-29 19:45:00,6968.2
2019-05-29 20:00:00,6959.8
2019-05-29 20:15:00,6952.6
2019-05-29 20:30:00,6944.1
2019-05-29 20:45:00,6936.9
2019-05-29 21:00:00,6925.1
2019-05-29 21:15:00,6913.3
2019-05-29 21:30:00,6890.6
2019-05-29 21:45:00,6875.4
2019-05-29 22:00:00,6854.0
2019-05-29 22:15:00,6834.3
2019-05-29 22:30:00,6818.4
2019-05-29 22:45:00,6813.8
2019-05-29 23:00:00,6801.8
2019-05-29 23:15:00,6791.5
2019-05-29 23:30:00,6787.6
2019-05-29 23:45:00,6778.7
2019-05-30 00:00:00,6759.6
2019-05-30 00:15:00,6751.5
2019-05-30 00:30:00,6749.1
2019-05-30 00:45:00,6742.3
2019-05-30 01:00:00,6729.4
2019-05-30 01:15:00,6724.8
2019-05-30 01:30:00,6724.6
2019-05-30 01:45:00,6724.1
2019-05-30 02:00:00,6725.0
2019-05-30 02:15:00,6724.1
2019-05-30 02:30:00,6723.0
2019-05-30 02:45:00,6720.9
2019-05-30 03:00:00,6722.3
2019-05-30 03:15:00,6720.4
2019-05-30 03:30:00,6721.1
2019-05-30 03:45:00,6717.5
2019-05-30 04:00:00,6724.8
2019-05-30 04:15:00,6714.4
2019-05-30 04:30:00,6706.0
2019-05-30 04:45:00,6699.6
2019-05-30 05:00:00,6694.0
2019-05-30 05:15:00,6698.9
2019-05-30 05:30:00,6702.4
2019-05-30 05:45:00,6715.2
2019-05-30 06:00:00,6724.4
2019-05-30 06:15:00,6734.0
2019-05-30 06:30:00,6748.4
2019-05-30 06:45:00,6762.4
2019-05-30 07:00:00,6776.7
2019-05-30 07:15:00,6792.2
2019-05-30 07:30:00,6806.6
2019-05-30 07:45:00,6819.0
2019-05-30 08:00:00,6822.9
2019-05-30 08:15:00,6832.7
2019-05-30 08:30:00,6845.9
2019-05-30 08:45:00,6851.7
2019-05-30 09:00:00,6856.8
2019-05-30 09:15:00,6860.5
2019-05-30 09:30:00,6864.4
2019-05-30 09:45:00,6868.3
2019-05-30 10:00:00,6874.3
2019-05-30 10:15:00,6884.1
2019-05-30 10:30:00,6889.3
2019-05-30 10:45:00,6893.6
2019-05-30 11:00:00,6893.7
2019-05-30 11:15:00,6893.5
2019-05-30 11:30:00,6887.5
2019-05-30 11:45:00,6884.3
2019-05-30 12:00:00,6875.2
2019-05-30 12:15:00,6865.6
2019-05-30 12:30:00,6861.8
2019-05-30 12:45:00,6854.0
2019-05-30 13:00:00,6845.0
2019-05-30 13:15:00,6836.0
2019-05-30 13:30:00,6836.1
2019-05-30 13:45:00,6831.9
2019-05-30 14:00:00,6826.5
2019-05-30 14:15:00,6822.0
2019-05-30 14:30:00,6817.5
2019-05-30 14:45:00,6815.2
2019-05-30 15:00:00,6816.0
2019-05-30 15:15:00,6806.8
2019-05-30 15:30:00,6804.7
2019-05-30 15:45:00,6805.0
2019-05-30 16:00:00,6820.3
2019-05-30 16:15:00,6817.6
2019-05-30 16:30:00,6823.6
2019-05-30 16:45:00,6830.1
2019-05-30 17:00:00,6838.7
2019-05-30 17:15:00,6833.6
2019-05-30 17:30:00,6841.2
2019-05-30 17:45:00,6840.3
2019-05-30 18:00:00,6845.2
2019-05-30 18:15:00,6842.7
2019-05-30 18:30:00,6842.8
2019-05-30 18:45:00,6840.6
2019-05-30 19:00:00,6835.6
2019-05-30 19:15:00,6834.9
2019-05-30 19:30:00,6831.7
2019-05-30 19:45:00,6829.1
2019-05-30 20:00:00,6824.4
2019-05-30 20:15:00,6825.5
2019-05-30 20:30:00,6826.4
2019-05-30 20:45:00,6825.0
2019-05-30 21:00:00,6830.1
2019-05-30 21:15:00,6820.9
2019-05-30 21:30:00,6806.9
2019-05-30 21:45:00,6791.4
2019-05-30 22:00:00,6776.5
2019-05-30 22:15:00,6757.6
2019-05-30 22:30:00,6748.4
2019-05-30 22:45:00,6729.3
2019-05-30 23:00:00,6717.3
2019-05-30 23:15:00,6706.7
2019-05-30 23:30:00,6702.9
2019-05-30 23:45:00,6698.2
2019-05-31 00:00:00,6690.0
2019-05-31 00:15:00,6686.1
2019-05-31 00:30:00,6683.9
2019-05-31 00:45:00,6685.0
2019-05-31 01:00:00,6676.3
2019-05-31 01:15:00,6675.7
2019-05-31 01:30:00,6674.4
2019-05-31 01:45:00,6675.1
2019-05-31 02:00:00,6673.0
2019-05-31 02:15:00,6676.4
2019-05-31 02:30:00,6678.0
2019-05-31 02:45:00,6673.0
2019-05-31 03:00:00,6677.1
2019-05-31 03:15:00,6680.4
2019-05-31 03:30:00,6684.8
2019-05-31 03:45:00,6690.1
2019-05-31 04:00:00,6709.1
2019-05-31 04:15:00,6716.2
2019-05-31 04:30:00,6721.1
2019-05-31 04:45:00,6735.5
2019-05-31 05:00:00,6782.6
2019-05-31 05:15:00,6804.9
2019-05-31 05:30:00,6827.4
2019-05-31 05:45:00,6846.3
2019-05-31 06:00:00,6879.8
2019-05-31 06:15:00,6897.8
2019-05-31 06:30:00,6916.2
2019-05-31 06:45:00,6929.7
2019-05-31 07:00:00,6951.9
2019-05-31 07:15:00,6962.8
2019-05-31 07:30:00,6970.6
2019-05-31 07:45:00,6975.7
2019-05-31 08:00:00,6973.8
2019-05-31 08:15:00,6979.2
2019-05-31 08:30:00,6987.1
2019-05-31 08:45:00,6989.5
2019-05-31 09:00:00,6990.7
2019-05-31 09:15:00,6990.3
2019-05-31 09:30:00,6990.8
2019-05-31 09:45:00,6995.3
2019-05-31 10:00:00,7001.7
2019-05-31 10:15:00,7007.4
2019-05-31 10:30:00,7015.5
2019-05-31 10:45:00,7019.4
2019-05-31 11:00:00,7015.5
2019-05-31 11:15:00,7016.8
2019-05-31 11:30:00,7018.4
2019-05-31 11:45:00,7013.8
2019-05-31 12:00:00,7006.0
2019-05-31 12:15:00,6999.5
2019-05-31 12:30:00,6994.3
2019-05-31 12:45:00,6981.0
2019-05-31 13:00:00,6978.1
2019-05-31 13:15:00,6977.0
2019-05-31 13:30:00,6972.7
2019-05-31 13:45:00,6963.0
2019-05-31 14:00:00,6962.9
2019-05-31 14:15:00,6953.6
2019-05-31 14:30:00,6950.2
2019-05-31 14:45:00,6939.2
2019-05-31 15:00:00,6942.6
2019-05-31 15:15:00,6936.2
2019-05-31 15:30:00,6934.7
2019-05-31 15:45:00,6933.9
2019-05-31 16:00:00,6945.1
2019-05-31 16:15:00,6941.4
2019-05-31 16:30:00,6943.8
2019-05-31 16:45:00,6946.3
2019-05-31 17:00:00,6944.7
2019-05-31 17:15:00,6941.3
2019-05-31 17:30:00,6940.7
2019-05-31 17:45:00,6940.3
2019-05-31 18:00:00,6934.5
2019-05-31 18:15:00,6932.7
2019-05-31 18:30:00,6928.7
2019-05-31 18:45:00,6921.2
2019-05-31 19:00:00,6915.8
2019-05-31 19:15:00,6903.7
2019-05-31 19:30:00,6895.5
2019-05-31 19:45:00,6886.5
2019-05-31 20:00:00,6882.0
2019-05-31 20:15:00,6878.5
2019-05-31 20:30:00,6875.0
2019-05-31 20:45:00,6874.6
2019-05-31 21:00:00,6871.0
2019-05-31 21:15:00,6861.1
2019-05-31 21:30:00,6847.1
2019-05-31 21:45:00,6831.3
2019-05-31 22:00:00,6812.3
2019-05-31 22:15:00,6796.2
2019-05-31 22:30:00,6783.6
2019-05-31 22:45:00,6772.1
2019-05-31 23:00:00,6758.0
2019-05-31 23:15:00,6744.1
2019-05-31 23:30:00,6730.4
2019-05-31 23:45:00,6727.1
2019-06-01 00:00:00,6715.2
2019-06-01 00:15:00,6702.9
2019-06-01 00:30:00,6694.6
2019-06-01 00:45:00,6687.5
2019-06-01 01:00:00,6685.8
2019-06-01 01:15:00,6684.3
2019-06-01 01:30:00,6679.6
2019-06-01 01:45:00,6677.6
2019-06-01 02:00:00,6677.1
2019-06-01 02:15:00,6673.8
2019-06-01 02:30:00,6669.6
2019-06-01 02:45:00,6674.1
2019-06-01 03:00:00,6674.8
2019-06-01 03:15:00,6676.8
2019-06-01 03:30:00,6680.4
2019-06-01 03:45:00,6679.4
2019-06-01 04:00:00,6677.2
2019-06-01 04:15:00,6675.0
2019-06-01 04:30:00,6679.0
2019-06-01 04:45:00,6687.7
2019-06-01 05:00:00,6702.8
2019-06-01 05:15:00,6711.9
2019-06-01 05:30:00,6723.3
2019-06-01 05:45:00,6734.2
2019-06-01 06:00:00,6749.6
2019-06-01 06:15:00,6764.3
2019-06-01 06:30:00,6780.3
2019-06-01 06:45:00,6797.4
2019-06-01 07:00:00,6818.0
2019-06-01 07:15:00,6835.7
2019-06-01 07:30:00,6854.7
2019-06-01 07:45:00,6869.8
2019-06-01 08:00:00,6883.8
2019-06-01 08:15:00,6892.7
2019-06-01 08:30:00,6904.5
2019-06-01 08:45:00,6915.3
2019-06-01 09:00:00,6922.1
2019-06-01 09:15:00,6926.3
2019-06-01 09:30:00,6933.7
2019-06-01 09:45:00,6935.8
2019-06-01 10:00:00,6934.5
2019-06-01 10:15:00,6941.4
2019-06-01 10:30:00,6941.0
2019-06-01 10:45:00,6939.7
2019-06-01 11:00:00,6938.4
2019-06-01 11:15:00,6935.8
2019-06-01 11:30:00,6925.6
2019-06-01 11:45:00,6927.4
2019-06-01 12:00:00,6920.2
2019-06-01 12:15:00,6914.1
2019-06-01 12:30:00,6904.6
2019-06-01 12:45:00,6901.5
2019-06-01 13:00:00,6895.0
2019-06-01 13:15:00,6895.9
2019-06-01 13:30:00,6886.7
2019-06-01 13:45:00,6879.8
2019-06-01 14:00:00,6879.4
2019-06-01 14:15:00,6875.8
2019-06-01 14:30:00,6871.8
2019-06-01 14:45:00,6867.3
2019-06-01 15:00:00,6869.9
2019-06-01 15:15:00,6869.0
2019-06-01 15:30:00,6860.0
2019-06-01 15:45:00,6864.6
2019-06-01 16:00:00,6865.9
2019-06-01 16:15:00,6867.9
2019-06-01 16:30:00,6870.8
2019-06-01 16:45:00,6873.1
2019-06-01 17:00:00,6876.8
2019-06-01 17:15:00,6875.3
2019-06-01 17:30:00,6871.7
2019-06-01 17:45:00,6874.5
2019-06-01 18:00:00,6870.6
2019-06-01 18:15:00,6865.7
2019-06-01 18:30:00,6866.8
2019-06-01 18:45:00,6857.7
2019-06-01 19:00:00,6853.5
2019-06-01 19:15:00,6840.9
2019-06-01 19:30:00,6836.8
2019-06-01 19:45:00,6830.5
2019-06-01 20:00:00,6825.9
2019-06-01 20:15:00,6821.6
2019-06-01 20:30:00,6816.8
2019-06-01 20:45:00,6819.4
2019-06-01 21:00:00,6824.1
2019-06-01 21:15:00,6813.2
2019-06-01 21:30:00,6797.2
2019-06-01 21:45:00,6784.4
2019-06-01 22:00:00,6770.3
2019-06-01 22:15:00,6759.8
2019-06-01 22:30:00,6747.1
2019-06-01 22:45:00,6731.3
2019-06-01 23:00:00,6720.0
2019-06-01 23:15:00,6709.3
2019-06-01 23:30:00,6700.4
2019-06-01 23:45:00,6689.1
2019-06-02 00:00:00,6681.4
2019-06-02 00:15:00,6672.5
2019-06-02 00:30:00,6667.5
2019-06-02 00:45:00,6664.4
2019-06-02 01:00:00,6656.5
2019-06-02 01:15:00,6644.8
2019-06-02 01:30:00,6643.4
2019-06-02 01:45:00,6640.5
2019-06-02 02:00:00,6640.6
2019-06-02 02:15:00,6637.6
2019-06-02 02:30:00,6638.9
2019-06-02 02:45:00,6635.9
2019-06-02 03:00:00,6635.7
2019-06-02 03:15:00,6635.3
2019-06-02 03:30:00,6635.1
2019-06-02 03:45:00,6634.3
2019-06-02 04:00:00,6628.7
2019-06-02 04:15:00,6622.4
2019-06-02 04:30:00,6625.9
2019-06-02 04:45:00,6627.8
2019-06-02 05:00:00,6634.9
2019-06-02 05:15:00,6639.3
2019-06-02 05:30:00,6648.8
2019-06-02 05:45:00,6655.6
2019-06-02 06:00:00,6665.7
2019-06-02 06:15:00,6677.0
2019-06-02 06:30:00,6696.5
2019-06-02 06:45:00,6711.4
2019-06-02 07:00:00,6732.4
2019-06-02 07:15:00,6748.4
2019-06-02 07:30:00,6761.4
2019-06-02 07:45:00,6778.4
2019-06-02 08:00:00,6791.8
2019-06-02 08:15:00,6801.8
2019-06-02 08:30:00,6817.7
2019-06-02 08:45:00,6820.1
2019-06-02 09:00:00,6826.5
2019-06-02 09:15:00,6833.2
2019-06-02 09:30:00,6841.0
2019-06-02 09:45:00,6845.4
2019-06-02 10:00:00,6851.9
2019-06-02 10:15:00,6859.1
2019-06-02 10:30:00,6863.8
2019-06-02 10:45:00,6864.5
2019-06-02 11:00:00,6860.2
2019-06-02 11:15:00,6858.1
2019-06-02 11:30:00,6853.6
2019-06-02 11:45:00,6847.6
2019-06-02 12:00:00,6843.9
2019-06-02 12:15:00,6836.8
2019-06-02 12:30:00,6826.5
2019-06-02 12:45:00,6819.4
2019-06-02 13:00:00,6818.3
2019-06-02 13:15:00,6812.2
2019-06-02 13:30:00,6809.8
2019-06-02 13:45:00,6801.3
2019-06-02 14:00:00,6803.3
2019-06-02 14:15:00,6801.1
2019-06-02 14:30:00,6798.8
2019-06-02 14:45:00,6794.8
2019-06-02 15:00:00,6796.6
2019-06-02 15:15:00,6798.7
2019-06-02 15:30:00,6801.2
2019-06-02 15:45:00,6801.4
2019-06-02 16:00:00,6815.9
2019-06-02 16:15:00,6822.9
2019-06-02 16:30:00,6821.8
2019-06-02 16:45:00,6824.8
2019-06-02 17:00:00,6838.5
2019-06-02 17:15:00,6839.2
2019-06-02 17:30:00,6840.9
2019-06-02 17:45:00,6843.6
2019-06-02 18:00:00,6847.3
2019-06-02 18:15:00,6850.0
2019-06-02 18:30:00,6852.3
2019-06-02 18:45:00,6856.3
2019-06-02 19:00:00,6853.2
2019-06-02 19:15:00,6853.4
2019-06-02 19:30:00,6845.3
2019-06-02 19:45:00,6845.6
2019-06-02 20:00:00,6841.7
2019-06-02 20:15:00,6833.1
2019-06-02 20:30:00,6828.3
2019-06-02 20:45:00,6835.5
2019-06-02 21:00:00,6848.1
2019-06-02 21:15:00,6848.4
2019-06-02 21:30:00,6833.3
2019-06-02 21:45:00,6822.8
2019-06-02 22:00:00,6805.9
2019-06-02 22:15:00,6790.5
2019-06-02 22:30:00,6780.4
2019-06-02 22:45:00,6776.3
2019-06-02 23:00:00,6769.2
2019-06-02 23:15:00,6757.6
2019-06-02 23:30:00,6751.7
2019-06-02 23:45:00,6740.2
2019-06-03 00:00:00,6729.1
2019-06-03 00:15:00,6723.1
2019-06-03 00:30:00,6724.0
2019-06-03 00:45:00,6721.6
2019-06-03 01:00:00,6714.7
2019-06-03 01:15:00,6711.9
2019-06-03 01:30:00,6710.8
2019-06-03 01:45:00,6709.5
2019-06-03 02:00:00,6709.9
2019-06-03 02:15:00,6709.0
2019-06-03 02:30:00,6701.8
2019-06-03 02:45:00,6699.0
2019-06-03 03:00:00,6702.5
2019-06-03 03:15:00,6704.1
2019-06-03 03:30:00,6708.2
2019-06-03 03:45:00,6714.7
2019-06-03 04:00:00,6738.0
2019-06-03 04:15:00,6754.1
2019-06-03 04:30:00,6773.5
2019-06-03 04:45:00,6807.6
2019-06-03 05:00:00,6868.8
2019-06-03 05:15:00,6913.0
2019-06-03 05:30:00,6944.4
2019-06-03 05:45:00,6973.2
2019-06-03 06:00:00,7008.7
2019-06-03 06:15:00,7030.5
2019-06-03 06:30:00,7051.8
2019-06-03 06:45:00,7071.9
2019-06-03 07:00:00,7084.1
2019-06-03 07:15:00,7097.9
2019-06-03 07:30:00,7107.3
2019-06-03 07:45:00,7119.6
2019-06-03 08:00:00,7111.2
2019-06-03 08:15:00,7119.4
2019-06-03 08:30:00,7129.2
2019-06-03 08:45:00,7138.1
2019-06-03 09:00:00,7141.3
2019-06-03 09:15:00,7149.1
2019-06-03 09:30:00,7156.3
2019-06-03 09:45:00,7163.4
2019-06-03 10:00:00,7170.2
2019-06-03 10:15:00,7178.8
2019-06-03 10:30:00,7185.3
2019-06-03 10:45:00,7187.3
2019-06-03 11:00:00,7178.6
2019-06-03 11:15:00,7176.7
2019-06-03 11:30:00,7172.8
2019-06-03 11:45:00,7170.9
2019-06-03 12:00:00,7168.9
2019-06-03 12:15:00,7161.4
2019-06-03 12:30:00,7157.6
2019-06-03 12:45:00,7148.3
2019-06-03 13:00:00,7144.0
2019-06-03 13:15:00,7146.6
2019-06-03 13:30:00,7145.9
2019-06-03 13:45:00,7144.1
2019-06-03 14:00:00,7145.5
2019-06-03 14:15:00,7148.1
2019-06-03 14:30:00,7144.5
2019-06-03 14:45:00,7136.3
2019-06-03 15:00:00,7132.9
2019-06-03 15:15:00,7122.7
2019-06-03 15:30:00,7110.0
2019-06-03 15:45:00,7107.1
2019-06-03 16:00:00,7109.1
2019-06-03 16:15:00,7111.2
2019-06-03 16:30:00,7114.6
2019-06-03 16:45:00,7111.8
2019-06-03 17:00:00,7108.7
2019-06-03 17:15:00,7102.4
2019-06-03 17:30:00,7099.1
2019-06-03 17:45:00,7097.7
2019-06-03 18:00:00,7095.1
2019-06-03 18:15:00,7089.7
2019-06-03 18:30:00,7089.5
2019-06-03 18:45:00,7086.0
2019-06-03 19:00:00,7072.1
2019-06-03 19:15:00,7052.4
2019-06-03 19:30:00,7042.9
2019-06-03 19:45:00,7034.8
2019-06-03 20:00:00,7026.9
2019-06-03 20:15:00,7018.1
2019-06-03 20:30:00,7008.4
2019-06-03 20:45:00,6996.6
2019-06-03 21:00:00,6978.7
2019-06-03 21:15:00,6963.1
2019-06-03 21:30:00,6947.8
2019-06-03 21:45:00,6928.5
2019-06-03 22:00:00,6903.4
2019-06-03 22:15:00,6888.8
2019-06-03 22:30:00,6873.8
2019-06-03 22:45:00,6862.0
2019-06-03 23:00:00,6842.6
2019-06-03 23:15:00,6828.4
2019-06-03 23:30:00,6823.5
2019-06-03 23:45:00,6816.6
2019-06-04 00:00:00,6810.0
2019-06-04 00:15:00,6803.1
2019-06-04 00:30:00,6798.6
2019-06-04 00:45:00,6794.4
2019-06-04 01:00:00,6784.5
2019-06-04 01:15:00,6782.3
2019-06-04 01:30:00,6782.2
2019-06-04 01:45:00,6783.6
2019-06-04 02:00:00,6784.0
2019-06-04 02:15:00,6784.1
2019-06-04 02:30:00,6786.7
2019-06-04 02:45:00,6786.8
2019-06-04 03:00:00,6792.7
2019-06-04 03:15:00,6795.7
2019-06-04 03:30:00,6802.6
2019-06-04 03:45:00,6811.9
2019-06-04 04:00:00,6830.9
2019-06-04 04:15:00,6841.2
2019-06-04 04:30:00,6858.7
2019-06-04 04:45:00,6882.5
2019-06-04 05:00:00,6932.2
2019-06-04 05:15:00,6972.2
2019-06-04 05:30:00,6998.1
2019-06-04 05:45:00,7025.1
2019-06-04 06:00:00,7058.8
2019-06-04 06:15:00,7076.9
2019-06-04 06:30:00,7098.0
2019-06-04 06:45:00,7113.7
2019-06-04 07:00:00,7128.0
2019-06-04 07:15:00,7134.8
2019-06-04 07:30:00,7139.4
2019-06-04 07:45:00,7150.5
2019-06-04 08:00:00,7142.4
2019-06-04 08:15:00,7148.3
2019-06-04 08:30:00,7156.5
2019-06-04 08:45:00,7166.9
2019-06-04 09:00:00,7167.7
2019-06-04 09:15:00,7169.8
2019-06-04 09:30:00,7175.4
2019-06-04 09:45:00,7184.4
2019-06-04 10:00:00,7183.8
2019-06-04 10:15:00,7188.7
2019-06-04 10:30:00,7192.2
2019-06-04 10:45:00,7195.5
2019-06-04 11:00:00,7182.7
2019-06-04 11:15:00,7181.7
2019-06-04 11:30:00,7181.9
2019-06-04 11:45:00,7183.0
2019-06-04 12:00:00,7182.5
2019-06-04 12:15:00,7176.9
2019-06-04 12:30:00,7175.6
2019-06-04 12:45:00,7165.3
2019-06-04 13:00:00,7158.9
2019-06-04 13:15:00,7162.3
2019-06-04 13:30:00,7160.2
2019-06-04 13:45:00,7153.1
2019-06-04 14:00:00,7149.8
2019-06-04 14:15:00,7142.1
2019-06-04 14:30:00,7134.9
2019-06-04 14:45:00,7127.1
2019-06-04 15:00:00,7122.8
2019-06-04 15:15:00,7117.3
2019-06-04 15:30:00,7113.0
2019-06-04 15:45:00,7112.3
2019-06-04 16:00:00,7113.4
2019-06-04 16:15:00,7109.5
2019-06-04 16:30:00,7111.0
2019-06-04 16:45:00,7112.9
2019-06-04 17:00:00,7100.0
2019-06-04 17:15:00,7100.3
2019-06-04 17:30:00,7102.7
2019-06-04 17:45:00,7105.7
2019-06-04 18:00:00,7098.7
2019-06-04 18:15:00,7091.4
2019-06-04 18:30:00,7089.2
2019-06-04 18:45:00,7087.6
2019-06-04 19:00:00,7079.7
2019-06-04 19:15:00,7066.5
2019-06-04 19:30:00,7058.7
2019-06-04 19:45:00,7048.9
2019-06-04 20:00:00,7035.1
2019-06-04 20:15:00,7022.8
2019-06-04 20:30:00,7019.8
2019-06-04 20:45:00,7011.5
2019-06-04 21:00:00,7000.7
2019-06-04 21:15:00,6989.1
2019-06-04 21:30:00,6969.7
2019-06-04 21:45:00,6953.1
2019-06-04 22:00:00,6930.0
2019-06-04 22:15:00,6917.0
2019-06-04 22:30:00,6903.8
2019-06-04 22:45:00,6889.5
2019-06-04 23:00:00,6870.3
2019-06-04 23:15:00,6858.2
2019-06-04 23:30:00,6851.9
2019-06-04 23:45:00,6837.5
2019-06-05 00:00:00,6828.9
2019-06-05 00:15:00,6827.8
2019-06-05 00:30:00,6818.8
2019-06-05 00:45:00,6815.1
2019-06-05 01:00:00,6802.2
2019-06-05 01:15:00,6800.1
2019-06-05 01:30:00,6797.1
2019-06-05 01:45:00,6792.8
2019-06-05 02:00:00,6796.0
2019-06-05 02:15:00,6797.3
2019-06-05 02:30:00,6795.0
2019-06-05 02:45:00,6793.3
2019-06-05 03:00:00,6801.1
2019-06-05 03:15:00,6806.7
2019-06-05 03:30:00,6812.6
2019-06-05 03:45:00,6821.4
2019-06-05 04:00:00,6838.0
2019-06-05 04:15:00,6839.2
2019-06-05 04:30:00,6856.0
2019-06-05 04:45:00,6880.3
2019-06-05 05:00:00,6937.4
2019-06-05 05:15:00,6968.8
2019-06-05 05:30:00,7001.3
2019-06-05 05:45:00,7031.8
2019-06-05 06:00:00,7066.9
2019-06-05 06:15:00,7086.9
2019-06-05 06:30:00,7103.0
2019-06-05 06:45:00,7113.6
2019-06-05 07:00:00,7128.4
2019-06-05 07:15:00,7140.9
2019-06-05 07:30:00,7145.6
2019-06-05 07:45:00,7147.5
2019-06-05 08:00:00,7144.4
2019-06-05 08:15:00,7152.5
2019-06-05 08:30:00,7159.5
2019-06-05 08:45:00,7165.3
2019-06-05 09:00:00,7169.1
2019-06-05 09:15:00,7174.3
2019-06-05 09:30:00,7180.8
2019-06-05 09:45:00,7191.9
2019-06-05 10:00:00,7190.4
2019-06-05 10:15:00,7200.3
2019-06-05 10:30:00,7203.1
2019-06-05 10:45:00,7201.4
2019-06-05 11:00:00,7184.0
2019-06-05 11:15:00,7183.0
2019-06-05 11:30:00,7183.6
2019-06-05 11:45:00,7186.5
2019-06-05 12:00:00,7189.0
2019-06-05 12:15:00,7188.3
2019-06-05 12:30:00,7179.9
2019-06-05 12:45:00,7167.1
2019-06-05 13:00:00,7164.0
2019-06-05 13:15:00,7160.7
2019-06-05 13:30:00,7155.0
2019-06-05 13:45:00,7154.1
2019-06-05 14:00:00,7149.6
2019-06-05 14:15:00,7143.8
2019-06-05 14:30:00,7139.6
2019-06-05 14:45:00,7131.9
2019-06-05 15:00:00,7129.7
2019-06-05 15:15:00,7128.1
2019-06-05 15:30:00,7121.7
2019-06-05 15:45:00,7117.1
2019-06-05 16:00:00,7119.0
2019-06-05 16:15:00,7119.7
2019-06-05 16:30:00,7119.4
2019-06-05 16:45:00,7114.9
2019-06-05 17:00:00,7111.2
2019-06-05 17:15:00,7106.7
2019-06-05 17:30:00,7107.3
2019-06-05 17:45:00,7107.7
2019-06-05 18:00:00,7100.9
2019-06-05 18:15:00,7093.3
2019-06-05 18:30:00,7091.2
2019-06-05 18:45:00,7090.9
2019-06-05 19:00:00,7073.4
2019-06-05 19:15:00,7058.0
2019-06-05 19:30:00,7041.4
2019-06-05 19:45:00,7033.9
2019-06-05 20:00:00,7014.6
2019-06-05 20:15:00,7004.7
2019-06-05 20:30:00,6999.1
2019-06-05 20:45:00,6994.7
2019-06-05 21:00:00,6980.7
2019-06-05 21:15:00,6970.6
2019-06-05 21:30:00,6954.1
2019-06-05 21:45:00,6941.8
2019-06-05 22:00:00,6917.8
2019-06-05 22:15:00,6900.4
2019-06-05 22:30:00,6882.3
2019-06-05 22:45:00,6864.6
2019-06-05 23:00:00,6860.7
2019-06-05 23:15:00,6850.2
2019-06-05 23:30:00,6844.0
2019-06-05 23:45:00,6842.2
2019-06-06 00:00:00,6835.1
2019-06-06 00:15:00,6826.7
2019-06-06 00:30:00,6821.1
2019-06-06 00:45:00,6811.9
2019-06-06 01:00:00,6802.5
2019-06-06 01:15:00,6804.6
2019-06-06 01:30:00,6808.7
2019-06-06 01:45:00,6807.2
2019-06-06 02:00:00,6814.9
2019-06-06 02:15:00,6812.3
2019-06-06 02:30:00,6813.5
2019-06-06 02:45:00,6812.2
2019-06-06 03:00:00,6815.8
2019-06-06 03:15:00,6814.2
2019-06-06 03:30:00,6816.9
2019-06-06 03:45:00,6828.3
2019-06-06 04:00:00,6853.0
2019-06-06 04:15:00,6860.6
2019-06-06 04:30:00,6871.5
2019-06-06 04:45:00,6887.9
2019-06-06 05:00:00,6939.5
2019-06-06 05:15:00,6973.5
2019-06-06 05:30:00,6993.9
2019-06-06 05:45:00,7020.2
2019-06-06 06:00:00,7053.7
2019-06-06 06:15:00,7075.4
2019-06-06 06:30:00,7099.6
2019-06-06 06:45:00,7122.4
2019-06-06 07:00:00,7134.6
2019-06-06 07:15:00,7137.0
2019-06-06 07:30:00,7139.1
2019-06-06 07:45:00,7144.1
2019-06-06 08:00:00,7141.7
2019-06-06 08:15:00,7147.3
2019-06-06 08:30:00,7158.9
2019-06-06 08:45:00,7167.3
2019-06-06 09:00:00,7170.7
2019-06-06 09:15:00,7178.2
2019-06-06 09:30:00,7185.2
2019-06-06 09:45:00,7194.6
2019-06-06 10:00:00,7196.7
2019-06-06 10:15:00,7196.4
2019-06-06 10:30:00,7200.7
2019-06-06 10:45:00,7205.9
2019-06-06 11:00:00,7192.4
2019-06-06 11:15:00,7189.9
2019-06-06 11:30:00,7186.6
2019-06-06 11:45:00,7186.8
2019-06-06 12:00:00,7186.6
2019-06-06 12:15:00,7179.9
2019-06-06 12:30:00,7173.9
2019-06-06 12:45:00,7163.1
2019-06-06 13:00:00,7151.1
2019-06-06 13:15:00,7139.8
2019-06-06 13:30:00,7136.1
2019-06-06 13:45:00,7132.6
2019-06-06 14:00:00,7125.4
2019-06-06 14:15:00,7116.4
2019-06-06 14:30:00,7109.0
2019-06-06 14:45:00,7101.7
2019-06-06 15:00:00,7093.1
2019-06-06 15:15:00,7087.4
2019-06-06 15:30:00,7085.2
2019-06-06 15:45:00,7080.6
2019-06-06 16:00:00,7082.5
2019-06-06 16:15:00,7081.6
2019-06-06 16:30:00,7084.2
2019-06-06 16:45:00,7082.2
2019-06-06 17:00:00,7075.2
2019-06-06 17:15:00,7069.0
2019-06-06 17:30:00,7065.4
2019-06-06 17:45:00,7061.6
2019-06-06 18:00:00,7058.7
2019-06-06 18:15:00,7051.3
2019-06-06 18:30:00,7045.0
2019-06-06 18:45:00,7039.6
2019-06-06 19:00:00,7021.4
2019-06-06 19:15:00,7005.4
2019-06-06 19:30:00,6988.4
2019-06-06 19:45:00,6983.5
2019-06-06 20:00:00,6976.8
2019-06-06 20:15:00,6969.3
2019-06-06 20:30:00,6961.0
2019-06-06 20:45:00,6952.6
2019-06-06 21:00:00,6946.2
2019-06-06 21:15:00,6930.9
2019-06-06 21:30:00,6913.4
2019-06-06 21:45:00,6900.4
2019-06-06 22:00:00,6876.5
2019-06-06 22:15:00,6860.3
2019-06-06 22:30:00,6844.3
2019-06-06 22:45:00,6830.0
2019-06-06 23:00:00,6820.4
2019-06-06 23:15:00,6808.5
2019-06-06 23:30:00,6799.8
2019-06-06 23:45:00,6791.0
2019-06-07 00:00:00,6783.4
2019-06-07 00:15:00,6778.4
2019-06-07 00:30:00,6770.3
2019-06-07 00:45:00,6766.4
2019-06-07 01:00:00,6757.3
2019-06-07 01:15:00,6755.6
2019-06-07 01:30:00,6753.8
2019-06-07 01:45:00,6757.0
2019-06-07 02:00:00,6758.8
2019-06-07 02:15:00,6760.2
2019-06-07 02:30:00,6761.1
2019-06-07 02:45:00,6763.4
2019-06-07 03:00:00,6770.1
2019-06-07 03:15:00,6778.4
2019-06-07 03:30:00,6780.4
2019-06-07 03:45:00,6786.6
2019-06-07 04:00:00,6800.1
2019-06-07 04:15:00,6813.7
2019-06-07 04:30:00,6830.8
2019-06-07 04:45:00,6851.3
2019-06-07 05:00:00,6893.5
2019-06-07 05:15:00,6926.7
2019-06-07 05:30:00,6954.6
2019-06-07 05:45:00,6979.3
2019-06-07 06:00:00,7007.2
2019-06-07 06:15:00,7026.0
2019-06-07 06:30:00,7042.4
2019-06-07 06:45:00,7059.9
2019-06-07 07:00:00,7079.9
2019-06-07 07:15:00,7087.6
2019-06-07 07:30:00,7096.6
2019-06-07 07:45:00,7099.5
2019-06-07 08:00:00,7095.3
2019-06-07 08:15:00,7099.8
2019-06-07 08:30:00,7105.8
2019-06-07 08:45:00,7110.6
2019-06-07 09:00:00,7110.8
2019-06-07 09:15:00,7116.8
2019-06-07 09:30:00,7128.2
2019-06-07 09:45:00,7137.8
2019-06-07 10:00:00,7136.7
2019-06-07 10:15:00,7141.0
2019-06-07 10:30:00,7146.3
2019-06-07 10:45:00,7146.0
2019-06-07 11:00:00,7138.5
2019-06-07 11:15:00,7139.1
2019-06-07 11:30:00,7141.0
2019-06-07 11:45:00,7138.8
2019-06-07 12:00:00,7130.3
2019-06-07 12:15:00,7131.0
2019-06-07 12:30:00,7125.8
2019-06-07 12:45:00,7117.6
2019-06-07 13:00:00,7110.2
2019-06-07 13:15:00,7101.1
2019-06-07 13:30:00,7095.7
2019-06-07 13:45:00,7090.0
2019-06-07 14:00:00,7092.4
2019-06-07 14:15:00,7084.0
2019-06-07 14:30:00,7082.0
2019-06-07 14:45:00,7076.1
2019-06-07 15:00:00,7074.9
2019-06-07 15:15:00,7069.4
2019-06-07 15:30:00,7065.3
2019-06-07 15:45:00,7063.7
2019-06-07 16:00:00,7065.3
2019-06-07 16:15:00,7063.3
2019-06-07 16:30:00,7055.2
2019-06-07 16:45:00,7050.8
2019-06-07 17:00:00,7041.8
2019-06-07 17:15:00,7038.0
2019-06-07 17:30:00,7032.2
2019-06-07 17:45:00,7030.8
2019-06-07 18:00:00,7024.9
2019-06-07 18:15:00,7012.1
2019-06-07 18:30:00,7014.8
2019-06-07 18:45:00,7010.3
2019-06-07 19:00:00,6995.5
2019-06-07 19:15:00,6983.4
2019-06-07 19:30:00,6979.1
2019-06-07 19:45:00,6967.4
2019-06-07 20:00:00,6951.5
2019-06-07 20:15:00,6933.9
2019-06-07 20:30:00,6929.4
2019-06-07 20:45:00,6929.8
2019-06-07 21:00:00,6918.4
2019-06-07 21:15:00,6904.5
2019-06-07 21:30:00,6882.8
2019-06-07 21:45:00,6866.7
2019-06-07 22:00:00,6846.0
2019-06-07 22:15:00,6832.0
2019-06-07 22:30:00,6826.8
2019-06-07 22:45:00,6816.2
2019-06-07 23:00:00,6798.7
2019-06-07 23:15:00,6781.2
2019-06-07 23:30:00,6773.7
2019-06-07 23:45:00,6770.3
2019-06-08 00:00:00,6762.8
2019-06-08 00:15:00,6756.3
2019-06-08 00:30:00,6751.9
2019-06-08 00:45:00,6748.2
2019-06-08 01:00:00,6746.5
2019-06-08 01:15:00,6739.8
2019-06-08 01:30:00,6736.3
2019-06-08 01:45:00,6732.2
2019-06-08 02:00:00,6726.1
2019-06-08 02:15:00,6724.6
2019-06-08 02:30:00,6719.7
2019-06-08 02:45:00,6721.4
2019-06-08 03:00:00,6726.8
2019-06-08 03:15:00,6722.0
2019-06-08 03:30:00,6723.3
2019-06-08 03:45:00,6718.8
2019-06-08 04:00:00,6719.2
2019-06-08 04:15:00,6722.9
2019-06-08 04:30:00,6726.2
2019-06-08 04:45:00,6728.4
2019-06-08 05:00:00,6740.7
2019-06-08 05:15:00,6751.8
2019-06-08 05:30:00,6764.9
2019-06-08 05:45:00,6775.0
2019-06-08 06:00:00,6795.2
2019-06-08 06:15:00,6805.8
2019-06-08 06:30:00,6820.7
2019-06-08 06:45:00,6836.8
2019-06-08 07:00:00,6853.1
2019-06-08 07:15:00,6863.6
2019-06-08 07:30:00,6877.2
2019-06-08 07:45:00,6891.6
2019-06-08 08:00:00,6906.0
2019-06-08 08:15:00,6912.0
2019-06-08 08:30:00,6925.7
2019-06-08 08:45:00,6934.7
2019-06-08 09:00:00,6934.0
2019-06-08 09:15:00,6939.5
2019-06-08 09:30:00,6951.5
2019-06-08 09:45:00,6954.4
2019-06-08 10:00:00,6966.7
2019-06-08 10:15:00,6966.7
2019-06-08 10:30:00,6967.2
2019-06-08 10:45:00,6962.5
2019-06-08 11:00:00,6955.3
2019-06-08 11:15:00,6948.0
2019-06-08 11:30:00,6939.3
2019-06-08 11:45:00,6923.4
2019-06-08 12:00:00,6920.5
2019-06-08 12:15:00,6917.2
2019-06-08 12:30:00,6913.5
2019-06-08 12:45:00,6907.5
2019-06-08 13:00:00,6890.3
2019-06-08 13:15:00,6884.2
2019-06-08 13:30:00,6878.7
2019-06-08 13:45:00,6870.7
2019-06-08 14:00:00,6871.4
2019-06-08 14:15:00,6860.0
2019-06-08 14:30:00,6858.1
2019-06-08 14:45:00,6852.5
2019-06-08 15:00:00,6859.6
2019-06-08 15:15:00,6856.5
2019-06-08 15:30:00,6860.5
2019-06-08 15:45:00,6862.8
2019-06-08 16:00:00,6874.4
2019-06-08 16:15:00,6874.6
2019-06-08 16:30:00,6873.9
2019-06-08 16:45:00,6868.5
2019-06-08 17:00:00,6870.1
2019-06-08 17:15:00,6861.6
2019-06-08 17:30:00,6858.8
2019-06-08 17:45:00,6851.9
2019-06-08 18:00:00,6855.5
2019-06-08 18:15:00,6849.3
2019-06-08 18:30:00,6841.3
2019-06-08 18:45:00,6834.5
2019-06-08 19:00:00,6828.8
2019-06-08 19:15:00,6819.2
2019-06-08 19:30:00,6807.4
2019-06-08 19:45:00,6796.7
2019-06-08 20:00:00,6792.4
2019-06-08 20:15:00,6787.8
2019-06-08 20:30:00,6788.8
2019-06-08 20:45:00,6789.5
2019-06-08 21:00:00,6791.5
2019-06-08 21:15:00,6785.8
2019-06-08 21:30:00,6771.6
2019-06-08 21:45:00,6761.5
2019-06-08 22:00:00,6744.7
2019-06-08 22:15:00,6733.6
2019-06-08 22:30:00,6725.4
2019-06-08 22:45:00,6717.8
2019-06-08 23:00:00,6703.9
2019-06-08 23:15:00,6694.0
2019-06-08 23:30:00,6686.0
2019-06-08 23:45:00,6673.3
2019-06-09 00:00:00,6664.2
2019-06-09 00:15:00,6658.6
2019-06-09 00:30:00,6653.5
2019-06-09 00:45:00,6647.9
2019-06-09 01:00:00,6640.4
2019-06-09 01:15:00,6639.5
2019-06-09 01:30:00,6633.2
2019-06-09 01:45:00,6628.0
2019-06-09 02:00:00,6631.6
2019-06-09 02:15:00,6628.6
2019-06-09 02:30:00,6626.1
2019-06-09 02:45:00,6624.9
2019-06-09 03:00:00,6631.4
2019-06-09 03:15:00,6629.7
2019-06-09 03:30:00,6626.7
2019-06-09 03:45:00,6618.8
2019-06-09 04:00:00,6620.1
2019-06-09 04:15:00,6612.5
2019-06-09 04:30:00,6609.3
2019-06-09 04:45:00,6608.8
2019-06-09 05:00:00,6616.6
2019-06-09 05:15:00,6621.5
2019-06-09 05:30:00,6630.6
2019-06-09 05:45:00,6633.3
2019-06-09 06:00:00,6639.6
2019-06-09 06:15:00,6651.7
2019-06-09 06:30:00,6668.1
2019-06-09 06:45:00,6683.1
2019-06-09 07:00:00,6697.5
2019-06-09 07:15:00,6711.7
2019-06-09 07:30:00,6725.9
2019-06-09 07:45:00,6740.3
2019-06-09 08:00:00,6753.1
2019-06-09 08:15:00,6762.5
2019-06-09 08:30:00,6768.8
2019-06-09 08:45:00,6777.4
2019-06-09 09:00:00,6782.7
2019-06-09 09:15:00,6790.7
2019-06-09 09:30:00,6796.7
2019-06-09 09:45:00,6809.8
2019-06-09 10:00:00,6817.1
2019-06-09 10:15:00,6823.3
2019-06-09 10:30:00,6828.5
2019-06-09 10:45:00,6826.6
2019-06-09 11:00:00,6825.3
2019-06-09 11:15:00,6821.8
2019-06-09 11:30:00,6814.1
2019-06-09 11:45:00,6805.4
2019-06-09 12:00:00,6795.6
2019-06-09 12:15:00,6785.6
2019-06-09 12:30:00,6776.5
2019-06-09 12:45:00,6768.0
2019-06-09 13:00:00,6766.8
2019-06-09 13:15:00,6760.2
2019-06-09 13:30:00,6752.3
2019-06-09 13:45:00,6744.1
2019-06-09 14:00:00,6749.6
2019-06-09 14:15:00,6746.9
2019-06-09 14:30:00,6736.7
2019-06-09 14:45:00,6730.7
2019-06-09 15:00:00,6735.7
2019-06-09 15:15:00,6734.9
2019-06-09 15:30:00,6737.1
2019-06-09 15:45:00,6736.9
2019-06-09 16:00:00,6744.1
2019-06-09 16:15:00,6741.7
2019-06-09 16:30:00,6745.8
2019-06-09 16:45:00,6752.5
2019-06-09 17:00:00,6761.3
2019-06-09 17:15:00,6764.7
2019-06-09 17:30:00,6766.5
2019-06-09 17:45:00,6768.1
2019-06-09 18:00:00,6773.0
2019-06-09 18:15:00,6772.9
2019-06-09 18:30:00,6772.2
2019-06-09 18:45:00,6768.4
2019-06-09 19:00:00,6771.3
2019-06-09 19:15:00,6762.1
2019-06-09 19:30:00,6757.1
2019-06-09 19:45:00,6752.4
2019-06-09 20:00:00,6748.9
2019-06-09 20:15:00,6747.3
2019-06-09 20:30:00,6747.7
2019-06-09 20:45:00,6750.8
2019-06-09 21:00:00,6753.2
2019-06-09 21:15:00,6744.2
2019-06-09 21:30:00,6733.8
2019-06-09 21:45:00,6727.5
2019-06-09 22:00:00,6710.6
2019-06-09 22:15:00,6696.2
2019-06-09 22:30:00,6685.9
2019-06-09 22:45:00,6678.8
2019-06-09 23:00:00,6669.6
2019-06-09 23:15:00,6658.4
2019-06-09 23:30:00,6650.8
2019-06-09 23:45:00,6644.3
2019-06-10 00:00:00,6634.3
2019-06-10 00:15:00,6631.0
2019-06-10 00:30:00,6627.6
2019-06-10 00:45:00,6623.7
2019-06-10 01:00:00,6622.6
2019-06-10 01:15:00,6619.0
2019-06-10 01:30:00,6618.3
2019-06-10 01:45:00,6613.6
2019-06-10 02:00:00,6610.6
2019-06-10 02:15:00,6608.1
2019-06-10 02:30:00,6608.6
2019-06-10 02:45:00,6603.4
2019-06-10 03:00:00,6606.9
2019-06-10 03:15:00,6608.0
2019-06-10 03:30:00,6609.5
2019-06-10 03:45:00,6608.0
2019-06-10 04:00:00,6611.0
2019-06-10 04:15:00,6611.2
2019-06-10 04:30:00,6616.0
2019-06-10 04:45:00,6620.4
2019-06-10 05:00:00,6623.4
2019-06-10 05:15:00,6628.0
2019-06-10 05:30:00,6633.1
2019-06-10 05:45:00,6638.9
2019-06-10 06:00:00,6652.2
2019-06-10 06:15:00,6665.1
2019-06-10 06:30:00,6675.8
2019-06-10 06:45:00,6693.7
2019-06-10 07:00:00,6710.2
2019-06-10 07:15:00,6721.4
2019-06-10 07:30:00,6734.8
2019-06-10 07:45:00,6743.5
2019-06-10 08:00:00,6758.7
2019-06-10 08:15:00,6769.5
2019-06-10 08:30:00,6779.2
2019-06-10 08:45:00,6785.1
2019-06-10 09:00:00,6793.9
2019-06-10 09:15:00,6797.6
2019-06-10 09:30:00,6800.5
2019-06-10 09:45:00,6812.9
2019-06-10 10:00:00,6823.1
2019-06-10 10:15:00,6826.4
2019-06-10 10:30:00,6837.6
2019-06-10 10:45:00,6849.7
2019-06-10 11:00:00,6855.7
2019-06-10 11:15:00,6855.7
2019-06-10 11:30:00,6855.8
2019-06-10 11:45:00,6855.1
2019-06-10 12:00:00,6845.1
2019-06-10 12:15:00,6843.7
2019-06-10 12:30:00,6834.3
2019-06-10 12:45:00,6824.0
2019-06-10 13:00:00,6818.0
2019-06-10 13:15:00,6816.2
2019-06-10 13:30:00,6813.4
2019-06-10 13:45:00,6817.3
2019-06-10 14:00:00,6816.9
2019-06-10 14:15:00,6812.3
2019-06-10 14:30:00,6804.4
2019-06-10 14:45:00,6800.6
2019-06-10 15:00:00,6804.4
2019-06-10 15:15:00,6804.9
2019-06-10 15:30:00,6803.3
2019-06-10 15:45:00,6808.3
2019-06-10 16:00:00,6816.4
2019-06-10 16:15:00,6820.3
2019-06-10 16:30:00,6830.0
2019-06-10 16:45:00,6838.4
2019-06-10 17:00:00,6839.9
2019-06-10 17:15:00,6839.0
2019-06-10 17:30:00,6842.9
2019-06-10 17:45:00,6844.7
2019-06-10 18:00:00,6846.3
2019-06-10 18:15:00,6837.7
2019-06-10 18:30:00,6839.9
2019-06-10 18:45:00,6832.1
2019-06-10 19:00:00,6827.1
2019-06-10 19:15:00,6818.2
2019-06-10 19:30:00,6811.5
2019-06-10 19:45:00,6807.8
2019-06-10 20:00:00,6809.6
2019-06-10 20:15:00,6808.7
2019-06-10 20:30:00,6811.7
2019-06-10 20:45:00,6816.2
2019-06-10 21:00:00,6814.9
2019-06-10 21:15:00,6805.5
2019-06-10 21:30:00,6790.7
2019-06-10 21:45:00,6780.6
2019-06-10 22:00:00,6762.6
2019-06-10 22:15:00,6745.4
2019-06-10 22:30:00,6728.6
2019-06-10 22:45:00,6724.0
2019-06-10 23:00:00,6714.5
2019-06-10 23:15:00,6711.6
2019-06-10 23:30:00,6706.8
2019-06-10 23:45:00,6700.9
2019-06-11 00:00:00,6697.8
2019-06-11 00:15:00,6689.8
2019-06-11 00:30:00,6685.3
2019-06-11 00:45:00,6682.0
2019-06-11 01:00:00,6678.6
2019-06-11 01:15:00,6675.3
2019-06-11 01:30:00,6677.2
2019-06-11 01:45:00,6678.3
2019-06-11 02:00:00,6675.4
2019-06-11 02:15:00,6675.1
2019-06-11 02:30:00,6675.7
2019-06-11 02:45:00,6682.9
2019-06-11 03:00:00,6694.1
2019-06-11 03:15:00,6698.2
2019-06-11 03:30:00,6704.9
2019-06-11 03:45:00,6715.8
2019-06-11 04:00:00,6738.9
2019-06-11 04:15:00,6755.7
2019-06-11 04:30:00,6777.8
2019-06-11 04:45:00,6809.6
2019-06-11 05:00:00,6868.3
2019-06-11 05:15:00,6904.0
2019-06-11 05:30:00,6936.0
2019-06-11 05:45:00,6961.4
2019-06-11 06:00:00,6993.1
2019-06-11 06:15:00,7012.3
2019-06-11 06:30:00,7031.3
2019-06-11 06:45:00,7044.9
2019-06-11 07:00:00,7054.5
2019-06-11 07:15:00,7061.5
2019-06-11 07:30:00,7066.9
2019-06-11 07:45:00,7078.8
2019-06-11 08:00:00,7083.0
2019-06-11 08:15:00,7093.1
2019-06-11 08:30:00,7104.1
2019-06-11 08:45:00,7117.2
2019-06-11 09:00:00,7123.9
2019-06-11 09:15:00,7128.5
2019-06-11 09:30:00,7135.2
2019-06-11 09:45:00,7143.0
2019-06-11 10:00:00,7149.0
2019-06-11 10:15:00,7163.9
2019-06-11 10:30:00,7162.9
2019-06-11 10:45:00,7169.0
2019-06-11 11:00:00,7158.5
2019-06-11 11:15:00,7159.5
2019-06-11 11:30:00,7160.6
2019-06-11 11:45:00,7159.2
2019-06-11 12:00:00,7154.1
2019-06-11 12:15:00,7150.7
2019-06-11 12:30:00,7140.1
2019-06-11 12:45:00,7129.7
2019-06-11 13:00:00,7123.9
2019-06-11 13:15:00,7123.2
2019-06-11 13:30:00,7122.2
2019-06-11 13:45:00,7118.9
2019-06-11 14:00:00,7123.7
2019-06-11 14:15:00,7117.2
2019-06-11 14:30:00,7114.0
2019-06-11 14:45:00,7109.5
2019-06-11 15:00:00,7100.1
2019-06-11 15:15:00,7092.3
2019-06-11 15:30:00,7087.2
2019-06-11 15:45:00,7083.1
2019-06-11 16:00:00,7078.8
2019-06-11 16:15:00,7077.0
2019-06-11 16:30:00,7080.1
2019-06-11 16:45:00,7084.4
2019-06-11 17:00:00,7079.3
2019-06-11 17:15:00,7078.4
2019-06-11 17:30:00,7081.4
2019-06-11 17:45:00,7081.5
2019-06-11 18:00:00,7078.1
2019-06-11 18:15:00,7065.3
2019-06-11 18:30:00,7060.9
2019-06-11 18:45:00,7053.9
2019-06-11 19:00:00,7043.1
2019-06-11 19:15:00,7029.9
2019-06-11 19:30:00,7018.3
2019-06-11 19:45:00,7009.0
2019-06-11 20:00:00,6999.1
2019-06-11 20:15:00,6989.5
2019-06-11 20:30:00,6984.1
2019-06-11 20:45:00,6976.4
2019-06-11 21:00:00,6964.6
2019-06-11 21:15:00,6954.5
2019-06-11 21:30:00,6939.8
2019-06-11 21:45:00,6921.5
2019-06-11 22:00:00,6903.2
2019-06-11 22:15:00,6887.0
2019-06-11 22:30:00,6870.3
2019-06-11 22:45:00,6855.9
2019-06-11 23:00:00,6836.2
2019-06-11 23:15:00,6822.6
2019-06-11 23:30:00,6818.4
2019-06-11 23:45:00,6811.5
2019-06-12 00:00:00,6799.7
2019-06-12 00:15:00,6798.1
2019-06-12 00:30:00,6791.9
2019-06-12 00:45:00,6787.6
2019-06-12 01:00:00,6780.3
2019-06-12 01:15:00,6781.9
2019-06-12 01:30:00,6779.7
2019-06-12 01:45:00,6784.1
2019-06-12 02:00:00,6782.5
2019-06-12 02:15:00,6781.7
2019-06-12 02:30:00,6782.9
2019-06-12 02:45:00,6779.5
2019-06-12 03:00:00,6782.0
2019-06-12 03:15:00,6780.4
2019-06-12 03:30:00,6790.0
2019-06-12 03:45:00,6796.1
2019-06-12 04:00:00,6818.3
2019-06-12 04:15:00,6832.9
2019-06-12 04:30:00,6852.9
2019-06-12 04:45:00,6883.2
2019-06-12 05:00:00,6935.8
2019-06-12 05:15:00,6972.4
2019-06-12 05:30:00,7003.2
2019-06-12 05:45:00,7023.4
2019-06-12 06:00:00,7051.5
2019-06-12 06:15:00,7071.9
2019-06-12 06:30:00,7086.9
2019-06-12 06:45:00,7102.4
2019-06-12 07:00:00,7118.1
2019-06-12 07:15:00,7127.0
2019-06-12 07:30:00,7135.9
2019-06-12 07:45:00,7141.9
2019-06-12 08:00:00,7143.2
2019-06-12 08:15:00,7146.8
2019-06-12 08:30:00,7157.1
2019-06-12 08:45:00,7170.5
2019-06-12 09:00:00,7178.4
2019-06-12 09:15:00,7179.8
2019-06-12 09:30:00,7187.4
2019-06-12 09:45:00,7194.3
2019-06-12 10:00:00,7199.0
2019-06-12 10:15:00,7208.6
2019-06-12 10:30:00,7216.3
2019-06-12 10:45:00,7214.0
2019-06-12 11:00:00,7201.7
2019-06-12 11:15:00,7199.0
2019-06-12 11:30:00,7194.1
2019-06-12 11:45:00,7197.5
2019-06-12 12:00:00,7187.7
2019-06-12 12:15:00,7184.7
2019-06-12 12:30:00,7170.2
2019-06-12 12:45:00,7156.6
2019-06-12 13:00:00,7145.1
2019-06-12 13:15:00,7152.5
2019-06-12 13:30:00,7159.3
2019-06-12 13:45:00,7156.0
2019-06-12 14:00:00,7140.0
2019-06-12 14:15:00,7127.4
2019-06-12 14:30:00,7118.1
2019-06-12 14:45:00,7111.5
2019-06-12 15:00:00,7108.0
2019-06-12 15:15:00,7098.5
2019-06-12 15:30:00,7092.3
2019-06-12 15:45:00,7091.0
2019-06-12 16:00:00,7089.1
2019-06-12 16:15:00,7091.0
2019-06-12 16:30:00,7096.1
2019-06-12 16:45:00,7096.5
2019-06-12 17:00:00,7094.0
2019-06-12 17:15:00,7084.6
2019-06-12 17:30:00,7087.6
2019-06-12 17:45:00,7083.3
2019-06-12 18:00:00,7077.7
2019-06-12 18:15:00,7067.4
2019-06-12 18:30:00,7061.6
2019-06-12 18:45:00,7059.3
2019-06-12 19:00:00,7045.6
2019-06-12 19:15:00,7032.8
2019-06-12 19:30:00,7025.7
2019-06-12 19:45:00,7009.7
2019-06-12 20:00:00,6999.7
2019-06-12 20:15:00,6987.4
2019-06-12 20:30:00,6981.5
2019-06-12 20:45:00,6982.0
2019-06-12 21:00:00,6971.7
2019-06-12 21:15:00,6955.7
2019-06-12 21:30:00,6941.2
2019-06-12 21:45:00,6924.5
2019-06-12 22:00:00,6904.3
2019-06-12 22:15:00,6889.5
2019-06-12 22:30:00,6874.0
2019-06-12 22:45:00,6860.0
2019-06-12 23:00:00,6833.3
2019-06-12 23:15:00,6818.8
2019-06-12 23:30:00,6809.2
2019-06-12 23:45:00,6804.2
2019-06-13 00:00:00,6786.6
2019-06-13 00:15:00,6785.1
2019-06-13 00:30:00,6776.8
2019-06-13 00:45:00,6773.7
2019-06-13 01:00:00,6764.6
2019-06-13 01:15:00,6762.8
2019-06-13 01:30:00,6759.3
2019-06-13 01:45:00,6760.8
2019-06-13 02:00:00,6767.7
2019-06-13 02:15:00,6767.0
2019-06-13 02:30:00,6768.1
2019-06-13 02:45:00,6771.3
2019-06-13 03:00:00,6783.5
2019-06-13 03:15:00,6791.7
2019-06-13 03:30:00,6790.4
2019-06-13 03:45:00,6794.5
2019-06-13 04:00:00,6813.9
2019-06-13 04:15:00,6822.7
2019-06-13 04:30:00,6836.0
2019-06-13 04:45:00,6861.5
2019-06-13 05:00:00,6913.7
2019-06-13 05:15:00,6946.7
2019-06-13 05:30:00,6975.3
2019-06-13 05:45:00,7000.4
2019-06-13 06:00:00,7036.2
2019-06-13 06:15:00,7055.2
2019-06-13 06:30:00,7067.1
2019-06-13 06:45:00,7079.4
2019-06-13 07:00:00,7095.5
2019-06-13 07:15:00,7104.0
2019-06-13 07:30:00,7112.1
2019-06-13 07:45:00,7117.9
2019-06-13 08:00:00,7118.1
2019-06-13 08:15:00,7122.6
2019-06-13 08:30:00,7131.2
2019-06-13 08:45:00,7135.6
2019-06-13 09:00:00,7134.2
2019-06-13 09:15:00,7138.5
2019-06-13 09:30:00,7145.7
2019-06-13 09:45:00,7158.4
2019-06-13 10:00:00,7163.8
2019-06-13 10:15:00,7170.6
2019-06-13 10:30:00,7176.3
2019-06-13 10:45:00,7179.2
2019-06-13 11:00:00,7172.6
2019-06-13 11:15:00,7164.4
2019-06-13 11:30:00,7167.1
2019-06-13 11:45:00,7164.4
2019-06-13 12:00:00,7161.4
2019-06-13 12:15:00,7159.1
2019-06-13 12:30:00,7152.8
2019-06-13 12:45:00,7140.0
2019-06-13 13:00:00,7142.9
2019-06-13 13:15:00,7140.3
2019-06-13 13:30:00,7132.9
2019-06-13 13:45:00,7128.0
2019-06-13 14:00:00,7122.1
2019-06-13 14:15:00,7114.2
2019-06-13 14:30:00,7105.8
2019-06-13 14:45:00,7099.2
2019-06-13 15:00:00,7094.0
2019-06-13 15:15:00,7088.9
2019-06-13 15:30:00,7078.6
2019-06-13 15:45:00,7072.8
2019-06-13 16:00:00,7073.4
2019-06-13 16:15:00,7076.4
2019-06-13 16:30:00,7076.3
2019-06-13 16:45:00,7077.5
2019-06-13 17:00:00,7069.6
2019-06-13 17:15:00,7066.2
2019-06-13 17:30:00,7064.8
2019-06-13 17:45:00,7065.6
2019-06-13 18:00:00,7059.8
2019-06-13 18:15:00,7051.7
2019-06-13 18:30:00,7047.7
2019-06-13 18:45:00,7044.4
2019-06-13 19:00:00,7033.3
2019-06-13 19:15:00,7020.0
2019-06-13 19:30:00,7004.1
2019-06-13 19:45:00,6994.3
2019-06-13 20:00:00,6990.5
2019-06-13 20:15:00,6973.3
2019-06-13 20:30:00,6964.0
2019-06-13 20:45:00,6969.9
2019-06-13 21:00:00,6959.2
2019-06-13 21:15:00,6951.9
2019-06-13 21:30:00,6938.9
2019-06-13 21:45:00,6923.2
2019-06-13 22:00:00,6906.3
2019-06-13 22:15:00,6887.7
2019-06-13 22:30:00,6868.7
2019-06-13 22:45:00,6859.8
2019-06-13 23:00:00,6841.6
2019-06-13 23:15:00,6831.4
2019-06-13 23:30:00,6821.1
2019-06-13 23:45:00,6812.2
2019-06-14 00:00:00,6804.4
2019-06-14 00:15:00,6800.2
2019-06-14 00:30:00,6795.8
2019-06-14 00:45:00,6794.3
2019-06-14 01:00:00,6786.1
2019-06-14 01:15:00,6779.9
2019-06-14 01:30:00,6778.4
2019-06-14 01:45:00,6770.1
2019-06-14 02:00:00,6777.2
2019-06-14 02:15:00,6774.6
2019-06-14 02:30:00,6771.7
2019-06-14 02:45:00,6773.3
2019-06-14 03:00:00,6778.7
2019-06-14 03:15:00,6778.2
2019-06-14 03:30:00,6787.3
2019-06-14 03:45:00,6787.5
2019-06-14 04:00:00,6804.2
2019-06-14 04:15:00,6813.2
2019-06-14 04:30:00,6827.9
2019-06-14 04:45:00,6855.6
2019-06-14 05:00:00,6904.7
2019-06-14 05:15:00,6938.5
2019-06-14 05:30:00,6966.5
2019-06-14 05:45:00,6988.7
2019-06-14 06:00:00,7019.6
2019-06-14 06:15:00,7036.4
2019-06-14 06:30:00,7053.4
2019-06-14 06:45:00,7068.3
2019-06-14 07:00:00,7092.4
2019-06-14 07:15:00,7100.6
2019-06-14 07:30:00,7109.9
2019-06-14 07:45:00,7121.4
2019-06-14 08:00:00,7120.2
2019-06-14 08:15:00,7121.3
2019-06-14 08:30:00,7128.6
2019-06-14 08:45:00,7136.4
2019-06-14 09:00:00,7139.7
2019-06-14 09:15:00,7146.6
2019-06-14 09:30:00,7156.7
2019-06-14 09:45:00,7163.0
2019-06-14 10:00:00,7164.1
2019-06-14 10:15:00,7163.2
2019-06-14 10:30:00,7164.8
2019-06-14 10:45:00,7162.9
2019-06-14 11:00:00,7155.4
2019-06-14 11:15:00,7150.3
2019-06-14 11:30:00,7146.6
2019-06-14 11:45:00,7136.5
2019-06-14 12:00:00,7133.5
2019-06-14 12:15:00,7126.2
2019-06-14 12:30:00,7119.1
2019-06-14 12:45:00,7108.9
2019-06-14 13:00:00,7104.5
2019-06-14 13:15:00,7110.0
2019-06-14 13:30:00,7104.6
2019-06-14 13:45:00,7103.1
2019-06-14 14:00:00,7103.2
2019-06-14 14:15:00,7096.6
2019-06-14 14:30:00,7089.5
2019-06-14 14:45:00,7085.2
2019-06-14 15:00:00,7075.8
2019-06-14 15:15:00,7070.9
2019-06-14 15:30:00,7067.2
2019-06-14 15:45:00,7069.2
2019-06-14 16:00:00,7071.5
2019-06-14 16:15:00,7062.7
2019-06-14 16:30:00,7065.8
2019-06-14 16:45:00,7067.2
2019-06-14 17:00:00,7060.7
2019-06-14 17:15:00,7052.5
2019-06-14 17:30:00,7060.2
2019-06-14 17:45:00,7059.6
2019-06-14 18:00:00,7053.7
2019-06-14 18:15:00,7047.2
2019-06-14 18:30:00,7042.1
2019-06-14 18:45:00,7034.3
2019-06-14 19:00:00,7021.3
2019-06-14 19:15:00,7004.2
2019-06-14 19:30:00,6991.9
2019-06-14 19:45:00,6979.6
2019-06-14 20:00:00,6969.2
2019-06-14 20:15:00,6958.9
2019-06-14 20:30:00,6957.6
2019-06-14 20:45:00,6948.0
2019-06-14 21:00:00,6942.7
2019-06-14 21:15:00,6936.0
2019-06-14 21:30:00,6920.9
2019-06-14 21:45:00,6906.4
2019-06-14 22:00:00,6885.6
2019-06-14 22:15:00,6871.0
2019-06-14 22:30:00,6856.8
2019-06-14 22:45:00,6844.5
2019-06-14 23:00:00,6823.4
2019-06-14 23:15:00,6811.9
2019-06-14 23:30:00,6800.3
2019-06-14 23:45:00,6790.0
2019-06-15 00:00:00,6780.2
2019-06-15 00:15:00,6769.2
2019-06-15 00:30:00,6760.2
2019-06-15 00:45:00,6755.3
2019-06-15 01:00:00,6746.2
2019-06-15 01:15:00,6740.2
2019-06-15 01:30:00,6736.1
2019-06-15 01:45:00,6735.1
2019-06-15 02:00:00,6735.1
2019-06-15 02:15:00,6733.1
2019-06-15 02:30:00,6730.3
2019-06-15 02:45:00,6732.3
2019-06-15 03:00:00,6727.1
2019-06-15 03:15:00,6723.3
2019-06-15 03:30:00,6720.5
2019-06-15 03:45:00,6717.2
2019-06-15 04:00:00,6711.7
2019-06-15 04:15:00,6705.7
2019-06-15 04:30:00,6705.7
2019-06-15 04:45:00,6713.4
2019-06-15 05:00:00,6736.8
2019-06-15 05:15:00,6746.4
2019-06-15 05:30:00,6760.8
2019-06-15 05:45:00,6782.7
2019-06-15 06:00:00,6807.3
2019-06-15 06:15:00,6819.7
2019-06-15 06:30:00,6835.3
2019-06-15 06:45:00,6849.1
2019-06-15 07:00:00,6860.0
2019-06-15 07:15:00,6871.9
2019-06-15 07:30:00,6886.1
2019-06-15 07:45:00,6903.3
2019-06-15 08:00:00,6915.5
2019-06-15 08:15:00,6931.7
2019-06-15 08:30:00,6942.9
2019-06-15 08:45:00,6959.5
2019-06-15 09:00:00,6970.7
2019-06-15 09:15:00,6982.6
2019-06-15 09:30:00,6987.3
2019-06-15 09:45:00,6990.1
2019-06-15 10:00:00,6986.5
2019-06-15 10:15:00,6990.1
2019-06-15 10:30:00,6992.5
2019-06-15 10:45:00,6989.0
2019-06-15 11:00:00,6975.3
2019-06-15 11:15:00,6966.4
2019-06-15 11:30:00,6964.4
2019-06-15 11:45:00,6953.5
2019-06-15 12:00:00,6938.9
2019-06-15 12:15:00,6930.0
2019-06-15 12:30:00,6918.4
2019-06-15 12:45:00,6912.8
2019-06-15 13:00:00,6908.0
2019-06-15 13:15:00,6897.0
2019-06-15 13:30:00,6889.0
2019-06-15 13:45:00,6878.3
2019-06-15 14:00:00,6880.7
2019-06-15 14:15:00,6876.6
2019-06-15 14:30:00,6886.0
2019-06-15 14:45:00,6890.3
2019-06-15 15:00:00,6892.0
2019-06-15 15:15:00,6892.0
2019-06-15 15:30:00,6885.3
2019-06-15 15:45:00,6891.2
2019-06-15 16:00:00,6901.7
2019-06-15 16:15:00,6899.2
2019-06-15 16:30:00,6899.1
2019-06-15 16:45:00,6897.4
2019-06-15 17:00:00,6894.5
2019-06-15 17:15:00,6893.1
2019-06-15 17:30:00,6890.7
2019-06-15 17:45:00,6890.7
2019-06-15 18:00:00,6898.0
2019-06-15 18:15:00,6886.9
2019-06-15 18:30:00,6879.7
2019-06-15 18:45:00,6869.9
2019-06-15 19:00:00,6860.2
2019-06-15 19:15:00,6844.6
2019-06-15 19:30:00,6834.6
2019-06-15 19:45:00,6822.6
2019-06-15 20:00:00,6817.9
2019-06-15 20:15:00,6809.1
2019-06-15 20:30:00,6807.2
2019-06-15 20:45:00,6809.1
2019-06-15 21:00:00,6811.5
2019-06-15 21:15:00,6804.1
2019-06-15 21:30:00,6795.5
2019-06-15 21:45:00,6785.7
2019-06-15 22:00:00,6764.0
2019-06-15 22:15:00,6747.1
2019-06-15 22:30:00,6739.8
2019-06-15 22:45:00,6731.2
2019-06-15 23:00:00,6708.2
2019-06-15 23:15:00,6697.9
2019-06-15 23:30:00,6691.4
2019-06-15 23:45:00,6684.8
2019-06-16 00:00:00,6669.6
2019-06-16 00:15:00,6665.1
2019-06-16 00:30:00,6662.5
2019-06-16 00:45:00,6659.5
2019-06-16 01:00:00,6657.5
2019-06-16 01:15:00,6653.7
2019-06-16 01:30:00,6651.5
2019-06-16 01:45:00,6651.3
2019-06-16 02:00:00,6652.0
2019-06-16 02:15:00,6650.8
2019-06-16 02:30:00,6644.1
2019-06-16 02:45:00,6644.5
2019-06-16 03:00:00,6649.0
2019-06-16 03:15:00,6652.4
2019-06-16 03:30:00,6651.5
2019-06-16 03:45:00,6650.1
2019-06-16 04:00:00,6650.8
2019-06-16 04:15:00,6651.1
2019-06-16 04:30:00,6650.3
2019-06-16 04:45:00,6653.2
2019-06-16 05:00:00,6658.9
2019-06-16 05:15:00,6660.4
2019-06-16 05:30:00,6665.0
2019-06-16 05:45:00,6676.3
2019-06-16 06:00:00,6689.8
2019-06-16 06:15:00,6697.1
2019-06-16 06:30:00,6710.2
2019-06-16 06:45:00,6724.6
2019-06-16 07:00:00,6740.4
2019-06-16 07:15:00,6753.7
2019-06-16 07:30:00,6764.5
2019-06-16 07:45:00,6772.5
2019-06-16 08:00:00,6786.8
2019-06-16 08:15:00,6795.5
2019-06-16 08:30:00,6801.6
2019-06-16 08:45:00,6811.7
2019-06-16 09:00:00,6818.1
2019-06-16 09:15:00,6823.3
2019-06-16 09:30:00,6837.3
2019-06-16 09:45:00,6850.0
2019-06-16 10:00:00,6862.2
2019-06-16 10:15:00,6874.9
2019-06-16 10:30:00,6881.1
2019-06-16 10:45:00,6879.8
2019-06-16 11:00:00,6883.2
2019-06-16 11:15:00,6880.7
2019-06-16 11:30:00,6870.1
2019-06-16 11:45:00,6858.4
2019-06-16 12:00:00,6854.3
2019-06-16 12:15:00,6847.1
2019-06-16 12:30:00,6845.1
2019-06-16 12:45:00,6836.6
2019-06-16 13:00:00,6833.8
2019-06-16 13:15:00,6827.7
2019-06-16 13:30:00,6821.5
2019-06-16 13:45:00,6812.7
2019-06-16 14:00:00,6820.1
2019-06-16 14:15:00,6815.6
2019-06-16 14:30:00,6816.4
2019-06-16 14:45:00,6809.8
2019-06-16 15:00:00,6811.4
2019-06-16 15:15:00,6807.6
2019-06-16 15:30:00,6803.8
2019-06-16 15:45:00,6809.1
2019-06-16 16:00:00,6822.1
2019-06-16 16:15:00,6818.4
2019-06-16 16:30:00,6816.5
2019-06-16 16:45:00,6824.5
2019-06-16 17:00:00,6837.9
2019-06-16 17:15:00,6839.8
2019-06-16 17:30:00,6839.1
2019-06-16 17:45:00,6845.1
2019-06-16 18:00:00,6848.4
2019-06-16 18:15:00,6838.7
2019-06-16 18:30:00,6838.3
2019-06-16 18:45:00,6837.5
2019-06-16 19:00:00,6838.8
2019-06-16 19:15:00,6832.2
2019-06-16 19:30:00,6828.7
2019-06-16 19:45:00,6822.7
2019-06-16 20:00:00,6817.8
2019-06-16 20:15:00,6814.3
2019-06-16 20:30:00,6813.0
2019-06-16 20:45:00,6820.9
2019-06-16 21:00:00,6831.5
2019-06-16 21:15:00,6831.5
2019-06-16 21:30:00,6824.9
2019-06-16 21:45:00,6814.7
2019-06-16 22:00:00,6796.1
2019-06-16 22:15:00,6785.1
2019-06-16 22:30:00,6769.5
2019-06-16 22:45:00,6760.8
2019-06-16 23:00:00,6749.9
2019-06-16 23:15:00,6741.1
2019-06-16 23:30:00,6738.5
2019-06-16 23:45:00,6727.0
2019-06-17 00:00:00,6723.0
2019-06-17 00:15:00,6718.3
2019-06-17 00:30:00,6714.7
2019-06-17 00:45:00,6708.5
2019-06-17 01:00:00,6703.3
2019-06-17 01:15:00,6698.1
2019-06-17 01:30:00,6698.6
2019-06-17 01:45:00,6699.4
2019-06-17 02:00:00,6703.0
2019-06-17 02:15:00,6705.5
2019-06-17 02:30:00,6703.0
2019-06-17 02:45:00,6710.2
2019-06-17 03:00:00,6724.9
2019-06-17 03:15:00,6733.5
2019-06-17 03:30:00,6735.9
2019-06-17 03:45:00,6743.5
2019-06-17 04:00:00,6765.2
2019-06-17 04:15:00,6775.0
2019-06-17 04:30:00,6798.2
2019-06-17 04:45:00,6825.2
2019-06-17 05:00:00,6877.2
2019-06-17 05:15:00,6915.7
2019-06-17 05:30:00,6945.3
2019-06-17 05:45:00,6973.8
2019-06-17 06:00:00,7008.0
2019-06-17 06:15:00,7031.1
2019-06-17 06:30:00,7047.2
2019-06-17 06:45:00,7059.4
2019-06-17 07:00:00,7083.7
2019-06-17 07:15:00,7092.9
2019-06-17 07:30:00,7102.0
2019-06-17 07:45:00,7111.6
2019-06-17 08:00:00,7105.5
2019-06-17 08:15:00,7109.0
2019-06-17 08:30:00,7118.4
2019-06-17 08:45:00,7124.8
2019-06-17 09:00:00,7130.3
2019-06-17 09:15:00,7130.3
2019-06-17 09:30:00,7135.4
2019-06-17 09:45:00,7143.5
2019-06-17 10:00:00,7148.9
2019-06-17 10:15:00,7149.8
2019-06-17 10:30:00,7162.5
2019-06-17 10:45:00,7163.6
2019-06-17 11:00:00,7152.0
2019-06-17 11:15:00,7151.1
2019-06-17 11:30:00,7153.3
2019-06-17 11:45:00,7153.6
2019-06-17 12:00:00,7151.4
2019-06-17 12:15:00,7152.0
2019-06-17 12:30:00,7143.2
2019-06-17 12:45:00,7136.1
2019-06-17 13:00:00,7131.7
2019-06-17 13:15:00,7129.6
2019-06-17 13:30:00,7123.6
2019-06-17 13:45:00,7118.0
2019-06-17 14:00:00,7113.8
2019-06-17 14:15:00,7110.1
2019-06-17 14:30:00,7100.4
2019-06-17 14:45:00,7095.1
2019-06-17 15:00:00,7092.5
2019-06-17 15:15:00,7086.3
2019-06-17 15:30:00,7081.2
2019-06-17 15:45:00,7081.1
2019-06-17 16:00:00,7083.2
2019-06-17 16:15:00,7080.9
2019-06-17 16:30:00,7080.8
2019-06-17 16:45:00,7081.7
2019-06-17 17:00:00,7078.2
2019-06-17 17:15:00,7073.5
2019-06-17 17:30:00,7075.9
2019-06-17 17:45:00,7080.0
2019-06-17 18:00:00,7078.6
2019-06-17 18:15:00,7065.7
2019-06-17 18:30:00,7063.5
2019-06-17 18:45:00,7060.9
2019-06-17 19:00:00,7048.9
2019-06-17 19:15:00,7032.6
2019-06-17 19:30:00,7020.0
2019-06-17 19:45:00,7010.8
2019-06-17 20:00:00,6999.5
2019-06-17 20:15:00,6989.5
2019-06-17 20:30:00,6980.9
2019-06-17 20:45:00,6977.4
2019-06-17 21:00:00,6965.6
2019-06-17 21:15:00,6957.7
2019-06-17 21:30:00,6940.8
2019-06-17 21:45:00,6927.0
2019-06-17 22:00:00,6905.5
2019-06-17 22:15:00,6888.9
2019-06-17 22:30:00,6873.2
2019-06-17 22:45:00,6858.8
2019-06-17 23:00:00,6832.3
2019-06-17 23:15:00,6826.3
2019-06-17 23:30:00,6820.0
2019-06-17 23:45:00,6808.3
2019-06-18 00:00:00,6798.1
2019-06-18 00:15:00,6795.6
2019-06-18 00:30:00,6792.0
2019-06-18 00:45:00,6792.4
2019-06-18 01:00:00,6779.5
2019-06-18 01:15:00,6780.0
2019-06-18 01:30:00,6781.2
2019-06-18 01:45:00,6780.3
2019-06-18 02:00:00,6780.9
2019-06-18 02:15:00,6780.0
2019-06-18 02:30:00,6781.9
2019-06-18 02:45:00,6782.7
2019-06-18 03:00:00,6788.3
2019-06-18 03:15:00,6794.3
2019-06-18 03:30:00,6797.1
2019-06-18 03:45:00,6797.8
2019-06-18 04:00:00,6813.3
2019-06-18 04:15:00,6827.8
2019-06-18 04:30:00,6841.8
2019-06-18 04:45:00,6867.6
2019-06-18 05:00:00,6919.7
2019-06-18 05:15:00,6953.9
2019-06-18 05:30:00,6984.3
2019-06-18 05:45:00,7009.0
2019-06-18 06:00:00,7037.9
2019-06-18 06:15:00,7064.2
2019-06-18 06:30:00,7080.3
2019-06-18 06:45:00,7097.0
2019-06-18 07:00:00,7110.9
2019-06-18 07:15:00,7124.2
2019-06-18 07:30:00,7133.4
2019-06-18 07:45:00,7140.0
2019-06-18 08:00:00,7137.2
2019-06-18 08:15:00,7143.8
2019-06-18 08:30:00,7155.9
2019-06-18 08:45:00,7161.9
2019-06-18 09:00:00,7164.0
2019-06-18 09:15:00,7167.0
2019-06-18 09:30:00,7175.4
2019-06-18 09:45:00,7180.3
2019-06-18 10:00:00,7187.0
2019-06-18 10:15:00,7195.6
2019-06-18 10:30:00,7204.5
2019-06-18 10:45:00,7207.6
2019-06-18 11:00:00,7193.7
2019-06-18 11:15:00,7185.8
2019-06-18 11:30:00,7182.9
2019-06-18 11:45:00,7182.5
2019-06-18 12:00:00,7181.8
2019-06-18 12:15:00,7173.5
2019-06-18 12:30:00,7170.0
2019-06-18 12:45:00,7161.9
2019-06-18 13:00:00,7158.3
2019-06-18 13:15:00,7161.9
2019-06-18 13:30:00,7153.5
2019-06-18 13:45:00,7156.8
2019-06-18 14:00:00,7154.8
2019-06-18 14:15:00,7150.3
2019-06-18 14:30:00,7140.1
2019-06-18 14:45:00,7135.5
2019-06-18 15:00:00,7134.4
2019-06-18 15:15:00,7127.9
2019-06-18 15:30:00,7123.4
2019-06-18 15:45:00,7120.7
2019-06-18 16:00:00,7120.6
2019-06-18 16:15:00,7118.1
2019-06-18 16:30:00,7123.0
2019-06-18 16:45:00,7122.3
2019-06-18 17:00:00,7115.6
2019-06-18 17:15:00,7106.2
2019-06-18 17:30:00,7106.1
2019-06-18 17:45:00,7106.5
2019-06-18 18:00:00,7103.7
2019-06-18 18:15:00,7091.4
2019-06-18 18:30:00,7089.8
2019-06-18 18:45:00,7090.1
2019-06-18 19:00:00,7077.0
2019-06-18 19:15:00,7054.1
2019-06-18 19:30:00,7043.9
2019-06-18 19:45:00,7032.6
2019-06-18 20:00:00,7023.1
2019-06-18 20:15:00,7014.4
2019-06-18 20:30:00,7003.1
2019-06-18 20:45:00,6993.6
2019-06-18 21:00:00,6990.8
2019-06-18 21:15:00,6980.9
2019-06-18 21:30:00,6956.9
2019-06-18 21:45:00,6941.9
2019-06-18 22:00:00,6921.0
2019-06-18 22:15:00,6903.9
2019-06-18 22:30:00,6886.9
2019-06-18 22:45:00,6873.4
2019-06-18 23:00:00,6853.7
2019-06-18 23:15:00,6844.0
2019-06-18 23:30:00,6837.1
2019-06-18 23:45:00,6828.2
2019-06-19 00:00:00,6818.2
2019-06-19 00:15:00,6812.8
2019-06-19 00:30:00,6807.7
2019-06-19 00:45:00,6800.7
2019-06-19 01:00:00,6792.0
2019-06-19 01:15:00,6788.1
2019-06-19 01:30:00,6784.9
2019-06-19 01:45:00,6785.4
2019-06-19 02:00:00,6787.6
2019-06-19 02:15:00,6790.7
2019-06-19 02:30:00,6787.8
2019-06-19 02:45:00,6785.5
2019-06-19 03:00:00,6789.8
2019-06-19 03:15:00,6797.1
2019-06-19 03:30:00,6799.9
2019-06-19 03:45:00,6805.5
2019-06-19 04:00:00,6818.0
2019-06-19 04:15:00,6828.7
2019-06-19 04:30:00,6840.7
2019-06-19 04:45:00,6862.6
2019-06-19 05:00:00,6915.1
2019-06-19 05:15:00,6954.3
2019-06-19 05:30:00,6987.8
2019-06-19 05:45:00,7011.2
2019-06-19 06:00:00,7040.0
2019-06-19 06:15:00,7057.8
2019-06-19 06:30:00,7074.5
2019-06-19 06:45:00,7086.1
2019-06-19 07:00:00,7107.6
2019-06-19 07:15:00,7119.9
2019-06-19 07:30:00,7125.4
2019-06-19 07:45:00,7132.8
2019-06-19 08:00:00,7131.2
2019-06-19 08:15:00,7137.4
2019-06-19 08:30:00,7149.6
2019-06-19 08:45:00,7156.0
2019-06-19 09:00:00,7162.9
2019-06-19 09:15:00,7168.7
2019-06-19 09:30:00,7177.8
2019-06-19 09:45:00,7186.7
2019-06-19 10:00:00,7190.9
2019-06-19 10:15:00,7197.5
2019-06-19 10:30:00,7200.9
2019-06-19 10:45:00,7202.9
2019-06-19 11:00:00,7200.1
2019-06-19 11:15:00,7199.7
2019-06-19 11:30:00,7198.6
2019-06-19 11:45:00,7201.6
2019-06-19 12:00:00,7200.3
2019-06-19 12:15:00,7194.1
2019-06-19 12:30:00,7184.0
2019-06-19 12:45:00,7176.0
2019-06-19 13:00:00,7175.8
2019-06-19 13:15:00,7171.5
2019-06-19 13:30:00,7165.7
2019-06-19 13:45:00,7163.3
2019-06-19 14:00:00,7159.7
2019-06-19 14:15:00,7155.4
2019-06-19 14:30:00,7138.7
2019-06-19 14:45:00,7126.4
2019-06-19 15:00:00,7126.1
2019-06-19 15:15:00,7117.0
2019-06-19 15:30:00,7115.9
2019-06-19 15:45:00,7116.4
2019-06-19 16:00:00,7119.6
2019-06-19 16:15:00,7120.1
2019-06-19 16:30:00,7121.3
2019-06-19 16:45:00,7115.1
2019-06-19 17:00:00,7113.1
2019-06-19 17:15:00,7105.9
2019-06-19 17:30:00,7104.7
2019-06-19 17:45:00,7102.5
2019-06-19 18:00:00,7094.1
2019-06-19 18:15:00,7082.7
2019-06-19 18:30:00,7076.8
2019-06-19 18:45:00,7075.5
2019-06-19 19:00:00,7059.9
2019-06-19 19:15:00,7044.0
2019-06-19 19:30:00,7028.4
2019-06-19 19:45:00,7011.4
2019-06-19 20:00:00,6995.1
2019-06-19 20:15:00,6985.9
2019-06-19 20:30:00,6976.1
2019-06-19 20:45:00,6971.7
2019-06-19 21:00:00,6953.6
2019-06-19 21:15:00,6941.8
2019-06-19 21:30:00,6929.5
2019-06-19 21:45:00,6916.8
2019-06-19 22:00:00,6881.3
2019-06-19 22:15:00,6855.7
2019-06-19 22:30:00,6837.1
2019-06-19 22:45:00,6830.6
2019-06-19 23:00:00,6814.2
2019-06-19 23:15:00,6809.4
2019-06-19 23:30:00,6799.0
2019-06-19 23:45:00,6791.3
2019-06-20 00:00:00,6780.6
2019-06-20 00:15:00,6771.1
2019-06-20 00:30:00,6762.3
2019-06-20 00:45:00,6757.5
2019-06-20 01:00:00,6758.1
2019-06-20 01:15:00,6754.4
2019-06-20 01:30:00,6757.7
2019-06-20 01:45:00,6763.6
2019-06-20 02:00:00,6760.0
2019-06-20 02:15:00,6759.3
2019-06-20 02:30:00,6756.4
2019-06-20 02:45:00,6751.6
2019-06-20 03:00:00,6754.4
2019-06-20 03:15:00,6752.1
2019-06-20 03:30:00,6750.7
2019-06-20 03:45:00,6746.5
2019-06-20 04:00:00,6748.4
2019-06-20 04:15:00,6746.2
2019-06-20 04:30:00,6745.5
2019-06-20 04:45:00,6746.9
2019-06-20 05:00:00,6763.2
2019-06-20 05:15:00,6775.4
2019-06-20 05:30:00,6781.5
2019-06-20 05:45:00,6796.0
2019-06-20 06:00:00,6818.9
2019-06-20 06:15:00,6840.5
2019-06-20 06:30:00,6851.2
2019-06-20 06:45:00,6863.5
2019-06-20 07:00:00,6870.3
2019-06-20 07:15:00,6882.9
2019-06-20 07:30:00,6892.3
2019-06-20 07:45:00,6898.6
2019-06-20 08:00:00,6902.3
2019-06-20 08:15:00,6907.8
2019-06-20 08:30:00,6918.4
2019-06-20 08:45:00,6929.2
2019-06-20 09:00:00,6934.9
2019-06-20 09:15:00,6939.9
2019-06-20 09:30:00,6950.3
2019-06-20 09:45:00,6959.9
2019-06-20 10:00:00,6971.0
2019-06-20 10:15:00,6976.7
2019-06-20 10:30:00,6982.5
2019-06-20 10:45:00,6985.6
2019-06-20 11:00:00,6987.0
2019-06-20 11:15:00,6981.1
2019-06-20 11:30:00,6976.9
2019-06-20 11:45:00,6976.6
2019-06-20 12:00:00,6969.6
2019-06-20 12:15:00,6963.1
2019-06-20 12:30:00,6953.2
2019-06-20 12:45:00,6946.3
2019-06-20 13:00:00,6945.1
2019-06-20 13:15:00,6936.5
2019-06-20 13:30:00,6936.5
2019-06-20 13:45:00,6928.9
2019-06-20 14:00:00,6931.5
2019-06-20 14:15:00,6921.0
2019-06-20 14:30:00,6916.2
2019-06-20 14:45:00,6908.1
2019-06-20 15:00:00,6907.6
2019-06-20 15:15:00,6904.6
2019-06-20 15:30:00,6899.1
2019-06-20 15:45:00,6896.3
2019-06-20 16:00:00,6902.7
2019-06-20 16:15:00,6904.5
2019-06-20 16:30:00,6912.2
2019-06-20 16:45:00,6915.7
2019-06-20 17:00:00,6924.9
2019-06-20 17:15:00,6923.6
2019-06-20 17:30:00,6923.5
2019-06-20 17:45:00,6923.8
2019-06-20 18:00:00,6917.3
2019-06-20 18:15:00,6910.0
2019-06-20 18:30:00,6910.1
2019-06-20 18:45:00,6907.0
2019-06-20 19:00:00,6896.7
2019-06-20 19:15:00,6893.1
2019-06-20 19:30:00,6883.6
2019-06-20 19:45:00,6876.4
2019-06-20 20:00:00,6869.0
2019-06-20 20:15:00,6869.1
2019-06-20 20:30:00,6864.7
2019-06-20 20:45:00,6867.2
2019-06-20 21:00:00,6868.8
2019-06-20 21:15:00,6863.1
2019-06-20 21:30:00,6853.2
2019-06-20 21:45:00,6836.4
2019-06-20 22:00:00,6819.2
2019-06-20 22:15:00,6800.6
2019-06-20 22:30:00,6785.6
2019-06-20 22:45:00,6772.4
2019-06-20 23:00:00,6763.0
2019-06-20 23:15:00,6753.8
2019-06-20 23:30:00,6747.3
2019-06-20 23:45:00,6735.1
2019-06-21 00:00:00,6723.4
2019-06-21 00:15:00,6717.8
2019-06-21 00:30:00,6716.5
2019-06-21 00:45:00,6711.9
2019-06-21 01:00:00,6712.1
2019-06-21 01:15:00,6710.4
2019-06-21 01:30:00,6705.2
2019-06-21 01:45:00,6707.4
2019-06-21 02:00:00,6704.8
2019-06-21 02:15:00,6704.5
2019-06-21 02:30:00,6707.8
2019-06-21 02:45:00,6705.0
2019-06-21 03:00:00,6713.1
2019-06-21 03:15:00,6718.1
2019-06-21 03:30:00,6721.3
2019-06-21 03:45:00,6726.5
2019-06-21 04:00:00,6738.3
2019-06-21 04:15:00,6747.3
2019-06-21 04:30:00,6755.9
2019-06-21 04:45:00,6776.1
2019-06-21 05:00:00,6819.5
2019-06-21 05:15:00,6847.8
2019-06-21 05:30:00,6870.0
2019-06-21 05:45:00,6889.0
2019-06-21 06:00:00,6917.7
2019-06-21 06:15:00,6933.9
2019-06-21 06:30:00,6955.0
2019-06-21 06:45:00,6967.0
2019-06-21 07:00:00,6984.4
2019-06-21 07:15:00,6996.6
2019-06-21 07:30:00,7004.0
2019-06-21 07:45:00,7010.1
2019-06-21 08:00:00,7014.3
2019-06-21 08:15:00,7018.4
2019-06-21 08:30:00,7026.5
2019-06-21 08:45:00,7038.1
2019-06-21 09:00:00,7042.9
2019-06-21 09:15:00,7046.8
2019-06-21 09:30:00,7050.6
2019-06-21 09:45:00,7060.5
2019-06-21 10:00:00,7063.5
2019-06-21 10:15:00,7068.3
2019-06-21 10:30:00,7071.5
2019-06-21 10:45:00,7075.4
2019-06-21 11:00:00,7073.2
2019-06-21 11:15:00,7063.1
2019-06-21 11:30:00,7059.9
2019-06-21 11:45:00,7060.1
2019-06-21 12:00:00,7059.2
2019-06-21 12:15:00,7054.3
2019-06-21 12:30:00,7051.8
2019-06-21 12:45:00,7039.3
2019-06-21 13:00:00,7035.9
2019-06-21 13:15:00,7030.6
2019-06-21 13:30:00,7028.1
2019-06-21 13:45:00,7023.8
2019-06-21 14:00:00,7026.0
2019-06-21 14:15:00,7014.5
2019-06-21 14:30:00,7008.2
2019-06-21 14:45:00,7002.7
2019-06-21 15:00:00,7003.8
2019-06-21 15:15:00,6996.6
2019-06-21 15:30:00,6983.5
2019-06-21 15:45:00,6979.9
2019-06-21 16:00:00,6982.0
2019-06-21 16:15:00,6980.4
2019-06-21 16:30:00,6979.6
2019-06-21 16:45:00,6979.7
2019-06-21 17:00:00,6983.0
2019-06-21 17:15:00,6978.0
2019-06-21 17:30:00,6977.0
2019-06-21 17:45:00,6974.1
2019-06-21 18:00:00,6974.2
2019-06-21 18:15:00,6960.2
2019-06-21 18:30:00,6959.6
2019-06-21 18:45:00,6955.8
2019-06-21 19:00:00,6945.0
2019-06-21 19:15:00,6930.5
2019-06-21 19:30:00,6917.3
2019-06-21 19:45:00,6903.8
2019-06-21 20:00:00,6891.2
2019-06-21 20:15:00,6881.5
2019-06-21 20:30:00,6876.6
2019-06-21 20:45:00,6872.1
2019-06-21 21:00:00,6868.2
2019-06-21 21:15:00,6865.2
2019-06-21 21:30:00,6851.7
2019-06-21 21:45:00,6840.1
2019-06-21 22:00:00,6819.2
2019-06-21 22:15:00,6805.3
2019-06-21 22:30:00,6791.3
2019-06-21 22:45:00,6775.2
2019-06-21 23:00:00,6760.6
2019-06-21 23:15:00,6753.6
2019-06-21 23:30:00,6744.6
2019-06-21 23:45:00,6736.6
2019-06-22 00:00:00,6727.6
2019-06-22 00:15:00,6720.7
2019-06-22 00:30:00,6710.2
2019-06-22 00:45:00,6699.1
2019-06-22 01:00:00,6694.6
2019-06-22 01:15:00,6693.5
2019-06-22 01:30:00,6691.5
2019-06-22 01:45:00,6684.6
2019-06-22 02:00:00,6683.1
2019-06-22 02:15:00,6680.2
2019-06-22 02:30:00,6682.7
2019-06-22 02:45:00,6679.1
2019-06-22 03:00:00,6687.6
2019-06-22 03:15:00,6682.0
2019-06-22 03:30:00,6684.6
2019-06-22 03:45:00,6683.7
2019-06-22 04:00:00,6685.8
2019-06-22 04:15:00,6684.4
2019-06-22 04:30:00,6686.5
2019-06-22 04:45:00,6690.6
2019-06-22 05:00:00,6708.2
2019-06-22 05:15:00,6717.2
2019-06-22 05:30:00,6734.2
2019-06-22 05:45:00,6743.5
2019-06-22 06:00:00,6758.4
2019-06-22 06:15:00,6773.6
2019-06-22 06:30:00,6789.7
2019-06-22 06:45:00,6807.4
2019-06-22 07:00:00,6821.8
2019-06-22 07:15:00,6838.3
2019-06-22 07:30:00,6851.5
2019-06-22 07:45:00,6865.4
2019-06-22 08:00:00,6881.8
2019-06-22 08:15:00,6892.4
2019-06-22 08:30:00,6901.8
2019-06-22 08:45:00,6911.7
2019-06-22 09:00:00,6918.9
2019-06-22 09:15:00,6924.9
2019-06-22 09:30:00,6925.8
2019-06-22 09:45:00,6934.6
2019-06-22 10:00:00,6938.6
2019-06-22 10:15:00,6940.4
2019-06-22 10:30:00,6944.6
2019-06-22 10:45:00,6944.6
2019-06-22 11:00:00,6944.1
2019-06-22 11:15:00,6939.0
2019-06-22 11:30:00,6936.1
2019-06-22 11:45:00,6930.4
2019-06-22 12:00:00,6918.7
2019-06-22 12:15:00,6914.2
2019-06-22 12:30:00,6910.4
2019-06-22 12:45:00,6899.2
2019-06-22 13:00:00,6893.0
2019-06-22 13:15:00,6890.5
2019-06-22 13:30:00,6893.1
2019-06-22 13:45:00,6887.1
2019-06-22 14:00:00,6886.2
2019-06-22 14:15:00,6882.1
2019-06-22 14:30:00,6883.2
2019-06-22 14:45:00,6876.3
2019-06-22 15:00:00,6874.6
2019-06-22 15:15:00,6873.1
2019-06-22 15:30:00,6863.7
2019-06-22 15:45:00,6870.8
2019-06-22 16:00:00,6872.9
2019-06-22 16:15:00,6874.2
2019-06-22 16:30:00,6874.0
2019-06-22 16:45:00,6876.0
2019-06-22 17:00:00,6877.4
2019-06-22 17:15:00,6880.4
2019-06-22 17:30:00,6875.6
2019-06-22 17:45:00,6871.8
2019-06-22 18:00:00,6869.3
2019-06-22 18:15:00,6862.4
2019-06-22 18:30:00,6857.1
2019-06-22 18:45:00,6851.4
2019-06-22 19:00:00,6840.9
2019-06-22 19:15:00,6827.6
2019-06-22 19:30:00,6816.9
2019-06-22 19:45:00,6810.5
2019-06-22 20:00:00,6806.1
2019-06-22 20:15:00,6802.5
2019-06-22 20:30:00,6793.7
2019-06-22 20:45:00,6794.6
2019-06-22 21:00:00,6792.0
2019-06-22 21:15:00,6789.8
2019-06-22 21:30:00,6786.0
2019-06-22 21:45:00,6776.6
2019-06-22 22:00:00,6761.9
2019-06-22 22:15:00,6752.7
2019-06-22 22:30:00,6740.9
2019-06-22 22:45:00,6721.1
2019-06-22 23:00:00,6704.0
2019-06-22 23:15:00,6694.7
2019-06-22 23:30:00,6684.8
2019-06-22 23:45:00,6678.5
2019-06-23 00:00:00,6667.7
2019-06-23 00:15:00,6662.7
2019-06-23 00:30:00,6658.0
2019-06-23 00:45:00,6645.3
2019-06-23 01:00:00,6646.8
2019-06-23 01:15:00,6645.9
2019-06-23 01:30:00,6646.1
2019-06-23 01:45:00,6642.6
2019-06-23 02:00:00,6644.0
2019-06-23 02:15:00,6641.3
2019-06-23 02:30:00,6639.5
2019-06-23 02:45:00,6638.3
2019-06-23 03:00:00,6632.6
2019-06-23 03:15:00,6626.9
2019-06-23 03:30:00,6627.8
2019-06-23 03:45:00,6624.5
2019-06-23 04:00:00,6622.0
2019-06-23 04:15:00,6618.1
2019-06-23 04:30:00,6614.6
2019-06-23 04:45:00,6618.6
2019-06-23 05:00:00,6630.7
2019-06-23 05:15:00,6636.8
2019-06-23 05:30:00,6643.7
2019-06-23 05:45:00,6656.0
2019-06-23 06:00:00,6668.7
2019-06-23 06:15:00,6678.2
2019-06-23 06:30:00,6690.0
2019-06-23 06:45:00,6699.5
2019-06-23 07:00:00,6719.7
2019-06-23 07:15:00,6735.5
2019-06-23 07:30:00,6746.1
2019-06-23 07:45:00,6755.5
2019-06-23 08:00:00,6769.6
2019-06-23 08:15:00,6781.9
2019-06-23 08:30:00,6790.7
2019-06-23 08:45:00,6801.4
2019-06-23 09:00:00,6808.9
2019-06-23 09:15:00,6817.7
2019-06-23 09:30:00,6828.0
2019-06-23 09:45:00,6834.0
2019-06-23 10:00:00,6840.4
2019-06-23 10:15:00,6848.6
2019-06-23 10:30:00,6856.4
2019-06-23 10:45:00,6860.1
2019-06-23 11:00:00,6862.6
2019-06-23 11:15:00,6856.6
2019-06-23 11:30:00,6855.5
2019-06-23 11:45:00,6851.0
2019-06-23 12:00:00,6837.7
2019-06-23 12:15:00,6831.8
2019-06-23 12:30:00,6826.5
2019-06-23 12:45:00,6819.9
2019-06-23 13:00:00,6812.4
2019-06-23 13:15:00,6809.0
2019-06-23 13:30:00,6806.5
2019-06-23 13:45:00,6797.8
2019-06-23 14:00:00,6801.2
2019-06-23 14:15:00,6800.2
2019-06-23 14:30:00,6797.5
2019-06-23 14:45:00,6791.3
2019-06-23 15:00:00,6804.6
2019-06-23 15:15:00,6802.3
2019-06-23 15:30:00,6801.7
2019-06-23 15:45:00,6803.1
2019-06-23 16:00:00,6814.7
2019-06-23 16:15:00,6819.9
2019-06-23 16:30:00,6816.7
2019-06-23 16:45:00,6817.3
2019-06-23 17:00:00,6834.0
2019-06-23 17:15:00,6834.0
2019-06-23 17:30:00,6835.9
2019-06-23 17:45:00,6840.9
2019-06-23 18:00:00,6849.1
2019-06-23 18:15:00,6842.7
2019-06-23 18:30:00,6837.8
2019-06-23 18:45:00,6838.8
2019-06-23 19:00:00,6841.6
2019-06-23 19:15:00,6837.8
2019-06-23 19:30:00,6828.5
2019-06-23 19:45:00,6824.0
2019-06-23 20:00:00,6823.3
2019-06-23 20:15:00,6818.9
2019-06-23 20:30:00,6817.3
2019-06-23 20:45:00,6828.6
2019-06-23 21:00:00,6835.6
2019-06-23 21:15:00,6839.8
2019-06-23 21:30:00,6829.9
2019-06-23 21:45:00,6819.3
2019-06-23 22:00:00,6801.2
2019-06-23 22:15:00,6785.3
2019-06-23 22:30:00,6768.4
2019-06-23 22:45:00,6762.1
2019-06-23 23:00:00,6752.7
2019-06-23 23:15:00,6740.5
2019-06-23 23:30:00,6734.0
2019-06-23 23:45:00,6732.4
2019-06-24 00:00:00,6721.8
2019-06-24 00:15:00,6717.7
2019-06-24 00:30:00,6710.7
2019-06-24 00:45:00,6707.3
2019-06-24 01:00:00,6705.7
2019-06-24 01:15:00,6701.3
2019-06-24 01:30:00,6699.0
2019-06-24 01:45:00,6700.9
2019-06-24 02:00:00,6704.8
2019-06-24 02:15:00,6704.6
2019-06-24 02:30:00,6707.0
2019-06-24 02:45:00,6707.9
2019-06-24 03:00:00,6721.3
2019-06-24 03:15:00,6729.4
2019-06-24 03:30:00,6735.9
2019-06-24 03:45:00,6743.4
2019-06-24 04:00:00,6759.8
2019-06-24 04:15:00,6772.0
2019-06-24 04:30:00,6790.1
2019-06-24 04:45:00,6820.2
2019-06-24 05:00:00,6878.1
2019-06-24 05:15:00,6921.8
2019-06-24 05:30:00,6952.5
2019-06-24 05:45:00,6982.6
2019-06-24 06:00:00,7018.7
2019-06-24 06:15:00,7040.5
2019-06-24 06:30:00,7061.8
2019-06-24 06:45:00,7079.4
2019-06-24 07:00:00,7096.2
2019-06-24 07:15:00,7112.1
2019-06-24 07:30:00,7117.8
2019-06-24 07:45:00,7125.4
2019-06-24 08:00:00,7125.8
2019-06-24 08:15:00,7131.2
2019-06-24 08:30:00,7141.1
2019-06-24 08:45:00,7146.0
2019-06-24 09:00:00,7152.2
2019-06-24 09:15:00,7158.4
2019-06-24 09:30:00,7164.4
2019-06-24 09:45:00,7170.0
2019-06-24 10:00:00,7179.9
2019-06-24 10:15:00,7183.6
2019-06-24 10:30:00,7184.9
2019-06-24 10:45:00,7186.1
2019-06-24 11:00:00,7183.1
2019-06-24 11:15:00,7182.2
2019-06-24 11:30:00,7181.5
2019-06-24 11:45:00,7179.5
2019-06-24 12:00:00,7181.8
2019-06-24 12:15:00,7180.2
2019-06-24 12:30:00,7175.2
2019-06-24 12:45:00,7163.9
2019-06-24 13:00:00,7163.8
2019-06-24 13:15:00,7164.9
2019-06-24 13:30:00,7160.8
2019-06-24 13:45:00,7156.9
2019-06-24 14:00:00,7151.9
2019-06-24 14:15:00,7149.1
2019-06-24 14:30:00,7144.2
2019-06-24 14:45:00,7143.2
2019-06-24 15:00:00,7140.4
2019-06-24 15:15:00,7131.8
2019-06-24 15:30:00,7130.3
2019-06-24 15:45:00,7126.7
2019-06-24 16:00:00,7130.3
2019-06-24 16:15:00,7125.4
2019-06-24 16:30:00,7127.1
2019-06-24 16:45:00,7126.0
2019-06-24 17:00:00,7121.9
2019-06-24 17:15:00,7115.6
2019-06-24 17:30:00,7117.2
2019-06-24 17:45:00,7118.6
2019-06-24 18:00:00,7115.3
2019-06-24 18:15:00,7106.1
2019-06-24 18:30:00,7102.9
2019-06-24 18:45:00,7093.9
2019-06-24 19:00:00,7085.1
2019-06-24 19:15:00,7074.3
2019-06-24 19:30:00,7062.3
2019-06-24 19:45:00,7050.6
2019-06-24 20:00:00,7036.9
2019-06-24 20:15:00,7025.5
2019-06-24 20:30:00,7013.3
2019-06-24 20:45:00,7007.9
2019-06-24 21:00:00,7002.8
2019-06-24 21:15:00,6992.1
2019-06-24 21:30:00,6979.6
2019-06-24 21:45:00,6956.0
2019-06-24 22:00:00,6936.2
2019-06-24 22:15:00,6915.7
2019-06-24 22:30:00,6896.3
2019-06-24 22:45:00,6880.3
2019-06-24 23:00:00,6865.1
2019-06-24 23:15:00,6861.3
2019-06-24 23:30:00,6849.3
2019-06-24 23:45:00,6838.8
2019-06-25 00:00:00,6832.3
2019-06-25 00:15:00,6827.6
2019-06-25 00:30:00,6818.9
2019-06-25 00:45:00,6816.8
2019-06-25 01:00:00,6810.7
2019-06-25 01:15:00,6804.6
2019-06-25 01:30:00,6802.8
2019-06-25 01:45:00,6804.6
2019-06-25 02:00:00,6804.0
2019-06-25 02:15:00,6801.7
2019-06-25 02:30:00,6797.6
2019-06-25 02:45:00,6797.1
2019-06-25 03:00:00,6808.7
2019-06-25 03:15:00,6810.5
2019-06-25 03:30:00,6814.5
2019-06-25 03:45:00,6818.7
2019-06-25 04:00:00,6838.6
2019-06-25 04:15:00,6853.2
2019-06-25 04:30:00,6869.0
2019-06-25 04:45:00,6891.5
2019-06-25 05:00:00,6936.5
2019-06-25 05:15:00,6976.2
2019-06-25 05:30:00,7007.7
2019-06-25 05:45:00,7031.1
2019-06-25 06:00:00,7063.7
2019-06-25 06:15:00,7084.1
2019-06-25 06:30:00,7104.1
2019-06-25 06:45:00,7119.2
2019-06-25 07:00:00,7131.1
2019-06-25 07:15:00,7142.6
2019-06-25 07:30:00,7152.2
2019-06-25 07:45:00,7160.8
2019-06-25 08:00:00,7159.1
2019-06-25 08:15:00,7165.2
2019-06-25 08:30:00,7177.8
2019-06-25 08:45:00,7186.8
2019-06-25 09:00:00,7188.4
2019-06-25 09:15:00,7193.6
2019-06-25 09:30:00,7203.4
2019-06-25 09:45:00,7208.6
2019-06-25 10:00:00,7209.4
2019-06-25 10:15:00,7211.5
2019-06-25 10:30:00,7222.3
2019-06-25 10:45:00,7222.6
2019-06-25 11:00:00,7215.4
2019-06-25 11:15:00,7216.0
2019-06-25 11:30:00,7213.0
2019-06-25 11:45:00,7214.0
2019-06-25 12:00:00,7214.7
2019-06-25 12:15:00,7212.3
2019-06-25 12:30:00,7203.5
2019-06-25 12:45:00,7190.5
2019-06-25 13:00:00,7188.9
2019-06-25 13:15:00,7189.0
2019-06-25 13:30:00,7185.1
2019-06-25 13:45:00,7181.9
2019-06-25 14:00:00,7179.9
2019-06-25 14:15:00,7174.0
2019-06-25 14:30:00,7166.4
2019-06-25 14:45:00,7161.2
2019-06-25 15:00:00,7162.1
2019-06-25 15:15:00,7155.2
2019-06-25 15:30:00,7147.3
2019-06-25 15:45:00,7146.4
2019-06-25 16:00:00,7146.1
2019-06-25 16:15:00,7144.7
2019-06-25 16:30:00,7143.2
2019-06-25 16:45:00,7132.9
2019-06-25 17:00:00,7127.7
2019-06-25 17:15:00,7124.7
2019-06-25 17:30:00,7124.6
2019-06-25 17:45:00,7123.7
2019-06-25 18:00:00,7127.7
2019-06-25 18:15:00,7123.3
2019-06-25 18:30:00,7122.4
2019-06-25 18:45:00,7113.5
2019-06-25 19:00:00,7099.6
2019-06-25 19:15:00,7080.4
2019-06-25 19:30:00,7068.0
2019-06-25 19:45:00,7060.4
2019-06-25 20:00:00,7052.0
2019-06-25 20:15:00,7040.6
2019-06-25 20:30:00,7026.9
2019-06-25 20:45:00,7024.3
2019-06-25 21:00:00,7019.5
2019-06-25 21:15:00,7010.3
2019-06-25 21:30:00,6989.5
2019-06-25 21:45:00,6975.7
2019-06-25 22:00:00,6953.4
2019-06-25 22:15:00,6938.5
2019-06-25 22:30:00,6920.3
2019-06-25 22:45:00,6906.9
2019-06-25 23:00:00,6887.5
2019-06-25 23:15:00,6875.0
2019-06-25 23:30:00,6864.9
2019-06-25 23:45:00,6855.9
2019-06-26 00:00:00,6844.8
2019-06-26 00:15:00,6836.5
2019-06-26 00:30:00,6828.0
2019-06-26 00:45:00,6825.7
2019-06-26 01:00:00,6814.7
2019-06-26 01:15:00,6812.4
2019-06-26 01:30:00,6810.9
2019-06-26 01:45:00,6813.2
2019-06-26 02:00:00,6811.3
2019-06-26 02:15:00,6810.3
2019-06-26 02:30:00,6806.6
2019-06-26 02:45:00,6808.3
2019-06-26 03:00:00,6815.6
2019-06-26 03:15:00,6819.2
2019-06-26 03:30:00,6828.2
2019-06-26 03:45:00,6832.5
2019-06-26 04:00:00,6849.7
2019-06-26 04:15:00,6858.9
2019-06-26 04:30:00,6871.6
2019-06-26 04:45:00,6894.4
2019-06-26 05:00:00,6949.8
2019-06-26 05:15:00,6990.3
2019-06-26 05:30:00,7019.3
2019-06-26 05:45:00,7046.2
2019-06-26 06:00:00,7084.2
2019-06-26 06:15:00,7103.5
2019-06-26 06:30:00,7123.1
2019-06-26 06:45:00,7138.2
2019-06-26 07:00:00,7159.4
2019-06-26 07:15:00,7168.6
2019-06-26 07:30:00,7176.0
2019-06-26 07:45:00,7183.8
2019-06-26 08:00:00,7183.6
2019-06-26 08:15:00,7186.3
2019-06-26 08:30:00,7198.4
2019-06-26 08:45:00,7201.9
2019-06-26 09:00:00,7211.2
2019-06-26 09:15:00,7216.1
2019-06-26 09:30:00,7223.1
2019-06-26 09:45:00,7225.8
2019-06-26 10:00:00,7226.8
2019-06-26 10:15:00,7232.3
2019-06-26 10:30:00,7237.8
2019-06-26 10:45:00,7235.6
2019-06-26 11:00:00,7219.4
2019-06-26 11:15:00,7220.3
2019-06-26 11:30:00,7224.6
2019-06-26 11:45:00,7223.9
2019-06-26 12:00:00,7216.9
2019-06-26 12:15:00,7221.6
2019-06-26 12:30:00,7216.2
2019-06-26 12:45:00,7203.2
2019-06-26 13:00:00,7200.4
2019-06-26 13:15:00,7198.2
2019-06-26 13:30:00,7197.3
2019-06-26 13:45:00,7192.8
2019-06-26 14:00:00,7192.5
2019-06-26 14:15:00,7188.0
2019-06-26 14:30:00,7182.1
2019-06-26 14:45:00,7175.5
2019-06-26 15:00:00,7169.2
2019-06-26 15:15:00,7162.7
2019-06-26 15:30:00,7158.4
2019-06-26 15:45:00,7154.8
2019-06-26 16:00:00,7155.4
2019-06-26 16:15:00,7157.2
2019-06-26 16:30:00,7154.0
2019-06-26 16:45:00,7146.6
2019-06-26 17:00:00,7139.7
2019-06-26 17:15:00,7138.1
2019-06-26 17:30:00,7138.7
2019-06-26 17:45:00,7138.5
2019-06-26 18:00:00,7135.4
2019-06-26 18:15:00,7121.5
2019-06-26 18:30:00,7119.1
2019-06-26 18:45:00,7110.1
2019-06-26 19:00:00,7096.2
2019-06-26 19:15:00,7084.6
2019-06-26 19:30:00,7072.7
2019-06-26 19:45:00,7062.0
2019-06-26 20:00:00,7047.9
2019-06-26 20:15:00,7040.4
2019-06-26 20:30:00,7028.8
2019-06-26 20:45:00,7022.8
2019-06-26 21:00:00,7017.5
2019-06-26 21:15:00,7007.1
2019-06-26 21:30:00,6992.5
2019-06-26 21:45:00,6977.2
2019-06-26 22:00:00,6955.8
2019-06-26 22:15:00,6936.3
2019-06-26 22:30:00,6922.7
2019-06-26 22:45:00,6908.8
2019-06-26 23:00:00,6893.1
2019-06-26 23:15:00,6879.4
2019-06-26 23:30:00,6867.9
2019-06-26 23:45:00,6859.7
2019-06-27 00:00:00,6855.1
2019-06-27 00:15:00,6846.9
2019-06-27 00:30:00,6839.6
2019-06-27 00:45:00,6835.3
2019-06-27 01:00:00,6831.7
2019-06-27 01:15:00,6830.4
2019-06-27 01:30:00,6823.4
2019-06-27 01:45:00,6824.2
2019-06-27 02:00:00,6822.9
2019-06-27 02:15:00,6821.0
2019-06-27 02:30:00,6821.0
2019-06-27 02:45:00,6819.7
2019-06-27 03:00:00,6828.5
2019-06-27 03:15:00,6831.7
2019-06-27 03:30:00,6832.3
2019-06-27 03:45:00,6835.9
2019-06-27 04:00:00,6852.9
2019-06-27 04:15:00,6860.0
2019-06-27 04:30:00,6872.7
2019-06-27 04:45:00,6893.3
2019-06-27 05:00:00,6942.2
2019-06-27 05:15:00,6975.5
2019-06-27 05:30:00,7002.8
2019-06-27 05:45:00,7026.2
2019-06-27 06:00:00,7059.5
2019-06-27 06:15:00,7081.3
2019-06-27 06:30:00,7100.1
2019-06-27 06:45:00,7115.6
2019-06-27 07:00:00,7131.8
2019-06-27 07:15:00,7143.7
2019-06-27 07:30:00,7146.9
2019-06-27 07:45:00,7149.0
2019-06-27 08:00:00,7149.3
2019-06-27 08:15:00,7154.6
2019-06-27 08:30:00,7166.4
2019-06-27 08:45:00,7172.0
2019-06-27 09:00:00,7182.1
2019-06-27 09:15:00,7190.5
2019-06-27 09:30:00,7196.2
2019-06-27 09:45:00,7202.8
2019-06-27 10:00:00,7200.1
2019-06-27 10:15:00,7205.0
2019-06-27 10:30:00,7210.3
2019-06-27 10:45:00,7210.6
2019-06-27 11:00:00,7202.6
2019-06-27 11:15:00,7200.9
2019-06-27 11:30:00,7198.5
2019-06-27 11:45:00,7199.2
2019-06-27 12:00:00,7197.0
2019-06-27 12:15:00,7193.0
2019-06-27 12:30:00,7184.6
2019-06-27 12:45:00,7178.7
2019-06-27 13:00:00,7170.9
2019-06-27 13:15:00,7170.8
2019-06-27 13:30:00,7167.0
2019-06-27 13:45:00,7161.3
2019-06-27 14:00:00,7155.6
2019-06-27 14:15:00,7149.9
2019-06-27 14:30:00,7142.8
2019-06-27 14:45:00,7130.5
2019-06-27 15:00:00,7130.5
2019-06-27 15:15:00,7127.8
2019-06-27 15:30:00,7122.5
2019-06-27 15:45:00,7117.8
2019-06-27 16:00:00,7116.9
2019-06-27 16:15:00,7117.9
2019-06-27 16:30:00,7121.3
2019-06-27 16:45:00,7119.3
2019-06-27 17:00:00,7107.3
2019-06-27 17:15:00,7103.9
2019-06-27 17:30:00,7102.6
2019-06-27 17:45:00,7102.4
2019-06-27 18:00:00,7098.1
2019-06-27 18:15:00,7090.1
2019-06-27 18:30:00,7087.1
2019-06-27 18:45:00,7076.5
2019-06-27 19:00:00,7064.2
2019-06-27 19:15:00,7050.4
2019-06-27 19:30:00,7038.3
2019-06-27 19:45:00,7028.6
2019-06-27 20:00:00,7012.9
2019-06-27 20:15:00,7003.9
2019-06-27 20:30:00,6995.8
2019-06-27 20:45:00,6984.6
2019-06-27 21:00:00,6984.1
2019-06-27 21:15:00,6974.2
2019-06-27 21:30:00,6956.6
2019-06-27 21:45:00,6942.9
2019-06-27 22:00:00,6923.9
2019-06-27 22:15:00,6906.3
2019-06-27 22:30:00,6889.3
2019-06-27 22:45:00,6877.5
2019-06-27 23:00:00,6854.5
2019-06-27 23:15:00,6839.7
2019-06-27 23:30:00,6833.0
2019-06-27 23:45:00,6822.1
2019-06-28 00:00:00,6817.1
2019-06-28 00:15:00,6805.9
2019-06-28 00:30:00,6804.3
2019-06-28 00:45:00,6796.9
2019-06-28 01:00:00,6795.8
2019-06-28 01:15:00,6787.9
2019-06-28 01:30:00,6786.0
2019-06-28 01:45:00,6787.0
2019-06-28 02:00:00,6790.9
2019-06-28 02:15:00,6785.2
2019-06-28 02:30:00,6787.0
2019-06-28 02:45:00,6789.9
2019-06-28 03:00:00,6797.1
2019-06-28 03:15:00,6799.0
2019-06-28 03:30:00,6804.2
2019-06-28 03:45:00,6807.6
2019-06-28 04:00:00,6824.2
2019-06-28 04:15:00,6828.3
2019-06-28 04:30:00,6840.2
2019-06-28 04:45:00,6862.8
2019-06-28 05:00:00,6913.2
2019-06-28 05:15:00,6950.6
2019-06-28 05:30:00,6981.3
2019-06-28 05:45:00,7001.5
2019-06-28 06:00:00,7029.3
2019-06-28 06:15:00,7053.5
2019-06-28 06:30:00,7069.3
2019-06-28 06:45:00,7085.7
2019-06-28 07:00:00,7098.1
2019-06-28 07:15:00,7108.7
2019-06-28 07:30:00,7114.2
2019-06-28 07:45:00,7118.1
2019-06-28 08:00:00,7112.5
2019-06-28 08:15:00,7118.5
2019-06-28 08:30:00,7127.1
2019-06-28 08:45:00,7133.5
2019-06-28 09:00:00,7133.5
2019-06-28 09:15:00,7135.9
2019-06-28 09:30:00,7144.5
2019-06-28 09:45:00,7153.3
2019-06-28 10:00:00,7154.4
2019-06-28 10:15:00,7155.4
2019-06-28 10:30:00,7156.7
2019-06-28 10:45:00,7160.5
2019-06-28 11:00:00,7148.8
2019-06-28 11:15:00,7144.1
2019-06-28 11:30:00,7141.7
2019-06-28 11:45:00,7144.7
2019-06-28 12:00:00,7135.3
2019-06-28 12:15:00,7126.0
2019-06-28 12:30:00,7116.9
2019-06-28 12:45:00,7106.8
2019-06-28 13:00:00,7106.5
2019-06-28 13:15:00,7099.7
2019-06-28 13:30:00,7092.3
2019-06-28 13:45:00,7084.9
2019-06-28 14:00:00,7080.5
2019-06-28 14:15:00,7080.3
2019-06-28 14:30:00,7072.2
2019-06-28 14:45:00,7065.9
2019-06-28 15:00:00,7071.3
2019-06-28 15:15:00,7066.6
2019-06-28 15:30:00,7066.1
2019-06-28 15:45:00,7063.8
2019-06-28 16:00:00,7064.4
2019-06-28 16:15:00,7062.5
2019-06-28 16:30:00,7063.7
2019-06-28 16:45:00,7060.3
2019-06-28 17:00:00,7056.2
2019-06-28 17:15:00,7050.2
2019-06-28 17:30:00,7048.5
2019-06-28 17:45:00,7045.6
2019-06-28 18:00:00,7043.1
2019-06-28 18:15:00,7037.0
2019-06-28 18:30:00,7032.4
2019-06-28 18:45:00,7023.2
2019-06-28 19:00:00,7010.7
2019-06-28 19:15:00,6995.3
2019-06-28 19:30:00,6984.5
2019-06-28 19:45:00,6972.6
2019-06-28 20:00:00,6962.5
2019-06-28 20:15:00,6951.4
2019-06-28 20:30:00,6941.0
2019-06-28 20:45:00,6935.0
2019-06-28 21:00:00,6931.1
2019-06-28 21:15:00,6922.8
2019-06-28 21:30:00,6908.5
2019-06-28 21:45:00,6895.9
2019-06-28 22:00:00,6877.1
2019-06-28 22:15:00,6864.3
2019-06-28 22:30:00,6849.0
2019-06-28 22:45:00,6831.4
2019-06-28 23:00:00,6806.8
2019-06-28 23:15:00,6798.8
2019-06-28 23:30:00,6785.3
2019-06-28 23:45:00,6777.4
2019-06-29 00:00:00,6768.4
2019-06-29 00:15:00,6759.9
2019-06-29 00:30:00,6753.8
2019-06-29 00:45:00,6744.1
2019-06-29 01:00:00,6740.8
2019-06-29 01:15:00,6735.1
2019-06-29 01:30:00,6733.3
2019-06-29 01:45:00,6724.8
2019-06-29 02:00:00,6725.2
2019-06-29 02:15:00,6726.0
2019-06-29 02:30:00,6726.6
2019-06-29 02:45:00,6718.1
2019-06-29 03:00:00,6718.1
2019-06-29 03:15:00,6721.7
2019-06-29 03:30:00,6721.3
2019-06-29 03:45:00,6712.5
2019-06-29 04:00:00,6712.5
2019-06-29 04:15:00,6716.3
2019-06-29 04:30:00,6716.0
2019-06-29 04:45:00,6718.7
2019-06-29 05:00:00,6733.0
2019-06-29 05:15:00,6745.8
2019-06-29 05:30:00,6757.0
2019-06-29 05:45:00,6770.1
2019-06-29 06:00:00,6789.7
2019-06-29 06:15:00,6803.9
2019-06-29 06:30:00,6827.5
2019-06-29 06:45:00,6840.0
2019-06-29 07:00:00,6859.6
2019-06-29 07:15:00,6874.6
2019-06-29 07:30:00,6889.4
2019-06-29 07:45:00,6904.9
2019-06-29 08:00:00,6918.7
2019-06-29 08:15:00,6928.6
2019-06-29 08:30:00,6937.9
2019-06-29 08:45:00,6947.5
2019-06-29 09:00:00,6953.3
2019-06-29 09:15:00,6956.0
2019-06-29 09:30:00,6959.3
2019-06-29 09:45:00,6962.4
2019-06-29 10:00:00,6961.8
2019-06-29 10:15:00,6965.2
2019-06-29 10:30:00,6970.3
2019-06-29 10:45:00,6969.0
2019-06-29 11:00:00,6962.6
2019-06-29 11:15:00,6957.8
2019-06-29 11:30:00,6959.3
2019-06-29 11:45:00,6956.4
2019-06-29 12:00:00,6948.5
2019-06-29 12:15:00,6939.8
2019-06-29 12:30:00,6935.2
2019-06-29 12:45:00,6927.3
2019-06-29 13:00:00,6923.6
2019-06-29 13:15:00,6917.8
2019-06-29 13:30:00,6914.1
2019-06-29 13:45:00,6907.5
2019-06-29 14:00:00,6909.2
2019-06-29 14:15:00,6909.4
2019-06-29 14:30:00,6900.9
2019-06-29 14:45:00,6903.8
2019-06-29 15:00:00,6901.2
2019-06-29 15:15:00,6901.7
2019-06-29 15:30:00,6888.6
2019-06-29 15:45:00,6892.2
2019-06-29 16:00:00,6898.2
2019-06-29 16:15:00,6900.7
2019-06-29 16:30:00,6900.3
2019-06-29 16:45:00,6904.1
2019-06-29 17:00:00,6908.3
2019-06-29 17:15:00,6905.7
2019-06-29 17:30:00,6903.2
2019-06-29 17:45:00,6901.9
2019-06-29 18:00:00,6901.7
2019-06-29 18:15:00,6893.3
2019-06-29 18:30:00,6890.7
2019-06-29 18:45:00,6880.8
2019-06-29 19:00:00,6872.3
2019-06-29 19:15:00,6860.6
2019-06-29 19:30:00,6852.3
2019-06-29 19:45:00,6840.5
2019-06-29 20:00:00,6829.3
2019-06-29 20:15:00,6824.4
2019-06-29 20:30:00,6822.2
2019-06-29 20:45:00,6817.3
2019-06-29 21:00:00,6822.4
2019-06-29 21:15:00,6818.8
2019-06-29 21:30:00,6809.7
2019-06-29 21:45:00,6801.2
2019-06-29 22:00:00,6787.3
2019-06-29 22:15:00,6773.0
2019-06-29 22:30:00,6759.6
2019-06-29 22:45:00,6750.0
2019-06-29 23:00:00,6735.1
2019-06-29 23:15:00,6723.9
2019-06-29 23:30:00,6712.6
2019-06-29 23:45:00,6706.6
2019-06-30 00:00:00,6696.7
2019-06-30 00:15:00,6689.8
2019-06-30 00:30:00,6680.0
2019-06-30 00:45:00,6677.5
2019-06-30 01:00:00,6671.1
2019-06-30 01:15:00,6666.5
2019-06-30 01:30:00,6665.9
2019-06-30 01:45:00,6663.4
2019-06-30 02:00:00,6656.9
2019-06-30 02:15:00,6653.2
2019-06-30 02:30:00,6650.9
2019-06-30 02:45:00,6650.6
2019-06-30 03:00:00,6651.1
2019-06-30 03:15:00,6651.1
2019-06-30 03:30:00,6650.5
2019-06-30 03:45:00,6647.1
2019-06-30 04:00:00,6645.5
2019-06-30 04:15:00,6642.3
2019-06-30 04:30:00,6645.3
2019-06-30 04:45:00,6649.4
2019-06-30 05:00:00,6659.4
2019-06-30 05:15:00,6661.7
2019-06-30 05:30:00,6667.9
2019-06-30 05:45:00,6678.6
2019-06-30 06:00:00,6691.4
2019-06-30 06:15:00,6703.9
2019-06-30 06:30:00,6716.0
2019-06-30 06:45:00,6733.5
2019-06-30 07:00:00,6751.2
2019-06-30 07:15:00,6771.8
2019-06-30 07:30:00,6785.0
2019-06-30 07:45:00,6797.9
2019-06-30 08:00:00,6809.6
2019-06-30 08:15:00,6819.4
2019-06-30 08:30:00,6831.9
2019-06-30 08:45:00,6841.6
2019-06-30 09:00:00,6851.7
2019-06-30 09:15:00,6859.6
2019-06-30 09:30:00,6866.0
2019-06-30 09:45:00,6875.2
2019-06-30 10:00:00,6885.1
2019-06-30 10:15:00,6889.2
2019-06-30 10:30:00,6898.5
2019-06-30 10:45:00,6895.2
2019-06-30 11:00:00,6890.8
2019-06-30 11:15:00,6890.8
2019-06-30 11:30:00,6884.4
2019-06-30 11:45:00,6878.5
2019-06-30 12:00:00,6869.6
2019-06-30 12:15:00,6867.3
2019-06-30 12:30:00,6861.4
2019-06-30 12:45:00,6858.5
2019-06-30 13:00:00,6852.1
2019-06-30 13:15:00,6844.3
2019-06-30 13:30:00,6843.4
2019-06-30 13:45:00,6839.1
2019-06-30 14:00:00,6839.4
2019-06-30 14:15:00,6841.0
2019-06-30 14:30:00,6841.1
2019-06-30 14:45:00,6841.5
2019-06-30 15:00:00,6841.8
2019-06-30 15:15:00,6838.7
2019-06-30 15:30:00,6842.9
2019-06-30 15:45:00,6851.8
2019-06-30 16:00:00,6860.9
2019-06-30 16:15:00,6863.0
2019-06-30 16:30:00,6861.6
2019-06-30 16:45:00,6863.0
2019-06-30 17:00:00,6866.7
2019-06-30 17:15:00,6869.5
2019-06-30 17:30:00,6875.1
2019-06-30 17:45:00,6872.7
2019-06-30 18:00:00,6886.2
2019-06-30 18:15:00,6883.7
2019-06-30 18:30:00,6878.3
2019-06-30 18:45:00,6878.7
2019-06-30 19:00:00,6881.0
2019-06-30 19:15:00,6880.0
2019-06-30 19:30:00,6876.6
2019-06-30 19:45:00,6867.8
2019-06-30 20:00:00,6864.0
2019-06-30 20:15:00,6856.7
2019-06-30 20:30:00,6863.5
2019-06-30 20:45:00,6870.5
2019-06-30 21:00:00,6881.6
2019-06-30 21:15:00,6885.1
2019-06-30 21:30:00,6876.6
2019-06-30 21:45:00,6864.9
2019-06-30 22:00:00,6846.4
2019-06-30 22:15:00,6829.8
2019-06-30 22:30:00,6819.0
2019-06-30 22:45:00,6806.4
2019-06-30 23:00:00,6822.2
2019-06-30 23:15:00,6811.6
2019-06-30 23:30:00,6803.7
2019-06-30 23:45:00,6794.2
2019-07-01 00:00:00,6786.8
2019-07-01 00:15:00,6778.9
2019-07-01 00:30:00,6770.8
2019-07-01 00:45:00,6769.1
2019-07-01 01:00:00,6763.3
2019-07-01 01:15:00,6760.0
2019-07-01 01:30:00,6761.8
2019-07-01 01:45:00,6759.4
2019-07-01 02:00:00,6762.7
2019-07-01 02:15:00,6761.7
2019-07-01 02:30:00,6760.3
2019-07-01 02:45:00,6759.7
2019-07-01 03:00:00,6766.3
2019-07-01 03:15:00,6768.4
2019-07-01 03:30:00,6774.2
2019-07-01 03:45:00,6780.8
2019-07-01 04:00:00,6805.1
2019-07-01 04:15:00,6816.7
2019-07-01 04:30:00,6833.6
2019-07-01 04:45:00,6864.4
2019-07-01 05:00:00,6921.0
2019-07-01 05:15:00,6957.7
2019-07-01 05:30:00,6994.9
2019-07-01 05:45:00,7030.2
2019-07-01 06:00:00,7054.9
2019-07-01 06:15:00,7069.0
2019-07-01 06:30:00,7087.6
2019-07-01 06:45:00,7110.3
2019-07-01 07:00:00,7131.8
2019-07-01 07:15:00,7138.7
2019-07-01 07:30:00,7149.3
2019-07-01 07:45:00,7153.1
2019-07-01 08:00:00,7154.8
2019-07-01 08:15:00,7163.9
2019-07-01 08:30:00,7174.5
2019-07-01 08:45:00,7182.8
2019-07-01 09:00:00,7195.8
2019-07-01 09:15:00,7205.9
2019-07-01 09:30:00,7213.8
2019-07-01 09:45:00,7220.7
2019-07-01 10:00:00,7229.0
2019-07-01 10:15:00,7233.9
2019-07-01 10:30:00,7240.9
2019-07-01 10:45:00,7246.1
2019-07-01 11:00:00,7239.7
2019-07-01 11:15:00,7230.9
2019-07-01 11:30:00,7234.1
2019-07-01 11:45:00,7234.2
2019-07-01 12:00:00,7236.1
2019-07-01 12:15:00,7233.8
2019-07-01 12:30:00,7229.5
2019-07-01 12:45:00,7222.2
2019-07-01 13:00:00,7219.2
2019-07-01 13:15:00,7219.0
2019-07-01 13:30:00,7218.7
2019-07-01 13:45:00,7224.2
2019-07-01 14:00:00,7225.0
2019-07-01 14:15:00,7212.7
2019-07-01 14:30:00,7206.1
2019-07-01 14:45:00,7199.0
2019-07-01 15:00:00,7185.8
2019-07-01 15:15:00,7175.0
2019-07-01 15:30:00,7172.2
2019-07-01 15:45:00,7166.2
2019-07-01 16:00:00,7165.1
2019-07-01 16:15:00,7157.2
2019-07-01 16:30:00,7157.4
2019-07-01 16:45:00,7155.4
2019-07-01 17:00:00,7152.7
2019-07-01 17:15:00,7150.1
2019-07-01 17:30:00,7150.4
2019-07-01 17:45:00,7155.6
2019-07-01 18:00:00,7152.1
2019-07-01 18:15:00,7148.0
2019-07-01 18:30:00,7144.5
2019-07-01 18:45:00,7137.2
2019-07-01 19:00:00,7115.9
2019-07-01 19:15:00,7098.9
2019-07-01 19:30:00,7077.9
2019-07-01 19:45:00,7066.3
2019-07-01 20:00:00,7055.6
2019-07-01 20:15:00,7040.7
2019-07-01 20:30:00,7032.8
2019-07-01 20:45:00,7020.8
2019-07-01 21:00:00,7014.2
2019-07-01 21:15:00,7001.1
2019-07-01 21:30:00,6983.5
2019-07-01 21:45:00,6963.9
2019-07-01 22:00:00,6940.2
2019-07-01 22:15:00,6923.5
2019-07-01 22:30:00,6908.2
2019-07-01 22:45:00,6900.5
2019-07-01 23:00:00,6878.8
2019-07-01 23:15:00,6867.7
2019-07-01 23:30:00,6862.6
2019-07-01 23:45:00,6855.4
2019-07-02 00:00:00,6840.6
2019-07-02 00:15:00,6835.7
2019-07-02 00:30:00,6834.3
2019-07-02 00:45:00,6831.8
2019-07-02 01:00:00,6822.4
2019-07-02 01:15:00,6815.6
2019-07-02 01:30:00,6815.0
2019-07-02 01:45:00,6813.4
2019-07-02 02:00:00,6810.6
2019-07-02 02:15:00,6819.0
2019-07-02 02:30:00,6818.6
2019-07-02 02:45:00,6823.6
2019-07-02 03:00:00,6828.1
2019-07-02 03:15:00,6832.1
2019-07-02 03:30:00,6837.7
2019-07-02 03:45:00,6843.8
2019-07-02 04:00:00,6861.4
2019-07-02 04:15:00,6866.7
2019-07-02 04:30:00,6881.4
2019-07-02 04:45:00,6907.0
2019-07-02 05:00:00,6957.4
2019-07-02 05:15:00,6990.5
2019-07-02 05:30:00,7016.5
2019-07-02 05:45:00,7037.2
2019-07-02 06:00:00,7067.9
2019-07-02 06:15:00,7088.2
2019-07-02 06:30:00,7105.2
2019-07-02 06:45:00,7123.4
2019-07-02 07:00:00,7143.6
2019-07-02 07:15:00,7153.1
2019-07-02 07:30:00,7161.3
2019-07-02 07:45:00,7166.7
2019-07-02 08:00:00,7157.8
2019-07-02 08:15:00,7165.3
2019-07-02 08:30:00,7173.0
2019-07-02 08:45:00,7179.7
2019-07-02 09:00:00,7180.1
2019-07-02 09:15:00,7182.1
2019-07-02 09:30:00,7192.0
2019-07-02 09:45:00,7199.0
2019-07-02 10:00:00,7200.1
2019-07-02 10:15:00,7209.2
2019-07-02 10:30:00,7214.0
2019-07-02 10:45:00,7213.0
2019-07-02 11:00:00,7204.1
2019-07-02 11:15:00,7204.2
2019-07-02 11:30:00,7207.2
2019-07-02 11:45:00,7207.3
2019-07-02 12:00:00,7206.1
2019-07-02 12:15:00,7203.7
2019-07-02 12:30:00,7195.4
2019-07-02 12:45:00,7190.9
2019-07-02 13:00:00,7186.3
2019-07-02 13:15:00,7180.4
2019-07-02 13:30:00,7178.0
2019-07-02 13:45:00,7173.1
2019-07-02 14:00:00,7166.2
2019-07-02 14:15:00,7159.8
2019-07-02 14:30:00,7151.8
2019-07-02 14:45:00,7145.5
2019-07-02 15:00:00,7140.3
2019-07-02 15:15:00,7135.5
2019-07-02 15:30:00,7129.2
2019-07-02 15:45:00,7126.7
2019-07-02 16:00:00,7128.7
2019-07-02 16:15:00,7126.0
2019-07-02 16:30:00,7127.1
2019-07-02 16:45:00,7122.7
2019-07-02 17:00:00,7117.6
2019-07-02 17:15:00,7115.5
2019-07-02 17:30:00,7111.2
2019-07-02 17:45:00,7112.5
2019-07-02 18:00:00,7107.4
2019-07-02 18:15:00,7097.7
2019-07-02 18:30:00,7090.5
2019-07-02 18:45:00,7083.2
2019-07-02 19:00:00,7070.2
2019-07-02 19:15:00,7056.3
2019-07-02 19:30:00,7043.4
2019-07-02 19:45:00,7032.5
2019-07-02 20:00:00,7021.7
2019-07-02 20:15:00,7007.2
2019-07-02 20:30:00,6994.9
2019-07-02 20:45:00,6983.5
2019-07-02 21:00:00,6975.1
2019-07-02 21:15:00,6968.2
2019-07-02 21:30:00,6952.1
2019-07-02 21:45:00,6932.4
2019-07-02 22:00:00,6913.3
2019-07-02 22:15:00,6901.2
2019-07-02 22:30:00,6883.4
2019-07-02 22:45:00,6870.6
2019-07-02 23:00:00,6853.3
2019-07-02 23:15:00,6842.6
2019-07-02 23:30:00,6830.8
2019-07-02 23:45:00,6823.6
2019-07-03 00:00:00,6819.0
2019-07-03 00:15:00,6816.1
2019-07-03 00:30:00,6805.3
2019-07-03 00:45:00,6801.1
2019-07-03 01:00:00,6799.4
2019-07-03 01:15:00,6795.9
2019-07-03 01:30:00,6798.0
2019-07-03 01:45:00,6801.4
2019-07-03 02:00:00,6798.8
2019-07-03 02:15:00,6801.0
2019-07-03 02:30:00,6802.1
2019-07-03 02:45:00,6800.1
2019-07-03 03:00:00,6807.2
2019-07-03 03:15:00,6812.1
2019-07-03 03:30:00,6814.9
2019-07-03 03:45:00,6823.3
2019-07-03 04:00:00,6837.9
2019-07-03 04:15:00,6846.5
2019-07-03 04:30:00,6858.7
2019-07-03 04:45:00,6886.5
2019-07-03 05:00:00,6938.2
2019-07-03 05:15:00,6969.9
2019-07-03 05:30:00,6995.9
2019-07-03 05:45:00,7018.7
2019-07-03 06:00:00,7046.5
2019-07-03 06:15:00,7065.2
2019-07-03 06:30:00,7085.0
2019-07-03 06:45:00,7103.4
2019-07-03 07:00:00,7123.2
2019-07-03 07:15:00,7135.9
2019-07-03 07:30:00,7149.8
2019-07-03 07:45:00,7154.1
2019-07-03 08:00:00,7147.3
2019-07-03 08:15:00,7159.5
2019-07-03 08:30:00,7166.4
2019-07-03 08:45:00,7175.0
2019-07-03 09:00:00,7179.3
2019-07-03 09:15:00,7181.8
2019-07-03 09:30:00,7188.3
2019-07-03 09:45:00,7197.3
2019-07-03 10:00:00,7206.7
2019-07-03 10:15:00,7208.3
2019-07-03 10:30:00,7214.0
2019-07-03 10:45:00,7210.6
2019-07-03 11:00:00,7199.9
2019-07-03 11:15:00,7193.4
2019-07-03 11:30:00,7194.6
2019-07-03 11:45:00,7192.6
2019-07-03 12:00:00,7190.4
2019-07-03 12:15:00,7184.1
2019-07-03 12:30:00,7174.6
2019-07-03 12:45:00,7164.7
2019-07-03 13:00:00,7154.3
2019-07-03 13:15:00,7151.8
2019-07-03 13:30:00,7152.7
2019-07-03 13:45:00,7151.2
2019-07-03 14:00:00,7148.8
2019-07-03 14:15:00,7145.8
2019-07-03 14:30:00,7141.1
2019-07-03 14:45:00,7132.0
2019-07-03 15:00:00,7125.2
2019-07-03 15:15:00,7121.8
2019-07-03 15:30:00,7113.4
2019-07-03 15:45:00,7108.2
2019-07-03 16:00:00,7114.6
2019-07-03 16:15:00,7118.2
2019-07-03 16:30:00,7118.2
2019-07-03 16:45:00,7118.9
2019-07-03 17:00:00,7110.8
2019-07-03 17:15:00,7107.8
2019-07-03 17:30:00,7105.1
2019-07-03 17:45:00,7098.8
2019-07-03 18:00:00,7092.5
2019-07-03 18:15:00,7088.2
2019-07-03 18:30:00,7079.9
2019-07-03 18:45:00,7073.9
2019-07-03 19:00:00,7063.7
2019-07-03 19:15:00,7049.3
2019-07-03 19:30:00,7044.0
2019-07-03 19:45:00,7031.3
2019-07-03 20:00:00,7019.7
2019-07-03 20:15:00,7011.1
2019-07-03 20:30:00,7003.0
2019-07-03 20:45:00,7001.3
2019-07-03 21:00:00,6998.5
2019-07-03 21:15:00,6989.1
2019-07-03 21:30:00,6971.7
2019-07-03 21:45:00,6956.7
2019-07-03 22:00:00,6931.1
2019-07-03 22:15:00,6912.8
2019-07-03 22:30:00,6895.6
2019-07-03 22:45:00,6880.4
2019-07-03 23:00:00,6857.1
2019-07-03 23:15:00,6846.1
2019-07-03 23:30:00,6838.1
2019-07-03 23:45:00,6831.4
2019-07-04 00:00:00,6824.5
2019-07-04 00:15:00,6819.8
2019-07-04 00:30:00,6816.3
2019-07-04 00:45:00,6808.0
2019-07-04 01:00:00,6796.5
2019-07-04 01:15:00,6796.9
2019-07-04 01:30:00,6796.9
2019-07-04 01:45:00,6795.8
2019-07-04 02:00:00,6797.8
2019-07-04 02:15:00,6801.0
2019-07-04 02:30:00,6796.9
2019-07-04 02:45:00,6798.2
2019-07-04 03:00:00,6806.7
2019-07-04 03:15:00,6811.1
2019-07-04 03:30:00,6816.4
2019-07-04 03:45:00,6821.2
2019-07-04 04:00:00,6841.6
2019-07-04 04:15:00,6849.7
2019-07-04 04:30:00,6859.9
2019-07-04 04:45:00,6885.7
2019-07-04 05:00:00,6934.2
2019-07-04 05:15:00,6965.9
2019-07-04 05:30:00,6993.9
2019-07-04 05:45:00,7015.0
2019-07-04 06:00:00,7042.9
2019-07-04 06:15:00,7063.2
2019-07-04 06:30:00,7084.3
2019-07-04 06:45:00,7104.4
2019-07-04 07:00:00,7120.4
2019-07-04 07:15:00,7131.0
2019-07-04 07:30:00,7140.8
2019-07-04 07:45:00,7147.8
2019-07-04 08:00:00,7146.4
2019-07-04 08:15:00,7151.8
2019-07-04 08:30:00,7158.6
2019-07-04 08:45:00,7167.6
2019-07-04 09:00:00,7162.9
2019-07-04 09:15:00,7167.6
2019-07-04 09:30:00,7183.1
2019-07-04 09:45:00,7193.5
2019-07-04 10:00:00,7197.5
2019-07-04 10:15:00,7201.6
2019-07-04 10:30:00,7205.4
2019-07-04 10:45:00,7212.1
2019-07-04 11:00:00,7199.8
2019-07-04 11:15:00,7194.9
2019-07-04 11:30:00,7196.7
2019-07-04 11:45:00,7199.8
2019-07-04 12:00:00,7194.7
2019-07-04 12:15:00,7191.6
2019-07-04 12:30:00,7188.7
2019-07-04 12:45:00,7180.5
2019-07-04 13:00:00,7175.8
2019-07-04 13:15:00,7174.5
2019-07-04 13:30:00,7172.0
2019-07-04 13:45:00,7166.8
2019-07-04 14:00:00,7165.1
2019-07-04 14:15:00,7158.9
2019-07-04 14:30:00,7155.6
2019-07-04 14:45:00,7150.1
2019-07-04 15:00:00,7144.7
2019-07-04 15:15:00,7138.6
2019-07-04 15:30:00,7134.1
2019-07-04 15:45:00,7129.2
2019-07-04 16:00:00,7132.9
2019-07-04 16:15:00,7133.0
2019-07-04 16:30:00,7128.0
2019-07-04 16:45:00,7123.4
2019-07-04 17:00:00,7118.9
2019-07-04 17:15:00,7116.1
2019-07-04 17:30:00,7115.9
2019-07-04 17:45:00,7116.1
2019-07-04 18:00:00,7115.4
2019-07-04 18:15:00,7104.8
2019-07-04 18:30:00,7101.9
2019-07-04 18:45:00,7093.7
2019-07-04 19:00:00,7080.7
2019-07-04 19:15:00,7066.8
2019-07-04 19:30:00,7054.7
2019-07-04 19:45:00,7042.9
2019-07-04 20:00:00,7028.7
2019-07-04 20:15:00,7019.3
2019-07-04 20:30:00,7015.9
2019-07-04 20:45:00,7013.0
2019-07-04 21:00:00,7002.9
2019-07-04 21:15:00,6992.2
2019-07-04 21:30:00,6977.9
2019-07-04 21:45:00,6962.1
2019-07-04 22:00:00,6941.0
2019-07-04 22:15:00,6928.2
2019-07-04 22:30:00,6911.0
2019-07-04 22:45:00,6895.8
2019-07-04 23:00:00,6873.8
2019-07-04 23:15:00,6867.3
2019-07-04 23:30:00,6859.6
2019-07-04 23:45:00,6851.9
2019-07-05 00:00:00,6840.7
2019-07-05 00:15:00,6836.1
2019-07-05 00:30:00,6831.1
2019-07-05 00:45:00,6825.5
2019-07-05 01:00:00,6820.6
2019-07-05 01:15:00,6821.6
2019-07-05 01:30:00,6818.3
2019-07-05 01:45:00,6815.8
2019-07-05 02:00:00,6821.0
2019-07-05 02:15:00,6820.7
2019-07-05 02:30:00,6814.3
2019-07-05 02:45:00,6818.6
2019-07-05 03:00:00,6825.2
2019-07-05 03:15:00,6829.9
2019-07-05 03:30:00,6832.9
2019-07-05 03:45:00,6840.4
2019-07-05 04:00:00,6855.9
2019-07-05 04:15:00,6861.4
2019-07-05 04:30:00,6873.1
2019-07-05 04:45:00,6892.3
2019-07-05 05:00:00,6949.3
2019-07-05 05:15:00,6984.9
2019-07-05 05:30:00,7011.8
2019-07-05 05:45:00,7034.9
2019-07-05 06:00:00,7064.2
2019-07-05 06:15:00,7087.8
2019-07-05 06:30:00,7102.6
2019-07-05 06:45:00,7116.7
2019-07-05 07:00:00,7132.4
2019-07-05 07:15:00,7144.1
2019-07-05 07:30:00,7154.8
2019-07-05 07:45:00,7163.2
2019-07-05 08:00:00,7162.6
2019-07-05 08:15:00,7173.2
2019-07-05 08:30:00,7177.6
2019-07-05 08:45:00,7185.3
2019-07-05 09:00:00,7182.4
2019-07-05 09:15:00,7188.7
2019-07-05 09:30:00,7187.0
2019-07-05 09:45:00,7189.6
2019-07-05 10:00:00,7191.9
2019-07-05 10:15:00,7196.0
2019-07-05 10:30:00,7199.7
2019-07-05 10:45:00,7195.9
2019-07-05 11:00:00,7183.1
2019-07-05 11:15:00,7181.0
2019-07-05 11:30:00,7183.5
2019-07-05 11:45:00,7177.7
2019-07-05 12:00:00,7172.9
2019-07-05 12:15:00,7169.3
2019-07-05 12:30:00,7162.1
2019-07-05 12:45:00,7153.3
2019-07-05 13:00:00,7150.0
2019-07-05 13:15:00,7147.9
2019-07-05 13:30:00,7143.6
2019-07-05 13:45:00,7133.9
2019-07-05 14:00:00,7130.1
2019-07-05 14:15:00,7121.4
2019-07-05 14:30:00,7112.7
2019-07-05 14:45:00,7103.3
2019-07-05 15:00:00,7102.0
2019-07-05 15:15:00,7097.5
2019-07-05 15:30:00,7094.9
2019-07-05 15:45:00,7093.4
2019-07-05 16:00:00,7090.5
2019-07-05 16:15:00,7082.7
2019-07-05 16:30:00,7085.9
2019-07-05 16:45:00,7081.7
2019-07-05 17:00:00,7083.5
2019-07-05 17:15:00,7073.6
2019-07-05 17:30:00,7069.7
2019-07-05 17:45:00,7069.0
2019-07-05 18:00:00,7059.5
2019-07-05 18:15:00,7045.3
2019-07-05 18:30:00,7039.3
2019-07-05 18:45:00,7031.5
2019-07-05 19:00:00,7010.5
2019-07-05 19:15:00,6999.6
2019-07-05 19:30:00,6984.8
2019-07-05 19:45:00,6978.2
2019-07-05 20:00:00,6965.2
2019-07-05 20:15:00,6959.9
2019-07-05 20:30:00,6948.5
2019-07-05 20:45:00,6944.2
2019-07-05 21:00:00,6938.0
2019-07-05 21:15:00,6929.9
2019-07-05 21:30:00,6921.1
2019-07-05 21:45:00,6905.0
2019-07-05 22:00:00,6883.0
2019-07-05 22:15:00,6870.8
2019-07-05 22:30:00,6855.4
2019-07-05 22:45:00,6842.7
2019-07-05 23:00:00,6830.0
2019-07-05 23:15:00,6821.0
2019-07-05 23:30:00,6812.2
2019-07-05 23:45:00,6802.2
2019-07-06 00:00:00,6788.1
2019-07-06 00:15:00,6779.5
2019-07-06 00:30:00,6769.8
2019-07-06 00:45:00,6763.4
2019-07-06 01:00:00,6751.8
2019-07-06 01:15:00,6743.5
2019-07-06 01:30:00,6740.1
2019-07-06 01:45:00,6743.2
2019-07-06 02:00:00,6739.2
2019-07-06 02:15:00,6737.2
2019-07-06 02:30:00,6731.8
2019-07-06 02:45:00,6731.1
2019-07-06 03:00:00,6730.0
2019-07-06 03:15:00,6728.2
2019-07-06 03:30:00,6734.4
2019-07-06 03:45:00,6728.3
2019-07-06 04:00:00,6733.8
2019-07-06 04:15:00,6727.6
2019-07-06 04:30:00,6727.3
2019-07-06 04:45:00,6730.5
2019-07-06 05:00:00,6745.8
2019-07-06 05:15:00,6757.2
2019-07-06 05:30:00,6763.4
2019-07-06 05:45:00,6774.9
2019-07-06 06:00:00,6791.9
2019-07-06 06:15:00,6806.4
2019-07-06 06:30:00,6823.4
2019-07-06 06:45:00,6841.5
2019-07-06 07:00:00,6861.5
2019-07-06 07:15:00,6877.3
2019-07-06 07:30:00,6893.5
2019-07-06 07:45:00,6907.7
2019-07-06 08:00:00,6920.2
2019-07-06 08:15:00,6935.4
2019-07-06 08:30:00,6952.1
2019-07-06 08:45:00,6961.1
2019-07-06 09:00:00,6964.4
2019-07-06 09:15:00,6971.8
2019-07-06 09:30:00,6980.5
2019-07-06 09:45:00,6982.6
2019-07-06 10:00:00,6986.7
2019-07-06 10:15:00,6991.6
2019-07-06 10:30:00,6993.3
2019-07-06 10:45:00,6992.1
2019-07-06 11:00:00,6991.6
2019-07-06 11:15:00,6990.5
2019-07-06 11:30:00,6989.5
2019-07-06 11:45:00,6981.5
2019-07-06 12:00:00,6975.1
2019-07-06 12:15:00,6970.1
2019-07-06 12:30:00,6972.0
2019-07-06 12:45:00,6965.7
2019-07-06 13:00:00,6958.0
2019-07-06 13:15:00,6955.4
2019-07-06 13:30:00,6950.8
2019-07-06 13:45:00,6944.0
2019-07-06 14:00:00,6939.9
2019-07-06 14:15:00,6939.6
2019-07-06 14:30:00,6934.7
2019-07-06 14:45:00,6932.6
2019-07-06 15:00:00,6933.2
2019-07-06 15:15:00,6926.9
2019-07-06 15:30:00,6919.3
2019-07-06 15:45:00,6925.5
2019-07-06 16:00:00,6926.5
2019-07-06 16:15:00,6922.7
2019-07-06 16:30:00,6922.0
2019-07-06 16:45:00,6925.0
2019-07-06 17:00:00,6930.0
2019-07-06 17:15:00,6920.8
2019-07-06 17:30:00,6926.8
2019-07-06 17:45:00,6930.2
2019-07-06 18:00:00,6930.5
2019-07-06 18:15:00,6921.4
2019-07-06 18:30:00,6912.7
2019-07-06 18:45:00,6908.3
2019-07-06 19:00:00,6893.9
2019-07-06 19:15:00,6881.1
2019-07-06 19:30:00,6869.3
2019-07-06 19:45:00,6863.6
2019-07-06 20:00:00,6859.4
2019-07-06 20:15:00,6853.8
2019-07-06 20:30:00,6849.7
2019-07-06 20:45:00,6851.8
2019-07-06 21:00:00,6855.8
2019-07-06 21:15:00,6851.4
2019-07-06 21:30:00,6833.8
2019-07-06 21:45:00,6827.0
2019-07-06 22:00:00,6808.1
2019-07-06 22:15:00,6799.9
2019-07-06 22:30:00,6789.0
2019-07-06 22:45:00,6776.3
2019-07-06 23:00:00,6759.7
2019-07-06 23:15:00,6750.9
2019-07-06 23:30:00,6739.9
2019-07-06 23:45:00,6732.9
2019-07-07 00:00:00,6726.3
2019-07-07 00:15:00,6719.5
2019-07-07 00:30:00,6707.4
2019-07-07 00:45:00,6702.1
2019-07-07 01:00:00,6697.4
2019-07-07 01:15:00,6694.9
2019-07-07 01:30:00,6692.0
2019-07-07 01:45:00,6690.9
2019-07-07 02:00:00,6688.0
2019-07-07 02:15:00,6684.2
2019-07-07 02:30:00,6682.4
2019-07-07 02:45:00,6679.9
2019-07-07 03:00:00,6677.5
2019-07-07 03:15:00,6676.3
2019-07-07 03:30:00,6685.1
2019-07-07 03:45:00,6680.3
2019-07-07 04:00:00,6681.1
2019-07-07 04:15:00,6672.3
2019-07-07 04:30:00,6672.7
2019-07-07 04:45:00,6673.2
2019-07-07 05:00:00,6683.6
2019-07-07 05:15:00,6691.3
2019-07-07 05:30:00,6699.5
2019-07-07 05:45:00,6708.1
2019-07-07 06:00:00,6712.3
2019-07-07 06:15:00,6721.1
2019-07-07 06:30:00,6734.9
2019-07-07 06:45:00,6750.6
2019-07-07 07:00:00,6760.5
2019-07-07 07:15:00,6772.9
2019-07-07 07:30:00,6784.2
2019-07-07 07:45:00,6793.5
2019-07-07 08:00:00,6817.5
2019-07-07 08:15:00,6825.9
2019-07-07 08:30:00,6831.8
2019-07-07 08:45:00,6844.5
2019-07-07 09:00:00,6852.1
2019-07-07 09:15:00,6862.8
2019-07-07 09:30:00,6869.0
2019-07-07 09:45:00,6878.1
2019-07-07 10:00:00,6884.2
2019-07-07 10:15:00,6892.4
2019-07-07 10:30:00,6899.7
2019-07-07 10:45:00,6901.1
2019-07-07 11:00:00,6907.2
2019-07-07 11:15:00,6905.1
2019-07-07 11:30:00,6905.4
2019-07-07 11:45:00,6900.6
2019-07-07 12:00:00,6889.8
2019-07-07 12:15:00,6876.3
2019-07-07 12:30:00,6871.8
2019-07-07 12:45:00,6867.5
2019-07-07 13:00:00,6869.5
2019-07-07 13:15:00,6866.3
2019-07-07 13:30:00,6862.6
2019-07-07 13:45:00,6856.1
2019-07-07 14:00:00,6852.1
2019-07-07 14:15:00,6854.8
2019-07-07 14:30:00,6849.5
2019-07-07 14:45:00,6845.0
2019-07-07 15:00:00,6851.4
2019-07-07 15:15:00,6851.5
2019-07-07 15:30:00,6847.6
2019-07-07 15:45:00,6854.5
2019-07-07 16:00:00,6862.8
2019-07-07 16:15:00,6866.8
2019-07-07 16:30:00,6861.1
2019-07-07 16:45:00,6862.8
2019-07-07 17:00:00,6865.4
2019-07-07 17:15:00,6860.1
2019-07-07 17:30:00,6862.6
2019-07-07 17:45:00,6861.1
2019-07-07 18:00:00,6866.3
2019-07-07 18:15:00,6864.5
2019-07-07 18:30:00,6858.6
2019-07-07 18:45:00,6848.6
2019-07-07 19:00:00,6852.4
2019-07-07 19:15:00,6848.1
2019-07-07 19:30:00,6841.7
2019-07-07 19:45:00,6832.0
2019-07-07 20:00:00,6827.6
2019-07-07 20:15:00,6823.8
2019-07-07 20:30:00,6828.0
2019-07-07 20:45:00,6837.7
2019-07-07 21:00:00,6843.2
2019-07-07 21:15:00,6840.5
2019-07-07 21:30:00,6830.2
2019-07-07 21:45:00,6817.5
2019-07-07 22:00:00,6801.2
2019-07-07 22:15:00,6789.8
2019-07-07 22:30:00,6780.0
2019-07-07 22:45:00,6777.4
2019-07-07 23:00:00,6768.4
2019-07-07 23:15:00,6756.6
2019-07-07 23:30:00,6755.0
2019-07-07 23:45:00,6749.6
2019-07-08 00:00:00,6737.7
2019-07-08 00:15:00,6731.8
2019-07-08 00:30:00,6725.5
2019-07-08 00:45:00,6721.1
2019-07-08 01:00:00,6707.2
2019-07-08 01:15:00,6706.5
2019-07-08 01:30:00,6707.2
2019-07-08 01:45:00,6708.5
2019-07-08 02:00:00,6709.7
2019-07-08 02:15:00,6711.7
2019-07-08 02:30:00,6713.6
2019-07-08 02:45:00,6715.6
2019-07-08 03:00:00,6722.2
2019-07-08 03:15:00,6728.0
2019-07-08 03:30:00,6737.9
2019-07-08 03:45:00,6746.2
2019-07-08 04:00:00,6772.4
2019-07-08 04:15:00,6778.5
2019-07-08 04:30:00,6793.9
2019-07-08 04:45:00,6826.6
2019-07-08 05:00:00,6881.9
2019-07-08 05:15:00,6920.7
2019-07-08 05:30:00,6948.4
2019-07-08 05:45:00,6976.0
2019-07-08 06:00:00,7013.6
2019-07-08 06:15:00,7033.7
2019-07-08 06:30:00,7050.8
2019-07-08 06:45:00,7061.6
2019-07-08 07:00:00,7074.0
2019-07-08 07:15:00,7084.6
2019-07-08 07:30:00,7091.0
2019-07-08 07:45:00,7100.3
2019-07-08 08:00:00,7100.1
2019-07-08 08:15:00,7110.2
2019-07-08 08:30:00,7119.8
2019-07-08 08:45:00,7133.7
2019-07-08 09:00:00,7141.4
2019-07-08 09:15:00,7149.1
2019-07-08 09:30:00,7153.9
2019-07-08 09:45:00,7163.1
2019-07-08 10:00:00,7164.4
2019-07-08 10:15:00,7170.5
2019-07-08 10:30:00,7176.0
2019-07-08 10:45:00,7180.8
2019-07-08 11:00:00,7178.2
2019-07-08 11:15:00,7177.4
2019-07-08 11:30:00,7178.9
2019-07-08 11:45:00,7181.7
2019-07-08 12:00:00,7179.0
2019-07-08 12:15:00,7172.5
2019-07-08 12:30:00,7168.3
2019-07-08 12:45:00,7155.2
2019-07-08 13:00:00,7151.3
2019-07-08 13:15:00,7150.5
2019-07-08 13:30:00,7147.1
2019-07-08 13:45:00,7137.5
2019-07-08 14:00:00,7138.5
2019-07-08 14:15:00,7131.4
2019-07-08 14:30:00,7122.8
2019-07-08 14:45:00,7113.5
2019-07-08 15:00:00,7112.1
2019-07-08 15:15:00,7100.9
2019-07-08 15:30:00,7096.5
2019-07-08 15:45:00,7095.3
2019-07-08 16:00:00,7099.6
2019-07-08 16:15:00,7094.3
2019-07-08 16:30:00,7094.7
2019-07-08 16:45:00,7097.0
2019-07-08 17:00:00,7088.2
2019-07-08 17:15:00,7082.0
2019-07-08 17:30:00,7079.9
2019-07-08 17:45:00,7080.3
2019-07-08 18:00:00,7073.8
2019-07-08 18:15:00,7063.7
2019-07-08 18:30:00,7058.0
2019-07-08 18:45:00,7048.7
2019-07-08 19:00:00,7036.7
2019-07-08 19:15:00,7025.1
2019-07-08 19:30:00,7013.7
2019-07-08 19:45:00,7002.4
2019-07-08 20:00:00,6993.2
2019-07-08 20:15:00,6986.7
2019-07-08 20:30:00,6977.4
2019-07-08 20:45:00,6970.8
2019-07-08 21:00:00,6965.2
2019-07-08 21:15:00,6954.6
2019-07-08 21:30:00,6936.6
2019-07-08 21:45:00,6918.9
2019-07-08 22:00:00,6894.0
2019-07-08 22:15:00,6878.9
2019-07-08 22:30:00,6862.4
2019-07-08 22:45:00,6851.4
2019-07-08 23:00:00,6836.7
2019-07-08 23:15:00,6832.8
2019-07-08 23:30:00,6816.6
2019-07-08 23:45:00,6811.7
2019-07-09 00:00:00,6805.1
2019-07-09 00:15:00,6799.7
2019-07-09 00:30:00,6794.2
2019-07-09 00:45:00,6790.1
2019-07-09 01:00:00,6789.2
2019-07-09 01:15:00,6790.3
2019-07-09 01:30:00,6784.3
2019-07-09 01:45:00,6784.0
2019-07-09 02:00:00,6785.5
2019-07-09 02:15:00,6789.4
2019-07-09 02:30:00,6790.2
2019-07-09 02:45:00,6789.5
2019-07-09 03:00:00,6793.5
2019-07-09 03:15:00,6799.7
2019-07-09 03:30:00,6804.8
2019-07-09 03:45:00,6812.6
2019-07-09 04:00:00,6821.2
2019-07-09 04:15:00,6828.0
2019-07-09 04:30:00,6847.3
2019-07-09 04:45:00,6869.5
2019-07-09 05:00:00,6918.5
2019-07-09 05:15:00,6952.3
2019-07-09 05:30:00,6983.5
2019-07-09 05:45:00,7006.3
2019-07-09 06:00:00,7030.9
2019-07-09 06:15:00,7049.9
2019-07-09 06:30:00,7073.7
2019-07-09 06:45:00,7082.7
2019-07-09 07:00:00,7085.8
2019-07-09 07:15:00,7095.6
2019-07-09 07:30:00,7102.4
2019-07-09 07:45:00,7108.6
2019-07-09 08:00:00,7106.5
2019-07-09 08:15:00,7114.6
2019-07-09 08:30:00,7121.9
2019-07-09 08:45:00,7127.1
2019-07-09 09:00:00,7136.5
2019-07-09 09:15:00,7145.1
2019-07-09 09:30:00,7150.1
2019-07-09 09:45:00,7156.9
2019-07-09 10:00:00,7175.9
2019-07-09 10:15:00,7180.5
2019-07-09 10:30:00,7183.2
2019-07-09 10:45:00,7180.5
2019-07-09 11:00:00,7167.7
2019-07-09 11:15:00,7165.8
2019-07-09 11:30:00,7164.5
2019-07-09 11:45:00,7164.8
2019-07-09 12:00:00,7164.4
2019-07-09 12:15:00,7164.6
2019-07-09 12:30:00,7156.7
2019-07-09 12:45:00,7149.4
2019-07-09 13:00:00,7149.4
2019-07-09 13:15:00,7147.9
2019-07-09 13:30:00,7140.8
2019-07-09 13:45:00,7138.2
2019-07-09 14:00:00,7133.9
2019-07-09 14:15:00,7126.4
2019-07-09 14:30:00,7122.0
2019-07-09 14:45:00,7111.5
2019-07-09 15:00:00,7107.1
2019-07-09 15:15:00,7099.8
2019-07-09 15:30:00,7101.3
2019-07-09 15:45:00,7096.2
2019-07-09 16:00:00,7093.9
2019-07-09 16:15:00,7094.5
2019-07-09 16:30:00,7093.4
2019-07-09 16:45:00,7095.5
2019-07-09 17:00:00,7085.2
2019-07-09 17:15:00,7081.1
2019-07-09 17:30:00,7085.1
2019-07-09 17:45:00,7086.7
2019-07-09 18:00:00,7080.5
2019-07-09 18:15:00,7069.6
2019-07-09 18:30:00,7066.3
2019-07-09 18:45:00,7059.3
2019-07-09 19:00:00,7047.0
2019-07-09 19:15:00,7027.3
2019-07-09 19:30:00,7018.1
2019-07-09 19:45:00,7009.3
2019-07-09 20:00:00,6996.4
2019-07-09 20:15:00,6985.4
2019-07-09 20:30:00,6979.5
2019-07-09 20:45:00,6976.4
2019-07-09 21:00:00,6969.3
2019-07-09 21:15:00,6954.0
2019-07-09 21:30:00,6935.6
2019-07-09 21:45:00,6918.7
2019-07-09 22:00:00,6903.1
2019-07-09 22:15:00,6883.3
2019-07-09 22:30:00,6872.5
2019-07-09 22:45:00,6857.9
2019-07-09 23:00:00,6841.1
2019-07-09 23:15:00,6832.9
2019-07-09 23:30:00,6821.6
2019-07-09 23:45:00,6817.6
2019-07-10 00:00:00,6805.7
2019-07-10 00:15:00,6801.8
2019-07-10 00:30:00,6792.8
2019-07-10 00:45:00,6787.1
2019-07-10 01:00:00,6778.5
2019-07-10 01:15:00,6778.0
2019-07-10 01:30:00,6774.2
2019-07-10 01:45:00,6777.2
2019-07-10 02:00:00,6780.1
2019-07-10 02:15:00,6780.3
2019-07-10 02:30:00,6780.8
2019-07-10 02:45:00,6783.2
2019-07-10 03:00:00,6789.8
2019-07-10 03:15:00,6794.2
2019-07-10 03:30:00,6798.1
2019-07-10 03:45:00,6806.8
2019-07-10 04:00:00,6820.5
2019-07-10 04:15:00,6828.7
2019-07-10 04:30:00,6839.8
2019-07-10 04:45:00,6862.9
2019-07-10 05:00:00,6916.5
2019-07-10 05:15:00,6948.5
2019-07-10 05:30:00,6973.8
2019-07-10 05:45:00,6996.6
2019-07-10 06:00:00,7027.3
2019-07-10 06:15:00,7046.2
2019-07-10 06:30:00,7061.9
2019-07-10 06:45:00,7077.9
2019-07-10 07:00:00,7086.2
2019-07-10 07:15:00,7089.1
2019-07-10 07:30:00,7095.7
2019-07-10 07:45:00,7098.6
2019-07-10 08:00:00,7095.9
2019-07-10 08:15:00,7100.1
2019-07-10 08:30:00,7112.1
2019-07-10 08:45:00,7123.4
2019-07-10 09:00:00,7122.9
2019-07-10 09:15:00,7124.7
2019-07-10 09:30:00,7132.4
2019-07-10 09:45:00,7142.8
2019-07-10 10:00:00,7148.8
2019-07-10 10:15:00,7160.6
2019-07-10 10:30:00,7169.8
2019-07-10 10:45:00,7171.5
2019-07-10 11:00:00,7162.7
2019-07-10 11:15:00,7158.3
2019-07-10 11:30:00,7162.6
2019-07-10 11:45:00,7160.4
2019-07-10 12:00:00,7158.9
2019-07-10 12:15:00,7159.9
2019-07-10 12:30:00,7156.7
2019-07-10 12:45:00,7150.7
2019-07-10 13:00:00,7145.3
2019-07-10 13:15:00,7146.1
2019-07-10 13:30:00,7140.7
2019-07-10 13:45:00,7139.0
2019-07-10 14:00:00,7137.3
2019-07-10 14:15:00,7131.1
2019-07-10 14:30:00,7121.1
2019-07-10 14:45:00,7110.2
2019-07-10 15:00:00,7105.0
2019-07-10 15:15:00,7096.0
2019-07-10 15:30:00,7091.3
2019-07-10 15:45:00,7085.7
2019-07-10 16:00:00,7085.9
2019-07-10 16:15:00,7084.2
2019-07-10 16:30:00,7088.9
2019-07-10 16:45:00,7089.8
2019-07-10 17:00:00,7089.1
2019-07-10 17:15:00,7085.7
2019-07-10 17:30:00,7085.5
2019-07-10 17:45:00,7088.0
2019-07-10 18:00:00,7087.0
2019-07-10 18:15:00,7073.0
2019-07-10 18:30:00,7067.2
2019-07-10 18:45:00,7059.3
2019-07-10 19:00:00,7044.7
2019-07-10 19:15:00,7027.6
2019-07-10 19:30:00,7015.9
2019-07-10 19:45:00,7004.3
2019-07-10 20:00:00,6997.8
2019-07-10 20:15:00,6988.2
2019-07-10 20:30:00,6981.8
2019-07-10 20:45:00,6981.3
2019-07-10 21:00:00,6966.2
2019-07-10 21:15:00,6954.1
2019-07-10 21:30:00,6933.7
2019-07-10 21:45:00,6916.3
2019-07-10 22:00:00,6892.1
2019-07-10 22:15:00,6871.6
2019-07-10 22:30:00,6859.0
2019-07-10 22:45:00,6849.3
2019-07-10 23:00:00,6835.1
2019-07-10 23:15:00,6825.9
2019-07-10 23:30:00,6821.8
2019-07-10 23:45:00,6815.9
2019-07-11 00:00:00,6807.1
2019-07-11 00:15:00,6800.3
2019-07-11 00:30:00,6793.5
2019-07-11 00:45:00,6790.8
2019-07-11 01:00:00,6778.2
2019-07-11 01:15:00,6778.0
2019-07-11 01:30:00,6774.6
2019-07-11 01:45:00,6775.1
2019-07-11 02:00:00,6779.4
2019-07-11 02:15:00,6779.9
2019-07-11 02:30:00,6776.3
2019-07-11 02:45:00,6778.7
2019-07-11 03:00:00,6785.1
2019-07-11 03:15:00,6790.3
2019-07-11 03:30:00,6798.7
2019-07-11 03:45:00,6802.2
2019-07-11 04:00:00,6824.6
2019-07-11 04:15:00,6830.5
2019-07-11 04:30:00,6842.6
2019-07-11 04:45:00,6864.1
2019-07-11 05:00:00,6912.5
2019-07-11 05:15:00,6942.2
2019-07-11 05:30:00,6969.6
2019-07-11 05:45:00,6994.6
2019-07-11 06:00:00,7023.8
2019-07-11 06:15:00,7044.6
2019-07-11 06:30:00,7060.8
2019-07-11 06:45:00,7075.4
2019-07-11 07:00:00,7096.2
2019-07-11 07:15:00,7104.3
2019-07-11 07:30:00,7109.7
2019-07-11 07:45:00,7113.9
2019-07-11 08:00:00,7111.8
2019-07-11 08:15:00,7120.7
2019-07-11 08:30:00,7132.3
2019-07-11 08:45:00,7143.1
2019-07-11 09:00:00,7146.6
2019-07-11 09:15:00,7149.1
2019-07-11 09:30:00,7158.6
2019-07-11 09:45:00,7164.6
2019-07-11 10:00:00,7174.3
2019-07-11 10:15:00,7179.6
2019-07-11 10:30:00,7182.8
2019-07-11 10:45:00,7180.1
2019-07-11 11:00:00,7172.9
2019-07-11 11:15:00,7168.9
2019-07-11 11:30:00,7168.9
2019-07-11 11:45:00,7166.3
2019-07-11 12:00:00,7165.5
2019-07-11 12:15:00,7160.6
2019-07-11 12:30:00,7154.9
2019-07-11 12:45:00,7143.9
2019-07-11 13:00:00,7138.9
2019-07-11 13:15:00,7132.8
2019-07-11 13:30:00,7125.2
2019-07-11 13:45:00,7119.4
2019-07-11 14:00:00,7117.9
2019-07-11 14:15:00,7111.6
2019-07-11 14:30:00,7106.7
2019-07-11 14:45:00,7100.3
2019-07-11 15:00:00,7098.8
2019-07-11 15:15:00,7093.5
2019-07-11 15:30:00,7089.3
2019-07-11 15:45:00,7085.2
2019-07-11 16:00:00,7091.5
2019-07-11 16:15:00,7087.3
2019-07-11 16:30:00,7085.9
2019-07-11 16:45:00,7087.8
2019-07-11 17:00:00,7083.3
2019-07-11 17:15:00,7077.3
2019-07-11 17:30:00,7078.1
2019-07-11 17:45:00,7080.4
2019-07-11 18:00:00,7079.2
2019-07-11 18:15:00,7068.3
2019-07-11 18:30:00,7059.9
2019-07-11 18:45:00,7053.2
2019-07-11 19:00:00,7041.5
2019-07-11 19:15:00,7029.3
2019-07-11 19:30:00,7017.4
2019-07-11 19:45:00,7004.7
2019-07-11 20:00:00,6994.8
2019-07-11 20:15:00,6987.6
2019-07-11 20:30:00,6975.6
2019-07-11 20:45:00,6967.4
2019-07-11 21:00:00,6956.0
2019-07-11 21:15:00,6943.8
2019-07-11 21:30:00,6925.0
2019-07-11 21:45:00,6906.7
2019-07-11 22:00:00,6889.4
2019-07-11 22:15:00,6872.0
2019-07-11 22:30:00,6858.3
2019-07-11 22:45:00,6843.5
2019-07-11 23:00:00,6828.0
2019-07-11 23:15:00,6820.0
2019-07-11 23:30:00,6814.7
2019-07-11 23:45:00,6807.2
2019-07-12 00:00:00,6799.9
2019-07-12 00:15:00,6793.5
2019-07-12 00:30:00,6786.0
2019-07-12 00:45:00,6785.1
2019-07-12 01:00:00,6776.6
2019-07-12 01:15:00,6774.2
2019-07-12 01:30:00,6771.6
2019-07-12 01:45:00,6770.2
2019-07-12 02:00:00,6779.2
2019-07-12 02:15:00,6776.4
2019-07-12 02:30:00,6775.1
2019-07-12 02:45:00,6776.3
2019-07-12 03:00:00,6789.2
2019-07-12 03:15:00,6793.7
2019-07-12 03:30:00,6798.0
2019-07-12 03:45:00,6804.9
2019-07-12 04:00:00,6825.0
2019-07-12 04:15:00,6833.4
2019-07-12 04:30:00,6843.3
2019-07-12 04:45:00,6867.8
2019-07-12 05:00:00,6915.8
2019-07-12 05:15:00,6950.4
2019-07-12 05:30:00,6979.0
2019-07-12 05:45:00,7001.6
2019-07-12 06:00:00,7033.1
2019-07-12 06:15:00,7047.2
2019-07-12 06:30:00,7067.4
2019-07-12 06:45:00,7082.4
2019-07-12 07:00:00,7101.9
2019-07-12 07:15:00,7116.6
2019-07-12 07:30:00,7123.7
2019-07-12 07:45:00,7136.6
2019-07-12 08:00:00,7133.8
2019-07-12 08:15:00,7137.8
2019-07-12 08:30:00,7150.1
2019-07-12 08:45:00,7157.7
2019-07-12 09:00:00,7160.8
2019-07-12 09:15:00,7167.8
2019-07-12 09:30:00,7172.9
2019-07-12 09:45:00,7177.7
2019-07-12 10:00:00,7178.3
2019-07-12 10:15:00,7180.3
2019-07-12 10:30:00,7185.3
2019-07-12 10:45:00,7182.4
2019-07-12 11:00:00,7170.5
2019-07-12 11:15:00,7161.0
2019-07-12 11:30:00,7156.9
2019-07-12 11:45:00,7150.6
2019-07-12 12:00:00,7143.2
2019-07-12 12:15:00,7134.0
2019-07-12 12:30:00,7128.4
2019-07-12 12:45:00,7116.4
2019-07-12 13:00:00,7111.9
2019-07-12 13:15:00,7108.6
2019-07-12 13:30:00,7108.4
2019-07-12 13:45:00,7101.1
2019-07-12 14:00:00,7101.8
2019-07-12 14:15:00,7100.4
2019-07-12 14:30:00,7094.9
2019-07-12 14:45:00,7087.7
2019-07-12 15:00:00,7087.2
2019-07-12 15:15:00,7081.2
2019-07-12 15:30:00,7075.8
2019-07-12 15:45:00,7069.0
2019-07-12 16:00:00,7071.5
2019-07-12 16:15:00,7067.0
2019-07-12 16:30:00,7065.3
2019-07-12 16:45:00,7068.1
2019-07-12 17:00:00,7064.9
2019-07-12 17:15:00,7054.7
2019-07-12 17:30:00,7050.9
2019-07-12 17:45:00,7047.9
2019-07-12 18:00:00,7045.3
2019-07-12 18:15:00,7030.1
2019-07-12 18:30:00,7023.2
2019-07-12 18:45:00,7015.4
2019-07-12 19:00:00,7000.0
2019-07-12 19:15:00,6984.1
2019-07-12 19:30:00,6968.3
2019-07-12 19:45:00,6958.6
2019-07-12 20:00:00,6949.5
2019-07-12 20:15:00,6941.6
2019-07-12 20:30:00,6934.5
2019-07-12 20:45:00,6926.6
2019-07-12 21:00:00,6914.7
2019-07-12 21:15:00,6902.8
2019-07-12 21:30:00,6884.3
2019-07-12 21:45:00,6869.0
2019-07-12 22:00:00,6853.6
2019-07-12 22:15:00,6846.5
2019-07-12 22:30:00,6835.3
2019-07-12 22:45:00,6822.9
2019-07-12 23:00:00,6806.4
2019-07-12 23:15:00,6796.6
2019-07-12 23:30:00,6788.1
2019-07-12 23:45:00,6779.0
2019-07-13 00:00:00,6765.6
2019-07-13 00:15:00,6755.8
2019-07-13 00:30:00,6748.6
2019-07-13 00:45:00,6747.4
2019-07-13 01:00:00,6733.1
2019-07-13 01:15:00,6732.5
2019-07-13 01:30:00,6727.4
2019-07-13 01:45:00,6730.1
2019-07-13 02:00:00,6731.0
2019-07-13 02:15:00,6727.6
2019-07-13 02:30:00,6722.8
2019-07-13 02:45:00,6725.4
2019-07-13 03:00:00,6725.8
2019-07-13 03:15:00,6725.2
2019-07-13 03:30:00,6723.4
2019-07-13 03:45:00,6725.4
2019-07-13 04:00:00,6731.8
2019-07-13 04:15:00,6728.0
2019-07-13 04:30:00,6720.9
2019-07-13 04:45:00,6728.0
2019-07-13 05:00:00,6739.7
2019-07-13 05:15:00,6752.8
2019-07-13 05:30:00,6762.3
2019-07-13 05:45:00,6774.8
2019-07-13 06:00:00,6789.8
2019-07-13 06:15:00,6801.1
2019-07-13 06:30:00,6816.2
2019-07-13 06:45:00,6832.1
2019-07-13 07:00:00,6848.7
2019-07-13 07:15:00,6863.5
2019-07-13 07:30:00,6877.1
2019-07-13 07:45:00,6889.9
2019-07-13 08:00:00,6908.7
2019-07-13 08:15:00,6918.5
2019-07-13 08:30:00,6927.1
2019-07-13 08:45:00,6937.3
2019-07-13 09:00:00,6948.7
2019-07-13 09:15:00,6955.6
2019-07-13 09:30:00,6962.0
2019-07-13 09:45:00,6966.9
2019-07-13 10:00:00,6968.3
2019-07-13 10:15:00,6978.5
2019-07-13 10:30:00,6983.8
2019-07-13 10:45:00,6978.5
2019-07-13 11:00:00,6968.1
2019-07-13 11:15:00,6961.1
2019-07-13 11:30:00,6955.8
2019-07-13 11:45:00,6947.9
2019-07-13 12:00:00,6936.9
2019-07-13 12:15:00,6931.5
2019-07-13 12:30:00,6934.7
2019-07-13 12:45:00,6924.9
2019-07-13 13:00:00,6912.4
2019-07-13 13:15:00,6910.0
2019-07-13 13:30:00,6904.5
2019-07-13 13:45:00,6898.1
2019-07-13 14:00:00,6899.3
2019-07-13 14:15:00,6899.9
2019-07-13 14:30:00,6895.9
2019-07-13 14:45:00,6894.2
2019-07-13 15:00:00,6897.8
2019-07-13 15:15:00,6890.9
2019-07-13 15:30:00,6885.2
2019-07-13 15:45:00,6886.7
2019-07-13 16:00:00,6902.1
2019-07-13 16:15:00,6902.7
2019-07-13 16:30:00,6900.6
2019-07-13 16:45:00,6898.9
2019-07-13 17:00:00,6901.2
2019-07-13 17:15:00,6901.0
2019-07-13 17:30:00,6896.7
2019-07-13 17:45:00,6892.3
2019-07-13 18:00:00,6890.5
2019-07-13 18:15:00,6880.4
2019-07-13 18:30:00,6878.1
2019-07-13 18:45:00,6874.1
2019-07-13 19:00:00,6860.9
2019-07-13 19:15:00,6847.4
2019-07-13 19:30:00,6835.3
2019-07-13 19:45:00,6826.7
2019-07-13 20:00:00,6824.2
2019-07-13 20:15:00,6820.1
2019-07-13 20:30:00,6818.1
2019-07-13 20:45:00,6818.2
2019-07-13 21:00:00,6814.9
2019-07-13 21:15:00,6807.0
2019-07-13 21:30:00,6791.5
2019-07-13 21:45:00,6783.2
2019-07-13 22:00:00,6769.5
2019-07-13 22:15:00,6758.5
2019-07-13 22:30:00,6747.4
2019-07-13 22:45:00,6735.2
2019-07-13 23:00:00,6725.2
2019-07-13 23:15:00,6715.8
2019-07-13 23:30:00,6705.9
2019-07-13 23:45:00,6697.7
2019-07-14 00:00:00,6687.0
2019-07-14 00:15:00,6680.9
2019-07-14 00:30:00,6675.0
2019-07-14 00:45:00,6670.2
2019-07-14 01:00:00,6660.7
2019-07-14 01:15:00,6658.0
2019-07-14 01:30:00,6654.8
2019-07-14 01:45:00,6650.2
2019-07-14 02:00:00,6650.2
2019-07-14 02:15:00,6649.3
2019-07-14 02:30:00,6649.5
2019-07-14 02:45:00,6647.1
2019-07-14 03:00:00,6645.8
2019-07-14 03:15:00,6646.3
2019-07-14 03:30:00,6648.9
2019-07-14 03:45:00,6634.1
2019-07-14 04:00:00,6639.0
2019-07-14 04:15:00,6645.1
2019-07-14 04:30:00,6640.2
2019-07-14 04:45:00,6644.9
2019-07-14 05:00:00,6651.8
2019-07-14 05:15:00,6653.9
2019-07-14 05:30:00,6660.7
2019-07-14 05:45:00,6666.4
2019-07-14 06:00:00,6670.8
2019-07-14 06:15:00,6679.0
2019-07-14 06:30:00,6690.7
2019-07-14 06:45:00,6697.9
2019-07-14 07:00:00,6712.8
2019-07-14 07:15:00,6729.2
2019-07-14 07:30:00,6743.0
2019-07-14 07:45:00,6754.6
2019-07-14 08:00:00,6766.2
2019-07-14 08:15:00,6779.9
2019-07-14 08:30:00,6794.8
2019-07-14 08:45:00,6803.5
2019-07-14 09:00:00,6818.4
2019-07-14 09:15:00,6824.0
2019-07-14 09:30:00,6833.1
2019-07-14 09:45:00,6845.6
2019-07-14 10:00:00,6856.7
2019-07-14 10:15:00,6865.8
2019-07-14 10:30:00,6873.7
2019-07-14 10:45:00,6874.4
2019-07-14 11:00:00,6872.6
2019-07-14 11:15:00,6864.7
2019-07-14 11:30:00,6859.3
2019-07-14 11:45:00,6854.9
2019-07-14 12:00:00,6849.3
2019-07-14 12:15:00,6839.3
2019-07-14 12:30:00,6838.4
2019-07-14 12:45:00,6831.0
2019-07-14 13:00:00,6823.8
2019-07-14 13:15:00,6820.4
2019-07-14 13:30:00,6822.6
2019-07-14 13:45:00,6821.3
2019-07-14 14:00:00,6817.8
2019-07-14 14:15:00,6814.1
2019-07-14 14:30:00,6810.9
2019-07-14 14:45:00,6811.0
2019-07-14 15:00:00,6807.1
2019-07-14 15:15:00,6808.5
2019-07-14 15:30:00,6815.3
2019-07-14 15:45:00,6818.4
2019-07-14 16:00:00,6825.7
2019-07-14 16:15:00,6819.2
2019-07-14 16:30:00,6822.1
2019-07-14 16:45:00,6828.5
2019-07-14 17:00:00,6834.5
2019-07-14 17:15:00,6836.8
2019-07-14 17:30:00,6838.2
2019-07-14 17:45:00,6844.0
2019-07-14 18:00:00,6840.7
2019-07-14 18:15:00,6834.0
2019-07-14 18:30:00,6831.3
2019-07-14 18:45:00,6830.8
2019-07-14 19:00:00,6830.8
2019-07-14 19:15:00,6826.9
2019-07-14 19:30:00,6819.9
2019-07-14 19:45:00,6812.8
2019-07-14 20:00:00,6814.9
2019-07-14 20:15:00,6811.4
2019-07-14 20:30:00,6814.8
2019-07-14 20:45:00,6826.1
2019-07-14 21:00:00,6827.1
2019-07-14 21:15:00,6816.9
2019-07-14 21:30:00,6807.3
2019-07-14 21:45:00,6794.3
2019-07-14 22:00:00,6780.2
2019-07-14 22:15:00,6766.3
2019-07-14 22:30:00,6753.1
2019-07-14 22:45:00,6742.4
2019-07-14 23:00:00,6732.3
2019-07-14 23:15:00,6723.4
2019-07-14 23:30:00,6715.8
2019-07-14 23:45:00,6707.7
2019-07-15 00:00:00,6701.3
2019-07-15 00:15:00,6697.3
2019-07-15 00:30:00,6690.4
2019-07-15 00:45:00,6685.6
2019-07-15 01:00:00,6679.3
2019-07-15 01:15:00,6676.7
2019-07-15 01:30:00,6681.8
2019-07-15 01:45:00,6679.1
2019-07-15 02:00:00,6686.9
2019-07-15 02:15:00,6689.8
2019-07-15 02:30:00,6689.8
2019-07-15 02:45:00,6691.5
2019-07-15 03:00:00,6705.0
2019-07-15 03:15:00,6711.7
2019-07-15 03:30:00,6722.9
2019-07-15 03:45:00,6734.8
2019-07-15 04:00:00,6759.2
2019-07-15 04:15:00,6770.1
2019-07-15 04:30:00,6780.4
2019-07-15 04:45:00,6806.2
2019-07-15 05:00:00,6867.1
2019-07-15 05:15:00,6903.8
2019-07-15 05:30:00,6933.0
2019-07-15 05:45:00,6960.9
2019-07-15 06:00:00,6988.5
2019-07-15 06:15:00,7011.5
2019-07-15 06:30:00,7030.5
2019-07-15 06:45:00,7048.9
2019-07-15 07:00:00,7064.7
2019-07-15 07:15:00,7077.2
2019-07-15 07:30:00,7083.1
2019-07-15 07:45:00,7091.6
2019-07-15 08:00:00,7085.7
2019-07-15 08:15:00,7093.2
2019-07-15 08:30:00,7103.1
2019-07-15 08:45:00,7113.4
2019-07-15 09:00:00,7124.1
2019-07-15 09:15:00,7127.7
2019-07-15 09:30:00,7135.2
2019-07-15 09:45:00,7142.9
2019-07-15 10:00:00,7148.2
2019-07-15 10:15:00,7155.9
2019-07-15 10:30:00,7164.0
2019-07-15 10:45:00,7166.7
2019-07-15 11:00:00,7156.9
2019-07-15 11:15:00,7150.7
2019-07-15 11:30:00,7154.8
2019-07-15 11:45:00,7155.2
2019-07-15 12:00:00,7156.4
2019-07-15 12:15:00,7149.8
2019-07-15 12:30:00,7139.2
2019-07-15 12:45:00,7132.0
2019-07-15 13:00:00,7129.2
2019-07-15 13:15:00,7131.4
2019-07-15 13:30:00,7123.1
2019-07-15 13:45:00,7119.8
2019-07-15 14:00:00,7118.6
2019-07-15 14:15:00,7106.1
2019-07-15 14:30:00,7100.2
2019-07-15 14:45:00,7097.3
2019-07-15 15:00:00,7094.3
2019-07-15 15:15:00,7088.9
2019-07-15 15:30:00,7084.7
2019-07-15 15:45:00,7082.4
2019-07-15 16:00:00,7086.9
2019-07-15 16:15:00,7084.2
2019-07-15 16:30:00,7084.8
2019-07-15 16:45:00,7083.9
2019-07-15 17:00:00,7081.4
2019-07-15 17:15:00,7074.8
2019-07-15 17:30:00,7074.3
2019-07-15 17:45:00,7074.7
2019-07-15 18:00:00,7070.2
2019-07-15 18:15:00,7059.3
2019-07-15 18:30:00,7053.7
2019-07-15 18:45:00,7047.0
2019-07-15 19:00:00,7037.6
2019-07-15 19:15:00,7022.7
2019-07-15 19:30:00,7011.1
2019-07-15 19:45:00,6999.3
2019-07-15 20:00:00,6990.9
2019-07-15 20:15:00,6982.8
2019-07-15 20:30:00,6975.9
2019-07-15 20:45:00,6975.1
2019-07-15 21:00:00,6963.9
2019-07-15 21:15:00,6951.3
2019-07-15 21:30:00,6929.8
2019-07-15 21:45:00,6913.7
2019-07-15 22:00:00,6892.9
2019-07-15 22:15:00,6873.3
2019-07-15 22:30:00,6860.7
2019-07-15 22:45:00,6845.6
2019-07-15 23:00:00,6824.2
2019-07-15 23:15:00,6810.4
2019-07-15 23:30:00,6801.6
2019-07-15 23:45:00,6796.3
2019-07-16 00:00:00,6790.3
2019-07-16 00:15:00,6784.1
2019-07-16 00:30:00,6778.8
2019-07-16 00:45:00,6778.2
2019-07-16 01:00:00,6766.6
2019-07-16 01:15:00,6769.1
2019-07-16 01:30:00,6764.1
2019-07-16 01:45:00,6762.3
2019-07-16 02:00:00,6765.7
2019-07-16 02:15:00,6765.1
2019-07-16 02:30:00,6762.6
2019-07-16 02:45:00,6766.9
2019-07-16 03:00:00,6775.4
2019-07-16 03:15:00,6777.3
2019-07-16 03:30:00,6783.1
2019-07-16 03:45:00,6794.9
2019-07-16 04:00:00,6818.0
2019-07-16 04:15:00,6822.6
2019-07-16 04:30:00,6836.6
2019-07-16 04:45:00,6861.7
2019-07-16 05:00:00,6910.5
2019-07-16 05:15:00,6942.5
2019-07-16 05:30:00,6961.8
2019-07-16 05:45:00,6981.5
2019-07-16 06:00:00,7017.7
2019-07-16 06:15:00,7037.1
2019-07-16 06:30:00,7064.4
2019-07-16 06:45:00,7078.8
2019-07-16 07:00:00,7101.0
2019-07-16 07:15:00,7112.1
2019-07-16 07:30:00,7115.5
2019-07-16 07:45:00,7122.4
2019-07-16 08:00:00,7121.6
2019-07-16 08:15:00,7130.7
2019-07-16 08:30:00,7140.0
2019-07-16 08:45:00,7152.1
2019-07-16 09:00:00,7156.3
2019-07-16 09:15:00,7159.5
2019-07-16 09:30:00,7163.3
2019-07-16 09:45:00,7169.3
2019-07-16 10:00:00,7170.7
2019-07-16 10:15:00,7169.1
2019-07-16 10:30:00,7170.7
2019-07-16 10:45:00,7174.8
2019-07-16 11:00:00,7169.2
2019-07-16 11:15:00,7161.9
2019-07-16 11:30:00,7161.0
2019-07-16 11:45:00,7161.5
2019-07-16 12:00:00,7159.7
2019-07-16 12:15:00,7157.4
2019-07-16 12:30:00,7149.6
2019-07-16 12:45:00,7142.8
2019-07-16 13:00:00,7142.3
2019-07-16 13:15:00,7142.1
2019-07-16 13:30:00,7138.3
2019-07-16 13:45:00,7134.3
2019-07-16 14:00:00,7127.5
2019-07-16 14:15:00,7123.7
2019-07-16 14:30:00,7112.9
2019-07-16 14:45:00,7105.4
2019-07-16 15:00:00,7099.6
2019-07-16 15:15:00,7097.0
2019-07-16 15:30:00,7093.8
2019-07-16 15:45:00,7092.4
2019-07-16 16:00:00,7091.6
2019-07-16 16:15:00,7092.9
2019-07-16 16:30:00,7089.7
2019-07-16 16:45:00,7088.9
2019-07-16 17:00:00,7086.9
2019-07-16 17:15:00,7082.0
2019-07-16 17:30:00,7082.0
2019-07-16 17:45:00,7083.8
2019-07-16 18:00:00,7079.6
2019-07-16 18:15:00,7072.7
2019-07-16 18:30:00,7064.3
2019-07-16 18:45:00,7055.2
2019-07-16 19:00:00,7039.0
2019-07-16 19:15:00,7025.2
2019-07-16 19:30:00,7015.7
2019-07-16 19:45:00,7005.8
2019-07-16 20:00:00,6994.3
2019-07-16 20:15:00,6987.5
2019-07-16 20:30:00,6986.2
2019-07-16 20:45:00,6977.8
2019-07-16 21:00:00,6968.0
2019-07-16 21:15:00,6955.6
2019-07-16 21:30:00,6940.3
2019-07-16 21:45:00,6920.4
2019-07-16 22:00:00,6903.6
2019-07-16 22:15:00,6884.5
2019-07-16 22:30:00,6871.3
2019-07-16 22:45:00,6860.8
2019-07-16 23:00:00,6837.3
2019-07-16 23:15:00,6828.3
2019-07-16 23:30:00,6820.7
2019-07-16 23:45:00,6811.7
2019-07-17 00:00:00,6801.3
2019-07-17 00:15:00,6792.1
2019-07-17 00:30:00,6787.9
2019-07-17 00:45:00,6781.7
2019-07-17 01:00:00,6771.1
2019-07-17 01:15:00,6767.7
2019-07-17 01:30:00,6761.8
2019-07-17 01:45:00,6762.8
2019-07-17 02:00:00,6764.7
2019-07-17 02:15:00,6765.6
2019-07-17 02:30:00,6759.0
2019-07-17 02:45:00,6762.3
2019-07-17 03:00:00,6773.6
2019-07-17 03:15:00,6779.7
2019-07-17 03:30:00,6779.7
2019-07-17 03:45:00,6787.6
2019-07-17 04:00:00,6808.2
2019-07-17 04:15:00,6816.4
2019-07-17 04:30:00,6826.7
2019-07-17 04:45:00,6846.1
2019-07-17 05:00:00,6898.5
2019-07-17 05:15:00,6932.2
2019-07-17 05:30:00,6954.5
2019-07-17 05:45:00,6977.1
2019-07-17 06:00:00,7006.9
2019-07-17 06:15:00,7025.1
2019-07-17 06:30:00,7047.2
2019-07-17 06:45:00,7058.0
2019-07-17 07:00:00,7077.7
2019-07-17 07:15:00,7088.5
2019-07-17 07:30:00,7097.7
2019-07-17 07:45:00,7102.6
2019-07-17 08:00:00,7099.0
2019-07-17 08:15:00,7103.3
2019-07-17 08:30:00,7115.3
2019-07-17 08:45:00,7123.0
2019-07-17 09:00:00,7125.8
2019-07-17 09:15:00,7129.8
2019-07-17 09:30:00,7137.9
2019-07-17 09:45:00,7144.0
2019-07-17 10:00:00,7149.0
2019-07-17 10:15:00,7155.7
2019-07-17 10:30:00,7157.6
2019-07-17 10:45:00,7150.3
2019-07-17 11:00:00,7145.6
2019-07-17 11:15:00,7141.0
2019-07-17 11:30:00,7142.8
2019-07-17 11:45:00,7144.4
2019-07-17 12:00:00,7142.3
2019-07-17 12:15:00,7137.4
2019-07-17 12:30:00,7128.3
2019-07-17 12:45:00,7119.1
2019-07-17 13:00:00,7115.2
2019-07-17 13:15:00,7112.5
2019-07-17 13:30:00,7106.7
2019-07-17 13:45:00,7101.5
2019-07-17 14:00:00,7107.2
2019-07-17 14:15:00,7103.3
2019-07-17 14:30:00,7092.9
2019-07-17 14:45:00,7085.1
2019-07-17 15:00:00,7081.8
2019-07-17 15:15:00,7072.8
2019-07-17 15:30:00,7064.7
2019-07-17 15:45:00,7067.2
2019-07-17 16:00:00,7069.1
2019-07-17 16:15:00,7064.4
2019-07-17 16:30:00,7064.2
2019-07-17 16:45:00,7065.0
2019-07-17 17:00:00,7064.2
2019-07-17 17:15:00,7059.5
2019-07-17 17:30:00,7053.5
2019-07-17 17:45:00,7052.4
2019-07-17 18:00:00,7047.4
2019-07-17 18:15:00,7037.3
2019-07-17 18:30:00,7032.8
2019-07-17 18:45:00,7027.2
2019-07-17 19:00:00,7018.2
2019-07-17 19:15:00,7004.1
2019-07-17 19:30:00,6992.0
2019-07-17 19:45:00,6980.0
2019-07-17 20:00:00,6971.2
2019-07-17 20:15:00,6968.5
2019-07-17 20:30:00,6966.0
2019-07-17 20:45:00,6964.0
2019-07-17 21:00:00,6952.0
2019-07-17 21:15:00,6940.3
2019-07-17 21:30:00,6920.7
2019-07-17 21:45:00,6898.9
2019-07-17 22:00:00,6878.5
2019-07-17 22:15:00,6858.6
2019-07-17 22:30:00,6845.6
2019-07-17 22:45:00,6831.4
2019-07-17 23:00:00,6815.2
2019-07-17 23:15:00,6807.1
2019-07-17 23:30:00,6796.0
2019-07-17 23:45:00,6786.5
2019-07-18 00:00:00,6777.8
2019-07-18 00:15:00,6772.4
2019-07-18 00:30:00,6772.0
2019-07-18 00:45:00,6764.2
2019-07-18 01:00:00,6754.8
2019-07-18 01:15:00,6756.3
2019-07-18 01:30:00,6753.1
2019-07-18 01:45:00,6751.6
2019-07-18 02:00:00,6756.4
2019-07-18 02:15:00,6754.4
2019-07-18 02:30:00,6754.8
2019-07-18 02:45:00,6762.0
2019-07-18 03:00:00,6764.0
2019-07-18 03:15:00,6764.9
2019-07-18 03:30:00,6772.6
2019-07-18 03:45:00,6780.4
2019-07-18 04:00:00,6801.2
2019-07-18 04:15:00,6808.3
2019-07-18 04:30:00,6818.8
2019-07-18 04:45:00,6843.3
2019-07-18 05:00:00,6892.8
2019-07-18 05:15:00,6920.8
2019-07-18 05:30:00,6947.8
2019-07-18 05:45:00,6973.2
2019-07-18 06:00:00,7000.6
2019-07-18 06:15:00,7020.4
2019-07-18 06:30:00,7037.6
2019-07-18 06:45:00,7055.8
2019-07-18 07:00:00,7073.2
2019-07-18 07:15:00,7083.8
2019-07-18 07:30:00,7094.1
2019-07-18 07:45:00,7100.2
2019-07-18 08:00:00,7097.8
2019-07-18 08:15:00,7104.1
2019-07-18 08:30:00,7112.3
2019-07-18 08:45:00,7119.4
2019-07-18 09:00:00,7118.7
2019-07-18 09:15:00,7125.3
2019-07-18 09:30:00,7130.2
2019-07-18 09:45:00,7142.6
2019-07-18 10:00:00,7143.9
2019-07-18 10:15:00,7151.4
2019-07-18 10:30:00,7160.2
2019-07-18 10:45:00,7162.9
2019-07-18 11:00:00,7150.8
2019-07-18 11:15:00,7147.1
2019-07-18 11:30:00,7147.4
2019-07-18 11:45:00,7147.5
2019-07-18 12:00:00,7144.3
2019-07-18 12:15:00,7144.1
2019-07-18 12:30:00,7138.9
2019-07-18 12:45:00,7130.3
2019-07-18 13:00:00,7124.6
2019-07-18 13:15:00,7128.0
2019-07-18 13:30:00,7124.4
2019-07-18 13:45:00,7119.7
2019-07-18 14:00:00,7123.2
2019-07-18 14:15:00,7113.7
2019-07-18 14:30:00,7104.2
2019-07-18 14:45:00,7098.1
2019-07-18 15:00:00,7093.4
2019-07-18 15:15:00,7084.8
2019-07-18 15:30:00,7077.8
2019-07-18 15:45:00,7077.7
2019-07-18 16:00:00,7081.6
2019-07-18 16:15:00,7084.3
2019-07-18 16:30:00,7084.4
2019-07-18 16:45:00,7080.6
2019-07-18 17:00:00,7076.0
2019-07-18 17:15:00,7067.4
2019-07-18 17:30:00,7071.7
2019-07-18 17:45:00,7074.8
2019-07-18 18:00:00,7070.4
2019-07-18 18:15:00,7058.8
2019-07-18 18:30:00,7053.1
2019-07-18 18:45:00,7048.1
2019-07-18 19:00:00,7033.4
2019-07-18 19:15:00,7019.1
2019-07-18 19:30:00,7006.3
2019-07-18 19:45:00,6999.3
2019-07-18 20:00:00,6989.1
2019-07-18 20:15:00,6979.4
2019-07-18 20:30:00,6980.7
2019-07-18 20:45:00,6975.7
2019-07-18 21:00:00,6961.1
2019-07-18 21:15:00,6944.2
2019-07-18 21:30:00,6927.7
2019-07-18 21:45:00,6910.2
2019-07-18 22:00:00,6890.6
2019-07-18 22:15:00,6876.2
2019-07-18 22:30:00,6861.4
2019-07-18 22:45:00,6847.6
2019-07-18 23:00:00,6835.6
2019-07-18 23:15:00,6825.6
2019-07-18 23:30:00,6820.6
2019-07-18 23:45:00,6811.6
2019-07-19 00:00:00,6801.5
2019-07-19 00:15:00,6794.8
2019-07-19 00:30:00,6788.6
2019-07-19 00:45:00,6788.0
2019-07-19 01:00:00,6780.7
2019-07-19 01:15:00,6777.7
2019-07-19 01:30:00,6776.2
2019-07-19 01:45:00,6773.5
2019-07-19 02:00:00,6778.9
2019-07-19 02:15:00,6775.3
2019-07-19 02:30:00,6775.3
2019-07-19 02:45:00,6776.1
2019-07-19 03:00:00,6781.8
2019-07-19 03:15:00,6787.3
2019-07-19 03:30:00,6793.9
2019-07-19 03:45:00,6800.6
2019-07-19 04:00:00,6818.2
2019-07-19 04:15:00,6826.2
2019-07-19 04:30:00,6838.8
2019-07-19 04:45:00,6858.3
2019-07-19 05:00:00,6906.4
2019-07-19 05:15:00,6937.7
2019-07-19 05:30:00,6964.8
2019-07-19 05:45:00,6988.4
2019-07-19 06:00:00,7018.7
2019-07-19 06:15:00,7037.9
2019-07-19 06:30:00,7047.1
2019-07-19 06:45:00,7069.6
2019-07-19 07:00:00,7089.7
2019-07-19 07:15:00,7096.9
2019-07-19 07:30:00,7102.4
2019-07-19 07:45:00,7107.7
2019-07-19 08:00:00,7105.2
2019-07-19 08:15:00,7112.7
2019-07-19 08:30:00,7128.0
2019-07-19 08:45:00,7132.5
2019-07-19 09:00:00,7134.8
2019-07-19 09:15:00,7137.9
2019-07-19 09:30:00,7146.2
2019-07-19 09:45:00,7154.3
2019-07-19 10:00:00,7153.1
2019-07-19 10:15:00,7162.6
2019-07-19 10:30:00,7168.5
2019-07-19 10:45:00,7172.6
2019-07-19 11:00:00,7162.7
2019-07-19 11:15:00,7156.2
2019-07-19 11:30:00,7154.5
2019-07-19 11:45:00,7149.7
2019-07-19 12:00:00,7143.1
2019-07-19 12:15:00,7136.7
2019-07-19 12:30:00,7126.0
2019-07-19 12:45:00,7115.1
2019-07-19 13:00:00,7112.6
2019-07-19 13:15:00,7108.8
2019-07-19 13:30:00,7105.0
2019-07-19 13:45:00,7095.1
2019-07-19 14:00:00,7089.0
2019-07-19 14:15:00,7083.5
2019-07-19 14:30:00,7078.6
2019-07-19 14:45:00,7069.9
2019-07-19 15:00:00,7069.6
2019-07-19 15:15:00,7062.3
2019-07-19 15:30:00,7054.1
2019-07-19 15:45:00,7048.9
2019-07-19 16:00:00,7048.5
2019-07-19 16:15:00,7043.8
2019-07-19 16:30:00,7040.7
2019-07-19 16:45:00,7037.9
2019-07-19 17:00:00,7039.2
2019-07-19 17:15:00,7030.9
2019-07-19 17:30:00,7029.8
2019-07-19 17:45:00,7028.1
2019-07-19 18:00:00,7021.8
2019-07-19 18:15:00,7009.4
2019-07-19 18:30:00,6999.6
2019-07-19 18:45:00,6992.2
2019-07-19 19:00:00,6979.3
2019-07-19 19:15:00,6962.1
2019-07-19 19:30:00,6949.1
2019-07-19 19:45:00,6941.6
2019-07-19 20:00:00,6932.8
2019-07-19 20:15:00,6926.8
2019-07-19 20:30:00,6920.6
2019-07-19 20:45:00,6917.7
2019-07-19 21:00:00,6911.8
2019-07-19 21:15:00,6901.8
2019-07-19 21:30:00,6884.1
2019-07-19 21:45:00,6869.9
2019-07-19 22:00:00,6854.9
2019-07-19 22:15:00,6839.2
2019-07-19 22:30:00,6822.2
2019-07-19 22:45:00,6811.5
2019-07-19 23:00:00,6798.2
2019-07-19 23:15:00,6790.1
2019-07-19 23:30:00,6777.7
2019-07-19 23:45:00,6771.4
2019-07-20 00:00:00,6762.2
2019-07-20 00:15:00,6748.6
2019-07-20 00:30:00,6743.5
2019-07-20 00:45:00,6736.2
2019-07-20 01:00:00,6727.7
2019-07-20 01:15:00,6719.3
2019-07-20 01:30:00,6715.5
2019-07-20 01:45:00,6715.5
2019-07-20 02:00:00,6709.9
2019-07-20 02:15:00,6709.5
2019-07-20 02:30:00,6707.4
2019-07-20 02:45:00,6708.5
2019-07-20 03:00:00,6704.1
2019-07-20 03:15:00,6704.0
2019-07-20 03:30:00,6704.8
2019-07-20 03:45:00,6705.5
2019-07-20 04:00:00,6713.4
2019-07-20 04:15:00,6706.8
2019-07-20 04:30:00,6701.8
2019-07-20 04:45:00,6707.0
2019-07-20 05:00:00,6728.0
2019-07-20 05:15:00,6738.1
2019-07-20 05:30:00,6753.6
2019-07-20 05:45:00,6765.3
2019-07-20 06:00:00,6778.8
2019-07-20 06:15:00,6792.8
2019-07-20 06:30:00,6813.8
2019-07-20 06:45:00,6829.8
2019-07-20 07:00:00,6849.9
2019-07-20 07:15:00,6868.2
2019-07-20 07:30:00,6884.1
2019-07-20 07:45:00,6901.8
2019-07-20 08:00:00,6912.1
2019-07-20 08:15:00,6921.9
2019-07-20 08:30:00,6938.6
2019-07-20 08:45:00,6946.1
2019-07-20 09:00:00,6954.2
2019-07-20 09:15:00,6961.3
2019-07-20 09:30:00,6965.9
2019-07-20 09:45:00,6975.5
2019-07-20 10:00:00,6974.6
2019-07-20 10:15:00,6980.7
2019-07-20 10:30:00,6988.9
2019-07-20 10:45:00,6993.8
2019-07-20 11:00:00,6988.2
2019-07-20 11:15:00,6987.3
2019-07-20 11:30:00,6989.8
2019-07-20 11:45:00,6985.5
2019-07-20 12:00:00,6975.5
2019-07-20 12:15:00,6962.2
2019-07-20 12:30:00,6948.3
2019-07-20 12:45:00,6943.9
2019-07-20 13:00:00,6929.4
2019-07-20 13:15:00,6917.8
2019-07-20 13:30:00,6911.8
2019-07-20 13:45:00,6908.5
2019-07-20 14:00:00,6910.8
2019-07-20 14:15:00,6909.8
2019-07-20 14:30:00,6910.4
2019-07-20 14:45:00,6908.7
2019-07-20 15:00:00,6914.3
2019-07-20 15:15:00,6910.9
2019-07-20 15:30:00,6905.3
2019-07-20 15:45:00,6902.5
2019-07-20 16:00:00,6897.0
2019-07-20 16:15:00,6893.1
2019-07-20 16:30:00,6896.5
2019-07-20 16:45:00,6899.5
2019-07-20 17:00:00,6913.1
2019-07-20 17:15:00,6912.1
2019-07-20 17:30:00,6906.7
2019-07-20 17:45:00,6906.0
2019-07-20 18:00:00,6902.1
2019-07-20 18:15:00,6891.4
2019-07-20 18:30:00,6889.7
2019-07-20 18:45:00,6888.1
2019-07-20 19:00:00,6878.4
2019-07-20 19:15:00,6863.2
2019-07-20 19:30:00,6853.9
2019-07-20 19:45:00,6845.2
2019-07-20 20:00:00,6841.0
2019-07-20 20:15:00,6836.4
2019-07-20 20:30:00,6835.2
2019-07-20 20:45:00,6833.8
2019-07-20 21:00:00,6833.4
2019-07-20 21:15:00,6823.0
2019-07-20 21:30:00,6811.1
2019-07-20 21:45:00,6797.6
2019-07-20 22:00:00,6781.5
2019-07-20 22:15:00,6772.1
2019-07-20 22:30:00,6759.3
2019-07-20 22:45:00,6749.2
2019-07-20 23:00:00,6728.0
2019-07-20 23:15:00,6716.2
2019-07-20 23:30:00,6708.4
2019-07-20 23:45:00,6699.4
2019-07-21 00:00:00,6691.4
2019-07-21 00:15:00,6685.1
2019-07-21 00:30:00,6675.8
2019-07-21 00:45:00,6674.5
2019-07-21 01:00:00,6671.7
2019-07-21 01:15:00,6671.1
2019-07-21 01:30:00,6660.8
2019-07-21 01:45:00,6660.9
2019-07-21 02:00:00,6655.9
2019-07-21 02:15:00,6654.8
2019-07-21 02:30:00,6650.7
2019-07-21 02:45:00,6652.6
2019-07-21 03:00:00,6649.7
2019-07-21 03:15:00,6650.5
2019-07-21 03:30:00,6652.4
2019-07-21 03:45:00,6652.7
2019-07-21 04:00:00,6659.6
2019-07-21 04:15:00,6654.2
2019-07-21 04:30:00,6652.1
2019-07-21 04:45:00,6650.7
2019-07-21 05:00:00,6657.6
2019-07-21 05:15:00,6658.2
2019-07-21 05:30:00,6666.3
2019-07-21 05:45:00,6673.3
2019-07-21 06:00:00,6683.1
2019-07-21 06:15:00,6691.6
2019-07-21 06:30:00,6697.3
2019-07-21 06:45:00,6710.6
2019-07-21 07:00:00,6722.8
2019-07-21 07:15:00,6742.6
2019-07-21 07:30:00,6754.8
2019-07-21 07:45:00,6766.8
2019-07-21 08:00:00,6779.5
2019-07-21 08:15:00,6789.7
2019-07-21 08:30:00,6801.4
2019-07-21 08:45:00,6808.5
2019-07-21 09:00:00,6818.3
2019-07-21 09:15:00,6834.0
2019-07-21 09:30:00,6847.1
2019-07-21 09:45:00,6858.1
2019-07-21 10:00:00,6874.3
2019-07-21 10:15:00,6886.0
2019-07-21 10:30:00,6893.2
2019-07-21 10:45:00,6897.4
2019-07-21 11:00:00,6899.9
2019-07-21 11:15:00,6892.4
2019-07-21 11:30:00,6888.5
2019-07-21 11:45:00,6884.7
2019-07-21 12:00:00,6877.0
2019-07-21 12:15:00,6868.2
2019-07-21 12:30:00,6862.8
2019-07-21 12:45:00,6856.2
2019-07-21 13:00:00,6856.0
2019-07-21 13:15:00,6855.0
2019-07-21 13:30:00,6847.3
2019-07-21 13:45:00,6844.1
2019-07-21 14:00:00,6839.7
2019-07-21 14:15:00,6839.8
2019-07-21 14:30:00,6835.6
2019-07-21 14:45:00,6830.0
2019-07-21 15:00:00,6827.8
2019-07-21 15:15:00,6829.3
2019-07-21 15:30:00,6829.2
2019-07-21 15:45:00,6830.1
2019-07-21 16:00:00,6837.9
2019-07-21 16:15:00,6838.8
2019-07-21 16:30:00,6837.5
2019-07-21 16:45:00,6836.3
2019-07-21 17:00:00,6845.7
2019-07-21 17:15:00,6850.7
2019-07-21 17:30:00,6848.9
2019-07-21 17:45:00,6844.7
2019-07-21 18:00:00,6850.1
2019-07-21 18:15:00,6846.7
2019-07-21 18:30:00,6842.7
2019-07-21 18:45:00,6836.2
2019-07-21 19:00:00,6839.3
2019-07-21 19:15:00,6836.5
2019-07-21 19:30:00,6832.3
2019-07-21 19:45:00,6824.8
2019-07-21 20:00:00,6823.9
2019-07-21 20:15:00,6824.5
2019-07-21 20:30:00,6834.1
2019-07-21 20:45:00,6843.5
2019-07-21 21:00:00,6845.4
2019-07-21 21:15:00,6836.0
2019-07-21 21:30:00,6824.3
2019-07-21 21:45:00,6809.3
2019-07-21 22:00:00,6799.3
2019-07-21 22:15:00,6790.4
2019-07-21 22:30:00,6775.7
2019-07-21 22:45:00,6763.5
2019-07-21 23:00:00,6748.8
2019-07-21 23:15:00,6742.0
2019-07-21 23:30:00,6736.4
2019-07-21 23:45:00,6724.8
2019-07-22 00:00:00,6713.7
2019-07-22 00:15:00,6708.5
2019-07-22 00:30:00,6700.8
2019-07-22 00:45:00,6691.9
2019-07-22 01:00:00,6688.8
2019-07-22 01:15:00,6691.3
2019-07-22 01:30:00,6688.9
2019-07-22 01:45:00,6685.3
2019-07-22 02:00:00,6692.2
2019-07-22 02:15:00,6693.8
2019-07-22 02:30:00,6694.3
2019-07-22 02:45:00,6691.7
2019-07-22 03:00:00,6706.5
2019-07-22 03:15:00,6710.5
2019-07-22 03:30:00,6718.5
2019-07-22 03:45:00,6727.0
2019-07-22 04:00:00,6755.0
2019-07-22 04:15:00,6770.4
2019-07-22 04:30:00,6782.5
2019-07-22 04:45:00,6805.1
2019-07-22 05:00:00,6855.8
2019-07-22 05:15:00,6895.9
2019-07-22 05:30:00,6924.6
2019-07-22 05:45:00,6948.7
2019-07-22 06:00:00,6984.3
2019-07-22 06:15:00,7004.3
2019-07-22 06:30:00,7024.9
2019-07-22 06:45:00,7045.2
2019-07-22 07:00:00,7063.4
2019-07-22 07:15:00,7076.8
2019-07-22 07:30:00,7087.5
2019-07-22 07:45:00,7093.7
2019-07-22 08:00:00,7090.8
2019-07-22 08:15:00,7098.5
2019-07-22 08:30:00,7109.9
2019-07-22 08:45:00,7121.2
2019-07-22 09:00:00,7127.4
2019-07-22 09:15:00,7128.8
2019-07-22 09:30:00,7133.3
2019-07-22 09:45:00,7143.6
2019-07-22 10:00:00,7147.6
2019-07-22 10:15:00,7156.7
2019-07-22 10:30:00,7163.9
2019-07-22 10:45:00,7164.4
2019-07-22 11:00:00,7156.9
2019-07-22 11:15:00,7157.1
2019-07-22 11:30:00,7157.3
2019-07-22 11:45:00,7162.1
2019-07-22 12:00:00,7164.9
2019-07-22 12:15:00,7157.5
2019-07-22 12:30:00,7148.8
2019-07-22 12:45:00,7140.2
2019-07-22 13:00:00,7138.9
2019-07-22 13:15:00,7133.2
2019-07-22 13:30:00,7129.3
2019-07-22 13:45:00,7122.6
2019-07-22 14:00:00,7126.8
2019-07-22 14:15:00,7118.5
2019-07-22 14:30:00,7115.1
2019-07-22 14:45:00,7106.7
2019-07-22 15:00:00,7106.1
2019-07-22 15:15:00,7105.6
2019-07-22 15:30:00,7102.7
2019-07-22 15:45:00,7097.1
2019-07-22 16:00:00,7095.5
2019-07-22 16:15:00,7097.5
2019-07-22 16:30:00,7097.3
2019-07-22 16:45:00,7097.7
2019-07-22 17:00:00,7088.7
2019-07-22 17:15:00,7085.0
2019-07-22 17:30:00,7079.5
2019-07-22 17:45:00,7077.0
2019-07-22 18:00:00,7071.2
2019-07-22 18:15:00,7060.9
2019-07-22 18:30:00,7058.6
2019-07-22 18:45:00,7048.7
2019-07-22 19:00:00,7034.9
2019-07-22 19:15:00,7018.2
2019-07-22 19:30:00,7004.8
2019-07-22 19:45:00,6995.9
2019-07-22 20:00:00,6983.5
2019-07-22 20:15:00,6982.6
2019-07-22 20:30:00,6979.0
2019-07-22 20:45:00,6970.6
2019-07-22 21:00:00,6964.1
2019-07-22 21:15:00,6951.7
2019-07-22 21:30:00,6929.2
2019-07-22 21:45:00,6915.0
2019-07-22 22:00:00,6891.1
2019-07-22 22:15:00,6878.1
2019-07-22 22:30:00,6860.8
2019-07-22 22:45:00,6847.8
2019-07-22 23:00:00,6836.0
2019-07-22 23:15:00,6823.8
2019-07-22 23:30:00,6816.2
2019-07-22 23:45:00,6810.4
2019-07-23 00:00:00,6801.8
2019-07-23 00:15:00,6796.7
2019-07-23 00:30:00,6787.3
2019-07-23 00:45:00,6783.3
2019-07-23 01:00:00,6776.2
2019-07-23 01:15:00,6771.6
2019-07-23 01:30:00,6769.6
2019-07-23 01:45:00,6768.2
2019-07-23 02:00:00,6773.4
2019-07-23 02:15:00,6770.7
2019-07-23 02:30:00,6767.4
2019-07-23 02:45:00,6770.5
2019-07-23 03:00:00,6775.5
2019-07-23 03:15:00,6775.6
2019-07-23 03:30:00,6780.3
2019-07-23 03:45:00,6791.1
2019-07-23 04:00:00,6807.3
2019-07-23 04:15:00,6814.3
2019-07-23 04:30:00,6828.3
2019-07-23 04:45:00,6849.5
2019-07-23 05:00:00,6897.4
2019-07-23 05:15:00,6928.1
2019-07-23 05:30:00,6951.9
2019-07-23 05:45:00,6979.4
2019-07-23 06:00:00,7011.4
2019-07-23 06:15:00,7029.5
2019-07-23 06:30:00,7047.5
2019-07-23 06:45:00,7066.1
2019-07-23 07:00:00,7083.0
2019-07-23 07:15:00,7096.7
2019-07-23 07:30:00,7105.4
2019-07-23 07:45:00,7116.8
2019-07-23 08:00:00,7114.4
2019-07-23 08:15:00,7124.5
2019-07-23 08:30:00,7137.8
2019-07-23 08:45:00,7149.6
2019-07-23 09:00:00,7152.2
2019-07-23 09:15:00,7160.6
2019-07-23 09:30:00,7167.9
2019-07-23 09:45:00,7173.3
2019-07-23 10:00:00,7180.0
2019-07-23 10:15:00,7186.4
2019-07-23 10:30:00,7189.6
2019-07-23 10:45:00,7191.1
2019-07-23 11:00:00,7180.2
2019-07-23 11:15:00,7173.7
2019-07-23 11:30:00,7173.5
2019-07-23 11:45:00,7172.6
2019-07-23 12:00:00,7173.1
2019-07-23 12:15:00,7171.0
2019-07-23 12:30:00,7166.4
2019-07-23 12:45:00,7160.4
2019-07-23 13:00:00,7159.2
2019-07-23 13:15:00,7156.0
2019-07-23 13:30:00,7150.9
2019-07-23 13:45:00,7147.7
2019-07-23 14:00:00,7146.5
2019-07-23 14:15:00,7140.2
2019-07-23 14:30:00,7127.0
2019-07-23 14:45:00,7121.9
2019-07-23 15:00:00,7118.1
2019-07-23 15:15:00,7113.4
2019-07-23 15:30:00,7111.8
2019-07-23 15:45:00,7106.2
2019-07-23 16:00:00,7106.1
2019-07-23 16:15:00,7105.0
2019-07-23 16:30:00,7108.2
2019-07-23 16:45:00,7108.0
2019-07-23 17:00:00,7097.7
2019-07-23 17:15:00,7092.5
2019-07-23 17:30:00,7090.5
2019-07-23 17:45:00,7092.5
2019-07-23 18:00:00,7090.8
2019-07-23 18:15:00,7079.8
2019-07-23 18:30:00,7071.7
2019-07-23 18:45:00,7066.4
2019-07-23 19:00:00,7053.4
2019-07-23 19:15:00,7039.5
2019-07-23 19:30:00,7027.4
2019-07-23 19:45:00,7020.7
2019-07-23 20:00:00,7011.8
2019-07-23 20:15:00,7007.2
2019-07-23 20:30:00,7002.4
2019-07-23 20:45:00,6999.7
2019-07-23 21:00:00,6986.7
2019-07-23 21:15:00,6971.2
2019-07-23 21:30:00,6949.6
2019-07-23 21:45:00,6935.0
2019-07-23 22:00:00,6912.6
2019-07-23 22:15:00,6895.9
2019-07-23 22:30:00,6877.5
2019-07-23 22:45:00,6867.5
2019-07-23 23:00:00,6849.6
2019-07-23 23:15:00,6840.1
2019-07-23 23:30:00,6834.0
2019-07-23 23:45:00,6825.3
2019-07-24 00:00:00,6822.7
2019-07-24 00:15:00,6815.3
2019-07-24 00:30:00,6809.4
2019-07-24 00:45:00,6808.5
2019-07-24 01:00:00,6800.6
2019-07-24 01:15:00,6797.7
2019-07-24 01:30:00,6794.3
2019-07-24 01:45:00,6793.0
2019-07-24 02:00:00,6797.7
2019-07-24 02:15:00,6796.8
2019-07-24 02:30:00,6795.0
2019-07-24 02:45:00,6796.6
2019-07-24 03:00:00,6800.8
2019-07-24 03:15:00,6806.2
2019-07-24 03:30:00,6812.2
2019-07-24 03:45:00,6819.7
2019-07-24 04:00:00,6839.6
2019-07-24 04:15:00,6846.3
2019-07-24 04:30:00,6859.8
2019-07-24 04:45:00,6873.1
2019-07-24 05:00:00,6919.5
2019-07-24 05:15:00,6956.8
2019-07-24 05:30:00,6979.0
2019-07-24 05:45:00,7003.2
2019-07-24 06:00:00,7032.2
2019-07-24 06:15:00,7054.0
2019-07-24 06:30:00,7071.5
2019-07-24 06:45:00,7089.3
2019-07-24 07:00:00,7104.6
2019-07-24 07:15:00,7117.6
2019-07-24 07:30:00,7127.0
2019-07-24 07:45:00,7136.3
2019-07-24 08:00:00,7135.3
2019-07-24 08:15:00,7142.7
2019-07-24 08:30:00,7154.6
2019-07-24 08:45:00,7165.6
2019-07-24 09:00:00,7171.3
2019-07-24 09:15:00,7179.6
2019-07-24 09:30:00,7187.0
2019-07-24 09:45:00,7196.4
2019-07-24 10:00:00,7197.1
2019-07-24 10:15:00,7203.1
2019-07-24 10:30:00,7207.9
2019-07-24 10:45:00,7209.6
2019-07-24 11:00:00,7193.0
2019-07-24 11:15:00,7192.2
2019-07-24 11:30:00,7193.0
2019-07-24 11:45:00,7193.0
2019-07-24 12:00:00,7189.6
2019-07-24 12:15:00,7184.8
2019-07-24 12:30:00,7179.8
2019-07-24 12:45:00,7173.2
2019-07-24 13:00:00,7173.3
2019-07-24 13:15:00,7173.5
2019-07-24 13:30:00,7168.6
2019-07-24 13:45:00,7163.4
2019-07-24 14:00:00,7161.7
2019-07-24 14:15:00,7152.3
2019-07-24 14:30:00,7145.1
2019-07-24 14:45:00,7138.4
2019-07-24 15:00:00,7135.0
2019-07-24 15:15:00,7127.7
2019-07-24 15:30:00,7124.0
2019-07-24 15:45:00,7117.9
2019-07-24 16:00:00,7115.3
2019-07-24 16:15:00,7110.4
2019-07-24 16:30:00,7108.4
2019-07-24 16:45:00,7109.2
2019-07-24 17:00:00,7100.5
2019-07-24 17:15:00,7092.1
2019-07-24 17:30:00,7095.2
2019-07-24 17:45:00,7095.2
2019-07-24 18:00:00,7089.5
2019-07-24 18:15:00,7081.0
2019-07-24 18:30:00,7074.0
2019-07-24 18:45:00,7071.5
2019-07-24 19:00:00,7058.0
2019-07-24 19:15:00,7047.1
2019-07-24 19:30:00,7036.9
2019-07-24 19:45:00,7027.6
2019-07-24 20:00:00,7021.7
2019-07-24 20:15:00,7016.3
2019-07-24 20:30:00,7011.5
2019-07-24 20:45:00,7008.7
2019-07-24 21:00:00,6999.0
2019-07-24 21:15:00,6986.7
2019-07-24 21:30:00,6967.7
2019-07-24 21:45:00,6951.1
2019-07-24 22:00:00,6930.9
2019-07-24 22:15:00,6920.0
2019-07-24 22:30:00,6905.3
2019-07-24 22:45:00,6899.7
2019-07-24 23:00:00,6879.1
2019-07-24 23:15:00,6870.5
2019-07-24 23:30:00,6863.7
2019-07-24 23:45:00,6854.8
2019-07-25 00:00:00,6848.0
2019-07-25 00:15:00,6843.4
2019-07-25 00:30:00,6836.2
2019-07-25 00:45:00,6830.2
2019-07-25 01:00:00,6824.9
2019-07-25 01:15:00,6818.6
2019-07-25 01:30:00,6816.7
2019-07-25 01:45:00,6814.0
2019-07-25 02:00:00,6814.6
2019-07-25 02:15:00,6814.7
2019-07-25 02:30:00,6811.6
2019-07-25 02:45:00,6809.4
2019-07-25 03:00:00,6815.8
2019-07-25 03:15:00,6820.3
2019-07-25 03:30:00,6825.4
2019-07-25 03:45:00,6832.5
2019-07-25 04:00:00,6853.2
2019-07-25 04:15:00,6862.2
2019-07-25 04:30:00,6865.4
2019-07-25 04:45:00,6881.5
2019-07-25 05:00:00,6923.5
2019-07-25 05:15:00,6952.8
2019-07-25 05:30:00,6976.7
2019-07-25 05:45:00,7000.8
2019-07-25 06:00:00,7030.9
2019-07-25 06:15:00,7051.3
2019-07-25 06:30:00,7074.5
2019-07-25 06:45:00,7092.5
2019-07-25 07:00:00,7106.7
2019-07-25 07:15:00,7114.7
2019-07-25 07:30:00,7126.2
2019-07-25 07:45:00,7137.6
2019-07-25 08:00:00,7136.5
2019-07-25 08:15:00,7143.6
2019-07-25 08:30:00,7154.8
2019-07-25 08:45:00,7168.7
2019-07-25 09:00:00,7175.2
2019-07-25 09:15:00,7179.5
2019-07-25 09:30:00,7190.0
2019-07-25 09:45:00,7195.6
2019-07-25 10:00:00,7198.6
2019-07-25 10:15:00,7203.1
2019-07-25 10:30:00,7213.0
2019-07-25 10:45:00,7215.6
2019-07-25 11:00:00,7198.7
2019-07-25 11:15:00,7193.1
2019-07-25 11:30:00,7195.4
2019-07-25 11:45:00,7198.2
2019-07-25 12:00:00,7193.2
2019-07-25 12:15:00,7189.0
2019-07-25 12:30:00,7185.4
2019-07-25 12:45:00,7177.7
2019-07-25 13:00:00,7172.2
2019-07-25 13:15:00,7170.1
2019-07-25 13:30:00,7165.5
2019-07-25 13:45:00,7160.7
2019-07-25 14:00:00,7160.6
2019-07-25 14:15:00,7153.2
2019-07-25 14:30:00,7143.1
2019-07-25 14:45:00,7136.0
2019-07-25 15:00:00,7132.9
2019-07-25 15:15:00,7126.0
2019-07-25 15:30:00,7118.7
2019-07-25 15:45:00,7120.4
2019-07-25 16:00:00,7125.4
2019-07-25 16:15:00,7113.8
2019-07-25 16:30:00,7120.5
2019-07-25 16:45:00,7119.0
2019-07-25 17:00:00,7114.6
2019-07-25 17:15:00,7105.8
2019-07-25 17:30:00,7106.7
2019-07-25 17:45:00,7107.8
2019-07-25 18:00:00,7097.9
2019-07-25 18:15:00,7092.9
2019-07-25 18:30:00,7090.1
2019-07-25 18:45:00,7084.9
2019-07-25 19:00:00,7073.0
2019-07-25 19:15:00,7061.5
2019-07-25 19:30:00,7055.4
2019-07-25 19:45:00,7049.6
2019-07-25 20:00:00,7040.8
2019-07-25 20:15:00,7040.2
2019-07-25 20:30:00,7035.7
2019-07-25 20:45:00,7029.2
2019-07-25 21:00:00,7015.9
2019-07-25 21:15:00,7000.5
2019-07-25 21:30:00,6981.6
2019-07-25 21:45:00,6968.4
2019-07-25 22:00:00,6947.4
2019-07-25 22:15:00,6932.9
2019-07-25 22:30:00,6913.8
2019-07-25 22:45:00,6896.7
2019-07-25 23:00:00,6875.4
2019-07-25 23:15:00,6864.1
2019-07-25 23:30:00,6857.4
2019-07-25 23:45:00,6847.4
2019-07-26 00:00:00,6838.3
2019-07-26 00:15:00,6832.5
2019-07-26 00:30:00,6826.6
2019-07-26 00:45:00,6821.3
2019-07-26 01:00:00,6822.8
2019-07-26 01:15:00,6817.8
2019-07-26 01:30:00,6813.4
2019-07-26 01:45:00,6810.7
2019-07-26 02:00:00,6815.4
2019-07-26 02:15:00,6812.5
2019-07-26 02:30:00,6810.4
2019-07-26 02:45:00,6812.7
2019-07-26 03:00:00,6821.7
2019-07-26 03:15:00,6827.6
2019-07-26 03:30:00,6832.0
2019-07-26 03:45:00,6844.3
2019-07-26 04:00:00,6858.7
2019-07-26 04:15:00,6869.2
2019-07-26 04:30:00,6876.1
2019-07-26 04:45:00,6895.7
2019-07-26 05:00:00,6939.1
2019-07-26 05:15:00,6972.0
2019-07-26 05:30:00,6992.9
2019-07-26 05:45:00,7010.9
2019-07-26 06:00:00,7040.4
2019-07-26 06:15:00,7057.8
2019-07-26 06:30:00,7076.7
2019-07-26 06:45:00,7094.7
2019-07-26 07:00:00,7114.9
2019-07-26 07:15:00,7124.8
2019-07-26 07:30:00,7131.9
2019-07-26 07:45:00,7142.3
2019-07-26 08:00:00,7146.2
2019-07-26 08:15:00,7155.2
2019-07-26 08:30:00,7167.8
2019-07-26 08:45:00,7176.7
2019-07-26 09:00:00,7182.4
2019-07-26 09:15:00,7184.6
2019-07-26 09:30:00,7191.5
2019-07-26 09:45:00,7201.4
2019-07-26 10:00:00,7201.0
2019-07-26 10:15:00,7205.5
2019-07-26 10:30:00,7208.2
2019-07-26 10:45:00,7207.4
2019-07-26 11:00:00,7192.2
2019-07-26 11:15:00,7188.8
2019-07-26 11:30:00,7187.0
2019-07-26 11:45:00,7184.9
2019-07-26 12:00:00,7176.0
2019-07-26 12:15:00,7169.2
2019-07-26 12:30:00,7167.7
2019-07-26 12:45:00,7157.4
2019-07-26 13:00:00,7153.5
2019-07-26 13:15:00,7151.1
2019-07-26 13:30:00,7146.2
2019-07-26 13:45:00,7140.7
2019-07-26 14:00:00,7135.4
2019-07-26 14:15:00,7130.9
2019-07-26 14:30:00,7128.4
2019-07-26 14:45:00,7119.8
2019-07-26 15:00:00,7120.9
2019-07-26 15:15:00,7121.4
2019-07-26 15:30:00,7120.5
2019-07-26 15:45:00,7119.8
2019-07-26 16:00:00,7120.4
2019-07-26 16:15:00,7116.3
2019-07-26 16:30:00,7114.7
2019-07-26 16:45:00,7111.3
2019-07-26 17:00:00,7108.9
2019-07-26 17:15:00,7100.5
2019-07-26 17:30:00,7096.1
2019-07-26 17:45:00,7090.1
2019-07-26 18:00:00,7086.9
2019-07-26 18:15:00,7077.4
2019-07-26 18:30:00,7070.2
2019-07-26 18:45:00,7060.5
2019-07-26 19:00:00,7045.1
2019-07-26 19:15:00,7032.2
2019-07-26 19:30:00,7019.8
2019-07-26 19:45:00,7012.1
2019-07-26 20:00:00,7001.0
2019-07-26 20:15:00,6997.9
2019-07-26 20:30:00,6995.4
2019-07-26 20:45:00,6986.2
2019-07-26 21:00:00,6979.9
2019-07-26 21:15:00,6973.0
2019-07-26 21:30:00,6952.3
2019-07-26 21:45:00,6932.1
2019-07-26 22:00:00,6910.0
2019-07-26 22:15:00,6895.6
2019-07-26 22:30:00,6877.2
2019-07-26 22:45:00,6867.6
2019-07-26 23:00:00,6848.4
2019-07-26 23:15:00,6834.3
2019-07-26 23:30:00,6825.9
2019-07-26 23:45:00,6815.4
2019-07-27 00:00:00,6797.3
2019-07-27 00:15:00,6788.2
2019-07-27 00:30:00,6780.8
2019-07-27 00:45:00,6763.6
2019-07-27 01:00:00,6769.2
2019-07-27 01:15:00,6759.1
2019-07-27 01:30:00,6758.9
2019-07-27 01:45:00,6758.9
2019-07-27 02:00:00,6758.3
2019-07-27 02:15:00,6757.1
2019-07-27 02:30:00,6750.3
2019-07-27 02:45:00,6750.3
2019-07-27 03:00:00,6749.5
2019-07-27 03:15:00,6744.1
2019-07-27 03:30:00,6739.3
2019-07-27 03:45:00,6740.4
2019-07-27 04:00:00,6743.3
2019-07-27 04:15:00,6742.0
2019-07-27 04:30:00,6742.0
2019-07-27 04:45:00,6746.6
2019-07-27 05:00:00,6762.3
2019-07-27 05:15:00,6768.6
2019-07-27 05:30:00,6779.9
2019-07-27 05:45:00,6787.2
2019-07-27 06:00:00,6803.9
2019-07-27 06:15:00,6819.6
2019-07-27 06:30:00,6831.7
2019-07-27 06:45:00,6848.5
2019-07-27 07:00:00,6863.5
2019-07-27 07:15:00,6877.5
2019-07-27 07:30:00,6891.8
2019-07-27 07:45:00,6907.8
2019-07-27 08:00:00,6920.6
2019-07-27 08:15:00,6931.3
2019-07-27 08:30:00,6946.8
2019-07-27 08:45:00,6956.6
2019-07-27 09:00:00,6963.4
2019-07-27 09:15:00,6969.7
2019-07-27 09:30:00,6977.9
2019-07-27 09:45:00,6984.6
2019-07-27 10:00:00,6995.1
2019-07-27 10:15:00,7002.9
2019-07-27 10:30:00,7007.1
2019-07-27 10:45:00,7007.4
2019-07-27 11:00:00,7001.3
2019-07-27 11:15:00,6997.4
2019-07-27 11:30:00,6993.1
2019-07-27 11:45:00,6988.2
2019-07-27 12:00:00,6974.3
2019-07-27 12:15:00,6967.8
2019-07-27 12:30:00,6964.1
2019-07-27 12:45:00,6958.6
2019-07-27 13:00:00,6955.3
2019-07-27 13:15:00,6954.2
2019-07-27 13:30:00,6951.5
2019-07-27 13:45:00,6945.9
2019-07-27 14:00:00,6941.6
2019-07-27 14:15:00,6938.6
2019-07-27 14:30:00,6935.2
2019-07-27 14:45:00,6931.4
2019-07-27 15:00:00,6930.0
2019-07-27 15:15:00,6928.1
2019-07-27 15:30:00,6924.6
2019-07-27 15:45:00,6926.3
2019-07-27 16:00:00,6931.7
2019-07-27 16:15:00,6930.4
2019-07-27 16:30:00,6934.1
2019-07-27 16:45:00,6932.4
2019-07-27 17:00:00,6934.1
2019-07-27 17:15:00,6930.8
2019-07-27 17:30:00,6930.2
2019-07-27 17:45:00,6927.7
2019-07-27 18:00:00,6924.1
2019-07-27 18:15:00,6915.9
2019-07-27 18:30:00,6910.0
2019-07-27 18:45:00,6905.0
2019-07-27 19:00:00,6896.3
2019-07-27 19:15:00,6880.4
2019-07-27 19:30:00,6874.1
2019-07-27 19:45:00,6864.3
2019-07-27 20:00:00,6858.1
2019-07-27 20:15:00,6863.0
2019-07-27 20:30:00,6859.3
2019-07-27 20:45:00,6861.4
2019-07-27 21:00:00,6853.9
2019-07-27 21:15:00,6846.4
2019-07-27 21:30:00,6832.1
2019-07-27 21:45:00,6822.8
2019-07-27 22:00:00,6805.0
2019-07-27 22:15:00,6794.1
2019-07-27 22:30:00,6785.9
2019-07-27 22:45:00,6775.2
2019-07-27 23:00:00,6760.0
2019-07-27 23:15:00,6746.5
2019-07-27 23:30:00,6741.3
2019-07-27 23:45:00,6735.0
2019-07-28 00:00:00,6722.7
2019-07-28 00:15:00,6714.1
2019-07-28 00:30:00,6709.2
2019-07-28 00:45:00,6702.3
2019-07-28 01:00:00,6700.4
2019-07-28 01:15:00,6698.4
2019-07-28 01:30:00,6696.4
2019-07-28 01:45:00,6693.3
2019-07-28 02:00:00,6690.7
2019-07-28 02:15:00,6690.0
2019-07-28 02:30:00,6684.5
2019-07-28 02:45:00,6684.2
2019-07-28 03:00:00,6686.3
2019-07-28 03:15:00,6687.4
2019-07-28 03:30:00,6686.9
2019-07-28 03:45:00,6665.4
2019-07-28 04:00:00,6683.1
2019-07-28 04:15:00,6679.9
2019-07-28 04:30:00,6678.0
2019-07-28 04:45:00,6679.5
2019-07-28 05:00:00,6679.0
2019-07-28 05:15:00,6684.5
2019-07-28 05:30:00,6687.9
2019-07-28 05:45:00,6694.2
2019-07-28 06:00:00,6705.3
2019-07-28 06:15:00,6707.8
2019-07-28 06:30:00,6716.6
2019-07-28 06:45:00,6728.0
2019-07-28 07:00:00,6749.7
2019-07-28 07:15:00,6759.7
2019-07-28 07:30:00,6769.8
2019-07-28 07:45:00,6781.2
2019-07-28 08:00:00,6795.5
2019-07-28 08:15:00,6801.4
2019-07-28 08:30:00,6810.4
2019-07-28 08:45:00,6822.7
2019-07-28 09:00:00,6836.0
2019-07-28 09:15:00,6840.7
2019-07-28 09:30:00,6849.8
2019-07-28 09:45:00,6858.3
2019-07-28 10:00:00,6868.3
2019-07-28 10:15:00,6875.5
2019-07-28 10:30:00,6880.9
2019-07-28 10:45:00,6886.4
2019-07-28 11:00:00,6884.7
2019-07-28 11:15:00,6880.8
2019-07-28 11:30:00,6872.9
2019-07-28 11:45:00,6871.0
2019-07-28 12:00:00,6868.2
2019-07-28 12:15:00,6861.7
2019-07-28 12:30:00,6855.9
2019-07-28 12:45:00,6850.2
2019-07-28 13:00:00,6844.3
2019-07-28 13:15:00,6845.0
2019-07-28 13:30:00,6839.0
2019-07-28 13:45:00,6835.7
2019-07-28 14:00:00,6842.3
2019-07-28 14:15:00,6836.6
2019-07-28 14:30:00,6831.2
2019-07-28 14:45:00,6829.6
2019-07-28 15:00:00,6832.5
2019-07-28 15:15:00,6830.4
2019-07-28 15:30:00,6828.3
2019-07-28 15:45:00,6833.7
2019-07-28 16:00:00,6838.1
2019-07-28 16:15:00,6841.0
2019-07-28 16:30:00,6848.4
2019-07-28 16:45:00,6852.9
2019-07-28 17:00:00,6859.0
2019-07-28 17:15:00,6861.1
2019-07-28 17:30:00,6862.3
2019-07-28 17:45:00,6861.9
2019-07-28 18:00:00,6869.9
2019-07-28 18:15:00,6868.0
2019-07-28 18:30:00,6865.0
2019-07-28 18:45:00,6858.2
2019-07-28 19:00:00,6855.2
2019-07-28 19:15:00,6849.1
2019-07-28 19:30:00,6844.9
2019-07-28 19:45:00,6838.7
2019-07-28 20:00:00,6844.6
2019-07-28 20:15:00,6849.4
2019-07-28 20:30:00,6856.2
2019-07-28 20:45:00,6855.5
2019-07-28 21:00:00,6853.4
2019-07-28 21:15:00,6844.4
2019-07-28 21:30:00,6831.1
2019-07-28 21:45:00,6821.6
2019-07-28 22:00:00,6803.5
2019-07-28 22:15:00,6790.3
2019-07-28 22:30:00,6781.0
2019-07-28 22:45:00,6774.5
2019-07-28 23:00:00,6751.6
2019-07-28 23:15:00,6742.0
2019-07-28 23:30:00,6733.1
2019-07-28 23:45:00,6728.8
2019-07-29 00:00:00,6723.9
2019-07-29 00:15:00,6721.0
2019-07-29 00:30:00,6719.8
2019-07-29 00:45:00,6717.9
2019-07-29 01:00:00,6716.2
2019-07-29 01:15:00,6714.6
2019-07-29 01:30:00,6710.9
2019-07-29 01:45:00,6713.9
2019-07-29 02:00:00,6710.4
2019-07-29 02:15:00,6709.7
2019-07-29 02:30:00,6711.7
2019-07-29 02:45:00,6713.6
2019-07-29 03:00:00,6723.1
2019-07-29 03:15:00,6726.5
2019-07-29 03:30:00,6732.6
2019-07-29 03:45:00,6742.3
2019-07-29 04:00:00,6765.6
2019-07-29 04:15:00,6781.5
2019-07-29 04:30:00,6788.3
2019-07-29 04:45:00,6811.8
2019-07-29 05:00:00,6872.1
2019-07-29 05:15:00,6906.1
2019-07-29 05:30:00,6934.3
2019-07-29 05:45:00,6962.0
2019-07-29 06:00:00,6998.1
2019-07-29 06:15:00,7019.5
2019-07-29 06:30:00,7037.9
2019-07-29 06:45:00,7057.0
2019-07-29 07:00:00,7075.8
2019-07-29 07:15:00,7087.6
2019-07-29 07:30:00,7095.4
2019-07-29 07:45:00,7101.6
2019-07-29 08:00:00,7101.3
2019-07-29 08:15:00,7105.2
2019-07-29 08:30:00,7115.4
2019-07-29 08:45:00,7135.1
2019-07-29 09:00:00,7140.4
2019-07-29 09:15:00,7141.8
2019-07-29 09:30:00,7144.3
2019-07-29 09:45:00,7152.9
2019-07-29 10:00:00,7151.9
2019-07-29 10:15:00,7156.7
2019-07-29 10:30:00,7157.0
2019-07-29 10:45:00,7158.7
2019-07-29 11:00:00,7152.3
2019-07-29 11:15:00,7146.6
2019-07-29 11:30:00,7142.8
2019-07-29 11:45:00,7143.4
2019-07-29 12:00:00,7142.5
2019-07-29 12:15:00,7140.2
2019-07-29 12:30:00,7132.8
2019-07-29 12:45:00,7124.7
2019-07-29 13:00:00,7118.9
2019-07-29 13:15:00,7115.9
2019-07-29 13:30:00,7112.1
2019-07-29 13:45:00,7111.2
2019-07-29 14:00:00,7112.3
2019-07-29 14:15:00,7109.9
2019-07-29 14:30:00,7098.3
2019-07-29 14:45:00,7089.3
2019-07-29 15:00:00,7085.7
2019-07-29 15:15:00,7081.2
2019-07-29 15:30:00,7078.0
2019-07-29 15:45:00,7072.8
2019-07-29 16:00:00,7073.1
2019-07-29 16:15:00,7071.9
2019-07-29 16:30:00,7074.1
2019-07-29 16:45:00,7073.1
2019-07-29 17:00:00,7066.6
2019-07-29 17:15:00,7061.5
2019-07-29 17:30:00,7059.5
2019-07-29 17:45:00,7058.1
2019-07-29 18:00:00,7052.2
2019-07-29 18:15:00,7047.0
2019-07-29 18:30:00,7041.9
2019-07-29 18:45:00,7035.6
2019-07-29 19:00:00,7020.2
2019-07-29 19:15:00,7007.9
2019-07-29 19:30:00,6996.6
2019-07-29 19:45:00,6988.7
2019-07-29 20:00:00,6981.1
2019-07-29 20:15:00,6977.1
2019-07-29 20:30:00,6975.1
2019-07-29 20:45:00,6968.4
2019-07-29 21:00:00,6956.7
2019-07-29 21:15:00,6942.7
2019-07-29 21:30:00,6923.6
2019-07-29 21:45:00,6907.0
2019-07-29 22:00:00,6884.5
2019-07-29 22:15:00,6866.6
2019-07-29 22:30:00,6854.4
2019-07-29 22:45:00,6842.1
2019-07-29 23:00:00,6821.2
2019-07-29 23:15:00,6812.7
2019-07-29 23:30:00,6802.5
2019-07-29 23:45:00,6794.8
2019-07-30 00:00:00,6787.0
2019-07-30 00:15:00,6779.9
2019-07-30 00:30:00,6779.5
2019-07-30 00:45:00,6776.1
2019-07-30 01:00:00,6769.2
2019-07-30 01:15:00,6765.8
2019-07-30 01:30:00,6763.4
2019-07-30 01:45:00,6763.1
2019-07-30 02:00:00,6760.9
2019-07-30 02:15:00,6760.4
2019-07-30 02:30:00,6763.6
2019-07-30 02:45:00,6764.6
2019-07-30 03:00:00,6770.7
2019-07-30 03:15:00,6779.1
2019-07-30 03:30:00,6784.8
2019-07-30 03:45:00,6794.7
2019-07-30 04:00:00,6810.8
2019-07-30 04:15:00,6818.6
2019-07-30 04:30:00,6831.9
2019-07-30 04:45:00,6852.6
2019-07-30 05:00:00,6897.4
2019-07-30 05:15:00,6924.4
2019-07-30 05:30:00,6950.0
2019-07-30 05:45:00,6971.7
2019-07-30 06:00:00,7003.2
2019-07-30 06:15:00,7024.7
2019-07-30 06:30:00,7045.7
2019-07-30 06:45:00,7059.3
2019-07-30 07:00:00,7074.1
2019-07-30 07:15:00,7086.5
2019-07-30 07:30:00,7095.6
2019-07-30 07:45:00,7102.6
2019-07-30 08:00:00,7108.0
2019-07-30 08:15:00,7115.7
2019-07-30 08:30:00,7126.9
2019-07-30 08:45:00,7135.5
2019-07-30 09:00:00,7139.1
2019-07-30 09:15:00,7147.8
2019-07-30 09:30:00,7158.0
2019-07-30 09:45:00,7163.4
2019-07-30 10:00:00,7171.6
2019-07-30 10:15:00,7178.3
2019-07-30 10:30:00,7178.9
2019-07-30 10:45:00,7183.3
2019-07-30 11:00:00,7170.7
2019-07-30 11:15:00,7164.4
2019-07-30 11:30:00,7162.7
2019-07-30 11:45:00,7163.8
2019-07-30 12:00:00,7163.4
2019-07-30 12:15:00,7162.9
2019-07-30 12:30:00,7164.7
2019-07-30 12:45:00,7159.3
2019-07-30 13:00:00,7154.1
2019-07-30 13:15:00,7156.2
2019-07-30 13:30:00,7146.8
2019-07-30 13:45:00,7147.7
2019-07-30 14:00:00,7144.5
2019-07-30 14:15:00,7139.3
2019-07-30 14:30:00,7127.5
2019-07-30 14:45:00,7122.9
2019-07-30 15:00:00,7124.5
2019-07-30 15:15:00,7117.7
2019-07-30 15:30:00,7114.9
2019-07-30 15:45:00,7107.8
2019-07-30 16:00:00,7102.9
2019-07-30 16:15:00,7098.2
2019-07-30 16:30:00,7102.8
2019-07-30 16:45:00,7103.3
2019-07-30 17:00:00,7101.1
2019-07-30 17:15:00,7098.4
2019-07-30 17:30:00,7097.0
2019-07-30 17:45:00,7094.2
2019-07-30 18:00:00,7087.1
2019-07-30 18:15:00,7080.1
2019-07-30 18:30:00,7073.2
2019-07-30 18:45:00,7067.5
2019-07-30 19:00:00,7052.5
2019-07-30 19:15:00,7036.8
2019-07-30 19:30:00,7026.6
2019-07-30 19:45:00,7018.0
2019-07-30 20:00:00,7013.4
2019-07-30 20:15:00,7012.2
2019-07-30 20:30:00,7007.9
2019-07-30 20:45:00,6999.5
2019-07-30 21:00:00,6985.8
2019-07-30 21:15:00,6965.9
2019-07-30 21:30:00,6946.6
2019-07-30 21:45:00,6927.9
2019-07-30 22:00:00,6911.3
2019-07-30 22:15:00,6891.2
2019-07-30 22:30:00,6873.1
2019-07-30 22:45:00,6855.1
2019-07-30 23:00:00,6841.6
2019-07-30 23:15:00,6833.2
2019-07-30 23:30:00,6822.2
2019-07-30 23:45:00,6812.6
2019-07-31 00:00:00,6806.8
2019-07-31 00:15:00,6800.3
2019-07-31 00:30:00,6796.7
2019-07-31 00:45:00,6791.3
2019-07-31 01:00:00,6784.7
2019-07-31 01:15:00,6782.3
2019-07-31 01:30:00,6781.5
2019-07-31 01:45:00,6781.0
2019-07-31 02:00:00,6779.3
2019-07-31 02:15:00,6775.5
2019-07-31 02:30:00,6776.0
2019-07-31 02:45:00,6779.2
2019-07-31 03:00:00,6784.7
2019-07-31 03:15:00,6790.3
2019-07-31 03:30:00,6796.6
2019-07-31 03:45:00,6806.8
2019-07-31 04:00:00,6824.2
2019-07-31 04:15:00,6835.7
2019-07-31 04:30:00,6852.5
2019-07-31 04:45:00,6871.0
2019-07-31 05:00:00,6918.3
2019-07-31 05:15:00,6949.4
2019-07-31 05:30:00,6972.3
2019-07-31 05:45:00,6994.6
2019-07-31 06:00:00,7025.9
2019-07-31 06:15:00,7043.2
2019-07-31 06:30:00,7063.2
2019-07-31 06:45:00,7080.1
2019-07-31 07:00:00,7094.6
2019-07-31 07:15:00,7099.5
2019-07-31 07:30:00,7107.8
2019-07-31 07:45:00,7113.8
2019-07-31 08:00:00,7108.8
2019-07-31 08:15:00,7115.7
2019-07-31 08:30:00,7122.8
2019-07-31 08:45:00,7128.8
2019-07-31 09:00:00,7137.2
2019-07-31 09:15:00,7144.5
2019-07-31 09:30:00,7151.6
2019-07-31 09:45:00,7158.2
2019-07-31 10:00:00,7167.1
2019-07-31 10:15:00,7179.7
2019-07-31 10:30:00,7180.1
2019-07-31 10:45:00,7181.2
2019-07-31 11:00:00,7164.0
2019-07-31 11:15:00,7156.8
2019-07-31 11:30:00,7153.6
2019-07-31 11:45:00,7155.2
2019-07-31 12:00:00,7150.7
2019-07-31 12:15:00,7142.3
2019-07-31 12:30:00,7128.3
2019-07-31 12:45:00,7123.3
2019-07-31 13:00:00,7116.7
2019-07-31 13:15:00,7114.6
2019-07-31 13:30:00,7114.2
2019-07-31 13:45:00,7110.4
2019-07-31 14:00:00,7108.8
2019-07-31 14:15:00,7105.0
2019-07-31 14:30:00,7093.1
2019-07-31 14:45:00,7095.2
2019-07-31 15:00:00,7093.6
2019-07-31 15:15:00,7089.3
2019-07-31 15:30:00,7088.0
2019-07-31 15:45:00,7082.3
2019-07-31 16:00:00,7078.4
2019-07-31 16:15:00,7076.6
2019-07-31 16:30:00,7078.3
2019-07-31 16:45:00,7083.5
2019-07-31 17:00:00,7073.6
2019-07-31 17:15:00,7073.7
2019-07-31 17:30:00,7074.3
2019-07-31 17:45:00,7074.5
2019-07-31 18:00:00,7067.1
2019-07-31 18:15:00,7056.7
2019-07-31 18:30:00,7050.2
2019-07-31 18:45:00,7046.2
2019-07-31 19:00:00,7031.8
2019-07-31 19:15:00,7015.8
2019-07-31 19:30:00,7004.7
2019-07-31 19:45:00,6995.1
2019-07-31 20:00:00,6985.9
2019-07-31 20:15:00,6985.6
2019-07-31 20:30:00,6979.0
2019-07-31 20:45:00,6969.7
2019-07-31 21:00:00,6952.5
2019-07-31 21:15:00,6936.1
2019-07-31 21:30:00,6916.3
2019-07-31 21:45:00,6898.2
2019-07-31 22:00:00,6879.3
2019-07-31 22:15:00,6861.3
2019-07-31 22:30:00,6847.0
2019-07-31 22:45:00,6833.1
2019-07-31 23:00:00,6820.2
2019-07-31 23:15:00,6810.1
2019-07-31 23:30:00,6798.1
2019-07-31 23:45:00,6791.4
2019-08-01 00:00:00,6782.3
2019-08-01 00:15:00,6775.9
2019-08-01 00:30:00,6775.3
2019-08-01 00:45:00,6774.9
2019-08-01 01:00:00,6768.0
2019-08-01 01:15:00,6764.5
2019-08-01 01:30:00,6761.3
2019-08-01 01:45:00,6761.7
2019-08-01 02:00:00,6760.4
2019-08-01 02:15:00,6760.0
2019-08-01 02:30:00,6761.5
2019-08-01 02:45:00,6765.0
2019-08-01 03:00:00,6774.7
2019-08-01 03:15:00,6778.1
2019-08-01 03:30:00,6783.0
2019-08-01 03:45:00,6790.7
2019-08-01 04:00:00,6807.2
2019-08-01 04:15:00,6819.2
2019-08-01 04:30:00,6833.0
2019-08-01 04:45:00,6849.7
2019-08-01 05:00:00,6891.6
2019-08-01 05:15:00,6918.1
2019-08-01 05:30:00,6940.3
2019-08-01 05:45:00,6965.8
2019-08-01 06:00:00,6990.6
2019-08-01 06:15:00,7011.0
2019-08-01 06:30:00,7028.3
2019-08-01 06:45:00,7043.4
2019-08-01 07:00:00,7054.4
2019-08-01 07:15:00,7063.8
2019-08-01 07:30:00,7075.4
2019-08-01 07:45:00,7084.5
2019-08-01 08:00:00,7081.7
2019-08-01 08:15:00,7086.7
2019-08-01 08:30:00,7098.8
2019-08-01 08:45:00,7107.3
2019-08-01 09:00:00,7109.1
2019-08-01 09:15:00,7115.6
2019-08-01 09:30:00,7124.9
2019-08-01 09:45:00,7128.6
2019-08-01 10:00:00,7131.9
2019-08-01 10:15:00,7135.7
2019-08-01 10:30:00,7146.4
2019-08-01 10:45:00,7148.3
2019-08-01 11:00:00,7138.3
2019-08-01 11:15:00,7135.5
2019-08-01 11:30:00,7133.7
2019-08-01 11:45:00,7133.9
2019-08-01 12:00:00,7130.3
2019-08-01 12:15:00,7127.1
2019-08-01 12:30:00,7122.1
2019-08-01 12:45:00,7115.3
2019-08-01 13:00:00,7110.2
2019-08-01 13:15:00,7108.7
2019-08-01 13:30:00,7101.8
2019-08-01 13:45:00,7105.0
2019-08-01 14:00:00,7100.7
2019-08-01 14:15:00,7089.2
2019-08-01 14:30:00,7078.9
2019-08-01 14:45:00,7076.2
2019-08-01 15:00:00,7074.6
2019-08-01 15:15:00,7067.4
2019-08-01 15:30:00,7059.1
2019-08-01 15:45:00,7053.2
2019-08-01 16:00:00,7054.4
2019-08-01 16:15:00,7053.9
2019-08-01 16:30:00,7048.9
2019-08-01 16:45:00,7053.8
2019-08-01 17:00:00,7052.8
2019-08-01 17:15:00,7051.1
2019-08-01 17:30:00,7044.4
2019-08-01 17:45:00,7045.2
2019-08-01 18:00:00,7041.4
2019-08-01 18:15:00,7029.4
2019-08-01 18:30:00,7022.9
2019-08-01 18:45:00,7017.4
2019-08-01 19:00:00,7004.2
2019-08-01 19:15:00,6987.3
2019-08-01 19:30:00,6978.7
2019-08-01 19:45:00,6973.4
2019-08-01 20:00:00,6966.0
2019-08-01 20:15:00,6964.0
2019-08-01 20:30:00,6961.1
2019-08-01 20:45:00,6955.3
2019-08-01 21:00:00,6941.0
2019-08-01 21:15:00,6923.5
2019-08-01 21:30:00,6906.1
2019-08-01 21:45:00,6891.1
2019-08-01 22:00:00,6868.8
2019-08-01 22:15:00,6852.5
2019-08-01 22:30:00,6838.6
2019-08-01 22:45:00,6824.6
2019-08-01 23:00:00,6814.7
2019-08-01 23:15:00,6802.4
2019-08-01 23:30:00,6793.5
2019-08-01 23:45:00,6783.9
2019-08-02 00:00:00,6776.1
2019-08-02 00:15:00,6767.9
2019-08-02 00:30:00,6763.8
2019-08-02 00:45:00,6758.9
2019-08-02 01:00:00,6749.3
2019-08-02 01:15:00,6752.5
2019-08-02 01:30:00,6750.1
2019-08-02 01:45:00,6753.1
2019-08-02 02:00:00,6751.8
2019-08-02 02:15:00,6753.5
2019-08-02 02:30:00,6753.8
2019-08-02 02:45:00,6754.4
2019-08-02 03:00:00,6763.0
2019-08-02 03:15:00,6765.9
2019-08-02 03:30:00,6770.8
2019-08-02 03:45:00,6778.4
2019-08-02 04:00:00,6798.8
2019-08-02 04:15:00,6812.8
2019-08-02 04:30:00,6821.6
2019-08-02 04:45:00,6839.5
2019-08-02 05:00:00,6882.4
2019-08-02 05:15:00,6908.2
2019-08-02 05:30:00,6933.9
2019-08-02 05:45:00,6957.3
2019-08-02 06:00:00,6989.1
2019-08-02 06:15:00,7005.6
2019-08-02 06:30:00,7023.7
2019-08-02 06:45:00,7039.4
2019-08-02 07:00:00,7059.2
2019-08-02 07:15:00,7069.6
2019-08-02 07:30:00,7076.0
2019-08-02 07:45:00,7082.4
2019-08-02 08:00:00,7084.2
2019-08-02 08:15:00,7091.6
2019-08-02 08:30:00,7099.6
2019-08-02 08:45:00,7110.0
2019-08-02 09:00:00,7112.9
2019-08-02 09:15:00,7119.2
2019-08-02 09:30:00,7125.8
2019-08-02 09:45:00,7130.3
2019-08-02 10:00:00,7132.7
2019-08-02 10:15:00,7139.7
2019-08-02 10:30:00,7143.6
2019-08-02 10:45:00,7143.6
2019-08-02 11:00:00,7131.8
2019-08-02 11:15:00,7124.3
2019-08-02 11:30:00,7122.5
2019-08-02 11:45:00,7115.5
2019-08-02 12:00:00,7106.7
2019-08-02 12:15:00,7100.7
2019-08-02 12:30:00,7091.0
2019-08-02 12:45:00,7080.9
2019-08-02 13:00:00,7075.4
2019-08-02 13:15:00,7072.1
2019-08-02 13:30:00,7066.1
2019-08-02 13:45:00,7059.0
2019-08-02 14:00:00,7066.1
2019-08-02 14:15:00,7058.9
2019-08-02 14:30:00,7049.8
2019-08-02 14:45:00,7044.6
2019-08-02 15:00:00,7040.1
2019-08-02 15:15:00,7039.9
2019-08-02 15:30:00,7038.2
2019-08-02 15:45:00,7034.1
2019-08-02 16:00:00,7043.4
2019-08-02 16:15:00,7040.8
2019-08-02 16:30:00,7038.9
2019-08-02 16:45:00,7032.0
2019-08-02 17:00:00,7026.6
2019-08-02 17:15:00,7021.9
2019-08-02 17:30:00,7018.9
2019-08-02 17:45:00,7016.5
2019-08-02 18:00:00,7006.2
2019-08-02 18:15:00,6996.1
2019-08-02 18:30:00,6987.5
2019-08-02 18:45:00,6981.1
2019-08-02 19:00:00,6968.7
2019-08-02 19:15:00,6954.5
2019-08-02 19:30:00,6945.3
2019-08-02 19:45:00,6934.7
2019-08-02 20:00:00,6925.3
2019-08-02 20:15:00,6924.5
2019-08-02 20:30:00,6917.4
2019-08-02 20:45:00,6906.8
2019-08-02 21:00:00,6892.9
2019-08-02 21:15:00,6878.3
2019-08-02 21:30:00,6857.0
2019-08-02 21:45:00,6842.5
2019-08-02 22:00:00,6824.4
2019-08-02 22:15:00,6810.9
2019-08-02 22:30:00,6799.4
2019-08-02 22:45:00,6789.0
2019-08-02 23:00:00,6764.8
2019-08-02 23:15:00,6755.6
2019-08-02 23:30:00,6746.7
2019-08-02 23:45:00,6740.2
2019-08-03 00:00:00,6733.0
2019-08-03 00:15:00,6729.4
2019-08-03 00:30:00,6724.3
2019-08-03 00:45:00,6715.7
2019-08-03 01:00:00,6709.1
2019-08-03 01:15:00,6703.4
2019-08-03 01:30:00,6696.3
2019-08-03 01:45:00,6694.5
2019-08-03 02:00:00,6694.2
2019-08-03 02:15:00,6698.4
2019-08-03 02:30:00,6694.7
2019-08-03 02:45:00,6694.6
2019-08-03 03:00:00,6695.7
2019-08-03 03:15:00,6695.2
2019-08-03 03:30:00,6695.3
2019-08-03 03:45:00,6694.5
2019-08-03 04:00:00,6697.1
2019-08-03 04:15:00,6700.9
2019-08-03 04:30:00,6701.3
2019-08-03 04:45:00,6701.5
2019-08-03 05:00:00,6713.9
2019-08-03 05:15:00,6718.8
2019-08-03 05:30:00,6728.8
2019-08-03 05:45:00,6740.0
2019-08-03 06:00:00,6758.5
2019-08-03 06:15:00,6772.9
2019-08-03 06:30:00,6787.2
2019-08-03 06:45:00,6804.6
2019-08-03 07:00:00,6824.4
2019-08-03 07:15:00,6835.0
2019-08-03 07:30:00,6848.0
2019-08-03 07:45:00,6863.3
2019-08-03 08:00:00,6876.0
2019-08-03 08:15:00,6884.7
2019-08-03 08:30:00,6899.1
2019-08-03 08:45:00,6911.9
2019-08-03 09:00:00,6919.1
2019-08-03 09:15:00,6928.0
2019-08-03 09:30:00,6932.4
2019-08-03 09:45:00,6936.2
2019-08-03 10:00:00,6936.5
2019-08-03 10:15:00,6940.3
2019-08-03 10:30:00,6946.3
2019-08-03 10:45:00,6944.4
2019-08-03 11:00:00,6939.3
2019-08-03 11:15:00,6938.4
2019-08-03 11:30:00,6928.9
2019-08-03 11:45:00,6928.3
2019-08-03 12:00:00,6918.6
2019-08-03 12:15:00,6914.9
2019-08-03 12:30:00,6904.7
2019-08-03 12:45:00,6893.3
2019-08-03 13:00:00,6884.7
2019-08-03 13:15:00,6877.8
2019-08-03 13:30:00,6872.8
2019-08-03 13:45:00,6866.5
2019-08-03 14:00:00,6867.5
2019-08-03 14:15:00,6869.3
2019-08-03 14:30:00,6860.9
2019-08-03 14:45:00,6856.8
2019-08-03 15:00:00,6855.9
2019-08-03 15:15:00,6854.5
2019-08-03 15:30:00,6853.8
2019-08-03 15:45:00,6853.7
2019-08-03 16:00:00,6859.4
2019-08-03 16:15:00,6863.7
2019-08-03 16:30:00,6866.2
2019-08-03 16:45:00,6869.5
2019-08-03 17:00:00,6866.4
2019-08-03 17:15:00,6863.5
2019-08-03 17:30:00,6857.0
2019-08-03 17:45:00,6857.5
2019-08-03 18:00:00,6859.6
2019-08-03 18:15:00,6848.3
2019-08-03 18:30:00,6843.0
2019-08-03 18:45:00,6837.7
2019-08-03 19:00:00,6828.8
2019-08-03 19:15:00,6814.0
2019-08-03 19:30:00,6807.1
2019-08-03 19:45:00,6803.3
2019-08-03 20:00:00,6800.8
2019-08-03 20:15:00,6805.8
2019-08-03 20:30:00,6804.2
2019-08-03 20:45:00,6797.8
2019-08-03 21:00:00,6790.0
2019-08-03 21:15:00,6778.2
2019-08-03 21:30:00,6769.8
2019-08-03 21:45:00,6760.0
2019-08-03 22:00:00,6743.5
2019-08-03 22:15:00,6729.1
2019-08-03 22:30:00,6717.9
2019-08-03 22:45:00,6708.8
2019-08-03 23:00:00,6694.2
2019-08-03 23:15:00,6685.3
2019-08-03 23:30:00,6678.9
2019-08-03 23:45:00,6672.2
2019-08-04 00:00:00,6667.1
2019-08-04 00:15:00,6662.2
2019-08-04 00:30:00,6657.1
2019-08-04 00:45:00,6652.4
2019-08-04 01:00:00,6645.8
2019-08-04 01:15:00,6640.2
2019-08-04 01:30:00,6641.5
2019-08-04 01:45:00,6640.8
2019-08-04 02:00:00,6639.7
2019-08-04 02:15:00,6636.5
2019-08-04 02:30:00,6635.2
2019-08-04 02:45:00,6632.8
2019-08-04 03:00:00,6633.2
2019-08-04 03:15:00,6634.6
2019-08-04 03:30:00,6635.2
2019-08-04 03:45:00,6636.4
2019-08-04 04:00:00,6640.2
2019-08-04 04:15:00,6635.2
2019-08-04 04:30:00,6639.1
2019-08-04 04:45:00,6634.6
2019-08-04 05:00:00,6639.5
2019-08-04 05:15:00,6640.1
2019-08-04 05:30:00,6642.8
2019-08-04 05:45:00,6647.7
2019-08-04 06:00:00,6658.0
2019-08-04 06:15:00,6667.9
2019-08-04 06:30:00,6678.4
2019-08-04 06:45:00,6689.8
2019-08-04 07:00:00,6709.5
2019-08-04 07:15:00,6723.0
2019-08-04 07:30:00,6730.1
2019-08-04 07:45:00,6746.5
2019-08-04 08:00:00,6759.8
2019-08-04 08:15:00,6769.5
2019-08-04 08:30:00,6779.1
2019-08-04 08:45:00,6792.1
2019-08-04 09:00:00,6796.3
2019-08-04 09:15:00,6805.2
2019-08-04 09:30:00,6817.3
2019-08-04 09:45:00,6827.7
2019-08-04 10:00:00,6836.7
2019-08-04 10:15:00,6847.9
2019-08-04 10:30:00,6851.6
2019-08-04 10:45:00,6852.8
2019-08-04 11:00:00,6844.2
2019-08-04 11:15:00,6840.5
2019-08-04 11:30:00,6829.8
2019-08-04 11:45:00,6828.6
2019-08-04 12:00:00,6826.9
2019-08-04 12:15:00,6819.4
2019-08-04 12:30:00,6814.9
2019-08-04 12:45:00,6811.1
2019-08-04 13:00:00,6807.9
2019-08-04 13:15:00,6803.6
2019-08-04 13:30:00,6800.4
2019-08-04 13:45:00,6798.2
2019-08-04 14:00:00,6796.1
2019-08-04 14:15:00,6793.3
2019-08-04 14:30:00,6787.0
2019-08-04 14:45:00,6785.8
2019-08-04 15:00:00,6788.5
2019-08-04 15:15:00,6789.0
2019-08-04 15:30:00,6787.7
2019-08-04 15:45:00,6789.1
2019-08-04 16:00:00,6796.1
2019-08-04 16:15:00,6798.0
2019-08-04 16:30:00,6794.8
2019-08-04 16:45:00,6798.2
2019-08-04 17:00:00,6805.3
2019-08-04 17:15:00,6805.6
2019-08-04 17:30:00,6806.8
2019-08-04 17:45:00,6807.2
2019-08-04 18:00:00,6807.7
2019-08-04 18:15:00,6799.7
2019-08-04 18:30:00,6799.0
2019-08-04 18:45:00,6796.7
2019-08-04 19:00:00,6796.1
2019-08-04 19:15:00,6790.8
2019-08-04 19:30:00,6792.0
2019-08-04 19:45:00,6788.1
2019-08-04 20:00:00,6790.7
2019-08-04 20:15:00,6798.7
2019-08-04 20:30:00,6800.6
2019-08-04 20:45:00,6797.2
2019-08-04 21:00:00,6796.0
2019-08-04 21:15:00,6785.6
2019-08-04 21:30:00,6771.6
2019-08-04 21:45:00,6758.8
2019-08-04 22:00:00,6741.7
2019-08-04 22:15:00,6729.1
2019-08-04 22:30:00,6717.4
2019-08-04 22:45:00,6706.8
2019-08-04 23:00:00,6699.4
2019-08-04 23:15:00,6695.7
2019-08-04 23:30:00,6695.8
2019-08-04 23:45:00,6689.0
2019-08-05 00:00:00,6684.4
2019-08-05 00:15:00,6681.6
2019-08-05 00:30:00,6672.6
2019-08-05 00:45:00,6667.9
2019-08-05 01:00:00,6662.4
2019-08-05 01:15:00,6658.2
2019-08-05 01:30:00,6659.1
2019-08-05 01:45:00,6656.3
2019-08-05 02:00:00,6659.2
2019-08-05 02:15:00,6657.0
2019-08-05 02:30:00,6658.1
2019-08-05 02:45:00,6659.9
2019-08-05 03:00:00,6671.5
2019-08-05 03:15:00,6677.8
2019-08-05 03:30:00,6682.4
2019-08-05 03:45:00,6693.2
2019-08-05 04:00:00,6723.3
2019-08-05 04:15:00,6733.8
2019-08-05 04:30:00,6751.8
2019-08-05 04:45:00,6776.5
2019-08-05 05:00:00,6827.4
2019-08-05 05:15:00,6856.2
2019-08-05 05:30:00,6883.6
2019-08-05 05:45:00,6905.9
2019-08-05 06:00:00,6932.8
2019-08-05 06:15:00,6951.5
2019-08-05 06:30:00,6975.6
2019-08-05 06:45:00,6997.6
2019-08-05 07:00:00,7019.8
2019-08-05 07:15:00,7027.1
2019-08-05 07:30:00,7037.3
2019-08-05 07:45:00,7050.4
2019-08-05 08:00:00,7057.2
2019-08-05 08:15:00,7068.7
2019-08-05 08:30:00,7078.1
2019-08-05 08:45:00,7085.9
2019-08-05 09:00:00,7092.2
2019-08-05 09:15:00,7098.3
2019-08-05 09:30:00,7106.3
2019-08-05 09:45:00,7101.7
2019-08-05 10:00:00,7111.6
2019-08-05 10:15:00,7124.6
2019-08-05 10:30:00,7121.8
2019-08-05 10:45:00,7122.2
2019-08-05 11:00:00,7114.1
2019-08-05 11:15:00,7103.6
2019-08-05 11:30:00,7095.3
2019-08-05 11:45:00,7090.9
2019-08-05 12:00:00,7097.9
2019-08-05 12:15:00,7100.6
2019-08-05 12:30:00,7094.3
2019-08-05 12:45:00,7090.4
2019-08-05 13:00:00,7084.5
2019-08-05 13:15:00,7088.1
2019-08-05 13:30:00,7087.3
2019-08-05 13:45:00,7083.2
2019-08-05 14:00:00,7085.3
2019-08-05 14:15:00,7075.4
2019-08-05 14:30:00,7070.1
2019-08-05 14:45:00,7063.1
2019-08-05 15:00:00,7055.0
2019-08-05 15:15:00,7051.0
2019-08-05 15:30:00,7041.6
2019-08-05 15:45:00,7040.4
2019-08-05 16:00:00,7041.1
2019-08-05 16:15:00,7041.0
2019-08-05 16:30:00,7042.1
2019-08-05 16:45:00,7039.3
2019-08-05 17:00:00,7035.7
2019-08-05 17:15:00,7031.2
2019-08-05 17:30:00,7031.6
2019-08-05 17:45:00,7027.1
2019-08-05 18:00:00,7023.6
2019-08-05 18:15:00,7016.3
2019-08-05 18:30:00,7015.5
2019-08-05 18:45:00,7009.2
2019-08-05 19:00:00,6991.5
2019-08-05 19:15:00,6976.9
2019-08-05 19:30:00,6970.2
2019-08-05 19:45:00,6965.7
2019-08-05 20:00:00,6957.9
2019-08-05 20:15:00,6954.1
2019-08-05 20:30:00,6949.2
2019-08-05 20:45:00,6934.1
2019-08-05 21:00:00,6915.1
2019-08-05 21:15:00,6898.6
2019-08-05 21:30:00,6876.1
2019-08-05 21:45:00,6859.0
2019-08-05 22:00:00,6840.0
2019-08-05 22:15:00,6827.8
2019-08-05 22:30:00,6816.8
2019-08-05 22:45:00,6807.0
2019-08-05 23:00:00,6797.9
2019-08-05 23:15:00,6790.1
2019-08-05 23:30:00,6785.1
2019-08-05 23:45:00,6777.5
2019-08-06 00:00:00,6760.3
2019-08-06 00:15:00,6756.6
2019-08-06 00:30:00,6754.0
2019-08-06 00:45:00,6748.6
2019-08-06 01:00:00,6738.5
2019-08-06 01:15:00,6741.6
2019-08-06 01:30:00,6738.0
2019-08-06 01:45:00,6738.4
2019-08-06 02:00:00,6737.8
2019-08-06 02:15:00,6739.2
2019-08-06 02:30:00,6736.0
2019-08-06 02:45:00,6737.7
2019-08-06 03:00:00,6749.1
2019-08-06 03:15:00,6755.3
2019-08-06 03:30:00,6760.6
2019-08-06 03:45:00,6766.4
2019-08-06 04:00:00,6786.2
2019-08-06 04:15:00,6800.9
2019-08-06 04:30:00,6811.5
2019-08-06 04:45:00,6829.1
2019-08-06 05:00:00,6878.2
2019-08-06 05:15:00,6907.6
2019-08-06 05:30:00,6929.4
2019-08-06 05:45:00,6949.0
2019-08-06 06:00:00,6980.5
2019-08-06 06:15:00,7002.2
2019-08-06 06:30:00,7019.7
2019-08-06 06:45:00,7041.5
2019-08-06 07:00:00,7058.4
2019-08-06 07:15:00,7068.3
2019-08-06 07:30:00,7076.4
2019-08-06 07:45:00,7090.2
2019-08-06 08:00:00,7086.8
2019-08-06 08:15:00,7088.7
2019-08-06 08:30:00,7091.8
2019-08-06 08:45:00,7100.8
2019-08-06 09:00:00,7104.3
2019-08-06 09:15:00,7113.4
2019-08-06 09:30:00,7127.3
2019-08-06 09:45:00,7139.1
2019-08-06 10:00:00,7143.2
2019-08-06 10:15:00,7146.4
2019-08-06 10:30:00,7161.4
2019-08-06 10:45:00,7166.5
2019-08-06 11:00:00,7151.0
2019-08-06 11:15:00,7146.3
2019-08-06 11:30:00,7142.3
2019-08-06 11:45:00,7141.0
2019-08-06 12:00:00,7139.0
2019-08-06 12:15:00,7134.2
2019-08-06 12:30:00,7126.2
2019-08-06 12:45:00,7117.6
2019-08-06 13:00:00,7116.8
2019-08-06 13:15:00,7116.6
2019-08-06 13:30:00,7110.8
2019-08-06 13:45:00,7105.6
2019-08-06 14:00:00,7099.4
2019-08-06 14:15:00,7091.7
2019-08-06 14:30:00,7082.7
2019-08-06 14:45:00,7071.0
2019-08-06 15:00:00,7066.8
2019-08-06 15:15:00,7062.2
2019-08-06 15:30:00,7062.5
2019-08-06 15:45:00,7062.3
2019-08-06 16:00:00,7068.9
2019-08-06 16:15:00,7068.7
2019-08-06 16:30:00,7065.1
2019-08-06 16:45:00,7065.3
2019-08-06 17:00:00,7057.8
2019-08-06 17:15:00,7048.6
2019-08-06 17:30:00,7045.7
2019-08-06 17:45:00,7042.1
2019-08-06 18:00:00,7036.6
2019-08-06 18:15:00,7021.0
2019-08-06 18:30:00,7014.8
2019-08-06 18:45:00,7006.7
2019-08-06 19:00:00,6991.9
2019-08-06 19:15:00,6978.9
2019-08-06 19:30:00,6973.1
2019-08-06 19:45:00,6971.0
2019-08-06 20:00:00,6967.0
2019-08-06 20:15:00,6966.9
2019-08-06 20:30:00,6960.0
2019-08-06 20:45:00,6943.3
2019-08-06 21:00:00,6920.0
2019-08-06 21:15:00,6900.8
2019-08-06 21:30:00,6882.9
2019-08-06 21:45:00,6867.6
2019-08-06 22:00:00,6847.6
2019-08-06 22:15:00,6830.8
2019-08-06 22:30:00,6823.0
2019-08-06 22:45:00,6815.4
2019-08-06 23:00:00,6796.7
2019-08-06 23:15:00,6785.6
2019-08-06 23:30:00,6775.3
2019-08-06 23:45:00,6771.0
2019-08-07 00:00:00,6761.9
2019-08-07 00:15:00,6753.9
2019-08-07 00:30:00,6748.0
2019-08-07 00:45:00,6745.1
2019-08-07 01:00:00,6738.8
2019-08-07 01:15:00,6735.8
2019-08-07 01:30:00,6743.7
2019-08-07 01:45:00,6746.6
2019-08-07 02:00:00,6745.2
2019-08-07 02:15:00,6743.0
2019-08-07 02:30:00,6749.0
2019-08-07 02:45:00,6752.7
2019-08-07 03:00:00,6759.6
2019-08-07 03:15:00,6760.6
2019-08-07 03:30:00,6767.9
2019-08-07 03:45:00,6782.0
2019-08-07 04:00:00,6802.1
2019-08-07 04:15:00,6810.0
2019-08-07 04:30:00,6818.3
2019-08-07 04:45:00,6839.4
2019-08-07 05:00:00,6885.4
2019-08-07 05:15:00,6915.1
2019-08-07 05:30:00,6937.5
2019-08-07 05:45:00,6956.6
2019-08-07 06:00:00,6987.0
2019-08-07 06:15:00,7012.7
2019-08-07 06:30:00,7030.4
2019-08-07 06:45:00,7038.3
2019-08-07 07:00:00,7054.9
2019-08-07 07:15:00,7065.3
2019-08-07 07:30:00,7071.3
2019-08-07 07:45:00,7078.3
2019-08-07 08:00:00,7081.1
2019-08-07 08:15:00,7082.0
2019-08-07 08:30:00,7091.7
2019-08-07 08:45:00,7109.5
2019-08-07 09:00:00,7117.2
2019-08-07 09:15:00,7128.0
2019-08-07 09:30:00,7139.0
2019-08-07 09:45:00,7150.7
2019-08-07 10:00:00,7159.1
2019-08-07 10:15:00,7171.3
2019-08-07 10:30:00,7173.2
2019-08-07 10:45:00,7164.4
2019-08-07 11:00:00,7150.9
2019-08-07 11:15:00,7140.7
2019-08-07 11:30:00,7131.2
2019-08-07 11:45:00,7130.7
2019-08-07 12:00:00,7131.7
2019-08-07 12:15:00,7131.0
2019-08-07 12:30:00,7128.1
2019-08-07 12:45:00,7124.2
2019-08-07 13:00:00,7119.5
2019-08-07 13:15:00,7116.0
2019-08-07 13:30:00,7106.1
2019-08-07 13:45:00,7099.5
2019-08-07 14:00:00,7095.7
2019-08-07 14:15:00,7087.6
2019-08-07 14:30:00,7084.9
2019-08-07 14:45:00,7076.1
2019-08-07 15:00:00,7069.0
2019-08-07 15:15:00,7065.4
2019-08-07 15:30:00,7065.1
2019-08-07 15:45:00,7065.3
2019-08-07 16:00:00,7068.7
2019-08-07 16:15:00,7064.0
2019-08-07 16:30:00,7061.4
2019-08-07 16:45:00,7058.0
2019-08-07 17:00:00,7054.1
2019-08-07 17:15:00,7048.8
2019-08-07 17:30:00,7049.8
2019-08-07 17:45:00,7049.6
2019-08-07 18:00:00,7044.0
2019-08-07 18:15:00,7032.7
2019-08-07 18:30:00,7024.3
2019-08-07 18:45:00,7017.8
2019-08-07 19:00:00,6997.6
2019-08-07 19:15:00,7000.6
2019-08-07 19:30:00,6989.6
2019-08-07 19:45:00,6987.1
2019-08-07 20:00:00,6980.9
2019-08-07 20:15:00,6979.2
2019-08-07 20:30:00,6966.5
2019-08-07 20:45:00,6952.2
2019-08-07 21:00:00,6931.8
2019-08-07 21:15:00,6913.0
2019-08-07 21:30:00,6896.5
2019-08-07 21:45:00,6883.0
2019-08-07 22:00:00,6858.8
2019-08-07 22:15:00,6845.5
2019-08-07 22:30:00,6839.2
2019-08-07 22:45:00,6825.3
2019-08-07 23:00:00,6807.9
2019-08-07 23:15:00,6799.1
2019-08-07 23:30:00,6786.4
2019-08-07 23:45:00,6780.4
2019-08-08 00:00:00,6770.8
2019-08-08 00:15:00,6766.8
2019-08-08 00:30:00,6760.2
2019-08-08 00:45:00,6757.6
2019-08-08 01:00:00,6751.1
2019-08-08 01:15:00,6750.3
2019-08-08 01:30:00,6749.7
2019-08-08 01:45:00,6754.9
2019-08-08 02:00:00,6751.8
2019-08-08 02:15:00,6749.4
2019-08-08 02:30:00,6756.8
2019-08-08 02:45:00,6759.7
2019-08-08 03:00:00,6763.2
2019-08-08 03:15:00,6766.9
2019-08-08 03:30:00,6774.0
2019-08-08 03:45:00,6785.2
2019-08-08 04:00:00,6810.7
2019-08-08 04:15:00,6823.1
2019-08-08 04:30:00,6832.3
2019-08-08 04:45:00,6846.6
2019-08-08 05:00:00,6892.1
2019-08-08 05:15:00,6915.0
2019-08-08 05:30:00,6935.9
2019-08-08 05:45:00,6957.0
2019-08-08 06:00:00,6989.3
2019-08-08 06:15:00,7008.9
2019-08-08 06:30:00,7025.3
2019-08-08 06:45:00,7044.0
2019-08-08 07:00:00,7059.7
2019-08-08 07:15:00,7074.9
2019-08-08 07:30:00,7083.7
2019-08-08 07:45:00,7092.7
2019-08-08 08:00:00,7088.4
2019-08-08 08:15:00,7097.0
2019-08-08 08:30:00,7112.9
2019-08-08 08:45:00,7120.7
2019-08-08 09:00:00,7123.4
2019-08-08 09:15:00,7126.3
2019-08-08 09:30:00,7139.2
2019-08-08 09:45:00,7146.3
2019-08-08 10:00:00,7152.7
2019-08-08 10:15:00,7157.7
2019-08-08 10:30:00,7171.3
2019-08-08 10:45:00,7176.1
2019-08-08 11:00:00,7166.1
2019-08-08 11:15:00,7161.9
2019-08-08 11:30:00,7161.5
2019-08-08 11:45:00,7161.9
2019-08-08 12:00:00,7155.9
2019-08-08 12:15:00,7144.3
2019-08-08 12:30:00,7144.9
2019-08-08 12:45:00,7137.6
2019-08-08 13:00:00,7128.8
2019-08-08 13:15:00,7126.8
2019-08-08 13:30:00,7123.9
2019-08-08 13:45:00,7121.7
2019-08-08 14:00:00,7124.7
2019-08-08 14:15:00,7122.9
2019-08-08 14:30:00,7114.0
2019-08-08 14:45:00,7102.2
2019-08-08 15:00:00,7099.2
2019-08-08 15:15:00,7092.0
2019-08-08 15:30:00,7087.1
2019-08-08 15:45:00,7082.2
2019-08-08 16:00:00,7080.4
2019-08-08 16:15:00,7078.8
2019-08-08 16:30:00,7072.3
2019-08-08 16:45:00,7071.0
2019-08-08 17:00:00,7070.2
2019-08-08 17:15:00,7064.8
2019-08-08 17:30:00,7060.9
2019-08-08 17:45:00,7065.5
2019-08-08 18:00:00,7064.7
2019-08-08 18:15:00,7048.9
2019-08-08 18:30:00,7037.6
2019-08-08 18:45:00,7027.3
2019-08-08 19:00:00,7014.4
2019-08-08 19:15:00,7004.3
2019-08-08 19:30:00,6994.1
2019-08-08 19:45:00,6985.3
2019-08-08 20:00:00,6984.7
2019-08-08 20:15:00,6989.5
2019-08-08 20:30:00,6977.8
2019-08-08 20:45:00,6962.0
2019-08-08 21:00:00,6949.9
2019-08-08 21:15:00,6933.0
2019-08-08 21:30:00,6915.6
2019-08-08 21:45:00,6897.4
2019-08-08 22:00:00,6875.4
2019-08-08 22:15:00,6860.3
2019-08-08 22:30:00,6842.8
2019-08-08 22:45:00,6831.4
2019-08-08 23:00:00,6815.7
2019-08-08 23:15:00,6806.4
2019-08-08 23:30:00,6795.5
2019-08-08 23:45:00,6790.9
2019-08-09 00:00:00,6779.9
2019-08-09 00:15:00,6775.9
2019-08-09 00:30:00,6767.6
2019-08-09 00:45:00,6763.4
2019-08-09 01:00:00,6757.5
2019-08-09 01:15:00,6754.4
2019-08-09 01:30:00,6755.3
2019-08-09 01:45:00,6755.0
2019-08-09 02:00:00,6755.0
2019-08-09 02:15:00,6755.1
2019-08-09 02:30:00,6757.0
2019-08-09 02:45:00,6758.3
2019-08-09 03:00:00,6765.8
2019-08-09 03:15:00,6769.4
2019-08-09 03:30:00,6774.3
2019-08-09 03:45:00,6781.9
2019-08-09 04:00:00,6801.5
2019-08-09 04:15:00,6815.8
2019-08-09 04:30:00,6832.1
2019-08-09 04:45:00,6847.6
2019-08-09 05:00:00,6886.0
2019-08-09 05:15:00,6915.5
2019-08-09 05:30:00,6937.7
2019-08-09 05:45:00,6957.9
2019-08-09 06:00:00,6986.0
2019-08-09 06:15:00,7007.9
2019-08-09 06:30:00,7026.6
2019-08-09 06:45:00,7041.6
2019-08-09 07:00:00,7059.0
2019-08-09 07:15:00,7069.4
2019-08-09 07:30:00,7079.4
2019-08-09 07:45:00,7091.0
2019-08-09 08:00:00,7089.3
2019-08-09 08:15:00,7098.6
2019-08-09 08:30:00,7109.7
2019-08-09 08:45:00,7115.9
2019-08-09 09:00:00,7124.1
2019-08-09 09:15:00,7125.2
2019-08-09 09:30:00,7130.9
2019-08-09 09:45:00,7134.4
2019-08-09 10:00:00,7139.4
2019-08-09 10:15:00,7145.6
2019-08-09 10:30:00,7156.1
2019-08-09 10:45:00,7156.0
2019-08-09 11:00:00,7143.2
2019-08-09 11:15:00,7144.5
2019-08-09 11:30:00,7145.1
2019-08-09 11:45:00,7147.4
2019-08-09 12:00:00,7138.5
2019-08-09 12:15:00,7129.2
2019-08-09 12:30:00,7125.4
2019-08-09 12:45:00,7110.7
2019-08-09 13:00:00,7105.6
2019-08-09 13:15:00,7102.0
2019-08-09 13:30:00,7094.1
2019-08-09 13:45:00,7089.8
2019-08-09 14:00:00,7083.7
2019-08-09 14:15:00,7076.3
2019-08-09 14:30:00,7064.5
2019-08-09 14:45:00,7059.1
2019-08-09 15:00:00,7063.6
2019-08-09 15:15:00,7066.0
2019-08-09 15:30:00,7069.0
2019-08-09 15:45:00,7074.1
2019-08-09 16:00:00,7076.4
2019-08-09 16:15:00,7071.4
2019-08-09 16:30:00,7068.0
2019-08-09 16:45:00,7065.3
2019-08-09 17:00:00,7061.0
2019-08-09 17:15:00,7054.5
2019-08-09 17:30:00,7053.0
2019-08-09 17:45:00,7048.2
2019-08-09 18:00:00,7041.3
2019-08-09 18:15:00,7026.4
2019-08-09 18:30:00,7018.9
2019-08-09 18:45:00,7011.4
2019-08-09 19:00:00,7002.0
2019-08-09 19:15:00,6989.5
2019-08-09 19:30:00,6983.4
2019-08-09 19:45:00,6980.7
2019-08-09 20:00:00,6971.4
2019-08-09 20:15:00,6961.6
2019-08-09 20:30:00,6952.7
2019-08-09 20:45:00,6937.7
2019-08-09 21:00:00,6928.3
2019-08-09 21:15:00,6911.3
2019-08-09 21:30:00,6890.7
2019-08-09 21:45:00,6877.9
2019-08-09 22:00:00,6856.9
2019-08-09 22:15:00,6845.7
2019-08-09 22:30:00,6837.1
2019-08-09 22:45:00,6824.2
2019-08-09 23:00:00,6814.7
2019-08-09 23:15:00,6803.8
2019-08-09 23:30:00,6794.8
2019-08-09 23:45:00,6783.7
2019-08-10 00:00:00,6770.2
2019-08-10 00:15:00,6765.9
2019-08-10 00:30:00,6761.5
2019-08-10 00:45:00,6755.3
2019-08-10 01:00:00,6743.5
2019-08-10 01:15:00,6739.2
2019-08-10 01:30:00,6733.6
2019-08-10 01:45:00,6730.0
2019-08-10 02:00:00,6727.7
2019-08-10 02:15:00,6728.2
2019-08-10 02:30:00,6720.8
2019-08-10 02:45:00,6725.6
2019-08-10 03:00:00,6727.7
2019-08-10 03:15:00,6725.4
2019-08-10 03:30:00,6728.6
2019-08-10 03:45:00,6729.7
2019-08-10 04:00:00,6738.1
2019-08-10 04:15:00,6734.1
2019-08-10 04:30:00,6736.6
2019-08-10 04:45:00,6739.3
2019-08-10 05:00:00,6747.6
2019-08-10 05:15:00,6756.6
2019-08-10 05:30:00,6769.3
2019-08-10 05:45:00,6784.6
2019-08-10 06:00:00,6805.2
2019-08-10 06:15:00,6821.4
2019-08-10 06:30:00,6830.4
2019-08-10 06:45:00,6844.4
2019-08-10 07:00:00,6858.9
2019-08-10 07:15:00,6875.1
2019-08-10 07:30:00,6890.4
2019-08-10 07:45:00,6910.9
2019-08-10 08:00:00,6927.0
2019-08-10 08:15:00,6938.5
2019-08-10 08:30:00,6960.4
2019-08-10 08:45:00,6968.9
2019-08-10 09:00:00,6972.3
2019-08-10 09:15:00,6972.0
2019-08-10 09:30:00,6981.3
2019-08-10 09:45:00,6986.0
2019-08-10 10:00:00,6989.0
2019-08-10 10:15:00,6996.1
2019-08-10 10:30:00,7002.4
2019-08-10 10:45:00,7004.3
2019-08-10 11:00:00,7002.4
2019-08-10 11:15:00,6993.4
2019-08-10 11:30:00,6988.2
2019-08-10 11:45:00,6987.2
2019-08-10 12:00:00,6974.8
2019-08-10 12:15:00,6970.7
2019-08-10 12:30:00,6965.9
2019-08-10 12:45:00,6953.2
2019-08-10 13:00:00,6944.1
2019-08-10 13:15:00,6934.7
2019-08-10 13:30:00,6933.9
2019-08-10 13:45:00,6935.9
2019-08-10 14:00:00,6936.4
2019-08-10 14:15:00,6928.6
2019-08-10 14:30:00,6924.8
2019-08-10 14:45:00,6922.5
2019-08-10 15:00:00,6926.5
2019-08-10 15:15:00,6927.7
2019-08-10 15:30:00,6931.7
2019-08-10 15:45:00,6924.9
2019-08-10 16:00:00,6926.0
2019-08-10 16:15:00,6930.4
2019-08-10 16:30:00,6933.9
2019-08-10 16:45:00,6935.4
2019-08-10 17:00:00,6935.4
2019-08-10 17:15:00,6932.6
2019-08-10 17:30:00,6931.7
2019-08-10 17:45:00,6920.3
2019-08-10 18:00:00,6921.7
2019-08-10 18:15:00,6911.8
2019-08-10 18:30:00,6902.8
2019-08-10 18:45:00,6895.4
2019-08-10 19:00:00,6880.6
2019-08-10 19:15:00,6873.2
2019-08-10 19:30:00,6865.5
2019-08-10 19:45:00,6856.6
2019-08-10 20:00:00,6853.3
2019-08-10 20:15:00,6853.6
2019-08-10 20:30:00,6845.9
2019-08-10 20:45:00,6835.8
2019-08-10 21:00:00,6830.1
2019-08-10 21:15:00,6816.0
2019-08-10 21:30:00,6801.2
2019-08-10 21:45:00,6795.6
2019-08-10 22:00:00,6783.2
2019-08-10 22:15:00,6769.6
2019-08-10 22:30:00,6760.6
2019-08-10 22:45:00,6756.9
2019-08-10 23:00:00,6748.4
2019-08-10 23:15:00,6739.2
2019-08-10 23:30:00,6728.0
2019-08-10 23:45:00,6719.8
2019-08-11 00:00:00,6712.3
2019-08-11 00:15:00,6708.5
2019-08-11 00:30:00,6701.8
2019-08-11 00:45:00,6692.6
2019-08-11 01:00:00,6690.0
2019-08-11 01:15:00,6686.5
2019-08-11 01:30:00,6680.5
2019-08-11 01:45:00,6678.4
2019-08-11 02:00:00,6676.9
2019-08-11 02:15:00,6675.6
2019-08-11 02:30:00,6673.5
2019-08-11 02:45:00,6673.7
2019-08-11 03:00:00,6671.3
2019-08-11 03:15:00,6673.5
2019-08-11 03:30:00,6669.5
2019-08-11 03:45:00,6673.7
2019-08-11 04:00:00,6679.2
2019-08-11 04:15:00,6678.7
2019-08-11 04:30:00,6679.1
2019-08-11 04:45:00,6673.2
2019-08-11 05:00:00,6682.4
2019-08-11 05:15:00,6685.5
2019-08-11 05:30:00,6687.6
2019-08-11 05:45:00,6693.2
2019-08-11 06:00:00,6708.0
2019-08-11 06:15:00,6718.3
2019-08-11 06:30:00,6729.6
2019-08-11 06:45:00,6740.7
2019-08-11 07:00:00,6755.9
2019-08-11 07:15:00,6769.6
2019-08-11 07:30:00,6783.0
2019-08-11 07:45:00,6792.6
2019-08-11 08:00:00,6808.3
2019-08-11 08:15:00,6819.5
2019-08-11 08:30:00,6833.2
2019-08-11 08:45:00,6844.3
2019-08-11 09:00:00,6854.2
2019-08-11 09:15:00,6869.0
2019-08-11 09:30:00,6871.2
2019-08-11 09:45:00,6879.2
2019-08-11 10:00:00,6900.6
2019-08-11 10:15:00,6909.0
2019-08-11 10:30:00,6917.1
2019-08-11 10:45:00,6912.2
2019-08-11 11:00:00,6909.0
2019-08-11 11:15:00,6903.0
2019-08-11 11:30:00,6893.5
2019-08-11 11:45:00,6886.0
2019-08-11 12:00:00,6874.4
2019-08-11 12:15:00,6872.0
2019-08-11 12:30:00,6867.2
2019-08-11 12:45:00,6855.9
2019-08-11 13:00:00,6849.5
2019-08-11 13:15:00,6848.8
2019-08-11 13:30:00,6851.9
2019-08-11 13:45:00,6847.8
2019-08-11 14:00:00,6839.7
2019-08-11 14:15:00,6841.4
2019-08-11 14:30:00,6838.0
2019-08-11 14:45:00,6830.0
2019-08-11 15:00:00,6822.5
2019-08-11 15:15:00,6816.9
2019-08-11 15:30:00,6811.9
2019-08-11 15:45:00,6807.2
2019-08-11 16:00:00,6807.4
2019-08-11 16:15:00,6811.3
2019-08-11 16:30:00,6818.9
2019-08-11 16:45:00,6821.0
2019-08-11 17:00:00,6829.4
2019-08-11 17:15:00,6837.5
2019-08-11 17:30:00,6839.3
2019-08-11 17:45:00,6842.5
2019-08-11 18:00:00,6839.8
2019-08-11 18:15:00,6829.7
2019-08-11 18:30:00,6827.4
2019-08-11 18:45:00,6822.5
2019-08-11 19:00:00,6826.4
2019-08-11 19:15:00,6825.2
2019-08-11 19:30:00,6826.1
2019-08-11 19:45:00,6824.8
2019-08-11 20:00:00,6828.2
2019-08-11 20:15:00,6828.3
2019-08-11 20:30:00,6823.1
2019-08-11 20:45:00,6816.7
2019-08-11 21:00:00,6812.6
2019-08-11 21:15:00,6803.3
2019-08-11 21:30:00,6786.0
2019-08-11 21:45:00,6776.5
2019-08-11 22:00:00,6768.9
2019-08-11 22:15:00,6755.9
2019-08-11 22:30:00,6743.2
2019-08-11 22:45:00,6734.7
2019-08-11 23:00:00,6729.3
2019-08-11 23:15:00,6719.0
2019-08-11 23:30:00,6717.6
2019-08-11 23:45:00,6713.4
2019-08-12 00:00:00,6705.3
2019-08-12 00:15:00,6702.3
2019-08-12 00:30:00,6700.5
2019-08-12 00:45:00,6698.2
2019-08-12 01:00:00,6693.4
2019-08-12 01:15:00,6691.5
2019-08-12 01:30:00,6688.4
2019-08-12 01:45:00,6690.6
2019-08-12 02:00:00,6685.0
2019-08-12 02:15:00,6687.6
2019-08-12 02:30:00,6684.4
2019-08-12 02:45:00,6689.4
2019-08-12 03:00:00,6698.6
2019-08-12 03:15:00,6700.5
2019-08-12 03:30:00,6710.4
2019-08-12 03:45:00,6722.2
2019-08-12 04:00:00,6750.4
2019-08-12 04:15:00,6767.5
2019-08-12 04:30:00,6784.7
2019-08-12 04:45:00,6813.5
2019-08-12 05:00:00,6861.3
2019-08-12 05:15:00,6891.2
2019-08-12 05:30:00,6914.1
2019-08-12 05:45:00,6936.5
2019-08-12 06:00:00,6968.7
2019-08-12 06:15:00,6991.6
2019-08-12 06:30:00,7013.5
2019-08-12 06:45:00,7029.9
2019-08-12 07:00:00,7050.4
2019-08-12 07:15:00,7061.4
2019-08-12 07:30:00,7068.9
2019-08-12 07:45:00,7074.3
2019-08-12 08:00:00,7076.5
2019-08-12 08:15:00,7089.7
2019-08-12 08:30:00,7098.8
2019-08-12 08:45:00,7106.3
2019-08-12 09:00:00,7111.0
2019-08-12 09:15:00,7110.3
2019-08-12 09:30:00,7117.9
2019-08-12 09:45:00,7138.3
2019-08-12 10:00:00,7155.2
2019-08-12 10:15:00,7166.3
2019-08-12 10:30:00,7170.9
2019-08-12 10:45:00,7154.1
2019-08-12 11:00:00,7138.7
2019-08-12 11:15:00,7130.5
2019-08-12 11:30:00,7131.6
2019-08-12 11:45:00,7129.7
2019-08-12 12:00:00,7133.1
2019-08-12 12:15:00,7133.3
2019-08-12 12:30:00,7124.6
2019-08-12 12:45:00,7113.5
2019-08-12 13:00:00,7103.6
2019-08-12 13:15:00,7098.4
2019-08-12 13:30:00,7092.5
2019-08-12 13:45:00,7081.3
2019-08-12 14:00:00,7079.2
2019-08-12 14:15:00,7072.1
2019-08-12 14:30:00,7069.9
2019-08-12 14:45:00,7064.8
2019-08-12 15:00:00,7071.5
2019-08-12 15:15:00,7066.0
2019-08-12 15:30:00,7060.1
2019-08-12 15:45:00,7056.6
2019-08-12 16:00:00,7057.6
2019-08-12 16:15:00,7056.1
2019-08-12 16:30:00,7056.9
2019-08-12 16:45:00,7056.8
2019-08-12 17:00:00,7052.8
2019-08-12 17:15:00,7046.2
2019-08-12 17:30:00,7040.1
2019-08-12 17:45:00,7039.1
2019-08-12 18:00:00,7034.7
2019-08-12 18:15:00,7027.9
2019-08-12 18:30:00,7020.3
2019-08-12 18:45:00,7014.4
2019-08-12 19:00:00,7003.7
2019-08-12 19:15:00,6988.7
2019-08-12 19:30:00,6985.7
2019-08-12 19:45:00,6987.6
2019-08-12 20:00:00,6988.2
2019-08-12 20:15:00,6978.4
2019-08-12 20:30:00,6962.4
2019-08-12 20:45:00,6951.9
2019-08-12 21:00:00,6932.4
2019-08-12 21:15:00,6912.4
2019-08-12 21:30:00,6894.1
2019-08-12 21:45:00,6875.3
2019-08-12 22:00:00,6851.3
2019-08-12 22:15:00,6838.9
2019-08-12 22:30:00,6823.3
2019-08-12 22:45:00,6816.3
2019-08-12 23:00:00,6804.0
2019-08-12 23:15:00,6793.6
2019-08-12 23:30:00,6785.6
2019-08-12 23:45:00,6778.2
2019-08-13 00:00:00,6764.8
2019-08-13 00:15:00,6757.4
2019-08-13 00:30:00,6751.4
2019-08-13 00:45:00,6750.8
2019-08-13 01:00:00,6745.0
2019-08-13 01:15:00,6743.0
2019-08-13 01:30:00,6743.9
2019-08-13 01:45:00,6744.6
2019-08-13 02:00:00,6741.7
2019-08-13 02:15:00,6744.0
2019-08-13 02:30:00,6745.1
2019-08-13 02:45:00,6744.5
2019-08-13 03:00:00,6751.2
2019-08-13 03:15:00,6758.5
2019-08-13 03:30:00,6764.9
2019-08-13 03:45:00,6775.7
2019-08-13 04:00:00,6798.8
2019-08-13 04:15:00,6814.7
2019-08-13 04:30:00,6826.9
2019-08-13 04:45:00,6851.5
2019-08-13 05:00:00,6901.4
2019-08-13 05:15:00,6934.7
2019-08-13 05:30:00,6954.8
2019-08-13 05:45:00,6974.0
2019-08-13 06:00:00,7004.1
2019-08-13 06:15:00,7020.4
2019-08-13 06:30:00,7038.2
2019-08-13 06:45:00,7053.8
2019-08-13 07:00:00,7071.7
2019-08-13 07:15:00,7081.2
2019-08-13 07:30:00,7090.7
2019-08-13 07:45:00,7097.1
2019-08-13 08:00:00,7095.9
2019-08-13 08:15:00,7098.2
2019-08-13 08:30:00,7110.6
2019-08-13 08:45:00,7120.7
2019-08-13 09:00:00,7128.2
2019-08-13 09:15:00,7132.1
2019-08-13 09:30:00,7136.4
2019-08-13 09:45:00,7148.3
2019-08-13 10:00:00,7156.7
2019-08-13 10:15:00,7163.7
2019-08-13 10:30:00,7168.4
2019-08-13 10:45:00,7169.6
2019-08-13 11:00:00,7154.8
2019-08-13 11:15:00,7151.3
2019-08-13 11:30:00,7149.7
2019-08-13 11:45:00,7144.7
2019-08-13 12:00:00,7130.7
2019-08-13 12:15:00,7120.7
2019-08-13 12:30:00,7113.6
2019-08-13 12:45:00,7100.6
2019-08-13 13:00:00,7099.8
2019-08-13 13:15:00,7104.9
2019-08-13 13:30:00,7100.7
2019-08-13 13:45:00,7096.1
2019-08-13 14:00:00,7098.8
2019-08-13 14:15:00,7094.5
2019-08-13 14:30:00,7081.2
2019-08-13 14:45:00,7074.1
2019-08-13 15:00:00,7069.2
2019-08-13 15:15:00,7067.6
2019-08-13 15:30:00,7059.5
2019-08-13 15:45:00,7052.2
2019-08-13 16:00:00,7053.2
2019-08-13 16:15:00,7050.9
2019-08-13 16:30:00,7056.1
2019-08-13 16:45:00,7051.1
2019-08-13 17:00:00,7042.8
2019-08-13 17:15:00,7042.9
2019-08-13 17:30:00,7049.5
2019-08-13 17:45:00,7055.8
2019-08-13 18:00:00,7047.3
2019-08-13 18:15:00,7034.2
2019-08-13 18:30:00,7026.3
2019-08-13 18:45:00,7014.1
2019-08-13 19:00:00,7000.9
2019-08-13 19:15:00,6990.8
2019-08-13 19:30:00,6984.1
2019-08-13 19:45:00,6989.0
2019-08-13 20:00:00,6988.8
2019-08-13 20:15:00,6984.3
2019-08-13 20:30:00,6968.2
2019-08-13 20:45:00,6952.1
2019-08-13 21:00:00,6935.4
2019-08-13 21:15:00,6914.2
2019-08-13 21:30:00,6893.5
2019-08-13 21:45:00,6875.5
2019-08-13 22:00:00,6855.5
2019-08-13 22:15:00,6840.6
2019-08-13 22:30:00,6832.5
2019-08-13 22:45:00,6821.4
2019-08-13 23:00:00,6807.0
2019-08-13 23:15:00,6798.2
2019-08-13 23:30:00,6793.3
2019-08-13 23:45:00,6787.4
2019-08-14 00:00:00,6777.1
2019-08-14 00:15:00,6766.6
2019-08-14 00:30:00,6760.1
2019-08-14 00:45:00,6759.0
2019-08-14 01:00:00,6754.2
2019-08-14 01:15:00,6745.3
2019-08-14 01:30:00,6748.0
2019-08-14 01:45:00,6753.4
2019-08-14 02:00:00,6756.5
2019-08-14 02:15:00,6753.1
2019-08-14 02:30:00,6753.1
2019-08-14 02:45:00,6756.8
2019-08-14 03:00:00,6762.7
2019-08-14 03:15:00,6768.2
2019-08-14 03:30:00,6772.9
2019-08-14 03:45:00,6780.8
2019-08-14 04:00:00,6804.0
2019-08-14 04:15:00,6812.5
2019-08-14 04:30:00,6825.2
2019-08-14 04:45:00,6846.1
2019-08-14 05:00:00,6893.7
2019-08-14 05:15:00,6918.0
2019-08-14 05:30:00,6942.3
2019-08-14 05:45:00,6966.4
2019-08-14 06:00:00,6995.9
2019-08-14 06:15:00,7013.9
2019-08-14 06:30:00,7029.0
2019-08-14 06:45:00,7044.0
2019-08-14 07:00:00,7055.0
2019-08-14 07:15:00,7064.4
2019-08-14 07:30:00,7067.4
2019-08-14 07:45:00,7072.4
2019-08-14 08:00:00,7074.4
2019-08-14 08:15:00,7080.3
2019-08-14 08:30:00,7086.7
2019-08-14 08:45:00,7093.8
2019-08-14 09:00:00,7093.8
2019-08-14 09:15:00,7098.8
2019-08-14 09:30:00,7105.8
2019-08-14 09:45:00,7115.0
2019-08-14 10:00:00,7123.4
2019-08-14 10:15:00,7133.6
2019-08-14 10:30:00,7135.9
2019-08-14 10:45:00,7137.0
2019-08-14 11:00:00,7127.1
2019-08-14 11:15:00,7122.8
2019-08-14 11:30:00,7120.3
2019-08-14 11:45:00,7113.4
2019-08-14 12:00:00,7116.1
2019-08-14 12:15:00,7113.6
2019-08-14 12:30:00,7105.2
2019-08-14 12:45:00,7094.7
2019-08-14 13:00:00,7088.0
2019-08-14 13:15:00,7086.8
2019-08-14 13:30:00,7082.5
2019-08-14 13:45:00,7076.7
2019-08-14 14:00:00,7078.7
2019-08-14 14:15:00,7067.4
2019-08-14 14:30:00,7059.8
2019-08-14 14:45:00,7050.6
2019-08-14 15:00:00,7042.8
2019-08-14 15:15:00,7038.1
2019-08-14 15:30:00,7031.2
2019-08-14 15:45:00,7028.3
2019-08-14 16:00:00,7028.9
2019-08-14 16:15:00,7028.8
2019-08-14 16:30:00,7030.1
2019-08-14 16:45:00,7027.9
2019-08-14 17:00:00,7027.1
2019-08-14 17:15:00,7022.9
2019-08-14 17:30:00,7022.4
2019-08-14 17:45:00,7023.3
2019-08-14 18:00:00,7021.4
2019-08-14 18:15:00,7015.7
2019-08-14 18:30:00,7013.2
2019-08-14 18:45:00,7004.6
2019-08-14 19:00:00,6996.2
2019-08-14 19:15:00,6982.6
2019-08-14 19:30:00,6973.2
2019-08-14 19:45:00,6968.3
2019-08-14 20:00:00,6974.0
2019-08-14 20:15:00,6965.4
2019-08-14 20:30:00,6949.3
2019-08-14 20:45:00,6932.8
2019-08-14 21:00:00,6915.6
2019-08-14 21:15:00,6896.0
2019-08-14 21:30:00,6878.2
2019-08-14 21:45:00,6859.4
2019-08-14 22:00:00,6837.5
2019-08-14 22:15:00,6825.5
2019-08-14 22:30:00,6807.8
2019-08-14 22:45:00,6798.2
2019-08-14 23:00:00,6784.8
2019-08-14 23:15:00,6779.4
2019-08-14 23:30:00,6768.2
2019-08-14 23:45:00,6756.9
2019-08-15 00:00:00,6751.4
2019-08-15 00:15:00,6745.3
2019-08-15 00:30:00,6739.6
2019-08-15 00:45:00,6741.5
2019-08-15 01:00:00,6737.2
2019-08-15 01:15:00,6734.9
2019-08-15 01:30:00,6733.8
2019-08-15 01:45:00,6739.5
2019-08-15 02:00:00,6740.9
2019-08-15 02:15:00,6740.5
2019-08-15 02:30:00,6739.5
2019-08-15 02:45:00,6746.2
2019-08-15 03:00:00,6752.4
2019-08-15 03:15:00,6759.4
2019-08-15 03:30:00,6766.0
2019-08-15 03:45:00,6774.0
2019-08-15 04:00:00,6793.0
2019-08-15 04:15:00,6804.2
2019-08-15 04:30:00,6821.0
2019-08-15 04:45:00,6844.8
2019-08-15 05:00:00,6883.4
2019-08-15 05:15:00,6905.1
2019-08-15 05:30:00,6919.7
2019-08-15 05:45:00,6939.9
2019-08-15 06:00:00,6963.2
2019-08-15 06:15:00,6977.1
2019-08-15 06:30:00,6994.0
2019-08-15 06:45:00,7007.3
2019-08-15 07:00:00,7024.8
2019-08-15 07:15:00,7038.6
2019-08-15 07:30:00,7056.9
2019-08-15 07:45:00,7067.2
2019-08-15 08:00:00,7072.0
2019-08-15 08:15:00,7075.5
2019-08-15 08:30:00,7085.2
2019-08-15 08:45:00,7091.5
2019-08-15 09:00:00,7097.7
2019-08-15 09:15:00,7103.9
2019-08-15 09:30:00,7113.4
2019-08-15 09:45:00,7118.0
2019-08-15 10:00:00,7127.8
2019-08-15 10:15:00,7138.0
2019-08-15 10:30:00,7141.5
2019-08-15 10:45:00,7143.2
2019-08-15 11:00:00,7134.8
2019-08-15 11:15:00,7135.8
2019-08-15 11:30:00,7134.3
2019-08-15 11:45:00,7136.3
2019-08-15 12:00:00,7134.8
2019-08-15 12:15:00,7126.6
2019-08-15 12:30:00,7119.1
2019-08-15 12:45:00,7115.7
2019-08-15 13:00:00,7112.9
2019-08-15 13:15:00,7104.4
2019-08-15 13:30:00,7110.1
2019-08-15 13:45:00,7107.1
2019-08-15 14:00:00,7106.0
2019-08-15 14:15:00,7098.7
2019-08-15 14:30:00,7095.3
2019-08-15 14:45:00,7095.5
2019-08-15 15:00:00,7094.5
2019-08-15 15:15:00,7087.8
2019-08-15 15:30:00,7081.3
2019-08-15 15:45:00,7081.2
2019-08-15 16:00:00,7068.6
2019-08-15 16:15:00,7067.1
2019-08-15 16:30:00,7074.4
2019-08-15 16:45:00,7073.9
2019-08-15 17:00:00,7074.5
2019-08-15 17:15:00,7065.9
2019-08-15 17:30:00,7055.2
2019-08-15 17:45:00,7056.7
2019-08-15 18:00:00,7047.7
2019-08-15 18:15:00,7036.9
2019-08-15 18:30:00,7030.1
2019-08-15 18:45:00,7020.4
2019-08-15 19:00:00,7013.9
2019-08-15 19:15:00,6997.9
2019-08-15 19:30:00,6990.0
2019-08-15 19:45:00,6985.4
2019-08-15 20:00:00,6971.0
2019-08-15 20:15:00,6956.2
2019-08-15 20:30:00,6943.5
2019-08-15 20:45:00,6927.8
2019-08-15 21:00:00,6907.5
2019-08-15 21:15:00,6891.2
2019-08-15 21:30:00,6874.0
2019-08-15 21:45:00,6861.1
2019-08-15 22:00:00,6840.8
2019-08-15 22:15:00,6834.5
2019-08-15 22:30:00,6824.0
2019-08-15 22:45:00,6814.2
2019-08-15 23:00:00,6797.4
2019-08-15 23:15:00,6789.4
2019-08-15 23:30:00,6778.9
2019-08-15 23:45:00,6774.9
2019-08-16 00:00:00,6764.8
2019-08-16 00:15:00,6760.6
2019-08-16 00:30:00,6760.1
2019-08-16 00:45:00,6755.3
2019-08-16 01:00:00,6749.7
2019-08-16 01:15:00,6749.9
2019-08-16 01:30:00,6747.3
2019-08-16 01:45:00,6750.0
2019-08-16 02:00:00,6749.7
2019-08-16 02:15:00,6751.3
2019-08-16 02:30:00,6747.3
2019-08-16 02:45:00,6748.4
2019-08-16 03:00:00,6755.6
2019-08-16 03:15:00,6761.0
2019-08-16 03:30:00,6765.2
2019-08-16 03:45:00,6776.4
2019-08-16 04:00:00,6795.5
2019-08-16 04:15:00,6805.5
2019-08-16 04:30:00,6817.9
2019-08-16 04:45:00,6835.4
2019-08-16 05:00:00,6879.2
2019-08-16 05:15:00,6906.9
2019-08-16 05:30:00,6924.3
2019-08-16 05:45:00,6946.6
2019-08-16 06:00:00,6975.1
2019-08-16 06:15:00,6993.7
2019-08-16 06:30:00,7003.0
2019-08-16 06:45:00,7019.9
2019-08-16 07:00:00,7034.6
2019-08-16 07:15:00,7045.7
2019-08-16 07:30:00,7054.9
2019-08-16 07:45:00,7059.9
2019-08-16 08:00:00,7059.0
2019-08-16 08:15:00,7066.3
2019-08-16 08:30:00,7078.3
2019-08-16 08:45:00,7086.7
2019-08-16 09:00:00,7093.5
2019-08-16 09:15:00,7102.2
2019-08-16 09:30:00,7103.9
2019-08-16 09:45:00,7107.9
2019-08-16 10:00:00,7109.3
2019-08-16 10:15:00,7113.2
2019-08-16 10:30:00,7116.3
2019-08-16 10:45:00,7118.4
2019-08-16 11:00:00,7106.3
2019-08-16 11:15:00,7101.4
2019-08-16 11:30:00,7095.7
2019-08-16 11:45:00,7090.3
2019-08-16 12:00:00,7082.3
2019-08-16 12:15:00,7079.2
2019-08-16 12:30:00,7076.6
2019-08-16 12:45:00,7062.5
2019-08-16 13:00:00,7057.3
2019-08-16 13:15:00,7051.7
2019-08-16 13:30:00,7041.8
2019-08-16 13:45:00,7029.6
2019-08-16 14:00:00,7023.4
2019-08-16 14:15:00,7017.6
2019-08-16 14:30:00,7013.0
2019-08-16 14:45:00,7007.5
2019-08-16 15:00:00,7008.5
2019-08-16 15:15:00,7000.4
2019-08-16 15:30:00,6994.8
2019-08-16 15:45:00,6990.2
2019-08-16 16:00:00,6994.6
2019-08-16 16:15:00,6994.8
2019-08-16 16:30:00,6989.4
2019-08-16 16:45:00,6987.1
2019-08-16 17:00:00,6981.7
2019-08-16 17:15:00,6980.6
2019-08-16 17:30:00,6979.0
2019-08-16 17:45:00,6980.5
2019-08-16 18:00:00,6975.7
2019-08-16 18:15:00,6964.7
2019-08-16 18:30:00,6962.6
2019-08-16 18:45:00,6960.3
2019-08-16 19:00:00,6949.7
2019-08-16 19:15:00,6935.0
2019-08-16 19:30:00,6927.5
2019-08-16 19:45:00,6926.6
2019-08-16 20:00:00,6928.1
2019-08-16 20:15:00,6921.6
2019-08-16 20:30:00,6909.4
2019-08-16 20:45:00,6887.5
2019-08-16 21:00:00,6871.6
2019-08-16 21:15:00,6856.3
2019-08-16 21:30:00,6841.6
2019-08-16 21:45:00,6824.8
2019-08-16 22:00:00,6807.5
2019-08-16 22:15:00,6795.1
2019-08-16 22:30:00,6784.9
2019-08-16 22:45:00,6778.9
2019-08-16 23:00:00,6769.4
2019-08-16 23:15:00,6759.9
2019-08-16 23:30:00,6754.6
2019-08-16 23:45:00,6745.5
2019-08-17 00:00:00,6736.4
2019-08-17 00:15:00,6731.3
2019-08-17 00:30:00,6729.9
2019-08-17 00:45:00,6724.6
2019-08-17 01:00:00,6719.9
2019-08-17 01:15:00,6717.9
2019-08-17 01:30:00,6714.4
2019-08-17 01:45:00,6719.2
2019-08-17 02:00:00,6713.3
2019-08-17 02:15:00,6712.7
2019-08-17 02:30:00,6715.5
2019-08-17 02:45:00,6712.8
2019-08-17 03:00:00,6711.9
2019-08-17 03:15:00,6711.7
2019-08-17 03:30:00,6714.5
2019-08-17 03:45:00,6719.6
2019-08-17 04:00:00,6733.1
2019-08-17 04:15:00,6732.7
2019-08-17 04:30:00,6734.2
2019-08-17 04:45:00,6738.8
2019-08-17 05:00:00,6749.9
2019-08-17 05:15:00,6748.9
2019-08-17 05:30:00,6756.8
2019-08-17 05:45:00,6767.0
2019-08-17 06:00:00,6790.0
2019-08-17 06:15:00,6799.0
2019-08-17 06:30:00,6812.1
2019-08-17 06:45:00,6820.9
2019-08-17 07:00:00,6837.8
2019-08-17 07:15:00,6854.0
2019-08-17 07:30:00,6868.8
2019-08-17 07:45:00,6881.6
2019-08-17 08:00:00,6892.7
2019-08-17 08:15:00,6902.9
2019-08-17 08:30:00,6912.1
2019-08-17 08:45:00,6921.5
2019-08-17 09:00:00,6926.6
2019-08-17 09:15:00,6934.6
2019-08-17 09:30:00,6936.0
2019-08-17 09:45:00,6941.8
2019-08-17 10:00:00,6946.2
2019-08-17 10:15:00,6956.0
2019-08-17 10:30:00,6964.5
2019-08-17 10:45:00,6964.2
2019-08-17 11:00:00,6956.7
2019-08-17 11:15:00,6951.3
2019-08-17 11:30:00,6948.8
2019-08-17 11:45:00,6945.5
2019-08-17 12:00:00,6934.7
2019-08-17 12:15:00,6931.3
2019-08-17 12:30:00,6922.9
2019-08-17 12:45:00,6916.6
2019-08-17 13:00:00,6917.3
2019-08-17 13:15:00,6920.1
2019-08-17 13:30:00,6919.2
2019-08-17 13:45:00,6914.2
2019-08-17 14:00:00,6909.7
2019-08-17 14:15:00,6907.8
2019-08-17 14:30:00,6899.7
2019-08-17 14:45:00,6895.8
2019-08-17 15:00:00,6894.3
2019-08-17 15:15:00,6889.7
2019-08-17 15:30:00,6886.2
2019-08-17 15:45:00,6884.8
2019-08-17 16:00:00,6893.6
2019-08-17 16:15:00,6895.5
2019-08-17 16:30:00,6887.7
2019-08-17 16:45:00,6888.6
2019-08-17 17:00:00,6886.2
2019-08-17 17:15:00,6883.6
2019-08-17 17:30:00,6880.9
2019-08-17 17:45:00,6874.9
2019-08-17 18:00:00,6877.7
2019-08-17 18:15:00,6866.3
2019-08-17 18:30:00,6860.5
2019-08-17 18:45:00,6853.2
2019-08-17 19:00:00,6848.7
2019-08-17 19:15:00,6836.4
2019-08-17 19:30:00,6836.0
2019-08-17 19:45:00,6838.0
2019-08-17 20:00:00,6835.7
2019-08-17 20:15:00,6827.8
2019-08-17 20:30:00,6817.1
2019-08-17 20:45:00,6807.6
2019-08-17 21:00:00,6800.7
2019-08-17 21:15:00,6789.0
2019-08-17 21:30:00,6773.3
2019-08-17 21:45:00,6766.2
2019-08-17 22:00:00,6753.1
2019-08-17 22:15:00,6740.4
2019-08-17 22:30:00,6727.7
2019-08-17 22:45:00,6722.2
2019-08-17 23:00:00,6709.4
2019-08-17 23:15:00,6697.1
2019-08-17 23:30:00,6686.0
2019-08-17 23:45:00,6673.5
2019-08-18 00:00:00,6665.6
2019-08-18 00:15:00,6659.5
2019-08-18 00:30:00,6653.3
2019-08-18 00:45:00,6649.6
2019-08-18 01:00:00,6647.9
2019-08-18 01:15:00,6645.0
2019-08-18 01:30:00,6640.4
2019-08-18 01:45:00,6636.4
2019-08-18 02:00:00,6632.6
2019-08-18 02:15:00,6627.6
2019-08-18 02:30:00,6627.6
2019-08-18 02:45:00,6626.8
2019-08-18 03:00:00,6628.2
2019-08-18 03:15:00,6623.6
2019-08-18 03:30:00,6629.6
2019-08-18 03:45:00,6636.9
2019-08-18 04:00:00,6641.7
2019-08-18 04:15:00,6643.1
2019-08-18 04:30:00,6643.6
2019-08-18 04:45:00,6649.5
2019-08-18 05:00:00,6652.0
2019-08-18 05:15:00,6652.4
2019-08-18 05:30:00,6653.1
2019-08-18 05:45:00,6659.5
2019-08-18 06:00:00,6665.3
2019-08-18 06:15:00,6678.1
2019-08-18 06:30:00,6688.3
2019-08-18 06:45:00,6702.2
2019-08-18 07:00:00,6716.7
2019-08-18 07:15:00,6731.7
2019-08-18 07:30:00,6743.7
2019-08-18 07:45:00,6755.8
2019-08-18 08:00:00,6766.9
2019-08-18 08:15:00,6777.8
2019-08-18 08:30:00,6789.4
2019-08-18 08:45:00,6805.1
2019-08-18 09:00:00,6820.1
2019-08-18 09:15:00,6827.5
2019-08-18 09:30:00,6835.8
2019-08-18 09:45:00,6838.6
2019-08-18 10:00:00,6852.7
2019-08-18 10:15:00,6864.7
2019-08-18 10:30:00,6877.0
2019-08-18 10:45:00,6876.0
2019-08-18 11:00:00,6876.3
2019-08-18 11:15:00,6875.0
2019-08-18 11:30:00,6871.9
2019-08-18 11:45:00,6869.7
2019-08-18 12:00:00,6861.2
2019-08-18 12:15:00,6853.5
2019-08-18 12:30:00,6848.0
2019-08-18 12:45:00,6846.6
2019-08-18 13:00:00,6841.1
2019-08-18 13:15:00,6838.6
2019-08-18 13:30:00,6834.8
2019-08-18 13:45:00,6832.5
2019-08-18 14:00:00,6830.8
2019-08-18 14:15:00,6822.8
2019-08-18 14:30:00,6821.8
2019-08-18 14:45:00,6821.0
2019-08-18 15:00:00,6819.9
2019-08-18 15:15:00,6814.4
2019-08-18 15:30:00,6819.0
2019-08-18 15:45:00,6821.1
2019-08-18 16:00:00,6825.7
2019-08-18 16:15:00,6825.3
2019-08-18 16:30:00,6818.9
2019-08-18 16:45:00,6821.4
2019-08-18 17:00:00,6834.5
2019-08-18 17:15:00,6841.0
2019-08-18 17:30:00,6836.0
2019-08-18 17:45:00,6839.3
2019-08-18 18:00:00,6836.0
2019-08-18 18:15:00,6828.7
2019-08-18 18:30:00,6827.5
2019-08-18 18:45:00,6824.8
2019-08-18 19:00:00,6825.2
2019-08-18 19:15:00,6823.9
2019-08-18 19:30:00,6833.0
2019-08-18 19:45:00,6839.7
2019-08-18 20:00:00,6847.4
2019-08-18 20:15:00,6840.9
2019-08-18 20:30:00,6836.3
2019-08-18 20:45:00,6834.1
2019-08-18 21:00:00,6838.6
2019-08-18 21:15:00,6823.3
2019-08-18 21:30:00,6809.6
2019-08-18 21:45:00,6795.4
2019-08-18 22:00:00,6775.4
2019-08-18 22:15:00,6758.7
2019-08-18 22:30:00,6749.0
2019-08-18 22:45:00,6744.5
2019-08-18 23:00:00,6741.3
2019-08-18 23:15:00,6732.8
2019-08-18 23:30:00,6728.4
2019-08-18 23:45:00,6721.8
2019-08-19 00:00:00,6712.0
2019-08-19 00:15:00,6708.7
2019-08-19 00:30:00,6703.9
2019-08-19 00:45:00,6697.8
2019-08-19 01:00:00,6692.8
2019-08-19 01:15:00,6693.2
2019-08-19 01:30:00,6694.8
2019-08-19 01:45:00,6692.6
2019-08-19 02:00:00,6693.4
2019-08-19 02:15:00,6694.0
2019-08-19 02:30:00,6695.9
2019-08-19 02:45:00,6702.2
2019-08-19 03:00:00,6709.7
2019-08-19 03:15:00,6714.0
2019-08-19 03:30:00,6721.8
2019-08-19 03:45:00,6731.7
2019-08-19 04:00:00,6761.2
2019-08-19 04:15:00,6780.7
2019-08-19 04:30:00,6798.4
2019-08-19 04:45:00,6826.2
2019-08-19 05:00:00,6875.6
2019-08-19 05:15:00,6910.1
2019-08-19 05:30:00,6937.6
2019-08-19 05:45:00,6961.4
2019-08-19 06:00:00,6991.9
2019-08-19 06:15:00,7014.3
2019-08-19 06:30:00,7029.8
2019-08-19 06:45:00,7046.9
2019-08-19 07:00:00,7069.1
2019-08-19 07:15:00,7082.2
2019-08-19 07:30:00,7089.3
2019-08-19 07:45:00,7096.7
2019-08-19 08:00:00,7097.4
2019-08-19 08:15:00,7107.8
2019-08-19 08:30:00,7121.5
2019-08-19 08:45:00,7131.3
2019-08-19 09:00:00,7131.8
2019-08-19 09:15:00,7141.4
2019-08-19 09:30:00,7151.7
2019-08-19 09:45:00,7160.9
2019-08-19 10:00:00,7156.3
2019-08-19 10:15:00,7162.1
2019-08-19 10:30:00,7164.3
2019-08-19 10:45:00,7168.6
2019-08-19 11:00:00,7164.5
2019-08-19 11:15:00,7165.7
2019-08-19 11:30:00,7168.7
2019-08-19 11:45:00,7168.1
2019-08-19 12:00:00,7158.8
2019-08-19 12:15:00,7156.3
2019-08-19 12:30:00,7149.9
2019-08-19 12:45:00,7140.3
2019-08-19 13:00:00,7131.2
2019-08-19 13:15:00,7124.9
2019-08-19 13:30:00,7122.8
2019-08-19 13:45:00,7114.3
2019-08-19 14:00:00,7110.3
2019-08-19 14:15:00,7103.0
2019-08-19 14:30:00,7096.4
2019-08-19 14:45:00,7083.3
2019-08-19 15:00:00,7075.4
2019-08-19 15:15:00,7065.4
2019-08-19 15:30:00,7057.9
2019-08-19 15:45:00,7053.5
2019-08-19 16:00:00,7053.6
2019-08-19 16:15:00,7052.4
2019-08-19 16:30:00,7048.1
2019-08-19 16:45:00,7049.2
2019-08-19 17:00:00,7052.1
2019-08-19 17:15:00,7056.1
2019-08-19 17:30:00,7047.2
2019-08-19 17:45:00,7051.2
2019-08-19 18:00:00,7046.4
2019-08-19 18:15:00,7036.1
2019-08-19 18:30:00,7029.0
2019-08-19 18:45:00,7018.9
2019-08-19 19:00:00,7013.9
2019-08-19 19:15:00,7005.3
2019-08-19 19:30:00,6999.2
2019-08-19 19:45:00,7002.1
2019-08-19 20:00:00,6998.1
2019-08-19 20:15:00,6985.2
2019-08-19 20:30:00,6964.6
2019-08-19 20:45:00,6947.3
2019-08-19 21:00:00,6924.7
2019-08-19 21:15:00,6904.6
2019-08-19 21:30:00,6885.9
2019-08-19 21:45:00,6866.4
2019-08-19 22:00:00,6841.8
2019-08-19 22:15:00,6829.3
2019-08-19 22:30:00,6814.7
2019-08-19 22:45:00,6802.1
2019-08-19 23:00:00,6797.7
2019-08-19 23:15:00,6788.8
2019-08-19 23:30:00,6782.5
2019-08-19 23:45:00,6774.4
2019-08-20 00:00:00,6768.4
2019-08-20 00:15:00,6763.9
2019-08-20 00:30:00,6762.7
2019-08-20 00:45:00,6757.4
2019-08-20 01:00:00,6748.8
2019-08-20 01:15:00,6746.6
2019-08-20 01:30:00,6751.0
2019-08-20 01:45:00,6751.5
2019-08-20 02:00:00,6751.0
2019-08-20 02:15:00,6748.6
2019-08-20 02:30:00,6750.1
2019-08-20 02:45:00,6754.0
2019-08-20 03:00:00,6761.7
2019-08-20 03:15:00,6765.0
2019-08-20 03:30:00,6772.2
2019-08-20 03:45:00,6778.2
2019-08-20 04:00:00,6801.5
2019-08-20 04:15:00,6815.4
2019-08-20 04:30:00,6824.0
2019-08-20 04:45:00,6852.1
2019-08-20 05:00:00,6897.4
2019-08-20 05:15:00,6925.9
2019-08-20 05:30:00,6945.3
2019-08-20 05:45:00,6969.0
2019-08-20 06:00:00,6993.8
2019-08-20 06:15:00,7006.4
2019-08-20 06:30:00,7022.5
2019-08-20 06:45:00,7037.8
2019-08-20 07:00:00,7058.5
2019-08-20 07:15:00,7064.6
2019-08-20 07:30:00,7075.4
2019-08-20 07:45:00,7078.0
2019-08-20 08:00:00,7074.9
2019-08-20 08:15:00,7087.8
2019-08-20 08:30:00,7098.5
2019-08-20 08:45:00,7109.1
2019-08-20 09:00:00,7115.1
2019-08-20 09:15:00,7119.4
2019-08-20 09:30:00,7121.3
2019-08-20 09:45:00,7132.8
2019-08-20 10:00:00,7138.3
2019-08-20 10:15:00,7143.7
2019-08-20 10:30:00,7151.6
2019-08-20 10:45:00,7150.8
2019-08-20 11:00:00,7136.3
2019-08-20 11:15:00,7127.9
2019-08-20 11:30:00,7126.7
2019-08-20 11:45:00,7124.8
2019-08-20 12:00:00,7123.3
2019-08-20 12:15:00,7119.1
2019-08-20 12:30:00,7115.1
2019-08-20 12:45:00,7109.5
2019-08-20 13:00:00,7103.9
2019-08-20 13:15:00,7100.3
2019-08-20 13:30:00,7098.1
2019-08-20 13:45:00,7094.7
2019-08-20 14:00:00,7092.5
2019-08-20 14:15:00,7080.6
2019-08-20 14:30:00,7074.6
2019-08-20 14:45:00,7068.4
2019-08-20 15:00:00,7063.4
2019-08-20 15:15:00,7058.4
2019-08-20 15:30:00,7056.2
2019-08-20 15:45:00,7054.2
2019-08-20 16:00:00,7057.6
2019-08-20 16:15:00,7051.7
2019-08-20 16:30:00,7054.3
2019-08-20 16:45:00,7052.9
2019-08-20 17:00:00,7049.6
2019-08-20 17:15:00,7046.9
2019-08-20 17:30:00,7048.3
2019-08-20 17:45:00,7049.8
2019-08-20 18:00:00,7046.6
2019-08-20 18:15:00,7035.2
2019-08-20 18:30:00,7032.3
2019-08-20 18:45:00,7026.2
2019-08-20 19:00:00,7017.0
2019-08-20 19:15:00,7006.6
2019-08-20 19:30:00,7004.3
2019-08-20 19:45:00,7003.4
2019-08-20 20:00:00,6993.5
2019-08-20 20:15:00,6978.3
2019-08-20 20:30:00,6965.9
2019-08-20 20:45:00,6944.7
2019-08-20 21:00:00,6922.0
2019-08-20 21:15:00,6904.1
2019-08-20 21:30:00,6884.3
2019-08-20 21:45:00,6870.7
2019-08-20 22:00:00,6846.0
2019-08-20 22:15:00,6833.2
2019-08-20 22:30:00,6821.7
2019-08-20 22:45:00,6812.2
2019-08-20 23:00:00,6796.0
2019-08-20 23:15:00,6787.7
2019-08-20 23:30:00,6779.9
2019-08-20 23:45:00,6769.9
2019-08-21 00:00:00,6765.3
2019-08-21 00:15:00,6759.5
2019-08-21 00:30:00,6755.1
2019-08-21 00:45:00,6747.9
2019-08-21 01:00:00,6741.3
2019-08-21 01:15:00,6742.2
2019-08-21 01:30:00,6741.9
2019-08-21 01:45:00,6741.1
2019-08-21 02:00:00,6738.1
2019-08-21 02:15:00,6742.8
2019-08-21 02:30:00,6746.0
2019-08-21 02:45:00,6748.5
2019-08-21 03:00:00,6750.7
2019-08-21 03:15:00,6755.8
2019-08-21 03:30:00,6766.0
2019-08-21 03:45:00,6773.2
2019-08-21 04:00:00,6794.3
2019-08-21 04:15:00,6811.2
2019-08-21 04:30:00,6830.9
2019-08-21 04:45:00,6849.5
2019-08-21 05:00:00,6894.6
2019-08-21 05:15:00,6923.4
2019-08-21 05:30:00,6950.7
2019-08-21 05:45:00,6970.0
2019-08-21 06:00:00,6998.6
2019-08-21 06:15:00,7018.6
2019-08-21 06:30:00,7034.3
2019-08-21 06:45:00,7046.7
2019-08-21 07:00:00,7032.2
2019-08-21 07:15:00,7067.4
2019-08-21 07:30:00,7072.5
2019-08-21 07:45:00,7076.2
2019-08-21 08:00:00,7074.7
2019-08-21 08:15:00,7080.5
2019-08-21 08:30:00,7085.6
2019-08-21 08:45:00,7094.5
2019-08-21 09:00:00,7098.2
2019-08-21 09:15:00,7099.7
2019-08-21 09:30:00,7110.3
2019-08-21 09:45:00,7113.0
2019-08-21 10:00:00,7118.5
2019-08-21 10:15:00,7128.6
2019-08-21 10:30:00,7129.9
2019-08-21 10:45:00,7134.6
2019-08-21 11:00:00,7127.2
2019-08-21 11:15:00,7125.3
2019-08-21 11:30:00,7120.8
2019-08-21 11:45:00,7122.5
2019-08-21 12:00:00,7123.9
2019-08-21 12:15:00,7117.1
2019-08-21 12:30:00,7110.9
2019-08-21 12:45:00,7095.2
2019-08-21 13:00:00,7090.8
2019-08-21 13:15:00,7091.5
2019-08-21 13:30:00,7083.1
2019-08-21 13:45:00,7082.2
2019-08-21 14:00:00,7079.3
2019-08-21 14:15:00,7073.6
2019-08-21 14:30:00,7063.4
2019-08-21 14:45:00,7054.7
2019-08-21 15:00:00,7052.2
2019-08-21 15:15:00,7042.1
2019-08-21 15:30:00,7041.0
2019-08-21 15:45:00,7038.9
2019-08-21 16:00:00,7040.3
2019-08-21 16:15:00,7035.9
2019-08-21 16:30:00,7029.4
2019-08-21 16:45:00,7031.7
2019-08-21 17:00:00,7029.2
2019-08-21 17:15:00,7028.9
2019-08-21 17:30:00,7026.4
2019-08-21 17:45:00,7021.5
2019-08-21 18:00:00,7024.1
2019-08-21 18:15:00,7015.2
2019-08-21 18:30:00,7009.8
2019-08-21 18:45:00,7005.6
2019-08-21 19:00:00,6996.9
2019-08-21 19:15:00,6994.0
2019-08-21 19:30:00,6992.5
2019-08-21 19:45:00,6993.3
2019-08-21 20:00:00,6992.5
2019-08-21 20:15:00,6977.0
2019-08-21 20:30:00,6958.7
2019-08-21 20:45:00,6939.2
2019-08-21 21:00:00,6911.6
2019-08-21 21:15:00,6892.6
2019-08-21 21:30:00,6870.5
2019-08-21 21:45:00,6857.4
2019-08-21 22:00:00,6837.9
2019-08-21 22:15:00,6821.1
2019-08-21 22:30:00,6808.3
2019-08-21 22:45:00,6800.5
2019-08-21 23:00:00,6785.7
2019-08-21 23:15:00,6773.2
2019-08-21 23:30:00,6772.2
2019-08-21 23:45:00,6769.2
2019-08-22 00:00:00,6759.3
2019-08-22 00:15:00,6754.6
2019-08-22 00:30:00,6747.4
2019-08-22 00:45:00,6744.9
2019-08-22 01:00:00,6735.2
2019-08-22 01:15:00,6733.0
2019-08-22 01:30:00,6734.0
2019-08-22 01:45:00,6735.0
2019-08-22 02:00:00,6737.8
2019-08-22 02:15:00,6735.9
2019-08-22 02:30:00,6734.9
2019-08-22 02:45:00,6739.8
2019-08-22 03:00:00,6747.3
2019-08-22 03:15:00,6752.1
2019-08-22 03:30:00,6758.9
2019-08-22 03:45:00,6767.2
2019-08-22 04:00:00,6793.2
2019-08-22 04:15:00,6808.7
2019-08-22 04:30:00,6824.0
2019-08-22 04:45:00,6848.7
2019-08-22 05:00:00,6894.9
2019-08-22 05:15:00,6921.3
2019-08-22 05:30:00,6941.8
2019-08-22 05:45:00,6961.4
2019-08-22 06:00:00,6987.1
2019-08-22 06:15:00,7008.0
2019-08-22 06:30:00,7021.7
2019-08-22 06:45:00,7035.1
2019-08-22 07:00:00,7050.5
2019-08-22 07:15:00,7056.5
2019-08-22 07:30:00,7064.2
2019-08-22 07:45:00,7068.4
2019-08-22 08:00:00,7068.1
2019-08-22 08:15:00,7075.4
2019-08-22 08:30:00,7084.6
2019-08-22 08:45:00,7093.0
2019-08-22 09:00:00,7096.0
2019-08-22 09:15:00,7097.9
2019-08-22 09:30:00,7106.2
2019-08-22 09:45:00,7114.0
2019-08-22 10:00:00,7123.8
2019-08-22 10:15:00,7126.0
2019-08-22 10:30:00,7127.9
2019-08-22 10:45:00,7129.6
2019-08-22 11:00:00,7121.1
2019-08-22 11:15:00,7122.1
2019-08-22 11:30:00,7117.3
2019-08-22 11:45:00,7117.9
2019-08-22 12:00:00,7116.1
2019-08-22 12:15:00,7112.7
2019-08-22 12:30:00,7110.6
2019-08-22 12:45:00,7101.8
2019-08-22 13:00:00,7097.9
2019-08-22 13:15:00,7092.8
2019-08-22 13:30:00,7085.2
2019-08-22 13:45:00,7083.3
2019-08-22 14:00:00,7088.0
2019-08-22 14:15:00,7082.5
2019-08-22 14:30:00,7068.5
2019-08-22 14:45:00,7057.7
2019-08-22 15:00:00,7062.0
2019-08-22 15:15:00,7054.8
2019-08-22 15:30:00,7047.9
2019-08-22 15:45:00,7048.7
2019-08-22 16:00:00,7050.5
2019-08-22 16:15:00,7045.3
2019-08-22 16:30:00,7044.2
2019-08-22 16:45:00,7043.8
2019-08-22 17:00:00,7043.4
2019-08-22 17:15:00,7037.3
2019-08-22 17:30:00,7035.5
2019-08-22 17:45:00,7034.1
2019-08-22 18:00:00,7035.2
2019-08-22 18:15:00,7022.8
2019-08-22 18:30:00,7018.1
2019-08-22 18:45:00,7016.4
2019-08-22 19:00:00,7006.9
2019-08-22 19:15:00,6999.0
2019-08-22 19:30:00,7001.2
2019-08-22 19:45:00,7007.0
2019-08-22 20:00:00,7000.5
2019-08-22 20:15:00,6989.5
2019-08-22 20:30:00,6974.8
2019-08-22 20:45:00,6954.0
2019-08-22 21:00:00,6934.7
2019-08-22 21:15:00,6916.9
2019-08-22 21:30:00,6897.1
2019-08-22 21:45:00,6882.0
2019-08-22 22:00:00,6862.7
2019-08-22 22:15:00,6852.2
2019-08-22 22:30:00,6837.0
2019-08-22 22:45:00,6824.9
2019-08-22 23:00:00,6809.5
2019-08-22 23:15:00,6794.8
2019-08-22 23:30:00,6787.7
2019-08-22 23:45:00,6787.0
2019-08-23 00:00:00,6780.0
2019-08-23 00:15:00,6772.2
2019-08-23 00:30:00,6767.3
2019-08-23 00:45:00,6763.1
2019-08-23 01:00:00,6752.5
2019-08-23 01:15:00,6748.9
2019-08-23 01:30:00,6747.5
2019-08-23 01:45:00,6751.6
2019-08-23 02:00:00,6749.5
2019-08-23 02:15:00,6746.7
2019-08-23 02:30:00,6747.1
2019-08-23 02:45:00,6750.4
2019-08-23 03:00:00,6757.6
2019-08-23 03:15:00,6762.8
2019-08-23 03:30:00,6766.0
2019-08-23 03:45:00,6779.7
2019-08-23 04:00:00,6801.2
2019-08-23 04:15:00,6805.6
2019-08-23 04:30:00,6824.6
2019-08-23 04:45:00,6853.2
2019-08-23 05:00:00,6894.8
2019-08-23 05:15:00,6922.9
2019-08-23 05:30:00,6945.7
2019-08-23 05:45:00,6964.5
2019-08-23 06:00:00,6990.0
2019-08-23 06:15:00,7007.8
2019-08-23 06:30:00,7026.3
2019-08-23 06:45:00,7039.8
2019-08-23 07:00:00,7052.6
2019-08-23 07:15:00,7059.1
2019-08-23 07:30:00,7066.0
2019-08-23 07:45:00,7073.2
2019-08-23 08:00:00,7075.7
2019-08-23 08:15:00,7081.4
2019-08-23 08:30:00,7092.0
2019-08-23 08:45:00,7098.9
2019-08-23 09:00:00,7104.7
2019-08-23 09:15:00,7109.7
2019-08-23 09:30:00,7116.5
2019-08-23 09:45:00,7126.7
2019-08-23 10:00:00,7130.5
2019-08-23 10:15:00,7132.5
2019-08-23 10:30:00,7136.8
2019-08-23 10:45:00,7133.2
2019-08-23 11:00:00,7118.5
2019-08-23 11:15:00,7111.2
2019-08-23 11:30:00,7109.8
2019-08-23 11:45:00,7104.0
2019-08-23 12:00:00,7100.2
2019-08-23 12:15:00,7094.4
2019-08-23 12:30:00,7088.7
2019-08-23 12:45:00,7079.4
2019-08-23 13:00:00,7074.7
2019-08-23 13:15:00,7070.1
2019-08-23 13:30:00,7063.3
2019-08-23 13:45:00,7056.5
2019-08-23 14:00:00,7056.1
2019-08-23 14:15:00,7048.7
2019-08-23 14:30:00,7041.0
2019-08-23 14:45:00,7036.1
2019-08-23 15:00:00,7038.3
2019-08-23 15:15:00,7032.8
2019-08-23 15:30:00,7023.4
2019-08-23 15:45:00,7022.8
2019-08-23 16:00:00,7026.9
2019-08-23 16:15:00,7024.2
2019-08-23 16:30:00,7021.7
2019-08-23 16:45:00,7018.5
2019-08-23 17:00:00,7015.2
2019-08-23 17:15:00,7011.4
2019-08-23 17:30:00,7009.4
2019-08-23 17:45:00,7009.0
2019-08-23 18:00:00,7002.1
2019-08-23 18:15:00,6990.6
2019-08-23 18:30:00,6989.2
2019-08-23 18:45:00,6985.2
2019-08-23 19:00:00,6975.1
2019-08-23 19:15:00,6965.4
2019-08-23 19:30:00,6964.9
2019-08-23 19:45:00,6966.1
2019-08-23 20:00:00,6957.3
2019-08-23 20:15:00,6940.4
2019-08-23 20:30:00,6923.2
2019-08-23 20:45:00,6901.5
2019-08-23 21:00:00,6876.7
2019-08-23 21:15:00,6867.5
2019-08-23 21:30:00,6851.7
2019-08-23 21:45:00,6836.2
2019-08-23 22:00:00,6821.0
2019-08-23 22:15:00,6808.5
2019-08-23 22:30:00,6796.3
2019-08-23 22:45:00,6786.4
2019-08-23 23:00:00,6767.3
2019-08-23 23:15:00,6760.3
2019-08-23 23:30:00,6753.1
2019-08-23 23:45:00,6745.5
2019-08-24 00:00:00,6738.1
2019-08-24 00:15:00,6728.2
2019-08-24 00:30:00,6724.1
2019-08-24 00:45:00,6717.5
2019-08-24 01:00:00,6707.3
2019-08-24 01:15:00,6703.8
2019-08-24 01:30:00,6702.9
2019-08-24 01:45:00,6698.1
2019-08-24 02:00:00,6697.6
2019-08-24 02:15:00,6694.8
2019-08-24 02:30:00,6693.2
2019-08-24 02:45:00,6694.1
2019-08-24 03:00:00,6690.8
2019-08-24 03:15:00,6691.5
2019-08-24 03:30:00,6691.1
2019-08-24 03:45:00,6691.3
2019-08-24 04:00:00,6701.6
2019-08-24 04:15:00,6705.1
2019-08-24 04:30:00,6706.6
2019-08-24 04:45:00,6711.9
2019-08-24 05:00:00,6726.6
2019-08-24 05:15:00,6726.7
2019-08-24 05:30:00,6733.9
2019-08-24 05:45:00,6741.0
2019-08-24 06:00:00,6761.7
2019-08-24 06:15:00,6777.2
2019-08-24 06:30:00,6791.2
2019-08-24 06:45:00,6809.5
2019-08-24 07:00:00,6829.2
2019-08-24 07:15:00,6844.7
2019-08-24 07:30:00,6857.5
2019-08-24 07:45:00,6871.5
2019-08-24 08:00:00,6885.9
2019-08-24 08:15:00,6896.1
2019-08-24 08:30:00,6902.5
2019-08-24 08:45:00,6914.2
2019-08-24 09:00:00,6920.6
2019-08-24 09:15:00,6923.7
2019-08-24 09:30:00,6934.5
2019-08-24 09:45:00,6938.7
2019-08-24 10:00:00,6943.1
2019-08-24 10:15:00,6948.7
2019-08-24 10:30:00,6954.2
2019-08-24 10:45:00,6952.6
2019-08-24 11:00:00,6946.3
2019-08-24 11:15:00,6945.9
2019-08-24 11:30:00,6939.2
2019-08-24 11:45:00,6932.3
2019-08-24 12:00:00,6923.5
2019-08-24 12:15:00,6920.6
2019-08-24 12:30:00,6915.5
2019-08-24 12:45:00,6909.5
2019-08-24 13:00:00,6900.0
2019-08-24 13:15:00,6896.3
2019-08-24 13:30:00,6889.8
2019-08-24 13:45:00,6883.3
2019-08-24 14:00:00,6886.9
2019-08-24 14:15:00,6883.8
2019-08-24 14:30:00,6878.8
2019-08-24 14:45:00,6873.3
2019-08-24 15:00:00,6874.8
2019-08-24 15:15:00,6872.6
2019-08-24 15:30:00,6872.6
2019-08-24 15:45:00,6868.2
2019-08-24 16:00:00,6875.6
2019-08-24 16:15:00,6874.8
2019-08-24 16:30:00,6876.6
2019-08-24 16:45:00,6878.6
2019-08-24 17:00:00,6879.1
2019-08-24 17:15:00,6878.3
2019-08-24 17:30:00,6877.1
2019-08-24 17:45:00,6874.4
2019-08-24 18:00:00,6874.5
2019-08-24 18:15:00,6870.5
2019-08-24 18:30:00,6863.5
2019-08-24 18:45:00,6853.9
2019-08-24 19:00:00,6846.5
2019-08-24 19:15:00,6843.0
2019-08-24 19:30:00,6851.0
2019-08-24 19:45:00,6852.2
2019-08-24 20:00:00,6849.5
2019-08-24 20:15:00,6838.8
2019-08-24 20:30:00,6834.8
2019-08-24 20:45:00,6823.4
2019-08-24 21:00:00,6815.4
2019-08-24 21:15:00,6802.2
2019-08-24 21:30:00,6791.5
2019-08-24 21:45:00,6779.5
2019-08-24 22:00:00,6763.5
2019-08-24 22:15:00,6755.9
2019-08-24 22:30:00,6748.6
2019-08-24 22:45:00,6734.2
2019-08-24 23:00:00,6716.3
2019-08-24 23:15:00,6705.8
2019-08-24 23:30:00,6698.8
2019-08-24 23:45:00,6693.8
2019-08-25 00:00:00,6684.0
2019-08-25 00:15:00,6672.1
2019-08-25 00:30:00,6668.4
2019-08-25 00:45:00,6665.3
2019-08-25 01:00:00,6660.7
2019-08-25 01:15:00,6655.2
2019-08-25 01:30:00,6650.2
2019-08-25 01:45:00,6649.0
2019-08-25 02:00:00,6647.7
2019-08-25 02:15:00,6645.0
2019-08-25 02:30:00,6645.1
2019-08-25 02:45:00,6643.7
2019-08-25 03:00:00,6641.8
2019-08-25 03:15:00,6642.3
2019-08-25 03:30:00,6639.6
2019-08-25 03:45:00,6637.6
2019-08-25 04:00:00,6643.2
2019-08-25 04:15:00,6643.0
2019-08-25 04:30:00,6643.9
2019-08-25 04:45:00,6641.1
2019-08-25 05:00:00,6653.1
2019-08-25 05:15:00,6646.0
2019-08-25 05:30:00,6649.4
2019-08-25 05:45:00,6653.3
2019-08-25 06:00:00,6667.3
2019-08-25 06:15:00,6678.7
2019-08-25 06:30:00,6691.7
2019-08-25 06:45:00,6703.3
2019-08-25 07:00:00,6717.9
2019-08-25 07:15:00,6732.7
2019-08-25 07:30:00,6746.5
2019-08-25 07:45:00,6755.4
2019-08-25 08:00:00,6769.2
2019-08-25 08:15:00,6784.7
2019-08-25 08:30:00,6794.4
2019-08-25 08:45:00,6808.5
2019-08-25 09:00:00,6813.6
2019-08-25 09:15:00,6823.8
2019-08-25 09:30:00,6830.8
2019-08-25 09:45:00,6839.8
2019-08-25 10:00:00,6847.8
2019-08-25 10:15:00,6854.8
2019-08-25 10:30:00,6859.8
2019-08-25 10:45:00,6867.0
2019-08-25 11:00:00,6865.9
2019-08-25 11:15:00,6862.9
2019-08-25 11:30:00,6857.4
2019-08-25 11:45:00,6851.4
2019-08-25 12:00:00,6847.6
2019-08-25 12:15:00,6842.9
2019-08-25 12:30:00,6836.8
2019-08-25 12:45:00,6830.0
2019-08-25 13:00:00,6826.1
2019-08-25 13:15:00,6822.9
2019-08-25 13:30:00,6820.3
2019-08-25 13:45:00,6814.5
2019-08-25 14:00:00,6814.1
2019-08-25 14:15:00,6812.1
2019-08-25 14:30:00,6808.7
2019-08-25 14:45:00,6806.4
2019-08-25 15:00:00,6806.0
2019-08-25 15:15:00,6801.9
2019-08-25 15:30:00,6804.3
2019-08-25 15:45:00,6807.1
2019-08-25 16:00:00,6817.9
2019-08-25 16:15:00,6821.3
2019-08-25 16:30:00,6827.8
2019-08-25 16:45:00,6836.2
2019-08-25 17:00:00,6839.9
2019-08-25 17:15:00,6844.0
2019-08-25 17:30:00,6843.4
2019-08-25 17:45:00,6849.5
2019-08-25 18:00:00,6851.0
2019-08-25 18:15:00,6846.3
2019-08-25 18:30:00,6848.0
2019-08-25 18:45:00,6852.0
2019-08-25 19:00:00,6853.6
2019-08-25 19:15:00,6858.2
2019-08-25 19:30:00,6864.9
2019-08-25 19:45:00,6870.1
2019-08-25 20:00:00,6870.1
2019-08-25 20:15:00,6861.7
2019-08-25 20:30:00,6851.0
2019-08-25 20:45:00,6848.2
2019-08-25 21:00:00,6838.9
2019-08-25 21:15:00,6829.9
2019-08-25 21:30:00,6816.2
2019-08-25 21:45:00,6803.8
2019-08-25 22:00:00,6784.9
2019-08-25 22:15:00,6771.8
2019-08-25 22:30:00,6761.6
2019-08-25 22:45:00,6751.0
2019-08-25 23:00:00,6742.3
2019-08-25 23:15:00,6734.4
2019-08-25 23:30:00,6723.1
2019-08-25 23:45:00,6717.5
2019-08-26 00:00:00,6713.6
2019-08-26 00:15:00,6708.5
2019-08-26 00:30:00,6702.4
2019-08-26 00:45:00,6698.8
2019-08-26 01:00:00,6694.1
2019-08-26 01:15:00,6690.4
2019-08-26 01:30:00,6693.1
2019-08-26 01:45:00,6691.5
2019-08-26 02:00:00,6687.9
2019-08-26 02:15:00,6690.6
2019-08-26 02:30:00,6690.7
2019-08-26 02:45:00,6695.1
2019-08-26 03:00:00,6703.1
2019-08-26 03:15:00,6709.3
2019-08-26 03:30:00,6719.4
2019-08-26 03:45:00,6730.5
2019-08-26 04:00:00,6759.5
2019-08-26 04:15:00,6774.8
2019-08-26 04:30:00,6794.9
2019-08-26 04:45:00,6825.5
2019-08-26 05:00:00,6883.5
2019-08-26 05:15:00,6917.4
2019-08-26 05:30:00,6942.2
2019-08-26 05:45:00,6965.2
2019-08-26 06:00:00,6997.4
2019-08-26 06:15:00,7017.4
2019-08-26 06:30:00,7037.2
2019-08-26 06:45:00,7057.1
2019-08-26 07:00:00,7072.1
2019-08-26 07:15:00,7085.9
2019-08-26 07:30:00,7093.9
2019-08-26 07:45:00,7102.0
2019-08-26 08:00:00,7108.4
2019-08-26 08:15:00,7117.0
2019-08-26 08:30:00,7128.9
2019-08-26 08:45:00,7133.5
2019-08-26 09:00:00,7139.7
2019-08-26 09:15:00,7145.9
2019-08-26 09:30:00,7154.8
2019-08-26 09:45:00,7162.9
2019-08-26 10:00:00,7169.8
2019-08-26 10:15:00,7179.3
2019-08-26 10:30:00,7184.1
2019-08-26 10:45:00,7185.1
2019-08-26 11:00:00,7176.3
2019-08-26 11:15:00,7173.2
2019-08-26 11:30:00,7173.0
2019-08-26 11:45:00,7176.2
2019-08-26 12:00:00,7178.6
2019-08-26 12:15:00,7175.6
2019-08-26 12:30:00,7175.7
2019-08-26 12:45:00,7163.6
2019-08-26 13:00:00,7157.4
2019-08-26 13:15:00,7156.3
2019-08-26 13:30:00,7152.4
2019-08-26 13:45:00,7145.4
2019-08-26 14:00:00,7144.9
2019-08-26 14:15:00,7142.8
2019-08-26 14:30:00,7138.6
2019-08-26 14:45:00,7129.8
2019-08-26 15:00:00,7123.8
2019-08-26 15:15:00,7116.4
2019-08-26 15:30:00,7110.1
2019-08-26 15:45:00,7108.6
2019-08-26 16:00:00,7108.1
2019-08-26 16:15:00,7109.3
2019-08-26 16:30:00,7112.2
2019-08-26 16:45:00,7113.1
2019-08-26 17:00:00,7103.2
2019-08-26 17:15:00,7095.2
2019-08-26 17:30:00,7098.1
2019-08-26 17:45:00,7094.4
2019-08-26 18:00:00,7085.2
2019-08-26 18:15:00,7072.8
2019-08-26 18:30:00,7070.5
2019-08-26 18:45:00,7064.4
2019-08-26 19:00:00,7063.1
2019-08-26 19:15:00,7055.4
2019-08-26 19:30:00,7058.1
2019-08-26 19:45:00,7054.9
2019-08-26 20:00:00,7041.7
2019-08-26 20:15:00,7028.3
2019-08-26 20:30:00,7002.1
2019-08-26 20:45:00,6987.1
2019-08-26 21:00:00,6967.6
2019-08-26 21:15:00,6950.2
2019-08-26 21:30:00,6931.8
2019-08-26 21:45:00,6915.6
2019-08-26 22:00:00,6892.0
2019-08-26 22:15:00,6879.4
2019-08-26 22:30:00,6865.0
2019-08-26 22:45:00,6853.2
2019-08-26 23:00:00,6835.9
2019-08-26 23:15:00,6827.6
2019-08-26 23:30:00,6818.7
2019-08-26 23:45:00,6808.0
2019-08-27 00:00:00,6795.0
2019-08-27 00:15:00,6796.9
2019-08-27 00:30:00,6786.9
2019-08-27 00:45:00,6787.0
2019-08-27 01:00:00,6781.9
2019-08-27 01:15:00,6781.6
2019-08-27 01:30:00,6779.8
2019-08-27 01:45:00,6781.8
2019-08-27 02:00:00,6784.3
2019-08-27 02:15:00,6785.5
2019-08-27 02:30:00,6783.8
2019-08-27 02:45:00,6783.4
2019-08-27 03:00:00,6792.6
2019-08-27 03:15:00,6793.8
2019-08-27 03:30:00,6800.9
2019-08-27 03:45:00,6811.7
2019-08-27 04:00:00,6835.9
2019-08-27 04:15:00,6851.8
2019-08-27 04:30:00,6874.0
2019-08-27 04:45:00,6896.1
2019-08-27 05:00:00,6947.4
2019-08-27 05:15:00,6971.1
2019-08-27 05:30:00,6990.1
2019-08-27 05:45:00,7010.0
2019-08-27 06:00:00,7038.6
2019-08-27 06:15:00,7059.1
2019-08-27 06:30:00,7076.9
2019-08-27 06:45:00,7089.3
2019-08-27 07:00:00,7107.3
2019-08-27 07:15:00,7118.7
2019-08-27 07:30:00,7126.2
2019-08-27 07:45:00,7134.6
2019-08-27 08:00:00,7128.4
2019-08-27 08:15:00,7136.6
2019-08-27 08:30:00,7153.2
2019-08-27 08:45:00,7161.2
2019-08-27 09:00:00,7167.1
2019-08-27 09:15:00,7170.8
2019-08-27 09:30:00,7177.8
2019-08-27 09:45:00,7184.6
2019-08-27 10:00:00,7190.6
2019-08-27 10:15:00,7202.4
2019-08-27 10:30:00,7208.9
2019-08-27 10:45:00,7213.3
2019-08-27 11:00:00,7199.2
2019-08-27 11:15:00,7197.9
2019-08-27 11:30:00,7201.8
2019-08-27 11:45:00,7201.2
2019-08-27 12:00:00,7199.9
2019-08-27 12:15:00,7198.4
2019-08-27 12:30:00,7196.0
2019-08-27 12:45:00,7187.7
2019-08-27 13:00:00,7178.0
2019-08-27 13:15:00,7176.5
2019-08-27 13:30:00,7171.0
2019-08-27 13:45:00,7170.0
2019-08-27 14:00:00,7174.0
2019-08-27 14:15:00,7161.4
2019-08-27 14:30:00,7159.7
2019-08-27 14:45:00,7156.5
2019-08-27 15:00:00,7153.6
2019-08-27 15:15:00,7143.6
2019-08-27 15:30:00,7143.2
2019-08-27 15:45:00,7137.6
2019-08-27 16:00:00,7135.9
2019-08-27 16:15:00,7133.8
2019-08-27 16:30:00,7137.0
2019-08-27 16:45:00,7137.4
2019-08-27 17:00:00,7135.1
2019-08-27 17:15:00,7127.7
2019-08-27 17:30:00,7121.9
2019-08-27 17:45:00,7123.9
2019-08-27 18:00:00,7123.6
2019-08-27 18:15:00,7115.9
2019-08-27 18:30:00,7114.1
2019-08-27 18:45:00,7111.7
2019-08-27 19:00:00,7093.7
2019-08-27 19:15:00,7086.9
2019-08-27 19:30:00,7090.4
2019-08-27 19:45:00,7084.6
2019-08-27 20:00:00,7065.9
2019-08-27 20:15:00,7048.1
2019-08-27 20:30:00,7027.8
2019-08-27 20:45:00,7002.6
2019-08-27 21:00:00,6982.7
2019-08-27 21:15:00,6964.8
2019-08-27 21:30:00,6938.2
2019-08-27 21:45:00,6924.7
2019-08-27 22:00:00,6905.2
2019-08-27 22:15:00,6893.0
2019-08-27 22:30:00,6877.7
2019-08-27 22:45:00,6864.1
2019-08-27 23:00:00,6846.9
2019-08-27 23:15:00,6838.6
2019-08-27 23:30:00,6827.7
2019-08-27 23:45:00,6820.3
2019-08-28 00:00:00,6819.2
2019-08-28 00:15:00,6814.8
2019-08-28 00:30:00,6808.9
2019-08-28 00:45:00,6803.6
2019-08-28 01:00:00,6797.8
2019-08-28 01:15:00,6797.2
2019-08-28 01:30:00,6797.6
2019-08-28 01:45:00,6796.9
2019-08-28 02:00:00,6796.2
2019-08-28 02:15:00,6797.4
2019-08-28 02:30:00,6797.6
2019-08-28 02:45:00,6797.0
2019-08-28 03:00:00,6808.4
2019-08-28 03:15:00,6813.0
2019-08-28 03:30:00,6816.4
2019-08-28 03:45:00,6821.3
2019-08-28 04:00:00,6845.2
2019-08-28 04:15:00,6860.8
2019-08-28 04:30:00,6879.2
2019-08-28 04:45:00,6906.8
2019-08-28 05:00:00,6961.5
2019-08-28 05:15:00,6988.8
2019-08-28 05:30:00,7009.6
2019-08-28 05:45:00,7030.1
2019-08-28 06:00:00,7059.7
2019-08-28 06:15:00,7075.4
2019-08-28 06:30:00,7091.4
2019-08-28 06:45:00,7106.6
2019-08-28 07:00:00,7121.2
2019-08-28 07:15:00,7129.7
2019-08-28 07:30:00,7133.3
2019-08-28 07:45:00,7142.1
2019-08-28 08:00:00,7136.5
2019-08-28 08:15:00,7148.6
2019-08-28 08:30:00,7156.7
2019-08-28 08:45:00,7166.2
2019-08-28 09:00:00,7169.8
2019-08-28 09:15:00,7176.7
2019-08-28 09:30:00,7184.5
2019-08-28 09:45:00,7192.5
2019-08-28 10:00:00,7196.9
2019-08-28 10:15:00,7201.4
2019-08-28 10:30:00,7206.4
2019-08-28 10:45:00,7204.9
2019-08-28 11:00:00,7202.9
2019-08-28 11:15:00,7203.1
2019-08-28 11:30:00,7200.4
2019-08-28 11:45:00,7204.3
2019-08-28 12:00:00,7199.7
2019-08-28 12:15:00,7193.9
2019-08-28 12:30:00,7191.5
2019-08-28 12:45:00,7184.2
2019-08-28 13:00:00,7185.3
2019-08-28 13:15:00,7183.1
2019-08-28 13:30:00,7176.9
2019-08-28 13:45:00,7175.8
2019-08-28 14:00:00,7169.7
2019-08-28 14:15:00,7161.2
2019-08-28 14:30:00,7148.4
2019-08-28 14:45:00,7141.6
2019-08-28 15:00:00,7143.0
2019-08-28 15:15:00,7135.1
2019-08-28 15:30:00,7126.2
2019-08-28 15:45:00,7120.4
2019-08-28 16:00:00,7123.2
2019-08-28 16:15:00,7121.5
2019-08-28 16:30:00,7121.4
2019-08-28 16:45:00,7124.0
2019-08-28 17:00:00,7121.4
2019-08-28 17:15:00,7122.2
2019-08-28 17:30:00,7127.3
2019-08-28 17:45:00,7124.3
2019-08-28 18:00:00,7118.3
2019-08-28 18:15:00,7107.6
2019-08-28 18:30:00,7106.4
2019-08-28 18:45:00,7104.8
2019-08-28 19:00:00,7100.6
2019-08-28 19:15:00,7097.8
2019-08-28 19:30:00,7100.5
2019-08-28 19:45:00,7098.6
2019-08-28 20:00:00,7076.9
2019-08-28 20:15:00,7054.9
2019-08-28 20:30:00,7034.0
2019-08-28 20:45:00,7013.7
2019-08-28 21:00:00,6988.8
2019-08-28 21:15:00,6970.2
2019-08-28 21:30:00,6948.9
2019-08-28 21:45:00,6928.9
2019-08-28 22:00:00,6910.9
2019-08-28 22:15:00,6893.5
2019-08-28 22:30:00,6878.7
2019-08-28 22:45:00,6866.6
2019-08-28 23:00:00,6842.6
2019-08-28 23:15:00,6835.9
2019-08-28 23:30:00,6828.3
2019-08-28 23:45:00,6819.4
2019-08-29 00:00:00,6815.4
2019-08-29 00:15:00,6810.3
2019-08-29 00:30:00,6807.5
2019-08-29 00:45:00,6800.2
2019-08-29 01:00:00,6793.3
2019-08-29 01:15:00,6794.5
2019-08-29 01:30:00,6790.7
2019-08-29 01:45:00,6787.4
2019-08-29 02:00:00,6791.4
2019-08-29 02:15:00,6793.9
2019-08-29 02:30:00,6789.2
2019-08-29 02:45:00,6793.8
2019-08-29 03:00:00,6801.8
2019-08-29 03:15:00,6803.9
2019-08-29 03:30:00,6806.9
2019-08-29 03:45:00,6811.5
2019-08-29 04:00:00,6836.6
2019-08-29 04:15:00,6851.6
2019-08-29 04:30:00,6865.8
2019-08-29 04:45:00,6894.5
2019-08-29 05:00:00,6946.8
2019-08-29 05:15:00,6979.2
2019-08-29 05:30:00,7004.0
2019-08-29 05:45:00,7020.4
2019-08-29 06:00:00,7052.5
2019-08-29 06:15:00,7068.9
2019-08-29 06:30:00,7086.6
2019-08-29 06:45:00,7099.2
2019-08-29 07:00:00,7116.6
2019-08-29 07:15:00,7127.7
2019-08-29 07:30:00,7133.2
2019-08-29 07:45:00,7136.8
2019-08-29 08:00:00,7133.9
2019-08-29 08:15:00,7140.6
2019-08-29 08:30:00,7150.8
2019-08-29 08:45:00,7156.3
2019-08-29 09:00:00,7161.4
2019-08-29 09:15:00,7168.0
2019-08-29 09:30:00,7173.7
2019-08-29 09:45:00,7181.7
2019-08-29 10:00:00,7185.1
2019-08-29 10:15:00,7187.7
2019-08-29 10:30:00,7190.0
2019-08-29 10:45:00,7188.7
2019-08-29 11:00:00,7179.3
2019-08-29 11:15:00,7176.3
2019-08-29 11:30:00,7179.3
2019-08-29 11:45:00,7180.3
2019-08-29 12:00:00,7180.7
2019-08-29 12:15:00,7174.1
2019-08-29 12:30:00,7164.0
2019-08-29 12:45:00,7157.2
2019-08-29 13:00:00,7153.1
2019-08-29 13:15:00,7152.7
2019-08-29 13:30:00,7147.9
2019-08-29 13:45:00,7142.8
2019-08-29 14:00:00,7137.9
2019-08-29 14:15:00,7130.5
2019-08-29 14:30:00,7127.0
2019-08-29 14:45:00,7120.5
2019-08-29 15:00:00,7119.6
2019-08-29 15:15:00,7111.2
2019-08-29 15:30:00,7106.2
2019-08-29 15:45:00,7101.7
2019-08-29 16:00:00,7104.2
2019-08-29 16:15:00,7104.0
2019-08-29 16:30:00,7102.2
2019-08-29 16:45:00,7097.4
2019-08-29 17:00:00,7097.2
2019-08-29 17:15:00,7088.9
2019-08-29 17:30:00,7089.1
2019-08-29 17:45:00,7090.5
2019-08-29 18:00:00,7082.3
2019-08-29 18:15:00,7073.9
2019-08-29 18:30:00,7071.0
2019-08-29 18:45:00,7067.0
2019-08-29 19:00:00,7063.1
2019-08-29 19:15:00,7061.0
2019-08-29 19:30:00,7068.7
2019-08-29 19:45:00,7063.5
2019-08-29 20:00:00,7042.5
2019-08-29 20:15:00,7025.4
2019-08-29 20:30:00,7006.2
2019-08-29 20:45:00,6984.4
2019-08-29 21:00:00,6965.4
2019-08-29 21:15:00,6946.7
2019-08-29 21:30:00,6926.1
2019-08-29 21:45:00,6910.5
2019-08-29 22:00:00,6885.4
2019-08-29 22:15:00,6869.3
2019-08-29 22:30:00,6857.3
2019-08-29 22:45:00,6849.7
2019-08-29 23:00:00,6826.0
2019-08-29 23:15:00,6817.0
2019-08-29 23:30:00,6812.4
2019-08-29 23:45:00,6804.1
2019-08-30 00:00:00,6796.2
2019-08-30 00:15:00,6786.2
2019-08-30 00:30:00,6783.0
2019-08-30 00:45:00,6777.2
2019-08-30 01:00:00,6770.5
2019-08-30 01:15:00,6764.5
2019-08-30 01:30:00,6768.0
2019-08-30 01:45:00,6767.3
2019-08-30 02:00:00,6767.5
2019-08-30 02:15:00,6768.9
2019-08-30 02:30:00,6769.6
2019-08-30 02:45:00,6771.8
2019-08-30 03:00:00,6775.7
2019-08-30 03:15:00,6782.0
2019-08-30 03:30:00,6785.3
2019-08-30 03:45:00,6796.0
2019-08-30 04:00:00,6819.5
2019-08-30 04:15:00,6832.0
2019-08-30 04:30:00,6850.2
2019-08-30 04:45:00,6871.9
2019-08-30 05:00:00,6925.4
2019-08-30 05:15:00,6960.5
2019-08-30 05:30:00,6985.7
2019-08-30 05:45:00,7007.3
2019-08-30 06:00:00,7032.2
2019-08-30 06:15:00,7054.7
2019-08-30 06:30:00,7071.3
2019-08-30 06:45:00,7085.7
2019-08-30 07:00:00,7106.1
2019-08-30 07:15:00,7116.5
2019-08-30 07:30:00,7124.3
2019-08-30 07:45:00,7130.7
2019-08-30 08:00:00,7123.0
2019-08-30 08:15:00,7127.7
2019-08-30 08:30:00,7137.2
2019-08-30 08:45:00,7145.8
2019-08-30 09:00:00,7144.0
2019-08-30 09:15:00,7142.6
2019-08-30 09:30:00,7152.1
2019-08-30 09:45:00,7157.9
2019-08-30 10:00:00,7161.8
2019-08-30 10:15:00,7165.3
2019-08-30 10:30:00,7169.0
2019-08-30 10:45:00,7169.4
2019-08-30 11:00:00,7155.4
2019-08-30 11:15:00,7150.0
2019-08-30 11:30:00,7149.6
2019-08-30 11:45:00,7152.5
2019-08-30 12:00:00,7149.2
2019-08-30 12:15:00,7138.5
2019-08-30 12:30:00,7133.3
2019-08-30 12:45:00,7120.2
2019-08-30 13:00:00,7118.9
2019-08-30 13:15:00,7116.9
2019-08-30 13:30:00,7110.1
2019-08-30 13:45:00,7107.0
2019-08-30 14:00:00,7103.3
2019-08-30 14:15:00,7097.6
2019-08-30 14:30:00,7090.7
2019-08-30 14:45:00,7083.8
2019-08-30 15:00:00,7086.6
2019-08-30 15:15:00,7082.2
2019-08-30 15:30:00,7075.8
2019-08-30 15:45:00,7071.3
2019-08-30 16:00:00,7072.1
2019-08-30 16:15:00,7068.7
2019-08-30 16:30:00,7063.5
2019-08-30 16:45:00,7062.7
2019-08-30 17:00:00,7059.7
2019-08-30 17:15:00,7054.5
2019-08-30 17:30:00,7050.5
2019-08-30 17:45:00,7048.7
2019-08-30 18:00:00,7044.4
2019-08-30 18:15:00,7035.9
2019-08-30 18:30:00,7031.6
2019-08-30 18:45:00,7028.1
2019-08-30 19:00:00,7018.0
2019-08-30 19:15:00,7018.0
2019-08-30 19:30:00,7015.8
2019-08-30 19:45:00,7013.3
2019-08-30 20:00:00,6995.5
2019-08-30 20:15:00,6979.8
2019-08-30 20:30:00,6958.2
2019-08-30 20:45:00,6939.7
2019-08-30 21:00:00,6912.7
2019-08-30 21:15:00,6897.9
2019-08-30 21:30:00,6883.2
2019-08-30 21:45:00,6867.9
2019-08-30 22:00:00,6846.7
2019-08-30 22:15:00,6836.5
2019-08-30 22:30:00,6821.2
2019-08-30 22:45:00,6810.6
2019-08-30 23:00:00,6782.5
2019-08-30 23:15:00,6774.6
2019-08-30 23:30:00,6770.8
2019-08-30 23:45:00,6761.9
2019-08-31 00:00:00,6749.7
2019-08-31 00:15:00,6744.3
2019-08-31 00:30:00,6733.5
2019-08-31 00:45:00,6727.4
2019-08-31 01:00:00,6721.3
2019-08-31 01:15:00,6712.3
2019-08-31 01:30:00,6710.0
2019-08-31 01:45:00,6707.9
2019-08-31 02:00:00,6708.2
2019-08-31 02:15:00,6704.4
2019-08-31 02:30:00,6701.4
2019-08-31 02:45:00,6698.5
2019-08-31 03:00:00,6699.6
2019-08-31 03:15:00,6699.9
2019-08-31 03:30:00,6698.6
2019-08-31 03:45:00,6702.0
2019-08-31 04:00:00,6712.4
2019-08-31 04:15:00,6714.2
2019-08-31 04:30:00,6714.9
2019-08-31 04:45:00,6725.7
2019-08-31 05:00:00,6740.7
2019-08-31 05:15:00,6745.4
2019-08-31 05:30:00,6746.9
2019-08-31 05:45:00,6753.0
2019-08-31 06:00:00,6774.8
2019-08-31 06:15:00,6785.2
2019-08-31 06:30:00,6799.7
2019-08-31 06:45:00,6820.0
2019-08-31 07:00:00,6838.7
2019-08-31 07:15:00,6857.7
2019-08-31 07:30:00,6867.2
2019-08-31 07:45:00,6883.5
2019-08-31 08:00:00,6896.5
2019-08-31 08:15:00,6909.0
2019-08-31 08:30:00,6923.7
2019-08-31 08:45:00,6932.1
2019-08-31 09:00:00,6934.3
2019-08-31 09:15:00,6940.0
2019-08-31 09:30:00,6949.6
2019-08-31 09:45:00,6949.1
2019-08-31 10:00:00,6951.5
2019-08-31 10:15:00,6959.7
2019-08-31 10:30:00,6964.0
2019-08-31 10:45:00,6965.3
2019-08-31 11:00:00,6964.5
2019-08-31 11:15:00,6963.3
2019-08-31 11:30:00,6960.3
2019-08-31 11:45:00,6951.0
2019-08-31 12:00:00,6949.3
2019-08-31 12:15:00,6946.9
2019-08-31 12:30:00,6948.7
2019-08-31 12:45:00,6939.0
2019-08-31 13:00:00,6941.9
2019-08-31 13:15:00,6937.7
2019-08-31 13:30:00,6927.9
2019-08-31 13:45:00,6927.7
2019-08-31 14:00:00,6925.1
2019-08-31 14:15:00,6921.9
2019-08-31 14:30:00,6919.1
2019-08-31 14:45:00,6910.7
2019-08-31 15:00:00,6911.6
2019-08-31 15:15:00,6910.8
2019-08-31 15:30:00,6897.2
2019-08-31 15:45:00,6898.7
2019-08-31 16:00:00,6901.6
2019-08-31 16:15:00,6907.6
2019-08-31 16:30:00,6905.5
2019-08-31 16:45:00,6903.5
2019-08-31 17:00:00,6911.1
2019-08-31 17:15:00,6905.4
2019-08-31 17:30:00,6901.5
2019-08-31 17:45:00,6897.2
2019-08-31 18:00:00,6895.5
2019-08-31 18:15:00,6888.6
2019-08-31 18:30:00,6887.3
2019-08-31 18:45:00,6884.3
2019-08-31 19:00:00,6882.6
2019-08-31 19:15:00,6884.9
2019-08-31 19:30:00,6880.7
2019-08-31 19:45:00,6880.1
2019-08-31 20:00:00,6869.3
2019-08-31 20:15:00,6855.0
2019-08-31 20:30:00,6848.3
2019-08-31 20:45:00,6842.7
2019-08-31 21:00:00,6835.1
2019-08-31 21:15:00,6827.4
2019-08-31 21:30:00,6819.7
2019-08-31 21:45:00,6817.2
2019-08-31 22:00:00,6807.0
2019-08-31 22:15:00,6796.5
2019-08-31 22:30:00,6793.0
2019-08-31 22:45:00,6786.0
2019-08-31 23:00:00,6770.2
2019-08-31 23:15:00,6762.7
2019-08-31 23:30:00,6751.7
2019-08-31 23:45:00,6745.6
2019-09-01 00:00:00,6729.8
2019-09-01 00:15:00,6720.3
2019-09-01 00:30:00,6713.2
2019-09-01 00:45:00,6703.2
2019-09-01 01:00:00,6693.2
2019-09-01 01:15:00,6685.5
2019-09-01 01:30:00,6678.7
2019-09-01 01:45:00,6681.9
2019-09-01 02:00:00,6675.4
2019-09-01 02:15:00,6675.7
2019-09-01 02:30:00,6669.9
2019-09-01 02:45:00,6666.6
2019-09-01 03:00:00,6668.7
2019-09-01 03:15:00,6668.0
2019-09-01 03:30:00,6670.9
2019-09-01 03:45:00,6669.3
2019-09-01 04:00:00,6670.8
2019-09-01 04:15:00,6670.6
2019-09-01 04:30:00,6672.5
2019-09-01 04:45:00,6671.4
2019-09-01 05:00:00,6681.8
2019-09-01 05:15:00,6681.6
2019-09-01 05:30:00,6685.6
2019-09-01 05:45:00,6682.3
2019-09-01 06:00:00,6693.1
2019-09-01 06:15:00,6701.4
2019-09-01 06:30:00,6712.8
2019-09-01 06:45:00,6714.9
2019-09-01 07:00:00,6731.1
2019-09-01 07:15:00,6744.7
2019-09-01 07:30:00,6762.7
2019-09-01 07:45:00,6774.6
2019-09-01 08:00:00,6785.5
2019-09-01 08:15:00,6792.3
2019-09-01 08:30:00,6810.6
2019-09-01 08:45:00,6822.4
2019-09-01 09:00:00,6827.0
2019-09-01 09:15:00,6836.6
2019-09-01 09:30:00,6839.8
2019-09-01 09:45:00,6851.8
2019-09-01 10:00:00,6857.5
2019-09-01 10:15:00,6865.1
2019-09-01 10:30:00,6876.5
2019-09-01 10:45:00,6886.4
2019-09-01 11:00:00,6880.7
2019-09-01 11:15:00,6874.5
2019-09-01 11:30:00,6872.7
2019-09-01 11:45:00,6869.5
2019-09-01 12:00:00,6866.3
2019-09-01 12:15:00,6860.7
2019-09-01 12:30:00,6861.1
2019-09-01 12:45:00,6852.6
2019-09-01 13:00:00,6845.9
2019-09-01 13:15:00,6839.4
2019-09-01 13:30:00,6835.1
2019-09-01 13:45:00,6825.6
2019-09-01 14:00:00,6820.7
2019-09-01 14:15:00,6815.2
2019-09-01 14:30:00,6805.6
2019-09-01 14:45:00,6801.7
2019-09-01 15:00:00,6814.7
2019-09-01 15:15:00,6816.2
2019-09-01 15:30:00,6811.6
2019-09-01 15:45:00,6814.0
2019-09-01 16:00:00,6822.0
2019-09-01 16:15:00,6829.8
2019-09-01 16:30:00,6830.2
2019-09-01 16:45:00,6841.4
2019-09-01 17:00:00,6842.6
2019-09-01 17:15:00,6848.3
2019-09-01 17:30:00,6849.0
2019-09-01 17:45:00,6844.9
2019-09-01 18:00:00,6839.5
2019-09-01 18:15:00,6839.6
2019-09-01 18:30:00,6847.4
2019-09-01 18:45:00,6843.6
2019-09-01 19:00:00,6850.8
2019-09-01 19:15:00,6858.0
2019-09-01 19:30:00,6854.3
2019-09-01 19:45:00,6846.3
2019-09-01 20:00:00,6833.7
2019-09-01 20:15:00,6824.3
2019-09-01 20:30:00,6816.6
2019-09-01 20:45:00,6806.1
2019-09-01 21:00:00,6807.6
2019-09-01 21:15:00,6794.5
2019-09-01 21:30:00,6782.6
2019-09-01 21:45:00,6771.4
2019-09-01 22:00:00,6754.3
2019-09-01 22:15:00,6746.0
2019-09-01 22:30:00,6734.4
2019-09-01 22:45:00,6724.6
2019-09-01 23:00:00,6715.5
2019-09-01 23:15:00,6707.2
2019-09-01 23:30:00,6704.5
2019-09-01 23:45:00,6701.4
2019-09-02 00:00:00,6699.2
2019-09-02 00:15:00,6691.7
2019-09-02 00:30:00,6685.0
2019-09-02 00:45:00,6683.8
2019-09-02 01:00:00,6683.6
2019-09-02 01:15:00,6682.6
2019-09-02 01:30:00,6684.2
2019-09-02 01:45:00,6683.9
2019-09-02 02:00:00,6686.3
2019-09-02 02:15:00,6685.0
2019-09-02 02:30:00,6687.1
2019-09-02 02:45:00,6694.8
2019-09-02 03:00:00,6710.4
2019-09-02 03:15:00,6717.0
2019-09-02 03:30:00,6725.0
2019-09-02 03:45:00,6731.9
2019-09-02 04:00:00,6750.2
2019-09-02 04:15:00,6770.9
2019-09-02 04:30:00,6796.0
2019-09-02 04:45:00,6829.6
2019-09-02 05:00:00,6889.9
2019-09-02 05:15:00,6920.5
2019-09-02 05:30:00,6940.1
2019-09-02 05:45:00,6958.8
2019-09-02 06:00:00,6991.4
2019-09-02 06:15:00,7007.5
2019-09-02 06:30:00,7022.1
2019-09-02 06:45:00,7038.7
2019-09-02 07:00:00,7048.3
2019-09-02 07:15:00,7053.2
2019-09-02 07:30:00,7064.7
2019-09-02 07:45:00,7073.5
2019-09-02 08:00:00,7069.5
2019-09-02 08:15:00,7074.0
2019-09-02 08:30:00,7085.4
2019-09-02 08:45:00,7091.0
2019-09-02 09:00:00,7094.2
2019-09-02 09:15:00,7099.6
2019-09-02 09:30:00,7107.6
2019-09-02 09:45:00,7118.6
2019-09-02 10:00:00,7127.5
2019-09-02 10:15:00,7136.0
2019-09-02 10:30:00,7140.6
2019-09-02 10:45:00,7157.1
2019-09-02 11:00:00,7143.1
2019-09-02 11:15:00,7137.2
2019-09-02 11:30:00,7141.9
2019-09-02 11:45:00,7135.3
2019-09-02 12:00:00,7138.5
2019-09-02 12:15:00,7141.1
2019-09-02 12:30:00,7136.9
2019-09-02 12:45:00,7127.5
2019-09-02 13:00:00,7121.9
2019-09-02 13:15:00,7118.5
2019-09-02 13:30:00,7117.4
2019-09-02 13:45:00,7107.3
2019-09-02 14:00:00,7102.0
2019-09-02 14:15:00,7093.4
2019-09-02 14:30:00,7083.7
2019-09-02 14:45:00,7082.0
2019-09-02 15:00:00,7076.0
2019-09-02 15:15:00,7073.0
2019-09-02 15:30:00,7066.9
2019-09-02 15:45:00,7059.5
2019-09-02 16:00:00,7061.9
2019-09-02 16:15:00,7058.8
2019-09-02 16:30:00,7056.0
2019-09-02 16:45:00,7059.3
2019-09-02 17:00:00,7058.4
2019-09-02 17:15:00,7053.2
2019-09-02 17:30:00,7052.8
2019-09-02 17:45:00,7060.2
2019-09-02 18:00:00,7061.4
2019-09-02 18:15:00,7054.5
2019-09-02 18:30:00,7054.1
2019-09-02 18:45:00,7048.5
2019-09-02 19:00:00,7049.4
2019-09-02 19:15:00,7048.5
2019-09-02 19:30:00,7051.3
2019-09-02 19:45:00,7036.9
2019-09-02 20:00:00,7020.8
2019-09-02 20:15:00,7000.6
2019-09-02 20:30:00,6985.0
2019-09-02 20:45:00,6961.4
2019-09-02 21:00:00,6936.0
2019-09-02 21:15:00,6917.2
2019-09-02 21:30:00,6897.6
2019-09-02 21:45:00,6883.6
2019-09-02 22:00:00,6857.0
2019-09-02 22:15:00,6840.4
2019-09-02 22:30:00,6834.4
2019-09-02 22:45:00,6822.7
2019-09-02 23:00:00,6797.3
2019-09-02 23:15:00,6784.9
2019-09-02 23:30:00,6776.5
2019-09-02 23:45:00,6774.2
2019-09-03 00:00:00,6767.7
2019-09-03 00:15:00,6767.2
2019-09-03 00:30:00,6761.7
2019-09-03 00:45:00,6760.6
2019-09-03 01:00:00,6761.2
2019-09-03 01:15:00,6757.2
2019-09-03 01:30:00,6756.5
2019-09-03 01:45:00,6760.7
2019-09-03 02:00:00,6762.1
2019-09-03 02:15:00,6764.0
2019-09-03 02:30:00,6763.2
2019-09-03 02:45:00,6765.1
2019-09-03 03:00:00,6770.6
2019-09-03 03:15:00,6772.8
2019-09-03 03:30:00,6786.2
2019-09-03 03:45:00,6792.7
2019-09-03 04:00:00,6818.8
2019-09-03 04:15:00,6835.9
2019-09-03 04:30:00,6857.2
2019-09-03 04:45:00,6883.4
2019-09-03 05:00:00,6944.7
2019-09-03 05:15:00,6981.5
2019-09-03 05:30:00,6999.8
2019-09-03 05:45:00,7016.5
2019-09-03 06:00:00,7043.8
2019-09-03 06:15:00,7062.3
2019-09-03 06:30:00,7079.5
2019-09-03 06:45:00,7089.2
2019-09-03 07:00:00,7095.4
2019-09-03 07:15:00,7104.3
2019-09-03 07:30:00,7108.8
2019-09-03 07:45:00,7107.0
2019-09-03 08:00:00,7092.1
2019-09-03 08:15:00,7103.5
2019-09-03 08:30:00,7114.4
2019-09-03 08:45:00,7123.2
2019-09-03 09:00:00,7123.4
2019-09-03 09:15:00,7131.0
2019-09-03 09:30:00,7146.0
2019-09-03 09:45:00,7157.6
2019-09-03 10:00:00,7159.1
2019-09-03 10:15:00,7163.9
2019-09-03 10:30:00,7168.7
2019-09-03 10:45:00,7177.5
2019-09-03 11:00:00,7168.4
2019-09-03 11:15:00,7164.4
2019-09-03 11:30:00,7170.1
2019-09-03 11:45:00,7166.5
2019-09-03 12:00:00,7166.9
2019-09-03 12:15:00,7160.0
2019-09-03 12:30:00,7153.9
2019-09-03 12:45:00,7145.3
2019-09-03 13:00:00,7143.4
2019-09-03 13:15:00,7143.1
2019-09-03 13:30:00,7136.5
2019-09-03 13:45:00,7134.8
2019-09-03 14:00:00,7133.6
2019-09-03 14:15:00,7125.4
2019-09-03 14:30:00,7114.5
2019-09-03 14:45:00,7106.1
2019-09-03 15:00:00,7102.2
2019-09-03 15:15:00,7099.1
2019-09-03 15:30:00,7088.0
2019-09-03 15:45:00,7084.8
2019-09-03 16:00:00,7087.8
2019-09-03 16:15:00,7088.6
2019-09-03 16:30:00,7085.4
2019-09-03 16:45:00,7082.2
2019-09-03 17:00:00,7079.9
2019-09-03 17:15:00,7075.1
2019-09-03 17:30:00,7072.8
2019-09-03 17:45:00,7074.1
2019-09-03 18:00:00,7067.3
2019-09-03 18:15:00,7061.8
2019-09-03 18:30:00,7055.4
2019-09-03 18:45:00,7055.2
2019-09-03 19:00:00,7056.3
2019-09-03 19:15:00,7059.9
2019-09-03 19:30:00,7056.7
2019-09-03 19:45:00,7042.7
2019-09-03 20:00:00,7021.2
2019-09-03 20:15:00,7004.8
2019-09-03 20:30:00,6985.0
2019-09-03 20:45:00,6966.5
2019-09-03 21:00:00,6943.3
2019-09-03 21:15:00,6926.6
2019-09-03 21:30:00,6907.7
2019-09-03 21:45:00,6888.5
2019-09-03 22:00:00,6871.4
2019-09-03 22:15:00,6856.4
2019-09-03 22:30:00,6842.6
2019-09-03 22:45:00,6831.7
2019-09-03 23:00:00,6812.2
2019-09-03 23:15:00,6803.3
2019-09-03 23:30:00,6792.1
2019-09-03 23:45:00,6785.7
2019-09-04 00:00:00,6778.6
2019-09-04 00:15:00,6776.0
2019-09-04 00:30:00,6771.3
2019-09-04 00:45:00,6768.6
2019-09-04 01:00:00,6758.0
2019-09-04 01:15:00,6754.7
2019-09-04 01:30:00,6754.6
2019-09-04 01:45:00,6756.9
2019-09-04 02:00:00,6757.3
2019-09-04 02:15:00,6756.3
2019-09-04 02:30:00,6758.5
2019-09-04 02:45:00,6760.2
2019-09-04 03:00:00,6766.3
2019-09-04 03:15:00,6768.7
2019-09-04 03:30:00,6778.2
2019-09-04 03:45:00,6788.3
2019-09-04 04:00:00,6814.9
2019-09-04 04:15:00,6830.6
2019-09-04 04:30:00,6847.1
2019-09-04 04:45:00,6872.2
2019-09-04 05:00:00,6929.8
2019-09-04 05:15:00,6964.1
2019-09-04 05:30:00,6982.6
2019-09-04 05:45:00,7005.3
2019-09-04 06:00:00,7032.8
2019-09-04 06:15:00,7045.7
2019-09-04 06:30:00,7059.0
2019-09-04 06:45:00,7073.6
2019-09-04 07:00:00,7087.8
2019-09-04 07:15:00,7098.0
2019-09-04 07:30:00,7100.7
2019-09-04 07:45:00,7105.6
2019-09-04 08:00:00,7102.2
2019-09-04 08:15:00,7110.3
2019-09-04 08:30:00,7122.3
2019-09-04 08:45:00,7126.4
2019-09-04 09:00:00,7127.5
2019-09-04 09:15:00,7135.8
2019-09-04 09:30:00,7147.3
2019-09-04 09:45:00,7154.1
2019-09-04 10:00:00,7156.7
2019-09-04 10:15:00,7161.9
2019-09-04 10:30:00,7166.0
2019-09-04 10:45:00,7168.5
2019-09-04 11:00:00,7158.0
2019-09-04 11:15:00,7151.7
2019-09-04 11:30:00,7155.2
2019-09-04 11:45:00,7154.6
2019-09-04 12:00:00,7149.3
2019-09-04 12:15:00,7141.1
2019-09-04 12:30:00,7139.1
2019-09-04 12:45:00,7130.1
2019-09-04 13:00:00,7126.7
2019-09-04 13:15:00,7127.1
2019-09-04 13:30:00,7125.4
2019-09-04 13:45:00,7120.2
2019-09-04 14:00:00,7119.1
2019-09-04 14:15:00,7107.3
2019-09-04 14:30:00,7101.4
2019-09-04 14:45:00,7096.3
2019-09-04 15:00:00,7090.1
2019-09-04 15:15:00,7084.3
2019-09-04 15:30:00,7077.7
2019-09-04 15:45:00,7075.6
2019-09-04 16:00:00,7080.5
2019-09-04 16:15:00,7074.5
2019-09-04 16:30:00,7077.4
2019-09-04 16:45:00,7079.6
2019-09-04 17:00:00,7076.6
2019-09-04 17:15:00,7071.3
2019-09-04 17:30:00,7072.3
2019-09-04 17:45:00,7072.7
2019-09-04 18:00:00,7072.5
2019-09-04 18:15:00,7069.2
2019-09-04 18:30:00,7066.1
2019-09-04 18:45:00,7066.7
2019-09-04 19:00:00,7064.4
2019-09-04 19:15:00,7059.8
2019-09-04 19:30:00,7054.5
2019-09-04 19:45:00,7038.7
2019-09-04 20:00:00,7022.1
2019-09-04 20:15:00,7009.2
2019-09-04 20:30:00,6991.4
2019-09-04 20:45:00,6971.8
2019-09-04 21:00:00,6947.0
2019-09-04 21:15:00,6930.9
2019-09-04 21:30:00,6908.4
2019-09-04 21:45:00,6893.4
2019-09-04 22:00:00,6873.4
2019-09-04 22:15:00,6859.0
2019-09-04 22:30:00,6854.8
2019-09-04 22:45:00,6842.0
2019-09-04 23:00:00,6833.1
2019-09-04 23:15:00,6820.2
2019-09-04 23:30:00,6810.0
2019-09-04 23:45:00,6801.2
2019-09-05 00:00:00,6793.9
2019-09-05 00:15:00,6784.5
2019-09-05 00:30:00,6785.2
2019-09-05 00:45:00,6781.4
2019-09-05 01:00:00,6779.9
2019-09-05 01:15:00,6774.9
2019-09-05 01:30:00,6777.4
2019-09-05 01:45:00,6779.9
2019-09-05 02:00:00,6779.7
2019-09-05 02:15:00,6780.0
2019-09-05 02:30:00,6783.7
2019-09-05 02:45:00,6783.4
2019-09-05 03:00:00,6791.3
2019-09-05 03:15:00,6797.1
2019-09-05 03:30:00,6803.3
2019-09-05 03:45:00,6811.1
2019-09-05 04:00:00,6837.3
2019-09-05 04:15:00,6853.0
2019-09-05 04:30:00,6868.9
2019-09-05 04:45:00,6898.9
2019-09-05 05:00:00,6953.8
2019-09-05 05:15:00,6988.1
2019-09-05 05:30:00,7006.2
2019-09-05 05:45:00,7025.1
2019-09-05 06:00:00,7050.6
2019-09-05 06:15:00,7067.3
2019-09-05 06:30:00,7081.5
2019-09-05 06:45:00,7092.5
2019-09-05 07:00:00,7107.6
2019-09-05 07:15:00,7118.1
2019-09-05 07:30:00,7122.8
2019-09-05 07:45:00,7135.3
2019-09-05 08:00:00,7128.5
2019-09-05 08:15:00,7137.8
2019-09-05 08:30:00,7150.9
2019-09-05 08:45:00,7154.9
2019-09-05 09:00:00,7153.7
2019-09-05 09:15:00,7162.4
2019-09-05 09:30:00,7173.0
2019-09-05 09:45:00,7180.8
2019-09-05 10:00:00,7183.6
2019-09-05 10:15:00,7196.6
2019-09-05 10:30:00,7196.9
2019-09-05 10:45:00,7201.9
2019-09-05 11:00:00,7187.7
2019-09-05 11:15:00,7178.7
2019-09-05 11:30:00,7186.6
2019-09-05 11:45:00,7188.5
2019-09-05 12:00:00,7180.7
2019-09-05 12:15:00,7179.7
2019-09-05 12:30:00,7181.9
2019-09-05 12:45:00,7171.7
2019-09-05 13:00:00,7168.9
2019-09-05 13:15:00,7169.4
2019-09-05 13:30:00,7162.2
2019-09-05 13:45:00,7155.0
2019-09-05 14:00:00,7150.9
2019-09-05 14:15:00,7147.1
2019-09-05 14:30:00,7141.9
2019-09-05 14:45:00,7132.9
2019-09-05 15:00:00,7130.1
2019-09-05 15:15:00,7118.4
2019-09-05 15:30:00,7110.8
2019-09-05 15:45:00,7111.4
2019-09-05 16:00:00,7110.8
2019-09-05 16:15:00,7113.4
2019-09-05 16:30:00,7113.4
2019-09-05 16:45:00,7115.5
2019-09-05 17:00:00,7115.3
2019-09-05 17:15:00,7108.6
2019-09-05 17:30:00,7102.8
2019-09-05 17:45:00,7101.7
2019-09-05 18:00:00,7100.4
2019-09-05 18:15:00,7094.6
2019-09-05 18:30:00,7091.9
2019-09-05 18:45:00,7092.5
2019-09-05 19:00:00,7089.9
2019-09-05 19:15:00,7083.7
2019-09-05 19:30:00,7081.2
2019-09-05 19:45:00,7065.2
2019-09-05 20:00:00,7048.1
2019-09-05 20:15:00,7029.7
2019-09-05 20:30:00,7005.7
2019-09-05 20:45:00,6987.5
2019-09-05 21:00:00,6963.1
2019-09-05 21:15:00,6942.2
2019-09-05 21:30:00,6921.4
2019-09-05 21:45:00,6904.1
2019-09-05 22:00:00,6882.3
2019-09-05 22:15:00,6867.8
2019-09-05 22:30:00,6857.9
2019-09-05 22:45:00,6845.3
2019-09-05 23:00:00,6826.1
2019-09-05 23:15:00,6819.2
2019-09-05 23:30:00,6813.7
2019-09-05 23:45:00,6808.3
2019-09-06 00:00:00,6802.3
2019-09-06 00:15:00,6800.3
2019-09-06 00:30:00,6794.8
2019-09-06 00:45:00,6788.3
2019-09-06 01:00:00,6781.7
2019-09-06 01:15:00,6778.5
2019-09-06 01:30:00,6778.8
2019-09-06 01:45:00,6783.5
2019-09-06 02:00:00,6778.0
2019-09-06 02:15:00,6780.8
2019-09-06 02:30:00,6780.4
2019-09-06 02:45:00,6785.5
2019-09-06 03:00:00,6794.6
2019-09-06 03:15:00,6798.7
2019-09-06 03:30:00,6806.5
2019-09-06 03:45:00,6816.6
2019-09-06 04:00:00,6837.9
2019-09-06 04:15:00,6852.7
2019-09-06 04:30:00,6869.2
2019-09-06 04:45:00,6894.7
2019-09-06 05:00:00,6943.8
2019-09-06 05:15:00,6974.8
2019-09-06 05:30:00,6997.8
2019-09-06 05:45:00,7019.5
2019-09-06 06:00:00,7043.5
2019-09-06 06:15:00,7060.1
2019-09-06 06:30:00,7073.4
2019-09-06 06:45:00,7091.0
2019-09-06 07:00:00,7108.6
2019-09-06 07:15:00,7111.6
2019-09-06 07:30:00,7117.5
2019-09-06 07:45:00,7124.9
2019-09-06 08:00:00,7119.8
2019-09-06 08:15:00,7119.4
2019-09-06 08:30:00,7126.9
2019-09-06 08:45:00,7133.7
2019-09-06 09:00:00,7136.5
2019-09-06 09:15:00,7139.8
2019-09-06 09:30:00,7147.5
2019-09-06 09:45:00,7152.4
2019-09-06 10:00:00,7151.4
2019-09-06 10:15:00,7155.6
2019-09-06 10:30:00,7158.8
2019-09-06 10:45:00,7159.5
2019-09-06 11:00:00,7150.3
2019-09-06 11:15:00,7148.6
2019-09-06 11:30:00,7146.6
2019-09-06 11:45:00,7137.8
2019-09-06 12:00:00,7128.7
2019-09-06 12:15:00,7122.9
2019-09-06 12:30:00,7117.6
2019-09-06 12:45:00,7104.6
2019-09-06 13:00:00,7101.1
2019-09-06 13:15:00,7095.3
2019-09-06 13:30:00,7086.9
2019-09-06 13:45:00,7079.9
2019-09-06 14:00:00,7077.7
2019-09-06 14:15:00,7073.2
2019-09-06 14:30:00,7065.5
2019-09-06 14:45:00,7064.8
2019-09-06 15:00:00,7062.7
2019-09-06 15:15:00,7053.8
2019-09-06 15:30:00,7051.2
2019-09-06 15:45:00,7050.5
2019-09-06 16:00:00,7055.0
2019-09-06 16:15:00,7049.0
2019-09-06 16:30:00,7049.8
2019-09-06 16:45:00,7050.3
2019-09-06 17:00:00,7046.0
2019-09-06 17:15:00,7037.4
2019-09-06 17:30:00,7036.9
2019-09-06 17:45:00,7038.6
2019-09-06 18:00:00,7039.1
2019-09-06 18:15:00,7031.1
2019-09-06 18:30:00,7025.4
2019-09-06 18:45:00,7027.8
2019-09-06 19:00:00,7028.6
2019-09-06 19:15:00,7023.9
2019-09-06 19:30:00,7009.0
2019-09-06 19:45:00,6994.3
2019-09-06 20:00:00,6973.1
2019-09-06 20:15:00,6951.6
2019-09-06 20:30:00,6934.9
2019-09-06 20:45:00,6915.6
2019-09-06 21:00:00,6902.7
2019-09-06 21:15:00,6884.9
2019-09-06 21:30:00,6866.5
2019-09-06 21:45:00,6853.9
2019-09-06 22:00:00,6835.1
2019-09-06 22:15:00,6821.7
2019-09-06 22:30:00,6806.4
2019-09-06 22:45:00,6794.5
2019-09-06 23:00:00,6777.5
2019-09-06 23:15:00,6766.2
2019-09-06 23:30:00,6761.5
2019-09-06 23:45:00,6757.7
2019-09-07 00:00:00,6750.6
2019-09-07 00:15:00,6745.0
2019-09-07 00:30:00,6744.1
2019-09-07 00:45:00,6744.9
2019-09-07 01:00:00,6734.4
2019-09-07 01:15:00,6732.4
2019-09-07 01:30:00,6728.8
2019-09-07 01:45:00,6724.4
2019-09-07 02:00:00,6727.1
2019-09-07 02:15:00,6718.1
2019-09-07 02:30:00,6717.9
2019-09-07 02:45:00,6717.7
2019-09-07 03:00:00,6717.7
2019-09-07 03:15:00,6714.6
2019-09-07 03:30:00,6714.3
2019-09-07 03:45:00,6715.8
2019-09-07 04:00:00,6726.5
2019-09-07 04:15:00,6724.1
2019-09-07 04:30:00,6723.3
2019-09-07 04:45:00,6726.7
2019-09-07 05:00:00,6742.4
2019-09-07 05:15:00,6752.6
2019-09-07 05:30:00,6755.1
2019-09-07 05:45:00,6765.1
2019-09-07 06:00:00,6779.5
2019-09-07 06:15:00,6790.7
2019-09-07 06:30:00,6804.9
2019-09-07 06:45:00,6817.0
2019-09-07 07:00:00,6831.7
2019-09-07 07:15:00,6846.3
2019-09-07 07:30:00,6856.6
2019-09-07 07:45:00,6869.1
2019-09-07 08:00:00,6880.6
2019-09-07 08:15:00,6889.6
2019-09-07 08:30:00,6899.5
2019-09-07 08:45:00,6904.8
2019-09-07 09:00:00,6913.9
2019-09-07 09:15:00,6921.0
2019-09-07 09:30:00,6926.4
2019-09-07 09:45:00,6931.9
2019-09-07 10:00:00,6939.5
2019-09-07 10:15:00,6944.8
2019-09-07 10:30:00,6937.5
2019-09-07 10:45:00,6936.2
2019-09-07 11:00:00,6934.7
2019-09-07 11:15:00,6935.5
2019-09-07 11:30:00,6936.7
2019-09-07 11:45:00,6924.4
2019-09-07 12:00:00,6916.0
2019-09-07 12:15:00,6903.8
2019-09-07 12:30:00,6900.3
2019-09-07 12:45:00,6889.0
2019-09-07 13:00:00,6881.5
2019-09-07 13:15:00,6873.1
2019-09-07 13:30:00,6863.3
2019-09-07 13:45:00,6856.8
2019-09-07 14:00:00,6856.1
2019-09-07 14:15:00,6854.8
2019-09-07 14:30:00,6849.9
2019-09-07 14:45:00,6849.0
2019-09-07 15:00:00,6850.7
2019-09-07 15:15:00,6845.3
2019-09-07 15:30:00,6848.9
2019-09-07 15:45:00,6849.7
2019-09-07 16:00:00,6859.1
2019-09-07 16:15:00,6861.1
2019-09-07 16:30:00,6867.9
2019-09-07 16:45:00,6873.8
2019-09-07 17:00:00,6879.9
2019-09-07 17:15:00,6878.9
2019-09-07 17:30:00,6881.3
2019-09-07 17:45:00,6883.4
2019-09-07 18:00:00,6886.4
2019-09-07 18:15:00,6880.0
2019-09-07 18:30:00,6879.7
2019-09-07 18:45:00,6883.2
2019-09-07 19:00:00,6887.3
2019-09-07 19:15:00,6880.9
2019-09-07 19:30:00,6871.0
2019-09-07 19:45:00,6858.1
2019-09-07 20:00:00,6844.4
2019-09-07 20:15:00,6829.3
2019-09-07 20:30:00,6818.3
2019-09-07 20:45:00,6807.5
2019-09-07 21:00:00,6799.8
2019-09-07 21:15:00,6786.6
2019-09-07 21:30:00,6774.3
2019-09-07 21:45:00,6762.1
2019-09-07 22:00:00,6751.6
2019-09-07 22:15:00,6737.4
2019-09-07 22:30:00,6726.7
2019-09-07 22:45:00,6714.4
2019-09-07 23:00:00,6701.2
2019-09-07 23:15:00,6690.6
2019-09-07 23:30:00,6681.7
2019-09-07 23:45:00,6677.5
2019-09-08 00:00:00,6667.9
2019-09-08 00:15:00,6661.6
2019-09-08 00:30:00,6662.1
2019-09-08 00:45:00,6658.2
2019-09-08 01:00:00,6651.4
2019-09-08 01:15:00,6648.3
2019-09-08 01:30:00,6645.7
2019-09-08 01:45:00,6641.7
2019-09-08 02:00:00,6640.0
2019-09-08 02:15:00,6641.2
2019-09-08 02:30:00,6638.0
2019-09-08 02:45:00,6640.8
2019-09-08 03:00:00,6638.4
2019-09-08 03:15:00,6637.1
2019-09-08 03:30:00,6637.3
2019-09-08 03:45:00,6643.2
2019-09-08 04:00:00,6640.2
2019-09-08 04:15:00,6636.3
2019-09-08 04:30:00,6640.5
2019-09-08 04:45:00,6642.3
2019-09-08 05:00:00,6656.1
2019-09-08 05:15:00,6656.7
2019-09-08 05:30:00,6660.3
2019-09-08 05:45:00,6663.2
2019-09-08 06:00:00,6668.2
2019-09-08 06:15:00,6674.4
2019-09-08 06:30:00,6691.0
2019-09-08 06:45:00,6706.5
2019-09-08 07:00:00,6726.1
2019-09-08 07:15:00,6735.8
2019-09-08 07:30:00,6752.4
2019-09-08 07:45:00,6764.3
2019-09-08 08:00:00,6780.7
2019-09-08 08:15:00,6793.3
2019-09-08 08:30:00,6807.5
2019-09-08 08:45:00,6815.7
2019-09-08 09:00:00,6827.0
2019-09-08 09:15:00,6835.8
2019-09-08 09:30:00,6836.2
2019-09-08 09:45:00,6849.4
2019-09-08 10:00:00,6863.8
2019-09-08 10:15:00,6866.4
2019-09-08 10:30:00,6872.0
2019-09-08 10:45:00,6880.3
2019-09-08 11:00:00,6877.7
2019-09-08 11:15:00,6868.8
2019-09-08 11:30:00,6859.7
2019-09-08 11:45:00,6853.4
2019-09-08 12:00:00,6845.2
2019-09-08 12:15:00,6835.1
2019-09-08 12:30:00,6832.2
2019-09-08 12:45:00,6822.9
2019-09-08 13:00:00,6819.2
2019-09-08 13:15:00,6811.1
2019-09-08 13:30:00,6813.8
2019-09-08 13:45:00,6808.5
2019-09-08 14:00:00,6808.8
2019-09-08 14:15:00,6806.9
2019-09-08 14:30:00,6807.0
2019-09-08 14:45:00,6806.3
2019-09-08 15:00:00,6806.7
2019-09-08 15:15:00,6801.2
2019-09-08 15:30:00,6805.3
2019-09-08 15:45:00,6810.2
2019-09-08 16:00:00,6817.9
2019-09-08 16:15:00,6820.4
2019-09-08 16:30:00,6827.9
2019-09-08 16:45:00,6836.2
2019-09-08 17:00:00,6850.8
2019-09-08 17:15:00,6847.3
2019-09-08 17:30:00,6848.2
2019-09-08 17:45:00,6852.6
2019-09-08 18:00:00,6856.8
2019-09-08 18:15:00,6850.2
2019-09-08 18:30:00,6856.3
2019-09-08 18:45:00,6863.8
2019-09-08 19:00:00,6875.3
2019-09-08 19:15:00,6869.3
2019-09-08 19:30:00,6863.9
2019-09-08 19:45:00,6852.5
2019-09-08 20:00:00,6838.1
2019-09-08 20:15:00,6826.8
2019-09-08 20:30:00,6819.7
2019-09-08 20:45:00,6813.0
2019-09-08 21:00:00,6812.2
2019-09-08 21:15:00,6797.3
2019-09-08 21:30:00,6786.8
2019-09-08 21:45:00,6772.3
2019-09-08 22:00:00,6759.3
2019-09-08 22:15:00,6747.3
2019-09-08 22:30:00,6736.2
2019-09-08 22:45:00,6726.5
2019-09-08 23:00:00,6709.7
2019-09-08 23:15:00,6700.3
2019-09-08 23:30:00,6696.2
2019-09-08 23:45:00,6687.6
2019-09-09 00:00:00,6683.8
2019-09-09 00:15:00,6678.0
2019-09-09 00:30:00,6674.5
2019-09-09 00:45:00,6672.2
2019-09-09 01:00:00,6673.8
2019-09-09 01:15:00,6674.8
2019-09-09 01:30:00,6674.4
2019-09-09 01:45:00,6675.2
2019-09-09 02:00:00,6676.5
2019-09-09 02:15:00,6681.7
2019-09-09 02:30:00,6679.8
2019-09-09 02:45:00,6682.9
2019-09-09 03:00:00,6695.1
2019-09-09 03:15:00,6702.6
2019-09-09 03:30:00,6711.5
2019-09-09 03:45:00,6720.8
2019-09-09 04:00:00,6755.9
2019-09-09 04:15:00,6778.9
2019-09-09 04:30:00,6803.6
2019-09-09 04:45:00,6832.0
2019-09-09 05:00:00,6896.5
2019-09-09 05:15:00,6944.7
2019-09-09 05:30:00,6976.8
2019-09-09 05:45:00,6997.0
2019-09-09 06:00:00,7026.4
2019-09-09 06:15:00,7048.7
2019-09-09 06:30:00,7061.6
2019-09-09 06:45:00,7075.9
2019-09-09 07:00:00,7092.9
2019-09-09 07:15:00,7104.4
2019-09-09 07:30:00,7110.3
2019-09-09 07:45:00,7112.6
2019-09-09 08:00:00,7109.9
2019-09-09 08:15:00,7118.2
2019-09-09 08:30:00,7125.9
2019-09-09 08:45:00,7130.7
2019-09-09 09:00:00,7136.1
2019-09-09 09:15:00,7144.9
2019-09-09 09:30:00,7152.2
2019-09-09 09:45:00,7156.4
2019-09-09 10:00:00,7162.7
2019-09-09 10:15:00,7169.7
2019-09-09 10:30:00,7170.1
2019-09-09 10:45:00,7169.8
2019-09-09 11:00:00,7156.7
2019-09-09 11:15:00,7153.7
2019-09-09 11:30:00,7150.5
2019-09-09 11:45:00,7151.1
2019-09-09 12:00:00,7150.5
2019-09-09 12:15:00,7144.3
2019-09-09 12:30:00,7143.4
2019-09-09 12:45:00,7127.5
2019-09-09 13:00:00,7123.0
2019-09-09 13:15:00,7127.3
2019-09-09 13:30:00,7124.8
2019-09-09 13:45:00,7117.7
2019-09-09 14:00:00,7115.0
2019-09-09 14:15:00,7108.9
2019-09-09 14:30:00,7100.5
2019-09-09 14:45:00,7093.4
2019-09-09 15:00:00,7087.8
2019-09-09 15:15:00,7078.5
2019-09-09 15:30:00,7070.0
2019-09-09 15:45:00,7064.9
2019-09-09 16:00:00,7066.8
2019-09-09 16:15:00,7067.7
2019-09-09 16:30:00,7074.1
2019-09-09 16:45:00,7071.9
2019-09-09 17:00:00,7072.4
2019-09-09 17:15:00,7067.6
2019-09-09 17:30:00,7070.2
2019-09-09 17:45:00,7073.0
2019-09-09 18:00:00,7072.3
2019-09-09 18:15:00,7066.4
2019-09-09 18:30:00,7073.0
2019-09-09 18:45:00,7077.5
2019-09-09 19:00:00,7078.5
2019-09-09 19:15:00,7070.9
2019-09-09 19:30:00,7055.4
2019-09-09 19:45:00,7038.2
2019-09-09 20:00:00,7017.3
2019-09-09 20:15:00,6996.0
2019-09-09 20:30:00,6976.6
2019-09-09 20:45:00,6958.1
2019-09-09 21:00:00,6939.9
2019-09-09 21:15:00,6924.7
2019-09-09 21:30:00,6903.4
2019-09-09 21:45:00,6887.8
2019-09-09 22:00:00,6861.0
2019-09-09 22:15:00,6843.9
2019-09-09 22:30:00,6827.6
2019-09-09 22:45:00,6817.7
2019-09-09 23:00:00,6797.3
2019-09-09 23:15:00,6788.4
2019-09-09 23:30:00,6779.1
2019-09-09 23:45:00,6773.3
2019-09-10 00:00:00,6768.5
2019-09-10 00:15:00,6761.3
2019-09-10 00:30:00,6759.2
2019-09-10 00:45:00,6757.1
2019-09-10 01:00:00,6750.9
2019-09-10 01:15:00,6747.8
2019-09-10 01:30:00,6752.3
2019-09-10 01:45:00,6759.1
2019-09-10 02:00:00,6758.5
2019-09-10 02:15:00,6759.7
2019-09-10 02:30:00,6764.5
2019-09-10 02:45:00,6766.0
2019-09-10 03:00:00,6774.6
2019-09-10 03:15:00,6779.0
2019-09-10 03:30:00,6789.4
2019-09-10 03:45:00,6801.3
2019-09-10 04:00:00,6824.0
2019-09-10 04:15:00,6842.6
2019-09-10 04:30:00,6862.0
2019-09-10 04:45:00,6891.8
2019-09-10 05:00:00,6951.5
2019-09-10 05:15:00,6989.6
2019-09-10 05:30:00,7014.0
2019-09-10 05:45:00,7033.6
2019-09-10 06:00:00,7061.0
2019-09-10 06:15:00,7074.3
2019-09-10 06:30:00,7091.9
2019-09-10 06:45:00,7102.0
2019-09-10 07:00:00,7115.7
2019-09-10 07:15:00,7124.7
2019-09-10 07:30:00,7131.1
2019-09-10 07:45:00,7132.0
2019-09-10 08:00:00,7124.5
2019-09-10 08:15:00,7130.5
2019-09-10 08:30:00,7139.3
2019-09-10 08:45:00,7146.6
2019-09-10 09:00:00,7149.6
2019-09-10 09:15:00,7154.0
2019-09-10 09:30:00,7164.9
2019-09-10 09:45:00,7174.5
2019-09-10 10:00:00,7176.5
2019-09-10 10:15:00,7185.4
2019-09-10 10:30:00,7192.1
2019-09-10 10:45:00,7190.5
2019-09-10 11:00:00,7180.1
2019-09-10 11:15:00,7181.4
2019-09-10 11:30:00,7181.2
2019-09-10 11:45:00,7180.6
2019-09-10 12:00:00,7177.9
2019-09-10 12:15:00,7172.2
2019-09-10 12:30:00,7163.9
2019-09-10 12:45:00,7149.6
2019-09-10 13:00:00,7152.1
2019-09-10 13:15:00,7147.1
2019-09-10 13:30:00,7139.2
2019-09-10 13:45:00,7131.1
2019-09-10 14:00:00,7132.3
2019-09-10 14:15:00,7127.2
2019-09-10 14:30:00,7115.1
2019-09-10 14:45:00,7103.6
2019-09-10 15:00:00,7103.5
2019-09-10 15:15:00,7091.9
2019-09-10 15:30:00,7086.5
2019-09-10 15:45:00,7082.4
2019-09-10 16:00:00,7083.3
2019-09-10 16:15:00,7081.7
2019-09-10 16:30:00,7081.0
2019-09-10 16:45:00,7079.0
2019-09-10 17:00:00,7077.5
2019-09-10 17:15:00,7075.9
2019-09-10 17:30:00,7075.4
2019-09-10 17:45:00,7073.4
2019-09-10 18:00:00,7072.3
2019-09-10 18:15:00,7070.1
2019-09-10 18:30:00,7074.8
2019-09-10 18:45:00,7081.1
2019-09-10 19:00:00,7085.5
2019-09-10 19:15:00,7083.3
2019-09-10 19:30:00,7070.6
2019-09-10 19:45:00,7054.0
2019-09-10 20:00:00,7035.0
2019-09-10 20:15:00,7015.5
2019-09-10 20:30:00,6992.9
2019-09-10 20:45:00,6974.0
2019-09-10 21:00:00,6955.6
2019-09-10 21:15:00,6938.3
2019-09-10 21:30:00,6914.6
2019-09-10 21:45:00,6898.2
2019-09-10 22:00:00,6875.5
2019-09-10 22:15:00,6859.8
2019-09-10 22:30:00,6844.1
2019-09-10 22:45:00,6830.2
2019-09-10 23:00:00,6807.5
2019-09-10 23:15:00,6797.6
2019-09-10 23:30:00,6790.7
2019-09-10 23:45:00,6779.1
2019-09-11 00:00:00,6776.2
2019-09-11 00:15:00,6773.7
2019-09-11 00:30:00,6767.5
2019-09-11 00:45:00,6766.6
2019-09-11 01:00:00,6768.4
2019-09-11 01:15:00,6771.2
2019-09-11 01:30:00,6772.4
2019-09-11 01:45:00,6775.0
2019-09-11 02:00:00,6771.4
2019-09-11 02:15:00,6773.3
2019-09-11 02:30:00,6773.9
2019-09-11 02:45:00,6775.6
2019-09-11 03:00:00,6782.3
2019-09-11 03:15:00,6791.7
2019-09-11 03:30:00,6799.4
2019-09-11 03:45:00,6810.6
2019-09-11 04:00:00,6830.6
2019-09-11 04:15:00,6850.0
2019-09-11 04:30:00,6874.4
2019-09-11 04:45:00,6906.7
2019-09-11 05:00:00,6967.2
2019-09-11 05:15:00,7010.5
2019-09-11 05:30:00,7040.5
2019-09-11 05:45:00,7058.4
2019-09-11 06:00:00,7075.0
2019-09-11 06:15:00,7089.3
2019-09-11 06:30:00,7101.2
2019-09-11 06:45:00,7112.4
2019-09-11 07:00:00,7124.5
2019-09-11 07:15:00,7129.2
2019-09-11 07:30:00,7137.8
2019-09-11 07:45:00,7136.7
2019-09-11 08:00:00,7117.9
2019-09-11 08:15:00,7122.9
2019-09-11 08:30:00,7130.7
2019-09-11 08:45:00,7137.2
2019-09-11 09:00:00,7134.4
2019-09-11 09:15:00,7138.9
2019-09-11 09:30:00,7148.1
2019-09-11 09:45:00,7154.1
2019-09-11 10:00:00,7155.2
2019-09-11 10:15:00,7158.6
2019-09-11 10:30:00,7166.2
2019-09-11 10:45:00,7170.9
2019-09-11 11:00:00,7168.7
2019-09-11 11:15:00,7167.6
2019-09-11 11:30:00,7169.1
2019-09-11 11:45:00,7173.9
2019-09-11 12:00:00,7172.6
2019-09-11 12:15:00,7163.4
2019-09-11 12:30:00,7160.3
2019-09-11 12:45:00,7148.8
2019-09-11 13:00:00,7146.5
2019-09-11 13:15:00,7142.8
2019-09-11 13:30:00,7137.3
2019-09-11 13:45:00,7134.6
2019-09-11 14:00:00,7136.3
2019-09-11 14:15:00,7131.6
2019-09-11 14:30:00,7123.5
2019-09-11 14:45:00,7115.5
2019-09-11 15:00:00,7113.5
2019-09-11 15:15:00,7106.3
2019-09-11 15:30:00,7098.3
2019-09-11 15:45:00,7096.0
2019-09-11 16:00:00,7096.6
2019-09-11 16:15:00,7093.8
2019-09-11 16:30:00,7095.7
2019-09-11 16:45:00,7098.5
2019-09-11 17:00:00,7101.8
2019-09-11 17:15:00,7098.1
2019-09-11 17:30:00,7096.7
2019-09-11 17:45:00,7100.8
2019-09-11 18:00:00,7103.7
2019-09-11 18:15:00,7102.9
2019-09-11 18:30:00,7107.3
2019-09-11 18:45:00,7114.1
2019-09-11 19:00:00,7119.8
2019-09-11 19:15:00,7105.3
2019-09-11 19:30:00,7090.1
2019-09-11 19:45:00,7072.4
2019-09-11 20:00:00,7048.1
2019-09-11 20:15:00,7033.7
2019-09-11 20:30:00,7013.6
2019-09-11 20:45:00,6995.1
2019-09-11 21:00:00,6973.8
2019-09-11 21:15:00,6955.3
2019-09-11 21:30:00,6931.5
2019-09-11 21:45:00,6912.4
2019-09-11 22:00:00,6891.7
2019-09-11 22:15:00,6880.0
2019-09-11 22:30:00,6865.6
2019-09-11 22:45:00,6856.3
2019-09-11 23:00:00,6841.8
2019-09-11 23:15:00,6827.4
2019-09-11 23:30:00,6817.7
2019-09-11 23:45:00,6809.8
2019-09-12 00:00:00,6801.0
2019-09-12 00:15:00,6792.1
2019-09-12 00:30:00,6785.5
2019-09-12 00:45:00,6787.1
2019-09-12 01:00:00,6779.7
2019-09-12 01:15:00,6775.6
2019-09-12 01:30:00,6777.0
2019-09-12 01:45:00,6775.9
2019-09-12 02:00:00,6775.4
2019-09-12 02:15:00,6770.5
2019-09-12 02:30:00,6767.9
2019-09-12 02:45:00,6769.6
2019-09-12 03:00:00,6778.7
2019-09-12 03:15:00,6785.1
2019-09-12 03:30:00,6791.0
2019-09-12 03:45:00,6802.5
2019-09-12 04:00:00,6834.3
2019-09-12 04:15:00,6843.9
2019-09-12 04:30:00,6869.9
2019-09-12 04:45:00,6899.2
2019-09-12 05:00:00,6951.2
2019-09-12 05:15:00,6993.6
2019-09-12 05:30:00,7021.8
2019-09-12 05:45:00,7042.5
2019-09-12 06:00:00,7066.8
2019-09-12 06:15:00,7084.4
2019-09-12 06:30:00,7095.5
2019-09-12 06:45:00,7108.1
2019-09-12 07:00:00,7121.1
2019-09-12 07:15:00,7129.8
2019-09-12 07:30:00,7130.4
2019-09-12 07:45:00,7131.3
2019-09-12 08:00:00,7124.2
2019-09-12 08:15:00,7128.4
2019-09-12 08:30:00,7133.0
2019-09-12 08:45:00,7136.1
2019-09-12 09:00:00,7141.2
2019-09-12 09:15:00,7144.6
2019-09-12 09:30:00,7151.4
2019-09-12 09:45:00,7154.4
2019-09-12 10:00:00,7155.2
2019-09-12 10:15:00,7160.5
2019-09-12 10:30:00,7168.7
2019-09-12 10:45:00,7171.2
2019-09-12 11:00:00,7162.1
2019-09-12 11:15:00,7157.8
2019-09-12 11:30:00,7158.0
2019-09-12 11:45:00,7160.7
2019-09-12 12:00:00,7161.7
2019-09-12 12:15:00,7161.2
2019-09-12 12:30:00,7153.7
2019-09-12 12:45:00,7143.5
2019-09-12 13:00:00,7145.3
2019-09-12 13:15:00,7147.0
2019-09-12 13:30:00,7141.0
2019-09-12 13:45:00,7136.1
2019-09-12 14:00:00,7133.6
2019-09-12 14:15:00,7128.6
2019-09-12 14:30:00,7121.0
2019-09-12 14:45:00,7112.3
2019-09-12 15:00:00,7102.5
2019-09-12 15:15:00,7099.1
2019-09-12 15:30:00,7089.1
2019-09-12 15:45:00,7088.0
2019-09-12 16:00:00,7084.0
2019-09-12 16:15:00,7081.2
2019-09-12 16:30:00,7076.2
2019-09-12 16:45:00,7078.9
2019-09-12 17:00:00,7079.6
2019-09-12 17:15:00,7072.5
2019-09-12 17:30:00,7071.1
2019-09-12 17:45:00,7077.9
2019-09-12 18:00:00,7080.0
2019-09-12 18:15:00,7073.9
2019-09-12 18:30:00,7077.0
2019-09-12 18:45:00,7085.2
2019-09-12 19:00:00,7091.9
2019-09-12 19:15:00,7083.8
2019-09-12 19:30:00,7072.2
2019-09-12 19:45:00,7057.6
2019-09-12 20:00:00,7041.9
2019-09-12 20:15:00,7023.6
2019-09-12 20:30:00,7003.0
2019-09-12 20:45:00,6985.8
2019-09-12 21:00:00,6974.7
2019-09-12 21:15:00,6951.1
2019-09-12 21:30:00,6933.0
2019-09-12 21:45:00,6916.8
2019-09-12 22:00:00,6901.5
2019-09-12 22:15:00,6885.0
2019-09-12 22:30:00,6869.3
2019-09-12 22:45:00,6857.3
2019-09-12 23:00:00,6831.3
2019-09-12 23:15:00,6816.7
2019-09-12 23:30:00,6810.2
2019-09-12 23:45:00,6807.7
2019-09-13 00:00:00,6801.2
2019-09-13 00:15:00,6794.8
2019-09-13 00:30:00,6796.0
2019-09-13 00:45:00,6797.5
2019-09-13 01:00:00,6795.2
2019-09-13 01:15:00,6793.1
2019-09-13 01:30:00,6796.5
2019-09-13 01:45:00,6802.4
2019-09-13 02:00:00,6807.7
2019-09-13 02:15:00,6805.1
2019-09-13 02:30:00,6816.2
2019-09-13 02:45:00,6815.2
2019-09-13 03:00:00,6811.7
2019-09-13 03:15:00,6813.1
2019-09-13 03:30:00,6815.4
2019-09-13 03:45:00,6829.8
2019-09-13 04:00:00,6848.8
2019-09-13 04:15:00,6861.3
2019-09-13 04:30:00,6885.4
2019-09-13 04:45:00,6916.5
2019-09-13 05:00:00,6973.6
2019-09-13 05:15:00,7020.5
2019-09-13 05:30:00,7050.3
2019-09-13 05:45:00,7070.9
2019-09-13 06:00:00,7094.6
2019-09-13 06:15:00,7106.7
2019-09-13 06:30:00,7118.5
2019-09-13 06:45:00,7127.4
2019-09-13 07:00:00,7142.6
2019-09-13 07:15:00,7149.1
2019-09-13 07:30:00,7156.2
2019-09-13 07:45:00,7158.0
2019-09-13 08:00:00,7153.6
2019-09-13 08:15:00,7159.9
2019-09-13 08:30:00,7166.4
2019-09-13 08:45:00,7177.0
2019-09-13 09:00:00,7180.0
2019-09-13 09:15:00,7183.3
2019-09-13 09:30:00,7193.3
2019-09-13 09:45:00,7203.1
2019-09-13 10:00:00,7204.2
2019-09-13 10:15:00,7204.0
2019-09-13 10:30:00,7209.1
2019-09-13 10:45:00,7211.0
2019-09-13 11:00:00,7194.7
2019-09-13 11:15:00,7187.6
2019-09-13 11:30:00,7179.1
2019-09-13 11:45:00,7173.0
2019-09-13 12:00:00,7171.4
2019-09-13 12:15:00,7162.1
2019-09-13 12:30:00,7152.3
2019-09-13 12:45:00,7146.2
2019-09-13 13:00:00,7142.9
2019-09-13 13:15:00,7139.3
2019-09-13 13:30:00,7126.8
2019-09-13 13:45:00,7120.0
2019-09-13 14:00:00,7117.0
2019-09-13 14:15:00,7105.8
2019-09-13 14:30:00,7096.2
2019-09-13 14:45:00,7087.4
2019-09-13 15:00:00,7090.0
2019-09-13 15:15:00,7084.6
2019-09-13 15:30:00,7070.0
2019-09-13 15:45:00,7066.2
2019-09-13 16:00:00,7069.6
2019-09-13 16:15:00,7067.6
2019-09-13 16:30:00,7068.1
2019-09-13 16:45:00,7063.5
2019-09-13 17:00:00,7060.5
2019-09-13 17:15:00,7053.2
2019-09-13 17:30:00,7050.5
2019-09-13 17:45:00,7053.7
2019-09-13 18:00:00,7052.7
2019-09-13 18:15:00,7047.3
2019-09-13 18:30:00,7052.0
2019-09-13 18:45:00,7063.3
2019-09-13 19:00:00,7065.0
2019-09-13 19:15:00,7050.9
2019-09-13 19:30:00,7034.6
2019-09-13 19:45:00,7012.0
2019-09-13 20:00:00,6985.9
2019-09-13 20:15:00,6966.8
2019-09-13 20:30:00,6947.3
2019-09-13 20:45:00,6928.6
2019-09-13 21:00:00,6912.2
2019-09-13 21:15:00,6894.4
2019-09-13 21:30:00,6875.9
2019-09-13 21:45:00,6863.3
2019-09-13 22:00:00,6845.0
2019-09-13 22:15:00,6826.3
2019-09-13 22:30:00,6813.0
2019-09-13 22:45:00,6800.8
2019-09-13 23:00:00,6781.6
2019-09-13 23:15:00,6772.1
2019-09-13 23:30:00,6765.3
2019-09-13 23:45:00,6754.1
2019-09-14 00:00:00,6745.2
2019-09-14 00:15:00,6733.7
2019-09-14 00:30:00,6727.6
2019-09-14 00:45:00,6724.4
2019-09-14 01:00:00,6713.4
2019-09-14 01:15:00,6710.8
2019-09-14 01:30:00,6706.9
2019-09-14 01:45:00,6701.0
2019-09-14 02:00:00,6702.7
2019-09-14 02:15:00,6701.4
2019-09-14 02:30:00,6697.5
2019-09-14 02:45:00,6698.2
2019-09-14 03:00:00,6704.2
2019-09-14 03:15:00,6704.2
2019-09-14 03:30:00,6704.2
2019-09-14 03:45:00,6708.8
2019-09-14 04:00:00,6716.5
2019-09-14 04:15:00,6717.4
2019-09-14 04:30:00,6718.3
2019-09-14 04:45:00,6726.8
2019-09-14 05:00:00,6750.7
2019-09-14 05:15:00,6766.8
2019-09-14 05:30:00,6766.0
2019-09-14 05:45:00,6766.0
2019-09-14 06:00:00,6788.6
2019-09-14 06:15:00,6799.0
2019-09-14 06:30:00,6816.2
2019-09-14 06:45:00,6829.8
2019-09-14 07:00:00,6850.7
2019-09-14 07:15:00,6865.4
2019-09-14 07:30:00,6879.8
2019-09-14 07:45:00,6890.4
2019-09-14 08:00:00,6900.0
2019-09-14 08:15:00,6908.1
2019-09-14 08:30:00,6921.1
2019-09-14 08:45:00,6931.8
2019-09-14 09:00:00,6932.6
2019-09-14 09:15:00,6940.5
2019-09-14 09:30:00,6946.5
2019-09-14 09:45:00,6947.9
2019-09-14 10:00:00,6957.0
2019-09-14 10:15:00,6958.1
2019-09-14 10:30:00,6959.8
2019-09-14 10:45:00,6959.1
2019-09-14 11:00:00,6953.6
2019-09-14 11:15:00,6949.5
2019-09-14 11:30:00,6941.4
2019-09-14 11:45:00,6934.1
2019-09-14 12:00:00,6928.5
2019-09-14 12:15:00,6918.4
2019-09-14 12:30:00,6910.5
2019-09-14 12:45:00,6900.6
2019-09-14 13:00:00,6893.5
2019-09-14 13:15:00,6885.8
2019-09-14 13:30:00,6879.0
2019-09-14 13:45:00,6875.7
2019-09-14 14:00:00,6874.2
2019-09-14 14:15:00,6874.6
2019-09-14 14:30:00,6869.3
2019-09-14 14:45:00,6866.7
2019-09-14 15:00:00,6865.9
2019-09-14 15:15:00,6866.5
2019-09-14 15:30:00,6864.7
2019-09-14 15:45:00,6860.0
2019-09-14 16:00:00,6867.5
2019-09-14 16:15:00,6873.4
2019-09-14 16:30:00,6874.2
2019-09-14 16:45:00,6876.3
2019-09-14 17:00:00,6884.9
2019-09-14 17:15:00,6882.4
2019-09-14 17:30:00,6882.0
2019-09-14 17:45:00,6880.1
2019-09-14 18:00:00,6880.9
2019-09-14 18:15:00,6882.5
2019-09-14 18:30:00,6886.6
2019-09-14 18:45:00,6895.4
2019-09-14 19:00:00,6903.4
2019-09-14 19:15:00,6892.5
2019-09-14 19:30:00,6877.0
2019-09-14 19:45:00,6868.2
2019-09-14 20:00:00,6852.6
2019-09-14 20:15:00,6839.1
2019-09-14 20:30:00,6820.7
2019-09-14 20:45:00,6815.6
2019-09-14 21:00:00,6807.6
2019-09-14 21:15:00,6796.5
2019-09-14 21:30:00,6779.5
2019-09-14 21:45:00,6770.5
2019-09-14 22:00:00,6755.6
2019-09-14 22:15:00,6744.9
2019-09-14 22:30:00,6729.1
2019-09-14 22:45:00,6724.9
2019-09-14 23:00:00,6713.4
2019-09-14 23:15:00,6709.7
2019-09-14 23:30:00,6701.9
2019-09-14 23:45:00,6697.2
2019-09-15 00:00:00,6688.0
2019-09-15 00:15:00,6681.2
2019-09-15 00:30:00,6676.3
2019-09-15 00:45:00,6676.5
2019-09-15 01:00:00,6671.9
2019-09-15 01:15:00,6667.0
2019-09-15 01:30:00,6664.0
2019-09-15 01:45:00,6669.1
2019-09-15 02:00:00,6665.7
2019-09-15 02:15:00,6664.7
2019-09-15 02:30:00,6662.3
2019-09-15 02:45:00,6662.6
2019-09-15 03:00:00,6662.3
2019-09-15 03:15:00,6662.3
2019-09-15 03:30:00,6664.6
2019-09-15 03:45:00,6664.8
2019-09-15 04:00:00,6675.1
2019-09-15 04:15:00,6675.6
2019-09-15 04:30:00,6678.2
2019-09-15 04:45:00,6681.5
2019-09-15 05:00:00,6689.8
2019-09-15 05:15:00,6692.2
2019-09-15 05:30:00,6695.0
2019-09-15 05:45:00,6695.4
2019-09-15 06:00:00,6705.6
2019-09-15 06:15:00,6719.7
2019-09-15 06:30:00,6732.9
2019-09-15 06:45:00,6749.5
2019-09-15 07:00:00,6767.2
2019-09-15 07:15:00,6779.1
2019-09-15 07:30:00,6795.4
2019-09-15 07:45:00,6806.3
2019-09-15 08:00:00,6820.0
2019-09-15 08:15:00,6828.5
2019-09-15 08:30:00,6839.5
2019-09-15 08:45:00,6852.6
2019-09-15 09:00:00,6852.6
2019-09-15 09:15:00,6860.7
2019-09-15 09:30:00,6875.4
2019-09-15 09:45:00,6880.7
2019-09-15 10:00:00,6885.4
2019-09-15 10:15:00,6890.7
2019-09-15 10:30:00,6898.3
2019-09-15 10:45:00,6899.1
2019-09-15 11:00:00,6897.4
2019-09-15 11:15:00,6894.2
2019-09-15 11:30:00,6889.2
2019-09-15 11:45:00,6883.0
2019-09-15 12:00:00,6877.6
2019-09-15 12:15:00,6871.3
2019-09-15 12:30:00,6867.3
2019-09-15 12:45:00,6857.1
2019-09-15 13:00:00,6853.9
2019-09-15 13:15:00,6846.5
2019-09-15 13:30:00,6842.4
2019-09-15 13:45:00,6838.1
2019-09-15 14:00:00,6837.4
2019-09-15 14:15:00,6832.5
2019-09-15 14:30:00,6828.6
2019-09-15 14:45:00,6824.5
2019-09-15 15:00:00,6828.3
2019-09-15 15:15:00,6824.2
2019-09-15 15:30:00,6831.1
2019-09-15 15:45:00,6835.8
2019-09-15 16:00:00,6848.6
2019-09-15 16:15:00,6852.9
2019-09-15 16:30:00,6856.1
2019-09-15 16:45:00,6859.6
2019-09-15 17:00:00,6875.7
2019-09-15 17:15:00,6875.9
2019-09-15 17:30:00,6878.2
2019-09-15 17:45:00,6881.5
2019-09-15 18:00:00,6883.9
2019-09-15 18:15:00,6884.1
2019-09-15 18:30:00,6893.5
2019-09-15 18:45:00,6905.6
2019-09-15 19:00:00,6917.8
2019-09-15 19:15:00,6909.8
2019-09-15 19:30:00,6897.3
2019-09-15 19:45:00,6885.8
2019-09-15 20:00:00,6876.4
2019-09-15 20:15:00,6859.0
2019-09-15 20:30:00,6854.7
2019-09-15 20:45:00,6852.7
2019-09-15 21:00:00,6846.3
2019-09-15 21:15:00,6830.8
2019-09-15 21:30:00,6816.3
2019-09-15 21:45:00,6805.5
2019-09-15 22:00:00,6787.0
2019-09-15 22:15:00,6772.4
2019-09-15 22:30:00,6763.4
2019-09-15 22:45:00,6755.7
2019-09-15 23:00:00,6741.2
2019-09-15 23:15:00,6732.7
2019-09-15 23:30:00,6724.4
2019-09-15 23:45:00,6722.1
2019-09-16 00:00:00,6716.3
2019-09-16 00:15:00,6710.8
2019-09-16 00:30:00,6708.6
2019-09-16 00:45:00,6703.0
2019-09-16 01:00:00,6698.6
2019-09-16 01:15:00,6692.6
2019-09-16 01:30:00,6692.0
2019-09-16 01:45:00,6693.1
2019-09-16 02:00:00,6693.9
2019-09-16 02:15:00,6692.7
2019-09-16 02:30:00,6694.7
2019-09-16 02:45:00,6699.1
2019-09-16 03:00:00,6714.8
2019-09-16 03:15:00,6717.2
2019-09-16 03:30:00,6729.9
2019-09-16 03:45:00,6747.7
2019-09-16 04:00:00,6774.4
2019-09-16 04:15:00,6788.6
2019-09-16 04:30:00,6817.4
2019-09-16 04:45:00,6850.7
2019-09-16 05:00:00,6918.0
2019-09-16 05:15:00,6960.5
2019-09-16 05:30:00,6994.0
2019-09-16 05:45:00,7016.2
2019-09-16 06:00:00,7046.0
2019-09-16 06:15:00,7059.5
2019-09-16 06:30:00,7072.9
2019-09-16 06:45:00,7090.9
2019-09-16 07:00:00,7104.1
2019-09-16 07:15:00,7102.8
2019-09-16 07:30:00,7111.4
2019-09-16 07:45:00,7115.3
2019-09-16 08:00:00,7108.4
2019-09-16 08:15:00,7113.1
2019-09-16 08:30:00,7119.1
2019-09-16 08:45:00,7129.3
2019-09-16 09:00:00,7131.4
2019-09-16 09:15:00,7136.8
2019-09-16 09:30:00,7144.5
2019-09-16 09:45:00,7151.8
2019-09-16 10:00:00,7155.2
2019-09-16 10:15:00,7163.3
2019-09-16 10:30:00,7167.5
2019-09-16 10:45:00,7168.8
2019-09-16 11:00:00,7161.2
2019-09-16 11:15:00,7155.9
2019-09-16 11:30:00,7155.7
2019-09-16 11:45:00,7155.7
2019-09-16 12:00:00,7156.3
2019-09-16 12:15:00,7149.3
2019-09-16 12:30:00,7145.1
2019-09-16 12:45:00,7139.7
2019-09-16 13:00:00,7136.0
2019-09-16 13:15:00,7140.1
2019-09-16 13:30:00,7131.0
2019-09-16 13:45:00,7126.5
2019-09-16 14:00:00,7123.2
2019-09-16 14:15:00,7120.0
2019-09-16 14:30:00,7116.9
2019-09-16 14:45:00,7110.8
2019-09-16 15:00:00,7106.3
2019-09-16 15:15:00,7098.4
2019-09-16 15:30:00,7094.1
2019-09-16 15:45:00,7093.6
2019-09-16 16:00:00,7096.9
2019-09-16 16:15:00,7094.0
2019-09-16 16:30:00,7093.6
2019-09-16 16:45:00,7092.7
2019-09-16 17:00:00,7091.9
2019-09-16 17:15:00,7089.3
2019-09-16 17:30:00,7091.7
2019-09-16 17:45:00,7093.0
2019-09-16 18:00:00,7092.3
2019-09-16 18:15:00,7093.0
2019-09-16 18:30:00,7103.5
2019-09-16 18:45:00,7108.8
2019-09-16 19:00:00,7099.6
2019-09-16 19:15:00,7082.2
2019-09-16 19:30:00,7071.0
2019-09-16 19:45:00,7055.0
2019-09-16 20:00:00,7030.1
2019-09-16 20:15:00,7014.9
2019-09-16 20:30:00,6995.5
2019-09-16 20:45:00,6977.9
2019-09-16 21:00:00,6953.7
2019-09-16 21:15:00,6938.6
2019-09-16 21:30:00,6922.5
2019-09-16 21:45:00,6902.3
2019-09-16 22:00:00,6880.4
2019-09-16 22:15:00,6864.5
2019-09-16 22:30:00,6852.9
2019-09-16 22:45:00,6840.5
2019-09-16 23:00:00,6831.8
2019-09-16 23:15:00,6820.4
2019-09-16 23:30:00,6816.4
2019-09-16 23:45:00,6813.4
2019-09-17 00:00:00,6803.5
2019-09-17 00:15:00,6796.6
2019-09-17 00:30:00,6790.2
2019-09-17 00:45:00,6788.0
2019-09-17 01:00:00,6778.2
2019-09-17 01:15:00,6773.9
2019-09-17 01:30:00,6773.3
2019-09-17 01:45:00,6777.6
2019-09-17 02:00:00,6775.7
2019-09-17 02:15:00,6777.4
2019-09-17 02:30:00,6780.2
2019-09-17 02:45:00,6788.1
2019-09-17 03:00:00,6793.3
2019-09-17 03:15:00,6797.8
2019-09-17 03:30:00,6805.1
2019-09-17 03:45:00,6816.1
2019-09-17 04:00:00,6843.2
2019-09-17 04:15:00,6851.7
2019-09-17 04:30:00,6880.0
2019-09-17 04:45:00,6909.2
2019-09-17 05:00:00,6973.7
2019-09-17 05:15:00,7009.4
2019-09-17 05:30:00,7041.0
2019-09-17 05:45:00,7062.0
2019-09-17 06:00:00,7091.2
2019-09-17 06:15:00,7104.3
2019-09-17 06:30:00,7112.9
2019-09-17 06:45:00,7124.7
2019-09-17 07:00:00,7137.4
2019-09-17 07:15:00,7147.1
2019-09-17 07:30:00,7151.6
2019-09-17 07:45:00,7151.1
2019-09-17 08:00:00,7148.9
2019-09-17 08:15:00,7154.8
2019-09-17 08:30:00,7162.4
2019-09-17 08:45:00,7168.9
2019-09-17 09:00:00,7168.7
2019-09-17 09:15:00,7175.1
2019-09-17 09:30:00,7182.7
2019-09-17 09:45:00,7193.8
2019-09-17 10:00:00,7194.6
2019-09-17 10:15:00,7205.0
2019-09-17 10:30:00,7211.1
2019-09-17 10:45:00,7215.4
2019-09-17 11:00:00,7198.5
2019-09-17 11:15:00,7198.0
2019-09-17 11:30:00,7201.2
2019-09-17 11:45:00,7199.3
2019-09-17 12:00:00,7195.6
2019-09-17 12:15:00,7190.0
2019-09-17 12:30:00,7186.8
2019-09-17 12:45:00,7177.3
2019-09-17 13:00:00,7175.8
2019-09-17 13:15:00,7173.3
2019-09-17 13:30:00,7170.2
2019-09-17 13:45:00,7162.3
2019-09-17 14:00:00,7167.6
2019-09-17 14:15:00,7156.9
2019-09-17 14:30:00,7151.1
2019-09-17 14:45:00,7143.1
2019-09-17 15:00:00,7136.2
2019-09-17 15:15:00,7133.5
2019-09-17 15:30:00,7127.9
2019-09-17 15:45:00,7124.3
2019-09-17 16:00:00,7123.6
2019-09-17 16:15:00,7124.4
2019-09-17 16:30:00,7125.8
2019-09-17 16:45:00,7125.4
2019-09-17 17:00:00,7123.4
2019-09-17 17:15:00,7119.5
2019-09-17 17:30:00,7119.8
2019-09-17 17:45:00,7118.1
2019-09-17 18:00:00,7124.9
2019-09-17 18:15:00,7127.9
2019-09-17 18:30:00,7136.3
2019-09-17 18:45:00,7146.2
2019-09-17 19:00:00,7146.1
2019-09-17 19:15:00,7133.4
2019-09-17 19:30:00,7113.8
2019-09-17 19:45:00,7096.4
2019-09-17 20:00:00,7072.8
2019-09-17 20:15:00,7058.8
2019-09-17 20:30:00,7039.3
2019-09-17 20:45:00,7016.7
2019-09-17 21:00:00,6994.6
2019-09-17 21:15:00,6972.5
2019-09-17 21:30:00,6953.7
2019-09-17 21:45:00,6935.3
2019-09-17 22:00:00,6911.1
2019-09-17 22:15:00,6897.2
2019-09-17 22:30:00,6883.2
2019-09-17 22:45:00,6870.4
2019-09-17 23:00:00,6851.7
2019-09-17 23:15:00,6838.1
2019-09-17 23:30:00,6831.7
2019-09-17 23:45:00,6825.7
2019-09-18 00:00:00,6814.1
2019-09-18 00:15:00,6805.5
2019-09-18 00:30:00,6798.2
2019-09-18 00:45:00,6793.6
2019-09-18 01:00:00,6785.1
2019-09-18 01:15:00,6784.1
2019-09-18 01:30:00,6783.2
2019-09-18 01:45:00,6782.1
2019-09-18 02:00:00,6786.4
2019-09-18 02:15:00,6787.9
2019-09-18 02:30:00,6787.9
2019-09-18 02:45:00,6789.4
2019-09-18 03:00:00,6802.6
2019-09-18 03:15:00,6805.7
2019-09-18 03:30:00,6809.9
2019-09-18 03:45:00,6817.3
2019-09-18 04:00:00,6846.7
2019-09-18 04:15:00,6862.5
2019-09-18 04:30:00,6884.9
2019-09-18 04:45:00,6912.5
2019-09-18 05:00:00,6977.9
2019-09-18 05:15:00,7021.6
2019-09-18 05:30:00,7053.6
2019-09-18 05:45:00,7075.8
2019-09-18 06:00:00,7093.4
2019-09-18 06:15:00,7103.5
2019-09-18 06:30:00,7111.4
2019-09-18 06:45:00,7125.4
2019-09-18 07:00:00,7130.7
2019-09-18 07:15:00,7138.9
2019-09-18 07:30:00,7140.8
2019-09-18 07:45:00,7143.2
2019-09-18 08:00:00,7135.7
2019-09-18 08:15:00,7141.3
2019-09-18 08:30:00,7147.4
2019-09-18 08:45:00,7157.3
2019-09-18 09:00:00,7154.6
2019-09-18 09:15:00,7158.6
2019-09-18 09:30:00,7160.7
2019-09-18 09:45:00,7173.9
2019-09-18 10:00:00,7171.3
2019-09-18 10:15:00,7172.6
2019-09-18 10:30:00,7175.9
2019-09-18 10:45:00,7179.2
2019-09-18 11:00:00,7168.3
2019-09-18 11:15:00,7165.5
2019-09-18 11:30:00,7160.9
2019-09-18 11:45:00,7161.2
2019-09-18 12:00:00,7162.9
2019-09-18 12:15:00,7163.6
2019-09-18 12:30:00,7164.9
2019-09-18 12:45:00,7155.3
2019-09-18 13:00:00,7153.1
2019-09-18 13:15:00,7148.2
2019-09-18 13:30:00,7138.9
2019-09-18 13:45:00,7135.5
2019-09-18 14:00:00,7131.3
2019-09-18 14:15:00,7127.3
2019-09-18 14:30:00,7117.4
2019-09-18 14:45:00,7109.9
2019-09-18 15:00:00,7112.5
2019-09-18 15:15:00,7104.0
2019-09-18 15:30:00,7094.5
2019-09-18 15:45:00,7087.2
2019-09-18 16:00:00,7096.4
2019-09-18 16:15:00,7095.1
2019-09-18 16:30:00,7093.6
2019-09-18 16:45:00,7089.0
2019-09-18 17:00:00,7086.4
2019-09-18 17:15:00,7085.2
2019-09-18 17:30:00,7080.6
2019-09-18 17:45:00,7086.7
2019-09-18 18:00:00,7089.8
2019-09-18 18:15:00,7088.7
2019-09-18 18:30:00,7104.1
2019-09-18 18:45:00,7115.6
2019-09-18 19:00:00,7107.9
2019-09-18 19:15:00,7089.5
2019-09-18 19:30:00,7066.1
2019-09-18 19:45:00,7048.4
2019-09-18 20:00:00,7030.6
2019-09-18 20:15:00,7010.9
2019-09-18 20:30:00,6992.0
2019-09-18 20:45:00,6976.2
2019-09-18 21:00:00,6958.2
2019-09-18 21:15:00,6939.2
2019-09-18 21:30:00,6919.1
2019-09-18 21:45:00,6904.5
2019-09-18 22:00:00,6891.4
2019-09-18 22:15:00,6876.8
2019-09-18 22:30:00,6862.4
2019-09-18 22:45:00,6850.2
2019-09-18 23:00:00,6830.0
2019-09-18 23:15:00,6822.9
2019-09-18 23:30:00,6817.1
2019-09-18 23:45:00,6806.8
2019-09-19 00:00:00,6792.2
2019-09-19 00:15:00,6786.3
2019-09-19 00:30:00,6781.7
2019-09-19 00:45:00,6776.5
2019-09-19 01:00:00,6772.3
2019-09-19 01:15:00,6767.1
2019-09-19 01:30:00,6767.5
2019-09-19 01:45:00,6762.7
2019-09-19 02:00:00,6774.2
2019-09-19 02:15:00,6776.3
2019-09-19 02:30:00,6776.4
2019-09-19 02:45:00,6777.6
2019-09-19 03:00:00,6784.7
2019-09-19 03:15:00,6790.5
2019-09-19 03:30:00,6799.3
2019-09-19 03:45:00,6815.6
2019-09-19 04:00:00,6834.9
2019-09-19 04:15:00,6851.9
2019-09-19 04:30:00,6869.2
2019-09-19 04:45:00,6896.2
2019-09-19 05:00:00,6966.8
2019-09-19 05:15:00,7009.2
2019-09-19 05:30:00,7037.8
2019-09-19 05:45:00,7057.3
2019-09-19 06:00:00,7069.1
2019-09-19 06:15:00,7079.2
2019-09-19 06:30:00,7089.9
2019-09-19 06:45:00,7100.7
2019-09-19 07:00:00,7116.7
2019-09-19 07:15:00,7122.8
2019-09-19 07:30:00,7125.4
2019-09-19 07:45:00,7130.8
2019-09-19 08:00:00,7117.9
2019-09-19 08:15:00,7127.0
2019-09-19 08:30:00,7134.7
2019-09-19 08:45:00,7139.5
2019-09-19 09:00:00,7134.3
2019-09-19 09:15:00,7137.4
2019-09-19 09:30:00,7140.6
2019-09-19 09:45:00,7146.6
2019-09-19 10:00:00,7157.8
2019-09-19 10:15:00,7168.9
2019-09-19 10:30:00,7177.1
2019-09-19 10:45:00,7183.3
2019-09-19 11:00:00,7167.2
2019-09-19 11:15:00,7168.4
2019-09-19 11:30:00,7161.4
2019-09-19 11:45:00,7159.4
2019-09-19 12:00:00,7147.2
2019-09-19 12:15:00,7143.0
2019-09-19 12:30:00,7137.5
2019-09-19 12:45:00,7126.6
2019-09-19 13:00:00,7123.9
2019-09-19 13:15:00,7123.4
2019-09-19 13:30:00,7118.6
2019-09-19 13:45:00,7109.7
2019-09-19 14:00:00,7112.9
2019-09-19 14:15:00,7101.5
2019-09-19 14:30:00,7095.6
2019-09-19 14:45:00,7088.4
2019-09-19 15:00:00,7081.1
2019-09-19 15:15:00,7078.6
2019-09-19 15:30:00,7071.2
2019-09-19 15:45:00,7068.3
2019-09-19 16:00:00,7068.7
2019-09-19 16:15:00,7064.4
2019-09-19 16:30:00,7065.0
2019-09-19 16:45:00,7065.7
2019-09-19 17:00:00,7066.4
2019-09-19 17:15:00,7064.4
2019-09-19 17:30:00,7065.5
2019-09-19 17:45:00,7071.1
2019-09-19 18:00:00,7083.8
2019-09-19 18:15:00,7086.8
2019-09-19 18:30:00,7101.7
2019-09-19 18:45:00,7113.6
2019-09-19 19:00:00,7107.8
2019-09-19 19:15:00,7092.6
2019-09-19 19:30:00,7072.8
2019-09-19 19:45:00,7053.9
2019-09-19 20:00:00,7021.5
2019-09-19 20:15:00,7001.8
2019-09-19 20:30:00,6984.1
2019-09-19 20:45:00,6965.0
2019-09-19 21:00:00,6953.6
2019-09-19 21:15:00,6937.7
2019-09-19 21:30:00,6917.5
2019-09-19 21:45:00,6899.5
2019-09-19 22:00:00,6878.2
2019-09-19 22:15:00,6861.1
2019-09-19 22:30:00,6850.0
2019-09-19 22:45:00,6836.4
2019-09-19 23:00:00,6814.5
2019-09-19 23:15:00,6803.6
2019-09-19 23:30:00,6793.9
2019-09-19 23:45:00,6789.2
2019-09-20 00:00:00,6785.7
2019-09-20 00:15:00,6780.4
2019-09-20 00:30:00,6776.2
2019-09-20 00:45:00,6770.3
2019-09-20 01:00:00,6764.3
2019-09-20 01:15:00,6768.9
2019-09-20 01:30:00,6768.5
2019-09-20 01:45:00,6770.1
2019-09-20 02:00:00,6773.5
2019-09-20 02:15:00,6776.5
2019-09-20 02:30:00,6778.1
2019-09-20 02:45:00,6780.6
2019-09-20 03:00:00,6790.0
2019-09-20 03:15:00,6798.1
2019-09-20 03:30:00,6803.8
2019-09-20 03:45:00,6815.4
2019-09-20 04:00:00,6839.9
2019-09-20 04:15:00,6857.9
2019-09-20 04:30:00,6880.1
2019-09-20 04:45:00,6909.9
2019-09-20 05:00:00,6961.5
2019-09-20 05:15:00,6998.2
2019-09-20 05:30:00,7030.5
2019-09-20 05:45:00,7051.9
2019-09-20 06:00:00,7059.7
2019-09-20 06:15:00,7074.9
2019-09-20 06:30:00,7084.6
2019-09-20 06:45:00,7096.2
2019-09-20 07:00:00,7113.5
2019-09-20 07:15:00,7123.0
2019-09-20 07:30:00,7125.2
2019-09-20 07:45:00,7127.1
2019-09-20 08:00:00,7117.2
2019-09-20 08:15:00,7121.4
2019-09-20 08:30:00,7126.2
2019-09-20 08:45:00,7134.6
2019-09-20 09:00:00,7135.1
2019-09-20 09:15:00,7136.9
2019-09-20 09:30:00,7138.4
2019-09-20 09:45:00,7151.6
2019-09-20 10:00:00,7163.6
2019-09-20 10:15:00,7166.4
2019-09-20 10:30:00,7162.7
2019-09-20 10:45:00,7164.6
2019-09-20 11:00:00,7150.0
2019-09-20 11:15:00,7143.2
2019-09-20 11:30:00,7137.6
2019-09-20 11:45:00,7134.6
2019-09-20 12:00:00,7129.0
2019-09-20 12:15:00,7117.6
2019-09-20 12:30:00,7111.4
2019-09-20 12:45:00,7104.9
2019-09-20 13:00:00,7091.5
2019-09-20 13:15:00,7083.8
2019-09-20 13:30:00,7078.0
2019-09-20 13:45:00,7069.5
2019-09-20 14:00:00,7058.8
2019-09-20 14:15:00,7050.7
2019-09-20 14:30:00,7038.9
2019-09-20 14:45:00,7037.1
2019-09-20 15:00:00,7037.4
2019-09-20 15:15:00,7035.0
2019-09-20 15:30:00,7027.4
2019-09-20 15:45:00,7025.3
2019-09-20 16:00:00,7037.7
2019-09-20 16:15:00,7037.9
2019-09-20 16:30:00,7036.6
2019-09-20 16:45:00,7037.8
2019-09-20 17:00:00,7035.6
2019-09-20 17:15:00,7032.1
2019-09-20 17:30:00,7033.8
2019-09-20 17:45:00,7036.3
2019-09-20 18:00:00,7041.9
2019-09-20 18:15:00,7043.0
2019-09-20 18:30:00,7056.5
2019-09-20 18:45:00,7068.0
2019-09-20 19:00:00,7058.4
2019-09-20 19:15:00,7038.9
2019-09-20 19:30:00,7021.0
2019-09-20 19:45:00,7007.1
2019-09-20 20:00:00,6984.2
2019-09-20 20:15:00,6967.2
2019-09-20 20:30:00,6949.4
2019-09-20 20:45:00,6931.0
2019-09-20 21:00:00,6916.3
2019-09-20 21:15:00,6903.3
2019-09-20 21:30:00,6883.6
2019-09-20 21:45:00,6865.4
2019-09-20 22:00:00,6850.4
2019-09-20 22:15:00,6834.3
2019-09-20 22:30:00,6822.9
2019-09-20 22:45:00,6815.0
2019-09-20 23:00:00,6792.4
2019-09-20 23:15:00,6779.5
2019-09-20 23:30:00,6766.1
2019-09-20 23:45:00,6757.8
2019-09-21 00:00:00,6757.5
2019-09-21 00:15:00,6751.6
2019-09-21 00:30:00,6744.1
2019-09-21 00:45:00,6743.2
2019-09-21 01:00:00,6735.1
2019-09-21 01:15:00,6731.4
2019-09-21 01:30:00,6728.4
2019-09-21 01:45:00,6725.8
2019-09-21 02:00:00,6722.1
2019-09-21 02:15:00,6719.8
2019-09-21 02:30:00,6721.4
2019-09-21 02:45:00,6721.6
2019-09-21 03:00:00,6722.7
2019-09-21 03:15:00,6723.1
2019-09-21 03:30:00,6726.3
2019-09-21 03:45:00,6730.1
2019-09-21 04:00:00,6740.0
2019-09-21 04:15:00,6737.8
2019-09-21 04:30:00,6739.2
2019-09-21 04:45:00,6745.4
2019-09-21 05:00:00,6765.5
2019-09-21 05:15:00,6773.9
2019-09-21 05:30:00,6782.2
2019-09-21 05:45:00,6787.4
2019-09-21 06:00:00,6809.6
2019-09-21 06:15:00,6817.9
2019-09-21 06:30:00,6834.4
2019-09-21 06:45:00,6852.1
2019-09-21 07:00:00,6869.6
2019-09-21 07:15:00,6882.1
2019-09-21 07:30:00,6889.0
2019-09-21 07:45:00,6906.5
2019-09-21 08:00:00,6905.0
2019-09-21 08:15:00,6915.6
2019-09-21 08:30:00,6926.6
2019-09-21 08:45:00,6938.0
2019-09-21 09:00:00,6948.7
2019-09-21 09:15:00,6957.1
2019-09-21 09:30:00,6957.1
2019-09-21 09:45:00,6966.1
2019-09-21 10:00:00,6965.7
2019-09-21 10:15:00,6968.0
2019-09-21 10:30:00,6970.7
2019-09-21 10:45:00,6971.1
2019-09-21 11:00:00,6957.3
2019-09-21 11:15:00,6953.0
2019-09-21 11:30:00,6948.2
2019-09-21 11:45:00,6940.8
2019-09-21 12:00:00,6937.5
2019-09-21 12:15:00,6931.0
2019-09-21 12:30:00,6925.4
2019-09-21 12:45:00,6916.9
2019-09-21 13:00:00,6906.0
2019-09-21 13:15:00,6903.8
2019-09-21 13:30:00,6900.0
2019-09-21 13:45:00,6890.4
2019-09-21 14:00:00,6892.2
2019-09-21 14:15:00,6887.6
2019-09-21 14:30:00,6880.2
2019-09-21 14:45:00,6877.5
2019-09-21 15:00:00,6870.4
2019-09-21 15:15:00,6868.0
2019-09-21 15:30:00,6868.3
2019-09-21 15:45:00,6867.5
2019-09-21 16:00:00,6872.3
2019-09-21 16:15:00,6878.5
2019-09-21 16:30:00,6880.4
2019-09-21 16:45:00,6885.8
2019-09-21 17:00:00,6895.2
2019-09-21 17:15:00,6898.4
2019-09-21 17:30:00,6901.8
2019-09-21 17:45:00,6905.0
2019-09-21 18:00:00,6904.5
2019-09-21 18:15:00,6907.5
2019-09-21 18:30:00,6919.9
2019-09-21 18:45:00,6925.7
2019-09-21 19:00:00,6924.9
2019-09-21 19:15:00,6909.3
2019-09-21 19:30:00,6892.9
2019-09-21 19:45:00,6881.1
2019-09-21 20:00:00,6863.4
2019-09-21 20:15:00,6852.3
2019-09-21 20:30:00,6840.7
2019-09-21 20:45:00,6831.1
2019-09-21 21:00:00,6825.0
2019-09-21 21:15:00,6815.6
2019-09-21 21:30:00,6799.7
2019-09-21 21:45:00,6790.4
2019-09-21 22:00:00,6768.4
2019-09-21 22:15:00,6759.1
2019-09-21 22:30:00,6747.6
2019-09-21 22:45:00,6740.2
2019-09-21 23:00:00,6721.8
2019-09-21 23:15:00,6712.3
2019-09-21 23:30:00,6702.9
2019-09-21 23:45:00,6697.6
2019-09-22 00:00:00,6685.5
2019-09-22 00:15:00,6677.9
2019-09-22 00:30:00,6671.1
2019-09-22 00:45:00,6666.8
2019-09-22 01:00:00,6656.6
2019-09-22 01:15:00,6652.6
2019-09-22 01:30:00,6650.4
2019-09-22 01:45:00,6647.3
2019-09-22 02:00:00,6648.4
2019-09-22 02:15:00,6647.8
2019-09-22 02:30:00,6649.8
2019-09-22 02:45:00,6647.6
2019-09-22 03:00:00,6655.7
2019-09-22 03:15:00,6658.2
2019-09-22 03:30:00,6658.1
2019-09-22 03:45:00,6660.4
2019-09-22 04:00:00,6665.4
2019-09-22 04:15:00,6665.1
2019-09-22 04:30:00,6667.9
2019-09-22 04:45:00,6670.0
2019-09-22 05:00:00,6679.5
2019-09-22 05:15:00,6684.0
2019-09-22 05:30:00,6684.2
2019-09-22 05:45:00,6691.3
2019-09-22 06:00:00,6700.7
2019-09-22 06:15:00,6713.8
2019-09-22 06:30:00,6725.3
2019-09-22 06:45:00,6741.5
2019-09-22 07:00:00,6750.5
2019-09-22 07:15:00,6768.6
2019-09-22 07:30:00,6781.6
2019-09-22 07:45:00,6794.4
2019-09-22 08:00:00,6806.1
2019-09-22 08:15:00,6813.5
2019-09-22 08:30:00,6828.2
2019-09-22 08:45:00,6837.7
2019-09-22 09:00:00,6845.5
2019-09-22 09:15:00,6851.4
2019-09-22 09:30:00,6864.7
2019-09-22 09:45:00,6871.0
2019-09-22 10:00:00,6869.4
2019-09-22 10:15:00,6879.6
2019-09-22 10:30:00,6884.7
2019-09-22 10:45:00,6884.4
2019-09-22 11:00:00,6878.1
2019-09-22 11:15:00,6871.2
2019-09-22 11:30:00,6869.7
2019-09-22 11:45:00,6858.2
2019-09-22 12:00:00,6856.6
2019-09-22 12:15:00,6850.6
2019-09-22 12:30:00,6842.6
2019-09-22 12:45:00,6828.9
2019-09-22 13:00:00,6821.4
2019-09-22 13:15:00,6819.9
2019-09-22 13:30:00,6820.0
2019-09-22 13:45:00,6809.3
2019-09-22 14:00:00,6804.3
2019-09-22 14:15:00,6801.8
2019-09-22 14:30:00,6798.2
2019-09-22 14:45:00,6794.3
2019-09-22 15:00:00,6796.7
2019-09-22 15:15:00,6795.1
2019-09-22 15:30:00,6794.4
2019-09-22 15:45:00,6797.0
2019-09-22 16:00:00,6818.7
2019-09-22 16:15:00,6825.3
2019-09-22 16:30:00,6834.7
2019-09-22 16:45:00,6845.1
2019-09-22 17:00:00,6849.7
2019-09-22 17:15:00,6855.4
2019-09-22 17:30:00,6863.2
2019-09-22 17:45:00,6871.0
2019-09-22 18:00:00,6866.3
2019-09-22 18:15:00,6877.8
2019-09-22 18:30:00,6897.6
2019-09-22 18:45:00,6913.7
2019-09-22 19:00:00,6918.5
2019-09-22 19:15:00,6906.6
2019-09-22 19:30:00,6895.4
2019-09-22 19:45:00,6884.2
2019-09-22 20:00:00,6872.1
2019-09-22 20:15:00,6860.2
2019-09-22 20:30:00,6856.8
2019-09-22 20:45:00,6853.0
2019-09-22 21:00:00,6849.9
2019-09-22 21:15:00,6837.4
2019-09-22 21:30:00,6826.5
2019-09-22 21:45:00,6811.2
2019-09-22 22:00:00,6795.4
2019-09-22 22:15:00,6776.4
2019-09-22 22:30:00,6767.0
2019-09-22 22:45:00,6757.4
2019-09-22 23:00:00,6749.0
2019-09-22 23:15:00,6743.6
2019-09-22 23:30:00,6742.4
2019-09-22 23:45:00,6738.8
2019-09-23 00:00:00,6735.2
2019-09-23 00:15:00,6729.5
2019-09-23 00:30:00,6728.2
2019-09-23 00:45:00,6724.9
2019-09-23 01:00:00,6718.9
2019-09-23 01:15:00,6715.0
2019-09-23 01:30:00,6716.6
2019-09-23 01:45:00,6718.7
2019-09-23 02:00:00,6727.6
2019-09-23 02:15:00,6732.9
2019-09-23 02:30:00,6737.4
2019-09-23 02:45:00,6739.4
2019-09-23 03:00:00,6749.9
2019-09-23 03:15:00,6756.5
2019-09-23 03:30:00,6768.8
2019-09-23 03:45:00,6777.8
2019-09-23 04:00:00,6798.9
2019-09-23 04:15:00,6813.1
2019-09-23 04:30:00,6836.0
2019-09-23 04:45:00,6867.0
2019-09-23 05:00:00,6932.7
2019-09-23 05:15:00,6976.8
2019-09-23 05:30:00,7011.1
2019-09-23 05:45:00,7040.6
2019-09-23 06:00:00,7072.8
2019-09-23 06:15:00,7081.1
2019-09-23 06:30:00,7092.5
2019-09-23 06:45:00,7102.2
2019-09-23 07:00:00,7123.0
2019-09-23 07:15:00,7129.5
2019-09-23 07:30:00,7134.4
2019-09-23 07:45:00,7138.1
2019-09-23 08:00:00,7132.2
2019-09-23 08:15:00,7137.9
2019-09-23 08:30:00,7149.3
2019-09-23 08:45:00,7155.3
2019-09-23 09:00:00,7167.7
2019-09-23 09:15:00,7173.3
2019-09-23 09:30:00,7179.7
2019-09-23 09:45:00,7184.6
2019-09-23 10:00:00,7186.9
2019-09-23 10:15:00,7189.9
2019-09-23 10:30:00,7190.2
2019-09-23 10:45:00,7190.6
2019-09-23 11:00:00,7184.7
2019-09-23 11:15:00,7180.3
2019-09-23 11:30:00,7182.3
2019-09-23 11:45:00,7177.6
2019-09-23 12:00:00,7180.1
2019-09-23 12:15:00,7176.5
2019-09-23 12:30:00,7173.9
2019-09-23 12:45:00,7167.9
2019-09-23 13:00:00,7163.8
2019-09-23 13:15:00,7158.0
2019-09-23 13:30:00,7153.6
2019-09-23 13:45:00,7149.3
2019-09-23 14:00:00,7144.9
2019-09-23 14:15:00,7136.2
2019-09-23 14:30:00,7131.5
2019-09-23 14:45:00,7126.3
2019-09-23 15:00:00,7113.6
2019-09-23 15:15:00,7105.6
2019-09-23 15:30:00,7101.1
2019-09-23 15:45:00,7102.7
2019-09-23 16:00:00,7112.2
2019-09-23 16:15:00,7109.2
2019-09-23 16:30:00,7113.2
2019-09-23 16:45:00,7114.9
2019-09-23 17:00:00,7111.7
2019-09-23 17:15:00,7108.0
2019-09-23 17:30:00,7112.3
2019-09-23 17:45:00,7119.8
2019-09-23 18:00:00,7121.9
2019-09-23 18:15:00,7125.2
2019-09-23 18:30:00,7144.3
2019-09-23 18:45:00,7147.8
2019-09-23 19:00:00,7132.3
2019-09-23 19:15:00,7105.2
2019-09-23 19:30:00,7086.0
2019-09-23 19:45:00,7065.5
2019-09-23 20:00:00,7043.2
2019-09-23 20:15:00,7025.0
2019-09-23 20:30:00,7003.9
2019-09-23 20:45:00,6986.1
2019-09-23 21:00:00,6964.9
2019-09-23 21:15:00,6945.6
2019-09-23 21:30:00,6921.2
2019-09-23 21:45:00,6904.3
2019-09-23 22:00:00,6885.1
2019-09-23 22:15:00,6870.2
2019-09-23 22:30:00,6850.9
2019-09-23 22:45:00,6845.2
2019-09-23 23:00:00,6829.8
2019-09-23 23:15:00,6820.3
2019-09-23 23:30:00,6817.7
2019-09-23 23:45:00,6803.6
2019-09-24 00:00:00,6799.1
2019-09-24 00:15:00,6795.0
2019-09-24 00:30:00,6788.0
2019-09-24 00:45:00,6779.3
2019-09-24 01:00:00,6772.8
2019-09-24 01:15:00,6774.1
2019-09-24 01:30:00,6774.8
2019-09-24 01:45:00,6775.6
2019-09-24 02:00:00,6777.7
2019-09-24 02:15:00,6779.1
2019-09-24 02:30:00,6779.4
2019-09-24 02:45:00,6782.3
2019-09-24 03:00:00,6789.4
2019-09-24 03:15:00,6799.2
2019-09-24 03:30:00,6804.9
2019-09-24 03:45:00,6815.6
2019-09-24 04:00:00,6838.6
2019-09-24 04:15:00,6857.8
2019-09-24 04:30:00,6881.8
2019-09-24 04:45:00,6905.7
2019-09-24 05:00:00,6963.5
2019-09-24 05:15:00,7006.7
2019-09-24 05:30:00,7041.2
2019-09-24 05:45:00,7064.4
2019-09-24 06:00:00,7088.7
2019-09-24 06:15:00,7096.4
2019-09-24 06:30:00,7106.1
2019-09-24 06:45:00,7119.0
2019-09-24 07:00:00,7133.6
2019-09-24 07:15:00,7137.0
2019-09-24 07:30:00,7145.2
2019-09-24 07:45:00,7149.2
2019-09-24 08:00:00,7147.4
2019-09-24 08:15:00,7156.4
2019-09-24 08:30:00,7163.0
2019-09-24 08:45:00,7162.8
2019-09-24 09:00:00,7168.9
2019-09-24 09:15:00,7167.7
2019-09-24 09:30:00,7175.1
2019-09-24 09:45:00,7179.7
2019-09-24 10:00:00,7182.3
2019-09-24 10:15:00,7186.6
2019-09-24 10:30:00,7190.9
2019-09-24 10:45:00,7188.1
2019-09-24 11:00:00,7181.0
2019-09-24 11:15:00,7177.6
2019-09-24 11:30:00,7177.6
2019-09-24 11:45:00,7176.1
2019-09-24 12:00:00,7172.9
2019-09-24 12:15:00,7169.6
2019-09-24 12:30:00,7164.3
2019-09-24 12:45:00,7157.4
2019-09-24 13:00:00,7153.1
2019-09-24 13:15:00,7150.2
2019-09-24 13:30:00,7151.4
2019-09-24 13:45:00,7149.8
2019-09-24 14:00:00,7141.0
2019-09-24 14:15:00,7130.7
2019-09-24 14:30:00,7124.9
2019-09-24 14:45:00,7115.7
2019-09-24 15:00:00,7114.8
2019-09-24 15:15:00,7109.3
2019-09-24 15:30:00,7106.6
2019-09-24 15:45:00,7105.2
2019-09-24 16:00:00,7107.8
2019-09-24 16:15:00,7107.6
2019-09-24 16:30:00,7112.9
2019-09-24 16:45:00,7113.8
2019-09-24 17:00:00,7108.2
2019-09-24 17:15:00,7106.4
2019-09-24 17:30:00,7119.3
2019-09-24 17:45:00,7124.2
2019-09-24 18:00:00,7132.2
2019-09-24 18:15:00,7139.7
2019-09-24 18:30:00,7152.8
2019-09-24 18:45:00,7152.1
2019-09-24 19:00:00,7136.6
2019-09-24 19:15:00,7112.0
2019-09-24 19:30:00,7098.3
2019-09-24 19:45:00,7080.2
2019-09-24 20:00:00,7062.5
2019-09-24 20:15:00,7041.6
2019-09-24 20:30:00,7019.4
2019-09-24 20:45:00,6996.9
2019-09-24 21:00:00,6979.7
2019-09-24 21:15:00,6962.9
2019-09-24 21:30:00,6942.0
2019-09-24 21:45:00,6920.9
2019-09-24 22:00:00,6895.8
2019-09-24 22:15:00,6880.9
2019-09-24 22:30:00,6863.5
2019-09-24 22:45:00,6849.7
2019-09-24 23:00:00,6840.6
2019-09-24 23:15:00,6827.8
2019-09-24 23:30:00,6819.0
2019-09-24 23:45:00,6817.9
2019-09-25 00:00:00,6805.5
2019-09-25 00:15:00,6798.4
2019-09-25 00:30:00,6790.4
2019-09-25 00:45:00,6785.7
2019-09-25 01:00:00,6781.7
2019-09-25 01:15:00,6774.4
2019-09-25 01:30:00,6777.2
2019-09-25 01:45:00,6777.8
2019-09-25 02:00:00,6782.8
2019-09-25 02:15:00,6782.5
2019-09-25 02:30:00,6783.0
2019-09-25 02:45:00,6787.4
2019-09-25 03:00:00,6793.4
2019-09-25 03:15:00,6797.3
2019-09-25 03:30:00,6808.8
2019-09-25 03:45:00,6822.0
2019-09-25 04:00:00,6847.4
2019-09-25 04:15:00,6864.4
2019-09-25 04:30:00,6883.4
2019-09-25 04:45:00,6919.7
2019-09-25 05:00:00,6978.8
2019-09-25 05:15:00,7019.1
2019-09-25 05:30:00,7051.5
2019-09-25 05:45:00,7079.2
2019-09-25 06:00:00,7111.9
2019-09-25 06:15:00,7121.1
2019-09-25 06:30:00,7129.3
2019-09-25 06:45:00,7136.8
2019-09-25 07:00:00,7148.5
2019-09-25 07:15:00,7147.9
2019-09-25 07:30:00,7149.4
2019-09-25 07:45:00,7149.4
2019-09-25 08:00:00,7149.6
2019-09-25 08:15:00,7149.7
2019-09-25 08:30:00,7156.9
2019-09-25 08:45:00,7162.7
2019-09-25 09:00:00,7173.3
2019-09-25 09:15:00,7178.1
2019-09-25 09:30:00,7183.1
2019-09-25 09:45:00,7184.6
2019-09-25 10:00:00,7196.2
2019-09-25 10:15:00,7197.6
2019-09-25 10:30:00,7204.9
2019-09-25 10:45:00,7201.2
2019-09-25 11:00:00,7195.0
2019-09-25 11:15:00,7187.6
2019-09-25 11:30:00,7190.7
2019-09-25 11:45:00,7189.5
2019-09-25 12:00:00,7182.6
2019-09-25 12:15:00,7175.2
2019-09-25 12:30:00,7170.9
2019-09-25 12:45:00,7156.4
2019-09-25 13:00:00,7149.6
2019-09-25 13:15:00,7146.4
2019-09-25 13:30:00,7149.0
2019-09-25 13:45:00,7139.4
2019-09-25 14:00:00,7135.8
2019-09-25 14:15:00,7132.9
2019-09-25 14:30:00,7133.3
2019-09-25 14:45:00,7122.8
2019-09-25 15:00:00,7118.5
2019-09-25 15:15:00,7109.9
2019-09-25 15:30:00,7104.5
2019-09-25 15:45:00,7096.8
2019-09-25 16:00:00,7093.4
2019-09-25 16:15:00,7095.7
2019-09-25 16:30:00,7104.6
2019-09-25 16:45:00,7106.9
2019-09-25 17:00:00,7109.5
2019-09-25 17:15:00,7106.5
2019-09-25 17:30:00,7113.0
2019-09-25 17:45:00,7119.0
2019-09-25 18:00:00,7130.3
2019-09-25 18:15:00,7138.0
2019-09-25 18:30:00,7150.9
2019-09-25 18:45:00,7147.1
2019-09-25 19:00:00,7122.6
2019-09-25 19:15:00,7100.5
2019-09-25 19:30:00,7080.7
2019-09-25 19:45:00,7061.0
2019-09-25 20:00:00,7048.7
2019-09-25 20:15:00,7027.6
2019-09-25 20:30:00,7009.7
2019-09-25 20:45:00,6995.9
2019-09-25 21:00:00,6983.5
2019-09-25 21:15:00,6962.2
2019-09-25 21:30:00,6940.6
2019-09-25 21:45:00,6922.4
2019-09-25 22:00:00,6900.1
2019-09-25 22:15:00,6882.6
2019-09-25 22:30:00,6868.3
2019-09-25 22:45:00,6856.8
2019-09-25 23:00:00,6842.4
2019-09-25 23:15:00,6833.8
2019-09-25 23:30:00,6826.3
2019-09-25 23:45:00,6820.5
2019-09-26 00:00:00,6811.6
2019-09-26 00:15:00,6806.6
2019-09-26 00:30:00,6801.5
2019-09-26 00:45:00,6795.6
2019-09-26 01:00:00,6785.0
2019-09-26 01:15:00,6786.2
2019-09-26 01:30:00,6786.1
2019-09-26 01:45:00,6790.9
2019-09-26 02:00:00,6793.3
2019-09-26 02:15:00,6792.2
2019-09-26 02:30:00,6792.0
2019-09-26 02:45:00,6797.2
2019-09-26 03:00:00,6804.0
2019-09-26 03:15:00,6811.9
2019-09-26 03:30:00,6819.0
2019-09-26 03:45:00,6826.6
2019-09-26 04:00:00,6852.6
2019-09-26 04:15:00,6871.1
2019-09-26 04:30:00,6891.6
2019-09-26 04:45:00,6921.9
2019-09-26 05:00:00,6978.5
2019-09-26 05:15:00,7021.8
2019-09-26 05:30:00,7057.0
2019-09-26 05:45:00,7076.6
2019-09-26 06:00:00,7096.0
2019-09-26 06:15:00,7103.9
2019-09-26 06:30:00,7114.9
2019-09-26 06:45:00,7127.3
2019-09-26 07:00:00,7137.1
2019-09-26 07:15:00,7146.2
2019-09-26 07:30:00,7152.6
2019-09-26 07:45:00,7156.3
2019-09-26 08:00:00,7156.4
2019-09-26 08:15:00,7161.9
2019-09-26 08:30:00,7166.6
2019-09-26 08:45:00,7170.0
2019-09-26 09:00:00,7168.0
2019-09-26 09:15:00,7175.0
2019-09-26 09:30:00,7180.5
2019-09-26 09:45:00,7187.6
2019-09-26 10:00:00,7190.1
2019-09-26 10:15:00,7199.4
2019-09-26 10:30:00,7201.7
2019-09-26 10:45:00,7203.9
2019-09-26 11:00:00,7194.9
2019-09-26 11:15:00,7189.4
2019-09-26 11:30:00,7185.1
2019-09-26 11:45:00,7187.4
2019-09-26 12:00:00,7186.2
2019-09-26 12:15:00,7182.0
2019-09-26 12:30:00,7172.7
2019-09-26 12:45:00,7162.9
2019-09-26 13:00:00,7158.7
2019-09-26 13:15:00,7160.0
2019-09-26 13:30:00,7157.8
2019-09-26 13:45:00,7151.8
2019-09-26 14:00:00,7159.8
2019-09-26 14:15:00,7149.5
2019-09-26 14:30:00,7146.6
2019-09-26 14:45:00,7139.6
2019-09-26 15:00:00,7133.3
2019-09-26 15:15:00,7129.0
2019-09-26 15:30:00,7126.0
2019-09-26 15:45:00,7120.7
2019-09-26 16:00:00,7115.1
2019-09-26 16:15:00,7117.2
2019-09-26 16:30:00,7117.9
2019-09-26 16:45:00,7122.2
2019-09-26 17:00:00,7115.6
2019-09-26 17:15:00,7116.6
2019-09-26 17:30:00,7122.1
2019-09-26 17:45:00,7129.3
2019-09-26 18:00:00,7140.8
2019-09-26 18:15:00,7147.8
2019-09-26 18:30:00,7154.4
2019-09-26 18:45:00,7149.7
2019-09-26 19:00:00,7137.4
2019-09-26 19:15:00,7113.8
2019-09-26 19:30:00,7094.9
2019-09-26 19:45:00,7080.0
2019-09-26 20:00:00,7068.1
2019-09-26 20:15:00,7044.0
2019-09-26 20:30:00,7026.0
2019-09-26 20:45:00,7011.9
2019-09-26 21:00:00,6996.0
2019-09-26 21:15:00,6977.9
2019-09-26 21:30:00,6961.7
2019-09-26 21:45:00,6940.9
2019-09-26 22:00:00,6918.1
2019-09-26 22:15:00,6902.7
2019-09-26 22:30:00,6886.2
2019-09-26 22:45:00,6873.8
2019-09-26 23:00:00,6862.6
2019-09-26 23:15:00,6854.9
2019-09-26 23:30:00,6846.0
2019-09-26 23:45:00,6838.5
2019-09-27 00:00:00,6825.8
2019-09-27 00:15:00,6821.6
2019-09-27 00:30:00,6816.8
2019-09-27 00:45:00,6809.1
2019-09-27 01:00:00,6807.4
2019-09-27 01:15:00,6808.0
2019-09-27 01:30:00,6806.4
2019-09-27 01:45:00,6805.9
2019-09-27 02:00:00,6806.1
2019-09-27 02:15:00,6808.5
2019-09-27 02:30:00,6808.7
2019-09-27 02:45:00,6810.2
2019-09-27 03:00:00,6816.7
2019-09-27 03:15:00,6822.6
2019-09-27 03:30:00,6826.7
2019-09-27 03:45:00,6840.8
2019-09-27 04:00:00,6863.3
2019-09-27 04:15:00,6876.6
2019-09-27 04:30:00,6894.3
2019-09-27 04:45:00,6926.1
2019-09-27 05:00:00,6986.1
2019-09-27 05:15:00,7027.4
2019-09-27 05:30:00,7059.2
2019-09-27 05:45:00,7086.9
2019-09-27 06:00:00,7114.9
2019-09-27 06:15:00,7121.2
2019-09-27 06:30:00,7130.7
2019-09-27 06:45:00,7145.2
2019-09-27 07:00:00,7164.7
2019-09-27 07:15:00,7176.7
2019-09-27 07:30:00,7182.5
2019-09-27 07:45:00,7186.7
2019-09-27 08:00:00,7188.5
2019-09-27 08:15:00,7191.4
2019-09-27 08:30:00,7200.0
2019-09-27 08:45:00,7202.7
2019-09-27 09:00:00,7202.7
2019-09-27 09:15:00,7205.5
2019-09-27 09:30:00,7207.9
2019-09-27 09:45:00,7212.6
2019-09-27 10:00:00,7217.0
2019-09-27 10:15:00,7220.2
2019-09-27 10:30:00,7225.4
2019-09-27 10:45:00,7219.6
2019-09-27 11:00:00,7212.8
2019-09-27 11:15:00,7209.6
2019-09-27 11:30:00,7208.7
2019-09-27 11:45:00,7206.3
2019-09-27 12:00:00,7196.7
2019-09-27 12:15:00,7185.7
2019-09-27 12:30:00,7169.4
2019-09-27 12:45:00,7156.6
2019-09-27 13:00:00,7149.4
2019-09-27 13:15:00,7142.6
2019-09-27 13:30:00,7135.0
2019-09-27 13:45:00,7126.7
2019-09-27 14:00:00,7163.2
2019-09-27 14:15:00,7120.0
2019-09-27 14:30:00,7112.0
2019-09-27 14:45:00,7104.3
2019-09-27 15:00:00,7109.3
2019-09-27 15:15:00,7101.1
2019-09-27 15:30:00,7094.2
2019-09-27 15:45:00,7091.1
2019-09-27 16:00:00,7088.7
2019-09-27 16:15:00,7087.8
2019-09-27 16:30:00,7084.7
2019-09-27 16:45:00,7085.2
2019-09-27 17:00:00,7083.0
2019-09-27 17:15:00,7076.9
2019-09-27 17:30:00,7080.9
2019-09-27 17:45:00,7080.1
2019-09-27 18:00:00,7095.8
2019-09-27 18:15:00,7101.7
2019-09-27 18:30:00,7109.2
2019-09-27 18:45:00,7105.6
2019-09-27 19:00:00,7087.6
2019-09-27 19:15:00,7068.1
2019-09-27 19:30:00,7052.2
2019-09-27 19:45:00,7029.5
2019-09-27 20:00:00,7008.0
2019-09-27 20:15:00,6990.1
2019-09-27 20:30:00,6971.7
2019-09-27 20:45:00,6953.9
2019-09-27 21:00:00,6946.7
2019-09-27 21:15:00,6933.8
2019-09-27 21:30:00,6918.8
2019-09-27 21:45:00,6895.2
2019-09-27 22:00:00,6875.1
2019-09-27 22:15:00,6861.5
2019-09-27 22:30:00,6847.6
2019-09-27 22:45:00,6832.7
2019-09-27 23:00:00,6814.0
2019-09-27 23:15:00,6806.8
2019-09-27 23:30:00,6795.4
2019-09-27 23:45:00,6787.5
2019-09-28 00:00:00,6787.2
2019-09-28 00:15:00,6777.9
2019-09-28 00:30:00,6771.0
2019-09-28 00:45:00,6765.3
2019-09-28 01:00:00,6747.4
2019-09-28 01:15:00,6741.0
2019-09-28 01:30:00,6742.4
2019-09-28 01:45:00,6741.1
2019-09-28 02:00:00,6750.1
2019-09-28 02:15:00,6748.8
2019-09-28 02:30:00,6750.3
2019-09-28 02:45:00,6750.0
2019-09-28 03:00:00,6755.5
2019-09-28 03:15:00,6754.8
2019-09-28 03:30:00,6759.6
2019-09-28 03:45:00,6761.6
2019-09-28 04:00:00,6758.5
2019-09-28 04:15:00,6761.9
2019-09-28 04:30:00,6767.5
2019-09-28 04:45:00,6775.2
2019-09-28 05:00:00,6786.7
2019-09-28 05:15:00,6803.4
2019-09-28 05:30:00,6813.4
2019-09-28 05:45:00,6822.9
2019-09-28 06:00:00,6835.2
2019-09-28 06:15:00,6842.3
2019-09-28 06:30:00,6858.8
2019-09-28 06:45:00,6872.2
2019-09-28 07:00:00,6899.8
2019-09-28 07:15:00,6913.9
2019-09-28 07:30:00,6929.4
2019-09-28 07:45:00,6934.5
2019-09-28 08:00:00,6933.1
2019-09-28 08:15:00,6939.5
2019-09-28 08:30:00,6956.6
2019-09-28 08:45:00,6969.5
2019-09-28 09:00:00,6984.8
2019-09-28 09:15:00,6991.5
2019-09-28 09:30:00,6998.8
2019-09-28 09:45:00,7004.8
2019-09-28 10:00:00,7011.4
2019-09-28 10:15:00,7010.5
2019-09-28 10:30:00,7019.0
2019-09-28 10:45:00,7015.8
2019-09-28 11:00:00,7008.3
2019-09-28 11:15:00,7008.6
2019-09-28 11:30:00,7000.6
2019-09-28 11:45:00,6992.7
2019-09-28 12:00:00,6980.6
2019-09-28 12:15:00,6969.7
2019-09-28 12:30:00,6965.9
2019-09-28 12:45:00,6956.0
2019-09-28 13:00:00,6948.2
2019-09-28 13:15:00,6940.1
2019-09-28 13:30:00,6928.4
2019-09-28 13:45:00,6929.5
2019-09-28 14:00:00,6932.6
2019-09-28 14:15:00,6935.4
2019-09-28 14:30:00,6931.8
2019-09-28 14:45:00,6924.9
2019-09-28 15:00:00,6927.5
2019-09-28 15:15:00,6920.4
2019-09-28 15:30:00,6915.0
2019-09-28 15:45:00,6908.7
2019-09-28 16:00:00,6918.8
2019-09-28 16:15:00,6921.1
2019-09-28 16:30:00,6923.3
2019-09-28 16:45:00,6925.5
2019-09-28 17:00:00,6925.7
2019-09-28 17:15:00,6928.7
2019-09-28 17:30:00,6933.2
2019-09-28 17:45:00,6933.7
2019-09-28 18:00:00,6945.5
2019-09-28 18:15:00,6953.3
2019-09-28 18:30:00,6965.6
2019-09-28 18:45:00,6955.6
2019-09-28 19:00:00,6944.5
2019-09-28 19:15:00,6928.0
2019-09-28 19:30:00,6912.6
2019-09-28 19:45:00,6899.1
2019-09-28 20:00:00,6886.5
2019-09-28 20:15:00,6873.2
2019-09-28 20:30:00,6860.2
2019-09-28 20:45:00,6851.6
2019-09-28 21:00:00,6852.2
2019-09-28 21:15:00,6843.5
2019-09-28 21:30:00,6825.8
2019-09-28 21:45:00,6811.5
2019-09-28 22:00:00,6794.7
2019-09-28 22:15:00,6789.0
2019-09-28 22:30:00,6776.2
2019-09-28 22:45:00,6767.5
2019-09-28 23:00:00,6759.6
2019-09-28 23:15:00,6750.0
2019-09-28 23:30:00,6743.0
2019-09-28 23:45:00,6734.6
2019-09-29 00:00:00,6726.1
2019-09-29 00:15:00,6718.2
2019-09-29 00:30:00,6713.4
2019-09-29 00:45:00,6706.0
2019-09-29 01:00:00,6698.3
2019-09-29 01:15:00,6691.8
2019-09-29 01:30:00,6692.1
2019-09-29 01:45:00,6689.4
2019-09-29 02:00:00,6689.1
2019-09-29 02:15:00,6686.2
2019-09-29 02:30:00,6681.9
2019-09-29 02:45:00,6678.7
2019-09-29 03:00:00,6681.6
2019-09-29 03:15:00,6684.8
2019-09-29 03:30:00,6683.6
2019-09-29 03:45:00,6680.8
2019-09-29 04:00:00,6681.6
2019-09-29 04:15:00,6682.8
2019-09-29 04:30:00,6682.0
2019-09-29 04:45:00,6684.1
2019-09-29 05:00:00,6698.3
2019-09-29 05:15:00,6697.5
2019-09-29 05:30:00,6703.3
2019-09-29 05:45:00,6707.8
2019-09-29 06:00:00,6726.0
2019-09-29 06:15:00,6728.4
2019-09-29 06:30:00,6737.4
2019-09-29 06:45:00,6750.5
2019-09-29 07:00:00,6775.0
2019-09-29 07:15:00,6790.5
2019-09-29 07:30:00,6802.9
2019-09-29 07:45:00,6820.5
2019-09-29 08:00:00,6839.0
2019-09-29 08:15:00,6850.6
2019-09-29 08:30:00,6857.5
2019-09-29 08:45:00,6875.8
2019-09-29 09:00:00,6887.7
2019-09-29 09:15:00,6901.7
2019-09-29 09:30:00,6913.0
2019-09-29 09:45:00,6921.4
2019-09-29 10:00:00,6931.3
2019-09-29 10:15:00,6943.0
2019-09-29 10:30:00,6951.0
2019-09-29 10:45:00,6955.3
2019-09-29 11:00:00,6948.9
2019-09-29 11:15:00,6947.9
2019-09-29 11:30:00,6942.7
2019-09-29 11:45:00,6937.1
2019-09-29 12:00:00,6932.8
2019-09-29 12:15:00,6922.1
2019-09-29 12:30:00,6916.8
2019-09-29 12:45:00,6913.2
2019-09-29 13:00:00,6902.3
2019-09-29 13:15:00,6901.8
2019-09-29 13:30:00,6891.1
2019-09-29 13:45:00,6891.5
2019-09-29 14:00:00,6896.0
2019-09-29 14:15:00,6885.1
2019-09-29 14:30:00,6876.4
2019-09-29 14:45:00,6868.6
2019-09-29 15:00:00,6875.8
2019-09-29 15:15:00,6877.2
2019-09-29 15:30:00,6876.1
2019-09-29 15:45:00,6884.5
2019-09-29 16:00:00,6900.7
2019-09-29 16:15:00,6904.3
2019-09-29 16:30:00,6910.4
2019-09-29 16:45:00,6912.4
2019-09-29 17:00:00,6921.8
2019-09-29 17:15:00,6925.9
2019-09-29 17:30:00,6924.7
2019-09-29 17:45:00,6928.9
2019-09-29 18:00:00,6941.3
2019-09-29 18:15:00,6946.8
2019-09-29 18:30:00,6948.7
2019-09-29 18:45:00,6941.2
2019-09-29 19:00:00,6933.5
2019-09-29 19:15:00,6919.9
2019-09-29 19:30:00,6906.0
2019-09-29 19:45:00,6902.3
2019-09-29 20:00:00,6897.0
2019-09-29 20:15:00,6889.0
2019-09-29 20:30:00,6883.8
2019-09-29 20:45:00,6880.0
2019-09-29 21:00:00,6883.2
2019-09-29 21:15:00,6872.0
2019-09-29 21:30:00,6855.3
2019-09-29 21:45:00,6840.4
2019-09-29 22:00:00,6827.0
2019-09-29 22:15:00,6816.5
2019-09-29 22:30:00,6803.4
2019-09-29 22:45:00,6794.4
2019-09-29 23:00:00,6802.7
2019-09-29 23:15:00,6795.5
2019-09-29 23:30:00,6792.9
2019-09-29 23:45:00,6783.9
2019-09-30 00:00:00,6778.8
2019-09-30 00:15:00,6774.6
2019-09-30 00:30:00,6771.2
2019-09-30 00:45:00,6764.8
2019-09-30 01:00:00,6759.8
2019-09-30 01:15:00,6762.0
2019-09-30 01:30:00,6764.7
2019-09-30 01:45:00,6763.4
2019-09-30 02:00:00,6772.5
2019-09-30 02:15:00,6780.3
2019-09-30 02:30:00,6790.2
2019-09-30 02:45:00,6791.5
2019-09-30 03:00:00,6804.1
2019-09-30 03:15:00,6814.3
2019-09-30 03:30:00,6823.5
2019-09-30 03:45:00,6834.8
2019-09-30 04:00:00,6849.3
2019-09-30 04:15:00,6869.3
2019-09-30 04:30:00,6896.5
2019-09-30 04:45:00,6932.2
2019-09-30 05:00:00,6999.8
2019-09-30 05:15:00,7038.3
2019-09-30 05:30:00,7068.1
2019-09-30 05:45:00,7095.0
2019-09-30 06:00:00,7117.7
2019-09-30 06:15:00,7134.3
2019-09-30 06:30:00,7144.7
2019-09-30 06:45:00,7149.8
2019-09-30 07:00:00,7160.5
2019-09-30 07:15:00,7172.6
2019-09-30 07:30:00,7175.6
2019-09-30 07:45:00,7179.5
2019-09-30 08:00:00,7171.3
2019-09-30 08:15:00,7181.8
2019-09-30 08:30:00,7186.0
2019-09-30 08:45:00,7192.9
2019-09-30 09:00:00,7193.2
2019-09-30 09:15:00,7197.6
2019-09-30 09:30:00,7206.4
2019-09-30 09:45:00,7218.3
2019-09-30 10:00:00,7229.9
2019-09-30 10:15:00,7237.8
2019-09-30 10:30:00,7239.4
2019-09-30 10:45:00,7238.7
2019-09-30 11:00:00,7226.5
2019-09-30 11:15:00,7223.4
2019-09-30 11:30:00,7219.8
2019-09-30 11:45:00,7219.6
2019-09-30 12:00:00,7220.0
2019-09-30 12:15:00,7218.3
2019-09-30 12:30:00,7206.7
2019-09-30 12:45:00,7194.1
2019-09-30 13:00:00,7187.8
2019-09-30 13:15:00,7183.3
2019-09-30 13:30:00,7171.3
2019-09-30 13:45:00,7169.3
2019-09-30 14:00:00,7174.5
2019-09-30 14:15:00,7167.9
2019-09-30 14:30:00,7155.2
2019-09-30 14:45:00,7145.5
2019-09-30 15:00:00,7141.0
2019-09-30 15:15:00,7131.8
2019-09-30 15:30:00,7126.7
2019-09-30 15:45:00,7112.0
2019-09-30 16:00:00,7117.2
2019-09-30 16:15:00,7115.3
2019-09-30 16:30:00,7111.9
2019-09-30 16:45:00,7112.7
2019-09-30 17:00:00,7115.9
2019-09-30 17:15:00,7121.5
2019-09-30 17:30:00,7122.1
2019-09-30 17:45:00,7131.2
2019-09-30 18:00:00,7141.0
2019-09-30 18:15:00,7151.5
2019-09-30 18:30:00,7158.1
2019-09-30 18:45:00,7152.3
2019-09-30 19:00:00,7130.5
2019-09-30 19:15:00,7106.3
2019-09-30 19:30:00,7089.6
2019-09-30 19:45:00,7071.3
2019-09-30 20:00:00,7051.5
2019-09-30 20:15:00,7033.7
2019-09-30 20:30:00,7013.4
2019-09-30 20:45:00,6992.4
2019-09-30 21:00:00,6977.9
2019-09-30 21:15:00,6961.8
2019-09-30 21:30:00,6940.3
2019-09-30 21:45:00,6921.6
2019-09-30 22:00:00,6897.0
2019-09-30 22:15:00,6878.9
2019-09-30 22:30:00,6864.0
2019-09-30 22:45:00,6850.9
2019-09-30 23:00:00,6845.2
2019-09-30 23:15:00,6835.3
2019-09-30 23:30:00,6827.0
2019-09-30 23:45:00,6822.7
2019-10-01 00:00:00,6822.7
2019-10-01 00:15:00,6818.0
2019-10-01 00:30:00,6810.6
2019-10-01 00:45:00,6808.2
2019-10-01 01:00:00,6806.8
2019-10-01 01:15:00,6799.7
2019-10-01 01:30:00,6802.6
2019-10-01 01:45:00,6801.2
2019-10-01 02:00:00,6804.1
2019-10-01 02:15:00,6806.2
2019-10-01 02:30:00,6808.9
2019-10-01 02:45:00,6812.6
2019-10-01 03:00:00,6824.3
2019-10-01 03:15:00,6830.5
2019-10-01 03:30:00,6839.6
2019-10-01 03:45:00,6852.9
2019-10-01 04:00:00,6879.9
2019-10-01 04:15:00,6896.5
2019-10-01 04:30:00,6914.8
2019-10-01 04:45:00,6943.1
2019-10-01 05:00:00,6986.0
2019-10-01 05:15:00,7024.0
2019-10-01 05:30:00,7057.9
2019-10-01 05:45:00,7084.2
2019-10-01 06:00:00,7117.5
2019-10-01 06:15:00,7128.7
2019-10-01 06:30:00,7140.1
2019-10-01 06:45:00,7149.4
2019-10-01 07:00:00,7164.4
2019-10-01 07:15:00,7175.4
2019-10-01 07:30:00,7180.9
2019-10-01 07:45:00,7185.1
2019-10-01 08:00:00,7177.3
2019-10-01 08:15:00,7184.4
2019-10-01 08:30:00,7185.5
2019-10-01 08:45:00,7189.8
2019-10-01 09:00:00,7203.7
2019-10-01 09:15:00,7206.7
2019-10-01 09:30:00,7210.8
2019-10-01 09:45:00,7217.0
2019-10-01 10:00:00,7221.1
2019-10-01 10:15:00,7228.4
2019-10-01 10:30:00,7231.3
2019-10-01 10:45:00,7233.7
2019-10-01 11:00:00,7223.3
2019-10-01 11:15:00,7222.6
2019-10-01 11:30:00,7222.9
2019-10-01 11:45:00,7222.0
2019-10-01 12:00:00,7221.7
2019-10-01 12:15:00,7220.8
2019-10-01 12:30:00,7218.9
2019-10-01 12:45:00,7204.0
2019-10-01 13:00:00,7200.9
2019-10-01 13:15:00,7191.4
2019-10-01 13:30:00,7185.1
2019-10-01 13:45:00,7179.7
2019-10-01 14:00:00,7176.9
2019-10-01 14:15:00,7170.6
2019-10-01 14:30:00,7162.3
2019-10-01 14:45:00,7152.7
2019-10-01 15:00:00,7155.2
2019-10-01 15:15:00,7153.3
2019-10-01 15:30:00,7147.5
2019-10-01 15:45:00,7142.8
2019-10-01 16:00:00,7142.3
2019-10-01 16:15:00,7146.8
2019-10-01 16:30:00,7150.9
2019-10-01 16:45:00,7154.2
2019-10-01 17:00:00,7139.0
2019-10-01 17:15:00,7137.8
2019-10-01 17:30:00,7145.3
2019-10-01 17:45:00,7148.6
2019-10-01 18:00:00,7160.2
2019-10-01 18:15:00,7164.0
2019-10-01 18:30:00,7161.4
2019-10-01 18:45:00,7154.9
2019-10-01 19:00:00,7127.1
2019-10-01 19:15:00,7106.5
2019-10-01 19:30:00,7090.2
2019-10-01 19:45:00,7071.6
2019-10-01 20:00:00,7055.6
2019-10-01 20:15:00,7037.6
2019-10-01 20:30:00,7017.1
2019-10-01 20:45:00,6995.9
2019-10-01 21:00:00,6977.4
2019-10-01 21:15:00,6953.4
2019-10-01 21:30:00,6933.6
2019-10-01 21:45:00,6913.6
2019-10-01 22:00:00,6894.2
2019-10-01 22:15:00,6872.2
2019-10-01 22:30:00,6853.7
2019-10-01 22:45:00,6836.2
2019-10-01 23:00:00,6822.5
2019-10-01 23:15:00,6813.9
2019-10-01 23:30:00,6805.9
2019-10-01 23:45:00,6802.5
2019-10-02 00:00:00,6806.5
2019-10-02 00:15:00,6802.9
2019-10-02 00:30:00,6798.2
2019-10-02 00:45:00,6795.7
2019-10-02 01:00:00,6796.8
2019-10-02 01:15:00,6795.8
2019-10-02 01:30:00,6798.6
2019-10-02 01:45:00,6798.2
2019-10-02 02:00:00,6800.2
2019-10-02 02:15:00,6801.1
2019-10-02 02:30:00,6803.8
2019-10-02 02:45:00,6809.8
2019-10-02 03:00:00,6816.0
2019-10-02 03:15:00,6825.7
2019-10-02 03:30:00,6837.1
2019-10-02 03:45:00,6848.0
2019-10-02 04:00:00,6870.2
2019-10-02 04:15:00,6889.1
2019-10-02 04:30:00,6906.5
2019-10-02 04:45:00,6933.4
2019-10-02 05:00:00,6989.5
2019-10-02 05:15:00,7029.6
2019-10-02 05:30:00,7059.1
2019-10-02 05:45:00,7086.5
2019-10-02 06:00:00,7109.1
2019-10-02 06:15:00,7117.1
2019-10-02 06:30:00,7124.5
2019-10-02 06:45:00,7128.9
2019-10-02 07:00:00,7145.8
2019-10-02 07:15:00,7153.3
2019-10-02 07:30:00,7156.0
2019-10-02 07:45:00,7155.6
2019-10-02 08:00:00,7146.9
2019-10-02 08:15:00,7150.1
2019-10-02 08:30:00,7157.1
2019-10-02 08:45:00,7167.3
2019-10-02 09:00:00,7168.8
2019-10-02 09:15:00,7172.7
2019-10-02 09:30:00,7168.1
2019-10-02 09:45:00,7179.3
2019-10-02 10:00:00,7179.5
2019-10-02 10:15:00,7187.7
2019-10-02 10:30:00,7191.3
2019-10-02 10:45:00,7204.6
2019-10-02 11:00:00,7206.4
2019-10-02 11:15:00,7199.0
2019-10-02 11:30:00,7193.7
2019-10-02 11:45:00,7196.1
2019-10-02 12:00:00,7200.1
2019-10-02 12:15:00,7191.1
2019-10-02 12:30:00,7180.7
2019-10-02 12:45:00,7176.8
2019-10-02 13:00:00,7169.4
2019-10-02 13:15:00,7164.2
2019-10-02 13:30:00,7161.0
2019-10-02 13:45:00,7157.3
2019-10-02 14:00:00,7154.1
2019-10-02 14:15:00,7142.6
2019-10-02 14:30:00,7133.0
2019-10-02 14:45:00,7126.7
2019-10-02 15:00:00,7122.8
2019-10-02 15:15:00,7120.2
2019-10-02 15:30:00,7113.8
2019-10-02 15:45:00,7112.9
2019-10-02 16:00:00,7109.9
2019-10-02 16:15:00,7107.0
2019-10-02 16:30:00,7109.0
2019-10-02 16:45:00,7108.1
2019-10-02 17:00:00,7110.6
2019-10-02 17:15:00,7105.2
2019-10-02 17:30:00,7109.9
2019-10-02 17:45:00,7117.6
2019-10-02 18:00:00,7133.1
2019-10-02 18:15:00,7137.3
2019-10-02 18:30:00,7140.6
2019-10-02 18:45:00,7131.8
2019-10-02 19:00:00,7122.6
2019-10-02 19:15:00,7101.5
2019-10-02 19:30:00,7081.6
2019-10-02 19:45:00,7068.3
2019-10-02 20:00:00,7049.8
2019-10-02 20:15:00,7033.1
2019-10-02 20:30:00,7012.0
2019-10-02 20:45:00,6997.8
2019-10-02 21:00:00,6985.0
2019-10-02 21:15:00,6971.4
2019-10-02 21:30:00,6944.0
2019-10-02 21:45:00,6922.3
2019-10-02 22:00:00,6900.8
2019-10-02 22:15:00,6887.0
2019-10-02 22:30:00,6869.0
2019-10-02 22:45:00,6860.0
2019-10-02 23:00:00,6850.6
2019-10-02 23:15:00,6835.8
2019-10-02 23:30:00,6822.7
2019-10-02 23:45:00,6817.1
2019-10-03 00:00:00,6801.9
2019-10-03 00:15:00,6793.3
2019-10-03 00:30:00,6784.2
2019-10-03 00:45:00,6782.7
2019-10-03 01:00:00,6784.1
2019-10-03 01:15:00,6778.8
2019-10-03 01:30:00,6773.7
2019-10-03 01:45:00,6774.5
2019-10-03 02:00:00,6776.7
2019-10-03 02:15:00,6772.7
2019-10-03 02:30:00,6773.3
2019-10-03 02:45:00,6771.1
2019-10-03 03:00:00,6765.9
2019-10-03 03:15:00,6759.8
2019-10-03 03:30:00,6760.0
2019-10-03 03:45:00,6755.6
2019-10-03 04:00:00,6749.9
2019-10-03 04:15:00,6737.7
2019-10-03 04:30:00,6730.1
2019-10-03 04:45:00,6726.0
2019-10-03 05:00:00,6726.6
2019-10-03 05:15:00,6725.4
2019-10-03 05:30:00,6727.8
2019-10-03 05:45:00,6735.0
2019-10-03 06:00:00,6750.8
2019-10-03 06:15:00,6755.7
2019-10-03 06:30:00,6765.6
2019-10-03 06:45:00,6774.3
2019-10-03 07:00:00,6793.9
2019-10-03 07:15:00,6808.3
2019-10-03 07:30:00,6823.0
2019-10-03 07:45:00,6833.0
2019-10-03 08:00:00,6847.0
2019-10-03 08:15:00,6855.0
2019-10-03 08:30:00,6865.7
2019-10-03 08:45:00,6875.5
2019-10-03 09:00:00,6884.8
2019-10-03 09:15:00,6893.7
2019-10-03 09:30:00,6900.4
2019-10-03 09:45:00,6908.2
2019-10-03 10:00:00,6921.8
2019-10-03 10:15:00,6933.8
2019-10-03 10:30:00,6939.0
2019-10-03 10:45:00,6943.5
2019-10-03 11:00:00,6947.3
2019-10-03 11:15:00,6939.5
2019-10-03 11:30:00,6930.5
2019-10-03 11:45:00,6925.9
2019-10-03 12:00:00,6916.8
2019-10-03 12:15:00,6903.9
2019-10-03 12:30:00,6894.4
2019-10-03 12:45:00,6882.5
2019-10-03 13:00:00,6877.9
2019-10-03 13:15:00,6868.4
2019-10-03 13:30:00,6861.1
2019-10-03 13:45:00,6857.7
2019-10-03 14:00:00,6851.6
2019-10-03 14:15:00,6843.7
2019-10-03 14:30:00,6845.3
2019-10-03 14:45:00,6841.9
2019-10-03 15:00:00,6843.1
2019-10-03 15:15:00,6837.1
2019-10-03 15:30:00,6838.6
2019-10-03 15:45:00,6840.1
2019-10-03 16:00:00,6846.3
2019-10-03 16:15:00,6853.5
2019-10-03 16:30:00,6860.7
2019-10-03 16:45:00,6868.6
2019-10-03 17:00:00,6884.7
2019-10-03 17:15:00,6889.4
2019-10-03 17:30:00,6899.9
2019-10-03 17:45:00,6907.6
2019-10-03 18:00:00,6924.9
2019-10-03 18:15:00,6930.5
2019-10-03 18:30:00,6933.0
2019-10-03 18:45:00,6926.7
2019-10-03 19:00:00,6917.6
2019-10-03 19:15:00,6902.7
2019-10-03 19:30:00,6888.4
2019-10-03 19:45:00,6881.1
2019-10-03 20:00:00,6864.3
2019-10-03 20:15:00,6853.7
2019-10-03 20:30:00,6845.3
2019-10-03 20:45:00,6839.4
2019-10-03 21:00:00,6837.9
2019-10-03 21:15:00,6826.1
2019-10-03 21:30:00,6810.2
2019-10-03 21:45:00,6800.0
2019-10-03 22:00:00,6779.5
2019-10-03 22:15:00,6766.3
2019-10-03 22:30:00,6752.3
2019-10-03 22:45:00,6740.9
2019-10-03 23:00:00,6730.3
2019-10-03 23:15:00,6719.0
2019-10-03 23:30:00,6708.2
2019-10-03 23:45:00,6699.9
2019-10-04 00:00:00,6699.0
2019-10-04 00:15:00,6691.1
2019-10-04 00:30:00,6690.7
2019-10-04 00:45:00,6692.6
2019-10-04 01:00:00,6686.6
2019-10-04 01:15:00,6685.3
2019-10-04 01:30:00,6684.0
2019-10-04 01:45:00,6684.0
2019-10-04 02:00:00,6689.1
2019-10-04 02:15:00,6689.1
2019-10-04 02:30:00,6693.1
2019-10-04 02:45:00,6692.5
2019-10-04 03:00:00,6703.8
2019-10-04 03:15:00,6712.5
2019-10-04 03:30:00,6718.7
2019-10-04 03:45:00,6724.1
2019-10-04 04:00:00,6747.9
2019-10-04 04:15:00,6756.5
2019-10-04 04:30:00,6771.8
2019-10-04 04:45:00,6793.9
2019-10-04 05:00:00,6839.3
2019-10-04 05:15:00,6867.1
2019-10-04 05:30:00,6895.4
2019-10-04 05:45:00,6916.7
2019-10-04 06:00:00,6951.6
2019-10-04 06:15:00,6962.4
2019-10-04 06:30:00,6974.9
2019-10-04 06:45:00,6988.6
2019-10-04 07:00:00,7001.5
2019-10-04 07:15:00,7009.9
2019-10-04 07:30:00,7014.7
2019-10-04 07:45:00,7021.5
2019-10-04 08:00:00,7031.4
2019-10-04 08:15:00,7039.1
2019-10-04 08:30:00,7046.8
2019-10-04 08:45:00,7051.7
2019-10-04 09:00:00,7049.0
2019-10-04 09:15:00,7050.7
2019-10-04 09:30:00,7057.3
2019-10-04 09:45:00,7061.8
2019-10-04 10:00:00,7066.9
2019-10-04 10:15:00,7075.9
2019-10-04 10:30:00,7081.2
2019-10-04 10:45:00,7082.1
2019-10-04 11:00:00,7077.1
2019-10-04 11:15:00,7071.9
2019-10-04 11:30:00,7064.7
2019-10-04 11:45:00,7063.5
2019-10-04 12:00:00,7061.8
2019-10-04 12:15:00,7056.1
2019-10-04 12:30:00,7045.1
2019-10-04 12:45:00,7034.8
2019-10-04 13:00:00,7033.7
2019-10-04 13:15:00,7026.2
2019-10-04 13:30:00,7022.8
2019-10-04 13:45:00,7018.9
2019-10-04 14:00:00,7016.9
2019-10-04 14:15:00,7007.3
2019-10-04 14:30:00,7005.4
2019-10-04 14:45:00,6998.6
2019-10-04 15:00:00,6993.6
2019-10-04 15:15:00,6989.2
2019-10-04 15:30:00,6991.8
2019-10-04 15:45:00,6990.8
2019-10-04 16:00:00,6994.3
2019-10-04 16:15:00,6998.7
2019-10-04 16:30:00,7002.6
2019-10-04 16:45:00,7007.4
2019-10-04 17:00:00,7014.8
2019-10-04 17:15:00,7015.5
2019-10-04 17:30:00,7021.5
2019-10-04 17:45:00,7032.4
2019-10-04 18:00:00,7045.5
2019-10-04 18:15:00,7046.6
2019-10-04 18:30:00,7043.6
2019-10-04 18:45:00,7031.1
2019-10-04 19:00:00,7016.3
2019-10-04 19:15:00,6993.9
2019-10-04 19:30:00,6980.8
2019-10-04 19:45:00,6970.0
2019-10-04 20:00:00,6953.0
2019-10-04 20:15:00,6939.1
2019-10-04 20:30:00,6926.1
2019-10-04 20:45:00,6913.7
2019-10-04 21:00:00,6897.5
2019-10-04 21:15:00,6882.4
2019-10-04 21:30:00,6869.0
2019-10-04 21:45:00,6851.4
2019-10-04 22:00:00,6839.2
2019-10-04 22:15:00,6819.8
2019-10-04 22:30:00,6804.3
2019-10-04 22:45:00,6799.1
2019-10-04 23:00:00,6785.0
2019-10-04 23:15:00,6772.9
2019-10-04 23:30:00,6771.4
2019-10-04 23:45:00,6762.9
2019-10-05 00:00:00,6757.7
2019-10-05 00:15:00,6748.6
2019-10-05 00:30:00,6740.7
2019-10-05 00:45:00,6737.7
2019-10-05 01:00:00,6735.7
2019-10-05 01:15:00,6730.7
2019-10-05 01:30:00,6729.2
2019-10-05 01:45:00,6730.6
2019-10-05 02:00:00,6733.4
2019-10-05 02:15:00,6734.4
2019-10-05 02:30:00,6740.4
2019-10-05 02:45:00,6742.0
2019-10-05 03:00:00,6748.6
2019-10-05 03:15:00,6750.1
2019-10-05 03:30:00,6754.4
2019-10-05 03:45:00,6758.7
2019-10-05 04:00:00,6760.0
2019-10-05 04:15:00,6758.6
2019-10-05 04:30:00,6768.1
2019-10-05 04:45:00,6773.5
2019-10-05 05:00:00,6779.9
2019-10-05 05:15:00,6787.2
2019-10-05 05:30:00,6794.4
2019-10-05 05:45:00,6803.8
2019-10-05 06:00:00,6823.0
2019-10-05 06:15:00,6833.8
2019-10-05 06:30:00,6837.5
2019-10-05 06:45:00,6852.5
2019-10-05 07:00:00,6869.0
2019-10-05 07:15:00,6880.2
2019-10-05 07:30:00,6896.3
2019-10-05 07:45:00,6908.4
2019-10-05 08:00:00,6914.6
2019-10-05 08:15:00,6925.6
2019-10-05 08:30:00,6932.2
2019-10-05 08:45:00,6939.3
2019-10-05 09:00:00,6943.1
2019-10-05 09:15:00,6948.1
2019-10-05 09:30:00,6952.3
2019-10-05 09:45:00,6957.6
2019-10-05 10:00:00,6967.3
2019-10-05 10:15:00,6973.4
2019-10-05 10:30:00,6980.2
2019-10-05 10:45:00,6981.1
2019-10-05 11:00:00,6987.5
2019-10-05 11:15:00,6978.8
2019-10-05 11:30:00,6970.7
2019-10-05 11:45:00,6965.2
2019-10-05 12:00:00,6954.8
2019-10-05 12:15:00,6941.2
2019-10-05 12:30:00,6936.8
2019-10-05 12:45:00,6925.3
2019-10-05 13:00:00,6924.6
2019-10-05 13:15:00,6912.6
2019-10-05 13:30:00,6905.5
2019-10-05 13:45:00,6904.2
2019-10-05 14:00:00,6909.6
2019-10-05 14:15:00,6900.6
2019-10-05 14:30:00,6898.5
2019-10-05 14:45:00,6894.2
2019-10-05 15:00:00,6890.1
2019-10-05 15:15:00,6885.1
2019-10-05 15:30:00,6889.1
2019-10-05 15:45:00,6884.2
2019-10-05 16:00:00,6889.7
2019-10-05 16:15:00,6890.0
2019-10-05 16:30:00,6898.1
2019-10-05 16:45:00,6902.0
2019-10-05 17:00:00,6906.1
2019-10-05 17:15:00,6911.4
2019-10-05 17:30:00,6918.8
2019-10-05 17:45:00,6925.1
2019-10-05 18:00:00,6942.4
2019-10-05 18:15:00,6949.0
2019-10-05 18:30:00,6947.6
2019-10-05 18:45:00,6933.2
2019-10-05 19:00:00,6924.2
2019-10-05 19:15:00,6908.4
2019-10-05 19:30:00,6894.2
2019-10-05 19:45:00,6880.8
2019-10-05 20:00:00,6873.8
2019-10-05 20:15:00,6863.8
2019-10-05 20:30:00,6851.0
2019-10-05 20:45:00,6840.4
2019-10-05 21:00:00,6843.1
2019-10-05 21:15:00,6835.4
2019-10-05 21:30:00,6822.8
2019-10-05 21:45:00,6807.5
2019-10-05 22:00:00,6792.5
2019-10-05 22:15:00,6783.0
2019-10-05 22:30:00,6767.5
2019-10-05 22:45:00,6757.4
2019-10-05 23:00:00,6755.9
2019-10-05 23:15:00,6745.5
2019-10-05 23:30:00,6736.2
2019-10-05 23:45:00,6725.8
2019-10-06 00:00:00,6704.0
2019-10-06 00:15:00,6693.0
2019-10-06 00:30:00,6692.1
2019-10-06 00:45:00,6690.4
2019-10-06 01:00:00,6686.1
2019-10-06 01:15:00,6682.9
2019-10-06 01:30:00,6683.9
2019-10-06 01:45:00,6681.6
2019-10-06 02:00:00,6690.9
2019-10-06 02:15:00,6690.8
2019-10-06 02:30:00,6691.7
2019-10-06 02:45:00,6693.0
2019-10-06 03:00:00,6695.4
2019-10-06 03:15:00,6694.1
2019-10-06 03:30:00,6698.3
2019-10-06 03:45:00,6696.0
2019-10-06 04:00:00,6705.1
2019-10-06 04:15:00,6697.6
2019-10-06 04:30:00,6697.2
2019-10-06 04:45:00,6696.3
2019-10-06 05:00:00,6701.0
2019-10-06 05:15:00,6704.1
2019-10-06 05:30:00,6702.4
2019-10-06 05:45:00,6707.7
2019-10-06 06:00:00,6713.6
2019-10-06 06:15:00,6719.0
2019-10-06 06:30:00,6726.4
2019-10-06 06:45:00,6736.2
2019-10-06 07:00:00,6758.0
2019-10-06 07:15:00,6771.1
2019-10-06 07:30:00,6788.5
2019-10-06 07:45:00,6801.6
2019-10-06 08:00:00,6816.4
2019-10-06 08:15:00,6831.4
2019-10-06 08:30:00,6846.9
2019-10-06 08:45:00,6853.8
2019-10-06 09:00:00,6864.2
2019-10-06 09:15:00,6875.5
2019-10-06 09:30:00,6881.9
2019-10-06 09:45:00,6892.4
2019-10-06 10:00:00,6902.2
2019-10-06 10:15:00,6915.1
2019-10-06 10:30:00,6925.0
2019-10-06 10:45:00,6928.9
2019-10-06 11:00:00,6924.2
2019-10-06 11:15:00,6918.1
2019-10-06 11:30:00,6915.6
2019-10-06 11:45:00,6909.3
2019-10-06 12:00:00,6905.8
2019-10-06 12:15:00,6901.9
2019-10-06 12:30:00,6902.5
2019-10-06 12:45:00,6894.6
2019-10-06 13:00:00,6898.0
2019-10-06 13:15:00,6894.8
2019-10-06 13:30:00,6890.0
2019-10-06 13:45:00,6882.1
2019-10-06 14:00:00,6881.4
2019-10-06 14:15:00,6877.6
2019-10-06 14:30:00,6875.9
2019-10-06 14:45:00,6871.6
2019-10-06 15:00:00,6879.6
2019-10-06 15:15:00,6878.1
2019-10-06 15:30:00,6880.0
2019-10-06 15:45:00,6878.4
2019-10-06 16:00:00,6889.4
2019-10-06 16:15:00,6896.9
2019-10-06 16:30:00,6905.1
2019-10-06 16:45:00,6910.3
2019-10-06 17:00:00,6912.7
2019-10-06 17:15:00,6918.5
2019-10-06 17:30:00,6928.3
2019-10-06 17:45:00,6942.6
2019-10-06 18:00:00,6959.2
2019-10-06 18:15:00,6957.7
2019-10-06 18:30:00,6949.5
2019-10-06 18:45:00,6942.2
2019-10-06 19:00:00,6936.0
2019-10-06 19:15:00,6923.6
2019-10-06 19:30:00,6909.0
2019-10-06 19:45:00,6894.2
2019-10-06 20:00:00,6888.0
2019-10-06 20:15:00,6879.7
2019-10-06 20:30:00,6870.4
2019-10-06 20:45:00,6868.4
2019-10-06 21:00:00,6876.4
2019-10-06 21:15:00,6869.5
2019-10-06 21:30:00,6859.5
2019-10-06 21:45:00,6849.1
2019-10-06 22:00:00,6835.2
2019-10-06 22:15:00,6822.5
2019-10-06 22:30:00,6811.4
2019-10-06 22:45:00,6797.8
2019-10-06 23:00:00,6786.2
2019-10-06 23:15:00,6775.0
2019-10-06 23:30:00,6765.3
2019-10-06 23:45:00,6754.7
2019-10-07 00:00:00,6743.0
2019-10-07 00:15:00,6738.5
2019-10-07 00:30:00,6734.8
2019-10-07 00:45:00,6733.1
2019-10-07 01:00:00,6727.7
2019-10-07 01:15:00,6725.9
2019-10-07 01:30:00,6725.2
2019-10-07 01:45:00,6725.4
2019-10-07 02:00:00,6730.5
2019-10-07 02:15:00,6732.5
2019-10-07 02:30:00,6733.4
2019-10-07 02:45:00,6734.8
2019-10-07 03:00:00,6749.4
2019-10-07 03:15:00,6753.3
2019-10-07 03:30:00,6763.2
2019-10-07 03:45:00,6779.0
2019-10-07 04:00:00,6810.8
2019-10-07 04:15:00,6829.3
2019-10-07 04:30:00,6850.2
2019-10-07 04:45:00,6882.9
2019-10-07 05:00:00,6952.6
2019-10-07 05:15:00,6994.8
2019-10-07 05:30:00,7027.8
2019-10-07 05:45:00,7061.3
2019-10-07 06:00:00,7088.3
2019-10-07 06:15:00,7101.5
2019-10-07 06:30:00,7108.1
2019-10-07 06:45:00,7120.7
2019-10-07 07:00:00,7138.0
2019-10-07 07:15:00,7149.0
2019-10-07 07:30:00,7156.3
2019-10-07 07:45:00,7160.2
2019-10-07 08:00:00,7150.8
2019-10-07 08:15:00,7158.4
2019-10-07 08:30:00,7166.0
2019-10-07 08:45:00,7167.3
2019-10-07 09:00:00,7170.2
2019-10-07 09:15:00,7173.0
2019-10-07 09:30:00,7178.6
2019-10-07 09:45:00,7180.4
2019-10-07 10:00:00,7172.3
2019-10-07 10:15:00,7179.9
2019-10-07 10:30:00,7185.1
2019-10-07 10:45:00,7183.6
2019-10-07 11:00:00,7168.5
2019-10-07 11:15:00,7166.4
2019-10-07 11:30:00,7166.0
2019-10-07 11:45:00,7167.5
2019-10-07 12:00:00,7169.2
2019-10-07 12:15:00,7166.0
2019-10-07 12:30:00,7152.7
2019-10-07 12:45:00,7139.6
2019-10-07 13:00:00,7128.1
2019-10-07 13:15:00,7126.2
2019-10-07 13:30:00,7117.0
2019-10-07 13:45:00,7114.2
2019-10-07 14:00:00,7117.0
2019-10-07 14:15:00,7110.8
2019-10-07 14:30:00,7101.3
2019-10-07 14:45:00,7095.5
2019-10-07 15:00:00,7097.5
2019-10-07 15:15:00,7086.5
2019-10-07 15:30:00,7088.6
2019-10-07 15:45:00,7083.0
2019-10-07 16:00:00,7086.5
2019-10-07 16:15:00,7087.2
2019-10-07 16:30:00,7097.3
2019-10-07 16:45:00,7101.5
2019-10-07 17:00:00,7114.6
2019-10-07 17:15:00,7117.4
2019-10-07 17:30:00,7131.6
2019-10-07 17:45:00,7147.5
2019-10-07 18:00:00,7169.4
2019-10-07 18:15:00,7168.5
2019-10-07 18:30:00,7164.5
2019-10-07 18:45:00,7154.4
2019-10-07 19:00:00,7140.2
2019-10-07 19:15:00,7116.8
2019-10-07 19:30:00,7098.2
2019-10-07 19:45:00,7084.0
2019-10-07 20:00:00,7065.3
2019-10-07 20:15:00,7055.0
2019-10-07 20:30:00,7037.1
2019-10-07 20:45:00,7018.5
2019-10-07 21:00:00,7005.2
2019-10-07 21:15:00,6990.2
2019-10-07 21:30:00,6968.2
2019-10-07 21:45:00,6952.3
2019-10-07 22:00:00,6923.8
2019-10-07 22:15:00,6905.6
2019-10-07 22:30:00,6889.0
2019-10-07 22:45:00,6880.0
2019-10-07 23:00:00,6857.7
2019-10-07 23:15:00,6844.6
2019-10-07 23:30:00,6837.7
2019-10-07 23:45:00,6832.6
2019-10-08 00:00:00,6813.0
2019-10-08 00:15:00,6809.5
2019-10-08 00:30:00,6810.0
2019-10-08 00:45:00,6804.6
2019-10-08 01:00:00,6795.6
2019-10-08 01:15:00,6794.1
2019-10-08 01:30:00,6795.4
2019-10-08 01:45:00,6796.8
2019-10-08 02:00:00,6801.0
2019-10-08 02:15:00,6806.6
2019-10-08 02:30:00,6812.0
2019-10-08 02:45:00,6814.1
2019-10-08 03:00:00,6831.0
2019-10-08 03:15:00,6841.3
2019-10-08 03:30:00,6853.1
2019-10-08 03:45:00,6868.0
2019-10-08 04:00:00,6885.8
2019-10-08 04:15:00,6899.4
2019-10-08 04:30:00,6918.2
2019-10-08 04:45:00,6944.0
2019-10-08 05:00:00,6999.0
2019-10-08 05:15:00,7037.8
2019-10-08 05:30:00,7069.5
2019-10-08 05:45:00,7100.2
2019-10-08 06:00:00,7125.3
2019-10-08 06:15:00,7146.2
2019-10-08 06:30:00,7158.8
2019-10-08 06:45:00,7168.5
2019-10-08 07:00:00,7186.0
2019-10-08 07:15:00,7193.8
2019-10-08 07:30:00,7202.2
2019-10-08 07:45:00,7205.0
2019-10-08 08:00:00,7190.4
2019-10-08 08:15:00,7195.6
2019-10-08 08:30:00,7203.8
2019-10-08 08:45:00,7200.6
2019-10-08 09:00:00,7199.4
2019-10-08 09:15:00,7206.5
2019-10-08 09:30:00,7211.7
2019-10-08 09:45:00,7216.4
2019-10-08 10:00:00,7229.2
2019-10-08 10:15:00,7246.4
2019-10-08 10:30:00,7252.5
2019-10-08 10:45:00,7255.0
2019-10-08 11:00:00,7249.6
2019-10-08 11:15:00,7240.7
2019-10-08 11:30:00,7241.1
2019-10-08 11:45:00,7242.6
2019-10-08 12:00:00,7241.7
2019-10-08 12:15:00,7235.5
2019-10-08 12:30:00,7224.6
2019-10-08 12:45:00,7216.1
2019-10-08 13:00:00,7204.7
2019-10-08 13:15:00,7196.8
2019-10-08 13:30:00,7194.0
2019-10-08 13:45:00,7189.8
2019-10-08 14:00:00,7183.0
2019-10-08 14:15:00,7174.5
2019-10-08 14:30:00,7169.4
2019-10-08 14:45:00,7162.5
2019-10-08 15:00:00,7159.5
2019-10-08 15:15:00,7154.9
2019-10-08 15:30:00,7151.1
2019-10-08 15:45:00,7145.0
2019-10-08 16:00:00,7142.8
2019-10-08 16:15:00,7144.3
2019-10-08 16:30:00,7151.6
2019-10-08 16:45:00,7153.1
2019-10-08 17:00:00,7159.7
2019-10-08 17:15:00,7161.6
2019-10-08 17:30:00,7175.8
2019-10-08 17:45:00,7186.8
2019-10-08 18:00:00,7196.9
2019-10-08 18:15:00,7189.9
2019-10-08 18:30:00,7186.5
2019-10-08 18:45:00,7176.3
2019-10-08 19:00:00,7143.8
2019-10-08 19:15:00,7122.8
2019-10-08 19:30:00,7102.4
2019-10-08 19:45:00,7085.8
2019-10-08 20:00:00,7077.4
2019-10-08 20:15:00,7057.7
2019-10-08 20:30:00,7039.1
2019-10-08 20:45:00,7024.5
2019-10-08 21:00:00,7015.5
2019-10-08 21:15:00,6999.8
2019-10-08 21:30:00,6982.9
2019-10-08 21:45:00,6960.5
2019-10-08 22:00:00,6946.1
2019-10-08 22:15:00,6932.6
2019-10-08 22:30:00,6915.4
2019-10-08 22:45:00,6907.2
2019-10-08 23:00:00,6887.3
2019-10-08 23:15:00,6870.1
2019-10-08 23:30:00,6868.2
2019-10-08 23:45:00,6860.3
2019-10-09 00:00:00,6848.9
2019-10-09 00:15:00,6842.5
2019-10-09 00:30:00,6835.3
2019-10-09 00:45:00,6834.3
2019-10-09 01:00:00,6824.6
2019-10-09 01:15:00,6819.0
2019-10-09 01:30:00,6822.2
2019-10-09 01:45:00,6821.6
2019-10-09 02:00:00,6826.4
2019-10-09 02:15:00,6830.0
2019-10-09 02:30:00,6835.5
2019-10-09 02:45:00,6840.1
2019-10-09 03:00:00,6854.7
2019-10-09 03:15:00,6863.8
2019-10-09 03:30:00,6871.2
2019-10-09 03:45:00,6883.9
2019-10-09 04:00:00,6911.6
2019-10-09 04:15:00,6924.9
2019-10-09 04:30:00,6938.9
2019-10-09 04:45:00,6964.1
2019-10-09 05:00:00,7019.1
2019-10-09 05:15:00,7059.3
2019-10-09 05:30:00,7087.3
2019-10-09 05:45:00,7115.6
2019-10-09 06:00:00,7145.6
2019-10-09 06:15:00,7159.7
2019-10-09 06:30:00,7170.8
2019-10-09 06:45:00,7177.4
2019-10-09 07:00:00,7176.7
2019-10-09 07:15:00,7183.3
2019-10-09 07:30:00,7182.7
2019-10-09 07:45:00,7187.0
2019-10-09 08:00:00,7177.9
2019-10-09 08:15:00,7181.6
2019-10-09 08:30:00,7183.7
2019-10-09 08:45:00,7185.5
2019-10-09 09:00:00,7192.2
2019-10-09 09:15:00,7195.2
2019-10-09 09:30:00,7198.7
2019-10-09 09:45:00,7207.9
2019-10-09 10:00:00,7212.5
2019-10-09 10:15:00,7223.7
2019-10-09 10:30:00,7227.7
2019-10-09 10:45:00,7230.5
2019-10-09 11:00:00,7223.7
2019-10-09 11:15:00,7219.4
2019-10-09 11:30:00,7210.8
2019-10-09 11:45:00,7212.4
2019-10-09 12:00:00,7213.0
2019-10-09 12:15:00,7213.7
2019-10-09 12:30:00,7212.6
2019-10-09 12:45:00,7204.8
2019-10-09 13:00:00,7203.6
2019-10-09 13:15:00,7193.9
2019-10-09 13:30:00,7190.7
2019-10-09 13:45:00,7182.7
2019-10-09 14:00:00,7180.5
2019-10-09 14:15:00,7169.6
2019-10-09 14:30:00,7159.8
2019-10-09 14:45:00,7148.3
2019-10-09 15:00:00,7136.5
2019-10-09 15:15:00,7128.3
2019-10-09 15:30:00,7120.9
2019-10-09 15:45:00,7119.0
2019-10-09 16:00:00,7121.6
2019-10-09 16:15:00,7122.6
2019-10-09 16:30:00,7125.5
2019-10-09 16:45:00,7132.9
2019-10-09 17:00:00,7145.4
2019-10-09 17:15:00,7146.4
2019-10-09 17:30:00,7156.7
2019-10-09 17:45:00,7170.4
2019-10-09 18:00:00,7186.1
2019-10-09 18:15:00,7185.1
2019-10-09 18:30:00,7180.5
2019-10-09 18:45:00,7164.7
2019-10-09 19:00:00,7137.5
2019-10-09 19:15:00,7119.1
2019-10-09 19:30:00,7104.6
2019-10-09 19:45:00,7085.4
2019-10-09 20:00:00,7066.3
2019-10-09 20:15:00,7053.1
2019-10-09 20:30:00,7040.4
2019-10-09 20:45:00,7024.0
2019-10-09 21:00:00,7004.1
2019-10-09 21:15:00,6987.7
2019-10-09 21:30:00,6970.4
2019-10-09 21:45:00,6955.8
2019-10-09 22:00:00,6942.0
2019-10-09 22:15:00,6924.0
2019-10-09 22:30:00,6911.2
2019-10-09 22:45:00,6895.6
2019-10-09 23:00:00,6885.2
2019-10-09 23:15:00,6869.3
2019-10-09 23:30:00,6871.0
2019-10-09 23:45:00,6859.8
2019-10-10 00:00:00,6850.8
2019-10-10 00:15:00,6842.4
2019-10-10 00:30:00,6841.6
2019-10-10 00:45:00,6838.1
2019-10-10 01:00:00,6828.7
2019-10-10 01:15:00,6818.9
2019-10-10 01:30:00,6823.3
2019-10-10 01:45:00,6827.2
2019-10-10 02:00:00,6828.1
2019-10-10 02:15:00,6829.8
2019-10-10 02:30:00,6841.7
2019-10-10 02:45:00,6847.4
2019-10-10 03:00:00,6858.0
2019-10-10 03:15:00,6858.3
2019-10-10 03:30:00,6864.8
2019-10-10 03:45:00,6878.3
2019-10-10 04:00:00,6895.1
2019-10-10 04:15:00,6910.5
2019-10-10 04:30:00,6928.8
2019-10-10 04:45:00,6953.4
2019-10-10 05:00:00,7005.6
2019-10-10 05:15:00,7046.1
2019-10-10 05:30:00,7072.4
2019-10-10 05:45:00,7099.4
2019-10-10 06:00:00,7133.2
2019-10-10 06:15:00,7146.4
2019-10-10 06:30:00,7150.6
2019-10-10 06:45:00,7157.9
2019-10-10 07:00:00,7175.4
2019-10-10 07:15:00,7183.3
2019-10-10 07:30:00,7190.9
2019-10-10 07:45:00,7195.9
2019-10-10 08:00:00,7187.0
2019-10-10 08:15:00,7193.8
2019-10-10 08:30:00,7201.1
2019-10-10 08:45:00,7208.8
2019-10-10 09:00:00,7210.2
2019-10-10 09:15:00,7214.1
2019-10-10 09:30:00,7215.9
2019-10-10 09:45:00,7228.9
2019-10-10 10:00:00,7232.3
2019-10-10 10:15:00,7240.9
2019-10-10 10:30:00,7244.5
2019-10-10 10:45:00,7242.1
2019-10-10 11:00:00,7234.2
2019-10-10 11:15:00,7231.6
2019-10-10 11:30:00,7230.0
2019-10-10 11:45:00,7230.1
2019-10-10 12:00:00,7238.9
2019-10-10 12:15:00,7232.2
2019-10-10 12:30:00,7220.2
2019-10-10 12:45:00,7218.0
2019-10-10 13:00:00,7212.2
2019-10-10 13:15:00,7208.5
2019-10-10 13:30:00,7201.7
2019-10-10 13:45:00,7197.8
2019-10-10 14:00:00,7184.4
2019-10-10 14:15:00,7181.2
2019-10-10 14:30:00,7178.8
2019-10-10 14:45:00,7166.4
2019-10-10 15:00:00,7150.4
2019-10-10 15:15:00,7139.5
2019-10-10 15:30:00,7140.0
2019-10-10 15:45:00,7138.7
2019-10-10 16:00:00,7149.8
2019-10-10 16:15:00,7152.4
2019-10-10 16:30:00,7148.5
2019-10-10 16:45:00,7151.7
2019-10-10 17:00:00,7156.9
2019-10-10 17:15:00,7151.9
2019-10-10 17:30:00,7163.9
2019-10-10 17:45:00,7180.7
2019-10-10 18:00:00,7193.4
2019-10-10 18:15:00,7191.9
2019-10-10 18:30:00,7185.3
2019-10-10 18:45:00,7178.0
2019-10-10 19:00:00,7168.0
2019-10-10 19:15:00,7148.3
2019-10-10 19:30:00,7130.5
2019-10-10 19:45:00,7116.7
2019-10-10 20:00:00,7088.2
2019-10-10 20:15:00,7075.8
2019-10-10 20:30:00,7061.4
2019-10-10 20:45:00,7046.2
2019-10-10 21:00:00,7040.0
2019-10-10 21:15:00,7023.2
2019-10-10 21:30:00,7006.2
2019-10-10 21:45:00,6986.4
2019-10-10 22:00:00,6964.5
2019-10-10 22:15:00,6951.8
2019-10-10 22:30:00,6939.9
2019-10-10 22:45:00,6930.0
2019-10-10 23:00:00,6915.9
2019-10-10 23:15:00,6902.7
2019-10-10 23:30:00,6898.0
2019-10-10 23:45:00,6884.9
2019-10-11 00:00:00,6865.7
2019-10-11 00:15:00,6858.8
2019-10-11 00:30:00,6858.2
2019-10-11 00:45:00,6855.3
2019-10-11 01:00:00,6845.1
2019-10-11 01:15:00,6842.0
2019-10-11 01:30:00,6839.7
2019-10-11 01:45:00,6844.4
2019-10-11 02:00:00,6843.1
2019-10-11 02:15:00,6844.4
2019-10-11 02:30:00,6849.7
2019-10-11 02:45:00,6853.7
2019-10-11 03:00:00,6856.8
2019-10-11 03:15:00,6863.4
2019-10-11 03:30:00,6874.6
2019-10-11 03:45:00,6884.2
2019-10-11 04:00:00,6907.7
2019-10-11 04:15:00,6918.4
2019-10-11 04:30:00,6939.8
2019-10-11 04:45:00,6965.5
2019-10-11 05:00:00,7026.8
2019-10-11 05:15:00,7065.0
2019-10-11 05:30:00,7100.8
2019-10-11 05:45:00,7131.7
2019-10-11 06:00:00,7164.1
2019-10-11 06:15:00,7180.1
2019-10-11 06:30:00,7191.6
2019-10-11 06:45:00,7202.6
2019-10-11 07:00:00,7215.7
2019-10-11 07:15:00,7219.1
2019-10-11 07:30:00,7223.0
2019-10-11 07:45:00,7225.2
2019-10-11 08:00:00,7211.5
2019-10-11 08:15:00,7211.8
2019-10-11 08:30:00,7221.1
2019-10-11 08:45:00,7228.6
2019-10-11 09:00:00,7217.9
2019-10-11 09:15:00,7219.2
2019-10-11 09:30:00,7223.3
2019-10-11 09:45:00,7227.8
2019-10-11 10:00:00,7227.2
2019-10-11 10:15:00,7228.6
2019-10-11 10:30:00,7230.2
2019-10-11 10:45:00,7228.9
2019-10-11 11:00:00,7228.0
2019-10-11 11:15:00,7219.1
2019-10-11 11:30:00,7215.6
2019-10-11 11:45:00,7215.9
2019-10-11 12:00:00,7221.3
2019-10-11 12:15:00,7209.2
2019-10-11 12:30:00,7198.2
2019-10-11 12:45:00,7187.8
2019-10-11 13:00:00,7182.5
2019-10-11 13:15:00,7178.8
2019-10-11 13:30:00,7170.7
2019-10-11 13:45:00,7163.2
2019-10-11 14:00:00,7163.8
2019-10-11 14:15:00,7154.5
2019-10-11 14:30:00,7143.4
2019-10-11 14:45:00,7135.5
2019-10-11 15:00:00,7132.2
2019-10-11 15:15:00,7128.8
2019-10-11 15:30:00,7130.3
2019-10-11 15:45:00,7129.5
2019-10-11 16:00:00,7139.4
2019-10-11 16:15:00,7143.0
2019-10-11 16:30:00,7145.9
2019-10-11 16:45:00,7150.6
2019-10-11 17:00:00,7168.3
2019-10-11 17:15:00,7165.8
2019-10-11 17:30:00,7176.6
2019-10-11 17:45:00,7187.8
2019-10-11 18:00:00,7203.6
2019-10-11 18:15:00,7193.6
2019-10-11 18:30:00,7187.2
2019-10-11 18:45:00,7175.8
2019-10-11 19:00:00,7142.6
2019-10-11 19:15:00,7117.9
2019-10-11 19:30:00,7097.7
2019-10-11 19:45:00,7080.5
2019-10-11 20:00:00,7059.5
2019-10-11 20:15:00,7045.9
2019-10-11 20:30:00,7029.6
2019-10-11 20:45:00,7017.2
2019-10-11 21:00:00,7005.7
2019-10-11 21:15:00,6993.8
2019-10-11 21:30:00,6978.3
2019-10-11 21:45:00,6957.0
2019-10-11 22:00:00,6935.8
2019-10-11 22:15:00,6924.3
2019-10-11 22:30:00,6912.6
2019-10-11 22:45:00,6895.4
2019-10-11 23:00:00,6878.1
2019-10-11 23:15:00,6867.4
2019-10-11 23:30:00,6863.7
2019-10-11 23:45:00,6851.9
2019-10-12 00:00:00,6839.9
2019-10-12 00:15:00,6832.2
2019-10-12 00:30:00,6827.2
2019-10-12 00:45:00,6820.3
2019-10-12 01:00:00,6811.7
2019-10-12 01:15:00,6808.3
2019-10-12 01:30:00,6803.1
2019-10-12 01:45:00,6800.4
2019-10-12 02:00:00,6799.7
2019-10-12 02:15:00,6798.7
2019-10-12 02:30:00,6797.3
2019-10-12 02:45:00,6793.6
2019-10-12 03:00:00,6795.8
2019-10-12 03:15:00,6796.3
2019-10-12 03:30:00,6796.4
2019-10-12 03:45:00,6801.7
2019-10-12 04:00:00,6813.9
2019-10-12 04:15:00,6815.2
2019-10-12 04:30:00,6812.6
2019-10-12 04:45:00,6817.9
2019-10-12 05:00:00,6828.2
2019-10-12 05:15:00,6837.4
2019-10-12 05:30:00,6842.9
2019-10-12 05:45:00,6857.2
2019-10-12 06:00:00,6869.0
2019-10-12 06:15:00,6881.3
2019-10-12 06:30:00,6886.0
2019-10-12 06:45:00,6896.5
2019-10-12 07:00:00,6915.1
2019-10-12 07:15:00,6928.7
2019-10-12 07:30:00,6940.3
2019-10-12 07:45:00,6952.6
2019-10-12 08:00:00,6960.0
2019-10-12 08:15:00,6967.7
2019-10-12 08:30:00,6975.0
2019-10-12 08:45:00,6985.6
2019-10-12 09:00:00,6992.3
2019-10-12 09:15:00,6999.3
2019-10-12 09:30:00,7007.9
2019-10-12 09:45:00,7009.3
2019-10-12 10:00:00,7015.4
2019-10-12 10:15:00,7019.8
2019-10-12 10:30:00,7021.5
2019-10-12 10:45:00,7018.2
2019-10-12 11:00:00,7012.4
2019-10-12 11:15:00,7010.3
2019-10-12 11:30:00,7004.3
2019-10-12 11:45:00,6995.5
2019-10-12 12:00:00,6982.9
2019-10-12 12:15:00,6971.9
2019-10-12 12:30:00,6966.1
2019-10-12 12:45:00,6957.5
2019-10-12 13:00:00,6952.8
2019-10-12 13:15:00,6947.6
2019-10-12 13:30:00,6946.4
2019-10-12 13:45:00,6936.2
2019-10-12 14:00:00,6932.2
2019-10-12 14:15:00,6924.6
2019-10-12 14:30:00,6913.1
2019-10-12 14:45:00,6911.5
2019-10-12 15:00:00,6916.4
2019-10-12 15:15:00,6915.0
2019-10-12 15:30:00,6913.7
2019-10-12 15:45:00,6914.5
2019-10-12 16:00:00,6919.7
2019-10-12 16:15:00,6918.0
2019-10-12 16:30:00,6926.6
2019-10-12 16:45:00,6933.3
2019-10-12 17:00:00,6949.8
2019-10-12 17:15:00,6952.1
2019-10-12 17:30:00,6962.2
2019-10-12 17:45:00,6978.9
2019-10-12 18:00:00,6983.9
2019-10-12 18:15:00,6977.3
2019-10-12 18:30:00,6967.8
2019-10-12 18:45:00,6952.3
2019-10-12 19:00:00,6937.9
2019-10-12 19:15:00,6917.1
2019-10-12 19:30:00,6898.8
2019-10-12 19:45:00,6888.2
2019-10-12 20:00:00,6878.9
2019-10-12 20:15:00,6866.2
2019-10-12 20:30:00,6853.5
2019-10-12 20:45:00,6845.4
2019-10-12 21:00:00,6842.9
2019-10-12 21:15:00,6832.8
2019-10-12 21:30:00,6818.8
2019-10-12 21:45:00,6805.0
2019-10-12 22:00:00,6798.4
2019-10-12 22:15:00,6784.2
2019-10-12 22:30:00,6772.9
2019-10-12 22:45:00,6763.4
2019-10-12 23:00:00,6757.7
2019-10-12 23:15:00,6748.1
2019-10-12 23:30:00,6741.6
2019-10-12 23:45:00,6728.6
2019-10-13 00:00:00,6717.9
2019-10-13 00:15:00,6709.1
2019-10-13 00:30:00,6701.9
2019-10-13 00:45:00,6693.9
2019-10-13 01:00:00,6690.3
2019-10-13 01:15:00,6685.7
2019-10-13 01:30:00,6682.1
2019-10-13 01:45:00,6680.8
2019-10-13 02:00:00,6676.3
2019-10-13 02:15:00,6671.5
2019-10-13 02:30:00,6674.3
2019-10-13 02:45:00,6670.2
2019-10-13 03:00:00,6675.0
2019-10-13 03:15:00,6675.0
2019-10-13 03:30:00,6677.8
2019-10-13 03:45:00,6684.9
2019-10-13 04:00:00,6683.6
2019-10-13 04:15:00,6685.9
2019-10-13 04:30:00,6691.5
2019-10-13 04:45:00,6694.6
2019-10-13 05:00:00,6701.3
2019-10-13 05:15:00,6707.0
2019-10-13 05:30:00,6716.0
2019-10-13 05:45:00,6720.2
2019-10-13 06:00:00,6732.5
2019-10-13 06:15:00,6740.0
2019-10-13 06:30:00,6744.4
2019-10-13 06:45:00,6749.9
2019-10-13 07:00:00,6769.9
2019-10-13 07:15:00,6785.7
2019-10-13 07:30:00,6799.9
2019-10-13 07:45:00,6816.1
2019-10-13 08:00:00,6830.3
2019-10-13 08:15:00,6842.0
2019-10-13 08:30:00,6853.2
2019-10-13 08:45:00,6862.6
2019-10-13 09:00:00,6870.6
2019-10-13 09:15:00,6878.4
2019-10-13 09:30:00,6886.4
2019-10-13 09:45:00,6896.2
2019-10-13 10:00:00,6901.6
2019-10-13 10:15:00,6917.8
2019-10-13 10:30:00,6927.7
2019-10-13 10:45:00,6928.1
2019-10-13 11:00:00,6924.4
2019-10-13 11:15:00,6922.2
2019-10-13 11:30:00,6917.8
2019-10-13 11:45:00,6901.8
2019-10-13 12:00:00,6887.5
2019-10-13 12:15:00,6878.6
2019-10-13 12:30:00,6867.1
2019-10-13 12:45:00,6860.9
2019-10-13 13:00:00,6856.1
2019-10-13 13:15:00,6852.2
2019-10-13 13:30:00,6842.8
2019-10-13 13:45:00,6840.9
2019-10-13 14:00:00,6849.9
2019-10-13 14:15:00,6843.3
2019-10-13 14:30:00,6840.1
2019-10-13 14:45:00,6840.3
2019-10-13 15:00:00,6845.0
2019-10-13 15:15:00,6846.7
2019-10-13 15:30:00,6845.3
2019-10-13 15:45:00,6849.7
2019-10-13 16:00:00,6861.5
2019-10-13 16:15:00,6870.5
2019-10-13 16:30:00,6885.0
2019-10-13 16:45:00,6895.5
2019-10-13 17:00:00,6912.4
2019-10-13 17:15:00,6924.3
2019-10-13 17:30:00,6942.7
2019-10-13 17:45:00,6964.6
2019-10-13 18:00:00,6981.8
2019-10-13 18:15:00,6979.6
2019-10-13 18:30:00,6979.0
2019-10-13 18:45:00,6967.7
2019-10-13 19:00:00,6961.9
2019-10-13 19:15:00,6953.0
2019-10-13 19:30:00,6944.6
2019-10-13 19:45:00,6931.8
2019-10-13 20:00:00,6918.7
2019-10-13 20:15:00,6909.1
2019-10-13 20:30:00,6909.1
2019-10-13 20:45:00,6903.6
2019-10-13 21:00:00,6900.4
2019-10-13 21:15:00,6894.2
2019-10-13 21:30:00,6882.6
2019-10-13 21:45:00,6865.9
2019-10-13 22:00:00,6854.0
2019-10-13 22:15:00,6842.2
2019-10-13 22:30:00,6824.0
2019-10-13 22:45:00,6817.8
2019-10-13 23:00:00,6807.1
2019-10-13 23:15:00,6793.8
2019-10-13 23:30:00,6788.4
2019-10-13 23:45:00,6776.9
2019-10-14 00:00:00,6767.3
2019-10-14 00:15:00,6761.2
2019-10-14 00:30:00,6755.3
2019-10-14 00:45:00,6751.0
2019-10-14 01:00:00,6746.0
2019-10-14 01:15:00,6739.2
2019-10-14 01:30:00,6737.7
2019-10-14 01:45:00,6733.0
2019-10-14 02:00:00,6732.9
2019-10-14 02:15:00,6732.3
2019-10-14 02:30:00,6734.0
2019-10-14 02:45:00,6736.9
2019-10-14 03:00:00,6750.5
2019-10-14 03:15:00,6756.0
2019-10-14 03:30:00,6769.5
2019-10-14 03:45:00,6787.1
2019-10-14 04:00:00,6817.1
2019-10-14 04:15:00,6834.1
2019-10-14 04:30:00,6858.3
2019-10-14 04:45:00,6891.2
2019-10-14 05:00:00,6949.3
2019-10-14 05:15:00,6988.0
2019-10-14 05:30:00,7015.0
2019-10-14 05:45:00,7051.1
2019-10-14 06:00:00,7092.5
2019-10-14 06:15:00,7108.0
2019-10-14 06:30:00,7118.9
2019-10-14 06:45:00,7122.3
2019-10-14 07:00:00,7141.4
2019-10-14 07:15:00,7148.9
2019-10-14 07:30:00,7155.2
2019-10-14 07:45:00,7155.2
2019-10-14 08:00:00,7141.6
2019-10-14 08:15:00,7145.3
2019-10-14 08:30:00,7155.6
2019-10-14 08:45:00,7157.5
2019-10-14 09:00:00,7162.2
2019-10-14 09:15:00,7160.1
2019-10-14 09:30:00,7164.2
2019-10-14 09:45:00,7172.4
2019-10-14 10:00:00,7175.8
2019-10-14 10:15:00,7179.5
2019-10-14 10:30:00,7179.0
2019-10-14 10:45:00,7179.8
2019-10-14 11:00:00,7180.1
2019-10-14 11:15:00,7176.0
2019-10-14 11:30:00,7174.5
2019-10-14 11:45:00,7174.3
2019-10-14 12:00:00,7182.5
2019-10-14 12:15:00,7174.9
2019-10-14 12:30:00,7171.8
2019-10-14 12:45:00,7160.8
2019-10-14 13:00:00,7155.8
2019-10-14 13:15:00,7149.8
2019-10-14 13:30:00,7142.6
2019-10-14 13:45:00,7137.5
2019-10-14 14:00:00,7136.5
2019-10-14 14:15:00,7126.9
2019-10-14 14:30:00,7117.4
2019-10-14 14:45:00,7109.0
2019-10-14 15:00:00,7104.9
2019-10-14 15:15:00,7100.4
2019-10-14 15:30:00,7094.4
2019-10-14 15:45:00,7093.5
2019-10-14 16:00:00,7100.6
2019-10-14 16:15:00,7105.7
2019-10-14 16:30:00,7113.5
2019-10-14 16:45:00,7119.4
2019-10-14 17:00:00,7127.0
2019-10-14 17:15:00,7132.1
2019-10-14 17:30:00,7152.4
2019-10-14 17:45:00,7178.0
2019-10-14 18:00:00,7191.3
2019-10-14 18:15:00,7188.1
2019-10-14 18:30:00,7189.4
2019-10-14 18:45:00,7181.2
2019-10-14 19:00:00,7156.0
2019-10-14 19:15:00,7133.7
2019-10-14 19:30:00,7112.4
2019-10-14 19:45:00,7097.9
2019-10-14 20:00:00,7080.7
2019-10-14 20:15:00,7064.2
2019-10-14 20:30:00,7048.9
2019-10-14 20:45:00,7029.6
2019-10-14 21:00:00,7010.9
2019-10-14 21:15:00,6994.6
2019-10-14 21:30:00,6971.9
2019-10-14 21:45:00,6955.5
2019-10-14 22:00:00,6928.3
2019-10-14 22:15:00,6914.5
2019-10-14 22:30:00,6895.0
2019-10-14 22:45:00,6883.9
2019-10-14 23:00:00,6866.7
2019-10-14 23:15:00,6858.5
2019-10-14 23:30:00,6852.0
2019-10-14 23:45:00,6843.1
2019-10-15 00:00:00,6831.7
2019-10-15 00:15:00,6827.2
2019-10-15 00:30:00,6823.7
2019-10-15 00:45:00,6819.7
2019-10-15 01:00:00,6811.4
2019-10-15 01:15:00,6810.4
2019-10-15 01:30:00,6813.7
2019-10-15 01:45:00,6817.7
2019-10-15 02:00:00,6825.9
2019-10-15 02:15:00,6827.0
2019-10-15 02:30:00,6832.5
2019-10-15 02:45:00,6834.8
2019-10-15 03:00:00,6846.9
2019-10-15 03:15:00,6857.9
2019-10-15 03:30:00,6867.2
2019-10-15 03:45:00,6880.7
2019-10-15 04:00:00,6899.6
2019-10-15 04:15:00,6912.2
2019-10-15 04:30:00,6934.7
2019-10-15 04:45:00,6964.8
2019-10-15 05:00:00,7017.9
2019-10-15 05:15:00,7047.0
2019-10-15 05:30:00,7075.4
2019-10-15 05:45:00,7100.3
2019-10-15 06:00:00,7136.6
2019-10-15 06:15:00,7149.2
2019-10-15 06:30:00,7156.7
2019-10-15 06:45:00,7161.3
2019-10-15 07:00:00,7169.6
2019-10-15 07:15:00,7177.9
2019-10-15 07:30:00,7181.6
2019-10-15 07:45:00,7185.6
2019-10-15 08:00:00,7176.7
2019-10-15 08:15:00,7181.4
2019-10-15 08:30:00,7187.2
2019-10-15 08:45:00,7190.4
2019-10-15 09:00:00,7188.5
2019-10-15 09:15:00,7192.1
2019-10-15 09:30:00,7193.0
2019-10-15 09:45:00,7197.9
2019-10-15 10:00:00,7198.4
2019-10-15 10:15:00,7207.2
2019-10-15 10:30:00,7213.2
2019-10-15 10:45:00,7218.3
2019-10-15 11:00:00,7213.0
2019-10-15 11:15:00,7209.4
2019-10-15 11:30:00,7206.8
2019-10-15 11:45:00,7199.2
2019-10-15 12:00:00,7194.8
2019-10-15 12:15:00,7188.1
2019-10-15 12:30:00,7176.7
2019-10-15 12:45:00,7167.6
2019-10-15 13:00:00,7160.6
2019-10-15 13:15:00,7157.8
2019-10-15 13:30:00,7158.5
2019-10-15 13:45:00,7150.9
2019-10-15 14:00:00,7154.8
2019-10-15 14:15:00,7147.9
2019-10-15 14:30:00,7139.3
2019-10-15 14:45:00,7132.5
2019-10-15 15:00:00,7131.8
2019-10-15 15:15:00,7129.6
2019-10-15 15:30:00,7128.1
2019-10-15 15:45:00,7128.3
2019-10-15 16:00:00,7135.2
2019-10-15 16:15:00,7140.2
2019-10-15 16:30:00,7149.8
2019-10-15 16:45:00,7162.4
2019-10-15 17:00:00,7163.9
2019-10-15 17:15:00,7176.5
2019-10-15 17:30:00,7196.1
2019-10-15 17:45:00,7212.8
2019-10-15 18:00:00,7212.4
2019-10-15 18:15:00,7201.8
2019-10-15 18:30:00,7194.1
2019-10-15 18:45:00,7181.2
2019-10-15 19:00:00,7157.6
2019-10-15 19:15:00,7133.6
2019-10-15 19:30:00,7114.9
2019-10-15 19:45:00,7095.7
2019-10-15 20:00:00,7077.7
2019-10-15 20:15:00,7057.7
2019-10-15 20:30:00,7036.7
2019-10-15 20:45:00,7021.2
2019-10-15 21:00:00,7005.2
2019-10-15 21:15:00,6986.1
2019-10-15 21:30:00,6959.7
2019-10-15 21:45:00,6943.2
2019-10-15 22:00:00,6923.2
2019-10-15 22:15:00,6901.0
2019-10-15 22:30:00,6886.7
2019-10-15 22:45:00,6874.9
2019-10-15 23:00:00,6856.8
2019-10-15 23:15:00,6845.9
2019-10-15 23:30:00,6841.5
2019-10-15 23:45:00,6831.8
2019-10-16 00:00:00,6820.5
2019-10-16 00:15:00,6815.4
2019-10-16 00:30:00,6815.3
2019-10-16 00:45:00,6810.0
2019-10-16 01:00:00,6804.7
2019-10-16 01:15:00,6806.1
2019-10-16 01:30:00,6805.6
2019-10-16 01:45:00,6808.2
2019-10-16 02:00:00,6806.1
2019-10-16 02:15:00,6813.7
2019-10-16 02:30:00,6817.9
2019-10-16 02:45:00,6823.5
2019-10-16 03:00:00,6830.9
2019-10-16 03:15:00,6837.5
2019-10-16 03:30:00,6846.7
2019-10-16 03:45:00,6852.0
2019-10-16 04:00:00,6883.6
2019-10-16 04:15:00,6895.7
2019-10-16 04:30:00,6916.5
2019-10-16 04:45:00,6941.3
2019-10-16 05:00:00,7004.3
2019-10-16 05:15:00,7042.2
2019-10-16 05:30:00,7070.6
2019-10-16 05:45:00,7095.7
2019-10-16 06:00:00,7133.5
2019-10-16 06:15:00,7156.7
2019-10-16 06:30:00,7170.0
2019-10-16 06:45:00,7187.6
2019-10-16 07:00:00,7201.2
2019-10-16 07:15:00,7210.3
2019-10-16 07:30:00,7212.2
2019-10-16 07:45:00,7214.0
2019-10-16 08:00:00,7207.8
2019-10-16 08:15:00,7210.0
2019-10-16 08:30:00,7217.3
2019-10-16 08:45:00,7219.4
2019-10-16 09:00:00,7222.6
2019-10-16 09:15:00,7230.7
2019-10-16 09:30:00,7232.7
2019-10-16 09:45:00,7239.8
2019-10-16 10:00:00,7237.1
2019-10-16 10:15:00,7241.3
2019-10-16 10:30:00,7245.2
2019-10-16 10:45:00,7240.4
2019-10-16 11:00:00,7232.2
2019-10-16 11:15:00,7225.3
2019-10-16 11:30:00,7227.4
2019-10-16 11:45:00,7222.9
2019-10-16 12:00:00,7217.5
2019-10-16 12:15:00,7219.4
2019-10-16 12:30:00,7215.6
2019-10-16 12:45:00,7204.4
2019-10-16 13:00:00,7202.2
2019-10-16 13:15:00,7198.9
2019-10-16 13:30:00,7189.6
2019-10-16 13:45:00,7186.7
2019-10-16 14:00:00,7185.9
2019-10-16 14:15:00,7179.9
2019-10-16 14:30:00,7173.9
2019-10-16 14:45:00,7166.8
2019-10-16 15:00:00,7162.7
2019-10-16 15:15:00,7158.4
2019-10-16 15:30:00,7150.6
2019-10-16 15:45:00,7152.5
2019-10-16 16:00:00,7155.0
2019-10-16 16:15:00,7154.8
2019-10-16 16:30:00,7159.7
2019-10-16 16:45:00,7168.7
2019-10-16 17:00:00,7169.6
2019-10-16 17:15:00,7180.2
2019-10-16 17:30:00,7201.1
2019-10-16 17:45:00,7218.7
2019-10-16 18:00:00,7219.9
2019-10-16 18:15:00,7212.2
2019-10-16 18:30:00,7213.8
2019-10-16 18:45:00,7206.0
2019-10-16 19:00:00,7185.5
2019-10-16 19:15:00,7164.5
2019-10-16 19:30:00,7150.7
2019-10-16 19:45:00,7129.8
2019-10-16 20:00:00,7105.0
2019-10-16 20:15:00,7087.8
2019-10-16 20:30:00,7070.0
2019-10-16 20:45:00,7049.3
2019-10-16 21:00:00,7033.3
2019-10-16 21:15:00,7022.3
2019-10-16 21:30:00,7005.8
2019-10-16 21:45:00,6985.0
2019-10-16 22:00:00,6960.4
2019-10-16 22:15:00,6939.3
2019-10-16 22:30:00,6924.6
2019-10-16 22:45:00,6904.6
2019-10-16 23:00:00,6888.6
2019-10-16 23:15:00,6879.8
2019-10-16 23:30:00,6875.4
2019-10-16 23:45:00,6861.3
2019-10-17 00:00:00,6849.7
2019-10-17 00:15:00,6841.1
2019-10-17 00:30:00,6843.5
2019-10-17 00:45:00,6833.0
2019-10-17 01:00:00,6826.7
2019-10-17 01:15:00,6826.1
2019-10-17 01:30:00,6822.7
2019-10-17 01:45:00,6821.0
2019-10-17 02:00:00,6819.5
2019-10-17 02:15:00,6820.8
2019-10-17 02:30:00,6820.8
2019-10-17 02:45:00,6821.1
2019-10-17 03:00:00,6838.1
2019-10-17 03:15:00,6842.9
2019-10-17 03:30:00,6850.6
2019-10-17 03:45:00,6861.0
2019-10-17 04:00:00,6885.3
2019-10-17 04:15:00,6898.5
2019-10-17 04:30:00,6911.9
2019-10-17 04:45:00,6939.9
2019-10-17 05:00:00,6995.1
2019-10-17 05:15:00,7031.5
2019-10-17 05:30:00,7060.6
2019-10-17 05:45:00,7091.3
2019-10-17 06:00:00,7132.3
2019-10-17 06:15:00,7155.6
2019-10-17 06:30:00,7166.6
2019-10-17 06:45:00,7171.9
2019-10-17 07:00:00,7182.3
2019-10-17 07:15:00,7193.2
2019-10-17 07:30:00,7197.3
2019-10-17 07:45:00,7201.7
2019-10-17 08:00:00,7193.3
2019-10-17 08:15:00,7198.4
2019-10-17 08:30:00,7205.7
2019-10-17 08:45:00,7209.1
2019-10-17 09:00:00,7214.0
2019-10-17 09:15:00,7217.0
2019-10-17 09:30:00,7221.9
2019-10-17 09:45:00,7224.8
2019-10-17 10:00:00,7227.2
2019-10-17 10:15:00,7231.7
2019-10-17 10:30:00,7242.3
2019-10-17 10:45:00,7237.9
2019-10-17 11:00:00,7229.9
2019-10-17 11:15:00,7224.3
2019-10-17 11:30:00,7222.1
2019-10-17 11:45:00,7220.3
2019-10-17 12:00:00,7217.3
2019-10-17 12:15:00,7214.0
2019-10-17 12:30:00,7205.3
2019-10-17 12:45:00,7195.9
2019-10-17 13:00:00,7187.6
2019-10-17 13:15:00,7187.3
2019-10-17 13:30:00,7182.5
2019-10-17 13:45:00,7180.3
2019-10-17 14:00:00,7172.8
2019-10-17 14:15:00,7165.2
2019-10-17 14:30:00,7158.2
2019-10-17 14:45:00,7147.7
2019-10-17 15:00:00,7143.0
2019-10-17 15:15:00,7136.1
2019-10-17 15:30:00,7135.7
2019-10-17 15:45:00,7133.5
2019-10-17 16:00:00,7137.2
2019-10-17 16:15:00,7135.7
2019-10-17 16:30:00,7143.6
2019-10-17 16:45:00,7152.0
2019-10-17 17:00:00,7156.2
2019-10-17 17:15:00,7166.8
2019-10-17 17:30:00,7190.5
2019-10-17 17:45:00,7200.7
2019-10-17 18:00:00,7198.8
2019-10-17 18:15:00,7184.3
2019-10-17 18:30:00,7177.5
2019-10-17 18:45:00,7168.7
2019-10-17 19:00:00,7149.7
2019-10-17 19:15:00,7130.5
2019-10-17 19:30:00,7116.6
2019-10-17 19:45:00,7098.1
2019-10-17 20:00:00,7071.8
2019-10-17 20:15:00,7059.6
2019-10-17 20:30:00,7043.0
2019-10-17 20:45:00,7027.8
2019-10-17 21:00:00,7009.9
2019-10-17 21:15:00,6993.5
2019-10-17 21:30:00,6976.5
2019-10-17 21:45:00,6957.4
2019-10-17 22:00:00,6934.4
2019-10-17 22:15:00,6917.0
2019-10-17 22:30:00,6906.6
2019-10-17 22:45:00,6893.8
2019-10-17 23:00:00,6873.3
2019-10-17 23:15:00,6860.2
2019-10-17 23:30:00,6852.2
2019-10-17 23:45:00,6846.1
2019-10-18 00:00:00,6836.2
2019-10-18 00:15:00,6826.6
2019-10-18 00:30:00,6822.1
2019-10-18 00:45:00,6814.3
2019-10-18 01:00:00,6805.9
2019-10-18 01:15:00,6801.5
2019-10-18 01:30:00,6801.6
2019-10-18 01:45:00,6800.6
2019-10-18 02:00:00,6800.8
2019-10-18 02:15:00,6803.8
2019-10-18 02:30:00,6806.0
2019-10-18 02:45:00,6812.0
2019-10-18 03:00:00,6818.6
2019-10-18 03:15:00,6827.8
2019-10-18 03:30:00,6837.3
2019-10-18 03:45:00,6848.0
2019-10-18 04:00:00,6870.3
2019-10-18 04:15:00,6886.2
2019-10-18 04:30:00,6905.7
2019-10-18 04:45:00,6932.2
2019-10-18 05:00:00,6995.3
2019-10-18 05:15:00,7033.4
2019-10-18 05:30:00,7064.1
2019-10-18 05:45:00,7093.0
2019-10-18 06:00:00,7131.2
2019-10-18 06:15:00,7153.5
2019-10-18 06:30:00,7164.2
2019-10-18 06:45:00,7171.6
2019-10-18 07:00:00,7182.3
2019-10-18 07:15:00,7191.5
2019-10-18 07:30:00,7197.3
2019-10-18 07:45:00,7205.0
2019-10-18 08:00:00,7205.5
2019-10-18 08:15:00,7212.5
2019-10-18 08:30:00,7220.7
2019-10-18 08:45:00,7221.8
2019-10-18 09:00:00,7220.3
2019-10-18 09:15:00,7218.5
2019-10-18 09:30:00,7224.7
2019-10-18 09:45:00,7228.2
2019-10-18 10:00:00,7225.9
2019-10-18 10:15:00,7239.6
2019-10-18 10:30:00,7244.7
2019-10-18 10:45:00,7243.7
2019-10-18 11:00:00,7240.7
2019-10-18 11:15:00,7238.8
2019-10-18 11:30:00,7232.5
2019-10-18 11:45:00,7228.0
2019-10-18 12:00:00,7223.5
2019-10-18 12:15:00,7208.0
2019-10-18 12:30:00,7190.9
2019-10-18 12:45:00,7178.0
2019-10-18 13:00:00,7169.3
2019-10-18 13:15:00,7167.0
2019-10-18 13:30:00,7166.3
2019-10-18 13:45:00,7159.5
2019-10-18 14:00:00,7159.1
2019-10-18 14:15:00,7154.2
2019-10-18 14:30:00,7150.0
2019-10-18 14:45:00,7147.1
2019-10-18 15:00:00,7149.1
2019-10-18 15:15:00,7143.4
2019-10-18 15:30:00,7139.4
2019-10-18 15:45:00,7143.6
2019-10-18 16:00:00,7143.9
2019-10-18 16:15:00,7142.7
2019-10-18 16:30:00,7148.6
2019-10-18 16:45:00,7158.5
2019-10-18 17:00:00,7168.2
2019-10-18 17:15:00,7173.3
2019-10-18 17:30:00,7192.2
2019-10-18 17:45:00,7206.5
2019-10-18 18:00:00,7207.6
2019-10-18 18:15:00,7193.4
2019-10-18 18:30:00,7182.3
2019-10-18 18:45:00,7168.0
2019-10-18 19:00:00,7139.5
2019-10-18 19:15:00,7111.4
2019-10-18 19:30:00,7095.1
2019-10-18 19:45:00,7078.6
2019-10-18 20:00:00,7050.9
2019-10-18 20:15:00,7036.3
2019-10-18 20:30:00,7019.8
2019-10-18 20:45:00,7002.4
2019-10-18 21:00:00,6986.3
2019-10-18 21:15:00,6970.8
2019-10-18 21:30:00,6954.7
2019-10-18 21:45:00,6939.2
2019-10-18 22:00:00,6926.4
2019-10-18 22:15:00,6908.6
2019-10-18 22:30:00,6896.2
2019-10-18 22:45:00,6878.1
2019-10-18 23:00:00,6844.8
2019-10-18 23:15:00,6838.8
2019-10-18 23:30:00,6833.8
2019-10-18 23:45:00,6823.8
2019-10-19 00:00:00,6812.7
2019-10-19 00:15:00,6802.3
2019-10-19 00:30:00,6794.8
2019-10-19 00:45:00,6788.8
2019-10-19 01:00:00,6779.9
2019-10-19 01:15:00,6774.5
2019-10-19 01:30:00,6769.4
2019-10-19 01:45:00,6768.3
2019-10-19 02:00:00,6768.1
2019-10-19 02:15:00,6766.9
2019-10-19 02:30:00,6766.0
2019-10-19 02:45:00,6766.6
2019-10-19 03:00:00,6775.7
2019-10-19 03:15:00,6783.8
2019-10-19 03:30:00,6784.6
2019-10-19 03:45:00,6787.2
2019-10-19 04:00:00,6790.9
2019-10-19 04:15:00,6794.8
2019-10-19 04:30:00,6793.7
2019-10-19 04:45:00,6801.9
2019-10-19 05:00:00,6817.0
2019-10-19 05:15:00,6824.2
2019-10-19 05:30:00,6834.7
2019-10-19 05:45:00,6847.0
2019-10-19 06:00:00,6874.5
2019-10-19 06:15:00,6882.7
2019-10-19 06:30:00,6893.3
2019-10-19 06:45:00,6901.0
2019-10-19 07:00:00,6908.7
2019-10-19 07:15:00,6918.3
2019-10-19 07:30:00,6930.8
2019-10-19 07:45:00,6942.9
2019-10-19 08:00:00,6957.3
2019-10-19 08:15:00,6966.5
2019-10-19 08:30:00,6975.8
2019-10-19 08:45:00,6982.2
2019-10-19 09:00:00,6984.8
2019-10-19 09:15:00,6992.5
2019-10-19 09:30:00,6997.4
2019-10-19 09:45:00,6998.9
2019-10-19 10:00:00,7004.1
2019-10-19 10:15:00,7005.0
2019-10-19 10:30:00,7012.1
2019-10-19 10:45:00,7006.5
2019-10-19 11:00:00,7004.0
2019-10-19 11:15:00,6993.6
2019-10-19 11:30:00,6987.7
2019-10-19 11:45:00,6987.0
2019-10-19 12:00:00,6985.6
2019-10-19 12:15:00,6980.9
2019-10-19 12:30:00,6975.3
2019-10-19 12:45:00,6964.2
2019-10-19 13:00:00,6960.3
2019-10-19 13:15:00,6957.9
2019-10-19 13:30:00,6950.7
2019-10-19 13:45:00,6943.1
2019-10-19 14:00:00,6945.3
2019-10-19 14:15:00,6946.6
2019-10-19 14:30:00,6946.3
2019-10-19 14:45:00,6940.8
2019-10-19 15:00:00,6939.1
2019-10-19 15:15:00,6938.2
2019-10-19 15:30:00,6941.4
2019-10-19 15:45:00,6940.3
2019-10-19 16:00:00,6947.2
2019-10-19 16:15:00,6953.9
2019-10-19 16:30:00,6967.6
2019-10-19 16:45:00,6978.1
2019-10-19 17:00:00,7001.1
2019-10-19 17:15:00,7006.9
2019-10-19 17:30:00,7029.8
2019-10-19 17:45:00,7038.4
2019-10-19 18:00:00,7026.3
2019-10-19 18:15:00,7018.4
2019-10-19 18:30:00,7006.4
2019-10-19 18:45:00,6993.1
2019-10-19 19:00:00,6976.8
2019-10-19 19:15:00,6954.5
2019-10-19 19:30:00,6936.0
2019-10-19 19:45:00,6927.0
2019-10-19 20:00:00,6916.6
2019-10-19 20:15:00,6906.8
2019-10-19 20:30:00,6892.1
2019-10-19 20:45:00,6883.9
2019-10-19 21:00:00,6877.0
2019-10-19 21:15:00,6866.5
2019-10-19 21:30:00,6853.2
2019-10-19 21:45:00,6840.7
2019-10-19 22:00:00,6822.0
2019-10-19 22:15:00,6807.6
2019-10-19 22:30:00,6795.7
2019-10-19 22:45:00,6780.2
2019-10-19 23:00:00,6755.9
2019-10-19 23:15:00,6748.3
2019-10-19 23:30:00,6742.2
2019-10-19 23:45:00,6724.6
2019-10-20 00:00:00,6716.6
2019-10-20 00:15:00,6708.5
2019-10-20 00:30:00,6702.7
2019-10-20 00:45:00,6697.2
2019-10-20 01:00:00,6695.0
2019-10-20 01:15:00,6688.7
2019-10-20 01:30:00,6681.2
2019-10-20 01:45:00,6679.7
2019-10-20 02:00:00,6680.1
2019-10-20 02:15:00,6676.6
2019-10-20 02:30:00,6675.4
2019-10-20 02:45:00,6674.9
2019-10-20 03:00:00,6687.4
2019-10-20 03:15:00,6692.1
2019-10-20 03:30:00,6687.5
2019-10-20 03:45:00,6685.7
2019-10-20 04:00:00,6694.7
2019-10-20 04:15:00,6693.7
2019-10-20 04:30:00,6689.6
2019-10-20 04:45:00,6689.6
2019-10-20 05:00:00,6691.0
2019-10-20 05:15:00,6693.9
2019-10-20 05:30:00,6698.2
2019-10-20 05:45:00,6702.0
2019-10-20 06:00:00,6718.5
2019-10-20 06:15:00,6725.8
2019-10-20 06:30:00,6733.1
2019-10-20 06:45:00,6741.3
2019-10-20 07:00:00,6750.6
2019-10-20 07:15:00,6768.6
2019-10-20 07:30:00,6784.2
2019-10-20 07:45:00,6797.4
2019-10-20 08:00:00,6801.4
2019-10-20 08:15:00,6813.2
2019-10-20 08:30:00,6823.3
2019-10-20 08:45:00,6839.0
2019-10-20 09:00:00,6857.0
2019-10-20 09:15:00,6866.8
2019-10-20 09:30:00,6873.3
2019-10-20 09:45:00,6881.1
2019-10-20 10:00:00,6896.1
2019-10-20 10:15:00,6905.1
2019-10-20 10:30:00,6911.7
2019-10-20 10:45:00,6908.5
2019-10-20 11:00:00,6906.2
2019-10-20 11:15:00,6905.2
2019-10-20 11:30:00,6898.7
2019-10-20 11:45:00,6889.0
2019-10-20 12:00:00,6883.8
2019-10-20 12:15:00,6871.3
2019-10-20 12:30:00,6868.2
2019-10-20 12:45:00,6858.9
2019-10-20 13:00:00,6852.3
2019-10-20 13:15:00,6847.0
2019-10-20 13:30:00,6845.0
2019-10-20 13:45:00,6842.0
2019-10-20 14:00:00,6849.0
2019-10-20 14:15:00,6840.7
2019-10-20 14:30:00,6838.8
2019-10-20 14:45:00,6838.0
2019-10-20 15:00:00,6846.7
2019-10-20 15:15:00,6843.3
2019-10-20 15:30:00,6849.3
2019-10-20 15:45:00,6860.7
2019-10-20 16:00:00,6870.6
2019-10-20 16:15:00,6873.6
2019-10-20 16:30:00,6886.4
2019-10-20 16:45:00,6905.0
2019-10-20 17:00:00,6920.9
2019-10-20 17:15:00,6933.7
2019-10-20 17:30:00,6955.1
2019-10-20 17:45:00,6957.6
2019-10-20 18:00:00,6964.5
2019-10-20 18:15:00,6955.1
2019-10-20 18:30:00,6947.5
2019-10-20 18:45:00,6938.8
2019-10-20 19:00:00,6932.2
2019-10-20 19:15:00,6916.2
2019-10-20 19:30:00,6901.2
2019-10-20 19:45:00,6885.8
2019-10-20 20:00:00,6880.2
2019-10-20 20:15:00,6873.7
2019-10-20 20:30:00,6867.1
2019-10-20 20:45:00,6865.6
2019-10-20 21:00:00,6862.4
2019-10-20 21:15:00,6853.6
2019-10-20 21:30:00,6839.4
2019-10-20 21:45:00,6827.0
2019-10-20 22:00:00,6809.8
2019-10-20 22:15:00,6791.5
2019-10-20 22:30:00,6777.8
2019-10-20 22:45:00,6768.4
2019-10-20 23:00:00,6758.8
2019-10-20 23:15:00,6748.9
2019-10-20 23:30:00,6745.1
2019-10-20 23:45:00,6739.4
2019-10-21 00:00:00,6734.8
2019-10-21 00:15:00,6728.0
2019-10-21 00:30:00,6724.3
2019-10-21 00:45:00,6725.2
2019-10-21 01:00:00,6720.1
2019-10-21 01:15:00,6715.5
2019-10-21 01:30:00,6708.9
2019-10-21 01:45:00,6712.1
2019-10-21 02:00:00,6717.8
2019-10-21 02:15:00,6720.9
2019-10-21 02:30:00,6722.8
2019-10-21 02:45:00,6723.9
2019-10-21 03:00:00,6735.5
2019-10-21 03:15:00,6746.5
2019-10-21 03:30:00,6757.4
2019-10-21 03:45:00,6774.7
2019-10-21 04:00:00,6808.5
2019-10-21 04:15:00,6829.2
2019-10-21 04:30:00,6854.4
2019-10-21 04:45:00,6888.8
2019-10-21 05:00:00,6952.9
2019-10-21 05:15:00,6996.8
2019-10-21 05:30:00,7036.1
2019-10-21 05:45:00,7071.5
2019-10-21 06:00:00,7108.4
2019-10-21 06:15:00,7125.4
2019-10-21 06:30:00,7143.7
2019-10-21 06:45:00,7155.0
2019-10-21 07:00:00,7165.1
2019-10-21 07:15:00,7170.5
2019-10-21 07:30:00,7178.1
2019-10-21 07:45:00,7184.8
2019-10-21 08:00:00,7177.8
2019-10-21 08:15:00,7181.2
2019-10-21 08:30:00,7187.0
2019-10-21 08:45:00,7195.2
2019-10-21 09:00:00,7192.4
2019-10-21 09:15:00,7196.1
2019-10-21 09:30:00,7198.1
2019-10-21 09:45:00,7205.0
2019-10-21 10:00:00,7202.0
2019-10-21 10:15:00,7204.2
2019-10-21 10:30:00,7202.2
2019-10-21 10:45:00,7200.4
2019-10-21 11:00:00,7193.7
2019-10-21 11:15:00,7194.5
2019-10-21 11:30:00,7204.9
2019-10-21 11:45:00,7210.4
2019-10-21 12:00:00,7216.3
2019-10-21 12:15:00,7211.3
2019-10-21 12:30:00,7197.4
2019-10-21 12:45:00,7189.6
2019-10-21 13:00:00,7185.4
2019-10-21 13:15:00,7175.9
2019-10-21 13:30:00,7170.5
2019-10-21 13:45:00,7166.9
2019-10-21 14:00:00,7164.6
2019-10-21 14:15:00,7156.1
2019-10-21 14:30:00,7141.9
2019-10-21 14:45:00,7128.8
2019-10-21 15:00:00,7132.8
2019-10-21 15:15:00,7121.9
2019-10-21 15:30:00,7118.3
2019-10-21 15:45:00,7111.7
2019-10-21 16:00:00,7117.1
2019-10-21 16:15:00,7118.5
2019-10-21 16:30:00,7125.8
2019-10-21 16:45:00,7134.6
2019-10-21 17:00:00,7151.4
2019-10-21 17:15:00,7163.3
2019-10-21 17:30:00,7179.3
2019-10-21 17:45:00,7192.2
2019-10-21 18:00:00,7180.3
2019-10-21 18:15:00,7168.6
2019-10-21 18:30:00,7158.6
2019-10-21 18:45:00,7154.8
2019-10-21 19:00:00,7143.4
2019-10-21 19:15:00,7122.8
2019-10-21 19:30:00,7102.8
2019-10-21 19:45:00,7086.7
2019-10-21 20:00:00,7063.1
2019-10-21 20:15:00,7051.1
2019-10-21 20:30:00,7029.3
2019-10-21 20:45:00,7013.1
2019-10-21 21:00:00,7007.5
2019-10-21 21:15:00,6993.4
2019-10-21 21:30:00,6974.7
2019-10-21 21:45:00,6959.0
2019-10-21 22:00:00,6932.6
2019-10-21 22:15:00,6915.1
2019-10-21 22:30:00,6902.0
2019-10-21 22:45:00,6880.2
2019-10-21 23:00:00,6859.0
2019-10-21 23:15:00,6849.5
2019-10-21 23:30:00,6844.3
2019-10-21 23:45:00,6834.3
2019-10-22 00:00:00,6820.0
2019-10-22 00:15:00,6813.8
2019-10-22 00:30:00,6808.3
2019-10-22 00:45:00,6802.2
2019-10-22 01:00:00,6793.3
2019-10-22 01:15:00,6788.0
2019-10-22 01:30:00,6787.3
2019-10-22 01:45:00,6787.3
2019-10-22 02:00:00,6795.1
2019-10-22 02:15:00,6800.5
2019-10-22 02:30:00,6801.3
2019-10-22 02:45:00,6803.4
2019-10-22 03:00:00,6814.6
2019-10-22 03:15:00,6822.1
2019-10-22 03:30:00,6833.2
2019-10-22 03:45:00,6843.1
2019-10-22 04:00:00,6870.1
2019-10-22 04:15:00,6886.7
2019-10-22 04:30:00,6907.4
2019-10-22 04:45:00,6935.3
2019-10-22 05:00:00,6997.0
2019-10-22 05:15:00,7038.4
2019-10-22 05:30:00,7070.5
2019-10-22 05:45:00,7104.1
2019-10-22 06:00:00,7139.1
2019-10-22 06:15:00,7157.0
2019-10-22 06:30:00,7165.7
2019-10-22 06:45:00,7170.7
2019-10-22 07:00:00,7179.9
2019-10-22 07:15:00,7187.1
2019-10-22 07:30:00,7191.3
2019-10-22 07:45:00,7188.5
2019-10-22 08:00:00,7174.8
2019-10-22 08:15:00,7178.2
2019-10-22 08:30:00,7183.6
2019-10-22 08:45:00,7185.3
2019-10-22 09:00:00,7180.8
2019-10-22 09:15:00,7186.9
2019-10-22 09:30:00,7193.1
2019-10-22 09:45:00,7199.5
2019-10-22 10:00:00,7205.9
2019-10-22 10:15:00,7216.3
2019-10-22 10:30:00,7219.6
2019-10-22 10:45:00,7213.0
2019-10-22 11:00:00,7197.1
2019-10-22 11:15:00,7190.8
2019-10-22 11:30:00,7191.6
2019-10-22 11:45:00,7193.8
2019-10-22 12:00:00,7195.6
2019-10-22 12:15:00,7189.5
2019-10-22 12:30:00,7183.6
2019-10-22 12:45:00,7172.0
2019-10-22 13:00:00,7157.9
2019-10-22 13:15:00,7157.1
2019-10-22 13:30:00,7154.2
2019-10-22 13:45:00,7151.9
2019-10-22 14:00:00,7148.6
2019-10-22 14:15:00,7143.3
2019-10-22 14:30:00,7138.9
2019-10-22 14:45:00,7129.0
2019-10-22 15:00:00,7121.7
2019-10-22 15:15:00,7113.1
2019-10-22 15:30:00,7113.9
2019-10-22 15:45:00,7111.9
2019-10-22 16:00:00,7115.8
2019-10-22 16:15:00,7118.8
2019-10-22 16:30:00,7123.5
2019-10-22 16:45:00,7133.5
2019-10-22 17:00:00,7146.4
2019-10-22 17:15:00,7163.7
2019-10-22 17:30:00,7186.3
2019-10-22 17:45:00,7197.3
2019-10-22 18:00:00,7199.0
2019-10-22 18:15:00,7188.8
2019-10-22 18:30:00,7179.6
2019-10-22 18:45:00,7171.9
2019-10-22 19:00:00,7157.2
2019-10-22 19:15:00,7137.0
2019-10-22 19:30:00,7116.8
2019-10-22 19:45:00,7098.5
2019-10-22 20:00:00,7086.1
2019-10-22 20:15:00,7068.8
2019-10-22 20:30:00,7042.3
2019-10-22 20:45:00,7024.6
2019-10-22 21:00:00,7007.4
2019-10-22 21:15:00,6991.9
2019-10-22 21:30:00,6969.3
2019-10-22 21:45:00,6948.9
2019-10-22 22:00:00,6925.4
2019-10-22 22:15:00,6908.4
2019-10-22 22:30:00,6890.7
2019-10-22 22:45:00,6875.7
2019-10-22 23:00:00,6860.7
2019-10-22 23:15:00,6852.6
2019-10-22 23:30:00,6840.2
2019-10-22 23:45:00,6827.6
2019-10-23 00:00:00,6810.2
2019-10-23 00:15:00,6799.8
2019-10-23 00:30:00,6798.0
2019-10-23 00:45:00,6792.0
2019-10-23 01:00:00,6784.2
2019-10-23 01:15:00,6781.0
2019-10-23 01:30:00,6780.6
2019-10-23 01:45:00,6783.0
2019-10-23 02:00:00,6788.2
2019-10-23 02:15:00,6790.7
2019-10-23 02:30:00,6789.8
2019-10-23 02:45:00,6795.7
2019-10-23 03:00:00,6811.2
2019-10-23 03:15:00,6815.2
2019-10-23 03:30:00,6824.0
2019-10-23 03:45:00,6834.9
2019-10-23 04:00:00,6865.8
2019-10-23 04:15:00,6884.5
2019-10-23 04:30:00,6905.6
2019-10-23 04:45:00,6934.7
2019-10-23 05:00:00,6989.7
2019-10-23 05:15:00,7031.8
2019-10-23 05:30:00,7067.2
2019-10-23 05:45:00,7096.6
2019-10-23 06:00:00,7133.7
2019-10-23 06:15:00,7158.8
2019-10-23 06:30:00,7168.9
2019-10-23 06:45:00,7174.5
2019-10-23 07:00:00,7181.6
2019-10-23 07:15:00,7188.6
2019-10-23 07:30:00,7193.2
2019-10-23 07:45:00,7192.1
2019-10-23 08:00:00,7185.4
2019-10-23 08:15:00,7189.1
2019-10-23 08:30:00,7191.9
2019-10-23 08:45:00,7193.2
2019-10-23 09:00:00,7194.9
2019-10-23 09:15:00,7195.4
2019-10-23 09:30:00,7197.5
2019-10-23 09:45:00,7204.4
2019-10-23 10:00:00,7206.7
2019-10-23 10:15:00,7213.0
2019-10-23 10:30:00,7212.0
2019-10-23 10:45:00,7210.8
2019-10-23 11:00:00,7198.6
2019-10-23 11:15:00,7194.2
2019-10-23 11:30:00,7193.3
2019-10-23 11:45:00,7190.0
2019-10-23 12:00:00,7191.1
2019-10-23 12:15:00,7183.1
2019-10-23 12:30:00,7178.6
2019-10-23 12:45:00,7170.3
2019-10-23 13:00:00,7163.3
2019-10-23 13:15:00,7158.9
2019-10-23 13:30:00,7156.5
2019-10-23 13:45:00,7152.6
2019-10-23 14:00:00,7149.3
2019-10-23 14:15:00,7136.1
2019-10-23 14:30:00,7134.9
2019-10-23 14:45:00,7124.5
2019-10-23 15:00:00,7127.5
2019-10-23 15:15:00,7120.8
2019-10-23 15:30:00,7120.2
2019-10-23 15:45:00,7118.5
2019-10-23 16:00:00,7123.1
2019-10-23 16:15:00,7127.7
2019-10-23 16:30:00,7136.8
2019-10-23 16:45:00,7146.5
2019-10-23 17:00:00,7160.2
2019-10-23 17:15:00,7177.6
2019-10-23 17:30:00,7201.2
2019-10-23 17:45:00,7209.3
2019-10-23 18:00:00,7208.2
2019-10-23 18:15:00,7194.8
2019-10-23 18:30:00,7190.6
2019-10-23 18:45:00,7182.1
2019-10-23 19:00:00,7159.4
2019-10-23 19:15:00,7140.2
2019-10-23 19:30:00,7119.9
2019-10-23 19:45:00,7106.5
2019-10-23 20:00:00,7089.5
2019-10-23 20:15:00,7068.8
2019-10-23 20:30:00,7054.8
2019-10-23 20:45:00,7042.0
2019-10-23 21:00:00,7029.1
2019-10-23 21:15:00,7010.6
2019-10-23 21:30:00,6987.4
2019-10-23 21:45:00,6969.2
2019-10-23 22:00:00,6939.9
2019-10-23 22:15:00,6923.1
2019-10-23 22:30:00,6909.2
2019-10-23 22:45:00,6890.2
2019-10-23 23:00:00,6867.4
2019-10-23 23:15:00,6858.8
2019-10-23 23:30:00,6848.4
2019-10-23 23:45:00,6841.9
2019-10-24 00:00:00,6829.5
2019-10-24 00:15:00,6819.4
2019-10-24 00:30:00,6814.8
2019-10-24 00:45:00,6805.3
2019-10-24 01:00:00,6797.6
2019-10-24 01:15:00,6792.8
2019-10-24 01:30:00,6794.1
2019-10-24 01:45:00,6795.3
2019-10-24 02:00:00,6798.4
2019-10-24 02:15:00,6799.4
2019-10-24 02:30:00,6798.0
2019-10-24 02:45:00,6803.3
2019-10-24 03:00:00,6814.7
2019-10-24 03:15:00,6825.9
2019-10-24 03:30:00,6838.3
2019-10-24 03:45:00,6850.8
2019-10-24 04:00:00,6872.5
2019-10-24 04:15:00,6885.4
2019-10-24 04:30:00,6903.9
2019-10-24 04:45:00,6931.4
2019-10-24 05:00:00,6988.6
2019-10-24 05:15:00,7025.1
2019-10-24 05:30:00,7061.3
2019-10-24 05:45:00,7090.6
2019-10-24 06:00:00,7126.8
2019-10-24 06:15:00,7147.1
2019-10-24 06:30:00,7159.3
2019-10-24 06:45:00,7172.8
2019-10-24 07:00:00,7185.7
2019-10-24 07:15:00,7191.3
2019-10-24 07:30:00,7195.6
2019-10-24 07:45:00,7193.3
2019-10-24 08:00:00,7189.2
2019-10-24 08:15:00,7192.3
2019-10-24 08:30:00,7199.7
2019-10-24 08:45:00,7200.3
2019-10-24 09:00:00,7193.3
2019-10-24 09:15:00,7197.5
2019-10-24 09:30:00,7203.7
2019-10-24 09:45:00,7206.3
2019-10-24 10:00:00,7203.7
2019-10-24 10:15:00,7204.2
2019-10-24 10:30:00,7207.0
2019-10-24 10:45:00,7209.1
2019-10-24 11:00:00,7205.5
2019-10-24 11:15:00,7202.6
2019-10-24 11:30:00,7202.8
2019-10-24 11:45:00,7209.5
2019-10-24 12:00:00,7209.2
2019-10-24 12:15:00,7202.1
2019-10-24 12:30:00,7193.5
2019-10-24 12:45:00,7184.5
2019-10-24 13:00:00,7181.5
2019-10-24 13:15:00,7175.6
2019-10-24 13:30:00,7172.4
2019-10-24 13:45:00,7166.6
2019-10-24 14:00:00,7163.7
2019-10-24 14:15:00,7154.8
2019-10-24 14:30:00,7146.7
2019-10-24 14:45:00,7135.1
2019-10-24 15:00:00,7139.8
2019-10-24 15:15:00,7135.1
2019-10-24 15:30:00,7132.3
2019-10-24 15:45:00,7129.8
2019-10-24 16:00:00,7131.2
2019-10-24 16:15:00,7132.2
2019-10-24 16:30:00,7140.7
2019-10-24 16:45:00,7151.6
2019-10-24 17:00:00,7176.7
2019-10-24 17:15:00,7197.9
2019-10-24 17:30:00,7219.8
2019-10-24 17:45:00,7227.2
2019-10-24 18:00:00,7226.6
2019-10-24 18:15:00,7214.5
2019-10-24 18:30:00,7209.6
2019-10-24 18:45:00,7196.7
2019-10-24 19:00:00,7169.3
2019-10-24 19:15:00,7150.7
2019-10-24 19:30:00,7133.9
2019-10-24 19:45:00,7117.3
2019-10-24 20:00:00,7091.1
2019-10-24 20:15:00,7071.6
2019-10-24 20:30:00,7057.8
2019-10-24 20:45:00,7036.0
2019-10-24 21:00:00,7022.2
2019-10-24 21:15:00,7003.7
2019-10-24 21:30:00,6981.4
2019-10-24 21:45:00,6964.4
2019-10-24 22:00:00,6945.5
2019-10-24 22:15:00,6924.3
2019-10-24 22:30:00,6911.6
2019-10-24 22:45:00,6900.4
2019-10-24 23:00:00,6866.3
2019-10-24 23:15:00,6856.1
2019-10-24 23:30:00,6849.5
2019-10-24 23:45:00,6842.6
2019-10-25 00:00:00,6830.5
2019-10-25 00:15:00,6820.3
2019-10-25 00:30:00,6816.5
2019-10-25 00:45:00,6812.8
2019-10-25 01:00:00,6797.6
2019-10-25 01:15:00,6793.9
2019-10-25 01:30:00,6789.6
2019-10-25 01:45:00,6786.7
2019-10-25 02:00:00,6793.3
2019-10-25 02:15:00,6794.4
2019-10-25 02:30:00,6796.7
2019-10-25 02:45:00,6803.6
2019-10-25 03:00:00,6815.6
2019-10-25 03:15:00,6821.6
2019-10-25 03:30:00,6835.7
2019-10-25 03:45:00,6847.0
2019-10-25 04:00:00,6868.8
2019-10-25 04:15:00,6889.0
2019-10-25 04:30:00,6908.7
2019-10-25 04:45:00,6936.8
2019-10-25 05:00:00,6993.1
2019-10-25 05:15:00,7032.4
2019-10-25 05:30:00,7066.8
2019-10-25 05:45:00,7094.1
2019-10-25 06:00:00,7132.1
2019-10-25 06:15:00,7158.2
2019-10-25 06:30:00,7173.9
2019-10-25 06:45:00,7187.5
2019-10-25 07:00:00,7202.4
2019-10-25 07:15:00,7208.7
2019-10-25 07:30:00,7208.1
2019-10-25 07:45:00,7204.1
2019-10-25 08:00:00,7194.9
2019-10-25 08:15:00,7194.6
2019-10-25 08:30:00,7204.1
2019-10-25 08:45:00,7205.5
2019-10-25 09:00:00,7202.7
2019-10-25 09:15:00,7203.0
2019-10-25 09:30:00,7211.2
2019-10-25 09:45:00,7211.0
2019-10-25 10:00:00,7214.4
2019-10-25 10:15:00,7209.6
2019-10-25 10:30:00,7216.4
2019-10-25 10:45:00,7217.3
2019-10-25 11:00:00,7211.7
2019-10-25 11:15:00,7201.4
2019-10-25 11:30:00,7193.4
2019-10-25 11:45:00,7186.4
2019-10-25 12:00:00,7177.5
2019-10-25 12:15:00,7164.7
2019-10-25 12:30:00,7154.6
2019-10-25 12:45:00,7143.6
2019-10-25 13:00:00,7136.1
2019-10-25 13:15:00,7129.7
2019-10-25 13:30:00,7121.8
2019-10-25 13:45:00,7117.6
2019-10-25 14:00:00,7115.6
2019-10-25 14:15:00,7111.1
2019-10-25 14:30:00,7106.1
2019-10-25 14:45:00,7099.0
2019-10-25 15:00:00,7095.9
2019-10-25 15:15:00,7093.1
2019-10-25 15:30:00,7088.3
2019-10-25 15:45:00,7092.6
2019-10-25 16:00:00,7101.7
2019-10-25 16:15:00,7104.0
2019-10-25 16:30:00,7111.6
2019-10-25 16:45:00,7120.8
2019-10-25 17:00:00,7138.7
2019-10-25 17:15:00,7157.2
2019-10-25 17:30:00,7179.5
2019-10-25 17:45:00,7181.2
2019-10-25 18:00:00,7189.4
2019-10-25 18:15:00,7178.4
2019-10-25 18:30:00,7168.5
2019-10-25 18:45:00,7158.3
2019-10-25 19:00:00,7142.0
2019-10-25 19:15:00,7119.2
2019-10-25 19:30:00,7100.2
2019-10-25 19:45:00,7080.3
2019-10-25 20:00:00,7063.5
2019-10-25 20:15:00,7046.6
2019-10-25 20:30:00,7025.5
2019-10-25 20:45:00,7012.7
2019-10-25 21:00:00,7001.3
2019-10-25 21:15:00,6984.8
2019-10-25 21:30:00,6971.3
2019-10-25 21:45:00,6959.9
2019-10-25 22:00:00,6923.6
2019-10-25 22:15:00,6901.5
2019-10-25 22:30:00,6884.3
2019-10-25 22:45:00,6873.0
2019-10-25 23:00:00,6864.1
2019-10-25 23:15:00,6849.0
2019-10-25 23:30:00,6838.4
2019-10-25 23:45:00,6829.5
2019-10-26 00:00:00,6821.9
2019-10-26 00:15:00,6811.2
2019-10-26 00:30:00,6811.7
2019-10-26 00:45:00,6805.3
2019-10-26 01:00:00,6791.8
2019-10-26 01:15:00,6791.3
2019-10-26 01:30:00,6786.2
2019-10-26 01:45:00,6790.3
2019-10-26 02:00:00,6792.6
2019-10-26 02:15:00,6788.7
2019-10-26 02:30:00,6791.8
2019-10-26 02:45:00,6789.8
2019-10-26 03:00:00,6793.1
2019-10-26 03:15:00,6799.1
2019-10-26 03:30:00,6804.2
2019-10-26 03:45:00,6806.7
2019-10-26 04:00:00,6813.0
2019-10-26 04:15:00,6816.4
2019-10-26 04:30:00,6818.4
2019-10-26 04:45:00,6826.0
2019-10-26 05:00:00,6837.6
2019-10-26 05:15:00,6849.3
2019-10-26 05:30:00,6857.8
2019-10-26 05:45:00,6868.8
2019-10-26 06:00:00,6884.9
2019-10-26 06:15:00,6895.0
2019-10-26 06:30:00,6913.7
2019-10-26 06:45:00,6922.8
2019-10-26 07:00:00,6942.0
2019-10-26 07:15:00,6946.6
2019-10-26 07:30:00,6963.2
2019-10-26 07:45:00,6973.9
2019-10-26 08:00:00,6984.1
2019-10-26 08:15:00,6995.1
2019-10-26 08:30:00,7001.9
2019-10-26 08:45:00,7009.3
2019-10-26 09:00:00,7010.3
2019-10-26 09:15:00,7018.0
2019-10-26 09:30:00,7016.8
2019-10-26 09:45:00,7023.2
2019-10-26 10:00:00,7034.6
2019-10-26 10:15:00,7041.1
2019-10-26 10:30:00,7042.1
2019-10-26 10:45:00,7038.0
2019-10-26 11:00:00,7035.0
2019-10-26 11:15:00,7029.1
2019-10-26 11:30:00,7024.8
2019-10-26 11:45:00,7020.0
2019-10-26 12:00:00,7019.0
2019-10-26 12:15:00,7012.2
2019-10-26 12:30:00,6997.4
2019-10-26 12:45:00,6992.3
2019-10-26 13:00:00,6983.9
2019-10-26 13:15:00,6976.8
2019-10-26 13:30:00,6969.5
2019-10-26 13:45:00,6968.7
2019-10-26 14:00:00,6965.3
2019-10-26 14:15:00,6957.0
2019-10-26 14:30:00,6952.7
2019-10-26 14:45:00,6942.1
2019-10-26 15:00:00,6943.6
2019-10-26 15:15:00,6946.5
2019-10-26 15:30:00,6948.1
2019-10-26 15:45:00,6952.9
2019-10-26 16:00:00,6955.4
2019-10-26 16:15:00,6964.5
2019-10-26 16:30:00,6976.1
2019-10-26 16:45:00,6989.8
2019-10-26 17:00:00,7009.9
2019-10-26 17:15:00,7034.5
2019-10-26 17:30:00,7051.8
2019-10-26 17:45:00,7051.5
2019-10-26 18:00:00,7051.2
2019-10-26 18:15:00,7035.2
2019-10-26 18:30:00,7025.5
2019-10-26 18:45:00,7016.7
2019-10-26 19:00:00,6994.9
2019-10-26 19:15:00,6972.3
2019-10-26 19:30:00,6954.3
2019-10-26 19:45:00,6939.5
2019-10-26 20:00:00,6937.7
2019-10-26 20:15:00,6928.1
2019-10-26 20:30:00,6912.8
2019-10-26 20:45:00,6906.5
2019-10-26 21:00:00,6911.1
2019-10-26 21:15:00,6900.1
2019-10-26 21:30:00,6885.4
2019-10-26 21:45:00,6870.4
2019-10-26 22:00:00,6856.2
2019-10-26 22:15:00,6841.8
2019-10-26 22:30:00,6832.8
2019-10-26 22:45:00,6819.6
2019-10-26 23:00:00,6799.5
2019-10-26 23:15:00,6786.2
2019-10-26 23:30:00,6779.8
2019-10-26 23:45:00,6768.0
2019-10-27 00:00:00,6758.5
2019-10-27 00:15:00,6751.5
2019-10-27 00:30:00,6741.1
2019-10-27 00:45:00,6729.5
2019-10-27 01:00:00,6725.4
2019-10-27 01:15:00,6722.4
2019-10-27 01:30:00,6716.2
2019-10-27 01:45:00,6714.9
2019-10-27 02:00:00,6711.9
2019-10-27 02:15:00,6706.5
2019-10-27 02:30:00,6707.0
2019-10-27 02:45:00,6703.5
2019-10-27 03:00:00,6706.9
2019-10-27 03:15:00,6705.9
2019-10-27 03:30:00,6710.4
2019-10-27 03:45:00,6712.5
2019-10-27 04:00:00,6719.1
2019-10-27 04:15:00,6716.3
2019-10-27 04:30:00,6714.9
2019-10-27 04:45:00,6717.5
2019-10-27 05:00:00,6718.9
2019-10-27 05:15:00,6718.5
2019-10-27 05:30:00,6723.0
2019-10-27 05:45:00,6724.0
2019-10-27 06:00:00,6731.9
2019-10-27 06:15:00,6737.8
2019-10-27 06:30:00,6741.7
2019-10-27 06:45:00,6747.7
2019-10-27 07:00:00,6771.1
2019-10-27 07:15:00,6781.0
2019-10-27 07:30:00,6795.7
2019-10-27 07:45:00,6806.4
2019-10-27 08:00:00,6825.2
2019-10-27 08:15:00,6831.4
2019-10-27 08:30:00,6845.6
2019-10-27 08:45:00,6858.8
2019-10-27 09:00:00,6869.5
2019-10-27 09:15:00,6880.9
2019-10-27 09:30:00,6895.4
2019-10-27 09:45:00,6897.5
2019-10-27 10:00:00,6909.0
2019-10-27 10:15:00,6913.9
2019-10-27 10:30:00,6919.4
2019-10-27 10:45:00,6924.9
2019-10-27 11:00:00,6927.2
2019-10-27 11:15:00,6938.8
2019-10-27 11:30:00,6944.0
2019-10-27 11:45:00,6941.9
2019-10-27 12:00:00,6944.3
2019-10-27 12:15:00,6938.6
2019-10-27 12:30:00,6929.5
2019-10-27 12:45:00,6922.0
2019-10-27 13:00:00,6910.1
2019-10-27 13:15:00,6898.9
2019-10-27 13:30:00,6891.2
2019-10-27 13:45:00,6883.2
2019-10-27 14:00:00,6876.4
2019-10-27 14:15:00,6874.0
2019-10-27 14:30:00,6875.5
2019-10-27 14:45:00,6875.7
2019-10-27 15:00:00,6869.0
2019-10-27 15:15:00,6866.9
2019-10-27 15:30:00,6864.9
2019-10-27 15:45:00,6862.7
2019-10-27 16:00:00,6873.1
2019-10-27 16:15:00,6879.4
2019-10-27 16:30:00,6890.4
2019-10-27 16:45:00,6900.0
2019-10-27 17:00:00,6926.1
2019-10-27 17:15:00,6953.3
2019-10-27 17:30:00,6983.5
2019-10-27 17:45:00,6998.6
2019-10-27 18:00:00,7011.5
2019-10-27 18:15:00,7007.1
2019-10-27 18:30:00,7001.5
2019-10-27 18:45:00,6992.6
2019-10-27 19:00:00,6983.9
2019-10-27 19:15:00,6973.8
2019-10-27 19:30:00,6964.8
2019-10-27 19:45:00,6952.1
2019-10-27 20:00:00,6952.2
2019-10-27 20:15:00,6936.2
2019-10-27 20:30:00,6920.1
2019-10-27 20:45:00,6908.5
2019-10-27 21:00:00,6903.2
2019-10-27 21:15:00,6897.9
2019-10-27 21:30:00,6890.2
2019-10-27 21:45:00,6887.9
2019-10-27 22:00:00,6889.5
2019-10-27 22:15:00,6880.5
2019-10-27 22:30:00,6867.9
2019-10-27 22:45:00,6855.3
2019-10-27 23:00:00,6843.5
2019-10-27 23:15:00,6828.4
2019-10-27 23:30:00,6816.9
2019-10-27 23:45:00,6808.8
2019-10-28 00:00:00,6810.6
2019-10-28 00:15:00,6808.6
2019-10-28 00:30:00,6803.4
2019-10-28 00:45:00,6800.6
2019-10-28 01:00:00,6798.2
2019-10-28 01:15:00,6796.5
2019-10-28 01:30:00,6795.8
2019-10-28 01:45:00,6792.2
2019-10-28 02:00:00,6790.9
2019-10-28 02:15:00,6787.4
2019-10-28 02:30:00,6790.3
2019-10-28 02:45:00,6795.0
2019-10-28 03:00:00,6800.1
2019-10-28 03:15:00,6803.2
2019-10-28 03:30:00,6805.1
2019-10-28 03:45:00,6806.4
2019-10-28 04:00:00,6819.2
2019-10-28 04:15:00,6825.5
2019-10-28 04:30:00,6841.4
2019-10-28 04:45:00,6858.3
2019-10-28 05:00:00,6889.2
2019-10-28 05:15:00,6907.9
2019-10-28 05:30:00,6930.0
2019-10-28 05:45:00,6959.3
2019-10-28 06:00:00,7012.2
2019-10-28 06:15:00,7056.6
2019-10-28 06:30:00,7096.4
2019-10-28 06:45:00,7123.0
2019-10-28 07:00:00,7140.8
2019-10-28 07:15:00,7152.9
2019-10-28 07:30:00,7161.1
2019-10-28 07:45:00,7174.5
2019-10-28 08:00:00,7182.7
2019-10-28 08:15:00,7181.7
2019-10-28 08:30:00,7183.1
2019-10-28 08:45:00,7180.0
2019-10-28 09:00:00,7173.5
2019-10-28 09:15:00,7178.4
2019-10-28 09:30:00,7184.0
2019-10-28 09:45:00,7188.9
2019-10-28 10:00:00,7194.0
2019-10-28 10:15:00,7197.7
2019-10-28 10:30:00,7203.1
2019-10-28 10:45:00,7208.9
2019-10-28 11:00:00,7217.7
2019-10-28 11:15:00,7215.3
2019-10-28 11:30:00,7219.9
2019-10-28 11:45:00,7219.2
2019-10-28 12:00:00,7211.5
2019-10-28 12:15:00,7204.6
2019-10-28 12:30:00,7206.3
2019-10-28 12:45:00,7204.0
2019-10-28 13:00:00,7200.7
2019-10-28 13:15:00,7197.4
2019-10-28 13:30:00,7189.5
2019-10-28 13:45:00,7178.2
2019-10-28 14:00:00,7177.5
2019-10-28 14:15:00,7174.5
2019-10-28 14:30:00,7169.8
2019-10-28 14:45:00,7163.0
2019-10-28 15:00:00,7156.9
2019-10-28 15:15:00,7150.3
2019-10-28 15:30:00,7143.2
2019-10-28 15:45:00,7138.5
2019-10-28 16:00:00,7125.6
2019-10-28 16:15:00,7126.4
2019-10-28 16:30:00,7125.8
2019-10-28 16:45:00,7138.7
2019-10-28 17:00:00,7162.3
2019-10-28 17:15:00,7183.6
2019-10-28 17:30:00,7204.3
2019-10-28 17:45:00,7212.6
2019-10-28 18:00:00,7208.9
2019-10-28 18:15:00,7199.9
2019-10-28 18:30:00,7198.9
2019-10-28 18:45:00,7201.2
2019-10-28 19:00:00,7185.1
2019-10-28 19:15:00,7169.5
2019-10-28 19:30:00,7159.1
2019-10-28 19:45:00,7148.7
2019-10-28 20:00:00,7133.9
2019-10-28 20:15:00,7114.4
2019-10-28 20:30:00,7096.0
2019-10-28 20:45:00,7080.0
2019-10-28 21:00:00,7063.2
2019-10-28 21:15:00,7047.2
2019-10-28 21:30:00,7026.8
2019-10-28 21:45:00,7007.7
2019-10-28 22:00:00,7003.2
2019-10-28 22:15:00,6987.9
2019-10-28 22:30:00,6970.1
2019-10-28 22:45:00,6950.6
2019-10-28 23:00:00,6928.8
2019-10-28 23:15:00,6908.0
2019-10-28 23:30:00,6890.9
2019-10-28 23:45:00,6879.3
2019-10-29 00:00:00,6875.0
2019-10-29 00:15:00,6863.4
2019-10-29 00:30:00,6857.2
2019-10-29 00:45:00,6848.8
2019-10-29 01:00:00,6841.8
2019-10-29 01:15:00,6836.4
2019-10-29 01:30:00,6834.5
2019-10-29 01:45:00,6832.1
2019-10-29 02:00:00,6828.4
2019-10-29 02:15:00,6828.5
2019-10-29 02:30:00,6831.8
2019-10-29 02:45:00,6831.4
2019-10-29 03:00:00,6827.4
2019-10-29 03:15:00,6833.6
2019-10-29 03:30:00,6838.9
2019-10-29 03:45:00,6843.8
2019-10-29 04:00:00,6855.2
2019-10-29 04:15:00,6864.2
2019-10-29 04:30:00,6868.9
2019-10-29 04:45:00,6879.1
2019-10-29 05:00:00,6898.2
2019-10-29 05:15:00,6911.4
2019-10-29 05:30:00,6930.7
2019-10-29 05:45:00,6958.1
2019-10-29 06:00:00,7015.3
2019-10-29 06:15:00,7056.9
2019-10-29 06:30:00,7089.6
2019-10-29 06:45:00,7112.6
2019-10-29 07:00:00,7141.4
2019-10-29 07:15:00,7154.3
2019-10-29 07:30:00,7167.4
2019-10-29 07:45:00,7178.4
2019-10-29 08:00:00,7188.5
2019-10-29 08:15:00,7198.9
2019-10-29 08:30:00,7199.6
2019-10-29 08:45:00,7199.4
2019-10-29 09:00:00,7197.7
2019-10-29 09:15:00,7199.8
2019-10-29 09:30:00,7205.8
2019-10-29 09:45:00,7209.5
2019-10-29 10:00:00,7210.8
2019-10-29 10:15:00,7211.5
2019-10-29 10:30:00,7210.9
2019-10-29 10:45:00,7220.2
2019-10-29 11:00:00,7219.0
2019-10-29 11:15:00,7227.4
2019-10-29 11:30:00,7227.8
2019-10-29 11:45:00,7225.2
2019-10-29 12:00:00,7215.8
2019-10-29 12:15:00,7211.7
2019-10-29 12:30:00,7208.4
2019-10-29 12:45:00,7210.8
2019-10-29 13:00:00,7210.1
2019-10-29 13:15:00,7206.3
2019-10-29 13:30:00,7197.5
2019-10-29 13:45:00,7185.7
2019-10-29 14:00:00,7183.3
2019-10-29 14:15:00,7177.1
2019-10-29 14:30:00,7175.9
2019-10-29 14:45:00,7174.5
2019-10-29 15:00:00,7170.5
2019-10-29 15:15:00,7162.5
2019-10-29 15:30:00,7158.7
2019-10-29 15:45:00,7155.8
2019-10-29 16:00:00,7156.1
2019-10-29 16:15:00,7153.7
2019-10-29 16:30:00,7160.2
2019-10-29 16:45:00,7168.7
2019-10-29 17:00:00,7190.0
2019-10-29 17:15:00,7210.3
2019-10-29 17:30:00,7233.8
2019-10-29 17:45:00,7239.6
2019-10-29 18:00:00,7228.0
2019-10-29 18:15:00,7221.8
2019-10-29 18:30:00,7214.8
2019-10-29 18:45:00,7208.4
2019-10-29 19:00:00,7197.9
2019-10-29 19:15:00,7186.8
2019-10-29 19:30:00,7176.9
2019-10-29 19:45:00,7165.3
2019-10-29 20:00:00,7152.0
2019-10-29 20:15:00,7130.1
2019-10-29 20:30:00,7107.3
2019-10-29 20:45:00,7095.4
2019-10-29 21:00:00,7082.9
2019-10-29 21:15:00,7067.4
2019-10-29 21:30:00,7051.4
2019-10-29 21:45:00,7034.8
2019-10-29 22:00:00,7025.5
2019-10-29 22:15:00,7011.4
2019-10-29 22:30:00,6984.7
2019-10-29 22:45:00,6972.3
2019-10-29 23:00:00,6948.3
2019-10-29 23:15:00,6931.7
2019-10-29 23:30:00,6914.2
2019-10-29 23:45:00,6900.8
2019-10-30 00:00:00,6884.9
2019-10-30 00:15:00,6873.4
2019-10-30 00:30:00,6871.6
2019-10-30 00:45:00,6865.8
2019-10-30 01:00:00,6857.4
2019-10-30 01:15:00,6855.9
2019-10-30 01:30:00,6852.0
2019-10-30 01:45:00,6852.1
2019-10-30 02:00:00,6838.7
2019-10-30 02:15:00,6840.7
2019-10-30 02:30:00,6841.0
2019-10-30 02:45:00,6842.1
2019-10-30 03:00:00,6843.6
2019-10-30 03:15:00,6847.4
2019-10-30 03:30:00,6849.1
2019-10-30 03:45:00,6853.1
2019-10-30 04:00:00,6863.6
2019-10-30 04:15:00,6869.0
2019-10-30 04:30:00,6879.6
2019-10-30 04:45:00,6888.3
2019-10-30 05:00:00,6910.5
2019-10-30 05:15:00,6923.2
2019-10-30 05:30:00,6941.7
2019-10-30 05:45:00,6969.0
2019-10-30 06:00:00,7023.2
2019-10-30 06:15:00,7065.7
2019-10-30 06:30:00,7088.9
2019-10-30 06:45:00,7111.7
2019-10-30 07:00:00,7134.3
2019-10-30 07:15:00,7144.6
2019-10-30 07:30:00,7153.9
2019-10-30 07:45:00,7164.9
2019-10-30 08:00:00,7181.0
2019-10-30 08:15:00,7188.1
2019-10-30 08:30:00,7186.3
2019-10-30 08:45:00,7190.2
2019-10-30 09:00:00,7183.3
2019-10-30 09:15:00,7184.8
2019-10-30 09:30:00,7188.8
2019-10-30 09:45:00,7186.8
2019-10-30 10:00:00,7194.3
2019-10-30 10:15:00,7193.9
2019-10-30 10:30:00,7198.4
2019-10-30 10:45:00,7204.3
2019-10-30 11:00:00,7203.4
2019-10-30 11:15:00,7205.5
2019-10-30 11:30:00,7208.5
2019-10-30 11:45:00,7210.0
2019-10-30 12:00:00,7201.3
2019-10-30 12:15:00,7198.1
2019-10-30 12:30:00,7200.1
2019-10-30 12:45:00,7194.1
2019-10-30 13:00:00,7199.3
2019-10-30 13:15:00,7194.7
2019-10-30 13:30:00,7185.9
2019-10-30 13:45:00,7177.5
2019-10-30 14:00:00,7175.8
2019-10-30 14:15:00,7172.0
2019-10-30 14:30:00,7169.9
2019-10-30 14:45:00,7167.2
2019-10-30 15:00:00,7161.6
2019-10-30 15:15:00,7153.8
2019-10-30 15:30:00,7147.7
2019-10-30 15:45:00,7144.2
2019-10-30 16:00:00,7138.4
2019-10-30 16:15:00,7135.7
2019-10-30 16:30:00,7142.8
2019-10-30 16:45:00,7152.8
2019-10-30 17:00:00,7181.6
2019-10-30 17:15:00,7204.2
2019-10-30 17:30:00,7215.5
2019-10-30 17:45:00,7222.9
2019-10-30 18:00:00,7206.7
2019-10-30 18:15:00,7198.6
2019-10-30 18:30:00,7192.6
2019-10-30 18:45:00,7189.1
2019-10-30 19:00:00,7189.7
2019-10-30 19:15:00,7182.5
2019-10-30 19:30:00,7172.8
2019-10-30 19:45:00,7162.4
2019-10-30 20:00:00,7139.9
2019-10-30 20:15:00,7120.9
2019-10-30 20:30:00,7102.2
2019-10-30 20:45:00,7088.0
2019-10-30 21:00:00,7075.0
2019-10-30 21:15:00,7066.4
2019-10-30 21:30:00,7057.3
2019-10-30 21:45:00,7038.4
2019-10-30 22:00:00,7013.3
2019-10-30 22:15:00,7004.5
2019-10-30 22:30:00,6985.7
2019-10-30 22:45:00,6965.9
2019-10-30 23:00:00,6948.8
2019-10-30 23:15:00,6935.5
2019-10-30 23:30:00,6916.1
2019-10-30 23:45:00,6906.6
2019-10-31 00:00:00,6885.1
2019-10-31 00:15:00,6874.9
2019-10-31 00:30:00,6864.3
2019-10-31 00:45:00,6860.8
2019-10-31 01:00:00,6847.6
2019-10-31 01:15:00,6843.9
2019-10-31 01:30:00,6838.8
2019-10-31 01:45:00,6834.0
2019-10-31 02:00:00,6833.8
2019-10-31 02:15:00,6835.0
2019-10-31 02:30:00,6835.7
2019-10-31 02:45:00,6836.0
2019-10-31 03:00:00,6841.1
2019-10-31 03:15:00,6842.2
2019-10-31 03:30:00,6842.0
2019-10-31 03:45:00,6843.3
2019-10-31 04:00:00,6849.3
2019-10-31 04:15:00,6849.9
2019-10-31 04:30:00,6854.5
2019-10-31 04:45:00,6864.6
2019-10-31 05:00:00,6879.8
2019-10-31 05:15:00,6884.1
2019-10-31 05:30:00,6895.9
2019-10-31 05:45:00,6907.3
2019-10-31 06:00:00,6944.6
2019-10-31 06:15:00,6972.5
2019-10-31 06:30:00,6994.0
2019-10-31 06:45:00,7012.3
2019-10-31 07:00:00,7036.0
2019-10-31 07:15:00,7049.2
2019-10-31 07:30:00,7060.2
2019-10-31 07:45:00,7077.4
2019-10-31 08:00:00,7093.8
2019-10-31 08:15:00,7102.3
2019-10-31 08:30:00,7105.2
2019-10-31 08:45:00,7109.0
2019-10-31 09:00:00,7104.4
2019-10-31 09:15:00,7113.4
2019-10-31 09:30:00,7121.5
2019-10-31 09:45:00,7124.6
2019-10-31 10:00:00,7119.3
2019-10-31 10:15:00,7123.8
2019-10-31 10:30:00,7127.6
2019-10-31 10:45:00,7129.3
2019-10-31 11:00:00,7127.9
2019-10-31 11:15:00,7133.5
2019-10-31 11:30:00,7135.1
2019-10-31 11:45:00,7134.6
2019-10-31 12:00:00,7118.8
2019-10-31 12:15:00,7112.3
2019-10-31 12:30:00,7110.5
2019-10-31 12:45:00,7107.6
2019-10-31 13:00:00,7106.7
2019-10-31 13:15:00,7102.7
2019-10-31 13:30:00,7092.5
2019-10-31 13:45:00,7087.8
2019-10-31 14:00:00,7085.1
2019-10-31 14:15:00,7075.7
2019-10-31 14:30:00,7071.7
2019-10-31 14:45:00,7065.5
2019-10-31 15:00:00,7063.3
2019-10-31 15:15:00,7053.2
2019-10-31 15:30:00,7050.9
2019-10-31 15:45:00,7047.2
2019-10-31 16:00:00,7046.6
2019-10-31 16:15:00,7044.2
2019-10-31 16:30:00,7046.1
2019-10-31 16:45:00,7052.6
2019-10-31 17:00:00,7081.2
2019-10-31 17:15:00,7105.0
2019-10-31 17:30:00,7117.9
2019-10-31 17:45:00,7122.5
2019-10-31 18:00:00,7119.9
2019-10-31 18:15:00,7116.1
2019-10-31 18:30:00,7112.0
2019-10-31 18:45:00,7107.6
2019-10-31 19:00:00,7105.2
2019-10-31 19:15:00,7096.3
2019-10-31 19:30:00,7092.1
2019-10-31 19:45:00,7087.6
2019-10-31 20:00:00,7065.9
2019-10-31 20:15:00,7046.8
2019-10-31 20:30:00,7033.4
2019-10-31 20:45:00,7024.9
2019-10-31 21:00:00,7009.1
2019-10-31 21:15:00,7001.5
2019-10-31 21:30:00,6990.7
2019-10-31 21:45:00,6982.6
2019-10-31 22:00:00,6970.8
2019-10-31 22:15:00,6957.7
2019-10-31 22:30:00,6942.1
2019-10-31 22:45:00,6922.1
2019-10-31 23:00:00,6899.4
2019-10-31 23:15:00,6884.4
2019-10-31 23:30:00,6872.5
2019-10-31 23:45:00,6863.9
2019-11-01 00:00:00,6842.2
2019-11-01 00:15:00,6831.0
2019-11-01 00:30:00,6819.4
2019-11-01 00:45:00,6810.4
2019-11-01 01:00:00,6798.8
2019-11-01 01:15:00,6794.8
2019-11-01 01:30:00,6792.6
2019-11-01 01:45:00,6784.5
2019-11-01 02:00:00,6778.6
2019-11-01 02:15:00,6776.9
2019-11-01 02:30:00,6775.4
2019-11-01 02:45:00,6774.6
2019-11-01 03:00:00,6780.2
2019-11-01 03:15:00,6781.6
2019-11-01 03:30:00,6783.8
2019-11-01 03:45:00,6778.3
2019-11-01 04:00:00,6788.7
2019-11-01 04:15:00,6792.2
2019-11-01 04:30:00,6796.2
2019-11-01 04:45:00,6798.5
2019-11-01 05:00:00,6803.6
2019-11-01 05:15:00,6805.0
2019-11-01 05:30:00,6810.6
2019-11-01 05:45:00,6814.3
2019-11-01 06:00:00,6827.7
2019-11-01 06:15:00,6840.3
2019-11-01 06:30:00,6849.8
2019-11-01 06:45:00,6860.8
2019-11-01 07:00:00,6876.3
2019-11-01 07:15:00,6887.4
2019-11-01 07:30:00,6896.8
2019-11-01 07:45:00,6909.5
2019-11-01 08:00:00,6931.0
2019-11-01 08:15:00,6945.0
2019-11-01 08:30:00,6956.8
2019-11-01 08:45:00,6963.9
2019-11-01 09:00:00,6961.6
2019-11-01 09:15:00,6966.8
2019-11-01 09:30:00,6971.1
2019-11-01 09:45:00,6975.2
2019-11-01 10:00:00,6978.5
2019-11-01 10:15:00,6983.9
2019-11-01 10:30:00,6989.4
2019-11-01 10:45:00,6998.8
2019-11-01 11:00:00,7003.9
2019-11-01 11:15:00,7012.9
2019-11-01 11:30:00,7019.6
2019-11-01 11:45:00,7023.0
2019-11-01 12:00:00,7027.7
2019-11-01 12:15:00,7026.4
2019-11-01 12:30:00,7020.5
2019-11-01 12:45:00,7018.6
2019-11-01 13:00:00,7012.9
2019-11-01 13:15:00,7005.4
2019-11-01 13:30:00,7000.0
2019-11-01 13:45:00,6991.7
2019-11-01 14:00:00,6991.2
2019-11-01 14:15:00,6984.8
2019-11-01 14:30:00,6982.6
2019-11-01 14:45:00,6978.7
2019-11-01 15:00:00,6989.5
2019-11-01 15:15:00,6985.1
2019-11-01 15:30:00,6987.0
2019-11-01 15:45:00,6987.5
2019-11-01 16:00:00,6993.7
2019-11-01 16:15:00,6994.8
2019-11-01 16:30:00,7004.9
2019-11-01 16:45:00,7017.5
2019-11-01 17:00:00,7050.1
2019-11-01 17:15:00,7063.8
2019-11-01 17:30:00,7071.9
2019-11-01 17:45:00,7075.1
2019-11-01 18:00:00,7068.5
2019-11-01 18:15:00,7061.2
2019-11-01 18:30:00,7055.2
2019-11-01 18:45:00,7048.1
2019-11-01 19:00:00,7045.3
2019-11-01 19:15:00,7032.7
2019-11-01 19:30:00,7023.0
2019-11-01 19:45:00,7013.9
2019-11-01 20:00:00,6994.9
2019-11-01 20:15:00,6976.8
2019-11-01 20:30:00,6963.4
2019-11-01 20:45:00,6953.5
2019-11-01 21:00:00,6940.7
2019-11-01 21:15:00,6930.9
2019-11-01 21:30:00,6921.5
2019-11-01 21:45:00,6916.1
2019-11-01 22:00:00,6918.7
2019-11-01 22:15:00,6901.5
2019-11-01 22:30:00,6889.2
2019-11-01 22:45:00,6874.0
2019-11-01 23:00:00,6856.2
2019-11-01 23:15:00,6841.8
2019-11-01 23:30:00,6830.0
2019-11-01 23:45:00,6819.2
2019-11-02 00:00:00,6798.8
2019-11-02 00:15:00,6790.5
2019-11-02 00:30:00,6779.7
2019-11-02 00:45:00,6769.9
2019-11-02 01:00:00,6759.6
2019-11-02 01:15:00,6751.6
2019-11-02 01:30:00,6748.8
2019-11-02 01:45:00,6744.0
2019-11-02 02:00:00,6741.4
2019-11-02 02:15:00,6737.0
2019-11-02 02:30:00,6734.9
2019-11-02 02:45:00,6733.1
2019-11-02 03:00:00,6734.2
2019-11-02 03:15:00,6733.4
2019-11-02 03:30:00,6733.5
2019-11-02 03:45:00,6732.5
2019-11-02 04:00:00,6739.1
2019-11-02 04:15:00,6741.2
2019-11-02 04:30:00,6745.3
2019-11-02 04:45:00,6748.8
2019-11-02 05:00:00,6760.8
2019-11-02 05:15:00,6764.3
2019-11-02 05:30:00,6764.7
2019-11-02 05:45:00,6777.4
2019-11-02 06:00:00,6792.8
2019-11-02 06:15:00,6801.8
2019-11-02 06:30:00,6810.2
2019-11-02 06:45:00,6818.8
2019-11-02 07:00:00,6836.6
2019-11-02 07:15:00,6843.2
2019-11-02 07:30:00,6853.4
2019-11-02 07:45:00,6872.7
2019-11-02 08:00:00,6892.5
2019-11-02 08:15:00,6905.6
2019-11-02 08:30:00,6922.2
2019-11-02 08:45:00,6931.3
2019-11-02 09:00:00,6945.6
2019-11-02 09:15:00,6951.2
2019-11-02 09:30:00,6952.6
2019-11-02 09:45:00,6958.4
2019-11-02 10:00:00,6962.9
2019-11-02 10:15:00,6965.7
2019-11-02 10:30:00,6971.0
2019-11-02 10:45:00,6975.9
2019-11-02 11:00:00,6984.8
2019-11-02 11:15:00,6991.4
2019-11-02 11:30:00,6999.4
2019-11-02 11:45:00,6998.9
2019-11-02 12:00:00,6996.1
2019-11-02 12:15:00,6995.0
2019-11-02 12:30:00,6990.6
2019-11-02 12:45:00,6993.3
2019-11-02 13:00:00,6990.2
2019-11-02 13:15:00,6984.9
2019-11-02 13:30:00,6980.5
2019-11-02 13:45:00,6967.0
2019-11-02 14:00:00,6961.8
2019-11-02 14:15:00,6958.2
2019-11-02 14:30:00,6954.7
2019-11-02 14:45:00,6947.3
2019-11-02 15:00:00,6944.2
2019-11-02 15:15:00,6941.0
2019-11-02 15:30:00,6940.0
2019-11-02 15:45:00,6938.5
2019-11-02 16:00:00,6947.7
2019-11-02 16:15:00,6945.8
2019-11-02 16:30:00,6955.0
2019-11-02 16:45:00,6969.5
2019-11-02 17:00:00,7002.8
2019-11-02 17:15:00,7024.3
2019-11-02 17:30:00,7043.4
2019-11-02 17:45:00,7048.9
2019-11-02 18:00:00,7047.4
2019-11-02 18:15:00,7040.2
2019-11-02 18:30:00,7031.4
2019-11-02 18:45:00,7025.2
2019-11-02 19:00:00,7011.6
2019-11-02 19:15:00,6998.4
2019-11-02 19:30:00,6983.0
2019-11-02 19:45:00,6973.2
2019-11-02 20:00:00,6958.7
2019-11-02 20:15:00,6936.6
2019-11-02 20:30:00,6926.4
2019-11-02 20:45:00,6914.0
2019-11-02 21:00:00,6904.1
2019-11-02 21:15:00,6898.1
2019-11-02 21:30:00,6892.2
2019-11-02 21:45:00,6889.4
2019-11-02 22:00:00,6886.4
2019-11-02 22:15:00,6883.9
2019-11-02 22:30:00,6871.6
2019-11-02 22:45:00,6856.6
2019-11-02 23:00:00,6834.4
2019-11-02 23:15:00,6820.5
2019-11-02 23:30:00,6809.4
2019-11-02 23:45:00,6792.9
2019-11-03 00:00:00,6769.6
2019-11-03 00:15:00,6756.7
2019-11-03 00:30:00,6746.3
2019-11-03 00:45:00,6735.4
2019-11-03 01:00:00,6730.6
2019-11-03 01:15:00,6722.9
2019-11-03 01:30:00,6709.5
2019-11-03 01:45:00,6707.1
2019-11-03 02:00:00,6709.3
2019-11-03 02:15:00,6709.2
2019-11-03 02:30:00,6702.6
2019-11-03 02:45:00,6704.9
2019-11-03 03:00:00,6705.5
2019-11-03 03:15:00,6698.0
2019-11-03 03:30:00,6692.1
2019-11-03 03:45:00,6693.6
2019-11-03 04:00:00,6698.2
2019-11-03 04:15:00,6704.0
2019-11-03 04:30:00,6710.2
2019-11-03 04:45:00,6706.2
2019-11-03 05:00:00,6706.6
2019-11-03 05:15:00,6706.1
2019-11-03 05:30:00,6700.7
2019-11-03 05:45:00,6697.7
2019-11-03 06:00:00,6695.0
2019-11-03 06:15:00,6695.0
2019-11-03 06:30:00,6698.6
2019-11-03 06:45:00,6700.9
2019-11-03 07:00:00,6711.8
2019-11-03 07:15:00,6718.5
2019-11-03 07:30:00,6727.1
2019-11-03 07:45:00,6737.2
2019-11-03 08:00:00,6759.4
2019-11-03 08:15:00,6776.5
2019-11-03 08:30:00,6789.9
2019-11-03 08:45:00,6802.4
2019-11-03 09:00:00,6815.5
2019-11-03 09:15:00,6826.1
2019-11-03 09:30:00,6837.0
2019-11-03 09:45:00,6844.6
2019-11-03 10:00:00,6857.6
2019-11-03 10:15:00,6871.3
2019-11-03 10:30:00,6876.6
2019-11-03 10:45:00,6890.3
2019-11-03 11:00:00,6899.6
2019-11-03 11:15:00,6915.6
2019-11-03 11:30:00,6924.8
2019-11-03 11:45:00,6923.8
2019-11-03 12:00:00,6920.5
2019-11-03 12:15:00,6916.7
2019-11-03 12:30:00,6911.7
2019-11-03 12:45:00,6901.7
2019-11-03 13:00:00,6895.3
2019-11-03 13:15:00,6884.8
2019-11-03 13:30:00,6878.4
2019-11-03 13:45:00,6867.7
2019-11-03 14:00:00,6862.7
2019-11-03 14:15:00,6860.7
2019-11-03 14:30:00,6854.4
2019-11-03 14:45:00,6850.6
2019-11-03 15:00:00,6859.2
2019-11-03 15:15:00,6857.2
2019-11-03 15:30:00,6856.6
2019-11-03 15:45:00,6853.0
2019-11-03 16:00:00,6857.4
2019-11-03 16:15:00,6865.4
2019-11-03 16:30:00,6876.3
2019-11-03 16:45:00,6895.0
2019-11-03 17:00:00,6922.2
2019-11-03 17:15:00,6939.4
2019-11-03 17:30:00,6950.2
2019-11-03 17:45:00,6960.4
2019-11-03 18:00:00,6966.7
2019-11-03 18:15:00,6959.8
2019-11-03 18:30:00,6957.3
2019-11-03 18:45:00,6949.1
2019-11-03 19:00:00,6941.4
2019-11-03 19:15:00,6933.0
2019-11-03 19:30:00,6928.3
2019-11-03 19:45:00,6915.4
2019-11-03 20:00:00,6907.1
2019-11-03 20:15:00,6890.7
2019-11-03 20:30:00,6884.2
2019-11-03 20:45:00,6871.9
2019-11-03 21:00:00,6864.7
2019-11-03 21:15:00,6853.3
2019-11-03 21:30:00,6846.7
2019-11-03 21:45:00,6843.9
2019-11-03 22:00:00,6846.5
2019-11-03 22:15:00,6837.3
2019-11-03 22:30:00,6820.9
2019-11-03 22:45:00,6811.4
2019-11-03 23:00:00,6798.4
2019-11-03 23:15:00,6787.4
2019-11-03 23:30:00,6777.9
2019-11-03 23:45:00,6767.1
2019-11-04 00:00:00,6755.5
2019-11-04 00:15:00,6746.3
2019-11-04 00:30:00,6743.9
2019-11-04 00:45:00,6741.2
2019-11-04 01:00:00,6732.9
2019-11-04 01:15:00,6734.1
2019-11-04 01:30:00,6732.7
2019-11-04 01:45:00,6730.2
2019-11-04 02:00:00,6719.6
2019-11-04 02:15:00,6720.4
2019-11-04 02:30:00,6726.0
2019-11-04 02:45:00,6729.4
2019-11-04 03:00:00,6729.1
2019-11-04 03:15:00,6739.8
2019-11-04 03:30:00,6746.0
2019-11-04 03:45:00,6751.3
2019-11-04 04:00:00,6762.1
2019-11-04 04:15:00,6772.0
2019-11-04 04:30:00,6783.4
2019-11-04 04:45:00,6793.7
2019-11-04 05:00:00,6812.6
2019-11-04 05:15:00,6829.3
2019-11-04 05:30:00,6856.3
2019-11-04 05:45:00,6897.0
2019-11-04 06:00:00,6951.9
2019-11-04 06:15:00,6997.8
2019-11-04 06:30:00,7037.4
2019-11-04 06:45:00,7072.1
2019-11-04 07:00:00,7103.1
2019-11-04 07:15:00,7115.9
2019-11-04 07:30:00,7120.9
2019-11-04 07:45:00,7135.3
2019-11-04 08:00:00,7151.1
2019-11-04 08:15:00,7155.5
2019-11-04 08:30:00,7163.9
2019-11-04 08:45:00,7166.1
2019-11-04 09:00:00,7155.1
2019-11-04 09:15:00,7159.9
2019-11-04 09:30:00,7172.6
2019-11-04 09:45:00,7174.8
2019-11-04 10:00:00,7182.2
2019-11-04 10:15:00,7187.6
2019-11-04 10:30:00,7189.8
2019-11-04 10:45:00,7188.0
2019-11-04 11:00:00,7188.8
2019-11-04 11:15:00,7190.1
2019-11-04 11:30:00,7185.9
2019-11-04 11:45:00,7190.2
2019-11-04 12:00:00,7179.9
2019-11-04 12:15:00,7179.8
2019-11-04 12:30:00,7181.0
2019-11-04 12:45:00,7184.6
2019-11-04 13:00:00,7191.6
2019-11-04 13:15:00,7179.4
2019-11-04 13:30:00,7166.6
2019-11-04 13:45:00,7157.4
2019-11-04 14:00:00,7163.5
2019-11-04 14:15:00,7162.6
2019-11-04 14:30:00,7157.0
2019-11-04 14:45:00,7148.6
2019-11-04 15:00:00,7157.5
2019-11-04 15:15:00,7151.9
2019-11-04 15:30:00,7149.1
2019-11-04 15:45:00,7143.2
2019-11-04 16:00:00,7143.0
2019-11-04 16:15:00,7143.4
2019-11-04 16:30:00,7146.7
2019-11-04 16:45:00,7159.0
2019-11-04 17:00:00,7178.0
2019-11-04 17:15:00,7200.1
2019-11-04 17:30:00,7209.9
2019-11-04 17:45:00,7215.0
2019-11-04 18:00:00,7209.7
2019-11-04 18:15:00,7201.9
2019-11-04 18:30:00,7198.2
2019-11-04 18:45:00,7195.1
2019-11-04 19:00:00,7188.0
2019-11-04 19:15:00,7174.8
2019-11-04 19:30:00,7167.9
2019-11-04 19:45:00,7157.8
2019-11-04 20:00:00,7139.1
2019-11-04 20:15:00,7109.3
2019-11-04 20:30:00,7091.0
2019-11-04 20:45:00,7082.2
2019-11-04 21:00:00,7065.6
2019-11-04 21:15:00,7047.9
2019-11-04 21:30:00,7030.5
2019-11-04 21:45:00,7012.9
2019-11-04 22:00:00,7005.1
2019-11-04 22:15:00,6988.6
2019-11-04 22:30:00,6968.7
2019-11-04 22:45:00,6947.2
2019-11-04 23:00:00,6919.8
2019-11-04 23:15:00,6903.3
2019-11-04 23:30:00,6890.8
2019-11-04 23:45:00,6882.3
2019-11-05 00:00:00,6859.8
2019-11-05 00:15:00,6861.1
2019-11-05 00:30:00,6850.0
2019-11-05 00:45:00,6839.1
2019-11-05 01:00:00,6827.8
2019-11-05 01:15:00,6822.5
2019-11-05 01:30:00,6820.3
2019-11-05 01:45:00,6809.3
2019-11-05 02:00:00,6812.6
2019-11-05 02:15:00,6812.2
2019-11-05 02:30:00,6816.4
2019-11-05 02:45:00,6817.2
2019-11-05 03:00:00,6819.7
2019-11-05 03:15:00,6819.9
2019-11-05 03:30:00,6821.4
2019-11-05 03:45:00,6825.5
2019-11-05 04:00:00,6836.8
2019-11-05 04:15:00,6841.8
2019-11-05 04:30:00,6852.5
2019-11-05 04:45:00,6866.1
2019-11-05 05:00:00,6889.2
2019-11-05 05:15:00,6905.4
2019-11-05 05:30:00,6923.0
2019-11-05 05:45:00,6952.3
2019-11-05 06:00:00,7003.4
2019-11-05 06:15:00,7040.9
2019-11-05 06:30:00,7074.7
2019-11-05 06:45:00,7106.9
2019-11-05 07:00:00,7139.3
2019-11-05 07:15:00,7152.9
2019-11-05 07:30:00,7163.8
2019-11-05 07:45:00,7174.8
2019-11-05 08:00:00,7181.3
2019-11-05 08:15:00,7187.6
2019-11-05 08:30:00,7192.7
2019-11-05 08:45:00,7192.3
2019-11-05 09:00:00,7184.8
2019-11-05 09:15:00,7190.0
2019-11-05 09:30:00,7194.0
2019-11-05 09:45:00,7198.6
2019-11-05 10:00:00,7200.3
2019-11-05 10:15:00,7201.6
2019-11-05 10:30:00,7207.1
2019-11-05 10:45:00,7213.9
2019-11-05 11:00:00,7215.1
2019-11-05 11:15:00,7218.8
2019-11-05 11:30:00,7221.3
2019-11-05 11:45:00,7223.0
2019-11-05 12:00:00,7212.2
2019-11-05 12:15:00,7205.5
2019-11-05 12:30:00,7206.4
2019-11-05 12:45:00,7209.2
2019-11-05 13:00:00,7209.1
2019-11-05 13:15:00,7204.3
2019-11-05 13:30:00,7194.6
2019-11-05 13:45:00,7185.5
2019-11-05 14:00:00,7183.6
2019-11-05 14:15:00,7176.7
2019-11-05 14:30:00,7177.2
2019-11-05 14:45:00,7174.0
2019-11-05 15:00:00,7179.5
2019-11-05 15:15:00,7174.8
2019-11-05 15:30:00,7169.8
2019-11-05 15:45:00,7164.6
2019-11-05 16:00:00,7173.7
2019-11-05 16:15:00,7175.0
2019-11-05 16:30:00,7181.5
2019-11-05 16:45:00,7194.9
2019-11-05 17:00:00,7217.0
2019-11-05 17:15:00,7232.1
2019-11-05 17:30:00,7242.2
2019-11-05 17:45:00,7245.8
2019-11-05 18:00:00,7234.9
2019-11-05 18:15:00,7225.0
2019-11-05 18:30:00,7223.4
2019-11-05 18:45:00,7221.1
2019-11-05 19:00:00,7213.8
2019-11-05 19:15:00,7199.1
2019-11-05 19:30:00,7191.5
2019-11-05 19:45:00,7181.4
2019-11-05 20:00:00,7156.5
2019-11-05 20:15:00,7134.3
2019-11-05 20:30:00,7112.6
2019-11-05 20:45:00,7094.7
2019-11-05 21:00:00,7088.4
2019-11-05 21:15:00,7072.1
2019-11-05 21:30:00,7048.2
2019-11-05 21:45:00,7036.2
2019-11-05 22:00:00,7022.2
2019-11-05 22:15:00,7008.3
2019-11-05 22:30:00,6982.8
2019-11-05 22:45:00,6967.8
2019-11-05 23:00:00,6949.4
2019-11-05 23:15:00,6927.4
2019-11-05 23:30:00,6914.6
2019-11-05 23:45:00,6901.1
2019-11-06 00:00:00,6884.9
2019-11-06 00:15:00,6872.5
2019-11-06 00:30:00,6859.9
2019-11-06 00:45:00,6856.6
2019-11-06 01:00:00,6857.6
2019-11-06 01:15:00,6850.4
2019-11-06 01:30:00,6845.9
2019-11-06 01:45:00,6841.3
2019-11-06 02:00:00,6838.7
2019-11-06 02:15:00,6837.6
2019-11-06 02:30:00,6837.7
2019-11-06 02:45:00,6834.6
2019-11-06 03:00:00,6849.5
2019-11-06 03:15:00,6854.0
2019-11-06 03:30:00,6851.3
2019-11-06 03:45:00,6855.3
2019-11-06 04:00:00,6869.2
2019-11-06 04:15:00,6875.3
2019-11-06 04:30:00,6879.3
2019-11-06 04:45:00,6892.2
2019-11-06 05:00:00,6910.9
2019-11-06 05:15:00,6924.8
2019-11-06 05:30:00,6944.1
2019-11-06 05:45:00,6972.9
2019-11-06 06:00:00,7030.5
2019-11-06 06:15:00,7070.4
2019-11-06 06:30:00,7104.2
2019-11-06 06:45:00,7135.5
2019-11-06 07:00:00,7168.6
2019-11-06 07:15:00,7174.5
2019-11-06 07:30:00,7180.3
2019-11-06 07:45:00,7189.4
2019-11-06 08:00:00,7201.6
2019-11-06 08:15:00,7214.3
2019-11-06 08:30:00,7213.4
2019-11-06 08:45:00,7220.0
2019-11-06 09:00:00,7214.0
2019-11-06 09:15:00,7214.8
2019-11-06 09:30:00,7215.1
2019-11-06 09:45:00,7218.1
2019-11-06 10:00:00,7220.7
2019-11-06 10:15:00,7223.3
2019-11-06 10:30:00,7225.0
2019-11-06 10:45:00,7224.0
2019-11-06 11:00:00,7226.5
2019-11-06 11:15:00,7236.7
2019-11-06 11:30:00,7238.5
2019-11-06 11:45:00,7243.0
2019-11-06 12:00:00,7231.1
2019-11-06 12:15:00,7229.9
2019-11-06 12:30:00,7229.3
2019-11-06 12:45:00,7226.2
2019-11-06 13:00:00,7230.0
2019-11-06 13:15:00,7223.0
2019-11-06 13:30:00,7218.5
2019-11-06 13:45:00,7209.9
2019-11-06 14:00:00,7210.2
2019-11-06 14:15:00,7208.0
2019-11-06 14:30:00,7204.7
2019-11-06 14:45:00,7200.7
2019-11-06 15:00:00,7206.3
2019-11-06 15:15:00,7198.6
2019-11-06 15:30:00,7193.9
2019-11-06 15:45:00,7188.5
2019-11-06 16:00:00,7189.3
2019-11-06 16:15:00,7185.1
2019-11-06 16:30:00,7191.9
2019-11-06 16:45:00,7204.8
2019-11-06 17:00:00,7229.3
2019-11-06 17:15:00,7244.5
2019-11-06 17:30:00,7246.9
2019-11-06 17:45:00,7249.2
2019-11-06 18:00:00,7241.7
2019-11-06 18:15:00,7229.3
2019-11-06 18:30:00,7228.2
2019-11-06 18:45:00,7220.3
2019-11-06 19:00:00,7207.8
2019-11-06 19:15:00,7190.6
2019-11-06 19:30:00,7180.2
2019-11-06 19:45:00,7172.0
2019-11-06 20:00:00,7144.5
2019-11-06 20:15:00,7122.4
2019-11-06 20:30:00,7107.4
2019-11-06 20:45:00,7090.5
2019-11-06 21:00:00,7079.5
2019-11-06 21:15:00,7064.4
2019-11-06 21:30:00,7047.0
2019-11-06 21:45:00,7033.0
2019-11-06 22:00:00,7030.5
2019-11-06 22:15:00,7011.1
2019-11-06 22:30:00,6993.6
2019-11-06 22:45:00,6972.8
2019-11-06 23:00:00,6951.0
2019-11-06 23:15:00,6936.3
2019-11-06 23:30:00,6919.2
2019-11-06 23:45:00,6908.5
2019-11-07 00:00:00,6887.5
2019-11-07 00:15:00,6874.8
2019-11-07 00:30:00,6867.3
2019-11-07 00:45:00,6860.1
2019-11-07 01:00:00,6848.4
2019-11-07 01:15:00,6849.9
2019-11-07 01:30:00,6844.6
2019-11-07 01:45:00,6840.2
2019-11-07 02:00:00,6833.0
2019-11-07 02:15:00,6831.4
2019-11-07 02:30:00,6835.2
2019-11-07 02:45:00,6835.4
2019-11-07 03:00:00,6841.0
2019-11-07 03:15:00,6842.8
2019-11-07 03:30:00,6847.2
2019-11-07 03:45:00,6851.8
2019-11-07 04:00:00,6853.6
2019-11-07 04:15:00,6865.0
2019-11-07 04:30:00,6878.6
2019-11-07 04:45:00,6887.0
2019-11-07 05:00:00,6908.3
2019-11-07 05:15:00,6921.4
2019-11-07 05:30:00,6943.9
2019-11-07 05:45:00,6968.2
2019-11-07 06:00:00,7024.9
2019-11-07 06:15:00,7068.9
2019-11-07 06:30:00,7105.6
2019-11-07 06:45:00,7135.3
2019-11-07 07:00:00,7169.8
2019-11-07 07:15:00,7183.3
2019-11-07 07:30:00,7187.6
2019-11-07 07:45:00,7193.9
2019-11-07 08:00:00,7207.1
2019-11-07 08:15:00,7212.1
2019-11-07 08:30:00,7218.3
2019-11-07 08:45:00,7221.8
2019-11-07 09:00:00,7213.7
2019-11-07 09:15:00,7217.9
2019-11-07 09:30:00,7223.3
2019-11-07 09:45:00,7224.9
2019-11-07 10:00:00,7222.9
2019-11-07 10:15:00,7228.8
2019-11-07 10:30:00,7233.4
2019-11-07 10:45:00,7237.2
2019-11-07 11:00:00,7241.5
2019-11-07 11:15:00,7250.4
2019-11-07 11:30:00,7251.8
2019-11-07 11:45:00,7249.9
2019-11-07 12:00:00,7240.4
2019-11-07 12:15:00,7235.5
2019-11-07 12:30:00,7234.2
2019-11-07 12:45:00,7236.4
2019-11-07 13:00:00,7240.9
2019-11-07 13:15:00,7239.2
2019-11-07 13:30:00,7231.8
2019-11-07 13:45:00,7222.2
2019-11-07 14:00:00,7217.6
2019-11-07 14:15:00,7216.8
2019-11-07 14:30:00,7218.5
2019-11-07 14:45:00,7215.2
2019-11-07 15:00:00,7218.1
2019-11-07 15:15:00,7217.0
2019-11-07 15:30:00,7214.8
2019-11-07 15:45:00,7212.5
2019-11-07 16:00:00,7210.4
2019-11-07 16:15:00,7211.6
2019-11-07 16:30:00,7220.9
2019-11-07 16:45:00,7233.1
2019-11-07 17:00:00,7250.0
2019-11-07 17:15:00,7261.9
2019-11-07 17:30:00,7271.9
2019-11-07 17:45:00,7275.6
2019-11-07 18:00:00,7272.2
2019-11-07 18:15:00,7263.4
2019-11-07 18:30:00,7260.4
2019-11-07 18:45:00,7254.2
2019-11-07 19:00:00,7247.8
2019-11-07 19:15:00,7237.7
2019-11-07 19:30:00,7226.9
2019-11-07 19:45:00,7210.8
2019-11-07 20:00:00,7181.9
2019-11-07 20:15:00,7158.9
2019-11-07 20:30:00,7139.9
2019-11-07 20:45:00,7124.7
2019-11-07 21:00:00,7107.8
2019-11-07 21:15:00,7092.5
2019-11-07 21:30:00,7072.3
2019-11-07 21:45:00,7059.2
2019-11-07 22:00:00,7050.1
2019-11-07 22:15:00,7029.8
2019-11-07 22:30:00,7013.1
2019-11-07 22:45:00,6996.1
2019-11-07 23:00:00,6975.7
2019-11-07 23:15:00,6955.3
2019-11-07 23:30:00,6939.0
2019-11-07 23:45:00,6924.2
2019-11-08 00:00:00,6902.3
2019-11-08 00:15:00,6890.7
2019-11-08 00:30:00,6882.4
2019-11-08 00:45:00,6878.4
2019-11-08 01:00:00,6871.8
2019-11-08 01:15:00,6870.6
2019-11-08 01:30:00,6867.6
2019-11-08 01:45:00,6864.3
2019-11-08 02:00:00,6849.5
2019-11-08 02:15:00,6849.6
2019-11-08 02:30:00,6851.0
2019-11-08 02:45:00,6857.1
2019-11-08 03:00:00,6853.5
2019-11-08 03:15:00,6856.5
2019-11-08 03:30:00,6859.6
2019-11-08 03:45:00,6860.5
2019-11-08 04:00:00,6877.4
2019-11-08 04:15:00,6883.0
2019-11-08 04:30:00,6888.0
2019-11-08 04:45:00,6898.5
2019-11-08 05:00:00,6917.4
2019-11-08 05:15:00,6927.7
2019-11-08 05:30:00,6953.6
2019-11-08 05:45:00,6981.3
2019-11-08 06:00:00,7037.6
2019-11-08 06:15:00,7076.4
2019-11-08 06:30:00,7103.5
2019-11-08 06:45:00,7129.5
2019-11-08 07:00:00,7163.9
2019-11-08 07:15:00,7173.9
2019-11-08 07:30:00,7181.1
2019-11-08 07:45:00,7190.5
2019-11-08 08:00:00,7197.3
2019-11-08 08:15:00,7208.7
2019-11-08 08:30:00,7212.9
2019-11-08 08:45:00,7210.2
2019-11-08 09:00:00,7210.9
2019-11-08 09:15:00,7210.4
2019-11-08 09:30:00,7217.7
2019-11-08 09:45:00,7218.1
2019-11-08 10:00:00,7216.5
2019-11-08 10:15:00,7218.4
2019-11-08 10:30:00,7221.1
2019-11-08 10:45:00,7221.8
2019-11-08 11:00:00,7227.9
2019-11-08 11:15:00,7234.9
2019-11-08 11:30:00,7234.7
2019-11-08 11:45:00,7229.3
2019-11-08 12:00:00,7217.8
2019-11-08 12:15:00,7208.8
2019-11-08 12:30:00,7205.9
2019-11-08 12:45:00,7204.7
2019-11-08 13:00:00,7206.9
2019-11-08 13:15:00,7198.4
2019-11-08 13:30:00,7191.1
2019-11-08 13:45:00,7180.2
2019-11-08 14:00:00,7179.0
2019-11-08 14:15:00,7173.0
2019-11-08 14:30:00,7174.3
2019-11-08 14:45:00,7169.4
2019-11-08 15:00:00,7156.4
2019-11-08 15:15:00,7153.4
2019-11-08 15:30:00,7150.7
2019-11-08 15:45:00,7149.4
2019-11-08 16:00:00,7154.1
2019-11-08 16:15:00,7155.8
2019-11-08 16:30:00,7159.4
2019-11-08 16:45:00,7170.0
2019-11-08 17:00:00,7187.6
2019-11-08 17:15:00,7194.7
2019-11-08 17:30:00,7199.9
2019-11-08 17:45:00,7198.6
2019-11-08 18:00:00,7196.7
2019-11-08 18:15:00,7188.5
2019-11-08 18:30:00,7180.1
2019-11-08 18:45:00,7174.8
2019-11-08 19:00:00,7161.9
2019-11-08 19:15:00,7147.5
2019-11-08 19:30:00,7137.4
2019-11-08 19:45:00,7122.4
2019-11-08 20:00:00,7102.3
2019-11-08 20:15:00,7082.3
2019-11-08 20:30:00,7065.0
2019-11-08 20:45:00,7051.5
2019-11-08 21:00:00,7037.4
2019-11-08 21:15:00,7027.7
2019-11-08 21:30:00,7013.1
2019-11-08 21:45:00,7001.2
2019-11-08 22:00:00,6993.8
2019-11-08 22:15:00,6977.9
2019-11-08 22:30:00,6958.3
2019-11-08 22:45:00,6940.5
2019-11-08 23:00:00,6917.7
2019-11-08 23:15:00,6902.1
2019-11-08 23:30:00,6889.2
2019-11-08 23:45:00,6871.3
2019-11-09 00:00:00,6856.6
2019-11-09 00:15:00,6842.6
2019-11-09 00:30:00,6831.4
2019-11-09 00:45:00,6827.6
2019-11-09 01:00:00,6817.6
2019-11-09 01:15:00,6811.3
2019-11-09 01:30:00,6806.3
2019-11-09 01:45:00,6799.0
2019-11-09 02:00:00,6792.5
2019-11-09 02:15:00,6792.4
2019-11-09 02:30:00,6792.9
2019-11-09 02:45:00,6788.4
2019-11-09 03:00:00,6786.2
2019-11-09 03:15:00,6786.9
2019-11-09 03:30:00,6789.5
2019-11-09 03:45:00,6791.8
2019-11-09 04:00:00,6792.6
2019-11-09 04:15:00,6792.3
2019-11-09 04:30:00,6791.5
2019-11-09 04:45:00,6794.1
2019-11-09 05:00:00,6803.9
2019-11-09 05:15:00,6801.4
2019-11-09 05:30:00,6799.0
2019-11-09 05:45:00,6803.8
2019-11-09 06:00:00,6818.8
2019-11-09 06:15:00,6827.6
2019-11-09 06:30:00,6830.4
2019-11-09 06:45:00,6845.0
2019-11-09 07:00:00,6857.5
2019-11-09 07:15:00,6865.9
2019-11-09 07:30:00,6879.5
2019-11-09 07:45:00,6897.5
2019-11-09 08:00:00,6926.4
2019-11-09 08:15:00,6944.0
2019-11-09 08:30:00,6959.8
2019-11-09 08:45:00,6974.5
2019-11-09 09:00:00,6975.3
2019-11-09 09:15:00,6982.4
2019-11-09 09:30:00,6995.0
2019-11-09 09:45:00,7003.2
2019-11-09 10:00:00,7019.1
2019-11-09 10:15:00,7021.3
2019-11-09 10:30:00,7024.3
2019-11-09 10:45:00,7031.8
2019-11-09 11:00:00,7036.5
2019-11-09 11:15:00,7042.3
2019-11-09 11:30:00,7045.5
2019-11-09 11:45:00,7045.9
2019-11-09 12:00:00,7040.6
2019-11-09 12:15:00,7035.4
2019-11-09 12:30:00,7027.9
2019-11-09 12:45:00,7018.2
2019-11-09 13:00:00,7012.8
2019-11-09 13:15:00,7004.8
2019-11-09 13:30:00,6995.5
2019-11-09 13:45:00,6985.9
2019-11-09 14:00:00,6985.0
2019-11-09 14:15:00,6980.7
2019-11-09 14:30:00,6972.9
2019-11-09 14:45:00,6972.2
2019-11-09 15:00:00,6975.0
2019-11-09 15:15:00,6971.8
2019-11-09 15:30:00,6971.3
2019-11-09 15:45:00,6969.3
2019-11-09 16:00:00,6971.2
2019-11-09 16:15:00,6973.3
2019-11-09 16:30:00,6981.5
2019-11-09 16:45:00,7000.5
2019-11-09 17:00:00,7030.7
2019-11-09 17:15:00,7047.1
2019-11-09 17:30:00,7058.4
2019-11-09 17:45:00,7060.3
2019-11-09 18:00:00,7059.2
2019-11-09 18:15:00,7055.1
2019-11-09 18:30:00,7046.4
2019-11-09 18:45:00,7038.0
2019-11-09 19:00:00,7030.7
2019-11-09 19:15:00,7022.2
2019-11-09 19:30:00,7015.2
2019-11-09 19:45:00,7002.2
2019-11-09 20:00:00,6978.1
2019-11-09 20:15:00,6955.8
2019-11-09 20:30:00,6943.1
2019-11-09 20:45:00,6932.4
2019-11-09 21:00:00,6927.7
2019-11-09 21:15:00,6918.8
2019-11-09 21:30:00,6910.0
2019-11-09 21:45:00,6899.1
2019-11-09 22:00:00,6908.2
2019-11-09 22:15:00,6898.9
2019-11-09 22:30:00,6883.4
2019-11-09 22:45:00,6870.5
2019-11-09 23:00:00,6860.1
2019-11-09 23:15:00,6848.9
2019-11-09 23:30:00,6831.5
2019-11-09 23:45:00,6824.4
2019-11-10 00:00:00,6814.7
2019-11-10 00:15:00,6812.3
2019-11-10 00:30:00,6807.7
2019-11-10 00:45:00,6801.0
2019-11-10 01:00:00,6784.8
2019-11-10 01:15:00,6779.1
2019-11-10 01:30:00,6774.6
2019-11-10 01:45:00,6771.1
2019-11-10 02:00:00,6763.8
2019-11-10 02:15:00,6757.4
2019-11-10 02:30:00,6756.8
2019-11-10 02:45:00,6753.5
2019-11-10 03:00:00,6746.7
2019-11-10 03:15:00,6747.3
2019-11-10 03:30:00,6746.4
2019-11-10 03:45:00,6745.8
2019-11-10 04:00:00,6746.9
2019-11-10 04:15:00,6744.8
2019-11-10 04:30:00,6750.7
2019-11-10 04:45:00,6745.6
2019-11-10 05:00:00,6749.2
2019-11-10 05:15:00,6748.4
2019-11-10 05:30:00,6746.2
2019-11-10 05:45:00,6745.0
2019-11-10 06:00:00,6739.8
2019-11-10 06:15:00,6738.9
2019-11-10 06:30:00,6744.6
2019-11-10 06:45:00,6751.0
2019-11-10 07:00:00,6759.8
2019-11-10 07:15:00,6762.6
2019-11-10 07:30:00,6772.0
2019-11-10 07:45:00,6786.6
2019-11-10 08:00:00,6805.9
2019-11-10 08:15:00,6822.9
2019-11-10 08:30:00,6837.7
2019-11-10 08:45:00,6849.5
2019-11-10 09:00:00,6867.2
2019-11-10 09:15:00,6880.9
2019-11-10 09:30:00,6888.9
2019-11-10 09:45:00,6902.5
2019-11-10 10:00:00,6909.0
2019-11-10 10:15:00,6915.0
2019-11-10 10:30:00,6923.8
2019-11-10 10:45:00,6931.8
2019-11-10 11:00:00,6942.7
2019-11-10 11:15:00,6953.4
2019-11-10 11:30:00,6957.1
2019-11-10 11:45:00,6953.9
2019-11-10 12:00:00,6948.2
2019-11-10 12:15:00,6940.7
2019-11-10 12:30:00,6934.4
2019-11-10 12:45:00,6929.3
2019-11-10 13:00:00,6921.5
2019-11-10 13:15:00,6920.1
2019-11-10 13:30:00,6914.4
2019-11-10 13:45:00,6896.8
2019-11-10 14:00:00,6898.9
2019-11-10 14:15:00,6887.0
2019-11-10 14:30:00,6888.4
2019-11-10 14:45:00,6884.1
2019-11-10 15:00:00,6889.6
2019-11-10 15:15:00,6886.6
2019-11-10 15:30:00,6888.8
2019-11-10 15:45:00,6893.7
2019-11-10 16:00:00,6906.2
2019-11-10 16:15:00,6913.4
2019-11-10 16:30:00,6925.1
2019-11-10 16:45:00,6950.8
2019-11-10 17:00:00,6972.8
2019-11-10 17:15:00,6992.6
2019-11-10 17:30:00,7000.8
2019-11-10 17:45:00,7002.6
2019-11-10 18:00:00,7008.0
2019-11-10 18:15:00,7007.7
2019-11-10 18:30:00,7002.9
2019-11-10 18:45:00,6997.1
2019-11-10 19:00:00,6982.5
2019-11-10 19:15:00,6971.4
2019-11-10 19:30:00,6962.1
2019-11-10 19:45:00,6954.9
2019-11-10 20:00:00,6953.1
2019-11-10 20:15:00,6940.7
2019-11-10 20:30:00,6927.2
2019-11-10 20:45:00,6916.3
2019-11-10 21:00:00,6924.5
2019-11-10 21:15:00,6921.4
2019-11-10 21:30:00,6918.6
2019-11-10 21:45:00,6916.7
2019-11-10 22:00:00,6927.1
2019-11-10 22:15:00,6917.2
2019-11-10 22:30:00,6907.9
2019-11-10 22:45:00,6896.9
2019-11-10 23:00:00,6872.1
2019-11-10 23:15:00,6855.3
2019-11-10 23:30:00,6844.8
2019-11-10 23:45:00,6835.9
2019-11-11 00:00:00,6827.4
2019-11-11 00:15:00,6818.9
2019-11-11 00:30:00,6820.5
2019-11-11 00:45:00,6814.1
2019-11-11 01:00:00,6803.6
2019-11-11 01:15:00,6796.7
2019-11-11 01:30:00,6797.9
2019-11-11 01:45:00,6796.3
2019-11-11 02:00:00,6788.9
2019-11-11 02:15:00,6788.6
2019-11-11 02:30:00,6790.8
2019-11-11 02:45:00,6792.4
2019-11-11 03:00:00,6795.6
2019-11-11 03:15:00,6798.5
2019-11-11 03:30:00,6801.7
2019-11-11 03:45:00,6807.4
2019-11-11 04:00:00,6820.3
2019-11-11 04:15:00,6830.0
2019-11-11 04:30:00,6840.7
2019-11-11 04:45:00,6850.3
2019-11-11 05:00:00,6883.2
2019-11-11 05:15:00,6897.3
2019-11-11 05:30:00,6916.3
2019-11-11 05:45:00,6947.0
2019-11-11 06:00:00,7002.0
2019-11-11 06:15:00,7047.0
2019-11-11 06:30:00,7087.8
2019-11-11 06:45:00,7121.6
2019-11-11 07:00:00,7161.3
2019-11-11 07:15:00,7181.8
2019-11-11 07:30:00,7191.1
2019-11-11 07:45:00,7202.4
2019-11-11 08:00:00,7208.2
2019-11-11 08:15:00,7216.6
2019-11-11 08:30:00,7228.1
2019-11-11 08:45:00,7234.9
2019-11-11 09:00:00,7227.0
2019-11-11 09:15:00,7235.1
2019-11-11 09:30:00,7238.0
2019-11-11 09:45:00,7244.1
2019-11-11 10:00:00,7239.2
2019-11-11 10:15:00,7240.4
2019-11-11 10:30:00,7245.1
2019-11-11 10:45:00,7242.9
2019-11-11 11:00:00,7246.7
2019-11-11 11:15:00,7248.7
2019-11-11 11:30:00,7249.8
2019-11-11 11:45:00,7248.8
2019-11-11 12:00:00,7249.6
2019-11-11 12:15:00,7248.8
2019-11-11 12:30:00,7255.3
2019-11-11 12:45:00,7256.9
2019-11-11 13:00:00,7251.8
2019-11-11 13:15:00,7245.6
2019-11-11 13:30:00,7242.1
2019-11-11 13:45:00,7236.1
2019-11-11 14:00:00,7235.4
2019-11-11 14:15:00,7238.3
2019-11-11 14:30:00,7238.1
2019-11-11 14:45:00,7235.6
2019-11-11 15:00:00,7236.2
2019-11-11 15:15:00,7233.8
2019-11-11 15:30:00,7234.7
2019-11-11 15:45:00,7230.6
2019-11-11 16:00:00,7236.1
2019-11-11 16:15:00,7236.7
2019-11-11 16:30:00,7245.0
2019-11-11 16:45:00,7261.7
2019-11-11 17:00:00,7277.5
2019-11-11 17:15:00,7284.4
2019-11-11 17:30:00,7288.4
2019-11-11 17:45:00,7284.5
2019-11-11 18:00:00,7284.7
2019-11-11 18:15:00,7277.8
2019-11-11 18:30:00,7280.4
2019-11-11 18:45:00,7277.2
2019-11-11 19:00:00,7272.0
2019-11-11 19:15:00,7255.9
2019-11-11 19:30:00,7251.2
2019-11-11 19:45:00,7241.8
2019-11-11 20:00:00,7209.7
2019-11-11 20:15:00,7186.9
2019-11-11 20:30:00,7173.3
2019-11-11 20:45:00,7153.8
2019-11-11 21:00:00,7125.3
2019-11-11 21:15:00,7110.8
2019-11-11 21:30:00,7098.6
2019-11-11 21:45:00,7082.8
2019-11-11 22:00:00,7065.8
2019-11-11 22:15:00,7054.7
2019-11-11 22:30:00,7036.1
2019-11-11 22:45:00,7019.0
2019-11-11 23:00:00,6999.2
2019-11-11 23:15:00,6977.4
2019-11-11 23:30:00,6965.8
2019-11-11 23:45:00,6950.4
2019-11-12 00:00:00,6924.0
2019-11-12 00:15:00,6915.8
2019-11-12 00:30:00,6909.4
2019-11-12 00:45:00,6900.2
2019-11-12 01:00:00,6890.0
2019-11-12 01:15:00,6883.4
2019-11-12 01:30:00,6879.6
2019-11-12 01:45:00,6874.1
2019-11-12 02:00:00,6870.0
2019-11-12 02:15:00,6868.0
2019-11-12 02:30:00,6866.9
2019-11-12 02:45:00,6864.6
2019-11-12 03:00:00,6873.9
2019-11-12 03:15:00,6874.4
2019-11-12 03:30:00,6873.0
2019-11-12 03:45:00,6872.3
2019-11-12 04:00:00,6885.9
2019-11-12 04:15:00,6894.6
2019-11-12 04:30:00,6903.3
2019-11-12 04:45:00,6913.5
2019-11-12 05:00:00,6945.0
2019-11-12 05:15:00,6957.3
2019-11-12 05:30:00,6978.5
2019-11-12 05:45:00,6996.4
2019-11-12 06:00:00,7052.8
2019-11-12 06:15:00,7088.9
2019-11-12 06:30:00,7118.4
2019-11-12 06:45:00,7143.3
2019-11-12 07:00:00,7182.7
2019-11-12 07:15:00,7199.2
2019-11-12 07:30:00,7207.9
2019-11-12 07:45:00,7218.4
2019-11-12 08:00:00,7227.4
2019-11-12 08:15:00,7236.2
2019-11-12 08:30:00,7240.4
2019-11-12 08:45:00,7239.8
2019-11-12 09:00:00,7237.3
2019-11-12 09:15:00,7241.9
2019-11-12 09:30:00,7244.7
2019-11-12 09:45:00,7246.9
2019-11-12 10:00:00,7245.4
2019-11-12 10:15:00,7249.3
2019-11-12 10:30:00,7260.8
2019-11-12 10:45:00,7266.2
2019-11-12 11:00:00,7265.8
2019-11-12 11:15:00,7272.3
2019-11-12 11:30:00,7269.1
2019-11-12 11:45:00,7267.9
2019-11-12 12:00:00,7267.3
2019-11-12 12:15:00,7267.4
2019-11-12 12:30:00,7266.2
2019-11-12 12:45:00,7265.5
2019-11-12 13:00:00,7262.1
2019-11-12 13:15:00,7249.8
2019-11-12 13:30:00,7244.9
2019-11-12 13:45:00,7229.5
2019-11-12 14:00:00,7241.4
2019-11-12 14:15:00,7238.6
2019-11-12 14:30:00,7231.4
2019-11-12 14:45:00,7227.5
2019-11-12 15:00:00,7227.1
2019-11-12 15:15:00,7222.4
2019-11-12 15:30:00,7214.4
2019-11-12 15:45:00,7212.1
2019-11-12 16:00:00,7211.9
2019-11-12 16:15:00,7214.9
2019-11-12 16:30:00,7224.9
2019-11-12 16:45:00,7241.3
2019-11-12 17:00:00,7259.9
2019-11-12 17:15:00,7271.6
2019-11-12 17:30:00,7277.1
2019-11-12 17:45:00,7276.5
2019-11-12 18:00:00,7280.7
2019-11-12 18:15:00,7273.3
2019-11-12 18:30:00,7264.6
2019-11-12 18:45:00,7262.7
2019-11-12 19:00:00,7253.3
2019-11-12 19:15:00,7243.5
2019-11-12 19:30:00,7236.8
2019-11-12 19:45:00,7226.4
2019-11-12 20:00:00,7206.4
2019-11-12 20:15:00,7185.4
2019-11-12 20:30:00,7166.0
2019-11-12 20:45:00,7149.8
2019-11-12 21:00:00,7133.1
2019-11-12 21:15:00,7119.6
2019-11-12 21:30:00,7099.0
2019-11-12 21:45:00,7081.4
2019-11-12 22:00:00,7077.5
2019-11-12 22:15:00,7062.4
2019-11-12 22:30:00,7042.3
2019-11-12 22:45:00,7029.8
2019-11-12 23:00:00,7007.1
2019-11-12 23:15:00,6990.0
2019-11-12 23:30:00,6972.1
2019-11-12 23:45:00,6959.3
2019-11-13 00:00:00,6931.3
2019-11-13 00:15:00,6921.9
2019-11-13 00:30:00,6916.1
2019-11-13 00:45:00,6907.3
2019-11-13 01:00:00,6903.9
2019-11-13 01:15:00,6900.3
2019-11-13 01:30:00,6896.5
2019-11-13 01:45:00,6893.6
2019-11-13 02:00:00,6879.1
2019-11-13 02:15:00,6876.0
2019-11-13 02:30:00,6879.1
2019-11-13 02:45:00,6880.0
2019-11-13 03:00:00,6882.1
2019-11-13 03:15:00,6884.9
2019-11-13 03:30:00,6889.8
2019-11-13 03:45:00,6892.8
2019-11-13 04:00:00,6907.5
2019-11-13 04:15:00,6911.2
2019-11-13 04:30:00,6918.0
2019-11-13 04:45:00,6928.7
2019-11-13 05:00:00,6954.0
2019-11-13 05:15:00,6962.8
2019-11-13 05:30:00,6978.5
2019-11-13 05:45:00,6997.2
2019-11-13 06:00:00,7036.1
2019-11-13 06:15:00,7075.4
2019-11-13 06:30:00,7110.3
2019-11-13 06:45:00,7137.8
2019-11-13 07:00:00,7172.9
2019-11-13 07:15:00,7186.6
2019-11-13 07:30:00,7192.7
2019-11-13 07:45:00,7198.4
2019-11-13 08:00:00,7210.5
2019-11-13 08:15:00,7218.6
2019-11-13 08:30:00,7219.4
2019-11-13 08:45:00,7211.0
2019-11-13 09:00:00,7202.6
2019-11-13 09:15:00,7207.2
2019-11-13 09:30:00,7210.3
2019-11-13 09:45:00,7210.8
2019-11-13 10:00:00,7210.2
2019-11-13 10:15:00,7210.8
2019-11-13 10:30:00,7218.3
2019-11-13 10:45:00,7222.0
2019-11-13 11:00:00,7224.3
2019-11-13 11:15:00,7233.6
2019-11-13 11:30:00,7238.1
2019-11-13 11:45:00,7236.5
2019-11-13 12:00:00,7228.4
2019-11-13 12:15:00,7226.9
2019-11-13 12:30:00,7222.6
2019-11-13 12:45:00,7227.6
2019-11-13 13:00:00,7230.1
2019-11-13 13:15:00,7228.0
2019-11-13 13:30:00,7221.8
2019-11-13 13:45:00,7211.1
2019-11-13 14:00:00,7200.5
2019-11-13 14:15:00,7197.7
2019-11-13 14:30:00,7194.6
2019-11-13 14:45:00,7191.7
2019-11-13 15:00:00,7197.5
2019-11-13 15:15:00,7194.2
2019-11-13 15:30:00,7190.6
2019-11-13 15:45:00,7186.7
2019-11-13 16:00:00,7190.9
2019-11-13 16:15:00,7194.4
2019-11-13 16:30:00,7203.3
2019-11-13 16:45:00,7220.0
2019-11-13 17:00:00,7236.4
2019-11-13 17:15:00,7242.6
2019-11-13 17:30:00,7244.1
2019-11-13 17:45:00,7242.4
2019-11-13 18:00:00,7240.2
2019-11-13 18:15:00,7233.3
2019-11-13 18:30:00,7226.3
2019-11-13 18:45:00,7225.0
2019-11-13 19:00:00,7213.8
2019-11-13 19:15:00,7204.0
2019-11-13 19:30:00,7195.1
2019-11-13 19:45:00,7179.8
2019-11-13 20:00:00,7164.7
2019-11-13 20:15:00,7145.1
2019-11-13 20:30:00,7128.6
2019-11-13 20:45:00,7115.3
2019-11-13 21:00:00,7102.3
2019-11-13 21:15:00,7087.8
2019-11-13 21:30:00,7071.9
2019-11-13 21:45:00,7054.1
2019-11-13 22:00:00,7046.9
2019-11-13 22:15:00,7030.8
2019-11-13 22:30:00,7009.9
2019-11-13 22:45:00,6995.7
2019-11-13 23:00:00,6977.5
2019-11-13 23:15:00,6956.0
2019-11-13 23:30:00,6941.4
2019-11-13 23:45:00,6932.1
2019-11-14 00:00:00,6914.7
2019-11-14 00:15:00,6903.1
2019-11-14 00:30:00,6900.3
2019-11-14 00:45:00,6890.1
2019-11-14 01:00:00,6879.0
2019-11-14 01:15:00,6873.3
2019-11-14 01:30:00,6872.3
2019-11-14 01:45:00,6865.2
2019-11-14 02:00:00,6850.8
2019-11-14 02:15:00,6848.4
2019-11-14 02:30:00,6849.5
2019-11-14 02:45:00,6853.4
2019-11-14 03:00:00,6858.5
2019-11-14 03:15:00,6858.5
2019-11-14 03:30:00,6862.4
2019-11-14 03:45:00,6865.2
2019-11-14 04:00:00,6883.1
2019-11-14 04:15:00,6885.1
2019-11-14 04:30:00,6890.8
2019-11-14 04:45:00,6900.5
2019-11-14 05:00:00,6925.3
2019-11-14 05:15:00,6936.8
2019-11-14 05:30:00,6952.8
2019-11-14 05:45:00,6976.8
2019-11-14 06:00:00,7028.7
2019-11-14 06:15:00,7070.3
2019-11-14 06:30:00,7106.5
2019-11-14 06:45:00,7136.3
2019-11-14 07:00:00,7167.7
2019-11-14 07:15:00,7182.7
2019-11-14 07:30:00,7187.5
2019-11-14 07:45:00,7194.1
2019-11-14 08:00:00,7203.1
2019-11-14 08:15:00,7212.8
2019-11-14 08:30:00,7216.9
2019-11-14 08:45:00,7221.3
2019-11-14 09:00:00,7202.7
2019-11-14 09:15:00,7200.2
2019-11-14 09:30:00,7208.2
2019-11-14 09:45:00,7210.1
2019-11-14 10:00:00,7225.0
2019-11-14 10:15:00,7224.0
2019-11-14 10:30:00,7224.6
2019-11-14 10:45:00,7224.8
2019-11-14 11:00:00,7223.3
2019-11-14 11:15:00,7225.5
2019-11-14 11:30:00,7225.9
2019-11-14 11:45:00,7228.5
2019-11-14 12:00:00,7229.8
2019-11-14 12:15:00,7225.1
2019-11-14 12:30:00,7227.0
2019-11-14 12:45:00,7227.9
2019-11-14 13:00:00,7217.8
2019-11-14 13:15:00,7204.6
2019-11-14 13:30:00,7189.6
2019-11-14 13:45:00,7179.5
2019-11-14 14:00:00,7188.7
2019-11-14 14:15:00,7192.6
2019-11-14 14:30:00,7187.2
2019-11-14 14:45:00,7188.2
2019-11-14 15:00:00,7189.3
2019-11-14 15:15:00,7184.1
2019-11-14 15:30:00,7178.2
2019-11-14 15:45:00,7177.0
2019-11-14 16:00:00,7176.0
2019-11-14 16:15:00,7181.2
2019-11-14 16:30:00,7196.0
2019-11-14 16:45:00,7216.2
2019-11-14 17:00:00,7238.9
2019-11-14 17:15:00,7247.7
2019-11-14 17:30:00,7250.3
2019-11-14 17:45:00,7249.5
2019-11-14 18:00:00,7247.7
2019-11-14 18:15:00,7244.9
2019-11-14 18:30:00,7247.3
2019-11-14 18:45:00,7245.1
2019-11-14 19:00:00,7247.9
2019-11-14 19:15:00,7238.0
2019-11-14 19:30:00,7228.2
2019-11-14 19:45:00,7214.3
2019-11-14 20:00:00,7190.4
2019-11-14 20:15:00,7171.8
2019-11-14 20:30:00,7156.5
2019-11-14 20:45:00,7137.6
2019-11-14 21:00:00,7122.7
2019-11-14 21:15:00,7112.7
2019-11-14 21:30:00,7097.2
2019-11-14 21:45:00,7080.8
2019-11-14 22:00:00,7073.7
2019-11-14 22:15:00,7064.0
2019-11-14 22:30:00,7049.1
2019-11-14 22:45:00,7034.8
2019-11-14 23:00:00,7015.2
2019-11-14 23:15:00,6999.0
2019-11-14 23:30:00,6989.6
2019-11-14 23:45:00,6974.7
2019-11-15 00:00:00,6936.2
2019-11-15 00:15:00,6926.8
2019-11-15 00:30:00,6926.2
2019-11-15 00:45:00,6919.5
2019-11-15 01:00:00,6908.3
2019-11-15 01:15:00,6898.6
2019-11-15 01:30:00,6895.2
2019-11-15 01:45:00,6889.4
2019-11-15 02:00:00,6875.7
2019-11-15 02:15:00,6873.5
2019-11-15 02:30:00,6874.9
2019-11-15 02:45:00,6875.5
2019-11-15 03:00:00,6875.7
2019-11-15 03:15:00,6880.2
2019-11-15 03:30:00,6885.6
2019-11-15 03:45:00,6890.5
2019-11-15 04:00:00,6904.1
2019-11-15 04:15:00,6913.5
2019-11-15 04:30:00,6923.0
2019-11-15 04:45:00,6928.5
2019-11-15 05:00:00,6956.5
2019-11-15 05:15:00,6968.2
2019-11-15 05:30:00,6988.2
2019-11-15 05:45:00,7007.5
2019-11-15 06:00:00,7051.5
2019-11-15 06:15:00,7091.9
2019-11-15 06:30:00,7120.9
2019-11-15 06:45:00,7154.4
2019-11-15 07:00:00,7190.8
2019-11-15 07:15:00,7203.1
2019-11-15 07:30:00,7216.6
2019-11-15 07:45:00,7228.5
2019-11-15 08:00:00,7243.5
2019-11-15 08:15:00,7257.0
2019-11-15 08:30:00,7260.0
2019-11-15 08:45:00,7262.4
2019-11-15 09:00:00,7257.4
2019-11-15 09:15:00,7259.8
2019-11-15 09:30:00,7258.9
2019-11-15 09:45:00,7260.8
2019-11-15 10:00:00,7260.2
2019-11-15 10:15:00,7258.5
2019-11-15 10:30:00,7259.4
2019-11-15 10:45:00,7245.0
2019-11-15 11:00:00,7233.0
2019-11-15 11:15:00,7234.6
2019-11-15 11:30:00,7246.3
2019-11-15 11:45:00,7251.4
2019-11-15 12:00:00,7254.5
2019-11-15 12:15:00,7246.0
2019-11-15 12:30:00,7240.5
2019-11-15 12:45:00,7235.0
2019-11-15 13:00:00,7232.3
2019-11-15 13:15:00,7223.5
2019-11-15 13:30:00,7208.9
2019-11-15 13:45:00,7190.9
2019-11-15 14:00:00,7192.7
2019-11-15 14:15:00,7190.4
2019-11-15 14:30:00,7187.2
2019-11-15 14:45:00,7182.6
2019-11-15 15:00:00,7184.7
2019-11-15 15:15:00,7180.8
2019-11-15 15:30:00,7174.2
2019-11-15 15:45:00,7172.4
2019-11-15 16:00:00,7177.1
2019-11-15 16:15:00,7178.3
2019-11-15 16:30:00,7187.2
2019-11-15 16:45:00,7203.2
2019-11-15 17:00:00,7218.6
2019-11-15 17:15:00,7222.4
2019-11-15 17:30:00,7224.9
2019-11-15 17:45:00,7224.1
2019-11-15 18:00:00,7218.9
2019-11-15 18:15:00,7209.5
2019-11-15 18:30:00,7201.9
2019-11-15 18:45:00,7193.6
2019-11-15 19:00:00,7180.1
2019-11-15 19:15:00,7164.8
2019-11-15 19:30:00,7154.7
2019-11-15 19:45:00,7140.4
2019-11-15 20:00:00,7113.7
2019-11-15 20:15:00,7090.6
2019-11-15 20:30:00,7071.7
2019-11-15 20:45:00,7058.8
2019-11-15 21:00:00,7050.8
2019-11-15 21:15:00,7033.2
2019-11-15 21:30:00,7020.8
2019-11-15 21:45:00,7010.9
2019-11-15 22:00:00,7011.6
2019-11-15 22:15:00,6992.5
2019-11-15 22:30:00,6975.0
2019-11-15 22:45:00,6962.5
2019-11-15 23:00:00,6943.8
2019-11-15 23:15:00,6928.1
2019-11-15 23:30:00,6916.5
2019-11-15 23:45:00,6907.2
2019-11-16 00:00:00,6873.8
2019-11-16 00:15:00,6861.7
2019-11-16 00:30:00,6849.4
2019-11-16 00:45:00,6842.2
2019-11-16 01:00:00,6837.2
2019-11-16 01:15:00,6828.9
2019-11-16 01:30:00,6821.6
2019-11-16 01:45:00,6817.2
2019-11-16 02:00:00,6812.1
2019-11-16 02:15:00,6807.7
2019-11-16 02:30:00,6807.5
2019-11-16 02:45:00,6806.6
2019-11-16 03:00:00,6810.2
2019-11-16 03:15:00,6812.4
2019-11-16 03:30:00,6812.8
2019-11-16 03:45:00,6813.9
2019-11-16 04:00:00,6814.4
2019-11-16 04:15:00,6814.7
2019-11-16 04:30:00,6817.9
2019-11-16 04:45:00,6813.0
2019-11-16 05:00:00,6814.5
2019-11-16 05:15:00,6808.9
2019-11-16 05:30:00,6812.6
2019-11-16 05:45:00,6814.5
2019-11-16 06:00:00,6826.0
2019-11-16 06:15:00,6837.2
2019-11-16 06:30:00,6849.0
2019-11-16 06:45:00,6861.9
2019-11-16 07:00:00,6873.9
2019-11-16 07:15:00,6883.6
2019-11-16 07:30:00,6893.7
2019-11-16 07:45:00,6904.5
2019-11-16 08:00:00,6921.2
2019-11-16 08:15:00,6943.5
2019-11-16 08:30:00,6956.9
2019-11-16 08:45:00,6974.9
2019-11-16 09:00:00,6993.8
2019-11-16 09:15:00,7007.9
2019-11-16 09:30:00,7019.2
2019-11-16 09:45:00,7022.5
2019-11-16 10:00:00,7029.6
2019-11-16 10:15:00,7035.4
2019-11-16 10:30:00,7034.9
2019-11-16 10:45:00,7032.7
2019-11-16 11:00:00,7046.7
2019-11-16 11:15:00,7052.5
2019-11-16 11:30:00,7058.8
2019-11-16 11:45:00,7056.2
2019-11-16 12:00:00,7059.4
2019-11-16 12:15:00,7060.8
2019-11-16 12:30:00,7052.4
2019-11-16 12:45:00,7046.6
2019-11-16 13:00:00,7035.0
2019-11-16 13:15:00,7031.7
2019-11-16 13:30:00,7027.3
2019-11-16 13:45:00,7021.7
2019-11-16 14:00:00,7013.1
2019-11-16 14:15:00,7005.9
2019-11-16 14:30:00,7008.9
2019-11-16 14:45:00,7004.3
2019-11-16 15:00:00,7011.8
2019-11-16 15:15:00,7005.9
2019-11-16 15:30:00,7010.8
2019-11-16 15:45:00,7009.4
2019-11-16 16:00:00,7008.8
2019-11-16 16:15:00,7011.9
2019-11-16 16:30:00,7029.7
2019-11-16 16:45:00,7048.1
2019-11-16 17:00:00,7071.9
2019-11-16 17:15:00,7081.2
2019-11-16 17:30:00,7084.6
2019-11-16 17:45:00,7090.9
2019-11-16 18:00:00,7091.5
2019-11-16 18:15:00,7090.0
2019-11-16 18:30:00,7087.1
2019-11-16 18:45:00,7080.0
2019-11-16 19:00:00,7081.8
2019-11-16 19:15:00,7070.0
2019-11-16 19:30:00,7060.9
2019-11-16 19:45:00,7055.1
2019-11-16 20:00:00,7028.5
2019-11-16 20:15:00,7006.7
2019-11-16 20:30:00,6993.1
2019-11-16 20:45:00,6983.9
2019-11-16 21:00:00,6972.1
2019-11-16 21:15:00,6961.6
2019-11-16 21:30:00,6954.4
2019-11-16 21:45:00,6951.1
2019-11-16 22:00:00,6941.6
2019-11-16 22:15:00,6931.9
2019-11-16 22:30:00,6918.8
2019-11-16 22:45:00,6899.4
2019-11-16 23:00:00,6875.7
2019-11-16 23:15:00,6859.3
2019-11-16 23:30:00,6848.4
2019-11-16 23:45:00,6838.7
2019-11-17 00:00:00,6819.8
2019-11-17 00:15:00,6809.4
2019-11-17 00:30:00,6800.7
2019-11-17 00:45:00,6795.8
2019-11-17 01:00:00,6785.7
2019-11-17 01:15:00,6780.4
2019-11-17 01:30:00,6776.7
2019-11-17 01:45:00,6769.6
2019-11-17 02:00:00,6765.7
2019-11-17 02:15:00,6758.6
2019-11-17 02:30:00,6758.3
2019-11-17 02:45:00,6754.1
2019-11-17 03:00:00,6754.0
2019-11-17 03:15:00,6751.1
2019-11-17 03:30:00,6752.3
2019-11-17 03:45:00,6746.3
2019-11-17 04:00:00,6755.2
2019-11-17 04:15:00,6756.5
2019-11-17 04:30:00,6758.6
2019-11-17 04:45:00,6758.7
2019-11-17 05:00:00,6756.1
2019-11-17 05:15:00,6750.5
2019-11-17 05:30:00,6749.8
2019-11-17 05:45:00,6743.2
2019-11-17 06:00:00,6732.1
2019-11-17 06:15:00,6736.2
2019-11-17 06:30:00,6739.4
2019-11-17 06:45:00,6746.8
2019-11-17 07:00:00,6766.0
2019-11-17 07:15:00,6774.3
2019-11-17 07:30:00,6782.9
2019-11-17 07:45:00,6785.5
2019-11-17 08:00:00,6806.8
2019-11-17 08:15:00,6819.9
2019-11-17 08:30:00,6839.5
2019-11-17 08:45:00,6854.9
2019-11-17 09:00:00,6869.0
2019-11-17 09:15:00,6885.6
2019-11-17 09:30:00,6894.9
2019-11-17 09:45:00,6904.5
2019-11-17 10:00:00,6912.4
2019-11-17 10:15:00,6924.9
2019-11-17 10:30:00,6938.0
2019-11-17 10:45:00,6944.7
2019-11-17 11:00:00,6958.7
2019-11-17 11:15:00,6969.3
2019-11-17 11:30:00,6979.4
2019-11-17 11:45:00,6983.0
2019-11-17 12:00:00,6983.4
2019-11-17 12:15:00,6979.2
2019-11-17 12:30:00,6975.4
2019-11-17 12:45:00,6973.8
2019-11-17 13:00:00,6971.0
2019-11-17 13:15:00,6961.3
2019-11-17 13:30:00,6956.8
2019-11-17 13:45:00,6950.7
2019-11-17 14:00:00,6952.1
2019-11-17 14:15:00,6948.1
2019-11-17 14:30:00,6945.0
2019-11-17 14:45:00,6942.5
2019-11-17 15:00:00,6944.8
2019-11-17 15:15:00,6939.0
2019-11-17 15:30:00,6944.6
2019-11-17 15:45:00,6947.9
2019-11-17 16:00:00,6952.8
2019-11-17 16:15:00,6958.4
2019-11-17 16:30:00,6978.9
2019-11-17 16:45:00,6995.9
2019-11-17 17:00:00,7014.3
2019-11-17 17:15:00,7022.0
2019-11-17 17:30:00,7032.9
2019-11-17 17:45:00,7038.7
2019-11-17 18:00:00,7044.4
2019-11-17 18:15:00,7046.9
2019-11-17 18:30:00,7043.1
2019-11-17 18:45:00,7034.0
2019-11-17 19:00:00,7023.0
2019-11-17 19:15:00,7015.5
2019-11-17 19:30:00,7007.6
2019-11-17 19:45:00,6998.9
2019-11-17 20:00:00,6997.0
2019-11-17 20:15:00,6981.8
2019-11-17 20:30:00,6969.1
2019-11-17 20:45:00,6960.7
2019-11-17 21:00:00,6962.2
2019-11-17 21:15:00,6957.0
2019-11-17 21:30:00,6952.0
2019-11-17 21:45:00,6953.2
2019-11-17 22:00:00,6959.6
2019-11-17 22:15:00,6953.5
2019-11-17 22:30:00,6938.4
2019-11-17 22:45:00,6925.3
2019-11-17 23:00:00,6902.1
2019-11-17 23:15:00,6889.9
2019-11-17 23:30:00,6882.1
2019-11-17 23:45:00,6866.7
2019-11-18 00:00:00,6844.7
2019-11-18 00:15:00,6836.2
2019-11-18 00:30:00,6827.9
2019-11-18 00:45:00,6816.7
2019-11-18 01:00:00,6807.8
2019-11-18 01:15:00,6803.7
2019-11-18 01:30:00,6799.5
2019-11-18 01:45:00,6803.5
2019-11-18 02:00:00,6792.0
2019-11-18 02:15:00,6790.5
2019-11-18 02:30:00,6789.6
2019-11-18 02:45:00,6791.1
2019-11-18 03:00:00,6786.2
2019-11-18 03:15:00,6786.8
2019-11-18 03:30:00,6793.1
2019-11-18 03:45:00,6795.2
2019-11-18 04:00:00,6810.9
2019-11-18 04:15:00,6817.7
2019-11-18 04:30:00,6830.8
2019-11-18 04:45:00,6843.1
2019-11-18 05:00:00,6874.6
2019-11-18 05:15:00,6892.8
2019-11-18 05:30:00,6917.1
2019-11-18 05:45:00,6950.4
2019-11-18 06:00:00,7017.3
2019-11-18 06:15:00,7062.9
2019-11-18 06:30:00,7100.0
2019-11-18 06:45:00,7128.6
2019-11-18 07:00:00,7150.5
2019-11-18 07:15:00,7169.8
2019-11-18 07:30:00,7182.9
2019-11-18 07:45:00,7192.4
2019-11-18 08:00:00,7201.4
2019-11-18 08:15:00,7210.1
2019-11-18 08:30:00,7213.8
2019-11-18 08:45:00,7212.2
2019-11-18 09:00:00,7212.0
2019-11-18 09:15:00,7214.4
2019-11-18 09:30:00,7223.2
2019-11-18 09:45:00,7229.5
2019-11-18 10:00:00,7231.3
2019-11-18 10:15:00,7233.4
2019-11-18 10:30:00,7235.9
2019-11-18 10:45:00,7239.4
2019-11-18 11:00:00,7242.7
2019-11-18 11:15:00,7245.3
2019-11-18 11:30:00,7244.0
2019-11-18 11:45:00,7241.7
2019-11-18 12:00:00,7239.2
2019-11-18 12:15:00,7235.1
2019-11-18 12:30:00,7238.9
2019-11-18 12:45:00,7243.8
2019-11-18 13:00:00,7248.6
2019-11-18 13:15:00,7246.5
2019-11-18 13:30:00,7245.8
2019-11-18 13:45:00,7233.6
2019-11-18 14:00:00,7230.2
2019-11-18 14:15:00,7228.6
2019-11-18 14:30:00,7224.3
2019-11-18 14:45:00,7223.1
2019-11-18 15:00:00,7215.3
2019-11-18 15:15:00,7215.0
2019-11-18 15:30:00,7210.6
2019-11-18 15:45:00,7211.7
2019-11-18 16:00:00,7214.2
2019-11-18 16:15:00,7216.8
2019-11-18 16:30:00,7228.8
2019-11-18 16:45:00,7242.9
2019-11-18 17:00:00,7267.1
2019-11-18 17:15:00,7274.2
2019-11-18 17:30:00,7280.7
2019-11-18 17:45:00,7282.1
2019-11-18 18:00:00,7286.6
2019-11-18 18:15:00,7285.6
2019-11-18 18:30:00,7286.8
2019-11-18 18:45:00,7284.7
2019-11-18 19:00:00,7274.6
2019-11-18 19:15:00,7263.6
2019-11-18 19:30:00,7258.7
2019-11-18 19:45:00,7251.7
2019-11-18 20:00:00,7226.8
2019-11-18 20:15:00,7208.4
2019-11-18 20:30:00,7190.7
2019-11-18 20:45:00,7175.0
2019-11-18 21:00:00,7153.8
2019-11-18 21:15:00,7144.3
2019-11-18 21:30:00,7135.7
2019-11-18 21:45:00,7122.0
2019-11-18 22:00:00,7110.3
2019-11-18 22:15:00,7094.3
2019-11-18 22:30:00,7075.7
2019-11-18 22:45:00,7054.9
2019-11-18 23:00:00,7030.9
2019-11-18 23:15:00,7008.6
2019-11-18 23:30:00,6988.0
2019-11-18 23:45:00,6979.1
2019-11-19 00:00:00,6964.5
2019-11-19 00:15:00,6956.0
2019-11-19 00:30:00,6946.8
2019-11-19 00:45:00,6940.7
2019-11-19 01:00:00,6931.8
2019-11-19 01:15:00,6927.0
2019-11-19 01:30:00,6922.3
2019-11-19 01:45:00,6916.7
2019-11-19 02:00:00,6913.1
2019-11-19 02:15:00,6910.3
2019-11-19 02:30:00,6910.9
2019-11-19 02:45:00,6911.9
2019-11-19 03:00:00,6918.6
2019-11-19 03:15:00,6918.3
2019-11-19 03:30:00,6921.0
2019-11-19 03:45:00,6927.4
2019-11-19 04:00:00,6936.6
2019-11-19 04:15:00,6945.3
2019-11-19 04:30:00,6954.1
2019-11-19 04:45:00,6965.2
2019-11-19 05:00:00,6992.3
2019-11-19 05:15:00,7006.9
2019-11-19 05:30:00,7026.4
2019-11-19 05:45:00,7053.5
2019-11-19 06:00:00,7110.8
2019-11-19 06:15:00,7144.6
2019-11-19 06:30:00,7169.6
2019-11-19 06:45:00,7195.7
2019-11-19 07:00:00,7223.6
2019-11-19 07:15:00,7244.3
2019-11-19 07:30:00,7259.7
2019-11-19 07:45:00,7269.6
2019-11-19 08:00:00,7276.7
2019-11-19 08:15:00,7281.3
2019-11-19 08:30:00,7284.9
2019-11-19 08:45:00,7285.7
2019-11-19 09:00:00,7280.0
2019-11-19 09:15:00,7276.4
2019-11-19 09:30:00,7281.3
2019-11-19 09:45:00,7279.4
2019-11-19 10:00:00,7276.5
2019-11-19 10:15:00,7280.6
2019-11-19 10:30:00,7279.3
2019-11-19 10:45:00,7282.5
2019-11-19 11:00:00,7286.7
2019-11-19 11:15:00,7294.3
2019-11-19 11:30:00,7293.4
2019-11-19 11:45:00,7293.0
2019-11-19 12:00:00,7288.6
2019-11-19 12:15:00,7277.7
2019-11-19 12:30:00,7274.1
2019-11-19 12:45:00,7270.2
2019-11-19 13:00:00,7280.4
2019-11-19 13:15:00,7277.2
2019-11-19 13:30:00,7263.4
2019-11-19 13:45:00,7251.9
2019-11-19 14:00:00,7245.0
2019-11-19 14:15:00,7240.2
2019-11-19 14:30:00,7234.7
2019-11-19 14:45:00,7227.4
2019-11-19 15:00:00,7232.1
2019-11-19 15:15:00,7220.1
2019-11-19 15:30:00,7218.5
2019-11-19 15:45:00,7210.2
2019-11-19 16:00:00,7213.3
2019-11-19 16:15:00,7213.0
2019-11-19 16:30:00,7225.2
2019-11-19 16:45:00,7248.5
2019-11-19 17:00:00,7267.5
2019-11-19 17:15:00,7277.0
2019-11-19 17:30:00,7279.1
2019-11-19 17:45:00,7280.6
2019-11-19 18:00:00,7260.4
2019-11-19 18:15:00,7252.3
2019-11-19 18:30:00,7245.2
2019-11-19 18:45:00,7240.1
2019-11-19 19:00:00,7235.8
2019-11-19 19:15:00,7224.6
2019-11-19 19:30:00,7214.9
2019-11-19 19:45:00,7198.6
2019-11-19 20:00:00,7183.4
2019-11-19 20:15:00,7166.5
2019-11-19 20:30:00,7148.4
2019-11-19 20:45:00,7127.5
2019-11-19 21:00:00,7112.1
2019-11-19 21:15:00,7095.8
2019-11-19 21:30:00,7085.5
2019-11-19 21:45:00,7066.9
2019-11-19 22:00:00,7065.4
2019-11-19 22:15:00,7048.9
2019-11-19 22:30:00,7030.2
2019-11-19 22:45:00,7013.6
2019-11-19 23:00:00,6990.4
2019-11-19 23:15:00,6975.3
2019-11-19 23:30:00,6960.1
2019-11-19 23:45:00,6941.2
2019-11-20 00:00:00,6931.4
2019-11-20 00:15:00,6921.5
2019-11-20 00:30:00,6913.2
2019-11-20 00:45:00,6903.8
2019-11-20 01:00:00,6893.9
2019-11-20 01:15:00,6887.7
2019-11-20 01:30:00,6880.2
2019-11-20 01:45:00,6878.3
2019-11-20 02:00:00,6870.2
2019-11-20 02:15:00,6869.5
2019-11-20 02:30:00,6869.4
2019-11-20 02:45:00,6868.8
2019-11-20 03:00:00,6871.4
2019-11-20 03:15:00,6870.8
2019-11-20 03:30:00,6873.6
2019-11-20 03:45:00,6878.5
2019-11-20 04:00:00,6887.2
2019-11-20 04:15:00,6895.7
2019-11-20 04:30:00,6896.6
2019-11-20 04:45:00,6908.8
2019-11-20 05:00:00,6928.1
2019-11-20 05:15:00,6937.0
2019-11-20 05:30:00,6957.3
2019-11-20 05:45:00,6978.7
2019-11-20 06:00:00,7024.7
2019-11-20 06:15:00,7059.8
2019-11-20 06:30:00,7094.4
2019-11-20 06:45:00,7122.4
2019-11-20 07:00:00,7158.4
2019-11-20 07:15:00,7182.7
2019-11-20 07:30:00,7192.8
2019-11-20 07:45:00,7203.3
2019-11-20 08:00:00,7215.1
2019-11-20 08:15:00,7220.7
2019-11-20 08:30:00,7226.7
2019-11-20 08:45:00,7226.6
2019-11-20 09:00:00,7223.1
2019-11-20 09:15:00,7227.6
2019-11-20 09:30:00,7237.5
2019-11-20 09:45:00,7242.1
2019-11-20 10:00:00,7243.5
2019-11-20 10:15:00,7245.8
2019-11-20 10:30:00,7252.4
2019-11-20 10:45:00,7255.9
2019-11-20 11:00:00,7260.8
2019-11-20 11:15:00,7262.4
2019-11-20 11:30:00,7262.1
2019-11-20 11:45:00,7259.3
2019-11-20 12:00:00,7257.7
2019-11-20 12:15:00,7253.5
2019-11-20 12:30:00,7252.4
2019-11-20 12:45:00,7248.1
2019-11-20 13:00:00,7250.3
2019-11-20 13:15:00,7243.8
2019-11-20 13:30:00,7241.1
2019-11-20 13:45:00,7235.2
2019-11-20 14:00:00,7217.9
2019-11-20 14:15:00,7212.1
2019-11-20 14:30:00,7211.7
2019-11-20 14:45:00,7213.8
2019-11-20 15:00:00,7212.3
2019-11-20 15:15:00,7210.2
2019-11-20 15:30:00,7206.6
2019-11-20 15:45:00,7200.3
2019-11-20 16:00:00,7211.9
2019-11-20 16:15:00,7218.8
2019-11-20 16:30:00,7228.9
2019-11-20 16:45:00,7241.4
2019-11-20 17:00:00,7248.8
2019-11-20 17:15:00,7254.1
2019-11-20 17:30:00,7253.8
2019-11-20 17:45:00,7253.1
2019-11-20 18:00:00,7255.0
2019-11-20 18:15:00,7250.3
2019-11-20 18:30:00,7247.5
2019-11-20 18:45:00,7243.6
2019-11-20 19:00:00,7234.7
2019-11-20 19:15:00,7222.6
2019-11-20 19:30:00,7211.2
2019-11-20 19:45:00,7197.2
2019-11-20 20:00:00,7174.7
2019-11-20 20:15:00,7154.1
2019-11-20 20:30:00,7135.9
2019-11-20 20:45:00,7118.9
2019-11-20 21:00:00,7108.1
2019-11-20 21:15:00,7098.8
2019-11-20 21:30:00,7081.4
2019-11-20 21:45:00,7065.9
2019-11-20 22:00:00,7056.0
2019-11-20 22:15:00,7042.0
2019-11-20 22:30:00,7024.7
2019-11-20 22:45:00,7012.1
2019-11-20 23:00:00,6993.1
2019-11-20 23:15:00,6976.0
2019-11-20 23:30:00,6958.8
2019-11-20 23:45:00,6948.4
2019-11-21 00:00:00,6934.0
2019-11-21 00:15:00,6925.3
2019-11-21 00:30:00,6914.8
2019-11-21 00:45:00,6906.8
2019-11-21 01:00:00,6898.5
2019-11-21 01:15:00,6890.5
2019-11-21 01:30:00,6887.3
2019-11-21 01:45:00,6881.9
2019-11-21 02:00:00,6870.0
2019-11-21 02:15:00,6870.8
2019-11-21 02:30:00,6872.9
2019-11-21 02:45:00,6873.1
2019-11-21 03:00:00,6879.3
2019-11-21 03:15:00,6882.7
2019-11-21 03:30:00,6883.2
2019-11-21 03:45:00,6882.0
2019-11-21 04:00:00,6893.7
2019-11-21 04:15:00,6898.4
2019-11-21 04:30:00,6905.3
2019-11-21 04:45:00,6914.6
2019-11-21 05:00:00,6941.2
2019-11-21 05:15:00,6956.0
2019-11-21 05:30:00,6969.1
2019-11-21 05:45:00,6998.1
2019-11-21 06:00:00,7043.8
2019-11-21 06:15:00,7082.9
2019-11-21 06:30:00,7115.5
2019-11-21 06:45:00,7145.0
2019-11-21 07:00:00,7178.1
2019-11-21 07:15:00,7193.3
2019-11-21 07:30:00,7206.3
2019-11-21 07:45:00,7213.2
2019-11-21 08:00:00,7230.1
2019-11-21 08:15:00,7237.2
2019-11-21 08:30:00,7240.4
2019-11-21 08:45:00,7239.6
2019-11-21 09:00:00,7233.1
2019-11-21 09:15:00,7235.3
2019-11-21 09:30:00,7242.2
2019-11-21 09:45:00,7242.8
2019-11-21 10:00:00,7246.6
2019-11-21 10:15:00,7245.4
2019-11-21 10:30:00,7248.5
2019-11-21 10:45:00,7253.3
2019-11-21 11:00:00,7255.5
2019-11-21 11:15:00,7257.3
2019-11-21 11:30:00,7257.8
2019-11-21 11:45:00,7252.0
2019-11-21 12:00:00,7247.3
2019-11-21 12:15:00,7242.6
2019-11-21 12:30:00,7242.2
2019-11-21 12:45:00,7240.8
2019-11-21 13:00:00,7246.7
2019-11-21 13:15:00,7241.5
2019-11-21 13:30:00,7235.7
2019-11-21 13:45:00,7225.3
2019-11-21 14:00:00,7222.4
2019-11-21 14:15:00,7225.8
2019-11-21 14:30:00,7223.7
2019-11-21 14:45:00,7221.9
2019-11-21 15:00:00,7223.2
2019-11-21 15:15:00,7221.8
2019-11-21 15:30:00,7222.0
2019-11-21 15:45:00,7218.7
2019-11-21 16:00:00,7220.5
2019-11-21 16:15:00,7228.6
2019-11-21 16:30:00,7238.8
2019-11-21 16:45:00,7255.6
2019-11-21 17:00:00,7270.1
2019-11-21 17:15:00,7276.6
2019-11-21 17:30:00,7276.8
2019-11-21 17:45:00,7277.0
2019-11-21 18:00:00,7272.1
2019-11-21 18:15:00,7266.5
2019-11-21 18:30:00,7259.1
2019-11-21 18:45:00,7250.8
2019-11-21 19:00:00,7237.9
2019-11-21 19:15:00,7224.3
2019-11-21 19:30:00,7214.5
2019-11-21 19:45:00,7206.5
2019-11-21 20:00:00,7186.9
2019-11-21 20:15:00,7165.4
2019-11-21 20:30:00,7145.6
2019-11-21 20:45:00,7129.7
2019-11-21 21:00:00,7119.4
2019-11-21 21:15:00,7109.2
2019-11-21 21:30:00,7094.6
2019-11-21 21:45:00,7077.2
2019-11-21 22:00:00,7069.5
2019-11-21 22:15:00,7061.0
2019-11-21 22:30:00,7044.0
2019-11-21 22:45:00,7029.3
2019-11-21 23:00:00,7014.0
2019-11-21 23:15:00,6997.0
2019-11-21 23:30:00,6979.8
2019-11-21 23:45:00,6968.5
2019-11-22 00:00:00,6951.1
2019-11-22 00:15:00,6939.9
2019-11-22 00:30:00,6934.4
2019-11-22 00:45:00,6927.2
2019-11-22 01:00:00,6915.7
2019-11-22 01:15:00,6905.9
2019-11-22 01:30:00,6901.1
2019-11-22 01:45:00,6893.8
2019-11-22 02:00:00,6892.2
2019-11-22 02:15:00,6890.7
2019-11-22 02:30:00,6889.7
2019-11-22 02:45:00,6892.5
2019-11-22 03:00:00,6888.1
2019-11-22 03:15:00,6887.6
2019-11-22 03:30:00,6891.6
2019-11-22 03:45:00,6894.9
2019-11-22 04:00:00,6904.5
2019-11-22 04:15:00,6908.0
2019-11-22 04:30:00,6920.3
2019-11-22 04:45:00,6932.7
2019-11-22 05:00:00,6952.2
2019-11-22 05:15:00,6964.1
2019-11-22 05:30:00,6982.4
2019-11-22 05:45:00,7008.7
2019-11-22 06:00:00,7059.0
2019-11-22 06:15:00,7095.1
2019-11-22 06:30:00,7124.7
2019-11-22 06:45:00,7155.6
2019-11-22 07:00:00,7182.5
2019-11-22 07:15:00,7202.8
2019-11-22 07:30:00,7216.4
2019-11-22 07:45:00,7224.7
2019-11-22 08:00:00,7229.5
2019-11-22 08:15:00,7236.9
2019-11-22 08:30:00,7237.7
2019-11-22 08:45:00,7239.2
2019-11-22 09:00:00,7234.8
2019-11-22 09:15:00,7242.2
2019-11-22 09:30:00,7244.6
2019-11-22 09:45:00,7246.5
2019-11-22 10:00:00,7247.5
2019-11-22 10:15:00,7251.7
2019-11-22 10:30:00,7252.4
2019-11-22 10:45:00,7250.5
2019-11-22 11:00:00,7254.7
2019-11-22 11:15:00,7255.8
2019-11-22 11:30:00,7257.6
2019-11-22 11:45:00,7248.9
2019-11-22 12:00:00,7247.1
2019-11-22 12:15:00,7243.9
2019-11-22 12:30:00,7240.1
2019-11-22 12:45:00,7237.5
2019-11-22 13:00:00,7238.5
2019-11-22 13:15:00,7225.8
2019-11-22 13:30:00,7216.0
2019-11-22 13:45:00,7205.1
2019-11-22 14:00:00,7193.8
2019-11-22 14:15:00,7193.5
2019-11-22 14:30:00,7190.9
2019-11-22 14:45:00,7184.5
2019-11-22 15:00:00,7177.5
2019-11-22 15:15:00,7170.9
2019-11-22 15:30:00,7169.5
2019-11-22 15:45:00,7166.8
2019-11-22 16:00:00,7175.0
2019-11-22 16:15:00,7188.5
2019-11-22 16:30:00,7201.4
2019-11-22 16:45:00,7224.4
2019-11-22 17:00:00,7240.9
2019-11-22 17:15:00,7241.9
2019-11-22 17:30:00,7243.2
2019-11-22 17:45:00,7242.2
2019-11-22 18:00:00,7248.7
2019-11-22 18:15:00,7240.7
2019-11-22 18:30:00,7234.2
2019-11-22 18:45:00,7228.9
2019-11-22 19:00:00,7218.0
2019-11-22 19:15:00,7205.0
2019-11-22 19:30:00,7195.6
2019-11-22 19:45:00,7179.5
2019-11-22 20:00:00,7155.9
2019-11-22 20:15:00,7133.8
2019-11-22 20:30:00,7114.4
2019-11-22 20:45:00,7105.0
2019-11-22 21:00:00,7091.9
2019-11-22 21:15:00,7084.0
2019-11-22 21:30:00,7075.8
2019-11-22 21:45:00,7058.2
2019-11-22 22:00:00,7043.5
2019-11-22 22:15:00,7029.0
2019-11-22 22:30:00,7016.6
2019-11-22 22:45:00,7000.9
2019-11-22 23:00:00,6986.4
2019-11-22 23:15:00,6967.3
2019-11-22 23:30:00,6951.6
2019-11-22 23:45:00,6938.5
2019-11-23 00:00:00,6919.4
2019-11-23 00:15:00,6909.0
2019-11-23 00:30:00,6895.6
2019-11-23 00:45:00,6886.6
2019-11-23 01:00:00,6864.5
2019-11-23 01:15:00,6855.9
2019-11-23 01:30:00,6846.7
2019-11-23 01:45:00,6844.6
2019-11-23 02:00:00,6838.2
2019-11-23 02:15:00,6838.9
2019-11-23 02:30:00,6834.9
2019-11-23 02:45:00,6831.7
2019-11-23 03:00:00,6835.4
2019-11-23 03:15:00,6835.3
2019-11-23 03:30:00,6836.9
2019-11-23 03:45:00,6839.2
2019-11-23 04:00:00,6840.5
2019-11-23 04:15:00,6839.9
2019-11-23 04:30:00,6838.2
2019-11-23 04:45:00,6837.4
2019-11-23 05:00:00,6842.1
2019-11-23 05:15:00,6839.6
2019-11-23 05:30:00,6841.5
2019-11-23 05:45:00,6850.4
2019-11-23 06:00:00,6858.0
2019-11-23 06:15:00,6865.3
2019-11-23 06:30:00,6874.2
2019-11-23 06:45:00,6887.6
2019-11-23 07:00:00,6915.8
2019-11-23 07:15:00,6933.7
2019-11-23 07:30:00,6946.5
2019-11-23 07:45:00,6955.1
2019-11-23 08:00:00,6975.3
2019-11-23 08:15:00,6987.3
2019-11-23 08:30:00,7002.5
2019-11-23 08:45:00,7017.8
2019-11-23 09:00:00,7031.8
2019-11-23 09:15:00,7038.9
2019-11-23 09:30:00,7045.5
2019-11-23 09:45:00,7053.2
2019-11-23 10:00:00,7057.2
2019-11-23 10:15:00,7060.3
2019-11-23 10:30:00,7064.0
2019-11-23 10:45:00,7065.9
2019-11-23 11:00:00,7066.7
2019-11-23 11:15:00,7066.7
2019-11-23 11:30:00,7070.8
2019-11-23 11:45:00,7069.5
2019-11-23 12:00:00,7064.0
2019-11-23 12:15:00,7061.7
2019-11-23 12:30:00,7054.2
2019-11-23 12:45:00,7046.4
2019-11-23 13:00:00,7034.0
2019-11-23 13:15:00,7025.4
2019-11-23 13:30:00,7018.9
2019-11-23 13:45:00,7007.9
2019-11-23 14:00:00,7005.1
2019-11-23 14:15:00,7000.2
2019-11-23 14:30:00,6997.0
2019-11-23 14:45:00,6994.7
2019-11-23 15:00:00,6999.9
2019-11-23 15:15:00,7002.9
2019-11-23 15:30:00,7004.7
2019-11-23 15:45:00,7011.1
2019-11-23 16:00:00,7023.1
2019-11-23 16:15:00,7040.0
2019-11-23 16:30:00,7057.3
2019-11-23 16:45:00,7072.7
2019-11-23 17:00:00,7083.7
2019-11-23 17:15:00,7089.2
2019-11-23 17:30:00,7095.0
2019-11-23 17:45:00,7097.2
2019-11-23 18:00:00,7100.5
2019-11-23 18:15:00,7093.6
2019-11-23 18:30:00,7085.2
2019-11-23 18:45:00,7077.3
2019-11-23 19:00:00,7071.7
2019-11-23 19:15:00,7060.7
2019-11-23 19:30:00,7050.3
2019-11-23 19:45:00,7034.2
2019-11-23 20:00:00,7012.8
2019-11-23 20:15:00,6995.5
2019-11-23 20:30:00,6979.6
2019-11-23 20:45:00,6965.0
2019-11-23 21:00:00,6951.8
2019-11-23 21:15:00,6947.5
2019-11-23 21:30:00,6938.6
2019-11-23 21:45:00,6933.7
2019-11-23 22:00:00,6935.6
2019-11-23 22:15:00,6930.0
2019-11-23 22:30:00,6918.2
2019-11-23 22:45:00,6908.3
2019-11-23 23:00:00,6891.8
2019-11-23 23:15:00,6878.1
2019-11-23 23:30:00,6866.5
2019-11-23 23:45:00,6856.8
2019-11-24 00:00:00,6839.2
2019-11-24 00:15:00,6827.0
2019-11-24 00:30:00,6819.9
2019-11-24 00:45:00,6810.8
2019-11-24 01:00:00,6801.2
2019-11-24 01:15:00,6789.3
2019-11-24 01:30:00,6781.0
2019-11-24 01:45:00,6779.9
2019-11-24 02:00:00,6778.0
2019-11-24 02:15:00,6776.0
2019-11-24 02:30:00,6771.2
2019-11-24 02:45:00,6772.4
2019-11-24 03:00:00,6772.8
2019-11-24 03:15:00,6769.1
2019-11-24 03:30:00,6766.9
2019-11-24 03:45:00,6772.2
2019-11-24 04:00:00,6778.0
2019-11-24 04:15:00,6775.0
2019-11-24 04:30:00,6776.0
2019-11-24 04:45:00,6776.1
2019-11-24 05:00:00,6769.6
2019-11-24 05:15:00,6762.1
2019-11-24 05:30:00,6760.3
2019-11-24 05:45:00,6753.3
2019-11-24 06:00:00,6752.8
2019-11-24 06:15:00,6756.6
2019-11-24 06:30:00,6758.9
2019-11-24 06:45:00,6764.4
2019-11-24 07:00:00,6778.2
2019-11-24 07:15:00,6785.8
2019-11-24 07:30:00,6793.6
2019-11-24 07:45:00,6802.9
2019-11-24 08:00:00,6824.4
2019-11-24 08:15:00,6843.6
2019-11-24 08:30:00,6858.6
2019-11-24 08:45:00,6869.7
2019-11-24 09:00:00,6880.4
2019-11-24 09:15:00,6897.5
2019-11-24 09:30:00,6903.0
2019-11-24 09:45:00,6908.3
2019-11-24 10:00:00,6927.0
2019-11-24 10:15:00,6939.2
2019-11-24 10:30:00,6943.1
2019-11-24 10:45:00,6949.4
2019-11-24 11:00:00,6957.6
2019-11-24 11:15:00,6967.8
2019-11-24 11:30:00,6970.6
2019-11-24 11:45:00,6971.5
2019-11-24 12:00:00,6966.6
2019-11-24 12:15:00,6961.3
2019-11-24 12:30:00,6947.2
2019-11-24 12:45:00,6934.0
2019-11-24 13:00:00,6929.9
2019-11-24 13:15:00,6918.3
2019-11-24 13:30:00,6916.9
2019-11-24 13:45:00,6908.3
2019-11-24 14:00:00,6909.2
2019-11-24 14:15:00,6907.5
2019-11-24 14:30:00,6904.9
2019-11-24 14:45:00,6898.0
2019-11-24 15:00:00,6906.8
2019-11-24 15:15:00,6901.2
2019-11-24 15:30:00,6905.7
2019-11-24 15:45:00,6904.3
2019-11-24 16:00:00,6917.9
2019-11-24 16:15:00,6931.3
2019-11-24 16:30:00,6953.4
2019-11-24 16:45:00,6974.3
2019-11-24 17:00:00,6999.7
2019-11-24 17:15:00,7009.9
2019-11-24 17:30:00,7020.0
2019-11-24 17:45:00,7024.3
2019-11-24 18:00:00,7027.1
2019-11-24 18:15:00,7023.3
2019-11-24 18:30:00,7015.1
2019-11-24 18:45:00,7011.6
2019-11-24 19:00:00,6992.1
2019-11-24 19:15:00,6980.4
2019-11-24 19:30:00,6973.6
2019-11-24 19:45:00,6963.7
2019-11-24 20:00:00,6952.3
2019-11-24 20:15:00,6939.4
2019-11-24 20:30:00,6923.0
2019-11-24 20:45:00,6914.8
2019-11-24 21:00:00,6912.6
2019-11-24 21:15:00,6906.0
2019-11-24 21:30:00,6902.0
2019-11-24 21:45:00,6900.4
2019-11-24 22:00:00,6904.1
2019-11-24 22:15:00,6895.2
2019-11-24 22:30:00,6883.4
2019-11-24 22:45:00,6870.5
2019-11-24 23:00:00,6857.0
2019-11-24 23:15:00,6844.1
2019-11-24 23:30:00,6834.9
2019-11-24 23:45:00,6821.8
2019-11-25 00:00:00,6812.2
2019-11-25 00:15:00,6806.4
2019-11-25 00:30:00,6797.3
2019-11-25 00:45:00,6786.4
2019-11-25 01:00:00,6794.5
2019-11-25 01:15:00,6792.6
2019-11-25 01:30:00,6788.8
2019-11-25 01:45:00,6782.8
2019-11-25 02:00:00,6777.5
2019-11-25 02:15:00,6778.7
2019-11-25 02:30:00,6780.6
2019-11-25 02:45:00,6781.7
2019-11-25 03:00:00,6786.4
2019-11-25 03:15:00,6786.8
2019-11-25 03:30:00,6791.7
2019-11-25 03:45:00,6798.0
2019-11-25 04:00:00,6807.6
2019-11-25 04:15:00,6815.2
2019-11-25 04:30:00,6827.3
2019-11-25 04:45:00,6838.3
2019-11-25 05:00:00,6861.1
2019-11-25 05:15:00,6874.6
2019-11-25 05:30:00,6901.7
2019-11-25 05:45:00,6930.2
2019-11-25 06:00:00,6985.2
2019-11-25 06:15:00,7027.1
2019-11-25 06:30:00,7065.7
2019-11-25 06:45:00,7099.0
2019-11-25 07:00:00,7145.1
2019-11-25 07:15:00,7160.2
2019-11-25 07:30:00,7182.5
2019-11-25 07:45:00,7188.3
2019-11-25 08:00:00,7202.9
2019-11-25 08:15:00,7208.5
2019-11-25 08:30:00,7215.0
2019-11-25 08:45:00,7218.5
2019-11-25 09:00:00,7212.3
2019-11-25 09:15:00,7216.2
2019-11-25 09:30:00,7222.4
2019-11-25 09:45:00,7224.7
2019-11-25 10:00:00,7232.7
2019-11-25 10:15:00,7233.6
2019-11-25 10:30:00,7236.8
2019-11-25 10:45:00,7237.9
2019-11-25 11:00:00,7243.5
2019-11-25 11:15:00,7248.5
2019-11-25 11:30:00,7251.7
2019-11-25 11:45:00,7250.7
2019-11-25 12:00:00,7245.4
2019-11-25 12:15:00,7244.1
2019-11-25 12:30:00,7243.5
2019-11-25 12:45:00,7244.5
2019-11-25 13:00:00,7250.9
2019-11-25 13:15:00,7246.5
2019-11-25 13:30:00,7241.1
2019-11-25 13:45:00,7232.5
2019-11-25 14:00:00,7226.3
2019-11-25 14:15:00,7226.2
2019-11-25 14:30:00,7223.5
2019-11-25 14:45:00,7220.1
2019-11-25 15:00:00,7226.5
2019-11-25 15:15:00,7222.0
2019-11-25 15:30:00,7217.9
2019-11-25 15:45:00,7213.9
2019-11-25 16:00:00,7213.9
2019-11-25 16:15:00,7220.3
2019-11-25 16:30:00,7231.1
2019-11-25 16:45:00,7238.3
2019-11-25 17:00:00,7243.8
2019-11-25 17:15:00,7246.5
2019-11-25 17:30:00,7251.0
2019-11-25 17:45:00,7246.8
2019-11-25 18:00:00,7247.9
2019-11-25 18:15:00,7242.2
2019-11-25 18:30:00,7238.1
2019-11-25 18:45:00,7231.0
2019-11-25 19:00:00,7226.1
2019-11-25 19:15:00,7210.9
2019-11-25 19:30:00,7200.6
2019-11-25 19:45:00,7193.9
2019-11-25 20:00:00,7176.3
2019-11-25 20:15:00,7154.4
2019-11-25 20:30:00,7136.9
2019-11-25 20:45:00,7120.3
2019-11-25 21:00:00,7106.8
2019-11-25 21:15:00,7094.6
2019-11-25 21:30:00,7075.9
2019-11-25 21:45:00,7060.8
2019-11-25 22:00:00,7057.8
2019-11-25 22:15:00,7044.5
2019-11-25 22:30:00,7025.0
2019-11-25 22:45:00,7007.1
2019-11-25 23:00:00,6987.9
2019-11-25 23:15:00,6968.0
2019-11-25 23:30:00,6946.1
2019-11-25 23:45:00,6933.0
2019-11-26 00:00:00,6922.9
2019-11-26 00:15:00,6909.6
2019-11-26 00:30:00,6900.4
2019-11-26 00:45:00,6890.7
2019-11-26 01:00:00,6879.0
2019-11-26 01:15:00,6877.1
2019-11-26 01:30:00,6869.4
2019-11-26 01:45:00,6867.3
2019-11-26 02:00:00,6863.5
2019-11-26 02:15:00,6859.4
2019-11-26 02:30:00,6858.1
2019-11-26 02:45:00,6860.5
2019-11-26 03:00:00,6866.6
2019-11-26 03:15:00,6870.3
2019-11-26 03:30:00,6874.4
2019-11-26 03:45:00,6876.6
2019-11-26 04:00:00,6889.7
2019-11-26 04:15:00,6890.9
2019-11-26 04:30:00,6901.2
2019-11-26 04:45:00,6909.1
2019-11-26 05:00:00,6935.5
2019-11-26 05:15:00,6948.9
2019-11-26 05:30:00,6965.1
2019-11-26 05:45:00,6992.3
2019-11-26 06:00:00,7041.6
2019-11-26 06:15:00,7081.6
2019-11-26 06:30:00,7115.6
2019-11-26 06:45:00,7148.9
2019-11-26 07:00:00,7183.0
2019-11-26 07:15:00,7201.8
2019-11-26 07:30:00,7218.3
2019-11-26 07:45:00,7228.2
2019-11-26 08:00:00,7235.7
2019-11-26 08:15:00,7236.8
2019-11-26 08:30:00,7237.9
2019-11-26 08:45:00,7241.3
2019-11-26 09:00:00,7231.0
2019-11-26 09:15:00,7231.9
2019-11-26 09:30:00,7238.5
2019-11-26 09:45:00,7242.8
2019-11-26 10:00:00,7244.5
2019-11-26 10:15:00,7241.1
2019-11-26 10:30:00,7244.1
2019-11-26 10:45:00,7251.9
2019-11-26 11:00:00,7254.8
2019-11-26 11:15:00,7255.9
2019-11-26 11:30:00,7259.1
2019-11-26 11:45:00,7258.5
2019-11-26 12:00:00,7253.8
2019-11-26 12:15:00,7252.9
2019-11-26 12:30:00,7250.2
2019-11-26 12:45:00,7246.2
2019-11-26 13:00:00,7242.8
2019-11-26 13:15:00,7244.0
2019-11-26 13:30:00,7239.4
2019-11-26 13:45:00,7227.8
2019-11-26 14:00:00,7228.6
2019-11-26 14:15:00,7230.8
2019-11-26 14:30:00,7226.1
2019-11-26 14:45:00,7219.8
2019-11-26 15:00:00,7220.1
2019-11-26 15:15:00,7217.9
2019-11-26 15:30:00,7216.6
2019-11-26 15:45:00,7212.9
2019-11-26 16:00:00,7222.4
2019-11-26 16:15:00,7233.2
2019-11-26 16:30:00,7243.9
2019-11-26 16:45:00,7254.6
2019-11-26 17:00:00,7265.6
2019-11-26 17:15:00,7272.6
2019-11-26 17:30:00,7276.3
2019-11-26 17:45:00,7274.3
2019-11-26 18:00:00,7271.8
2019-11-26 18:15:00,7265.6
2019-11-26 18:30:00,7265.2
2019-11-26 18:45:00,7259.0
2019-11-26 19:00:00,7245.3
2019-11-26 19:15:00,7235.5
2019-11-26 19:30:00,7229.8
2019-11-26 19:45:00,7223.5
2019-11-26 20:00:00,7202.2
2019-11-26 20:15:00,7180.0
2019-11-26 20:30:00,7167.2
2019-11-26 20:45:00,7152.0
2019-11-26 21:00:00,7136.7
2019-11-26 21:15:00,7121.1
2019-11-26 21:30:00,7103.3
2019-11-26 21:45:00,7082.9
2019-11-26 22:00:00,7065.2
2019-11-26 22:15:00,7049.5
2019-11-26 22:30:00,7034.0
2019-11-26 22:45:00,7013.8
2019-11-26 23:00:00,6987.0
2019-11-26 23:15:00,6967.1
2019-11-26 23:30:00,6945.7
2019-11-26 23:45:00,6936.7
2019-11-27 00:00:00,6919.1
2019-11-27 00:15:00,6906.8
2019-11-27 00:30:00,6902.0
2019-11-27 00:45:00,6892.3
2019-11-27 01:00:00,6873.0
2019-11-27 01:15:00,6863.2
2019-11-27 01:30:00,6860.0
2019-11-27 01:45:00,6862.3
2019-11-27 02:00:00,6855.8
2019-11-27 02:15:00,6852.5
2019-11-27 02:30:00,6851.0
2019-11-27 02:45:00,6856.6
2019-11-27 03:00:00,6865.4
2019-11-27 03:15:00,6867.9
2019-11-27 03:30:00,6865.8
2019-11-27 03:45:00,6870.3
2019-11-27 04:00:00,6880.6
2019-11-27 04:15:00,6889.2
2019-11-27 04:30:00,6896.4
2019-11-27 04:45:00,6906.2
2019-11-27 05:00:00,6934.7
2019-11-27 05:15:00,6949.2
2019-11-27 05:30:00,6966.8
2019-11-27 05:45:00,6987.8
2019-11-27 06:00:00,7042.5
2019-11-27 06:15:00,7084.8
2019-11-27 06:30:00,7121.9
2019-11-27 06:45:00,7149.8
2019-11-27 07:00:00,7188.9
2019-11-27 07:15:00,7213.4
2019-11-27 07:30:00,7228.6
2019-11-27 07:45:00,7238.1
2019-11-27 08:00:00,7254.3
2019-11-27 08:15:00,7267.1
2019-11-27 08:30:00,7276.2
2019-11-27 08:45:00,7278.7
2019-11-27 09:00:00,7277.6
2019-11-27 09:15:00,7285.8
2019-11-27 09:30:00,7295.4
2019-11-27 09:45:00,7295.4
2019-11-27 10:00:00,7295.8
2019-11-27 10:15:00,7301.7
2019-11-27 10:30:00,7306.4
2019-11-27 10:45:00,7307.5
2019-11-27 11:00:00,7308.7
2019-11-27 11:15:00,7313.2
2019-11-27 11:30:00,7314.0
2019-11-27 11:45:00,7309.5
2019-11-27 12:00:00,7298.8
2019-11-27 12:15:00,7297.7
2019-11-27 12:30:00,7299.5
2019-11-27 12:45:00,7297.1
2019-11-27 13:00:00,7298.9
2019-11-27 13:15:00,7297.8
2019-11-27 13:30:00,7294.1
2019-11-27 13:45:00,7286.8
2019-11-27 14:00:00,7282.5
2019-11-27 14:15:00,7285.1
2019-11-27 14:30:00,7276.6
2019-11-27 14:45:00,7266.8
2019-11-27 15:00:00,7266.6
2019-11-27 15:15:00,7264.3
2019-11-27 15:30:00,7260.2
2019-11-27 15:45:00,7258.3
2019-11-27 16:00:00,7264.7
2019-11-27 16:15:00,7274.4
2019-11-27 16:30:00,7284.9
2019-11-27 16:45:00,7293.3
2019-11-27 17:00:00,7309.2
2019-11-27 17:15:00,7310.0
2019-11-27 17:30:00,7312.2
2019-11-27 17:45:00,7305.1
2019-11-27 18:00:00,7303.4
2019-11-27 18:15:00,7302.1
2019-11-27 18:30:00,7299.9
2019-11-27 18:45:00,7296.3
2019-11-27 19:00:00,7279.4
2019-11-27 19:15:00,7268.9
2019-11-27 19:30:00,7260.0
2019-11-27 19:45:00,7250.4
2019-11-27 20:00:00,7221.0
2019-11-27 20:15:00,7202.4
2019-11-27 20:30:00,7181.1
2019-11-27 20:45:00,7167.0
2019-11-27 21:00:00,7147.7
2019-11-27 21:15:00,7129.6
2019-11-27 21:30:00,7110.7
2019-11-27 21:45:00,7098.3
2019-11-27 22:00:00,7093.7
2019-11-27 22:15:00,7079.2
2019-11-27 22:30:00,7058.7
2019-11-27 22:45:00,7038.6
2019-11-27 23:00:00,7014.5
2019-11-27 23:15:00,6993.1
2019-11-27 23:30:00,6983.2
2019-11-27 23:45:00,6972.7
2019-11-28 00:00:00,6949.3
2019-11-28 00:15:00,6934.6
2019-11-28 00:30:00,6921.7
2019-11-28 00:45:00,6912.6
2019-11-28 01:00:00,6907.9
2019-11-28 01:15:00,6904.0
2019-11-28 01:30:00,6900.6
2019-11-28 01:45:00,6893.1
2019-11-28 02:00:00,6885.8
2019-11-28 02:15:00,6887.6
2019-11-28 02:30:00,6889.7
2019-11-28 02:45:00,6892.9
2019-11-28 03:00:00,6895.0
2019-11-28 03:15:00,6897.6
2019-11-28 03:30:00,6895.7
2019-11-28 03:45:00,6901.2
2019-11-28 04:00:00,6911.3
2019-11-28 04:15:00,6921.3
2019-11-28 04:30:00,6935.2
2019-11-28 04:45:00,6946.2
2019-11-28 05:00:00,6971.1
2019-11-28 05:15:00,6984.1
2019-11-28 05:30:00,7010.1
2019-11-28 05:45:00,7038.1
2019-11-28 06:00:00,7081.2
2019-11-28 06:15:00,7123.7
2019-11-28 06:30:00,7156.4
2019-11-28 06:45:00,7187.8
2019-11-28 07:00:00,7209.6
2019-11-28 07:15:00,7234.4
2019-11-28 07:30:00,7252.5
2019-11-28 07:45:00,7260.9
2019-11-28 08:00:00,7267.7
2019-11-28 08:15:00,7272.4
2019-11-28 08:30:00,7274.2
2019-11-28 08:45:00,7271.3
2019-11-28 09:00:00,7265.1
2019-11-28 09:15:00,7269.9
2019-11-28 09:30:00,7273.1
2019-11-28 09:45:00,7272.6
2019-11-28 10:00:00,7280.0
2019-11-28 10:15:00,7284.3
2019-11-28 10:30:00,7288.3
2019-11-28 10:45:00,7300.3
2019-11-28 11:00:00,7300.2
2019-11-28 11:15:00,7300.0
2019-11-28 11:30:00,7304.2
2019-11-28 11:45:00,7304.6
2019-11-28 12:00:00,7295.0
2019-11-28 12:15:00,7294.5
2019-11-28 12:30:00,7291.6
2019-11-28 12:45:00,7298.5
2019-11-28 13:00:00,7299.8
2019-11-28 13:15:00,7295.4
2019-11-28 13:30:00,7290.7
2019-11-28 13:45:00,7279.2
2019-11-28 14:00:00,7274.6
2019-11-28 14:15:00,7278.4
2019-11-28 14:30:00,7274.9
2019-11-28 14:45:00,7275.9
2019-11-28 15:00:00,7275.9
2019-11-28 15:15:00,7268.8
2019-11-28 15:30:00,7268.3
2019-11-28 15:45:00,7266.8
2019-11-28 16:00:00,7269.6
2019-11-28 16:15:00,7272.6
2019-11-28 16:30:00,7282.7
2019-11-28 16:45:00,7295.6
2019-11-28 17:00:00,7298.0
2019-11-28 17:15:00,7304.9
2019-11-28 17:30:00,7304.2
2019-11-28 17:45:00,7305.8
2019-11-28 18:00:00,7296.7
2019-11-28 18:15:00,7286.1
2019-11-28 18:30:00,7278.9
2019-11-28 18:45:00,7276.7
2019-11-28 19:00:00,7270.3
2019-11-28 19:15:00,7259.0
2019-11-28 19:30:00,7251.4
2019-11-28 19:45:00,7238.8
2019-11-28 20:00:00,7223.0
2019-11-28 20:15:00,7203.4
2019-11-28 20:30:00,7188.4
2019-11-28 20:45:00,7166.2
2019-11-28 21:00:00,7142.9
2019-11-28 21:15:00,7126.4
2019-11-28 21:30:00,7105.1
2019-11-28 21:45:00,7089.8
2019-11-28 22:00:00,7087.0
2019-11-28 22:15:00,7073.4
2019-11-28 22:30:00,7055.9
2019-11-28 22:45:00,7040.3
2019-11-28 23:00:00,7024.1
2019-11-28 23:15:00,7012.2
2019-11-28 23:30:00,6995.4
2019-11-28 23:45:00,6972.9
2019-11-29 00:00:00,6955.0
2019-11-29 00:15:00,6941.0
2019-11-29 00:30:00,6921.8
2019-11-29 00:45:00,6907.2
2019-11-29 01:00:00,6897.8
2019-11-29 01:15:00,6893.7
2019-11-29 01:30:00,6886.6
2019-11-29 01:45:00,6876.4
2019-11-29 02:00:00,6873.4
2019-11-29 02:15:00,6870.8
2019-11-29 02:30:00,6872.3
2019-11-29 02:45:00,6871.8
2019-11-29 03:00:00,6875.6
2019-11-29 03:15:00,6879.0
2019-11-29 03:30:00,6879.6
2019-11-29 03:45:00,6885.8
2019-11-29 04:00:00,6901.7
2019-11-29 04:15:00,6910.3
2019-11-29 04:30:00,6916.7
2019-11-29 04:45:00,6925.7
2019-11-29 05:00:00,6953.0
2019-11-29 05:15:00,6966.7
2019-11-29 05:30:00,6987.3
2019-11-29 05:45:00,7011.2
2019-11-29 06:00:00,7068.7
2019-11-29 06:15:00,7109.4
2019-11-29 06:30:00,7141.3
2019-11-29 06:45:00,7170.4
2019-11-29 07:00:00,7204.8
2019-11-29 07:15:00,7228.6
2019-11-29 07:30:00,7242.0
2019-11-29 07:45:00,7245.8
2019-11-29 08:00:00,7250.3
2019-11-29 08:15:00,7254.6
2019-11-29 08:30:00,7256.5
2019-11-29 08:45:00,7258.5
2019-11-29 09:00:00,7244.1
2019-11-29 09:15:00,7240.6
2019-11-29 09:30:00,7246.1
2019-11-29 09:45:00,7248.8
2019-11-29 10:00:00,7253.6
2019-11-29 10:15:00,7258.5
2019-11-29 10:30:00,7258.0
2019-11-29 10:45:00,7260.2
2019-11-29 11:00:00,7259.0
2019-11-29 11:15:00,7262.7
2019-11-29 11:30:00,7264.7
2019-11-29 11:45:00,7257.2
2019-11-29 12:00:00,7248.1
2019-11-29 12:15:00,7244.9
2019-11-29 12:30:00,7238.9
2019-11-29 12:45:00,7238.3
2019-11-29 13:00:00,7240.5
2019-11-29 13:15:00,7237.7
2019-11-29 13:30:00,7227.1
2019-11-29 13:45:00,7219.9
2019-11-29 14:00:00,7207.4
2019-11-29 14:15:00,7198.6
2019-11-29 14:30:00,7193.7
2019-11-29 14:45:00,7184.2
2019-11-29 15:00:00,7183.7
2019-11-29 15:15:00,7175.2
2019-11-29 15:30:00,7171.8
2019-11-29 15:45:00,7169.0
2019-11-29 16:00:00,7175.9
2019-11-29 16:15:00,7185.7
2019-11-29 16:30:00,7197.3
2019-11-29 16:45:00,7217.7
2019-11-29 17:00:00,7229.9
2019-11-29 17:15:00,7233.8
2019-11-29 17:30:00,7227.5
2019-11-29 17:45:00,7226.7
2019-11-29 18:00:00,7222.5
2019-11-29 18:15:00,7215.9
2019-11-29 18:30:00,7208.7
2019-11-29 18:45:00,7201.4
2019-11-29 19:00:00,7190.2
2019-11-29 19:15:00,7176.3
2019-11-29 19:30:00,7168.1
2019-11-29 19:45:00,7156.1
2019-11-29 20:00:00,7139.1
2019-11-29 20:15:00,7118.7
2019-11-29 20:30:00,7101.8
2019-11-29 20:45:00,7085.2
2019-11-29 21:00:00,7071.5
2019-11-29 21:15:00,7057.6
2019-11-29 21:30:00,7043.8
2019-11-29 21:45:00,7029.0
2019-11-29 22:00:00,7022.4
2019-11-29 22:15:00,7012.1
2019-11-29 22:30:00,6994.8
2019-11-29 22:45:00,6976.6
2019-11-29 23:00:00,6954.1
2019-11-29 23:15:00,6933.9
2019-11-29 23:30:00,6920.2
2019-11-29 23:45:00,6906.8
2019-11-30 00:00:00,6895.2
2019-11-30 00:15:00,6882.3
2019-11-30 00:30:00,6876.8
2019-11-30 00:45:00,6869.5
2019-11-30 01:00:00,6860.1
2019-11-30 01:15:00,6848.9
2019-11-30 01:30:00,6842.0
2019-11-30 01:45:00,6833.0
2019-11-30 02:00:00,6821.4
2019-11-30 02:15:00,6815.2
2019-11-30 02:30:00,6817.1
2019-11-30 02:45:00,6816.0
2019-11-30 03:00:00,6813.9
2019-11-30 03:15:00,6811.5
2019-11-30 03:30:00,6811.7
2019-11-30 03:45:00,6809.8
2019-11-30 04:00:00,6811.2
2019-11-30 04:15:00,6810.6
2019-11-30 04:30:00,6813.7
2019-11-30 04:45:00,6813.4
2019-11-30 05:00:00,6817.1
2019-11-30 05:15:00,6814.5
2019-11-30 05:30:00,6815.7
2019-11-30 05:45:00,6816.2
2019-11-30 06:00:00,6820.1
2019-11-30 06:15:00,6829.1
2019-11-30 06:30:00,6833.2
2019-11-30 06:45:00,6840.7
2019-11-30 07:00:00,6863.2
2019-11-30 07:15:00,6880.7
2019-11-30 07:30:00,6894.1
2019-11-30 07:45:00,6903.2
2019-11-30 08:00:00,6922.6
2019-11-30 08:15:00,6937.6
2019-11-30 08:30:00,6951.7
2019-11-30 08:45:00,6962.0
2019-11-30 09:00:00,6972.7
2019-11-30 09:15:00,6982.6
2019-11-30 09:30:00,6990.9
2019-11-30 09:45:00,6992.8
2019-11-30 10:00:00,6992.1
2019-11-30 10:15:00,6995.4
2019-11-30 10:30:00,6998.7
2019-11-30 10:45:00,6998.0
2019-11-30 11:00:00,6996.8
2019-11-30 11:15:00,7002.1
2019-11-30 11:30:00,6998.9
2019-11-30 11:45:00,6997.9
2019-11-30 12:00:00,6992.3
2019-11-30 12:15:00,6991.5
2019-11-30 12:30:00,6988.0
2019-11-30 12:45:00,6978.0
2019-11-30 13:00:00,6983.5
2019-11-30 13:15:00,6979.8
2019-11-30 13:30:00,6968.8
2019-11-30 13:45:00,6959.2
2019-11-30 14:00:00,6956.4
2019-11-30 14:15:00,6949.8
2019-11-30 14:30:00,6944.5
2019-11-30 14:45:00,6940.5
2019-11-30 15:00:00,6937.2
2019-11-30 15:15:00,6940.7
2019-11-30 15:30:00,6940.7
2019-11-30 15:45:00,6944.4
2019-11-30 16:00:00,6966.5
2019-11-30 16:15:00,6984.8
2019-11-30 16:30:00,7005.1
2019-11-30 16:45:00,7026.2
2019-11-30 17:00:00,7032.8
2019-11-30 17:15:00,7035.2
2019-11-30 17:30:00,7038.1
2019-11-30 17:45:00,7037.6
2019-11-30 18:00:00,7032.6
2019-11-30 18:15:00,7027.9
2019-11-30 18:30:00,7022.3
2019-11-30 18:45:00,7015.2
2019-11-30 19:00:00,7015.2
2019-11-30 19:15:00,7006.1
2019-11-30 19:30:00,6992.1
2019-11-30 19:45:00,6982.1
2019-11-30 20:00:00,6967.5
2019-11-30 20:15:00,6947.2
2019-11-30 20:30:00,6934.1
2019-11-30 20:45:00,6927.4
2019-11-30 21:00:00,6917.6
2019-11-30 21:15:00,6909.3
2019-11-30 21:30:00,6894.3
2019-11-30 21:45:00,6890.4
2019-11-30 22:00:00,6895.7
2019-11-30 22:15:00,6888.5
2019-11-30 22:30:00,6873.1
2019-11-30 22:45:00,6864.0
2019-11-30 23:00:00,6857.4
2019-11-30 23:15:00,6842.8
2019-11-30 23:30:00,6829.8
2019-11-30 23:45:00,6816.9
2019-12-01 00:00:00,6812.0
2019-12-01 00:15:00,6799.5
2019-12-01 00:30:00,6795.8
2019-12-01 00:45:00,6789.8
2019-12-01 01:00:00,6775.2
2019-12-01 01:15:00,6770.5
2019-12-01 01:30:00,6761.4
2019-12-01 01:45:00,6756.6
2019-12-01 02:00:00,6747.9
2019-12-01 02:15:00,6750.2
2019-12-01 02:30:00,6747.5
2019-12-01 02:45:00,6746.8
2019-12-01 03:00:00,6745.2
2019-12-01 03:15:00,6744.0
2019-12-01 03:30:00,6746.6
2019-12-01 03:45:00,6741.3
2019-12-01 04:00:00,6744.6
2019-12-01 04:15:00,6743.7
2019-12-01 04:30:00,6746.1
2019-12-01 04:45:00,6745.0
2019-12-01 05:00:00,6741.3
2019-12-01 05:15:00,6738.3
2019-12-01 05:30:00,6739.3
2019-12-01 05:45:00,6813.0
2019-12-01 06:00:00,6818.9
2019-12-01 06:15:00,6821.8
2019-12-01 06:30:00,6831.7
2019-12-01 06:45:00,6834.3
2019-12-01 07:00:00,6761.7
2019-12-01 07:15:00,6850.4
2019-12-01 07:30:00,6852.5
2019-12-01 07:45:00,6857.6
2019-12-01 08:00:00,6866.7
2019-12-01 08:15:00,6874.6
2019-12-01 08:30:00,6884.5
2019-12-01 08:45:00,6891.6
2019-12-01 09:00:00,6896.8
2019-12-01 09:15:00,6904.7
2019-12-01 09:30:00,6912.5
2019-12-01 09:45:00,6919.2
2019-12-01 10:00:00,6927.8
2019-12-01 10:15:00,6930.8
2019-12-01 10:30:00,6925.9
2019-12-01 10:45:00,6933.3
2019-12-01 11:00:00,6949.9
2019-12-01 11:15:00,6958.6
2019-12-01 11:30:00,6966.5
2019-12-01 11:45:00,6968.9
2019-12-01 12:00:00,6967.3
2019-12-01 12:15:00,6963.3
2019-12-01 12:30:00,6957.5
2019-12-01 12:45:00,6947.7
2019-12-01 13:00:00,6937.6
2019-12-01 13:15:00,6931.1
2019-12-01 13:30:00,6928.9
2019-12-01 13:45:00,6921.9
2019-12-01 14:00:00,6913.9
2019-12-01 14:15:00,6909.8
2019-12-01 14:30:00,6912.0
2019-12-01 14:45:00,6906.6
2019-12-01 15:00:00,6910.5
2019-12-01 15:15:00,6911.1
2019-12-01 15:30:00,6915.4
2019-12-01 15:45:00,6916.2
2019-12-01 16:00:00,6927.5
2019-12-01 16:15:00,6937.7
2019-12-01 16:30:00,6951.7
2019-12-01 16:45:00,6971.6
2019-12-01 17:00:00,6987.4
2019-12-01 17:15:00,6994.7
2019-12-01 17:30:00,6996.6
2019-12-01 17:45:00,7001.1
2019-12-01 18:00:00,7008.9
2019-12-01 18:15:00,7008.1
2019-12-01 18:30:00,7002.3
2019-12-01 18:45:00,7000.3
2019-12-01 19:00:00,6997.7
2019-12-01 19:15:00,6991.4
2019-12-01 19:30:00,6982.7
2019-12-01 19:45:00,6971.9
2019-12-01 20:00:00,6964.4
2019-12-01 20:15:00,6951.7
2019-12-01 20:30:00,6935.5
2019-12-01 20:45:00,6926.4
2019-12-01 21:00:00,6928.7
2019-12-01 21:15:00,6925.1
2019-12-01 21:30:00,6916.9
2019-12-01 21:45:00,6921.4
2019-12-01 22:00:00,6923.1
2019-12-01 22:15:00,6917.6
2019-12-01 22:30:00,6903.4
2019-12-01 22:45:00,6892.6
2019-12-01 23:00:00,6880.2
2019-12-01 23:15:00,6868.4
2019-12-01 23:30:00,6857.9
2019-12-01 23:45:00,6846.2
2019-12-02 00:00:00,6807.6
2019-12-02 00:15:00,6798.5
2019-12-02 00:30:00,6795.1
2019-12-02 00:45:00,6786.3
2019-12-02 01:00:00,6784.0
2019-12-02 01:15:00,6780.4
2019-12-02 01:30:00,6781.5
2019-12-02 01:45:00,6776.8
2019-12-02 02:00:00,6767.1
2019-12-02 02:15:00,6766.2
2019-12-02 02:30:00,6767.5
2019-12-02 02:45:00,6768.1
2019-12-02 03:00:00,6774.8
2019-12-02 03:15:00,6777.8
2019-12-02 03:30:00,6780.6
2019-12-02 03:45:00,6785.5
2019-12-02 04:00:00,6792.2
2019-12-02 04:15:00,6794.8
2019-12-02 04:30:00,6807.5
2019-12-02 04:45:00,6819.2
2019-12-02 05:00:00,6840.9
2019-12-02 05:15:00,6854.5
2019-12-02 05:30:00,6875.9
2019-12-02 05:45:00,6909.0
2019-12-02 06:00:00,6968.9
2019-12-02 06:15:00,7019.7
2019-12-02 06:30:00,7057.8
2019-12-02 06:45:00,7097.4
2019-12-02 07:00:00,7130.6
2019-12-02 07:15:00,7158.6
2019-12-02 07:30:00,7178.2
2019-12-02 07:45:00,7186.3
2019-12-02 08:00:00,7185.5
2019-12-02 08:15:00,7188.3
2019-12-02 08:30:00,7183.1
2019-12-02 08:45:00,7186.4
2019-12-02 09:00:00,7185.7
2019-12-02 09:15:00,7199.2
2019-12-02 09:30:00,7203.3
2019-12-02 09:45:00,7206.3
2019-12-02 10:00:00,7210.6
2019-12-02 10:15:00,7211.2
2019-12-02 10:30:00,7216.0
2019-12-02 10:45:00,7217.4
2019-12-02 11:00:00,7221.5
2019-12-02 11:15:00,7229.7
2019-12-02 11:30:00,7235.9
2019-12-02 11:45:00,7237.7
2019-12-02 12:00:00,7240.0
2019-12-02 12:15:00,7242.0
2019-12-02 12:30:00,7239.3
2019-12-02 12:45:00,7239.2
2019-12-02 13:00:00,7232.0
2019-12-02 13:15:00,7227.8
2019-12-02 13:30:00,7223.5
2019-12-02 13:45:00,7215.0
2019-12-02 14:00:00,7214.5
2019-12-02 14:15:00,7213.4
2019-12-02 14:30:00,7213.0
2019-12-02 14:45:00,7209.3
2019-12-02 15:00:00,7212.2
2019-12-02 15:15:00,7205.6
2019-12-02 15:30:00,7201.9
2019-12-02 15:45:00,7196.4
2019-12-02 16:00:00,7199.9
2019-12-02 16:15:00,7208.9
2019-12-02 16:30:00,7218.1
2019-12-02 16:45:00,7233.2
2019-12-02 17:00:00,7238.1
2019-12-02 17:15:00,7244.1
2019-12-02 17:30:00,7239.3
2019-12-02 17:45:00,7238.3
2019-12-02 18:00:00,7227.4
2019-12-02 18:15:00,7223.0
2019-12-02 18:30:00,7220.9
2019-12-02 18:45:00,7215.3
2019-12-02 19:00:00,7211.1
2019-12-02 19:15:00,7198.2
2019-12-02 19:30:00,7187.0
2019-12-02 19:45:00,7174.0
2019-12-02 20:00:00,7153.5
2019-12-02 20:15:00,7130.6
2019-12-02 20:30:00,7117.7
2019-12-02 20:45:00,7099.0
2019-12-02 21:00:00,7099.4
2019-12-02 21:15:00,7086.1
2019-12-02 21:30:00,7065.7
2019-12-02 21:45:00,7050.0
2019-12-02 22:00:00,7056.1
2019-12-02 22:15:00,7041.2
2019-12-02 22:30:00,7023.8
2019-12-02 22:45:00,7004.5
2019-12-02 23:00:00,6975.7
2019-12-02 23:15:00,6953.9
2019-12-02 23:30:00,6933.9
2019-12-02 23:45:00,6918.5
2019-12-03 00:00:00,6958.1
2019-12-03 00:15:00,6944.3
2019-12-03 00:30:00,6935.8
2019-12-03 00:45:00,6922.1
2019-12-03 01:00:00,6909.3
2019-12-03 01:15:00,6903.4
2019-12-03 01:30:00,6894.2
2019-12-03 01:45:00,6893.8
2019-12-03 02:00:00,6890.3
2019-12-03 02:15:00,6886.1
2019-12-03 02:30:00,6884.8
2019-12-03 02:45:00,6886.2
2019-12-03 03:00:00,6892.1
2019-12-03 03:15:00,6889.7
2019-12-03 03:30:00,6890.5
2019-12-03 03:45:00,6899.1
2019-12-03 04:00:00,6906.1
2019-12-03 04:15:00,6910.0
2019-12-03 04:30:00,6920.1
2019-12-03 04:45:00,6928.1
2019-12-03 05:00:00,6944.9
2019-12-03 05:15:00,6956.3
2019-12-03 05:30:00,6976.0
2019-12-03 05:45:00,7002.6
2019-12-03 06:00:00,7048.8
2019-12-03 06:15:00,7086.2
2019-12-03 06:30:00,7122.8
2019-12-03 06:45:00,7154.1
2019-12-03 07:00:00,7176.5
2019-12-03 07:15:00,7196.9
2019-12-03 07:30:00,7209.5
2019-12-03 07:45:00,7220.7
2019-12-03 08:00:00,7233.4
2019-12-03 08:15:00,7237.1
2019-12-03 08:30:00,7239.0
2019-12-03 08:45:00,7236.2
2019-12-03 09:00:00,7233.1
2019-12-03 09:15:00,7234.0
2019-12-03 09:30:00,7236.4
2019-12-03 09:45:00,7237.7
2019-12-03 10:00:00,7237.7
2019-12-03 10:15:00,7233.7
2019-12-03 10:30:00,7235.1
2019-12-03 10:45:00,7240.4
2019-12-03 11:00:00,7241.3
2019-12-03 11:15:00,7244.2
2019-12-03 11:30:00,7245.6
2019-12-03 11:45:00,7246.5
2019-12-03 12:00:00,7247.7
2019-12-03 12:15:00,7243.3
2019-12-03 12:30:00,7243.0
2019-12-03 12:45:00,7239.3
2019-12-03 13:00:00,7242.0
2019-12-03 13:15:00,7238.9
2019-12-03 13:30:00,7233.4
2019-12-03 13:45:00,7221.1
2019-12-03 14:00:00,7222.0
2019-12-03 14:15:00,7219.9
2019-12-03 14:30:00,7219.8
2019-12-03 14:45:00,7217.6
2019-12-03 15:00:00,7220.7
2019-12-03 15:15:00,7218.3
2019-12-03 15:30:00,7217.9
2019-12-03 15:45:00,7219.3
2019-12-03 16:00:00,7228.8
2019-12-03 16:15:00,7235.5
2019-12-03 16:30:00,7251.8
2019-12-03 16:45:00,7266.9
2019-12-03 17:00:00,7286.5
2019-12-03 17:15:00,7290.0
2019-12-03 17:30:00,7290.9
2019-12-03 17:45:00,7293.1
2019-12-03 18:00:00,7284.6
2019-12-03 18:15:00,7272.5
2019-12-03 18:30:00,7272.2
2019-12-03 18:45:00,7269.4
2019-12-03 19:00:00,7265.8
2019-12-03 19:15:00,7257.2
2019-12-03 19:30:00,7246.0
2019-12-03 19:45:00,7234.9
2019-12-03 20:00:00,7212.0
2019-12-03 20:15:00,7193.6
2019-12-03 20:30:00,7179.4
2019-12-03 20:45:00,7164.3
2019-12-03 21:00:00,7145.5
2019-12-03 21:15:00,7136.1
2019-12-03 21:30:00,7117.8
2019-12-03 21:45:00,7102.6
2019-12-03 22:00:00,7103.7
2019-12-03 22:15:00,7088.0
2019-12-03 22:30:00,7068.7
2019-12-03 22:45:00,7049.2
2019-12-03 23:00:00,7026.9
2019-12-03 23:15:00,7005.2
2019-12-03 23:30:00,6993.0
2019-12-03 23:45:00,6982.4
2019-12-04 00:00:00,6958.3
2019-12-04 00:15:00,6949.6
2019-12-04 00:30:00,6942.0
2019-12-04 00:45:00,6933.8
2019-12-04 01:00:00,6927.3
2019-12-04 01:15:00,6920.5
2019-12-04 01:30:00,6914.3
2019-12-04 01:45:00,6906.2
2019-12-04 02:00:00,6893.4
2019-12-04 02:15:00,6889.8
2019-12-04 02:30:00,6892.2
2019-12-04 02:45:00,6892.2
2019-12-04 03:00:00,6892.8
2019-12-04 03:15:00,6891.2
2019-12-04 03:30:00,6895.1
2019-12-04 03:45:00,6901.0
2019-12-04 04:00:00,6917.9
2019-12-04 04:15:00,6921.4
2019-12-04 04:30:00,6933.9
2019-12-04 04:45:00,6943.8
2019-12-04 05:00:00,6965.6
2019-12-04 05:15:00,6973.0
2019-12-04 05:30:00,6993.2
2019-12-04 05:45:00,7019.4
2019-12-04 06:00:00,7068.7
2019-12-04 06:15:00,7109.3
2019-12-04 06:30:00,7139.5
2019-12-04 06:45:00,7173.0
2019-12-04 07:00:00,7211.4
2019-12-04 07:15:00,7230.3
2019-12-04 07:30:00,7245.4
2019-12-04 07:45:00,7249.9
2019-12-04 08:00:00,7244.1
2019-12-04 08:15:00,7243.5
2019-12-04 08:30:00,7243.7
2019-12-04 08:45:00,7245.7
2019-12-04 09:00:00,7243.3
2019-12-04 09:15:00,7242.8
2019-12-04 09:30:00,7243.2
2019-12-04 09:45:00,7243.5
2019-12-04 10:00:00,7242.3
2019-12-04 10:15:00,7239.7
2019-12-04 10:30:00,7238.1
2019-12-04 10:45:00,7242.6
2019-12-04 11:00:00,7247.3
2019-12-04 11:15:00,7251.6
2019-12-04 11:30:00,7248.4
2019-12-04 11:45:00,7249.7
2019-12-04 12:00:00,7238.5
2019-12-04 12:15:00,7238.4
2019-12-04 12:30:00,7237.5
2019-12-04 12:45:00,7241.4
2019-12-04 13:00:00,7244.5
2019-12-04 13:15:00,7234.7
2019-12-04 13:30:00,7224.3
2019-12-04 13:45:00,7214.3
2019-12-04 14:00:00,7213.8
2019-12-04 14:15:00,7209.9
2019-12-04 14:30:00,7209.3
2019-12-04 14:45:00,7207.1
2019-12-04 15:00:00,7212.4
2019-12-04 15:15:00,7210.4
2019-12-04 15:30:00,7212.7
2019-12-04 15:45:00,7213.8
2019-12-04 16:00:00,7213.6
2019-12-04 16:15:00,7221.1
2019-12-04 16:30:00,7236.5
2019-12-04 16:45:00,7256.8
2019-12-04 17:00:00,7271.6
2019-12-04 17:15:00,7277.8
2019-12-04 17:30:00,7279.8
2019-12-04 17:45:00,7282.0
2019-12-04 18:00:00,7275.1
2019-12-04 18:15:00,7271.4
2019-12-04 18:30:00,7269.0
2019-12-04 18:45:00,7269.1
2019-12-04 19:00:00,7261.6
2019-12-04 19:15:00,7245.2
2019-12-04 19:30:00,7230.3
2019-12-04 19:45:00,7219.8
2019-12-04 20:00:00,7199.6
2019-12-04 20:15:00,7179.6
2019-12-04 20:30:00,7161.9
2019-12-04 20:45:00,7150.1
2019-12-04 21:00:00,7137.6
2019-12-04 21:15:00,7126.8
2019-12-04 21:30:00,7107.8
2019-12-04 21:45:00,7097.0
2019-12-04 22:00:00,7090.5
2019-12-04 22:15:00,7077.7
2019-12-04 22:30:00,7058.4
2019-12-04 22:45:00,7047.2
2019-12-04 23:00:00,7033.1
2019-12-04 23:15:00,7012.2
2019-12-04 23:30:00,6993.3
2019-12-04 23:45:00,6984.6
2019-12-05 00:00:00,6974.7
2019-12-05 00:15:00,6959.9
2019-12-05 00:30:00,6952.8
2019-12-05 00:45:00,6944.6
2019-12-05 01:00:00,6938.3
2019-12-05 01:15:00,6932.8
2019-12-05 01:30:00,6924.7
2019-12-05 01:45:00,6918.9
2019-12-05 02:00:00,6917.8
2019-12-05 02:15:00,6911.9
2019-12-05 02:30:00,6914.8
2019-12-05 02:45:00,6913.8
2019-12-05 03:00:00,6910.5
2019-12-05 03:15:00,6909.2
2019-12-05 03:30:00,6913.1
2019-12-05 03:45:00,6917.0
2019-12-05 04:00:00,6925.1
2019-12-05 04:15:00,6924.1
2019-12-05 04:30:00,6932.5
2019-12-05 04:45:00,6938.0
2019-12-05 05:00:00,6965.9
2019-12-05 05:15:00,6979.2
2019-12-05 05:30:00,7003.9
2019-12-05 05:45:00,7029.9
2019-12-05 06:00:00,7077.5
2019-12-05 06:15:00,7120.0
2019-12-05 06:30:00,7150.7
2019-12-05 06:45:00,7182.3
2019-12-05 07:00:00,7215.1
2019-12-05 07:15:00,7238.7
2019-12-05 07:30:00,7254.1
2019-12-05 07:45:00,7259.7
2019-12-05 08:00:00,7265.2
2019-12-05 08:15:00,7270.7
2019-12-05 08:30:00,7273.8
2019-12-05 08:45:00,7271.9
2019-12-05 09:00:00,7266.2
2019-12-05 09:15:00,7268.3
2019-12-05 09:30:00,7270.1
2019-12-05 09:45:00,7275.8
2019-12-05 10:00:00,7269.9
2019-12-05 10:15:00,7267.1
2019-12-05 10:30:00,7261.1
2019-12-05 10:45:00,7264.7
2019-12-05 11:00:00,7258.0
2019-12-05 11:15:00,7262.3
2019-12-05 11:30:00,7264.5
2019-12-05 11:45:00,7265.6
2019-12-05 12:00:00,7253.0
2019-12-05 12:15:00,7253.3
2019-12-05 12:30:00,7248.1
2019-12-05 12:45:00,7248.2
2019-12-05 13:00:00,7243.5
2019-12-05 13:15:00,7245.4
2019-12-05 13:30:00,7242.0
2019-12-05 13:45:00,7232.9
2019-12-05 14:00:00,7236.7
2019-12-05 14:15:00,7234.7
2019-12-05 14:30:00,7236.3
2019-12-05 14:45:00,7236.7
2019-12-05 15:00:00,7242.8
2019-12-05 15:15:00,7243.0
2019-12-05 15:30:00,7242.3
2019-12-05 15:45:00,7248.0
2019-12-05 16:00:00,7259.6
2019-12-05 16:15:00,7273.5
2019-12-05 16:30:00,7283.4
2019-12-05 16:45:00,7302.9
2019-12-05 17:00:00,7314.9
2019-12-05 17:15:00,7318.3
2019-12-05 17:30:00,7325.6
2019-12-05 17:45:00,7326.2
2019-12-05 18:00:00,7322.7
2019-12-05 18:15:00,7316.9
2019-12-05 18:30:00,7315.6
2019-12-05 18:45:00,7313.7
2019-12-05 19:00:00,7301.2
2019-12-05 19:15:00,7287.1
2019-12-05 19:30:00,7276.1
2019-12-05 19:45:00,7260.5
2019-12-05 20:00:00,7228.6
2019-12-05 20:15:00,7210.6
2019-12-05 20:30:00,7197.1
2019-12-05 20:45:00,7181.5
2019-12-05 21:00:00,7165.9
2019-12-05 21:15:00,7150.1
2019-12-05 21:30:00,7138.9
2019-12-05 21:45:00,7122.6
2019-12-05 22:00:00,7121.8
2019-12-05 22:15:00,7110.6
2019-12-05 22:30:00,7095.2
2019-12-05 22:45:00,7074.2
2019-12-05 23:00:00,7058.2
2019-12-05 23:15:00,7038.5
2019-12-05 23:30:00,7028.0
2019-12-05 23:45:00,7013.3
2019-12-06 00:00:00,7001.7
2019-12-06 00:15:00,6987.1
2019-12-06 00:30:00,6982.2
2019-12-06 00:45:00,6974.4
2019-12-06 01:00:00,6962.9
2019-12-06 01:15:00,6956.2
2019-12-06 01:30:00,6952.3
2019-12-06 01:45:00,6954.1
2019-12-06 02:00:00,6943.4
2019-12-06 02:15:00,6942.9
2019-12-06 02:30:00,6939.3
2019-12-06 02:45:00,6941.7
2019-12-06 03:00:00,6945.0
2019-12-06 03:15:00,6943.8
2019-12-06 03:30:00,6945.3
2019-12-06 03:45:00,6952.2
2019-12-06 04:00:00,6950.7
2019-12-06 04:15:00,6952.1
2019-12-06 04:30:00,6963.1
2019-12-06 04:45:00,6973.8
2019-12-06 05:00:00,6993.8
2019-12-06 05:15:00,7006.4
2019-12-06 05:30:00,7021.0
2019-12-06 05:45:00,7047.0
2019-12-06 06:00:00,7094.7
2019-12-06 06:15:00,7133.1
2019-12-06 06:30:00,7168.1
2019-12-06 06:45:00,7196.6
2019-12-06 07:00:00,7241.9
2019-12-06 07:15:00,7263.6
2019-12-06 07:30:00,7280.4
2019-12-06 07:45:00,7286.6
2019-12-06 08:00:00,7289.6
2019-12-06 08:15:00,7296.4
2019-12-06 08:30:00,7299.8
2019-12-06 08:45:00,7295.2
2019-12-06 09:00:00,7286.9
2019-12-06 09:15:00,7287.2
2019-12-06 09:30:00,7292.8
2019-12-06 09:45:00,7298.5
2019-12-06 10:00:00,7295.0
2019-12-06 10:15:00,7296.7
2019-12-06 10:30:00,7297.1
2019-12-06 10:45:00,7301.4
2019-12-06 11:00:00,7302.0
2019-12-06 11:15:00,7301.0
2019-12-06 11:30:00,7298.7
2019-12-06 11:45:00,7297.2
2019-12-06 12:00:00,7288.7
2019-12-06 12:15:00,7282.7
2019-12-06 12:30:00,7279.7
2019-12-06 12:45:00,7278.2
2019-12-06 13:00:00,7275.7
2019-12-06 13:15:00,7263.6
2019-12-06 13:30:00,7261.7
2019-12-06 13:45:00,7250.2
2019-12-06 14:00:00,7251.2
2019-12-06 14:15:00,7244.4
2019-12-06 14:30:00,7243.0
2019-12-06 14:45:00,7239.6
2019-12-06 15:00:00,7247.3
2019-12-06 15:15:00,7237.9
2019-12-06 15:30:00,7241.5
2019-12-06 15:45:00,7240.1
2019-12-06 16:00:00,7254.6
2019-12-06 16:15:00,7264.6
2019-12-06 16:30:00,7277.2
2019-12-06 16:45:00,7285.8
2019-12-06 17:00:00,7291.3
2019-12-06 17:15:00,7290.2
2019-12-06 17:30:00,7283.6
2019-12-06 17:45:00,7278.6
2019-12-06 18:00:00,7272.1
2019-12-06 18:15:00,7267.4
2019-12-06 18:30:00,7264.7
2019-12-06 18:45:00,7263.4
2019-12-06 19:00:00,7243.6
2019-12-06 19:15:00,7233.7
2019-12-06 19:30:00,7222.2
2019-12-06 19:45:00,7208.5
2019-12-06 20:00:00,7186.4
2019-12-06 20:15:00,7167.2
2019-12-06 20:30:00,7155.0
2019-12-06 20:45:00,7142.1
2019-12-06 21:00:00,7123.7
2019-12-06 21:15:00,7114.3
2019-12-06 21:30:00,7098.8
2019-12-06 21:45:00,7087.9
2019-12-06 22:00:00,7071.8
2019-12-06 22:15:00,7059.5
2019-12-06 22:30:00,7047.0
2019-12-06 22:45:00,7029.3
2019-12-06 23:00:00,7016.3
2019-12-06 23:15:00,6996.4
2019-12-06 23:30:00,6991.0
2019-12-06 23:45:00,6975.6
2019-12-07 00:00:00,6965.4
2019-12-07 00:15:00,6953.2
2019-12-07 00:30:00,6944.6
2019-12-07 00:45:00,6936.5
2019-12-07 01:00:00,6923.1
2019-12-07 01:15:00,6915.0
2019-12-07 01:30:00,6907.6
2019-12-07 01:45:00,6899.5
2019-12-07 02:00:00,6887.9
2019-12-07 02:15:00,6881.7
2019-12-07 02:30:00,6879.2
2019-12-07 02:45:00,6880.0
2019-12-07 03:00:00,6873.2
2019-12-07 03:15:00,6868.9
2019-12-07 03:30:00,6867.2
2019-12-07 03:45:00,6867.4
2019-12-07 04:00:00,6868.7
2019-12-07 04:15:00,6868.0
2019-12-07 04:30:00,6870.9
2019-12-07 04:45:00,6876.1
2019-12-07 05:00:00,6881.5
2019-12-07 05:15:00,6878.7
2019-12-07 05:30:00,6876.5
2019-12-07 05:45:00,6881.6
2019-12-07 06:00:00,6888.8
2019-12-07 06:15:00,6898.9
2019-12-07 06:30:00,6905.7
2019-12-07 06:45:00,6916.0
2019-12-07 07:00:00,6942.0
2019-12-07 07:15:00,6949.8
2019-12-07 07:30:00,6961.3
2019-12-07 07:45:00,6972.8
2019-12-07 08:00:00,6987.2
2019-12-07 08:15:00,6998.5
2019-12-07 08:30:00,7008.6
2019-12-07 08:45:00,7020.4
2019-12-07 09:00:00,7037.1
2019-12-07 09:15:00,7047.9
2019-12-07 09:30:00,7061.4
2019-12-07 09:45:00,7073.6
2019-12-07 10:00:00,7077.1
2019-12-07 10:15:00,7078.1
2019-12-07 10:30:00,7082.4
2019-12-07 10:45:00,7089.7
2019-12-07 11:00:00,7096.8
2019-12-07 11:15:00,7097.2
2019-12-07 11:30:00,7099.4
2019-12-07 11:45:00,7099.0
2019-12-07 12:00:00,7088.5
2019-12-07 12:15:00,7088.7
2019-12-07 12:30:00,7081.2
2019-12-07 12:45:00,7077.3
2019-12-07 13:00:00,7074.9
2019-12-07 13:15:00,7059.2
2019-12-07 13:30:00,7051.8
2019-12-07 13:45:00,7037.6
2019-12-07 14:00:00,7032.3
2019-12-07 14:15:00,7022.3
2019-12-07 14:30:00,7018.0
2019-12-07 14:45:00,7014.9
2019-12-07 15:00:00,7025.0
2019-12-07 15:15:00,7020.6
2019-12-07 15:30:00,7017.7
2019-12-07 15:45:00,7022.6
2019-12-07 16:00:00,7034.5
2019-12-07 16:15:00,7043.0
2019-12-07 16:30:00,7058.6
2019-12-07 16:45:00,7070.9
2019-12-07 17:00:00,7084.9
2019-12-07 17:15:00,7085.0
2019-12-07 17:30:00,7091.0
2019-12-07 17:45:00,7092.0
2019-12-07 18:00:00,7091.9
2019-12-07 18:15:00,7089.0
2019-12-07 18:30:00,7083.5
2019-12-07 18:45:00,7083.2
2019-12-07 19:00:00,7071.9
2019-12-07 19:15:00,7059.2
2019-12-07 19:30:00,7049.8
2019-12-07 19:45:00,7039.3
2019-12-07 20:00:00,7013.2
2019-12-07 20:15:00,6994.7
2019-12-07 20:30:00,6983.2
2019-12-07 20:45:00,6971.3
2019-12-07 21:00:00,6961.8
2019-12-07 21:15:00,6959.2
2019-12-07 21:30:00,6949.8
2019-12-07 21:45:00,6942.9
2019-12-07 22:00:00,6942.5
2019-12-07 22:15:00,6930.9
2019-12-07 22:30:00,6926.1
2019-12-07 22:45:00,6907.5
2019-12-07 23:00:00,6899.6
2019-12-07 23:15:00,6883.9
2019-12-07 23:30:00,6875.4
2019-12-07 23:45:00,6859.4
2019-12-08 00:00:00,6837.3
2019-12-08 00:15:00,6820.6
2019-12-08 00:30:00,6810.4
2019-12-08 00:45:00,6801.9
2019-12-08 01:00:00,6797.1
2019-12-08 01:15:00,6787.7
2019-12-08 01:30:00,6782.5
2019-12-08 01:45:00,6777.4
2019-12-08 02:00:00,6771.2
2019-12-08 02:15:00,6771.1
2019-12-08 02:30:00,6768.1
2019-12-08 02:45:00,6764.9
2019-12-08 03:00:00,6766.0
2019-12-08 03:15:00,6763.4
2019-12-08 03:30:00,6766.8
2019-12-08 03:45:00,6771.8
2019-12-08 04:00:00,6787.7
2019-12-08 04:15:00,6791.5
2019-12-08 04:30:00,6797.2
2019-12-08 04:45:00,6795.4
2019-12-08 05:00:00,6803.4
2019-12-08 05:15:00,6803.6
2019-12-08 05:30:00,6802.9
2019-12-08 05:45:00,6801.0
2019-12-08 06:00:00,6805.5
2019-12-08 06:15:00,6807.2
2019-12-08 06:30:00,6816.3
2019-12-08 06:45:00,6820.9
2019-12-08 07:00:00,6838.6
2019-12-08 07:15:00,6848.2
2019-12-08 07:30:00,6858.7
2019-12-08 07:45:00,6867.9
2019-12-08 08:00:00,6889.6
2019-12-08 08:15:00,6901.7
2019-12-08 08:30:00,6918.0
2019-12-08 08:45:00,6927.9
2019-12-08 09:00:00,6941.7
2019-12-08 09:15:00,6955.3
2019-12-08 09:30:00,6974.4
2019-12-08 09:45:00,6989.4
2019-12-08 10:00:00,7004.1
2019-12-08 10:15:00,7014.8
2019-12-08 10:30:00,7021.3
2019-12-08 10:45:00,7028.4
2019-12-08 11:00:00,7037.2
2019-12-08 11:15:00,7045.6
2019-12-08 11:30:00,7056.3
2019-12-08 11:45:00,7064.0
2019-12-08 12:00:00,7063.3
2019-12-08 12:15:00,7062.0
2019-12-08 12:30:00,7053.0
2019-12-08 12:45:00,7045.5
2019-12-08 13:00:00,7039.8
2019-12-08 13:15:00,7029.7
2019-12-08 13:30:00,7028.0
2019-12-08 13:45:00,7018.9
2019-12-08 14:00:00,7014.0
2019-12-08 14:15:00,7009.6
2019-12-08 14:30:00,7003.9
2019-12-08 14:45:00,6998.4
2019-12-08 15:00:00,6998.2
2019-12-08 15:15:00,6993.6
2019-12-08 15:30:00,6994.0
2019-12-08 15:45:00,6992.4
2019-12-08 16:00:00,7000.6
2019-12-08 16:15:00,7012.6
2019-12-08 16:30:00,7023.2
2019-12-08 16:45:00,7044.0
2019-12-08 17:00:00,7045.9
2019-12-08 17:15:00,7053.1
2019-12-08 17:30:00,7054.4
2019-12-08 17:45:00,7056.7
2019-12-08 18:00:00,7058.2
2019-12-08 18:15:00,7056.5
2019-12-08 18:30:00,7050.4
2019-12-08 18:45:00,7050.0
2019-12-08 19:00:00,7045.7
2019-12-08 19:15:00,7039.2
2019-12-08 19:30:00,7024.8
2019-12-08 19:45:00,7015.0
2019-12-08 20:00:00,7002.1
2019-12-08 20:15:00,6989.1
2019-12-08 20:30:00,6974.0
2019-12-08 20:45:00,6970.2
2019-12-08 21:00:00,6969.3
2019-12-08 21:15:00,6960.7
2019-12-08 21:30:00,6953.4
2019-12-08 21:45:00,6951.3
2019-12-08 22:00:00,6962.0
2019-12-08 22:15:00,6957.7
2019-12-08 22:30:00,6943.5
2019-12-08 22:45:00,6927.1
2019-12-08 23:00:00,6906.9
2019-12-08 23:15:00,6892.6
2019-12-08 23:30:00,6873.6
2019-12-08 23:45:00,6868.6
2019-12-09 00:00:00,6872.7
2019-12-09 00:15:00,6867.6
2019-12-09 00:30:00,6856.6
2019-12-09 00:45:00,6854.4
2019-12-09 01:00:00,6847.3
2019-12-09 01:15:00,6844.4
2019-12-09 01:30:00,6838.1
2019-12-09 01:45:00,6835.2
2019-12-09 02:00:00,6835.6
2019-12-09 02:15:00,6833.0
2019-12-09 02:30:00,6833.4
2019-12-09 02:45:00,6836.4
2019-12-09 03:00:00,6841.3
2019-12-09 03:15:00,6839.8
2019-12-09 03:30:00,6843.0
2019-12-09 03:45:00,6850.4
2019-12-09 04:00:00,6862.6
2019-12-09 04:15:00,6867.0
2019-12-09 04:30:00,6874.4
2019-12-09 04:45:00,6887.5
2019-12-09 05:00:00,6912.5
2019-12-09 05:15:00,6926.1
2019-12-09 05:30:00,6949.3
2019-12-09 05:45:00,6978.3
2019-12-09 06:00:00,7038.0
2019-12-09 06:15:00,7076.2
2019-12-09 06:30:00,7114.1
2019-12-09 06:45:00,7142.1
2019-12-09 07:00:00,7182.1
2019-12-09 07:15:00,7207.0
2019-12-09 07:30:00,7232.3
2019-12-09 07:45:00,7244.4
2019-12-09 08:00:00,7248.4
2019-12-09 08:15:00,7251.8
2019-12-09 08:30:00,7248.1
2019-12-09 08:45:00,7239.2
2019-12-09 09:00:00,7231.4
2019-12-09 09:15:00,7236.2
2019-12-09 09:30:00,7237.7
2019-12-09 09:45:00,7245.3
2019-12-09 10:00:00,7251.6
2019-12-09 10:15:00,7252.4
2019-12-09 10:30:00,7257.4
2019-12-09 10:45:00,7262.6
2019-12-09 11:00:00,7259.9
2019-12-09 11:15:00,7259.8
2019-12-09 11:30:00,7261.5
2019-12-09 11:45:00,7259.1
2019-12-09 12:00:00,7256.6
2019-12-09 12:15:00,7248.0
2019-12-09 12:30:00,7255.7
2019-12-09 12:45:00,7248.0
2019-12-09 13:00:00,7251.1
2019-12-09 13:15:00,7249.7
2019-12-09 13:30:00,7239.7
2019-12-09 13:45:00,7227.6
2019-12-09 14:00:00,7231.6
2019-12-09 14:15:00,7231.4
2019-12-09 14:30:00,7231.9
2019-12-09 14:45:00,7225.4
2019-12-09 15:00:00,7226.7
2019-12-09 15:15:00,7223.2
2019-12-09 15:30:00,7226.6
2019-12-09 15:45:00,7226.7
2019-12-09 16:00:00,7230.2
2019-12-09 16:15:00,7235.9
2019-12-09 16:30:00,7244.5
2019-12-09 16:45:00,7255.3
2019-12-09 17:00:00,7271.8
2019-12-09 17:15:00,7274.4
2019-12-09 17:30:00,7276.7
2019-12-09 17:45:00,7275.8
2019-12-09 18:00:00,7270.4
2019-12-09 18:15:00,7267.4
2019-12-09 18:30:00,7266.4
2019-12-09 18:45:00,7258.2
2019-12-09 19:00:00,7248.0
2019-12-09 19:15:00,7232.7
2019-12-09 19:30:00,7220.7
2019-12-09 19:45:00,7209.1
2019-12-09 20:00:00,7192.4
2019-12-09 20:15:00,7171.7
2019-12-09 20:30:00,7156.7
2019-12-09 20:45:00,7138.7
2019-12-09 21:00:00,7126.4
2019-12-09 21:15:00,7109.0
2019-12-09 21:30:00,7092.1
2019-12-09 21:45:00,7076.8
2019-12-09 22:00:00,7070.6
2019-12-09 22:15:00,7056.0
2019-12-09 22:30:00,7036.3
2019-12-09 22:45:00,7020.6
2019-12-09 23:00:00,7002.6
2019-12-09 23:15:00,6986.9
2019-12-09 23:30:00,6973.7
2019-12-09 23:45:00,6966.2
2019-12-10 00:00:00,6951.0
2019-12-10 00:15:00,6944.8
2019-12-10 00:30:00,6942.2
2019-12-10 00:45:00,6928.1
2019-12-10 01:00:00,6918.7
2019-12-10 01:15:00,6914.7
2019-12-10 01:30:00,6909.0
2019-12-10 01:45:00,6900.4
2019-12-10 02:00:00,6889.2
2019-12-10 02:15:00,6885.6
2019-12-10 02:30:00,6887.9
2019-12-10 02:45:00,6890.1
2019-12-10 03:00:00,6890.1
2019-12-10 03:15:00,6889.8
2019-12-10 03:30:00,6893.6
2019-12-10 03:45:00,6895.0
2019-12-10 04:00:00,6914.8
2019-12-10 04:15:00,6921.9
2019-12-10 04:30:00,6926.2
2019-12-10 04:45:00,6934.7
2019-12-10 05:00:00,6977.9
2019-12-10 05:15:00,6986.0
2019-12-10 05:30:00,6996.1
2019-12-10 05:45:00,7018.3
2019-12-10 06:00:00,7067.2
2019-12-10 06:15:00,7101.5
2019-12-10 06:30:00,7136.1
2019-12-10 06:45:00,7165.3
2019-12-10 07:00:00,7193.6
2019-12-10 07:15:00,7215.7
2019-12-10 07:30:00,7229.6
2019-12-10 07:45:00,7236.6
2019-12-10 08:00:00,7248.2
2019-12-10 08:15:00,7255.1
2019-12-10 08:30:00,7250.7
2019-12-10 08:45:00,7255.3
2019-12-10 09:00:00,7253.7
2019-12-10 09:15:00,7252.9
2019-12-10 09:30:00,7255.0
2019-12-10 09:45:00,7259.6
2019-12-10 10:00:00,7256.5
2019-12-10 10:15:00,7254.8
2019-12-10 10:30:00,7249.2
2019-12-10 10:45:00,7247.7
2019-12-10 11:00:00,7246.9
2019-12-10 11:15:00,7248.2
2019-12-10 11:30:00,7251.0
2019-12-10 11:45:00,7245.9
2019-12-10 12:00:00,7245.4
2019-12-10 12:15:00,7243.2
2019-12-10 12:30:00,7241.5
2019-12-10 12:45:00,7242.3
2019-12-10 13:00:00,7244.5
2019-12-10 13:15:00,7241.9
2019-12-10 13:30:00,7233.8
2019-12-10 13:45:00,7231.8
2019-12-10 14:00:00,7235.9
2019-12-10 14:15:00,7234.4
2019-12-10 14:30:00,7229.5
2019-12-10 14:45:00,7229.4
2019-12-10 15:00:00,7220.0
2019-12-10 15:15:00,7219.2
2019-12-10 15:30:00,7219.4
2019-12-10 15:45:00,7220.7
2019-12-10 16:00:00,7233.4
2019-12-10 16:15:00,7245.9
2019-12-10 16:30:00,7268.9
2019-12-10 16:45:00,7287.7
2019-12-10 17:00:00,7303.8
2019-12-10 17:15:00,7315.8
2019-12-10 17:30:00,7318.4
2019-12-10 17:45:00,7323.7
2019-12-10 18:00:00,7318.9
2019-12-10 18:15:00,7318.0
2019-12-10 18:30:00,7315.2
2019-12-10 18:45:00,7317.1
2019-12-10 19:00:00,7305.9
2019-12-10 19:15:00,7297.3
2019-12-10 19:30:00,7288.1
2019-12-10 19:45:00,7273.1
2019-12-10 20:00:00,7255.3
2019-12-10 20:15:00,7232.8
2019-12-10 20:30:00,7217.0
2019-12-10 20:45:00,7205.5
2019-12-10 21:00:00,7183.7
2019-12-10 21:15:00,7169.4
2019-12-10 21:30:00,7156.1
2019-12-10 21:45:00,7139.4
2019-12-10 22:00:00,7116.5
2019-12-10 22:15:00,7106.2
2019-12-10 22:30:00,7089.0
2019-12-10 22:45:00,7075.1
2019-12-10 23:00:00,7051.6
2019-12-10 23:15:00,7035.4
2019-12-10 23:30:00,7021.3
2019-12-10 23:45:00,7009.9
2019-12-11 00:00:00,6987.9
2019-12-11 00:15:00,6978.7
2019-12-11 00:30:00,6968.0
2019-12-11 00:45:00,6959.0
2019-12-11 01:00:00,6947.8
2019-12-11 01:15:00,6942.7
2019-12-11 01:30:00,6936.3
2019-12-11 01:45:00,6934.1
2019-12-11 02:00:00,6924.9
2019-12-11 02:15:00,6924.0
2019-12-11 02:30:00,6926.6
2019-12-11 02:45:00,6929.1
2019-12-11 03:00:00,6932.2
2019-12-11 03:15:00,6932.3
2019-12-11 03:30:00,6935.1
2019-12-11 03:45:00,6938.0
2019-12-11 04:00:00,6942.0
2019-12-11 04:15:00,6941.9
2019-12-11 04:30:00,6952.7
2019-12-11 04:45:00,6960.3
2019-12-11 05:00:00,6979.8
2019-12-11 05:15:00,6992.7
2019-12-11 05:30:00,7013.5
2019-12-11 05:45:00,7038.1
2019-12-11 06:00:00,7087.8
2019-12-11 06:15:00,7122.0
2019-12-11 06:30:00,7153.5
2019-12-11 06:45:00,7183.2
2019-12-11 07:00:00,7222.5
2019-12-11 07:15:00,7244.5
2019-12-11 07:30:00,7258.3
2019-12-11 07:45:00,7273.8
2019-12-11 08:00:00,7284.5
2019-12-11 08:15:00,7284.2
2019-12-11 08:30:00,7285.6
2019-12-11 08:45:00,7283.9
2019-12-11 09:00:00,7276.3
2019-12-11 09:15:00,7281.9
2019-12-11 09:30:00,7286.3
2019-12-11 09:45:00,7284.7
2019-12-11 10:00:00,7284.9
2019-12-11 10:15:00,7286.9
2019-12-11 10:30:00,7290.4
2019-12-11 10:45:00,7290.9
2019-12-11 11:00:00,7289.4
2019-12-11 11:15:00,7289.6
2019-12-11 11:30:00,7290.6
2019-12-11 11:45:00,7289.4
2019-12-11 12:00:00,7283.0
2019-12-11 12:15:00,7280.2
2019-12-11 12:30:00,7276.9
2019-12-11 12:45:00,7273.9
2019-12-11 13:00:00,7279.1
2019-12-11 13:15:00,7273.6
2019-12-11 13:30:00,7268.1
2019-12-11 13:45:00,7255.3
2019-12-11 14:00:00,7262.6
2019-12-11 14:15:00,7257.4
2019-12-11 14:30:00,7256.6
2019-12-11 14:45:00,7254.4
2019-12-11 15:00:00,7260.3
2019-12-11 15:15:00,7256.5
2019-12-11 15:30:00,7257.8
2019-12-11 15:45:00,7253.9
2019-12-11 16:00:00,7261.4
2019-12-11 16:15:00,7269.4
2019-12-11 16:30:00,7280.8
2019-12-11 16:45:00,7288.4
2019-12-11 17:00:00,7284.1
2019-12-11 17:15:00,7282.6
2019-12-11 17:30:00,7283.3
2019-12-11 17:45:00,7279.8
2019-12-11 18:00:00,7282.1
2019-12-11 18:15:00,7274.2
2019-12-11 18:30:00,7271.8
2019-12-11 18:45:00,7269.0
2019-12-11 19:00:00,7256.3
2019-12-11 19:15:00,7246.4
2019-12-11 19:30:00,7232.7
2019-12-11 19:45:00,7219.8
2019-12-11 20:00:00,7199.1
2019-12-11 20:15:00,7183.1
2019-12-11 20:30:00,7164.2
2019-12-11 20:45:00,7153.4
2019-12-11 21:00:00,7132.4
2019-12-11 21:15:00,7115.1
2019-12-11 21:30:00,7097.5
2019-12-11 21:45:00,7085.0
2019-12-11 22:00:00,7080.5
2019-12-11 22:15:00,7072.8
2019-12-11 22:30:00,7050.6
2019-12-11 22:45:00,7028.8
2019-12-11 23:00:00,7006.5
2019-12-11 23:15:00,6986.7
2019-12-11 23:30:00,6971.0
2019-12-11 23:45:00,6958.7
2019-12-12 00:00:00,6943.4
2019-12-12 00:15:00,6936.6
2019-12-12 00:30:00,6928.9
2019-12-12 00:45:00,6915.1
2019-12-12 01:00:00,6907.7
2019-12-12 01:15:00,6904.0
2019-12-12 01:30:00,6900.0
2019-12-12 01:45:00,6890.5
2019-12-12 02:00:00,6896.3
2019-12-12 02:15:00,6893.3
2019-12-12 02:30:00,6889.3
2019-12-12 02:45:00,6889.1
2019-12-12 03:00:00,6884.5
2019-12-12 03:15:00,6888.2
2019-12-12 03:30:00,6893.3
2019-12-12 03:45:00,6896.1
2019-12-12 04:00:00,6901.3
2019-12-12 04:15:00,6907.8
2019-12-12 04:30:00,6915.6
2019-12-12 04:45:00,6925.9
2019-12-12 05:00:00,6949.5
2019-12-12 05:15:00,6962.4
2019-12-12 05:30:00,6978.9
2019-12-12 05:45:00,7007.1
2019-12-12 06:00:00,7055.8
2019-12-12 06:15:00,7096.1
2019-12-12 06:30:00,7129.2
2019-12-12 06:45:00,7160.2
2019-12-12 07:00:00,7192.8
2019-12-12 07:15:00,7212.2
2019-12-12 07:30:00,7229.7
2019-12-12 07:45:00,7242.1
2019-12-12 08:00:00,7251.4
2019-12-12 08:15:00,7255.4
2019-12-12 08:30:00,7261.7
2019-12-12 08:45:00,7263.2
2019-12-12 09:00:00,7255.2
2019-12-12 09:15:00,7257.9
2019-12-12 09:30:00,7264.9
2019-12-12 09:45:00,7266.8
2019-12-12 10:00:00,7262.6
2019-12-12 10:15:00,7263.1
2019-12-12 10:30:00,7265.9
2019-12-12 10:45:00,7267.8
2019-12-12 11:00:00,7278.2
2019-12-12 11:15:00,7283.4
2019-12-12 11:30:00,7280.4
2019-12-12 11:45:00,7277.4
2019-12-12 12:00:00,7277.4
2019-12-12 12:15:00,7277.0
2019-12-12 12:30:00,7276.7
2019-12-12 12:45:00,7272.4
2019-12-12 13:00:00,7276.0
2019-12-12 13:15:00,7276.7
2019-12-12 13:30:00,7267.7
2019-12-12 13:45:00,7256.4
2019-12-12 14:00:00,7252.6
2019-12-12 14:15:00,7251.3
2019-12-12 14:30:00,7250.5
2019-12-12 14:45:00,7245.2
2019-12-12 15:00:00,7249.7
2019-12-12 15:15:00,7243.3
2019-12-12 15:30:00,7242.8
2019-12-12 15:45:00,7241.0
2019-12-12 16:00:00,7248.4
2019-12-12 16:15:00,7258.3
2019-12-12 16:30:00,7269.9
2019-12-12 16:45:00,7285.3
2019-12-12 17:00:00,7286.8
2019-12-12 17:15:00,7286.6
2019-12-12 17:30:00,7286.4
2019-12-12 17:45:00,7288.2
2019-12-12 18:00:00,7288.0
2019-12-12 18:15:00,7284.6
2019-12-12 18:30:00,7284.2
2019-12-12 18:45:00,7282.6
2019-12-12 19:00:00,7280.8
2019-12-12 19:15:00,7268.2
2019-12-12 19:30:00,7259.8
2019-12-12 19:45:00,7248.0
2019-12-12 20:00:00,7231.2
2019-12-12 20:15:00,7213.2
2019-12-12 20:30:00,7197.2
2019-12-12 20:45:00,7178.4
2019-12-12 21:00:00,7158.7
2019-12-12 21:15:00,7148.1
2019-12-12 21:30:00,7138.6
2019-12-12 21:45:00,7128.5
2019-12-12 22:00:00,7111.6
2019-12-12 22:15:00,7096.6
2019-12-12 22:30:00,7080.5
2019-12-12 22:45:00,7068.5
2019-12-12 23:00:00,7044.1
2019-12-12 23:15:00,7025.0
2019-12-12 23:30:00,7012.2
2019-12-12 23:45:00,7003.0
2019-12-13 00:00:00,6965.7
2019-12-13 00:15:00,6957.7
2019-12-13 00:30:00,6956.4
2019-12-13 00:45:00,6947.1
2019-12-13 01:00:00,6932.2
2019-12-13 01:15:00,6926.6
2019-12-13 01:30:00,6922.4
2019-12-13 01:45:00,6920.6
2019-12-13 02:00:00,6910.5
2019-12-13 02:15:00,6904.7
2019-12-13 02:30:00,6905.3
2019-12-13 02:45:00,6910.2
2019-12-13 03:00:00,6918.1
2019-12-13 03:15:00,6920.5
2019-12-13 03:30:00,6926.2
2019-12-13 03:45:00,6927.0
2019-12-13 04:00:00,6931.3
2019-12-13 04:15:00,6933.5
2019-12-13 04:30:00,6941.3
2019-12-13 04:45:00,6945.9
2019-12-13 05:00:00,6968.5
2019-12-13 05:15:00,6980.6
2019-12-13 05:30:00,6995.5
2019-12-13 05:45:00,7024.7
2019-12-13 06:00:00,7065.4
2019-12-13 06:15:00,7108.2
2019-12-13 06:30:00,7133.9
2019-12-13 06:45:00,7165.2
2019-12-13 07:00:00,7206.0
2019-12-13 07:15:00,7232.1
2019-12-13 07:30:00,7245.2
2019-12-13 07:45:00,7255.6
2019-12-13 08:00:00,7267.9
2019-12-13 08:15:00,7274.2
2019-12-13 08:30:00,7274.1
2019-12-13 08:45:00,7275.6
2019-12-13 09:00:00,7272.4
2019-12-13 09:15:00,7272.7
2019-12-13 09:30:00,7276.5
2019-12-13 09:45:00,7275.2
2019-12-13 10:00:00,7279.0
2019-12-13 10:15:00,7281.9
2019-12-13 10:30:00,7282.5
2019-12-13 10:45:00,7279.7
2019-12-13 11:00:00,7279.4
2019-12-13 11:15:00,7274.6
2019-12-13 11:30:00,7276.9
2019-12-13 11:45:00,7266.3
2019-12-13 12:00:00,7251.2
2019-12-13 12:15:00,7244.7
2019-12-13 12:30:00,7240.7
2019-12-13 12:45:00,7235.4
2019-12-13 13:00:00,7232.5
2019-12-13 13:15:00,7221.9
2019-12-13 13:30:00,7218.5
2019-12-13 13:45:00,7202.6
2019-12-13 14:00:00,7197.7
2019-12-13 14:15:00,7191.6
2019-12-13 14:30:00,7189.0
2019-12-13 14:45:00,7185.7
2019-12-13 15:00:00,7183.2
2019-12-13 15:15:00,7176.7
2019-12-13 15:30:00,7180.0
2019-12-13 15:45:00,7180.3
2019-12-13 16:00:00,7186.9
2019-12-13 16:15:00,7198.5
2019-12-13 16:30:00,7211.5
2019-12-13 16:45:00,7220.3
2019-12-13 17:00:00,7223.6
2019-12-13 17:15:00,7221.3
2019-12-13 17:30:00,7217.3
2019-12-13 17:45:00,7217.1
2019-12-13 18:00:00,7206.1
2019-12-13 18:15:00,7197.7
2019-12-13 18:30:00,7194.4
2019-12-13 18:45:00,7187.5
2019-12-13 19:00:00,7178.7
2019-12-13 19:15:00,7164.0
2019-12-13 19:30:00,7147.8
2019-12-13 19:45:00,7137.4
2019-12-13 20:00:00,7120.4
2019-12-13 20:15:00,7102.9
2019-12-13 20:30:00,7086.1
2019-12-13 20:45:00,7075.2
2019-12-13 21:00:00,7065.0
2019-12-13 21:15:00,7056.9
2019-12-13 21:30:00,7043.2
2019-12-13 21:45:00,7030.6
2019-12-13 22:00:00,7025.5
2019-12-13 22:15:00,7008.6
2019-12-13 22:30:00,6998.0
2019-12-13 22:45:00,6980.4
2019-12-13 23:00:00,6961.3
2019-12-13 23:15:00,6944.7
2019-12-13 23:30:00,6933.2
2019-12-13 23:45:00,6921.6
2019-12-14 00:00:00,6899.3
2019-12-14 00:15:00,6885.8
2019-12-14 00:30:00,6872.6
2019-12-14 00:45:00,6869.1
2019-12-14 01:00:00,6855.9
2019-12-14 01:15:00,6848.2
2019-12-14 01:30:00,6841.8
2019-12-14 01:45:00,6837.0
2019-12-14 02:00:00,6828.2
2019-12-14 02:15:00,6822.7
2019-12-14 02:30:00,6824.3
2019-12-14 02:45:00,6826.3
2019-12-14 03:00:00,6825.2
2019-12-14 03:15:00,6822.3
2019-12-14 03:30:00,6821.8
2019-12-14 03:45:00,6825.0
2019-12-14 04:00:00,6833.2
2019-12-14 04:15:00,6838.1
2019-12-14 04:30:00,6840.4
2019-12-14 04:45:00,6845.0
2019-12-14 05:00:00,6852.3
2019-12-14 05:15:00,6849.0
2019-12-14 05:30:00,6846.8
2019-12-14 05:45:00,6849.2
2019-12-14 06:00:00,6849.2
2019-12-14 06:15:00,6857.2
2019-12-14 06:30:00,6861.1
2019-12-14 06:45:00,6870.3
2019-12-14 07:00:00,6899.9
2019-12-14 07:15:00,6914.9
2019-12-14 07:30:00,6927.7
2019-12-14 07:45:00,6942.9
2019-12-14 08:00:00,6960.4
2019-12-14 08:15:00,6973.8
2019-12-14 08:30:00,6985.9
2019-12-14 08:45:00,7000.5
2019-12-14 09:00:00,7015.1
2019-12-14 09:15:00,7027.6
2019-12-14 09:30:00,7037.2
2019-12-14 09:45:00,7047.9
2019-12-14 10:00:00,7055.1
2019-12-14 10:15:00,7062.5
2019-12-14 10:30:00,7067.8
2019-12-14 10:45:00,7068.5
2019-12-14 11:00:00,7081.1
2019-12-14 11:15:00,7092.1
2019-12-14 11:30:00,7096.4
2019-12-14 11:45:00,7096.0
2019-12-14 12:00:00,7087.3
2019-12-14 12:15:00,7084.2
2019-12-14 12:30:00,7080.1
2019-12-14 12:45:00,7073.9
2019-12-14 13:00:00,7066.1
2019-12-14 13:15:00,7060.7
2019-12-14 13:30:00,7063.2
2019-12-14 13:45:00,7060.3
2019-12-14 14:00:00,7054.8
2019-12-14 14:15:00,7048.3
2019-12-14 14:30:00,7044.3
2019-12-14 14:45:00,7039.5
2019-12-14 15:00:00,7038.2
2019-12-14 15:15:00,7040.4
2019-12-14 15:30:00,7041.5
2019-12-14 15:45:00,7045.7
2019-12-14 16:00:00,7056.7
2019-12-14 16:15:00,7071.0
2019-12-14 16:30:00,7082.4
2019-12-14 16:45:00,7093.5
2019-12-14 17:00:00,7105.4
2019-12-14 17:15:00,7115.4
2019-12-14 17:30:00,7114.4
2019-12-14 17:45:00,7115.2
2019-12-14 18:00:00,7111.8
2019-12-14 18:15:00,7105.1
2019-12-14 18:30:00,7101.4
2019-12-14 18:45:00,7094.2
2019-12-14 19:00:00,7084.2
2019-12-14 19:15:00,7073.0
2019-12-14 19:30:00,7063.8
2019-12-14 19:45:00,7050.5
2019-12-14 20:00:00,7031.9
2019-12-14 20:15:00,7015.0
2019-12-14 20:30:00,6999.8
2019-12-14 20:45:00,6986.4
2019-12-14 21:00:00,6975.0
2019-12-14 21:15:00,6969.5
2019-12-14 21:30:00,6970.2
2019-12-14 21:45:00,6966.9
2019-12-14 22:00:00,6978.3
2019-12-14 22:15:00,6966.1
2019-12-14 22:30:00,6955.0
2019-12-14 22:45:00,6943.4
2019-12-14 23:00:00,6928.9
2019-12-14 23:15:00,6914.3
2019-12-14 23:30:00,6904.7
2019-12-14 23:45:00,6887.2
2019-12-15 00:00:00,6860.7
2019-12-15 00:15:00,6845.4
2019-12-15 00:30:00,6837.2
2019-12-15 00:45:00,6823.1
2019-12-15 01:00:00,6810.4
2019-12-15 01:15:00,6799.2
2019-12-15 01:30:00,6788.9
2019-12-15 01:45:00,6779.6
2019-12-15 02:00:00,6773.9
2019-12-15 02:15:00,6771.1
2019-12-15 02:30:00,6768.3
2019-12-15 02:45:00,6769.3
2019-12-15 03:00:00,6766.4
2019-12-15 03:15:00,6764.7
2019-12-15 03:30:00,6762.0
2019-12-15 03:45:00,6762.8
2019-12-15 04:00:00,6774.3
2019-12-15 04:15:00,6774.8
2019-12-15 04:30:00,6783.4
2019-12-15 04:45:00,6787.7
2019-12-15 05:00:00,6790.4
2019-12-15 05:15:00,6785.8
2019-12-15 05:30:00,6782.3
2019-12-15 05:45:00,6781.8
2019-12-15 06:00:00,6785.3
2019-12-15 06:15:00,6788.3
2019-12-15 06:30:00,6795.6
2019-12-15 06:45:00,6801.5
2019-12-15 07:00:00,6814.7
2019-12-15 07:15:00,6827.9
2019-12-15 07:30:00,6847.9
2019-12-15 07:45:00,6858.4
2019-12-15 08:00:00,6877.4
2019-12-15 08:15:00,6890.9
2019-12-15 08:30:00,6902.6
2019-12-15 08:45:00,6912.8
2019-12-15 09:00:00,6928.1
2019-12-15 09:15:00,6939.9
2019-12-15 09:30:00,6948.7
2019-12-15 09:45:00,6957.0
2019-12-15 10:00:00,6962.2
2019-12-15 10:15:00,6973.5
2019-12-15 10:30:00,6978.5
2019-12-15 10:45:00,6993.2
2019-12-15 11:00:00,7005.9
2019-12-15 11:15:00,7016.2
2019-12-15 11:30:00,7021.9
2019-12-15 11:45:00,7022.5
2019-12-15 12:00:00,7019.7
2019-12-15 12:15:00,7011.2
2019-12-15 12:30:00,7003.7
2019-12-15 12:45:00,7000.0
2019-12-15 13:00:00,6990.5
2019-12-15 13:15:00,6979.0
2019-12-15 13:30:00,6973.7
2019-12-15 13:45:00,6964.3
2019-12-15 14:00:00,6956.4
2019-12-15 14:15:00,6949.2
2019-12-15 14:30:00,6954.0
2019-12-15 14:45:00,6950.6
2019-12-15 15:00:00,6953.2
2019-12-15 15:15:00,6950.5
2019-12-15 15:30:00,6955.2
2019-12-15 15:45:00,6957.5
2019-12-15 16:00:00,6971.4
2019-12-15 16:15:00,6978.7
2019-12-15 16:30:00,6995.9
2019-12-15 16:45:00,7015.5
2019-12-15 17:00:00,7041.4
2019-12-15 17:15:00,7046.6
2019-12-15 17:30:00,7044.8
2019-12-15 17:45:00,7051.0
2019-12-15 18:00:00,7051.2
2019-12-15 18:15:00,7048.7
2019-12-15 18:30:00,7043.7
2019-12-15 18:45:00,7038.9
2019-12-15 19:00:00,7034.6
2019-12-15 19:15:00,7028.6
2019-12-15 19:30:00,7020.8
2019-12-15 19:45:00,7016.9
2019-12-15 20:00:00,7004.1
2019-12-15 20:15:00,6991.2
2019-12-15 20:30:00,6982.0
2019-12-15 20:45:00,6969.3
2019-12-15 21:00:00,6960.5
2019-12-15 21:15:00,6951.9
2019-12-15 21:30:00,6945.5
2019-12-15 21:45:00,6948.7
2019-12-15 22:00:00,6952.6
2019-12-15 22:15:00,6949.5
2019-12-15 22:30:00,6935.4
2019-12-15 22:45:00,6921.4
2019-12-15 23:00:00,6898.9
2019-12-15 23:15:00,6886.1
2019-12-15 23:30:00,6870.8
2019-12-15 23:45:00,6854.3
2019-12-16 00:00:00,6838.8
2019-12-16 00:15:00,6829.8
2019-12-16 00:30:00,6823.9
2019-12-16 00:45:00,6811.6
2019-12-16 01:00:00,6799.9
2019-12-16 01:15:00,6797.6
2019-12-16 01:30:00,6795.2
2019-12-16 01:45:00,6790.3
2019-12-16 02:00:00,6789.9
2019-12-16 02:15:00,6784.8
2019-12-16 02:30:00,6783.4
2019-12-16 02:45:00,6778.3
2019-12-16 03:00:00,6780.2
2019-12-16 03:15:00,6784.7
2019-12-16 03:30:00,6790.2
2019-12-16 03:45:00,6795.0
2019-12-16 04:00:00,6805.6
2019-12-16 04:15:00,6813.4
2019-12-16 04:30:00,6824.6
2019-12-16 04:45:00,6832.9
2019-12-16 05:00:00,6862.5
2019-12-16 05:15:00,6880.4
2019-12-16 05:30:00,6903.1
2019-12-16 05:45:00,6930.1
2019-12-16 06:00:00,6995.1
2019-12-16 06:15:00,7036.6
2019-12-16 06:30:00,7067.9
2019-12-16 06:45:00,7099.0
2019-12-16 07:00:00,7132.3
2019-12-16 07:15:00,7155.9
2019-12-16 07:30:00,7174.0
2019-12-16 07:45:00,7190.0
2019-12-16 08:00:00,7208.2
2019-12-16 08:15:00,7209.7
2019-12-16 08:30:00,7210.1
2019-12-16 08:45:00,7210.9
2019-12-16 09:00:00,7211.6
2019-12-16 09:15:00,7214.7
2019-12-16 09:30:00,7217.5
2019-12-16 09:45:00,7219.2
2019-12-16 10:00:00,7222.0
2019-12-16 10:15:00,7219.5
2019-12-16 10:30:00,7219.6
2019-12-16 10:45:00,7222.4
2019-12-16 11:00:00,7222.5
2019-12-16 11:15:00,7222.7
2019-12-16 11:30:00,7222.5
2019-12-16 11:45:00,7220.3
2019-12-16 12:00:00,7219.6
2019-12-16 12:15:00,7217.7
2019-12-16 12:30:00,7215.8
2019-12-16 12:45:00,7215.5
2019-12-16 13:00:00,7218.5
2019-12-16 13:15:00,7214.3
2019-12-16 13:30:00,7210.2
2019-12-16 13:45:00,7197.7
2019-12-16 14:00:00,7190.7
2019-12-16 14:15:00,7186.3
2019-12-16 14:30:00,7182.1
2019-12-16 14:45:00,7175.1
2019-12-16 15:00:00,7176.3
2019-12-16 15:15:00,7171.6
2019-12-16 15:30:00,7167.9
2019-12-16 15:45:00,7169.6
2019-12-16 16:00:00,7179.2
2019-12-16 16:15:00,7192.4
2019-12-16 16:30:00,7204.0
2019-12-16 16:45:00,7214.0
2019-12-16 17:00:00,7219.0
2019-12-16 17:15:00,7221.3
2019-12-16 17:30:00,7220.9
2019-12-16 17:45:00,7221.6
2019-12-16 18:00:00,7216.6
2019-12-16 18:15:00,7212.2
2019-12-16 18:30:00,7209.8
2019-12-16 18:45:00,7208.2
2019-12-16 19:00:00,7195.1
2019-12-16 19:15:00,7182.4
2019-12-16 19:30:00,7172.3
2019-12-16 19:45:00,7161.2
2019-12-16 20:00:00,7143.3
2019-12-16 20:15:00,7121.9
2019-12-16 20:30:00,7103.5
2019-12-16 20:45:00,7091.0
2019-12-16 21:00:00,7076.4
2019-12-16 21:15:00,7059.0
2019-12-16 21:30:00,7042.5
2019-12-16 21:45:00,7026.2
2019-12-16 22:00:00,7028.1
2019-12-16 22:15:00,7008.9
2019-12-16 22:30:00,6987.4
2019-12-16 22:45:00,6970.4
2019-12-16 23:00:00,6958.6
2019-12-16 23:15:00,6938.9
2019-12-16 23:30:00,6925.7
2019-12-16 23:45:00,6913.4
2019-12-17 00:00:00,6885.2
2019-12-17 00:15:00,6867.1
2019-12-17 00:30:00,6856.4
2019-12-17 00:45:00,6843.3
2019-12-17 01:00:00,6835.8
2019-12-17 01:15:00,6828.3
2019-12-17 01:30:00,6825.2
2019-12-17 01:45:00,6822.7
2019-12-17 02:00:00,6812.7
2019-12-17 02:15:00,6813.9
2019-12-17 02:30:00,6814.5
2019-12-17 02:45:00,6821.2
2019-12-17 03:00:00,6827.4
2019-12-17 03:15:00,6833.0
2019-12-17 03:30:00,6836.4
2019-12-17 03:45:00,6838.6
2019-12-17 04:00:00,6840.6
2019-12-17 04:15:00,6846.2
2019-12-17 04:30:00,6858.0
2019-12-17 04:45:00,6872.2
2019-12-17 05:00:00,6895.2
2019-12-17 05:15:00,6907.3
2019-12-17 05:30:00,6925.3
2019-12-17 05:45:00,6950.0
2019-12-17 06:00:00,7006.9
2019-12-17 06:15:00,7047.2
2019-12-17 06:30:00,7082.3
2019-12-17 06:45:00,7115.6
2019-12-17 07:00:00,7146.7
2019-12-17 07:15:00,7166.8
2019-12-17 07:30:00,7186.6
2019-12-17 07:45:00,7199.4
2019-12-17 08:00:00,7210.8
2019-12-17 08:15:00,7212.5
2019-12-17 08:30:00,7213.1
2019-12-17 08:45:00,7209.3
2019-12-17 09:00:00,7198.5
2019-12-17 09:15:00,7205.4
2019-12-17 09:30:00,7206.3
2019-12-17 09:45:00,7207.6
2019-12-17 10:00:00,7209.2
2019-12-17 10:15:00,7207.4
2019-12-17 10:30:00,7207.8
2019-12-17 10:45:00,7209.7
2019-12-17 11:00:00,7216.1
2019-12-17 11:15:00,7218.8
2019-12-17 11:30:00,7223.4
2019-12-17 11:45:00,7224.5
2019-12-17 12:00:00,7211.5
2019-12-17 12:15:00,7205.5
2019-12-17 12:30:00,7206.3
2019-12-17 12:45:00,7206.1
2019-12-17 13:00:00,7203.5
2019-12-17 13:15:00,7197.7
2019-12-17 13:30:00,7191.2
2019-12-17 13:45:00,7182.5
2019-12-17 14:00:00,7181.8
2019-12-17 14:15:00,7178.1
2019-12-17 14:30:00,7176.8
2019-12-17 14:45:00,7178.2
2019-12-17 15:00:00,7182.8
2019-12-17 15:15:00,7175.9
2019-12-17 15:30:00,7178.0
2019-12-17 15:45:00,7178.7
2019-12-17 16:00:00,7188.9
2019-12-17 16:15:00,7197.9
2019-12-17 16:30:00,7217.5
2019-12-17 16:45:00,7235.2
2019-12-17 17:00:00,7248.0
2019-12-17 17:15:00,7252.8
2019-12-17 17:30:00,7259.7
2019-12-17 17:45:00,7257.2
2019-12-17 18:00:00,7247.7
2019-12-17 18:15:00,7245.8
2019-12-17 18:30:00,7241.6
2019-12-17 18:45:00,7244.2
2019-12-17 19:00:00,7240.2
2019-12-17 19:15:00,7228.4
2019-12-17 19:30:00,7216.6
2019-12-17 19:45:00,7203.5
2019-12-17 20:00:00,7173.4
2019-12-17 20:15:00,7150.2
2019-12-17 20:30:00,7130.9
2019-12-17 20:45:00,7102.4
2019-12-17 21:00:00,7082.9
2019-12-17 21:15:00,7069.1
2019-12-17 21:30:00,7056.0
2019-12-17 21:45:00,7037.1
2019-12-17 22:00:00,7032.6
2019-12-17 22:15:00,7019.7
2019-12-17 22:30:00,7001.4
2019-12-17 22:45:00,6984.5
2019-12-17 23:00:00,6963.2
2019-12-17 23:15:00,6953.3
2019-12-17 23:30:00,6938.9
2019-12-17 23:45:00,6928.0
2019-12-18 00:00:00,6901.5
2019-12-18 00:15:00,6889.3
2019-12-18 00:30:00,6882.6
2019-12-18 00:45:00,6873.9
2019-12-18 01:00:00,6857.7
2019-12-18 01:15:00,6844.2
2019-12-18 01:30:00,6836.0
2019-12-18 01:45:00,6837.2
2019-12-18 02:00:00,6829.4
2019-12-18 02:15:00,6826.6
2019-12-18 02:30:00,6822.5
2019-12-18 02:45:00,6821.6
2019-12-18 03:00:00,6826.6
2019-12-18 03:15:00,6827.5
2019-12-18 03:30:00,6827.0
2019-12-18 03:45:00,6829.4
2019-12-18 04:00:00,6834.4
2019-12-18 04:15:00,6844.7
2019-12-18 04:30:00,6855.3
2019-12-18 04:45:00,6868.0
2019-12-18 05:00:00,6899.5
2019-12-18 05:15:00,6907.1
2019-12-18 05:30:00,6924.7
2019-12-18 05:45:00,6949.5
2019-12-18 06:00:00,7016.5
2019-12-18 06:15:00,7054.8
2019-12-18 06:30:00,7082.9
2019-12-18 06:45:00,7108.6
2019-12-18 07:00:00,7137.3
2019-12-18 07:15:00,7156.4
2019-12-18 07:30:00,7172.2
2019-12-18 07:45:00,7181.4
2019-12-18 08:00:00,7191.6
2019-12-18 08:15:00,7194.9
2019-12-18 08:30:00,7192.4
2019-12-18 08:45:00,7192.1
2019-12-18 09:00:00,7185.9
2019-12-18 09:15:00,7186.3
2019-12-18 09:30:00,7194.0
2019-12-18 09:45:00,7199.0
2019-12-18 10:00:00,7193.7
2019-12-18 10:15:00,7191.0
2019-12-18 10:30:00,7193.2
2019-12-18 10:45:00,7196.7
2019-12-18 11:00:00,7197.6
2019-12-18 11:15:00,7197.7
2019-12-18 11:30:00,7199.2
2019-12-18 11:45:00,7196.7
2019-12-18 12:00:00,7189.3
2019-12-18 12:15:00,7182.9
2019-12-18 12:30:00,7180.1
2019-12-18 12:45:00,7177.3
2019-12-18 13:00:00,7172.1
2019-12-18 13:15:00,7167.0
2019-12-18 13:30:00,7163.8
2019-12-18 13:45:00,7152.6
2019-12-18 14:00:00,7153.8
2019-12-18 14:15:00,7151.8
2019-12-18 14:30:00,7146.9
2019-12-18 14:45:00,7144.3
2019-12-18 15:00:00,7139.1
2019-12-18 15:15:00,7133.4
2019-12-18 15:30:00,7132.0
2019-12-18 15:45:00,7131.2
2019-12-18 16:00:00,7136.8
2019-12-18 16:15:00,7145.4
2019-12-18 16:30:00,7158.9
2019-12-18 16:45:00,7177.2
2019-12-18 17:00:00,7200.9
2019-12-18 17:15:00,7210.2
2019-12-18 17:30:00,7216.6
2019-12-18 17:45:00,7216.4
2019-12-18 18:00:00,7211.5
2019-12-18 18:15:00,7206.7
2019-12-18 18:30:00,7201.8
2019-12-18 18:45:00,7194.9
2019-12-18 19:00:00,7182.9
2019-12-18 19:15:00,7170.9
2019-12-18 19:30:00,7160.8
2019-12-18 19:45:00,7153.9
2019-12-18 20:00:00,7129.6
2019-12-18 20:15:00,7116.4
2019-12-18 20:30:00,7101.6
2019-12-18 20:45:00,7086.6
2019-12-18 21:00:00,7070.2
2019-12-18 21:15:00,7055.0
2019-12-18 21:30:00,7040.5
2019-12-18 21:45:00,7022.9
2019-12-18 22:00:00,7017.8
2019-12-18 22:15:00,7004.1
2019-12-18 22:30:00,6989.5
2019-12-18 22:45:00,6971.7
2019-12-18 23:00:00,6946.4
2019-12-18 23:15:00,6931.3
2019-12-18 23:30:00,6916.1
2019-12-18 23:45:00,6905.0
2019-12-19 00:00:00,6882.1
2019-12-19 00:15:00,6869.1
2019-12-19 00:30:00,6866.0
2019-12-19 00:45:00,6860.9
2019-12-19 01:00:00,6852.6
2019-12-19 01:15:00,6846.0
2019-12-19 01:30:00,6843.6
2019-12-19 01:45:00,6841.3
2019-12-19 02:00:00,6836.0
2019-12-19 02:15:00,6837.0
2019-12-19 02:30:00,6841.8
2019-12-19 02:45:00,6841.4
2019-12-19 03:00:00,6843.3
2019-12-19 03:15:00,6844.9
2019-12-19 03:30:00,6850.5
2019-12-19 03:45:00,6852.9
2019-12-19 04:00:00,6859.1
2019-12-19 04:15:00,6866.6
2019-12-19 04:30:00,6875.3
2019-12-19 04:45:00,6882.6
2019-12-19 05:00:00,6902.3
2019-12-19 05:15:00,6914.6
2019-12-19 05:30:00,6925.9
2019-12-19 05:45:00,6954.5
2019-12-19 06:00:00,7008.4
2019-12-19 06:15:00,7036.6
2019-12-19 06:30:00,7065.3
2019-12-19 06:45:00,7098.1
2019-12-19 07:00:00,7131.0
2019-12-19 07:15:00,7146.6
2019-12-19 07:30:00,7165.6
2019-12-19 07:45:00,7177.8
2019-12-19 08:00:00,7187.3
2019-12-19 08:15:00,7191.0
2019-12-19 08:30:00,7190.8
2019-12-19 08:45:00,7188.5
2019-12-19 09:00:00,7190.3
2019-12-19 09:15:00,7193.6
2019-12-19 09:30:00,7196.0
2019-12-19 09:45:00,7196.8
2019-12-19 10:00:00,7188.8
2019-12-19 10:15:00,7184.9
2019-12-19 10:30:00,7182.7
2019-12-19 10:45:00,7180.7
2019-12-19 11:00:00,7170.2
2019-12-19 11:15:00,7166.6
2019-12-19 11:30:00,7168.1
2019-12-19 11:45:00,7165.5
2019-12-19 12:00:00,7159.6
2019-12-19 12:15:00,7155.8
2019-12-19 12:30:00,7150.5
2019-12-19 12:45:00,7146.1
2019-12-19 13:00:00,7154.1
2019-12-19 13:15:00,7147.9
2019-12-19 13:30:00,7141.5
2019-12-19 13:45:00,7133.2
2019-12-19 14:00:00,7133.6
2019-12-19 14:15:00,7129.0
2019-12-19 14:30:00,7126.3
2019-12-19 14:45:00,7122.9
2019-12-19 15:00:00,7126.6
2019-12-19 15:15:00,7123.8
2019-12-19 15:30:00,7127.5
2019-12-19 15:45:00,7127.5
2019-12-19 16:00:00,7135.0
2019-12-19 16:15:00,7142.9
2019-12-19 16:30:00,7163.2
2019-12-19 16:45:00,7179.4
2019-12-19 17:00:00,7182.1
2019-12-19 17:15:00,7186.8
2019-12-19 17:30:00,7190.3
2019-12-19 17:45:00,7191.3
2019-12-19 18:00:00,7181.0
2019-12-19 18:15:00,7175.9
2019-12-19 18:30:00,7172.4
2019-12-19 18:45:00,7165.5
2019-12-19 19:00:00,7159.9
2019-12-19 19:15:00,7151.9
2019-12-19 19:30:00,7143.2
2019-12-19 19:45:00,7133.5
2019-12-19 20:00:00,7111.9
2019-12-19 20:15:00,7091.7
2019-12-19 20:30:00,7077.4
2019-12-19 20:45:00,7057.8
2019-12-19 21:00:00,7035.4
2019-12-19 21:15:00,7019.9
2019-12-19 21:30:00,7012.3
2019-12-19 21:45:00,6995.8
2019-12-19 22:00:00,6983.9
2019-12-19 22:15:00,6972.7
2019-12-19 22:30:00,6957.3
2019-12-19 22:45:00,6936.3
2019-12-19 23:00:00,6918.4
2019-12-19 23:15:00,6900.0
2019-12-19 23:30:00,6883.4
2019-12-19 23:45:00,6869.7
2019-12-20 00:00:00,6851.4
2019-12-20 00:15:00,6844.4
2019-12-20 00:30:00,6833.8
2019-12-20 00:45:00,6826.4
2019-12-20 01:00:00,6820.1
2019-12-20 01:15:00,6815.2
2019-12-20 01:30:00,6807.9
2019-12-20 01:45:00,6798.6
2019-12-20 02:00:00,6792.0
2019-12-20 02:15:00,6785.8
2019-12-20 02:30:00,6785.0
2019-12-20 02:45:00,6786.5
2019-12-20 03:00:00,6801.8
2019-12-20 03:15:00,6803.5
2019-12-20 03:30:00,6811.3
2019-12-20 03:45:00,6812.2
2019-12-20 04:00:00,6822.3
2019-12-20 04:15:00,6829.5
2019-12-20 04:30:00,6839.2
2019-12-20 04:45:00,6847.1
2019-12-20 05:00:00,6862.7
2019-12-20 05:15:00,6873.6
2019-12-20 05:30:00,6886.9
2019-12-20 05:45:00,6914.8
2019-12-20 06:00:00,6952.8
2019-12-20 06:15:00,6981.7
2019-12-20 06:30:00,7003.2
2019-12-20 06:45:00,7032.8
2019-12-20 07:00:00,7062.1
2019-12-20 07:15:00,7083.7
2019-12-20 07:30:00,7100.9
2019-12-20 07:45:00,7114.2
2019-12-20 08:00:00,7125.6
2019-12-20 08:15:00,7126.7
2019-12-20 08:30:00,7125.0
2019-12-20 08:45:00,7126.2
2019-12-20 09:00:00,7126.0
2019-12-20 09:15:00,7124.5
2019-12-20 09:30:00,7127.8
2019-12-20 09:45:00,7131.0
2019-12-20 10:00:00,7129.7
2019-12-20 10:15:00,7125.3
2019-12-20 10:30:00,7123.0
2019-12-20 10:45:00,7124.7
2019-12-20 11:00:00,7117.8
2019-12-20 11:15:00,7117.0
2019-12-20 11:30:00,7117.9
2019-12-20 11:45:00,7118.1
2019-12-20 12:00:00,7120.4
2019-12-20 12:15:00,7116.9
2019-12-20 12:30:00,7111.7
2019-12-20 12:45:00,7108.4
2019-12-20 13:00:00,7101.1
2019-12-20 13:15:00,7087.6
2019-12-20 13:30:00,7077.7
2019-12-20 13:45:00,7069.2
2019-12-20 14:00:00,7071.9
2019-12-20 14:15:00,7066.1
2019-12-20 14:30:00,7064.8
2019-12-20 14:45:00,7064.6
2019-12-20 15:00:00,7071.9
2019-12-20 15:15:00,7065.8
2019-12-20 15:30:00,7071.7
2019-12-20 15:45:00,7072.9
2019-12-20 16:00:00,7085.2
2019-12-20 16:15:00,7092.5
2019-12-20 16:30:00,7105.1
2019-12-20 16:45:00,7112.0
2019-12-20 17:00:00,7120.9
2019-12-20 17:15:00,7118.3
2019-12-20 17:30:00,7115.8
2019-12-20 17:45:00,7115.1
2019-12-20 18:00:00,7109.5
2019-12-20 18:15:00,7102.4
2019-12-20 18:30:00,7097.3
2019-12-20 18:45:00,7089.0
2019-12-20 19:00:00,7079.2
2019-12-20 19:15:00,7067.0
2019-12-20 19:30:00,7056.8
2019-12-20 19:45:00,7047.9
2019-12-20 20:00:00,7027.1
2019-12-20 20:15:00,7008.4
2019-12-20 20:30:00,6989.5
2019-12-20 20:45:00,6974.9
2019-12-20 21:00:00,6963.7
2019-12-20 21:15:00,6953.8
2019-12-20 21:30:00,6943.6
2019-12-20 21:45:00,6932.6
2019-12-20 22:00:00,6930.0
2019-12-20 22:15:00,6917.2
2019-12-20 22:30:00,6901.0
2019-12-20 22:45:00,6885.6
2019-12-20 23:00:00,6863.6
2019-12-20 23:15:00,6848.0
2019-12-20 23:30:00,6834.8
2019-12-20 23:45:00,6819.7
2019-12-21 00:00:00,6799.5
2019-12-21 00:15:00,6792.5
2019-12-21 00:30:00,6786.6
2019-12-21 00:45:00,6781.5
2019-12-21 01:00:00,6772.4
2019-12-21 01:15:00,6762.6
2019-12-21 01:30:00,6761.4
2019-12-21 01:45:00,6753.9
2019-12-21 02:00:00,6747.7
2019-12-21 02:15:00,6742.3
2019-12-21 02:30:00,6741.7
2019-12-21 02:45:00,6737.9
2019-12-21 03:00:00,6727.8
2019-12-21 03:15:00,6728.5
2019-12-21 03:30:00,6731.2
2019-12-21 03:45:00,6733.0
2019-12-21 04:00:00,6740.7
2019-12-21 04:15:00,6744.7
2019-12-21 04:30:00,6744.4
2019-12-21 04:45:00,6748.6
2019-12-21 05:00:00,6760.0
2019-12-21 05:15:00,6759.8
2019-12-21 05:30:00,6764.1
2019-12-21 05:45:00,6760.7
2019-12-21 06:00:00,6773.8
2019-12-21 06:15:00,6781.4
2019-12-21 06:30:00,6789.7
2019-12-21 06:45:00,6795.5
2019-12-21 07:00:00,6811.5
2019-12-21 07:15:00,6824.6
2019-12-21 07:30:00,6842.5
2019-12-21 07:45:00,6855.7
2019-12-21 08:00:00,6883.0
2019-12-21 08:15:00,6896.8
2019-12-21 08:30:00,6911.6
2019-12-21 08:45:00,6921.6
2019-12-21 09:00:00,6942.2
2019-12-21 09:15:00,6949.5
2019-12-21 09:30:00,6961.0
2019-12-21 09:45:00,6966.7
2019-12-21 10:00:00,6972.0
2019-12-21 10:15:00,6976.2
2019-12-21 10:30:00,6977.7
2019-12-21 10:45:00,6979.6
2019-12-21 11:00:00,6970.8
2019-12-21 11:15:00,6978.2
2019-12-21 11:30:00,6985.6
2019-12-21 11:45:00,6986.4
2019-12-21 12:00:00,6989.1
2019-12-21 12:15:00,6983.9
2019-12-21 12:30:00,6983.7
2019-12-21 12:45:00,6981.6
2019-12-21 13:00:00,6976.0
2019-12-21 13:15:00,6965.4
2019-12-21 13:30:00,6957.0
2019-12-21 13:45:00,6952.2
2019-12-21 14:00:00,6945.9
2019-12-21 14:15:00,6944.0
2019-12-21 14:30:00,6938.4
2019-12-21 14:45:00,6936.9
2019-12-21 15:00:00,6945.2
2019-12-21 15:15:00,6946.0
2019-12-21 15:30:00,6952.8
2019-12-21 15:45:00,6952.8
2019-12-21 16:00:00,6960.3
2019-12-21 16:15:00,6976.4
2019-12-21 16:30:00,6992.9
2019-12-21 16:45:00,7010.5
2019-12-21 17:00:00,7014.6
2019-12-21 17:15:00,7019.3
2019-12-21 17:30:00,7027.3
2019-12-21 17:45:00,7034.0
2019-12-21 18:00:00,7034.2
2019-12-21 18:15:00,7029.0
2019-12-21 18:30:00,7025.8
2019-12-21 18:45:00,7019.3
2019-12-21 19:00:00,7007.3
2019-12-21 19:15:00,6995.1
2019-12-21 19:30:00,6987.0
2019-12-21 19:45:00,6979.4
2019-12-21 20:00:00,6971.7
2019-12-21 20:15:00,6953.2
2019-12-21 20:30:00,6936.3
2019-12-21 20:45:00,6923.7
2019-12-21 21:00:00,6914.8
2019-12-21 21:15:00,6905.8
2019-12-21 21:30:00,6892.5
2019-12-21 21:45:00,6882.7
2019-12-21 22:00:00,6888.3
2019-12-21 22:15:00,6877.4
2019-12-21 22:30:00,6862.6
2019-12-21 22:45:00,6848.1
2019-12-21 23:00:00,6833.0
2019-12-21 23:15:00,6819.1
2019-12-21 23:30:00,6806.7
2019-12-21 23:45:00,6797.8
2019-12-22 00:00:00,6789.8
2019-12-22 00:15:00,6780.5
2019-12-22 00:30:00,6775.9
2019-12-22 00:45:00,6771.1
2019-12-22 01:00:00,6761.4
2019-12-22 01:15:00,6752.0
2019-12-22 01:30:00,6745.6
2019-12-22 01:45:00,6742.8
2019-12-22 02:00:00,6741.5
2019-12-22 02:15:00,6743.2
2019-12-22 02:30:00,6740.2
2019-12-22 02:45:00,6736.0
2019-12-22 03:00:00,6732.5
2019-12-22 03:15:00,6730.1
2019-12-22 03:30:00,6726.4
2019-12-22 03:45:00,6727.1
2019-12-22 04:00:00,6730.5
2019-12-22 04:15:00,6726.7
2019-12-22 04:30:00,6728.2
2019-12-22 04:45:00,6729.8
2019-12-22 05:00:00,6730.4
2019-12-22 05:15:00,6729.3
2019-12-22 05:30:00,6726.8
2019-12-22 05:45:00,6724.7
2019-12-22 06:00:00,6713.4
2019-12-22 06:15:00,6715.5
2019-12-22 06:30:00,6716.4
2019-12-22 06:45:00,6721.0
2019-12-22 07:00:00,6730.4
2019-12-22 07:15:00,6737.8
2019-12-22 07:30:00,6748.8
2019-12-22 07:45:00,6761.3
2019-12-22 08:00:00,6787.8
2019-12-22 08:15:00,6798.0
2019-12-22 08:30:00,6809.2
2019-12-22 08:45:00,6822.7
2019-12-22 09:00:00,6832.4
2019-12-22 09:15:00,6841.7
2019-12-22 09:30:00,6855.3
2019-12-22 09:45:00,6864.7
2019-12-22 10:00:00,6867.2
2019-12-22 10:15:00,6874.6
2019-12-22 10:30:00,6882.4
2019-12-22 10:45:00,6893.0
2019-12-22 11:00:00,6907.0
2019-12-22 11:15:00,6918.0
2019-12-22 11:30:00,6926.1
2019-12-22 11:45:00,6930.2
2019-12-22 12:00:00,6940.1
2019-12-22 12:15:00,6937.4
2019-12-22 12:30:00,6931.3
2019-12-22 12:45:00,6924.4
2019-12-22 13:00:00,6923.7
2019-12-22 13:15:00,6915.2
2019-12-22 13:30:00,6909.0
2019-12-22 13:45:00,6902.5
2019-12-22 14:00:00,6894.8
2019-12-22 14:15:00,6887.9
2019-12-22 14:30:00,6883.4
2019-12-22 14:45:00,6879.8
2019-12-22 15:00:00,6881.7
2019-12-22 15:15:00,6875.9
2019-12-22 15:30:00,6877.0
2019-12-22 15:45:00,6886.4
2019-12-22 16:00:00,6901.0
2019-12-22 16:15:00,6909.8
2019-12-22 16:30:00,6922.7
2019-12-22 16:45:00,6936.0
2019-12-22 17:00:00,6937.3
2019-12-22 17:15:00,6938.2
2019-12-22 17:30:00,6947.7
2019-12-22 17:45:00,6951.3
2019-12-22 18:00:00,6956.8
2019-12-22 18:15:00,6955.7
2019-12-22 18:30:00,6953.4
2019-12-22 18:45:00,6951.1
2019-12-22 19:00:00,6949.8
2019-12-22 19:15:00,6940.8
2019-12-22 19:30:00,6936.8
2019-12-22 19:45:00,6926.3
2019-12-22 20:00:00,6923.8
2019-12-22 20:15:00,6912.8
2019-12-22 20:30:00,6899.1
2019-12-22 20:45:00,6891.2
2019-12-22 21:00:00,6885.8
2019-12-22 21:15:00,6879.2
2019-12-22 21:30:00,6873.3
2019-12-22 21:45:00,6872.3
2019-12-22 22:00:00,6884.1
2019-12-22 22:15:00,6873.8
2019-12-22 22:30:00,6857.6
2019-12-22 22:45:00,6848.8
2019-12-22 23:00:00,6831.3
2019-12-22 23:15:00,6817.9
2019-12-22 23:30:00,6804.2
2019-12-22 23:45:00,6796.7
2019-12-23 00:00:00,6783.2
2019-12-23 00:15:00,6771.3
2019-12-23 00:30:00,6764.7
2019-12-23 00:45:00,6752.4
2019-12-23 01:00:00,6735.7
2019-12-23 01:15:00,6726.3
2019-12-23 01:30:00,6720.2
2019-12-23 01:45:00,6718.5
2019-12-23 02:00:00,6708.9
2019-12-23 02:15:00,6707.1
2019-12-23 02:30:00,6705.5
2019-12-23 02:45:00,6705.1
2019-12-23 03:00:00,6706.1
2019-12-23 03:15:00,6708.4
2019-12-23 03:30:00,6712.5
2019-12-23 03:45:00,6715.7
2019-12-23 04:00:00,6723.5
2019-12-23 04:15:00,6732.1
2019-12-23 04:30:00,6741.5
2019-12-23 04:45:00,6749.0
2019-12-23 05:00:00,6770.3
2019-12-23 05:15:00,6773.2
2019-12-23 05:30:00,6784.2
2019-12-23 05:45:00,6789.7
2019-12-23 06:00:00,6807.8
2019-12-23 06:15:00,6820.5
2019-12-23 06:30:00,6832.5
2019-12-23 06:45:00,6851.2
2019-12-23 07:00:00,6874.5
2019-12-23 07:15:00,6891.5
2019-12-23 07:30:00,6909.0
2019-12-23 07:45:00,6926.6
2019-12-23 08:00:00,6940.3
2019-12-23 08:15:00,6946.5
2019-12-23 08:30:00,6955.5
2019-12-23 08:45:00,6959.1
2019-12-23 09:00:00,6958.2
2019-12-23 09:15:00,6965.9
2019-12-23 09:30:00,6972.8
2019-12-23 09:45:00,6979.4
2019-12-23 10:00:00,6981.2
2019-12-23 10:15:00,6981.8
2019-12-23 10:30:00,6983.9
2019-12-23 10:45:00,6989.7
2019-12-23 11:00:00,7005.8
2019-12-23 11:15:00,7014.7
2019-12-23 11:30:00,7023.0
2019-12-23 11:45:00,7023.2
2019-12-23 12:00:00,7021.7
2019-12-23 12:15:00,7021.0
2019-12-23 12:30:00,7019.9
2019-12-23 12:45:00,7014.6
2019-12-23 13:00:00,7017.5
2019-12-23 13:15:00,7013.1
2019-12-23 13:30:00,7007.7
2019-12-23 13:45:00,7003.2
2019-12-23 14:00:00,7002.6
2019-12-23 14:15:00,6998.2
2019-12-23 14:30:00,6991.5
2019-12-23 14:45:00,6989.9
2019-12-23 15:00:00,6992.6
2019-12-23 15:15:00,6986.3
2019-12-23 15:30:00,6984.4
2019-12-23 15:45:00,6986.0
2019-12-23 16:00:00,6988.8
2019-12-23 16:15:00,6995.1
2019-12-23 16:30:00,7013.8
2019-12-23 16:45:00,7030.6
2019-12-23 17:00:00,7035.4
2019-12-23 17:15:00,7035.9
2019-12-23 17:30:00,7039.1
2019-12-23 17:45:00,7038.9
2019-12-23 18:00:00,7036.1
2019-12-23 18:15:00,7030.9
2019-12-23 18:30:00,7026.3
2019-12-23 18:45:00,7018.1
2019-12-23 19:00:00,7010.9
2019-12-23 19:15:00,6999.4
2019-12-23 19:30:00,6991.1
2019-12-23 19:45:00,6982.4
2019-12-23 20:00:00,6970.3
2019-12-23 20:15:00,6953.2
2019-12-23 20:30:00,6940.3
2019-12-23 20:45:00,6927.1
2019-12-23 21:00:00,6922.0
2019-12-23 21:15:00,6911.3
2019-12-23 21:30:00,6901.5
2019-12-23 21:45:00,6896.3
2019-12-23 22:00:00,6897.1
2019-12-23 22:15:00,6888.0
2019-12-23 22:30:00,6874.7
2019-12-23 22:45:00,6855.8
2019-12-23 23:00:00,6829.1
2019-12-23 23:15:00,6810.7
2019-12-23 23:30:00,6799.5
2019-12-23 23:45:00,6787.5
2019-12-24 00:00:00,6757.2
2019-12-24 00:15:00,6743.7
2019-12-24 00:30:00,6738.7
2019-12-24 00:45:00,6726.1
2019-12-24 01:00:00,6709.1
2019-12-24 01:15:00,6700.3
2019-12-24 01:30:00,6690.4
2019-12-24 01:45:00,6690.2
2019-12-24 02:00:00,6698.3
2019-12-24 02:15:00,6696.2
2019-12-24 02:30:00,6693.6
2019-12-24 02:45:00,6693.4
2019-12-24 03:00:00,6695.8
2019-12-24 03:15:00,6693.6
2019-12-24 03:30:00,6693.4
2019-12-24 03:45:00,6694.6
2019-12-24 04:00:00,6707.7
2019-12-24 04:15:00,6712.5
2019-12-24 04:30:00,6714.0
2019-12-24 04:45:00,6714.3
2019-12-24 05:00:00,6727.8
2019-12-24 05:15:00,6725.3
2019-12-24 05:30:00,6727.4
2019-12-24 05:45:00,6728.9
2019-12-24 06:00:00,6734.5
2019-12-24 06:15:00,6733.5
2019-12-24 06:30:00,6737.6
2019-12-24 06:45:00,6743.0
2019-12-24 07:00:00,6764.6
2019-12-24 07:15:00,6776.5
2019-12-24 07:30:00,6785.7
2019-12-24 07:45:00,6805.7
2019-12-24 08:00:00,6824.9
2019-12-24 08:15:00,6833.5
2019-12-24 08:30:00,6846.0
2019-12-24 08:45:00,6859.1
2019-12-24 09:00:00,6876.4
2019-12-24 09:15:00,6887.9
2019-12-24 09:30:00,6899.3
2019-12-24 09:45:00,6911.1
2019-12-24 10:00:00,6931.6
2019-12-24 10:15:00,6939.9
2019-12-24 10:30:00,6942.9
2019-12-24 10:45:00,6948.6
2019-12-24 11:00:00,6957.3
2019-12-24 11:15:00,6960.7
2019-12-24 11:30:00,6960.7
2019-12-24 11:45:00,6957.4
2019-12-24 12:00:00,6955.7
2019-12-24 12:15:00,6951.3
2019-12-24 12:30:00,6949.7
2019-12-24 12:45:00,6944.2
2019-12-24 13:00:00,6938.2
2019-12-24 13:15:00,6928.9
2019-12-24 13:30:00,6926.4
2019-12-24 13:45:00,6922.7
2019-12-24 14:00:00,6908.5
2019-12-24 14:15:00,6894.0
2019-12-24 14:30:00,6889.2
2019-12-24 14:45:00,6879.8
2019-12-24 15:00:00,6877.9
2019-12-24 15:15:00,6871.3
2019-12-24 15:30:00,6873.2
2019-12-24 15:45:00,6875.1
2019-12-24 16:00:00,6878.7
2019-12-24 16:15:00,6886.1
2019-12-24 16:30:00,6897.6
2019-12-24 16:45:00,6909.1
2019-12-24 17:00:00,6918.6
2019-12-24 17:15:00,6921.6
2019-12-24 17:30:00,6922.8
2019-12-24 17:45:00,6917.6
2019-12-24 18:00:00,6922.4
2019-12-24 18:15:00,6910.5
2019-12-24 18:30:00,6899.3
2019-12-24 18:45:00,6886.9
2019-12-24 19:00:00,6878.2
2019-12-24 19:15:00,6864.0
2019-12-24 19:30:00,6856.2
2019-12-24 19:45:00,6845.9
2019-12-24 20:00:00,6829.1
2019-12-24 20:15:00,6816.0
2019-12-24 20:30:00,6813.0
2019-12-24 20:45:00,6807.1
2019-12-24 21:00:00,6805.1
2019-12-24 21:15:00,6803.1
2019-12-24 21:30:00,6800.8
2019-12-24 21:45:00,6795.1
2019-12-24 22:00:00,6798.9
2019-12-24 22:15:00,6798.1
2019-12-24 22:30:00,6790.3
2019-12-24 22:45:00,6781.9
2019-12-24 23:00:00,6773.7
2019-12-24 23:15:00,6762.8
2019-12-24 23:30:00,6750.4
2019-12-24 23:45:00,6741.5
2019-12-25 00:00:00,6732.7
2019-12-25 00:15:00,6724.7
2019-12-25 00:30:00,6717.7
2019-12-25 00:45:00,6709.0
2019-12-25 01:00:00,6697.6
2019-12-25 01:15:00,6687.1
2019-12-25 01:30:00,6677.0
2019-12-25 01:45:00,6671.8
2019-12-25 02:00:00,6663.6
2019-12-25 02:15:00,6658.6
2019-12-25 02:30:00,6655.5
2019-12-25 02:45:00,6653.7
2019-12-25 03:00:00,6654.6
2019-12-25 03:15:00,6653.9
2019-12-25 03:30:00,6653.4
2019-12-25 03:45:00,6649.5
2019-12-25 04:00:00,6652.0
2019-12-25 04:15:00,6653.5
2019-12-25 04:30:00,6658.4
2019-12-25 04:45:00,6660.1
2019-12-25 05:00:00,6666.0
2019-12-25 05:15:00,6662.1
2019-12-25 05:30:00,6663.2
2019-12-25 05:45:00,6659.7
2019-12-25 06:00:00,6660.1
2019-12-25 06:15:00,6658.7
2019-12-25 06:30:00,6656.1
2019-12-25 06:45:00,6663.5
2019-12-25 07:00:00,6672.9
2019-12-25 07:15:00,6677.2
2019-12-25 07:30:00,6685.1
2019-12-25 07:45:00,6699.6
2019-12-25 08:00:00,6720.5
2019-12-25 08:15:00,6734.3
2019-12-25 08:30:00,6746.7
2019-12-25 08:45:00,6763.5
2019-12-25 09:00:00,6793.1
2019-12-25 09:15:00,6813.1
2019-12-25 09:30:00,6823.2
2019-12-25 09:45:00,6834.5
2019-12-25 10:00:00,6848.1
2019-12-25 10:15:00,6861.2
2019-12-25 10:30:00,6868.0
2019-12-25 10:45:00,6876.1
2019-12-25 11:00:00,6884.9
2019-12-25 11:15:00,6898.2
2019-12-25 11:30:00,6902.4
2019-12-25 11:45:00,6904.0
2019-12-25 12:00:00,6904.8
2019-12-25 12:15:00,6897.3
2019-12-25 12:30:00,6889.7
2019-12-25 12:45:00,6880.1
2019-12-25 13:00:00,6855.5
2019-12-25 13:15:00,6846.3
2019-12-25 13:30:00,6841.6
2019-12-25 13:45:00,6836.7
2019-12-25 14:00:00,6828.0
2019-12-25 14:15:00,6820.8
2019-12-25 14:30:00,6818.4
2019-12-25 14:45:00,6810.9
2019-12-25 15:00:00,6811.9
2019-12-25 15:15:00,6809.3
2019-12-25 15:30:00,6803.3
2019-12-25 15:45:00,6798.6
2019-12-25 16:00:00,6797.2
2019-12-25 16:15:00,6802.8
2019-12-25 16:30:00,6813.6
2019-12-25 16:45:00,6828.4
2019-12-25 17:00:00,6844.9
2019-12-25 17:15:00,6845.4
2019-12-25 17:30:00,6852.9
2019-12-25 17:45:00,6854.7
2019-12-25 18:00:00,6861.1
2019-12-25 18:15:00,6860.5
2019-12-25 18:30:00,6860.0
2019-12-25 18:45:00,6855.7
2019-12-25 19:00:00,6852.5
2019-12-25 19:15:00,6845.2
2019-12-25 19:30:00,6841.8
2019-12-25 19:45:00,6834.9
2019-12-25 20:00:00,6827.8
2019-12-25 20:15:00,6818.6
2019-12-25 20:30:00,6806.8
2019-12-25 20:45:00,6801.4
2019-12-25 21:00:00,6793.8
2019-12-25 21:15:00,6791.5
2019-12-25 21:30:00,6787.7
2019-12-25 21:45:00,6783.8
2019-12-25 22:00:00,6794.1
2019-12-25 22:15:00,6790.0
2019-12-25 22:30:00,6782.8
2019-12-25 22:45:00,6770.5
2019-12-25 23:00:00,6767.3
2019-12-25 23:15:00,6759.4
2019-12-25 23:30:00,6746.9
2019-12-25 23:45:00,6738.4
2019-12-26 00:00:00,6711.6
2019-12-26 00:15:00,6698.4
2019-12-26 00:30:00,6692.1
2019-12-26 00:45:00,6683.1
2019-12-26 01:00:00,6676.2
2019-12-26 01:15:00,6670.5
2019-12-26 01:30:00,6666.2
2019-12-26 01:45:00,6661.3
2019-12-26 02:00:00,6664.9
2019-12-26 02:15:00,6661.9
2019-12-26 02:30:00,6659.8
2019-12-26 02:45:00,6657.6
2019-12-26 03:00:00,6657.4
2019-12-26 03:15:00,6655.8
2019-12-26 03:30:00,6657.5
2019-12-26 03:45:00,6658.2
2019-12-26 04:00:00,6664.5
2019-12-26 04:15:00,6667.6
2019-12-26 04:30:00,6668.1
2019-12-26 04:45:00,6665.9
2019-12-26 05:00:00,6672.6
2019-12-26 05:15:00,6670.0
2019-12-26 05:30:00,6669.8
2019-12-26 05:45:00,6664.7
2019-12-26 06:00:00,6665.2
2019-12-26 06:15:00,6664.4
2019-12-26 06:30:00,6661.9
2019-12-26 06:45:00,6668.5
2019-12-26 07:00:00,6679.0
2019-12-26 07:15:00,6686.2
2019-12-26 07:30:00,6694.3
2019-12-26 07:45:00,6707.0
2019-12-26 08:00:00,6722.6
2019-12-26 08:15:00,6731.0
2019-12-26 08:30:00,6740.4
2019-12-26 08:45:00,6754.2
2019-12-26 09:00:00,6776.1
2019-12-26 09:15:00,6789.4
2019-12-26 09:30:00,6799.6
2019-12-26 09:45:00,6807.2
2019-12-26 10:00:00,6823.7
2019-12-26 10:15:00,6827.2
2019-12-26 10:30:00,6834.9
2019-12-26 10:45:00,6844.6
2019-12-26 11:00:00,6855.1
2019-12-26 11:15:00,6862.0
2019-12-26 11:30:00,6868.1
2019-12-26 11:45:00,6873.3
2019-12-26 12:00:00,6875.9
2019-12-26 12:15:00,6872.0
2019-12-26 12:30:00,6863.3
2019-12-26 12:45:00,6855.5
2019-12-26 13:00:00,6852.1
2019-12-26 13:15:00,6845.1
2019-12-26 13:30:00,6838.7
2019-12-26 13:45:00,6831.5
2019-12-26 14:00:00,6826.7
2019-12-26 14:15:00,6818.2
2019-12-26 14:30:00,6815.2
2019-12-26 14:45:00,6812.5
2019-12-26 15:00:00,6813.8
2019-12-26 15:15:00,6811.6
2019-12-26 15:30:00,6810.3
2019-12-26 15:45:00,6812.6
2019-12-26 16:00:00,6821.5
2019-12-26 16:15:00,6829.3
2019-12-26 16:30:00,6844.1
2019-12-26 16:45:00,6856.5
2019-12-26 17:00:00,6864.3
2019-12-26 17:15:00,6869.0
2019-12-26 17:30:00,6870.3
2019-12-26 17:45:00,6873.1
2019-12-26 18:00:00,6869.8
2019-12-26 18:15:00,6867.5
2019-12-26 18:30:00,6864.1
2019-12-26 18:45:00,6858.7
2019-12-26 19:00:00,6859.4
2019-12-26 19:15:00,6850.4
2019-12-26 19:30:00,6841.9
2019-12-26 19:45:00,6835.6
2019-12-26 20:00:00,6831.7
2019-12-26 20:15:00,6823.7
2019-12-26 20:30:00,6816.4
2019-12-26 20:45:00,6809.6
2019-12-26 21:00:00,6820.2
2019-12-26 21:15:00,6816.7
2019-12-26 21:30:00,6814.3
2019-12-26 21:45:00,6809.9
2019-12-26 22:00:00,6818.4
2019-12-26 22:15:00,6810.5
2019-12-26 22:30:00,6800.3
2019-12-26 22:45:00,6788.5
2019-12-26 23:00:00,6776.9
2019-12-26 23:15:00,6764.5
2019-12-26 23:30:00,6750.1
2019-12-26 23:45:00,6738.7
2019-12-27 00:00:00,6723.8
2019-12-27 00:15:00,6713.8
2019-12-27 00:30:00,6708.5
2019-12-27 00:45:00,6699.5
2019-12-27 01:00:00,6694.5
2019-12-27 01:15:00,6687.2
2019-12-27 01:30:00,6682.1
2019-12-27 01:45:00,6677.2
2019-12-27 02:00:00,6675.7
2019-12-27 02:15:00,6673.5
2019-12-27 02:30:00,6670.5
2019-12-27 02:45:00,6669.4
2019-12-27 03:00:00,6671.2
2019-12-27 03:15:00,6671.0
2019-12-27 03:30:00,6672.3
2019-12-27 03:45:00,6675.8
2019-12-27 04:00:00,6682.5
2019-12-27 04:15:00,6686.6
2019-12-27 04:30:00,6693.2
2019-12-27 04:45:00,6696.0
2019-12-27 05:00:00,6702.8
2019-12-27 05:15:00,6708.7
2019-12-27 05:30:00,6710.4
2019-12-27 05:45:00,6718.1
2019-12-27 06:00:00,6738.7
2019-12-27 06:15:00,6748.5
2019-12-27 06:30:00,6760.6
2019-12-27 06:45:00,6775.2
2019-12-27 07:00:00,6797.6
2019-12-27 07:15:00,6811.3
2019-12-27 07:30:00,6829.1
2019-12-27 07:45:00,6846.9
2019-12-27 08:00:00,6863.0
2019-12-27 08:15:00,6871.2
2019-12-27 08:30:00,6881.0
2019-12-27 08:45:00,6890.9
2019-12-27 09:00:00,6903.8
2019-12-27 09:15:00,6914.6
2019-12-27 09:30:00,6923.5
2019-12-27 09:45:00,6928.9
2019-12-27 10:00:00,6935.3
2019-12-27 10:15:00,6938.3
2019-12-27 10:30:00,6942.0
2019-12-27 10:45:00,6943.5
2019-12-27 11:00:00,6942.3
2019-12-27 11:15:00,6946.1
2019-12-27 11:30:00,6952.1
2019-12-27 11:45:00,6955.5
2019-12-27 12:00:00,6958.7
2019-12-27 12:15:00,6956.6
2019-12-27 12:30:00,6955.7
2019-12-27 12:45:00,6954.2
2019-12-27 13:00:00,6954.8
2019-12-27 13:15:00,6948.3
2019-12-27 13:30:00,6944.6
2019-12-27 13:45:00,6935.8
2019-12-27 14:00:00,6937.5
2019-12-27 14:15:00,6931.8
2019-12-27 14:30:00,6929.3
2019-12-27 14:45:00,6928.1
2019-12-27 15:00:00,6932.8
2019-12-27 15:15:00,6928.7
2019-12-27 15:30:00,6931.4
2019-12-27 15:45:00,6935.8
2019-12-27 16:00:00,6943.1
2019-12-27 16:15:00,6954.1
2019-12-27 16:30:00,6973.2
2019-12-27 16:45:00,6990.7
2019-12-27 17:00:00,7003.8
2019-12-27 17:15:00,7008.0
2019-12-27 17:30:00,7009.4
2019-12-27 17:45:00,7012.2
2019-12-27 18:00:00,7007.1
2019-12-27 18:15:00,7003.1
2019-12-27 18:30:00,6997.0
2019-12-27 18:45:00,6991.0
2019-12-27 19:00:00,6983.4
2019-12-27 19:15:00,6967.6
2019-12-27 19:30:00,6961.8
2019-12-27 19:45:00,6954.9
2019-12-27 20:00:00,6930.3
2019-12-27 20:15:00,6913.7
2019-12-27 20:30:00,6896.8
2019-12-27 20:45:00,6882.6
2019-12-27 21:00:00,6882.9
2019-12-27 21:15:00,6877.5
2019-12-27 21:30:00,6867.8
2019-12-27 21:45:00,6861.1
2019-12-27 22:00:00,6870.8
2019-12-27 22:15:00,6860.4
2019-12-27 22:30:00,6846.4
2019-12-27 22:45:00,6833.2
2019-12-27 23:00:00,6819.4
2019-12-27 23:15:00,6807.8
2019-12-27 23:30:00,6792.2
2019-12-27 23:45:00,6782.7
2019-12-28 00:00:00,6768.8
2019-12-28 00:15:00,6757.9
2019-12-28 00:30:00,6746.8
2019-12-28 00:45:00,6741.8
2019-12-28 01:00:00,6731.4
2019-12-28 01:15:00,6725.8
2019-12-28 01:30:00,6720.4
2019-12-28 01:45:00,6718.3
2019-12-28 02:00:00,6716.2
2019-12-28 02:15:00,6715.0
2019-12-28 02:30:00,6714.8
2019-12-28 02:45:00,6712.5
2019-12-28 03:00:00,6714.7
2019-12-28 03:15:00,6715.5
2019-12-28 03:30:00,6716.4
2019-12-28 03:45:00,6717.1
2019-12-28 04:00:00,6723.5
2019-12-28 04:15:00,6724.1
2019-12-28 04:30:00,6723.5
2019-12-28 04:45:00,6725.4
2019-12-28 05:00:00,6730.0
2019-12-28 05:15:00,6731.0
2019-12-28 05:30:00,6730.1
2019-12-28 05:45:00,6731.6
2019-12-28 06:00:00,6732.9
2019-12-28 06:15:00,6735.5
2019-12-28 06:30:00,6734.0
2019-12-28 06:45:00,6740.4
2019-12-28 07:00:00,6760.1
2019-12-28 07:15:00,6769.2
2019-12-28 07:30:00,6779.0
2019-12-28 07:45:00,6795.3
2019-12-28 08:00:00,6809.4
2019-12-28 08:15:00,6817.5
2019-12-28 08:30:00,6827.5
2019-12-28 08:45:00,6838.5
2019-12-28 09:00:00,6854.2
2019-12-28 09:15:00,6866.0
2019-12-28 09:30:00,6875.7
2019-12-28 09:45:00,6881.4
2019-12-28 10:00:00,6876.0
2019-12-28 10:15:00,6878.0
2019-12-28 10:30:00,6883.8
2019-12-28 10:45:00,6888.6
2019-12-28 11:00:00,6894.1
2019-12-28 11:15:00,6900.8
2019-12-28 11:30:00,6907.4
2019-12-28 11:45:00,6909.4
2019-12-28 12:00:00,6911.7
2019-12-28 12:15:00,6909.8
2019-12-28 12:30:00,6907.0
2019-12-28 12:45:00,6900.4
2019-12-28 13:00:00,6897.3
2019-12-28 13:15:00,6890.1
2019-12-28 13:30:00,6883.5
2019-12-28 13:45:00,6879.8
2019-12-28 14:00:00,6870.0
2019-12-28 14:15:00,6862.5
2019-12-28 14:30:00,6861.0
2019-12-28 14:45:00,6861.9
2019-12-28 15:00:00,6867.3
2019-12-28 15:15:00,6865.4
2019-12-28 15:30:00,6868.3
2019-12-28 15:45:00,6873.3
2019-12-28 16:00:00,6882.6
2019-12-28 16:15:00,6894.8
2019-12-28 16:30:00,6912.2
2019-12-28 16:45:00,6931.1
2019-12-28 17:00:00,6952.9
2019-12-28 17:15:00,6959.6
2019-12-28 17:30:00,6965.1
2019-12-28 17:45:00,6967.3
2019-12-28 18:00:00,6969.1
2019-12-28 18:15:00,6964.9
2019-12-28 18:30:00,6963.5
2019-12-28 18:45:00,6957.0
2019-12-28 19:00:00,6952.2
2019-12-28 19:15:00,6938.9
2019-12-28 19:30:00,6932.3
2019-12-28 19:45:00,6921.9
2019-12-28 20:00:00,6908.2
2019-12-28 20:15:00,6891.8
2019-12-28 20:30:00,6877.5
2019-12-28 20:45:00,6867.5
2019-12-28 21:00:00,6863.4
2019-12-28 21:15:00,6857.7
2019-12-28 21:30:00,6850.2
2019-12-28 21:45:00,6845.2
2019-12-28 22:00:00,6853.7
2019-12-28 22:15:00,6848.1
2019-12-28 22:30:00,6837.7
2019-12-28 22:45:00,6823.4
2019-12-28 23:00:00,6808.7
2019-12-28 23:15:00,6796.9
2019-12-28 23:30:00,6784.9
2019-12-28 23:45:00,6772.3
2019-12-29 00:00:00,6756.3
2019-12-29 00:15:00,6745.9
2019-12-29 00:30:00,6737.7
2019-12-29 00:45:00,6728.2
2019-12-29 01:00:00,6717.5
2019-12-29 01:15:00,6710.0
2019-12-29 01:30:00,6709.1
2019-12-29 01:45:00,6707.1
2019-12-29 02:00:00,6699.3
2019-12-29 02:15:00,6700.7
2019-12-29 02:30:00,6699.3
2019-12-29 02:45:00,6696.0
2019-12-29 03:00:00,6696.4
2019-12-29 03:15:00,6694.9
2019-12-29 03:30:00,6694.4
2019-12-29 03:45:00,6690.2
2019-12-29 04:00:00,6690.8
2019-12-29 04:15:00,6692.0
2019-12-29 04:30:00,6695.7
2019-12-29 04:45:00,6694.3
2019-12-29 05:00:00,6693.9
2019-12-29 05:15:00,6694.2
2019-12-29 05:30:00,6691.5
2019-12-29 05:45:00,6688.6
2019-12-29 06:00:00,6680.5
2019-12-29 06:15:00,6678.4
2019-12-29 06:30:00,6682.2
2019-12-29 06:45:00,6685.4
2019-12-29 07:00:00,6694.2
2019-12-29 07:15:00,6698.4
2019-12-29 07:30:00,6703.6
2019-12-29 07:45:00,6712.3
2019-12-29 08:00:00,6734.6
2019-12-29 08:15:00,6746.2
2019-12-29 08:30:00,6757.0
2019-12-29 08:45:00,6768.1
2019-12-29 09:00:00,6781.5
2019-12-29 09:15:00,6794.8
2019-12-29 09:30:00,6802.7
2019-12-29 09:45:00,6814.1
2019-12-29 10:00:00,6815.3
2019-12-29 10:15:00,6820.4
2019-12-29 10:30:00,6827.0
2019-12-29 10:45:00,6836.6
2019-12-29 11:00:00,6843.5
2019-12-29 11:15:00,6855.0
2019-12-29 11:30:00,6867.5
2019-12-29 11:45:00,6873.1
2019-12-29 12:00:00,6876.4
2019-12-29 12:15:00,6872.0
2019-12-29 12:30:00,6866.5
2019-12-29 12:45:00,6859.7
2019-12-29 13:00:00,6854.0
2019-12-29 13:15:00,6842.0
2019-12-29 13:30:00,6841.1
2019-12-29 13:45:00,6832.5
2019-12-29 14:00:00,6826.0
2019-12-29 14:15:00,6821.7
2019-12-29 14:30:00,6820.5
2019-12-29 14:45:00,6818.4
2019-12-29 15:00:00,6821.0
2019-12-29 15:15:00,6817.3
2019-12-29 15:30:00,6820.8
2019-12-29 15:45:00,6825.2
2019-12-29 16:00:00,6839.6
2019-12-29 16:15:00,6851.2
2019-12-29 16:30:00,6869.8
2019-12-29 16:45:00,6889.1
2019-12-29 17:00:00,6910.9
2019-12-29 17:15:00,6921.4
2019-12-29 17:30:00,6925.1
2019-12-29 17:45:00,6927.9
2019-12-29 18:00:00,6935.5
2019-12-29 18:15:00,6933.9
2019-12-29 18:30:00,6936.3
2019-12-29 18:45:00,6930.0
2019-12-29 19:00:00,6926.4
2019-12-29 19:15:00,6917.3
2019-12-29 19:30:00,6913.3
2019-12-29 19:45:00,6903.5
2019-12-29 20:00:00,6897.5
2019-12-29 20:15:00,6885.5
2019-12-29 20:30:00,6872.3
2019-12-29 20:45:00,6864.7
2019-12-29 21:00:00,6857.0
2019-12-29 21:15:00,6856.0
2019-12-29 21:30:00,6855.2
2019-12-29 21:45:00,6857.4
2019-12-29 22:00:00,6862.9
2019-12-29 22:15:00,6854.8
2019-12-29 22:30:00,6845.8
2019-12-29 22:45:00,6836.7
2019-12-29 23:00:00,6818.5
2019-12-29 23:15:00,6804.2
2019-12-29 23:30:00,6794.5
2019-12-29 23:45:00,6784.4
2019-12-30 00:00:00,6775.2
2019-12-30 00:15:00,6772.0
2019-12-30 00:30:00,6763.4
2019-12-30 00:45:00,6753.2
2019-12-30 01:00:00,6740.2
2019-12-30 01:15:00,6736.4
2019-12-30 01:30:00,6733.3
2019-12-30 01:45:00,6727.3
2019-12-30 02:00:00,6726.7
2019-12-30 02:15:00,6724.0
2019-12-30 02:30:00,6723.3
2019-12-30 02:45:00,6720.2
2019-12-30 03:00:00,6723.5
2019-12-30 03:15:00,6722.8
2019-12-30 03:30:00,6724.4
2019-12-30 03:45:00,6726.8
2019-12-30 04:00:00,6737.2
2019-12-30 04:15:00,6740.9
2019-12-30 04:30:00,6744.7
2019-12-30 04:45:00,6745.3
2019-12-30 05:00:00,6759.1
2019-12-30 05:15:00,6761.9
2019-12-30 05:30:00,6766.0
2019-12-30 05:45:00,6772.6
2019-12-30 06:00:00,6787.3
2019-12-30 06:15:00,6798.5
2019-12-30 06:30:00,6812.2
2019-12-30 06:45:00,6828.1
2019-12-30 07:00:00,6850.4
2019-12-30 07:15:00,6857.4
2019-12-30 07:30:00,6875.4
2019-12-30 07:45:00,6889.9
2019-12-30 08:00:00,6905.6
2019-12-30 08:15:00,6910.8
2019-12-30 08:30:00,6923.8
2019-12-30 08:45:00,6930.0
2019-12-30 09:00:00,6938.8
2019-12-30 09:15:00,6951.7
2019-12-30 09:30:00,6956.8
2019-12-30 09:45:00,6959.0
2019-12-30 10:00:00,6951.3
2019-12-30 10:15:00,6952.7
2019-12-30 10:30:00,6956.4
2019-12-30 10:45:00,6955.1
2019-12-30 11:00:00,6951.8
2019-12-30 11:15:00,6958.7
2019-12-30 11:30:00,6964.4
2019-12-30 11:45:00,6969.8
2019-12-30 12:00:00,6969.1
2019-12-30 12:15:00,6967.3
2019-12-30 12:30:00,6960.9
2019-12-30 12:45:00,6959.5
2019-12-30 13:00:00,6952.8
2019-12-30 13:15:00,6943.4
2019-12-30 13:30:00,6938.5
2019-12-30 13:45:00,6935.9
2019-12-30 14:00:00,6937.5
2019-12-30 14:15:00,6931.9
2019-12-30 14:30:00,6929.7
2019-12-30 14:45:00,6928.1
2019-12-30 15:00:00,6932.9
2019-12-30 15:15:00,6930.0
2019-12-30 15:30:00,6935.8
2019-12-30 15:45:00,6940.7
2019-12-30 16:00:00,6953.8
2019-12-30 16:15:00,6960.1
2019-12-30 16:30:00,6976.6
2019-12-30 16:45:00,6998.0
2019-12-30 17:00:00,7025.1
2019-12-30 17:15:00,7034.8
2019-12-30 17:30:00,7038.6
2019-12-30 17:45:00,7040.1
2019-12-30 18:00:00,7045.7
2019-12-30 18:15:00,7046.1
2019-12-30 18:30:00,7040.5
2019-12-30 18:45:00,7035.4
2019-12-30 19:00:00,7025.8
2019-12-30 19:15:00,7015.0
2019-12-30 19:30:00,7008.5
2019-12-30 19:45:00,7000.6
2019-12-30 20:00:00,6982.2
2019-12-30 20:15:00,6965.0
2019-12-30 20:30:00,6950.3
2019-12-30 20:45:00,6938.4
2019-12-30 21:00:00,6929.7
2019-12-30 21:15:00,6922.5
2019-12-30 21:30:00,6916.7
2019-12-30 21:45:00,6911.8
2019-12-30 22:00:00,6911.8
2019-12-30 22:15:00,6898.7
2019-12-30 22:30:00,6887.1
2019-12-30 22:45:00,6872.1
2019-12-30 23:00:00,6855.8
2019-12-30 23:15:00,6838.3
2019-12-30 23:30:00,6826.0
2019-12-30 23:45:00,6815.6
2019-12-31 00:00:00,6794.8
2019-12-31 00:15:00,6779.3
2019-12-31 00:30:00,6774.4
2019-12-31 00:45:00,6764.2
2019-12-31 01:00:00,6756.1
2019-12-31 01:15:00,6747.0
2019-12-31 01:30:00,6741.5
2019-12-31 01:45:00,6736.4
2019-12-31 02:00:00,6732.9
2019-12-31 02:15:00,6727.4
2019-12-31 02:30:00,6727.4
2019-12-31 02:45:00,6724.6
2019-12-31 03:00:00,6726.7
2019-12-31 03:15:00,6722.1
2019-12-31 03:30:00,6723.1
2019-12-31 03:45:00,6725.7
2019-12-31 04:00:00,6730.6
2019-12-31 04:15:00,6733.0
2019-12-31 04:30:00,6734.8
2019-12-31 04:45:00,6734.4
2019-12-31 05:00:00,6738.6
2019-12-31 05:15:00,6738.0
2019-12-31 05:30:00,6737.6
2019-12-31 05:45:00,6738.4
2019-12-31 06:00:00,6738.7
2019-12-31 06:15:00,6745.3
2019-12-31 06:30:00,6746.7
2019-12-31 06:45:00,6754.9
2019-12-31 07:00:00,6769.9
2019-12-31 07:15:00,6778.5
2019-12-31 07:30:00,6789.4
2019-12-31 07:45:00,6799.6
2019-12-31 08:00:00,6818.4
2019-12-31 08:15:00,6825.0
2019-12-31 08:30:00,6833.0
2019-12-31 08:45:00,6845.0
2019-12-31 09:00:00,6860.7
2019-12-31 09:15:00,6873.1
2019-12-31 09:30:00,6883.8
2019-12-31 09:45:00,6894.0
2019-12-31 10:00:00,6899.5
2019-12-31 10:15:00,6904.6
2019-12-31 10:30:00,6910.3
2019-12-31 10:45:00,6913.3
2019-12-31 11:00:00,6919.7
2019-12-31 11:15:00,6921.1
2019-12-31 11:30:00,6925.9
2019-12-31 11:45:00,6927.1
2019-12-31 12:00:00,6925.7
2019-12-31 12:15:00,6924.2
2019-12-31 12:30:00,6922.9
2019-12-31 12:45:00,6917.6
2019-12-31 13:00:00,6915.5
2019-12-31 13:15:00,6901.9
2019-12-31 13:30:00,6898.3
2019-12-31 13:45:00,6893.9
2019-12-31 14:00:00,6892.2
2019-12-31 14:15:00,6880.6
2019-12-31 14:30:00,6873.2
2019-12-31 14:45:00,6868.0
2019-12-31 15:00:00,6872.7
2019-12-31 15:15:00,6868.6
2019-12-31 15:30:00,6870.6
2019-12-31 15:45:00,6872.9
2019-12-31 16:00:00,6884.0
2019-12-31 16:15:00,6891.0
2019-12-31 16:30:00,6904.8
2019-12-31 16:45:00,6926.8
2019-12-31 17:00:00,6940.1
2019-12-31 17:15:00,6946.8
2019-12-31 17:30:00,6948.3
2019-12-31 17:45:00,6946.7
2019-12-31 18:00:00,6942.2
2019-12-31 18:15:00,6938.8
2019-12-31 18:30:00,6933.8
2019-12-31 18:45:00,6921.7
2019-12-31 19:00:00,6910.4
2019-12-31 19:15:00,6897.6
2019-12-31 19:30:00,6883.4
2019-12-31 19:45:00,6865.5
2019-12-31 20:00:00,6853.8
2019-12-31 20:15:00,6843.3
2019-12-31 20:30:00,6832.5
2019-12-31 20:45:00,6822.5
2019-12-31 21:00:00,6814.9
2019-12-31 21:15:00,6811.3
2019-12-31 21:30:00,6807.3
2019-12-31 21:45:00,6801.2
2019-12-31 22:00:00,6811.9
2019-12-31 22:15:00,6807.4
2019-12-31 22:30:00,6796.3
2019-12-31 22:45:00,6787.4
2019-12-31 23:00:00,6777.3
2019-12-31 23:15:00,6772.0
2019-12-31 23:30:00,6765.6
2019-12-31 23:45:00,6762.2
