datetime,demand_EOM
2019-01-01 00:00:00,6350.6
2019-01-01 00:15:00,6334.5
2019-01-01 00:30:00,6318.9
2019-01-01 00:45:00,6312.7
2019-01-01 01:00:00,6301.6
2019-01-01 01:15:00,6286.4
2019-01-01 01:30:00,6269.6
2019-01-01 01:45:00,6239.8
2019-01-01 02:00:00,6243.3
2019-01-01 02:15:00,6229.4
2019-01-01 02:30:00,6208.0
2019-01-01 02:45:00,6201.9
2019-01-01 03:00:00,6210.5
2019-01-01 03:15:00,6199.0
2019-01-01 03:30:00,6197.4
2019-01-01 03:45:00,6196.6
2019-01-01 04:00:00,6196.7
2019-01-01 04:15:00,6194.8
2019-01-01 04:30:00,6194.7
2019-01-01 04:45:00,6189.6
2019-01-01 05:00:00,6189.4
2019-01-01 05:15:00,6180.7
2019-01-01 05:30:00,6178.9
2019-01-01 05:45:00,6169.0
2019-01-01 06:00:00,6156.6
2019-01-01 06:15:00,6159.0
2019-01-01 06:30:00,6162.8
2019-01-01 06:45:00,6157.1
2019-01-01 07:00:00,6174.2
2019-01-01 07:15:00,6180.2
2019-01-01 07:30:00,6181.1
2019-01-01 07:45:00,6192.5
2019-01-01 08:00:00,6193.9
2019-01-01 08:15:00,6197.5
2019-01-01 08:30:00,6211.7
2019-01-01 08:45:00,6223.7
2019-01-01 09:00:00,6253.2
2019-01-01 09:15:00,6277.2
2019-01-01 09:30:00,6299.8
2019-01-01 09:45:00,6319.7
2019-01-01 10:00:00,6343.2
2019-01-01 10:15:00,6361.9
2019-01-01 10:30:00,6384.9
2019-01-01 10:45:00,6402.8
2019-01-01 11:00:00,6435.2
2019-01-01 11:15:00,6460.9
2019-01-01 11:30:00,6482.6
2019-01-01 11:45:00,6490.3
2019-01-01 12:00:00,6503.8
2019-01-01 12:15:00,6508.5
2019-01-01 12:30:00,6508.6
2019-01-01 12:45:00,6512.6
2019-01-01 13:00:00,6505.0
2019-01-01 13:15:00,6498.2
2019-01-01 13:30:00,6498.9
2019-01-01 13:45:00,6495.7
2019-01-01 14:00:00,6497.5
2019-01-01 14:15:00,6491.7
2019-01-01 14:30:00,6490.5
2019-01-01 14:45:00,6488.2
2019-01-01 15:00:00,6497.3
2019-01-01 15:15:00,6499.2
2019-01-01 15:30:00,6504.4
2019-01-01 15:45:00,6507.7
2019-01-01 16:00:00,6521.2
2019-01-01 16:15:00,6540.2
2019-01-01 16:30:00,6576.0
2019-01-01 16:45:00,6605.3
2019-01-01 17:00:00,6641.7
2019-01-01 17:15:00,6653.9
2019-01-01 17:30:00,6667.9
2019-01-01 17:45:00,6680.6
2019-01-01 18:00:00,6685.4
2019-01-01 18:15:00,6684.9
2019-01-01 18:30:00,6683.9
2019-01-01 18:45:00,6681.5
2019-01-01 19:00:00,6678.6
2019-01-01 19:15:00,6663.0
2019-01-01 19:30:00,6648.9
2019-01-01 19:45:00,6629.4
2019-01-01 20:00:00,6611.7
2019-01-01 20:15:00,6595.9
2019-01-01 20:30:00,6574.9
2019-01-01 20:45:00,6553.7
2019-01-01 21:00:00,6541.1
2019-01-01 21:15:00,6534.0
2019-01-01 21:30:00,6527.5
2019-01-01 21:45:00,6522.8
2019-01-01 22:00:00,6529.3
2019-01-01 22:15:00,6506.9
2019-01-01 22:30:00,6488.9
2019-01-01 22:45:00,6467.1
2019-01-01 23:00:00,6444.3
2019-01-01 23:15:00,6425.8
2019-01-01 23:30:00,6395.2
2019-01-01 23:45:00,6379.8
2019-01-02 00:00:00,6377.4
2019-01-02 00:15:00,6355.6
2019-01-02 00:30:00,6331.2
2019-01-02 00:45:00,6320.7
2019-01-02 01:00:00,6311.8
2019-01-02 01:15:00,6291.3
2019-01-02 01:30:00,6286.2
2019-01-02 01:45:00,6281.8
2019-01-02 02:00:00,6283.9
2019-01-02 02:15:00,6279.7
2019-01-02 02:30:00,6276.8
2019-01-02 02:45:00,6265.5
2019-01-02 03:00:00,6280.3
2019-01-02 03:15:00,6292.8
2019-01-02 03:30:00,6294.2
2019-01-02 03:45:00,6303.3
2019-01-02 04:00:00,6323.7
2019-01-02 04:15:00,6335.3
2019-01-02 04:30:00,6355.9
2019-01-02 04:45:00,6373.1
2019-01-02 05:00:00,6395.2
2019-01-02 05:15:00,6414.6
2019-01-02 05:30:00,6457.2
2019-01-02 05:45:00,6503.5
2019-01-02 06:00:00,6553.5
2019-01-02 06:15:00,6601.5
2019-01-02 06:30:00,6644.0
2019-01-02 06:45:00,6688.0
2019-01-02 07:00:00,6742.2
2019-01-02 07:15:00,6777.5
2019-01-02 07:30:00,6811.3
2019-01-02 07:45:00,6841.8
2019-01-02 08:00:00,6878.3
2019-01-02 08:15:00,6887.9
2019-01-02 08:30:00,6899.0
2019-01-02 08:45:00,6913.7
2019-01-02 09:00:00,6932.0
2019-01-02 09:15:00,6936.4
2019-01-02 09:30:00,6956.1
2019-01-02 09:45:00,6967.1
2019-01-02 10:00:00,6974.1
2019-01-02 10:15:00,6978.1
2019-01-02 10:30:00,6989.1
2019-01-02 10:45:00,6997.3
2019-01-02 11:00:00,7007.9
2019-01-02 11:15:00,7022.3
2019-01-02 11:30:00,7037.4
2019-01-02 11:45:00,7035.9
2019-01-02 12:00:00,7039.9
2019-01-02 12:15:00,7034.8
2019-01-02 12:30:00,7033.8
2019-01-02 12:45:00,7032.1
2019-01-02 13:00:00,7031.7
2019-01-02 13:15:00,7019.4
2019-01-02 13:30:00,7011.6
2019-01-02 13:45:00,6989.3
2019-01-02 14:00:00,6989.4
2019-01-02 14:15:00,6978.1
2019-01-02 14:30:00,6971.2
2019-01-02 14:45:00,6958.1
2019-01-02 15:00:00,6978.2
2019-01-02 15:15:00,6972.5
2019-01-02 15:30:00,6968.3
2019-01-02 15:45:00,6962.8
2019-01-02 16:00:00,6980.0
2019-01-02 16:15:00,6983.4
2019-01-02 16:30:00,7016.6
2019-01-02 16:45:00,7052.8
2019-01-02 17:00:00,7091.7
2019-01-02 17:15:00,7111.0
2019-01-02 17:30:00,7115.8
2019-01-02 17:45:00,7119.9
2019-01-02 18:00:00,7109.8
2019-01-02 18:15:00,7101.6
2019-01-02 18:30:00,7100.0
2019-01-02 18:45:00,7094.8
2019-01-02 19:00:00,7083.8
2019-01-02 19:15:00,7054.2
2019-01-02 19:30:00,7031.1
2019-01-02 19:45:00,7010.6
2019-01-02 20:00:00,6974.8
2019-01-02 20:15:00,6943.0
2019-01-02 20:30:00,6907.8
2019-01-02 20:45:00,6882.3
2019-01-02 21:00:00,6852.5
2019-01-02 21:15:00,6835.3
2019-01-02 21:30:00,6817.9
2019-01-02 21:45:00,6805.0
2019-01-02 22:00:00,6806.4
2019-01-02 22:15:00,6785.0
2019-01-02 22:30:00,6753.3
2019-01-02 22:45:00,6721.4
2019-01-02 23:00:00,6700.8
2019-01-02 23:15:00,6664.7
2019-01-02 23:30:00,6631.1
2019-01-02 23:45:00,6603.5
2019-01-03 00:00:00,6574.7
2019-01-03 00:15:00,6568.3
2019-01-03 00:30:00,6554.1
2019-01-03 00:45:00,6528.9
2019-01-03 01:00:00,6532.2
2019-01-03 01:15:00,6526.8
2019-01-03 01:30:00,6526.8
2019-01-03 01:45:00,6518.8
2019-01-03 02:00:00,6516.8
2019-01-03 02:15:00,6515.6
2019-01-03 02:30:00,6518.4
2019-01-03 02:45:00,6517.2
2019-01-03 03:00:00,6516.2
2019-01-03 03:15:00,6508.5
2019-01-03 03:30:00,6511.0
2019-01-03 03:45:00,6518.4
2019-01-03 04:00:00,6522.2
2019-01-03 04:15:00,6529.8
2019-01-03 04:30:00,6543.3
2019-01-03 04:45:00,6558.5
2019-01-03 05:00:00,6590.5
2019-01-03 05:15:00,6602.8
2019-01-03 05:30:00,6629.5
2019-01-03 05:45:00,6664.1
2019-01-03 06:00:00,6712.6
2019-01-03 06:15:00,6753.8
2019-01-03 06:30:00,6796.3
2019-01-03 06:45:00,6832.9
2019-01-03 07:00:00,6871.2
2019-01-03 07:15:00,6897.3
2019-01-03 07:30:00,6928.4
2019-01-03 07:45:00,6955.6
2019-01-03 08:00:00,6972.1
2019-01-03 08:15:00,6987.0
2019-01-03 08:30:00,6999.9
2019-01-03 08:45:00,7014.2
2019-01-03 09:00:00,7028.8
2019-01-03 09:15:00,7033.6
2019-01-03 09:30:00,7037.7
2019-01-03 09:45:00,7046.7
2019-01-03 10:00:00,7051.6
2019-01-03 10:15:00,7052.7
2019-01-03 10:30:00,7060.6
2019-01-03 10:45:00,7065.5
2019-01-03 11:00:00,7077.0
2019-01-03 11:15:00,7089.1
2019-01-03 11:30:00,7096.0
2019-01-03 11:45:00,7093.2
2019-01-03 12:00:00,7102.4
2019-01-03 12:15:00,7096.3
2019-01-03 12:30:00,7095.3
2019-01-03 12:45:00,7088.5
2019-01-03 13:00:00,7078.8
2019-01-03 13:15:00,7062.4
2019-01-03 13:30:00,7050.8
2019-01-03 13:45:00,7037.2
2019-01-03 14:00:00,7040.5
2019-01-03 14:15:00,7032.9
2019-01-03 14:30:00,7028.0
2019-01-03 14:45:00,7018.0
2019-01-03 15:00:00,7021.9
2019-01-03 15:15:00,7007.7
2019-01-03 15:30:00,7000.6
2019-01-03 15:45:00,7006.3
2019-01-03 16:00:00,7015.1
2019-01-03 16:15:00,7031.6
2019-01-03 16:30:00,7055.5
2019-01-03 16:45:00,7093.1
2019-01-03 17:00:00,7128.0
2019-01-03 17:15:00,7145.5
2019-01-03 17:30:00,7154.8
2019-01-03 17:45:00,7157.1
2019-01-03 18:00:00,7149.1
2019-01-03 18:15:00,7140.5
2019-01-03 18:30:00,7131.3
2019-01-03 18:45:00,7125.9
2019-01-03 19:00:00,7110.4
2019-01-03 19:15:00,7083.8
2019-01-03 19:30:00,7060.8
2019-01-03 19:45:00,7042.5
2019-01-03 20:00:00,7006.7
2019-01-03 20:15:00,6966.1
2019-01-03 20:30:00,6939.7
2019-01-03 20:45:00,6913.9
2019-01-03 21:00:00,6892.4
2019-01-03 21:15:00,6877.1
2019-01-03 21:30:00,6845.9
2019-01-03 21:45:00,6835.2
2019-01-03 22:00:00,6831.2
2019-01-03 22:15:00,6807.2
2019-01-03 22:30:00,6774.3
2019-01-03 22:45:00,6756.2
2019-01-03 23:00:00,6729.9
2019-01-03 23:15:00,6697.5
2019-01-03 23:30:00,6671.8
2019-01-03 23:45:00,6652.9
2019-01-04 00:00:00,6616.4
2019-01-04 00:15:00,6595.0
2019-01-04 00:30:00,6578.4
2019-01-04 00:45:00,6560.3
2019-01-04 01:00:00,6532.9
2019-01-04 01:15:00,6522.9
2019-01-04 01:30:00,6527.8
2019-01-04 01:45:00,6524.6
2019-01-04 02:00:00,6509.7
2019-01-04 02:15:00,6502.2
2019-01-04 02:30:00,6511.3
2019-01-04 02:45:00,6513.8
2019-01-04 03:00:00,6517.5
2019-01-04 03:15:00,6518.9
2019-01-04 03:30:00,6522.7
2019-01-04 03:45:00,6536.0
2019-01-04 04:00:00,6548.6
2019-01-04 04:15:00,6548.4
2019-01-04 04:30:00,6556.3
2019-01-04 04:45:00,6574.9
2019-01-04 05:00:00,6605.5
2019-01-04 05:15:00,6615.0
2019-01-04 05:30:00,6639.9
2019-01-04 05:45:00,6675.2
2019-01-04 06:00:00,6727.9
2019-01-04 06:15:00,6772.4
2019-01-04 06:30:00,6807.1
2019-01-04 06:45:00,6853.5
2019-01-04 07:00:00,6911.1
2019-01-04 07:15:00,6948.2
2019-01-04 07:30:00,6978.1
2019-01-04 07:45:00,7004.6
2019-01-04 08:00:00,7040.1
2019-01-04 08:15:00,7057.3
2019-01-04 08:30:00,7065.5
2019-01-04 08:45:00,7078.8
2019-01-04 09:00:00,7091.9
2019-01-04 09:15:00,7111.0
2019-01-04 09:30:00,7125.4
2019-01-04 09:45:00,7123.1
2019-01-04 10:00:00,7125.8
2019-01-04 10:15:00,7149.9
2019-01-04 10:30:00,7161.0
2019-01-04 10:45:00,7168.8
2019-01-04 11:00:00,7160.5
2019-01-04 11:15:00,7170.9
2019-01-04 11:30:00,7177.2
2019-01-04 11:45:00,7183.3
2019-01-04 12:00:00,7189.4
2019-01-04 12:15:00,7183.6
2019-01-04 12:30:00,7184.4
2019-01-04 12:45:00,7175.9
2019-01-04 13:00:00,7173.6
2019-01-04 13:15:00,7158.5
2019-01-04 13:30:00,7141.4
2019-01-04 13:45:00,7126.4
2019-01-04 14:00:00,7113.3
2019-01-04 14:15:00,7097.8
2019-01-04 14:30:00,7084.5
2019-01-04 14:45:00,7076.0
2019-01-04 15:00:00,7058.7
2019-01-04 15:15:00,7049.3
2019-01-04 15:30:00,7045.7
2019-01-04 15:45:00,7043.9
2019-01-04 16:00:00,7069.6
2019-01-04 16:15:00,7080.7
2019-01-04 16:30:00,7099.9
2019-01-04 16:45:00,7117.8
2019-01-04 17:00:00,7144.4
2019-01-04 17:15:00,7153.8
2019-01-04 17:30:00,7164.2
2019-01-04 17:45:00,7163.4
2019-01-04 18:00:00,7152.6
2019-01-04 18:15:00,7140.4
2019-01-04 18:30:00,7130.2
2019-01-04 18:45:00,7117.7
2019-01-04 19:00:00,7103.7
2019-01-04 19:15:00,7076.2
2019-01-04 19:30:00,7064.4
2019-01-04 19:45:00,7040.1
2019-01-04 20:00:00,6989.8
2019-01-04 20:15:00,6957.6
2019-01-04 20:30:00,6933.3
2019-01-04 20:45:00,6902.2
2019-01-04 21:00:00,6876.1
2019-01-04 21:15:00,6859.7
2019-01-04 21:30:00,6847.5
2019-01-04 21:45:00,6824.8
2019-01-04 22:00:00,6821.6
2019-01-04 22:15:00,6811.9
2019-01-04 22:30:00,6783.9
2019-01-04 22:45:00,6757.4
2019-01-04 23:00:00,6710.3
2019-01-04 23:15:00,6684.4
2019-01-04 23:30:00,6655.0
2019-01-04 23:45:00,6626.2
2019-01-05 00:00:00,6593.2
2019-01-05 00:15:00,6578.5
2019-01-05 00:30:00,6566.7
2019-01-05 00:45:00,6549.4
2019-01-05 01:00:00,6524.9
2019-01-05 01:15:00,6502.7
2019-01-05 01:30:00,6499.0
2019-01-05 01:45:00,6484.7
2019-01-05 02:00:00,6473.4
2019-01-05 02:15:00,6460.3
2019-01-05 02:30:00,6465.5
2019-01-05 02:45:00,6457.1
2019-01-05 03:00:00,6450.1
2019-01-05 03:15:00,6446.4
2019-01-05 03:30:00,6448.2
2019-01-05 03:45:00,6450.1
2019-01-05 04:00:00,6455.1
2019-01-05 04:15:00,6451.6
2019-01-05 04:30:00,6452.6
2019-01-05 04:45:00,6452.4
2019-01-05 05:00:00,6456.3
2019-01-05 05:15:00,6455.6
2019-01-05 05:30:00,6454.7
2019-01-05 05:45:00,6454.4
2019-01-05 06:00:00,6469.3
2019-01-05 06:15:00,6481.4
2019-01-05 06:30:00,6496.9
2019-01-05 06:45:00,6495.4
2019-01-05 07:00:00,6537.2
2019-01-05 07:15:00,6558.5
2019-01-05 07:30:00,6571.9
2019-01-05 07:45:00,6583.3
2019-01-05 08:00:00,6644.1
2019-01-05 08:15:00,6676.5
2019-01-05 08:30:00,6668.8
2019-01-05 08:45:00,6694.4
2019-01-05 09:00:00,6747.1
2019-01-05 09:15:00,6765.9
2019-01-05 09:30:00,6797.9
2019-01-05 09:45:00,6811.1
2019-01-05 10:00:00,6834.3
2019-01-05 10:15:00,6846.5
2019-01-05 10:30:00,6855.1
2019-01-05 10:45:00,6864.4
2019-01-05 11:00:00,6882.9
2019-01-05 11:15:00,6884.9
2019-01-05 11:30:00,6896.8
2019-01-05 11:45:00,6888.8
2019-01-05 12:00:00,6894.0
2019-01-05 12:15:00,6888.4
2019-01-05 12:30:00,6884.4
2019-01-05 12:45:00,6872.4
2019-01-05 13:00:00,6869.0
2019-01-05 13:15:00,6850.8
2019-01-05 13:30:00,6836.6
2019-01-05 13:45:00,6828.6
2019-01-05 14:00:00,6822.5
2019-01-05 14:15:00,6809.1
2019-01-05 14:30:00,6805.4
2019-01-05 14:45:00,6798.2
2019-01-05 15:00:00,6802.6
2019-01-05 15:15:00,6793.4
2019-01-05 15:30:00,6790.0
2019-01-05 15:45:00,6792.0
2019-01-05 16:00:00,6801.4
2019-01-05 16:15:00,6812.2
2019-01-05 16:30:00,6831.7
2019-01-05 16:45:00,6865.6
2019-01-05 17:00:00,6905.2
2019-01-05 17:15:00,6914.4
2019-01-05 17:30:00,6923.4
2019-01-05 17:45:00,6929.8
2019-01-05 18:00:00,6936.8
2019-01-05 18:15:00,6915.4
2019-01-05 18:30:00,6920.5
2019-01-05 18:45:00,6908.4
2019-01-05 19:00:00,6892.4
2019-01-05 19:15:00,6870.5
2019-01-05 19:30:00,6853.7
2019-01-05 19:45:00,6832.8
2019-01-05 20:00:00,6786.6
2019-01-05 20:15:00,6754.1
2019-01-05 20:30:00,6729.7
2019-01-05 20:45:00,6710.2
2019-01-05 21:00:00,6690.0
2019-01-05 21:15:00,6675.6
2019-01-05 21:30:00,6663.8
2019-01-05 21:45:00,6650.5
2019-01-05 22:00:00,6664.6
2019-01-05 22:15:00,6648.0
2019-01-05 22:30:00,6623.5
2019-01-05 22:45:00,6609.8
2019-01-05 23:00:00,6574.4
2019-01-05 23:15:00,6547.6
2019-01-05 23:30:00,6529.9
2019-01-05 23:45:00,6512.4
2019-01-06 00:00:00,6473.1
2019-01-06 00:15:00,6442.7
2019-01-06 00:30:00,6424.3
2019-01-06 00:45:00,6408.0
2019-01-06 01:00:00,6387.3
2019-01-06 01:15:00,6374.3
2019-01-06 01:30:00,6368.7
2019-01-06 01:45:00,6356.9
2019-01-06 02:00:00,6335.3
2019-01-06 02:15:00,6331.0
2019-01-06 02:30:00,6323.1
2019-01-06 02:45:00,6319.0
2019-01-06 03:00:00,6322.6
2019-01-06 03:15:00,6326.9
2019-01-06 03:30:00,6318.8
2019-01-06 03:45:00,6314.3
2019-01-06 04:00:00,6318.0
2019-01-06 04:15:00,6320.3
2019-01-06 04:30:00,6319.9
2019-01-06 04:45:00,6320.7
2019-01-06 05:00:00,6313.6
2019-01-06 05:15:00,6300.1
2019-01-06 05:30:00,6294.6
2019-01-06 05:45:00,6289.5
2019-01-06 06:00:00,6283.4
2019-01-06 06:15:00,6284.3
2019-01-06 06:30:00,6285.2
2019-01-06 06:45:00,6295.8
2019-01-06 07:00:00,6306.7
2019-01-06 07:15:00,6312.9
2019-01-06 07:30:00,6322.3
2019-01-06 07:45:00,6346.4
2019-01-06 08:00:00,6376.7
2019-01-06 08:15:00,6396.1
2019-01-06 08:30:00,6416.2
2019-01-06 08:45:00,6444.8
2019-01-06 09:00:00,6481.5
2019-01-06 09:15:00,6511.6
2019-01-06 09:30:00,6537.1
2019-01-06 09:45:00,6557.4
2019-01-06 10:00:00,6584.9
2019-01-06 10:15:00,6605.3
2019-01-06 10:30:00,6627.4
2019-01-06 10:45:00,6647.5
2019-01-06 11:00:00,6675.4
2019-01-06 11:15:00,6692.8
2019-01-06 11:30:00,6709.6
2019-01-06 11:45:00,6717.8
2019-01-06 12:00:00,6726.6
2019-01-06 12:15:00,6718.5
2019-01-06 12:30:00,6712.5
2019-01-06 12:45:00,6702.6
2019-01-06 13:00:00,6686.3
2019-01-06 13:15:00,6672.1
2019-01-06 13:30:00,6668.3
2019-01-06 13:45:00,6659.0
2019-01-06 14:00:00,6667.6
2019-01-06 14:15:00,6659.9
2019-01-06 14:30:00,6652.0
2019-01-06 14:45:00,6640.3
2019-01-06 15:00:00,6625.9
2019-01-06 15:15:00,6629.4
2019-01-06 15:30:00,6628.3
2019-01-06 15:45:00,6628.5
2019-01-06 16:00:00,6640.7
2019-01-06 16:15:00,6661.5
2019-01-06 16:30:00,6693.9
2019-01-06 16:45:00,6733.7
2019-01-06 17:00:00,6767.7
2019-01-06 17:15:00,6790.7
2019-01-06 17:30:00,6803.1
2019-01-06 17:45:00,6807.0
2019-01-06 18:00:00,6833.9
2019-01-06 18:15:00,6832.6
2019-01-06 18:30:00,6822.7
2019-01-06 18:45:00,6803.8
2019-01-06 19:00:00,6802.5
2019-01-06 19:15:00,6781.5
2019-01-06 19:30:00,6775.2
2019-01-06 19:45:00,6755.8
2019-01-06 20:00:00,6742.1
2019-01-06 20:15:00,6718.7
2019-01-06 20:30:00,6690.5
2019-01-06 20:45:00,6674.1
2019-01-06 21:00:00,6661.9
2019-01-06 21:15:00,6655.4
2019-01-06 21:30:00,6642.4
2019-01-06 21:45:00,6620.3
2019-01-06 22:00:00,6639.4
2019-01-06 22:15:00,6651.6
2019-01-06 22:30:00,6611.8
2019-01-06 22:45:00,6584.7
2019-01-06 23:00:00,6575.5
2019-01-06 23:15:00,6552.8
2019-01-06 23:30:00,6527.8
2019-01-06 23:45:00,6486.3
2019-01-07 00:00:00,6473.1
2019-01-07 00:15:00,6451.4
2019-01-07 00:30:00,6420.5
2019-01-07 00:45:00,6402.7
2019-01-07 01:00:00,6410.3
2019-01-07 01:15:00,6390.2
2019-01-07 01:30:00,6375.5
2019-01-07 01:45:00,6366.3
2019-01-07 02:00:00,6380.3
2019-01-07 02:15:00,6371.9
2019-01-07 02:30:00,6363.0
2019-01-07 02:45:00,6367.3
2019-01-07 03:00:00,6389.8
2019-01-07 03:15:00,6395.1
2019-01-07 03:30:00,6387.7
2019-01-07 03:45:00,6394.0
2019-01-07 04:00:00,6429.6
2019-01-07 04:15:00,6431.5
2019-01-07 04:30:00,6451.5
2019-01-07 04:45:00,6476.2
2019-01-07 05:00:00,6537.7
2019-01-07 05:15:00,6549.8
2019-01-07 05:30:00,6589.2
2019-01-07 05:45:00,6647.8
2019-01-07 06:00:00,6765.4
2019-01-07 06:15:00,6844.3
2019-01-07 06:30:00,6902.7
2019-01-07 06:45:00,6946.9
2019-01-07 07:00:00,7018.9
2019-01-07 07:15:00,7049.3
2019-01-07 07:30:00,7091.2
2019-01-07 07:45:00,7115.4
2019-01-07 08:00:00,7152.7
2019-01-07 08:15:00,7154.9
2019-01-07 08:30:00,7164.6
2019-01-07 08:45:00,7171.2
2019-01-07 09:00:00,7166.3
2019-01-07 09:15:00,7165.1
2019-01-07 09:30:00,7172.7
2019-01-07 09:45:00,7180.7
2019-01-07 10:00:00,7196.0
2019-01-07 10:15:00,7207.5
2019-01-07 10:30:00,7218.3
2019-01-07 10:45:00,7225.7
2019-01-07 11:00:00,7236.0
2019-01-07 11:15:00,7246.9
2019-01-07 11:30:00,7249.0
2019-01-07 11:45:00,7248.6
2019-01-07 12:00:00,7241.0
2019-01-07 12:15:00,7241.2
2019-01-07 12:30:00,7241.9
2019-01-07 12:45:00,7240.5
2019-01-07 13:00:00,7246.1
2019-01-07 13:15:00,7248.1
2019-01-07 13:30:00,7242.1
2019-01-07 13:45:00,7224.7
2019-01-07 14:00:00,7229.4
2019-01-07 14:15:00,7234.7
2019-01-07 14:30:00,7237.2
2019-01-07 14:45:00,7229.8
2019-01-07 15:00:00,7239.7
2019-01-07 15:15:00,7230.8
2019-01-07 15:30:00,7220.9
2019-01-07 15:45:00,7223.4
2019-01-07 16:00:00,7233.5
2019-01-07 16:15:00,7248.6
2019-01-07 16:30:00,7262.7
2019-01-07 16:45:00,7289.5
2019-01-07 17:00:00,7322.1
2019-01-07 17:15:00,7331.5
2019-01-07 17:30:00,7332.4
2019-01-07 17:45:00,7335.6
2019-01-07 18:00:00,7318.0
2019-01-07 18:15:00,7304.9
2019-01-07 18:30:00,7298.2
2019-01-07 18:45:00,7290.2
2019-01-07 19:00:00,7274.8
2019-01-07 19:15:00,7249.1
2019-01-07 19:30:00,7231.4
2019-01-07 19:45:00,7220.3
2019-01-07 20:00:00,7180.2
2019-01-07 20:15:00,7147.5
2019-01-07 20:30:00,7121.6
2019-01-07 20:45:00,7091.9
2019-01-07 21:00:00,7071.5
2019-01-07 21:15:00,7050.0
2019-01-07 21:30:00,7026.6
2019-01-07 21:45:00,6993.7
2019-01-07 22:00:00,6982.4
2019-01-07 22:15:00,6954.2
2019-01-07 22:30:00,6915.0
2019-01-07 22:45:00,6878.9
2019-01-07 23:00:00,6840.6
2019-01-07 23:15:00,6818.5
2019-01-07 23:30:00,6788.1
2019-01-07 23:45:00,6770.3
2019-01-08 00:00:00,6708.3
2019-01-08 00:15:00,6689.0
2019-01-08 00:30:00,6669.5
2019-01-08 00:45:00,6656.8
2019-01-08 01:00:00,6637.4
2019-01-08 01:15:00,6627.4
2019-01-08 01:30:00,6615.2
2019-01-08 01:45:00,6601.6
2019-01-08 02:00:00,6597.3
2019-01-08 02:15:00,6595.5
2019-01-08 02:30:00,6594.5
2019-01-08 02:45:00,6596.0
2019-01-08 03:00:00,6605.3
2019-01-08 03:15:00,6609.0
2019-01-08 03:30:00,6617.5
2019-01-08 03:45:00,6625.0
2019-01-08 04:00:00,6638.9
2019-01-08 04:15:00,6651.5
2019-01-08 04:30:00,6669.4
2019-01-08 04:45:00,6686.4
2019-01-08 05:00:00,6724.7
2019-01-08 05:15:00,6749.2
2019-01-08 05:30:00,6786.2
2019-01-08 05:45:00,6830.6
2019-01-08 06:00:00,6924.5
2019-01-08 06:15:00,6983.4
2019-01-08 06:30:00,7039.1
2019-01-08 06:45:00,7091.5
2019-01-08 07:00:00,7156.2
2019-01-08 07:15:00,7191.0
2019-01-08 07:30:00,7226.1
2019-01-08 07:45:00,7251.8
2019-01-08 08:00:00,7280.6
2019-01-08 08:15:00,7293.6
2019-01-08 08:30:00,7293.1
2019-01-08 08:45:00,7271.7
2019-01-08 09:00:00,7285.1
2019-01-08 09:15:00,7295.1
2019-01-08 09:30:00,7279.7
2019-01-08 09:45:00,7284.1
2019-01-08 10:00:00,7313.4
2019-01-08 10:15:00,7286.1
2019-01-08 10:30:00,7294.2
2019-01-08 10:45:00,7297.0
2019-01-08 11:00:00,7326.2
2019-01-08 11:15:00,7331.0
2019-01-08 11:30:00,7318.8
2019-01-08 11:45:00,7310.9
2019-01-08 12:00:00,7328.4
2019-01-08 12:15:00,7323.2
2019-01-08 12:30:00,7322.8
2019-01-08 12:45:00,7303.0
2019-01-08 13:00:00,7322.2
2019-01-08 13:15:00,7320.4
2019-01-08 13:30:00,7311.7
2019-01-08 13:45:00,7305.8
2019-01-08 14:00:00,7297.3
2019-01-08 14:15:00,7293.4
2019-01-08 14:30:00,7290.4
2019-01-08 14:45:00,7280.0
2019-01-08 15:00:00,7283.1
2019-01-08 15:15:00,7279.0
2019-01-08 15:30:00,7273.3
2019-01-08 15:45:00,7258.4
2019-01-08 16:00:00,7281.5
2019-01-08 16:15:00,7289.3
2019-01-08 16:30:00,7304.0
2019-01-08 16:45:00,7311.1
2019-01-08 17:00:00,7348.7
2019-01-08 17:15:00,7356.4
2019-01-08 17:30:00,7350.6
2019-01-08 17:45:00,7349.2
2019-01-08 18:00:00,7348.9
2019-01-08 18:15:00,7350.7
2019-01-08 18:30:00,7344.7
2019-01-08 18:45:00,7330.7
2019-01-08 19:00:00,7315.9
2019-01-08 19:15:00,7294.0
2019-01-08 19:30:00,7284.2
2019-01-08 19:45:00,7262.2
2019-01-08 20:00:00,7219.2
2019-01-08 20:15:00,7179.4
2019-01-08 20:30:00,7145.4
2019-01-08 20:45:00,7099.1
2019-01-08 21:00:00,7085.0
2019-01-08 21:15:00,7065.2
2019-01-08 21:30:00,7035.8
2019-01-08 21:45:00,7015.8
2019-01-08 22:00:00,6994.7
2019-01-08 22:15:00,6967.9
2019-01-08 22:30:00,6937.8
2019-01-08 22:45:00,6904.7
2019-01-08 23:00:00,6873.6
2019-01-08 23:15:00,6843.6
2019-01-08 23:30:00,6820.4
2019-01-08 23:45:00,6794.5
2019-01-09 00:00:00,6745.0
2019-01-09 00:15:00,6720.6
2019-01-09 00:30:00,6696.6
2019-01-09 00:45:00,6679.6
2019-01-09 01:00:00,6669.0
2019-01-09 01:15:00,6660.4
2019-01-09 01:30:00,6646.8
2019-01-09 01:45:00,6624.0
2019-01-09 02:00:00,6614.4
2019-01-09 02:15:00,6625.3
2019-01-09 02:30:00,6622.5
2019-01-09 02:45:00,6625.9
2019-01-09 03:00:00,6630.2
2019-01-09 03:15:00,6628.8
2019-01-09 03:30:00,6640.0
2019-01-09 03:45:00,6652.6
2019-01-09 04:00:00,6660.1
2019-01-09 04:15:00,6682.0
2019-01-09 04:30:00,6697.4
2019-01-09 04:45:00,6704.9
2019-01-09 05:00:00,6738.2
2019-01-09 05:15:00,6757.0
2019-01-09 05:30:00,6795.1
2019-01-09 05:45:00,6830.9
2019-01-09 06:00:00,6905.1
2019-01-09 06:15:00,6986.8
2019-01-09 06:30:00,7045.1
2019-01-09 06:45:00,7104.2
2019-01-09 07:00:00,7166.3
2019-01-09 07:15:00,7201.2
2019-01-09 07:30:00,7232.1
2019-01-09 07:45:00,7255.0
2019-01-09 08:00:00,7296.7
2019-01-09 08:15:00,7313.9
2019-01-09 08:30:00,7309.4
2019-01-09 08:45:00,7312.3
2019-01-09 09:00:00,7310.0
2019-01-09 09:15:00,7325.3
2019-01-09 09:30:00,7333.7
2019-01-09 09:45:00,7346.2
2019-01-09 10:00:00,7351.6
2019-01-09 10:15:00,7348.8
2019-01-09 10:30:00,7354.6
2019-01-09 10:45:00,7368.6
2019-01-09 11:00:00,7380.3
2019-01-09 11:15:00,7382.1
2019-01-09 11:30:00,7392.4
2019-01-09 11:45:00,7390.1
2019-01-09 12:00:00,7373.6
2019-01-09 12:15:00,7368.5
2019-01-09 12:30:00,7363.7
2019-01-09 12:45:00,7365.7
2019-01-09 13:00:00,7373.7
2019-01-09 13:15:00,7366.2
2019-01-09 13:30:00,7352.0
2019-01-09 13:45:00,7340.1
2019-01-09 14:00:00,7341.9
2019-01-09 14:15:00,7342.7
2019-01-09 14:30:00,7331.2
2019-01-09 14:45:00,7322.0
2019-01-09 15:00:00,7325.8
2019-01-09 15:15:00,7310.6
2019-01-09 15:30:00,7309.0
2019-01-09 15:45:00,7302.4
2019-01-09 16:00:00,7304.8
2019-01-09 16:15:00,7310.0
2019-01-09 16:30:00,7327.2
2019-01-09 16:45:00,7355.8
2019-01-09 17:00:00,7380.1
2019-01-09 17:15:00,7400.8
2019-01-09 17:30:00,7407.8
2019-01-09 17:45:00,7405.7
2019-01-09 18:00:00,7383.1
2019-01-09 18:15:00,7369.6
2019-01-09 18:30:00,7368.9
2019-01-09 18:45:00,7357.4
2019-01-09 19:00:00,7344.2
2019-01-09 19:15:00,7321.3
2019-01-09 19:30:00,7300.1
2019-01-09 19:45:00,7276.4
2019-01-09 20:00:00,7234.1
2019-01-09 20:15:00,7192.3
2019-01-09 20:30:00,7164.2
2019-01-09 20:45:00,7136.9
2019-01-09 21:00:00,7111.9
2019-01-09 21:15:00,7088.2
2019-01-09 21:30:00,7051.4
2019-01-09 21:45:00,7016.0
2019-01-09 22:00:00,7018.1
2019-01-09 22:15:00,6993.5
2019-01-09 22:30:00,6950.6
2019-01-09 22:45:00,6908.8
2019-01-09 23:00:00,6871.5
2019-01-09 23:15:00,6835.4
2019-01-09 23:30:00,6803.5
2019-01-09 23:45:00,6780.0
2019-01-10 00:00:00,6764.0
2019-01-10 00:15:00,6749.0
2019-01-10 00:30:00,6735.6
2019-01-10 00:45:00,6704.7
2019-01-10 01:00:00,6683.5
2019-01-10 01:15:00,6666.6
2019-01-10 01:30:00,6652.5
2019-01-10 01:45:00,6641.4
2019-01-10 02:00:00,6633.5
2019-01-10 02:15:00,6628.8
2019-01-10 02:30:00,6625.2
2019-01-10 02:45:00,6617.1
2019-01-10 03:00:00,6634.2
2019-01-10 03:15:00,6630.2
2019-01-10 03:30:00,6629.4
2019-01-10 03:45:00,6634.7
2019-01-10 04:00:00,6646.1
2019-01-10 04:15:00,6648.0
2019-01-10 04:30:00,6657.6
2019-01-10 04:45:00,6674.0
2019-01-10 05:00:00,6706.5
2019-01-10 05:15:00,6721.8
2019-01-10 05:30:00,6750.1
2019-01-10 05:45:00,6798.7
2019-01-10 06:00:00,6879.8
2019-01-10 06:15:00,6937.1
2019-01-10 06:30:00,6986.2
2019-01-10 06:45:00,7035.4
2019-01-10 07:00:00,7109.9
2019-01-10 07:15:00,7142.7
2019-01-10 07:30:00,7161.0
2019-01-10 07:45:00,7185.8
2019-01-10 08:00:00,7231.9
2019-01-10 08:15:00,7244.5
2019-01-10 08:30:00,7242.6
2019-01-10 08:45:00,7242.8
2019-01-10 09:00:00,7232.7
2019-01-10 09:15:00,7244.8
2019-01-10 09:30:00,7258.6
2019-01-10 09:45:00,7250.8
2019-01-10 10:00:00,7276.1
2019-01-10 10:15:00,7278.0
2019-01-10 10:30:00,7280.6
2019-01-10 10:45:00,7287.8
2019-01-10 11:00:00,7296.0
2019-01-10 11:15:00,7297.2
2019-01-10 11:30:00,7302.4
2019-01-10 11:45:00,7293.2
2019-01-10 12:00:00,7289.7
2019-01-10 12:15:00,7284.5
2019-01-10 12:30:00,7282.3
2019-01-10 12:45:00,7281.5
2019-01-10 13:00:00,7287.4
2019-01-10 13:15:00,7281.9
2019-01-10 13:30:00,7262.0
2019-01-10 13:45:00,7244.0
2019-01-10 14:00:00,7236.8
2019-01-10 14:15:00,7236.3
2019-01-10 14:30:00,7229.0
2019-01-10 14:45:00,7229.0
2019-01-10 15:00:00,7230.3
2019-01-10 15:15:00,7221.9
2019-01-10 15:30:00,7213.6
2019-01-10 15:45:00,7214.1
2019-01-10 16:00:00,7211.1
2019-01-10 16:15:00,7217.1
2019-01-10 16:30:00,7234.0
2019-01-10 16:45:00,7260.0
2019-01-10 17:00:00,7293.9
2019-01-10 17:15:00,7305.8
2019-01-10 17:30:00,7312.4
2019-01-10 17:45:00,7314.5
2019-01-10 18:00:00,7297.7
2019-01-10 18:15:00,7284.1
2019-01-10 18:30:00,7277.3
2019-01-10 18:45:00,7277.2
2019-01-10 19:00:00,7269.6
2019-01-10 19:15:00,7247.6
2019-01-10 19:30:00,7223.3
2019-01-10 19:45:00,7205.3
2019-01-10 20:00:00,7174.1
2019-01-10 20:15:00,7144.6
2019-01-10 20:30:00,7112.4
2019-01-10 20:45:00,7084.5
2019-01-10 21:00:00,7055.7
2019-01-10 21:15:00,7024.3
2019-01-10 21:30:00,6994.7
2019-01-10 21:45:00,6973.2
2019-01-10 22:00:00,6982.6
2019-01-10 22:15:00,6963.5
2019-01-10 22:30:00,6926.2
2019-01-10 22:45:00,6904.7
2019-01-10 23:00:00,6858.3
2019-01-10 23:15:00,6833.9
2019-01-10 23:30:00,6820.0
2019-01-10 23:45:00,6798.9
2019-01-11 00:00:00,6789.0
2019-01-11 00:15:00,6768.2
2019-01-11 00:30:00,6748.6
2019-01-11 00:45:00,6731.8
2019-01-11 01:00:00,6707.2
2019-01-11 01:15:00,6688.0
2019-01-11 01:30:00,6681.1
2019-01-11 01:45:00,6674.4
2019-01-11 02:00:00,6663.4
2019-01-11 02:15:00,6666.0
2019-01-11 02:30:00,6672.5
2019-01-11 02:45:00,6673.0
2019-01-11 03:00:00,6677.0
2019-01-11 03:15:00,6680.5
2019-01-11 03:30:00,6686.9
2019-01-11 03:45:00,6696.0
2019-01-11 04:00:00,6706.9
2019-01-11 04:15:00,6717.3
2019-01-11 04:30:00,6730.8
2019-01-11 04:45:00,6745.9
2019-01-11 05:00:00,6772.5
2019-01-11 05:15:00,6790.6
2019-01-11 05:30:00,6829.5
2019-01-11 05:45:00,6875.0
2019-01-11 06:00:00,6959.9
2019-01-11 06:15:00,7029.3
2019-01-11 06:30:00,7093.0
2019-01-11 06:45:00,7150.6
2019-01-11 07:00:00,7207.2
2019-01-11 07:15:00,7242.5
2019-01-11 07:30:00,7274.5
2019-01-11 07:45:00,7301.1
2019-01-11 08:00:00,7324.5
2019-01-11 08:15:00,7330.5
2019-01-11 08:30:00,7336.8
2019-01-11 08:45:00,7347.6
2019-01-11 09:00:00,7341.2
2019-01-11 09:15:00,7349.9
2019-01-11 09:30:00,7353.6
2019-01-11 09:45:00,7369.5
2019-01-11 10:00:00,7368.1
2019-01-11 10:15:00,7364.4
2019-01-11 10:30:00,7380.3
2019-01-11 10:45:00,7354.6
2019-01-11 11:00:00,7385.6
2019-01-11 11:15:00,7400.6
2019-01-11 11:30:00,7398.1
2019-01-11 11:45:00,7373.4
2019-01-11 12:00:00,7384.8
2019-01-11 12:15:00,7374.2
2019-01-11 12:30:00,7350.6
2019-01-11 12:45:00,7343.3
2019-01-11 13:00:00,7364.4
2019-01-11 13:15:00,7351.6
2019-01-11 13:30:00,7308.2
2019-01-11 13:45:00,7280.6
2019-01-11 14:00:00,7297.9
2019-01-11 14:15:00,7260.8
2019-01-11 14:30:00,7257.5
2019-01-11 14:45:00,7246.4
2019-01-11 15:00:00,7239.3
2019-01-11 15:15:00,7230.3
2019-01-11 15:30:00,7222.7
2019-01-11 15:45:00,7221.3
2019-01-11 16:00:00,7249.6
2019-01-11 16:15:00,7251.8
2019-01-11 16:30:00,7264.0
2019-01-11 16:45:00,7283.2
2019-01-11 17:00:00,7314.8
2019-01-11 17:15:00,7332.8
2019-01-11 17:30:00,7333.3
2019-01-11 17:45:00,7325.9
2019-01-11 18:00:00,7309.9
2019-01-11 18:15:00,7296.7
2019-01-11 18:30:00,7290.0
2019-01-11 18:45:00,7278.2
2019-01-11 19:00:00,7266.8
2019-01-11 19:15:00,7249.7
2019-01-11 19:30:00,7228.4
2019-01-11 19:45:00,7202.7
2019-01-11 20:00:00,7154.9
2019-01-11 20:15:00,7110.3
2019-01-11 20:30:00,7073.2
2019-01-11 20:45:00,7049.0
2019-01-11 21:00:00,7020.7
2019-01-11 21:15:00,6990.5
2019-01-11 21:30:00,6965.0
2019-01-11 21:45:00,6939.0
2019-01-11 22:00:00,6938.8
2019-01-11 22:15:00,6914.4
2019-01-11 22:30:00,6884.6
2019-01-11 22:45:00,6857.2
2019-01-11 23:00:00,6818.4
2019-01-11 23:15:00,6791.1
2019-01-11 23:30:00,6765.6
2019-01-11 23:45:00,6747.8
2019-01-12 00:00:00,6686.4
2019-01-12 00:15:00,6657.3
2019-01-12 00:30:00,6634.2
2019-01-12 00:45:00,6618.4
2019-01-12 01:00:00,6595.2
2019-01-12 01:15:00,6575.1
2019-01-12 01:30:00,6567.3
2019-01-12 01:45:00,6553.8
2019-01-12 02:00:00,6532.9
2019-01-12 02:15:00,6520.2
2019-01-12 02:30:00,6510.9
2019-01-12 02:45:00,6515.2
2019-01-12 03:00:00,6501.7
2019-01-12 03:15:00,6494.9
2019-01-12 03:30:00,6491.9
2019-01-12 03:45:00,6478.7
2019-01-12 04:00:00,6503.1
2019-01-12 04:15:00,6505.8
2019-01-12 04:30:00,6503.1
2019-01-12 04:45:00,6501.1
2019-01-12 05:00:00,6520.8
2019-01-12 05:15:00,6519.0
2019-01-12 05:30:00,6515.2
2019-01-12 05:45:00,6520.0
2019-01-12 06:00:00,6545.7
2019-01-12 06:15:00,6559.6
2019-01-12 06:30:00,6575.2
2019-01-12 06:45:00,6585.5
2019-01-12 07:00:00,6626.0
2019-01-12 07:15:00,6658.2
2019-01-12 07:30:00,6681.4
2019-01-12 07:45:00,6703.0
2019-01-12 08:00:00,6742.0
2019-01-12 08:15:00,6766.5
2019-01-12 08:30:00,6783.4
2019-01-12 08:45:00,6798.6
2019-01-12 09:00:00,6851.8
2019-01-12 09:15:00,6876.0
2019-01-12 09:30:00,6893.7
2019-01-12 09:45:00,6901.7
2019-01-12 10:00:00,6947.8
2019-01-12 10:15:00,6954.8
2019-01-12 10:30:00,6972.0
2019-01-12 10:45:00,6972.3
2019-01-12 11:00:00,6995.6
2019-01-12 11:15:00,7013.3
2019-01-12 11:30:00,7018.4
2019-01-12 11:45:00,7019.9
2019-01-12 12:00:00,7009.0
2019-01-12 12:15:00,7009.2
2019-01-12 12:30:00,7001.2
2019-01-12 12:45:00,6987.7
2019-01-12 13:00:00,6974.5
2019-01-12 13:15:00,6951.6
2019-01-12 13:30:00,6944.0
2019-01-12 13:45:00,6931.5
2019-01-12 14:00:00,6923.5
2019-01-12 14:15:00,6912.1
2019-01-12 14:30:00,6911.1
2019-01-12 14:45:00,6903.1
2019-01-12 15:00:00,6898.9
2019-01-12 15:15:00,6895.4
2019-01-12 15:30:00,6894.2
2019-01-12 15:45:00,6896.8
2019-01-12 16:00:00,6903.4
2019-01-12 16:15:00,6915.9
2019-01-12 16:30:00,6930.8
2019-01-12 16:45:00,6963.5
2019-01-12 17:00:00,7002.1
2019-01-12 17:15:00,7015.4
2019-01-12 17:30:00,7016.1
2019-01-12 17:45:00,7014.7
2019-01-12 18:00:00,7026.1
2019-01-12 18:15:00,7008.7
2019-01-12 18:30:00,6998.7
2019-01-12 18:45:00,6992.6
2019-01-12 19:00:00,6972.2
2019-01-12 19:15:00,6948.3
2019-01-12 19:30:00,6922.6
2019-01-12 19:45:00,6908.1
2019-01-12 20:00:00,6877.8
2019-01-12 20:15:00,6840.9
2019-01-12 20:30:00,6806.8
2019-01-12 20:45:00,6787.6
2019-01-12 21:00:00,6758.8
2019-01-12 21:15:00,6745.6
2019-01-12 21:30:00,6726.7
2019-01-12 21:45:00,6718.6
2019-01-12 22:00:00,6730.5
2019-01-12 22:15:00,6710.1
2019-01-12 22:30:00,6684.7
2019-01-12 22:45:00,6666.7
2019-01-12 23:00:00,6647.0
2019-01-12 23:15:00,6627.3
2019-01-12 23:30:00,6607.7
2019-01-12 23:45:00,6579.9
2019-01-13 00:00:00,6539.1
2019-01-13 00:15:00,6509.0
2019-01-13 00:30:00,6495.0
2019-01-13 00:45:00,6472.9
2019-01-13 01:00:00,6453.4
2019-01-13 01:15:00,6440.8
2019-01-13 01:30:00,6426.2
2019-01-13 01:45:00,6412.5
2019-01-13 02:00:00,6401.5
2019-01-13 02:15:00,6397.0
2019-01-13 02:30:00,6383.9
2019-01-13 02:45:00,6380.1
2019-01-13 03:00:00,6373.1
2019-01-13 03:15:00,6370.5
2019-01-13 03:30:00,6371.2
2019-01-13 03:45:00,6367.0
2019-01-13 04:00:00,6366.7
2019-01-13 04:15:00,6359.6
2019-01-13 04:30:00,6371.9
2019-01-13 04:45:00,6370.0
2019-01-13 05:00:00,6369.4
2019-01-13 05:15:00,6362.3
2019-01-13 05:30:00,6352.0
2019-01-13 05:45:00,6346.7
2019-01-13 06:00:00,6336.3
2019-01-13 06:15:00,6333.5
2019-01-13 06:30:00,6338.7
2019-01-13 06:45:00,6354.9
2019-01-13 07:00:00,6378.3
2019-01-13 07:15:00,6391.9
2019-01-13 07:30:00,6416.5
2019-01-13 07:45:00,6428.5
2019-01-13 08:00:00,6480.5
2019-01-13 08:15:00,6506.9
2019-01-13 08:30:00,6540.6
2019-01-13 08:45:00,6550.4
2019-01-13 09:00:00,6607.0
2019-01-13 09:15:00,6638.4
2019-01-13 09:30:00,6669.3
2019-01-13 09:45:00,6694.6
2019-01-13 10:00:00,6716.9
2019-01-13 10:15:00,6737.9
2019-01-13 10:30:00,6763.2
2019-01-13 10:45:00,6788.8
2019-01-13 11:00:00,6821.3
2019-01-13 11:15:00,6846.5
2019-01-13 11:30:00,6863.9
2019-01-13 11:45:00,6871.5
2019-01-13 12:00:00,6866.1
2019-01-13 12:15:00,6864.7
2019-01-13 12:30:00,6855.5
2019-01-13 12:45:00,6846.4
2019-01-13 13:00:00,6836.4
2019-01-13 13:15:00,6824.5
2019-01-13 13:30:00,6823.7
2019-01-13 13:45:00,6808.1
2019-01-13 14:00:00,6798.1
2019-01-13 14:15:00,6793.7
2019-01-13 14:30:00,6791.6
2019-01-13 14:45:00,6782.8
2019-01-13 15:00:00,6783.7
2019-01-13 15:15:00,6776.2
2019-01-13 15:30:00,6774.8
2019-01-13 15:45:00,6776.8
2019-01-13 16:00:00,6786.4
2019-01-13 16:15:00,6796.7
2019-01-13 16:30:00,6813.7
2019-01-13 16:45:00,6834.8
2019-01-13 17:00:00,6873.6
2019-01-13 17:15:00,6892.4
2019-01-13 17:30:00,6907.9
2019-01-13 17:45:00,6927.2
2019-01-13 18:00:00,6940.9
2019-01-13 18:15:00,6932.0
2019-01-13 18:30:00,6930.0
2019-01-13 18:45:00,6920.6
2019-01-13 19:00:00,6906.1
2019-01-13 19:15:00,6890.1
2019-01-13 19:30:00,6876.6
2019-01-13 19:45:00,6860.7
2019-01-13 20:00:00,6830.0
2019-01-13 20:15:00,6800.9
2019-01-13 20:30:00,6778.9
2019-01-13 20:45:00,6764.2
2019-01-13 21:00:00,6759.4
2019-01-13 21:15:00,6747.2
2019-01-13 21:30:00,6736.9
2019-01-13 21:45:00,6737.0
2019-01-13 22:00:00,6756.6
2019-01-13 22:15:00,6742.2
2019-01-13 22:30:00,6726.6
2019-01-13 22:45:00,6710.0
2019-01-13 23:00:00,6682.1
2019-01-13 23:15:00,6660.8
2019-01-13 23:30:00,6644.4
2019-01-13 23:45:00,6613.0
2019-01-14 00:00:00,6591.3
2019-01-14 00:15:00,6577.7
2019-01-14 00:30:00,6564.0
2019-01-14 00:45:00,6545.3
2019-01-14 01:00:00,6510.2
2019-01-14 01:15:00,6503.1
2019-01-14 01:30:00,6500.3
2019-01-14 01:45:00,6492.4
2019-01-14 02:00:00,6481.6
2019-01-14 02:15:00,6474.9
2019-01-14 02:30:00,6472.0
2019-01-14 02:45:00,6490.0
2019-01-14 03:00:00,6491.5
2019-01-14 03:15:00,6494.3
2019-01-14 03:30:00,6499.2
2019-01-14 03:45:00,6505.9
2019-01-14 04:00:00,6525.2
2019-01-14 04:15:00,6542.3
2019-01-14 04:30:00,6562.1
2019-01-14 04:45:00,6583.3
2019-01-14 05:00:00,6643.3
2019-01-14 05:15:00,6669.7
2019-01-14 05:30:00,6706.8
2019-01-14 05:45:00,6760.2
2019-01-14 06:00:00,6862.4
2019-01-14 06:15:00,6938.7
2019-01-14 06:30:00,6997.8
2019-01-14 06:45:00,7059.6
2019-01-14 07:00:00,7132.4
2019-01-14 07:15:00,7174.5
2019-01-14 07:30:00,7204.9
2019-01-14 07:45:00,7231.6
2019-01-14 08:00:00,7251.0
2019-01-14 08:15:00,7266.8
2019-01-14 08:30:00,7270.1
2019-01-14 08:45:00,7278.3
2019-01-14 09:00:00,7254.2
2019-01-14 09:15:00,7270.3
2019-01-14 09:30:00,7283.1
2019-01-14 09:45:00,7288.1
2019-01-14 10:00:00,7281.1
2019-01-14 10:15:00,7283.4
2019-01-14 10:30:00,7279.5
2019-01-14 10:45:00,7286.0
2019-01-14 11:00:00,7297.2
2019-01-14 11:15:00,7297.3
2019-01-14 11:30:00,7308.1
2019-01-14 11:45:00,7312.7
2019-01-14 12:00:00,7298.4
2019-01-14 12:15:00,7288.0
2019-01-14 12:30:00,7296.3
2019-01-14 12:45:00,7298.1
2019-01-14 13:00:00,7306.7
2019-01-14 13:15:00,7298.3
2019-01-14 13:30:00,7289.3
2019-01-14 13:45:00,7275.2
2019-01-14 14:00:00,7273.0
2019-01-14 14:15:00,7271.5
2019-01-14 14:30:00,7270.6
2019-01-14 14:45:00,7265.9
2019-01-14 15:00:00,7264.9
2019-01-14 15:15:00,7248.6
2019-01-14 15:30:00,7240.0
2019-01-14 15:45:00,7227.2
2019-01-14 16:00:00,7228.4
2019-01-14 16:15:00,7225.2
2019-01-14 16:30:00,7228.0
2019-01-14 16:45:00,7262.6
2019-01-14 17:00:00,7311.5
2019-01-14 17:15:00,7339.6
2019-01-14 17:30:00,7352.6
2019-01-14 17:45:00,7351.8
2019-01-14 18:00:00,7334.8
2019-01-14 18:15:00,7317.6
2019-01-14 18:30:00,7318.5
2019-01-14 18:45:00,7308.1
2019-01-14 19:00:00,7288.8
2019-01-14 19:15:00,7262.8
2019-01-14 19:30:00,7258.0
2019-01-14 19:45:00,7233.5
2019-01-14 20:00:00,7185.9
2019-01-14 20:15:00,7144.9
2019-01-14 20:30:00,7119.4
2019-01-14 20:45:00,7096.4
2019-01-14 21:00:00,7068.6
2019-01-14 21:15:00,7036.3
2019-01-14 21:30:00,7011.9
2019-01-14 21:45:00,6983.3
2019-01-14 22:00:00,6974.1
2019-01-14 22:15:00,6938.3
2019-01-14 22:30:00,6912.7
2019-01-14 22:45:00,6883.9
2019-01-14 23:00:00,6837.0
2019-01-14 23:15:00,6807.1
2019-01-14 23:30:00,6784.1
2019-01-14 23:45:00,6755.5
2019-01-15 00:00:00,6734.1
2019-01-15 00:15:00,6717.3
2019-01-15 00:30:00,6704.4
2019-01-15 00:45:00,6692.2
2019-01-15 01:00:00,6661.5
2019-01-15 01:15:00,6653.8
2019-01-15 01:30:00,6649.1
2019-01-15 01:45:00,6657.8
2019-01-15 02:00:00,6639.3
2019-01-15 02:15:00,6632.2
2019-01-15 02:30:00,6630.5
2019-01-15 02:45:00,6632.3
2019-01-15 03:00:00,6636.9
2019-01-15 03:15:00,6633.3
2019-01-15 03:30:00,6641.7
2019-01-15 03:45:00,6642.2
2019-01-15 04:00:00,6652.0
2019-01-15 04:15:00,6661.8
2019-01-15 04:30:00,6679.7
2019-01-15 04:45:00,6680.5
2019-01-15 05:00:00,6737.8
2019-01-15 05:15:00,6760.9
2019-01-15 05:30:00,6793.7
2019-01-15 05:45:00,6813.3
2019-01-15 06:00:00,6920.6
2019-01-15 06:15:00,6976.9
2019-01-15 06:30:00,7029.9
2019-01-15 06:45:00,7089.2
2019-01-15 07:00:00,7160.1
2019-01-15 07:15:00,7200.2
2019-01-15 07:30:00,7237.3
2019-01-15 07:45:00,7267.7
2019-01-15 08:00:00,7290.6
2019-01-15 08:15:00,7297.8
2019-01-15 08:30:00,7301.9
2019-01-15 08:45:00,7306.2
2019-01-15 09:00:00,7290.8
2019-01-15 09:15:00,7289.5
2019-01-15 09:30:00,7306.7
2019-01-15 09:45:00,7311.3
2019-01-15 10:00:00,7326.3
2019-01-15 10:15:00,7327.3
2019-01-15 10:30:00,7326.3
2019-01-15 10:45:00,7311.0
2019-01-15 11:00:00,7338.4
2019-01-15 11:15:00,7341.4
2019-01-15 11:30:00,7318.4
2019-01-15 11:45:00,7313.3
2019-01-15 12:00:00,7323.5
2019-01-15 12:15:00,7295.6
2019-01-15 12:30:00,7293.1
2019-01-15 12:45:00,7296.3
2019-01-15 13:00:00,7328.2
2019-01-15 13:15:00,7309.4
2019-01-15 13:30:00,7299.3
2019-01-15 13:45:00,7287.8
2019-01-15 14:00:00,7305.7
2019-01-15 14:15:00,7308.2
2019-01-15 14:30:00,7305.7
2019-01-15 14:45:00,7310.5
2019-01-15 15:00:00,7301.2
2019-01-15 15:15:00,7297.4
2019-01-15 15:30:00,7282.2
2019-01-15 15:45:00,7278.9
2019-01-15 16:00:00,7275.4
2019-01-15 16:15:00,7274.9
2019-01-15 16:30:00,7284.7
2019-01-15 16:45:00,7298.1
2019-01-15 17:00:00,7324.4
2019-01-15 17:15:00,7343.3
2019-01-15 17:30:00,7353.4
2019-01-15 17:45:00,7358.6
2019-01-15 18:00:00,7340.1
2019-01-15 18:15:00,7326.8
2019-01-15 18:30:00,7314.6
2019-01-15 18:45:00,7317.3
2019-01-15 19:00:00,7307.3
2019-01-15 19:15:00,7276.6
2019-01-15 19:30:00,7266.5
2019-01-15 19:45:00,7242.0
2019-01-15 20:00:00,7192.7
2019-01-15 20:15:00,7163.0
2019-01-15 20:30:00,7140.7
2019-01-15 20:45:00,7083.6
2019-01-15 21:00:00,7077.9
2019-01-15 21:15:00,7051.6
2019-01-15 21:30:00,7034.5
2019-01-15 21:45:00,6998.4
2019-01-15 22:00:00,6982.3
2019-01-15 22:15:00,6967.4
2019-01-15 22:30:00,6930.9
2019-01-15 22:45:00,6901.0
2019-01-15 23:00:00,6856.7
2019-01-15 23:15:00,6819.5
2019-01-15 23:30:00,6804.5
2019-01-15 23:45:00,6773.3
2019-01-16 00:00:00,6738.6
2019-01-16 00:15:00,6709.8
2019-01-16 00:30:00,6693.8
2019-01-16 00:45:00,6668.4
2019-01-16 01:00:00,6649.2
2019-01-16 01:15:00,6636.2
2019-01-16 01:30:00,6622.0
2019-01-16 01:45:00,6613.8
2019-01-16 02:00:00,6599.1
2019-01-16 02:15:00,6600.4
2019-01-16 02:30:00,6590.2
2019-01-16 02:45:00,6588.2
2019-01-16 03:00:00,6588.7
2019-01-16 03:15:00,6598.2
2019-01-16 03:30:00,6603.9
2019-01-16 03:45:00,6611.4
2019-01-16 04:00:00,6635.5
2019-01-16 04:15:00,6648.4
2019-01-16 04:30:00,6659.1
2019-01-16 04:45:00,6663.9
2019-01-16 05:00:00,6715.5
2019-01-16 05:15:00,6732.8
2019-01-16 05:30:00,6763.0
2019-01-16 05:45:00,6811.5
2019-01-16 06:00:00,6902.4
2019-01-16 06:15:00,6978.7
2019-01-16 06:30:00,7052.6
2019-01-16 06:45:00,7117.9
2019-01-16 07:00:00,7182.5
2019-01-16 07:15:00,7223.9
2019-01-16 07:30:00,7256.5
2019-01-16 07:45:00,7276.3
2019-01-16 08:00:00,7298.7
2019-01-16 08:15:00,7302.4
2019-01-16 08:30:00,7303.0
2019-01-16 08:45:00,7309.0
2019-01-16 09:00:00,7300.2
2019-01-16 09:15:00,7301.5
2019-01-16 09:30:00,7307.1
2019-01-16 09:45:00,7307.2
2019-01-16 10:00:00,7307.5
2019-01-16 10:15:00,7316.1
2019-01-16 10:30:00,7321.8
2019-01-16 10:45:00,7328.2
2019-01-16 11:00:00,7328.4
2019-01-16 11:15:00,7335.0
2019-01-16 11:30:00,7345.7
2019-01-16 11:45:00,7346.6
2019-01-16 12:00:00,7334.4
2019-01-16 12:15:00,7324.8
2019-01-16 12:30:00,7328.8
2019-01-16 12:45:00,7331.7
2019-01-16 13:00:00,7339.8
2019-01-16 13:15:00,7334.7
2019-01-16 13:30:00,7324.5
2019-01-16 13:45:00,7298.6
2019-01-16 14:00:00,7286.5
2019-01-16 14:15:00,7280.4
2019-01-16 14:30:00,7277.5
2019-01-16 14:45:00,7276.7
2019-01-16 15:00:00,7279.0
2019-01-16 15:15:00,7267.2
2019-01-16 15:30:00,7262.1
2019-01-16 15:45:00,7249.4
2019-01-16 16:00:00,7241.7
2019-01-16 16:15:00,7247.2
2019-01-16 16:30:00,7262.5
2019-01-16 16:45:00,7283.3
2019-01-16 17:00:00,7321.6
2019-01-16 17:15:00,7353.2
2019-01-16 17:30:00,7371.8
2019-01-16 17:45:00,7374.0
2019-01-16 18:00:00,7357.0
2019-01-16 18:15:00,7343.2
2019-01-16 18:30:00,7333.7
2019-01-16 18:45:00,7329.7
2019-01-16 19:00:00,7320.4
2019-01-16 19:15:00,7294.7
2019-01-16 19:30:00,7274.3
2019-01-16 19:45:00,7236.9
2019-01-16 20:00:00,7205.3
2019-01-16 20:15:00,7165.7
2019-01-16 20:30:00,7130.9
2019-01-16 20:45:00,7109.1
2019-01-16 21:00:00,7083.3
2019-01-16 21:15:00,7059.1
2019-01-16 21:30:00,7033.2
2019-01-16 21:45:00,7001.1
2019-01-16 22:00:00,6988.9
2019-01-16 22:15:00,6962.9
2019-01-16 22:30:00,6937.1
2019-01-16 22:45:00,6906.9
2019-01-16 23:00:00,6866.2
2019-01-16 23:15:00,6839.4
2019-01-16 23:30:00,6815.0
2019-01-16 23:45:00,6788.3
2019-01-17 00:00:00,6758.8
2019-01-17 00:15:00,6737.8
2019-01-17 00:30:00,6728.4
2019-01-17 00:45:00,6710.0
2019-01-17 01:00:00,6692.9
2019-01-17 01:15:00,6670.0
2019-01-17 01:30:00,6668.8
2019-01-17 01:45:00,6666.2
2019-01-17 02:00:00,6640.9
2019-01-17 02:15:00,6634.2
2019-01-17 02:30:00,6631.3
2019-01-17 02:45:00,6634.2
2019-01-17 03:00:00,6633.3
2019-01-17 03:15:00,6641.8
2019-01-17 03:30:00,6634.1
2019-01-17 03:45:00,6641.1
2019-01-17 04:00:00,6661.9
2019-01-17 04:15:00,6684.1
2019-01-17 04:30:00,6694.7
2019-01-17 04:45:00,6701.4
2019-01-17 05:00:00,6753.4
2019-01-17 05:15:00,6770.3
2019-01-17 05:30:00,6801.0
2019-01-17 05:45:00,6840.6
2019-01-17 06:00:00,6930.7
2019-01-17 06:15:00,7002.0
2019-01-17 06:30:00,7059.3
2019-01-17 06:45:00,7116.6
2019-01-17 07:00:00,7189.1
2019-01-17 07:15:00,7239.3
2019-01-17 07:30:00,7271.1
2019-01-17 07:45:00,7304.2
2019-01-17 08:00:00,7314.6
2019-01-17 08:15:00,7324.9
2019-01-17 08:30:00,7329.2
2019-01-17 08:45:00,7322.3
2019-01-17 09:00:00,7308.2
2019-01-17 09:15:00,7318.8
2019-01-17 09:30:00,7321.4
2019-01-17 09:45:00,7324.9
2019-01-17 10:00:00,7325.0
2019-01-17 10:15:00,7334.8
2019-01-17 10:30:00,7340.4
2019-01-17 10:45:00,7350.6
2019-01-17 11:00:00,7351.2
2019-01-17 11:15:00,7361.2
2019-01-17 11:30:00,7373.6
2019-01-17 11:45:00,7381.3
2019-01-17 12:00:00,7368.7
2019-01-17 12:15:00,7363.1
2019-01-17 12:30:00,7364.4
2019-01-17 12:45:00,7349.7
2019-01-17 13:00:00,7374.6
2019-01-17 13:15:00,7364.4
2019-01-17 13:30:00,7348.9
2019-01-17 13:45:00,7311.5
2019-01-17 14:00:00,7329.8
2019-01-17 14:15:00,7326.9
2019-01-17 14:30:00,7304.8
2019-01-17 14:45:00,7292.1
2019-01-17 15:00:00,7302.6
2019-01-17 15:15:00,7273.3
2019-01-17 15:30:00,7271.7
2019-01-17 15:45:00,7259.0
2019-01-17 16:00:00,7272.6
2019-01-17 16:15:00,7273.6
2019-01-17 16:30:00,7280.9
2019-01-17 16:45:00,7295.4
2019-01-17 17:00:00,7332.6
2019-01-17 17:15:00,7367.1
2019-01-17 17:30:00,7385.3
2019-01-17 17:45:00,7388.2
2019-01-17 18:00:00,7373.7
2019-01-17 18:15:00,7364.2
2019-01-17 18:30:00,7365.3
2019-01-17 18:45:00,7338.6
2019-01-17 19:00:00,7334.7
2019-01-17 19:15:00,7307.8
2019-01-17 19:30:00,7286.9
2019-01-17 19:45:00,7279.0
2019-01-17 20:00:00,7245.7
2019-01-17 20:15:00,7207.9
2019-01-17 20:30:00,7174.0
2019-01-17 20:45:00,7135.7
2019-01-17 21:00:00,7099.1
2019-01-17 21:15:00,7074.9
2019-01-17 21:30:00,7047.5
2019-01-17 21:45:00,7039.1
2019-01-17 22:00:00,7020.0
2019-01-17 22:15:00,6983.7
2019-01-17 22:30:00,6942.7
2019-01-17 22:45:00,6909.5
2019-01-17 23:00:00,6856.5
2019-01-17 23:15:00,6846.5
2019-01-17 23:30:00,6813.2
2019-01-17 23:45:00,6785.3
2019-01-18 00:00:00,6767.5
2019-01-18 00:15:00,6753.7
2019-01-18 00:30:00,6740.2
2019-01-18 00:45:00,6721.8
2019-01-18 01:00:00,6692.5
2019-01-18 01:15:00,6678.2
2019-01-18 01:30:00,6665.7
2019-01-18 01:45:00,6652.6
2019-01-18 02:00:00,6637.6
2019-01-18 02:15:00,6629.5
2019-01-18 02:30:00,6619.1
2019-01-18 02:45:00,6604.4
2019-01-18 03:00:00,6633.5
2019-01-18 03:15:00,6628.5
2019-01-18 03:30:00,6634.9
2019-01-18 03:45:00,6644.9
2019-01-18 04:00:00,6666.0
2019-01-18 04:15:00,6678.7
2019-01-18 04:30:00,6680.5
2019-01-18 04:45:00,6693.7
2019-01-18 05:00:00,6726.5
2019-01-18 05:15:00,6740.8
2019-01-18 05:30:00,6772.2
2019-01-18 05:45:00,6813.9
2019-01-18 06:00:00,6897.5
2019-01-18 06:15:00,6966.5
2019-01-18 06:30:00,7026.4
2019-01-18 06:45:00,7057.4
2019-01-18 07:00:00,7143.0
2019-01-18 07:15:00,7180.6
2019-01-18 07:30:00,7213.9
2019-01-18 07:45:00,7230.3
2019-01-18 08:00:00,7260.4
2019-01-18 08:15:00,7267.5
2019-01-18 08:30:00,7268.2
2019-01-18 08:45:00,7241.0
2019-01-18 09:00:00,7254.3
2019-01-18 09:15:00,7258.1
2019-01-18 09:30:00,7238.2
2019-01-18 09:45:00,7241.7
2019-01-18 10:00:00,7253.9
2019-01-18 10:15:00,7253.3
2019-01-18 10:30:00,7225.6
2019-01-18 10:45:00,7229.3
2019-01-18 11:00:00,7256.6
2019-01-18 11:15:00,7264.9
2019-01-18 11:30:00,7240.6
2019-01-18 11:45:00,7235.4
2019-01-18 12:00:00,7249.6
2019-01-18 12:15:00,7217.1
2019-01-18 12:30:00,7204.5
2019-01-18 12:45:00,7202.2
2019-01-18 13:00:00,7215.8
2019-01-18 13:15:00,7198.3
2019-01-18 13:30:00,7183.5
2019-01-18 13:45:00,7133.9
2019-01-18 14:00:00,7161.5
2019-01-18 14:15:00,7155.0
2019-01-18 14:30:00,7144.5
2019-01-18 14:45:00,7144.6
2019-01-18 15:00:00,7135.2
2019-01-18 15:15:00,7126.0
2019-01-18 15:30:00,7121.6
2019-01-18 15:45:00,7117.3
2019-01-18 16:00:00,7117.0
2019-01-18 16:15:00,7118.7
2019-01-18 16:30:00,7129.6
2019-01-18 16:45:00,7155.5
2019-01-18 17:00:00,7202.5
2019-01-18 17:15:00,7237.0
2019-01-18 17:30:00,7253.1
2019-01-18 17:45:00,7251.5
2019-01-18 18:00:00,7244.9
2019-01-18 18:15:00,7231.8
2019-01-18 18:30:00,7218.9
2019-01-18 18:45:00,7197.7
2019-01-18 19:00:00,7202.6
2019-01-18 19:15:00,7179.3
2019-01-18 19:30:00,7136.7
2019-01-18 19:45:00,7110.3
2019-01-18 20:00:00,7085.5
2019-01-18 20:15:00,7052.9
2019-01-18 20:30:00,7024.9
2019-01-18 20:45:00,6996.8
2019-01-18 21:00:00,6974.3
2019-01-18 21:15:00,6958.1
2019-01-18 21:30:00,6937.8
2019-01-18 21:45:00,6911.1
2019-01-18 22:00:00,6909.4
2019-01-18 22:15:00,6881.8
2019-01-18 22:30:00,6855.3
2019-01-18 22:45:00,6839.5
2019-01-18 23:00:00,6815.1
2019-01-18 23:15:00,6793.0
2019-01-18 23:30:00,6779.2
2019-01-18 23:45:00,6761.1
2019-01-19 00:00:00,6730.0
2019-01-19 00:15:00,6707.2
2019-01-19 00:30:00,6699.1
2019-01-19 00:45:00,6683.9
2019-01-19 01:00:00,6656.7
2019-01-19 01:15:00,6640.4
2019-01-19 01:30:00,6623.5
2019-01-19 01:45:00,6616.9
2019-01-19 02:00:00,6601.1
2019-01-19 02:15:00,6587.0
2019-01-19 02:30:00,6582.3
2019-01-19 02:45:00,6567.1
2019-01-19 03:00:00,6576.8
2019-01-19 03:15:00,6569.7
2019-01-19 03:30:00,6564.0
2019-01-19 03:45:00,6543.0
2019-01-19 04:00:00,6561.6
2019-01-19 04:15:00,6559.1
2019-01-19 04:30:00,6551.0
2019-01-19 04:45:00,6552.6
2019-01-19 05:00:00,6558.3
2019-01-19 05:15:00,6555.7
2019-01-19 05:30:00,6546.0
2019-01-19 05:45:00,6544.2
2019-01-19 06:00:00,6557.5
2019-01-19 06:15:00,6566.2
2019-01-19 06:30:00,6568.6
2019-01-19 06:45:00,6593.6
2019-01-19 07:00:00,6625.3
2019-01-19 07:15:00,6644.1
2019-01-19 07:30:00,6665.0
2019-01-19 07:45:00,6693.0
2019-01-19 08:00:00,6730.5
2019-01-19 08:15:00,6762.8
2019-01-19 08:30:00,6783.3
2019-01-19 08:45:00,6807.6
2019-01-19 09:00:00,6839.4
2019-01-19 09:15:00,6862.1
2019-01-19 09:30:00,6889.7
2019-01-19 09:45:00,6897.7
2019-01-19 10:00:00,6910.4
2019-01-19 10:15:00,6919.3
2019-01-19 10:30:00,6930.0
2019-01-19 10:45:00,6928.4
2019-01-19 11:00:00,6935.4
2019-01-19 11:15:00,6933.8
2019-01-19 11:30:00,6942.9
2019-01-19 11:45:00,6943.2
2019-01-19 12:00:00,6922.9
2019-01-19 12:15:00,6913.6
2019-01-19 12:30:00,6897.1
2019-01-19 12:45:00,6880.8
2019-01-19 13:00:00,6868.5
2019-01-19 13:15:00,6838.9
2019-01-19 13:30:00,6827.8
2019-01-19 13:45:00,6813.1
2019-01-19 14:00:00,6803.6
2019-01-19 14:15:00,6790.6
2019-01-19 14:30:00,6779.0
2019-01-19 14:45:00,6771.0
2019-01-19 15:00:00,6777.2
2019-01-19 15:15:00,6780.5
2019-01-19 15:30:00,6774.0
2019-01-19 15:45:00,6773.0
2019-01-19 16:00:00,6786.9
2019-01-19 16:15:00,6797.9
2019-01-19 16:30:00,6817.6
2019-01-19 16:45:00,6843.4
2019-01-19 17:00:00,6900.5
2019-01-19 17:15:00,6940.7
2019-01-19 17:30:00,6969.7
2019-01-19 17:45:00,6968.5
2019-01-19 18:00:00,6975.1
2019-01-19 18:15:00,6973.6
2019-01-19 18:30:00,6969.7
2019-01-19 18:45:00,6958.4
2019-01-19 19:00:00,6940.6
2019-01-19 19:15:00,6923.0
2019-01-19 19:30:00,6904.1
2019-01-19 19:45:00,6887.4
2019-01-19 20:00:00,6848.7
2019-01-19 20:15:00,6808.5
2019-01-19 20:30:00,6778.0
2019-01-19 20:45:00,6753.4
2019-01-19 21:00:00,6742.9
2019-01-19 21:15:00,6729.9
2019-01-19 21:30:00,6714.5
2019-01-19 21:45:00,6707.4
2019-01-19 22:00:00,6729.5
2019-01-19 22:15:00,6711.7
2019-01-19 22:30:00,6692.2
2019-01-19 22:45:00,6675.6
2019-01-19 23:00:00,6660.6
2019-01-19 23:15:00,6646.4
2019-01-19 23:30:00,6627.6
2019-01-19 23:45:00,6611.0
2019-01-20 00:00:00,6583.8
2019-01-20 00:15:00,6565.2
2019-01-20 00:30:00,6552.6
2019-01-20 00:45:00,6544.2
2019-01-20 01:00:00,6516.1
2019-01-20 01:15:00,6508.8
2019-01-20 01:30:00,6495.0
2019-01-20 01:45:00,6482.9
2019-01-20 02:00:00,6478.1
2019-01-20 02:15:00,6465.4
2019-01-20 02:30:00,6461.0
2019-01-20 02:45:00,6450.9
2019-01-20 03:00:00,6446.0
2019-01-20 03:15:00,6444.1
2019-01-20 03:30:00,6438.5
2019-01-20 03:45:00,6440.4
2019-01-20 04:00:00,6434.7
2019-01-20 04:15:00,6424.7
2019-01-20 04:30:00,6425.2
2019-01-20 04:45:00,6429.5
2019-01-20 05:00:00,6422.4
2019-01-20 05:15:00,6416.3
2019-01-20 05:30:00,6407.6
2019-01-20 05:45:00,6406.1
2019-01-20 06:00:00,6381.7
2019-01-20 06:15:00,6393.1
2019-01-20 06:30:00,6393.8
2019-01-20 06:45:00,6400.0
2019-01-20 07:00:00,6415.9
2019-01-20 07:15:00,6438.9
2019-01-20 07:30:00,6454.7
2019-01-20 07:45:00,6475.4
2019-01-20 08:00:00,6503.9
2019-01-20 08:15:00,6539.2
2019-01-20 08:30:00,6567.7
2019-01-20 08:45:00,6589.6
2019-01-20 09:00:00,6624.4
2019-01-20 09:15:00,6653.8
2019-01-20 09:30:00,6670.2
2019-01-20 09:45:00,6682.6
2019-01-20 10:00:00,6693.6
2019-01-20 10:15:00,6708.9
2019-01-20 10:30:00,6726.0
2019-01-20 10:45:00,6737.2
2019-01-20 11:00:00,6748.3
2019-01-20 11:15:00,6772.2
2019-01-20 11:30:00,6785.7
2019-01-20 11:45:00,6785.0
2019-01-20 12:00:00,6781.3
2019-01-20 12:15:00,6769.6
2019-01-20 12:30:00,6763.9
2019-01-20 12:45:00,6750.9
2019-01-20 13:00:00,6738.6
2019-01-20 13:15:00,6719.1
2019-01-20 13:30:00,6711.2
2019-01-20 13:45:00,6692.9
2019-01-20 14:00:00,6681.5
2019-01-20 14:15:00,6670.7
2019-01-20 14:30:00,6664.6
2019-01-20 14:45:00,6654.0
2019-01-20 15:00:00,6657.7
2019-01-20 15:15:00,6653.6
2019-01-20 15:30:00,6658.0
2019-01-20 15:45:00,6657.4
2019-01-20 16:00:00,6674.6
2019-01-20 16:15:00,6678.9
2019-01-20 16:30:00,6704.4
2019-01-20 16:45:00,6729.9
2019-01-20 17:00:00,6773.9
2019-01-20 17:15:00,6833.5
2019-01-20 17:30:00,6863.4
2019-01-20 17:45:00,6882.3
2019-01-20 18:00:00,6899.8
2019-01-20 18:15:00,6893.8
2019-01-20 18:30:00,6902.3
2019-01-20 18:45:00,6894.5
2019-01-20 19:00:00,6885.0
2019-01-20 19:15:00,6864.9
2019-01-20 19:30:00,6856.7
2019-01-20 19:45:00,6841.0
2019-01-20 20:00:00,6816.6
2019-01-20 20:15:00,6796.1
2019-01-20 20:30:00,6771.4
2019-01-20 20:45:00,6754.2
2019-01-20 21:00:00,6735.5
2019-01-20 21:15:00,6737.4
2019-01-20 21:30:00,6735.0
2019-01-20 21:45:00,6741.7
2019-01-20 22:00:00,6771.4
2019-01-20 22:15:00,6765.3
2019-01-20 22:30:00,6746.4
2019-01-20 22:45:00,6728.1
2019-01-20 23:00:00,6707.5
2019-01-20 23:15:00,6695.6
2019-01-20 23:30:00,6684.8
2019-01-20 23:45:00,6665.6
2019-01-21 00:00:00,6656.4
2019-01-21 00:15:00,6642.2
2019-01-21 00:30:00,6632.8
2019-01-21 00:45:00,6614.7
2019-01-21 01:00:00,6593.1
2019-01-21 01:15:00,6584.1
2019-01-21 01:30:00,6582.8
2019-01-21 01:45:00,6563.4
2019-01-21 02:00:00,6562.7
2019-01-21 02:15:00,6562.4
2019-01-21 02:30:00,6561.2
2019-01-21 02:45:00,6565.0
2019-01-21 03:00:00,6558.8
2019-01-21 03:15:00,6570.0
2019-01-21 03:30:00,6578.9
2019-01-21 03:45:00,6578.0
2019-01-21 04:00:00,6597.4
2019-01-21 04:15:00,6610.0
2019-01-21 04:30:00,6630.0
2019-01-21 04:45:00,6646.6
2019-01-21 05:00:00,6692.3
2019-01-21 05:15:00,6725.6
2019-01-21 05:30:00,6760.7
2019-01-21 05:45:00,6817.4
2019-01-21 06:00:00,6908.8
2019-01-21 06:15:00,6990.7
2019-01-21 06:30:00,7058.4
2019-01-21 06:45:00,7112.6
2019-01-21 07:00:00,7181.6
2019-01-21 07:15:00,7216.9
2019-01-21 07:30:00,7253.9
2019-01-21 07:45:00,7282.3
2019-01-21 08:00:00,7283.8
2019-01-21 08:15:00,7289.9
2019-01-21 08:30:00,7306.7
2019-01-21 08:45:00,7311.7
2019-01-21 09:00:00,7298.6
2019-01-21 09:15:00,7300.9
2019-01-21 09:30:00,7313.3
2019-01-21 09:45:00,7308.5
2019-01-21 10:00:00,7299.7
2019-01-21 10:15:00,7302.5
2019-01-21 10:30:00,7306.7
2019-01-21 10:45:00,7308.5
2019-01-21 11:00:00,7309.4
2019-01-21 11:15:00,7311.7
2019-01-21 11:30:00,7317.1
2019-01-21 11:45:00,7315.3
2019-01-21 12:00:00,7305.3
2019-01-21 12:15:00,7288.5
2019-01-21 12:30:00,7294.2
2019-01-21 12:45:00,7291.4
2019-01-21 13:00:00,7300.3
2019-01-21 13:15:00,7286.1
2019-01-21 13:30:00,7277.0
2019-01-21 13:45:00,7256.0
2019-01-21 14:00:00,7254.7
2019-01-21 14:15:00,7247.3
2019-01-21 14:30:00,7242.4
2019-01-21 14:45:00,7239.1
2019-01-21 15:00:00,7237.4
2019-01-21 15:15:00,7230.0
2019-01-21 15:30:00,7222.0
2019-01-21 15:45:00,7211.5
2019-01-21 16:00:00,7212.2
2019-01-21 16:15:00,7214.3
2019-01-21 16:30:00,7230.4
2019-01-21 16:45:00,7253.3
2019-01-21 17:00:00,7294.1
2019-01-21 17:15:00,7332.8
2019-01-21 17:30:00,7357.8
2019-01-21 17:45:00,7366.5
2019-01-21 18:00:00,7355.0
2019-01-21 18:15:00,7341.5
2019-01-21 18:30:00,7337.5
2019-01-21 18:45:00,7337.0
2019-01-21 19:00:00,7329.8
2019-01-21 19:15:00,7309.0
2019-01-21 19:30:00,7293.6
2019-01-21 19:45:00,7274.8
2019-01-21 20:00:00,7241.1
2019-01-21 20:15:00,7206.5
2019-01-21 20:30:00,7167.5
2019-01-21 20:45:00,7139.1
2019-01-21 21:00:00,7118.7
2019-01-21 21:15:00,7106.0
2019-01-21 21:30:00,7065.5
2019-01-21 21:45:00,7038.5
2019-01-21 22:00:00,7037.2
2019-01-21 22:15:00,7026.5
2019-01-21 22:30:00,6992.9
2019-01-21 22:45:00,6959.6
2019-01-21 23:00:00,6918.4
2019-01-21 23:15:00,6891.6
2019-01-21 23:30:00,6863.0
2019-01-21 23:45:00,6841.2
2019-01-22 00:00:00,6803.8
2019-01-22 00:15:00,6793.0
2019-01-22 00:30:00,6791.1
2019-01-22 00:45:00,6774.2
2019-01-22 01:00:00,6754.8
2019-01-22 01:15:00,6745.0
2019-01-22 01:30:00,6739.1
2019-01-22 01:45:00,6723.4
2019-01-22 02:00:00,6707.0
2019-01-22 02:15:00,6705.4
2019-01-22 02:30:00,6703.1
2019-01-22 02:45:00,6700.4
2019-01-22 03:00:00,6700.4
2019-01-22 03:15:00,6690.9
2019-01-22 03:30:00,6694.2
2019-01-22 03:45:00,6695.2
2019-01-22 04:00:00,6710.8
2019-01-22 04:15:00,6723.2
2019-01-22 04:30:00,6731.2
2019-01-22 04:45:00,6750.5
2019-01-22 05:00:00,6794.0
2019-01-22 05:15:00,6810.0
2019-01-22 05:30:00,6835.6
2019-01-22 05:45:00,6882.7
2019-01-22 06:00:00,6967.1
2019-01-22 06:15:00,7039.6
2019-01-22 06:30:00,7105.7
2019-01-22 06:45:00,7162.9
2019-01-22 07:00:00,7228.4
2019-01-22 07:15:00,7264.7
2019-01-22 07:30:00,7300.5
2019-01-22 07:45:00,7311.0
2019-01-22 08:00:00,7329.5
2019-01-22 08:15:00,7342.2
2019-01-22 08:30:00,7350.1
2019-01-22 08:45:00,7351.4
2019-01-22 09:00:00,7345.5
2019-01-22 09:15:00,7361.4
2019-01-22 09:30:00,7374.0
2019-01-22 09:45:00,7377.1
2019-01-22 10:00:00,7369.4
2019-01-22 10:15:00,7367.6
2019-01-22 10:30:00,7371.0
2019-01-22 10:45:00,7372.9
2019-01-22 11:00:00,7377.0
2019-01-22 11:15:00,7381.5
2019-01-22 11:30:00,7383.2
2019-01-22 11:45:00,7387.6
2019-01-22 12:00:00,7373.2
2019-01-22 12:15:00,7364.2
2019-01-22 12:30:00,7359.8
2019-01-22 12:45:00,7365.4
2019-01-22 13:00:00,7361.4
2019-01-22 13:15:00,7354.2
2019-01-22 13:30:00,7347.5
2019-01-22 13:45:00,7329.5
2019-01-22 14:00:00,7335.3
2019-01-22 14:15:00,7328.1
2019-01-22 14:30:00,7329.1
2019-01-22 14:45:00,7317.4
2019-01-22 15:00:00,7320.2
2019-01-22 15:15:00,7312.4
2019-01-22 15:30:00,7301.1
2019-01-22 15:45:00,7289.7
2019-01-22 16:00:00,7288.1
2019-01-22 16:15:00,7296.3
2019-01-22 16:30:00,7307.7
2019-01-22 16:45:00,7325.5
2019-01-22 17:00:00,7362.0
2019-01-22 17:15:00,7392.0
2019-01-22 17:30:00,7411.1
2019-01-22 17:45:00,7422.6
2019-01-22 18:00:00,7403.3
2019-01-22 18:15:00,7401.0
2019-01-22 18:30:00,7394.3
2019-01-22 18:45:00,7386.4
2019-01-22 19:00:00,7379.4
2019-01-22 19:15:00,7358.7
2019-01-22 19:30:00,7335.8
2019-01-22 19:45:00,7321.1
2019-01-22 20:00:00,7276.3
2019-01-22 20:15:00,7240.1
2019-01-22 20:30:00,7211.2
2019-01-22 20:45:00,7178.7
2019-01-22 21:00:00,7155.8
2019-01-22 21:15:00,7128.0
2019-01-22 21:30:00,7098.6
2019-01-22 21:45:00,7059.7
2019-01-22 22:00:00,7061.0
2019-01-22 22:15:00,7042.5
2019-01-22 22:30:00,7007.8
2019-01-22 22:45:00,6976.0
2019-01-22 23:00:00,6941.7
2019-01-22 23:15:00,6917.6
2019-01-22 23:30:00,6895.1
2019-01-22 23:45:00,6878.7
2019-01-23 00:00:00,6854.9
2019-01-23 00:15:00,6834.2
2019-01-23 00:30:00,6827.4
2019-01-23 00:45:00,6804.4
2019-01-23 01:00:00,6778.5
2019-01-23 01:15:00,6772.8
2019-01-23 01:30:00,6765.3
2019-01-23 01:45:00,6754.2
2019-01-23 02:00:00,6743.3
2019-01-23 02:15:00,6740.2
2019-01-23 02:30:00,6741.2
2019-01-23 02:45:00,6743.1
2019-01-23 03:00:00,6741.1
2019-01-23 03:15:00,6739.2
2019-01-23 03:30:00,6742.5
2019-01-23 03:45:00,6743.3
2019-01-23 04:00:00,6750.9
2019-01-23 04:15:00,6754.7
2019-01-23 04:30:00,6770.7
2019-01-23 04:45:00,6783.7
2019-01-23 05:00:00,6819.8
2019-01-23 05:15:00,6843.1
2019-01-23 05:30:00,6866.5
2019-01-23 05:45:00,6902.7
2019-01-23 06:00:00,6978.2
2019-01-23 06:15:00,7048.0
2019-01-23 06:30:00,7114.6
2019-01-23 06:45:00,7183.8
2019-01-23 07:00:00,7242.6
2019-01-23 07:15:00,7272.9
2019-01-23 07:30:00,7303.0
2019-01-23 07:45:00,7323.5
2019-01-23 08:00:00,7330.2
2019-01-23 08:15:00,7337.3
2019-01-23 08:30:00,7350.7
2019-01-23 08:45:00,7361.5
2019-01-23 09:00:00,7347.6
2019-01-23 09:15:00,7351.6
2019-01-23 09:30:00,7364.9
2019-01-23 09:45:00,7369.4
2019-01-23 10:00:00,7365.6
2019-01-23 10:15:00,7366.5
2019-01-23 10:30:00,7371.4
2019-01-23 10:45:00,7374.2
2019-01-23 11:00:00,7373.1
2019-01-23 11:15:00,7380.1
2019-01-23 11:30:00,7380.1
2019-01-23 11:45:00,7380.9
2019-01-23 12:00:00,7370.5
2019-01-23 12:15:00,7361.0
2019-01-23 12:30:00,7356.7
2019-01-23 12:45:00,7359.2
2019-01-23 13:00:00,7363.4
2019-01-23 13:15:00,7353.1
2019-01-23 13:30:00,7334.7
2019-01-23 13:45:00,7322.7
2019-01-23 14:00:00,7322.5
2019-01-23 14:15:00,7319.5
2019-01-23 14:30:00,7310.8
2019-01-23 14:45:00,7306.1
2019-01-23 15:00:00,7305.9
2019-01-23 15:15:00,7291.3
2019-01-23 15:30:00,7276.3
2019-01-23 15:45:00,7268.3
2019-01-23 16:00:00,7272.6
2019-01-23 16:15:00,7263.0
2019-01-23 16:30:00,7277.3
2019-01-23 16:45:00,7293.5
2019-01-23 17:00:00,7328.8
2019-01-23 17:15:00,7362.6
2019-01-23 17:30:00,7377.4
2019-01-23 17:45:00,7385.6
2019-01-23 18:00:00,7379.4
2019-01-23 18:15:00,7373.6
2019-01-23 18:30:00,7365.9
2019-01-23 18:45:00,7363.4
2019-01-23 19:00:00,7348.8
2019-01-23 19:15:00,7324.0
2019-01-23 19:30:00,7312.9
2019-01-23 19:45:00,7294.1
2019-01-23 20:00:00,7251.5
2019-01-23 20:15:00,7215.2
2019-01-23 20:30:00,7187.5
2019-01-23 20:45:00,7160.4
2019-01-23 21:00:00,7143.0
2019-01-23 21:15:00,7120.3
2019-01-23 21:30:00,7089.6
2019-01-23 21:45:00,7062.1
2019-01-23 22:00:00,7068.8
2019-01-23 22:15:00,7043.2
2019-01-23 22:30:00,7008.8
2019-01-23 22:45:00,6980.9
2019-01-23 23:00:00,6943.0
2019-01-23 23:15:00,6919.0
2019-01-23 23:30:00,6890.0
2019-01-23 23:45:00,6870.1
2019-01-24 00:00:00,6853.1
2019-01-24 00:15:00,6838.4
2019-01-24 00:30:00,6828.4
2019-01-24 00:45:00,6814.2
2019-01-24 01:00:00,6786.2
2019-01-24 01:15:00,6765.1
2019-01-24 01:30:00,6765.0
2019-01-24 01:45:00,6747.6
2019-01-24 02:00:00,6723.3
2019-01-24 02:15:00,6711.2
2019-01-24 02:30:00,6708.6
2019-01-24 02:45:00,6699.3
2019-01-24 03:00:00,6706.5
2019-01-24 03:15:00,6704.0
2019-01-24 03:30:00,6707.7
2019-01-24 03:45:00,6705.0
2019-01-24 04:00:00,6707.4
2019-01-24 04:15:00,6717.6
2019-01-24 04:30:00,6729.5
2019-01-24 04:45:00,6744.3
2019-01-24 05:00:00,6777.3
2019-01-24 05:15:00,6798.1
2019-01-24 05:30:00,6832.5
2019-01-24 05:45:00,6872.3
2019-01-24 06:00:00,6943.2
2019-01-24 06:15:00,6993.7
2019-01-24 06:30:00,7061.0
2019-01-24 06:45:00,7122.9
2019-01-24 07:00:00,7178.4
2019-01-24 07:15:00,7213.1
2019-01-24 07:30:00,7249.5
2019-01-24 07:45:00,7256.4
2019-01-24 08:00:00,7297.4
2019-01-24 08:15:00,7301.7
2019-01-24 08:30:00,7311.1
2019-01-24 08:45:00,7316.7
2019-01-24 09:00:00,7308.1
2019-01-24 09:15:00,7325.8
2019-01-24 09:30:00,7331.1
2019-01-24 09:45:00,7343.4
2019-01-24 10:00:00,7343.8
2019-01-24 10:15:00,7351.4
2019-01-24 10:30:00,7365.4
2019-01-24 10:45:00,7368.7
2019-01-24 11:00:00,7370.1
2019-01-24 11:15:00,7370.6
2019-01-24 11:30:00,7377.8
2019-01-24 11:45:00,7366.2
2019-01-24 12:00:00,7355.8
2019-01-24 12:15:00,7347.3
2019-01-24 12:30:00,7348.1
2019-01-24 12:45:00,7345.3
2019-01-24 13:00:00,7357.8
2019-01-24 13:15:00,7347.3
2019-01-24 13:30:00,7336.8
2019-01-24 13:45:00,7316.5
2019-01-24 14:00:00,7315.6
2019-01-24 14:15:00,7310.1
2019-01-24 14:30:00,7316.5
2019-01-24 14:45:00,7306.6
2019-01-24 15:00:00,7312.5
2019-01-24 15:15:00,7299.3
2019-01-24 15:30:00,7294.7
2019-01-24 15:45:00,7285.2
2019-01-24 16:00:00,7280.3
2019-01-24 16:15:00,7275.4
2019-01-24 16:30:00,7284.8
2019-01-24 16:45:00,7299.6
2019-01-24 17:00:00,7324.5
2019-01-24 17:15:00,7360.5
2019-01-24 17:30:00,7384.5
2019-01-24 17:45:00,7383.1
2019-01-24 18:00:00,7366.3
2019-01-24 18:15:00,7361.6
2019-01-24 18:30:00,7347.8
2019-01-24 18:45:00,7318.8
2019-01-24 19:00:00,7332.4
2019-01-24 19:15:00,7286.5
2019-01-24 19:30:00,7269.2
2019-01-24 19:45:00,7246.1
2019-01-24 20:00:00,7229.9
2019-01-24 20:15:00,7190.9
2019-01-24 20:30:00,7129.4
2019-01-24 20:45:00,7099.5
2019-01-24 21:00:00,7102.4
2019-01-24 21:15:00,7078.2
2019-01-24 21:30:00,7050.8
2019-01-24 21:45:00,7022.3
2019-01-24 22:00:00,7022.8
2019-01-24 22:15:00,6995.9
2019-01-24 22:30:00,6959.6
2019-01-24 22:45:00,6935.5
2019-01-24 23:00:00,6897.9
2019-01-24 23:15:00,6868.5
2019-01-24 23:30:00,6851.1
2019-01-24 23:45:00,6827.7
2019-01-25 00:00:00,6806.2
2019-01-25 00:15:00,6790.8
2019-01-25 00:30:00,6785.6
2019-01-25 00:45:00,6765.9
2019-01-25 01:00:00,6750.0
2019-01-25 01:15:00,6736.3
2019-01-25 01:30:00,6729.5
2019-01-25 01:45:00,6711.1
2019-01-25 02:00:00,6707.4
2019-01-25 02:15:00,6709.7
2019-01-25 02:30:00,6702.5
2019-01-25 02:45:00,6699.7
2019-01-25 03:00:00,6695.8
2019-01-25 03:15:00,6692.4
2019-01-25 03:30:00,6693.4
2019-01-25 03:45:00,6701.2
2019-01-25 04:00:00,6710.7
2019-01-25 04:15:00,6723.4
2019-01-25 04:30:00,6736.3
2019-01-25 04:45:00,6734.0
2019-01-25 05:00:00,6768.9
2019-01-25 05:15:00,6787.9
2019-01-25 05:30:00,6822.0
2019-01-25 05:45:00,6865.9
2019-01-25 06:00:00,6940.7
2019-01-25 06:15:00,7015.2
2019-01-25 06:30:00,7074.3
2019-01-25 06:45:00,7131.0
2019-01-25 07:00:00,7190.8
2019-01-25 07:15:00,7238.2
2019-01-25 07:30:00,7271.1
2019-01-25 07:45:00,7293.2
2019-01-25 08:00:00,7314.1
2019-01-25 08:15:00,7325.8
2019-01-25 08:30:00,7329.8
2019-01-25 08:45:00,7334.2
2019-01-25 09:00:00,7332.8
2019-01-25 09:15:00,7338.9
2019-01-25 09:30:00,7348.9
2019-01-25 09:45:00,7346.4
2019-01-25 10:00:00,7345.2
2019-01-25 10:15:00,7350.3
2019-01-25 10:30:00,7360.1
2019-01-25 10:45:00,7358.2
2019-01-25 11:00:00,7357.7
2019-01-25 11:15:00,7363.9
2019-01-25 11:30:00,7364.7
2019-01-25 11:45:00,7355.4
2019-01-25 12:00:00,7346.0
2019-01-25 12:15:00,7337.2
2019-01-25 12:30:00,7327.9
2019-01-25 12:45:00,7320.0
2019-01-25 13:00:00,7310.4
2019-01-25 13:15:00,7296.0
2019-01-25 13:30:00,7283.9
2019-01-25 13:45:00,7259.0
2019-01-25 14:00:00,7256.1
2019-01-25 14:15:00,7257.6
2019-01-25 14:30:00,7231.2
2019-01-25 14:45:00,7221.1
2019-01-25 15:00:00,7230.8
2019-01-25 15:15:00,7205.1
2019-01-25 15:30:00,7199.5
2019-01-25 15:45:00,7190.4
2019-01-25 16:00:00,7193.0
2019-01-25 16:15:00,7195.2
2019-01-25 16:30:00,7209.7
2019-01-25 16:45:00,7226.2
2019-01-25 17:00:00,7276.8
2019-01-25 17:15:00,7308.5
2019-01-25 17:30:00,7325.9
2019-01-25 17:45:00,7320.3
2019-01-25 18:00:00,7328.6
2019-01-25 18:15:00,7317.5
2019-01-25 18:30:00,7312.4
2019-01-25 18:45:00,7305.8
2019-01-25 19:00:00,7305.2
2019-01-25 19:15:00,7274.3
2019-01-25 19:30:00,7256.2
2019-01-25 19:45:00,7231.9
2019-01-25 20:00:00,7184.4
2019-01-25 20:15:00,7156.6
2019-01-25 20:30:00,7124.7
2019-01-25 20:45:00,7102.8
2019-01-25 21:00:00,7083.7
2019-01-25 21:15:00,7064.3
2019-01-25 21:30:00,7038.8
2019-01-25 21:45:00,7019.8
2019-01-25 22:00:00,7026.1
2019-01-25 22:15:00,7009.5
2019-01-25 22:30:00,6975.0
2019-01-25 22:45:00,6954.9
2019-01-25 23:00:00,6911.6
2019-01-25 23:15:00,6893.8
2019-01-25 23:30:00,6871.3
2019-01-25 23:45:00,6848.9
2019-01-26 00:00:00,6823.9
2019-01-26 00:15:00,6795.4
2019-01-26 00:30:00,6781.1
2019-01-26 00:45:00,6755.5
2019-01-26 01:00:00,6726.9
2019-01-26 01:15:00,6709.2
2019-01-26 01:30:00,6703.3
2019-01-26 01:45:00,6690.0
2019-01-26 02:00:00,6667.1
2019-01-26 02:15:00,6660.1
2019-01-26 02:30:00,6648.9
2019-01-26 02:45:00,6647.4
2019-01-26 03:00:00,6641.3
2019-01-26 03:15:00,6631.9
2019-01-26 03:30:00,6628.0
2019-01-26 03:45:00,6619.9
2019-01-26 04:00:00,6623.9
2019-01-26 04:15:00,6616.4
2019-01-26 04:30:00,6622.1
2019-01-26 04:45:00,6622.6
2019-01-26 05:00:00,6631.1
2019-01-26 05:15:00,6616.9
2019-01-26 05:30:00,6598.8
2019-01-26 05:45:00,6590.3
2019-01-26 06:00:00,6614.4
2019-01-26 06:15:00,6620.3
2019-01-26 06:30:00,6640.5
2019-01-26 06:45:00,6648.9
2019-01-26 07:00:00,6700.2
2019-01-26 07:15:00,6720.8
2019-01-26 07:30:00,6734.2
2019-01-26 07:45:00,6760.2
2019-01-26 08:00:00,6816.7
2019-01-26 08:15:00,6835.3
2019-01-26 08:30:00,6858.9
2019-01-26 08:45:00,6878.4
2019-01-26 09:00:00,6913.9
2019-01-26 09:15:00,6933.7
2019-01-26 09:30:00,6960.9
2019-01-26 09:45:00,6984.6
2019-01-26 10:00:00,6992.9
2019-01-26 10:15:00,7008.1
2019-01-26 10:30:00,7012.0
2019-01-26 10:45:00,7020.0
2019-01-26 11:00:00,7021.3
2019-01-26 11:15:00,7023.6
2019-01-26 11:30:00,7038.6
2019-01-26 11:45:00,7031.0
2019-01-26 12:00:00,7021.5
2019-01-26 12:15:00,7017.4
2019-01-26 12:30:00,7011.0
2019-01-26 12:45:00,6989.3
2019-01-26 13:00:00,6970.2
2019-01-26 13:15:00,6946.0
2019-01-26 13:30:00,6943.4
2019-01-26 13:45:00,6923.0
2019-01-26 14:00:00,6913.6
2019-01-26 14:15:00,6904.2
2019-01-26 14:30:00,6904.0
2019-01-26 14:45:00,6899.4
2019-01-26 15:00:00,6889.5
2019-01-26 15:15:00,6888.6
2019-01-26 15:30:00,6879.2
2019-01-26 15:45:00,6873.7
2019-01-26 16:00:00,6865.2
2019-01-26 16:15:00,6881.3
2019-01-26 16:30:00,6887.3
2019-01-26 16:45:00,6905.0
2019-01-26 17:00:00,6943.7
2019-01-26 17:15:00,6975.3
2019-01-26 17:30:00,7000.7
2019-01-26 17:45:00,7008.8
2019-01-26 18:00:00,7018.5
2019-01-26 18:15:00,7009.0
2019-01-26 18:30:00,6988.0
2019-01-26 18:45:00,6977.2
2019-01-26 19:00:00,6973.9
2019-01-26 19:15:00,6950.9
2019-01-26 19:30:00,6912.2
2019-01-26 19:45:00,6885.5
2019-01-26 20:00:00,6848.3
2019-01-26 20:15:00,6815.1
2019-01-26 20:30:00,6785.5
2019-01-26 20:45:00,6771.1
2019-01-26 21:00:00,6754.1
2019-01-26 21:15:00,6748.7
2019-01-26 21:30:00,6744.0
2019-01-26 21:45:00,6734.6
2019-01-26 22:00:00,6753.4
2019-01-26 22:15:00,6730.7
2019-01-26 22:30:00,6710.3
2019-01-26 22:45:00,6689.1
2019-01-26 23:00:00,6652.6
2019-01-26 23:15:00,6629.2
2019-01-26 23:30:00,6617.7
2019-01-26 23:45:00,6603.5
2019-01-27 00:00:00,6570.0
2019-01-27 00:15:00,6546.2
2019-01-27 00:30:00,6538.7
2019-01-27 00:45:00,6520.8
2019-01-27 01:00:00,6498.7
2019-01-27 01:15:00,6482.1
2019-01-27 01:30:00,6471.8
2019-01-27 01:45:00,6462.2
2019-01-27 02:00:00,6442.6
2019-01-27 02:15:00,6430.7
2019-01-27 02:30:00,6433.6
2019-01-27 02:45:00,6429.4
2019-01-27 03:00:00,6427.0
2019-01-27 03:15:00,6422.8
2019-01-27 03:30:00,6419.8
2019-01-27 03:45:00,6422.3
2019-01-27 04:00:00,6422.5
2019-01-27 04:15:00,6417.7
2019-01-27 04:30:00,6422.4
2019-01-27 04:45:00,6415.8
2019-01-27 05:00:00,6414.8
2019-01-27 05:15:00,6409.5
2019-01-27 05:30:00,6401.0
2019-01-27 05:45:00,6391.4
2019-01-27 06:00:00,6377.5
2019-01-27 06:15:00,6373.4
2019-01-27 06:30:00,6377.3
2019-01-27 06:45:00,6385.0
2019-01-27 07:00:00,6417.6
2019-01-27 07:15:00,6438.3
2019-01-27 07:30:00,6457.6
2019-01-27 07:45:00,6487.5
2019-01-27 08:00:00,6503.6
2019-01-27 08:15:00,6524.0
2019-01-27 08:30:00,6542.3
2019-01-27 08:45:00,6568.3
2019-01-27 09:00:00,6613.8
2019-01-27 09:15:00,6633.2
2019-01-27 09:30:00,6662.8
2019-01-27 09:45:00,6676.5
2019-01-27 10:00:00,6708.7
2019-01-27 10:15:00,6713.8
2019-01-27 10:30:00,6735.8
2019-01-27 10:45:00,6750.1
2019-01-27 11:00:00,6791.6
2019-01-27 11:15:00,6809.9
2019-01-27 11:30:00,6827.3
2019-01-27 11:45:00,6824.1
2019-01-27 12:00:00,6826.5
2019-01-27 12:15:00,6815.5
2019-01-27 12:30:00,6804.3
2019-01-27 12:45:00,6786.1
2019-01-27 13:00:00,6757.2
2019-01-27 13:15:00,6743.0
2019-01-27 13:30:00,6725.5
2019-01-27 13:45:00,6706.8
2019-01-27 14:00:00,6698.3
2019-01-27 14:15:00,6684.5
2019-01-27 14:30:00,6689.5
2019-01-27 14:45:00,6677.3
2019-01-27 15:00:00,6678.2
2019-01-27 15:15:00,6671.4
2019-01-27 15:30:00,6659.4
2019-01-27 15:45:00,6652.6
2019-01-27 16:00:00,6663.7
2019-01-27 16:15:00,6679.1
2019-01-27 16:30:00,6686.3
2019-01-27 16:45:00,6709.6
2019-01-27 17:00:00,6762.3
2019-01-27 17:15:00,6799.2
2019-01-27 17:30:00,6834.5
2019-01-27 17:45:00,6850.8
2019-01-27 18:00:00,6865.8
2019-01-27 18:15:00,6868.0
2019-01-27 18:30:00,6870.8
2019-01-27 18:45:00,6865.6
2019-01-27 19:00:00,6870.3
2019-01-27 19:15:00,6853.0
2019-01-27 19:30:00,6842.9
2019-01-27 19:45:00,6822.6
2019-01-27 20:00:00,6812.9
2019-01-27 20:15:00,6790.3
2019-01-27 20:30:00,6762.6
2019-01-27 20:45:00,6738.4
2019-01-27 21:00:00,6737.5
2019-01-27 21:15:00,6734.9
2019-01-27 21:30:00,6728.3
2019-01-27 21:45:00,6726.5
2019-01-27 22:00:00,6756.2
2019-01-27 22:15:00,6743.3
2019-01-27 22:30:00,6721.7
2019-01-27 22:45:00,6705.3
2019-01-27 23:00:00,6672.2
2019-01-27 23:15:00,6646.1
2019-01-27 23:30:00,6620.1
2019-01-27 23:45:00,6603.0
2019-01-28 00:00:00,6587.9
2019-01-28 00:15:00,6566.9
2019-01-28 00:30:00,6546.7
2019-01-28 00:45:00,6541.8
2019-01-28 01:00:00,6522.7
2019-01-28 01:15:00,6507.2
2019-01-28 01:30:00,6503.4
2019-01-28 01:45:00,6494.9
2019-01-28 02:00:00,6491.4
2019-01-28 02:15:00,6490.9
2019-01-28 02:30:00,6491.3
2019-01-28 02:45:00,6493.6
2019-01-28 03:00:00,6497.6
2019-01-28 03:15:00,6498.8
2019-01-28 03:30:00,6509.7
2019-01-28 03:45:00,6515.3
2019-01-28 04:00:00,6535.7
2019-01-28 04:15:00,6548.0
2019-01-28 04:30:00,6570.5
2019-01-28 04:45:00,6584.0
2019-01-28 05:00:00,6620.3
2019-01-28 05:15:00,6646.6
2019-01-28 05:30:00,6685.3
2019-01-28 05:45:00,6743.1
2019-01-28 06:00:00,6837.7
2019-01-28 06:15:00,6918.3
2019-01-28 06:30:00,7000.8
2019-01-28 06:45:00,7071.4
2019-01-28 07:00:00,7127.8
2019-01-28 07:15:00,7175.6
2019-01-28 07:30:00,7204.1
2019-01-28 07:45:00,7229.7
2019-01-28 08:00:00,7255.8
2019-01-28 08:15:00,7268.4
2019-01-28 08:30:00,7273.3
2019-01-28 08:45:00,7262.3
2019-01-28 09:00:00,7278.9
2019-01-28 09:15:00,7272.8
2019-01-28 09:30:00,7285.9
2019-01-28 09:45:00,7301.1
2019-01-28 10:00:00,7312.0
2019-01-28 10:15:00,7323.4
2019-01-28 10:30:00,7327.5
2019-01-28 10:45:00,7338.4
2019-01-28 11:00:00,7332.1
2019-01-28 11:15:00,7340.3
2019-01-28 11:30:00,7348.5
2019-01-28 11:45:00,7348.7
2019-01-28 12:00:00,7340.0
2019-01-28 12:15:00,7335.9
2019-01-28 12:30:00,7345.2
2019-01-28 12:45:00,7350.4
2019-01-28 13:00:00,7346.9
2019-01-28 13:15:00,7344.7
2019-01-28 13:30:00,7338.5
2019-01-28 13:45:00,7319.0
2019-01-28 14:00:00,7308.9
2019-01-28 14:15:00,7318.3
2019-01-28 14:30:00,7308.9
2019-01-28 14:45:00,7311.4
2019-01-28 15:00:00,7304.8
2019-01-28 15:15:00,7296.1
2019-01-28 15:30:00,7287.5
2019-01-28 15:45:00,7280.0
2019-01-28 16:00:00,7274.2
2019-01-28 16:15:00,7269.1
2019-01-28 16:30:00,7272.9
2019-01-28 16:45:00,7283.8
2019-01-28 17:00:00,7309.0
2019-01-28 17:15:00,7336.8
2019-01-28 17:30:00,7360.2
2019-01-28 17:45:00,7368.7
2019-01-28 18:00:00,7353.0
2019-01-28 18:15:00,7341.4
2019-01-28 18:30:00,7337.6
2019-01-28 18:45:00,7313.6
2019-01-28 19:00:00,7308.9
2019-01-28 19:15:00,7274.2
2019-01-28 19:30:00,7254.8
2019-01-28 19:45:00,7244.3
2019-01-28 20:00:00,7203.2
2019-01-28 20:15:00,7163.2
2019-01-28 20:30:00,7125.4
2019-01-28 20:45:00,7102.4
2019-01-28 21:00:00,7071.6
2019-01-28 21:15:00,7051.3
2019-01-28 21:30:00,7026.0
2019-01-28 21:45:00,7003.6
2019-01-28 22:00:00,7002.6
2019-01-28 22:15:00,6975.8
2019-01-28 22:30:00,6940.2
2019-01-28 22:45:00,6892.4
2019-01-28 23:00:00,6863.9
2019-01-28 23:15:00,6841.0
2019-01-28 23:30:00,6819.0
2019-01-28 23:45:00,6767.0
2019-01-29 00:00:00,6760.7
2019-01-29 00:15:00,6730.5
2019-01-29 00:30:00,6717.3
2019-01-29 00:45:00,6701.7
2019-01-29 01:00:00,6680.5
2019-01-29 01:15:00,6675.1
2019-01-29 01:30:00,6668.5
2019-01-29 01:45:00,6658.8
2019-01-29 02:00:00,6640.9
2019-01-29 02:15:00,6635.5
2019-01-29 02:30:00,6638.4
2019-01-29 02:45:00,6645.4
2019-01-29 03:00:00,6651.7
2019-01-29 03:15:00,6649.6
2019-01-29 03:30:00,6649.1
2019-01-29 03:45:00,6656.9
2019-01-29 04:00:00,6667.6
2019-01-29 04:15:00,6684.4
2019-01-29 04:30:00,6699.4
2019-01-29 04:45:00,6719.4
2019-01-29 05:00:00,6767.9
2019-01-29 05:15:00,6781.7
2019-01-29 05:30:00,6818.3
2019-01-29 05:45:00,6866.3
2019-01-29 06:00:00,6951.4
2019-01-29 06:15:00,7028.3
2019-01-29 06:30:00,7084.6
2019-01-29 06:45:00,7130.9
2019-01-29 07:00:00,7192.8
2019-01-29 07:15:00,7231.7
2019-01-29 07:30:00,7259.8
2019-01-29 07:45:00,7273.4
2019-01-29 08:00:00,7298.1
2019-01-29 08:15:00,7306.4
2019-01-29 08:30:00,7303.8
2019-01-29 08:45:00,7307.5
2019-01-29 09:00:00,7304.3
2019-01-29 09:15:00,7312.0
2019-01-29 09:30:00,7316.0
2019-01-29 09:45:00,7316.5
2019-01-29 10:00:00,7302.1
2019-01-29 10:15:00,7308.2
2019-01-29 10:30:00,7315.6
2019-01-29 10:45:00,7310.9
2019-01-29 11:00:00,7315.5
2019-01-29 11:15:00,7316.2
2019-01-29 11:30:00,7301.6
2019-01-29 11:45:00,7287.8
2019-01-29 12:00:00,7294.4
2019-01-29 12:15:00,7283.9
2019-01-29 12:30:00,7287.8
2019-01-29 12:45:00,7281.3
2019-01-29 13:00:00,7281.8
2019-01-29 13:15:00,7279.0
2019-01-29 13:30:00,7271.4
2019-01-29 13:45:00,7251.9
2019-01-29 14:00:00,7247.8
2019-01-29 14:15:00,7244.7
2019-01-29 14:30:00,7242.8
2019-01-29 14:45:00,7212.6
2019-01-29 15:00:00,7240.8
2019-01-29 15:15:00,7223.2
2019-01-29 15:30:00,7211.7
2019-01-29 15:45:00,7201.9
2019-01-29 16:00:00,7188.9
2019-01-29 16:15:00,7181.4
2019-01-29 16:30:00,7184.5
2019-01-29 16:45:00,7202.8
2019-01-29 17:00:00,7232.1
2019-01-29 17:15:00,7251.0
2019-01-29 17:30:00,7291.3
2019-01-29 17:45:00,7313.7
2019-01-29 18:00:00,7313.8
2019-01-29 18:15:00,7306.4
2019-01-29 18:30:00,7298.7
2019-01-29 18:45:00,7297.7
2019-01-29 19:00:00,7280.3
2019-01-29 19:15:00,7254.7
2019-01-29 19:30:00,7235.3
2019-01-29 19:45:00,7218.5
2019-01-29 20:00:00,7190.2
2019-01-29 20:15:00,7148.7
2019-01-29 20:30:00,7120.6
2019-01-29 20:45:00,7091.1
2019-01-29 21:00:00,7055.4
2019-01-29 21:15:00,7039.5
2019-01-29 21:30:00,7002.6
2019-01-29 21:45:00,6982.6
2019-01-29 22:00:00,6984.7
2019-01-29 22:15:00,6964.3
2019-01-29 22:30:00,6921.9
2019-01-29 22:45:00,6898.6
2019-01-29 23:00:00,6860.1
2019-01-29 23:15:00,6826.9
2019-01-29 23:30:00,6798.9
2019-01-29 23:45:00,6779.5
2019-01-30 00:00:00,6782.7
2019-01-30 00:15:00,6762.6
2019-01-30 00:30:00,6747.5
2019-01-30 00:45:00,6729.4
2019-01-30 01:00:00,6724.2
2019-01-30 01:15:00,6708.0
2019-01-30 01:30:00,6700.4
2019-01-30 01:45:00,6671.6
2019-01-30 02:00:00,6658.3
2019-01-30 02:15:00,6657.2
2019-01-30 02:30:00,6658.0
2019-01-30 02:45:00,6656.6
2019-01-30 03:00:00,6671.7
2019-01-30 03:15:00,6649.4
2019-01-30 03:30:00,6659.0
2019-01-30 03:45:00,6667.0
2019-01-30 04:00:00,6675.1
2019-01-30 04:15:00,6682.5
2019-01-30 04:30:00,6699.5
2019-01-30 04:45:00,6712.2
2019-01-30 05:00:00,6759.0
2019-01-30 05:15:00,6790.9
2019-01-30 05:30:00,6822.8
2019-01-30 05:45:00,6854.4
2019-01-30 06:00:00,6921.5
2019-01-30 06:15:00,7027.1
2019-01-30 06:30:00,7081.9
2019-01-30 06:45:00,7122.6
2019-01-30 07:00:00,7175.8
2019-01-30 07:15:00,7201.4
2019-01-30 07:30:00,7221.1
2019-01-30 07:45:00,7239.6
2019-01-30 08:00:00,7256.7
2019-01-30 08:15:00,7257.4
2019-01-30 08:30:00,7259.7
2019-01-30 08:45:00,7265.9
2019-01-30 09:00:00,7259.2
2019-01-30 09:15:00,7257.5
2019-01-30 09:30:00,7259.5
2019-01-30 09:45:00,7259.0
2019-01-30 10:00:00,7312.2
2019-01-30 10:15:00,7315.3
2019-01-30 10:30:00,7324.6
2019-01-30 10:45:00,7327.5
2019-01-30 11:00:00,7337.5
2019-01-30 11:15:00,7346.2
2019-01-30 11:30:00,7350.6
2019-01-30 11:45:00,7339.2
2019-01-30 12:00:00,7331.9
2019-01-30 12:15:00,7329.5
2019-01-30 12:30:00,7327.3
2019-01-30 12:45:00,7329.2
2019-01-30 13:00:00,7340.5
2019-01-30 13:15:00,7330.3
2019-01-30 13:30:00,7321.6
2019-01-30 13:45:00,7301.1
2019-01-30 14:00:00,7295.1
2019-01-30 14:15:00,7296.7
2019-01-30 14:30:00,7283.3
2019-01-30 14:45:00,7267.8
2019-01-30 15:00:00,7265.5
2019-01-30 15:15:00,7252.8
2019-01-30 15:30:00,7249.1
2019-01-30 15:45:00,7229.7
2019-01-30 16:00:00,7223.0
2019-01-30 16:15:00,7220.5
2019-01-30 16:30:00,7229.4
2019-01-30 16:45:00,7237.5
2019-01-30 17:00:00,7263.3
2019-01-30 17:15:00,7298.3
2019-01-30 17:30:00,7327.9
2019-01-30 17:45:00,7343.7
2019-01-30 18:00:00,7334.9
2019-01-30 18:15:00,7324.5
2019-01-30 18:30:00,7319.9
2019-01-30 18:45:00,7308.1
2019-01-30 19:00:00,7302.3
2019-01-30 19:15:00,7278.7
2019-01-30 19:30:00,7257.6
2019-01-30 19:45:00,7236.1
2019-01-30 20:00:00,7202.3
2019-01-30 20:15:00,7160.2
2019-01-30 20:30:00,7132.5
2019-01-30 20:45:00,7105.1
2019-01-30 21:00:00,7079.0
2019-01-30 21:15:00,7058.2
2019-01-30 21:30:00,7024.3
2019-01-30 21:45:00,7006.3
2019-01-30 22:00:00,7002.4
2019-01-30 22:15:00,6983.0
2019-01-30 22:30:00,6948.2
2019-01-30 22:45:00,6923.2
2019-01-30 23:00:00,6881.3
2019-01-30 23:15:00,6852.5
2019-01-30 23:30:00,6820.7
2019-01-30 23:45:00,6799.3
2019-01-31 00:00:00,6765.1
2019-01-31 00:15:00,6754.6
2019-01-31 00:30:00,6745.2
2019-01-31 00:45:00,6725.0
2019-01-31 01:00:00,6703.0
2019-01-31 01:15:00,6694.6
2019-01-31 01:30:00,6685.5
2019-01-31 01:45:00,6670.0
2019-01-31 02:00:00,6661.9
2019-01-31 02:15:00,6651.5
2019-01-31 02:30:00,6656.8
2019-01-31 02:45:00,6653.9
2019-01-31 03:00:00,6652.2
2019-01-31 03:15:00,6653.1
2019-01-31 03:30:00,6656.9
2019-01-31 03:45:00,6662.2
2019-01-31 04:00:00,6677.9
2019-01-31 04:15:00,6679.3
2019-01-31 04:30:00,6695.7
2019-01-31 04:45:00,6717.6
2019-01-31 05:00:00,6753.6
2019-01-31 05:15:00,6767.5
2019-01-31 05:30:00,6795.5
2019-01-31 05:45:00,6830.7
2019-01-31 06:00:00,6900.0
2019-01-31 06:15:00,6975.1
2019-01-31 06:30:00,7029.0
2019-01-31 06:45:00,7080.5
2019-01-31 07:00:00,7141.9
2019-01-31 07:15:00,7174.7
2019-01-31 07:30:00,7204.9
2019-01-31 07:45:00,7227.8
2019-01-31 08:00:00,7242.6
2019-01-31 08:15:00,7245.7
2019-01-31 08:30:00,7246.7
2019-01-31 08:45:00,7244.8
2019-01-31 09:00:00,7239.2
2019-01-31 09:15:00,7240.1
2019-01-31 09:30:00,7249.7
2019-01-31 09:45:00,7262.5
2019-01-31 10:00:00,7270.3
2019-01-31 10:15:00,7270.3
2019-01-31 10:30:00,7271.9
2019-01-31 10:45:00,7275.8
2019-01-31 11:00:00,7277.3
2019-01-31 11:15:00,7284.1
2019-01-31 11:30:00,7281.9
2019-01-31 11:45:00,7268.8
2019-01-31 12:00:00,7254.7
2019-01-31 12:15:00,7243.9
2019-01-31 12:30:00,7242.5
2019-01-31 12:45:00,7243.3
2019-01-31 13:00:00,7246.4
2019-01-31 13:15:00,7237.7
2019-01-31 13:30:00,7221.0
2019-01-31 13:45:00,7195.3
2019-01-31 14:00:00,7199.3
2019-01-31 14:15:00,7191.5
2019-01-31 14:30:00,7184.0
2019-01-31 14:45:00,7176.1
2019-01-31 15:00:00,7185.5
2019-01-31 15:15:00,7173.8
2019-01-31 15:30:00,7167.5
2019-01-31 15:45:00,7147.5
2019-01-31 16:00:00,7153.4
2019-01-31 16:15:00,7156.7
2019-01-31 16:30:00,7160.0
2019-01-31 16:45:00,7175.4
2019-01-31 17:00:00,7206.3
2019-01-31 17:15:00,7245.7
2019-01-31 17:30:00,7285.6
2019-01-31 17:45:00,7302.5
2019-01-31 18:00:00,7293.2
2019-01-31 18:15:00,7286.7
2019-01-31 18:30:00,7287.5
2019-01-31 18:45:00,7276.3
2019-01-31 19:00:00,7262.2
2019-01-31 19:15:00,7250.5
2019-01-31 19:30:00,7230.0
2019-01-31 19:45:00,7219.4
2019-01-31 20:00:00,7175.9
2019-01-31 20:15:00,7148.0
2019-01-31 20:30:00,7119.7
2019-01-31 20:45:00,7094.0
2019-01-31 21:00:00,7069.3
2019-01-31 21:15:00,7046.6
2019-01-31 21:30:00,7022.9
2019-01-31 21:45:00,7003.0
2019-01-31 22:00:00,7000.7
2019-01-31 22:15:00,6988.6
2019-01-31 22:30:00,6960.3
2019-01-31 22:45:00,6931.2
2019-01-31 23:00:00,6900.8
2019-01-31 23:15:00,6871.2
2019-01-31 23:30:00,6842.6
2019-01-31 23:45:00,6810.3
2019-02-01 00:00:00,6788.5
2019-02-01 00:15:00,6772.8
2019-02-01 00:30:00,6776.4
2019-02-01 00:45:00,6754.4
2019-02-01 01:00:00,6730.5
2019-02-01 01:15:00,6718.2
2019-02-01 01:30:00,6711.9
2019-02-01 01:45:00,6710.2
2019-02-01 02:00:00,6702.7
2019-02-01 02:15:00,6698.8
2019-02-01 02:30:00,6695.3
2019-02-01 02:45:00,6700.7
2019-02-01 03:00:00,6695.8
2019-02-01 03:15:00,6696.0
2019-02-01 03:30:00,6703.2
2019-02-01 03:45:00,6710.6
2019-02-01 04:00:00,6718.5
2019-02-01 04:15:00,6715.0
2019-02-01 04:30:00,6734.2
2019-02-01 04:45:00,6746.7
2019-02-01 05:00:00,6788.9
2019-02-01 05:15:00,6813.3
2019-02-01 05:30:00,6836.7
2019-02-01 05:45:00,6880.3
2019-02-01 06:00:00,6957.3
2019-02-01 06:15:00,7022.7
2019-02-01 06:30:00,7068.2
2019-02-01 06:45:00,7124.5
2019-02-01 07:00:00,7182.0
2019-02-01 07:15:00,7224.1
2019-02-01 07:30:00,7247.2
2019-02-01 07:45:00,7267.2
2019-02-01 08:00:00,7275.6
2019-02-01 08:15:00,7286.5
2019-02-01 08:30:00,7300.9
2019-02-01 08:45:00,7305.7
2019-02-01 09:00:00,7293.9
2019-02-01 09:15:00,7311.4
2019-02-01 09:30:00,7325.5
2019-02-01 09:45:00,7328.7
2019-02-01 10:00:00,7324.0
2019-02-01 10:15:00,7327.0
2019-02-01 10:30:00,7336.1
2019-02-01 10:45:00,7344.2
2019-02-01 11:00:00,7337.3
2019-02-01 11:15:00,7343.1
2019-02-01 11:30:00,7340.3
2019-02-01 11:45:00,7332.1
2019-02-01 12:00:00,7320.9
2019-02-01 12:15:00,7308.4
2019-02-01 12:30:00,7300.1
2019-02-01 12:45:00,7290.8
2019-02-01 13:00:00,7283.7
2019-02-01 13:15:00,7262.8
2019-02-01 13:30:00,7243.0
2019-02-01 13:45:00,7216.9
2019-02-01 14:00:00,7206.1
2019-02-01 14:15:00,7196.0
2019-02-01 14:30:00,7188.0
2019-02-01 14:45:00,7176.1
2019-02-01 15:00:00,7174.5
2019-02-01 15:15:00,7166.9
2019-02-01 15:30:00,7150.8
2019-02-01 15:45:00,7137.4
2019-02-01 16:00:00,7132.3
2019-02-01 16:15:00,7136.2
2019-02-01 16:30:00,7146.0
2019-02-01 16:45:00,7153.9
2019-02-01 17:00:00,7166.1
2019-02-01 17:15:00,7201.2
2019-02-01 17:30:00,7243.8
2019-02-01 17:45:00,7259.9
2019-02-01 18:00:00,7251.1
2019-02-01 18:15:00,7248.0
2019-02-01 18:30:00,7235.4
2019-02-01 18:45:00,7216.8
2019-02-01 19:00:00,7213.9
2019-02-01 19:15:00,7191.6
2019-02-01 19:30:00,7164.7
2019-02-01 19:45:00,7139.0
2019-02-01 20:00:00,7106.3
2019-02-01 20:15:00,7068.5
2019-02-01 20:30:00,7028.3
2019-02-01 20:45:00,6998.5
2019-02-01 21:00:00,6961.4
2019-02-01 21:15:00,6933.2
2019-02-01 21:30:00,6910.2
2019-02-01 21:45:00,6892.5
2019-02-01 22:00:00,6897.9
2019-02-01 22:15:00,6872.0
2019-02-01 22:30:00,6835.4
2019-02-01 22:45:00,6814.1
2019-02-01 23:00:00,6779.1
2019-02-01 23:15:00,6743.1
2019-02-01 23:30:00,6715.8
2019-02-01 23:45:00,6689.1
2019-02-02 00:00:00,6682.0
2019-02-02 00:15:00,6657.1
2019-02-02 00:30:00,6643.3
2019-02-02 00:45:00,6624.4
2019-02-02 01:00:00,6609.5
2019-02-02 01:15:00,6591.6
2019-02-02 01:30:00,6583.6
2019-02-02 01:45:00,6571.4
2019-02-02 02:00:00,6550.8
2019-02-02 02:15:00,6538.3
2019-02-02 02:30:00,6532.2
2019-02-02 02:45:00,6533.1
2019-02-02 03:00:00,6535.0
2019-02-02 03:15:00,6533.1
2019-02-02 03:30:00,6536.3
2019-02-02 03:45:00,6532.7
2019-02-02 04:00:00,6533.2
2019-02-02 04:15:00,6531.6
2019-02-02 04:30:00,6531.6
2019-02-02 04:45:00,6532.2
2019-02-02 05:00:00,6537.3
2019-02-02 05:15:00,6533.2
2019-02-02 05:30:00,6534.4
2019-02-02 05:45:00,6530.4
2019-02-02 06:00:00,6535.5
2019-02-02 06:15:00,6546.6
2019-02-02 06:30:00,6565.3
2019-02-02 06:45:00,6580.0
2019-02-02 07:00:00,6612.8
2019-02-02 07:15:00,6643.6
2019-02-02 07:30:00,6671.4
2019-02-02 07:45:00,6700.7
2019-02-02 08:00:00,6735.9
2019-02-02 08:15:00,6756.9
2019-02-02 08:30:00,6786.1
2019-02-02 08:45:00,6809.8
2019-02-02 09:00:00,6845.5
2019-02-02 09:15:00,6856.7
2019-02-02 09:30:00,6879.0
2019-02-02 09:45:00,6893.4
2019-02-02 10:00:00,6909.8
2019-02-02 10:15:00,6915.3
2019-02-02 10:30:00,6924.3
2019-02-02 10:45:00,6932.0
2019-02-02 11:00:00,6940.6
2019-02-02 11:15:00,6943.5
2019-02-02 11:30:00,6951.4
2019-02-02 11:45:00,6951.8
2019-02-02 12:00:00,6937.5
2019-02-02 12:15:00,6931.5
2019-02-02 12:30:00,6914.5
2019-02-02 12:45:00,6891.5
2019-02-02 13:00:00,6877.1
2019-02-02 13:15:00,6860.2
2019-02-02 13:30:00,6849.8
2019-02-02 13:45:00,6836.4
2019-02-02 14:00:00,6834.9
2019-02-02 14:15:00,6836.3
2019-02-02 14:30:00,6826.5
2019-02-02 14:45:00,6814.3
2019-02-02 15:00:00,6815.7
2019-02-02 15:15:00,6808.5
2019-02-02 15:30:00,6805.8
2019-02-02 15:45:00,6794.9
2019-02-02 16:00:00,6793.0
2019-02-02 16:15:00,6802.0
2019-02-02 16:30:00,6814.1
2019-02-02 16:45:00,6827.7
2019-02-02 17:00:00,6852.2
2019-02-02 17:15:00,6892.5
2019-02-02 17:30:00,6932.9
2019-02-02 17:45:00,6955.4
2019-02-02 18:00:00,6967.3
2019-02-02 18:15:00,6964.7
2019-02-02 18:30:00,6958.6
2019-02-02 18:45:00,6950.2
2019-02-02 19:00:00,6926.3
2019-02-02 19:15:00,6903.3
2019-02-02 19:30:00,6882.3
2019-02-02 19:45:00,6863.0
2019-02-02 20:00:00,6826.4
2019-02-02 20:15:00,6783.6
2019-02-02 20:30:00,6764.1
2019-02-02 20:45:00,6744.8
2019-02-02 21:00:00,6730.4
2019-02-02 21:15:00,6704.1
2019-02-02 21:30:00,6690.4
2019-02-02 21:45:00,6684.7
2019-02-02 22:00:00,6710.3
2019-02-02 22:15:00,6695.1
2019-02-02 22:30:00,6670.0
2019-02-02 22:45:00,6658.1
2019-02-02 23:00:00,6635.8
2019-02-02 23:15:00,6619.3
2019-02-02 23:30:00,6603.8
2019-02-02 23:45:00,6593.0
2019-02-03 00:00:00,6563.8
2019-02-03 00:15:00,6541.3
2019-02-03 00:30:00,6523.8
2019-02-03 00:45:00,6512.5
2019-02-03 01:00:00,6490.3
2019-02-03 01:15:00,6482.4
2019-02-03 01:30:00,6462.7
2019-02-03 01:45:00,6452.3
2019-02-03 02:00:00,6436.1
2019-02-03 02:15:00,6423.0
2019-02-03 02:30:00,6420.5
2019-02-03 02:45:00,6423.8
2019-02-03 03:00:00,6405.2
2019-02-03 03:15:00,6394.0
2019-02-03 03:30:00,6398.1
2019-02-03 03:45:00,6406.5
2019-02-03 04:00:00,6412.6
2019-02-03 04:15:00,6407.3
2019-02-03 04:30:00,6410.7
2019-02-03 04:45:00,6413.7
2019-02-03 05:00:00,6414.0
2019-02-03 05:15:00,6400.6
2019-02-03 05:30:00,6401.0
2019-02-03 05:45:00,6388.8
2019-02-03 06:00:00,6380.7
2019-02-03 06:15:00,6379.2
2019-02-03 06:30:00,6389.2
2019-02-03 06:45:00,6404.5
2019-02-03 07:00:00,6418.2
2019-02-03 07:15:00,6426.1
2019-02-03 07:30:00,6437.1
2019-02-03 07:45:00,6456.5
2019-02-03 08:00:00,6496.1
2019-02-03 08:15:00,6531.7
2019-02-03 08:30:00,6564.4
2019-02-03 08:45:00,6592.7
2019-02-03 09:00:00,6636.5
2019-02-03 09:15:00,6660.4
2019-02-03 09:30:00,6678.8
2019-02-03 09:45:00,6692.0
2019-02-03 10:00:00,6721.4
2019-02-03 10:15:00,6740.0
2019-02-03 10:30:00,6756.9
2019-02-03 10:45:00,6766.5
2019-02-03 11:00:00,6782.3
2019-02-03 11:15:00,6808.2
2019-02-03 11:30:00,6817.9
2019-02-03 11:45:00,6813.4
2019-02-03 12:00:00,6811.1
2019-02-03 12:15:00,6810.4
2019-02-03 12:30:00,6799.1
2019-02-03 12:45:00,6776.6
2019-02-03 13:00:00,6769.2
2019-02-03 13:15:00,6746.1
2019-02-03 13:30:00,6732.2
2019-02-03 13:45:00,6716.4
2019-02-03 14:00:00,6705.5
2019-02-03 14:15:00,6705.4
2019-02-03 14:30:00,6702.1
2019-02-03 14:45:00,6695.6
2019-02-03 15:00:00,6689.4
2019-02-03 15:15:00,6680.7
2019-02-03 15:30:00,6678.3
2019-02-03 15:45:00,6669.7
2019-02-03 16:00:00,6677.2
2019-02-03 16:15:00,6683.9
2019-02-03 16:30:00,6694.6
2019-02-03 16:45:00,6707.2
2019-02-03 17:00:00,6733.0
2019-02-03 17:15:00,6775.2
2019-02-03 17:30:00,6817.4
2019-02-03 17:45:00,6853.4
2019-02-03 18:00:00,6891.1
2019-02-03 18:15:00,6908.0
2019-02-03 18:30:00,6898.7
2019-02-03 18:45:00,6893.0
2019-02-03 19:00:00,6884.9
2019-02-03 19:15:00,6876.7
2019-02-03 19:30:00,6857.9
2019-02-03 19:45:00,6842.4
2019-02-03 20:00:00,6821.6
2019-02-03 20:15:00,6791.6
2019-02-03 20:30:00,6763.9
2019-02-03 20:45:00,6744.0
2019-02-03 21:00:00,6732.5
2019-02-03 21:15:00,6726.2
2019-02-03 21:30:00,6720.6
2019-02-03 21:45:00,6725.2
2019-02-03 22:00:00,6757.4
2019-02-03 22:15:00,6748.6
2019-02-03 22:30:00,6723.4
2019-02-03 22:45:00,6706.1
2019-02-03 23:00:00,6689.6
2019-02-03 23:15:00,6665.7
2019-02-03 23:30:00,6645.4
2019-02-03 23:45:00,6635.1
2019-02-04 00:00:00,6609.3
2019-02-04 00:15:00,6591.2
2019-02-04 00:30:00,6584.4
2019-02-04 00:45:00,6570.4
2019-02-04 01:00:00,6554.1
2019-02-04 01:15:00,6543.2
2019-02-04 01:30:00,6540.9
2019-02-04 01:45:00,6535.3
2019-02-04 02:00:00,6522.2
2019-02-04 02:15:00,6525.6
2019-02-04 02:30:00,6529.8
2019-02-04 02:45:00,6527.7
2019-02-04 03:00:00,6520.2
2019-02-04 03:15:00,6520.8
2019-02-04 03:30:00,6528.4
2019-02-04 03:45:00,6538.2
2019-02-04 04:00:00,6553.6
2019-02-04 04:15:00,6573.0
2019-02-04 04:30:00,6588.2
2019-02-04 04:45:00,6612.3
2019-02-04 05:00:00,6668.1
2019-02-04 05:15:00,6684.9
2019-02-04 05:30:00,6724.1
2019-02-04 05:45:00,6777.3
2019-02-04 06:00:00,6857.0
2019-02-04 06:15:00,6935.2
2019-02-04 06:30:00,7006.4
2019-02-04 06:45:00,7072.1
2019-02-04 07:00:00,7137.1
2019-02-04 07:15:00,7183.1
2019-02-04 07:30:00,7201.3
2019-02-04 07:45:00,7220.1
2019-02-04 08:00:00,7240.5
2019-02-04 08:15:00,7250.4
2019-02-04 08:30:00,7251.7
2019-02-04 08:45:00,7254.8
2019-02-04 09:00:00,7243.4
2019-02-04 09:15:00,7251.9
2019-02-04 09:30:00,7255.8
2019-02-04 09:45:00,7264.9
2019-02-04 10:00:00,7268.6
2019-02-04 10:15:00,7263.3
2019-02-04 10:30:00,7265.4
2019-02-04 10:45:00,7269.3
2019-02-04 11:00:00,7281.4
2019-02-04 11:15:00,7281.5
2019-02-04 11:30:00,7280.9
2019-02-04 11:45:00,7276.4
2019-02-04 12:00:00,7262.5
2019-02-04 12:15:00,7254.2
2019-02-04 12:30:00,7248.3
2019-02-04 12:45:00,7245.6
2019-02-04 13:00:00,7252.8
2019-02-04 13:15:00,7243.9
2019-02-04 13:30:00,7234.6
2019-02-04 13:45:00,7215.2
2019-02-04 14:00:00,7207.9
2019-02-04 14:15:00,7209.8
2019-02-04 14:30:00,7211.0
2019-02-04 14:45:00,7200.5
2019-02-04 15:00:00,7206.4
2019-02-04 15:15:00,7204.0
2019-02-04 15:30:00,7197.9
2019-02-04 15:45:00,7196.1
2019-02-04 16:00:00,7191.6
2019-02-04 16:15:00,7197.5
2019-02-04 16:30:00,7199.0
2019-02-04 16:45:00,7212.2
2019-02-04 17:00:00,7234.4
2019-02-04 17:15:00,7266.0
2019-02-04 17:30:00,7307.3
2019-02-04 17:45:00,7345.1
2019-02-04 18:00:00,7348.9
2019-02-04 18:15:00,7345.2
2019-02-04 18:30:00,7348.4
2019-02-04 18:45:00,7344.5
2019-02-04 19:00:00,7333.9
2019-02-04 19:15:00,7305.9
2019-02-04 19:30:00,7283.6
2019-02-04 19:45:00,7273.9
2019-02-04 20:00:00,7226.1
2019-02-04 20:15:00,7184.9
2019-02-04 20:30:00,7147.5
2019-02-04 20:45:00,7119.7
2019-02-04 21:00:00,7093.4
2019-02-04 21:15:00,7060.8
2019-02-04 21:30:00,7036.2
2019-02-04 21:45:00,7012.0
2019-02-04 22:00:00,7014.0
2019-02-04 22:15:00,6994.5
2019-02-04 22:30:00,6953.3
2019-02-04 22:45:00,6931.0
2019-02-04 23:00:00,6896.2
2019-02-04 23:15:00,6868.2
2019-02-04 23:30:00,6836.2
2019-02-04 23:45:00,6824.4
2019-02-05 00:00:00,6785.3
2019-02-05 00:15:00,6768.8
2019-02-05 00:30:00,6744.9
2019-02-05 00:45:00,6729.5
2019-02-05 01:00:00,6704.9
2019-02-05 01:15:00,6689.7
2019-02-05 01:30:00,6685.7
2019-02-05 01:45:00,6671.2
2019-02-05 02:00:00,6662.2
2019-02-05 02:15:00,6646.8
2019-02-05 02:30:00,6650.6
2019-02-05 02:45:00,6648.3
2019-02-05 03:00:00,6660.6
2019-02-05 03:15:00,6648.4
2019-02-05 03:30:00,6657.4
2019-02-05 03:45:00,6667.9
2019-02-05 04:00:00,6685.7
2019-02-05 04:15:00,6690.4
2019-02-05 04:30:00,6704.6
2019-02-05 04:45:00,6718.3
2019-02-05 05:00:00,6758.1
2019-02-05 05:15:00,6776.8
2019-02-05 05:30:00,6806.2
2019-02-05 05:45:00,6850.4
2019-02-05 06:00:00,6930.0
2019-02-05 06:15:00,7006.0
2019-02-05 06:30:00,7065.7
2019-02-05 06:45:00,7126.3
2019-02-05 07:00:00,7180.8
2019-02-05 07:15:00,7225.7
2019-02-05 07:30:00,7242.9
2019-02-05 07:45:00,7257.8
2019-02-05 08:00:00,7274.8
2019-02-05 08:15:00,7293.4
2019-02-05 08:30:00,7294.7
2019-02-05 08:45:00,7296.7
2019-02-05 09:00:00,7287.2
2019-02-05 09:15:00,7287.6
2019-02-05 09:30:00,7290.6
2019-02-05 09:45:00,7293.4
2019-02-05 10:00:00,7294.6
2019-02-05 10:15:00,7298.8
2019-02-05 10:30:00,7302.8
2019-02-05 10:45:00,7308.1
2019-02-05 11:00:00,7316.7
2019-02-05 11:15:00,7326.2
2019-02-05 11:30:00,7323.6
2019-02-05 11:45:00,7323.1
2019-02-05 12:00:00,7317.3
2019-02-05 12:15:00,7315.1
2019-02-05 12:30:00,7304.4
2019-02-05 12:45:00,7304.4
2019-02-05 13:00:00,7302.1
2019-02-05 13:15:00,7294.6
2019-02-05 13:30:00,7281.4
2019-02-05 13:45:00,7260.4
2019-02-05 14:00:00,7251.5
2019-02-05 14:15:00,7251.7
2019-02-05 14:30:00,7244.7
2019-02-05 14:45:00,7234.1
2019-02-05 15:00:00,7230.7
2019-02-05 15:15:00,7220.4
2019-02-05 15:30:00,7209.7
2019-02-05 15:45:00,7192.7
2019-02-05 16:00:00,7181.5
2019-02-05 16:15:00,7182.9
2019-02-05 16:30:00,7184.3
2019-02-05 16:45:00,7196.1
2019-02-05 17:00:00,7226.1
2019-02-05 17:15:00,7257.2
2019-02-05 17:30:00,7293.2
2019-02-05 17:45:00,7322.0
2019-02-05 18:00:00,7329.8
2019-02-05 18:15:00,7329.8
2019-02-05 18:30:00,7328.6
2019-02-05 18:45:00,7321.2
2019-02-05 19:00:00,7310.5
2019-02-05 19:15:00,7292.7
2019-02-05 19:30:00,7268.6
2019-02-05 19:45:00,7245.7
2019-02-05 20:00:00,7209.8
2019-02-05 20:15:00,7170.4
2019-02-05 20:30:00,7146.8
2019-02-05 20:45:00,7119.6
2019-02-05 21:00:00,7092.1
2019-02-05 21:15:00,7068.5
2019-02-05 21:30:00,7045.8
2019-02-05 21:45:00,7012.8
2019-02-05 22:00:00,6998.3
2019-02-05 22:15:00,6988.2
2019-02-05 22:30:00,6955.8
2019-02-05 22:45:00,6919.6
2019-02-05 23:00:00,6886.9
2019-02-05 23:15:00,6864.2
2019-02-05 23:30:00,6839.4
2019-02-05 23:45:00,6806.2
2019-02-06 00:00:00,6785.1
2019-02-06 00:15:00,6764.2
2019-02-06 00:30:00,6748.2
2019-02-06 00:45:00,6725.2
2019-02-06 01:00:00,6701.6
2019-02-06 01:15:00,6689.4
2019-02-06 01:30:00,6677.2
2019-02-06 01:45:00,6669.8
2019-02-06 02:00:00,6655.7
2019-02-06 02:15:00,6646.5
2019-02-06 02:30:00,6665.1
2019-02-06 02:45:00,6660.2
2019-02-06 03:00:00,6668.4
2019-02-06 03:15:00,6679.1
2019-02-06 03:30:00,6682.9
2019-02-06 03:45:00,6688.5
2019-02-06 04:00:00,6698.0
2019-02-06 04:15:00,6715.5
2019-02-06 04:30:00,6730.8
2019-02-06 04:45:00,6753.2
2019-02-06 05:00:00,6795.6
2019-02-06 05:15:00,6820.0
2019-02-06 05:30:00,6849.2
2019-02-06 05:45:00,6893.1
2019-02-06 06:00:00,6968.8
2019-02-06 06:15:00,7026.9
2019-02-06 06:30:00,7088.0
2019-02-06 06:45:00,7141.7
2019-02-06 07:00:00,7199.7
2019-02-06 07:15:00,7237.2
2019-02-06 07:30:00,7252.7
2019-02-06 07:45:00,7264.0
2019-02-06 08:00:00,7281.9
2019-02-06 08:15:00,7288.8
2019-02-06 08:30:00,7287.2
2019-02-06 08:45:00,7291.7
2019-02-06 09:00:00,7288.9
2019-02-06 09:15:00,7288.3
2019-02-06 09:30:00,7294.2
2019-02-06 09:45:00,7294.1
2019-02-06 10:00:00,7290.7
2019-02-06 10:15:00,7293.0
2019-02-06 10:30:00,7305.6
2019-02-06 10:45:00,7306.8
2019-02-06 11:00:00,7305.8
2019-02-06 11:15:00,7313.2
2019-02-06 11:30:00,7315.7
2019-02-06 11:45:00,7305.7
2019-02-06 12:00:00,7296.5
2019-02-06 12:15:00,7290.8
2019-02-06 12:30:00,7294.0
2019-02-06 12:45:00,7286.4
2019-02-06 13:00:00,7285.5
2019-02-06 13:15:00,7276.7
2019-02-06 13:30:00,7265.9
2019-02-06 13:45:00,7247.6
2019-02-06 14:00:00,7236.8
2019-02-06 14:15:00,7230.7
2019-02-06 14:30:00,7222.7
2019-02-06 14:45:00,7210.8
2019-02-06 15:00:00,7211.7
2019-02-06 15:15:00,7196.7
2019-02-06 15:30:00,7181.7
2019-02-06 15:45:00,7173.3
2019-02-06 16:00:00,7169.5
2019-02-06 16:15:00,7165.1
2019-02-06 16:30:00,7166.5
2019-02-06 16:45:00,7180.8
2019-02-06 17:00:00,7205.0
2019-02-06 17:15:00,7234.2
2019-02-06 17:30:00,7272.8
2019-02-06 17:45:00,7317.0
2019-02-06 18:00:00,7321.6
2019-02-06 18:15:00,7317.8
2019-02-06 18:30:00,7312.0
2019-02-06 18:45:00,7309.8
2019-02-06 19:00:00,7308.5
2019-02-06 19:15:00,7286.7
2019-02-06 19:30:00,7257.4
2019-02-06 19:45:00,7229.5
2019-02-06 20:00:00,7215.8
2019-02-06 20:15:00,7182.1
2019-02-06 20:30:00,7147.5
2019-02-06 20:45:00,7117.8
2019-02-06 21:00:00,7094.0
2019-02-06 21:15:00,7062.7
2019-02-06 21:30:00,7034.0
2019-02-06 21:45:00,6990.1
2019-02-06 22:00:00,6996.5
2019-02-06 22:15:00,6975.1
2019-02-06 22:30:00,6937.9
2019-02-06 22:45:00,6906.6
2019-02-06 23:00:00,6894.7
2019-02-06 23:15:00,6860.1
2019-02-06 23:30:00,6830.5
2019-02-06 23:45:00,6807.3
2019-02-07 00:00:00,6755.3
2019-02-07 00:15:00,6727.2
2019-02-07 00:30:00,6710.5
2019-02-07 00:45:00,6691.4
2019-02-07 01:00:00,6676.8
2019-02-07 01:15:00,6654.9
2019-02-07 01:30:00,6641.7
2019-02-07 01:45:00,6627.1
2019-02-07 02:00:00,6611.3
2019-02-07 02:15:00,6600.5
2019-02-07 02:30:00,6607.9
2019-02-07 02:45:00,6612.3
2019-02-07 03:00:00,6624.4
2019-02-07 03:15:00,6631.9
2019-02-07 03:30:00,6638.5
2019-02-07 03:45:00,6646.4
2019-02-07 04:00:00,6658.0
2019-02-07 04:15:00,6672.1
2019-02-07 04:30:00,6690.2
2019-02-07 04:45:00,6702.7
2019-02-07 05:00:00,6744.7
2019-02-07 05:15:00,6774.9
2019-02-07 05:30:00,6810.4
2019-02-07 05:45:00,6858.8
2019-02-07 06:00:00,6934.3
2019-02-07 06:15:00,7009.3
2019-02-07 06:30:00,7074.7
2019-02-07 06:45:00,7133.2
2019-02-07 07:00:00,7192.8
2019-02-07 07:15:00,7233.9
2019-02-07 07:30:00,7264.0
2019-02-07 07:45:00,7281.8
2019-02-07 08:00:00,7300.1
2019-02-07 08:15:00,7303.1
2019-02-07 08:30:00,7311.7
2019-02-07 08:45:00,7318.3
2019-02-07 09:00:00,7333.4
2019-02-07 09:15:00,7343.2
2019-02-07 09:30:00,7351.4
2019-02-07 09:45:00,7341.3
2019-02-07 10:00:00,7363.8
2019-02-07 10:15:00,7370.8
2019-02-07 10:30:00,7375.1
2019-02-07 10:45:00,7383.1
2019-02-07 11:00:00,7390.1
2019-02-07 11:15:00,7400.5
2019-02-07 11:30:00,7405.2
2019-02-07 11:45:00,7404.2
2019-02-07 12:00:00,7383.2
2019-02-07 12:15:00,7373.7
2019-02-07 12:30:00,7372.9
2019-02-07 12:45:00,7373.2
2019-02-07 13:00:00,7369.6
2019-02-07 13:15:00,7362.5
2019-02-07 13:30:00,7349.0
2019-02-07 13:45:00,7313.8
2019-02-07 14:00:00,7328.7
2019-02-07 14:15:00,7318.9
2019-02-07 14:30:00,7314.6
2019-02-07 14:45:00,7299.5
2019-02-07 15:00:00,7292.2
2019-02-07 15:15:00,7275.2
2019-02-07 15:30:00,7272.1
2019-02-07 15:45:00,7258.8
2019-02-07 16:00:00,7248.2
2019-02-07 16:15:00,7242.6
2019-02-07 16:30:00,7234.1
2019-02-07 16:45:00,7238.8
2019-02-07 17:00:00,7256.6
2019-02-07 17:15:00,7280.6
2019-02-07 17:30:00,7327.7
2019-02-07 17:45:00,7358.8
2019-02-07 18:00:00,7366.3
2019-02-07 18:15:00,7360.6
2019-02-07 18:30:00,7362.1
2019-02-07 18:45:00,7359.3
2019-02-07 19:00:00,7341.7
2019-02-07 19:15:00,7317.1
2019-02-07 19:30:00,7292.0
2019-02-07 19:45:00,7266.4
2019-02-07 20:00:00,7245.3
2019-02-07 20:15:00,7196.4
2019-02-07 20:30:00,7161.1
2019-02-07 20:45:00,7133.7
2019-02-07 21:00:00,7105.6
2019-02-07 21:15:00,7082.6
2019-02-07 21:30:00,7060.5
2019-02-07 21:45:00,7039.7
2019-02-07 22:00:00,7034.5
2019-02-07 22:15:00,7011.1
2019-02-07 22:30:00,6974.9
2019-02-07 22:45:00,6938.8
2019-02-07 23:00:00,6912.5
2019-02-07 23:15:00,6876.2
2019-02-07 23:30:00,6840.0
2019-02-07 23:45:00,6789.9
2019-02-08 00:00:00,6787.0
2019-02-08 00:15:00,6764.0
2019-02-08 00:30:00,6745.0
2019-02-08 00:45:00,6723.7
2019-02-08 01:00:00,6706.0
2019-02-08 01:15:00,6686.9
2019-02-08 01:30:00,6673.6
2019-02-08 01:45:00,6668.3
2019-02-08 02:00:00,6668.0
2019-02-08 02:15:00,6652.1
2019-02-08 02:30:00,6649.7
2019-02-08 02:45:00,6648.0
2019-02-08 03:00:00,6651.3
2019-02-08 03:15:00,6655.2
2019-02-08 03:30:00,6650.5
2019-02-08 03:45:00,6663.6
2019-02-08 04:00:00,6672.5
2019-02-08 04:15:00,6680.8
2019-02-08 04:30:00,6698.4
2019-02-08 04:45:00,6712.8
2019-02-08 05:00:00,6755.6
2019-02-08 05:15:00,6777.1
2019-02-08 05:30:00,6810.3
2019-02-08 05:45:00,6847.4
2019-02-08 06:00:00,6946.8
2019-02-08 06:15:00,7013.4
2019-02-08 06:30:00,7071.1
2019-02-08 06:45:00,7124.0
2019-02-08 07:00:00,7193.9
2019-02-08 07:15:00,7241.2
2019-02-08 07:30:00,7252.7
2019-02-08 07:45:00,7271.2
2019-02-08 08:00:00,7286.5
2019-02-08 08:15:00,7293.1
2019-02-08 08:30:00,7300.9
2019-02-08 08:45:00,7297.9
2019-02-08 09:00:00,7293.7
2019-02-08 09:15:00,7271.5
2019-02-08 09:30:00,7269.8
2019-02-08 09:45:00,7272.9
2019-02-08 10:00:00,7297.8
2019-02-08 10:15:00,7291.3
2019-02-08 10:30:00,7277.5
2019-02-08 10:45:00,7277.0
2019-02-08 11:00:00,7277.3
2019-02-08 11:15:00,7285.2
2019-02-08 11:30:00,7289.0
2019-02-08 11:45:00,7284.2
2019-02-08 12:00:00,7290.0
2019-02-08 12:15:00,7286.2
2019-02-08 12:30:00,7254.4
2019-02-08 12:45:00,7245.9
2019-02-08 13:00:00,7255.1
2019-02-08 13:15:00,7240.2
2019-02-08 13:30:00,7221.8
2019-02-08 13:45:00,7197.7
2019-02-08 14:00:00,7191.6
2019-02-08 14:15:00,7186.2
2019-02-08 14:30:00,7177.8
2019-02-08 14:45:00,7176.8
2019-02-08 15:00:00,7181.1
2019-02-08 15:15:00,7176.3
2019-02-08 15:30:00,7165.8
2019-02-08 15:45:00,7158.8
2019-02-08 16:00:00,7158.6
2019-02-08 16:15:00,7142.3
2019-02-08 16:30:00,7145.5
2019-02-08 16:45:00,7152.6
2019-02-08 17:00:00,7192.0
2019-02-08 17:15:00,7220.4
2019-02-08 17:30:00,7253.7
2019-02-08 17:45:00,7283.4
2019-02-08 18:00:00,7278.5
2019-02-08 18:15:00,7275.7
2019-02-08 18:30:00,7266.0
2019-02-08 18:45:00,7259.7
2019-02-08 19:00:00,7247.1
2019-02-08 19:15:00,7209.1
2019-02-08 19:30:00,7186.3
2019-02-08 19:45:00,7164.7
2019-02-08 20:00:00,7137.7
2019-02-08 20:15:00,7091.5
2019-02-08 20:30:00,7056.3
2019-02-08 20:45:00,7032.7
2019-02-08 21:00:00,6996.8
2019-02-08 21:15:00,6973.1
2019-02-08 21:30:00,6944.0
2019-02-08 21:45:00,6930.1
2019-02-08 22:00:00,6946.9
2019-02-08 22:15:00,6908.9
2019-02-08 22:30:00,6878.0
2019-02-08 22:45:00,6852.0
2019-02-08 23:00:00,6835.2
2019-02-08 23:15:00,6809.2
2019-02-08 23:30:00,6761.1
2019-02-08 23:45:00,6732.8
2019-02-09 00:00:00,6708.4
2019-02-09 00:15:00,6671.9
2019-02-09 00:30:00,6645.4
2019-02-09 00:45:00,6623.4
2019-02-09 01:00:00,6623.5
2019-02-09 01:15:00,6608.1
2019-02-09 01:30:00,6592.7
2019-02-09 01:45:00,6589.8
2019-02-09 02:00:00,6566.9
2019-02-09 02:15:00,6560.6
2019-02-09 02:30:00,6553.8
2019-02-09 02:45:00,6548.6
2019-02-09 03:00:00,6552.9
2019-02-09 03:15:00,6549.0
2019-02-09 03:30:00,6546.3
2019-02-09 03:45:00,6549.3
2019-02-09 04:00:00,6551.7
2019-02-09 04:15:00,6551.2
2019-02-09 04:30:00,6552.9
2019-02-09 04:45:00,6546.3
2019-02-09 05:00:00,6561.6
2019-02-09 05:15:00,6552.8
2019-02-09 05:30:00,6546.5
2019-02-09 05:45:00,6550.2
2019-02-09 06:00:00,6558.0
2019-02-09 06:15:00,6579.1
2019-02-09 06:30:00,6582.6
2019-02-09 06:45:00,6600.8
2019-02-09 07:00:00,6644.4
2019-02-09 07:15:00,6664.6
2019-02-09 07:30:00,6695.1
2019-02-09 07:45:00,6716.8
2019-02-09 08:00:00,6758.0
2019-02-09 08:15:00,6795.1
2019-02-09 08:30:00,6824.6
2019-02-09 08:45:00,6848.9
2019-02-09 09:00:00,6875.3
2019-02-09 09:15:00,6895.2
2019-02-09 09:30:00,6903.6
2019-02-09 09:45:00,6924.3
2019-02-09 10:00:00,6932.2
2019-02-09 10:15:00,6940.7
2019-02-09 10:30:00,6955.4
2019-02-09 10:45:00,6960.0
2019-02-09 11:00:00,6976.2
2019-02-09 11:15:00,6987.6
2019-02-09 11:30:00,6997.5
2019-02-09 11:45:00,6984.9
2019-02-09 12:00:00,6965.5
2019-02-09 12:15:00,6947.9
2019-02-09 12:30:00,6944.1
2019-02-09 12:45:00,6942.9
2019-02-09 13:00:00,6918.1
2019-02-09 13:15:00,6904.0
2019-02-09 13:30:00,6892.4
2019-02-09 13:45:00,6870.3
2019-02-09 14:00:00,6858.1
2019-02-09 14:15:00,6848.1
2019-02-09 14:30:00,6843.7
2019-02-09 14:45:00,6838.7
2019-02-09 15:00:00,6831.9
2019-02-09 15:15:00,6834.8
2019-02-09 15:30:00,6824.1
2019-02-09 15:45:00,6810.4
2019-02-09 16:00:00,6814.3
2019-02-09 16:15:00,6804.8
2019-02-09 16:30:00,6816.0
2019-02-09 16:45:00,6818.5
2019-02-09 17:00:00,6852.2
2019-02-09 17:15:00,6876.4
2019-02-09 17:30:00,6922.0
2019-02-09 17:45:00,6956.7
2019-02-09 18:00:00,6990.0
2019-02-09 18:15:00,6989.3
2019-02-09 18:30:00,6987.0
2019-02-09 18:45:00,6963.2
2019-02-09 19:00:00,6942.5
2019-02-09 19:15:00,6922.8
2019-02-09 19:30:00,6898.4
2019-02-09 19:45:00,6864.2
2019-02-09 20:00:00,6835.7
2019-02-09 20:15:00,6805.0
2019-02-09 20:30:00,6775.4
2019-02-09 20:45:00,6745.9
2019-02-09 21:00:00,6732.7
2019-02-09 21:15:00,6716.1
2019-02-09 21:30:00,6693.7
2019-02-09 21:45:00,6681.1
2019-02-09 22:00:00,6689.2
2019-02-09 22:15:00,6674.2
2019-02-09 22:30:00,6652.5
2019-02-09 22:45:00,6624.9
2019-02-09 23:00:00,6601.9
2019-02-09 23:15:00,6584.4
2019-02-09 23:30:00,6565.4
2019-02-09 23:45:00,6517.7
2019-02-10 00:00:00,6475.0
2019-02-10 00:15:00,6445.7
2019-02-10 00:30:00,6420.4
2019-02-10 00:45:00,6398.2
2019-02-10 01:00:00,6384.2
2019-02-10 01:15:00,6367.5
2019-02-10 01:30:00,6353.7
2019-02-10 01:45:00,6340.6
2019-02-10 02:00:00,6364.9
2019-02-10 02:15:00,6357.2
2019-02-10 02:30:00,6353.1
2019-02-10 02:45:00,6354.5
2019-02-10 03:00:00,6350.2
2019-02-10 03:15:00,6345.1
2019-02-10 03:30:00,6362.8
2019-02-10 03:45:00,6354.8
2019-02-10 04:00:00,6366.5
2019-02-10 04:15:00,6367.7
2019-02-10 04:30:00,6369.1
2019-02-10 04:45:00,6367.1
2019-02-10 05:00:00,6366.2
2019-02-10 05:15:00,6354.8
2019-02-10 05:30:00,6354.0
2019-02-10 05:45:00,6354.1
2019-02-10 06:00:00,6338.6
2019-02-10 06:15:00,6340.8
2019-02-10 06:30:00,6352.3
2019-02-10 06:45:00,6370.8
2019-02-10 07:00:00,6393.4
2019-02-10 07:15:00,6404.5
2019-02-10 07:30:00,6419.6
2019-02-10 07:45:00,6430.9
2019-02-10 08:00:00,6470.2
2019-02-10 08:15:00,6500.7
2019-02-10 08:30:00,6532.2
2019-02-10 08:45:00,6558.0
2019-02-10 09:00:00,6589.3
2019-02-10 09:15:00,6611.6
2019-02-10 09:30:00,6635.7
2019-02-10 09:45:00,6644.6
2019-02-10 10:00:00,6664.2
2019-02-10 10:15:00,6685.5
2019-02-10 10:30:00,6700.9
2019-02-10 10:45:00,6724.4
2019-02-10 11:00:00,6744.3
2019-02-10 11:15:00,6765.0
2019-02-10 11:30:00,6792.6
2019-02-10 11:45:00,6798.3
2019-02-10 12:00:00,6795.9
2019-02-10 12:15:00,6786.1
2019-02-10 12:30:00,6768.7
2019-02-10 12:45:00,6741.9
2019-02-10 13:00:00,6722.0
2019-02-10 13:15:00,6715.0
2019-02-10 13:30:00,6700.3
2019-02-10 13:45:00,6690.4
2019-02-10 14:00:00,6680.5
2019-02-10 14:15:00,6674.9
2019-02-10 14:30:00,6669.5
2019-02-10 14:45:00,6661.6
2019-02-10 15:00:00,6663.7
2019-02-10 15:15:00,6662.3
2019-02-10 15:30:00,6664.8
2019-02-10 15:45:00,6661.9
2019-02-10 16:00:00,6663.7
2019-02-10 16:15:00,6662.3
2019-02-10 16:30:00,6671.1
2019-02-10 16:45:00,6675.9
2019-02-10 17:00:00,6711.4
2019-02-10 17:15:00,6742.0
2019-02-10 17:30:00,6786.6
2019-02-10 17:45:00,6827.0
2019-02-10 18:00:00,6861.7
2019-02-10 18:15:00,6862.8
2019-02-10 18:30:00,6860.1
2019-02-10 18:45:00,6853.6
2019-02-10 19:00:00,6854.0
2019-02-10 19:15:00,6837.6
2019-02-10 19:30:00,6829.5
2019-02-10 19:45:00,6812.8
2019-02-10 20:00:00,6803.1
2019-02-10 20:15:00,6778.5
2019-02-10 20:30:00,6747.3
2019-02-10 20:45:00,6720.6
2019-02-10 21:00:00,6724.4
2019-02-10 21:15:00,6715.7
2019-02-10 21:30:00,6708.6
2019-02-10 21:45:00,6706.4
2019-02-10 22:00:00,6724.6
2019-02-10 22:15:00,6718.3
2019-02-10 22:30:00,6698.4
2019-02-10 22:45:00,6674.9
2019-02-10 23:00:00,6645.4
2019-02-10 23:15:00,6630.9
2019-02-10 23:30:00,6600.8
2019-02-10 23:45:00,6546.0
2019-02-11 00:00:00,6570.6
2019-02-11 00:15:00,6547.6
2019-02-11 00:30:00,6520.8
2019-02-11 00:45:00,6517.6
2019-02-11 01:00:00,6512.8
2019-02-11 01:15:00,6507.8
2019-02-11 01:30:00,6498.9
2019-02-11 01:45:00,6494.1
2019-02-11 02:00:00,6481.1
2019-02-11 02:15:00,6485.1
2019-02-11 02:30:00,6493.1
2019-02-11 02:45:00,6480.6
2019-02-11 03:00:00,6497.6
2019-02-11 03:15:00,6506.0
2019-02-11 03:30:00,6516.8
2019-02-11 03:45:00,6532.0
2019-02-11 04:00:00,6549.4
2019-02-11 04:15:00,6566.7
2019-02-11 04:30:00,6584.6
2019-02-11 04:45:00,6602.5
2019-02-11 05:00:00,6654.8
2019-02-11 05:15:00,6675.8
2019-02-11 05:30:00,6726.7
2019-02-11 05:45:00,6776.6
2019-02-11 06:00:00,6868.9
2019-02-11 06:15:00,6944.1
2019-02-11 06:30:00,6998.2
2019-02-11 06:45:00,7059.8
2019-02-11 07:00:00,7134.7
2019-02-11 07:15:00,7180.8
2019-02-11 07:30:00,7197.2
2019-02-11 07:45:00,7210.5
2019-02-11 08:00:00,7248.2
2019-02-11 08:15:00,7259.9
2019-02-11 08:30:00,7278.9
2019-02-11 08:45:00,7283.8
2019-02-11 09:00:00,7277.2
2019-02-11 09:15:00,7281.1
2019-02-11 09:30:00,7296.3
2019-02-11 09:45:00,7304.2
2019-02-11 10:00:00,7302.1
2019-02-11 10:15:00,7307.7
2019-02-11 10:30:00,7314.3
2019-02-11 10:45:00,7324.5
2019-02-11 11:00:00,7342.9
2019-02-11 11:15:00,7346.2
2019-02-11 11:30:00,7358.3
2019-02-11 11:45:00,7356.4
2019-02-11 12:00:00,7344.5
2019-02-11 12:15:00,7320.7
2019-02-11 12:30:00,7323.0
2019-02-11 12:45:00,7318.8
2019-02-11 13:00:00,7316.1
2019-02-11 13:15:00,7305.3
2019-02-11 13:30:00,7289.0
2019-02-11 13:45:00,7270.7
2019-02-11 14:00:00,7265.9
2019-02-11 14:15:00,7259.9
2019-02-11 14:30:00,7248.9
2019-02-11 14:45:00,7244.7
2019-02-11 15:00:00,7241.0
2019-02-11 15:15:00,7229.3
2019-02-11 15:30:00,7218.7
2019-02-11 15:45:00,7204.7
2019-02-11 16:00:00,7189.1
2019-02-11 16:15:00,7182.2
2019-02-11 16:30:00,7185.5
2019-02-11 16:45:00,7176.3
2019-02-11 17:00:00,7195.8
2019-02-11 17:15:00,7219.5
2019-02-11 17:30:00,7250.8
2019-02-11 17:45:00,7290.9
2019-02-11 18:00:00,7304.3
2019-02-11 18:15:00,7310.6
2019-02-11 18:30:00,7311.0
2019-02-11 18:45:00,7307.7
2019-02-11 19:00:00,7297.2
2019-02-11 19:15:00,7271.9
2019-02-11 19:30:00,7260.9
2019-02-11 19:45:00,7240.3
2019-02-11 20:00:00,7204.4
2019-02-11 20:15:00,7159.4
2019-02-11 20:30:00,7124.9
2019-02-11 20:45:00,7086.8
2019-02-11 21:00:00,7069.2
2019-02-11 21:15:00,7044.8
2019-02-11 21:30:00,7021.4
2019-02-11 21:45:00,6991.5
2019-02-11 22:00:00,6981.4
2019-02-11 22:15:00,6953.0
2019-02-11 22:30:00,6917.6
2019-02-11 22:45:00,6885.9
2019-02-11 23:00:00,6849.7
2019-02-11 23:15:00,6817.3
2019-02-11 23:30:00,6789.5
2019-02-11 23:45:00,6769.2
2019-02-12 00:00:00,6733.7
2019-02-12 00:15:00,6720.8
2019-02-12 00:30:00,6702.6
2019-02-12 00:45:00,6677.4
2019-02-12 01:00:00,6674.1
2019-02-12 01:15:00,6663.9
2019-02-12 01:30:00,6646.3
2019-02-12 01:45:00,6635.3
2019-02-12 02:00:00,6627.3
2019-02-12 02:15:00,6617.7
2019-02-12 02:30:00,6614.6
2019-02-12 02:45:00,6619.7
2019-02-12 03:00:00,6628.1
2019-02-12 03:15:00,6627.7
2019-02-12 03:30:00,6631.4
2019-02-12 03:45:00,6640.4
2019-02-12 04:00:00,6651.9
2019-02-12 04:15:00,6655.4
2019-02-12 04:30:00,6678.7
2019-02-12 04:45:00,6688.7
2019-02-12 05:00:00,6733.6
2019-02-12 05:15:00,6747.5
2019-02-12 05:30:00,6778.2
2019-02-12 05:45:00,6826.7
2019-02-12 06:00:00,6930.1
2019-02-12 06:15:00,6988.6
2019-02-12 06:30:00,7033.4
2019-02-12 06:45:00,7085.4
2019-02-12 07:00:00,7148.6
2019-02-12 07:15:00,7188.5
2019-02-12 07:30:00,7202.3
2019-02-12 07:45:00,7212.2
2019-02-12 08:00:00,7242.0
2019-02-12 08:15:00,7248.2
2019-02-12 08:30:00,7252.8
2019-02-12 08:45:00,7249.9
2019-02-12 09:00:00,7240.0
2019-02-12 09:15:00,7242.4
2019-02-12 09:30:00,7256.0
2019-02-12 09:45:00,7259.3
2019-02-12 10:00:00,7264.2
2019-02-12 10:15:00,7267.5
2019-02-12 10:30:00,7280.8
2019-02-12 10:45:00,7294.9
2019-02-12 11:00:00,7308.1
2019-02-12 11:15:00,7320.8
2019-02-12 11:30:00,7322.1
2019-02-12 11:45:00,7324.1
2019-02-12 12:00:00,7313.3
2019-02-12 12:15:00,7311.8
2019-02-12 12:30:00,7305.3
2019-02-12 12:45:00,7298.7
2019-02-12 13:00:00,7300.6
2019-02-12 13:15:00,7288.6
2019-02-12 13:30:00,7277.7
2019-02-12 13:45:00,7255.0
2019-02-12 14:00:00,7247.8
2019-02-12 14:15:00,7235.3
2019-02-12 14:30:00,7225.8
2019-02-12 14:45:00,7205.5
2019-02-12 15:00:00,7214.8
2019-02-12 15:15:00,7201.2
2019-02-12 15:30:00,7184.3
2019-02-12 15:45:00,7153.4
2019-02-12 16:00:00,7163.3
2019-02-12 16:15:00,7154.7
2019-02-12 16:30:00,7151.3
2019-02-12 16:45:00,7157.3
2019-02-12 17:00:00,7170.5
2019-02-12 17:15:00,7182.5
2019-02-12 17:30:00,7222.0
2019-02-12 17:45:00,7270.0
2019-02-12 18:00:00,7293.2
2019-02-12 18:15:00,7297.8
2019-02-12 18:30:00,7298.2
2019-02-12 18:45:00,7288.3
2019-02-12 19:00:00,7273.8
2019-02-12 19:15:00,7249.0
2019-02-12 19:30:00,7231.6
2019-02-12 19:45:00,7215.3
2019-02-12 20:00:00,7167.0
2019-02-12 20:15:00,7128.2
2019-02-12 20:30:00,7105.1
2019-02-12 20:45:00,7075.5
2019-02-12 21:00:00,7065.0
2019-02-12 21:15:00,7045.1
2019-02-12 21:30:00,7031.5
2019-02-12 21:45:00,7003.8
2019-02-12 22:00:00,7000.8
2019-02-12 22:15:00,6977.7
2019-02-12 22:30:00,6945.0
2019-02-12 22:45:00,6914.3
2019-02-12 23:00:00,6874.2
2019-02-12 23:15:00,6850.8
2019-02-12 23:30:00,6818.3
2019-02-12 23:45:00,6797.5
2019-02-13 00:00:00,6753.4
2019-02-13 00:15:00,6734.4
2019-02-13 00:30:00,6724.3
2019-02-13 00:45:00,6717.3
2019-02-13 01:00:00,6696.1
2019-02-13 01:15:00,6681.7
2019-02-13 01:30:00,6668.0
2019-02-13 01:45:00,6666.6
2019-02-13 02:00:00,6658.0
2019-02-13 02:15:00,6655.8
2019-02-13 02:30:00,6656.3
2019-02-13 02:45:00,6667.0
2019-02-13 03:00:00,6667.1
2019-02-13 03:15:00,6672.1
2019-02-13 03:30:00,6668.8
2019-02-13 03:45:00,6675.6
2019-02-13 04:00:00,6686.2
2019-02-13 04:15:00,6695.7
2019-02-13 04:30:00,6706.4
2019-02-13 04:45:00,6727.2
2019-02-13 05:00:00,6758.4
2019-02-13 05:15:00,6780.1
2019-02-13 05:30:00,6816.1
2019-02-13 05:45:00,6866.1
2019-02-13 06:00:00,6961.4
2019-02-13 06:15:00,7028.7
2019-02-13 06:30:00,7089.1
2019-02-13 06:45:00,7137.5
2019-02-13 07:00:00,7197.7
2019-02-13 07:15:00,7228.0
2019-02-13 07:30:00,7237.8
2019-02-13 07:45:00,7257.5
2019-02-13 08:00:00,7274.3
2019-02-13 08:15:00,7282.5
2019-02-13 08:30:00,7285.6
2019-02-13 08:45:00,7257.2
2019-02-13 09:00:00,7277.7
2019-02-13 09:15:00,7285.6
2019-02-13 09:30:00,7283.6
2019-02-13 09:45:00,7287.4
2019-02-13 10:00:00,7292.5
2019-02-13 10:15:00,7293.2
2019-02-13 10:30:00,7297.5
2019-02-13 10:45:00,7289.0
2019-02-13 11:00:00,7286.5
2019-02-13 11:15:00,7297.8
2019-02-13 11:30:00,7304.7
2019-02-13 11:45:00,7300.3
2019-02-13 12:00:00,7280.0
2019-02-13 12:15:00,7267.2
2019-02-13 12:30:00,7269.2
2019-02-13 12:45:00,7263.5
2019-02-13 13:00:00,7268.2
2019-02-13 13:15:00,7254.8
2019-02-13 13:30:00,7237.3
2019-02-13 13:45:00,7221.8
2019-02-13 14:00:00,7219.2
2019-02-13 14:15:00,7208.6
2019-02-13 14:30:00,7201.3
2019-02-13 14:45:00,7194.3
2019-02-13 15:00:00,7186.1
2019-02-13 15:15:00,7187.3
2019-02-13 15:30:00,7179.3
2019-02-13 15:45:00,7172.8
2019-02-13 16:00:00,7165.7
2019-02-13 16:15:00,7161.0
2019-02-13 16:30:00,7159.4
2019-02-13 16:45:00,7153.3
2019-02-13 17:00:00,7177.0
2019-02-13 17:15:00,7204.0
2019-02-13 17:30:00,7241.2
2019-02-13 17:45:00,7285.5
2019-02-13 18:00:00,7311.7
2019-02-13 18:15:00,7318.6
2019-02-13 18:30:00,7320.6
2019-02-13 18:45:00,7316.0
2019-02-13 19:00:00,7305.9
2019-02-13 19:15:00,7277.1
2019-02-13 19:30:00,7255.6
2019-02-13 19:45:00,7239.6
2019-02-13 20:00:00,7198.6
2019-02-13 20:15:00,7156.3
2019-02-13 20:30:00,7122.2
2019-02-13 20:45:00,7094.1
2019-02-13 21:00:00,7075.7
2019-02-13 21:15:00,7054.5
2019-02-13 21:30:00,7027.9
2019-02-13 21:45:00,6983.3
2019-02-13 22:00:00,6991.4
2019-02-13 22:15:00,6966.5
2019-02-13 22:30:00,6927.0
2019-02-13 22:45:00,6888.8
2019-02-13 23:00:00,6861.2
2019-02-13 23:15:00,6833.4
2019-02-13 23:30:00,6797.7
2019-02-13 23:45:00,6766.7
2019-02-14 00:00:00,6738.9
2019-02-14 00:15:00,6716.9
2019-02-14 00:30:00,6710.0
2019-02-14 00:45:00,6694.2
2019-02-14 01:00:00,6675.9
2019-02-14 01:15:00,6653.0
2019-02-14 01:30:00,6648.4
2019-02-14 01:45:00,6644.7
2019-02-14 02:00:00,6624.3
2019-02-14 02:15:00,6620.1
2019-02-14 02:30:00,6623.3
2019-02-14 02:45:00,6626.9
2019-02-14 03:00:00,6625.9
2019-02-14 03:15:00,6630.9
2019-02-14 03:30:00,6638.5
2019-02-14 03:45:00,6648.0
2019-02-14 04:00:00,6660.6
2019-02-14 04:15:00,6671.9
2019-02-14 04:30:00,6696.0
2019-02-14 04:45:00,6718.0
2019-02-14 05:00:00,6765.3
2019-02-14 05:15:00,6789.4
2019-02-14 05:30:00,6812.3
2019-02-14 05:45:00,6849.0
2019-02-14 06:00:00,6934.3
2019-02-14 06:15:00,7009.0
2019-02-14 06:30:00,7071.3
2019-02-14 06:45:00,7128.8
2019-02-14 07:00:00,7177.3
2019-02-14 07:15:00,7205.0
2019-02-14 07:30:00,7218.5
2019-02-14 07:45:00,7233.7
2019-02-14 08:00:00,7248.1
2019-02-14 08:15:00,7258.6
2019-02-14 08:30:00,7259.2
2019-02-14 08:45:00,7245.9
2019-02-14 09:00:00,7232.3
2019-02-14 09:15:00,7233.5
2019-02-14 09:30:00,7241.0
2019-02-14 09:45:00,7241.2
2019-02-14 10:00:00,7226.4
2019-02-14 10:15:00,7223.9
2019-02-14 10:30:00,7207.4
2019-02-14 10:45:00,7217.1
2019-02-14 11:00:00,7235.5
2019-02-14 11:15:00,7237.4
2019-02-14 11:30:00,7234.1
2019-02-14 11:45:00,7231.7
2019-02-14 12:00:00,7240.0
2019-02-14 12:15:00,7205.4
2019-02-14 12:30:00,7198.5
2019-02-14 12:45:00,7195.8
2019-02-14 13:00:00,7211.7
2019-02-14 13:15:00,7196.2
2019-02-14 13:30:00,7162.7
2019-02-14 13:45:00,7148.2
2019-02-14 14:00:00,7158.7
2019-02-14 14:15:00,7159.7
2019-02-14 14:30:00,7145.5
2019-02-14 14:45:00,7124.5
2019-02-14 15:00:00,7129.4
2019-02-14 15:15:00,7118.7
2019-02-14 15:30:00,7115.0
2019-02-14 15:45:00,7101.3
2019-02-14 16:00:00,7090.5
2019-02-14 16:15:00,7088.7
2019-02-14 16:30:00,7083.8
2019-02-14 16:45:00,7089.3
2019-02-14 17:00:00,7109.1
2019-02-14 17:15:00,7125.4
2019-02-14 17:30:00,7163.4
2019-02-14 17:45:00,7208.0
2019-02-14 18:00:00,7246.4
2019-02-14 18:15:00,7264.1
2019-02-14 18:30:00,7261.1
2019-02-14 18:45:00,7261.8
2019-02-14 19:00:00,7248.0
2019-02-14 19:15:00,7221.7
2019-02-14 19:30:00,7207.2
2019-02-14 19:45:00,7190.0
2019-02-14 20:00:00,7150.3
2019-02-14 20:15:00,7115.0
2019-02-14 20:30:00,7084.9
2019-02-14 20:45:00,7056.5
2019-02-14 21:00:00,7031.5
2019-02-14 21:15:00,7007.2
2019-02-14 21:30:00,6981.4
2019-02-14 21:45:00,6958.9
2019-02-14 22:00:00,6947.1
2019-02-14 22:15:00,6923.8
2019-02-14 22:30:00,6892.3
2019-02-14 22:45:00,6864.0
2019-02-14 23:00:00,6827.8
2019-02-14 23:15:00,6798.2
2019-02-14 23:30:00,6769.2
2019-02-14 23:45:00,6740.6
2019-02-15 00:00:00,6709.4
2019-02-15 00:15:00,6697.6
2019-02-15 00:30:00,6682.7
2019-02-15 00:45:00,6667.9
2019-02-15 01:00:00,6647.7
2019-02-15 01:15:00,6634.7
2019-02-15 01:30:00,6626.4
2019-02-15 01:45:00,6622.0
2019-02-15 02:00:00,6604.4
2019-02-15 02:15:00,6600.6
2019-02-15 02:30:00,6605.7
2019-02-15 02:45:00,6607.6
2019-02-15 03:00:00,6607.4
2019-02-15 03:15:00,6610.5
2019-02-15 03:30:00,6615.4
2019-02-15 03:45:00,6620.6
2019-02-15 04:00:00,6637.2
2019-02-15 04:15:00,6654.3
2019-02-15 04:30:00,6664.8
2019-02-15 04:45:00,6680.1
2019-02-15 05:00:00,6724.1
2019-02-15 05:15:00,6753.2
2019-02-15 05:30:00,6772.6
2019-02-15 05:45:00,6821.4
2019-02-15 06:00:00,6904.0
2019-02-15 06:15:00,6974.4
2019-02-15 06:30:00,7036.5
2019-02-15 06:45:00,7090.7
2019-02-15 07:00:00,7148.9
2019-02-15 07:15:00,7176.6
2019-02-15 07:30:00,7190.2
2019-02-15 07:45:00,7201.2
2019-02-15 08:00:00,7212.9
2019-02-15 08:15:00,7216.2
2019-02-15 08:30:00,7218.5
2019-02-15 08:45:00,7205.4
2019-02-15 09:00:00,7199.3
2019-02-15 09:15:00,7207.8
2019-02-15 09:30:00,7222.7
2019-02-15 09:45:00,7227.1
2019-02-15 10:00:00,7221.4
2019-02-15 10:15:00,7220.4
2019-02-15 10:30:00,7223.3
2019-02-15 10:45:00,7225.0
2019-02-15 11:00:00,7217.6
2019-02-15 11:15:00,7222.8
2019-02-15 11:30:00,7218.3
2019-02-15 11:45:00,7217.6
2019-02-15 12:00:00,7193.0
2019-02-15 12:15:00,7177.2
2019-02-15 12:30:00,7167.9
2019-02-15 12:45:00,7154.5
2019-02-15 13:00:00,7145.8
2019-02-15 13:15:00,7127.1
2019-02-15 13:30:00,7105.7
2019-02-15 13:45:00,7081.8
2019-02-15 14:00:00,7065.3
2019-02-15 14:15:00,7057.7
2019-02-15 14:30:00,7044.7
2019-02-15 14:45:00,7032.1
2019-02-15 15:00:00,7029.8
2019-02-15 15:15:00,7018.4
2019-02-15 15:30:00,7009.6
2019-02-15 15:45:00,7006.3
2019-02-15 16:00:00,6991.3
2019-02-15 16:15:00,6994.0
2019-02-15 16:30:00,7002.6
2019-02-15 16:45:00,7010.0
2019-02-15 17:00:00,7030.6
2019-02-15 17:15:00,7049.3
2019-02-15 17:30:00,7088.3
2019-02-15 17:45:00,7137.1
2019-02-15 18:00:00,7186.3
2019-02-15 18:15:00,7210.2
2019-02-15 18:30:00,7212.6
2019-02-15 18:45:00,7193.8
2019-02-15 19:00:00,7201.9
2019-02-15 19:15:00,7187.7
2019-02-15 19:30:00,7168.8
2019-02-15 19:45:00,7143.3
2019-02-15 20:00:00,7101.4
2019-02-15 20:15:00,7062.0
2019-02-15 20:30:00,7033.2
2019-02-15 20:45:00,7004.6
2019-02-15 21:00:00,6969.9
2019-02-15 21:15:00,6952.0
2019-02-15 21:30:00,6923.5
2019-02-15 21:45:00,6894.5
2019-02-15 22:00:00,6894.7
2019-02-15 22:15:00,6859.3
2019-02-15 22:30:00,6828.3
2019-02-15 22:45:00,6803.0
2019-02-15 23:00:00,6768.3
2019-02-15 23:15:00,6737.3
2019-02-15 23:30:00,6709.8
2019-02-15 23:45:00,6690.2
2019-02-16 00:00:00,6642.6
2019-02-16 00:15:00,6615.4
2019-02-16 00:30:00,6609.1
2019-02-16 00:45:00,6592.6
2019-02-16 01:00:00,6568.5
2019-02-16 01:15:00,6544.7
2019-02-16 01:30:00,6534.9
2019-02-16 01:45:00,6532.4
2019-02-16 02:00:00,6518.6
2019-02-16 02:15:00,6510.2
2019-02-16 02:30:00,6506.5
2019-02-16 02:45:00,6506.5
2019-02-16 03:00:00,6502.6
2019-02-16 03:15:00,6506.7
2019-02-16 03:30:00,6508.5
2019-02-16 03:45:00,6503.9
2019-02-16 04:00:00,6495.9
2019-02-16 04:15:00,6496.6
2019-02-16 04:30:00,6501.6
2019-02-16 04:45:00,6502.7
2019-02-16 05:00:00,6503.1
2019-02-16 05:15:00,6502.1
2019-02-16 05:30:00,6501.5
2019-02-16 05:45:00,6509.0
2019-02-16 06:00:00,6531.0
2019-02-16 06:15:00,6552.1
2019-02-16 06:30:00,6578.8
2019-02-16 06:45:00,6602.0
2019-02-16 07:00:00,6625.9
2019-02-16 07:15:00,6641.8
2019-02-16 07:30:00,6669.1
2019-02-16 07:45:00,6699.4
2019-02-16 08:00:00,6740.1
2019-02-16 08:15:00,6759.9
2019-02-16 08:30:00,6778.2
2019-02-16 08:45:00,6799.6
2019-02-16 09:00:00,6808.4
2019-02-16 09:15:00,6821.1
2019-02-16 09:30:00,6836.7
2019-02-16 09:45:00,6846.6
2019-02-16 10:00:00,6837.6
2019-02-16 10:15:00,6845.7
2019-02-16 10:30:00,6837.2
2019-02-16 10:45:00,6841.4
2019-02-16 11:00:00,6853.7
2019-02-16 11:15:00,6854.6
2019-02-16 11:30:00,6860.5
2019-02-16 11:45:00,6851.3
2019-02-16 12:00:00,6847.9
2019-02-16 12:15:00,6839.1
2019-02-16 12:30:00,6829.1
2019-02-16 12:45:00,6814.5
2019-02-16 13:00:00,6795.3
2019-02-16 13:15:00,6771.5
2019-02-16 13:30:00,6754.4
2019-02-16 13:45:00,6731.2
2019-02-16 14:00:00,6725.6
2019-02-16 14:15:00,6711.9
2019-02-16 14:30:00,6704.7
2019-02-16 14:45:00,6694.3
2019-02-16 15:00:00,6689.9
2019-02-16 15:15:00,6686.1
2019-02-16 15:30:00,6668.8
2019-02-16 15:45:00,6660.8
2019-02-16 16:00:00,6663.0
2019-02-16 16:15:00,6662.9
2019-02-16 16:30:00,6675.5
2019-02-16 16:45:00,6695.1
2019-02-16 17:00:00,6730.3
2019-02-16 17:15:00,6748.3
2019-02-16 17:30:00,6793.9
2019-02-16 17:45:00,6847.5
2019-02-16 18:00:00,6913.5
2019-02-16 18:15:00,6935.7
2019-02-16 18:30:00,6932.0
2019-02-16 18:45:00,6925.3
2019-02-16 19:00:00,6914.6
2019-02-16 19:15:00,6892.6
2019-02-16 19:30:00,6871.2
2019-02-16 19:45:00,6847.1
2019-02-16 20:00:00,6832.0
2019-02-16 20:15:00,6792.7
2019-02-16 20:30:00,6766.1
2019-02-16 20:45:00,6731.1
2019-02-16 21:00:00,6711.4
2019-02-16 21:15:00,6698.0
2019-02-16 21:30:00,6676.6
2019-02-16 21:45:00,6661.4
2019-02-16 22:00:00,6670.7
2019-02-16 22:15:00,6649.9
2019-02-16 22:30:00,6622.4
2019-02-16 22:45:00,6595.9
2019-02-16 23:00:00,6570.1
2019-02-16 23:15:00,6548.5
2019-02-16 23:30:00,6522.7
2019-02-16 23:45:00,6498.9
2019-02-17 00:00:00,6466.5
2019-02-17 00:15:00,6447.7
2019-02-17 00:30:00,6425.6
2019-02-17 00:45:00,6416.4
2019-02-17 01:00:00,6399.8
2019-02-17 01:15:00,6376.4
2019-02-17 01:30:00,6369.9
2019-02-17 01:45:00,6358.9
2019-02-17 02:00:00,6355.1
2019-02-17 02:15:00,6350.1
2019-02-17 02:30:00,6348.5
2019-02-17 02:45:00,6348.4
2019-02-17 03:00:00,6348.9
2019-02-17 03:15:00,6343.3
2019-02-17 03:30:00,6350.3
2019-02-17 03:45:00,6345.0
2019-02-17 04:00:00,6356.4
2019-02-17 04:15:00,6346.0
2019-02-17 04:30:00,6355.0
2019-02-17 04:45:00,6352.1
2019-02-17 05:00:00,6351.4
2019-02-17 05:15:00,6340.9
2019-02-17 05:30:00,6335.9
2019-02-17 05:45:00,6328.1
2019-02-17 06:00:00,6319.9
2019-02-17 06:15:00,6319.8
2019-02-17 06:30:00,6330.2
2019-02-17 06:45:00,6341.3
2019-02-17 07:00:00,6357.4
2019-02-17 07:15:00,6363.0
2019-02-17 07:30:00,6379.2
2019-02-17 07:45:00,6407.6
2019-02-17 08:00:00,6446.3
2019-02-17 08:15:00,6468.3
2019-02-17 08:30:00,6492.2
2019-02-17 08:45:00,6501.0
2019-02-17 09:00:00,6539.7
2019-02-17 09:15:00,6558.0
2019-02-17 09:30:00,6578.4
2019-02-17 09:45:00,6604.7
2019-02-17 10:00:00,6613.7
2019-02-17 10:15:00,6620.6
2019-02-17 10:30:00,6634.4
2019-02-17 10:45:00,6650.1
2019-02-17 11:00:00,6672.5
2019-02-17 11:15:00,6685.0
2019-02-17 11:30:00,6689.6
2019-02-17 11:45:00,6686.6
2019-02-17 12:00:00,6674.1
2019-02-17 12:15:00,6671.8
2019-02-17 12:30:00,6651.1
2019-02-17 12:45:00,6628.7
2019-02-17 13:00:00,6615.9
2019-02-17 13:15:00,6591.6
2019-02-17 13:30:00,6579.6
2019-02-17 13:45:00,6557.4
2019-02-17 14:00:00,6550.4
2019-02-17 14:15:00,6539.0
2019-02-17 14:30:00,6521.9
2019-02-17 14:45:00,6518.1
2019-02-17 15:00:00,6514.0
2019-02-17 15:15:00,6507.1
2019-02-17 15:30:00,6492.9
2019-02-17 15:45:00,6490.8
2019-02-17 16:00:00,6500.4
2019-02-17 16:15:00,6503.6
2019-02-17 16:30:00,6517.5
2019-02-17 16:45:00,6540.5
2019-02-17 17:00:00,6575.5
2019-02-17 17:15:00,6613.7
2019-02-17 17:30:00,6655.0
2019-02-17 17:45:00,6714.7
2019-02-17 18:00:00,6787.8
2019-02-17 18:15:00,6820.0
2019-02-17 18:30:00,6828.7
2019-02-17 18:45:00,6819.3
2019-02-17 19:00:00,6812.3
2019-02-17 19:15:00,6796.3
2019-02-17 19:30:00,6785.6
2019-02-17 19:45:00,6758.0
2019-02-17 20:00:00,6733.7
2019-02-17 20:15:00,6718.5
2019-02-17 20:30:00,6698.1
2019-02-17 20:45:00,6672.7
2019-02-17 21:00:00,6654.3
2019-02-17 21:15:00,6646.1
2019-02-17 21:30:00,6647.4
2019-02-17 21:45:00,6645.2
2019-02-17 22:00:00,6674.2
2019-02-17 22:15:00,6664.7
2019-02-17 22:30:00,6642.7
2019-02-17 22:45:00,6622.5
2019-02-17 23:00:00,6587.5
2019-02-17 23:15:00,6568.2
2019-02-17 23:30:00,6547.9
2019-02-17 23:45:00,6521.7
2019-02-18 00:00:00,6504.0
2019-02-18 00:15:00,6492.7
2019-02-18 00:30:00,6477.6
2019-02-18 00:45:00,6468.2
2019-02-18 01:00:00,6446.5
2019-02-18 01:15:00,6439.9
2019-02-18 01:30:00,6428.6
2019-02-18 01:45:00,6427.5
2019-02-18 02:00:00,6416.0
2019-02-18 02:15:00,6417.4
2019-02-18 02:30:00,6414.3
2019-02-18 02:45:00,6417.7
2019-02-18 03:00:00,6423.0
2019-02-18 03:15:00,6431.7
2019-02-18 03:30:00,6441.1
2019-02-18 03:45:00,6457.0
2019-02-18 04:00:00,6468.8
2019-02-18 04:15:00,6483.2
2019-02-18 04:30:00,6507.8
2019-02-18 04:45:00,6529.2
2019-02-18 05:00:00,6580.2
2019-02-18 05:15:00,6610.2
2019-02-18 05:30:00,6647.5
2019-02-18 05:45:00,6708.4
2019-02-18 06:00:00,6817.6
2019-02-18 06:15:00,6896.1
2019-02-18 06:30:00,6972.1
2019-02-18 06:45:00,7028.4
2019-02-18 07:00:00,7082.3
2019-02-18 07:15:00,7108.9
2019-02-18 07:30:00,7115.4
2019-02-18 07:45:00,7122.0
2019-02-18 08:00:00,7151.7
2019-02-18 08:15:00,7154.4
2019-02-18 08:30:00,7159.0
2019-02-18 08:45:00,7160.9
2019-02-18 09:00:00,7152.4
2019-02-18 09:15:00,7151.9
2019-02-18 09:30:00,7159.2
2019-02-18 09:45:00,7158.7
2019-02-18 10:00:00,7156.1
2019-02-18 10:15:00,7158.3
2019-02-18 10:30:00,7156.4
2019-02-18 10:45:00,7166.7
2019-02-18 11:00:00,7176.4
2019-02-18 11:15:00,7183.9
2019-02-18 11:30:00,7177.7
2019-02-18 11:45:00,7177.9
2019-02-18 12:00:00,7162.8
2019-02-18 12:15:00,7141.3
2019-02-18 12:30:00,7137.6
2019-02-18 12:45:00,7127.4
2019-02-18 13:00:00,7128.8
2019-02-18 13:15:00,7120.1
2019-02-18 13:30:00,7103.3
2019-02-18 13:45:00,7077.0
2019-02-18 14:00:00,7073.8
2019-02-18 14:15:00,7069.3
2019-02-18 14:30:00,7061.5
2019-02-18 14:45:00,7049.3
2019-02-18 15:00:00,7055.2
2019-02-18 15:15:00,7044.8
2019-02-18 15:30:00,7030.1
2019-02-18 15:45:00,7014.4
2019-02-18 16:00:00,7009.0
2019-02-18 16:15:00,7007.4
2019-02-18 16:30:00,7011.8
2019-02-18 16:45:00,7017.2
2019-02-18 17:00:00,7041.1
2019-02-18 17:15:00,7056.5
2019-02-18 17:30:00,7093.9
2019-02-18 17:45:00,7141.3
2019-02-18 18:00:00,7187.1
2019-02-18 18:15:00,7207.3
2019-02-18 18:30:00,7218.3
2019-02-18 18:45:00,7213.9
2019-02-18 19:00:00,7197.2
2019-02-18 19:15:00,7180.6
2019-02-18 19:30:00,7154.9
2019-02-18 19:45:00,7136.0
2019-02-18 20:00:00,7097.4
2019-02-18 20:15:00,7064.5
2019-02-18 20:30:00,7028.4
2019-02-18 20:45:00,6997.1
2019-02-18 21:00:00,6976.8
2019-02-18 21:15:00,6944.6
2019-02-18 21:30:00,6917.9
2019-02-18 21:45:00,6883.9
2019-02-18 22:00:00,6885.3
2019-02-18 22:15:00,6851.3
2019-02-18 22:30:00,6815.6
2019-02-18 22:45:00,6789.7
2019-02-18 23:00:00,6742.5
2019-02-18 23:15:00,6703.6
2019-02-18 23:30:00,6685.3
2019-02-18 23:45:00,6657.4
2019-02-19 00:00:00,6639.3
2019-02-19 00:15:00,6613.3
2019-02-19 00:30:00,6604.7
2019-02-19 00:45:00,6588.3
2019-02-19 01:00:00,6577.4
2019-02-19 01:15:00,6568.7
2019-02-19 01:30:00,6558.3
2019-02-19 01:45:00,6554.0
2019-02-19 02:00:00,6548.5
2019-02-19 02:15:00,6545.1
2019-02-19 02:30:00,6550.0
2019-02-19 02:45:00,6554.3
2019-02-19 03:00:00,6563.6
2019-02-19 03:15:00,6563.6
2019-02-19 03:30:00,6568.0
2019-02-19 03:45:00,6574.4
2019-02-19 04:00:00,6577.5
2019-02-19 04:15:00,6599.1
2019-02-19 04:30:00,6619.7
2019-02-19 04:45:00,6637.7
2019-02-19 05:00:00,6676.8
2019-02-19 05:15:00,6696.4
2019-02-19 05:30:00,6729.8
2019-02-19 05:45:00,6790.4
2019-02-19 06:00:00,6890.4
2019-02-19 06:15:00,6970.2
2019-02-19 06:30:00,7034.6
2019-02-19 06:45:00,7103.2
2019-02-19 07:00:00,7161.3
2019-02-19 07:15:00,7194.8
2019-02-19 07:30:00,7207.5
2019-02-19 07:45:00,7225.7
2019-02-19 08:00:00,7251.5
2019-02-19 08:15:00,7257.1
2019-02-19 08:30:00,7269.2
2019-02-19 08:45:00,7272.4
2019-02-19 09:00:00,7260.4
2019-02-19 09:15:00,7264.6
2019-02-19 09:30:00,7273.5
2019-02-19 09:45:00,7271.2
2019-02-19 10:00:00,7272.2
2019-02-19 10:15:00,7272.8
2019-02-19 10:30:00,7278.1
2019-02-19 10:45:00,7281.5
2019-02-19 11:00:00,7278.3
2019-02-19 11:15:00,7290.3
2019-02-19 11:30:00,7299.3
2019-02-19 11:45:00,7293.2
2019-02-19 12:00:00,7275.9
2019-02-19 12:15:00,7260.7
2019-02-19 12:30:00,7255.7
2019-02-19 12:45:00,7247.5
2019-02-19 13:00:00,7247.3
2019-02-19 13:15:00,7248.5
2019-02-19 13:30:00,7235.0
2019-02-19 13:45:00,7206.9
2019-02-19 14:00:00,7201.7
2019-02-19 14:15:00,7200.2
2019-02-19 14:30:00,7199.7
2019-02-19 14:45:00,7187.2
2019-02-19 15:00:00,7193.7
2019-02-19 15:15:00,7185.3
2019-02-19 15:30:00,7181.6
2019-02-19 15:45:00,7164.4
2019-02-19 16:00:00,7154.3
2019-02-19 16:15:00,7146.6
2019-02-19 16:30:00,7150.2
2019-02-19 16:45:00,7144.1
2019-02-19 17:00:00,7156.7
2019-02-19 17:15:00,7182.5
2019-02-19 17:30:00,7212.8
2019-02-19 17:45:00,7249.9
2019-02-19 18:00:00,7289.5
2019-02-19 18:15:00,7311.4
2019-02-19 18:30:00,7317.8
2019-02-19 18:45:00,7316.0
2019-02-19 19:00:00,7299.5
2019-02-19 19:15:00,7281.3
2019-02-19 19:30:00,7255.7
2019-02-19 19:45:00,7228.6
2019-02-19 20:00:00,7185.2
2019-02-19 20:15:00,7146.6
2019-02-19 20:30:00,7109.9
2019-02-19 20:45:00,7075.2
2019-02-19 21:00:00,7050.8
2019-02-19 21:15:00,7022.1
2019-02-19 21:30:00,6990.9
2019-02-19 21:45:00,6966.2
2019-02-19 22:00:00,6955.7
2019-02-19 22:15:00,6921.6
2019-02-19 22:30:00,6881.3
2019-02-19 22:45:00,6846.0
2019-02-19 23:00:00,6805.3
2019-02-19 23:15:00,6785.6
2019-02-19 23:30:00,6767.0
2019-02-19 23:45:00,6733.7
2019-02-20 00:00:00,6699.1
2019-02-20 00:15:00,6675.8
2019-02-20 00:30:00,6657.7
2019-02-20 00:45:00,6644.4
2019-02-20 01:00:00,6626.0
2019-02-20 01:15:00,6611.3
2019-02-20 01:30:00,6605.7
2019-02-20 01:45:00,6601.8
2019-02-20 02:00:00,6577.6
2019-02-20 02:15:00,6572.5
2019-02-20 02:30:00,6570.2
2019-02-20 02:45:00,6583.7
2019-02-20 03:00:00,6587.7
2019-02-20 03:15:00,6589.4
2019-02-20 03:30:00,6594.4
2019-02-20 03:45:00,6601.1
2019-02-20 04:00:00,6605.6
2019-02-20 04:15:00,6617.3
2019-02-20 04:30:00,6644.9
2019-02-20 04:45:00,6665.2
2019-02-20 05:00:00,6714.8
2019-02-20 05:15:00,6737.0
2019-02-20 05:30:00,6773.5
2019-02-20 05:45:00,6819.5
2019-02-20 06:00:00,6900.9
2019-02-20 06:15:00,6982.3
2019-02-20 06:30:00,7048.5
2019-02-20 06:45:00,7105.8
2019-02-20 07:00:00,7150.3
2019-02-20 07:15:00,7178.7
2019-02-20 07:30:00,7198.5
2019-02-20 07:45:00,7218.7
2019-02-20 08:00:00,7230.3
2019-02-20 08:15:00,7233.1
2019-02-20 08:30:00,7237.9
2019-02-20 08:45:00,7230.8
2019-02-20 09:00:00,7209.7
2019-02-20 09:15:00,7216.7
2019-02-20 09:30:00,7225.3
2019-02-20 09:45:00,7230.7
2019-02-20 10:00:00,7218.1
2019-02-20 10:15:00,7212.8
2019-02-20 10:30:00,7215.4
2019-02-20 10:45:00,7208.9
2019-02-20 11:00:00,7223.4
2019-02-20 11:15:00,7237.5
2019-02-20 11:30:00,7233.9
2019-02-20 11:45:00,7235.9
2019-02-20 12:00:00,7220.3
2019-02-20 12:15:00,7213.3
2019-02-20 12:30:00,7209.7
2019-02-20 12:45:00,7203.1
2019-02-20 13:00:00,7210.5
2019-02-20 13:15:00,7198.6
2019-02-20 13:30:00,7179.3
2019-02-20 13:45:00,7160.1
2019-02-20 14:00:00,7144.7
2019-02-20 14:15:00,7138.1
2019-02-20 14:30:00,7140.3
2019-02-20 14:45:00,7132.9
2019-02-20 15:00:00,7125.7
2019-02-20 15:15:00,7115.4
2019-02-20 15:30:00,7108.3
2019-02-20 15:45:00,7079.5
2019-02-20 16:00:00,7082.1
2019-02-20 16:15:00,7078.4
2019-02-20 16:30:00,7076.0
2019-02-20 16:45:00,7059.2
2019-02-20 17:00:00,7087.8
2019-02-20 17:15:00,7112.1
2019-02-20 17:30:00,7151.6
2019-02-20 17:45:00,7194.2
2019-02-20 18:00:00,7227.8
2019-02-20 18:15:00,7255.0
2019-02-20 18:30:00,7264.5
2019-02-20 18:45:00,7262.3
2019-02-20 19:00:00,7236.5
2019-02-20 19:15:00,7204.1
2019-02-20 19:30:00,7181.2
2019-02-20 19:45:00,7161.6
2019-02-20 20:00:00,7124.0
2019-02-20 20:15:00,7082.1
2019-02-20 20:30:00,7046.6
2019-02-20 20:45:00,7014.7
2019-02-20 21:00:00,6998.0
2019-02-20 21:15:00,6974.6
2019-02-20 21:30:00,6940.4
2019-02-20 21:45:00,6907.0
2019-02-20 22:00:00,6904.8
2019-02-20 22:15:00,6874.8
2019-02-20 22:30:00,6839.1
2019-02-20 22:45:00,6801.9
2019-02-20 23:00:00,6767.9
2019-02-20 23:15:00,6738.4
2019-02-20 23:30:00,6713.8
2019-02-20 23:45:00,6680.1
2019-02-21 00:00:00,6663.7
2019-02-21 00:15:00,6623.5
2019-02-21 00:30:00,6611.0
2019-02-21 00:45:00,6594.4
2019-02-21 01:00:00,6596.4
2019-02-21 01:15:00,6591.2
2019-02-21 01:30:00,6583.6
2019-02-21 01:45:00,6573.3
2019-02-21 02:00:00,6565.7
2019-02-21 02:15:00,6559.9
2019-02-21 02:30:00,6558.2
2019-02-21 02:45:00,6560.8
2019-02-21 03:00:00,6575.1
2019-02-21 03:15:00,6578.8
2019-02-21 03:30:00,6575.6
2019-02-21 03:45:00,6579.8
2019-02-21 04:00:00,6605.1
2019-02-21 04:15:00,6616.6
2019-02-21 04:30:00,6629.6
2019-02-21 04:45:00,6647.7
2019-02-21 05:00:00,6689.9
2019-02-21 05:15:00,6714.8
2019-02-21 05:30:00,6748.3
2019-02-21 05:45:00,6797.9
2019-02-21 06:00:00,6907.8
2019-02-21 06:15:00,6970.2
2019-02-21 06:30:00,7029.0
2019-02-21 06:45:00,7081.9
2019-02-21 07:00:00,7128.8
2019-02-21 07:15:00,7154.4
2019-02-21 07:30:00,7161.9
2019-02-21 07:45:00,7183.4
2019-02-21 08:00:00,7209.6
2019-02-21 08:15:00,7225.6
2019-02-21 08:30:00,7222.2
2019-02-21 08:45:00,7216.2
2019-02-21 09:00:00,7215.2
2019-02-21 09:15:00,7227.6
2019-02-21 09:30:00,7242.6
2019-02-21 09:45:00,7247.5
2019-02-21 10:00:00,7247.6
2019-02-21 10:15:00,7249.7
2019-02-21 10:30:00,7252.5
2019-02-21 10:45:00,7259.7
2019-02-21 11:00:00,7263.2
2019-02-21 11:15:00,7260.3
2019-02-21 11:30:00,7254.1
2019-02-21 11:45:00,7245.0
2019-02-21 12:00:00,7216.9
2019-02-21 12:15:00,7210.6
2019-02-21 12:30:00,7210.0
2019-02-21 12:45:00,7203.6
2019-02-21 13:00:00,7199.4
2019-02-21 13:15:00,7189.5
2019-02-21 13:30:00,7178.2
2019-02-21 13:45:00,7152.6
2019-02-21 14:00:00,7153.5
2019-02-21 14:15:00,7162.4
2019-02-21 14:30:00,7160.2
2019-02-21 14:45:00,7158.5
2019-02-21 15:00:00,7159.4
2019-02-21 15:15:00,7154.0
2019-02-21 15:30:00,7148.8
2019-02-21 15:45:00,7140.0
2019-02-21 16:00:00,7115.2
2019-02-21 16:15:00,7112.8
2019-02-21 16:30:00,7119.7
2019-02-21 16:45:00,7114.1
2019-02-21 17:00:00,7120.1
2019-02-21 17:15:00,7139.0
2019-02-21 17:30:00,7170.4
2019-02-21 17:45:00,7197.1
2019-02-21 18:00:00,7224.3
2019-02-21 18:15:00,7243.1
2019-02-21 18:30:00,7245.2
2019-02-21 18:45:00,7246.6
2019-02-21 19:00:00,7241.1
2019-02-21 19:15:00,7230.0
2019-02-21 19:30:00,7201.1
2019-02-21 19:45:00,7178.4
2019-02-21 20:00:00,7138.8
2019-02-21 20:15:00,7094.9
2019-02-21 20:30:00,7061.0
2019-02-21 20:45:00,7012.4
2019-02-21 21:00:00,6992.4
2019-02-21 21:15:00,6967.3
2019-02-21 21:30:00,6936.2
2019-02-21 21:45:00,6915.5
2019-02-21 22:00:00,6912.1
2019-02-21 22:15:00,6879.4
2019-02-21 22:30:00,6846.4
2019-02-21 22:45:00,6810.3
2019-02-21 23:00:00,6770.7
2019-02-21 23:15:00,6739.8
2019-02-21 23:30:00,6714.7
2019-02-21 23:45:00,6686.7
2019-02-22 00:00:00,6650.6
2019-02-22 00:15:00,6632.0
2019-02-22 00:30:00,6618.9
2019-02-22 00:45:00,6595.2
2019-02-22 01:00:00,6568.6
2019-02-22 01:15:00,6555.0
2019-02-22 01:30:00,6542.0
2019-02-22 01:45:00,6536.5
2019-02-22 02:00:00,6520.0
2019-02-22 02:15:00,6516.1
2019-02-22 02:30:00,6519.3
2019-02-22 02:45:00,6518.5
2019-02-22 03:00:00,6530.6
2019-02-22 03:15:00,6533.8
2019-02-22 03:30:00,6550.0
2019-02-22 03:45:00,6559.1
2019-02-22 04:00:00,6562.7
2019-02-22 04:15:00,6584.4
2019-02-22 04:30:00,6603.8
2019-02-22 04:45:00,6625.7
2019-02-22 05:00:00,6660.8
2019-02-22 05:15:00,6691.0
2019-02-22 05:30:00,6738.4
2019-02-22 05:45:00,6781.0
2019-02-22 06:00:00,6863.8
2019-02-22 06:15:00,6936.6
2019-02-22 06:30:00,6998.2
2019-02-22 06:45:00,7050.2
2019-02-22 07:00:00,7095.0
2019-02-22 07:15:00,7122.0
2019-02-22 07:30:00,7144.9
2019-02-22 07:45:00,7166.0
2019-02-22 08:00:00,7192.9
2019-02-22 08:15:00,7196.1
2019-02-22 08:30:00,7204.5
2019-02-22 08:45:00,7211.0
2019-02-22 09:00:00,7209.7
2019-02-22 09:15:00,7221.8
2019-02-22 09:30:00,7231.4
2019-02-22 09:45:00,7241.4
2019-02-22 10:00:00,7242.1
2019-02-22 10:15:00,7239.8
2019-02-22 10:30:00,7241.4
2019-02-22 10:45:00,7237.3
2019-02-22 11:00:00,7243.1
2019-02-22 11:15:00,7248.0
2019-02-22 11:30:00,7250.6
2019-02-22 11:45:00,7242.9
2019-02-22 12:00:00,7233.1
2019-02-22 12:15:00,7216.7
2019-02-22 12:30:00,7212.9
2019-02-22 12:45:00,7206.1
2019-02-22 13:00:00,7192.0
2019-02-22 13:15:00,7164.8
2019-02-22 13:30:00,7146.9
2019-02-22 13:45:00,7126.4
2019-02-22 14:00:00,7117.3
2019-02-22 14:15:00,7104.1
2019-02-22 14:30:00,7086.5
2019-02-22 14:45:00,7076.0
2019-02-22 15:00:00,7077.2
2019-02-22 15:15:00,7060.3
2019-02-22 15:30:00,7052.4
2019-02-22 15:45:00,7033.8
2019-02-22 16:00:00,7038.5
2019-02-22 16:15:00,7032.0
2019-02-22 16:30:00,7018.5
2019-02-22 16:45:00,7022.4
2019-02-22 17:00:00,7034.5
2019-02-22 17:15:00,7046.3
2019-02-22 17:30:00,7067.7
2019-02-22 17:45:00,7091.5
2019-02-22 18:00:00,7128.8
2019-02-22 18:15:00,7157.1
2019-02-22 18:30:00,7175.6
2019-02-22 18:45:00,7171.1
2019-02-22 19:00:00,7156.9
2019-02-22 19:15:00,7134.6
2019-02-22 19:30:00,7109.0
2019-02-22 19:45:00,7092.7
2019-02-22 20:00:00,7051.3
2019-02-22 20:15:00,7013.8
2019-02-22 20:30:00,6983.8
2019-02-22 20:45:00,6950.6
2019-02-22 21:00:00,6929.6
2019-02-22 21:15:00,6912.7
2019-02-22 21:30:00,6884.6
2019-02-22 21:45:00,6857.7
2019-02-22 22:00:00,6852.1
2019-02-22 22:15:00,6838.6
2019-02-22 22:30:00,6809.5
2019-02-22 22:45:00,6781.5
2019-02-22 23:00:00,6750.3
2019-02-22 23:15:00,6718.3
2019-02-22 23:30:00,6691.5
2019-02-22 23:45:00,6662.7
2019-02-23 00:00:00,6623.3
2019-02-23 00:15:00,6597.1
2019-02-23 00:30:00,6582.1
2019-02-23 00:45:00,6573.3
2019-02-23 01:00:00,6552.7
2019-02-23 01:15:00,6548.8
2019-02-23 01:30:00,6532.5
2019-02-23 01:45:00,6527.9
2019-02-23 02:00:00,6501.7
2019-02-23 02:15:00,6492.7
2019-02-23 02:30:00,6496.8
2019-02-23 02:45:00,6492.9
2019-02-23 03:00:00,6491.7
2019-02-23 03:15:00,6492.1
2019-02-23 03:30:00,6491.3
2019-02-23 03:45:00,6496.8
2019-02-23 04:00:00,6494.1
2019-02-23 04:15:00,6491.4
2019-02-23 04:30:00,6486.5
2019-02-23 04:45:00,6494.1
2019-02-23 05:00:00,6506.3
2019-02-23 05:15:00,6497.3
2019-02-23 05:30:00,6493.1
2019-02-23 05:45:00,6499.6
2019-02-23 06:00:00,6513.7
2019-02-23 06:15:00,6528.9
2019-02-23 06:30:00,6537.6
2019-02-23 06:45:00,6559.2
2019-02-23 07:00:00,6585.2
2019-02-23 07:15:00,6600.9
2019-02-23 07:30:00,6624.1
2019-02-23 07:45:00,6657.1
2019-02-23 08:00:00,6702.3
2019-02-23 08:15:00,6737.9
2019-02-23 08:30:00,6763.7
2019-02-23 08:45:00,6786.0
2019-02-23 09:00:00,6803.4
2019-02-23 09:15:00,6823.4
2019-02-23 09:30:00,6837.3
2019-02-23 09:45:00,6847.0
2019-02-23 10:00:00,6851.7
2019-02-23 10:15:00,6853.4
2019-02-23 10:30:00,6853.4
2019-02-23 10:45:00,6857.3
2019-02-23 11:00:00,6857.6
2019-02-23 11:15:00,6859.7
2019-02-23 11:30:00,6862.0
2019-02-23 11:45:00,6855.0
2019-02-23 12:00:00,6833.8
2019-02-23 12:15:00,6822.1
2019-02-23 12:30:00,6806.2
2019-02-23 12:45:00,6790.7
2019-02-23 13:00:00,6775.8
2019-02-23 13:15:00,6765.6
2019-02-23 13:30:00,6751.8
2019-02-23 13:45:00,6734.0
2019-02-23 14:00:00,6719.7
2019-02-23 14:15:00,6711.1
2019-02-23 14:30:00,6697.9
2019-02-23 14:45:00,6691.1
2019-02-23 15:00:00,6683.8
2019-02-23 15:15:00,6678.0
2019-02-23 15:30:00,6664.6
2019-02-23 15:45:00,6661.1
2019-02-23 16:00:00,6661.3
2019-02-23 16:15:00,6658.8
2019-02-23 16:30:00,6667.4
2019-02-23 16:45:00,6673.5
2019-02-23 17:00:00,6692.2
2019-02-23 17:15:00,6712.6
2019-02-23 17:30:00,6750.9
2019-02-23 17:45:00,6786.5
2019-02-23 18:00:00,6839.2
2019-02-23 18:15:00,6877.5
2019-02-23 18:30:00,6893.9
2019-02-23 18:45:00,6885.5
2019-02-23 19:00:00,6883.6
2019-02-23 19:15:00,6855.5
2019-02-23 19:30:00,6836.1
2019-02-23 19:45:00,6806.8
2019-02-23 20:00:00,6791.6
2019-02-23 20:15:00,6759.8
2019-02-23 20:30:00,6728.8
2019-02-23 20:45:00,6708.8
2019-02-23 21:00:00,6695.7
2019-02-23 21:15:00,6680.3
2019-02-23 21:30:00,6662.7
2019-02-23 21:45:00,6656.2
2019-02-23 22:00:00,6671.1
2019-02-23 22:15:00,6654.4
2019-02-23 22:30:00,6626.3
2019-02-23 22:45:00,6599.5
2019-02-23 23:00:00,6576.2
2019-02-23 23:15:00,6556.5
2019-02-23 23:30:00,6535.4
2019-02-23 23:45:00,6510.1
2019-02-24 00:00:00,6470.3
2019-02-24 00:15:00,6453.0
2019-02-24 00:30:00,6432.4
2019-02-24 00:45:00,6413.9
2019-02-24 01:00:00,6390.0
2019-02-24 01:15:00,6378.9
2019-02-24 01:30:00,6366.8
2019-02-24 01:45:00,6361.0
2019-02-24 02:00:00,6353.0
2019-02-24 02:15:00,6346.9
2019-02-24 02:30:00,6347.5
2019-02-24 02:45:00,6342.0
2019-02-24 03:00:00,6339.0
2019-02-24 03:15:00,6337.7
2019-02-24 03:30:00,6335.9
2019-02-24 03:45:00,6335.3
2019-02-24 04:00:00,6341.5
2019-02-24 04:15:00,6345.2
2019-02-24 04:30:00,6340.5
2019-02-24 04:45:00,6343.1
2019-02-24 05:00:00,6342.7
2019-02-24 05:15:00,6333.7
2019-02-24 05:30:00,6325.3
2019-02-24 05:45:00,6317.4
2019-02-24 06:00:00,6306.7
2019-02-24 06:15:00,6311.5
2019-02-24 06:30:00,6323.1
2019-02-24 06:45:00,6331.7
2019-02-24 07:00:00,6336.8
2019-02-24 07:15:00,6349.5
2019-02-24 07:30:00,6375.3
2019-02-24 07:45:00,6399.4
2019-02-24 08:00:00,6432.8
2019-02-24 08:15:00,6461.4
2019-02-24 08:30:00,6486.7
2019-02-24 08:45:00,6500.8
2019-02-24 09:00:00,6517.0
2019-02-24 09:15:00,6544.7
2019-02-24 09:30:00,6567.2
2019-02-24 09:45:00,6587.4
2019-02-24 10:00:00,6588.9
2019-02-24 10:15:00,6601.9
2019-02-24 10:30:00,6617.5
2019-02-24 10:45:00,6632.8
2019-02-24 11:00:00,6639.9
2019-02-24 11:15:00,6657.8
2019-02-24 11:30:00,6671.4
2019-02-24 11:45:00,6670.2
2019-02-24 12:00:00,6651.7
2019-02-24 12:15:00,6637.6
2019-02-24 12:30:00,6623.6
2019-02-24 12:45:00,6613.7
2019-02-24 13:00:00,6590.2
2019-02-24 13:15:00,6569.6
2019-02-24 13:30:00,6552.8
2019-02-24 13:45:00,6539.1
2019-02-24 14:00:00,6533.2
2019-02-24 14:15:00,6520.5
2019-02-24 14:30:00,6511.3
2019-02-24 14:45:00,6502.5
2019-02-24 15:00:00,6495.4
2019-02-24 15:15:00,6492.4
2019-02-24 15:30:00,6481.1
2019-02-24 15:45:00,6481.4
2019-02-24 16:00:00,6476.7
2019-02-24 16:15:00,6488.6
2019-02-24 16:30:00,6504.0
2019-02-24 16:45:00,6511.0
2019-02-24 17:00:00,6534.6
2019-02-24 17:15:00,6565.3
2019-02-24 17:30:00,6609.1
2019-02-24 17:45:00,6651.5
2019-02-24 18:00:00,6721.3
2019-02-24 18:15:00,6772.9
2019-02-24 18:30:00,6793.9
2019-02-24 18:45:00,6790.2
2019-02-24 19:00:00,6784.5
2019-02-24 19:15:00,6758.6
2019-02-24 19:30:00,6746.1
2019-02-24 19:45:00,6726.5
2019-02-24 20:00:00,6712.6
2019-02-24 20:15:00,6691.3
2019-02-24 20:30:00,6662.7
2019-02-24 20:45:00,6640.9
2019-02-24 21:00:00,6628.5
2019-02-24 21:15:00,6617.8
2019-02-24 21:30:00,6615.9
2019-02-24 21:45:00,6619.3
2019-02-24 22:00:00,6633.9
2019-02-24 22:15:00,6624.3
2019-02-24 22:30:00,6604.3
2019-02-24 22:45:00,6571.4
2019-02-24 23:00:00,6546.7
2019-02-24 23:15:00,6528.8
2019-02-24 23:30:00,6501.3
2019-02-24 23:45:00,6479.6
2019-02-25 00:00:00,6463.8
2019-02-25 00:15:00,6446.4
2019-02-25 00:30:00,6444.4
2019-02-25 00:45:00,6439.4
2019-02-25 01:00:00,6421.2
2019-02-25 01:15:00,6412.0
2019-02-25 01:30:00,6408.4
2019-02-25 01:45:00,6406.6
2019-02-25 02:00:00,6397.1
2019-02-25 02:15:00,6397.0
2019-02-25 02:30:00,6393.3
2019-02-25 02:45:00,6398.1
2019-02-25 03:00:00,6400.5
2019-02-25 03:15:00,6408.1
2019-02-25 03:30:00,6421.1
2019-02-25 03:45:00,6426.8
2019-02-25 04:00:00,6450.9
2019-02-25 04:15:00,6468.0
2019-02-25 04:30:00,6489.0
2019-02-25 04:45:00,6508.5
2019-02-25 05:00:00,6567.4
2019-02-25 05:15:00,6593.0
2019-02-25 05:30:00,6632.9
2019-02-25 05:45:00,6686.1
2019-02-25 06:00:00,6782.7
2019-02-25 06:15:00,6862.8
2019-02-25 06:30:00,6944.0
2019-02-25 06:45:00,7000.4
2019-02-25 07:00:00,7031.2
2019-02-25 07:15:00,7058.4
2019-02-25 07:30:00,7075.8
2019-02-25 07:45:00,7100.4
2019-02-25 08:00:00,7124.3
2019-02-25 08:15:00,7131.9
2019-02-25 08:30:00,7131.3
2019-02-25 08:45:00,7121.7
2019-02-25 09:00:00,7106.6
2019-02-25 09:15:00,7121.6
2019-02-25 09:30:00,7118.2
2019-02-25 09:45:00,7132.5
2019-02-25 10:00:00,7138.3
2019-02-25 10:15:00,7131.8
2019-02-25 10:30:00,7133.9
2019-02-25 10:45:00,7129.6
2019-02-25 11:00:00,7138.0
2019-02-25 11:15:00,7146.5
2019-02-25 11:30:00,7151.2
2019-02-25 11:45:00,7149.6
2019-02-25 12:00:00,7134.4
2019-02-25 12:15:00,7126.8
2019-02-25 12:30:00,7119.3
2019-02-25 12:45:00,7116.4
2019-02-25 13:00:00,7123.3
2019-02-25 13:15:00,7115.4
2019-02-25 13:30:00,7097.4
2019-02-25 13:45:00,7082.1
2019-02-25 14:00:00,7081.2
2019-02-25 14:15:00,7074.3
2019-02-25 14:30:00,7059.2
2019-02-25 14:45:00,7050.3
2019-02-25 15:00:00,7049.4
2019-02-25 15:15:00,7029.0
2019-02-25 15:30:00,7018.5
2019-02-25 15:45:00,7010.1
2019-02-25 16:00:00,7006.5
2019-02-25 16:15:00,7002.1
2019-02-25 16:30:00,6997.1
2019-02-25 16:45:00,6995.9
2019-02-25 17:00:00,7009.6
2019-02-25 17:15:00,7026.6
2019-02-25 17:30:00,7052.7
2019-02-25 17:45:00,7094.6
2019-02-25 18:00:00,7131.9
2019-02-25 18:15:00,7171.2
2019-02-25 18:30:00,7203.6
2019-02-25 18:45:00,7212.4
2019-02-25 19:00:00,7205.4
2019-02-25 19:15:00,7177.2
2019-02-25 19:30:00,7154.1
2019-02-25 19:45:00,7131.3
2019-02-25 20:00:00,7098.7
2019-02-25 20:15:00,7051.2
2019-02-25 20:30:00,7015.6
2019-02-25 20:45:00,6990.3
2019-02-25 21:00:00,6965.9
2019-02-25 21:15:00,6940.4
2019-02-25 21:30:00,6916.0
2019-02-25 21:45:00,6894.4
2019-02-25 22:00:00,6884.4
2019-02-25 22:15:00,6855.1
2019-02-25 22:30:00,6811.3
2019-02-25 22:45:00,6778.3
2019-02-25 23:00:00,6749.6
2019-02-25 23:15:00,6717.5
2019-02-25 23:30:00,6686.3
2019-02-25 23:45:00,6661.6
2019-02-26 00:00:00,6606.6
2019-02-26 00:15:00,6585.5
2019-02-26 00:30:00,6576.7
2019-02-26 00:45:00,6560.1
2019-02-26 01:00:00,6542.4
2019-02-26 01:15:00,6526.6
2019-02-26 01:30:00,6520.8
2019-02-26 01:45:00,6510.5
2019-02-26 02:00:00,6502.7
2019-02-26 02:15:00,6497.9
2019-02-26 02:30:00,6502.0
2019-02-26 02:45:00,6515.4
2019-02-26 03:00:00,6514.9
2019-02-26 03:15:00,6522.2
2019-02-26 03:30:00,6522.7
2019-02-26 03:45:00,6535.0
2019-02-26 04:00:00,6546.5
2019-02-26 04:15:00,6549.5
2019-02-26 04:30:00,6565.9
2019-02-26 04:45:00,6582.3
2019-02-26 05:00:00,6629.7
2019-02-26 05:15:00,6649.7
2019-02-26 05:30:00,6694.8
2019-02-26 05:45:00,6749.2
2019-02-26 06:00:00,6838.9
2019-02-26 06:15:00,6913.9
2019-02-26 06:30:00,6980.9
2019-02-26 06:45:00,7032.4
2019-02-26 07:00:00,7070.0
2019-02-26 07:15:00,7087.8
2019-02-26 07:30:00,7106.2
2019-02-26 07:45:00,7117.4
2019-02-26 08:00:00,7138.9
2019-02-26 08:15:00,7145.0
2019-02-26 08:30:00,7144.7
2019-02-26 08:45:00,7131.6
2019-02-26 09:00:00,7117.8
2019-02-26 09:15:00,7137.9
2019-02-26 09:30:00,7139.9
2019-02-26 09:45:00,7134.9
2019-02-26 10:00:00,7140.2
2019-02-26 10:15:00,7133.8
2019-02-26 10:30:00,7135.5
2019-02-26 10:45:00,7141.7
2019-02-26 11:00:00,7152.1
2019-02-26 11:15:00,7132.3
2019-02-26 11:30:00,7133.9
2019-02-26 11:45:00,7130.5
2019-02-26 12:00:00,7135.1
2019-02-26 12:15:00,7117.0
2019-02-26 12:30:00,7116.1
2019-02-26 12:45:00,7104.3
2019-02-26 13:00:00,7110.5
2019-02-26 13:15:00,7102.4
2019-02-26 13:30:00,7087.5
2019-02-26 13:45:00,7067.2
2019-02-26 14:00:00,7063.6
2019-02-26 14:15:00,7062.5
2019-02-26 14:30:00,7039.3
2019-02-26 14:45:00,7035.0
2019-02-26 15:00:00,7032.0
2019-02-26 15:15:00,7021.7
2019-02-26 15:30:00,7005.8
2019-02-26 15:45:00,7001.1
2019-02-26 16:00:00,6989.4
2019-02-26 16:15:00,6979.2
2019-02-26 16:30:00,6978.1
2019-02-26 16:45:00,6987.4
2019-02-26 17:00:00,6992.6
2019-02-26 17:15:00,7009.3
2019-02-26 17:30:00,7034.6
2019-02-26 17:45:00,7065.8
2019-02-26 18:00:00,7093.4
2019-02-26 18:15:00,7141.3
2019-02-26 18:30:00,7178.0
2019-02-26 18:45:00,7188.9
2019-02-26 19:00:00,7177.7
2019-02-26 19:15:00,7146.9
2019-02-26 19:30:00,7119.1
2019-02-26 19:45:00,7101.4
2019-02-26 20:00:00,7069.7
2019-02-26 20:15:00,7024.9
2019-02-26 20:30:00,6996.1
2019-02-26 20:45:00,6958.7
2019-02-26 21:00:00,6938.9
2019-02-26 21:15:00,6905.7
2019-02-26 21:30:00,6875.2
2019-02-26 21:45:00,6839.9
2019-02-26 22:00:00,6836.2
2019-02-26 22:15:00,6808.7
2019-02-26 22:30:00,6768.8
2019-02-26 22:45:00,6737.0
2019-02-26 23:00:00,6707.2
2019-02-26 23:15:00,6665.1
2019-02-26 23:30:00,6637.9
2019-02-26 23:45:00,6615.9
2019-02-27 00:00:00,6582.8
2019-02-27 00:15:00,6562.4
2019-02-27 00:30:00,6551.2
2019-02-27 00:45:00,6540.1
2019-02-27 01:00:00,6522.8
2019-02-27 01:15:00,6515.1
2019-02-27 01:30:00,6505.9
2019-02-27 01:45:00,6500.1
2019-02-27 02:00:00,6496.5
2019-02-27 02:15:00,6493.5
2019-02-27 02:30:00,6493.7
2019-02-27 02:45:00,6499.8
2019-02-27 03:00:00,6515.8
2019-02-27 03:15:00,6526.4
2019-02-27 03:30:00,6533.4
2019-02-27 03:45:00,6542.7
2019-02-27 04:00:00,6561.1
2019-02-27 04:15:00,6573.3
2019-02-27 04:30:00,6591.3
2019-02-27 04:45:00,6613.8
2019-02-27 05:00:00,6648.0
2019-02-27 05:15:00,6676.5
2019-02-27 05:30:00,6713.3
2019-02-27 05:45:00,6759.5
2019-02-27 06:00:00,6845.6
2019-02-27 06:15:00,6915.1
2019-02-27 06:30:00,6981.0
2019-02-27 06:45:00,7027.1
2019-02-27 07:00:00,7060.5
2019-02-27 07:15:00,7083.3
2019-02-27 07:30:00,7100.1
2019-02-27 07:45:00,7121.5
2019-02-27 08:00:00,7134.4
2019-02-27 08:15:00,7143.1
2019-02-27 08:30:00,7151.7
2019-02-27 08:45:00,7148.6
2019-02-27 09:00:00,7140.4
2019-02-27 09:15:00,7141.6
2019-02-27 09:30:00,7155.2
2019-02-27 09:45:00,7159.6
2019-02-27 10:00:00,7166.9
2019-02-27 10:15:00,7167.9
2019-02-27 10:30:00,7170.0
2019-02-27 10:45:00,7164.2
2019-02-27 11:00:00,7168.5
2019-02-27 11:15:00,7172.1
2019-02-27 11:30:00,7171.1
2019-02-27 11:45:00,7160.9
2019-02-27 12:00:00,7140.3
2019-02-27 12:15:00,7129.2
2019-02-27 12:30:00,7129.1
2019-02-27 12:45:00,7119.3
2019-02-27 13:00:00,7113.6
2019-02-27 13:15:00,7104.2
2019-02-27 13:30:00,7107.7
2019-02-27 13:45:00,7084.1
2019-02-27 14:00:00,7082.2
2019-02-27 14:15:00,7074.2
2019-02-27 14:30:00,7058.9
2019-02-27 14:45:00,7039.7
2019-02-27 15:00:00,7041.6
2019-02-27 15:15:00,7030.2
2019-02-27 15:30:00,7021.0
2019-02-27 15:45:00,7004.1
2019-02-27 16:00:00,6996.9
2019-02-27 16:15:00,6996.0
2019-02-27 16:30:00,6991.0
2019-02-27 16:45:00,6997.6
2019-02-27 17:00:00,7011.5
2019-02-27 17:15:00,7022.1
2019-02-27 17:30:00,7050.8
2019-02-27 17:45:00,7086.8
2019-02-27 18:00:00,7133.0
2019-02-27 18:15:00,7179.4
2019-02-27 18:30:00,7220.0
2019-02-27 18:45:00,7234.9
2019-02-27 19:00:00,7227.5
2019-02-27 19:15:00,7206.1
2019-02-27 19:30:00,7190.8
2019-02-27 19:45:00,7161.3
2019-02-27 20:00:00,7134.8
2019-02-27 20:15:00,7105.2
2019-02-27 20:30:00,7076.2
2019-02-27 20:45:00,7035.7
2019-02-27 21:00:00,7001.2
2019-02-27 21:15:00,6971.5
2019-02-27 21:30:00,6934.0
2019-02-27 21:45:00,6897.9
2019-02-27 22:00:00,6889.5
2019-02-27 22:15:00,6864.0
2019-02-27 22:30:00,6827.7
2019-02-27 22:45:00,6793.2
2019-02-27 23:00:00,6770.2
2019-02-27 23:15:00,6737.0
2019-02-27 23:30:00,6713.8
2019-02-27 23:45:00,6691.1
2019-02-28 00:00:00,6646.3
2019-02-28 00:15:00,6633.3
2019-02-28 00:30:00,6617.8
2019-02-28 00:45:00,6592.5
2019-02-28 01:00:00,6578.9
2019-02-28 01:15:00,6560.2
2019-02-28 01:30:00,6554.3
2019-02-28 01:45:00,6541.1
2019-02-28 02:00:00,6533.9
2019-02-28 02:15:00,6530.6
2019-02-28 02:30:00,6539.7
2019-02-28 02:45:00,6535.5
2019-02-28 03:00:00,6544.7
2019-02-28 03:15:00,6557.1
2019-02-28 03:30:00,6557.8
2019-02-28 03:45:00,6564.3
2019-02-28 04:00:00,6581.3
2019-02-28 04:15:00,6590.1
2019-02-28 04:30:00,6605.7
2019-02-28 04:45:00,6614.6
2019-02-28 05:00:00,6656.7
2019-02-28 05:15:00,6671.6
2019-02-28 05:30:00,6693.4
2019-02-28 05:45:00,6732.3
2019-02-28 06:00:00,6824.6
2019-02-28 06:15:00,6898.4
2019-02-28 06:30:00,6958.9
2019-02-28 06:45:00,7003.8
2019-02-28 07:00:00,7055.0
2019-02-28 07:15:00,7079.6
2019-02-28 07:30:00,7097.2
2019-02-28 07:45:00,7111.6
2019-02-28 08:00:00,7134.2
2019-02-28 08:15:00,7146.6
2019-02-28 08:30:00,7149.4
2019-02-28 08:45:00,7144.0
2019-02-28 09:00:00,7128.6
2019-02-28 09:15:00,7141.4
2019-02-28 09:30:00,7147.4
2019-02-28 09:45:00,7159.9
2019-02-28 10:00:00,7142.1
2019-02-28 10:15:00,7135.2
2019-02-28 10:30:00,7142.1
2019-02-28 10:45:00,7146.4
2019-02-28 11:00:00,7156.8
2019-02-28 11:15:00,7151.0
2019-02-28 11:30:00,7160.9
2019-02-28 11:45:00,7156.9
2019-02-28 12:00:00,7143.8
2019-02-28 12:15:00,7122.1
2019-02-28 12:30:00,7111.7
2019-02-28 12:45:00,7114.4
2019-02-28 13:00:00,7106.1
2019-02-28 13:15:00,7103.0
2019-02-28 13:30:00,7080.8
2019-02-28 13:45:00,7053.6
2019-02-28 14:00:00,7063.1
2019-02-28 14:15:00,7048.9
2019-02-28 14:30:00,7049.4
2019-02-28 14:45:00,7050.3
2019-02-28 15:00:00,7063.2
2019-02-28 15:15:00,7062.2
2019-02-28 15:30:00,7057.5
2019-02-28 15:45:00,7056.0
2019-02-28 16:00:00,7048.8
2019-02-28 16:15:00,7042.8
2019-02-28 16:30:00,7036.4
2019-02-28 16:45:00,7042.0
2019-02-28 17:00:00,7065.0
2019-02-28 17:15:00,7078.2
2019-02-28 17:30:00,7096.2
2019-02-28 17:45:00,7115.0
2019-02-28 18:00:00,7148.8
2019-02-28 18:15:00,7181.0
2019-02-28 18:30:00,7202.3
2019-02-28 18:45:00,7207.8
2019-02-28 19:00:00,7196.6
2019-02-28 19:15:00,7173.8
2019-02-28 19:30:00,7159.4
2019-02-28 19:45:00,7130.1
2019-02-28 20:00:00,7094.0
2019-02-28 20:15:00,7048.2
2019-02-28 20:30:00,7007.6
2019-02-28 20:45:00,6979.6
2019-02-28 21:00:00,6955.3
2019-02-28 21:15:00,6926.3
2019-02-28 21:30:00,6892.8
2019-02-28 21:45:00,6864.3
2019-02-28 22:00:00,6847.6
2019-02-28 22:15:00,6814.5
2019-02-28 22:30:00,6780.5
2019-02-28 22:45:00,6746.8
2019-02-28 23:00:00,6711.1
2019-02-28 23:15:00,6678.2
2019-02-28 23:30:00,6640.0
2019-02-28 23:45:00,6607.1
2019-03-01 00:00:00,6585.5
2019-03-01 00:15:00,6566.7
2019-03-01 00:30:00,6550.0
2019-03-01 00:45:00,6537.4
2019-03-01 01:00:00,6523.3
2019-03-01 01:15:00,6511.6
2019-03-01 01:30:00,6507.6
2019-03-01 01:45:00,6496.2
2019-03-01 02:00:00,6483.4
2019-03-01 02:15:00,6477.2
2019-03-01 02:30:00,6484.4
2019-03-01 02:45:00,6481.6
2019-03-01 03:00:00,6477.6
2019-03-01 03:15:00,6482.3
2019-03-01 03:30:00,6489.1
2019-03-01 03:45:00,6499.3
2019-03-01 04:00:00,6516.8
2019-03-01 04:15:00,6528.9
2019-03-01 04:30:00,6548.0
2019-03-01 04:45:00,6563.9
2019-03-01 05:00:00,6605.7
2019-03-01 05:15:00,6624.0
2019-03-01 05:30:00,6672.1
2019-03-01 05:45:00,6720.5
2019-03-01 06:00:00,6801.0
2019-03-01 06:15:00,6871.4
2019-03-01 06:30:00,6931.9
2019-03-01 06:45:00,6980.1
2019-03-01 07:00:00,7023.2
2019-03-01 07:15:00,7048.1
2019-03-01 07:30:00,7079.0
2019-03-01 07:45:00,7105.8
2019-03-01 08:00:00,7133.7
2019-03-01 08:15:00,7150.2
2019-03-01 08:30:00,7162.8
2019-03-01 08:45:00,7174.1
2019-03-01 09:00:00,7167.0
2019-03-01 09:15:00,7182.0
2019-03-01 09:30:00,7194.7
2019-03-01 09:45:00,7210.8
2019-03-01 10:00:00,7221.3
2019-03-01 10:15:00,7232.8
2019-03-01 10:30:00,7238.0
2019-03-01 10:45:00,7248.2
2019-03-01 11:00:00,7252.7
2019-03-01 11:15:00,7264.6
2019-03-01 11:30:00,7268.1
2019-03-01 11:45:00,7262.3
2019-03-01 12:00:00,7248.6
2019-03-01 12:15:00,7236.3
2019-03-01 12:30:00,7225.7
2019-03-01 12:45:00,7219.2
2019-03-01 13:00:00,7214.9
2019-03-01 13:15:00,7193.9
2019-03-01 13:30:00,7181.2
2019-03-01 13:45:00,7154.0
2019-03-01 14:00:00,7145.9
2019-03-01 14:15:00,7130.8
2019-03-01 14:30:00,7122.1
2019-03-01 14:45:00,7114.5
2019-03-01 15:00:00,7115.6
2019-03-01 15:15:00,7100.8
2019-03-01 15:30:00,7088.4
2019-03-01 15:45:00,7070.5
2019-03-01 16:00:00,7074.3
2019-03-01 16:15:00,7065.2
2019-03-01 16:30:00,7058.0
2019-03-01 16:45:00,7057.0
2019-03-01 17:00:00,7068.8
2019-03-01 17:15:00,7074.7
2019-03-01 17:30:00,7081.6
2019-03-01 17:45:00,7109.0
2019-03-01 18:00:00,7110.9
2019-03-01 18:15:00,7130.6
2019-03-01 18:30:00,7147.3
2019-03-01 18:45:00,7139.5
2019-03-01 19:00:00,7128.5
2019-03-01 19:15:00,7102.3
2019-03-01 19:30:00,7079.6
2019-03-01 19:45:00,7052.6
2019-03-01 20:00:00,7009.5
2019-03-01 20:15:00,6981.4
2019-03-01 20:30:00,6937.0
2019-03-01 20:45:00,6896.7
2019-03-01 21:00:00,6878.0
2019-03-01 21:15:00,6864.7
2019-03-01 21:30:00,6833.5
2019-03-01 21:45:00,6807.2
2019-03-01 22:00:00,6794.0
2019-03-01 22:15:00,6774.3
2019-03-01 22:30:00,6744.5
2019-03-01 22:45:00,6721.3
2019-03-01 23:00:00,6681.5
2019-03-01 23:15:00,6656.4
2019-03-01 23:30:00,6617.0
2019-03-01 23:45:00,6603.3
2019-03-02 00:00:00,6589.1
2019-03-02 00:15:00,6564.5
2019-03-02 00:30:00,6544.6
2019-03-02 00:45:00,6521.5
2019-03-02 01:00:00,6501.7
2019-03-02 01:15:00,6488.7
2019-03-02 01:30:00,6469.9
2019-03-02 01:45:00,6465.1
2019-03-02 02:00:00,6454.8
2019-03-02 02:15:00,6452.0
2019-03-02 02:30:00,6449.5
2019-03-02 02:45:00,6444.9
2019-03-02 03:00:00,6444.3
2019-03-02 03:15:00,6439.8
2019-03-02 03:30:00,6436.6
2019-03-02 03:45:00,6428.0
2019-03-02 04:00:00,6435.6
2019-03-02 04:15:00,6430.3
2019-03-02 04:30:00,6432.2
2019-03-02 04:45:00,6435.4
2019-03-02 05:00:00,6444.4
2019-03-02 05:15:00,6437.6
2019-03-02 05:30:00,6432.8
2019-03-02 05:45:00,6437.4
2019-03-02 06:00:00,6454.2
2019-03-02 06:15:00,6468.3
2019-03-02 06:30:00,6490.7
2019-03-02 06:45:00,6506.2
2019-03-02 07:00:00,6532.4
2019-03-02 07:15:00,6557.8
2019-03-02 07:30:00,6588.7
2019-03-02 07:45:00,6632.8
2019-03-02 08:00:00,6667.9
2019-03-02 08:15:00,6702.6
2019-03-02 08:30:00,6738.2
2019-03-02 08:45:00,6756.1
2019-03-02 09:00:00,6781.4
2019-03-02 09:15:00,6808.0
2019-03-02 09:30:00,6824.5
2019-03-02 09:45:00,6843.2
2019-03-02 10:00:00,6848.4
2019-03-02 10:15:00,6858.9
2019-03-02 10:30:00,6873.1
2019-03-02 10:45:00,6866.5
2019-03-02 11:00:00,6876.1
2019-03-02 11:15:00,6884.5
2019-03-02 11:30:00,6881.3
2019-03-02 11:45:00,6874.8
2019-03-02 12:00:00,6852.5
2019-03-02 12:15:00,6845.0
2019-03-02 12:30:00,6836.4
2019-03-02 12:45:00,6817.3
2019-03-02 13:00:00,6791.1
2019-03-02 13:15:00,6781.7
2019-03-02 13:30:00,6762.0
2019-03-02 13:45:00,6747.6
2019-03-02 14:00:00,6727.4
2019-03-02 14:15:00,6712.5
2019-03-02 14:30:00,6706.4
2019-03-02 14:45:00,6701.3
2019-03-02 15:00:00,6705.5
2019-03-02 15:15:00,6696.0
2019-03-02 15:30:00,6690.5
2019-03-02 15:45:00,6687.6
2019-03-02 16:00:00,6685.9
2019-03-02 16:15:00,6693.6
2019-03-02 16:30:00,6688.6
2019-03-02 16:45:00,6699.1
2019-03-02 17:00:00,6719.0
2019-03-02 17:15:00,6743.1
2019-03-02 17:30:00,6774.7
2019-03-02 17:45:00,6808.1
2019-03-02 18:00:00,6848.3
2019-03-02 18:15:00,6877.0
2019-03-02 18:30:00,6886.9
2019-03-02 18:45:00,6881.5
2019-03-02 19:00:00,6884.8
2019-03-02 19:15:00,6879.3
2019-03-02 19:30:00,6854.2
2019-03-02 19:45:00,6830.7
2019-03-02 20:00:00,6789.2
2019-03-02 20:15:00,6756.0
2019-03-02 20:30:00,6719.7
2019-03-02 20:45:00,6671.4
2019-03-02 21:00:00,6666.2
2019-03-02 21:15:00,6644.5
2019-03-02 21:30:00,6624.3
2019-03-02 21:45:00,6606.1
2019-03-02 22:00:00,6615.8
2019-03-02 22:15:00,6598.6
2019-03-02 22:30:00,6569.3
2019-03-02 22:45:00,6540.0
2019-03-02 23:00:00,6516.0
2019-03-02 23:15:00,6495.9
2019-03-02 23:30:00,6477.4
2019-03-02 23:45:00,6458.4
2019-03-03 00:00:00,6433.3
2019-03-03 00:15:00,6410.8
2019-03-03 00:30:00,6391.6
2019-03-03 00:45:00,6376.9
2019-03-03 01:00:00,6357.3
2019-03-03 01:15:00,6335.4
2019-03-03 01:30:00,6322.0
2019-03-03 01:45:00,6311.7
2019-03-03 02:00:00,6311.7
2019-03-03 02:15:00,6299.8
2019-03-03 02:30:00,6301.7
2019-03-03 02:45:00,6304.0
2019-03-03 03:00:00,6303.1
2019-03-03 03:15:00,6304.5
2019-03-03 03:30:00,6306.4
2019-03-03 03:45:00,6312.8
2019-03-03 04:00:00,6326.5
2019-03-03 04:15:00,6326.3
2019-03-03 04:30:00,6329.6
2019-03-03 04:45:00,6331.5
2019-03-03 05:00:00,6342.3
2019-03-03 05:15:00,6334.3
2019-03-03 05:30:00,6331.9
2019-03-03 05:45:00,6327.9
2019-03-03 06:00:00,6329.6
2019-03-03 06:15:00,6334.0
2019-03-03 06:30:00,6338.7
2019-03-03 06:45:00,6347.3
2019-03-03 07:00:00,6352.6
2019-03-03 07:15:00,6365.4
2019-03-03 07:30:00,6384.8
2019-03-03 07:45:00,6420.7
2019-03-03 08:00:00,6452.1
2019-03-03 08:15:00,6488.0
2019-03-03 08:30:00,6514.9
2019-03-03 08:45:00,6538.7
2019-03-03 09:00:00,6571.6
2019-03-03 09:15:00,6583.3
2019-03-03 09:30:00,6592.0
2019-03-03 09:45:00,6616.5
2019-03-03 10:00:00,6629.6
2019-03-03 10:15:00,6651.6
2019-03-03 10:30:00,6663.7
2019-03-03 10:45:00,6691.3
2019-03-03 11:00:00,6703.1
2019-03-03 11:15:00,6724.3
2019-03-03 11:30:00,6735.0
2019-03-03 11:45:00,6730.2
2019-03-03 12:00:00,6722.5
2019-03-03 12:15:00,6714.0
2019-03-03 12:30:00,6694.1
2019-03-03 12:45:00,6674.0
2019-03-03 13:00:00,6649.8
2019-03-03 13:15:00,6633.7
2019-03-03 13:30:00,6615.9
2019-03-03 13:45:00,6602.9
2019-03-03 14:00:00,6594.3
2019-03-03 14:15:00,6584.1
2019-03-03 14:30:00,6573.0
2019-03-03 14:45:00,6566.9
2019-03-03 15:00:00,6570.7
2019-03-03 15:15:00,6571.8
2019-03-03 15:30:00,6572.7
2019-03-03 15:45:00,6566.2
2019-03-03 16:00:00,6563.2
2019-03-03 16:15:00,6563.2
2019-03-03 16:30:00,6581.8
2019-03-03 16:45:00,6592.9
2019-03-03 17:00:00,6607.1
2019-03-03 17:15:00,6610.4
2019-03-03 17:30:00,6637.5
2019-03-03 17:45:00,6672.2
2019-03-03 18:00:00,6727.2
2019-03-03 18:15:00,6753.1
2019-03-03 18:30:00,6768.7
2019-03-03 18:45:00,6770.8
2019-03-03 19:00:00,6781.1
2019-03-03 19:15:00,6764.9
2019-03-03 19:30:00,6746.6
2019-03-03 19:45:00,6734.9
2019-03-03 20:00:00,6710.3
2019-03-03 20:15:00,6683.5
2019-03-03 20:30:00,6655.4
2019-03-03 20:45:00,6633.9
2019-03-03 21:00:00,6633.0
2019-03-03 21:15:00,6616.5
2019-03-03 21:30:00,6607.2
2019-03-03 21:45:00,6610.7
2019-03-03 22:00:00,6632.0
2019-03-03 22:15:00,6610.2
2019-03-03 22:30:00,6589.6
2019-03-03 22:45:00,6571.3
2019-03-03 23:00:00,6543.8
2019-03-03 23:15:00,6526.4
2019-03-03 23:30:00,6496.6
2019-03-03 23:45:00,6476.9
2019-03-04 00:00:00,6483.0
2019-03-04 00:15:00,6463.7
2019-03-04 00:30:00,6453.5
2019-03-04 00:45:00,6434.2
2019-03-04 01:00:00,6420.9
2019-03-04 01:15:00,6402.6
2019-03-04 01:30:00,6392.3
2019-03-04 01:45:00,6386.4
2019-03-04 02:00:00,6380.7
2019-03-04 02:15:00,6383.1
2019-03-04 02:30:00,6384.0
2019-03-04 02:45:00,6394.5
2019-03-04 03:00:00,6406.8
2019-03-04 03:15:00,6423.3
2019-03-04 03:30:00,6428.5
2019-03-04 03:45:00,6425.2
2019-03-04 04:00:00,6442.5
2019-03-04 04:15:00,6462.8
2019-03-04 04:30:00,6486.6
2019-03-04 04:45:00,6509.0
2019-03-04 05:00:00,6537.8
2019-03-04 05:15:00,6564.0
2019-03-04 05:30:00,6603.7
2019-03-04 05:45:00,6650.8
2019-03-04 06:00:00,6738.8
2019-03-04 06:15:00,6818.0
2019-03-04 06:30:00,6869.1
2019-03-04 06:45:00,6903.3
2019-03-04 07:00:00,6957.3
2019-03-04 07:15:00,6979.8
2019-03-04 07:30:00,7009.6
2019-03-04 07:45:00,7043.5
2019-03-04 08:00:00,7073.7
2019-03-04 08:15:00,7100.8
2019-03-04 08:30:00,7123.3
2019-03-04 08:45:00,7129.4
2019-03-04 09:00:00,7121.2
2019-03-04 09:15:00,7138.9
2019-03-04 09:30:00,7152.5
2019-03-04 09:45:00,7159.5
2019-03-04 10:00:00,7155.4
2019-03-04 10:15:00,7163.6
2019-03-04 10:30:00,7177.7
2019-03-04 10:45:00,7181.6
2019-03-04 11:00:00,7190.8
2019-03-04 11:15:00,7207.0
2019-03-04 11:30:00,7225.1
2019-03-04 11:45:00,7223.6
2019-03-04 12:00:00,7194.2
2019-03-04 12:15:00,7175.9
2019-03-04 12:30:00,7159.9
2019-03-04 12:45:00,7155.4
2019-03-04 13:00:00,7143.3
2019-03-04 13:15:00,7134.3
2019-03-04 13:30:00,7132.9
2019-03-04 13:45:00,7107.4
2019-03-04 14:00:00,7101.6
2019-03-04 14:15:00,7098.7
2019-03-04 14:30:00,7083.7
2019-03-04 14:45:00,7083.6
2019-03-04 15:00:00,7102.8
2019-03-04 15:15:00,7091.5
2019-03-04 15:30:00,7071.9
2019-03-04 15:45:00,7060.3
2019-03-04 16:00:00,7051.8
2019-03-04 16:15:00,7050.7
2019-03-04 16:30:00,7044.6
2019-03-04 16:45:00,7043.4
2019-03-04 17:00:00,7061.7
2019-03-04 17:15:00,7071.3
2019-03-04 17:30:00,7088.7
2019-03-04 17:45:00,7112.3
2019-03-04 18:00:00,7139.0
2019-03-04 18:15:00,7165.8
2019-03-04 18:30:00,7194.4
2019-03-04 18:45:00,7204.4
2019-03-04 19:00:00,7199.8
2019-03-04 19:15:00,7181.7
2019-03-04 19:30:00,7163.9
2019-03-04 19:45:00,7131.5
2019-03-04 20:00:00,7082.1
2019-03-04 20:15:00,7048.6
2019-03-04 20:30:00,7013.8
2019-03-04 20:45:00,6981.2
2019-03-04 21:00:00,6953.4
2019-03-04 21:15:00,6929.5
2019-03-04 21:30:00,6898.9
2019-03-04 21:45:00,6872.8
2019-03-04 22:00:00,6856.5
2019-03-04 22:15:00,6843.8
2019-03-04 22:30:00,6810.6
2019-03-04 22:45:00,6783.2
2019-03-04 23:00:00,6740.7
2019-03-04 23:15:00,6707.2
2019-03-04 23:30:00,6679.7
2019-03-04 23:45:00,6654.5
2019-03-05 00:00:00,6634.8
2019-03-05 00:15:00,6599.7
2019-03-05 00:30:00,6596.0
2019-03-05 00:45:00,6586.1
2019-03-05 01:00:00,6577.2
2019-03-05 01:15:00,6568.2
2019-03-05 01:30:00,6551.3
2019-03-05 01:45:00,6546.8
2019-03-05 02:00:00,6541.1
2019-03-05 02:15:00,6535.3
2019-03-05 02:30:00,6539.3
2019-03-05 02:45:00,6530.4
2019-03-05 03:00:00,6539.5
2019-03-05 03:15:00,6547.2
2019-03-05 03:30:00,6551.3
2019-03-05 03:45:00,6560.3
2019-03-05 04:00:00,6569.9
2019-03-05 04:15:00,6583.5
2019-03-05 04:30:00,6596.7
2019-03-05 04:45:00,6604.7
2019-03-05 05:00:00,6655.4
2019-03-05 05:15:00,6679.6
2019-03-05 05:30:00,6712.8
2019-03-05 05:45:00,6747.8
2019-03-05 06:00:00,6822.8
2019-03-05 06:15:00,6891.4
2019-03-05 06:30:00,6937.5
2019-03-05 06:45:00,6972.2
2019-03-05 07:00:00,7017.0
2019-03-05 07:15:00,7053.2
2019-03-05 07:30:00,7072.3
2019-03-05 07:45:00,7105.1
2019-03-05 08:00:00,7124.4
2019-03-05 08:15:00,7149.1
2019-03-05 08:30:00,7169.1
2019-03-05 08:45:00,7174.4
2019-03-05 09:00:00,7161.8
2019-03-05 09:15:00,7165.3
2019-03-05 09:30:00,7192.2
2019-03-05 09:45:00,7206.9
2019-03-05 10:00:00,7210.5
2019-03-05 10:15:00,7207.7
2019-03-05 10:30:00,7211.9
2019-03-05 10:45:00,7220.4
2019-03-05 11:00:00,7224.8
2019-03-05 11:15:00,7233.2
2019-03-05 11:30:00,7240.6
2019-03-05 11:45:00,7233.5
2019-03-05 12:00:00,7226.0
2019-03-05 12:15:00,7214.8
2019-03-05 12:30:00,7215.7
2019-03-05 12:45:00,7213.4
2019-03-05 13:00:00,7207.0
2019-03-05 13:15:00,7187.1
2019-03-05 13:30:00,7170.8
2019-03-05 13:45:00,7142.4
2019-03-05 14:00:00,7143.0
2019-03-05 14:15:00,7142.1
2019-03-05 14:30:00,7127.8
2019-03-05 14:45:00,7115.6
2019-03-05 15:00:00,7110.4
2019-03-05 15:15:00,7102.9
2019-03-05 15:30:00,7094.4
2019-03-05 15:45:00,7082.4
2019-03-05 16:00:00,7078.0
2019-03-05 16:15:00,7067.3
2019-03-05 16:30:00,7063.2
2019-03-05 16:45:00,7059.8
2019-03-05 17:00:00,7066.0
2019-03-05 17:15:00,7085.7
2019-03-05 17:30:00,7099.7
2019-03-05 17:45:00,7116.4
2019-03-05 18:00:00,7140.0
2019-03-05 18:15:00,7173.7
2019-03-05 18:30:00,7212.0
2019-03-05 18:45:00,7217.7
2019-03-05 19:00:00,7216.9
2019-03-05 19:15:00,7191.8
2019-03-05 19:30:00,7166.9
2019-03-05 19:45:00,7146.1
2019-03-05 20:00:00,7113.2
2019-03-05 20:15:00,7078.5
2019-03-05 20:30:00,7036.4
2019-03-05 20:45:00,7002.6
2019-03-05 21:00:00,6973.5
2019-03-05 21:15:00,6951.6
2019-03-05 21:30:00,6924.2
2019-03-05 21:45:00,6898.1
2019-03-05 22:00:00,6887.3
2019-03-05 22:15:00,6855.4
2019-03-05 22:30:00,6833.4
2019-03-05 22:45:00,6800.1
2019-03-05 23:00:00,6759.5
2019-03-05 23:15:00,6713.9
2019-03-05 23:30:00,6680.8
2019-03-05 23:45:00,6657.2
2019-03-06 00:00:00,6621.3
2019-03-06 00:15:00,6595.3
2019-03-06 00:30:00,6571.1
2019-03-06 00:45:00,6558.5
2019-03-06 01:00:00,6532.0
2019-03-06 01:15:00,6519.5
2019-03-06 01:30:00,6511.6
2019-03-06 01:45:00,6509.2
2019-03-06 02:00:00,6495.7
2019-03-06 02:15:00,6490.9
2019-03-06 02:30:00,6498.9
2019-03-06 02:45:00,6505.0
2019-03-06 03:00:00,6507.9
2019-03-06 03:15:00,6512.3
2019-03-06 03:30:00,6523.8
2019-03-06 03:45:00,6533.0
2019-03-06 04:00:00,6547.4
2019-03-06 04:15:00,6564.3
2019-03-06 04:30:00,6590.2
2019-03-06 04:45:00,6607.5
2019-03-06 05:00:00,6645.1
2019-03-06 05:15:00,6667.2
2019-03-06 05:30:00,6690.5
2019-03-06 05:45:00,6741.0
2019-03-06 06:00:00,6808.2
2019-03-06 06:15:00,6878.9
2019-03-06 06:30:00,6944.1
2019-03-06 06:45:00,6983.4
2019-03-06 07:00:00,7031.6
2019-03-06 07:15:00,7057.0
2019-03-06 07:30:00,7070.6
2019-03-06 07:45:00,7091.1
2019-03-06 08:00:00,7113.8
2019-03-06 08:15:00,7134.8
2019-03-06 08:30:00,7150.6
2019-03-06 08:45:00,7158.6
2019-03-06 09:00:00,7148.9
2019-03-06 09:15:00,7157.3
2019-03-06 09:30:00,7168.5
2019-03-06 09:45:00,7162.8
2019-03-06 10:00:00,7153.5
2019-03-06 10:15:00,7147.5
2019-03-06 10:30:00,7153.0
2019-03-06 10:45:00,7165.1
2019-03-06 11:00:00,7172.5
2019-03-06 11:15:00,7188.7
2019-03-06 11:30:00,7198.5
2019-03-06 11:45:00,7202.6
2019-03-06 12:00:00,7192.3
2019-03-06 12:15:00,7174.6
2019-03-06 12:30:00,7175.2
2019-03-06 12:45:00,7173.3
2019-03-06 13:00:00,7179.4
2019-03-06 13:15:00,7172.3
2019-03-06 13:30:00,7159.1
2019-03-06 13:45:00,7148.6
2019-03-06 14:00:00,7139.0
2019-03-06 14:15:00,7136.9
2019-03-06 14:30:00,7127.4
2019-03-06 14:45:00,7130.5
2019-03-06 15:00:00,7140.2
2019-03-06 15:15:00,7137.9
2019-03-06 15:30:00,7123.0
2019-03-06 15:45:00,7108.4
2019-03-06 16:00:00,7098.0
2019-03-06 16:15:00,7083.1
2019-03-06 16:30:00,7073.3
2019-03-06 16:45:00,7070.2
2019-03-06 17:00:00,7089.6
2019-03-06 17:15:00,7097.4
2019-03-06 17:30:00,7126.6
2019-03-06 17:45:00,7145.1
2019-03-06 18:00:00,7186.6
2019-03-06 18:15:00,7220.9
2019-03-06 18:30:00,7250.6
2019-03-06 18:45:00,7253.1
2019-03-06 19:00:00,7258.5
2019-03-06 19:15:00,7234.4
2019-03-06 19:30:00,7212.2
2019-03-06 19:45:00,7186.3
2019-03-06 20:00:00,7150.6
2019-03-06 20:15:00,7109.0
2019-03-06 20:30:00,7073.7
2019-03-06 20:45:00,7037.3
2019-03-06 21:00:00,6991.5
2019-03-06 21:15:00,6963.7
2019-03-06 21:30:00,6929.0
2019-03-06 21:45:00,6904.3
2019-03-06 22:00:00,6879.9
2019-03-06 22:15:00,6860.5
2019-03-06 22:30:00,6823.6
2019-03-06 22:45:00,6790.3
2019-03-06 23:00:00,6751.0
2019-03-06 23:15:00,6714.4
2019-03-06 23:30:00,6695.6
2019-03-06 23:45:00,6655.3
2019-03-07 00:00:00,6643.8
2019-03-07 00:15:00,6611.6
2019-03-07 00:30:00,6602.9
2019-03-07 00:45:00,6591.9
2019-03-07 01:00:00,6560.6
2019-03-07 01:15:00,6545.6
2019-03-07 01:30:00,6536.3
2019-03-07 01:45:00,6518.5
2019-03-07 02:00:00,6498.2
2019-03-07 02:15:00,6491.4
2019-03-07 02:30:00,6492.6
2019-03-07 02:45:00,6495.7
2019-03-07 03:00:00,6492.6
2019-03-07 03:15:00,6496.9
2019-03-07 03:30:00,6497.0
2019-03-07 03:45:00,6504.3
2019-03-07 04:00:00,6511.6
2019-03-07 04:15:00,6521.8
2019-03-07 04:30:00,6548.4
2019-03-07 04:45:00,6569.3
2019-03-07 05:00:00,6609.4
2019-03-07 05:15:00,6634.8
2019-03-07 05:30:00,6669.1
2019-03-07 05:45:00,6710.2
2019-03-07 06:00:00,6800.1
2019-03-07 06:15:00,6879.9
2019-03-07 06:30:00,6937.5
2019-03-07 06:45:00,6977.3
2019-03-07 07:00:00,7028.3
2019-03-07 07:15:00,7058.2
2019-03-07 07:30:00,7076.0
2019-03-07 07:45:00,7103.2
2019-03-07 08:00:00,7139.5
2019-03-07 08:15:00,7156.7
2019-03-07 08:30:00,7160.9
2019-03-07 08:45:00,7171.1
2019-03-07 09:00:00,7158.0
2019-03-07 09:15:00,7174.2
2019-03-07 09:30:00,7191.3
2019-03-07 09:45:00,7198.0
2019-03-07 10:00:00,7210.7
2019-03-07 10:15:00,7214.1
2019-03-07 10:30:00,7223.9
2019-03-07 10:45:00,7226.6
2019-03-07 11:00:00,7224.8
2019-03-07 11:15:00,7218.2
2019-03-07 11:30:00,7224.6
2019-03-07 11:45:00,7221.9
2019-03-07 12:00:00,7216.7
2019-03-07 12:15:00,7214.0
2019-03-07 12:30:00,7212.1
2019-03-07 12:45:00,7202.5
2019-03-07 13:00:00,7208.2
2019-03-07 13:15:00,7190.1
2019-03-07 13:30:00,7175.0
2019-03-07 13:45:00,7169.0
2019-03-07 14:00:00,7161.1
2019-03-07 14:15:00,7164.6
2019-03-07 14:30:00,7154.5
2019-03-07 14:45:00,7140.2
2019-03-07 15:00:00,7147.9
2019-03-07 15:15:00,7150.5
2019-03-07 15:30:00,7128.7
2019-03-07 15:45:00,7110.5
2019-03-07 16:00:00,7104.3
2019-03-07 16:15:00,7101.9
2019-03-07 16:30:00,7091.9
2019-03-07 16:45:00,7085.5
2019-03-07 17:00:00,7101.6
2019-03-07 17:15:00,7093.1
2019-03-07 17:30:00,7099.4
2019-03-07 17:45:00,7128.7
2019-03-07 18:00:00,7150.3
2019-03-07 18:15:00,7184.8
2019-03-07 18:30:00,7229.8
2019-03-07 18:45:00,7245.8
2019-03-07 19:00:00,7242.4
2019-03-07 19:15:00,7228.1
2019-03-07 19:30:00,7215.7
2019-03-07 19:45:00,7197.2
2019-03-07 20:00:00,7145.0
2019-03-07 20:15:00,7108.1
2019-03-07 20:30:00,7072.9
2019-03-07 20:45:00,7040.9
2019-03-07 21:00:00,7006.2
2019-03-07 21:15:00,6978.6
2019-03-07 21:30:00,6946.7
2019-03-07 21:45:00,6920.0
2019-03-07 22:00:00,6902.4
2019-03-07 22:15:00,6878.1
2019-03-07 22:30:00,6842.7
2019-03-07 22:45:00,6800.5
2019-03-07 23:00:00,6769.6
2019-03-07 23:15:00,6745.9
2019-03-07 23:30:00,6725.5
2019-03-07 23:45:00,6695.0
2019-03-08 00:00:00,6666.9
2019-03-08 00:15:00,6637.6
2019-03-08 00:30:00,6621.2
2019-03-08 00:45:00,6603.5
2019-03-08 01:00:00,6574.3
2019-03-08 01:15:00,6560.8
2019-03-08 01:30:00,6550.2
2019-03-08 01:45:00,6546.3
2019-03-08 02:00:00,6531.2
2019-03-08 02:15:00,6524.9
2019-03-08 02:30:00,6526.5
2019-03-08 02:45:00,6534.8
2019-03-08 03:00:00,6549.5
2019-03-08 03:15:00,6550.9
2019-03-08 03:30:00,6568.1
2019-03-08 03:45:00,6576.3
2019-03-08 04:00:00,6590.7
2019-03-08 04:15:00,6597.2
2019-03-08 04:30:00,6613.0
2019-03-08 04:45:00,6631.9
2019-03-08 05:00:00,6670.0
2019-03-08 05:15:00,6693.2
2019-03-08 05:30:00,6720.3
2019-03-08 05:45:00,6759.2
2019-03-08 06:00:00,6847.1
2019-03-08 06:15:00,6906.8
2019-03-08 06:30:00,6949.5
2019-03-08 06:45:00,6981.4
2019-03-08 07:00:00,7016.2
2019-03-08 07:15:00,7047.2
2019-03-08 07:30:00,7077.0
2019-03-08 07:45:00,7103.5
2019-03-08 08:00:00,7130.1
2019-03-08 08:15:00,7144.0
2019-03-08 08:30:00,7153.4
2019-03-08 08:45:00,7151.2
2019-03-08 09:00:00,7146.5
2019-03-08 09:15:00,7173.1
2019-03-08 09:30:00,7180.0
2019-03-08 09:45:00,7193.6
2019-03-08 10:00:00,7183.6
2019-03-08 10:15:00,7199.5
2019-03-08 10:30:00,7210.6
2019-03-08 10:45:00,7217.6
2019-03-08 11:00:00,7216.7
2019-03-08 11:15:00,7228.4
2019-03-08 11:30:00,7225.5
2019-03-08 11:45:00,7221.1
2019-03-08 12:00:00,7202.5
2019-03-08 12:15:00,7200.3
2019-03-08 12:30:00,7183.0
2019-03-08 12:45:00,7167.0
2019-03-08 13:00:00,7164.4
2019-03-08 13:15:00,7145.9
2019-03-08 13:30:00,7129.1
2019-03-08 13:45:00,7094.5
2019-03-08 14:00:00,7083.7
2019-03-08 14:15:00,7067.2
2019-03-08 14:30:00,7053.3
2019-03-08 14:45:00,7044.3
2019-03-08 15:00:00,7047.1
2019-03-08 15:15:00,7039.7
2019-03-08 15:30:00,7021.8
2019-03-08 15:45:00,6994.3
2019-03-08 16:00:00,6999.2
2019-03-08 16:15:00,6992.9
2019-03-08 16:30:00,6985.4
2019-03-08 16:45:00,6993.2
2019-03-08 17:00:00,7006.0
2019-03-08 17:15:00,7002.4
2019-03-08 17:30:00,7016.1
2019-03-08 17:45:00,7031.6
2019-03-08 18:00:00,7052.8
2019-03-08 18:15:00,7084.5
2019-03-08 18:30:00,7110.8
2019-03-08 18:45:00,7121.3
2019-03-08 19:00:00,7122.7
2019-03-08 19:15:00,7103.4
2019-03-08 19:30:00,7085.7
2019-03-08 19:45:00,7047.7
2019-03-08 20:00:00,7016.7
2019-03-08 20:15:00,6986.0
2019-03-08 20:30:00,6943.9
2019-03-08 20:45:00,6908.1
2019-03-08 21:00:00,6887.9
2019-03-08 21:15:00,6857.7
2019-03-08 21:30:00,6833.5
2019-03-08 21:45:00,6802.3
2019-03-08 22:00:00,6793.0
2019-03-08 22:15:00,6763.2
2019-03-08 22:30:00,6739.1
2019-03-08 22:45:00,6710.1
2019-03-08 23:00:00,6676.5
2019-03-08 23:15:00,6643.2
2019-03-08 23:30:00,6625.0
2019-03-08 23:45:00,6592.5
2019-03-09 00:00:00,6588.5
2019-03-09 00:15:00,6561.7
2019-03-09 00:30:00,6543.4
2019-03-09 00:45:00,6519.6
2019-03-09 01:00:00,6499.0
2019-03-09 01:15:00,6498.0
2019-03-09 01:30:00,6484.4
2019-03-09 01:45:00,6468.0
2019-03-09 02:00:00,6451.2
2019-03-09 02:15:00,6446.3
2019-03-09 02:30:00,6448.6
2019-03-09 02:45:00,6447.4
2019-03-09 03:00:00,6452.9
2019-03-09 03:15:00,6454.4
2019-03-09 03:30:00,6458.0
2019-03-09 03:45:00,6465.7
2019-03-09 04:00:00,6468.3
2019-03-09 04:15:00,6470.2
2019-03-09 04:30:00,6483.7
2019-03-09 04:45:00,6482.0
2019-03-09 05:00:00,6489.6
2019-03-09 05:15:00,6498.7
2019-03-09 05:30:00,6495.7
2019-03-09 05:45:00,6504.9
2019-03-09 06:00:00,6517.5
2019-03-09 06:15:00,6526.9
2019-03-09 06:30:00,6547.5
2019-03-09 06:45:00,6556.5
2019-03-09 07:00:00,6579.0
2019-03-09 07:15:00,6607.1
2019-03-09 07:30:00,6637.7
2019-03-09 07:45:00,6669.1
2019-03-09 08:00:00,6694.2
2019-03-09 08:15:00,6712.5
2019-03-09 08:30:00,6745.9
2019-03-09 08:45:00,6767.3
2019-03-09 09:00:00,6790.4
2019-03-09 09:15:00,6804.5
2019-03-09 09:30:00,6826.3
2019-03-09 09:45:00,6845.6
2019-03-09 10:00:00,6853.5
2019-03-09 10:15:00,6859.8
2019-03-09 10:30:00,6871.0
2019-03-09 10:45:00,6886.9
2019-03-09 11:00:00,6891.9
2019-03-09 11:15:00,6896.2
2019-03-09 11:30:00,6906.2
2019-03-09 11:45:00,6892.4
2019-03-09 12:00:00,6876.0
2019-03-09 12:15:00,6864.2
2019-03-09 12:30:00,6834.9
2019-03-09 12:45:00,6821.3
2019-03-09 13:00:00,6815.5
2019-03-09 13:15:00,6804.4
2019-03-09 13:30:00,6795.3
2019-03-09 13:45:00,6779.6
2019-03-09 14:00:00,6759.3
2019-03-09 14:15:00,6755.3
2019-03-09 14:30:00,6754.7
2019-03-09 14:45:00,6742.6
2019-03-09 15:00:00,6729.8
2019-03-09 15:15:00,6730.0
2019-03-09 15:30:00,6722.0
2019-03-09 15:45:00,6727.5
2019-03-09 16:00:00,6733.3
2019-03-09 16:15:00,6729.7
2019-03-09 16:30:00,6727.8
2019-03-09 16:45:00,6720.8
2019-03-09 17:00:00,6736.1
2019-03-09 17:15:00,6741.6
2019-03-09 17:30:00,6768.3
2019-03-09 17:45:00,6785.3
2019-03-09 18:00:00,6812.0
2019-03-09 18:15:00,6833.7
2019-03-09 18:30:00,6867.5
2019-03-09 18:45:00,6878.9
2019-03-09 19:00:00,6869.9
2019-03-09 19:15:00,6852.8
2019-03-09 19:30:00,6841.5
2019-03-09 19:45:00,6806.3
2019-03-09 20:00:00,6783.3
2019-03-09 20:15:00,6736.8
2019-03-09 20:30:00,6707.2
2019-03-09 20:45:00,6681.2
2019-03-09 21:00:00,6667.9
2019-03-09 21:15:00,6645.9
2019-03-09 21:30:00,6622.6
2019-03-09 21:45:00,6602.4
2019-03-09 22:00:00,6601.5
2019-03-09 22:15:00,6582.3
2019-03-09 22:30:00,6556.0
2019-03-09 22:45:00,6535.4
2019-03-09 23:00:00,6510.1
2019-03-09 23:15:00,6486.2
2019-03-09 23:30:00,6468.9
2019-03-09 23:45:00,6453.5
2019-03-10 00:00:00,6425.6
2019-03-10 00:15:00,6404.5
2019-03-10 00:30:00,6386.4
2019-03-10 00:45:00,6369.1
2019-03-10 01:00:00,6336.3
2019-03-10 01:15:00,6323.5
2019-03-10 01:30:00,6308.2
2019-03-10 01:45:00,6310.6
2019-03-10 02:00:00,6299.7
2019-03-10 02:15:00,6300.1
2019-03-10 02:30:00,6303.8
2019-03-10 02:45:00,6289.0
2019-03-10 03:00:00,6283.6
2019-03-10 03:15:00,6279.5
2019-03-10 03:30:00,6282.8
2019-03-10 03:45:00,6276.1
2019-03-10 04:00:00,6270.5
2019-03-10 04:15:00,6274.9
2019-03-10 04:30:00,6273.5
2019-03-10 04:45:00,6279.9
2019-03-10 05:00:00,6273.0
2019-03-10 05:15:00,6272.9
2019-03-10 05:30:00,6268.6
2019-03-10 05:45:00,6259.9
2019-03-10 06:00:00,6253.2
2019-03-10 06:15:00,6256.5
2019-03-10 06:30:00,6265.1
2019-03-10 06:45:00,6263.1
2019-03-10 07:00:00,6269.5
2019-03-10 07:15:00,6290.7
2019-03-10 07:30:00,6317.0
2019-03-10 07:45:00,6339.2
2019-03-10 08:00:00,6374.6
2019-03-10 08:15:00,6408.3
2019-03-10 08:30:00,6434.2
2019-03-10 08:45:00,6465.9
2019-03-10 09:00:00,6502.0
2019-03-10 09:15:00,6534.6
2019-03-10 09:30:00,6566.6
2019-03-10 09:45:00,6587.8
2019-03-10 10:00:00,6611.7
2019-03-10 10:15:00,6629.2
2019-03-10 10:30:00,6650.8
2019-03-10 10:45:00,6663.9
2019-03-10 11:00:00,6686.2
2019-03-10 11:15:00,6696.6
2019-03-10 11:30:00,6710.7
2019-03-10 11:45:00,6709.4
2019-03-10 12:00:00,6703.5
2019-03-10 12:15:00,6685.4
2019-03-10 12:30:00,6670.8
2019-03-10 12:45:00,6667.6
2019-03-10 13:00:00,6657.7
2019-03-10 13:15:00,6637.5
2019-03-10 13:30:00,6630.6
2019-03-10 13:45:00,6620.8
2019-03-10 14:00:00,6624.0
2019-03-10 14:15:00,6621.2
2019-03-10 14:30:00,6620.3
2019-03-10 14:45:00,6623.0
2019-03-10 15:00:00,6628.6
2019-03-10 15:15:00,6618.8
2019-03-10 15:30:00,6601.9
2019-03-10 15:45:00,6597.7
2019-03-10 16:00:00,6585.6
2019-03-10 16:15:00,6580.4
2019-03-10 16:30:00,6596.7
2019-03-10 16:45:00,6603.7
2019-03-10 17:00:00,6612.4
2019-03-10 17:15:00,6615.6
2019-03-10 17:30:00,6633.7
2019-03-10 17:45:00,6660.2
2019-03-10 18:00:00,6710.1
2019-03-10 18:15:00,6733.3
2019-03-10 18:30:00,6766.8
2019-03-10 18:45:00,6780.1
2019-03-10 19:00:00,6783.6
2019-03-10 19:15:00,6770.6
2019-03-10 19:30:00,6754.1
2019-03-10 19:45:00,6741.9
2019-03-10 20:00:00,6727.8
2019-03-10 20:15:00,6708.0
2019-03-10 20:30:00,6675.9
2019-03-10 20:45:00,6651.3
2019-03-10 21:00:00,6650.1
2019-03-10 21:15:00,6644.2
2019-03-10 21:30:00,6643.8
2019-03-10 21:45:00,6638.0
2019-03-10 22:00:00,6664.6
2019-03-10 22:15:00,6655.9
2019-03-10 22:30:00,6633.9
2019-03-10 22:45:00,6613.2
2019-03-10 23:00:00,6590.1
2019-03-10 23:15:00,6555.2
2019-03-10 23:30:00,6527.9
2019-03-10 23:45:00,6503.8
2019-03-11 00:00:00,6511.6
2019-03-11 00:15:00,6493.1
2019-03-11 00:30:00,6472.9
2019-03-11 00:45:00,6465.1
2019-03-11 01:00:00,6443.5
2019-03-11 01:15:00,6431.7
2019-03-11 01:30:00,6428.9
2019-03-11 01:45:00,6429.6
2019-03-11 02:00:00,6416.7
2019-03-11 02:15:00,6414.4
2019-03-11 02:30:00,6423.5
2019-03-11 02:45:00,6432.2
2019-03-11 03:00:00,6428.0
2019-03-11 03:15:00,6431.9
2019-03-11 03:30:00,6440.9
2019-03-11 03:45:00,6447.4
2019-03-11 04:00:00,6472.3
2019-03-11 04:15:00,6484.4
2019-03-11 04:30:00,6502.6
2019-03-11 04:45:00,6520.3
2019-03-11 05:00:00,6555.2
2019-03-11 05:15:00,6586.4
2019-03-11 05:30:00,6634.9
2019-03-11 05:45:00,6686.9
2019-03-11 06:00:00,6788.4
2019-03-11 06:15:00,6861.9
2019-03-11 06:30:00,6915.5
2019-03-11 06:45:00,6953.2
2019-03-11 07:00:00,7003.9
2019-03-11 07:15:00,7040.6
2019-03-11 07:30:00,7072.5
2019-03-11 07:45:00,7099.7
2019-03-11 08:00:00,7134.2
2019-03-11 08:15:00,7145.4
2019-03-11 08:30:00,7156.7
2019-03-11 08:45:00,7161.4
2019-03-11 09:00:00,7158.5
2019-03-11 09:15:00,7164.2
2019-03-11 09:30:00,7180.0
2019-03-11 09:45:00,7189.7
2019-03-11 10:00:00,7209.3
2019-03-11 10:15:00,7209.8
2019-03-11 10:30:00,7201.9
2019-03-11 10:45:00,7214.0
2019-03-11 11:00:00,7220.3
2019-03-11 11:15:00,7231.2
2019-03-11 11:30:00,7233.3
2019-03-11 11:45:00,7241.1
2019-03-11 12:00:00,7256.5
2019-03-11 12:15:00,7242.6
2019-03-11 12:30:00,7231.1
2019-03-11 12:45:00,7235.3
2019-03-11 13:00:00,7241.9
2019-03-11 13:15:00,7230.0
2019-03-11 13:30:00,7206.4
2019-03-11 13:45:00,7182.5
2019-03-11 14:00:00,7169.7
2019-03-11 14:15:00,7165.0
2019-03-11 14:30:00,7165.3
2019-03-11 14:45:00,7148.7
2019-03-11 15:00:00,7144.9
2019-03-11 15:15:00,7131.1
2019-03-11 15:30:00,7127.2
2019-03-11 15:45:00,7107.2
2019-03-11 16:00:00,7100.5
2019-03-11 16:15:00,7087.4
2019-03-11 16:30:00,7076.5
2019-03-11 16:45:00,7086.3
2019-03-11 17:00:00,7100.8
2019-03-11 17:15:00,7100.0
2019-03-11 17:30:00,7114.2
2019-03-11 17:45:00,7130.0
2019-03-11 18:00:00,7135.3
2019-03-11 18:15:00,7148.9
2019-03-11 18:30:00,7193.0
2019-03-11 18:45:00,7214.5
2019-03-11 19:00:00,7226.2
2019-03-11 19:15:00,7205.3
2019-03-11 19:30:00,7176.3
2019-03-11 19:45:00,7151.9
2019-03-11 20:00:00,7126.9
2019-03-11 20:15:00,7084.2
2019-03-11 20:30:00,7050.7
2019-03-11 20:45:00,7004.1
2019-03-11 21:00:00,6976.2
2019-03-11 21:15:00,6954.6
2019-03-11 21:30:00,6925.6
2019-03-11 21:45:00,6899.2
2019-03-11 22:00:00,6893.4
2019-03-11 22:15:00,6863.9
2019-03-11 22:30:00,6838.7
2019-03-11 22:45:00,6797.3
2019-03-11 23:00:00,6756.2
2019-03-11 23:15:00,6726.1
2019-03-11 23:30:00,6700.5
2019-03-11 23:45:00,6671.6
2019-03-12 00:00:00,6652.7
2019-03-12 00:15:00,6625.8
2019-03-12 00:30:00,6590.3
2019-03-12 00:45:00,6572.5
2019-03-12 01:00:00,6569.7
2019-03-12 01:15:00,6557.7
2019-03-12 01:30:00,6541.9
2019-03-12 01:45:00,6528.3
2019-03-12 02:00:00,6518.5
2019-03-12 02:15:00,6510.5
2019-03-12 02:30:00,6521.9
2019-03-12 02:45:00,6526.8
2019-03-12 03:00:00,6543.8
2019-03-12 03:15:00,6544.4
2019-03-12 03:30:00,6553.2
2019-03-12 03:45:00,6562.5
2019-03-12 04:00:00,6576.3
2019-03-12 04:15:00,6582.2
2019-03-12 04:30:00,6601.5
2019-03-12 04:45:00,6617.4
2019-03-12 05:00:00,6660.9
2019-03-12 05:15:00,6682.0
2019-03-12 05:30:00,6702.5
2019-03-12 05:45:00,6755.7
2019-03-12 06:00:00,6854.9
2019-03-12 06:15:00,6932.8
2019-03-12 06:30:00,6971.7
2019-03-12 06:45:00,7003.1
2019-03-12 07:00:00,7059.2
2019-03-12 07:15:00,7083.8
2019-03-12 07:30:00,7106.7
2019-03-12 07:45:00,7127.7
2019-03-12 08:00:00,7143.6
2019-03-12 08:15:00,7163.2
2019-03-12 08:30:00,7177.4
2019-03-12 08:45:00,7184.3
2019-03-12 09:00:00,7173.0
2019-03-12 09:15:00,7156.8
2019-03-12 09:30:00,7166.2
2019-03-12 09:45:00,7174.2
2019-03-12 10:00:00,7190.2
2019-03-12 10:15:00,7183.1
2019-03-12 10:30:00,7199.7
2019-03-12 10:45:00,7210.1
2019-03-12 11:00:00,7202.6
2019-03-12 11:15:00,7206.9
2019-03-12 11:30:00,7214.4
2019-03-12 11:45:00,7217.7
2019-03-12 12:00:00,7177.8
2019-03-12 12:15:00,7169.1
2019-03-12 12:30:00,7172.2
2019-03-12 12:45:00,7177.5
2019-03-12 13:00:00,7197.9
2019-03-12 13:15:00,7198.5
2019-03-12 13:30:00,7193.3
2019-03-12 13:45:00,7179.7
2019-03-12 14:00:00,7173.2
2019-03-12 14:15:00,7163.3
2019-03-12 14:30:00,7162.0
2019-03-12 14:45:00,7163.9
2019-03-12 15:00:00,7166.6
2019-03-12 15:15:00,7163.2
2019-03-12 15:30:00,7147.5
2019-03-12 15:45:00,7133.8
2019-03-12 16:00:00,7120.1
2019-03-12 16:15:00,7092.2
2019-03-12 16:30:00,7086.6
2019-03-12 16:45:00,7088.0
2019-03-12 17:00:00,7106.7
2019-03-12 17:15:00,7119.1
2019-03-12 17:30:00,7135.7
2019-03-12 17:45:00,7154.1
2019-03-12 18:00:00,7182.7
2019-03-12 18:15:00,7201.2
2019-03-12 18:30:00,7241.9
2019-03-12 18:45:00,7260.0
2019-03-12 19:00:00,7273.3
2019-03-12 19:15:00,7262.1
2019-03-12 19:30:00,7248.5
2019-03-12 19:45:00,7223.9
2019-03-12 20:00:00,7169.1
2019-03-12 20:15:00,7139.0
2019-03-12 20:30:00,7107.4
2019-03-12 20:45:00,7070.5
2019-03-12 21:00:00,7020.4
2019-03-12 21:15:00,6981.5
2019-03-12 21:30:00,6957.6
2019-03-12 21:45:00,6920.7
2019-03-12 22:00:00,6911.6
2019-03-12 22:15:00,6884.6
2019-03-12 22:30:00,6857.8
2019-03-12 22:45:00,6818.0
2019-03-12 23:00:00,6778.1
2019-03-12 23:15:00,6746.9
2019-03-12 23:30:00,6730.7
2019-03-12 23:45:00,6710.8
2019-03-13 00:00:00,6656.8
2019-03-13 00:15:00,6635.5
2019-03-13 00:30:00,6617.1
2019-03-13 00:45:00,6598.3
2019-03-13 01:00:00,6596.4
2019-03-13 01:15:00,6582.2
2019-03-13 01:30:00,6581.6
2019-03-13 01:45:00,6572.1
2019-03-13 02:00:00,6567.8
2019-03-13 02:15:00,6567.3
2019-03-13 02:30:00,6569.6
2019-03-13 02:45:00,6575.2
2019-03-13 03:00:00,6584.2
2019-03-13 03:15:00,6587.9
2019-03-13 03:30:00,6598.3
2019-03-13 03:45:00,6600.0
2019-03-13 04:00:00,6622.7
2019-03-13 04:15:00,6634.3
2019-03-13 04:30:00,6658.8
2019-03-13 04:45:00,6676.8
2019-03-13 05:00:00,6709.1
2019-03-13 05:15:00,6724.3
2019-03-13 05:30:00,6765.0
2019-03-13 05:45:00,6813.1
2019-03-13 06:00:00,6897.6
2019-03-13 06:15:00,6958.4
2019-03-13 06:30:00,7006.9
2019-03-13 06:45:00,7047.0
2019-03-13 07:00:00,7092.4
2019-03-13 07:15:00,7130.2
2019-03-13 07:30:00,7136.2
2019-03-13 07:45:00,7159.7
2019-03-13 08:00:00,7170.7
2019-03-13 08:15:00,7191.4
2019-03-13 08:30:00,7200.3
2019-03-13 08:45:00,7193.8
2019-03-13 09:00:00,7206.4
2019-03-13 09:15:00,7230.4
2019-03-13 09:30:00,7240.3
2019-03-13 09:45:00,7258.8
2019-03-13 10:00:00,7260.3
2019-03-13 10:15:00,7263.2
2019-03-13 10:30:00,7270.6
2019-03-13 10:45:00,7276.7
2019-03-13 11:00:00,7248.5
2019-03-13 11:15:00,7253.2
2019-03-13 11:30:00,7259.7
2019-03-13 11:45:00,7262.7
2019-03-13 12:00:00,7253.8
2019-03-13 12:15:00,7252.4
2019-03-13 12:30:00,7253.2
2019-03-13 12:45:00,7264.6
2019-03-13 13:00:00,7260.3
2019-03-13 13:15:00,7252.0
2019-03-13 13:30:00,7242.9
2019-03-13 13:45:00,7225.7
2019-03-13 14:00:00,7213.9
2019-03-13 14:15:00,7198.5
2019-03-13 14:30:00,7194.7
2019-03-13 14:45:00,7188.5
2019-03-13 15:00:00,7194.3
2019-03-13 15:15:00,7181.7
2019-03-13 15:30:00,7172.8
2019-03-13 15:45:00,7162.5
2019-03-13 16:00:00,7158.7
2019-03-13 16:15:00,7148.7
2019-03-13 16:30:00,7148.0
2019-03-13 16:45:00,7139.1
2019-03-13 17:00:00,7152.9
2019-03-13 17:15:00,7169.7
2019-03-13 17:30:00,7181.6
2019-03-13 17:45:00,7195.7
2019-03-13 18:00:00,7204.4
2019-03-13 18:15:00,7220.4
2019-03-13 18:30:00,7255.7
2019-03-13 18:45:00,7272.4
2019-03-13 19:00:00,7280.1
2019-03-13 19:15:00,7265.0
2019-03-13 19:30:00,7249.9
2019-03-13 19:45:00,7204.7
2019-03-13 20:00:00,7178.3
2019-03-13 20:15:00,7135.6
2019-03-13 20:30:00,7101.8
2019-03-13 20:45:00,7070.5
2019-03-13 21:00:00,7042.9
2019-03-13 21:15:00,7019.6
2019-03-13 21:30:00,6984.9
2019-03-13 21:45:00,6955.3
2019-03-13 22:00:00,6938.2
2019-03-13 22:15:00,6916.3
2019-03-13 22:30:00,6874.8
2019-03-13 22:45:00,6838.6
2019-03-13 23:00:00,6809.6
2019-03-13 23:15:00,6777.5
2019-03-13 23:30:00,6740.3
2019-03-13 23:45:00,6722.0
2019-03-14 00:00:00,6690.4
2019-03-14 00:15:00,6661.3
2019-03-14 00:30:00,6633.2
2019-03-14 00:45:00,6619.2
2019-03-14 01:00:00,6601.8
2019-03-14 01:15:00,6585.7
2019-03-14 01:30:00,6573.8
2019-03-14 01:45:00,6570.7
2019-03-14 02:00:00,6573.4
2019-03-14 02:15:00,6565.5
2019-03-14 02:30:00,6562.4
2019-03-14 02:45:00,6564.3
2019-03-14 03:00:00,6577.1
2019-03-14 03:15:00,6572.7
2019-03-14 03:30:00,6580.0
2019-03-14 03:45:00,6587.4
2019-03-14 04:00:00,6589.1
2019-03-14 04:15:00,6601.9
2019-03-14 04:30:00,6616.1
2019-03-14 04:45:00,6636.1
2019-03-14 05:00:00,6680.8
2019-03-14 05:15:00,6706.8
2019-03-14 05:30:00,6733.5
2019-03-14 05:45:00,6775.4
2019-03-14 06:00:00,6865.6
2019-03-14 06:15:00,6933.2
2019-03-14 06:30:00,6976.7
2019-03-14 06:45:00,7020.8
2019-03-14 07:00:00,7067.4
2019-03-14 07:15:00,7102.5
2019-03-14 07:30:00,7121.6
2019-03-14 07:45:00,7149.7
2019-03-14 08:00:00,7174.5
2019-03-14 08:15:00,7189.6
2019-03-14 08:30:00,7204.1
2019-03-14 08:45:00,7215.2
2019-03-14 09:00:00,7223.6
2019-03-14 09:15:00,7238.4
2019-03-14 09:30:00,7262.3
2019-03-14 09:45:00,7280.1
2019-03-14 10:00:00,7280.0
2019-03-14 10:15:00,7280.9
2019-03-14 10:30:00,7284.7
2019-03-14 10:45:00,7297.5
2019-03-14 11:00:00,7303.6
2019-03-14 11:15:00,7312.5
2019-03-14 11:30:00,7323.0
2019-03-14 11:45:00,7319.7
2019-03-14 12:00:00,7307.7
2019-03-14 12:15:00,7308.0
2019-03-14 12:30:00,7310.0
2019-03-14 12:45:00,7314.8
2019-03-14 13:00:00,7310.0
2019-03-14 13:15:00,7301.1
2019-03-14 13:30:00,7285.5
2019-03-14 13:45:00,7263.3
2019-03-14 14:00:00,7251.4
2019-03-14 14:15:00,7246.6
2019-03-14 14:30:00,7246.8
2019-03-14 14:45:00,7229.9
2019-03-14 15:00:00,7223.3
2019-03-14 15:15:00,7218.5
2019-03-14 15:30:00,7211.4
2019-03-14 15:45:00,7200.4
2019-03-14 16:00:00,7184.3
2019-03-14 16:15:00,7181.7
2019-03-14 16:30:00,7176.5
2019-03-14 16:45:00,7173.2
2019-03-14 17:00:00,7181.7
2019-03-14 17:15:00,7181.5
2019-03-14 17:30:00,7187.3
2019-03-14 17:45:00,7199.5
2019-03-14 18:00:00,7205.3
2019-03-14 18:15:00,7212.8
2019-03-14 18:30:00,7240.7
2019-03-14 18:45:00,7260.0
2019-03-14 19:00:00,7261.2
2019-03-14 19:15:00,7240.0
2019-03-14 19:30:00,7223.4
2019-03-14 19:45:00,7189.0
2019-03-14 20:00:00,7145.6
2019-03-14 20:15:00,7108.4
2019-03-14 20:30:00,7077.4
2019-03-14 20:45:00,7044.6
2019-03-14 21:00:00,7019.4
2019-03-14 21:15:00,6976.7
2019-03-14 21:30:00,6950.7
2019-03-14 21:45:00,6928.9
2019-03-14 22:00:00,6920.2
2019-03-14 22:15:00,6889.2
2019-03-14 22:30:00,6860.7
2019-03-14 22:45:00,6827.9
2019-03-14 23:00:00,6787.8
2019-03-14 23:15:00,6761.3
2019-03-14 23:30:00,6732.5
2019-03-14 23:45:00,6711.2
2019-03-15 00:00:00,6673.3
2019-03-15 00:15:00,6649.4
2019-03-15 00:30:00,6631.6
2019-03-15 00:45:00,6608.9
2019-03-15 01:00:00,6592.4
2019-03-15 01:15:00,6576.3
2019-03-15 01:30:00,6567.1
2019-03-15 01:45:00,6561.8
2019-03-15 02:00:00,6546.3
2019-03-15 02:15:00,6547.6
2019-03-15 02:30:00,6546.5
2019-03-15 02:45:00,6553.1
2019-03-15 03:00:00,6555.1
2019-03-15 03:15:00,6559.4
2019-03-15 03:30:00,6568.7
2019-03-15 03:45:00,6581.2
2019-03-15 04:00:00,6588.7
2019-03-15 04:15:00,6599.9
2019-03-15 04:30:00,6621.3
2019-03-15 04:45:00,6633.8
2019-03-15 05:00:00,6668.5
2019-03-15 05:15:00,6688.3
2019-03-15 05:30:00,6712.6
2019-03-15 05:45:00,6758.3
2019-03-15 06:00:00,6844.6
2019-03-15 06:15:00,6905.2
2019-03-15 06:30:00,6952.1
2019-03-15 06:45:00,6991.8
2019-03-15 07:00:00,7041.0
2019-03-15 07:15:00,7080.4
2019-03-15 07:30:00,7110.9
2019-03-15 07:45:00,7130.8
2019-03-15 08:00:00,7159.2
2019-03-15 08:15:00,7172.8
2019-03-15 08:30:00,7185.4
2019-03-15 08:45:00,7188.1
2019-03-15 09:00:00,7188.3
2019-03-15 09:15:00,7200.9
2019-03-15 09:30:00,7214.4
2019-03-15 09:45:00,7220.8
2019-03-15 10:00:00,7233.3
2019-03-15 10:15:00,7227.1
2019-03-15 10:30:00,7246.8
2019-03-15 10:45:00,7265.6
2019-03-15 11:00:00,7271.5
2019-03-15 11:15:00,7277.0
2019-03-15 11:30:00,7289.9
2019-03-15 11:45:00,7293.6
2019-03-15 12:00:00,7288.3
2019-03-15 12:15:00,7283.9
2019-03-15 12:30:00,7271.7
2019-03-15 12:45:00,7264.9
2019-03-15 13:00:00,7262.6
2019-03-15 13:15:00,7257.8
2019-03-15 13:30:00,7242.5
2019-03-15 13:45:00,7223.6
2019-03-15 14:00:00,7207.0
2019-03-15 14:15:00,7190.4
2019-03-15 14:30:00,7186.6
2019-03-15 14:45:00,7172.6
2019-03-15 15:00:00,7165.3
2019-03-15 15:15:00,7158.7
2019-03-15 15:30:00,7157.1
2019-03-15 15:45:00,7145.2
2019-03-15 16:00:00,7136.6
2019-03-15 16:15:00,7132.7
2019-03-15 16:30:00,7133.8
2019-03-15 16:45:00,7127.1
2019-03-15 17:00:00,7131.9
2019-03-15 17:15:00,7132.0
2019-03-15 17:30:00,7134.8
2019-03-15 17:45:00,7138.5
2019-03-15 18:00:00,7137.9
2019-03-15 18:15:00,7146.3
2019-03-15 18:30:00,7173.8
2019-03-15 18:45:00,7196.7
2019-03-15 19:00:00,7205.0
2019-03-15 19:15:00,7179.2
2019-03-15 19:30:00,7160.2
2019-03-15 19:45:00,7125.7
2019-03-15 20:00:00,7074.9
2019-03-15 20:15:00,7031.7
2019-03-15 20:30:00,6996.0
2019-03-15 20:45:00,6961.0
2019-03-15 21:00:00,6937.8
2019-03-15 21:15:00,6913.6
2019-03-15 21:30:00,6886.3
2019-03-15 21:45:00,6866.7
2019-03-15 22:00:00,6845.2
2019-03-15 22:15:00,6827.3
2019-03-15 22:30:00,6794.5
2019-03-15 22:45:00,6766.7
2019-03-15 23:00:00,6735.8
2019-03-15 23:15:00,6707.3
2019-03-15 23:30:00,6685.9
2019-03-15 23:45:00,6648.4
2019-03-16 00:00:00,6618.8
2019-03-16 00:15:00,6598.8
2019-03-16 00:30:00,6587.1
2019-03-16 00:45:00,6564.1
2019-03-16 01:00:00,6537.2
2019-03-16 01:15:00,6522.4
2019-03-16 01:30:00,6510.6
2019-03-16 01:45:00,6493.2
2019-03-16 02:00:00,6477.8
2019-03-16 02:15:00,6468.9
2019-03-16 02:30:00,6464.1
2019-03-16 02:45:00,6462.7
2019-03-16 03:00:00,6458.6
2019-03-16 03:15:00,6453.2
2019-03-16 03:30:00,6453.4
2019-03-16 03:45:00,6455.6
2019-03-16 04:00:00,6455.1
2019-03-16 04:15:00,6457.5
2019-03-16 04:30:00,6466.8
2019-03-16 04:45:00,6470.3
2019-03-16 05:00:00,6470.6
2019-03-16 05:15:00,6455.1
2019-03-16 05:30:00,6457.0
2019-03-16 05:45:00,6467.3
2019-03-16 06:00:00,6472.1
2019-03-16 06:15:00,6480.6
2019-03-16 06:30:00,6486.6
2019-03-16 06:45:00,6497.6
2019-03-16 07:00:00,6527.8
2019-03-16 07:15:00,6551.7
2019-03-16 07:30:00,6577.4
2019-03-16 07:45:00,6607.4
2019-03-16 08:00:00,6648.3
2019-03-16 08:15:00,6667.9
2019-03-16 08:30:00,6689.7
2019-03-16 08:45:00,6716.7
2019-03-16 09:00:00,6747.5
2019-03-16 09:15:00,6767.5
2019-03-16 09:30:00,6786.0
2019-03-16 09:45:00,6800.3
2019-03-16 10:00:00,6824.1
2019-03-16 10:15:00,6831.7
2019-03-16 10:30:00,6838.6
2019-03-16 10:45:00,6848.3
2019-03-16 11:00:00,6860.2
2019-03-16 11:15:00,6874.3
2019-03-16 11:30:00,6868.9
2019-03-16 11:45:00,6863.4
2019-03-16 12:00:00,6851.8
2019-03-16 12:15:00,6844.1
2019-03-16 12:30:00,6837.8
2019-03-16 12:45:00,6823.0
2019-03-16 13:00:00,6817.9
2019-03-16 13:15:00,6806.7
2019-03-16 13:30:00,6795.0
2019-03-16 13:45:00,6786.5
2019-03-16 14:00:00,6783.1
2019-03-16 14:15:00,6768.4
2019-03-16 14:30:00,6767.0
2019-03-16 14:45:00,6765.6
2019-03-16 15:00:00,6759.0
2019-03-16 15:15:00,6744.5
2019-03-16 15:30:00,6740.2
2019-03-16 15:45:00,6729.5
2019-03-16 16:00:00,6731.9
2019-03-16 16:15:00,6722.4
2019-03-16 16:30:00,6716.3
2019-03-16 16:45:00,6721.7
2019-03-16 17:00:00,6729.3
2019-03-16 17:15:00,6738.0
2019-03-16 17:30:00,6743.6
2019-03-16 17:45:00,6769.6
2019-03-16 18:00:00,6788.8
2019-03-16 18:15:00,6812.5
2019-03-16 18:30:00,6837.0
2019-03-16 18:45:00,6868.0
2019-03-16 19:00:00,6879.4
2019-03-16 19:15:00,6872.6
2019-03-16 19:30:00,6852.1
2019-03-16 19:45:00,6826.9
2019-03-16 20:00:00,6794.0
2019-03-16 20:15:00,6753.8
2019-03-16 20:30:00,6732.7
2019-03-16 20:45:00,6700.8
2019-03-16 21:00:00,6690.6
2019-03-16 21:15:00,6667.0
2019-03-16 21:30:00,6650.5
2019-03-16 21:45:00,6636.0
2019-03-16 22:00:00,6636.7
2019-03-16 22:15:00,6625.9
2019-03-16 22:30:00,6588.2
2019-03-16 22:45:00,6569.5
2019-03-16 23:00:00,6540.7
2019-03-16 23:15:00,6514.4
2019-03-16 23:30:00,6495.7
2019-03-16 23:45:00,6474.0
2019-03-17 00:00:00,6438.7
2019-03-17 00:15:00,6418.8
2019-03-17 00:30:00,6392.6
2019-03-17 00:45:00,6379.7
2019-03-17 01:00:00,6367.8
2019-03-17 01:15:00,6356.8
2019-03-17 01:30:00,6346.0
2019-03-17 01:45:00,6335.6
2019-03-17 02:00:00,6325.0
2019-03-17 02:15:00,6326.9
2019-03-17 02:30:00,6329.2
2019-03-17 02:45:00,6311.7
2019-03-17 03:00:00,6315.1
2019-03-17 03:15:00,6317.1
2019-03-17 03:30:00,6321.3
2019-03-17 03:45:00,6326.4
2019-03-17 04:00:00,6330.1
2019-03-17 04:15:00,6334.0
2019-03-17 04:30:00,6332.5
2019-03-17 04:45:00,6338.6
2019-03-17 05:00:00,6334.4
2019-03-17 05:15:00,6330.5
2019-03-17 05:30:00,6323.4
2019-03-17 05:45:00,6327.4
2019-03-17 06:00:00,6322.5
2019-03-17 06:15:00,6316.5
2019-03-17 06:30:00,6323.0
2019-03-17 06:45:00,6330.6
2019-03-17 07:00:00,6362.6
2019-03-17 07:15:00,6374.1
2019-03-17 07:30:00,6388.3
2019-03-17 07:45:00,6417.9
2019-03-17 08:00:00,6444.5
2019-03-17 08:15:00,6465.7
2019-03-17 08:30:00,6495.7
2019-03-17 08:45:00,6524.2
2019-03-17 09:00:00,6552.9
2019-03-17 09:15:00,6577.2
2019-03-17 09:30:00,6588.4
2019-03-17 09:45:00,6605.7
2019-03-17 10:00:00,6619.1
2019-03-17 10:15:00,6636.6
2019-03-17 10:30:00,6647.8
2019-03-17 10:45:00,6672.2
2019-03-17 11:00:00,6707.5
2019-03-17 11:15:00,6729.9
2019-03-17 11:30:00,6731.6
2019-03-17 11:45:00,6731.9
2019-03-17 12:00:00,6710.5
2019-03-17 12:15:00,6698.9
2019-03-17 12:30:00,6686.4
2019-03-17 12:45:00,6669.7
2019-03-17 13:00:00,6670.8
2019-03-17 13:15:00,6660.9
2019-03-17 13:30:00,6657.3
2019-03-17 13:45:00,6638.8
2019-03-17 14:00:00,6635.5
2019-03-17 14:15:00,6628.3
2019-03-17 14:30:00,6614.9
2019-03-17 14:45:00,6595.8
2019-03-17 15:00:00,6610.4
2019-03-17 15:15:00,6600.6
2019-03-17 15:30:00,6584.7
2019-03-17 15:45:00,6587.4
2019-03-17 16:00:00,6603.8
2019-03-17 16:15:00,6609.6
2019-03-17 16:30:00,6608.9
2019-03-17 16:45:00,6623.3
2019-03-17 17:00:00,6621.5
2019-03-17 17:15:00,6642.4
2019-03-17 17:30:00,6657.1
2019-03-17 17:45:00,6674.2
2019-03-17 18:00:00,6695.1
2019-03-17 18:15:00,6713.6
2019-03-17 18:30:00,6737.9
2019-03-17 18:45:00,6778.7
2019-03-17 19:00:00,6793.6
2019-03-17 19:15:00,6788.1
2019-03-17 19:30:00,6770.6
2019-03-17 19:45:00,6756.6
2019-03-17 20:00:00,6742.1
2019-03-17 20:15:00,6708.3
2019-03-17 20:30:00,6690.0
2019-03-17 20:45:00,6673.1
2019-03-17 21:00:00,6661.8
2019-03-17 21:15:00,6654.4
2019-03-17 21:30:00,6636.3
2019-03-17 21:45:00,6651.9
2019-03-17 22:00:00,6671.3
2019-03-17 22:15:00,6664.4
2019-03-17 22:30:00,6650.2
2019-03-17 22:45:00,6635.5
2019-03-17 23:00:00,6598.2
2019-03-17 23:15:00,6570.2
2019-03-17 23:30:00,6559.9
2019-03-17 23:45:00,6530.2
2019-03-18 00:00:00,6513.4
2019-03-18 00:15:00,6487.4
2019-03-18 00:30:00,6475.7
2019-03-18 00:45:00,6468.7
2019-03-18 01:00:00,6463.5
2019-03-18 01:15:00,6449.7
2019-03-18 01:30:00,6445.7
2019-03-18 01:45:00,6442.7
2019-03-18 02:00:00,6436.4
2019-03-18 02:15:00,6433.2
2019-03-18 02:30:00,6430.5
2019-03-18 02:45:00,6438.0
2019-03-18 03:00:00,6446.8
2019-03-18 03:15:00,6459.3
2019-03-18 03:30:00,6463.1
2019-03-18 03:45:00,6473.2
2019-03-18 04:00:00,6486.5
2019-03-18 04:15:00,6502.4
2019-03-18 04:30:00,6525.0
2019-03-18 04:45:00,6541.5
2019-03-18 05:00:00,6576.3
2019-03-18 05:15:00,6597.7
2019-03-18 05:30:00,6638.6
2019-03-18 05:45:00,6690.9
2019-03-18 06:00:00,6789.0
2019-03-18 06:15:00,6855.4
2019-03-18 06:30:00,6897.7
2019-03-18 06:45:00,6938.7
2019-03-18 07:00:00,6971.1
2019-03-18 07:15:00,7048.0
2019-03-18 07:30:00,7078.4
2019-03-18 07:45:00,7104.7
2019-03-18 08:00:00,7124.8
2019-03-18 08:15:00,7137.1
2019-03-18 08:30:00,7144.9
2019-03-18 08:45:00,7153.1
2019-03-18 09:00:00,7136.2
2019-03-18 09:15:00,7143.2
2019-03-18 09:30:00,7151.6
2019-03-18 09:45:00,7160.4
2019-03-18 10:00:00,7148.6
2019-03-18 10:15:00,7163.0
2019-03-18 10:30:00,7174.4
2019-03-18 10:45:00,7179.1
2019-03-18 11:00:00,7189.7
2019-03-18 11:15:00,7203.0
2019-03-18 11:30:00,7214.9
2019-03-18 11:45:00,7219.9
2019-03-18 12:00:00,7204.4
2019-03-18 12:15:00,7192.4
2019-03-18 12:30:00,7190.4
2019-03-18 12:45:00,7195.7
2019-03-18 13:00:00,7186.6
2019-03-18 13:15:00,7168.6
2019-03-18 13:30:00,7153.6
2019-03-18 13:45:00,7119.2
2019-03-18 14:00:00,7110.7
2019-03-18 14:15:00,7116.5
2019-03-18 14:30:00,7107.4
2019-03-18 14:45:00,7110.8
2019-03-18 15:00:00,7127.4
2019-03-18 15:15:00,7111.8
2019-03-18 15:30:00,7082.3
2019-03-18 15:45:00,7056.5
2019-03-18 16:00:00,7055.6
2019-03-18 16:15:00,7043.4
2019-03-18 16:30:00,7043.3
2019-03-18 16:45:00,7042.3
2019-03-18 17:00:00,7051.0
2019-03-18 17:15:00,7047.5
2019-03-18 17:30:00,7062.9
2019-03-18 17:45:00,7065.8
2019-03-18 18:00:00,7079.5
2019-03-18 18:15:00,7093.8
2019-03-18 18:30:00,7130.1
2019-03-18 18:45:00,7172.7
2019-03-18 19:00:00,7200.8
2019-03-18 19:15:00,7192.8
2019-03-18 19:30:00,7180.2
2019-03-18 19:45:00,7156.1
2019-03-18 20:00:00,7112.2
2019-03-18 20:15:00,7070.5
2019-03-18 20:30:00,7032.1
2019-03-18 20:45:00,6995.6
2019-03-18 21:00:00,6980.0
2019-03-18 21:15:00,6949.8
2019-03-18 21:30:00,6921.6
2019-03-18 21:45:00,6883.1
2019-03-18 22:00:00,6873.6
2019-03-18 22:15:00,6843.8
2019-03-18 22:30:00,6803.3
2019-03-18 22:45:00,6763.1
2019-03-18 23:00:00,6728.4
2019-03-18 23:15:00,6697.9
2019-03-18 23:30:00,6667.4
2019-03-18 23:45:00,6639.7
2019-03-19 00:00:00,6620.6
2019-03-19 00:15:00,6601.0
2019-03-19 00:30:00,6588.4
2019-03-19 00:45:00,6585.6
2019-03-19 01:00:00,6572.1
2019-03-19 01:15:00,6551.4
2019-03-19 01:30:00,6545.3
2019-03-19 01:45:00,6541.1
2019-03-19 02:00:00,6533.0
2019-03-19 02:15:00,6524.2
2019-03-19 02:30:00,6522.3
2019-03-19 02:45:00,6531.1
2019-03-19 03:00:00,6542.8
2019-03-19 03:15:00,6544.2
2019-03-19 03:30:00,6544.8
2019-03-19 03:45:00,6552.1
2019-03-19 04:00:00,6572.9
2019-03-19 04:15:00,6590.5
2019-03-19 04:30:00,6614.0
2019-03-19 04:45:00,6634.9
2019-03-19 05:00:00,6682.0
2019-03-19 05:15:00,6711.5
2019-03-19 05:30:00,6743.9
2019-03-19 05:45:00,6781.7
2019-03-19 06:00:00,6887.7
2019-03-19 06:15:00,6940.8
2019-03-19 06:30:00,6975.1
2019-03-19 06:45:00,7016.3
2019-03-19 07:00:00,7064.9
2019-03-19 07:15:00,7094.5
2019-03-19 07:30:00,7110.2
2019-03-19 07:45:00,7124.8
2019-03-19 08:00:00,7137.6
2019-03-19 08:15:00,7141.9
2019-03-19 08:30:00,7149.2
2019-03-19 08:45:00,7147.7
2019-03-19 09:00:00,7125.7
2019-03-19 09:15:00,7136.9
2019-03-19 09:30:00,7150.1
2019-03-19 09:45:00,7156.7
2019-03-19 10:00:00,7161.0
2019-03-19 10:15:00,7167.9
2019-03-19 10:30:00,7177.7
2019-03-19 10:45:00,7190.8
2019-03-19 11:00:00,7193.7
2019-03-19 11:15:00,7208.3
2019-03-19 11:30:00,7205.3
2019-03-19 11:45:00,7199.7
2019-03-19 12:00:00,7176.0
2019-03-19 12:15:00,7167.9
2019-03-19 12:30:00,7160.2
2019-03-19 12:45:00,7159.1
2019-03-19 13:00:00,7162.4
2019-03-19 13:15:00,7146.0
2019-03-19 13:30:00,7128.3
2019-03-19 13:45:00,7114.4
2019-03-19 14:00:00,7127.6
2019-03-19 14:15:00,7124.7
2019-03-19 14:30:00,7109.6
2019-03-19 14:45:00,7097.2
2019-03-19 15:00:00,7101.5
2019-03-19 15:15:00,7090.3
2019-03-19 15:30:00,7071.9
2019-03-19 15:45:00,7060.8
2019-03-19 16:00:00,7057.0
2019-03-19 16:15:00,7042.9
2019-03-19 16:30:00,7040.1
2019-03-19 16:45:00,7040.1
2019-03-19 17:00:00,7052.1
2019-03-19 17:15:00,7059.1
2019-03-19 17:30:00,7059.9
2019-03-19 17:45:00,7068.0
2019-03-19 18:00:00,7084.6
2019-03-19 18:15:00,7094.6
2019-03-19 18:30:00,7141.9
2019-03-19 18:45:00,7186.2
2019-03-19 19:00:00,7217.7
2019-03-19 19:15:00,7213.5
2019-03-19 19:30:00,7201.9
2019-03-19 19:45:00,7169.4
2019-03-19 20:00:00,7134.1
2019-03-19 20:15:00,7096.4
2019-03-19 20:30:00,7055.9
2019-03-19 20:45:00,7026.4
2019-03-19 21:00:00,7000.8
2019-03-19 21:15:00,6969.9
2019-03-19 21:30:00,6941.3
2019-03-19 21:45:00,6914.0
2019-03-19 22:00:00,6899.5
2019-03-19 22:15:00,6874.6
2019-03-19 22:30:00,6845.3
2019-03-19 22:45:00,6823.1
2019-03-19 23:00:00,6785.5
2019-03-19 23:15:00,6752.9
2019-03-19 23:30:00,6723.4
2019-03-19 23:45:00,6706.6
2019-03-20 00:00:00,6643.6
2019-03-20 00:15:00,6633.9
2019-03-20 00:30:00,6611.0
2019-03-20 00:45:00,6590.1
2019-03-20 01:00:00,6594.5
2019-03-20 01:15:00,6587.1
2019-03-20 01:30:00,6589.2
2019-03-20 01:45:00,6576.3
2019-03-20 02:00:00,6562.6
2019-03-20 02:15:00,6555.9
2019-03-20 02:30:00,6566.3
2019-03-20 02:45:00,6570.4
2019-03-20 03:00:00,6567.2
2019-03-20 03:15:00,6576.0
2019-03-20 03:30:00,6585.1
2019-03-20 03:45:00,6589.7
2019-03-20 04:00:00,6612.8
2019-03-20 04:15:00,6619.2
2019-03-20 04:30:00,6635.1
2019-03-20 04:45:00,6646.0
2019-03-20 05:00:00,6712.6
2019-03-20 05:15:00,6738.8
2019-03-20 05:30:00,6764.9
2019-03-20 05:45:00,6814.8
2019-03-20 06:00:00,6890.1
2019-03-20 06:15:00,6951.9
2019-03-20 06:30:00,6999.0
2019-03-20 06:45:00,7041.0
2019-03-20 07:00:00,7081.6
2019-03-20 07:15:00,7107.1
2019-03-20 07:30:00,7130.6
2019-03-20 07:45:00,7139.9
2019-03-20 08:00:00,7159.0
2019-03-20 08:15:00,7168.6
2019-03-20 08:30:00,7178.8
2019-03-20 08:45:00,7185.4
2019-03-20 09:00:00,7166.6
2019-03-20 09:15:00,7168.9
2019-03-20 09:30:00,7175.5
2019-03-20 09:45:00,7184.9
2019-03-20 10:00:00,7178.7
2019-03-20 10:15:00,7169.1
2019-03-20 10:30:00,7175.0
2019-03-20 10:45:00,7175.0
2019-03-20 11:00:00,7171.1
2019-03-20 11:15:00,7174.4
2019-03-20 11:30:00,7182.6
2019-03-20 11:45:00,7180.3
2019-03-20 12:00:00,7164.1
2019-03-20 12:15:00,7163.6
2019-03-20 12:30:00,7161.6
2019-03-20 12:45:00,7168.5
2019-03-20 13:00:00,7177.5
2019-03-20 13:15:00,7169.1
2019-03-20 13:30:00,7155.2
2019-03-20 13:45:00,7129.0
2019-03-20 14:00:00,7121.6
2019-03-20 14:15:00,7123.5
2019-03-20 14:30:00,7109.8
2019-03-20 14:45:00,7097.1
2019-03-20 15:00:00,7098.1
2019-03-20 15:15:00,7083.7
2019-03-20 15:30:00,7055.7
2019-03-20 15:45:00,7043.2
2019-03-20 16:00:00,7044.8
2019-03-20 16:15:00,7034.9
2019-03-20 16:30:00,7025.1
2019-03-20 16:45:00,7027.8
2019-03-20 17:00:00,7042.7
2019-03-20 17:15:00,7045.4
2019-03-20 17:30:00,7052.3
2019-03-20 17:45:00,7070.4
2019-03-20 18:00:00,7090.8
2019-03-20 18:15:00,7103.0
2019-03-20 18:30:00,7135.6
2019-03-20 18:45:00,7173.1
2019-03-20 19:00:00,7213.6
2019-03-20 19:15:00,7206.0
2019-03-20 19:30:00,7191.0
2019-03-20 19:45:00,7171.4
2019-03-20 20:00:00,7121.6
2019-03-20 20:15:00,7085.6
2019-03-20 20:30:00,7052.8
2019-03-20 20:45:00,7026.3
2019-03-20 21:00:00,6992.6
2019-03-20 21:15:00,6965.5
2019-03-20 21:30:00,6939.0
2019-03-20 21:45:00,6907.9
2019-03-20 22:00:00,6886.2
2019-03-20 22:15:00,6868.0
2019-03-20 22:30:00,6833.1
2019-03-20 22:45:00,6797.7
2019-03-20 23:00:00,6747.3
2019-03-20 23:15:00,6711.7
2019-03-20 23:30:00,6683.6
2019-03-20 23:45:00,6651.1
2019-03-21 00:00:00,6620.3
2019-03-21 00:15:00,6599.9
2019-03-21 00:30:00,6578.8
2019-03-21 00:45:00,6567.4
2019-03-21 01:00:00,6540.2
2019-03-21 01:15:00,6536.7
2019-03-21 01:30:00,6526.4
2019-03-21 01:45:00,6524.3
2019-03-21 02:00:00,6497.5
2019-03-21 02:15:00,6492.6
2019-03-21 02:30:00,6502.0
2019-03-21 02:45:00,6519.9
2019-03-21 03:00:00,6528.7
2019-03-21 03:15:00,6533.6
2019-03-21 03:30:00,6532.6
2019-03-21 03:45:00,6546.8
2019-03-21 04:00:00,6561.8
2019-03-21 04:15:00,6568.0
2019-03-21 04:30:00,6587.0
2019-03-21 04:45:00,6599.2
2019-03-21 05:00:00,6657.3
2019-03-21 05:15:00,6687.3
2019-03-21 05:30:00,6726.5
2019-03-21 05:45:00,6785.3
2019-03-21 06:00:00,6872.0
2019-03-21 06:15:00,6927.3
2019-03-21 06:30:00,6967.5
2019-03-21 06:45:00,7009.0
2019-03-21 07:00:00,7059.7
2019-03-21 07:15:00,7088.5
2019-03-21 07:30:00,7119.2
2019-03-21 07:45:00,7139.3
2019-03-21 08:00:00,7150.8
2019-03-21 08:15:00,7164.6
2019-03-21 08:30:00,7172.6
2019-03-21 08:45:00,7175.1
2019-03-21 09:00:00,7160.9
2019-03-21 09:15:00,7159.5
2019-03-21 09:30:00,7165.3
2019-03-21 09:45:00,7164.8
2019-03-21 10:00:00,7154.5
2019-03-21 10:15:00,7158.2
2019-03-21 10:30:00,7161.4
2019-03-21 10:45:00,7174.5
2019-03-21 11:00:00,7188.1
2019-03-21 11:15:00,7193.8
2019-03-21 11:30:00,7199.3
2019-03-21 11:45:00,7198.9
2019-03-21 12:00:00,7186.6
2019-03-21 12:15:00,7189.1
2019-03-21 12:30:00,7182.5
2019-03-21 12:45:00,7181.5
2019-03-21 13:00:00,7175.5
2019-03-21 13:15:00,7169.3
2019-03-21 13:30:00,7150.6
2019-03-21 13:45:00,7124.9
2019-03-21 14:00:00,7116.9
2019-03-21 14:15:00,7108.5
2019-03-21 14:30:00,7099.0
2019-03-21 14:45:00,7087.1
2019-03-21 15:00:00,7086.5
2019-03-21 15:15:00,7077.9
2019-03-21 15:30:00,7049.1
2019-03-21 15:45:00,7028.2
2019-03-21 16:00:00,7016.5
2019-03-21 16:15:00,7004.6
2019-03-21 16:30:00,7001.7
2019-03-21 16:45:00,6998.7
2019-03-21 17:00:00,7021.5
2019-03-21 17:15:00,7034.9
2019-03-21 17:30:00,7045.6
2019-03-21 17:45:00,7064.0
2019-03-21 18:00:00,7079.9
2019-03-21 18:15:00,7089.8
2019-03-21 18:30:00,7127.7
2019-03-21 18:45:00,7174.1
2019-03-21 19:00:00,7205.9
2019-03-21 19:15:00,7202.7
2019-03-21 19:30:00,7191.1
2019-03-21 19:45:00,7171.6
2019-03-21 20:00:00,7127.8
2019-03-21 20:15:00,7080.4
2019-03-21 20:30:00,7045.8
2019-03-21 20:45:00,7009.9
2019-03-21 21:00:00,6981.2
2019-03-21 21:15:00,6953.0
2019-03-21 21:30:00,6911.7
2019-03-21 21:45:00,6885.4
2019-03-21 22:00:00,6863.4
2019-03-21 22:15:00,6838.0
2019-03-21 22:30:00,6799.7
2019-03-21 22:45:00,6772.1
2019-03-21 23:00:00,6730.5
2019-03-21 23:15:00,6700.3
2019-03-21 23:30:00,6664.4
2019-03-21 23:45:00,6635.6
2019-03-22 00:00:00,6602.5
2019-03-22 00:15:00,6576.7
2019-03-22 00:30:00,6559.8
2019-03-22 00:45:00,6540.9
2019-03-22 01:00:00,6528.4
2019-03-22 01:15:00,6518.0
2019-03-22 01:30:00,6507.2
2019-03-22 01:45:00,6496.8
2019-03-22 02:00:00,6483.4
2019-03-22 02:15:00,6478.1
2019-03-22 02:30:00,6476.5
2019-03-22 02:45:00,6473.0
2019-03-22 03:00:00,6487.4
2019-03-22 03:15:00,6495.5
2019-03-22 03:30:00,6494.7
2019-03-22 03:45:00,6500.2
2019-03-22 04:00:00,6525.2
2019-03-22 04:15:00,6530.8
2019-03-22 04:30:00,6547.4
2019-03-22 04:45:00,6568.3
2019-03-22 05:00:00,6613.6
2019-03-22 05:15:00,6647.4
2019-03-22 05:30:00,6695.1
2019-03-22 05:45:00,6744.9
2019-03-22 06:00:00,6816.9
2019-03-22 06:15:00,6879.7
2019-03-22 06:30:00,6922.1
2019-03-22 06:45:00,6971.3
2019-03-22 07:00:00,7014.4
2019-03-22 07:15:00,7044.1
2019-03-22 07:30:00,7073.8
2019-03-22 07:45:00,7095.2
2019-03-22 08:00:00,7113.7
2019-03-22 08:15:00,7123.1
2019-03-22 08:30:00,7124.7
2019-03-22 08:45:00,7128.2
2019-03-22 09:00:00,7115.0
2019-03-22 09:15:00,7121.0
2019-03-22 09:30:00,7122.0
2019-03-22 09:45:00,7129.1
2019-03-22 10:00:00,7123.3
2019-03-22 10:15:00,7123.9
2019-03-22 10:30:00,7128.5
2019-03-22 10:45:00,7133.4
2019-03-22 11:00:00,7133.8
2019-03-22 11:15:00,7130.0
2019-03-22 11:30:00,7130.5
2019-03-22 11:45:00,7119.8
2019-03-22 12:00:00,7107.1
2019-03-22 12:15:00,7094.0
2019-03-22 12:30:00,7089.1
2019-03-22 12:45:00,7086.3
2019-03-22 13:00:00,7076.1
2019-03-22 13:15:00,7061.0
2019-03-22 13:30:00,7044.9
2019-03-22 13:45:00,7033.5
2019-03-22 14:00:00,7015.4
2019-03-22 14:15:00,7007.4
2019-03-22 14:30:00,6994.6
2019-03-22 14:45:00,6982.5
2019-03-22 15:00:00,6980.7
2019-03-22 15:15:00,6972.3
2019-03-22 15:30:00,6958.5
2019-03-22 15:45:00,6944.6
2019-03-22 16:00:00,6934.8
2019-03-22 16:15:00,6930.4
2019-03-22 16:30:00,6915.1
2019-03-22 16:45:00,6910.1
2019-03-22 17:00:00,6928.5
2019-03-22 17:15:00,6939.9
2019-03-22 17:30:00,6951.6
2019-03-22 17:45:00,6962.9
2019-03-22 18:00:00,6971.5
2019-03-22 18:15:00,6975.1
2019-03-22 18:30:00,7010.0
2019-03-22 18:45:00,7048.6
2019-03-22 19:00:00,7086.3
2019-03-22 19:15:00,7076.5
2019-03-22 19:30:00,7060.6
2019-03-22 19:45:00,7045.4
2019-03-22 20:00:00,7009.0
2019-03-22 20:15:00,6969.2
2019-03-22 20:30:00,6942.2
2019-03-22 20:45:00,6908.3
2019-03-22 21:00:00,6884.2
2019-03-22 21:15:00,6847.4
2019-03-22 21:30:00,6819.2
2019-03-22 21:45:00,6788.8
2019-03-22 22:00:00,6778.2
2019-03-22 22:15:00,6752.2
2019-03-22 22:30:00,6710.1
2019-03-22 22:45:00,6685.9
2019-03-22 23:00:00,6653.3
2019-03-22 23:15:00,6620.8
2019-03-22 23:30:00,6593.0
2019-03-22 23:45:00,6575.6
2019-03-23 00:00:00,6537.8
2019-03-23 00:15:00,6514.4
2019-03-23 00:30:00,6489.4
2019-03-23 00:45:00,6482.1
2019-03-23 01:00:00,6453.3
2019-03-23 01:15:00,6430.8
2019-03-23 01:30:00,6419.8
2019-03-23 01:45:00,6401.4
2019-03-23 02:00:00,6391.6
2019-03-23 02:15:00,6378.3
2019-03-23 02:30:00,6382.2
2019-03-23 02:45:00,6385.6
2019-03-23 03:00:00,6385.6
2019-03-23 03:15:00,6389.5
2019-03-23 03:30:00,6388.7
2019-03-23 03:45:00,6389.8
2019-03-23 04:00:00,6391.7
2019-03-23 04:15:00,6393.9
2019-03-23 04:30:00,6394.0
2019-03-23 04:45:00,6403.6
2019-03-23 05:00:00,6412.7
2019-03-23 05:15:00,6413.5
2019-03-23 05:30:00,6416.5
2019-03-23 05:45:00,6414.5
2019-03-23 06:00:00,6421.0
2019-03-23 06:15:00,6425.2
2019-03-23 06:30:00,6442.7
2019-03-23 06:45:00,6464.0
2019-03-23 07:00:00,6500.4
2019-03-23 07:15:00,6522.9
2019-03-23 07:30:00,6556.4
2019-03-23 07:45:00,6592.5
2019-03-23 08:00:00,6624.5
2019-03-23 08:15:00,6652.2
2019-03-23 08:30:00,6671.9
2019-03-23 08:45:00,6698.8
2019-03-23 09:00:00,6734.0
2019-03-23 09:15:00,6741.2
2019-03-23 09:30:00,6752.2
2019-03-23 09:45:00,6765.4
2019-03-23 10:00:00,6770.7
2019-03-23 10:15:00,6775.7
2019-03-23 10:30:00,6767.7
2019-03-23 10:45:00,6780.6
2019-03-23 11:00:00,6773.6
2019-03-23 11:15:00,6776.2
2019-03-23 11:30:00,6784.7
2019-03-23 11:45:00,6776.6
2019-03-23 12:00:00,6770.6
2019-03-23 12:15:00,6758.0
2019-03-23 12:30:00,6754.6
2019-03-23 12:45:00,6739.2
2019-03-23 13:00:00,6721.5
2019-03-23 13:15:00,6712.2
2019-03-23 13:30:00,6696.2
2019-03-23 13:45:00,6670.5
2019-03-23 14:00:00,6664.2
2019-03-23 14:15:00,6654.1
2019-03-23 14:30:00,6648.4
2019-03-23 14:45:00,6634.4
2019-03-23 15:00:00,6638.4
2019-03-23 15:15:00,6629.0
2019-03-23 15:30:00,6626.3
2019-03-23 15:45:00,6616.1
2019-03-23 16:00:00,6602.5
2019-03-23 16:15:00,6601.1
2019-03-23 16:30:00,6584.5
2019-03-23 16:45:00,6584.9
2019-03-23 17:00:00,6611.8
2019-03-23 17:15:00,6629.9
2019-03-23 17:30:00,6641.7
2019-03-23 17:45:00,6670.0
2019-03-23 18:00:00,6695.5
2019-03-23 18:15:00,6709.7
2019-03-23 18:30:00,6739.7
2019-03-23 18:45:00,6765.8
2019-03-23 19:00:00,6797.9
2019-03-23 19:15:00,6786.2
2019-03-23 19:30:00,6783.4
2019-03-23 19:45:00,6768.9
2019-03-23 20:00:00,6734.7
2019-03-23 20:15:00,6695.1
2019-03-23 20:30:00,6660.5
2019-03-23 20:45:00,6631.1
2019-03-23 21:00:00,6608.4
2019-03-23 21:15:00,6584.1
2019-03-23 21:30:00,6570.5
2019-03-23 21:45:00,6553.2
2019-03-23 22:00:00,6565.7
2019-03-23 22:15:00,6544.3
2019-03-23 22:30:00,6514.4
2019-03-23 22:45:00,6494.1
2019-03-23 23:00:00,6454.9
2019-03-23 23:15:00,6433.1
2019-03-23 23:30:00,6414.4
2019-03-23 23:45:00,6389.3
2019-03-24 00:00:00,6354.6
2019-03-24 00:15:00,6332.1
2019-03-24 00:30:00,6328.1
2019-03-24 00:45:00,6308.4
2019-03-24 01:00:00,6290.8
2019-03-24 01:15:00,6279.7
2019-03-24 01:30:00,6271.2
2019-03-24 01:45:00,6265.3
2019-03-24 02:00:00,6243.0
2019-03-24 02:15:00,6242.8
2019-03-24 02:30:00,6239.8
2019-03-24 02:45:00,6238.9
2019-03-24 03:00:00,6244.3
2019-03-24 03:15:00,6245.3
2019-03-24 03:30:00,6247.3
2019-03-24 03:45:00,6250.8
2019-03-24 04:00:00,6259.8
2019-03-24 04:15:00,6264.6
2019-03-24 04:30:00,6267.9
2019-03-24 04:45:00,6271.7
2019-03-24 05:00:00,6274.9
2019-03-24 05:15:00,6263.6
2019-03-24 05:30:00,6265.0
2019-03-24 05:45:00,6261.7
2019-03-24 06:00:00,6237.8
2019-03-24 06:15:00,6231.4
2019-03-24 06:30:00,6239.7
2019-03-24 06:45:00,6256.6
2019-03-24 07:00:00,6287.5
2019-03-24 07:15:00,6297.7
2019-03-24 07:30:00,6331.7
2019-03-24 07:45:00,6357.6
2019-03-24 08:00:00,6384.1
2019-03-24 08:15:00,6408.8
2019-03-24 08:30:00,6438.2
2019-03-24 08:45:00,6458.0
2019-03-24 09:00:00,6486.0
2019-03-24 09:15:00,6506.8
2019-03-24 09:30:00,6520.7
2019-03-24 09:45:00,6529.4
2019-03-24 10:00:00,6547.6
2019-03-24 10:15:00,6554.2
2019-03-24 10:30:00,6565.7
2019-03-24 10:45:00,6581.3
2019-03-24 11:00:00,6598.3
2019-03-24 11:15:00,6611.0
2019-03-24 11:30:00,6617.7
2019-03-24 11:45:00,6622.0
2019-03-24 12:00:00,6617.5
2019-03-24 12:15:00,6606.0
2019-03-24 12:30:00,6595.8
2019-03-24 12:45:00,6582.1
2019-03-24 13:00:00,6569.1
2019-03-24 13:15:00,6559.4
2019-03-24 13:30:00,6554.3
2019-03-24 13:45:00,6533.9
2019-03-24 14:00:00,6515.4
2019-03-24 14:15:00,6497.8
2019-03-24 14:30:00,6495.6
2019-03-24 14:45:00,6490.1
2019-03-24 15:00:00,6479.2
2019-03-24 15:15:00,6478.8
2019-03-24 15:30:00,6478.3
2019-03-24 15:45:00,6470.8
2019-03-24 16:00:00,6487.5
2019-03-24 16:15:00,6487.5
2019-03-24 16:30:00,6501.1
2019-03-24 16:45:00,6508.2
2019-03-24 17:00:00,6529.6
2019-03-24 17:15:00,6536.0
2019-03-24 17:30:00,6552.8
2019-03-24 17:45:00,6573.9
2019-03-24 18:00:00,6611.2
2019-03-24 18:15:00,6638.1
2019-03-24 18:30:00,6668.6
2019-03-24 18:45:00,6705.6
2019-03-24 19:00:00,6746.2
2019-03-24 19:15:00,6768.3
2019-03-24 19:30:00,6756.1
2019-03-24 19:45:00,6735.5
2019-03-24 20:00:00,6730.3
2019-03-24 20:15:00,6690.8
2019-03-24 20:30:00,6665.2
2019-03-24 20:45:00,6639.9
2019-03-24 21:00:00,6627.4
2019-03-24 21:15:00,6619.7
2019-03-24 21:30:00,6617.3
2019-03-24 21:45:00,6609.0
2019-03-24 22:00:00,6629.1
2019-03-24 22:15:00,6624.5
2019-03-24 22:30:00,6605.1
2019-03-24 22:45:00,6581.0
2019-03-24 23:00:00,6551.9
2019-03-24 23:15:00,6529.2
2019-03-24 23:30:00,6498.4
2019-03-24 23:45:00,6475.5
2019-03-25 00:00:00,6450.9
2019-03-25 00:15:00,6435.6
2019-03-25 00:30:00,6425.8
2019-03-25 00:45:00,6413.1
2019-03-25 01:00:00,6398.7
2019-03-25 01:15:00,6395.1
2019-03-25 01:30:00,6391.5
2019-03-25 01:45:00,6379.3
2019-03-25 02:00:00,6374.0
2019-03-25 02:15:00,6374.6
2019-03-25 02:30:00,6376.1
2019-03-25 02:45:00,6378.9
2019-03-25 03:00:00,6384.4
2019-03-25 03:15:00,6385.1
2019-03-25 03:30:00,6398.7
2019-03-25 03:45:00,6411.6
2019-03-25 04:00:00,6440.2
2019-03-25 04:15:00,6457.3
2019-03-25 04:30:00,6475.3
2019-03-25 04:45:00,6500.3
2019-03-25 05:00:00,6541.1
2019-03-25 05:15:00,6566.3
2019-03-25 05:30:00,6601.6
2019-03-25 05:45:00,6656.8
2019-03-25 06:00:00,6734.0
2019-03-25 06:15:00,6793.9
2019-03-25 06:30:00,6846.7
2019-03-25 06:45:00,6886.7
2019-03-25 07:00:00,6948.4
2019-03-25 07:15:00,6987.4
2019-03-25 07:30:00,7017.7
2019-03-25 07:45:00,7042.3
2019-03-25 08:00:00,7076.1
2019-03-25 08:15:00,7096.4
2019-03-25 08:30:00,7110.0
2019-03-25 08:45:00,7120.7
2019-03-25 09:00:00,7113.3
2019-03-25 09:15:00,7123.8
2019-03-25 09:30:00,7153.5
2019-03-25 09:45:00,7154.9
2019-03-25 10:00:00,7167.0
2019-03-25 10:15:00,7172.7
2019-03-25 10:30:00,7186.1
2019-03-25 10:45:00,7184.9
2019-03-25 11:00:00,7203.7
2019-03-25 11:15:00,7213.0
2019-03-25 11:30:00,7208.8
2019-03-25 11:45:00,7211.5
2019-03-25 12:00:00,7194.8
2019-03-25 12:15:00,7182.2
2019-03-25 12:30:00,7174.2
2019-03-25 12:45:00,7174.0
2019-03-25 13:00:00,7176.5
2019-03-25 13:15:00,7177.4
2019-03-25 13:30:00,7175.8
2019-03-25 13:45:00,7153.6
2019-03-25 14:00:00,7138.1
2019-03-25 14:15:00,7147.7
2019-03-25 14:30:00,7137.7
2019-03-25 14:45:00,7123.3
2019-03-25 15:00:00,7131.0
2019-03-25 15:15:00,7125.7
2019-03-25 15:30:00,7124.7
2019-03-25 15:45:00,7099.1
2019-03-25 16:00:00,7092.4
2019-03-25 16:15:00,7069.3
2019-03-25 16:30:00,7062.1
2019-03-25 16:45:00,7056.9
2019-03-25 17:00:00,7052.1
2019-03-25 17:15:00,7048.1
2019-03-25 17:30:00,7062.9
2019-03-25 17:45:00,7058.4
2019-03-25 18:00:00,7067.6
2019-03-25 18:15:00,7074.1
2019-03-25 18:30:00,7109.1
2019-03-25 18:45:00,7141.1
2019-03-25 19:00:00,7166.3
2019-03-25 19:15:00,7164.4
2019-03-25 19:30:00,7159.6
2019-03-25 19:45:00,7143.2
2019-03-25 20:00:00,7112.6
2019-03-25 20:15:00,7068.2
2019-03-25 20:30:00,7027.8
2019-03-25 20:45:00,6996.6
2019-03-25 21:00:00,6970.4
2019-03-25 21:15:00,6933.7
2019-03-25 21:30:00,6895.4
2019-03-25 21:45:00,6860.7
2019-03-25 22:00:00,6851.4
2019-03-25 22:15:00,6825.0
2019-03-25 22:30:00,6782.5
2019-03-25 22:45:00,6747.3
2019-03-25 23:00:00,6700.3
2019-03-25 23:15:00,6658.6
2019-03-25 23:30:00,6635.3
2019-03-25 23:45:00,6620.5
2019-03-26 00:00:00,6608.0
2019-03-26 00:15:00,6581.7
2019-03-26 00:30:00,6567.8
2019-03-26 00:45:00,6556.9
2019-03-26 01:00:00,6537.1
2019-03-26 01:15:00,6533.4
2019-03-26 01:30:00,6529.6
2019-03-26 01:45:00,6523.8
2019-03-26 02:00:00,6521.7
2019-03-26 02:15:00,6518.8
2019-03-26 02:30:00,6520.4
2019-03-26 02:45:00,6535.2
2019-03-26 03:00:00,6540.9
2019-03-26 03:15:00,6547.6
2019-03-26 03:30:00,6553.6
2019-03-26 03:45:00,6559.7
2019-03-26 04:00:00,6568.5
2019-03-26 04:15:00,6581.8
2019-03-26 04:30:00,6596.4
2019-03-26 04:45:00,6616.6
2019-03-26 05:00:00,6655.3
2019-03-26 05:15:00,6677.4
2019-03-26 05:30:00,6703.2
2019-03-26 05:45:00,6740.0
2019-03-26 06:00:00,6822.6
2019-03-26 06:15:00,6892.3
2019-03-26 06:30:00,6934.6
2019-03-26 06:45:00,6981.0
2019-03-26 07:00:00,7026.9
2019-03-26 07:15:00,7058.7
2019-03-26 07:30:00,7083.6
2019-03-26 07:45:00,7112.4
2019-03-26 08:00:00,7140.8
2019-03-26 08:15:00,7154.1
2019-03-26 08:30:00,7164.1
2019-03-26 08:45:00,7160.6
2019-03-26 09:00:00,7155.3
2019-03-26 09:15:00,7158.5
2019-03-26 09:30:00,7169.1
2019-03-26 09:45:00,7175.2
2019-03-26 10:00:00,7181.1
2019-03-26 10:15:00,7189.5
2019-03-26 10:30:00,7203.1
2019-03-26 10:45:00,7208.2
2019-03-26 11:00:00,7224.6
2019-03-26 11:15:00,7225.0
2019-03-26 11:30:00,7224.6
2019-03-26 11:45:00,7213.8
2019-03-26 12:00:00,7195.7
2019-03-26 12:15:00,7185.8
2019-03-26 12:30:00,7178.4
2019-03-26 12:45:00,7177.4
2019-03-26 13:00:00,7183.4
2019-03-26 13:15:00,7169.3
2019-03-26 13:30:00,7157.3
2019-03-26 13:45:00,7131.1
2019-03-26 14:00:00,7141.3
2019-03-26 14:15:00,7135.8
2019-03-26 14:30:00,7123.6
2019-03-26 14:45:00,7106.3
2019-03-26 15:00:00,7109.3
2019-03-26 15:15:00,7087.9
2019-03-26 15:30:00,7085.9
2019-03-26 15:45:00,7066.9
2019-03-26 16:00:00,7080.8
2019-03-26 16:15:00,7058.4
2019-03-26 16:30:00,7047.4
2019-03-26 16:45:00,7042.9
2019-03-26 17:00:00,7052.3
2019-03-26 17:15:00,7058.0
2019-03-26 17:30:00,7064.8
2019-03-26 17:45:00,7072.4
2019-03-26 18:00:00,7086.8
2019-03-26 18:15:00,7091.7
2019-03-26 18:30:00,7113.5
2019-03-26 18:45:00,7140.5
2019-03-26 19:00:00,7166.7
2019-03-26 19:15:00,7160.1
2019-03-26 19:30:00,7141.4
2019-03-26 19:45:00,7122.6
2019-03-26 20:00:00,7092.5
2019-03-26 20:15:00,7054.0
2019-03-26 20:30:00,7013.4
2019-03-26 20:45:00,6976.5
2019-03-26 21:00:00,6950.0
2019-03-26 21:15:00,6926.2
2019-03-26 21:30:00,6896.3
2019-03-26 21:45:00,6866.6
2019-03-26 22:00:00,6849.0
2019-03-26 22:15:00,6824.1
2019-03-26 22:30:00,6794.7
2019-03-26 22:45:00,6757.8
2019-03-26 23:00:00,6716.2
2019-03-26 23:15:00,6677.0
2019-03-26 23:30:00,6654.7
2019-03-26 23:45:00,6634.6
2019-03-27 00:00:00,6598.7
2019-03-27 00:15:00,6564.3
2019-03-27 00:30:00,6554.9
2019-03-27 00:45:00,6539.5
2019-03-27 01:00:00,6526.5
2019-03-27 01:15:00,6504.9
2019-03-27 01:30:00,6497.3
2019-03-27 01:45:00,6489.3
2019-03-27 02:00:00,6482.1
2019-03-27 02:15:00,6480.6
2019-03-27 02:30:00,6484.7
2019-03-27 02:45:00,6486.3
2019-03-27 03:00:00,6484.6
2019-03-27 03:15:00,6489.9
2019-03-27 03:30:00,6502.4
2019-03-27 03:45:00,6508.6
2019-03-27 04:00:00,6522.7
2019-03-27 04:15:00,6535.2
2019-03-27 04:30:00,6558.3
2019-03-27 04:45:00,6575.7
2019-03-27 05:00:00,6622.6
2019-03-27 05:15:00,6652.9
2019-03-27 05:30:00,6679.3
2019-03-27 05:45:00,6736.0
2019-03-27 06:00:00,6819.0
2019-03-27 06:15:00,6879.3
2019-03-27 06:30:00,6929.8
2019-03-27 06:45:00,6975.4
2019-03-27 07:00:00,7024.1
2019-03-27 07:15:00,7060.1
2019-03-27 07:30:00,7085.1
2019-03-27 07:45:00,7104.7
2019-03-27 08:00:00,7128.0
2019-03-27 08:15:00,7145.4
2019-03-27 08:30:00,7150.2
2019-03-27 08:45:00,7149.1
2019-03-27 09:00:00,7137.7
2019-03-27 09:15:00,7148.6
2019-03-27 09:30:00,7158.3
2019-03-27 09:45:00,7167.5
2019-03-27 10:00:00,7166.6
2019-03-27 10:15:00,7167.2
2019-03-27 10:30:00,7180.0
2019-03-27 10:45:00,7194.1
2019-03-27 11:00:00,7206.0
2019-03-27 11:15:00,7218.5
2019-03-27 11:30:00,7223.2
2019-03-27 11:45:00,7219.9
2019-03-27 12:00:00,7195.1
2019-03-27 12:15:00,7177.8
2019-03-27 12:30:00,7178.2
2019-03-27 12:45:00,7169.5
2019-03-27 13:00:00,7170.4
2019-03-27 13:15:00,7151.2
2019-03-27 13:30:00,7149.4
2019-03-27 13:45:00,7124.8
2019-03-27 14:00:00,7120.6
2019-03-27 14:15:00,7113.6
2019-03-27 14:30:00,7110.9
2019-03-27 14:45:00,7104.9
2019-03-27 15:00:00,7102.9
2019-03-27 15:15:00,7091.9
2019-03-27 15:30:00,7083.1
2019-03-27 15:45:00,7068.8
2019-03-27 16:00:00,7064.9
2019-03-27 16:15:00,7046.6
2019-03-27 16:30:00,7036.3
2019-03-27 16:45:00,7036.7
2019-03-27 17:00:00,7053.7
2019-03-27 17:15:00,7050.9
2019-03-27 17:30:00,7063.8
2019-03-27 17:45:00,7067.2
2019-03-27 18:00:00,7082.1
2019-03-27 18:15:00,7090.7
2019-03-27 18:30:00,7113.1
2019-03-27 18:45:00,7147.5
2019-03-27 19:00:00,7173.6
2019-03-27 19:15:00,7179.3
2019-03-27 19:30:00,7165.1
2019-03-27 19:45:00,7149.3
2019-03-27 20:00:00,7113.1
2019-03-27 20:15:00,7066.6
2019-03-27 20:30:00,7028.5
2019-03-27 20:45:00,6993.7
2019-03-27 21:00:00,6961.2
2019-03-27 21:15:00,6933.3
2019-03-27 21:30:00,6897.9
2019-03-27 21:45:00,6868.5
2019-03-27 22:00:00,6848.1
2019-03-27 22:15:00,6822.0
2019-03-27 22:30:00,6785.3
2019-03-27 22:45:00,6744.4
2019-03-27 23:00:00,6695.5
2019-03-27 23:15:00,6663.3
2019-03-27 23:30:00,6631.6
2019-03-27 23:45:00,6605.6
2019-03-28 00:00:00,6558.8
2019-03-28 00:15:00,6542.7
2019-03-28 00:30:00,6532.2
2019-03-28 00:45:00,6520.8
2019-03-28 01:00:00,6505.4
2019-03-28 01:15:00,6492.7
2019-03-28 01:30:00,6484.7
2019-03-28 01:45:00,6479.2
2019-03-28 02:00:00,6457.3
2019-03-28 02:15:00,6448.4
2019-03-28 02:30:00,6448.2
2019-03-28 02:45:00,6456.3
2019-03-28 03:00:00,6465.4
2019-03-28 03:15:00,6467.4
2019-03-28 03:30:00,6477.1
2019-03-28 03:45:00,6475.8
2019-03-28 04:00:00,6489.6
2019-03-28 04:15:00,6498.5
2019-03-28 04:30:00,6516.2
2019-03-28 04:45:00,6541.4
2019-03-28 05:00:00,6604.1
2019-03-28 05:15:00,6627.7
2019-03-28 05:30:00,6654.7
2019-03-28 05:45:00,6689.6
2019-03-28 06:00:00,6773.6
2019-03-28 06:15:00,6841.4
2019-03-28 06:30:00,6907.6
2019-03-28 06:45:00,6933.8
2019-03-28 07:00:00,6981.8
2019-03-28 07:15:00,7014.6
2019-03-28 07:30:00,7035.7
2019-03-28 07:45:00,7054.0
2019-03-28 08:00:00,7081.9
2019-03-28 08:15:00,7090.1
2019-03-28 08:30:00,7099.1
2019-03-28 08:45:00,7098.8
2019-03-28 09:00:00,7085.4
2019-03-28 09:15:00,7098.7
2019-03-28 09:30:00,7106.5
2019-03-28 09:45:00,7109.4
2019-03-28 10:00:00,7110.8
2019-03-28 10:15:00,7117.5
2019-03-28 10:30:00,7121.6
2019-03-28 10:45:00,7132.4
2019-03-28 11:00:00,7145.8
2019-03-28 11:15:00,7155.4
2019-03-28 11:30:00,7160.6
2019-03-28 11:45:00,7160.5
2019-03-28 12:00:00,7143.7
2019-03-28 12:15:00,7132.7
2019-03-28 12:30:00,7123.0
2019-03-28 12:45:00,7117.3
2019-03-28 13:00:00,7126.2
2019-03-28 13:15:00,7122.6
2019-03-28 13:30:00,7115.1
2019-03-28 13:45:00,7096.4
2019-03-28 14:00:00,7092.9
2019-03-28 14:15:00,7084.9
2019-03-28 14:30:00,7077.2
2019-03-28 14:45:00,7067.4
2019-03-28 15:00:00,7064.5
2019-03-28 15:15:00,7052.6
2019-03-28 15:30:00,7041.9
2019-03-28 15:45:00,7032.9
2019-03-28 16:00:00,7023.6
2019-03-28 16:15:00,7017.6
2019-03-28 16:30:00,7012.5
2019-03-28 16:45:00,7008.7
2019-03-28 17:00:00,7018.2
2019-03-28 17:15:00,7014.2
2019-03-28 17:30:00,7029.6
2019-03-28 17:45:00,7043.5
2019-03-28 18:00:00,7048.9
2019-03-28 18:15:00,7046.3
2019-03-28 18:30:00,7066.8
2019-03-28 18:45:00,7099.0
2019-03-28 19:00:00,7126.0
2019-03-28 19:15:00,7129.0
2019-03-28 19:30:00,7122.2
2019-03-28 19:45:00,7100.1
2019-03-28 20:00:00,7071.3
2019-03-28 20:15:00,7033.2
2019-03-28 20:30:00,6993.7
2019-03-28 20:45:00,6967.5
2019-03-28 21:00:00,6941.5
2019-03-28 21:15:00,6919.6
2019-03-28 21:30:00,6888.4
2019-03-28 21:45:00,6853.7
2019-03-28 22:00:00,6843.2
2019-03-28 22:15:00,6809.6
2019-03-28 22:30:00,6774.8
2019-03-28 22:45:00,6732.5
2019-03-28 23:00:00,6690.4
2019-03-28 23:15:00,6656.1
2019-03-28 23:30:00,6630.4
2019-03-28 23:45:00,6604.8
2019-03-29 00:00:00,6558.7
2019-03-29 00:15:00,6527.9
2019-03-29 00:30:00,6521.8
2019-03-29 00:45:00,6495.0
2019-03-29 01:00:00,6472.5
2019-03-29 01:15:00,6450.1
2019-03-29 01:30:00,6447.8
2019-03-29 01:45:00,6435.2
2019-03-29 02:00:00,6421.4
2019-03-29 02:15:00,6411.6
2019-03-29 02:30:00,6420.9
2019-03-29 02:45:00,6426.6
2019-03-29 03:00:00,6436.0
2019-03-29 03:15:00,6438.5
2019-03-29 03:30:00,6446.9
2019-03-29 03:45:00,6458.2
2019-03-29 04:00:00,6480.6
2019-03-29 04:15:00,6495.6
2019-03-29 04:30:00,6508.8
2019-03-29 04:45:00,6534.5
2019-03-29 05:00:00,6589.9
2019-03-29 05:15:00,6618.8
2019-03-29 05:30:00,6646.4
2019-03-29 05:45:00,6677.9
2019-03-29 06:00:00,6760.3
2019-03-29 06:15:00,6824.8
2019-03-29 06:30:00,6873.6
2019-03-29 06:45:00,6911.8
2019-03-29 07:00:00,6963.3
2019-03-29 07:15:00,6994.2
2019-03-29 07:30:00,7020.0
2019-03-29 07:45:00,7042.7
2019-03-29 08:00:00,7065.5
2019-03-29 08:15:00,7081.2
2019-03-29 08:30:00,7085.1
2019-03-29 08:45:00,7086.4
2019-03-29 09:00:00,7067.7
2019-03-29 09:15:00,7070.4
2019-03-29 09:30:00,7077.0
2019-03-29 09:45:00,7091.5
2019-03-29 10:00:00,7086.5
2019-03-29 10:15:00,7093.4
2019-03-29 10:30:00,7107.6
2019-03-29 10:45:00,7108.3
2019-03-29 11:00:00,7105.2
2019-03-29 11:15:00,7108.5
2019-03-29 11:30:00,7116.1
2019-03-29 11:45:00,7107.7
2019-03-29 12:00:00,7082.8
2019-03-29 12:15:00,7080.3
2019-03-29 12:30:00,7064.9
2019-03-29 12:45:00,7054.1
2019-03-29 13:00:00,7051.6
2019-03-29 13:15:00,7029.8
2019-03-29 13:30:00,7001.1
2019-03-29 13:45:00,6973.4
2019-03-29 14:00:00,6979.8
2019-03-29 14:15:00,6975.9
2019-03-29 14:30:00,6962.8
2019-03-29 14:45:00,6950.1
2019-03-29 15:00:00,6946.9
2019-03-29 15:15:00,6938.5
2019-03-29 15:30:00,6921.4
2019-03-29 15:45:00,6902.8
2019-03-29 16:00:00,6910.9
2019-03-29 16:15:00,6895.7
2019-03-29 16:30:00,6883.4
2019-03-29 16:45:00,6883.4
2019-03-29 17:00:00,6887.9
2019-03-29 17:15:00,6886.7
2019-03-29 17:30:00,6907.5
2019-03-29 17:45:00,6914.5
2019-03-29 18:00:00,6920.4
2019-03-29 18:15:00,6929.5
2019-03-29 18:30:00,6943.9
2019-03-29 18:45:00,6975.5
2019-03-29 19:00:00,7009.2
2019-03-29 19:15:00,7032.9
2019-03-29 19:30:00,7026.9
2019-03-29 19:45:00,7002.1
2019-03-29 20:00:00,6967.1
2019-03-29 20:15:00,6936.5
2019-03-29 20:30:00,6905.0
2019-03-29 20:45:00,6860.6
2019-03-29 21:00:00,6848.3
2019-03-29 21:15:00,6818.3
2019-03-29 21:30:00,6785.9
2019-03-29 21:45:00,6752.7
2019-03-29 22:00:00,6737.0
2019-03-29 22:15:00,6707.8
2019-03-29 22:30:00,6673.3
2019-03-29 22:45:00,6636.7
2019-03-29 23:00:00,6596.3
2019-03-29 23:15:00,6568.5
2019-03-29 23:30:00,6537.7
2019-03-29 23:45:00,6511.0
2019-03-30 00:00:00,6484.2
2019-03-30 00:15:00,6456.8
2019-03-30 00:30:00,6435.7
2019-03-30 00:45:00,6423.2
2019-03-30 01:00:00,6407.9
2019-03-30 01:15:00,6390.7
2019-03-30 01:30:00,6384.2
2019-03-30 01:45:00,6367.0
2019-03-30 02:00:00,6363.1
2019-03-30 02:15:00,6357.8
2019-03-30 02:30:00,6345.7
2019-03-30 02:45:00,6351.4
2019-03-30 03:00:00,6355.9
2019-03-30 03:15:00,6350.3
2019-03-30 03:30:00,6354.0
2019-03-30 03:45:00,6355.5
2019-03-30 04:00:00,6365.4
2019-03-30 04:15:00,6364.4
2019-03-30 04:30:00,6365.7
2019-03-30 04:45:00,6377.4
2019-03-30 05:00:00,6388.8
2019-03-30 05:15:00,6381.6
2019-03-30 05:30:00,6382.3
2019-03-30 05:45:00,6375.5
2019-03-30 06:00:00,6372.0
2019-03-30 06:15:00,6383.7
2019-03-30 06:30:00,6398.9
2019-03-30 06:45:00,6421.9
2019-03-30 07:00:00,6450.7
2019-03-30 07:15:00,6475.7
2019-03-30 07:30:00,6504.4
2019-03-30 07:45:00,6541.4
2019-03-30 08:00:00,6589.9
2019-03-30 08:15:00,6617.8
2019-03-30 08:30:00,6637.0
2019-03-30 08:45:00,6660.6
2019-03-30 09:00:00,6675.4
2019-03-30 09:15:00,6684.5
2019-03-30 09:30:00,6695.3
2019-03-30 09:45:00,6699.5
2019-03-30 10:00:00,6696.2
2019-03-30 10:15:00,6698.9
2019-03-30 10:30:00,6701.6
2019-03-30 10:45:00,6703.0
2019-03-30 11:00:00,6701.4
2019-03-30 11:15:00,6700.0
2019-03-30 11:30:00,6704.7
2019-03-30 11:45:00,6691.5
2019-03-30 12:00:00,6686.3
2019-03-30 12:15:00,6682.0
2019-03-30 12:30:00,6670.9
2019-03-30 12:45:00,6654.8
2019-03-30 13:00:00,6643.6
2019-03-30 13:15:00,6627.7
2019-03-30 13:30:00,6612.7
2019-03-30 13:45:00,6595.0
2019-03-30 14:00:00,6580.5
2019-03-30 14:15:00,6567.4
2019-03-30 14:30:00,6563.0
2019-03-30 14:45:00,6557.5
2019-03-30 15:00:00,6561.0
2019-03-30 15:15:00,6556.1
2019-03-30 15:30:00,6548.4
2019-03-30 15:45:00,6529.4
2019-03-30 16:00:00,6528.4
2019-03-30 16:15:00,6526.9
2019-03-30 16:30:00,6515.3
2019-03-30 16:45:00,6516.8
2019-03-30 17:00:00,6532.6
2019-03-30 17:15:00,6544.4
2019-03-30 17:30:00,6565.8
2019-03-30 17:45:00,6574.3
2019-03-30 18:00:00,6600.1
2019-03-30 18:15:00,6607.4
2019-03-30 18:30:00,6636.3
2019-03-30 18:45:00,6664.3
2019-03-30 19:00:00,6694.8
2019-03-30 19:15:00,6711.2
2019-03-30 19:30:00,6712.5
2019-03-30 19:45:00,6699.7
2019-03-30 20:00:00,6670.4
2019-03-30 20:15:00,6631.9
2019-03-30 20:30:00,6602.4
2019-03-30 20:45:00,6571.0
2019-03-30 21:00:00,6549.6
2019-03-30 21:15:00,6528.2
2019-03-30 21:30:00,6502.7
2019-03-30 21:45:00,6492.1
2019-03-30 22:00:00,6505.9
2019-03-30 22:15:00,6480.5
2019-03-30 22:30:00,6451.2
2019-03-30 22:45:00,6430.9
2019-03-30 23:00:00,6403.1
2019-03-30 23:15:00,6378.5
2019-03-30 23:30:00,6357.9
2019-03-30 23:45:00,6341.0
2019-03-31 00:00:00,6339.4
2019-03-31 00:15:00,6324.2
2019-03-31 00:30:00,6304.5
2019-03-31 00:45:00,6294.7
2019-03-31 01:00:00,6277.1
2019-03-31 01:15:00,6264.9
2019-03-31 01:30:00,6257.6
2019-03-31 01:45:00,6241.7
2019-03-31 02:00:00,6225.8
2019-03-31 02:15:00,6224.6
2019-03-31 02:30:00,6222.3
2019-03-31 02:45:00,6218.3
2019-03-31 03:00:00,6211.7
2019-03-31 03:15:00,6221.3
2019-03-31 03:30:00,6227.6
2019-03-31 03:45:00,6236.0
2019-03-31 04:00:00,6249.4
2019-03-31 04:15:00,6247.3
2019-03-31 04:30:00,6260.8
2019-03-31 04:45:00,6264.4
2019-03-31 05:00:00,6255.3
2019-03-31 05:15:00,6266.0
2019-03-31 05:30:00,6262.3
2019-03-31 05:45:00,6262.2
2019-03-31 06:00:00,6265.0
2019-03-31 06:15:00,6268.6
2019-03-31 06:30:00,6284.8
2019-03-31 06:45:00,6304.5
2019-03-31 07:00:00,6333.8
2019-03-31 07:15:00,6363.1
2019-03-31 07:30:00,6386.9
2019-03-31 07:45:00,6404.6
2019-03-31 08:00:00,6447.1
2019-03-31 08:15:00,6474.4
2019-03-31 08:30:00,6498.9
2019-03-31 08:45:00,6526.3
2019-03-31 09:00:00,6547.6
2019-03-31 09:15:00,6566.7
2019-03-31 09:30:00,6593.0
2019-03-31 09:45:00,6597.7
2019-03-31 10:00:00,6623.9
2019-03-31 10:15:00,6638.3
2019-03-31 10:30:00,6646.0
2019-03-31 10:45:00,6653.3
2019-03-31 11:00:00,6650.7
2019-03-31 11:15:00,6643.2
2019-03-31 11:30:00,6633.3
2019-03-31 11:45:00,6608.6
2019-03-31 12:00:00,6593.1
2019-03-31 12:15:00,6580.7
2019-03-31 12:30:00,6570.6
2019-03-31 12:45:00,6547.4
2019-03-31 13:00:00,6534.9
2019-03-31 13:15:00,6528.4
2019-03-31 13:30:00,6508.8
2019-03-31 13:45:00,6494.2
2019-03-31 14:00:00,6487.7
2019-03-31 14:15:00,6474.5
2019-03-31 14:30:00,6473.5
2019-03-31 14:45:00,6463.1
2019-03-31 15:00:00,6455.6
2019-03-31 15:15:00,6462.6
2019-03-31 15:30:00,6475.4
2019-03-31 15:45:00,6466.0
2019-03-31 16:00:00,6484.6
2019-03-31 16:15:00,6489.4
2019-03-31 16:30:00,6502.6
2019-03-31 16:45:00,6495.9
2019-03-31 17:00:00,6523.3
2019-03-31 17:15:00,6524.5
2019-03-31 17:30:00,6533.4
2019-03-31 17:45:00,6551.7
2019-03-31 18:00:00,6562.9
2019-03-31 18:15:00,6571.1
2019-03-31 18:30:00,6572.0
2019-03-31 18:45:00,6595.2
2019-03-31 19:00:00,6638.3
2019-03-31 19:15:00,6649.3
2019-03-31 19:30:00,6623.6
2019-03-31 19:45:00,6608.3
2019-03-31 20:00:00,6603.7
2019-03-31 20:15:00,6585.4
2019-03-31 20:30:00,6572.1
2019-03-31 20:45:00,6564.8
2019-03-31 21:00:00,6586.6
2019-03-31 21:15:00,6564.6
2019-03-31 21:30:00,6553.2
2019-03-31 21:45:00,6528.0
2019-03-31 22:00:00,6502.6
2019-03-31 22:15:00,6469.4
2019-03-31 22:30:00,6442.6
2019-03-31 22:45:00,6422.0
2019-03-31 23:00:00,6371.7
2019-03-31 23:15:00,6358.2
2019-03-31 23:30:00,6352.8
2019-03-31 23:45:00,6341.8
2019-04-01 00:00:00,6322.7
2019-04-01 00:15:00,6306.3
2019-04-01 00:30:00,6297.3
2019-04-01 00:45:00,6290.7
2019-04-01 01:00:00,6286.5
2019-04-01 01:15:00,6283.3
2019-04-01 01:30:00,6284.1
2019-04-01 01:45:00,6288.1
2019-04-01 02:00:00,6291.6
2019-04-01 02:15:00,6293.9
2019-04-01 02:30:00,6311.1
2019-04-01 02:45:00,6318.1
2019-04-01 03:00:00,6342.0
2019-04-01 03:15:00,6365.1
2019-04-01 03:30:00,6385.9
2019-04-01 03:45:00,6414.3
2019-04-01 04:00:00,6456.7
2019-04-01 04:15:00,6481.9
2019-04-01 04:30:00,6533.2
2019-04-01 04:45:00,6589.2
2019-04-01 05:00:00,6698.4
2019-04-01 05:15:00,6777.5
2019-04-01 05:30:00,6842.6
2019-04-01 05:45:00,6877.1
2019-04-01 06:00:00,6921.8
2019-04-01 06:15:00,6954.8
2019-04-01 06:30:00,6981.0
2019-04-01 06:45:00,7002.0
2019-04-01 07:00:00,7022.8
2019-04-01 07:15:00,7042.4
2019-04-01 07:30:00,7057.4
2019-04-01 07:45:00,7062.7
2019-04-01 08:00:00,7047.0
2019-04-01 08:15:00,7058.3
2019-04-01 08:30:00,7068.5
2019-04-01 08:45:00,7077.0
2019-04-01 09:00:00,7078.5
2019-04-01 09:15:00,7077.4
2019-04-01 09:30:00,7083.0
2019-04-01 09:45:00,7085.4
2019-04-01 10:00:00,7080.9
2019-04-01 10:15:00,7102.0
2019-04-01 10:30:00,7097.6
2019-04-01 10:45:00,7104.1
2019-04-01 11:00:00,7072.5
2019-04-01 11:15:00,7058.8
2019-04-01 11:30:00,7066.7
2019-04-01 11:45:00,7066.9
2019-04-01 12:00:00,7071.0
2019-04-01 12:15:00,7062.1
2019-04-01 12:30:00,7048.4
2019-04-01 12:45:00,7029.3
2019-04-01 13:00:00,7025.0
2019-04-01 13:15:00,7025.5
2019-04-01 13:30:00,7016.7
2019-04-01 13:45:00,7010.1
2019-04-01 14:00:00,7010.9
2019-04-01 14:15:00,6989.5
2019-04-01 14:30:00,6972.5
2019-04-01 14:45:00,6959.4
2019-04-01 15:00:00,6944.8
2019-04-01 15:15:00,6930.3
2019-04-01 15:30:00,6923.4
2019-04-01 15:45:00,6905.7
2019-04-01 16:00:00,6908.0
2019-04-01 16:15:00,6907.4
2019-04-01 16:30:00,6910.1
2019-04-01 16:45:00,6915.0
2019-04-01 17:00:00,6921.0
2019-04-01 17:15:00,6921.1
2019-04-01 17:30:00,6938.9
2019-04-01 17:45:00,6951.5
2019-04-01 18:00:00,6964.0
2019-04-01 18:15:00,6961.8
2019-04-01 18:30:00,6975.8
2019-04-01 18:45:00,6989.9
2019-04-01 19:00:00,7003.1
2019-04-01 19:15:00,7001.7
2019-04-01 19:30:00,6995.2
2019-04-01 19:45:00,6968.3
2019-04-01 20:00:00,6941.8
2019-04-01 20:15:00,6916.4
2019-04-01 20:30:00,6883.4
2019-04-01 20:45:00,6861.5
2019-04-01 21:00:00,6838.6
2019-04-01 21:15:00,6809.0
2019-04-01 21:30:00,6775.0
2019-04-01 21:45:00,6740.7
2019-04-01 22:00:00,6696.4
2019-04-01 22:15:00,6662.9
2019-04-01 22:30:00,6637.6
2019-04-01 22:45:00,6612.8
2019-04-01 23:00:00,6595.9
2019-04-01 23:15:00,6573.9
2019-04-01 23:30:00,6557.7
2019-04-01 23:45:00,6550.9
2019-04-02 00:00:00,6528.8
2019-04-02 00:15:00,6515.7
2019-04-02 00:30:00,6512.5
2019-04-02 00:45:00,6501.6
2019-04-02 01:00:00,6475.3
2019-04-02 01:15:00,6476.7
2019-04-02 01:30:00,6485.4
2019-04-02 01:45:00,6497.5
2019-04-02 02:00:00,6493.1
2019-04-02 02:15:00,6505.5
2019-04-02 02:30:00,6505.3
2019-04-02 02:45:00,6513.8
2019-04-02 03:00:00,6519.1
2019-04-02 03:15:00,6542.0
2019-04-02 03:30:00,6558.5
2019-04-02 03:45:00,6579.1
2019-04-02 04:00:00,6629.1
2019-04-02 04:15:00,6653.5
2019-04-02 04:30:00,6679.3
2019-04-02 04:45:00,6722.7
2019-04-02 05:00:00,6835.7
2019-04-02 05:15:00,6903.3
2019-04-02 05:30:00,6953.8
2019-04-02 05:45:00,6979.7
2019-04-02 06:00:00,7018.9
2019-04-02 06:15:00,7052.1
2019-04-02 06:30:00,7072.8
2019-04-02 06:45:00,7085.2
2019-04-02 07:00:00,7108.9
2019-04-02 07:15:00,7125.4
2019-04-02 07:30:00,7125.0
2019-04-02 07:45:00,7128.1
2019-04-02 08:00:00,7119.9
2019-04-02 08:15:00,7128.0
2019-04-02 08:30:00,7128.6
2019-04-02 08:45:00,7141.4
2019-04-02 09:00:00,7135.1
2019-04-02 09:15:00,7149.1
2019-04-02 09:30:00,7146.5
2019-04-02 09:45:00,7154.3
2019-04-02 10:00:00,7148.9
2019-04-02 10:15:00,7154.9
2019-04-02 10:30:00,7159.0
2019-04-02 10:45:00,7166.5
2019-04-02 11:00:00,7149.4
2019-04-02 11:15:00,7150.5
2019-04-02 11:30:00,7143.0
2019-04-02 11:45:00,7133.9
2019-04-02 12:00:00,7148.4
2019-04-02 12:15:00,7147.8
2019-04-02 12:30:00,7139.7
2019-04-02 12:45:00,7123.9
2019-04-02 13:00:00,7116.1
2019-04-02 13:15:00,7117.1
2019-04-02 13:30:00,7109.6
2019-04-02 13:45:00,7095.8
2019-04-02 14:00:00,7099.2
2019-04-02 14:15:00,7092.6
2019-04-02 14:30:00,7067.7
2019-04-02 14:45:00,7059.4
2019-04-02 15:00:00,7060.3
2019-04-02 15:15:00,7046.0
2019-04-02 15:30:00,7013.7
2019-04-02 15:45:00,7004.6
2019-04-02 16:00:00,7006.2
2019-04-02 16:15:00,7006.9
2019-04-02 16:30:00,7018.0
2019-04-02 16:45:00,7020.7
2019-04-02 17:00:00,7024.7
2019-04-02 17:15:00,7004.9
2019-04-02 17:30:00,7013.3
2019-04-02 17:45:00,7016.6
2019-04-02 18:00:00,7017.2
2019-04-02 18:15:00,7021.3
2019-04-02 18:30:00,7017.0
2019-04-02 18:45:00,7028.9
2019-04-02 19:00:00,7044.8
2019-04-02 19:15:00,7047.6
2019-04-02 19:30:00,7031.8
2019-04-02 19:45:00,7008.8
2019-04-02 20:00:00,6979.7
2019-04-02 20:15:00,6950.0
2019-04-02 20:30:00,6927.0
2019-04-02 20:45:00,6883.6
2019-04-02 21:00:00,6853.4
2019-04-02 21:15:00,6819.3
2019-04-02 21:30:00,6788.9
2019-04-02 21:45:00,6743.5
2019-04-02 22:00:00,6700.4
2019-04-02 22:15:00,6664.2
2019-04-02 22:30:00,6630.2
2019-04-02 22:45:00,6605.3
2019-04-02 23:00:00,6565.9
2019-04-02 23:15:00,6555.9
2019-04-02 23:30:00,6534.1
2019-04-02 23:45:00,6512.9
2019-04-03 00:00:00,6495.9
2019-04-03 00:15:00,6480.0
2019-04-03 00:30:00,6468.3
2019-04-03 00:45:00,6466.2
2019-04-03 01:00:00,6461.8
2019-04-03 01:15:00,6456.3
2019-04-03 01:30:00,6450.7
2019-04-03 01:45:00,6453.2
2019-04-03 02:00:00,6457.1
2019-04-03 02:15:00,6462.6
2019-04-03 02:30:00,6457.5
2019-04-03 02:45:00,6461.9
2019-04-03 03:00:00,6480.6
2019-04-03 03:15:00,6481.8
2019-04-03 03:30:00,6503.2
2019-04-03 03:45:00,6528.7
2019-04-03 04:00:00,6577.2
2019-04-03 04:15:00,6609.9
2019-04-03 04:30:00,6654.7
2019-04-03 04:45:00,6698.4
2019-04-03 05:00:00,6801.4
2019-04-03 05:15:00,6877.3
2019-04-03 05:30:00,6931.4
2019-04-03 05:45:00,6969.9
2019-04-03 06:00:00,7013.2
2019-04-03 06:15:00,7026.5
2019-04-03 06:30:00,7047.5
2019-04-03 06:45:00,7065.2
2019-04-03 07:00:00,7087.8
2019-04-03 07:15:00,7101.6
2019-04-03 07:30:00,7103.3
2019-04-03 07:45:00,7103.8
2019-04-03 08:00:00,7096.8
2019-04-03 08:15:00,7103.0
2019-04-03 08:30:00,7122.2
2019-04-03 08:45:00,7130.4
2019-04-03 09:00:00,7135.5
2019-04-03 09:15:00,7145.4
2019-04-03 09:30:00,7151.2
2019-04-03 09:45:00,7167.2
2019-04-03 10:00:00,7174.4
2019-04-03 10:15:00,7182.4
2019-04-03 10:30:00,7189.7
2019-04-03 10:45:00,7185.4
2019-04-03 11:00:00,7165.0
2019-04-03 11:15:00,7162.9
2019-04-03 11:30:00,7156.1
2019-04-03 11:45:00,7157.8
2019-04-03 12:00:00,7163.8
2019-04-03 12:15:00,7160.2
2019-04-03 12:30:00,7150.3
2019-04-03 12:45:00,7135.1
2019-04-03 13:00:00,7126.6
2019-04-03 13:15:00,7132.0
2019-04-03 13:30:00,7122.0
2019-04-03 13:45:00,7110.8
2019-04-03 14:00:00,7097.3
2019-04-03 14:15:00,7089.4
2019-04-03 14:30:00,7079.1
2019-04-03 14:45:00,7069.0
2019-04-03 15:00:00,7056.0
2019-04-03 15:15:00,7050.4
2019-04-03 15:30:00,7042.8
2019-04-03 15:45:00,7037.2
2019-04-03 16:00:00,7043.7
2019-04-03 16:15:00,7049.3
2019-04-03 16:30:00,7038.3
2019-04-03 16:45:00,7045.6
2019-04-03 17:00:00,7032.4
2019-04-03 17:15:00,7026.0
2019-04-03 17:30:00,7028.9
2019-04-03 17:45:00,7030.2
2019-04-03 18:00:00,7044.6
2019-04-03 18:15:00,7045.7
2019-04-03 18:30:00,7053.2
2019-04-03 18:45:00,7061.5
2019-04-03 19:00:00,7062.2
2019-04-03 19:15:00,7051.9
2019-04-03 19:30:00,7025.2
2019-04-03 19:45:00,6992.3
2019-04-03 20:00:00,6966.1
2019-04-03 20:15:00,6937.4
2019-04-03 20:30:00,6913.1
2019-04-03 20:45:00,6880.8
2019-04-03 21:00:00,6843.7
2019-04-03 21:15:00,6815.3
2019-04-03 21:30:00,6784.3
2019-04-03 21:45:00,6748.2
2019-04-03 22:00:00,6705.0
2019-04-03 22:15:00,6666.0
2019-04-03 22:30:00,6636.9
2019-04-03 22:45:00,6603.4
2019-04-03 23:00:00,6597.3
2019-04-03 23:15:00,6573.3
2019-04-03 23:30:00,6545.3
2019-04-03 23:45:00,6533.2
2019-04-04 00:00:00,6514.4
2019-04-04 00:15:00,6510.7
2019-04-04 00:30:00,6498.0
2019-04-04 00:45:00,6490.0
2019-04-04 01:00:00,6473.5
2019-04-04 01:15:00,6465.5
2019-04-04 01:30:00,6473.5
2019-04-04 01:45:00,6473.9
2019-04-04 02:00:00,6472.5
2019-04-04 02:15:00,6480.1
2019-04-04 02:30:00,6479.0
2019-04-04 02:45:00,6493.6
2019-04-04 03:00:00,6508.3
2019-04-04 03:15:00,6520.9
2019-04-04 03:30:00,6540.4
2019-04-04 03:45:00,6556.5
2019-04-04 04:00:00,6603.2
2019-04-04 04:15:00,6629.2
2019-04-04 04:30:00,6658.5
2019-04-04 04:45:00,6695.7
2019-04-04 05:00:00,6791.4
2019-04-04 05:15:00,6863.0
2019-04-04 05:30:00,6932.8
2019-04-04 05:45:00,6969.0
2019-04-04 06:00:00,7011.5
2019-04-04 06:15:00,7042.7
2019-04-04 06:30:00,7063.9
2019-04-04 06:45:00,7084.9
2019-04-04 07:00:00,7114.2
2019-04-04 07:15:00,7125.8
2019-04-04 07:30:00,7132.9
2019-04-04 07:45:00,7144.4
2019-04-04 08:00:00,7118.2
2019-04-04 08:15:00,7128.8
2019-04-04 08:30:00,7140.9
2019-04-04 08:45:00,7147.4
2019-04-04 09:00:00,7152.5
2019-04-04 09:15:00,7167.5
2019-04-04 09:30:00,7174.9
2019-04-04 09:45:00,7179.4
2019-04-04 10:00:00,7177.9
2019-04-04 10:15:00,7190.1
2019-04-04 10:30:00,7202.2
2019-04-04 10:45:00,7197.9
2019-04-04 11:00:00,7185.5
2019-04-04 11:15:00,7184.7
2019-04-04 11:30:00,7180.1
2019-04-04 11:45:00,7181.7
2019-04-04 12:00:00,7172.2
2019-04-04 12:15:00,7169.3
2019-04-04 12:30:00,7158.7
2019-04-04 12:45:00,7142.2
2019-04-04 13:00:00,7135.7
2019-04-04 13:15:00,7134.6
2019-04-04 13:30:00,7128.0
2019-04-04 13:45:00,7121.5
2019-04-04 14:00:00,7122.5
2019-04-04 14:15:00,7104.9
2019-04-04 14:30:00,7089.3
2019-04-04 14:45:00,7063.0
2019-04-04 15:00:00,7060.8
2019-04-04 15:15:00,7045.7
2019-04-04 15:30:00,7037.7
2019-04-04 15:45:00,7031.6
2019-04-04 16:00:00,7036.5
2019-04-04 16:15:00,7033.5
2019-04-04 16:30:00,7030.8
2019-04-04 16:45:00,7035.4
2019-04-04 17:00:00,7029.8
2019-04-04 17:15:00,7018.9
2019-04-04 17:30:00,7028.3
2019-04-04 17:45:00,7035.3
2019-04-04 18:00:00,7036.7
2019-04-04 18:15:00,7029.3
2019-04-04 18:30:00,7027.9
2019-04-04 18:45:00,7037.6
2019-04-04 19:00:00,7041.1
2019-04-04 19:15:00,7035.2
2019-04-04 19:30:00,7008.2
2019-04-04 19:45:00,6987.5
2019-04-04 20:00:00,6957.7
2019-04-04 20:15:00,6943.2
2019-04-04 20:30:00,6907.1
2019-04-04 20:45:00,6881.6
2019-04-04 21:00:00,6866.6
2019-04-04 21:15:00,6831.5
2019-04-04 21:30:00,6803.9
2019-04-04 21:45:00,6767.3
2019-04-04 22:00:00,6728.9
2019-04-04 22:15:00,6683.8
2019-04-04 22:30:00,6654.8
2019-04-04 22:45:00,6634.1
2019-04-04 23:00:00,6596.8
2019-04-04 23:15:00,6580.7
2019-04-04 23:30:00,6565.3
2019-04-04 23:45:00,6548.6
2019-04-05 00:00:00,6526.3
2019-04-05 00:15:00,6509.6
2019-04-05 00:30:00,6495.5
2019-04-05 00:45:00,6496.2
2019-04-05 01:00:00,6473.1
2019-04-05 01:15:00,6466.4
2019-04-05 01:30:00,6467.4
2019-04-05 01:45:00,6467.9
2019-04-05 02:00:00,6470.7
2019-04-05 02:15:00,6471.3
2019-04-05 02:30:00,6480.2
2019-04-05 02:45:00,6485.4
2019-04-05 03:00:00,6501.3
2019-04-05 03:15:00,6516.1
2019-04-05 03:30:00,6532.7
2019-04-05 03:45:00,6552.7
2019-04-05 04:00:00,6594.8
2019-04-05 04:15:00,6608.0
2019-04-05 04:30:00,6647.4
2019-04-05 04:45:00,6694.1
2019-04-05 05:00:00,6784.2
2019-04-05 05:15:00,6856.4
2019-04-05 05:30:00,6918.3
2019-04-05 05:45:00,6953.9
2019-04-05 06:00:00,7006.0
2019-04-05 06:15:00,7038.5
2019-04-05 06:30:00,7067.3
2019-04-05 06:45:00,7092.2
2019-04-05 07:00:00,7123.5
2019-04-05 07:15:00,7143.2
2019-04-05 07:30:00,7160.8
2019-04-05 07:45:00,7162.5
2019-04-05 08:00:00,7160.0
2019-04-05 08:15:00,7167.0
2019-04-05 08:30:00,7176.8
2019-04-05 08:45:00,7179.2
2019-04-05 09:00:00,7181.2
2019-04-05 09:15:00,7182.7
2019-04-05 09:30:00,7187.1
2019-04-05 09:45:00,7184.3
2019-04-05 10:00:00,7193.3
2019-04-05 10:15:00,7193.7
2019-04-05 10:30:00,7196.4
2019-04-05 10:45:00,7191.5
2019-04-05 11:00:00,7173.2
2019-04-05 11:15:00,7170.3
2019-04-05 11:30:00,7166.6
2019-04-05 11:45:00,7160.6
2019-04-05 12:00:00,7164.2
2019-04-05 12:15:00,7145.1
2019-04-05 12:30:00,7125.4
2019-04-05 12:45:00,7098.7
2019-04-05 13:00:00,7085.4
2019-04-05 13:15:00,7077.0
2019-04-05 13:30:00,7063.2
2019-04-05 13:45:00,7047.5
2019-04-05 14:00:00,7049.6
2019-04-05 14:15:00,7029.0
2019-04-05 14:30:00,7015.2
2019-04-05 14:45:00,6991.4
2019-04-05 15:00:00,6984.2
2019-04-05 15:15:00,6986.2
2019-04-05 15:30:00,6975.3
2019-04-05 15:45:00,6971.1
2019-04-05 16:00:00,6977.2
2019-04-05 16:15:00,6978.7
2019-04-05 16:30:00,6980.6
2019-04-05 16:45:00,6976.3
2019-04-05 17:00:00,6974.1
2019-04-05 17:15:00,6962.8
2019-04-05 17:30:00,6969.7
2019-04-05 17:45:00,6967.0
2019-04-05 18:00:00,6974.9
2019-04-05 18:15:00,6963.2
2019-04-05 18:30:00,6960.3
2019-04-05 18:45:00,6958.6
2019-04-05 19:00:00,6955.1
2019-04-05 19:15:00,6940.7
2019-04-05 19:30:00,6919.8
2019-04-05 19:45:00,6900.0
2019-04-05 20:00:00,6867.8
2019-04-05 20:15:00,6837.1
2019-04-05 20:30:00,6795.9
2019-04-05 20:45:00,6767.2
2019-04-05 21:00:00,6744.8
2019-04-05 21:15:00,6718.7
2019-04-05 21:30:00,6682.1
2019-04-05 21:45:00,6665.6
2019-04-05 22:00:00,6623.8
2019-04-05 22:15:00,6598.6
2019-04-05 22:30:00,6569.0
2019-04-05 22:45:00,6539.2
2019-04-05 23:00:00,6512.5
2019-04-05 23:15:00,6480.5
2019-04-05 23:30:00,6458.4
2019-04-05 23:45:00,6443.7
2019-04-06 00:00:00,6425.3
2019-04-06 00:15:00,6413.2
2019-04-06 00:30:00,6401.2
2019-04-06 00:45:00,6399.2
2019-04-06 01:00:00,6381.5
2019-04-06 01:15:00,6379.5
2019-04-06 01:30:00,6376.4
2019-04-06 01:45:00,6377.1
2019-04-06 02:00:00,6368.5
2019-04-06 02:15:00,6375.9
2019-04-06 02:30:00,6372.9
2019-04-06 02:45:00,6367.8
2019-04-06 03:00:00,6367.0
2019-04-06 03:15:00,6375.2
2019-04-06 03:30:00,6377.5
2019-04-06 03:45:00,6380.3
2019-04-06 04:00:00,6390.5
2019-04-06 04:15:00,6387.6
2019-04-06 04:30:00,6386.8
2019-04-06 04:45:00,6397.1
2019-04-06 05:00:00,6410.4
2019-04-06 05:15:00,6430.0
2019-04-06 05:30:00,6434.3
2019-04-06 05:45:00,6446.0
2019-04-06 06:00:00,6476.2
2019-04-06 06:15:00,6491.5
2019-04-06 06:30:00,6525.1
2019-04-06 06:45:00,6553.7
2019-04-06 07:00:00,6595.0
2019-04-06 07:15:00,6625.8
2019-04-06 07:30:00,6651.6
2019-04-06 07:45:00,6671.7
2019-04-06 08:00:00,6696.4
2019-04-06 08:15:00,6714.5
2019-04-06 08:30:00,6730.3
2019-04-06 08:45:00,6739.7
2019-04-06 09:00:00,6738.4
2019-04-06 09:15:00,6738.9
2019-04-06 09:30:00,6741.7
2019-04-06 09:45:00,6746.4
2019-04-06 10:00:00,6731.3
2019-04-06 10:15:00,6729.8
2019-04-06 10:30:00,6732.2
2019-04-06 10:45:00,6731.2
2019-04-06 11:00:00,6734.6
2019-04-06 11:15:00,6719.5
2019-04-06 11:30:00,6709.8
2019-04-06 11:45:00,6707.0
2019-04-06 12:00:00,6701.1
2019-04-06 12:15:00,6682.7
2019-04-06 12:30:00,6670.3
2019-04-06 12:45:00,6661.0
2019-04-06 13:00:00,6645.2
2019-04-06 13:15:00,6628.1
2019-04-06 13:30:00,6623.6
2019-04-06 13:45:00,6614.9
2019-04-06 14:00:00,6613.8
2019-04-06 14:15:00,6602.3
2019-04-06 14:30:00,6591.7
2019-04-06 14:45:00,6583.0
2019-04-06 15:00:00,6582.6
2019-04-06 15:15:00,6574.1
2019-04-06 15:30:00,6556.9
2019-04-06 15:45:00,6549.9
2019-04-06 16:00:00,6558.3
2019-04-06 16:15:00,6553.5
2019-04-06 16:30:00,6559.4
2019-04-06 16:45:00,6566.9
2019-04-06 17:00:00,6583.6
2019-04-06 17:15:00,6580.8
2019-04-06 17:30:00,6593.9
2019-04-06 17:45:00,6595.4
2019-04-06 18:00:00,6587.4
2019-04-06 18:15:00,6591.1
2019-04-06 18:30:00,6592.1
2019-04-06 18:45:00,6592.7
2019-04-06 19:00:00,6600.2
2019-04-06 19:15:00,6609.0
2019-04-06 19:30:00,6609.9
2019-04-06 19:45:00,6600.1
2019-04-06 20:00:00,6591.3
2019-04-06 20:15:00,6576.0
2019-04-06 20:30:00,6556.1
2019-04-06 20:45:00,6551.9
2019-04-06 21:00:00,6548.0
2019-04-06 21:15:00,6526.1
2019-04-06 21:30:00,6505.4
2019-04-06 21:45:00,6477.8
2019-04-06 22:00:00,6446.0
2019-04-06 22:15:00,6420.9
2019-04-06 22:30:00,6398.7
2019-04-06 22:45:00,6369.4
2019-04-06 23:00:00,6335.2
2019-04-06 23:15:00,6312.3
2019-04-06 23:30:00,6290.4
2019-04-06 23:45:00,6279.1
2019-04-07 00:00:00,6260.8
2019-04-07 00:15:00,6243.4
2019-04-07 00:30:00,6229.2
2019-04-07 00:45:00,6217.8
2019-04-07 01:00:00,6211.0
2019-04-07 01:15:00,6207.4
2019-04-07 01:30:00,6193.4
2019-04-07 01:45:00,6190.8
2019-04-07 02:00:00,6199.4
2019-04-07 02:15:00,6199.7
2019-04-07 02:30:00,6192.2
2019-04-07 02:45:00,6195.0
2019-04-07 03:00:00,6205.9
2019-04-07 03:15:00,6204.6
2019-04-07 03:30:00,6210.0
2019-04-07 03:45:00,6213.6
2019-04-07 04:00:00,6218.6
2019-04-07 04:15:00,6219.2
2019-04-07 04:30:00,6219.1
2019-04-07 04:45:00,6220.3
2019-04-07 05:00:00,6217.2
2019-04-07 05:15:00,6213.9
2019-04-07 05:30:00,6212.9
2019-04-07 05:45:00,6212.9
2019-04-07 06:00:00,6233.2
2019-04-07 06:15:00,6251.3
2019-04-07 06:30:00,6270.6
2019-04-07 06:45:00,6308.0
2019-04-07 07:00:00,6342.8
2019-04-07 07:15:00,6374.8
2019-04-07 07:30:00,6402.0
2019-04-07 07:45:00,6425.6
2019-04-07 08:00:00,6456.5
2019-04-07 08:15:00,6472.5
2019-04-07 08:30:00,6490.1
2019-04-07 08:45:00,6499.3
2019-04-07 09:00:00,6510.1
2019-04-07 09:15:00,6531.3
2019-04-07 09:30:00,6540.6
2019-04-07 09:45:00,6551.3
2019-04-07 10:00:00,6575.6
2019-04-07 10:15:00,6586.9
2019-04-07 10:30:00,6591.5
2019-04-07 10:45:00,6594.5
2019-04-07 11:00:00,6600.8
2019-04-07 11:15:00,6580.5
2019-04-07 11:30:00,6559.6
2019-04-07 11:45:00,6546.2
2019-04-07 12:00:00,6520.0
2019-04-07 12:15:00,6502.0
2019-04-07 12:30:00,6496.1
2019-04-07 12:45:00,6488.1
2019-04-07 13:00:00,6469.7
2019-04-07 13:15:00,6460.5
2019-04-07 13:30:00,6449.7
2019-04-07 13:45:00,6446.9
2019-04-07 14:00:00,6446.4
2019-04-07 14:15:00,6435.5
2019-04-07 14:30:00,6433.4
2019-04-07 14:45:00,6429.4
2019-04-07 15:00:00,6425.1
2019-04-07 15:15:00,6421.8
2019-04-07 15:30:00,6422.0
2019-04-07 15:45:00,6427.3
2019-04-07 16:00:00,6444.9
2019-04-07 16:15:00,6457.2
2019-04-07 16:30:00,6457.0
2019-04-07 16:45:00,6468.2
2019-04-07 17:00:00,6489.1
2019-04-07 17:15:00,6493.5
2019-04-07 17:30:00,6495.9
2019-04-07 17:45:00,6511.3
2019-04-07 18:00:00,6523.7
2019-04-07 18:15:00,6527.0
2019-04-07 18:30:00,6535.4
2019-04-07 18:45:00,6539.7
2019-04-07 19:00:00,6573.3
2019-04-07 19:15:00,6580.0
2019-04-07 19:30:00,6575.2
2019-04-07 19:45:00,6559.8
2019-04-07 20:00:00,6556.1
2019-04-07 20:15:00,6537.8
2019-04-07 20:30:00,6514.7
2019-04-07 20:45:00,6510.5
2019-04-07 21:00:00,6525.7
2019-04-07 21:15:00,6511.8
2019-04-07 21:30:00,6493.8
2019-04-07 21:45:00,6469.3
2019-04-07 22:00:00,6437.9
2019-04-07 22:15:00,6416.7
2019-04-07 22:30:00,6393.7
2019-04-07 22:45:00,6368.2
2019-04-07 23:00:00,6327.9
2019-04-07 23:15:00,6309.1
2019-04-07 23:30:00,6302.3
2019-04-07 23:45:00,6296.9
2019-04-08 00:00:00,6276.8
2019-04-08 00:15:00,6276.8
2019-04-08 00:30:00,6268.4
2019-04-08 00:45:00,6268.9
2019-04-08 01:00:00,6261.3
2019-04-08 01:15:00,6254.8
2019-04-08 01:30:00,6256.1
2019-04-08 01:45:00,6261.3
2019-04-08 02:00:00,6273.5
2019-04-08 02:15:00,6269.2
2019-04-08 02:30:00,6277.1
2019-04-08 02:45:00,6289.9
2019-04-08 03:00:00,6322.1
2019-04-08 03:15:00,6328.1
2019-04-08 03:30:00,6344.2
2019-04-08 03:45:00,6369.8
2019-04-08 04:00:00,6428.4
2019-04-08 04:15:00,6460.7
2019-04-08 04:30:00,6509.6
2019-04-08 04:45:00,6573.5
2019-04-08 05:00:00,6685.8
2019-04-08 05:15:00,6767.5
2019-04-08 05:30:00,6819.2
2019-04-08 05:45:00,6861.2
2019-04-08 06:00:00,6905.2
2019-04-08 06:15:00,6953.2
2019-04-08 06:30:00,6984.3
2019-04-08 06:45:00,7008.1
2019-04-08 07:00:00,7034.4
2019-04-08 07:15:00,7047.4
2019-04-08 07:30:00,7057.5
2019-04-08 07:45:00,7063.5
2019-04-08 08:00:00,7043.0
2019-04-08 08:15:00,7052.9
2019-04-08 08:30:00,7068.2
2019-04-08 08:45:00,7071.0
2019-04-08 09:00:00,7079.3
2019-04-08 09:15:00,7083.2
2019-04-08 09:30:00,7095.3
2019-04-08 09:45:00,7105.6
2019-04-08 10:00:00,7100.5
2019-04-08 10:15:00,7115.0
2019-04-08 10:30:00,7110.9
2019-04-08 10:45:00,7114.2
2019-04-08 11:00:00,7113.5
2019-04-08 11:15:00,7098.1
2019-04-08 11:30:00,7100.1
2019-04-08 11:45:00,7099.9
2019-04-08 12:00:00,7101.0
2019-04-08 12:15:00,7101.0
2019-04-08 12:30:00,7083.8
2019-04-08 12:45:00,7071.1
2019-04-08 13:00:00,7060.8
2019-04-08 13:15:00,7057.1
2019-04-08 13:30:00,7051.0
2019-04-08 13:45:00,7041.6
2019-04-08 14:00:00,7039.5
2019-04-08 14:15:00,7035.5
2019-04-08 14:30:00,7019.5
2019-04-08 14:45:00,7003.4
2019-04-08 15:00:00,6990.0
2019-04-08 15:15:00,6974.5
2019-04-08 15:30:00,6965.4
2019-04-08 15:45:00,6954.0
2019-04-08 16:00:00,6940.6
2019-04-08 16:15:00,6947.3
2019-04-08 16:30:00,6959.3
2019-04-08 16:45:00,6958.9
2019-04-08 17:00:00,6961.9
2019-04-08 17:15:00,6959.3
2019-04-08 17:30:00,6967.3
2019-04-08 17:45:00,6962.2
2019-04-08 18:00:00,6968.0
2019-04-08 18:15:00,6963.7
2019-04-08 18:30:00,6962.9
2019-04-08 18:45:00,6961.8
2019-04-08 19:00:00,6970.3
2019-04-08 19:15:00,6972.5
2019-04-08 19:30:00,6960.5
2019-04-08 19:45:00,6932.7
2019-04-08 20:00:00,6915.1
2019-04-08 20:15:00,6891.9
2019-04-08 20:30:00,6863.7
2019-04-08 20:45:00,6824.0
2019-04-08 21:00:00,6802.8
2019-04-08 21:15:00,6771.1
2019-04-08 21:30:00,6734.6
2019-04-08 21:45:00,6694.3
2019-04-08 22:00:00,6639.4
2019-04-08 22:15:00,6609.0
2019-04-08 22:30:00,6577.0
2019-04-08 22:45:00,6551.9
2019-04-08 23:00:00,6539.0
2019-04-08 23:15:00,6528.8
2019-04-08 23:30:00,6506.2
2019-04-08 23:45:00,6490.5
2019-04-09 00:00:00,6469.8
2019-04-09 00:15:00,6455.1
2019-04-09 00:30:00,6450.9
2019-04-09 00:45:00,6434.7
2019-04-09 01:00:00,6422.0
2019-04-09 01:15:00,6424.7
2019-04-09 01:30:00,6423.7
2019-04-09 01:45:00,6430.1
2019-04-09 02:00:00,6436.8
2019-04-09 02:15:00,6435.4
2019-04-09 02:30:00,6433.4
2019-04-09 02:45:00,6440.7
2019-04-09 03:00:00,6466.9
2019-04-09 03:15:00,6473.7
2019-04-09 03:30:00,6493.6
2019-04-09 03:45:00,6507.1
2019-04-09 04:00:00,6557.9
2019-04-09 04:15:00,6585.1
2019-04-09 04:30:00,6615.8
2019-04-09 04:45:00,6661.0
2019-04-09 05:00:00,6766.1
2019-04-09 05:15:00,6852.5
2019-04-09 05:30:00,6888.4
2019-04-09 05:45:00,6916.9
2019-04-09 06:00:00,6962.6
2019-04-09 06:15:00,7001.7
2019-04-09 06:30:00,7017.7
2019-04-09 06:45:00,7034.9
2019-04-09 07:00:00,7066.4
2019-04-09 07:15:00,7087.8
2019-04-09 07:30:00,7091.9
2019-04-09 07:45:00,7098.7
2019-04-09 08:00:00,7090.7
2019-04-09 08:15:00,7096.2
2019-04-09 08:30:00,7104.9
2019-04-09 08:45:00,7116.6
2019-04-09 09:00:00,7123.4
2019-04-09 09:15:00,7133.4
2019-04-09 09:30:00,7148.2
2019-04-09 09:45:00,7157.2
2019-04-09 10:00:00,7152.5
2019-04-09 10:15:00,7162.4
2019-04-09 10:30:00,7168.5
2019-04-09 10:45:00,7167.0
2019-04-09 11:00:00,7150.6
2019-04-09 11:15:00,7137.7
2019-04-09 11:30:00,7133.9
2019-04-09 11:45:00,7137.6
2019-04-09 12:00:00,7135.6
2019-04-09 12:15:00,7131.6
2019-04-09 12:30:00,7111.8
2019-04-09 12:45:00,7097.8
2019-04-09 13:00:00,7087.0
2019-04-09 13:15:00,7083.8
2019-04-09 13:30:00,7072.1
2019-04-09 13:45:00,7057.3
2019-04-09 14:00:00,7056.1
2019-04-09 14:15:00,7037.2
2019-04-09 14:30:00,7026.6
2019-04-09 14:45:00,7010.7
2019-04-09 15:00:00,7010.2
2019-04-09 15:15:00,7006.7
2019-04-09 15:30:00,6989.0
2019-04-09 15:45:00,6990.0
2019-04-09 16:00:00,6993.3
2019-04-09 16:15:00,7002.6
2019-04-09 16:30:00,7008.5
2019-04-09 16:45:00,7008.8
2019-04-09 17:00:00,7009.7
2019-04-09 17:15:00,7008.7
2019-04-09 17:30:00,7010.1
2019-04-09 17:45:00,7016.6
2019-04-09 18:00:00,7020.2
2019-04-09 18:15:00,7019.6
2019-04-09 18:30:00,7011.4
2019-04-09 18:45:00,7011.9
2019-04-09 19:00:00,7008.6
2019-04-09 19:15:00,7013.4
2019-04-09 19:30:00,7001.8
2019-04-09 19:45:00,6978.1
2019-04-09 20:00:00,6947.3
2019-04-09 20:15:00,6915.3
2019-04-09 20:30:00,6885.0
2019-04-09 20:45:00,6845.5
2019-04-09 21:00:00,6824.9
2019-04-09 21:15:00,6790.9
2019-04-09 21:30:00,6757.6
2019-04-09 21:45:00,6718.9
2019-04-09 22:00:00,6673.6
2019-04-09 22:15:00,6635.7
2019-04-09 22:30:00,6606.2
2019-04-09 22:45:00,6573.4
2019-04-09 23:00:00,6543.2
2019-04-09 23:15:00,6538.2
2019-04-09 23:30:00,6518.4
2019-04-09 23:45:00,6494.2
2019-04-10 00:00:00,6487.4
2019-04-10 00:15:00,6478.2
2019-04-10 00:30:00,6471.5
2019-04-10 00:45:00,6455.9
2019-04-10 01:00:00,6444.1
2019-04-10 01:15:00,6434.7
2019-04-10 01:30:00,6445.1
2019-04-10 01:45:00,6454.9
2019-04-10 02:00:00,6457.7
2019-04-10 02:15:00,6467.8
2019-04-10 02:30:00,6481.1
2019-04-10 02:45:00,6490.4
2019-04-10 03:00:00,6500.7
2019-04-10 03:15:00,6512.9
2019-04-10 03:30:00,6532.1
2019-04-10 03:45:00,6551.9
2019-04-10 04:00:00,6589.3
2019-04-10 04:15:00,6622.0
2019-04-10 04:30:00,6653.9
2019-04-10 04:45:00,6705.3
2019-04-10 05:00:00,6787.9
2019-04-10 05:15:00,6860.3
2019-04-10 05:30:00,6902.4
2019-04-10 05:45:00,6937.9
2019-04-10 06:00:00,6973.6
2019-04-10 06:15:00,7006.5
2019-04-10 06:30:00,7028.5
2019-04-10 06:45:00,7052.7
2019-04-10 07:00:00,7074.3
2019-04-10 07:15:00,7092.2
2019-04-10 07:30:00,7092.9
2019-04-10 07:45:00,7097.2
2019-04-10 08:00:00,7083.8
2019-04-10 08:15:00,7092.5
2019-04-10 08:30:00,7104.3
2019-04-10 08:45:00,7122.2
2019-04-10 09:00:00,7110.2
2019-04-10 09:15:00,7129.5
2019-04-10 09:30:00,7129.4
2019-04-10 09:45:00,7138.0
2019-04-10 10:00:00,7129.9
2019-04-10 10:15:00,7130.8
2019-04-10 10:30:00,7145.5
2019-04-10 10:45:00,7142.7
2019-04-10 11:00:00,7116.8
2019-04-10 11:15:00,7108.4
2019-04-10 11:30:00,7114.4
2019-04-10 11:45:00,7108.6
2019-04-10 12:00:00,7109.9
2019-04-10 12:15:00,7099.7
2019-04-10 12:30:00,7089.3
2019-04-10 12:45:00,7074.7
2019-04-10 13:00:00,7068.6
2019-04-10 13:15:00,7065.4
2019-04-10 13:30:00,7054.7
2019-04-10 13:45:00,7043.2
2019-04-10 14:00:00,7046.2
2019-04-10 14:15:00,7038.6
2019-04-10 14:30:00,7022.9
2019-04-10 14:45:00,7000.3
2019-04-10 15:00:00,6996.0
2019-04-10 15:15:00,6990.0
2019-04-10 15:30:00,6977.6
2019-04-10 15:45:00,6968.8
2019-04-10 16:00:00,6972.5
2019-04-10 16:15:00,6978.5
2019-04-10 16:30:00,6967.8
2019-04-10 16:45:00,6975.4
2019-04-10 17:00:00,6977.2
2019-04-10 17:15:00,6979.6
2019-04-10 17:30:00,6978.1
2019-04-10 17:45:00,6975.0
2019-04-10 18:00:00,6983.7
2019-04-10 18:15:00,6977.4
2019-04-10 18:30:00,6964.7
2019-04-10 18:45:00,6969.4
2019-04-10 19:00:00,6964.5
2019-04-10 19:15:00,6975.3
2019-04-10 19:30:00,6972.1
2019-04-10 19:45:00,6946.5
2019-04-10 20:00:00,6930.1
2019-04-10 20:15:00,6901.9
2019-04-10 20:30:00,6863.7
2019-04-10 20:45:00,6835.4
2019-04-10 21:00:00,6806.6
2019-04-10 21:15:00,6777.7
2019-04-10 21:30:00,6741.5
2019-04-10 21:45:00,6713.3
2019-04-10 22:00:00,6677.8
2019-04-10 22:15:00,6643.6
2019-04-10 22:30:00,6615.0
2019-04-10 22:45:00,6584.9
2019-04-10 23:00:00,6546.6
2019-04-10 23:15:00,6535.4
2019-04-10 23:30:00,6516.5
2019-04-10 23:45:00,6503.6
2019-04-11 00:00:00,6490.9
2019-04-11 00:15:00,6483.2
2019-04-11 00:30:00,6474.9
2019-04-11 00:45:00,6468.5
2019-04-11 01:00:00,6457.3
2019-04-11 01:15:00,6452.1
2019-04-11 01:30:00,6449.6
2019-04-11 01:45:00,6460.5
2019-04-11 02:00:00,6459.9
2019-04-11 02:15:00,6468.0
2019-04-11 02:30:00,6468.5
2019-04-11 02:45:00,6473.7
2019-04-11 03:00:00,6501.0
2019-04-11 03:15:00,6505.7
2019-04-11 03:30:00,6517.9
2019-04-11 03:45:00,6538.5
2019-04-11 04:00:00,6570.7
2019-04-11 04:15:00,6584.2
2019-04-11 04:30:00,6618.7
2019-04-11 04:45:00,6668.9
2019-04-11 05:00:00,6767.0
2019-04-11 05:15:00,6827.0
2019-04-11 05:30:00,6865.1
2019-04-11 05:45:00,6901.7
2019-04-11 06:00:00,6944.9
2019-04-11 06:15:00,6980.2
2019-04-11 06:30:00,7005.4
2019-04-11 06:45:00,7027.4
2019-04-11 07:00:00,7050.7
2019-04-11 07:15:00,7065.2
2019-04-11 07:30:00,7064.0
2019-04-11 07:45:00,7062.5
2019-04-11 08:00:00,7048.5
2019-04-11 08:15:00,7047.7
2019-04-11 08:30:00,7045.7
2019-04-11 08:45:00,7062.2
2019-04-11 09:00:00,7057.8
2019-04-11 09:15:00,7070.9
2019-04-11 09:30:00,7083.7
2019-04-11 09:45:00,7087.9
2019-04-11 10:00:00,7091.6
2019-04-11 10:15:00,7101.3
2019-04-11 10:30:00,7109.8
2019-04-11 10:45:00,7110.3
2019-04-11 11:00:00,7107.2
2019-04-11 11:15:00,7100.8
2019-04-11 11:30:00,7092.0
2019-04-11 11:45:00,7093.9
2019-04-11 12:00:00,7092.1
2019-04-11 12:15:00,7075.7
2019-04-11 12:30:00,7063.9
2019-04-11 12:45:00,7039.7
2019-04-11 13:00:00,7020.5
2019-04-11 13:15:00,7013.4
2019-04-11 13:30:00,7002.7
2019-04-11 13:45:00,7004.1
2019-04-11 14:00:00,7021.4
2019-04-11 14:15:00,6999.7
2019-04-11 14:30:00,6992.9
2019-04-11 14:45:00,6979.1
2019-04-11 15:00:00,6970.1
2019-04-11 15:15:00,6960.3
2019-04-11 15:30:00,6947.6
2019-04-11 15:45:00,6939.7
2019-04-11 16:00:00,6951.6
2019-04-11 16:15:00,6953.5
2019-04-11 16:30:00,6955.1
2019-04-11 16:45:00,6958.5
2019-04-11 17:00:00,6955.3
2019-04-11 17:15:00,6948.7
2019-04-11 17:30:00,6962.4
2019-04-11 17:45:00,6970.3
2019-04-11 18:00:00,6971.7
2019-04-11 18:15:00,6969.0
2019-04-11 18:30:00,6963.8
2019-04-11 18:45:00,6968.9
2019-04-11 19:00:00,6971.3
2019-04-11 19:15:00,6977.9
2019-04-11 19:30:00,6976.7
2019-04-11 19:45:00,6956.3
2019-04-11 20:00:00,6936.6
2019-04-11 20:15:00,6908.4
2019-04-11 20:30:00,6868.5
2019-04-11 20:45:00,6842.9
2019-04-11 21:00:00,6823.2
2019-04-11 21:15:00,6796.9
2019-04-11 21:30:00,6762.3
2019-04-11 21:45:00,6721.9
2019-04-11 22:00:00,6686.2
2019-04-11 22:15:00,6648.8
2019-04-11 22:30:00,6613.2
2019-04-11 22:45:00,6585.0
2019-04-11 23:00:00,6550.4
2019-04-11 23:15:00,6543.4
2019-04-11 23:30:00,6533.6
2019-04-11 23:45:00,6522.3
2019-04-12 00:00:00,6506.7
2019-04-12 00:15:00,6501.8
2019-04-12 00:30:00,6496.9
2019-04-12 00:45:00,6486.6
2019-04-12 01:00:00,6474.4
2019-04-12 01:15:00,6468.5
2019-04-12 01:30:00,6471.6
2019-04-12 01:45:00,6476.3
2019-04-12 02:00:00,6488.5
2019-04-12 02:15:00,6487.7
2019-04-12 02:30:00,6484.2
2019-04-12 02:45:00,6493.3
2019-04-12 03:00:00,6512.5
2019-04-12 03:15:00,6527.1
2019-04-12 03:30:00,6534.1
2019-04-12 03:45:00,6550.5
2019-04-12 04:00:00,6588.2
2019-04-12 04:15:00,6612.6
2019-04-12 04:30:00,6635.6
2019-04-12 04:45:00,6685.9
2019-04-12 05:00:00,6771.2
2019-04-12 05:15:00,6840.3
2019-04-12 05:30:00,6877.6
2019-04-12 05:45:00,6920.1
2019-04-12 06:00:00,6971.5
2019-04-12 06:15:00,7010.6
2019-04-12 06:30:00,7037.6
2019-04-12 06:45:00,7062.0
2019-04-12 07:00:00,7095.9
2019-04-12 07:15:00,7113.5
2019-04-12 07:30:00,7124.3
2019-04-12 07:45:00,7119.3
2019-04-12 08:00:00,7106.6
2019-04-12 08:15:00,7109.9
2019-04-12 08:30:00,7123.6
2019-04-12 08:45:00,7124.9
2019-04-12 09:00:00,7126.9
2019-04-12 09:15:00,7129.2
2019-04-12 09:30:00,7136.3
2019-04-12 09:45:00,7144.7
2019-04-12 10:00:00,7140.3
2019-04-12 10:15:00,7149.3
2019-04-12 10:30:00,7150.2
2019-04-12 10:45:00,7143.5
2019-04-12 11:00:00,7117.8
2019-04-12 11:15:00,7104.3
2019-04-12 11:30:00,7096.4
2019-04-12 11:45:00,7088.7
2019-04-12 12:00:00,7082.1
2019-04-12 12:15:00,7076.0
2019-04-12 12:30:00,7061.1
2019-04-12 12:45:00,7046.6
2019-04-12 13:00:00,7026.1
2019-04-12 13:15:00,7026.6
2019-04-12 13:30:00,7012.4
2019-04-12 13:45:00,7007.7
2019-04-12 14:00:00,7007.1
2019-04-12 14:15:00,6993.2
2019-04-12 14:30:00,6975.4
2019-04-12 14:45:00,6951.9
2019-04-12 15:00:00,6958.9
2019-04-12 15:15:00,6954.0
2019-04-12 15:30:00,6936.9
2019-04-12 15:45:00,6939.2
2019-04-12 16:00:00,6946.4
2019-04-12 16:15:00,6945.3
2019-04-12 16:30:00,6943.7
2019-04-12 16:45:00,6947.9
2019-04-12 17:00:00,6949.7
2019-04-12 17:15:00,6941.5
2019-04-12 17:30:00,6944.5
2019-04-12 17:45:00,6944.4
2019-04-12 18:00:00,6947.6
2019-04-12 18:15:00,6929.0
2019-04-12 18:30:00,6924.8
2019-04-12 18:45:00,6938.7
2019-04-12 19:00:00,6934.1
2019-04-12 19:15:00,6938.3
2019-04-12 19:30:00,6924.7
2019-04-12 19:45:00,6904.3
2019-04-12 20:00:00,6885.6
2019-04-12 20:15:00,6859.3
2019-04-12 20:30:00,6828.2
2019-04-12 20:45:00,6801.7
2019-04-12 21:00:00,6788.6
2019-04-12 21:15:00,6766.7
2019-04-12 21:30:00,6736.9
2019-04-12 21:45:00,6707.9
2019-04-12 22:00:00,6673.3
2019-04-12 22:15:00,6642.2
2019-04-12 22:30:00,6610.7
2019-04-12 22:45:00,6588.4
2019-04-12 23:00:00,6551.8
2019-04-12 23:15:00,6529.0
2019-04-12 23:30:00,6504.3
2019-04-12 23:45:00,6498.7
2019-04-13 00:00:00,6473.0
2019-04-13 00:15:00,6454.0
2019-04-13 00:30:00,6439.4
2019-04-13 00:45:00,6430.0
2019-04-13 01:00:00,6413.7
2019-04-13 01:15:00,6407.0
2019-04-13 01:30:00,6404.8
2019-04-13 01:45:00,6406.4
2019-04-13 02:00:00,6401.8
2019-04-13 02:15:00,6399.6
2019-04-13 02:30:00,6406.4
2019-04-13 02:45:00,6399.8
2019-04-13 03:00:00,6404.1
2019-04-13 03:15:00,6408.4
2019-04-13 03:30:00,6420.4
2019-04-13 03:45:00,6412.1
2019-04-13 04:00:00,6422.4
2019-04-13 04:15:00,6414.5
2019-04-13 04:30:00,6415.4
2019-04-13 04:45:00,6427.7
2019-04-13 05:00:00,6449.1
2019-04-13 05:15:00,6456.3
2019-04-13 05:30:00,6460.7
2019-04-13 05:45:00,6475.8
2019-04-13 06:00:00,6501.1
2019-04-13 06:15:00,6524.9
2019-04-13 06:30:00,6567.8
2019-04-13 06:45:00,6602.3
2019-04-13 07:00:00,6634.2
2019-04-13 07:15:00,6650.8
2019-04-13 07:30:00,6681.7
2019-04-13 07:45:00,6698.8
2019-04-13 08:00:00,6728.9
2019-04-13 08:15:00,6738.2
2019-04-13 08:30:00,6764.1
2019-04-13 08:45:00,6781.5
2019-04-13 09:00:00,6791.4
2019-04-13 09:15:00,6800.7
2019-04-13 09:30:00,6812.5
2019-04-13 09:45:00,6819.8
2019-04-13 10:00:00,6817.0
2019-04-13 10:15:00,6819.3
2019-04-13 10:30:00,6829.7
2019-04-13 10:45:00,6831.5
2019-04-13 11:00:00,6812.2
2019-04-13 11:15:00,6804.9
2019-04-13 11:30:00,6800.9
2019-04-13 11:45:00,6784.8
2019-04-13 12:00:00,6760.0
2019-04-13 12:15:00,6751.5
2019-04-13 12:30:00,6737.4
2019-04-13 12:45:00,6718.7
2019-04-13 13:00:00,6702.6
2019-04-13 13:15:00,6688.5
2019-04-13 13:30:00,6682.1
2019-04-13 13:45:00,6677.7
2019-04-13 14:00:00,6678.9
2019-04-13 14:15:00,6672.6
2019-04-13 14:30:00,6665.6
2019-04-13 14:45:00,6663.8
2019-04-13 15:00:00,6665.8
2019-04-13 15:15:00,6658.6
2019-04-13 15:30:00,6652.0
2019-04-13 15:45:00,6655.7
2019-04-13 16:00:00,6659.2
2019-04-13 16:15:00,6660.0
2019-04-13 16:30:00,6667.5
2019-04-13 16:45:00,6678.9
2019-04-13 17:00:00,6697.7
2019-04-13 17:15:00,6692.7
2019-04-13 17:30:00,6701.7
2019-04-13 17:45:00,6696.0
2019-04-13 18:00:00,6696.7
2019-04-13 18:15:00,6697.7
2019-04-13 18:30:00,6699.8
2019-04-13 18:45:00,6688.5
2019-04-13 19:00:00,6690.9
2019-04-13 19:15:00,6685.9
2019-04-13 19:30:00,6693.0
2019-04-13 19:45:00,6676.4
2019-04-13 20:00:00,6657.7
2019-04-13 20:15:00,6647.8
2019-04-13 20:30:00,6632.5
2019-04-13 20:45:00,6617.0
2019-04-13 21:00:00,6615.5
2019-04-13 21:15:00,6598.3
2019-04-13 21:30:00,6574.9
2019-04-13 21:45:00,6544.6
2019-04-13 22:00:00,6508.2
2019-04-13 22:15:00,6489.3
2019-04-13 22:30:00,6461.0
2019-04-13 22:45:00,6437.3
2019-04-13 23:00:00,6420.6
2019-04-13 23:15:00,6405.4
2019-04-13 23:30:00,6394.2
2019-04-13 23:45:00,6377.9
2019-04-14 00:00:00,6353.4
2019-04-14 00:15:00,6347.3
2019-04-14 00:30:00,6330.3
2019-04-14 00:45:00,6319.0
2019-04-14 01:00:00,6309.0
2019-04-14 01:15:00,6292.3
2019-04-14 01:30:00,6290.3
2019-04-14 01:45:00,6284.5
2019-04-14 02:00:00,6292.3
2019-04-14 02:15:00,6285.7
2019-04-14 02:30:00,6287.1
2019-04-14 02:45:00,6284.5
2019-04-14 03:00:00,6295.0
2019-04-14 03:15:00,6292.1
2019-04-14 03:30:00,6299.8
2019-04-14 03:45:00,6299.3
2019-04-14 04:00:00,6300.5
2019-04-14 04:15:00,6299.1
2019-04-14 04:30:00,6291.7
2019-04-14 04:45:00,6294.1
2019-04-14 05:00:00,6293.5
2019-04-14 05:15:00,6292.2
2019-04-14 05:30:00,6282.3
2019-04-14 05:45:00,6295.5
2019-04-14 06:00:00,6301.6
2019-04-14 06:15:00,6326.9
2019-04-14 06:30:00,6356.7
2019-04-14 06:45:00,6384.9
2019-04-14 07:00:00,6402.2
2019-04-14 07:15:00,6434.2
2019-04-14 07:30:00,6457.2
2019-04-14 07:45:00,6483.9
2019-04-14 08:00:00,6514.8
2019-04-14 08:15:00,6533.9
2019-04-14 08:30:00,6554.3
2019-04-14 08:45:00,6572.3
2019-04-14 09:00:00,6596.8
2019-04-14 09:15:00,6606.2
2019-04-14 09:30:00,6621.2
2019-04-14 09:45:00,6629.9
2019-04-14 10:00:00,6657.2
2019-04-14 10:15:00,6666.1
2019-04-14 10:30:00,6689.0
2019-04-14 10:45:00,6692.9
2019-04-14 11:00:00,6686.1
2019-04-14 11:15:00,6672.1
2019-04-14 11:30:00,6663.7
2019-04-14 11:45:00,6653.1
2019-04-14 12:00:00,6636.6
2019-04-14 12:15:00,6620.2
2019-04-14 12:30:00,6608.9
2019-04-14 12:45:00,6581.4
2019-04-14 13:00:00,6576.3
2019-04-14 13:15:00,6549.4
2019-04-14 13:30:00,6543.3
2019-04-14 13:45:00,6521.4
2019-04-14 14:00:00,6521.4
2019-04-14 14:15:00,6516.2
2019-04-14 14:30:00,6507.1
2019-04-14 14:45:00,6507.3
2019-04-14 15:00:00,6506.3
2019-04-14 15:15:00,6498.2
2019-04-14 15:30:00,6504.3
2019-04-14 15:45:00,6508.8
2019-04-14 16:00:00,6532.6
2019-04-14 16:15:00,6539.0
2019-04-14 16:30:00,6553.7
2019-04-14 16:45:00,6563.1
2019-04-14 17:00:00,6580.8
2019-04-14 17:15:00,6580.2
2019-04-14 17:30:00,6589.4
2019-04-14 17:45:00,6589.4
2019-04-14 18:00:00,6600.0
2019-04-14 18:15:00,6594.9
2019-04-14 18:30:00,6592.2
2019-04-14 18:45:00,6587.1
2019-04-14 19:00:00,6604.9
2019-04-14 19:15:00,6613.3
2019-04-14 19:30:00,6618.8
2019-04-14 19:45:00,6607.7
2019-04-14 20:00:00,6614.6
2019-04-14 20:15:00,6595.2
2019-04-14 20:30:00,6588.0
2019-04-14 20:45:00,6585.1
2019-04-14 21:00:00,6598.8
2019-04-14 21:15:00,6584.9
2019-04-14 21:30:00,6566.8
2019-04-14 21:45:00,6550.4
2019-04-14 22:00:00,6511.8
2019-04-14 22:15:00,6497.3
2019-04-14 22:30:00,6460.9
2019-04-14 22:45:00,6446.3
2019-04-14 23:00:00,6414.6
2019-04-14 23:15:00,6408.1
2019-04-14 23:30:00,6392.3
2019-04-14 23:45:00,6389.7
2019-04-15 00:00:00,6377.0
2019-04-15 00:15:00,6364.0
2019-04-15 00:30:00,6360.7
2019-04-15 00:45:00,6359.2
2019-04-15 01:00:00,6346.7
2019-04-15 01:15:00,6348.1
2019-04-15 01:30:00,6340.3
2019-04-15 01:45:00,6336.8
2019-04-15 02:00:00,6342.4
2019-04-15 02:15:00,6346.0
2019-04-15 02:30:00,6348.0
2019-04-15 02:45:00,6356.5
2019-04-15 03:00:00,6385.5
2019-04-15 03:15:00,6398.7
2019-04-15 03:30:00,6413.0
2019-04-15 03:45:00,6436.9
2019-04-15 04:00:00,6487.4
2019-04-15 04:15:00,6520.4
2019-04-15 04:30:00,6556.5
2019-04-15 04:45:00,6611.3
2019-04-15 05:00:00,6703.0
2019-04-15 05:15:00,6751.9
2019-04-15 05:30:00,6797.3
2019-04-15 05:45:00,6842.0
2019-04-15 06:00:00,6897.0
2019-04-15 06:15:00,6933.7
2019-04-15 06:30:00,6961.5
2019-04-15 06:45:00,6989.8
2019-04-15 07:00:00,7014.6
2019-04-15 07:15:00,7032.7
2019-04-15 07:30:00,7051.3
2019-04-15 07:45:00,7057.8
2019-04-15 08:00:00,7053.8
2019-04-15 08:15:00,7064.9
2019-04-15 08:30:00,7084.1
2019-04-15 08:45:00,7085.4
2019-04-15 09:00:00,7085.6
2019-04-15 09:15:00,7082.2
2019-04-15 09:30:00,7081.6
2019-04-15 09:45:00,7087.4
2019-04-15 10:00:00,7093.2
2019-04-15 10:15:00,7099.1
2019-04-15 10:30:00,7101.4
2019-04-15 10:45:00,7094.6
2019-04-15 11:00:00,7074.6
2019-04-15 11:15:00,7062.9
2019-04-15 11:30:00,7055.9
2019-04-15 11:45:00,7060.5
2019-04-15 12:00:00,7057.1
2019-04-15 12:15:00,7045.7
2019-04-15 12:30:00,7026.6
2019-04-15 12:45:00,7011.4
2019-04-15 13:00:00,7009.5
2019-04-15 13:15:00,6999.8
2019-04-15 13:30:00,6997.6
2019-04-15 13:45:00,6998.3
2019-04-15 14:00:00,6990.7
2019-04-15 14:15:00,6973.1
2019-04-15 14:30:00,6960.4
2019-04-15 14:45:00,6947.6
2019-04-15 15:00:00,6940.2
2019-04-15 15:15:00,6931.4
2019-04-15 15:30:00,6931.3
2019-04-15 15:45:00,6921.0
2019-04-15 16:00:00,6935.0
2019-04-15 16:15:00,6932.8
2019-04-15 16:30:00,6932.4
2019-04-15 16:45:00,6938.8
2019-04-15 17:00:00,6939.0
2019-04-15 17:15:00,6936.8
2019-04-15 17:30:00,6942.6
2019-04-15 17:45:00,6946.7
2019-04-15 18:00:00,6952.3
2019-04-15 18:15:00,6947.7
2019-04-15 18:30:00,6945.3
2019-04-15 18:45:00,6951.5
2019-04-15 19:00:00,6946.8
2019-04-15 19:15:00,6944.5
2019-04-15 19:30:00,6945.5
2019-04-15 19:45:00,6949.5
2019-04-15 20:00:00,6924.8
2019-04-15 20:15:00,6897.6
2019-04-15 20:30:00,6872.6
2019-04-15 20:45:00,6842.9
2019-04-15 21:00:00,6816.0
2019-04-15 21:15:00,6788.4
2019-04-15 21:30:00,6761.1
2019-04-15 21:45:00,6727.9
2019-04-15 22:00:00,6696.6
2019-04-15 22:15:00,6665.5
2019-04-15 22:30:00,6636.1
2019-04-15 22:45:00,6608.0
2019-04-15 23:00:00,6571.6
2019-04-15 23:15:00,6544.7
2019-04-15 23:30:00,6529.2
2019-04-15 23:45:00,6529.9
2019-04-16 00:00:00,6511.1
2019-04-16 00:15:00,6504.4
2019-04-16 00:30:00,6492.8
2019-04-16 00:45:00,6484.3
2019-04-16 01:00:00,6481.9
2019-04-16 01:15:00,6466.2
2019-04-16 01:30:00,6468.4
2019-04-16 01:45:00,6474.6
2019-04-16 02:00:00,6478.5
2019-04-16 02:15:00,6486.1
2019-04-16 02:30:00,6490.9
2019-04-16 02:45:00,6496.5
2019-04-16 03:00:00,6511.8
2019-04-16 03:15:00,6529.2
2019-04-16 03:30:00,6544.8
2019-04-16 03:45:00,6568.2
2019-04-16 04:00:00,6611.7
2019-04-16 04:15:00,6642.8
2019-04-16 04:30:00,6676.8
2019-04-16 04:45:00,6723.0
2019-04-16 05:00:00,6802.5
2019-04-16 05:15:00,6855.6
2019-04-16 05:30:00,6891.0
2019-04-16 05:45:00,6929.8
2019-04-16 06:00:00,6971.0
2019-04-16 06:15:00,7006.9
2019-04-16 06:30:00,7036.0
2019-04-16 06:45:00,7061.5
2019-04-16 07:00:00,7080.9
2019-04-16 07:15:00,7091.6
2019-04-16 07:30:00,7098.1
2019-04-16 07:45:00,7104.7
2019-04-16 08:00:00,7094.8
2019-04-16 08:15:00,7113.5
2019-04-16 08:30:00,7129.1
2019-04-16 08:45:00,7130.1
2019-04-16 09:00:00,7108.9
2019-04-16 09:15:00,7111.2
2019-04-16 09:30:00,7114.1
2019-04-16 09:45:00,7124.8
2019-04-16 10:00:00,7115.6
2019-04-16 10:15:00,7125.7
2019-04-16 10:30:00,7127.2
2019-04-16 10:45:00,7120.7
2019-04-16 11:00:00,7109.4
2019-04-16 11:15:00,7105.2
2019-04-16 11:30:00,7104.4
2019-04-16 11:45:00,7100.5
2019-04-16 12:00:00,7087.4
2019-04-16 12:15:00,7079.3
2019-04-16 12:30:00,7063.2
2019-04-16 12:45:00,7048.5
2019-04-16 13:00:00,7041.1
2019-04-16 13:15:00,7035.7
2019-04-16 13:30:00,7025.7
2019-04-16 13:45:00,7016.5
2019-04-16 14:00:00,7024.9
2019-04-16 14:15:00,7011.1
2019-04-16 14:30:00,7002.7
2019-04-16 14:45:00,6993.1
2019-04-16 15:00:00,6998.2
2019-04-16 15:15:00,6977.1
2019-04-16 15:30:00,6964.0
2019-04-16 15:45:00,6958.6
2019-04-16 16:00:00,6966.9
2019-04-16 16:15:00,6977.1
2019-04-16 16:30:00,6980.9
2019-04-16 16:45:00,6982.3
2019-04-16 17:00:00,6983.5
2019-04-16 17:15:00,6980.1
2019-04-16 17:30:00,6988.6
2019-04-16 17:45:00,6984.7
2019-04-16 18:00:00,6972.9
2019-04-16 18:15:00,6969.9
2019-04-16 18:30:00,6969.0
2019-04-16 18:45:00,6968.2
2019-04-16 19:00:00,6965.7
2019-04-16 19:15:00,6973.2
2019-04-16 19:30:00,6976.0
2019-04-16 19:45:00,6970.4
2019-04-16 20:00:00,6952.9
2019-04-16 20:15:00,6932.8
2019-04-16 20:30:00,6897.5
2019-04-16 20:45:00,6870.5
2019-04-16 21:00:00,6837.6
2019-04-16 21:15:00,6809.2
2019-04-16 21:30:00,6777.5
2019-04-16 21:45:00,6748.9
2019-04-16 22:00:00,6704.1
2019-04-16 22:15:00,6671.6
2019-04-16 22:30:00,6646.3
2019-04-16 22:45:00,6618.7
2019-04-16 23:00:00,6572.3
2019-04-16 23:15:00,6549.9
2019-04-16 23:30:00,6542.4
2019-04-16 23:45:00,6519.0
2019-04-17 00:00:00,6494.3
2019-04-17 00:15:00,6485.1
2019-04-17 00:30:00,6472.3
2019-04-17 00:45:00,6458.0
2019-04-17 01:00:00,6462.3
2019-04-17 01:15:00,6453.0
2019-04-17 01:30:00,6453.9
2019-04-17 01:45:00,6453.9
2019-04-17 02:00:00,6454.4
2019-04-17 02:15:00,6448.6
2019-04-17 02:30:00,6454.9
2019-04-17 02:45:00,6461.9
2019-04-17 03:00:00,6482.5
2019-04-17 03:15:00,6495.5
2019-04-17 03:30:00,6514.0
2019-04-17 03:45:00,6536.9
2019-04-17 04:00:00,6583.7
2019-04-17 04:15:00,6603.0
2019-04-17 04:30:00,6636.6
2019-04-17 04:45:00,6679.4
2019-04-17 05:00:00,6758.8
2019-04-17 05:15:00,6809.2
2019-04-17 05:30:00,6855.5
2019-04-17 05:45:00,6898.6
2019-04-17 06:00:00,6943.6
2019-04-17 06:15:00,6982.4
2019-04-17 06:30:00,7010.7
2019-04-17 06:45:00,7039.2
2019-04-17 07:00:00,7062.2
2019-04-17 07:15:00,7086.4
2019-04-17 07:30:00,7098.5
2019-04-17 07:45:00,7089.6
2019-04-17 08:00:00,7068.5
2019-04-17 08:15:00,7085.4
2019-04-17 08:30:00,7104.6
2019-04-17 08:45:00,7113.5
2019-04-17 09:00:00,7107.9
2019-04-17 09:15:00,7123.1
2019-04-17 09:30:00,7137.4
2019-04-17 09:45:00,7150.3
2019-04-17 10:00:00,7149.1
2019-04-17 10:15:00,7149.8
2019-04-17 10:30:00,7152.2
2019-04-17 10:45:00,7145.0
2019-04-17 11:00:00,7109.4
2019-04-17 11:15:00,7097.2
2019-04-17 11:30:00,7100.0
2019-04-17 11:45:00,7095.8
2019-04-17 12:00:00,7080.0
2019-04-17 12:15:00,7066.7
2019-04-17 12:30:00,7059.1
2019-04-17 12:45:00,7045.2
2019-04-17 13:00:00,7045.7
2019-04-17 13:15:00,7037.3
2019-04-17 13:30:00,7021.0
2019-04-17 13:45:00,7006.3
2019-04-17 14:00:00,7003.6
2019-04-17 14:15:00,6986.6
2019-04-17 14:30:00,6966.9
2019-04-17 14:45:00,6950.5
2019-04-17 15:00:00,6948.4
2019-04-17 15:15:00,6934.0
2019-04-17 15:30:00,6926.3
2019-04-17 15:45:00,6916.5
2019-04-17 16:00:00,6920.1
2019-04-17 16:15:00,6910.6
2019-04-17 16:30:00,6914.3
2019-04-17 16:45:00,6919.0
2019-04-17 17:00:00,6912.3
2019-04-17 17:15:00,6908.1
2019-04-17 17:30:00,6917.7
2019-04-17 17:45:00,6920.6
2019-04-17 18:00:00,6934.7
2019-04-17 18:15:00,6935.9
2019-04-17 18:30:00,6936.2
2019-04-17 18:45:00,6927.5
2019-04-17 19:00:00,6925.6
2019-04-17 19:15:00,6925.2
2019-04-17 19:30:00,6940.1
2019-04-17 19:45:00,6936.1
2019-04-17 20:00:00,6914.4
2019-04-17 20:15:00,6885.6
2019-04-17 20:30:00,6851.4
2019-04-17 20:45:00,6823.9
2019-04-17 21:00:00,6804.8
2019-04-17 21:15:00,6774.5
2019-04-17 21:30:00,6739.2
2019-04-17 21:45:00,6711.0
2019-04-17 22:00:00,6677.5
2019-04-17 22:15:00,6650.8
2019-04-17 22:30:00,6621.7
2019-04-17 22:45:00,6592.7
2019-04-17 23:00:00,6556.4
2019-04-17 23:15:00,6527.7
2019-04-17 23:30:00,6513.7
2019-04-17 23:45:00,6498.2
2019-04-18 00:00:00,6479.8
2019-04-18 00:15:00,6463.5
2019-04-18 00:30:00,6453.5
2019-04-18 00:45:00,6444.1
2019-04-18 01:00:00,6433.7
2019-04-18 01:15:00,6432.6
2019-04-18 01:30:00,6436.5
2019-04-18 01:45:00,6430.5
2019-04-18 02:00:00,6428.1
2019-04-18 02:15:00,6417.2
2019-04-18 02:30:00,6425.1
2019-04-18 02:45:00,6431.4
2019-04-18 03:00:00,6445.1
2019-04-18 03:15:00,6455.4
2019-04-18 03:30:00,6475.7
2019-04-18 03:45:00,6495.6
2019-04-18 04:00:00,6533.5
2019-04-18 04:15:00,6564.0
2019-04-18 04:30:00,6598.5
2019-04-18 04:45:00,6634.7
2019-04-18 05:00:00,6708.0
2019-04-18 05:15:00,6747.7
2019-04-18 05:30:00,6784.6
2019-04-18 05:45:00,6820.3
2019-04-18 06:00:00,6869.0
2019-04-18 06:15:00,6912.1
2019-04-18 06:30:00,6940.4
2019-04-18 06:45:00,6964.1
2019-04-18 07:00:00,6990.3
2019-04-18 07:15:00,7003.6
2019-04-18 07:30:00,7010.0
2019-04-18 07:45:00,7013.8
2019-04-18 08:00:00,7003.0
2019-04-18 08:15:00,7015.3
2019-04-18 08:30:00,7031.3
2019-04-18 08:45:00,7036.4
2019-04-18 09:00:00,7033.9
2019-04-18 09:15:00,7041.0
2019-04-18 09:30:00,7043.4
2019-04-18 09:45:00,7043.2
2019-04-18 10:00:00,7019.5
2019-04-18 10:15:00,7019.5
2019-04-18 10:30:00,7028.0
2019-04-18 10:45:00,7026.1
2019-04-18 11:00:00,7022.1
2019-04-18 11:15:00,7008.3
2019-04-18 11:30:00,7004.8
2019-04-18 11:45:00,7007.8
2019-04-18 12:00:00,7013.0
2019-04-18 12:15:00,7007.8
2019-04-18 12:30:00,6993.2
2019-04-18 12:45:00,6978.5
2019-04-18 13:00:00,6959.1
2019-04-18 13:15:00,6948.6
2019-04-18 13:30:00,6935.0
2019-04-18 13:45:00,6918.4
2019-04-18 14:00:00,6923.3
2019-04-18 14:15:00,6911.7
2019-04-18 14:30:00,6896.6
2019-04-18 14:45:00,6881.7
2019-04-18 15:00:00,6879.0
2019-04-18 15:15:00,6863.7
2019-04-18 15:30:00,6857.2
2019-04-18 15:45:00,6848.0
2019-04-18 16:00:00,6864.4
2019-04-18 16:15:00,6864.0
2019-04-18 16:30:00,6848.8
2019-04-18 16:45:00,6833.4
2019-04-18 17:00:00,6833.4
2019-04-18 17:15:00,6828.6
2019-04-18 17:30:00,6819.8
2019-04-18 17:45:00,6823.6
2019-04-18 18:00:00,6826.7
2019-04-18 18:15:00,6820.6
2019-04-18 18:30:00,6825.3
2019-04-18 18:45:00,6815.6
2019-04-18 19:00:00,6811.3
2019-04-18 19:15:00,6809.0
2019-04-18 19:30:00,6811.4
2019-04-18 19:45:00,6804.3
2019-04-18 20:00:00,6783.1
2019-04-18 20:15:00,6751.5
2019-04-18 20:30:00,6720.4
2019-04-18 20:45:00,6692.9
2019-04-18 21:00:00,6673.3
2019-04-18 21:15:00,6642.3
2019-04-18 21:30:00,6605.7
2019-04-18 21:45:00,6575.1
2019-04-18 22:00:00,6531.2
2019-04-18 22:15:00,6494.0
2019-04-18 22:30:00,6468.2
2019-04-18 22:45:00,6433.4
2019-04-18 23:00:00,6394.3
2019-04-18 23:15:00,6371.2
2019-04-18 23:30:00,6353.9
2019-04-18 23:45:00,6344.6
2019-04-19 00:00:00,6312.2
2019-04-19 00:15:00,6287.9
2019-04-19 00:30:00,6281.0
2019-04-19 00:45:00,6278.0
2019-04-19 01:00:00,6260.0
2019-04-19 01:15:00,6248.7
2019-04-19 01:30:00,6241.4
2019-04-19 01:45:00,6236.7
2019-04-19 02:00:00,6235.9
2019-04-19 02:15:00,6231.9
2019-04-19 02:30:00,6233.1
2019-04-19 02:45:00,6234.5
2019-04-19 03:00:00,6230.0
2019-04-19 03:15:00,6231.9
2019-04-19 03:30:00,6226.1
2019-04-19 03:45:00,6224.2
2019-04-19 04:00:00,6234.4
2019-04-19 04:15:00,6229.9
2019-04-19 04:30:00,6216.3
2019-04-19 04:45:00,6204.6
2019-04-19 05:00:00,6200.4
2019-04-19 05:15:00,6197.4
2019-04-19 05:30:00,6194.1
2019-04-19 05:45:00,6203.5
2019-04-19 06:00:00,6226.9
2019-04-19 06:15:00,6257.1
2019-04-19 06:30:00,6280.8
2019-04-19 06:45:00,6308.4
2019-04-19 07:00:00,6342.3
2019-04-19 07:15:00,6368.4
2019-04-19 07:30:00,6395.8
2019-04-19 07:45:00,6414.1
2019-04-19 08:00:00,6434.0
2019-04-19 08:15:00,6463.1
2019-04-19 08:30:00,6479.0
2019-04-19 08:45:00,6492.4
2019-04-19 09:00:00,6508.3
2019-04-19 09:15:00,6511.9
2019-04-19 09:30:00,6514.6
2019-04-19 09:45:00,6530.3
2019-04-19 10:00:00,6545.6
2019-04-19 10:15:00,6568.5
2019-04-19 10:30:00,6582.1
2019-04-19 10:45:00,6584.2
2019-04-19 11:00:00,6568.6
2019-04-19 11:15:00,6553.7
2019-04-19 11:30:00,6535.2
2019-04-19 11:45:00,6530.1
2019-04-19 12:00:00,6516.0
2019-04-19 12:15:00,6491.5
2019-04-19 12:30:00,6479.0
2019-04-19 12:45:00,6469.7
2019-04-19 13:00:00,6464.1
2019-04-19 13:15:00,6452.6
2019-04-19 13:30:00,6435.6
2019-04-19 13:45:00,6426.2
2019-04-19 14:00:00,6423.3
2019-04-19 14:15:00,6413.0
2019-04-19 14:30:00,6401.2
2019-04-19 14:45:00,6375.1
2019-04-19 15:00:00,6373.6
2019-04-19 15:15:00,6370.0
2019-04-19 15:30:00,6370.5
2019-04-19 15:45:00,6372.0
2019-04-19 16:00:00,6385.9
2019-04-19 16:15:00,6394.7
2019-04-19 16:30:00,6400.8
2019-04-19 16:45:00,6408.3
2019-04-19 17:00:00,6423.7
2019-04-19 17:15:00,6425.3
2019-04-19 17:30:00,6436.6
2019-04-19 17:45:00,6439.8
2019-04-19 18:00:00,6447.7
2019-04-19 18:15:00,6450.7
2019-04-19 18:30:00,6453.8
2019-04-19 18:45:00,6445.8
2019-04-19 19:00:00,6455.2
2019-04-19 19:15:00,6449.2
2019-04-19 19:30:00,6462.1
2019-04-19 19:45:00,6467.3
2019-04-19 20:00:00,6464.1
2019-04-19 20:15:00,6452.9
2019-04-19 20:30:00,6437.3
2019-04-19 20:45:00,6427.5
2019-04-19 21:00:00,6413.9
2019-04-19 21:15:00,6398.0
2019-04-19 21:30:00,6373.3
2019-04-19 21:45:00,6354.9
2019-04-19 22:00:00,6312.4
2019-04-19 22:15:00,6284.8
2019-04-19 22:30:00,6267.7
2019-04-19 22:45:00,6247.3
2019-04-19 23:00:00,6213.3
2019-04-19 23:15:00,6203.2
2019-04-19 23:30:00,6182.5
2019-04-19 23:45:00,6179.6
2019-04-20 00:00:00,6157.2
2019-04-20 00:15:00,6146.3
2019-04-20 00:30:00,6133.0
2019-04-20 00:45:00,6113.7
2019-04-20 01:00:00,6112.4
2019-04-20 01:15:00,6103.0
2019-04-20 01:30:00,6097.6
2019-04-20 01:45:00,6089.7
2019-04-20 02:00:00,6091.5
2019-04-20 02:15:00,6085.6
2019-04-20 02:30:00,6092.5
2019-04-20 02:45:00,6096.3
2019-04-20 03:00:00,6111.4
2019-04-20 03:15:00,6110.4
2019-04-20 03:30:00,6124.7
2019-04-20 03:45:00,6137.4
2019-04-20 04:00:00,6160.1
2019-04-20 04:15:00,6160.8
2019-04-20 04:30:00,6173.6
2019-04-20 04:45:00,6184.5
2019-04-20 05:00:00,6194.3
2019-04-20 05:15:00,6196.4
2019-04-20 05:30:00,6210.0
2019-04-20 05:45:00,6230.5
2019-04-20 06:00:00,6262.0
2019-04-20 06:15:00,6293.6
2019-04-20 06:30:00,6323.2
2019-04-20 06:45:00,6346.6
2019-04-20 07:00:00,6378.9
2019-04-20 07:15:00,6408.9
2019-04-20 07:30:00,6436.9
2019-04-20 07:45:00,6465.5
2019-04-20 08:00:00,6489.0
2019-04-20 08:15:00,6510.4
2019-04-20 08:30:00,6535.0
2019-04-20 08:45:00,6536.3
2019-04-20 09:00:00,6537.3
2019-04-20 09:15:00,6540.0
2019-04-20 09:30:00,6545.4
2019-04-20 09:45:00,6556.0
2019-04-20 10:00:00,6554.9
2019-04-20 10:15:00,6559.8
2019-04-20 10:30:00,6566.0
2019-04-20 10:45:00,6565.9
2019-04-20 11:00:00,6560.5
2019-04-20 11:15:00,6552.7
2019-04-20 11:30:00,6552.6
2019-04-20 11:45:00,6539.7
2019-04-20 12:00:00,6528.0
2019-04-20 12:15:00,6517.1
2019-04-20 12:30:00,6512.0
2019-04-20 12:45:00,6501.7
2019-04-20 13:00:00,6488.0
2019-04-20 13:15:00,6476.7
2019-04-20 13:30:00,6473.5
2019-04-20 13:45:00,6465.7
2019-04-20 14:00:00,6456.1
2019-04-20 14:15:00,6443.9
2019-04-20 14:30:00,6439.3
2019-04-20 14:45:00,6428.6
2019-04-20 15:00:00,6417.8
2019-04-20 15:15:00,6416.7
2019-04-20 15:30:00,6412.5
2019-04-20 15:45:00,6414.1
2019-04-20 16:00:00,6438.3
2019-04-20 16:15:00,6449.2
2019-04-20 16:30:00,6459.3
2019-04-20 16:45:00,6467.0
2019-04-20 17:00:00,6468.3
2019-04-20 17:15:00,6466.5
2019-04-20 17:30:00,6469.8
2019-04-20 17:45:00,6474.1
2019-04-20 18:00:00,6475.1
2019-04-20 18:15:00,6472.3
2019-04-20 18:30:00,6468.7
2019-04-20 18:45:00,6461.2
2019-04-20 19:00:00,6451.5
2019-04-20 19:15:00,6440.3
2019-04-20 19:30:00,6438.0
2019-04-20 19:45:00,6450.5
2019-04-20 20:00:00,6449.8
2019-04-20 20:15:00,6431.8
2019-04-20 20:30:00,6408.3
2019-04-20 20:45:00,6394.4
2019-04-20 21:00:00,6388.2
2019-04-20 21:15:00,6356.7
2019-04-20 21:30:00,6328.3
2019-04-20 21:45:00,6305.4
2019-04-20 22:00:00,6277.2
2019-04-20 22:15:00,6253.7
2019-04-20 22:30:00,6232.3
2019-04-20 22:45:00,6216.8
2019-04-20 23:00:00,6188.0
2019-04-20 23:15:00,6162.2
2019-04-20 23:30:00,6141.8
2019-04-20 23:45:00,6127.2
2019-04-21 00:00:00,6101.9
2019-04-21 00:15:00,6085.1
2019-04-21 00:30:00,6073.9
2019-04-21 00:45:00,6069.9
2019-04-21 01:00:00,6059.4
2019-04-21 01:15:00,6051.0
2019-04-21 01:30:00,6045.4
2019-04-21 01:45:00,6035.7
2019-04-21 02:00:00,6032.9
2019-04-21 02:15:00,6031.3
2019-04-21 02:30:00,6033.1
2019-04-21 02:45:00,6035.9
2019-04-21 03:00:00,6042.9
2019-04-21 03:15:00,6049.4
2019-04-21 03:30:00,6053.5
2019-04-21 03:45:00,6054.5
2019-04-21 04:00:00,6062.2
2019-04-21 04:15:00,6064.1
2019-04-21 04:30:00,6071.4
2019-04-21 04:45:00,6068.0
2019-04-21 05:00:00,6067.2
2019-04-21 05:15:00,6062.1
2019-04-21 05:30:00,6073.7
2019-04-21 05:45:00,6086.4
2019-04-21 06:00:00,6100.1
2019-04-21 06:15:00,6117.5
2019-04-21 06:30:00,6148.6
2019-04-21 06:45:00,6176.9
2019-04-21 07:00:00,6215.8
2019-04-21 07:15:00,6245.9
2019-04-21 07:30:00,6273.8
2019-04-21 07:45:00,6291.1
2019-04-21 08:00:00,6314.2
2019-04-21 08:15:00,6331.4
2019-04-21 08:30:00,6345.2
2019-04-21 08:45:00,6358.9
2019-04-21 09:00:00,6359.8
2019-04-21 09:15:00,6366.8
2019-04-21 09:30:00,6372.6
2019-04-21 09:45:00,6380.9
2019-04-21 10:00:00,6387.7
2019-04-21 10:15:00,6397.3
2019-04-21 10:30:00,6405.2
2019-04-21 10:45:00,6397.6
2019-04-21 11:00:00,6388.8
2019-04-21 11:15:00,6376.2
2019-04-21 11:30:00,6363.5
2019-04-21 11:45:00,6356.5
2019-04-21 12:00:00,6339.8
2019-04-21 12:15:00,6322.3
2019-04-21 12:30:00,6304.9
2019-04-21 12:45:00,6292.3
2019-04-21 13:00:00,6280.3
2019-04-21 13:15:00,6271.1
2019-04-21 13:30:00,6260.7
2019-04-21 13:45:00,6250.8
2019-04-21 14:00:00,6240.8
2019-04-21 14:15:00,6232.2
2019-04-21 14:30:00,6225.7
2019-04-21 14:45:00,6216.9
2019-04-21 15:00:00,6217.6
2019-04-21 15:15:00,6217.8
2019-04-21 15:30:00,6217.3
2019-04-21 15:45:00,6220.8
2019-04-21 16:00:00,6235.3
2019-04-21 16:15:00,6250.6
2019-04-21 16:30:00,6250.6
2019-04-21 16:45:00,6257.8
2019-04-21 17:00:00,6274.2
2019-04-21 17:15:00,6278.6
2019-04-21 17:30:00,6288.8
2019-04-21 17:45:00,6297.3
2019-04-21 18:00:00,6303.4
2019-04-21 18:15:00,6302.4
2019-04-21 18:30:00,6311.4
2019-04-21 18:45:00,6316.5
2019-04-21 19:00:00,6326.8
2019-04-21 19:15:00,6339.4
2019-04-21 19:30:00,6352.3
2019-04-21 19:45:00,6360.0
2019-04-21 20:00:00,6368.5
2019-04-21 20:15:00,6354.5
2019-04-21 20:30:00,6339.9
2019-04-21 20:45:00,6330.5
2019-04-21 21:00:00,6327.5
2019-04-21 21:15:00,6306.3
2019-04-21 21:30:00,6280.3
2019-04-21 21:45:00,6258.3
2019-04-21 22:00:00,6228.9
2019-04-21 22:15:00,6209.1
2019-04-21 22:30:00,6185.3
2019-04-21 22:45:00,6164.6
2019-04-21 23:00:00,6137.1
2019-04-21 23:15:00,6116.5
2019-04-21 23:30:00,6098.7
2019-04-21 23:45:00,6090.6
2019-04-22 00:00:00,6077.2
2019-04-22 00:15:00,6072.8
2019-04-22 00:30:00,6065.7
2019-04-22 00:45:00,6063.0
2019-04-22 01:00:00,6054.0
2019-04-22 01:15:00,6038.5
2019-04-22 01:30:00,6033.9
2019-04-22 01:45:00,6029.0
2019-04-22 02:00:00,6038.3
2019-04-22 02:15:00,6034.6
2019-04-22 02:30:00,6036.3
2019-04-22 02:45:00,6034.9
2019-04-22 03:00:00,6045.2
2019-04-22 03:15:00,6045.1
2019-04-22 03:30:00,6055.9
2019-04-22 03:45:00,6062.5
2019-04-22 04:00:00,6069.9
2019-04-22 04:15:00,6072.5
2019-04-22 04:30:00,6083.5
2019-04-22 04:45:00,6078.5
2019-04-22 05:00:00,6079.5
2019-04-22 05:15:00,6084.0
2019-04-22 05:30:00,6088.9
2019-04-22 05:45:00,6100.1
2019-04-22 06:00:00,6122.9
2019-04-22 06:15:00,6147.9
2019-04-22 06:30:00,6172.6
2019-04-22 06:45:00,6200.2
2019-04-22 07:00:00,6233.1
2019-04-22 07:15:00,6260.9
2019-04-22 07:30:00,6279.9
2019-04-22 07:45:00,6304.5
2019-04-22 08:00:00,6329.3
2019-04-22 08:15:00,6351.2
2019-04-22 08:30:00,6374.5
2019-04-22 08:45:00,6397.3
2019-04-22 09:00:00,6406.4
2019-04-22 09:15:00,6412.0
2019-04-22 09:30:00,6425.1
2019-04-22 09:45:00,6447.9
2019-04-22 10:00:00,6454.4
2019-04-22 10:15:00,6478.3
2019-04-22 10:30:00,6494.5
2019-04-22 10:45:00,6508.1
2019-04-22 11:00:00,6491.7
2019-04-22 11:15:00,6480.4
2019-04-22 11:30:00,6467.4
2019-04-22 11:45:00,6451.1
2019-04-22 12:00:00,6455.4
2019-04-22 12:15:00,6444.4
2019-04-22 12:30:00,6433.2
2019-04-22 12:45:00,6416.9
2019-04-22 13:00:00,6397.6
2019-04-22 13:15:00,6384.4
2019-04-22 13:30:00,6374.0
2019-04-22 13:45:00,6372.2
2019-04-22 14:00:00,6372.3
2019-04-22 14:15:00,6371.0
2019-04-22 14:30:00,6368.6
2019-04-22 14:45:00,6352.8
2019-04-22 15:00:00,6361.0
2019-04-22 15:15:00,6343.9
2019-04-22 15:30:00,6344.3
2019-04-22 15:45:00,6357.9
2019-04-22 16:00:00,6361.4
2019-04-22 16:15:00,6366.5
2019-04-22 16:30:00,6391.9
2019-04-22 16:45:00,6420.1
2019-04-22 17:00:00,6427.7
2019-04-22 17:15:00,6433.3
2019-04-22 17:30:00,6443.2
2019-04-22 17:45:00,6446.4
2019-04-22 18:00:00,6446.9
2019-04-22 18:15:00,6452.9
2019-04-22 18:30:00,6451.5
2019-04-22 18:45:00,6449.1
2019-04-22 19:00:00,6455.4
2019-04-22 19:15:00,6454.2
2019-04-22 19:30:00,6462.4
2019-04-22 19:45:00,6473.5
2019-04-22 20:00:00,6486.1
2019-04-22 20:15:00,6472.3
2019-04-22 20:30:00,6454.7
2019-04-22 20:45:00,6457.3
2019-04-22 21:00:00,6453.0
2019-04-22 21:15:00,6434.1
2019-04-22 21:30:00,6406.0
2019-04-22 21:45:00,6385.3
2019-04-22 22:00:00,6356.9
2019-04-22 22:15:00,6332.9
2019-04-22 22:30:00,6307.1
2019-04-22 22:45:00,6280.1
2019-04-22 23:00:00,6258.3
2019-04-22 23:15:00,6240.7
2019-04-22 23:30:00,6226.1
2019-04-22 23:45:00,6212.8
2019-04-23 00:00:00,6188.1
2019-04-23 00:15:00,6184.3
2019-04-23 00:30:00,6169.4
2019-04-23 00:45:00,6158.2
2019-04-23 01:00:00,6154.9
2019-04-23 01:15:00,6150.2
2019-04-23 01:30:00,6148.6
2019-04-23 01:45:00,6150.6
2019-04-23 02:00:00,6153.5
2019-04-23 02:15:00,6155.4
2019-04-23 02:30:00,6161.8
2019-04-23 02:45:00,6165.7
2019-04-23 03:00:00,6192.9
2019-04-23 03:15:00,6207.0
2019-04-23 03:30:00,6221.4
2019-04-23 03:45:00,6251.4
2019-04-23 04:00:00,6329.2
2019-04-23 04:15:00,6357.4
2019-04-23 04:30:00,6400.0
2019-04-23 04:45:00,6449.6
2019-04-23 05:00:00,6542.7
2019-04-23 05:15:00,6604.6
2019-04-23 05:30:00,6657.2
2019-04-23 05:45:00,6706.9
2019-04-23 06:00:00,6779.0
2019-04-23 06:15:00,6826.9
2019-04-23 06:30:00,6869.2
2019-04-23 06:45:00,6904.1
2019-04-23 07:00:00,6940.6
2019-04-23 07:15:00,6955.8
2019-04-23 07:30:00,6975.1
2019-04-23 07:45:00,6987.6
2019-04-23 08:00:00,6974.9
2019-04-23 08:15:00,6994.3
2019-04-23 08:30:00,7014.9
2019-04-23 08:45:00,7035.2
2019-04-23 09:00:00,7034.8
2019-04-23 09:15:00,7029.9
2019-04-23 09:30:00,7034.3
2019-04-23 09:45:00,7046.0
2019-04-23 10:00:00,7043.9
2019-04-23 10:15:00,7072.4
2019-04-23 10:30:00,7078.9
2019-04-23 10:45:00,7086.5
2019-04-23 11:00:00,7061.2
2019-04-23 11:15:00,7054.1
2019-04-23 11:30:00,7058.0
2019-04-23 11:45:00,7061.7
2019-04-23 12:00:00,7057.4
2019-04-23 12:15:00,7050.4
2019-04-23 12:30:00,7035.4
2019-04-23 12:45:00,7014.7
2019-04-23 13:00:00,6985.3
2019-04-23 13:15:00,7008.3
2019-04-23 13:30:00,6999.7
2019-04-23 13:45:00,6984.2
2019-04-23 14:00:00,6985.4
2019-04-23 14:15:00,6967.4
2019-04-23 14:30:00,6958.4
2019-04-23 14:45:00,6949.0
2019-04-23 15:00:00,6942.7
2019-04-23 15:15:00,6931.3
2019-04-23 15:30:00,6910.3
2019-04-23 15:45:00,6918.7
2019-04-23 16:00:00,6921.4
2019-04-23 16:15:00,6918.3
2019-04-23 16:30:00,6921.0
2019-04-23 16:45:00,6922.3
2019-04-23 17:00:00,6928.1
2019-04-23 17:15:00,6922.1
2019-04-23 17:30:00,6918.7
2019-04-23 17:45:00,6921.9
2019-04-23 18:00:00,6913.2
2019-04-23 18:15:00,6902.6
2019-04-23 18:30:00,6894.3
2019-04-23 18:45:00,6886.0
2019-04-23 19:00:00,6866.8
2019-04-23 19:15:00,6861.6
2019-04-23 19:30:00,6861.6
2019-04-23 19:45:00,6864.4
2019-04-23 20:00:00,6839.4
2019-04-23 20:15:00,6806.3
2019-04-23 20:30:00,6775.7
2019-04-23 20:45:00,6741.4
2019-04-23 21:00:00,6696.9
2019-04-23 21:15:00,6662.9
2019-04-23 21:30:00,6629.1
2019-04-23 21:45:00,6592.5
2019-04-23 22:00:00,6551.7
2019-04-23 22:15:00,6519.5
2019-04-23 22:30:00,6493.3
2019-04-23 22:45:00,6471.7
2019-04-23 23:00:00,6441.3
2019-04-23 23:15:00,6422.4
2019-04-23 23:30:00,6402.9
2019-04-23 23:45:00,6388.8
2019-04-24 00:00:00,6376.2
2019-04-24 00:15:00,6364.0
2019-04-24 00:30:00,6363.5
2019-04-24 00:45:00,6356.7
2019-04-24 01:00:00,6344.1
2019-04-24 01:15:00,6333.4
2019-04-24 01:30:00,6344.1
2019-04-24 01:45:00,6337.6
2019-04-24 02:00:00,6344.2
2019-04-24 02:15:00,6349.4
2019-04-24 02:30:00,6370.1
2019-04-24 02:45:00,6361.9
2019-04-24 03:00:00,6374.1
2019-04-24 03:15:00,6376.6
2019-04-24 03:30:00,6401.4
2019-04-24 03:45:00,6413.9
2019-04-24 04:00:00,6453.3
2019-04-24 04:15:00,6483.0
2019-04-24 04:30:00,6511.8
2019-04-24 04:45:00,6557.4
2019-04-24 05:00:00,6636.3
2019-04-24 05:15:00,6686.8
2019-04-24 05:30:00,6735.3
2019-04-24 05:45:00,6775.2
2019-04-24 06:00:00,6830.6
2019-04-24 06:15:00,6874.8
2019-04-24 06:30:00,6909.7
2019-04-24 06:45:00,6930.4
2019-04-24 07:00:00,6968.5
2019-04-24 07:15:00,6980.1
2019-04-24 07:30:00,7007.1
2019-04-24 07:45:00,6996.8
2019-04-24 08:00:00,6992.7
2019-04-24 08:15:00,7014.9
2019-04-24 08:30:00,7032.0
2019-04-24 08:45:00,7041.9
2019-04-24 09:00:00,7054.9
2019-04-24 09:15:00,7066.8
2019-04-24 09:30:00,7079.8
2019-04-24 09:45:00,7090.2
2019-04-24 10:00:00,7085.2
2019-04-24 10:15:00,7094.8
2019-04-24 10:30:00,7105.5
2019-04-24 10:45:00,7102.4
2019-04-24 11:00:00,7083.1
2019-04-24 11:15:00,7077.7
2019-04-24 11:30:00,7070.1
2019-04-24 11:45:00,7055.6
2019-04-24 12:00:00,7071.9
2019-04-24 12:15:00,7061.7
2019-04-24 12:30:00,7050.9
2019-04-24 12:45:00,7028.8
2019-04-24 13:00:00,7022.2
2019-04-24 13:15:00,7026.6
2019-04-24 13:30:00,7020.4
2019-04-24 13:45:00,7007.7
2019-04-24 14:00:00,6994.5
2019-04-24 14:15:00,6982.9
2019-04-24 14:30:00,6969.8
2019-04-24 14:45:00,6955.6
2019-04-24 15:00:00,6952.4
2019-04-24 15:15:00,6936.5
2019-04-24 15:30:00,6916.2
2019-04-24 15:45:00,6904.7
2019-04-24 16:00:00,6904.1
2019-04-24 16:15:00,6903.7
2019-04-24 16:30:00,6907.0
2019-04-24 16:45:00,6902.6
2019-04-24 17:00:00,6901.3
2019-04-24 17:15:00,6910.9
2019-04-24 17:30:00,6905.5
2019-04-24 17:45:00,6909.0
2019-04-24 18:00:00,6928.5
2019-04-24 18:15:00,6918.8
2019-04-24 18:30:00,6910.6
2019-04-24 18:45:00,6905.5
2019-04-24 19:00:00,6896.8
2019-04-24 19:15:00,6886.0
2019-04-24 19:30:00,6885.9
2019-04-24 19:45:00,6877.5
2019-04-24 20:00:00,6874.3
2019-04-24 20:15:00,6854.6
2019-04-24 20:30:00,6830.5
2019-04-24 20:45:00,6800.9
2019-04-24 21:00:00,6766.7
2019-04-24 21:15:00,6723.2
2019-04-24 21:30:00,6695.8
2019-04-24 21:45:00,6663.4
2019-04-24 22:00:00,6613.2
2019-04-24 22:15:00,6576.3
2019-04-24 22:30:00,6552.4
2019-04-24 22:45:00,6524.6
2019-04-24 23:00:00,6481.1
2019-04-24 23:15:00,6455.4
2019-04-24 23:30:00,6439.0
2019-04-24 23:45:00,6433.2
2019-04-25 00:00:00,6399.4
2019-04-25 00:15:00,6381.5
2019-04-25 00:30:00,6373.3
2019-04-25 00:45:00,6359.5
2019-04-25 01:00:00,6330.2
2019-04-25 01:15:00,6324.2
2019-04-25 01:30:00,6323.5
2019-04-25 01:45:00,6327.4
2019-04-25 02:00:00,6331.6
2019-04-25 02:15:00,6334.7
2019-04-25 02:30:00,6338.9
2019-04-25 02:45:00,6336.6
2019-04-25 03:00:00,6362.9
2019-04-25 03:15:00,6388.2
2019-04-25 03:30:00,6397.6
2019-04-25 03:45:00,6417.8
2019-04-25 04:00:00,6465.5
2019-04-25 04:15:00,6498.8
2019-04-25 04:30:00,6531.0
2019-04-25 04:45:00,6573.3
2019-04-25 05:00:00,6655.9
2019-04-25 05:15:00,6710.8
2019-04-25 05:30:00,6748.0
2019-04-25 05:45:00,6788.1
2019-04-25 06:00:00,6839.9
2019-04-25 06:15:00,6874.1
2019-04-25 06:30:00,6901.0
2019-04-25 06:45:00,6932.0
2019-04-25 07:00:00,6962.1
2019-04-25 07:15:00,6983.7
2019-04-25 07:30:00,6997.3
2019-04-25 07:45:00,7006.8
2019-04-25 08:00:00,7011.0
2019-04-25 08:15:00,7018.4
2019-04-25 08:30:00,7044.7
2019-04-25 08:45:00,7053.5
2019-04-25 09:00:00,7068.7
2019-04-25 09:15:00,7068.7
2019-04-25 09:30:00,7071.3
2019-04-25 09:45:00,7076.6
2019-04-25 10:00:00,7088.3
2019-04-25 10:15:00,7098.6
2019-04-25 10:30:00,7117.0
2019-04-25 10:45:00,7123.0
2019-04-25 11:00:00,7112.4
2019-04-25 11:15:00,7104.1
2019-04-25 11:30:00,7102.7
2019-04-25 11:45:00,7106.1
2019-04-25 12:00:00,7070.5
2019-04-25 12:15:00,7063.6
2019-04-25 12:30:00,7045.2
2019-04-25 12:45:00,7021.3
2019-04-25 13:00:00,7015.7
2019-04-25 13:15:00,7020.0
2019-04-25 13:30:00,7002.1
2019-04-25 13:45:00,6999.8
2019-04-25 14:00:00,6995.7
2019-04-25 14:15:00,6983.9
2019-04-25 14:30:00,6979.5
2019-04-25 14:45:00,6973.7
2019-04-25 15:00:00,6968.4
2019-04-25 15:15:00,6949.3
2019-04-25 15:30:00,6936.2
2019-04-25 15:45:00,6933.7
2019-04-25 16:00:00,6929.3
2019-04-25 16:15:00,6928.4
2019-04-25 16:30:00,6931.3
2019-04-25 16:45:00,6929.8
2019-04-25 17:00:00,6908.1
2019-04-25 17:15:00,6897.1
2019-04-25 17:30:00,6897.6
2019-04-25 17:45:00,6902.0
2019-04-25 18:00:00,6897.0
2019-04-25 18:15:00,6895.9
2019-04-25 18:30:00,6887.3
2019-04-25 18:45:00,6881.6
2019-04-25 19:00:00,6858.1
2019-04-25 19:15:00,6842.8
2019-04-25 19:30:00,6853.5
2019-04-25 19:45:00,6859.1
2019-04-25 20:00:00,6849.4
2019-04-25 20:15:00,6836.2
2019-04-25 20:30:00,6803.5
2019-04-25 20:45:00,6767.0
2019-04-25 21:00:00,6738.9
2019-04-25 21:15:00,6711.5
2019-04-25 21:30:00,6674.1
2019-04-25 21:45:00,6640.3
2019-04-25 22:00:00,6600.1
2019-04-25 22:15:00,6578.1
2019-04-25 22:30:00,6553.1
2019-04-25 22:45:00,6523.7
2019-04-25 23:00:00,6498.8
2019-04-25 23:15:00,6487.0
2019-04-25 23:30:00,6461.7
2019-04-25 23:45:00,6444.9
2019-04-26 00:00:00,6408.0
2019-04-26 00:15:00,6393.9
2019-04-26 00:30:00,6375.2
2019-04-26 00:45:00,6360.0
2019-04-26 01:00:00,6339.1
2019-04-26 01:15:00,6329.3
2019-04-26 01:30:00,6327.4
2019-04-26 01:45:00,6328.7
2019-04-26 02:00:00,6333.5
2019-04-26 02:15:00,6329.6
2019-04-26 02:30:00,6333.8
2019-04-26 02:45:00,6340.0
2019-04-26 03:00:00,6362.4
2019-04-26 03:15:00,6384.0
2019-04-26 03:30:00,6400.8
2019-04-26 03:45:00,6409.3
2019-04-26 04:00:00,6454.2
2019-04-26 04:15:00,6485.7
2019-04-26 04:30:00,6515.2
2019-04-26 04:45:00,6558.9
2019-04-26 05:00:00,6650.6
2019-04-26 05:15:00,6704.0
2019-04-26 05:30:00,6744.7
2019-04-26 05:45:00,6784.5
2019-04-26 06:00:00,6840.4
2019-04-26 06:15:00,6885.8
2019-04-26 06:30:00,6922.4
2019-04-26 06:45:00,6949.2
2019-04-26 07:00:00,6980.1
2019-04-26 07:15:00,7013.7
2019-04-26 07:30:00,7026.9
2019-04-26 07:45:00,7039.3
2019-04-26 08:00:00,7029.6
2019-04-26 08:15:00,7044.7
2019-04-26 08:30:00,7075.2
2019-04-26 08:45:00,7089.8
2019-04-26 09:00:00,7093.4
2019-04-26 09:15:00,7104.1
2019-04-26 09:30:00,7112.8
2019-04-26 09:45:00,7115.5
2019-04-26 10:00:00,7124.7
2019-04-26 10:15:00,7124.8
2019-04-26 10:30:00,7139.4
2019-04-26 10:45:00,7140.9
2019-04-26 11:00:00,7118.2
2019-04-26 11:15:00,7098.7
2019-04-26 11:30:00,7101.1
2019-04-26 11:45:00,7086.3
2019-04-26 12:00:00,7066.9
2019-04-26 12:15:00,7051.0
2019-04-26 12:30:00,7035.8
2019-04-26 12:45:00,7013.8
2019-04-26 13:00:00,7003.4
2019-04-26 13:15:00,7003.9
2019-04-26 13:30:00,6982.5
2019-04-26 13:45:00,6962.2
2019-04-26 14:00:00,6947.9
2019-04-26 14:15:00,6927.2
2019-04-26 14:30:00,6917.2
2019-04-26 14:45:00,6897.6
2019-04-26 15:00:00,6895.6
2019-04-26 15:15:00,6880.9
2019-04-26 15:30:00,6871.4
2019-04-26 15:45:00,6871.9
2019-04-26 16:00:00,6881.6
2019-04-26 16:15:00,6878.0
2019-04-26 16:30:00,6888.1
2019-04-26 16:45:00,6884.1
2019-04-26 17:00:00,6886.7
2019-04-26 17:15:00,6889.6
2019-04-26 17:30:00,6894.8
2019-04-26 17:45:00,6885.8
2019-04-26 18:00:00,6876.4
2019-04-26 18:15:00,6866.8
2019-04-26 18:30:00,6860.6
2019-04-26 18:45:00,6844.7
2019-04-26 19:00:00,6820.2
2019-04-26 19:15:00,6807.0
2019-04-26 19:30:00,6800.7
2019-04-26 19:45:00,6798.3
2019-04-26 20:00:00,6785.2
2019-04-26 20:15:00,6749.7
2019-04-26 20:30:00,6720.9
2019-04-26 20:45:00,6697.5
2019-04-26 21:00:00,6683.1
2019-04-26 21:15:00,6652.1
2019-04-26 21:30:00,6617.7
2019-04-26 21:45:00,6596.6
2019-04-26 22:00:00,6559.7
2019-04-26 22:15:00,6532.5
2019-04-26 22:30:00,6496.5
2019-04-26 22:45:00,6476.8
2019-04-26 23:00:00,6419.1
2019-04-26 23:15:00,6387.2
2019-04-26 23:30:00,6364.0
2019-04-26 23:45:00,6348.4
2019-04-27 00:00:00,6328.8
2019-04-27 00:15:00,6322.1
2019-04-27 00:30:00,6307.7
2019-04-27 00:45:00,6300.9
2019-04-27 01:00:00,6293.1
2019-04-27 01:15:00,6290.8
2019-04-27 01:30:00,6293.2
2019-04-27 01:45:00,6290.4
2019-04-27 02:00:00,6296.5
2019-04-27 02:15:00,6295.3
2019-04-27 02:30:00,6288.9
2019-04-27 02:45:00,6300.2
2019-04-27 03:00:00,6304.4
2019-04-27 03:15:00,6311.9
2019-04-27 03:30:00,6315.2
2019-04-27 03:45:00,6317.3
2019-04-27 04:00:00,6325.5
2019-04-27 04:15:00,6321.8
2019-04-27 04:30:00,6319.4
2019-04-27 04:45:00,6319.8
2019-04-27 05:00:00,6324.2
2019-04-27 05:15:00,6328.7
2019-04-27 05:30:00,6344.5
2019-04-27 05:45:00,6365.7
2019-04-27 06:00:00,6395.8
2019-04-27 06:15:00,6418.7
2019-04-27 06:30:00,6459.4
2019-04-27 06:45:00,6490.1
2019-04-27 07:00:00,6533.8
2019-04-27 07:15:00,6557.4
2019-04-27 07:30:00,6584.0
2019-04-27 07:45:00,6607.4
2019-04-27 08:00:00,6627.6
2019-04-27 08:15:00,6646.4
2019-04-27 08:30:00,6674.9
2019-04-27 08:45:00,6694.1
2019-04-27 09:00:00,6711.6
2019-04-27 09:15:00,6718.7
2019-04-27 09:30:00,6727.9
2019-04-27 09:45:00,6743.0
2019-04-27 10:00:00,6742.4
2019-04-27 10:15:00,6744.9
2019-04-27 10:30:00,6745.2
2019-04-27 10:45:00,6741.9
2019-04-27 11:00:00,6727.2
2019-04-27 11:15:00,6719.4
2019-04-27 11:30:00,6715.9
2019-04-27 11:45:00,6705.6
2019-04-27 12:00:00,6694.7
2019-04-27 12:15:00,6678.2
2019-04-27 12:30:00,6655.0
2019-04-27 12:45:00,6632.4
2019-04-27 13:00:00,6617.5
2019-04-27 13:15:00,6597.3
2019-04-27 13:30:00,6581.8
2019-04-27 13:45:00,6578.5
2019-04-27 14:00:00,6579.5
2019-04-27 14:15:00,6578.0
2019-04-27 14:30:00,6580.0
2019-04-27 14:45:00,6574.6
2019-04-27 15:00:00,6579.5
2019-04-27 15:15:00,6566.8
2019-04-27 15:30:00,6565.0
2019-04-27 15:45:00,6560.7
2019-04-27 16:00:00,6564.1
2019-04-27 16:15:00,6580.8
2019-04-27 16:30:00,6599.5
2019-04-27 16:45:00,6602.3
2019-04-27 17:00:00,6616.8
2019-04-27 17:15:00,6613.8
2019-04-27 17:30:00,6623.1
2019-04-27 17:45:00,6618.0
2019-04-27 18:00:00,6610.8
2019-04-27 18:15:00,6590.2
2019-04-27 18:30:00,6582.8
2019-04-27 18:45:00,6575.2
2019-04-27 19:00:00,6566.9
2019-04-27 19:15:00,6554.6
2019-04-27 19:30:00,6557.7
2019-04-27 19:45:00,6555.0
2019-04-27 20:00:00,6551.6
2019-04-27 20:15:00,6530.6
2019-04-27 20:30:00,6516.3
2019-04-27 20:45:00,6491.8
2019-04-27 21:00:00,6483.9
2019-04-27 21:15:00,6466.6
2019-04-27 21:30:00,6444.0
2019-04-27 21:45:00,6410.7
2019-04-27 22:00:00,6364.9
2019-04-27 22:15:00,6335.0
2019-04-27 22:30:00,6304.2
2019-04-27 22:45:00,6280.0
2019-04-27 23:00:00,6271.9
2019-04-27 23:15:00,6253.2
2019-04-27 23:30:00,6235.1
2019-04-27 23:45:00,6226.4
2019-04-28 00:00:00,6211.0
2019-04-28 00:15:00,6199.4
2019-04-28 00:30:00,6186.1
2019-04-28 00:45:00,6185.9
2019-04-28 01:00:00,6176.0
2019-04-28 01:15:00,6168.3
2019-04-28 01:30:00,6161.6
2019-04-28 01:45:00,6156.8
2019-04-28 02:00:00,6154.5
2019-04-28 02:15:00,6158.1
2019-04-28 02:30:00,6160.8
2019-04-28 02:45:00,6159.4
2019-04-28 03:00:00,6166.9
2019-04-28 03:15:00,6164.3
2019-04-28 03:30:00,6165.1
2019-04-28 03:45:00,6163.3
2019-04-28 04:00:00,6171.1
2019-04-28 04:15:00,6174.1
2019-04-28 04:30:00,6173.1
2019-04-28 04:45:00,6164.2
2019-04-28 05:00:00,6165.6
2019-04-28 05:15:00,6158.8
2019-04-28 05:30:00,6170.8
2019-04-28 05:45:00,6181.2
2019-04-28 06:00:00,6204.2
2019-04-28 06:15:00,6220.0
2019-04-28 06:30:00,6241.0
2019-04-28 06:45:00,6260.7
2019-04-28 07:00:00,6278.0
2019-04-28 07:15:00,6313.2
2019-04-28 07:30:00,6332.6
2019-04-28 07:45:00,6360.2
2019-04-28 08:00:00,6388.6
2019-04-28 08:15:00,6417.6
2019-04-28 08:30:00,6443.9
2019-04-28 08:45:00,6465.7
2019-04-28 09:00:00,6485.8
2019-04-28 09:15:00,6491.4
2019-04-28 09:30:00,6516.8
2019-04-28 09:45:00,6530.1
2019-04-28 10:00:00,6550.7
2019-04-28 10:15:00,6581.6
2019-04-28 10:30:00,6588.3
2019-04-28 10:45:00,6587.4
2019-04-28 11:00:00,6584.2
2019-04-28 11:15:00,6580.8
2019-04-28 11:30:00,6574.1
2019-04-28 11:45:00,6562.9
2019-04-28 12:00:00,6550.0
2019-04-28 12:15:00,6523.7
2019-04-28 12:30:00,6510.6
2019-04-28 12:45:00,6491.9
2019-04-28 13:00:00,6497.0
2019-04-28 13:15:00,6490.4
2019-04-28 13:30:00,6479.5
2019-04-28 13:45:00,6469.8
2019-04-28 14:00:00,6466.1
2019-04-28 14:15:00,6449.0
2019-04-28 14:30:00,6427.5
2019-04-28 14:45:00,6416.3
2019-04-28 15:00:00,6426.8
2019-04-28 15:15:00,6419.8
2019-04-28 15:30:00,6419.6
2019-04-28 15:45:00,6424.4
2019-04-28 16:00:00,6449.5
2019-04-28 16:15:00,6461.7
2019-04-28 16:30:00,6479.7
2019-04-28 16:45:00,6482.4
2019-04-28 17:00:00,6505.1
2019-04-28 17:15:00,6508.7
2019-04-28 17:30:00,6516.2
2019-04-28 17:45:00,6519.1
2019-04-28 18:00:00,6542.4
2019-04-28 18:15:00,6532.4
2019-04-28 18:30:00,6531.3
2019-04-28 18:45:00,6521.9
2019-04-28 19:00:00,6538.5
2019-04-28 19:15:00,6531.3
2019-04-28 19:30:00,6524.3
2019-04-28 19:45:00,6534.4
2019-04-28 20:00:00,6555.1
2019-04-28 20:15:00,6560.5
2019-04-28 20:30:00,6546.2
2019-04-28 20:45:00,6547.9
2019-04-28 21:00:00,6551.6
2019-04-28 21:15:00,6539.3
2019-04-28 21:30:00,6513.7
2019-04-28 21:45:00,6483.8
2019-04-28 22:00:00,6449.6
2019-04-28 22:15:00,6425.9
2019-04-28 22:30:00,6401.2
2019-04-28 22:45:00,6379.9
2019-04-28 23:00:00,6355.1
2019-04-28 23:15:00,6345.0
2019-04-28 23:30:00,6330.0
2019-04-28 23:45:00,6317.6
2019-04-29 00:00:00,6297.2
2019-04-29 00:15:00,6296.8
2019-04-29 00:30:00,6298.4
2019-04-29 00:45:00,6287.6
2019-04-29 01:00:00,6276.4
2019-04-29 01:15:00,6281.7
2019-04-29 01:30:00,6288.8
2019-04-29 01:45:00,6286.7
2019-04-29 02:00:00,6294.6
2019-04-29 02:15:00,6307.1
2019-04-29 02:30:00,6310.1
2019-04-29 02:45:00,6313.9
2019-04-29 03:00:00,6325.8
2019-04-29 03:15:00,6344.2
2019-04-29 03:30:00,6373.6
2019-04-29 03:45:00,6397.2
2019-04-29 04:00:00,6444.5
2019-04-29 04:15:00,6477.1
2019-04-29 04:30:00,6522.9
2019-04-29 04:45:00,6565.7
2019-04-29 05:00:00,6653.4
2019-04-29 05:15:00,6718.9
2019-04-29 05:30:00,6768.8
2019-04-29 05:45:00,6815.1
2019-04-29 06:00:00,6870.1
2019-04-29 06:15:00,6912.7
2019-04-29 06:30:00,6934.6
2019-04-29 06:45:00,6957.2
2019-04-29 07:00:00,6978.5
2019-04-29 07:15:00,6998.0
2019-04-29 07:30:00,7010.0
2019-04-29 07:45:00,7012.8
2019-04-29 08:00:00,7005.8
2019-04-29 08:15:00,7012.6
2019-04-29 08:30:00,7025.2
2019-04-29 08:45:00,7034.3
2019-04-29 09:00:00,7042.8
2019-04-29 09:15:00,7047.2
2019-04-29 09:30:00,7051.3
2019-04-29 09:45:00,7059.9
2019-04-29 10:00:00,7069.3
2019-04-29 10:15:00,7083.2
2019-04-29 10:30:00,7101.3
2019-04-29 10:45:00,7108.3
2019-04-29 11:00:00,7084.7
2019-04-29 11:15:00,7072.5
2019-04-29 11:30:00,7068.5
2019-04-29 11:45:00,7065.2
2019-04-29 12:00:00,7087.1
2019-04-29 12:15:00,7083.1
2019-04-29 12:30:00,7066.3
2019-04-29 12:45:00,7045.4
2019-04-29 13:00:00,7040.0
2019-04-29 13:15:00,7035.2
2019-04-29 13:30:00,7031.6
2019-04-29 13:45:00,7025.5
2019-04-29 14:00:00,7037.1
2019-04-29 14:15:00,7028.5
2019-04-29 14:30:00,7008.2
2019-04-29 14:45:00,7002.0
2019-04-29 15:00:00,6997.8
2019-04-29 15:15:00,6987.4
2019-04-29 15:30:00,6983.3
2019-04-29 15:45:00,6971.8
2019-04-29 16:00:00,6969.0
2019-04-29 16:15:00,6981.2
2019-04-29 16:30:00,6978.2
2019-04-29 16:45:00,6981.2
2019-04-29 17:00:00,6974.1
2019-04-29 17:15:00,6965.1
2019-04-29 17:30:00,6967.9
2019-04-29 17:45:00,6972.5
2019-04-29 18:00:00,6964.1
2019-04-29 18:15:00,6953.7
2019-04-29 18:30:00,6947.6
2019-04-29 18:45:00,6940.9
2019-04-29 19:00:00,6928.7
2019-04-29 19:15:00,6908.1
2019-04-29 19:30:00,6887.8
2019-04-29 19:45:00,6870.4
2019-04-29 20:00:00,6859.8
2019-04-29 20:15:00,6847.1
2019-04-29 20:30:00,6819.3
2019-04-29 20:45:00,6782.2
2019-04-29 21:00:00,6757.0
2019-04-29 21:15:00,6727.9
2019-04-29 21:30:00,6691.3
2019-04-29 21:45:00,6646.0
2019-04-29 22:00:00,6602.8
2019-04-29 22:15:00,6572.4
2019-04-29 22:30:00,6545.4
2019-04-29 22:45:00,6515.7
2019-04-29 23:00:00,6476.3
2019-04-29 23:15:00,6455.1
2019-04-29 23:30:00,6441.8
2019-04-29 23:45:00,6424.9
2019-04-30 00:00:00,6419.1
2019-04-30 00:15:00,6406.1
2019-04-30 00:30:00,6406.5
2019-04-30 00:45:00,6394.3
2019-04-30 01:00:00,6376.9
2019-04-30 01:15:00,6375.3
2019-04-30 01:30:00,6379.9
2019-04-30 01:45:00,6379.0
2019-04-30 02:00:00,6383.2
2019-04-30 02:15:00,6390.7
2019-04-30 02:30:00,6391.4
2019-04-30 02:45:00,6401.2
2019-04-30 03:00:00,6417.9
2019-04-30 03:15:00,6437.0
2019-04-30 03:30:00,6448.1
2019-04-30 03:45:00,6466.9
2019-04-30 04:00:00,6511.4
2019-04-30 04:15:00,6540.4
2019-04-30 04:30:00,6565.4
2019-04-30 04:45:00,6600.1
2019-04-30 05:00:00,6685.0
2019-04-30 05:15:00,6757.2
2019-04-30 05:30:00,6812.8
2019-04-30 05:45:00,6853.9
2019-04-30 06:00:00,6903.7
2019-04-30 06:15:00,6936.6
2019-04-30 06:30:00,6960.4
2019-04-30 06:45:00,6982.0
2019-04-30 07:00:00,7015.4
2019-04-30 07:15:00,7029.9
2019-04-30 07:30:00,7037.1
2019-04-30 07:45:00,7041.9
2019-04-30 08:00:00,7027.4
2019-04-30 08:15:00,7034.8
2019-04-30 08:30:00,7049.0
2019-04-30 08:45:00,7058.8
2019-04-30 09:00:00,7044.8
2019-04-30 09:15:00,7043.9
2019-04-30 09:30:00,7043.0
2019-04-30 09:45:00,7050.7
2019-04-30 10:00:00,7041.1
2019-04-30 10:15:00,7051.7
2019-04-30 10:30:00,7061.2
2019-04-30 10:45:00,7066.2
2019-04-30 11:00:00,7042.9
2019-04-30 11:15:00,7036.3
2019-04-30 11:30:00,7036.8
2019-04-30 11:45:00,7037.3
2019-04-30 12:00:00,7029.2
2019-04-30 12:15:00,7022.9
2019-04-30 12:30:00,7014.9
2019-04-30 12:45:00,6992.7
2019-04-30 13:00:00,6977.1
2019-04-30 13:15:00,6974.3
2019-04-30 13:30:00,6965.2
2019-04-30 13:45:00,6950.5
2019-04-30 14:00:00,6953.8
2019-04-30 14:15:00,6939.3
2019-04-30 14:30:00,6916.9
2019-04-30 14:45:00,6898.5
2019-04-30 15:00:00,6892.3
2019-04-30 15:15:00,6876.7
2019-04-30 15:30:00,6863.1
2019-04-30 15:45:00,6858.2
2019-04-30 16:00:00,6851.6
2019-04-30 16:15:00,6846.0
2019-04-30 16:30:00,6844.3
2019-04-30 16:45:00,6849.9
2019-04-30 17:00:00,6852.3
2019-04-30 17:15:00,6829.6
2019-04-30 17:30:00,6829.7
2019-04-30 17:45:00,6834.4
2019-04-30 18:00:00,6843.7
2019-04-30 18:15:00,6833.8
2019-04-30 18:30:00,6821.8
2019-04-30 18:45:00,6816.4
2019-04-30 19:00:00,6798.9
2019-04-30 19:15:00,6781.9
2019-04-30 19:30:00,6779.2
2019-04-30 19:45:00,6775.7
2019-04-30 20:00:00,6773.9
2019-04-30 20:15:00,6760.7
2019-04-30 20:30:00,6729.0
2019-04-30 20:45:00,6681.4
2019-04-30 21:00:00,6655.2
2019-04-30 21:15:00,6630.5
2019-04-30 21:30:00,6595.4
2019-04-30 21:45:00,6564.8
2019-04-30 22:00:00,6517.2
2019-04-30 22:15:00,6495.5
2019-04-30 22:30:00,6466.0
2019-04-30 22:45:00,6446.2
2019-04-30 23:00:00,6396.1
2019-04-30 23:15:00,6385.9
2019-04-30 23:30:00,6366.8
2019-04-30 23:45:00,6346.5
2019-05-01 00:00:00,6323.0
2019-05-01 00:15:00,6313.7
2019-05-01 00:30:00,6303.6
2019-05-01 00:45:00,6290.7
2019-05-01 01:00:00,6262.2
2019-05-01 01:15:00,6250.9
2019-05-01 01:30:00,6244.2
2019-05-01 01:45:00,6239.7
2019-05-01 02:00:00,6243.5
2019-05-01 02:15:00,6236.9
2019-05-01 02:30:00,6229.5
2019-05-01 02:45:00,6226.6
2019-05-01 03:00:00,6227.6
2019-05-01 03:15:00,6227.5
2019-05-01 03:30:00,6229.3
2019-05-01 03:45:00,6229.0
2019-05-01 04:00:00,6232.8
2019-05-01 04:15:00,6220.9
2019-05-01 04:30:00,6206.1
2019-05-01 04:45:00,6183.1
2019-05-01 05:00:00,6168.5
2019-05-01 05:15:00,6163.3
2019-05-01 05:30:00,6174.1
2019-05-01 05:45:00,6190.4
2019-05-01 06:00:00,6208.8
2019-05-01 06:15:00,6230.3
2019-05-01 06:30:00,6255.8
2019-05-01 06:45:00,6285.1
2019-05-01 07:00:00,6318.6
2019-05-01 07:15:00,6342.9
2019-05-01 07:30:00,6368.1
2019-05-01 07:45:00,6395.3
2019-05-01 08:00:00,6417.3
2019-05-01 08:15:00,6441.7
2019-05-01 08:30:00,6459.9
2019-05-01 08:45:00,6478.2
2019-05-01 09:00:00,6494.1
2019-05-01 09:15:00,6510.7
2019-05-01 09:30:00,6533.8
2019-05-01 09:45:00,6543.8
2019-05-01 10:00:00,6546.8
2019-05-01 10:15:00,6563.6
2019-05-01 10:30:00,6572.7
2019-05-01 10:45:00,6575.6
2019-05-01 11:00:00,6548.5
2019-05-01 11:15:00,6542.7
2019-05-01 11:30:00,6529.3
2019-05-01 11:45:00,6517.0
2019-05-01 12:00:00,6497.0
2019-05-01 12:15:00,6473.5
2019-05-01 12:30:00,6460.9
2019-05-01 12:45:00,6449.5
2019-05-01 13:00:00,6431.2
2019-05-01 13:15:00,6423.3
2019-05-01 13:30:00,6419.0
2019-05-01 13:45:00,6408.9
2019-05-01 14:00:00,6416.5
2019-05-01 14:15:00,6408.1
2019-05-01 14:30:00,6417.6
2019-05-01 14:45:00,6406.8
2019-05-01 15:00:00,6405.1
2019-05-01 15:15:00,6393.5
2019-05-01 15:30:00,6387.3
2019-05-01 15:45:00,6388.2
2019-05-01 16:00:00,6398.1
2019-05-01 16:15:00,6408.7
2019-05-01 16:30:00,6409.3
2019-05-01 16:45:00,6413.6
2019-05-01 17:00:00,6438.8
2019-05-01 17:15:00,6451.2
2019-05-01 17:30:00,6452.1
2019-05-01 17:45:00,6459.4
2019-05-01 18:00:00,6481.5
2019-05-01 18:15:00,6475.0
2019-05-01 18:30:00,6478.8
2019-05-01 18:45:00,6476.8
2019-05-01 19:00:00,6479.1
2019-05-01 19:15:00,6474.4
2019-05-01 19:30:00,6472.3
2019-05-01 19:45:00,6477.7
2019-05-01 20:00:00,6485.7
2019-05-01 20:15:00,6486.3
2019-05-01 20:30:00,6478.2
2019-05-01 20:45:00,6470.1
2019-05-01 21:00:00,6487.1
2019-05-01 21:15:00,6469.4
2019-05-01 21:30:00,6439.0
2019-05-01 21:45:00,6409.0
2019-05-01 22:00:00,6372.7
2019-05-01 22:15:00,6342.2
2019-05-01 22:30:00,6314.7
2019-05-01 22:45:00,6295.0
2019-05-01 23:00:00,6273.5
2019-05-01 23:15:00,6259.4
2019-05-01 23:30:00,6246.1
2019-05-01 23:45:00,6237.2
2019-05-02 00:00:00,6227.0
2019-05-02 00:15:00,6222.3
2019-05-02 00:30:00,6220.6
2019-05-02 00:45:00,6216.6
2019-05-02 01:00:00,6213.9
2019-05-02 01:15:00,6219.0
2019-05-02 01:30:00,6218.3
2019-05-02 01:45:00,6221.7
2019-05-02 02:00:00,6228.6
2019-05-02 02:15:00,6230.9
2019-05-02 02:30:00,6241.0
2019-05-02 02:45:00,6254.4
2019-05-02 03:00:00,6279.1
2019-05-02 03:15:00,6291.2
2019-05-02 03:30:00,6305.2
2019-05-02 03:45:00,6330.7
2019-05-02 04:00:00,6379.0
2019-05-02 04:15:00,6413.2
2019-05-02 04:30:00,6450.6
2019-05-02 04:45:00,6504.8
2019-05-02 05:00:00,6605.5
2019-05-02 05:15:00,6676.4
2019-05-02 05:30:00,6732.8
2019-05-02 05:45:00,6787.4
2019-05-02 06:00:00,6842.7
2019-05-02 06:15:00,6877.8
2019-05-02 06:30:00,6909.0
2019-05-02 06:45:00,6942.1
2019-05-02 07:00:00,6956.2
2019-05-02 07:15:00,6976.9
2019-05-02 07:30:00,6987.5
2019-05-02 07:45:00,6999.6
2019-05-02 08:00:00,6991.4
2019-05-02 08:15:00,7001.6
2019-05-02 08:30:00,7018.8
2019-05-02 08:45:00,7027.1
2019-05-02 09:00:00,7036.2
2019-05-02 09:15:00,7042.0
2019-05-02 09:30:00,7051.4
2019-05-02 09:45:00,7058.0
2019-05-02 10:00:00,7065.3
2019-05-02 10:15:00,7066.6
2019-05-02 10:30:00,7076.5
2019-05-02 10:45:00,7081.9
2019-05-02 11:00:00,7058.9
2019-05-02 11:15:00,7052.1
2019-05-02 11:30:00,7052.1
2019-05-02 11:45:00,7048.8
2019-05-02 12:00:00,7040.6
2019-05-02 12:15:00,7040.4
2019-05-02 12:30:00,7026.9
2019-05-02 12:45:00,7017.0
2019-05-02 13:00:00,7011.6
2019-05-02 13:15:00,7005.7
2019-05-02 13:30:00,6997.4
2019-05-02 13:45:00,6988.2
2019-05-02 14:00:00,7014.3
2019-05-02 14:15:00,7004.4
2019-05-02 14:30:00,6998.0
2019-05-02 14:45:00,6986.1
2019-05-02 15:00:00,6990.3
2019-05-02 15:15:00,6984.4
2019-05-02 15:30:00,6971.6
2019-05-02 15:45:00,6962.4
2019-05-02 16:00:00,6964.5
2019-05-02 16:15:00,6970.4
2019-05-02 16:30:00,6973.5
2019-05-02 16:45:00,6973.6
2019-05-02 17:00:00,6972.6
2019-05-02 17:15:00,6962.1
2019-05-02 17:30:00,6960.0
2019-05-02 17:45:00,6959.8
2019-05-02 18:00:00,6963.7
2019-05-02 18:15:00,6942.6
2019-05-02 18:30:00,6926.3
2019-05-02 18:45:00,6927.5
2019-05-02 19:00:00,6911.1
2019-05-02 19:15:00,6891.2
2019-05-02 19:30:00,6873.7
2019-05-02 19:45:00,6863.7
2019-05-02 20:00:00,6859.1
2019-05-02 20:15:00,6852.0
2019-05-02 20:30:00,6822.5
2019-05-02 20:45:00,6795.9
2019-05-02 21:00:00,6770.2
2019-05-02 21:15:00,6736.1
2019-05-02 21:30:00,6698.6
2019-05-02 21:45:00,6660.5
2019-05-02 22:00:00,6632.4
2019-05-02 22:15:00,6598.0
2019-05-02 22:30:00,6568.2
2019-05-02 22:45:00,6548.2
2019-05-02 23:00:00,6494.7
2019-05-02 23:15:00,6475.8
2019-05-02 23:30:00,6468.8
2019-05-02 23:45:00,6452.4
2019-05-03 00:00:00,6435.9
2019-05-03 00:15:00,6418.7
2019-05-03 00:30:00,6410.4
2019-05-03 00:45:00,6409.3
2019-05-03 01:00:00,6385.8
2019-05-03 01:15:00,6379.4
2019-05-03 01:30:00,6372.4
2019-05-03 01:45:00,6372.6
2019-05-03 02:00:00,6380.6
2019-05-03 02:15:00,6384.8
2019-05-03 02:30:00,6389.3
2019-05-03 02:45:00,6394.8
2019-05-03 03:00:00,6398.2
2019-05-03 03:15:00,6419.7
2019-05-03 03:30:00,6441.2
2019-05-03 03:45:00,6464.6
2019-05-03 04:00:00,6516.2
2019-05-03 04:15:00,6541.5
2019-05-03 04:30:00,6566.8
2019-05-03 04:45:00,6611.4
2019-05-03 05:00:00,6693.9
2019-05-03 05:15:00,6754.8
2019-05-03 05:30:00,6794.6
2019-05-03 05:45:00,6842.9
2019-05-03 06:00:00,6883.0
2019-05-03 06:15:00,6911.5
2019-05-03 06:30:00,6944.1
2019-05-03 06:45:00,6964.8
2019-05-03 07:00:00,6992.4
2019-05-03 07:15:00,7007.3
2019-05-03 07:30:00,7027.3
2019-05-03 07:45:00,7038.2
2019-05-03 08:00:00,7037.9
2019-05-03 08:15:00,7052.8
2019-05-03 08:30:00,7069.2
2019-05-03 08:45:00,7073.3
2019-05-03 09:00:00,7070.1
2019-05-03 09:15:00,7073.3
2019-05-03 09:30:00,7079.8
2019-05-03 09:45:00,7100.5
2019-05-03 10:00:00,7102.5
2019-05-03 10:15:00,7106.7
2019-05-03 10:30:00,7105.3
2019-05-03 10:45:00,7094.9
2019-05-03 11:00:00,7073.7
2019-05-03 11:15:00,7068.2
2019-05-03 11:30:00,7062.0
2019-05-03 11:45:00,7056.3
2019-05-03 12:00:00,7047.4
2019-05-03 12:15:00,7036.4
2019-05-03 12:30:00,7021.2
2019-05-03 12:45:00,7014.0
2019-05-03 13:00:00,7003.2
2019-05-03 13:15:00,6991.5
2019-05-03 13:30:00,6982.6
2019-05-03 13:45:00,6981.2
2019-05-03 14:00:00,6982.9
2019-05-03 14:15:00,6981.1
2019-05-03 14:30:00,6965.4
2019-05-03 14:45:00,6951.0
2019-05-03 15:00:00,6942.6
2019-05-03 15:15:00,6937.6
2019-05-03 15:30:00,6924.2
2019-05-03 15:45:00,6919.2
2019-05-03 16:00:00,6913.4
2019-05-03 16:15:00,6922.5
2019-05-03 16:30:00,6920.6
2019-05-03 16:45:00,6915.5
2019-05-03 17:00:00,6906.0
2019-05-03 17:15:00,6892.6
2019-05-03 17:30:00,6897.7
2019-05-03 17:45:00,6900.0
2019-05-03 18:00:00,6900.6
2019-05-03 18:15:00,6892.9
2019-05-03 18:30:00,6878.9
2019-05-03 18:45:00,6866.6
2019-05-03 19:00:00,6859.2
2019-05-03 19:15:00,6833.0
2019-05-03 19:30:00,6821.4
2019-05-03 19:45:00,6805.6
2019-05-03 20:00:00,6816.4
2019-05-03 20:15:00,6803.6
2019-05-03 20:30:00,6773.3
2019-05-03 20:45:00,6741.9
2019-05-03 21:00:00,6727.6
2019-05-03 21:15:00,6697.4
2019-05-03 21:30:00,6665.0
2019-05-03 21:45:00,6637.6
2019-05-03 22:00:00,6606.1
2019-05-03 22:15:00,6570.1
2019-05-03 22:30:00,6541.4
2019-05-03 22:45:00,6510.7
2019-05-03 23:00:00,6473.0
2019-05-03 23:15:00,6440.4
2019-05-03 23:30:00,6421.4
2019-05-03 23:45:00,6410.4
2019-05-04 00:00:00,6391.6
2019-05-04 00:15:00,6373.1
2019-05-04 00:30:00,6360.3
2019-05-04 00:45:00,6359.5
2019-05-04 01:00:00,6347.8
2019-05-04 01:15:00,6338.9
2019-05-04 01:30:00,6330.3
2019-05-04 01:45:00,6331.2
2019-05-04 02:00:00,6323.1
2019-05-04 02:15:00,6324.8
2019-05-04 02:30:00,6328.3
2019-05-04 02:45:00,6326.3
2019-05-04 03:00:00,6337.7
2019-05-04 03:15:00,6344.2
2019-05-04 03:30:00,6349.2
2019-05-04 03:45:00,6359.2
2019-05-04 04:00:00,6362.8
2019-05-04 04:15:00,6362.4
2019-05-04 04:30:00,6355.1
2019-05-04 04:45:00,6345.3
2019-05-04 05:00:00,6367.1
2019-05-04 05:15:00,6377.9
2019-05-04 05:30:00,6396.5
2019-05-04 05:45:00,6410.7
2019-05-04 06:00:00,6445.4
2019-05-04 06:15:00,6463.8
2019-05-04 06:30:00,6491.3
2019-05-04 06:45:00,6529.3
2019-05-04 07:00:00,6573.7
2019-05-04 07:15:00,6605.2
2019-05-04 07:30:00,6632.3
2019-05-04 07:45:00,6655.4
2019-05-04 08:00:00,6686.7
2019-05-04 08:15:00,6707.9
2019-05-04 08:30:00,6727.6
2019-05-04 08:45:00,6750.4
2019-05-04 09:00:00,6760.3
2019-05-04 09:15:00,6774.0
2019-05-04 09:30:00,6788.4
2019-05-04 09:45:00,6794.1
2019-05-04 10:00:00,6791.7
2019-05-04 10:15:00,6788.6
2019-05-04 10:30:00,6797.5
2019-05-04 10:45:00,6801.0
2019-05-04 11:00:00,6787.0
2019-05-04 11:15:00,6779.4
2019-05-04 11:30:00,6763.9
2019-05-04 11:45:00,6752.3
2019-05-04 12:00:00,6750.6
2019-05-04 12:15:00,6726.6
2019-05-04 12:30:00,6731.7
2019-05-04 12:45:00,6705.9
2019-05-04 13:00:00,6700.3
2019-05-04 13:15:00,6676.4
2019-05-04 13:30:00,6671.9
2019-05-04 13:45:00,6662.4
2019-05-04 14:00:00,6657.6
2019-05-04 14:15:00,6646.4
2019-05-04 14:30:00,6651.3
2019-05-04 14:45:00,6656.7
2019-05-04 15:00:00,6635.1
2019-05-04 15:15:00,6634.8
2019-05-04 15:30:00,6611.0
2019-05-04 15:45:00,6602.5
2019-05-04 16:00:00,6619.4
2019-05-04 16:15:00,6633.0
2019-05-04 16:30:00,6639.4
2019-05-04 16:45:00,6648.2
2019-05-04 17:00:00,6668.5
2019-05-04 17:15:00,6656.9
2019-05-04 17:30:00,6649.7
2019-05-04 17:45:00,6639.7
2019-05-04 18:00:00,6636.1
2019-05-04 18:15:00,6622.2
2019-05-04 18:30:00,6613.7
2019-05-04 18:45:00,6600.5
2019-05-04 19:00:00,6583.5
2019-05-04 19:15:00,6567.8
2019-05-04 19:30:00,6555.1
2019-05-04 19:45:00,6546.3
2019-05-04 20:00:00,6556.3
2019-05-04 20:15:00,6558.4
2019-05-04 20:30:00,6544.8
2019-05-04 20:45:00,6529.7
2019-05-04 21:00:00,6532.7
2019-05-04 21:15:00,6508.2
2019-05-04 21:30:00,6487.9
2019-05-04 21:45:00,6469.6
2019-05-04 22:00:00,6438.3
2019-05-04 22:15:00,6416.2
2019-05-04 22:30:00,6393.4
2019-05-04 22:45:00,6369.4
2019-05-04 23:00:00,6337.0
2019-05-04 23:15:00,6321.3
2019-05-04 23:30:00,6295.6
2019-05-04 23:45:00,6274.0
2019-05-05 00:00:00,6263.3
2019-05-05 00:15:00,6243.4
2019-05-05 00:30:00,6238.9
2019-05-05 00:45:00,6231.4
2019-05-05 01:00:00,6225.1
2019-05-05 01:15:00,6216.4
2019-05-05 01:30:00,6213.0
2019-05-05 01:45:00,6213.4
2019-05-05 02:00:00,6213.5
2019-05-05 02:15:00,6205.8
2019-05-05 02:30:00,6214.5
2019-05-05 02:45:00,6219.9
2019-05-05 03:00:00,6210.1
2019-05-05 03:15:00,6208.9
2019-05-05 03:30:00,6208.7
2019-05-05 03:45:00,6215.0
2019-05-05 04:00:00,6214.9
2019-05-05 04:15:00,6209.3
2019-05-05 04:30:00,6196.1
2019-05-05 04:45:00,6184.8
2019-05-05 05:00:00,6182.2
2019-05-05 05:15:00,6190.5
2019-05-05 05:30:00,6196.7
2019-05-05 05:45:00,6203.2
2019-05-05 06:00:00,6229.3
2019-05-05 06:15:00,6248.1
2019-05-05 06:30:00,6271.4
2019-05-05 06:45:00,6293.5
2019-05-05 07:00:00,6322.0
2019-05-05 07:15:00,6353.9
2019-05-05 07:30:00,6380.1
2019-05-05 07:45:00,6403.7
2019-05-05 08:00:00,6428.9
2019-05-05 08:15:00,6450.4
2019-05-05 08:30:00,6471.0
2019-05-05 08:45:00,6491.9
2019-05-05 09:00:00,6514.7
2019-05-05 09:15:00,6533.9
2019-05-05 09:30:00,6541.9
2019-05-05 09:45:00,6556.3
2019-05-05 10:00:00,6579.9
2019-05-05 10:15:00,6600.8
2019-05-05 10:30:00,6622.6
2019-05-05 10:45:00,6630.6
2019-05-05 11:00:00,6630.0
2019-05-05 11:15:00,6615.5
2019-05-05 11:30:00,6604.4
2019-05-05 11:45:00,6597.8
2019-05-05 12:00:00,6587.3
2019-05-05 12:15:00,6558.7
2019-05-05 12:30:00,6544.1
2019-05-05 12:45:00,6519.4
2019-05-05 13:00:00,6505.4
2019-05-05 13:15:00,6491.4
2019-05-05 13:30:00,6488.1
2019-05-05 13:45:00,6490.5
2019-05-05 14:00:00,6485.1
2019-05-05 14:15:00,6483.4
2019-05-05 14:30:00,6468.8
2019-05-05 14:45:00,6463.3
2019-05-05 15:00:00,6473.1
2019-05-05 15:15:00,6474.1
2019-05-05 15:30:00,6473.7
2019-05-05 15:45:00,6484.7
2019-05-05 16:00:00,6505.1
2019-05-05 16:15:00,6509.1
2019-05-05 16:30:00,6509.3
2019-05-05 16:45:00,6530.1
2019-05-05 17:00:00,6555.9
2019-05-05 17:15:00,6557.9
2019-05-05 17:30:00,6561.3
2019-05-05 17:45:00,6560.8
2019-05-05 18:00:00,6580.4
2019-05-05 18:15:00,6554.2
2019-05-05 18:30:00,6556.8
2019-05-05 18:45:00,6555.6
2019-05-05 19:00:00,6566.0
2019-05-05 19:15:00,6560.5
2019-05-05 19:30:00,6551.8
2019-05-05 19:45:00,6555.9
2019-05-05 20:00:00,6577.1
2019-05-05 20:15:00,6588.2
2019-05-05 20:30:00,6582.2
2019-05-05 20:45:00,6585.7
2019-05-05 21:00:00,6590.8
2019-05-05 21:15:00,6577.1
2019-05-05 21:30:00,6550.0
2019-05-05 21:45:00,6529.3
2019-05-05 22:00:00,6495.0
2019-05-05 22:15:00,6467.3
2019-05-05 22:30:00,6448.4
2019-05-05 22:45:00,6418.1
2019-05-05 23:00:00,6395.7
2019-05-05 23:15:00,6388.4
2019-05-05 23:30:00,6378.7
2019-05-05 23:45:00,6367.5
2019-05-06 00:00:00,6341.5
2019-05-06 00:15:00,6331.5
2019-05-06 00:30:00,6331.6
2019-05-06 00:45:00,6333.4
2019-05-06 01:00:00,6323.4
2019-05-06 01:15:00,6323.0
2019-05-06 01:30:00,6323.1
2019-05-06 01:45:00,6329.6
2019-05-06 02:00:00,6338.2
2019-05-06 02:15:00,6344.6
2019-05-06 02:30:00,6363.9
2019-05-06 02:45:00,6371.0
2019-05-06 03:00:00,6393.3
2019-05-06 03:15:00,6408.7
2019-05-06 03:30:00,6426.3
2019-05-06 03:45:00,6450.5
2019-05-06 04:00:00,6514.2
2019-05-06 04:15:00,6538.1
2019-05-06 04:30:00,6560.8
2019-05-06 04:45:00,6602.1
2019-05-06 05:00:00,6697.2
2019-05-06 05:15:00,6758.9
2019-05-06 05:30:00,6821.7
2019-05-06 05:45:00,6866.3
2019-05-06 06:00:00,6927.0
2019-05-06 06:15:00,6958.0
2019-05-06 06:30:00,6987.1
2019-05-06 06:45:00,7013.9
2019-05-06 07:00:00,7038.3
2019-05-06 07:15:00,7054.5
2019-05-06 07:30:00,7065.3
2019-05-06 07:45:00,7056.3
2019-05-06 08:00:00,7049.8
2019-05-06 08:15:00,7061.7
2019-05-06 08:30:00,7081.4
2019-05-06 08:45:00,7081.6
2019-05-06 09:00:00,7084.2
2019-05-06 09:15:00,7098.3
2019-05-06 09:30:00,7121.1
2019-05-06 09:45:00,7134.4
2019-05-06 10:00:00,7138.3
2019-05-06 10:15:00,7159.2
2019-05-06 10:30:00,7168.5
2019-05-06 10:45:00,7168.8
2019-05-06 11:00:00,7155.7
2019-05-06 11:15:00,7143.6
2019-05-06 11:30:00,7143.8
2019-05-06 11:45:00,7139.0
2019-05-06 12:00:00,7127.3
2019-05-06 12:15:00,7122.7
2019-05-06 12:30:00,7117.9
2019-05-06 12:45:00,7091.3
2019-05-06 13:00:00,7071.9
2019-05-06 13:15:00,7061.1
2019-05-06 13:30:00,7064.1
2019-05-06 13:45:00,7060.8
2019-05-06 14:00:00,7064.0
2019-05-06 14:15:00,7042.8
2019-05-06 14:30:00,7036.9
2019-05-06 14:45:00,7029.6
2019-05-06 15:00:00,7018.5
2019-05-06 15:15:00,7006.8
2019-05-06 15:30:00,6987.2
2019-05-06 15:45:00,6983.9
2019-05-06 16:00:00,6994.0
2019-05-06 16:15:00,7004.5
2019-05-06 16:30:00,7006.0
2019-05-06 16:45:00,7006.8
2019-05-06 17:00:00,6999.6
2019-05-06 17:15:00,7000.4
2019-05-06 17:30:00,6998.3
2019-05-06 17:45:00,7009.6
2019-05-06 18:00:00,7012.9
2019-05-06 18:15:00,7000.8
2019-05-06 18:30:00,6986.0
2019-05-06 18:45:00,6978.7
2019-05-06 19:00:00,6957.9
2019-05-06 19:15:00,6941.7
2019-05-06 19:30:00,6921.5
2019-05-06 19:45:00,6909.2
2019-05-06 20:00:00,6896.3
2019-05-06 20:15:00,6883.6
2019-05-06 20:30:00,6859.6
2019-05-06 20:45:00,6829.1
2019-05-06 21:00:00,6807.2
2019-05-06 21:15:00,6770.6
2019-05-06 21:30:00,6731.9
2019-05-06 21:45:00,6698.3
2019-05-06 22:00:00,6673.2
2019-05-06 22:15:00,6639.0
2019-05-06 22:30:00,6602.0
2019-05-06 22:45:00,6579.3
2019-05-06 23:00:00,6557.5
2019-05-06 23:15:00,6541.6
2019-05-06 23:30:00,6527.1
2019-05-06 23:45:00,6512.9
2019-05-07 00:00:00,6496.1
2019-05-07 00:15:00,6486.0
2019-05-07 00:30:00,6479.2
2019-05-07 00:45:00,6465.5
2019-05-07 01:00:00,6450.1
2019-05-07 01:15:00,6448.7
2019-05-07 01:30:00,6453.5
2019-05-07 01:45:00,6455.7
2019-05-07 02:00:00,6468.2
2019-05-07 02:15:00,6476.9
2019-05-07 02:30:00,6485.8
2019-05-07 02:45:00,6491.0
2019-05-07 03:00:00,6508.1
2019-05-07 03:15:00,6520.2
2019-05-07 03:30:00,6543.7
2019-05-07 03:45:00,6552.9
2019-05-07 04:00:00,6596.9
2019-05-07 04:15:00,6614.7
2019-05-07 04:30:00,6638.9
2019-05-07 04:45:00,6674.9
2019-05-07 05:00:00,6758.3
2019-05-07 05:15:00,6821.1
2019-05-07 05:30:00,6861.5
2019-05-07 05:45:00,6902.2
2019-05-07 06:00:00,6944.6
2019-05-07 06:15:00,6974.1
2019-05-07 06:30:00,7007.6
2019-05-07 06:45:00,7027.3
2019-05-07 07:00:00,7046.8
2019-05-07 07:15:00,7059.3
2019-05-07 07:30:00,7068.6
2019-05-07 07:45:00,7074.6
2019-05-07 08:00:00,7059.6
2019-05-07 08:15:00,7067.6
2019-05-07 08:30:00,7077.9
2019-05-07 08:45:00,7090.6
2019-05-07 09:00:00,7086.1
2019-05-07 09:15:00,7055.6
2019-05-07 09:30:00,7065.0
2019-05-07 09:45:00,7117.0
2019-05-07 10:00:00,7132.4
2019-05-07 10:15:00,7135.1
2019-05-07 10:30:00,7148.4
2019-05-07 10:45:00,7151.6
2019-05-07 11:00:00,7139.7
2019-05-07 11:15:00,7123.6
2019-05-07 11:30:00,7113.5
2019-05-07 11:45:00,7111.9
2019-05-07 12:00:00,7118.5
2019-05-07 12:15:00,7099.2
2019-05-07 12:30:00,7085.7
2019-05-07 12:45:00,7066.3
2019-05-07 13:00:00,7063.8
2019-05-07 13:15:00,7058.7
2019-05-07 13:30:00,7057.5
2019-05-07 13:45:00,7048.2
2019-05-07 14:00:00,7050.2
2019-05-07 14:15:00,7032.6
2019-05-07 14:30:00,7021.4
2019-05-07 14:45:00,6993.2
2019-05-07 15:00:00,6988.9
2019-05-07 15:15:00,6975.8
2019-05-07 15:30:00,6957.9
2019-05-07 15:45:00,6948.1
2019-05-07 16:00:00,6956.5
2019-05-07 16:15:00,6959.9
2019-05-07 16:30:00,6960.8
2019-05-07 16:45:00,6957.2
2019-05-07 17:00:00,6954.3
2019-05-07 17:15:00,6943.7
2019-05-07 17:30:00,6941.7
2019-05-07 17:45:00,6944.6
2019-05-07 18:00:00,6952.1
2019-05-07 18:15:00,6943.1
2019-05-07 18:30:00,6946.3
2019-05-07 18:45:00,6934.2
2019-05-07 19:00:00,6925.3
2019-05-07 19:15:00,6908.9
2019-05-07 19:30:00,6905.4
2019-05-07 19:45:00,6892.4
2019-05-07 20:00:00,6884.2
2019-05-07 20:15:00,6874.6
2019-05-07 20:30:00,6849.2
2019-05-07 20:45:00,6821.2
2019-05-07 21:00:00,6789.2
2019-05-07 21:15:00,6754.7
2019-05-07 21:30:00,6713.8
2019-05-07 21:45:00,6675.5
2019-05-07 22:00:00,6639.8
2019-05-07 22:15:00,6616.5
2019-05-07 22:30:00,6583.0
2019-05-07 22:45:00,6563.4
2019-05-07 23:00:00,6521.4
2019-05-07 23:15:00,6498.4
2019-05-07 23:30:00,6490.7
2019-05-07 23:45:00,6476.8
2019-05-08 00:00:00,6452.6
2019-05-08 00:15:00,6443.1
2019-05-08 00:30:00,6440.2
2019-05-08 00:45:00,6431.7
2019-05-08 01:00:00,6412.9
2019-05-08 01:15:00,6417.0
2019-05-08 01:30:00,6423.9
2019-05-08 01:45:00,6426.5
2019-05-08 02:00:00,6424.0
2019-05-08 02:15:00,6437.9
2019-05-08 02:30:00,6442.7
2019-05-08 02:45:00,6456.5
2019-05-08 03:00:00,6482.8
2019-05-08 03:15:00,6493.6
2019-05-08 03:30:00,6515.2
2019-05-08 03:45:00,6529.2
2019-05-08 04:00:00,6567.2
2019-05-08 04:15:00,6578.8
2019-05-08 04:30:00,6609.4
2019-05-08 04:45:00,6647.0
2019-05-08 05:00:00,6728.3
2019-05-08 05:15:00,6790.4
2019-05-08 05:30:00,6837.7
2019-05-08 05:45:00,6882.1
2019-05-08 06:00:00,6927.2
2019-05-08 06:15:00,6962.7
2019-05-08 06:30:00,7000.7
2019-05-08 06:45:00,7023.3
2019-05-08 07:00:00,7045.2
2019-05-08 07:15:00,7058.7
2019-05-08 07:30:00,7071.1
2019-05-08 07:45:00,7068.7
2019-05-08 08:00:00,7057.1
2019-05-08 08:15:00,7070.2
2019-05-08 08:30:00,7087.4
2019-05-08 08:45:00,7092.6
2019-05-08 09:00:00,7097.3
2019-05-08 09:15:00,7103.4
2019-05-08 09:30:00,7115.5
2019-05-08 09:45:00,7121.9
2019-05-08 10:00:00,7129.0
2019-05-08 10:15:00,7141.8
2019-05-08 10:30:00,7149.9
2019-05-08 10:45:00,7144.2
2019-05-08 11:00:00,7131.1
2019-05-08 11:15:00,7120.6
2019-05-08 11:30:00,7115.6
2019-05-08 11:45:00,7118.4
2019-05-08 12:00:00,7117.8
2019-05-08 12:15:00,7117.9
2019-05-08 12:30:00,7112.6
2019-05-08 12:45:00,7089.3
2019-05-08 13:00:00,7096.3
2019-05-08 13:15:00,7107.0
2019-05-08 13:30:00,7111.0
2019-05-08 13:45:00,7106.0
2019-05-08 14:00:00,7114.0
2019-05-08 14:15:00,7115.2
2019-05-08 14:30:00,7100.0
2019-05-08 14:45:00,7090.8
2019-05-08 15:00:00,7079.4
2019-05-08 15:15:00,7054.9
2019-05-08 15:30:00,7053.7
2019-05-08 15:45:00,7041.8
2019-05-08 16:00:00,7058.5
2019-05-08 16:15:00,7053.2
2019-05-08 16:30:00,7050.9
2019-05-08 16:45:00,7052.7
2019-05-08 17:00:00,7039.3
2019-05-08 17:15:00,7034.9
2019-05-08 17:30:00,7044.2
2019-05-08 17:45:00,7042.3
2019-05-08 18:00:00,7039.5
2019-05-08 18:15:00,7025.0
2019-05-08 18:30:00,7008.7
2019-05-08 18:45:00,6992.4
2019-05-08 19:00:00,6971.6
2019-05-08 19:15:00,6950.2
2019-05-08 19:30:00,6926.5
2019-05-08 19:45:00,6910.8
2019-05-08 20:00:00,6897.1
2019-05-08 20:15:00,6875.3
2019-05-08 20:30:00,6861.4
2019-05-08 20:45:00,6843.2
2019-05-08 21:00:00,6823.7
2019-05-08 21:15:00,6792.5
2019-05-08 21:30:00,6761.1
2019-05-08 21:45:00,6722.8
2019-05-08 22:00:00,6669.3
2019-05-08 22:15:00,6632.5
2019-05-08 22:30:00,6605.3
2019-05-08 22:45:00,6576.1
2019-05-08 23:00:00,6538.5
2019-05-08 23:15:00,6515.7
2019-05-08 23:30:00,6501.6
2019-05-08 23:45:00,6484.8
2019-05-09 00:00:00,6462.9
2019-05-09 00:15:00,6443.5
2019-05-09 00:30:00,6424.9
2019-05-09 00:45:00,6422.1
2019-05-09 01:00:00,6409.9
2019-05-09 01:15:00,6410.4
2019-05-09 01:30:00,6417.2
2019-05-09 01:45:00,6419.1
2019-05-09 02:00:00,6423.9
2019-05-09 02:15:00,6416.8
2019-05-09 02:30:00,6420.1
2019-05-09 02:45:00,6429.1
2019-05-09 03:00:00,6442.3
2019-05-09 03:15:00,6461.3
2019-05-09 03:30:00,6479.2
2019-05-09 03:45:00,6497.0
2019-05-09 04:00:00,6548.0
2019-05-09 04:15:00,6574.3
2019-05-09 04:30:00,6607.4
2019-05-09 04:45:00,6637.1
2019-05-09 05:00:00,6729.0
2019-05-09 05:15:00,6793.7
2019-05-09 05:30:00,6835.7
2019-05-09 05:45:00,6875.7
2019-05-09 06:00:00,6928.0
2019-05-09 06:15:00,6962.7
2019-05-09 06:30:00,6987.2
2019-05-09 06:45:00,7001.1
2019-05-09 07:00:00,7031.3
2019-05-09 07:15:00,7051.4
2019-05-09 07:30:00,7056.5
2019-05-09 07:45:00,7075.5
2019-05-09 08:00:00,7064.5
2019-05-09 08:15:00,7068.6
2019-05-09 08:30:00,7086.4
2019-05-09 08:45:00,7086.8
2019-05-09 09:00:00,7082.3
2019-05-09 09:15:00,7091.5
2019-05-09 09:30:00,7103.3
2019-05-09 09:45:00,7119.6
2019-05-09 10:00:00,7114.1
2019-05-09 10:15:00,7123.3
2019-05-09 10:30:00,7125.3
2019-05-09 10:45:00,7116.3
2019-05-09 11:00:00,7087.9
2019-05-09 11:15:00,7084.2
2019-05-09 11:30:00,7089.6
2019-05-09 11:45:00,7093.0
2019-05-09 12:00:00,7090.3
2019-05-09 12:15:00,7081.4
2019-05-09 12:30:00,7068.3
2019-05-09 12:45:00,7049.9
2019-05-09 13:00:00,7058.8
2019-05-09 13:15:00,7057.9
2019-05-09 13:30:00,7045.1
2019-05-09 13:45:00,7044.9
2019-05-09 14:00:00,7048.4
2019-05-09 14:15:00,7040.1
2019-05-09 14:30:00,7022.4
2019-05-09 14:45:00,7008.3
2019-05-09 15:00:00,6997.0
2019-05-09 15:15:00,6978.5
2019-05-09 15:30:00,6962.6
2019-05-09 15:45:00,6958.0
2019-05-09 16:00:00,6960.3
2019-05-09 16:15:00,6969.0
2019-05-09 16:30:00,6969.2
2019-05-09 16:45:00,6969.2
2019-05-09 17:00:00,6970.2
2019-05-09 17:15:00,6964.1
2019-05-09 17:30:00,6971.5
2019-05-09 17:45:00,6979.0
2019-05-09 18:00:00,6970.2
2019-05-09 18:15:00,6955.3
2019-05-09 18:30:00,6947.6
2019-05-09 18:45:00,6949.7
2019-05-09 19:00:00,6945.9
2019-05-09 19:15:00,6927.2
2019-05-09 19:30:00,6916.5
2019-05-09 19:45:00,6901.2
2019-05-09 20:00:00,6883.0
2019-05-09 20:15:00,6875.3
2019-05-09 20:30:00,6856.3
2019-05-09 20:45:00,6827.0
2019-05-09 21:00:00,6792.5
2019-05-09 21:15:00,6770.7
2019-05-09 21:30:00,6735.8
2019-05-09 21:45:00,6697.7
2019-05-09 22:00:00,6655.4
2019-05-09 22:15:00,6629.4
2019-05-09 22:30:00,6576.5
2019-05-09 22:45:00,6547.5
2019-05-09 23:00:00,6506.9
2019-05-09 23:15:00,6488.0
2019-05-09 23:30:00,6471.3
2019-05-09 23:45:00,6459.4
2019-05-10 00:00:00,6450.5
2019-05-10 00:15:00,6430.8
2019-05-10 00:30:00,6426.7
2019-05-10 00:45:00,6422.6
2019-05-10 01:00:00,6418.4
2019-05-10 01:15:00,6420.2
2019-05-10 01:30:00,6414.9
2019-05-10 01:45:00,6420.2
2019-05-10 02:00:00,6422.9
2019-05-10 02:15:00,6421.1
2019-05-10 02:30:00,6428.2
2019-05-10 02:45:00,6432.8
2019-05-10 03:00:00,6460.5
2019-05-10 03:15:00,6467.4
2019-05-10 03:30:00,6484.7
2019-05-10 03:45:00,6502.7
2019-05-10 04:00:00,6551.0
2019-05-10 04:15:00,6566.4
2019-05-10 04:30:00,6587.4
2019-05-10 04:45:00,6627.6
2019-05-10 05:00:00,6710.6
2019-05-10 05:15:00,6777.2
2019-05-10 05:30:00,6824.0
2019-05-10 05:45:00,6875.5
2019-05-10 06:00:00,6935.7
2019-05-10 06:15:00,6972.5
2019-05-10 06:30:00,7002.7
2019-05-10 06:45:00,7030.7
2019-05-10 07:00:00,7053.7
2019-05-10 07:15:00,7068.2
2019-05-10 07:30:00,7079.0
2019-05-10 07:45:00,7083.0
2019-05-10 08:00:00,7060.2
2019-05-10 08:15:00,7070.6
2019-05-10 08:30:00,7084.0
2019-05-10 08:45:00,7098.0
2019-05-10 09:00:00,7109.3
2019-05-10 09:15:00,7116.9
2019-05-10 09:30:00,7122.9
2019-05-10 09:45:00,7124.0
2019-05-10 10:00:00,7137.2
2019-05-10 10:15:00,7140.2
2019-05-10 10:30:00,7149.8
2019-05-10 10:45:00,7138.1
2019-05-10 11:00:00,7120.3
2019-05-10 11:15:00,7114.6
2019-05-10 11:30:00,7100.5
2019-05-10 11:45:00,7089.9
2019-05-10 12:00:00,7087.7
2019-05-10 12:15:00,7070.2
2019-05-10 12:30:00,7062.9
2019-05-10 12:45:00,7032.1
2019-05-10 13:00:00,7017.9
2019-05-10 13:15:00,7001.6
2019-05-10 13:30:00,6990.1
2019-05-10 13:45:00,6984.2
2019-05-10 14:00:00,6974.5
2019-05-10 14:15:00,6959.5
2019-05-10 14:30:00,6946.5
2019-05-10 14:45:00,6930.0
2019-05-10 15:00:00,6934.3
2019-05-10 15:15:00,6924.5
2019-05-10 15:30:00,6898.7
2019-05-10 15:45:00,6893.1
2019-05-10 16:00:00,6900.4
2019-05-10 16:15:00,6904.3
2019-05-10 16:30:00,6904.7
2019-05-10 16:45:00,6896.5
2019-05-10 17:00:00,6903.3
2019-05-10 17:15:00,6904.2
2019-05-10 17:30:00,6905.9
2019-05-10 17:45:00,6899.5
2019-05-10 18:00:00,6909.5
2019-05-10 18:15:00,6899.4
2019-05-10 18:30:00,6888.1
2019-05-10 18:45:00,6873.3
2019-05-10 19:00:00,6859.1
2019-05-10 19:15:00,6836.3
2019-05-10 19:30:00,6823.0
2019-05-10 19:45:00,6805.4
2019-05-10 20:00:00,6800.7
2019-05-10 20:15:00,6789.5
2019-05-10 20:30:00,6768.6
2019-05-10 20:45:00,6744.9
2019-05-10 21:00:00,6728.6
2019-05-10 21:15:00,6700.2
2019-05-10 21:30:00,6664.4
2019-05-10 21:45:00,6640.4
2019-05-10 22:00:00,6605.3
2019-05-10 22:15:00,6571.5
2019-05-10 22:30:00,6546.5
2019-05-10 22:45:00,6516.8
2019-05-10 23:00:00,6484.9
2019-05-10 23:15:00,6457.1
2019-05-10 23:30:00,6438.4
2019-05-10 23:45:00,6415.0
2019-05-11 00:00:00,6381.7
2019-05-11 00:15:00,6362.8
2019-05-11 00:30:00,6346.4
2019-05-11 00:45:00,6335.9
2019-05-11 01:00:00,6318.1
2019-05-11 01:15:00,6309.4
2019-05-11 01:30:00,6302.6
2019-05-11 01:45:00,6306.7
2019-05-11 02:00:00,6299.8
2019-05-11 02:15:00,6295.6
2019-05-11 02:30:00,6293.2
2019-05-11 02:45:00,6292.1
2019-05-11 03:00:00,6299.3
2019-05-11 03:15:00,6295.6
2019-05-11 03:30:00,6304.2
2019-05-11 03:45:00,6306.3
2019-05-11 04:00:00,6311.7
2019-05-11 04:15:00,6312.3
2019-05-11 04:30:00,6308.6
2019-05-11 04:45:00,6306.2
2019-05-11 05:00:00,6324.4
2019-05-11 05:15:00,6336.1
2019-05-11 05:30:00,6360.2
2019-05-11 05:45:00,6382.2
2019-05-11 06:00:00,6414.6
2019-05-11 06:15:00,6434.0
2019-05-11 06:30:00,6465.7
2019-05-11 06:45:00,6510.6
2019-05-11 07:00:00,6549.0
2019-05-11 07:15:00,6569.9
2019-05-11 07:30:00,6589.1
2019-05-11 07:45:00,6611.4
2019-05-11 08:00:00,6636.2
2019-05-11 08:15:00,6652.1
2019-05-11 08:30:00,6670.8
2019-05-11 08:45:00,6681.0
2019-05-11 09:00:00,6712.8
2019-05-11 09:15:00,6726.4
2019-05-11 09:30:00,6735.6
2019-05-11 09:45:00,6750.8
2019-05-11 10:00:00,6751.1
2019-05-11 10:15:00,6753.8
2019-05-11 10:30:00,6765.5
2019-05-11 10:45:00,6763.5
2019-05-11 11:00:00,6753.7
2019-05-11 11:15:00,6746.3
2019-05-11 11:30:00,6731.3
2019-05-11 11:45:00,6724.7
2019-05-11 12:00:00,6726.6
2019-05-11 12:15:00,6702.2
2019-05-11 12:30:00,6676.8
2019-05-11 12:45:00,6652.7
2019-05-11 13:00:00,6632.0
2019-05-11 13:15:00,6616.4
2019-05-11 13:30:00,6611.9
2019-05-11 13:45:00,6612.7
2019-05-11 14:00:00,6623.5
2019-05-11 14:15:00,6621.2
2019-05-11 14:30:00,6606.1
2019-05-11 14:45:00,6600.0
2019-05-11 15:00:00,6583.1
2019-05-11 15:15:00,6596.8
2019-05-11 15:30:00,6589.4
2019-05-11 15:45:00,6590.2
2019-05-11 16:00:00,6593.1
2019-05-11 16:15:00,6599.9
2019-05-11 16:30:00,6614.7
2019-05-11 16:45:00,6618.5
2019-05-11 17:00:00,6629.5
2019-05-11 17:15:00,6630.4
2019-05-11 17:30:00,6640.4
2019-05-11 17:45:00,6630.9
2019-05-11 18:00:00,6639.3
2019-05-11 18:15:00,6630.2
2019-05-11 18:30:00,6629.5
2019-05-11 18:45:00,6622.9
2019-05-11 19:00:00,6609.0
2019-05-11 19:15:00,6591.9
2019-05-11 19:30:00,6576.7
2019-05-11 19:45:00,6563.6
2019-05-11 20:00:00,6560.7
2019-05-11 20:15:00,6555.1
2019-05-11 20:30:00,6537.4
2019-05-11 20:45:00,6531.5
2019-05-11 21:00:00,6532.6
2019-05-11 21:15:00,6523.1
2019-05-11 21:30:00,6489.1
2019-05-11 21:45:00,6460.0
2019-05-11 22:00:00,6443.4
2019-05-11 22:15:00,6419.3
2019-05-11 22:30:00,6392.9
2019-05-11 22:45:00,6359.2
2019-05-11 23:00:00,6306.4
2019-05-11 23:15:00,6292.8
2019-05-11 23:30:00,6288.4
2019-05-11 23:45:00,6275.0
2019-05-12 00:00:00,6246.2
2019-05-12 00:15:00,6232.2
2019-05-12 00:30:00,6222.7
2019-05-12 00:45:00,6218.9
2019-05-12 01:00:00,6212.5
2019-05-12 01:15:00,6206.6
2019-05-12 01:30:00,6207.7
2019-05-12 01:45:00,6202.1
2019-05-12 02:00:00,6198.0
2019-05-12 02:15:00,6199.7
2019-05-12 02:30:00,6200.8
2019-05-12 02:45:00,6198.4
2019-05-12 03:00:00,6202.3
2019-05-12 03:15:00,6208.2
2019-05-12 03:30:00,6209.4
2019-05-12 03:45:00,6204.4
2019-05-12 04:00:00,6210.2
2019-05-12 04:15:00,6197.2
2019-05-12 04:30:00,6187.8
2019-05-12 04:45:00,6178.8
2019-05-12 05:00:00,6188.0
2019-05-12 05:15:00,6185.3
2019-05-12 05:30:00,6197.2
2019-05-12 05:45:00,6208.6
2019-05-12 06:00:00,6233.1
2019-05-12 06:15:00,6248.3
2019-05-12 06:30:00,6266.0
2019-05-12 06:45:00,6290.9
2019-05-12 07:00:00,6330.6
2019-05-12 07:15:00,6362.1
2019-05-12 07:30:00,6384.0
2019-05-12 07:45:00,6404.8
2019-05-12 08:00:00,6432.7
2019-05-12 08:15:00,6453.0
2019-05-12 08:30:00,6472.9
2019-05-12 08:45:00,6494.6
2019-05-12 09:00:00,6514.6
2019-05-12 09:15:00,6522.8
2019-05-12 09:30:00,6533.0
2019-05-12 09:45:00,6532.1
2019-05-12 10:00:00,6549.9
2019-05-12 10:15:00,6574.9
2019-05-12 10:30:00,6579.6
2019-05-12 10:45:00,6583.5
2019-05-12 11:00:00,6577.7
2019-05-12 11:15:00,6574.6
2019-05-12 11:30:00,6557.3
2019-05-12 11:45:00,6537.7
2019-05-12 12:00:00,6506.8
2019-05-12 12:15:00,6491.3
2019-05-12 12:30:00,6482.0
2019-05-12 12:45:00,6471.5
2019-05-12 13:00:00,6454.3
2019-05-12 13:15:00,6446.8
2019-05-12 13:30:00,6445.4
2019-05-12 13:45:00,6437.9
2019-05-12 14:00:00,6433.8
2019-05-12 14:15:00,6432.2
2019-05-12 14:30:00,6427.1
2019-05-12 14:45:00,6415.1
2019-05-12 15:00:00,6409.7
2019-05-12 15:15:00,6405.1
2019-05-12 15:30:00,6406.4
2019-05-12 15:45:00,6412.6
2019-05-12 16:00:00,6429.0
2019-05-12 16:15:00,6434.8
2019-05-12 16:30:00,6449.8
2019-05-12 16:45:00,6465.1
2019-05-12 17:00:00,6491.0
2019-05-12 17:15:00,6491.0
2019-05-12 17:30:00,6491.0
2019-05-12 17:45:00,6493.3
2019-05-12 18:00:00,6508.3
2019-05-12 18:15:00,6504.1
2019-05-12 18:30:00,6504.4
2019-05-12 18:45:00,6508.1
2019-05-12 19:00:00,6508.1
2019-05-12 19:15:00,6497.3
2019-05-12 19:30:00,6494.9
2019-05-12 19:45:00,6490.1
2019-05-12 20:00:00,6501.2
2019-05-12 20:15:00,6504.1
2019-05-12 20:30:00,6500.1
2019-05-12 20:45:00,6509.6
2019-05-12 21:00:00,6527.1
2019-05-12 21:15:00,6508.8
2019-05-12 21:30:00,6478.8
2019-05-12 21:45:00,6455.6
2019-05-12 22:00:00,6420.7
2019-05-12 22:15:00,6394.0
2019-05-12 22:30:00,6363.7
2019-05-12 22:45:00,6352.8
2019-05-12 23:00:00,6340.9
2019-05-12 23:15:00,6321.6
2019-05-12 23:30:00,6311.3
2019-05-12 23:45:00,6304.8
2019-05-13 00:00:00,6292.3
2019-05-13 00:15:00,6280.9
2019-05-13 00:30:00,6281.1
2019-05-13 00:45:00,6273.0
2019-05-13 01:00:00,6255.3
2019-05-13 01:15:00,6245.2
2019-05-13 01:30:00,6250.1
2019-05-13 01:45:00,6248.5
2019-05-13 02:00:00,6262.3
2019-05-13 02:15:00,6270.8
2019-05-13 02:30:00,6280.0
2019-05-13 02:45:00,6288.8
2019-05-13 03:00:00,6318.0
2019-05-13 03:15:00,6333.1
2019-05-13 03:30:00,6356.0
2019-05-13 03:45:00,6383.9
2019-05-13 04:00:00,6437.6
2019-05-13 04:15:00,6454.8
2019-05-13 04:30:00,6480.5
2019-05-13 04:45:00,6546.0
2019-05-13 05:00:00,6633.5
2019-05-13 05:15:00,6696.7
2019-05-13 05:30:00,6749.7
2019-05-13 05:45:00,6798.2
2019-05-13 06:00:00,6852.0
2019-05-13 06:15:00,6888.8
2019-05-13 06:30:00,6920.2
2019-05-13 06:45:00,6949.7
2019-05-13 07:00:00,6981.5
2019-05-13 07:15:00,6998.2
2019-05-13 07:30:00,7009.3
2019-05-13 07:45:00,7022.3
2019-05-13 08:00:00,7006.3
2019-05-13 08:15:00,7010.7
2019-05-13 08:30:00,7018.6
2019-05-13 08:45:00,7023.7
2019-05-13 09:00:00,7035.0
2019-05-13 09:15:00,7037.6
2019-05-13 09:30:00,7049.4
2019-05-13 09:45:00,7060.3
2019-05-13 10:00:00,7065.8
2019-05-13 10:15:00,7084.4
2019-05-13 10:30:00,7092.2
2019-05-13 10:45:00,7095.8
2019-05-13 11:00:00,7063.8
2019-05-13 11:15:00,7055.6
2019-05-13 11:30:00,7056.3
2019-05-13 11:45:00,7048.2
2019-05-13 12:00:00,7046.5
2019-05-13 12:15:00,7036.7
2019-05-13 12:30:00,7024.1
2019-05-13 12:45:00,6998.8
2019-05-13 13:00:00,7000.2
2019-05-13 13:15:00,6997.1
2019-05-13 13:30:00,6992.6
2019-05-13 13:45:00,6977.2
2019-05-13 14:00:00,6987.7
2019-05-13 14:15:00,6975.4
2019-05-13 14:30:00,6955.6
2019-05-13 14:45:00,6946.0
2019-05-13 15:00:00,6954.3
2019-05-13 15:15:00,6922.0
2019-05-13 15:30:00,6927.0
2019-05-13 15:45:00,6916.7
2019-05-13 16:00:00,6913.9
2019-05-13 16:15:00,6920.9
2019-05-13 16:30:00,6918.4
2019-05-13 16:45:00,6908.4
2019-05-13 17:00:00,6899.6
2019-05-13 17:15:00,6902.2
2019-05-13 17:30:00,6901.3
2019-05-13 17:45:00,6908.1
2019-05-13 18:00:00,6900.0
2019-05-13 18:15:00,6896.1
2019-05-13 18:30:00,6895.8
2019-05-13 18:45:00,6901.0
2019-05-13 19:00:00,6884.4
2019-05-13 19:15:00,6869.2
2019-05-13 19:30:00,6852.8
2019-05-13 19:45:00,6838.4
2019-05-13 20:00:00,6829.8
2019-05-13 20:15:00,6817.3
2019-05-13 20:30:00,6813.7
2019-05-13 20:45:00,6778.3
2019-05-13 21:00:00,6754.7
2019-05-13 21:15:00,6724.3
2019-05-13 21:30:00,6682.4
2019-05-13 21:45:00,6644.0
2019-05-13 22:00:00,6602.7
2019-05-13 22:15:00,6568.2
2019-05-13 22:30:00,6542.3
2019-05-13 22:45:00,6509.5
2019-05-13 23:00:00,6490.0
2019-05-13 23:15:00,6468.3
2019-05-13 23:30:00,6458.7
2019-05-13 23:45:00,6438.7
2019-05-14 00:00:00,6417.7
2019-05-14 00:15:00,6408.9
2019-05-14 00:30:00,6402.6
2019-05-14 00:45:00,6399.0
2019-05-14 01:00:00,6383.1
2019-05-14 01:15:00,6379.3
2019-05-14 01:30:00,6380.6
2019-05-14 01:45:00,6382.0
2019-05-14 02:00:00,6380.9
2019-05-14 02:15:00,6385.0
2019-05-14 02:30:00,6397.3
2019-05-14 02:45:00,6405.6
2019-05-14 03:00:00,6439.9
2019-05-14 03:15:00,6447.6
2019-05-14 03:30:00,6460.3
2019-05-14 03:45:00,6483.3
2019-05-14 04:00:00,6522.6
2019-05-14 04:15:00,6542.1
2019-05-14 04:30:00,6564.1
2019-05-14 04:45:00,6604.6
2019-05-14 05:00:00,6687.8
2019-05-14 05:15:00,6754.4
2019-05-14 05:30:00,6797.8
2019-05-14 05:45:00,6841.5
2019-05-14 06:00:00,6896.6
2019-05-14 06:15:00,6923.9
2019-05-14 06:30:00,6957.9
2019-05-14 06:45:00,6982.1
2019-05-14 07:00:00,6994.3
2019-05-14 07:15:00,7015.2
2019-05-14 07:30:00,7022.7
2019-05-14 07:45:00,7028.8
2019-05-14 08:00:00,7010.0
2019-05-14 08:15:00,7022.4
2019-05-14 08:30:00,7031.1
2019-05-14 08:45:00,7031.0
2019-05-14 09:00:00,7025.4
2019-05-14 09:15:00,7039.6
2019-05-14 09:30:00,7064.1
2019-05-14 09:45:00,7083.2
2019-05-14 10:00:00,7090.3
2019-05-14 10:15:00,7106.3
2019-05-14 10:30:00,7110.0
2019-05-14 10:45:00,7096.9
2019-05-14 11:00:00,7064.1
2019-05-14 11:15:00,7057.0
2019-05-14 11:30:00,7049.1
2019-05-14 11:45:00,7046.2
2019-05-14 12:00:00,7044.7
2019-05-14 12:15:00,7034.4
2019-05-14 12:30:00,7030.1
2019-05-14 12:45:00,7007.1
2019-05-14 13:00:00,7005.5
2019-05-14 13:15:00,7010.4
2019-05-14 13:30:00,7001.3
2019-05-14 13:45:00,6988.1
2019-05-14 14:00:00,6994.3
2019-05-14 14:15:00,6987.1
2019-05-14 14:30:00,6968.8
2019-05-14 14:45:00,6955.4
2019-05-14 15:00:00,6942.1
2019-05-14 15:15:00,6935.5
2019-05-14 15:30:00,6917.2
2019-05-14 15:45:00,6909.4
2019-05-14 16:00:00,6921.9
2019-05-14 16:15:00,6926.8
2019-05-14 16:30:00,6925.8
2019-05-14 16:45:00,6924.8
2019-05-14 17:00:00,6926.6
2019-05-14 17:15:00,6925.1
2019-05-14 17:30:00,6927.2
2019-05-14 17:45:00,6927.7
2019-05-14 18:00:00,6931.8
2019-05-14 18:15:00,6924.8
2019-05-14 18:30:00,6917.8
2019-05-14 18:45:00,6912.3
2019-05-14 19:00:00,6904.5
2019-05-14 19:15:00,6890.0
2019-05-14 19:30:00,6868.7
2019-05-14 19:45:00,6862.1
2019-05-14 20:00:00,6851.7
2019-05-14 20:15:00,6830.0
2019-05-14 20:30:00,6821.7
2019-05-14 20:45:00,6797.7
2019-05-14 21:00:00,6773.3
2019-05-14 21:15:00,6738.3
2019-05-14 21:30:00,6700.9
2019-05-14 21:45:00,6667.6
2019-05-14 22:00:00,6630.9
2019-05-14 22:15:00,6583.2
2019-05-14 22:30:00,6559.2
2019-05-14 22:45:00,6538.8
2019-05-14 23:00:00,6501.7
2019-05-14 23:15:00,6479.1
2019-05-14 23:30:00,6457.7
2019-05-14 23:45:00,6444.4
2019-05-15 00:00:00,6430.3
2019-05-15 00:15:00,6422.4
2019-05-15 00:30:00,6418.1
2019-05-15 00:45:00,6415.5
2019-05-15 01:00:00,6401.0
2019-05-15 01:15:00,6397.6
2019-05-15 01:30:00,6401.0
2019-05-15 01:45:00,6404.7
2019-05-15 02:00:00,6412.0
2019-05-15 02:15:00,6419.0
2019-05-15 02:30:00,6417.0
2019-05-15 02:45:00,6432.7
2019-05-15 03:00:00,6454.0
2019-05-15 03:15:00,6464.8
2019-05-15 03:30:00,6477.8
2019-05-15 03:45:00,6496.6
2019-05-15 04:00:00,6535.2
2019-05-15 04:15:00,6549.6
2019-05-15 04:30:00,6580.7
2019-05-15 04:45:00,6627.4
2019-05-15 05:00:00,6719.2
2019-05-15 05:15:00,6777.0
2019-05-15 05:30:00,6824.6
2019-05-15 05:45:00,6873.4
2019-05-15 06:00:00,6923.4
2019-05-15 06:15:00,6955.3
2019-05-15 06:30:00,6987.0
2019-05-15 06:45:00,7009.6
2019-05-15 07:00:00,7036.4
2019-05-15 07:15:00,7053.2
2019-05-15 07:30:00,7063.6
2019-05-15 07:45:00,7065.3
2019-05-15 08:00:00,7056.4
2019-05-15 08:15:00,7061.1
2019-05-15 08:30:00,7067.6
2019-05-15 08:45:00,7071.3
2019-05-15 09:00:00,7071.3
2019-05-15 09:15:00,7076.3
2019-05-15 09:30:00,7083.7
2019-05-15 09:45:00,7087.9
2019-05-15 10:00:00,7102.3
2019-05-15 10:15:00,7120.7
2019-05-15 10:30:00,7138.9
2019-05-15 10:45:00,7147.9
2019-05-15 11:00:00,7125.5
2019-05-15 11:15:00,7125.7
2019-05-15 11:30:00,7107.7
2019-05-15 11:45:00,7108.0
2019-05-15 12:00:00,7096.9
2019-05-15 12:15:00,7093.1
2019-05-15 12:30:00,7074.7
2019-05-15 12:45:00,7060.5
2019-05-15 13:00:00,7060.7
2019-05-15 13:15:00,7057.5
2019-05-15 13:30:00,7053.8
2019-05-15 13:45:00,7049.3
2019-05-15 14:00:00,7049.1
2019-05-15 14:15:00,7035.8
2019-05-15 14:30:00,7027.0
2019-05-15 14:45:00,7013.9
2019-05-15 15:00:00,6997.0
2019-05-15 15:15:00,6992.1
2019-05-15 15:30:00,6982.1
2019-05-15 15:45:00,6979.3
2019-05-15 16:00:00,6988.7
2019-05-15 16:15:00,6991.9
2019-05-15 16:30:00,6990.7
2019-05-15 16:45:00,6995.6
2019-05-15 17:00:00,6987.4
2019-05-15 17:15:00,6987.7
2019-05-15 17:30:00,6992.2
2019-05-15 17:45:00,6994.2
2019-05-15 18:00:00,6996.0
2019-05-15 18:15:00,6987.6
2019-05-15 18:30:00,6983.4
2019-05-15 18:45:00,6971.8
2019-05-15 19:00:00,6944.0
2019-05-15 19:15:00,6921.2
2019-05-15 19:30:00,6909.8
2019-05-15 19:45:00,6898.1
2019-05-15 20:00:00,6889.5
2019-05-15 20:15:00,6867.0
2019-05-15 20:30:00,6855.8
2019-05-15 20:45:00,6831.1
2019-05-15 21:00:00,6810.1
2019-05-15 21:15:00,6767.2
2019-05-15 21:30:00,6737.9
2019-05-15 21:45:00,6692.7
2019-05-15 22:00:00,6651.0
2019-05-15 22:15:00,6623.5
2019-05-15 22:30:00,6592.7
2019-05-15 22:45:00,6568.6
2019-05-15 23:00:00,6537.4
2019-05-15 23:15:00,6515.1
2019-05-15 23:30:00,6502.4
2019-05-15 23:45:00,6483.3
2019-05-16 00:00:00,6464.5
2019-05-16 00:15:00,6457.9
2019-05-16 00:30:00,6460.9
2019-05-16 00:45:00,6451.6
2019-05-16 01:00:00,6442.7
2019-05-16 01:15:00,6443.4
2019-05-16 01:30:00,6438.3
2019-05-16 01:45:00,6440.6
2019-05-16 02:00:00,6445.0
2019-05-16 02:15:00,6454.9
2019-05-16 02:30:00,6454.4
2019-05-16 02:45:00,6455.6
2019-05-16 03:00:00,6476.3
2019-05-16 03:15:00,6486.1
2019-05-16 03:30:00,6503.6
2019-05-16 03:45:00,6521.3
2019-05-16 04:00:00,6560.1
2019-05-16 04:15:00,6584.9
2019-05-16 04:30:00,6599.7
2019-05-16 04:45:00,6648.6
2019-05-16 05:00:00,6732.3
2019-05-16 05:15:00,6798.4
2019-05-16 05:30:00,6850.8
2019-05-16 05:45:00,6897.0
2019-05-16 06:00:00,6953.4
2019-05-16 06:15:00,6983.9
2019-05-16 06:30:00,7008.7
2019-05-16 06:45:00,7032.7
2019-05-16 07:00:00,7054.9
2019-05-16 07:15:00,7072.5
2019-05-16 07:30:00,7084.4
2019-05-16 07:45:00,7096.9
2019-05-16 08:00:00,7087.3
2019-05-16 08:15:00,7096.9
2019-05-16 08:30:00,7113.1
2019-05-16 08:45:00,7119.1
2019-05-16 09:00:00,7123.9
2019-05-16 09:15:00,7134.3
2019-05-16 09:30:00,7136.0
2019-05-16 09:45:00,7151.3
2019-05-16 10:00:00,7163.6
2019-05-16 10:15:00,7174.7
2019-05-16 10:30:00,7171.9
2019-05-16 10:45:00,7170.9
2019-05-16 11:00:00,7142.6
2019-05-16 11:15:00,7138.9
2019-05-16 11:30:00,7133.9
2019-05-16 11:45:00,7129.6
2019-05-16 12:00:00,7139.9
2019-05-16 12:15:00,7126.7
2019-05-16 12:30:00,7112.2
2019-05-16 12:45:00,7094.5
2019-05-16 13:00:00,7089.2
2019-05-16 13:15:00,7091.7
2019-05-16 13:30:00,7079.4
2019-05-16 13:45:00,7071.0
2019-05-16 14:00:00,7076.6
2019-05-16 14:15:00,7066.9
2019-05-16 14:30:00,7057.1
2019-05-16 14:45:00,7045.8
2019-05-16 15:00:00,7044.7
2019-05-16 15:15:00,7033.4
2019-05-16 15:30:00,7033.6
2019-05-16 15:45:00,7032.9
2019-05-16 16:00:00,7040.5
2019-05-16 16:15:00,7040.4
2019-05-16 16:30:00,7047.1
2019-05-16 16:45:00,7039.3
2019-05-16 17:00:00,7038.5
2019-05-16 17:15:00,7023.1
2019-05-16 17:30:00,7022.6
2019-05-16 17:45:00,7031.0
2019-05-16 18:00:00,7027.5
2019-05-16 18:15:00,7017.7
2019-05-16 18:30:00,7004.3
2019-05-16 18:45:00,6999.4
2019-05-16 19:00:00,6979.0
2019-05-16 19:15:00,6956.8
2019-05-16 19:30:00,6942.7
2019-05-16 19:45:00,6931.9
2019-05-16 20:00:00,6918.4
2019-05-16 20:15:00,6900.3
2019-05-16 20:30:00,6878.0
2019-05-16 20:45:00,6853.5
2019-05-16 21:00:00,6825.9
2019-05-16 21:15:00,6799.1
2019-05-16 21:30:00,6757.8
2019-05-16 21:45:00,6717.2
2019-05-16 22:00:00,6674.1
2019-05-16 22:15:00,6641.6
2019-05-16 22:30:00,6613.1
2019-05-16 22:45:00,6567.2
2019-05-16 23:00:00,6531.6
2019-05-16 23:15:00,6518.5
2019-05-16 23:30:00,6511.4
2019-05-16 23:45:00,6494.9
2019-05-17 00:00:00,6476.8
2019-05-17 00:15:00,6474.4
2019-05-17 00:30:00,6455.9
2019-05-17 00:45:00,6445.0
2019-05-17 01:00:00,6424.9
2019-05-17 01:15:00,6426.6
2019-05-17 01:30:00,6429.1
2019-05-17 01:45:00,6429.3
2019-05-17 02:00:00,6432.2
2019-05-17 02:15:00,6439.0
2019-05-17 02:30:00,6437.1
2019-05-17 02:45:00,6446.2
2019-05-17 03:00:00,6460.7
2019-05-17 03:15:00,6473.1
2019-05-17 03:30:00,6492.9
2019-05-17 03:45:00,6509.0
2019-05-17 04:00:00,6546.1
2019-05-17 04:15:00,6551.0
2019-05-17 04:30:00,6579.8
2019-05-17 04:45:00,6625.7
2019-05-17 05:00:00,6724.2
2019-05-17 05:15:00,6781.7
2019-05-17 05:30:00,6830.7
2019-05-17 05:45:00,6879.7
2019-05-17 06:00:00,6933.2
2019-05-17 06:15:00,6966.6
2019-05-17 06:30:00,6990.4
2019-05-17 06:45:00,7015.4
2019-05-17 07:00:00,7046.0
2019-05-17 07:15:00,7065.7
2019-05-17 07:30:00,7067.8
2019-05-17 07:45:00,7072.4
2019-05-17 08:00:00,7058.3
2019-05-17 08:15:00,7060.2
2019-05-17 08:30:00,7071.0
2019-05-17 08:45:00,7077.4
2019-05-17 09:00:00,7074.3
2019-05-17 09:15:00,7086.6
2019-05-17 09:30:00,7094.6
2019-05-17 09:45:00,7116.0
2019-05-17 10:00:00,7120.2
2019-05-17 10:15:00,7129.6
2019-05-17 10:30:00,7130.8
2019-05-17 10:45:00,7124.1
2019-05-17 11:00:00,7114.5
2019-05-17 11:15:00,7101.6
2019-05-17 11:30:00,7100.1
2019-05-17 11:45:00,7091.7
2019-05-17 12:00:00,7080.3
2019-05-17 12:15:00,7064.6
2019-05-17 12:30:00,7050.0
2019-05-17 12:45:00,7028.3
2019-05-17 13:00:00,7020.8
2019-05-17 13:15:00,7010.1
2019-05-17 13:30:00,7001.8
2019-05-17 13:45:00,6987.2
2019-05-17 14:00:00,6993.8
2019-05-17 14:15:00,6985.1
2019-05-17 14:30:00,6957.1
2019-05-17 14:45:00,6945.7
2019-05-17 15:00:00,6951.0
2019-05-17 15:15:00,6944.3
2019-05-17 15:30:00,6926.5
2019-05-17 15:45:00,6920.5
2019-05-17 16:00:00,6917.7
2019-05-17 16:15:00,6899.6
2019-05-17 16:30:00,6907.0
2019-05-17 16:45:00,6902.9
2019-05-17 17:00:00,6900.5
2019-05-17 17:15:00,6891.0
2019-05-17 17:30:00,6886.7
2019-05-17 17:45:00,6885.5
2019-05-17 18:00:00,6875.5
2019-05-17 18:15:00,6867.5
2019-05-17 18:30:00,6860.2
2019-05-17 18:45:00,6847.1
2019-05-17 19:00:00,6831.9
2019-05-17 19:15:00,6810.3
2019-05-17 19:30:00,6792.7
2019-05-17 19:45:00,6773.0
2019-05-17 20:00:00,6758.1
2019-05-17 20:15:00,6748.9
2019-05-17 20:30:00,6737.5
2019-05-17 20:45:00,6716.6
2019-05-17 21:00:00,6703.3
2019-05-17 21:15:00,6675.4
2019-05-17 21:30:00,6633.9
2019-05-17 21:45:00,6600.1
2019-05-17 22:00:00,6562.2
2019-05-17 22:15:00,6531.2
2019-05-17 22:30:00,6491.8
2019-05-17 22:45:00,6471.5
2019-05-17 23:00:00,6410.9
2019-05-17 23:15:00,6393.1
2019-05-17 23:30:00,6383.1
2019-05-17 23:45:00,6365.1
2019-05-18 00:00:00,6350.2
2019-05-18 00:15:00,6336.1
2019-05-18 00:30:00,6327.5
2019-05-18 00:45:00,6316.1
2019-05-18 01:00:00,6297.4
2019-05-18 01:15:00,6291.8
2019-05-18 01:30:00,6288.9
2019-05-18 01:45:00,6284.8
2019-05-18 02:00:00,6276.7
2019-05-18 02:15:00,6275.4
2019-05-18 02:30:00,6279.4
2019-05-18 02:45:00,6285.0
2019-05-18 03:00:00,6283.6
2019-05-18 03:15:00,6285.5
2019-05-18 03:30:00,6287.5
2019-05-18 03:45:00,6294.1
2019-05-18 04:00:00,6296.3
2019-05-18 04:15:00,6284.8
2019-05-18 04:30:00,6279.0
2019-05-18 04:45:00,6283.2
2019-05-18 05:00:00,6297.3
2019-05-18 05:15:00,6316.9
2019-05-18 05:30:00,6329.8
2019-05-18 05:45:00,6358.2
2019-05-18 06:00:00,6382.5
2019-05-18 06:15:00,6417.2
2019-05-18 06:30:00,6448.3
2019-05-18 06:45:00,6479.8
2019-05-18 07:00:00,6516.7
2019-05-18 07:15:00,6540.6
2019-05-18 07:30:00,6565.0
2019-05-18 07:45:00,6592.4
2019-05-18 08:00:00,6600.4
2019-05-18 08:15:00,6617.0
2019-05-18 08:30:00,6635.3
2019-05-18 08:45:00,6661.1
2019-05-18 09:00:00,6668.6
2019-05-18 09:15:00,6675.0
2019-05-18 09:30:00,6689.0
2019-05-18 09:45:00,6699.9
2019-05-18 10:00:00,6702.6
2019-05-18 10:15:00,6701.8
2019-05-18 10:30:00,6703.9
2019-05-18 10:45:00,6704.2
2019-05-18 11:00:00,6697.6
2019-05-18 11:15:00,6695.5
2019-05-18 11:30:00,6683.3
2019-05-18 11:45:00,6669.1
2019-05-18 12:00:00,6651.7
2019-05-18 12:15:00,6636.3
2019-05-18 12:30:00,6625.4
2019-05-18 12:45:00,6616.1
2019-05-18 13:00:00,6601.5
2019-05-18 13:15:00,6589.7
2019-05-18 13:30:00,6577.4
2019-05-18 13:45:00,6574.2
2019-05-18 14:00:00,6578.9
2019-05-18 14:15:00,6570.5
2019-05-18 14:30:00,6562.6
2019-05-18 14:45:00,6548.9
2019-05-18 15:00:00,6540.6
2019-05-18 15:15:00,6532.5
2019-05-18 15:30:00,6525.9
2019-05-18 15:45:00,6531.0
2019-05-18 16:00:00,6539.0
2019-05-18 16:15:00,6540.9
2019-05-18 16:30:00,6548.0
2019-05-18 16:45:00,6551.7
2019-05-18 17:00:00,6571.4
2019-05-18 17:15:00,6559.8
2019-05-18 17:30:00,6563.2
2019-05-18 17:45:00,6564.0
2019-05-18 18:00:00,6571.0
2019-05-18 18:15:00,6567.8
2019-05-18 18:30:00,6559.2
2019-05-18 18:45:00,6540.5
2019-05-18 19:00:00,6531.7
2019-05-18 19:15:00,6514.2
2019-05-18 19:30:00,6507.7
2019-05-18 19:45:00,6493.8
2019-05-18 20:00:00,6499.3
2019-05-18 20:15:00,6487.4
2019-05-18 20:30:00,6488.9
2019-05-18 20:45:00,6482.9
2019-05-18 21:00:00,6486.0
2019-05-18 21:15:00,6470.8
2019-05-18 21:30:00,6445.3
2019-05-18 21:45:00,6413.1
2019-05-18 22:00:00,6382.9
2019-05-18 22:15:00,6363.1
2019-05-18 22:30:00,6346.2
2019-05-18 22:45:00,6324.9
2019-05-18 23:00:00,6277.0
2019-05-18 23:15:00,6264.9
2019-05-18 23:30:00,6246.1
2019-05-18 23:45:00,6236.5
2019-05-19 00:00:00,6203.9
2019-05-19 00:15:00,6193.2
2019-05-19 00:30:00,6174.0
2019-05-19 00:45:00,6167.5
2019-05-19 01:00:00,6158.8
2019-05-19 01:15:00,6151.9
2019-05-19 01:30:00,6143.7
2019-05-19 01:45:00,6138.5
2019-05-19 02:00:00,6139.5
2019-05-19 02:15:00,6130.1
2019-05-19 02:30:00,6136.5
2019-05-19 02:45:00,6134.1
2019-05-19 03:00:00,6127.1
2019-05-19 03:15:00,6126.9
2019-05-19 03:30:00,6134.8
2019-05-19 03:45:00,6131.5
2019-05-19 04:00:00,6139.0
2019-05-19 04:15:00,6120.5
2019-05-19 04:30:00,6118.4
2019-05-19 04:45:00,6120.3
2019-05-19 05:00:00,6124.7
2019-05-19 05:15:00,6134.6
2019-05-19 05:30:00,6139.1
2019-05-19 05:45:00,6155.0
2019-05-19 06:00:00,6181.0
2019-05-19 06:15:00,6199.1
2019-05-19 06:30:00,6225.3
2019-05-19 06:45:00,6251.3
2019-05-19 07:00:00,6289.5
2019-05-19 07:15:00,6317.9
2019-05-19 07:30:00,6342.0
2019-05-19 07:45:00,6363.3
2019-05-19 08:00:00,6387.8
2019-05-19 08:15:00,6412.2
2019-05-19 08:30:00,6427.2
2019-05-19 08:45:00,6449.2
2019-05-19 09:00:00,6461.5
2019-05-19 09:15:00,6475.3
2019-05-19 09:30:00,6492.7
2019-05-19 09:45:00,6501.7
2019-05-19 10:00:00,6528.2
2019-05-19 10:15:00,6551.8
2019-05-19 10:30:00,6566.8
2019-05-19 10:45:00,6564.9
2019-05-19 11:00:00,6563.1
2019-05-19 11:15:00,6557.7
2019-05-19 11:30:00,6547.6
2019-05-19 11:45:00,6539.7
2019-05-19 12:00:00,6511.3
2019-05-19 12:15:00,6494.7
2019-05-19 12:30:00,6488.7
2019-05-19 12:45:00,6477.4
2019-05-19 13:00:00,6458.2
2019-05-19 13:15:00,6448.6
2019-05-19 13:30:00,6446.0
2019-05-19 13:45:00,6443.9
2019-05-19 14:00:00,6437.8
2019-05-19 14:15:00,6438.9
2019-05-19 14:30:00,6436.8
2019-05-19 14:45:00,6438.0
2019-05-19 15:00:00,6439.7
2019-05-19 15:15:00,6428.9
2019-05-19 15:30:00,6437.5
2019-05-19 15:45:00,6442.7
2019-05-19 16:00:00,6471.6
2019-05-19 16:15:00,6476.9
2019-05-19 16:30:00,6483.2
2019-05-19 16:45:00,6506.0
2019-05-19 17:00:00,6521.9
2019-05-19 17:15:00,6527.7
2019-05-19 17:30:00,6527.9
2019-05-19 17:45:00,6540.0
2019-05-19 18:00:00,6541.0
2019-05-19 18:15:00,6538.6
2019-05-19 18:30:00,6540.7
2019-05-19 18:45:00,6530.1
2019-05-19 19:00:00,6549.1
2019-05-19 19:15:00,6535.7
2019-05-19 19:30:00,6533.1
2019-05-19 19:45:00,6518.8
2019-05-19 20:00:00,6519.0
2019-05-19 20:15:00,6523.1
2019-05-19 20:30:00,6519.5
2019-05-19 20:45:00,6523.6
2019-05-19 21:00:00,6537.6
2019-05-19 21:15:00,6519.6
2019-05-19 21:30:00,6490.3
2019-05-19 21:45:00,6466.2
2019-05-19 22:00:00,6424.4
2019-05-19 22:15:00,6390.4
2019-05-19 22:30:00,6363.5
2019-05-19 22:45:00,6338.9
2019-05-19 23:00:00,6315.5
2019-05-19 23:15:00,6293.5
2019-05-19 23:30:00,6283.4
2019-05-19 23:45:00,6264.7
2019-05-20 00:00:00,6262.8
2019-05-20 00:15:00,6255.1
2019-05-20 00:30:00,6243.8
2019-05-20 00:45:00,6235.1
2019-05-20 01:00:00,6231.9
2019-05-20 01:15:00,6236.8
2019-05-20 01:30:00,6241.0
2019-05-20 01:45:00,6234.6
2019-05-20 02:00:00,6244.5
2019-05-20 02:15:00,6249.5
2019-05-20 02:30:00,6251.7
2019-05-20 02:45:00,6256.9
2019-05-20 03:00:00,6276.2
2019-05-20 03:15:00,6290.8
2019-05-20 03:30:00,6301.6
2019-05-20 03:45:00,6327.8
2019-05-20 04:00:00,6369.1
2019-05-20 04:15:00,6397.2
2019-05-20 04:30:00,6438.5
2019-05-20 04:45:00,6495.7
2019-05-20 05:00:00,6604.1
2019-05-20 05:15:00,6683.4
2019-05-20 05:30:00,6742.1
2019-05-20 05:45:00,6797.7
2019-05-20 06:00:00,6859.7
2019-05-20 06:15:00,6892.3
2019-05-20 06:30:00,6917.9
2019-05-20 06:45:00,6951.9
2019-05-20 07:00:00,6989.4
2019-05-20 07:15:00,7009.0
2019-05-20 07:30:00,7018.4
2019-05-20 07:45:00,7024.0
2019-05-20 08:00:00,7017.4
2019-05-20 08:15:00,7035.8
2019-05-20 08:30:00,7055.7
2019-05-20 08:45:00,7063.5
2019-05-20 09:00:00,7071.9
2019-05-20 09:15:00,7077.9
2019-05-20 09:30:00,7089.8
2019-05-20 09:45:00,7098.6
2019-05-20 10:00:00,7106.5
2019-05-20 10:15:00,7117.7
2019-05-20 10:30:00,7129.2
2019-05-20 10:45:00,7132.5
2019-05-20 11:00:00,7121.1
2019-05-20 11:15:00,7118.4
2019-05-20 11:30:00,7123.4
2019-05-20 11:45:00,7132.0
2019-05-20 12:00:00,7132.7
2019-05-20 12:15:00,7123.8
2019-05-20 12:30:00,7122.0
2019-05-20 12:45:00,7098.1
2019-05-20 13:00:00,7087.7
2019-05-20 13:15:00,7081.4
2019-05-20 13:30:00,7081.8
2019-05-20 13:45:00,7076.3
2019-05-20 14:00:00,7069.7
2019-05-20 14:15:00,7060.1
2019-05-20 14:30:00,7043.3
2019-05-20 14:45:00,7034.5
2019-05-20 15:00:00,7030.3
2019-05-20 15:15:00,7012.4
2019-05-20 15:30:00,7006.2
2019-05-20 15:45:00,7009.9
2019-05-20 16:00:00,7013.8
2019-05-20 16:15:00,7019.0
2019-05-20 16:30:00,7021.8
2019-05-20 16:45:00,7023.6
2019-05-20 17:00:00,7012.9
2019-05-20 17:15:00,7011.0
2019-05-20 17:30:00,7004.6
2019-05-20 17:45:00,7008.8
2019-05-20 18:00:00,7010.5
2019-05-20 18:15:00,6993.1
2019-05-20 18:30:00,6983.5
2019-05-20 18:45:00,6972.3
2019-05-20 19:00:00,6958.2
2019-05-20 19:15:00,6934.1
2019-05-20 19:30:00,6908.0
2019-05-20 19:45:00,6895.1
2019-05-20 20:00:00,6878.7
2019-05-20 20:15:00,6850.3
2019-05-20 20:30:00,6826.8
2019-05-20 20:45:00,6801.6
2019-05-20 21:00:00,6779.1
2019-05-20 21:15:00,6742.8
2019-05-20 21:30:00,6710.1
2019-05-20 21:45:00,6676.5
2019-05-20 22:00:00,6639.9
2019-05-20 22:15:00,6604.3
2019-05-20 22:30:00,6574.9
2019-05-20 22:45:00,6542.5
2019-05-20 23:00:00,6516.8
2019-05-20 23:15:00,6495.5
2019-05-20 23:30:00,6473.6
2019-05-20 23:45:00,6458.7
2019-05-21 00:00:00,6447.1
2019-05-21 00:15:00,6438.2
2019-05-21 00:30:00,6419.7
2019-05-21 00:45:00,6421.0
2019-05-21 01:00:00,6404.6
2019-05-21 01:15:00,6402.9
2019-05-21 01:30:00,6394.3
2019-05-21 01:45:00,6401.4
2019-05-21 02:00:00,6406.0
2019-05-21 02:15:00,6414.1
2019-05-21 02:30:00,6415.4
2019-05-21 02:45:00,6424.8
2019-05-21 03:00:00,6443.1
2019-05-21 03:15:00,6447.7
2019-05-21 03:30:00,6471.8
2019-05-21 03:45:00,6493.6
2019-05-21 04:00:00,6526.0
2019-05-21 04:15:00,6552.2
2019-05-21 04:30:00,6583.7
2019-05-21 04:45:00,6628.6
2019-05-21 05:00:00,6721.0
2019-05-21 05:15:00,6791.8
2019-05-21 05:30:00,6840.4
2019-05-21 05:45:00,6887.0
2019-05-21 06:00:00,6939.0
2019-05-21 06:15:00,6973.9
2019-05-21 06:30:00,7010.7
2019-05-21 06:45:00,7037.2
2019-05-21 07:00:00,7078.6
2019-05-21 07:15:00,7093.2
2019-05-21 07:30:00,7114.7
2019-05-21 07:45:00,7117.5
2019-05-21 08:00:00,7106.1
2019-05-21 08:15:00,7108.0
2019-05-21 08:30:00,7132.5
2019-05-21 08:45:00,7141.7
2019-05-21 09:00:00,7145.2
2019-05-21 09:15:00,7149.7
2019-05-21 09:30:00,7159.9
2019-05-21 09:45:00,7168.0
2019-05-21 10:00:00,7186.4
2019-05-21 10:15:00,7206.3
2019-05-21 10:30:00,7217.7
2019-05-21 10:45:00,7221.4
2019-05-21 11:00:00,7201.1
2019-05-21 11:15:00,7193.4
2019-05-21 11:30:00,7188.2
2019-05-21 11:45:00,7187.7
2019-05-21 12:00:00,7185.2
2019-05-21 12:15:00,7174.2
2019-05-21 12:30:00,7159.2
2019-05-21 12:45:00,7135.7
2019-05-21 13:00:00,7129.6
2019-05-21 13:15:00,7131.9
2019-05-21 13:30:00,7124.9
2019-05-21 13:45:00,7120.3
2019-05-21 14:00:00,7116.4
2019-05-21 14:15:00,7104.6
2019-05-21 14:30:00,7098.2
2019-05-21 14:45:00,7079.3
2019-05-21 15:00:00,7072.8
2019-05-21 15:15:00,7062.5
2019-05-21 15:30:00,7060.3
2019-05-21 15:45:00,7061.0
2019-05-21 16:00:00,7051.9
2019-05-21 16:15:00,7050.7
2019-05-21 16:30:00,7055.7
2019-05-21 16:45:00,7052.7
2019-05-21 17:00:00,7044.2
2019-05-21 17:15:00,7031.3
2019-05-21 17:30:00,7033.4
2019-05-21 17:45:00,7033.4
2019-05-21 18:00:00,7023.2
2019-05-21 18:15:00,7015.6
2019-05-21 18:30:00,6999.8
2019-05-21 18:45:00,6995.5
2019-05-21 19:00:00,6970.4
2019-05-21 19:15:00,6950.5
2019-05-21 19:30:00,6928.0
2019-05-21 19:45:00,6908.1
2019-05-21 20:00:00,6894.5
2019-05-21 20:15:00,6885.9
2019-05-21 20:30:00,6856.3
2019-05-21 20:45:00,6827.7
2019-05-21 21:00:00,6811.7
2019-05-21 21:15:00,6779.6
2019-05-21 21:30:00,6740.8
2019-05-21 21:45:00,6707.5
2019-05-21 22:00:00,6657.2
2019-05-21 22:15:00,6617.1
2019-05-21 22:30:00,6590.7
2019-05-21 22:45:00,6563.8
2019-05-21 23:00:00,6532.1
2019-05-21 23:15:00,6505.7
2019-05-21 23:30:00,6491.5
2019-05-21 23:45:00,6476.8
2019-05-22 00:00:00,6432.8
2019-05-22 00:15:00,6425.2
2019-05-22 00:30:00,6412.9
2019-05-22 00:45:00,6406.2
2019-05-22 01:00:00,6408.9
2019-05-22 01:15:00,6403.8
2019-05-22 01:30:00,6395.9
2019-05-22 01:45:00,6402.8
2019-05-22 02:00:00,6393.3
2019-05-22 02:15:00,6404.5
2019-05-22 02:30:00,6404.6
2019-05-22 02:45:00,6410.6
2019-05-22 03:00:00,6421.6
2019-05-22 03:15:00,6436.5
2019-05-22 03:30:00,6453.9
2019-05-22 03:45:00,6474.0
2019-05-22 04:00:00,6519.1
2019-05-22 04:15:00,6542.3
2019-05-22 04:30:00,6570.2
2019-05-22 04:45:00,6607.7
2019-05-22 05:00:00,6710.1
2019-05-22 05:15:00,6784.5
2019-05-22 05:30:00,6837.5
2019-05-22 05:45:00,6893.7
2019-05-22 06:00:00,6952.1
2019-05-22 06:15:00,6992.4
2019-05-22 06:30:00,7023.2
2019-05-22 06:45:00,7041.9
2019-05-22 07:00:00,7072.4
2019-05-22 07:15:00,7092.1
2019-05-22 07:30:00,7103.9
2019-05-22 07:45:00,7106.0
2019-05-22 08:00:00,7094.8
2019-05-22 08:15:00,7099.6
2019-05-22 08:30:00,7115.8
2019-05-22 08:45:00,7121.7
2019-05-22 09:00:00,7119.8
2019-05-22 09:15:00,7124.0
2019-05-22 09:30:00,7135.3
2019-05-22 09:45:00,7147.4
2019-05-22 10:00:00,7149.2
2019-05-22 10:15:00,7152.7
2019-05-22 10:30:00,7155.2
2019-05-22 10:45:00,7150.6
2019-05-22 11:00:00,7126.9
2019-05-22 11:15:00,7115.9
2019-05-22 11:30:00,7107.7
2019-05-22 11:45:00,7108.5
2019-05-22 12:00:00,7104.4
2019-05-22 12:15:00,7099.0
2019-05-22 12:30:00,7081.0
2019-05-22 12:45:00,7064.4
2019-05-22 13:00:00,7059.8
2019-05-22 13:15:00,7066.9
2019-05-22 13:30:00,7050.0
2019-05-22 13:45:00,7049.0
2019-05-22 14:00:00,7037.3
2019-05-22 14:15:00,7014.8
2019-05-22 14:30:00,7004.5
2019-05-22 14:45:00,6987.5
2019-05-22 15:00:00,6964.2
2019-05-22 15:15:00,6958.9
2019-05-22 15:30:00,6949.6
2019-05-22 15:45:00,6943.0
2019-05-22 16:00:00,6951.1
2019-05-22 16:15:00,6962.3
2019-05-22 16:30:00,6968.5
2019-05-22 16:45:00,6964.5
2019-05-22 17:00:00,6963.2
2019-05-22 17:15:00,6955.7
2019-05-22 17:30:00,6958.0
2019-05-22 17:45:00,6960.5
2019-05-22 18:00:00,6966.1
2019-05-22 18:15:00,6963.5
2019-05-22 18:30:00,6951.2
2019-05-22 18:45:00,6938.5
2019-05-22 19:00:00,6929.6
2019-05-22 19:15:00,6909.3
2019-05-22 19:30:00,6891.0
2019-05-22 19:45:00,6868.4
2019-05-22 20:00:00,6863.4
2019-05-22 20:15:00,6855.5
2019-05-22 20:30:00,6828.8
2019-05-22 20:45:00,6807.2
2019-05-22 21:00:00,6792.8
2019-05-22 21:15:00,6758.4
2019-05-22 21:30:00,6717.3
2019-05-22 21:45:00,6680.2
2019-05-22 22:00:00,6633.8
2019-05-22 22:15:00,6600.4
2019-05-22 22:30:00,6566.0
2019-05-22 22:45:00,6541.5
2019-05-22 23:00:00,6508.5
2019-05-22 23:15:00,6476.0
2019-05-22 23:30:00,6460.5
2019-05-22 23:45:00,6440.9
2019-05-23 00:00:00,6444.0
2019-05-23 00:15:00,6429.8
2019-05-23 00:30:00,6424.8
2019-05-23 00:45:00,6414.0
2019-05-23 01:00:00,6413.2
2019-05-23 01:15:00,6403.8
2019-05-23 01:30:00,6411.6
2019-05-23 01:45:00,6406.0
2019-05-23 02:00:00,6415.8
2019-05-23 02:15:00,6417.2
2019-05-23 02:30:00,6417.6
2019-05-23 02:45:00,6419.1
2019-05-23 03:00:00,6445.9
2019-05-23 03:15:00,6453.7
2019-05-23 03:30:00,6474.3
2019-05-23 03:45:00,6492.8
2019-05-23 04:00:00,6531.0
2019-05-23 04:15:00,6544.3
2019-05-23 04:30:00,6568.3
2019-05-23 04:45:00,6611.0
2019-05-23 05:00:00,6714.8
2019-05-23 05:15:00,6776.4
2019-05-23 05:30:00,6826.7
2019-05-23 05:45:00,6864.4
2019-05-23 06:00:00,6918.8
2019-05-23 06:15:00,6948.8
2019-05-23 06:30:00,6977.2
2019-05-23 06:45:00,7002.1
2019-05-23 07:00:00,7036.3
2019-05-23 07:15:00,7049.4
2019-05-23 07:30:00,7056.4
2019-05-23 07:45:00,7064.1
2019-05-23 08:00:00,7056.6
2019-05-23 08:15:00,7068.5
2019-05-23 08:30:00,7069.6
2019-05-23 08:45:00,7074.2
2019-05-23 09:00:00,7065.3
2019-05-23 09:15:00,7069.3
2019-05-23 09:30:00,7073.8
2019-05-23 09:45:00,7083.7
2019-05-23 10:00:00,7078.1
2019-05-23 10:15:00,7092.0
2019-05-23 10:30:00,7099.5
2019-05-23 10:45:00,7101.4
2019-05-23 11:00:00,7079.9
2019-05-23 11:15:00,7077.4
2019-05-23 11:30:00,7074.1
2019-05-23 11:45:00,7076.7
2019-05-23 12:00:00,7071.8
2019-05-23 12:15:00,7063.0
2019-05-23 12:30:00,7054.2
2019-05-23 12:45:00,7027.7
2019-05-23 13:00:00,7027.5
2019-05-23 13:15:00,7026.6
2019-05-23 13:30:00,7013.2
2019-05-23 13:45:00,7004.0
2019-05-23 14:00:00,7004.6
2019-05-23 14:15:00,6993.1
2019-05-23 14:30:00,6982.8
2019-05-23 14:45:00,6968.9
2019-05-23 15:00:00,6971.8
2019-05-23 15:15:00,6964.1
2019-05-23 15:30:00,6951.2
2019-05-23 15:45:00,6945.1
2019-05-23 16:00:00,6951.9
2019-05-23 16:15:00,6955.1
2019-05-23 16:30:00,6957.2
2019-05-23 16:45:00,6954.7
2019-05-23 17:00:00,6958.7
2019-05-23 17:15:00,6962.4
2019-05-23 17:30:00,6957.7
2019-05-23 17:45:00,6962.7
2019-05-23 18:00:00,6956.1
2019-05-23 18:15:00,6943.2
2019-05-23 18:30:00,6945.4
2019-05-23 18:45:00,6934.7
2019-05-23 19:00:00,6909.3
2019-05-23 19:15:00,6888.4
2019-05-23 19:30:00,6870.9
2019-05-23 19:45:00,6860.9
2019-05-23 20:00:00,6854.1
2019-05-23 20:15:00,6834.8
2019-05-23 20:30:00,6829.3
2019-05-23 20:45:00,6804.2
2019-05-23 21:00:00,6783.9
2019-05-23 21:15:00,6761.1
2019-05-23 21:30:00,6717.7
2019-05-23 21:45:00,6681.0
2019-05-23 22:00:00,6628.5
2019-05-23 22:15:00,6592.1
2019-05-23 22:30:00,6565.4
2019-05-23 22:45:00,6538.1
2019-05-23 23:00:00,6514.2
2019-05-23 23:15:00,6489.8
2019-05-23 23:30:00,6469.8
2019-05-23 23:45:00,6450.6
2019-05-24 00:00:00,6418.4
2019-05-24 00:15:00,6402.7
2019-05-24 00:30:00,6392.3
2019-05-24 00:45:00,6390.0
2019-05-24 01:00:00,6368.7
2019-05-24 01:15:00,6364.4
2019-05-24 01:30:00,6370.4
2019-05-24 01:45:00,6375.1
2019-05-24 02:00:00,6376.5
2019-05-24 02:15:00,6380.8
2019-05-24 02:30:00,6385.1
2019-05-24 02:45:00,6391.2
2019-05-24 03:00:00,6410.2
2019-05-24 03:15:00,6429.1
2019-05-24 03:30:00,6435.7
2019-05-24 03:45:00,6452.0
2019-05-24 04:00:00,6489.3
2019-05-24 04:15:00,6508.8
2019-05-24 04:30:00,6533.1
2019-05-24 04:45:00,6579.5
2019-05-24 05:00:00,6675.0
2019-05-24 05:15:00,6745.7
2019-05-24 05:30:00,6792.7
2019-05-24 05:45:00,6834.7
2019-05-24 06:00:00,6894.0
2019-05-24 06:15:00,6924.7
2019-05-24 06:30:00,6944.8
2019-05-24 06:45:00,6968.8
2019-05-24 07:00:00,7004.9
2019-05-24 07:15:00,7023.2
2019-05-24 07:30:00,7038.5
2019-05-24 07:45:00,7044.6
2019-05-24 08:00:00,7037.4
2019-05-24 08:15:00,7039.2
2019-05-24 08:30:00,7063.4
2019-05-24 08:45:00,7066.8
2019-05-24 09:00:00,7065.0
2019-05-24 09:15:00,7070.9
2019-05-24 09:30:00,7081.6
2019-05-24 09:45:00,7090.7
2019-05-24 10:00:00,7083.3
2019-05-24 10:15:00,7102.7
2019-05-24 10:30:00,7100.8
2019-05-24 10:45:00,7100.9
2019-05-24 11:00:00,7090.8
2019-05-24 11:15:00,7086.5
2019-05-24 11:30:00,7078.6
2019-05-24 11:45:00,7077.6
2019-05-24 12:00:00,7068.6
2019-05-24 12:15:00,7054.0
2019-05-24 12:30:00,7039.5
2019-05-24 12:45:00,7009.0
2019-05-24 13:00:00,6991.4
2019-05-24 13:15:00,6980.4
2019-05-24 13:30:00,6968.7
2019-05-24 13:45:00,6963.1
2019-05-24 14:00:00,6969.3
2019-05-24 14:15:00,6953.3
2019-05-24 14:30:00,6939.7
2019-05-24 14:45:00,6929.4
2019-05-24 15:00:00,6916.9
2019-05-24 15:15:00,6907.3
2019-05-24 15:30:00,6894.3
2019-05-24 15:45:00,6888.4
2019-05-24 16:00:00,6904.1
2019-05-24 16:15:00,6900.3
2019-05-24 16:30:00,6897.1
2019-05-24 16:45:00,6895.9
2019-05-24 17:00:00,6889.8
2019-05-24 17:15:00,6890.0
2019-05-24 17:30:00,6888.6
2019-05-24 17:45:00,6894.5
2019-05-24 18:00:00,6885.9
2019-05-24 18:15:00,6866.3
2019-05-24 18:30:00,6860.1
2019-05-24 18:45:00,6859.1
2019-05-24 19:00:00,6837.0
2019-05-24 19:15:00,6810.4
2019-05-24 19:30:00,6792.3
2019-05-24 19:45:00,6773.6
2019-05-24 20:00:00,6752.8
2019-05-24 20:15:00,6744.4
2019-05-24 20:30:00,6728.8
2019-05-24 20:45:00,6711.5
2019-05-24 21:00:00,6688.1
2019-05-24 21:15:00,6658.5
2019-05-24 21:30:00,6624.7
2019-05-24 21:45:00,6589.8
2019-05-24 22:00:00,6534.9
2019-05-24 22:15:00,6499.4
2019-05-24 22:30:00,6479.3
2019-05-24 22:45:00,6459.1
2019-05-24 23:00:00,6427.2
2019-05-24 23:15:00,6404.3
2019-05-24 23:30:00,6384.5
2019-05-24 23:45:00,6372.7
2019-05-25 00:00:00,6339.6
2019-05-25 00:15:00,6315.9
2019-05-25 00:30:00,6305.7
2019-05-25 00:45:00,6294.4
2019-05-25 01:00:00,6282.2
2019-05-25 01:15:00,6268.8
2019-05-25 01:30:00,6270.6
2019-05-25 01:45:00,6267.3
2019-05-25 02:00:00,6263.1
2019-05-25 02:15:00,6257.6
2019-05-25 02:30:00,6259.0
2019-05-25 02:45:00,6254.6
2019-05-25 03:00:00,6256.9
2019-05-25 03:15:00,6259.5
2019-05-25 03:30:00,6263.7
2019-05-25 03:45:00,6265.0
2019-05-25 04:00:00,6268.3
2019-05-25 04:15:00,6258.3
2019-05-25 04:30:00,6256.7
2019-05-25 04:45:00,6262.6
2019-05-25 05:00:00,6296.0
2019-05-25 05:15:00,6316.7
2019-05-25 05:30:00,6331.2
2019-05-25 05:45:00,6351.3
2019-05-25 06:00:00,6386.4
2019-05-25 06:15:00,6415.3
2019-05-25 06:30:00,6450.7
2019-05-25 06:45:00,6482.4
2019-05-25 07:00:00,6520.2
2019-05-25 07:15:00,6546.5
2019-05-25 07:30:00,6569.0
2019-05-25 07:45:00,6600.2
2019-05-25 08:00:00,6624.0
2019-05-25 08:15:00,6633.8
2019-05-25 08:30:00,6648.8
2019-05-25 08:45:00,6665.1
2019-05-25 09:00:00,6672.2
2019-05-25 09:15:00,6683.9
2019-05-25 09:30:00,6691.5
2019-05-25 09:45:00,6699.9
2019-05-25 10:00:00,6700.5
2019-05-25 10:15:00,6701.4
2019-05-25 10:30:00,6715.7
2019-05-25 10:45:00,6708.9
2019-05-25 11:00:00,6703.5
2019-05-25 11:15:00,6690.9
2019-05-25 11:30:00,6682.0
2019-05-25 11:45:00,6674.6
2019-05-25 12:00:00,6654.3
2019-05-25 12:15:00,6637.6
2019-05-25 12:30:00,6617.0
2019-05-25 12:45:00,6595.9
2019-05-25 13:00:00,6582.7
2019-05-25 13:15:00,6565.5
2019-05-25 13:30:00,6575.2
2019-05-25 13:45:00,6558.2
2019-05-25 14:00:00,6569.2
2019-05-25 14:15:00,6570.2
2019-05-25 14:30:00,6556.1
2019-05-25 14:45:00,6541.8
2019-05-25 15:00:00,6535.2
2019-05-25 15:15:00,6520.3
2019-05-25 15:30:00,6520.5
2019-05-25 15:45:00,6521.3
2019-05-25 16:00:00,6544.1
2019-05-25 16:15:00,6545.4
2019-05-25 16:30:00,6547.1
2019-05-25 16:45:00,6562.9
2019-05-25 17:00:00,6565.9
2019-05-25 17:15:00,6564.1
2019-05-25 17:30:00,6563.5
2019-05-25 17:45:00,6573.4
2019-05-25 18:00:00,6572.8
2019-05-25 18:15:00,6558.5
2019-05-25 18:30:00,6555.7
2019-05-25 18:45:00,6552.3
2019-05-25 19:00:00,6545.2
2019-05-25 19:15:00,6518.5
2019-05-25 19:30:00,6497.4
2019-05-25 19:45:00,6501.2
2019-05-25 20:00:00,6496.4
2019-05-25 20:15:00,6477.4
2019-05-25 20:30:00,6477.1
2019-05-25 20:45:00,6474.6
2019-05-25 21:00:00,6477.3
2019-05-25 21:15:00,6455.2
2019-05-25 21:30:00,6438.2
2019-05-25 21:45:00,6412.3
2019-05-25 22:00:00,6380.8
2019-05-25 22:15:00,6349.9
2019-05-25 22:30:00,6321.2
2019-05-25 22:45:00,6306.1
2019-05-25 23:00:00,6269.3
2019-05-25 23:15:00,6252.5
2019-05-25 23:30:00,6236.1
2019-05-25 23:45:00,6217.8
2019-05-26 00:00:00,6199.8
2019-05-26 00:15:00,6183.3
2019-05-26 00:30:00,6172.1
2019-05-26 00:45:00,6166.7
2019-05-26 01:00:00,6152.5
2019-05-26 01:15:00,6141.2
2019-05-26 01:30:00,6143.1
2019-05-26 01:45:00,6146.0
2019-05-26 02:00:00,6149.8
2019-05-26 02:15:00,6147.0
2019-05-26 02:30:00,6152.1
2019-05-26 02:45:00,6143.7
2019-05-26 03:00:00,6153.5
2019-05-26 03:15:00,6154.4
2019-05-26 03:30:00,6161.1
2019-05-26 03:45:00,6158.8
2019-05-26 04:00:00,6156.2
2019-05-26 04:15:00,6144.2
2019-05-26 04:30:00,6148.0
2019-05-26 04:45:00,6149.4
2019-05-26 05:00:00,6157.4
2019-05-26 05:15:00,6154.0
2019-05-26 05:30:00,6163.8
2019-05-26 05:45:00,6184.0
2019-05-26 06:00:00,6200.3
2019-05-26 06:15:00,6229.8
2019-05-26 06:30:00,6257.5
2019-05-26 06:45:00,6278.7
2019-05-26 07:00:00,6313.2
2019-05-26 07:15:00,6331.6
2019-05-26 07:30:00,6354.1
2019-05-26 07:45:00,6371.5
2019-05-26 08:00:00,6405.2
2019-05-26 08:15:00,6439.5
2019-05-26 08:30:00,6447.6
2019-05-26 08:45:00,6466.2
2019-05-26 09:00:00,6480.0
2019-05-26 09:15:00,6486.2
2019-05-26 09:30:00,6502.1
2019-05-26 09:45:00,6517.2
2019-05-26 10:00:00,6542.1
2019-05-26 10:15:00,6564.4
2019-05-26 10:30:00,6577.0
2019-05-26 10:45:00,6582.8
2019-05-26 11:00:00,6587.9
2019-05-26 11:15:00,6571.8
2019-05-26 11:30:00,6566.7
2019-05-26 11:45:00,6560.2
2019-05-26 12:00:00,6539.6
2019-05-26 12:15:00,6523.3
2019-05-26 12:30:00,6505.7
2019-05-26 12:45:00,6496.9
2019-05-26 13:00:00,6481.6
2019-05-26 13:15:00,6464.3
2019-05-26 13:30:00,6455.3
2019-05-26 13:45:00,6449.0
2019-05-26 14:00:00,6444.0
2019-05-26 14:15:00,6443.4
2019-05-26 14:30:00,6441.1
2019-05-26 14:45:00,6444.3
2019-05-26 15:00:00,6441.6
2019-05-26 15:15:00,6436.5
2019-05-26 15:30:00,6449.5
2019-05-26 15:45:00,6452.1
2019-05-26 16:00:00,6471.5
2019-05-26 16:15:00,6474.3
2019-05-26 16:30:00,6476.3
2019-05-26 16:45:00,6490.9
2019-05-26 17:00:00,6510.6
2019-05-26 17:15:00,6502.7
2019-05-26 17:30:00,6515.6
2019-05-26 17:45:00,6521.0
2019-05-26 18:00:00,6534.9
2019-05-26 18:15:00,6519.4
2019-05-26 18:30:00,6519.3
2019-05-26 18:45:00,6515.4
2019-05-26 19:00:00,6508.8
2019-05-26 19:15:00,6503.6
2019-05-26 19:30:00,6494.0
2019-05-26 19:45:00,6483.3
2019-05-26 20:00:00,6487.6
2019-05-26 20:15:00,6493.2
2019-05-26 20:30:00,6502.0
2019-05-26 20:45:00,6502.9
2019-05-26 21:00:00,6511.8
2019-05-26 21:15:00,6501.3
2019-05-26 21:30:00,6475.4
2019-05-26 21:45:00,6447.8
2019-05-26 22:00:00,6414.9
2019-05-26 22:15:00,6391.2
2019-05-26 22:30:00,6363.0
2019-05-26 22:45:00,6362.3
2019-05-26 23:00:00,6331.5
2019-05-26 23:15:00,6332.5
2019-05-26 23:30:00,6320.9
2019-05-26 23:45:00,6320.8
2019-05-27 00:00:00,6293.0
2019-05-27 00:15:00,6286.9
2019-05-27 00:30:00,6282.9
2019-05-27 00:45:00,6268.6
2019-05-27 01:00:00,6261.2
2019-05-27 01:15:00,6255.0
2019-05-27 01:30:00,6254.4
2019-05-27 01:45:00,6244.7
2019-05-27 02:00:00,6246.9
2019-05-27 02:15:00,6250.3
2019-05-27 02:30:00,6252.2
2019-05-27 02:45:00,6252.7
2019-05-27 03:00:00,6274.8
2019-05-27 03:15:00,6286.0
2019-05-27 03:30:00,6306.6
2019-05-27 03:45:00,6318.9
2019-05-27 04:00:00,6365.1
2019-05-27 04:15:00,6390.1
2019-05-27 04:30:00,6425.4
2019-05-27 04:45:00,6479.8
2019-05-27 05:00:00,6589.3
2019-05-27 05:15:00,6666.9
2019-05-27 05:30:00,6723.9
2019-05-27 05:45:00,6778.9
2019-05-27 06:00:00,6832.3
2019-05-27 06:15:00,6877.5
2019-05-27 06:30:00,6905.4
2019-05-27 06:45:00,6927.6
2019-05-27 07:00:00,6957.1
2019-05-27 07:15:00,6984.2
2019-05-27 07:30:00,6997.0
2019-05-27 07:45:00,7002.0
2019-05-27 08:00:00,6990.7
2019-05-27 08:15:00,7015.8
2019-05-27 08:30:00,7038.8
2019-05-27 08:45:00,7041.4
2019-05-27 09:00:00,7054.0
2019-05-27 09:15:00,7055.4
2019-05-27 09:30:00,7077.7
2019-05-27 09:45:00,7089.1
2019-05-27 10:00:00,7084.6
2019-05-27 10:15:00,7108.3
2019-05-27 10:30:00,7118.8
2019-05-27 10:45:00,7108.3
2019-05-27 11:00:00,7096.4
2019-05-27 11:15:00,7079.1
2019-05-27 11:30:00,7088.3
2019-05-27 11:45:00,7090.6
2019-05-27 12:00:00,7090.7
2019-05-27 12:15:00,7094.9
2019-05-27 12:30:00,7083.1
2019-05-27 12:45:00,7054.1
2019-05-27 13:00:00,7047.9
2019-05-27 13:15:00,7043.4
2019-05-27 13:30:00,7032.1
2019-05-27 13:45:00,7028.2
2019-05-27 14:00:00,7026.5
2019-05-27 14:15:00,7009.6
2019-05-27 14:30:00,6997.5
2019-05-27 14:45:00,6981.6
2019-05-27 15:00:00,6975.5
2019-05-27 15:15:00,6982.3
2019-05-27 15:30:00,6978.7
2019-05-27 15:45:00,6983.3
2019-05-27 16:00:00,6977.6
2019-05-27 16:15:00,6968.5
2019-05-27 16:30:00,6965.9
2019-05-27 16:45:00,6955.4
2019-05-27 17:00:00,6934.3
2019-05-27 17:15:00,6938.7
2019-05-27 17:30:00,6938.9
2019-05-27 17:45:00,6943.6
2019-05-27 18:00:00,6934.5
2019-05-27 18:15:00,6924.0
2019-05-27 18:30:00,6917.3
2019-05-27 18:45:00,6914.5
2019-05-27 19:00:00,6888.2
2019-05-27 19:15:00,6860.3
2019-05-27 19:30:00,6841.3
2019-05-27 19:45:00,6827.8
2019-05-27 20:00:00,6819.8
2019-05-27 20:15:00,6804.8
2019-05-27 20:30:00,6782.3
2019-05-27 20:45:00,6764.0
2019-05-27 21:00:00,6746.1
2019-05-27 21:15:00,6713.5
2019-05-27 21:30:00,6677.0
2019-05-27 21:45:00,6640.7
2019-05-27 22:00:00,6592.5
2019-05-27 22:15:00,6559.8
2019-05-27 22:30:00,6526.0
2019-05-27 22:45:00,6511.8
2019-05-27 23:00:00,6474.5
2019-05-27 23:15:00,6454.6
2019-05-27 23:30:00,6432.7
2019-05-27 23:45:00,6422.0
2019-05-28 00:00:00,6401.7
2019-05-28 00:15:00,6386.9
2019-05-28 00:30:00,6374.5
2019-05-28 00:45:00,6369.1
2019-05-28 01:00:00,6348.8
2019-05-28 01:15:00,6343.2
2019-05-28 01:30:00,6335.4
2019-05-28 01:45:00,6348.9
2019-05-28 02:00:00,6353.0
2019-05-28 02:15:00,6350.7
2019-05-28 02:30:00,6358.8
2019-05-28 02:45:00,6361.0
2019-05-28 03:00:00,6387.7
2019-05-28 03:15:00,6398.6
2019-05-28 03:30:00,6425.2
2019-05-28 03:45:00,6438.2
2019-05-28 04:00:00,6472.5
2019-05-28 04:15:00,6484.6
2019-05-28 04:30:00,6519.1
2019-05-28 04:45:00,6558.7
2019-05-28 05:00:00,6654.9
2019-05-28 05:15:00,6715.8
2019-05-28 05:30:00,6774.9
2019-05-28 05:45:00,6825.4
2019-05-28 06:00:00,6875.2
2019-05-28 06:15:00,6909.3
2019-05-28 06:30:00,6938.2
2019-05-28 06:45:00,6965.1
2019-05-28 07:00:00,6989.6
2019-05-28 07:15:00,7008.2
2019-05-28 07:30:00,7018.5
2019-05-28 07:45:00,7028.4
2019-05-28 08:00:00,7020.7
2019-05-28 08:15:00,7021.0
2019-05-28 08:30:00,7031.0
2019-05-28 08:45:00,7037.8
2019-05-28 09:00:00,7045.7
2019-05-28 09:15:00,7052.1
2019-05-28 09:30:00,7057.8
2019-05-28 09:45:00,7073.2
2019-05-28 10:00:00,7083.2
2019-05-28 10:15:00,7096.3
2019-05-28 10:30:00,7102.7
2019-05-28 10:45:00,7106.9
2019-05-28 11:00:00,7078.2
2019-05-28 11:15:00,7075.8
2019-05-28 11:30:00,7073.0
2019-05-28 11:45:00,7067.8
2019-05-28 12:00:00,7070.6
2019-05-28 12:15:00,7061.2
2019-05-28 12:30:00,7042.4
2019-05-28 12:45:00,7024.3
2019-05-28 13:00:00,7013.2
2019-05-28 13:15:00,7008.7
2019-05-28 13:30:00,7007.4
2019-05-28 13:45:00,6996.8
2019-05-28 14:00:00,6984.8
2019-05-28 14:15:00,6970.8
2019-05-28 14:30:00,6973.6
2019-05-28 14:45:00,6961.7
2019-05-28 15:00:00,6959.1
2019-05-28 15:15:00,6950.4
2019-05-28 15:30:00,6945.0
2019-05-28 15:45:00,6936.4
2019-05-28 16:00:00,6950.4
2019-05-28 16:15:00,6951.2
2019-05-28 16:30:00,6949.6
2019-05-28 16:45:00,6955.1
2019-05-28 17:00:00,6952.0
2019-05-28 17:15:00,6951.6
2019-05-28 17:30:00,6942.7
2019-05-28 17:45:00,6946.7
2019-05-28 18:00:00,6937.0
2019-05-28 18:15:00,6917.0
2019-05-28 18:30:00,6906.9
2019-05-28 18:45:00,6900.1
2019-05-28 19:00:00,6878.1
2019-05-28 19:15:00,6863.4
2019-05-28 19:30:00,6839.6
2019-05-28 19:45:00,6818.8
2019-05-28 20:00:00,6802.9
2019-05-28 20:15:00,6796.5
2019-05-28 20:30:00,6777.6
2019-05-28 20:45:00,6751.8
2019-05-28 21:00:00,6735.1
2019-05-28 21:15:00,6706.5
2019-05-28 21:30:00,6668.3
2019-05-28 21:45:00,6631.9
2019-05-28 22:00:00,6583.1
2019-05-28 22:15:00,6549.8
2019-05-28 22:30:00,6512.6
2019-05-28 22:45:00,6488.9
2019-05-28 23:00:00,6466.9
2019-05-28 23:15:00,6442.9
2019-05-28 23:30:00,6430.0
2019-05-28 23:45:00,6414.3
2019-05-29 00:00:00,6399.8
2019-05-29 00:15:00,6390.7
2019-05-29 00:30:00,6382.7
2019-05-29 00:45:00,6378.8
2019-05-29 01:00:00,6365.1
2019-05-29 01:15:00,6367.8
2019-05-29 01:30:00,6364.0
2019-05-29 01:45:00,6369.8
2019-05-29 02:00:00,6383.5
2019-05-29 02:15:00,6383.9
2019-05-29 02:30:00,6382.1
2019-05-29 02:45:00,6393.1
2019-05-29 03:00:00,6407.5
2019-05-29 03:15:00,6420.5
2019-05-29 03:30:00,6430.3
2019-05-29 03:45:00,6443.1
2019-05-29 04:00:00,6468.8
2019-05-29 04:15:00,6493.8
2019-05-29 04:30:00,6516.8
2019-05-29 04:45:00,6566.2
2019-05-29 05:00:00,6656.2
2019-05-29 05:15:00,6717.3
2019-05-29 05:30:00,6755.2
2019-05-29 05:45:00,6801.5
2019-05-29 06:00:00,6858.3
2019-05-29 06:15:00,6890.7
2019-05-29 06:30:00,6915.1
2019-05-29 06:45:00,6937.1
2019-05-29 07:00:00,6962.6
2019-05-29 07:15:00,6987.6
2019-05-29 07:30:00,6997.4
2019-05-29 07:45:00,6999.7
2019-05-29 08:00:00,6993.3
2019-05-29 08:15:00,7005.7
2019-05-29 08:30:00,7014.4
2019-05-29 08:45:00,7026.8
2019-05-29 09:00:00,7019.0
2019-05-29 09:15:00,7030.8
2019-05-29 09:30:00,7041.1
2019-05-29 09:45:00,7046.7
2019-05-29 10:00:00,7050.9
2019-05-29 10:15:00,7058.2
2019-05-29 10:30:00,7055.7
2019-05-29 10:45:00,7054.6
2019-05-29 11:00:00,7039.9
2019-05-29 11:15:00,7029.4
2019-05-29 11:30:00,7022.6
2019-05-29 11:45:00,7021.8
2019-05-29 12:00:00,7010.2
2019-05-29 12:15:00,7012.5
2019-05-29 12:30:00,7003.1
2019-05-29 12:45:00,6982.1
2019-05-29 13:00:00,6969.7
2019-05-29 13:15:00,6958.2
2019-05-29 13:30:00,6957.2
2019-05-29 13:45:00,6946.0
2019-05-29 14:00:00,6935.1
2019-05-29 14:15:00,6919.2
2019-05-29 14:30:00,6908.0
2019-05-29 14:45:00,6886.7
2019-05-29 15:00:00,6879.9
2019-05-29 15:15:00,6866.7
2019-05-29 15:30:00,6854.0
2019-05-29 15:45:00,6849.9
2019-05-29 16:00:00,6857.9
2019-05-29 16:15:00,6853.7
2019-05-29 16:30:00,6841.7
2019-05-29 16:45:00,6846.6
2019-05-29 17:00:00,6837.7
2019-05-29 17:15:00,6824.9
2019-05-29 17:30:00,6823.2
2019-05-29 17:45:00,6827.3
2019-05-29 18:00:00,6834.7
2019-05-29 18:15:00,6819.2
2019-05-29 18:30:00,6816.9
2019-05-29 18:45:00,6805.8
2019-05-29 19:00:00,6784.5
2019-05-29 19:15:00,6761.8
2019-05-29 19:30:00,6748.2
2019-05-29 19:45:00,6725.0
2019-05-29 20:00:00,6709.2
2019-05-29 20:15:00,6695.7
2019-05-29 20:30:00,6680.0
2019-05-29 20:45:00,6666.6
2019-05-29 21:00:00,6644.6
2019-05-29 21:15:00,6622.5
2019-05-29 21:30:00,6580.3
2019-05-29 21:45:00,6551.9
2019-05-29 22:00:00,6512.0
2019-05-29 22:15:00,6475.4
2019-05-29 22:30:00,6445.7
2019-05-29 22:45:00,6437.1
2019-05-29 23:00:00,6414.8
2019-05-29 23:15:00,6395.7
2019-05-29 23:30:00,6388.3
2019-05-29 23:45:00,6371.7
2019-05-30 00:00:00,6336.2
2019-05-30 00:15:00,6321.1
2019-05-30 00:30:00,6316.6
2019-05-30 00:45:00,6303.9
2019-05-30 01:00:00,6279.9
2019-05-30 01:15:00,6271.4
2019-05-30 01:30:00,6271.0
2019-05-30 01:45:00,6270.1
2019-05-30 02:00:00,6271.6
2019-05-30 02:15:00,6270.1
2019-05-30 02:30:00,6267.9
2019-05-30 02:45:00,6264.0
2019-05-30 03:00:00,6266.7
2019-05-30 03:15:00,6263.1
2019-05-30 03:30:00,6264.4
2019-05-30 03:45:00,6257.6
2019-05-30 04:00:00,6271.4
2019-05-30 04:15:00,6251.9
2019-05-30 04:30:00,6236.3
2019-05-30 04:45:00,6224.3
2019-05-30 05:00:00,6213.9
2019-05-30 05:15:00,6223.0
2019-05-30 05:30:00,6229.5
2019-05-30 05:45:00,6253.4
2019-05-30 06:00:00,6270.6
2019-05-30 06:15:00,6288.4
2019-05-30 06:30:00,6315.3
2019-05-30 06:45:00,6341.4
2019-05-30 07:00:00,6368.0
2019-05-30 07:15:00,6396.8
2019-05-30 07:30:00,6423.7
2019-05-30 07:45:00,6446.8
2019-05-30 08:00:00,6454.0
2019-05-30 08:15:00,6472.3
2019-05-30 08:30:00,6496.9
2019-05-30 08:45:00,6507.8
2019-05-30 09:00:00,6517.2
2019-05-30 09:15:00,6524.1
2019-05-30 09:30:00,6531.5
2019-05-30 09:45:00,6538.7
2019-05-30 10:00:00,6549.9
2019-05-30 10:15:00,6568.1
2019-05-30 10:30:00,6577.9
2019-05-30 10:45:00,6585.9
2019-05-30 11:00:00,6586.1
2019-05-30 11:15:00,6585.7
2019-05-30 11:30:00,6574.6
2019-05-30 11:45:00,6568.5
2019-05-30 12:00:00,6551.6
2019-05-30 12:15:00,6533.8
2019-05-30 12:30:00,6526.6
2019-05-30 12:45:00,6512.1
2019-05-30 13:00:00,6495.2
2019-05-30 13:15:00,6478.6
2019-05-30 13:30:00,6478.7
2019-05-30 13:45:00,6470.8
2019-05-30 14:00:00,6460.9
2019-05-30 14:15:00,6452.5
2019-05-30 14:30:00,6444.1
2019-05-30 14:45:00,6439.8
2019-05-30 15:00:00,6441.3
2019-05-30 15:15:00,6424.2
2019-05-30 15:30:00,6420.2
2019-05-30 15:45:00,6420.7
2019-05-30 16:00:00,6449.2
2019-05-30 16:15:00,6444.3
2019-05-30 16:30:00,6455.4
2019-05-30 16:45:00,6467.5
2019-05-30 17:00:00,6483.5
2019-05-30 17:15:00,6474.0
2019-05-30 17:30:00,6488.2
2019-05-30 17:45:00,6486.6
2019-05-30 18:00:00,6495.6
2019-05-30 18:15:00,6491.0
2019-05-30 18:30:00,6491.2
2019-05-30 18:45:00,6487.1
2019-05-30 19:00:00,6477.8
2019-05-30 19:15:00,6476.4
2019-05-30 19:30:00,6470.6
2019-05-30 19:45:00,6465.6
2019-05-30 20:00:00,6457.0
2019-05-30 20:15:00,6459.0
2019-05-30 20:30:00,6460.7
2019-05-30 20:45:00,6458.0
2019-05-30 21:00:00,6467.5
2019-05-30 21:15:00,6450.4
2019-05-30 21:30:00,6424.3
2019-05-30 21:45:00,6395.4
2019-05-30 22:00:00,6367.7
2019-05-30 22:15:00,6332.4
2019-05-30 22:30:00,6315.2
2019-05-30 22:45:00,6279.7
2019-05-30 23:00:00,6257.2
2019-05-30 23:15:00,6237.7
2019-05-30 23:30:00,6230.4
2019-05-30 23:45:00,6221.8
2019-05-31 00:00:00,6206.5
2019-05-31 00:15:00,6199.1
2019-05-31 00:30:00,6195.1
2019-05-31 00:45:00,6197.1
2019-05-31 01:00:00,6181.0
2019-05-31 01:15:00,6179.8
2019-05-31 01:30:00,6177.4
2019-05-31 01:45:00,6178.7
2019-05-31 02:00:00,6174.7
2019-05-31 02:15:00,6181.1
2019-05-31 02:30:00,6184.0
2019-05-31 02:45:00,6174.9
2019-05-31 03:00:00,6182.5
2019-05-31 03:15:00,6188.6
2019-05-31 03:30:00,6196.9
2019-05-31 03:45:00,6206.6
2019-05-31 04:00:00,6242.1
2019-05-31 04:15:00,6255.3
2019-05-31 04:30:00,6264.4
2019-05-31 04:45:00,6291.3
2019-05-31 05:00:00,6379.0
2019-05-31 05:15:00,6420.6
2019-05-31 05:30:00,6462.6
2019-05-31 05:45:00,6497.8
2019-05-31 06:00:00,6560.1
2019-05-31 06:15:00,6593.6
2019-05-31 06:30:00,6628.0
2019-05-31 06:45:00,6653.1
2019-05-31 07:00:00,6694.6
2019-05-31 07:15:00,6714.8
2019-05-31 07:30:00,6729.4
2019-05-31 07:45:00,6738.9
2019-05-31 08:00:00,6735.3
2019-05-31 08:15:00,6745.4
2019-05-31 08:30:00,6760.0
2019-05-31 08:45:00,6764.5
2019-05-31 09:00:00,6766.8
2019-05-31 09:15:00,6766.1
2019-05-31 09:30:00,6766.9
2019-05-31 09:45:00,6775.4
2019-05-31 10:00:00,6787.4
2019-05-31 10:15:00,6797.9
2019-05-31 10:30:00,6813.1
2019-05-31 10:45:00,6820.3
2019-05-31 11:00:00,6813.1
2019-05-31 11:15:00,6815.5
2019-05-31 11:30:00,6818.4
2019-05-31 11:45:00,6809.9
2019-05-31 12:00:00,6795.4
2019-05-31 12:15:00,6783.2
2019-05-31 12:30:00,6773.5
2019-05-31 12:45:00,6748.7
2019-05-31 13:00:00,6743.4
2019-05-31 13:15:00,6741.4
2019-05-31 13:30:00,6733.2
2019-05-31 13:45:00,6715.2
2019-05-31 14:00:00,6714.9
2019-05-31 14:15:00,6697.7
2019-05-31 14:30:00,6691.4
2019-05-31 14:45:00,6670.8
2019-05-31 15:00:00,6677.2
2019-05-31 15:15:00,6665.3
2019-05-31 15:30:00,6662.4
2019-05-31 15:45:00,6661.0
2019-05-31 16:00:00,6681.9
2019-05-31 16:15:00,6674.9
2019-05-31 16:30:00,6679.4
2019-05-31 16:45:00,6684.1
2019-05-31 17:00:00,6681.1
2019-05-31 17:15:00,6674.7
2019-05-31 17:30:00,6673.6
2019-05-31 17:45:00,6673.0
2019-05-31 18:00:00,6662.2
2019-05-31 18:15:00,6658.7
2019-05-31 18:30:00,6651.2
2019-05-31 18:45:00,6637.4
2019-05-31 19:00:00,6627.3
2019-05-31 19:15:00,6604.7
2019-05-31 19:30:00,6589.4
2019-05-31 19:45:00,6572.7
2019-05-31 20:00:00,6564.3
2019-05-31 20:15:00,6557.8
2019-05-31 20:30:00,6551.2
2019-05-31 20:45:00,6550.4
2019-05-31 21:00:00,6543.8
2019-05-31 21:15:00,6525.4
2019-05-31 21:30:00,6499.2
2019-05-31 21:45:00,6469.8
2019-05-31 22:00:00,6434.3
2019-05-31 22:15:00,6404.3
2019-05-31 22:30:00,6380.9
2019-05-31 22:45:00,6359.5
2019-05-31 23:00:00,6333.1
2019-05-31 23:15:00,6307.2
2019-05-31 23:30:00,6281.8
2019-05-31 23:45:00,6275.7
2019-06-01 00:00:00,6253.4
2019-06-01 00:15:00,6230.5
2019-06-01 00:30:00,6215.0
2019-06-01 00:45:00,6201.8
2019-06-01 01:00:00,6198.6
2019-06-01 01:15:00,6195.8
2019-06-01 01:30:00,6187.1
2019-06-01 01:45:00,6183.4
2019-06-01 02:00:00,6182.5
2019-06-01 02:15:00,6176.3
2019-06-01 02:30:00,6168.5
2019-06-01 02:45:00,6176.8
2019-06-01 03:00:00,6178.0
2019-06-01 03:15:00,6181.9
2019-06-01 03:30:00,6188.6
2019-06-01 03:45:00,6186.7
2019-06-01 04:00:00,6182.6
2019-06-01 04:15:00,6178.4
2019-06-01 04:30:00,6185.9
2019-06-01 04:45:00,6202.2
2019-06-01 05:00:00,6230.3
2019-06-01 05:15:00,6247.3
2019-06-01 05:30:00,6268.6
2019-06-01 05:45:00,6288.8
2019-06-01 06:00:00,6317.5
2019-06-01 06:15:00,6344.8
2019-06-01 06:30:00,6374.7
2019-06-01 06:45:00,6406.6
2019-06-01 07:00:00,6445.0
2019-06-01 07:15:00,6477.9
2019-06-01 07:30:00,6513.3
2019-06-01 07:45:00,6541.5
2019-06-01 08:00:00,6567.6
2019-06-01 08:15:00,6584.2
2019-06-01 08:30:00,6606.2
2019-06-01 08:45:00,6626.3
2019-06-01 09:00:00,6638.9
2019-06-01 09:15:00,6646.8
2019-06-01 09:30:00,6660.6
2019-06-01 09:45:00,6664.6
2019-06-01 10:00:00,6662.0
2019-06-01 10:15:00,6675.0
2019-06-01 10:30:00,6674.1
2019-06-01 10:45:00,6671.8
2019-06-01 11:00:00,6669.3
2019-06-01 11:15:00,6664.4
2019-06-01 11:30:00,6645.5
2019-06-01 11:45:00,6648.8
2019-06-01 12:00:00,6635.5
2019-06-01 12:15:00,6624.0
2019-06-01 12:30:00,6606.3
2019-06-01 12:45:00,6600.5
2019-06-01 13:00:00,6588.4
2019-06-01 13:15:00,6590.1
2019-06-01 13:30:00,6573.0
2019-06-01 13:45:00,6560.2
2019-06-01 14:00:00,6559.4
2019-06-01 14:15:00,6552.7
2019-06-01 14:30:00,6545.3
2019-06-01 14:45:00,6536.9
2019-06-01 15:00:00,6541.8
2019-06-01 15:15:00,6540.0
2019-06-01 15:30:00,6523.2
2019-06-01 15:45:00,6531.8
2019-06-01 16:00:00,6534.3
2019-06-01 16:15:00,6537.9
2019-06-01 16:30:00,6543.4
2019-06-01 16:45:00,6547.6
2019-06-01 17:00:00,6554.6
2019-06-01 17:15:00,6551.7
2019-06-01 17:30:00,6545.1
2019-06-01 17:45:00,6550.3
2019-06-01 18:00:00,6543.0
2019-06-01 18:15:00,6533.9
2019-06-01 18:30:00,6535.9
2019-06-01 18:45:00,6518.9
2019-06-01 19:00:00,6511.1
2019-06-01 19:15:00,6487.7
2019-06-01 19:30:00,6480.0
2019-06-01 19:45:00,6468.3
2019-06-01 20:00:00,6459.8
2019-06-01 20:15:00,6451.6
2019-06-01 20:30:00,6442.7
2019-06-01 20:45:00,6447.6
2019-06-01 21:00:00,6456.3
2019-06-01 21:15:00,6436.0
2019-06-01 21:30:00,6406.2
2019-06-01 21:45:00,6382.3
2019-06-01 22:00:00,6356.2
2019-06-01 22:15:00,6336.4
2019-06-01 22:30:00,6312.9
2019-06-01 22:45:00,6283.4
2019-06-01 23:00:00,6262.3
2019-06-01 23:15:00,6242.5
2019-06-01 23:30:00,6225.8
2019-06-01 23:45:00,6204.7
2019-06-02 00:00:00,6190.5
2019-06-02 00:15:00,6173.8
2019-06-02 00:30:00,6164.4
2019-06-02 00:45:00,6158.8
2019-06-02 01:00:00,6144.1
2019-06-02 01:15:00,6122.2
2019-06-02 01:30:00,6119.7
2019-06-02 01:45:00,6114.2
2019-06-02 02:00:00,6114.5
2019-06-02 02:15:00,6108.8
2019-06-02 02:30:00,6111.2
2019-06-02 02:45:00,6105.6
2019-06-02 03:00:00,6105.3
2019-06-02 03:15:00,6104.6
2019-06-02 03:30:00,6104.2
2019-06-02 03:45:00,6102.7
2019-06-02 04:00:00,6092.2
2019-06-02 04:15:00,6080.5
2019-06-02 04:30:00,6087.0
2019-06-02 04:45:00,6090.6
2019-06-02 05:00:00,6103.8
2019-06-02 05:15:00,6111.9
2019-06-02 05:30:00,6129.7
2019-06-02 05:45:00,6142.4
2019-06-02 06:00:00,6161.1
2019-06-02 06:15:00,6182.2
2019-06-02 06:30:00,6218.6
2019-06-02 06:45:00,6246.3
2019-06-02 07:00:00,6285.5
2019-06-02 07:15:00,6315.2
2019-06-02 07:30:00,6339.5
2019-06-02 07:45:00,6371.2
2019-06-02 08:00:00,6396.1
2019-06-02 08:15:00,6414.9
2019-06-02 08:30:00,6444.5
2019-06-02 08:45:00,6449.0
2019-06-02 09:00:00,6460.9
2019-06-02 09:15:00,6473.2
2019-06-02 09:30:00,6487.9
2019-06-02 09:45:00,6496.1
2019-06-02 10:00:00,6508.1
2019-06-02 10:15:00,6521.5
2019-06-02 10:30:00,6530.3
2019-06-02 10:45:00,6531.7
2019-06-02 11:00:00,6523.6
2019-06-02 11:15:00,6519.6
2019-06-02 11:30:00,6511.3
2019-06-02 11:45:00,6500.2
2019-06-02 12:00:00,6493.2
2019-06-02 12:15:00,6480.1
2019-06-02 12:30:00,6460.8
2019-06-02 12:45:00,6447.6
2019-06-02 13:00:00,6445.5
2019-06-02 13:15:00,6434.1
2019-06-02 13:30:00,6429.8
2019-06-02 13:45:00,6413.9
2019-06-02 14:00:00,6417.6
2019-06-02 14:15:00,6413.5
2019-06-02 14:30:00,6409.3
2019-06-02 14:45:00,6401.8
2019-06-02 15:00:00,6405.1
2019-06-02 15:15:00,6409.0
2019-06-02 15:30:00,6413.7
2019-06-02 15:45:00,6414.1
2019-06-02 16:00:00,6441.1
2019-06-02 16:15:00,6454.2
2019-06-02 16:30:00,6452.0
2019-06-02 16:45:00,6457.7
2019-06-02 17:00:00,6483.2
2019-06-02 17:15:00,6484.6
2019-06-02 17:30:00,6487.6
2019-06-02 17:45:00,6492.7
2019-06-02 18:00:00,6499.6
2019-06-02 18:15:00,6504.6
2019-06-02 18:30:00,6508.8
2019-06-02 18:45:00,6516.3
2019-06-02 19:00:00,6510.5
2019-06-02 19:15:00,6511.0
2019-06-02 19:30:00,6495.9
2019-06-02 19:45:00,6496.4
2019-06-02 20:00:00,6489.1
2019-06-02 20:15:00,6473.1
2019-06-02 20:30:00,6464.1
2019-06-02 20:45:00,6477.6
2019-06-02 21:00:00,6501.1
2019-06-02 21:15:00,6501.6
2019-06-02 21:30:00,6473.5
2019-06-02 21:45:00,6453.9
2019-06-02 22:00:00,6422.4
2019-06-02 22:15:00,6393.7
2019-06-02 22:30:00,6374.8
2019-06-02 22:45:00,6367.3
2019-06-02 23:00:00,6354.1
2019-06-02 23:15:00,6332.5
2019-06-02 23:30:00,6321.4
2019-06-02 23:45:00,6300.0
2019-06-03 00:00:00,6279.2
2019-06-03 00:15:00,6268.1
2019-06-03 00:30:00,6269.8
2019-06-03 00:45:00,6265.3
2019-06-03 01:00:00,6252.5
2019-06-03 01:15:00,6247.2
2019-06-03 01:30:00,6245.3
2019-06-03 01:45:00,6242.8
2019-06-03 02:00:00,6243.5
2019-06-03 02:15:00,6241.9
2019-06-03 02:30:00,6228.5
2019-06-03 02:45:00,6223.3
2019-06-03 03:00:00,6229.8
2019-06-03 03:15:00,6232.7
2019-06-03 03:30:00,6240.5
2019-06-03 03:45:00,6252.4
2019-06-03 04:00:00,6295.9
2019-06-03 04:15:00,6325.9
2019-06-03 04:30:00,6362.1
2019-06-03 04:45:00,6425.6
2019-06-03 05:00:00,6539.6
2019-06-03 05:15:00,6622.0
2019-06-03 05:30:00,6680.5
2019-06-03 05:45:00,6734.1
2019-06-03 06:00:00,6800.3
2019-06-03 06:15:00,6840.9
2019-06-03 06:30:00,6880.7
2019-06-03 06:45:00,6918.2
2019-06-03 07:00:00,6940.8
2019-06-03 07:15:00,6966.5
2019-06-03 07:30:00,6984.2
2019-06-03 07:45:00,7007.1
2019-06-03 08:00:00,6991.3
2019-06-03 08:15:00,7006.7
2019-06-03 08:30:00,7024.9
2019-06-03 08:45:00,7041.5
2019-06-03 09:00:00,7047.4
2019-06-03 09:15:00,7062.0
2019-06-03 09:30:00,7075.3
2019-06-03 09:45:00,7088.5
2019-06-03 10:00:00,7101.3
2019-06-03 10:15:00,7117.4
2019-06-03 10:30:00,7129.5
2019-06-03 10:45:00,7133.2
2019-06-03 11:00:00,7117.0
2019-06-03 11:15:00,7113.3
2019-06-03 11:30:00,7106.1
2019-06-03 11:45:00,7102.5
2019-06-03 12:00:00,7098.8
2019-06-03 12:15:00,7085.0
2019-06-03 12:30:00,7077.9
2019-06-03 12:45:00,7060.5
2019-06-03 13:00:00,7052.4
2019-06-03 13:15:00,7057.3
2019-06-03 13:30:00,7056.0
2019-06-03 13:45:00,7052.7
2019-06-03 14:00:00,7055.2
2019-06-03 14:15:00,7060.2
2019-06-03 14:30:00,7053.3
2019-06-03 14:45:00,7038.1
2019-06-03 15:00:00,7031.8
2019-06-03 15:15:00,7012.8
2019-06-03 15:30:00,6989.1
2019-06-03 15:45:00,6983.7
2019-06-03 16:00:00,6987.5
2019-06-03 16:15:00,6991.3
2019-06-03 16:30:00,6997.6
2019-06-03 16:45:00,6992.4
2019-06-03 17:00:00,6986.7
2019-06-03 17:15:00,6975.0
2019-06-03 17:30:00,6968.8
2019-06-03 17:45:00,6966.1
2019-06-03 18:00:00,6961.3
2019-06-03 18:15:00,6951.4
2019-06-03 18:30:00,6951.0
2019-06-03 18:45:00,6944.4
2019-06-03 19:00:00,6918.4
2019-06-03 19:15:00,6881.7
2019-06-03 19:30:00,6864.0
2019-06-03 19:45:00,6849.0
2019-06-03 20:00:00,6834.3
2019-06-03 20:15:00,6817.9
2019-06-03 20:30:00,6799.8
2019-06-03 20:45:00,6777.8
2019-06-03 21:00:00,6744.5
2019-06-03 21:15:00,6715.4
2019-06-03 21:30:00,6686.9
2019-06-03 21:45:00,6651.0
2019-06-03 22:00:00,6604.1
2019-06-03 22:15:00,6576.8
2019-06-03 22:30:00,6549.0
2019-06-03 22:45:00,6527.0
2019-06-03 23:00:00,6490.8
2019-06-03 23:15:00,6464.3
2019-06-03 23:30:00,6455.2
2019-06-03 23:45:00,6442.3
2019-06-04 00:00:00,6430.0
2019-06-04 00:15:00,6417.2
2019-06-04 00:30:00,6408.9
2019-06-04 00:45:00,6401.0
2019-06-04 01:00:00,6382.6
2019-06-04 01:15:00,6378.4
2019-06-04 01:30:00,6378.3
2019-06-04 01:45:00,6380.8
2019-06-04 02:00:00,6381.7
2019-06-04 02:15:00,6381.8
2019-06-04 02:30:00,6386.7
2019-06-04 02:45:00,6386.8
2019-06-04 03:00:00,6397.9
2019-06-04 03:15:00,6403.4
2019-06-04 03:30:00,6416.3
2019-06-04 03:45:00,6433.6
2019-06-04 04:00:00,6469.0
2019-06-04 04:15:00,6488.2
2019-06-04 04:30:00,6520.8
2019-06-04 04:45:00,6565.2
2019-06-04 05:00:00,6657.8
2019-06-04 05:15:00,6732.3
2019-06-04 05:30:00,6780.6
2019-06-04 05:45:00,6831.0
2019-06-04 06:00:00,6893.7
2019-06-04 06:15:00,6927.5
2019-06-04 06:30:00,6966.8
2019-06-04 06:45:00,6996.0
2019-06-04 07:00:00,7022.7
2019-06-04 07:15:00,7035.4
2019-06-04 07:30:00,7043.9
2019-06-04 07:45:00,7064.6
2019-06-04 08:00:00,7049.5
2019-06-04 08:15:00,7060.6
2019-06-04 08:30:00,7075.7
2019-06-04 08:45:00,7095.2
2019-06-04 09:00:00,7096.7
2019-06-04 09:15:00,7100.6
2019-06-04 09:30:00,7110.9
2019-06-04 09:45:00,7127.8
2019-06-04 10:00:00,7126.7
2019-06-04 10:15:00,7135.7
2019-06-04 10:30:00,7142.3
2019-06-04 10:45:00,7148.4
2019-06-04 11:00:00,7124.5
2019-06-04 11:15:00,7122.7
2019-06-04 11:30:00,7123.1
2019-06-04 11:45:00,7125.2
2019-06-04 12:00:00,7124.3
2019-06-04 12:15:00,7113.8
2019-06-04 12:30:00,7111.3
2019-06-04 12:45:00,7092.2
2019-06-04 13:00:00,7080.2
2019-06-04 13:15:00,7086.6
2019-06-04 13:30:00,7082.6
2019-06-04 13:45:00,7069.5
2019-06-04 14:00:00,7063.4
2019-06-04 14:15:00,7048.9
2019-06-04 14:30:00,7035.5
2019-06-04 14:45:00,7020.9
2019-06-04 15:00:00,7013.0
2019-06-04 15:15:00,7002.7
2019-06-04 15:30:00,6994.7
2019-06-04 15:45:00,6993.5
2019-06-04 16:00:00,6995.4
2019-06-04 16:15:00,6988.1
2019-06-04 16:30:00,6991.0
2019-06-04 16:45:00,6994.5
2019-06-04 17:00:00,6970.6
2019-06-04 17:15:00,6971.0
2019-06-04 17:30:00,6975.5
2019-06-04 17:45:00,6981.1
2019-06-04 18:00:00,6968.0
2019-06-04 18:15:00,6954.4
2019-06-04 18:30:00,6950.4
2019-06-04 18:45:00,6947.3
2019-06-04 19:00:00,6932.7
2019-06-04 19:15:00,6908.0
2019-06-04 19:30:00,6893.5
2019-06-04 19:45:00,6875.2
2019-06-04 20:00:00,6849.5
2019-06-04 20:15:00,6826.5
2019-06-04 20:30:00,6821.1
2019-06-04 20:45:00,6805.6
2019-06-04 21:00:00,6785.5
2019-06-04 21:15:00,6763.9
2019-06-04 21:30:00,6727.6
2019-06-04 21:45:00,6696.7
2019-06-04 22:00:00,6653.6
2019-06-04 22:15:00,6629.5
2019-06-04 22:30:00,6604.9
2019-06-04 22:45:00,6578.2
2019-06-04 23:00:00,6542.4
2019-06-04 23:15:00,6519.9
2019-06-04 23:30:00,6508.1
2019-06-04 23:45:00,6481.2
2019-06-05 00:00:00,6465.2
2019-06-05 00:15:00,6463.3
2019-06-05 00:30:00,6446.5
2019-06-05 00:45:00,6439.5
2019-06-05 01:00:00,6415.5
2019-06-05 01:15:00,6411.7
2019-06-05 01:30:00,6406.0
2019-06-05 01:45:00,6398.0
2019-06-05 02:00:00,6404.0
2019-06-05 02:15:00,6406.4
2019-06-05 02:30:00,6402.2
2019-06-05 02:45:00,6399.0
2019-06-05 03:00:00,6413.5
2019-06-05 03:15:00,6423.9
2019-06-05 03:30:00,6434.8
2019-06-05 03:45:00,6451.4
2019-06-05 04:00:00,6482.3
2019-06-05 04:15:00,6484.4
2019-06-05 04:30:00,6515.8
2019-06-05 04:45:00,6561.1
2019-06-05 05:00:00,6667.5
2019-06-05 05:15:00,6726.0
2019-06-05 05:30:00,6786.5
2019-06-05 05:45:00,6843.4
2019-06-05 06:00:00,6908.8
2019-06-05 06:15:00,6946.2
2019-06-05 06:30:00,6976.2
2019-06-05 06:45:00,6995.9
2019-06-05 07:00:00,7023.3
2019-06-05 07:15:00,7046.7
2019-06-05 07:30:00,7055.4
2019-06-05 07:45:00,7058.9
2019-06-05 08:00:00,7053.2
2019-06-05 08:15:00,7068.3
2019-06-05 08:30:00,7081.3
2019-06-05 08:45:00,7092.2
2019-06-05 09:00:00,7099.2
2019-06-05 09:15:00,7109.0
2019-06-05 09:30:00,7121.1
2019-06-05 09:45:00,7141.7
2019-06-05 10:00:00,7138.9
2019-06-05 10:15:00,7157.3
2019-06-05 10:30:00,7162.7
2019-06-05 10:45:00,7159.4
2019-06-05 11:00:00,7126.9
2019-06-05 11:15:00,7125.2
2019-06-05 11:30:00,7126.2
2019-06-05 11:45:00,7131.6
2019-06-05 12:00:00,7136.3
2019-06-05 12:15:00,7134.9
2019-06-05 12:30:00,7119.4
2019-06-05 12:45:00,7095.5
2019-06-05 13:00:00,7089.8
2019-06-05 13:15:00,7083.6
2019-06-05 13:30:00,7073.0
2019-06-05 13:45:00,7071.3
2019-06-05 14:00:00,7062.9
2019-06-05 14:15:00,7052.1
2019-06-05 14:30:00,7044.3
2019-06-05 14:45:00,7029.9
2019-06-05 15:00:00,7025.7
2019-06-05 15:15:00,7022.8
2019-06-05 15:30:00,7010.9
2019-06-05 15:45:00,7002.4
2019-06-05 16:00:00,7005.9
2019-06-05 16:15:00,7007.2
2019-06-05 16:30:00,7006.7
2019-06-05 16:45:00,6998.2
2019-06-05 17:00:00,6991.4
2019-06-05 17:15:00,6982.9
2019-06-05 17:30:00,6984.0
2019-06-05 17:45:00,6984.8
2019-06-05 18:00:00,6972.2
2019-06-05 18:15:00,6958.0
2019-06-05 18:30:00,6954.0
2019-06-05 18:45:00,6953.5
2019-06-05 19:00:00,6921.0
2019-06-05 19:15:00,6892.3
2019-06-05 19:30:00,6861.2
2019-06-05 19:45:00,6847.3
2019-06-05 20:00:00,6811.3
2019-06-05 20:15:00,6793.0
2019-06-05 20:30:00,6782.4
2019-06-05 20:45:00,6774.3
2019-06-05 21:00:00,6748.1
2019-06-05 21:15:00,6729.3
2019-06-05 21:30:00,6698.6
2019-06-05 21:45:00,6675.8
2019-06-05 22:00:00,6631.0
2019-06-05 22:15:00,6598.5
2019-06-05 22:30:00,6564.8
2019-06-05 22:45:00,6531.8
2019-06-05 23:00:00,6524.6
2019-06-05 23:15:00,6504.9
2019-06-05 23:30:00,6493.5
2019-06-05 23:45:00,6490.1
2019-06-06 00:00:00,6476.9
2019-06-06 00:15:00,6461.3
2019-06-06 00:30:00,6450.7
2019-06-06 00:45:00,6433.6
2019-06-06 01:00:00,6416.2
2019-06-06 01:15:00,6420.0
2019-06-06 01:30:00,6427.6
2019-06-06 01:45:00,6424.9
2019-06-06 02:00:00,6439.3
2019-06-06 02:15:00,6434.3
2019-06-06 02:30:00,6436.6
2019-06-06 02:45:00,6434.2
2019-06-06 03:00:00,6440.8
2019-06-06 03:15:00,6437.9
2019-06-06 03:30:00,6442.9
2019-06-06 03:45:00,6464.1
2019-06-06 04:00:00,6510.2
2019-06-06 04:15:00,6524.3
2019-06-06 04:30:00,6544.7
2019-06-06 04:45:00,6575.3
2019-06-06 05:00:00,6671.4
2019-06-06 05:15:00,6734.7
2019-06-06 05:30:00,6772.8
2019-06-06 05:45:00,6821.8
2019-06-06 06:00:00,6884.1
2019-06-06 06:15:00,6924.5
2019-06-06 06:30:00,6969.7
2019-06-06 06:45:00,7012.1
2019-06-06 07:00:00,7035.0
2019-06-06 07:15:00,7039.3
2019-06-06 07:30:00,7043.4
2019-06-06 07:45:00,7052.6
2019-06-06 08:00:00,7048.2
2019-06-06 08:15:00,7058.5
2019-06-06 08:30:00,7080.2
2019-06-06 08:45:00,7095.9
2019-06-06 09:00:00,7102.3
2019-06-06 09:15:00,7116.3
2019-06-06 09:30:00,7129.2
2019-06-06 09:45:00,7146.8
2019-06-06 10:00:00,7150.6
2019-06-06 10:15:00,7150.1
2019-06-06 10:30:00,7158.1
2019-06-06 10:45:00,7167.7
2019-06-06 11:00:00,7142.7
2019-06-06 11:15:00,7138.0
2019-06-06 11:30:00,7131.9
2019-06-06 11:45:00,7132.3
2019-06-06 12:00:00,7131.8
2019-06-06 12:15:00,7119.4
2019-06-06 12:30:00,7108.3
2019-06-06 12:45:00,7088.0
2019-06-06 13:00:00,7065.7
2019-06-06 13:15:00,7044.6
2019-06-06 13:30:00,7037.7
2019-06-06 13:45:00,7031.2
2019-06-06 14:00:00,7017.7
2019-06-06 14:15:00,7001.0
2019-06-06 14:30:00,6987.2
2019-06-06 14:45:00,6973.6
2019-06-06 15:00:00,6957.6
2019-06-06 15:15:00,6946.9
2019-06-06 15:30:00,6943.0
2019-06-06 15:45:00,6934.3
2019-06-06 16:00:00,6937.9
2019-06-06 16:15:00,6936.1
2019-06-06 16:30:00,6941.1
2019-06-06 16:45:00,6937.4
2019-06-06 17:00:00,6924.3
2019-06-06 17:15:00,6912.7
2019-06-06 17:30:00,6906.0
2019-06-06 17:45:00,6898.9
2019-06-06 18:00:00,6893.5
2019-06-06 18:15:00,6879.8
2019-06-06 18:30:00,6868.0
2019-06-06 18:45:00,6857.9
2019-06-06 19:00:00,6824.0
2019-06-06 19:15:00,6794.1
2019-06-06 19:30:00,6762.6
2019-06-06 19:45:00,6753.3
2019-06-06 20:00:00,6740.8
2019-06-06 20:15:00,6726.9
2019-06-06 20:30:00,6711.5
2019-06-06 20:45:00,6695.7
2019-06-06 21:00:00,6683.9
2019-06-06 21:15:00,6655.3
2019-06-06 21:30:00,6622.7
2019-06-06 21:45:00,6598.5
2019-06-06 22:00:00,6554.0
2019-06-06 22:15:00,6523.8
2019-06-06 22:30:00,6494.0
2019-06-06 22:45:00,6467.4
2019-06-06 23:00:00,6449.5
2019-06-06 23:15:00,6427.2
2019-06-06 23:30:00,6411.1
2019-06-06 23:45:00,6394.7
2019-06-07 00:00:00,6380.6
2019-06-07 00:15:00,6371.3
2019-06-07 00:30:00,6356.2
2019-06-07 00:45:00,6348.9
2019-06-07 01:00:00,6331.9
2019-06-07 01:15:00,6328.7
2019-06-07 01:30:00,6325.3
2019-06-07 01:45:00,6331.4
2019-06-07 02:00:00,6334.7
2019-06-07 02:15:00,6337.3
2019-06-07 02:30:00,6338.9
2019-06-07 02:45:00,6343.2
2019-06-07 03:00:00,6355.8
2019-06-07 03:15:00,6371.3
2019-06-07 03:30:00,6375.0
2019-06-07 03:45:00,6386.4
2019-06-07 04:00:00,6411.7
2019-06-07 04:15:00,6436.9
2019-06-07 04:30:00,6468.9
2019-06-07 04:45:00,6507.1
2019-06-07 05:00:00,6585.6
2019-06-07 05:15:00,6647.5
2019-06-07 05:30:00,6699.5
2019-06-07 05:45:00,6745.6
2019-06-07 06:00:00,6797.5
2019-06-07 06:15:00,6832.5
2019-06-07 06:30:00,6863.1
2019-06-07 06:45:00,6895.7
2019-06-07 07:00:00,6932.9
2019-06-07 07:15:00,6947.3
2019-06-07 07:30:00,6964.2
2019-06-07 07:45:00,6969.6
2019-06-07 08:00:00,6961.8
2019-06-07 08:15:00,6970.2
2019-06-07 08:30:00,6981.2
2019-06-07 08:45:00,6990.1
2019-06-07 09:00:00,6990.5
2019-06-07 09:15:00,7001.8
2019-06-07 09:30:00,7022.9
2019-06-07 09:45:00,7040.9
2019-06-07 10:00:00,7038.8
2019-06-07 10:15:00,7047.0
2019-06-07 10:30:00,7056.8
2019-06-07 10:45:00,7056.1
2019-06-07 11:00:00,7042.3
2019-06-07 11:15:00,7043.4
2019-06-07 11:30:00,7046.8
2019-06-07 11:45:00,7042.8
2019-06-07 12:00:00,7027.0
2019-06-07 12:15:00,7028.3
2019-06-07 12:30:00,7018.5
2019-06-07 12:45:00,7003.2
2019-06-07 13:00:00,6989.5
2019-06-07 13:15:00,6972.6
2019-06-07 13:30:00,6962.6
2019-06-07 13:45:00,6951.8
2019-06-07 14:00:00,6956.3
2019-06-07 14:15:00,6940.7
2019-06-07 14:30:00,6936.9
2019-06-07 14:45:00,6925.9
2019-06-07 15:00:00,6923.7
2019-06-07 15:15:00,6913.5
2019-06-07 15:30:00,6905.9
2019-06-07 15:45:00,6902.8
2019-06-07 16:00:00,6905.7
2019-06-07 16:15:00,6902.2
2019-06-07 16:30:00,6886.9
2019-06-07 16:45:00,6878.8
2019-06-07 17:00:00,6862.0
2019-06-07 17:15:00,6855.0
2019-06-07 17:30:00,6844.2
2019-06-07 17:45:00,6841.5
2019-06-07 18:00:00,6830.5
2019-06-07 18:15:00,6806.7
2019-06-07 18:30:00,6811.8
2019-06-07 18:45:00,6803.3
2019-06-07 19:00:00,6775.7
2019-06-07 19:15:00,6753.2
2019-06-07 19:30:00,6745.2
2019-06-07 19:45:00,6723.3
2019-06-07 20:00:00,6693.7
2019-06-07 20:15:00,6660.9
2019-06-07 20:30:00,6652.6
2019-06-07 20:45:00,6653.3
2019-06-07 21:00:00,6632.2
2019-06-07 21:15:00,6606.1
2019-06-07 21:30:00,6565.7
2019-06-07 21:45:00,6535.8
2019-06-07 22:00:00,6497.1
2019-06-07 22:15:00,6471.1
2019-06-07 22:30:00,6461.4
2019-06-07 22:45:00,6441.7
2019-06-07 23:00:00,6409.0
2019-06-07 23:15:00,6376.4
2019-06-07 23:30:00,6362.4
2019-06-07 23:45:00,6356.0
2019-06-08 00:00:00,6342.0
2019-06-08 00:15:00,6330.0
2019-06-08 00:30:00,6321.8
2019-06-08 00:45:00,6314.8
2019-06-08 01:00:00,6311.8
2019-06-08 01:15:00,6299.2
2019-06-08 01:30:00,6292.7
2019-06-08 01:45:00,6285.1
2019-06-08 02:00:00,6273.8
2019-06-08 02:15:00,6270.8
2019-06-08 02:30:00,6261.8
2019-06-08 02:45:00,6265.0
2019-06-08 03:00:00,6275.0
2019-06-08 03:15:00,6266.0
2019-06-08 03:30:00,6268.6
2019-06-08 03:45:00,6260.2
2019-06-08 04:00:00,6260.8
2019-06-08 04:15:00,6267.8
2019-06-08 04:30:00,6273.9
2019-06-08 04:45:00,6278.0
2019-06-08 05:00:00,6300.9
2019-06-08 05:15:00,6321.6
2019-06-08 05:30:00,6346.0
2019-06-08 05:45:00,6364.9
2019-06-08 06:00:00,6402.4
2019-06-08 06:15:00,6422.3
2019-06-08 06:30:00,6450.0
2019-06-08 06:45:00,6480.1
2019-06-08 07:00:00,6510.4
2019-06-08 07:15:00,6529.9
2019-06-08 07:30:00,6555.2
2019-06-08 07:45:00,6582.1
2019-06-08 08:00:00,6609.0
2019-06-08 08:15:00,6620.2
2019-06-08 08:30:00,6645.6
2019-06-08 08:45:00,6662.5
2019-06-08 09:00:00,6661.1
2019-06-08 09:15:00,6671.3
2019-06-08 09:30:00,6693.7
2019-06-08 09:45:00,6699.1
2019-06-08 10:00:00,6722.0
2019-06-08 10:15:00,6722.0
2019-06-08 10:30:00,6722.9
2019-06-08 10:45:00,6714.3
2019-06-08 11:00:00,6700.9
2019-06-08 11:15:00,6687.2
2019-06-08 11:30:00,6671.1
2019-06-08 11:45:00,6641.4
2019-06-08 12:00:00,6636.0
2019-06-08 12:15:00,6629.9
2019-06-08 12:30:00,6623.0
2019-06-08 12:45:00,6611.8
2019-06-08 13:00:00,6579.6
2019-06-08 13:15:00,6568.3
2019-06-08 13:30:00,6558.0
2019-06-08 13:45:00,6543.2
2019-06-08 14:00:00,6544.6
2019-06-08 14:15:00,6523.3
2019-06-08 14:30:00,6519.8
2019-06-08 14:45:00,6509.3
2019-06-08 15:00:00,6522.4
2019-06-08 15:15:00,6516.7
2019-06-08 15:30:00,6524.2
2019-06-08 15:45:00,6528.5
2019-06-08 16:00:00,6550.2
2019-06-08 16:15:00,6550.4
2019-06-08 16:30:00,6549.1
2019-06-08 16:45:00,6539.1
2019-06-08 17:00:00,6542.0
2019-06-08 17:15:00,6526.3
2019-06-08 17:30:00,6521.0
2019-06-08 17:45:00,6508.2
2019-06-08 18:00:00,6514.8
2019-06-08 18:15:00,6503.4
2019-06-08 18:30:00,6488.4
2019-06-08 18:45:00,6475.7
2019-06-08 19:00:00,6465.1
2019-06-08 19:15:00,6447.3
2019-06-08 19:30:00,6425.2
2019-06-08 19:45:00,6405.4
2019-06-08 20:00:00,6397.3
2019-06-08 20:15:00,6388.7
2019-06-08 20:30:00,6390.6
2019-06-08 20:45:00,6391.9
2019-06-08 21:00:00,6395.7
2019-06-08 21:15:00,6385.0
2019-06-08 21:30:00,6358.6
2019-06-08 21:45:00,6339.8
2019-06-08 22:00:00,6308.5
2019-06-08 22:15:00,6287.6
2019-06-08 22:30:00,6272.5
2019-06-08 22:45:00,6258.3
2019-06-08 23:00:00,6232.3
2019-06-08 23:15:00,6213.9
2019-06-08 23:30:00,6199.0
2019-06-08 23:45:00,6175.4
2019-06-09 00:00:00,6158.5
2019-06-09 00:15:00,6147.9
2019-06-09 00:30:00,6138.4
2019-06-09 00:45:00,6128.1
2019-06-09 01:00:00,6114.0
2019-06-09 01:15:00,6112.3
2019-06-09 01:30:00,6100.6
2019-06-09 01:45:00,6090.8
2019-06-09 02:00:00,6097.6
2019-06-09 02:15:00,6092.1
2019-06-09 02:30:00,6087.4
2019-06-09 02:45:00,6085.2
2019-06-09 03:00:00,6097.2
2019-06-09 03:15:00,6094.1
2019-06-09 03:30:00,6088.4
2019-06-09 03:45:00,6073.8
2019-06-09 04:00:00,6076.2
2019-06-09 04:15:00,6062.1
2019-06-09 04:30:00,6056.1
2019-06-09 04:45:00,6055.1
2019-06-09 05:00:00,6069.7
2019-06-09 05:15:00,6078.9
2019-06-09 05:30:00,6095.8
2019-06-09 05:45:00,6100.9
2019-06-09 06:00:00,6112.6
2019-06-09 06:15:00,6135.1
2019-06-09 06:30:00,6165.7
2019-06-09 06:45:00,6193.7
2019-06-09 07:00:00,6220.5
2019-06-09 07:15:00,6246.8
2019-06-09 07:30:00,6273.4
2019-06-09 07:45:00,6300.2
2019-06-09 08:00:00,6324.1
2019-06-09 08:15:00,6341.5
2019-06-09 08:30:00,6353.4
2019-06-09 08:45:00,6369.2
2019-06-09 09:00:00,6379.2
2019-06-09 09:15:00,6394.0
2019-06-09 09:30:00,6405.2
2019-06-09 09:45:00,6429.8
2019-06-09 10:00:00,6443.4
2019-06-09 10:15:00,6454.8
2019-06-09 10:30:00,6464.6
2019-06-09 10:45:00,6461.0
2019-06-09 11:00:00,6458.6
2019-06-09 11:15:00,6452.0
2019-06-09 11:30:00,6437.6
2019-06-09 11:45:00,6421.5
2019-06-09 12:00:00,6403.2
2019-06-09 12:15:00,6384.6
2019-06-09 12:30:00,6367.6
2019-06-09 12:45:00,6351.8
2019-06-09 13:00:00,6349.5
2019-06-09 13:15:00,6337.2
2019-06-09 13:30:00,6322.6
2019-06-09 13:45:00,6307.3
2019-06-09 14:00:00,6317.5
2019-06-09 14:15:00,6312.5
2019-06-09 14:30:00,6293.5
2019-06-09 14:45:00,6282.3
2019-06-09 15:00:00,6291.7
2019-06-09 15:15:00,6290.0
2019-06-09 15:30:00,6294.2
2019-06-09 15:45:00,6293.9
2019-06-09 16:00:00,6307.2
2019-06-09 16:15:00,6302.8
2019-06-09 16:30:00,6310.5
2019-06-09 16:45:00,6323.0
2019-06-09 17:00:00,6339.4
2019-06-09 17:15:00,6345.6
2019-06-09 17:30:00,6349.0
2019-06-09 17:45:00,6352.0
2019-06-09 18:00:00,6361.1
2019-06-09 18:15:00,6360.9
2019-06-09 18:30:00,6359.7
2019-06-09 18:45:00,6352.5
2019-06-09 19:00:00,6357.9
2019-06-09 19:15:00,6340.9
2019-06-09 19:30:00,6331.5
2019-06-09 19:45:00,6322.7
2019-06-09 20:00:00,6316.2
2019-06-09 20:15:00,6313.3
2019-06-09 20:30:00,6314.1
2019-06-09 20:45:00,6319.7
2019-06-09 21:00:00,6324.2
2019-06-09 21:15:00,6307.5
2019-06-09 21:30:00,6288.0
2019-06-09 21:45:00,6276.3
2019-06-09 22:00:00,6244.9
2019-06-09 22:15:00,6218.0
2019-06-09 22:30:00,6198.9
2019-06-09 22:45:00,6185.5
2019-06-09 23:00:00,6168.5
2019-06-09 23:15:00,6147.7
2019-06-09 23:30:00,6133.4
2019-06-09 23:45:00,6121.3
2019-06-10 00:00:00,6102.7
2019-06-10 00:15:00,6096.4
2019-06-10 00:30:00,6090.2
2019-06-10 00:45:00,6083.0
2019-06-10 01:00:00,6080.8
2019-06-10 01:15:00,6074.2
2019-06-10 01:30:00,6072.8
2019-06-10 01:45:00,6064.1
2019-06-10 02:00:00,6058.4
2019-06-10 02:15:00,6053.8
2019-06-10 02:30:00,6054.7
2019-06-10 02:45:00,6045.1
2019-06-10 03:00:00,6051.7
2019-06-10 03:15:00,6053.6
2019-06-10 03:30:00,6056.5
2019-06-10 03:45:00,6053.7
2019-06-10 04:00:00,6059.2
2019-06-10 04:15:00,6059.6
2019-06-10 04:30:00,6068.6
2019-06-10 04:45:00,6076.8
2019-06-10 05:00:00,6082.3
2019-06-10 05:15:00,6090.8
2019-06-10 05:30:00,6100.4
2019-06-10 05:45:00,6111.2
2019-06-10 06:00:00,6136.0
2019-06-10 06:15:00,6160.1
2019-06-10 06:30:00,6180.1
2019-06-10 06:45:00,6213.4
2019-06-10 07:00:00,6244.2
2019-06-10 07:15:00,6265.0
2019-06-10 07:30:00,6289.9
2019-06-10 07:45:00,6306.2
2019-06-10 08:00:00,6334.5
2019-06-10 08:15:00,6354.6
2019-06-10 08:30:00,6372.7
2019-06-10 08:45:00,6383.7
2019-06-10 09:00:00,6400.1
2019-06-10 09:15:00,6407.0
2019-06-10 09:30:00,6412.3
2019-06-10 09:45:00,6435.5
2019-06-10 10:00:00,6454.6
2019-06-10 10:15:00,6460.7
2019-06-10 10:30:00,6481.5
2019-06-10 10:45:00,6504.0
2019-06-10 11:00:00,6515.3
2019-06-10 11:15:00,6515.3
2019-06-10 11:30:00,6515.4
2019-06-10 11:45:00,6514.0
2019-06-10 12:00:00,6495.5
2019-06-10 12:15:00,6492.8
2019-06-10 12:30:00,6475.3
2019-06-10 12:45:00,6456.2
2019-06-10 13:00:00,6445.0
2019-06-10 13:15:00,6441.7
2019-06-10 13:30:00,6436.5
2019-06-10 13:45:00,6443.6
2019-06-10 14:00:00,6443.0
2019-06-10 14:15:00,6434.3
2019-06-10 14:30:00,6419.7
2019-06-10 14:45:00,6412.5
2019-06-10 15:00:00,6419.6
2019-06-10 15:15:00,6420.5
2019-06-10 15:30:00,6417.6
2019-06-10 15:45:00,6426.8
2019-06-10 16:00:00,6442.0
2019-06-10 16:15:00,6449.2
2019-06-10 16:30:00,6467.4
2019-06-10 16:45:00,6483.0
2019-06-10 17:00:00,6485.8
2019-06-10 17:15:00,6484.2
2019-06-10 17:30:00,6491.4
2019-06-10 17:45:00,6494.7
2019-06-10 18:00:00,6497.8
2019-06-10 18:15:00,6481.8
2019-06-10 18:30:00,6485.8
2019-06-10 18:45:00,6471.3
2019-06-10 19:00:00,6461.9
2019-06-10 19:15:00,6445.4
2019-06-10 19:30:00,6432.8
2019-06-10 19:45:00,6425.9
2019-06-10 20:00:00,6429.4
2019-06-10 20:15:00,6427.7
2019-06-10 20:30:00,6433.3
2019-06-10 20:45:00,6441.7
2019-06-10 21:00:00,6439.3
2019-06-10 21:15:00,6421.6
2019-06-10 21:30:00,6394.2
2019-06-10 21:45:00,6375.2
2019-06-10 22:00:00,6341.8
2019-06-10 22:15:00,6309.6
2019-06-10 22:30:00,6278.5
2019-06-10 22:45:00,6269.8
2019-06-10 23:00:00,6252.0
2019-06-10 23:15:00,6246.7
2019-06-10 23:30:00,6237.8
2019-06-10 23:45:00,6226.9
2019-06-11 00:00:00,6221.0
2019-06-11 00:15:00,6206.0
2019-06-11 00:30:00,6197.6
2019-06-11 00:45:00,6191.5
2019-06-11 01:00:00,6185.3
2019-06-11 01:15:00,6179.1
2019-06-11 01:30:00,6182.6
2019-06-11 01:45:00,6184.7
2019-06-11 02:00:00,6179.3
2019-06-11 02:15:00,6178.7
2019-06-11 02:30:00,6179.8
2019-06-11 02:45:00,6193.3
2019-06-11 03:00:00,6214.1
2019-06-11 03:15:00,6221.7
2019-06-11 03:30:00,6234.2
2019-06-11 03:45:00,6254.6
2019-06-11 04:00:00,6297.5
2019-06-11 04:15:00,6328.8
2019-06-11 04:30:00,6370.0
2019-06-11 04:45:00,6429.4
2019-06-11 05:00:00,6538.7
2019-06-11 05:15:00,6605.3
2019-06-11 05:30:00,6665.0
2019-06-11 05:45:00,6712.2
2019-06-11 06:00:00,6771.2
2019-06-11 06:15:00,6807.1
2019-06-11 06:30:00,6842.4
2019-06-11 06:45:00,6867.8
2019-06-11 07:00:00,6885.6
2019-06-11 07:15:00,6898.7
2019-06-11 07:30:00,6908.8
2019-06-11 07:45:00,6931.0
2019-06-11 08:00:00,6938.8
2019-06-11 08:15:00,6957.6
2019-06-11 08:30:00,6978.1
2019-06-11 08:45:00,7002.6
2019-06-11 09:00:00,7015.1
2019-06-11 09:15:00,7023.6
2019-06-11 09:30:00,7036.0
2019-06-11 09:45:00,7050.7
2019-06-11 10:00:00,7061.7
2019-06-11 10:15:00,7089.6
2019-06-11 10:30:00,7087.8
2019-06-11 10:45:00,7099.0
2019-06-11 11:00:00,7079.5
2019-06-11 11:15:00,7081.3
2019-06-11 11:30:00,7083.3
2019-06-11 11:45:00,7080.8
2019-06-11 12:00:00,7071.3
2019-06-11 12:15:00,7065.0
2019-06-11 12:30:00,7045.2
2019-06-11 12:45:00,7025.7
2019-06-11 13:00:00,7014.9
2019-06-11 13:15:00,7013.8
2019-06-11 13:30:00,7011.8
2019-06-11 13:45:00,7005.8
2019-06-11 14:00:00,7014.6
2019-06-11 14:15:00,7002.5
2019-06-11 14:30:00,6996.6
2019-06-11 14:45:00,6988.1
2019-06-11 15:00:00,6970.7
2019-06-11 15:15:00,6956.2
2019-06-11 15:30:00,6946.7
2019-06-11 15:45:00,6938.9
2019-06-11 16:00:00,6930.9
2019-06-11 16:15:00,6927.6
2019-06-11 16:30:00,6933.3
2019-06-11 16:45:00,6941.5
2019-06-11 17:00:00,6931.9
2019-06-11 17:15:00,6930.3
2019-06-11 17:30:00,6935.9
2019-06-11 17:45:00,6936.0
2019-06-11 18:00:00,6929.6
2019-06-11 18:15:00,6905.9
2019-06-11 18:30:00,6897.6
2019-06-11 18:45:00,6884.6
2019-06-11 19:00:00,6864.4
2019-06-11 19:15:00,6839.9
2019-06-11 19:30:00,6818.3
2019-06-11 19:45:00,6800.9
2019-06-11 20:00:00,6782.5
2019-06-11 20:15:00,6764.6
2019-06-11 20:30:00,6754.6
2019-06-11 20:45:00,6740.2
2019-06-11 21:00:00,6718.1
2019-06-11 21:15:00,6699.3
2019-06-11 21:30:00,6671.9
2019-06-11 21:45:00,6637.9
2019-06-11 22:00:00,6603.7
2019-06-11 22:15:00,6573.5
2019-06-11 22:30:00,6542.5
2019-06-11 22:45:00,6515.7
2019-06-11 23:00:00,6479.0
2019-06-11 23:15:00,6453.5
2019-06-11 23:30:00,6445.7
2019-06-11 23:45:00,6432.8
2019-06-12 00:00:00,6410.8
2019-06-12 00:15:00,6407.9
2019-06-12 00:30:00,6396.3
2019-06-12 00:45:00,6388.3
2019-06-12 01:00:00,6374.7
2019-06-12 01:15:00,6377.6
2019-06-12 01:30:00,6373.6
2019-06-12 01:45:00,6381.8
2019-06-12 02:00:00,6378.8
2019-06-12 02:15:00,6377.4
2019-06-12 02:30:00,6379.5
2019-06-12 02:45:00,6373.3
2019-06-12 03:00:00,6377.9
2019-06-12 03:15:00,6374.8
2019-06-12 03:30:00,6392.8
2019-06-12 03:45:00,6404.2
2019-06-12 04:00:00,6445.5
2019-06-12 04:15:00,6472.7
2019-06-12 04:30:00,6510.1
2019-06-12 04:45:00,6566.4
2019-06-12 05:00:00,6664.6
2019-06-12 05:15:00,6732.7
2019-06-12 05:30:00,6790.0
2019-06-12 05:45:00,6827.7
2019-06-12 06:00:00,6880.1
2019-06-12 06:15:00,6918.2
2019-06-12 06:30:00,6946.2
2019-06-12 06:45:00,6974.9
2019-06-12 07:00:00,7004.3
2019-06-12 07:15:00,7020.8
2019-06-12 07:30:00,7037.4
2019-06-12 07:45:00,7048.6
2019-06-12 08:00:00,7051.0
2019-06-12 08:15:00,7057.7
2019-06-12 08:30:00,7076.8
2019-06-12 08:45:00,7101.9
2019-06-12 09:00:00,7116.5
2019-06-12 09:15:00,7119.2
2019-06-12 09:30:00,7133.3
2019-06-12 09:45:00,7146.3
2019-06-12 10:00:00,7155.0
2019-06-12 10:15:00,7172.8
2019-06-12 10:30:00,7187.2
2019-06-12 10:45:00,7182.9
2019-06-12 11:00:00,7160.0
2019-06-12 11:15:00,7154.9
2019-06-12 11:30:00,7145.9
2019-06-12 11:45:00,7152.2
2019-06-12 12:00:00,7133.9
2019-06-12 12:15:00,7128.3
2019-06-12 12:30:00,7101.4
2019-06-12 12:45:00,7076.0
2019-06-12 13:00:00,7054.5
2019-06-12 13:15:00,7068.3
2019-06-12 13:30:00,7080.9
2019-06-12 13:45:00,7074.8
2019-06-12 14:00:00,7045.1
2019-06-12 14:15:00,7021.5
2019-06-12 14:30:00,7004.3
2019-06-12 14:45:00,6991.9
2019-06-12 15:00:00,6985.4
2019-06-12 15:15:00,6967.6
2019-06-12 15:30:00,6956.2
2019-06-12 15:45:00,6953.8
2019-06-12 16:00:00,6950.1
2019-06-12 16:15:00,6953.8
2019-06-12 16:30:00,6963.2
2019-06-12 16:45:00,6964.0
2019-06-12 17:00:00,6959.4
2019-06-12 17:15:00,6941.8
2019-06-12 17:30:00,6947.4
2019-06-12 17:45:00,6939.3
2019-06-12 18:00:00,6929.0
2019-06-12 18:15:00,6909.8
2019-06-12 18:30:00,6899.0
2019-06-12 18:45:00,6894.7
2019-06-12 19:00:00,6869.1
2019-06-12 19:15:00,6845.2
2019-06-12 19:30:00,6832.0
2019-06-12 19:45:00,6802.3
2019-06-12 20:00:00,6783.6
2019-06-12 20:15:00,6760.7
2019-06-12 20:30:00,6749.7
2019-06-12 20:45:00,6750.5
2019-06-12 21:00:00,6731.4
2019-06-12 21:15:00,6701.6
2019-06-12 21:30:00,6674.6
2019-06-12 21:45:00,6643.5
2019-06-12 22:00:00,6605.7
2019-06-12 22:15:00,6578.2
2019-06-12 22:30:00,6549.4
2019-06-12 22:45:00,6523.3
2019-06-12 23:00:00,6473.5
2019-06-12 23:15:00,6446.4
2019-06-12 23:30:00,6428.6
2019-06-12 23:45:00,6419.3
2019-06-13 00:00:00,6386.4
2019-06-13 00:15:00,6383.7
2019-06-13 00:30:00,6368.2
2019-06-13 00:45:00,6362.4
2019-06-13 01:00:00,6345.5
2019-06-13 01:15:00,6342.0
2019-06-13 01:30:00,6335.6
2019-06-13 01:45:00,6338.5
2019-06-13 02:00:00,6351.2
2019-06-13 02:15:00,6349.9
2019-06-13 02:30:00,6352.0
2019-06-13 02:45:00,6357.9
2019-06-13 03:00:00,6380.7
2019-06-13 03:15:00,6395.9
2019-06-13 03:30:00,6393.5
2019-06-13 03:45:00,6401.2
2019-06-13 04:00:00,6437.3
2019-06-13 04:15:00,6453.8
2019-06-13 04:30:00,6478.6
2019-06-13 04:45:00,6526.1
2019-06-13 05:00:00,6623.3
2019-06-13 05:15:00,6684.8
2019-06-13 05:30:00,6738.2
2019-06-13 05:45:00,6784.8
2019-06-13 06:00:00,6851.6
2019-06-13 06:15:00,6886.9
2019-06-13 06:30:00,6909.2
2019-06-13 06:45:00,6932.0
2019-06-13 07:00:00,6962.2
2019-06-13 07:15:00,6977.9
2019-06-13 07:30:00,6992.9
2019-06-13 07:45:00,7003.9
2019-06-13 08:00:00,7004.3
2019-06-13 08:15:00,7012.6
2019-06-13 08:30:00,7028.5
2019-06-13 08:45:00,7036.8
2019-06-13 09:00:00,7034.1
2019-06-13 09:15:00,7042.1
2019-06-13 09:30:00,7055.6
2019-06-13 09:45:00,7079.3
2019-06-13 10:00:00,7089.4
2019-06-13 10:15:00,7102.0
2019-06-13 10:30:00,7112.6
2019-06-13 10:45:00,7118.0
2019-06-13 11:00:00,7105.7
2019-06-13 11:15:00,7090.6
2019-06-13 11:30:00,7095.5
2019-06-13 11:45:00,7090.5
2019-06-13 12:00:00,7085.0
2019-06-13 12:15:00,7080.5
2019-06-13 12:30:00,7068.8
2019-06-13 12:45:00,7045.1
2019-06-13 13:00:00,7050.4
2019-06-13 13:15:00,7045.6
2019-06-13 13:30:00,7031.8
2019-06-13 13:45:00,7022.7
2019-06-13 14:00:00,7011.6
2019-06-13 14:15:00,6996.9
2019-06-13 14:30:00,6981.4
2019-06-13 14:45:00,6968.9
2019-06-13 15:00:00,6959.4
2019-06-13 15:15:00,6949.8
2019-06-13 15:30:00,6930.5
2019-06-13 15:45:00,6919.8
2019-06-13 16:00:00,6921.0
2019-06-13 16:15:00,6926.5
2019-06-13 16:30:00,6926.3
2019-06-13 16:45:00,6928.6
2019-06-13 17:00:00,6913.7
2019-06-13 17:15:00,6907.5
2019-06-13 17:30:00,6904.8
2019-06-13 17:45:00,6906.4
2019-06-13 18:00:00,6895.6
2019-06-13 18:15:00,6880.4
2019-06-13 18:30:00,6873.1
2019-06-13 18:45:00,6866.8
2019-06-13 19:00:00,6846.2
2019-06-13 19:15:00,6821.3
2019-06-13 19:30:00,6791.7
2019-06-13 19:45:00,6773.5
2019-06-13 20:00:00,6766.4
2019-06-13 20:15:00,6734.4
2019-06-13 20:30:00,6717.1
2019-06-13 20:45:00,6728.1
2019-06-13 21:00:00,6708.0
2019-06-13 21:15:00,6694.6
2019-06-13 21:30:00,6670.3
2019-06-13 21:45:00,6641.1
2019-06-13 22:00:00,6609.5
2019-06-13 22:15:00,6574.9
2019-06-13 22:30:00,6539.5
2019-06-13 22:45:00,6522.9
2019-06-13 23:00:00,6488.9
2019-06-13 23:15:00,6469.9
2019-06-13 23:30:00,6450.7
2019-06-13 23:45:00,6434.1
2019-06-14 00:00:00,6419.6
2019-06-14 00:15:00,6411.8
2019-06-14 00:30:00,6403.6
2019-06-14 00:45:00,6400.9
2019-06-14 01:00:00,6385.5
2019-06-14 01:15:00,6374.1
2019-06-14 01:30:00,6371.2
2019-06-14 01:45:00,6355.8
2019-06-14 02:00:00,6369.0
2019-06-14 02:15:00,6364.0
2019-06-14 02:30:00,6358.7
2019-06-14 02:45:00,6361.7
2019-06-14 03:00:00,6371.8
2019-06-14 03:15:00,6370.9
2019-06-14 03:30:00,6387.8
2019-06-14 03:45:00,6388.1
2019-06-14 04:00:00,6419.3
2019-06-14 04:15:00,6436.0
2019-06-14 04:30:00,6463.5
2019-06-14 04:45:00,6515.1
2019-06-14 05:00:00,6606.5
2019-06-14 05:15:00,6669.5
2019-06-14 05:30:00,6721.8
2019-06-14 05:45:00,6763.1
2019-06-14 06:00:00,6820.7
2019-06-14 06:15:00,6852.0
2019-06-14 06:30:00,6883.6
2019-06-14 06:45:00,6911.3
2019-06-14 07:00:00,6956.3
2019-06-14 07:15:00,6971.6
2019-06-14 07:30:00,6989.0
2019-06-14 07:45:00,7010.4
2019-06-14 08:00:00,7008.1
2019-06-14 08:15:00,7010.1
2019-06-14 08:30:00,7023.8
2019-06-14 08:45:00,7038.3
2019-06-14 09:00:00,7044.4
2019-06-14 09:15:00,7057.4
2019-06-14 09:30:00,7076.1
2019-06-14 09:45:00,7087.9
2019-06-14 10:00:00,7089.9
2019-06-14 10:15:00,7088.3
2019-06-14 10:30:00,7091.2
2019-06-14 10:45:00,7087.7
2019-06-14 11:00:00,7073.7
2019-06-14 11:15:00,7064.3
2019-06-14 11:30:00,7057.3
2019-06-14 11:45:00,7038.5
2019-06-14 12:00:00,7032.9
2019-06-14 12:15:00,7019.4
2019-06-14 12:30:00,7006.2
2019-06-14 12:45:00,6987.1
2019-06-14 13:00:00,6978.8
2019-06-14 13:15:00,6989.1
2019-06-14 13:30:00,6979.0
2019-06-14 13:45:00,6976.3
2019-06-14 14:00:00,6976.4
2019-06-14 14:15:00,6964.1
2019-06-14 14:30:00,6950.9
2019-06-14 14:45:00,6942.9
2019-06-14 15:00:00,6925.3
2019-06-14 15:15:00,6916.3
2019-06-14 15:30:00,6909.3
2019-06-14 15:45:00,6913.1
2019-06-14 16:00:00,6917.3
2019-06-14 16:15:00,6901.0
2019-06-14 16:30:00,6906.8
2019-06-14 16:45:00,6909.4
2019-06-14 17:00:00,6897.2
2019-06-14 17:15:00,6882.0
2019-06-14 17:30:00,6896.3
2019-06-14 17:45:00,6895.2
2019-06-14 18:00:00,6884.2
2019-06-14 18:15:00,6872.0
2019-06-14 18:30:00,6862.5
2019-06-14 18:45:00,6848.1
2019-06-14 19:00:00,6823.9
2019-06-14 19:15:00,6792.0
2019-06-14 19:30:00,6769.1
2019-06-14 19:45:00,6746.1
2019-06-14 20:00:00,6726.7
2019-06-14 20:15:00,6707.5
2019-06-14 20:30:00,6705.1
2019-06-14 20:45:00,6687.3
2019-06-14 21:00:00,6677.3
2019-06-14 21:15:00,6664.8
2019-06-14 21:30:00,6636.7
2019-06-14 21:45:00,6609.6
2019-06-14 22:00:00,6570.9
2019-06-14 22:15:00,6543.7
2019-06-14 22:30:00,6517.2
2019-06-14 22:45:00,6494.3
2019-06-14 23:00:00,6455.1
2019-06-14 23:15:00,6433.7
2019-06-14 23:30:00,6412.0
2019-06-14 23:45:00,6392.8
2019-06-15 00:00:00,6374.6
2019-06-15 00:15:00,6354.0
2019-06-15 00:30:00,6337.3
2019-06-15 00:45:00,6328.2
2019-06-15 01:00:00,6311.1
2019-06-15 01:15:00,6300.1
2019-06-15 01:30:00,6292.3
2019-06-15 01:45:00,6290.4
2019-06-15 02:00:00,6290.4
2019-06-15 02:15:00,6286.9
2019-06-15 02:30:00,6281.5
2019-06-15 02:45:00,6285.2
2019-06-15 03:00:00,6275.7
2019-06-15 03:15:00,6268.4
2019-06-15 03:30:00,6263.3
2019-06-15 03:45:00,6257.1
2019-06-15 04:00:00,6246.8
2019-06-15 04:15:00,6235.6
2019-06-15 04:30:00,6235.6
2019-06-15 04:45:00,6250.1
2019-06-15 05:00:00,6293.6
2019-06-15 05:15:00,6311.5
2019-06-15 05:30:00,6338.5
2019-06-15 05:45:00,6379.3
2019-06-15 06:00:00,6425.1
2019-06-15 06:15:00,6448.2
2019-06-15 06:30:00,6477.3
2019-06-15 06:45:00,6503.0
2019-06-15 07:00:00,6523.2
2019-06-15 07:15:00,6545.4
2019-06-15 07:30:00,6571.9
2019-06-15 07:45:00,6603.9
2019-06-15 08:00:00,6626.7
2019-06-15 08:15:00,6656.8
2019-06-15 08:30:00,6677.8
2019-06-15 08:45:00,6708.7
2019-06-15 09:00:00,6729.5
2019-06-15 09:15:00,6751.8
2019-06-15 09:30:00,6760.6
2019-06-15 09:45:00,6765.6
2019-06-15 10:00:00,6758.9
2019-06-15 10:15:00,6765.6
2019-06-15 10:30:00,6770.1
2019-06-15 10:45:00,6763.6
2019-06-15 11:00:00,6738.0
2019-06-15 11:15:00,6721.5
2019-06-15 11:30:00,6717.7
2019-06-15 11:45:00,6697.5
2019-06-15 12:00:00,6670.3
2019-06-15 12:15:00,6653.8
2019-06-15 12:30:00,6632.2
2019-06-15 12:45:00,6621.6
2019-06-15 13:00:00,6612.7
2019-06-15 13:15:00,6592.2
2019-06-15 13:30:00,6577.2
2019-06-15 13:45:00,6557.4
2019-06-15 14:00:00,6561.8
2019-06-15 14:15:00,6554.1
2019-06-15 14:30:00,6571.6
2019-06-15 14:45:00,6579.6
2019-06-15 15:00:00,6582.8
2019-06-15 15:15:00,6582.8
2019-06-15 15:30:00,6570.4
2019-06-15 15:45:00,6581.3
2019-06-15 16:00:00,6600.9
2019-06-15 16:15:00,6596.3
2019-06-15 16:30:00,6596.2
2019-06-15 16:45:00,6593.0
2019-06-15 17:00:00,6587.5
2019-06-15 17:15:00,6585.0
2019-06-15 17:30:00,6580.5
2019-06-15 17:45:00,6580.5
2019-06-15 18:00:00,6594.1
2019-06-15 18:15:00,6573.3
2019-06-15 18:30:00,6559.9
2019-06-15 18:45:00,6541.8
2019-06-15 19:00:00,6523.6
2019-06-15 19:15:00,6494.6
2019-06-15 19:30:00,6475.9
2019-06-15 19:45:00,6453.5
2019-06-15 20:00:00,6444.9
2019-06-15 20:15:00,6428.5
2019-06-15 20:30:00,6424.8
2019-06-15 20:45:00,6428.4
2019-06-15 21:00:00,6432.8
2019-06-15 21:15:00,6419.1
2019-06-15 21:30:00,6403.1
2019-06-15 21:45:00,6384.9
2019-06-15 22:00:00,6344.3
2019-06-15 22:15:00,6312.9
2019-06-15 22:30:00,6299.2
2019-06-15 22:45:00,6283.2
2019-06-15 23:00:00,6240.5
2019-06-15 23:15:00,6221.3
2019-06-15 23:30:00,6209.1
2019-06-15 23:45:00,6196.9
2019-06-16 00:00:00,6168.4
2019-06-16 00:15:00,6160.0
2019-06-16 00:30:00,6155.3
2019-06-16 00:45:00,6149.7
2019-06-16 01:00:00,6145.9
2019-06-16 01:15:00,6138.9
2019-06-16 01:30:00,6134.7
2019-06-16 01:45:00,6134.3
2019-06-16 02:00:00,6135.6
2019-06-16 02:15:00,6133.4
2019-06-16 02:30:00,6121.0
2019-06-16 02:45:00,6121.7
2019-06-16 03:00:00,6130.0
2019-06-16 03:15:00,6136.5
2019-06-16 03:30:00,6134.7
2019-06-16 03:45:00,6132.0
2019-06-16 04:00:00,6133.4
2019-06-16 04:15:00,6133.9
2019-06-16 04:30:00,6132.5
2019-06-16 04:45:00,6137.9
2019-06-16 05:00:00,6148.6
2019-06-16 05:15:00,6151.2
2019-06-16 05:30:00,6159.9
2019-06-16 05:45:00,6181.0
2019-06-16 06:00:00,6206.1
2019-06-16 06:15:00,6219.7
2019-06-16 06:30:00,6244.2
2019-06-16 06:45:00,6271.0
2019-06-16 07:00:00,6300.5
2019-06-16 07:15:00,6325.1
2019-06-16 07:30:00,6345.3
2019-06-16 07:45:00,6360.2
2019-06-16 08:00:00,6386.9
2019-06-16 08:15:00,6403.1
2019-06-16 08:30:00,6414.5
2019-06-16 08:45:00,6433.2
2019-06-16 09:00:00,6445.1
2019-06-16 09:15:00,6454.9
2019-06-16 09:30:00,6481.0
2019-06-16 09:45:00,6504.6
2019-06-16 10:00:00,6527.4
2019-06-16 10:15:00,6551.0
2019-06-16 10:30:00,6562.6
2019-06-16 10:45:00,6560.1
2019-06-16 11:00:00,6566.6
2019-06-16 11:15:00,6561.8
2019-06-16 11:30:00,6542.0
2019-06-16 11:45:00,6520.3
2019-06-16 12:00:00,6512.6
2019-06-16 12:15:00,6499.3
2019-06-16 12:30:00,6495.5
2019-06-16 12:45:00,6479.7
2019-06-16 13:00:00,6474.5
2019-06-16 13:15:00,6463.1
2019-06-16 13:30:00,6451.5
2019-06-16 13:45:00,6435.1
2019-06-16 14:00:00,6448.8
2019-06-16 14:15:00,6440.4
2019-06-16 14:30:00,6442.0
2019-06-16 14:45:00,6429.8
2019-06-16 15:00:00,6432.7
2019-06-16 15:15:00,6425.6
2019-06-16 15:30:00,6418.4
2019-06-16 15:45:00,6428.5
2019-06-16 16:00:00,6452.6
2019-06-16 16:15:00,6445.8
2019-06-16 16:30:00,6442.2
2019-06-16 16:45:00,6457.1
2019-06-16 17:00:00,6482.0
2019-06-16 17:15:00,6485.6
2019-06-16 17:30:00,6484.3
2019-06-16 17:45:00,6495.5
2019-06-16 18:00:00,6501.6
2019-06-16 18:15:00,6483.5
2019-06-16 18:30:00,6482.9
2019-06-16 18:45:00,6481.4
2019-06-16 19:00:00,6483.8
2019-06-16 19:15:00,6471.5
2019-06-16 19:30:00,6464.8
2019-06-16 19:45:00,6453.7
2019-06-16 20:00:00,6444.6
2019-06-16 20:15:00,6438.2
2019-06-16 20:30:00,6435.6
2019-06-16 20:45:00,6450.4
2019-06-16 21:00:00,6470.1
2019-06-16 21:15:00,6470.1
2019-06-16 21:30:00,6457.9
2019-06-16 21:45:00,6438.9
2019-06-16 22:00:00,6404.2
2019-06-16 22:15:00,6383.6
2019-06-16 22:30:00,6354.6
2019-06-16 22:45:00,6338.4
2019-06-16 23:00:00,6318.1
2019-06-16 23:15:00,6301.7
2019-06-16 23:30:00,6296.9
2019-06-16 23:45:00,6275.4
2019-06-17 00:00:00,6267.9
2019-06-17 00:15:00,6259.3
2019-06-17 00:30:00,6252.4
2019-06-17 00:45:00,6241.0
2019-06-17 01:00:00,6231.3
2019-06-17 01:15:00,6221.5
2019-06-17 01:30:00,6222.4
2019-06-17 01:45:00,6223.9
2019-06-17 02:00:00,6230.7
2019-06-17 02:15:00,6235.3
2019-06-17 02:30:00,6230.7
2019-06-17 02:45:00,6244.0
2019-06-17 03:00:00,6271.5
2019-06-17 03:15:00,6287.5
2019-06-17 03:30:00,6292.1
2019-06-17 03:45:00,6306.1
2019-06-17 04:00:00,6346.6
2019-06-17 04:15:00,6364.9
2019-06-17 04:30:00,6408.1
2019-06-17 04:45:00,6458.4
2019-06-17 05:00:00,6555.2
2019-06-17 05:15:00,6627.1
2019-06-17 05:30:00,6682.2
2019-06-17 05:45:00,6735.4
2019-06-17 06:00:00,6799.1
2019-06-17 06:15:00,6842.0
2019-06-17 06:30:00,6872.2
2019-06-17 06:45:00,6894.8
2019-06-17 07:00:00,6940.1
2019-06-17 07:15:00,6957.2
2019-06-17 07:30:00,6974.1
2019-06-17 07:45:00,6992.1
2019-06-17 08:00:00,6980.7
2019-06-17 08:15:00,6987.2
2019-06-17 08:30:00,7004.8
2019-06-17 08:45:00,7016.7
2019-06-17 09:00:00,7027.0
2019-06-17 09:15:00,7027.0
2019-06-17 09:30:00,7036.4
2019-06-17 09:45:00,7051.6
2019-06-17 10:00:00,7061.6
2019-06-17 10:15:00,7063.4
2019-06-17 10:30:00,7087.0
2019-06-17 10:45:00,7089.1
2019-06-17 11:00:00,7067.4
2019-06-17 11:15:00,7065.8
2019-06-17 11:30:00,7069.9
2019-06-17 11:45:00,7070.4
2019-06-17 12:00:00,7066.3
2019-06-17 12:15:00,7067.4
2019-06-17 12:30:00,7051.0
2019-06-17 12:45:00,7037.7
2019-06-17 13:00:00,7029.6
2019-06-17 13:15:00,7025.6
2019-06-17 13:30:00,7014.4
2019-06-17 13:45:00,7004.0
2019-06-17 14:00:00,6996.2
2019-06-17 14:15:00,6989.4
2019-06-17 14:30:00,6971.2
2019-06-17 14:45:00,6961.3
2019-06-17 15:00:00,6956.5
2019-06-17 15:15:00,6944.9
2019-06-17 15:30:00,6935.5
2019-06-17 15:45:00,6935.2
2019-06-17 16:00:00,6939.2
2019-06-17 16:15:00,6935.0
2019-06-17 16:30:00,6934.7
2019-06-17 16:45:00,6936.4
2019-06-17 17:00:00,6929.9
2019-06-17 17:15:00,6921.1
2019-06-17 17:30:00,6925.6
2019-06-17 17:45:00,6933.2
2019-06-17 18:00:00,6930.5
2019-06-17 18:15:00,6906.6
2019-06-17 18:30:00,6902.4
2019-06-17 18:45:00,6897.6
2019-06-17 19:00:00,6875.2
2019-06-17 19:15:00,6844.8
2019-06-17 19:30:00,6821.3
2019-06-17 19:45:00,6804.3
2019-06-17 20:00:00,6783.2
2019-06-17 20:15:00,6764.6
2019-06-17 20:30:00,6748.6
2019-06-17 20:45:00,6742.0
2019-06-17 21:00:00,6720.0
2019-06-17 21:15:00,6705.4
2019-06-17 21:30:00,6673.8
2019-06-17 21:45:00,6648.0
2019-06-17 22:00:00,6608.1
2019-06-17 22:15:00,6577.1
2019-06-17 22:30:00,6547.9
2019-06-17 22:45:00,6521.0
2019-06-17 23:00:00,6471.6
2019-06-17 23:15:00,6460.5
2019-06-17 23:30:00,6448.7
2019-06-17 23:45:00,6426.8
2019-06-18 00:00:00,6407.9
2019-06-18 00:15:00,6403.3
2019-06-18 00:30:00,6396.5
2019-06-18 00:45:00,6397.2
2019-06-18 01:00:00,6373.2
2019-06-18 01:15:00,6374.2
2019-06-18 01:30:00,6376.4
2019-06-18 01:45:00,6374.7
2019-06-18 02:00:00,6375.9
2019-06-18 02:15:00,6374.2
2019-06-18 02:30:00,6377.8
2019-06-18 02:45:00,6379.2
2019-06-18 03:00:00,6389.6
2019-06-18 03:15:00,6400.8
2019-06-18 03:30:00,6406.1
2019-06-18 03:45:00,6407.3
2019-06-18 04:00:00,6436.2
2019-06-18 04:15:00,6463.3
2019-06-18 04:30:00,6489.3
2019-06-18 04:45:00,6537.4
2019-06-18 05:00:00,6634.6
2019-06-18 05:15:00,6698.3
2019-06-18 05:30:00,6755.0
2019-06-18 05:45:00,6801.0
2019-06-18 06:00:00,6854.8
2019-06-18 06:15:00,6903.7
2019-06-18 06:30:00,6933.7
2019-06-18 06:45:00,6964.8
2019-06-18 07:00:00,6990.8
2019-06-18 07:15:00,7015.6
2019-06-18 07:30:00,7032.7
2019-06-18 07:45:00,7045.1
2019-06-18 08:00:00,7039.7
2019-06-18 08:15:00,7052.2
2019-06-18 08:30:00,7074.6
2019-06-18 08:45:00,7085.9
2019-06-18 09:00:00,7089.8
2019-06-18 09:15:00,7095.4
2019-06-18 09:30:00,7110.9
2019-06-18 09:45:00,7120.2
2019-06-18 10:00:00,7132.7
2019-06-18 10:15:00,7148.7
2019-06-18 10:30:00,7165.2
2019-06-18 10:45:00,7171.1
2019-06-18 11:00:00,7145.1
2019-06-18 11:15:00,7130.4
2019-06-18 11:30:00,7124.9
2019-06-18 11:45:00,7124.3
2019-06-18 12:00:00,7123.0
2019-06-18 12:15:00,7107.4
2019-06-18 12:30:00,7100.9
2019-06-18 12:45:00,7085.9
2019-06-18 13:00:00,7079.1
2019-06-18 13:15:00,7085.9
2019-06-18 13:30:00,7070.1
2019-06-18 13:45:00,7076.3
2019-06-18 14:00:00,7072.5
2019-06-18 14:15:00,7064.1
2019-06-18 14:30:00,7045.2
2019-06-18 14:45:00,7036.7
2019-06-18 15:00:00,7034.5
2019-06-18 15:15:00,7022.4
2019-06-18 15:30:00,7014.0
2019-06-18 15:45:00,7009.0
2019-06-18 16:00:00,7008.8
2019-06-18 16:15:00,7004.1
2019-06-18 16:30:00,7013.3
2019-06-18 16:45:00,7012.0
2019-06-18 17:00:00,6999.6
2019-06-18 17:15:00,6982.0
2019-06-18 17:30:00,6981.9
2019-06-18 17:45:00,6982.6
2019-06-18 18:00:00,6977.3
2019-06-18 18:15:00,6954.4
2019-06-18 18:30:00,6951.5
2019-06-18 18:45:00,6952.0
2019-06-18 19:00:00,6927.6
2019-06-18 19:15:00,6884.9
2019-06-18 19:30:00,6865.9
2019-06-18 19:45:00,6845.0
2019-06-18 20:00:00,6827.2
2019-06-18 20:15:00,6810.9
2019-06-18 20:30:00,6789.9
2019-06-18 20:45:00,6772.2
2019-06-18 21:00:00,6767.0
2019-06-18 21:15:00,6748.5
2019-06-18 21:30:00,6703.9
2019-06-18 21:45:00,6675.9
2019-06-18 22:00:00,6636.9
2019-06-18 22:15:00,6605.1
2019-06-18 22:30:00,6573.3
2019-06-18 22:45:00,6548.2
2019-06-18 23:00:00,6511.5
2019-06-18 23:15:00,6493.5
2019-06-18 23:30:00,6480.5
2019-06-18 23:45:00,6464.0
2019-06-19 00:00:00,6445.4
2019-06-19 00:15:00,6435.2
2019-06-19 00:30:00,6425.8
2019-06-19 00:45:00,6412.7
2019-06-19 01:00:00,6396.5
2019-06-19 01:15:00,6389.3
2019-06-19 01:30:00,6383.4
2019-06-19 01:45:00,6384.2
2019-06-19 02:00:00,6388.3
2019-06-19 02:15:00,6394.2
2019-06-19 02:30:00,6388.7
2019-06-19 02:45:00,6384.5
2019-06-19 03:00:00,6392.4
2019-06-19 03:15:00,6406.0
2019-06-19 03:30:00,6411.3
2019-06-19 03:45:00,6421.8
2019-06-19 04:00:00,6445.0
2019-06-19 04:15:00,6464.8
2019-06-19 04:30:00,6487.4
2019-06-19 04:45:00,6528.2
2019-06-19 05:00:00,6625.9
2019-06-19 05:15:00,6698.9
2019-06-19 05:30:00,6761.4
2019-06-19 05:45:00,6804.9
2019-06-19 06:00:00,6858.7
2019-06-19 06:15:00,6891.7
2019-06-19 06:30:00,6922.9
2019-06-19 06:45:00,6944.6
2019-06-19 07:00:00,6984.6
2019-06-19 07:15:00,7007.6
2019-06-19 07:30:00,7017.9
2019-06-19 07:45:00,7031.6
2019-06-19 08:00:00,7028.5
2019-06-19 08:15:00,7040.2
2019-06-19 08:30:00,7062.9
2019-06-19 08:45:00,7074.8
2019-06-19 09:00:00,7087.8
2019-06-19 09:15:00,7098.5
2019-06-19 09:30:00,7115.4
2019-06-19 09:45:00,7132.0
2019-06-19 10:00:00,7139.9
2019-06-19 10:15:00,7152.2
2019-06-19 10:30:00,7158.6
2019-06-19 10:45:00,7162.2
2019-06-19 11:00:00,7156.9
2019-06-19 11:15:00,7156.2
2019-06-19 11:30:00,7154.1
2019-06-19 11:45:00,7159.7
2019-06-19 12:00:00,7157.4
2019-06-19 12:15:00,7145.9
2019-06-19 12:30:00,7127.1
2019-06-19 12:45:00,7112.1
2019-06-19 13:00:00,7111.7
2019-06-19 13:15:00,7103.8
2019-06-19 13:30:00,7093.0
2019-06-19 13:45:00,7088.4
2019-06-19 14:00:00,7081.7
2019-06-19 14:15:00,7073.7
2019-06-19 14:30:00,7042.7
2019-06-19 14:45:00,7019.8
2019-06-19 15:00:00,7019.1
2019-06-19 15:15:00,7002.2
2019-06-19 15:30:00,7000.1
2019-06-19 15:45:00,7001.1
2019-06-19 16:00:00,7006.9
2019-06-19 16:15:00,7007.9
2019-06-19 16:30:00,7010.2
2019-06-19 16:45:00,6998.5
2019-06-19 17:00:00,6994.9
2019-06-19 17:15:00,6981.5
2019-06-19 17:30:00,6979.2
2019-06-19 17:45:00,6975.1
2019-06-19 18:00:00,6959.5
2019-06-19 18:15:00,6938.3
2019-06-19 18:30:00,6927.2
2019-06-19 18:45:00,6924.8
2019-06-19 19:00:00,6895.7
2019-06-19 19:15:00,6866.2
2019-06-19 19:30:00,6837.1
2019-06-19 19:45:00,6805.3
2019-06-19 20:00:00,6775.0
2019-06-19 20:15:00,6757.9
2019-06-19 20:30:00,6739.6
2019-06-19 20:45:00,6731.4
2019-06-19 21:00:00,6697.6
2019-06-19 21:15:00,6675.8
2019-06-19 21:30:00,6652.7
2019-06-19 21:45:00,6629.1
2019-06-19 22:00:00,6562.9
2019-06-19 22:15:00,6515.2
2019-06-19 22:30:00,6480.5
2019-06-19 22:45:00,6468.5
2019-06-19 23:00:00,6437.9
2019-06-19 23:15:00,6428.9
2019-06-19 23:30:00,6409.5
2019-06-19 23:45:00,6395.3
2019-06-20 00:00:00,6375.2
2019-06-20 00:15:00,6357.7
2019-06-20 00:30:00,6341.2
2019-06-20 00:45:00,6332.3
2019-06-20 01:00:00,6333.4
2019-06-20 01:15:00,6326.5
2019-06-20 01:30:00,6332.6
2019-06-20 01:45:00,6343.6
2019-06-20 02:00:00,6337.0
2019-06-20 02:15:00,6335.7
2019-06-20 02:30:00,6330.2
2019-06-20 02:45:00,6321.3
2019-06-20 03:00:00,6326.5
2019-06-20 03:15:00,6322.2
2019-06-20 03:30:00,6319.5
2019-06-20 03:45:00,6311.7
2019-06-20 04:00:00,6315.2
2019-06-20 04:15:00,6311.1
2019-06-20 04:30:00,6309.9
2019-06-20 04:45:00,6312.4
2019-06-20 05:00:00,6342.8
2019-06-20 05:15:00,6365.6
2019-06-20 05:30:00,6376.9
2019-06-20 05:45:00,6404.1
2019-06-20 06:00:00,6446.7
2019-06-20 06:15:00,6487.0
2019-06-20 06:30:00,6506.9
2019-06-20 06:45:00,6529.7
2019-06-20 07:00:00,6542.4
2019-06-20 07:15:00,6565.9
2019-06-20 07:30:00,6583.5
2019-06-20 07:45:00,6595.2
2019-06-20 08:00:00,6602.1
2019-06-20 08:15:00,6612.3
2019-06-20 08:30:00,6632.2
2019-06-20 08:45:00,6652.1
2019-06-20 09:00:00,6662.8
2019-06-20 09:15:00,6672.1
2019-06-20 09:30:00,6691.5
2019-06-20 09:45:00,6709.4
2019-06-20 10:00:00,6730.0
2019-06-20 10:15:00,6740.7
2019-06-20 10:30:00,6751.5
2019-06-20 10:45:00,6757.4
2019-06-20 11:00:00,6759.9
2019-06-20 11:15:00,6749.0
2019-06-20 11:30:00,6741.1
2019-06-20 11:45:00,6740.5
2019-06-20 12:00:00,6727.5
2019-06-20 12:15:00,6715.4
2019-06-20 12:30:00,6696.9
2019-06-20 12:45:00,6684.0
2019-06-20 13:00:00,6681.9
2019-06-20 13:15:00,6665.8
2019-06-20 13:30:00,6665.8
2019-06-20 13:45:00,6651.7
2019-06-20 14:00:00,6656.4
2019-06-20 14:15:00,6636.9
2019-06-20 14:30:00,6628.0
2019-06-20 14:45:00,6613.0
2019-06-20 15:00:00,6611.9
2019-06-20 15:15:00,6606.3
2019-06-20 15:30:00,6596.2
2019-06-20 15:45:00,6590.8
2019-06-20 16:00:00,6602.9
2019-06-20 16:15:00,6606.1
2019-06-20 16:30:00,6620.5
2019-06-20 16:45:00,6627.1
2019-06-20 17:00:00,6644.1
2019-06-20 17:15:00,6641.7
2019-06-20 17:30:00,6641.6
2019-06-20 17:45:00,6642.2
2019-06-20 18:00:00,6630.1
2019-06-20 18:15:00,6616.5
2019-06-20 18:30:00,6616.6
2019-06-20 18:45:00,6610.9
2019-06-20 19:00:00,6591.6
2019-06-20 19:15:00,6584.9
2019-06-20 19:30:00,6567.3
2019-06-20 19:45:00,6553.8
2019-06-20 20:00:00,6540.0
2019-06-20 20:15:00,6540.2
2019-06-20 20:30:00,6532.1
2019-06-20 20:45:00,6536.7
2019-06-20 21:00:00,6539.7
2019-06-20 21:15:00,6529.0
2019-06-20 21:30:00,6510.6
2019-06-20 21:45:00,6479.2
2019-06-20 22:00:00,6447.2
2019-06-20 22:15:00,6412.6
2019-06-20 22:30:00,6384.6
2019-06-20 22:45:00,6360.1
2019-06-20 23:00:00,6342.6
2019-06-20 23:15:00,6325.4
2019-06-20 23:30:00,6313.2
2019-06-20 23:45:00,6290.6
2019-06-21 00:00:00,6268.7
2019-06-21 00:15:00,6258.3
2019-06-21 00:30:00,6255.8
2019-06-21 00:45:00,6247.3
2019-06-21 01:00:00,6247.6
2019-06-21 01:15:00,6244.5
2019-06-21 01:30:00,6234.7
2019-06-21 01:45:00,6238.9
2019-06-21 02:00:00,6234.1
2019-06-21 02:15:00,6233.5
2019-06-21 02:30:00,6239.7
2019-06-21 02:45:00,6234.4
2019-06-21 03:00:00,6249.5
2019-06-21 03:15:00,6258.9
2019-06-21 03:30:00,6264.9
2019-06-21 03:45:00,6274.5
2019-06-21 04:00:00,6296.5
2019-06-21 04:15:00,6313.2
2019-06-21 04:30:00,6329.3
2019-06-21 04:45:00,6366.8
2019-06-21 05:00:00,6447.7
2019-06-21 05:15:00,6500.6
2019-06-21 05:30:00,6541.9
2019-06-21 05:45:00,6577.4
2019-06-21 06:00:00,6630.8
2019-06-21 06:15:00,6661.0
2019-06-21 06:30:00,6700.3
2019-06-21 06:45:00,6722.7
2019-06-21 07:00:00,6755.1
2019-06-21 07:15:00,6777.8
2019-06-21 07:30:00,6791.6
2019-06-21 07:45:00,6802.9
2019-06-21 08:00:00,6810.8
2019-06-21 08:15:00,6818.4
2019-06-21 08:30:00,6833.5
2019-06-21 08:45:00,6855.1
2019-06-21 09:00:00,6864.2
2019-06-21 09:15:00,6871.4
2019-06-21 09:30:00,6878.4
2019-06-21 09:45:00,6897.0
2019-06-21 10:00:00,6902.4
2019-06-21 10:15:00,6911.5
2019-06-21 10:30:00,6917.4
2019-06-21 10:45:00,6924.7
2019-06-21 11:00:00,6920.6
2019-06-21 11:15:00,6901.7
2019-06-21 11:30:00,6895.8
2019-06-21 11:45:00,6896.1
2019-06-21 12:00:00,6894.4
2019-06-21 12:15:00,6885.3
2019-06-21 12:30:00,6880.7
2019-06-21 12:45:00,6857.4
2019-06-21 13:00:00,6850.9
2019-06-21 13:15:00,6841.2
2019-06-21 13:30:00,6836.6
2019-06-21 13:45:00,6828.4
2019-06-21 14:00:00,6832.6
2019-06-21 14:15:00,6811.1
2019-06-21 14:30:00,6799.5
2019-06-21 14:45:00,6789.2
2019-06-21 15:00:00,6791.2
2019-06-21 15:15:00,6777.8
2019-06-21 15:30:00,6753.3
2019-06-21 15:45:00,6746.7
2019-06-21 16:00:00,6750.6
2019-06-21 16:15:00,6747.6
2019-06-21 16:30:00,6746.2
2019-06-21 16:45:00,6746.3
2019-06-21 17:00:00,6752.4
2019-06-21 17:15:00,6743.1
2019-06-21 17:30:00,6741.2
2019-06-21 17:45:00,6735.9
2019-06-21 18:00:00,6736.1
2019-06-21 18:15:00,6710.0
2019-06-21 18:30:00,6708.9
2019-06-21 18:45:00,6701.7
2019-06-21 19:00:00,6681.6
2019-06-21 19:15:00,6654.7
2019-06-21 19:30:00,6630.0
2019-06-21 19:45:00,6604.9
2019-06-21 20:00:00,6581.4
2019-06-21 20:15:00,6563.4
2019-06-21 20:30:00,6554.2
2019-06-21 20:45:00,6545.8
2019-06-21 21:00:00,6538.6
2019-06-21 21:15:00,6532.9
2019-06-21 21:30:00,6507.7
2019-06-21 21:45:00,6486.2
2019-06-21 22:00:00,6447.2
2019-06-21 22:15:00,6421.2
2019-06-21 22:30:00,6395.2
2019-06-21 22:45:00,6365.2
2019-06-21 23:00:00,6338.0
2019-06-21 23:15:00,6325.0
2019-06-21 23:30:00,6308.2
2019-06-21 23:45:00,6293.2
2019-06-22 00:00:00,6276.4
2019-06-22 00:15:00,6263.6
2019-06-22 00:30:00,6244.2
2019-06-22 00:45:00,6223.4
2019-06-22 01:00:00,6215.0
2019-06-22 01:15:00,6213.0
2019-06-22 01:30:00,6209.2
2019-06-22 01:45:00,6196.4
2019-06-22 02:00:00,6193.6
2019-06-22 02:15:00,6188.2
2019-06-22 02:30:00,6192.9
2019-06-22 02:45:00,6186.2
2019-06-22 03:00:00,6201.9
2019-06-22 03:15:00,6191.5
2019-06-22 03:30:00,6196.4
2019-06-22 03:45:00,6194.7
2019-06-22 04:00:00,6198.6
2019-06-22 04:15:00,6196.0
2019-06-22 04:30:00,6199.9
2019-06-22 04:45:00,6207.7
2019-06-22 05:00:00,6240.3
2019-06-22 05:15:00,6257.1
2019-06-22 05:30:00,6288.8
2019-06-22 05:45:00,6306.2
2019-06-22 06:00:00,6333.9
2019-06-22 06:15:00,6362.3
2019-06-22 06:30:00,6392.3
2019-06-22 06:45:00,6425.3
2019-06-22 07:00:00,6452.1
2019-06-22 07:15:00,6482.9
2019-06-22 07:30:00,6507.4
2019-06-22 07:45:00,6533.2
2019-06-22 08:00:00,6563.9
2019-06-22 08:15:00,6583.7
2019-06-22 08:30:00,6601.1
2019-06-22 08:45:00,6619.6
2019-06-22 09:00:00,6633.0
2019-06-22 09:15:00,6644.1
2019-06-22 09:30:00,6645.9
2019-06-22 09:45:00,6662.3
2019-06-22 10:00:00,6669.8
2019-06-22 10:15:00,6673.1
2019-06-22 10:30:00,6680.8
2019-06-22 10:45:00,6680.8
2019-06-22 11:00:00,6680.0
2019-06-22 11:15:00,6670.5
2019-06-22 11:30:00,6665.1
2019-06-22 11:45:00,6654.5
2019-06-22 12:00:00,6632.7
2019-06-22 12:15:00,6624.3
2019-06-22 12:30:00,6617.1
2019-06-22 12:45:00,6596.3
2019-06-22 13:00:00,6584.7
2019-06-22 13:15:00,6580.2
2019-06-22 13:30:00,6585.0
2019-06-22 13:45:00,6573.7
2019-06-22 14:00:00,6572.1
2019-06-22 14:15:00,6564.4
2019-06-22 14:30:00,6566.6
2019-06-22 14:45:00,6553.7
2019-06-22 15:00:00,6550.5
2019-06-22 15:15:00,6547.7
2019-06-22 15:30:00,6530.2
2019-06-22 15:45:00,6543.4
2019-06-22 16:00:00,6547.4
2019-06-22 16:15:00,6549.6
2019-06-22 16:30:00,6549.3
2019-06-22 16:45:00,6553.1
2019-06-22 17:00:00,6555.7
2019-06-22 17:15:00,6561.2
2019-06-22 17:30:00,6552.3
2019-06-22 17:45:00,6545.2
2019-06-22 18:00:00,6540.5
2019-06-22 18:15:00,6527.8
2019-06-22 18:30:00,6517.9
2019-06-22 18:45:00,6507.3
2019-06-22 19:00:00,6487.6
2019-06-22 19:15:00,6462.8
2019-06-22 19:30:00,6442.9
2019-06-22 19:45:00,6431.0
2019-06-22 20:00:00,6422.8
2019-06-22 20:15:00,6416.0
2019-06-22 20:30:00,6399.6
2019-06-22 20:45:00,6401.4
2019-06-22 21:00:00,6396.5
2019-06-22 21:15:00,6392.4
2019-06-22 21:30:00,6385.4
2019-06-22 21:45:00,6367.8
2019-06-22 22:00:00,6340.4
2019-06-22 22:15:00,6323.4
2019-06-22 22:30:00,6301.4
2019-06-22 22:45:00,6264.4
2019-06-22 23:00:00,6232.6
2019-06-22 23:15:00,6215.2
2019-06-22 23:30:00,6196.7
2019-06-22 23:45:00,6185.0
2019-06-23 00:00:00,6164.8
2019-06-23 00:15:00,6155.5
2019-06-23 00:30:00,6146.9
2019-06-23 00:45:00,6123.3
2019-06-23 01:00:00,6125.9
2019-06-23 01:15:00,6124.3
2019-06-23 01:30:00,6124.7
2019-06-23 01:45:00,6118.2
2019-06-23 02:00:00,6120.7
2019-06-23 02:15:00,6115.8
2019-06-23 02:30:00,6112.3
2019-06-23 02:45:00,6110.2
2019-06-23 03:00:00,6099.5
2019-06-23 03:15:00,6088.8
2019-06-23 03:30:00,6090.6
2019-06-23 03:45:00,6084.5
2019-06-23 04:00:00,6079.8
2019-06-23 04:15:00,6072.4
2019-06-23 04:30:00,6065.9
2019-06-23 04:45:00,6073.4
2019-06-23 05:00:00,6095.9
2019-06-23 05:15:00,6107.2
2019-06-23 05:30:00,6120.2
2019-06-23 05:45:00,6143.1
2019-06-23 06:00:00,6166.7
2019-06-23 06:15:00,6184.4
2019-06-23 06:30:00,6206.5
2019-06-23 06:45:00,6224.2
2019-06-23 07:00:00,6261.8
2019-06-23 07:15:00,6291.2
2019-06-23 07:30:00,6311.0
2019-06-23 07:45:00,6328.4
2019-06-23 08:00:00,6354.8
2019-06-23 08:15:00,6377.6
2019-06-23 08:30:00,6394.2
2019-06-23 08:45:00,6414.1
2019-06-23 09:00:00,6428.1
2019-06-23 09:15:00,6444.5
2019-06-23 09:30:00,6463.7
2019-06-23 09:45:00,6474.8
2019-06-23 10:00:00,6486.7
2019-06-23 10:15:00,6502.0
2019-06-23 10:30:00,6516.5
2019-06-23 10:45:00,6523.5
2019-06-23 11:00:00,6528.0
2019-06-23 11:15:00,6516.8
2019-06-23 11:30:00,6514.9
2019-06-23 11:45:00,6506.5
2019-06-23 12:00:00,6481.6
2019-06-23 12:15:00,6470.7
2019-06-23 12:30:00,6460.9
2019-06-23 12:45:00,6448.4
2019-06-23 13:00:00,6434.6
2019-06-23 13:15:00,6428.2
2019-06-23 13:30:00,6423.5
2019-06-23 13:45:00,6407.4
2019-06-23 14:00:00,6413.7
2019-06-23 14:15:00,6411.8
2019-06-23 14:30:00,6406.8
2019-06-23 14:45:00,6395.3
2019-06-23 15:00:00,6420.1
2019-06-23 15:15:00,6415.8
2019-06-23 15:30:00,6414.6
2019-06-23 15:45:00,6417.2
2019-06-23 16:00:00,6438.9
2019-06-23 16:15:00,6448.6
2019-06-23 16:30:00,6442.5
2019-06-23 16:45:00,6443.7
2019-06-23 17:00:00,6474.8
2019-06-23 17:15:00,6474.9
2019-06-23 17:30:00,6478.3
2019-06-23 17:45:00,6487.7
2019-06-23 18:00:00,6502.9
2019-06-23 18:15:00,6491.0
2019-06-23 18:30:00,6481.9
2019-06-23 18:45:00,6483.7
2019-06-23 19:00:00,6488.9
2019-06-23 19:15:00,6481.9
2019-06-23 19:30:00,6464.6
2019-06-23 19:45:00,6456.2
2019-06-23 20:00:00,6454.8
2019-06-23 20:15:00,6446.7
2019-06-23 20:30:00,6443.6
2019-06-23 20:45:00,6464.7
2019-06-23 21:00:00,6477.7
2019-06-23 21:15:00,6485.7
2019-06-23 21:30:00,6467.1
2019-06-23 21:45:00,6447.4
2019-06-23 22:00:00,6413.7
2019-06-23 22:15:00,6384.1
2019-06-23 22:30:00,6352.6
2019-06-23 22:45:00,6340.8
2019-06-23 23:00:00,6323.4
2019-06-23 23:15:00,6300.6
2019-06-23 23:30:00,6288.4
2019-06-23 23:45:00,6285.5
2019-06-24 00:00:00,6265.8
2019-06-24 00:15:00,6258.0
2019-06-24 00:30:00,6245.0
2019-06-24 00:45:00,6238.7
2019-06-24 01:00:00,6235.6
2019-06-24 01:15:00,6227.5
2019-06-24 01:30:00,6223.2
2019-06-24 01:45:00,6226.7
2019-06-24 02:00:00,6234.1
2019-06-24 02:15:00,6233.6
2019-06-24 02:30:00,6238.0
2019-06-24 02:45:00,6239.8
2019-06-24 03:00:00,6264.9
2019-06-24 03:15:00,6279.9
2019-06-24 03:30:00,6292.0
2019-06-24 03:45:00,6305.9
2019-06-24 04:00:00,6336.4
2019-06-24 04:15:00,6359.2
2019-06-24 04:30:00,6393.0
2019-06-24 04:45:00,6449.1
2019-06-24 05:00:00,6557.0
2019-06-24 05:15:00,6638.4
2019-06-24 05:30:00,6695.6
2019-06-24 05:45:00,6751.8
2019-06-24 06:00:00,6818.9
2019-06-24 06:15:00,6859.6
2019-06-24 06:30:00,6899.2
2019-06-24 06:45:00,6932.0
2019-06-24 07:00:00,6963.5
2019-06-24 07:15:00,6993.1
2019-06-24 07:30:00,7003.6
2019-06-24 07:45:00,7017.9
2019-06-24 08:00:00,7018.5
2019-06-24 08:15:00,7028.5
2019-06-24 08:30:00,7047.1
2019-06-24 08:45:00,7056.1
2019-06-24 09:00:00,7067.7
2019-06-24 09:15:00,7079.4
2019-06-24 09:30:00,7090.5
2019-06-24 09:45:00,7100.9
2019-06-24 10:00:00,7119.4
2019-06-24 10:15:00,7126.2
2019-06-24 10:30:00,7128.7
2019-06-24 10:45:00,7131.0
2019-06-24 11:00:00,7125.4
2019-06-24 11:15:00,7123.6
2019-06-24 11:30:00,7122.4
2019-06-24 11:45:00,7118.7
2019-06-24 12:00:00,7122.9
2019-06-24 12:15:00,7119.9
2019-06-24 12:30:00,7110.5
2019-06-24 12:45:00,7089.6
2019-06-24 13:00:00,7089.4
2019-06-24 13:15:00,7091.3
2019-06-24 13:30:00,7083.8
2019-06-24 13:45:00,7076.6
2019-06-24 14:00:00,7067.2
2019-06-24 14:15:00,7062.0
2019-06-24 14:30:00,7052.8
2019-06-24 14:45:00,7051.0
2019-06-24 15:00:00,7045.8
2019-06-24 15:15:00,7029.7
2019-06-24 15:30:00,7026.9
2019-06-24 15:45:00,7020.2
2019-06-24 16:00:00,7027.0
2019-06-24 16:15:00,7017.9
2019-06-24 16:30:00,7021.0
2019-06-24 16:45:00,7018.9
2019-06-24 17:00:00,7011.3
2019-06-24 17:15:00,6999.6
2019-06-24 17:30:00,7002.6
2019-06-24 17:45:00,7005.1
2019-06-24 18:00:00,6998.9
2019-06-24 18:15:00,6981.8
2019-06-24 18:30:00,6975.9
2019-06-24 18:45:00,6959.1
2019-06-24 19:00:00,6942.7
2019-06-24 19:15:00,6922.5
2019-06-24 19:30:00,6900.3
2019-06-24 19:45:00,6878.4
2019-06-24 20:00:00,6852.8
2019-06-24 20:15:00,6831.6
2019-06-24 20:30:00,6809.0
2019-06-24 20:45:00,6798.8
2019-06-24 21:00:00,6789.4
2019-06-24 21:15:00,6769.3
2019-06-24 21:30:00,6746.2
2019-06-24 21:45:00,6702.2
2019-06-24 22:00:00,6665.2
2019-06-24 22:15:00,6627.1
2019-06-24 22:30:00,6591.0
2019-06-24 22:45:00,6561.1
2019-06-24 23:00:00,6532.7
2019-06-24 23:15:00,6525.6
2019-06-24 23:30:00,6503.2
2019-06-24 23:45:00,6483.8
2019-06-25 00:00:00,6471.6
2019-06-25 00:15:00,6462.9
2019-06-25 00:30:00,6446.7
2019-06-25 00:45:00,6442.7
2019-06-25 01:00:00,6431.4
2019-06-25 01:15:00,6420.1
2019-06-25 01:30:00,6416.7
2019-06-25 01:45:00,6420.0
2019-06-25 02:00:00,6419.0
2019-06-25 02:15:00,6414.6
2019-06-25 02:30:00,6406.9
2019-06-25 02:45:00,6406.1
2019-06-25 03:00:00,6427.7
2019-06-25 03:15:00,6431.0
2019-06-25 03:30:00,6438.4
2019-06-25 03:45:00,6446.3
2019-06-25 04:00:00,6483.3
2019-06-25 04:15:00,6510.5
2019-06-25 04:30:00,6540.0
2019-06-25 04:45:00,6581.9
2019-06-25 05:00:00,6665.8
2019-06-25 05:15:00,6739.7
2019-06-25 05:30:00,6798.4
2019-06-25 05:45:00,6842.2
2019-06-25 06:00:00,6902.8
2019-06-25 06:15:00,6940.8
2019-06-25 06:30:00,6978.1
2019-06-25 06:45:00,7006.3
2019-06-25 07:00:00,7028.4
2019-06-25 07:15:00,7049.9
2019-06-25 07:30:00,7067.8
2019-06-25 07:45:00,7083.7
2019-06-25 08:00:00,7080.7
2019-06-25 08:15:00,7092.0
2019-06-25 08:30:00,7115.5
2019-06-25 08:45:00,7132.2
2019-06-25 09:00:00,7135.2
2019-06-25 09:15:00,7144.9
2019-06-25 09:30:00,7163.2
2019-06-25 09:45:00,7172.8
2019-06-25 10:00:00,7174.4
2019-06-25 10:15:00,7178.2
2019-06-25 10:30:00,7198.4
2019-06-25 10:45:00,7199.0
2019-06-25 11:00:00,7185.5
2019-06-25 11:15:00,7186.6
2019-06-25 11:30:00,7181.1
2019-06-25 11:45:00,7182.9
2019-06-25 12:00:00,7184.1
2019-06-25 12:15:00,7179.7
2019-06-25 12:30:00,7163.3
2019-06-25 12:45:00,7139.1
2019-06-25 13:00:00,7136.2
2019-06-25 13:15:00,7136.3
2019-06-25 13:30:00,7129.0
2019-06-25 13:45:00,7123.1
2019-06-25 14:00:00,7119.3
2019-06-25 14:15:00,7108.4
2019-06-25 14:30:00,7094.1
2019-06-25 14:45:00,7084.5
2019-06-25 15:00:00,7086.3
2019-06-25 15:15:00,7073.3
2019-06-25 15:30:00,7058.7
2019-06-25 15:45:00,7056.9
2019-06-25 16:00:00,7056.4
2019-06-25 16:15:00,7053.8
2019-06-25 16:30:00,7050.9
2019-06-25 16:45:00,7031.8
2019-06-25 17:00:00,7022.2
2019-06-25 17:15:00,7016.5
2019-06-25 17:30:00,7016.3
2019-06-25 17:45:00,7014.7
2019-06-25 18:00:00,7022.1
2019-06-25 18:15:00,7013.9
2019-06-25 18:30:00,7012.3
2019-06-25 18:45:00,6995.6
2019-06-25 19:00:00,6969.7
2019-06-25 19:15:00,6934.0
2019-06-25 19:30:00,6910.8
2019-06-25 19:45:00,6896.7
2019-06-25 20:00:00,6881.1
2019-06-25 20:15:00,6859.7
2019-06-25 20:30:00,6834.3
2019-06-25 20:45:00,6829.3
2019-06-25 21:00:00,6820.6
2019-06-25 21:15:00,6803.4
2019-06-25 21:30:00,6764.6
2019-06-25 21:45:00,6738.9
2019-06-25 22:00:00,6697.4
2019-06-25 22:15:00,6669.5
2019-06-25 22:30:00,6635.6
2019-06-25 22:45:00,6610.7
2019-06-25 23:00:00,6574.6
2019-06-25 23:15:00,6551.2
2019-06-25 23:30:00,6532.4
2019-06-25 23:45:00,6515.7
2019-06-26 00:00:00,6494.9
2019-06-26 00:15:00,6479.5
2019-06-26 00:30:00,6463.6
2019-06-26 00:45:00,6459.3
2019-06-26 01:00:00,6438.8
2019-06-26 01:15:00,6434.6
2019-06-26 01:30:00,6431.8
2019-06-26 01:45:00,6436.0
2019-06-26 02:00:00,6432.4
2019-06-26 02:15:00,6430.7
2019-06-26 02:30:00,6423.7
2019-06-26 02:45:00,6427.0
2019-06-26 03:00:00,6440.6
2019-06-26 03:15:00,6447.3
2019-06-26 03:30:00,6464.0
2019-06-26 03:45:00,6472.0
2019-06-26 04:00:00,6504.0
2019-06-26 04:15:00,6521.2
2019-06-26 04:30:00,6544.8
2019-06-26 04:45:00,6587.3
2019-06-26 05:00:00,6690.6
2019-06-26 05:15:00,6766.0
2019-06-26 05:30:00,6820.0
2019-06-26 05:45:00,6870.3
2019-06-26 06:00:00,6941.1
2019-06-26 06:15:00,6977.1
2019-06-26 06:30:00,7013.5
2019-06-26 06:45:00,7041.6
2019-06-26 07:00:00,7081.2
2019-06-26 07:15:00,7098.3
2019-06-26 07:30:00,7112.2
2019-06-26 07:45:00,7126.7
2019-06-26 08:00:00,7126.3
2019-06-26 08:15:00,7131.3
2019-06-26 08:30:00,7153.8
2019-06-26 08:45:00,7160.4
2019-06-26 09:00:00,7177.7
2019-06-26 09:15:00,7186.8
2019-06-26 09:30:00,7199.9
2019-06-26 09:45:00,7204.9
2019-06-26 10:00:00,7206.8
2019-06-26 10:15:00,7217.1
2019-06-26 10:30:00,7227.2
2019-06-26 10:45:00,7223.2
2019-06-26 11:00:00,7193.0
2019-06-26 11:15:00,7194.7
2019-06-26 11:30:00,7202.6
2019-06-26 11:45:00,7201.4
2019-06-26 12:00:00,7188.3
2019-06-26 12:15:00,7197.1
2019-06-26 12:30:00,7186.9
2019-06-26 12:45:00,7162.8
2019-06-26 13:00:00,7157.6
2019-06-26 13:15:00,7153.5
2019-06-26 13:30:00,7151.7
2019-06-26 13:45:00,7143.3
2019-06-26 14:00:00,7142.8
2019-06-26 14:15:00,7134.4
2019-06-26 14:30:00,7123.5
2019-06-26 14:45:00,7111.2
2019-06-26 15:00:00,7099.4
2019-06-26 15:15:00,7087.4
2019-06-26 15:30:00,7079.3
2019-06-26 15:45:00,7072.7
2019-06-26 16:00:00,7073.8
2019-06-26 16:15:00,7077.1
2019-06-26 16:30:00,7071.1
2019-06-26 16:45:00,7057.4
2019-06-26 17:00:00,7044.4
2019-06-26 17:15:00,7041.5
2019-06-26 17:30:00,7042.5
2019-06-26 17:45:00,7042.1
2019-06-26 18:00:00,7036.4
2019-06-26 18:15:00,7010.5
2019-06-26 18:30:00,7006.0
2019-06-26 18:45:00,6989.3
2019-06-26 19:00:00,6963.3
2019-06-26 19:15:00,6941.8
2019-06-26 19:30:00,6919.6
2019-06-26 19:45:00,6899.6
2019-06-26 20:00:00,6873.3
2019-06-26 20:15:00,6859.3
2019-06-26 20:30:00,6837.8
2019-06-26 20:45:00,6826.7
2019-06-26 21:00:00,6816.7
2019-06-26 21:15:00,6797.3
2019-06-26 21:30:00,6770.1
2019-06-26 21:45:00,6741.7
2019-06-26 22:00:00,6701.8
2019-06-26 22:15:00,6665.5
2019-06-26 22:30:00,6640.0
2019-06-26 22:45:00,6614.1
2019-06-26 23:00:00,6584.9
2019-06-26 23:15:00,6559.4
2019-06-26 23:30:00,6537.9
2019-06-26 23:45:00,6522.7
2019-06-27 00:00:00,6514.0
2019-06-27 00:15:00,6498.9
2019-06-27 00:30:00,6485.2
2019-06-27 00:45:00,6477.3
2019-06-27 01:00:00,6470.6
2019-06-27 01:15:00,6468.2
2019-06-27 01:30:00,6455.1
2019-06-27 01:45:00,6456.6
2019-06-27 02:00:00,6454.0
2019-06-27 02:15:00,6450.5
2019-06-27 02:30:00,6450.5
2019-06-27 02:45:00,6448.1
2019-06-27 03:00:00,6464.6
2019-06-27 03:15:00,6470.4
2019-06-27 03:30:00,6471.6
2019-06-27 03:45:00,6478.3
2019-06-27 04:00:00,6510.1
2019-06-27 04:15:00,6523.3
2019-06-27 04:30:00,6547.0
2019-06-27 04:45:00,6585.2
2019-06-27 05:00:00,6676.4
2019-06-27 05:15:00,6738.4
2019-06-27 05:30:00,6789.3
2019-06-27 05:45:00,6833.0
2019-06-27 06:00:00,6894.9
2019-06-27 06:15:00,6935.6
2019-06-27 06:30:00,6970.7
2019-06-27 06:45:00,6999.6
2019-06-27 07:00:00,7029.8
2019-06-27 07:15:00,7051.9
2019-06-27 07:30:00,7057.9
2019-06-27 07:45:00,7061.7
2019-06-27 08:00:00,7062.4
2019-06-27 08:15:00,7072.3
2019-06-27 08:30:00,7094.3
2019-06-27 08:45:00,7104.7
2019-06-27 09:00:00,7123.4
2019-06-27 09:15:00,7139.1
2019-06-27 09:30:00,7149.8
2019-06-27 09:45:00,7162.0
2019-06-27 10:00:00,7157.1
2019-06-27 10:15:00,7166.1
2019-06-27 10:30:00,7176.0
2019-06-27 10:45:00,7176.6
2019-06-27 11:00:00,7161.6
2019-06-27 11:15:00,7158.5
2019-06-27 11:30:00,7154.0
2019-06-27 11:45:00,7155.3
2019-06-27 12:00:00,7151.2
2019-06-27 12:15:00,7143.7
2019-06-27 12:30:00,7128.2
2019-06-27 12:45:00,7117.1
2019-06-27 13:00:00,7102.7
2019-06-27 13:15:00,7102.4
2019-06-27 13:30:00,7095.3
2019-06-27 13:45:00,7084.7
2019-06-27 14:00:00,7074.2
2019-06-27 14:15:00,7063.5
2019-06-27 14:30:00,7050.2
2019-06-27 14:45:00,7027.4
2019-06-27 15:00:00,7027.3
2019-06-27 15:15:00,7022.3
2019-06-27 15:30:00,7012.4
2019-06-27 15:45:00,7003.6
2019-06-27 16:00:00,7002.0
2019-06-27 16:15:00,7003.8
2019-06-27 16:30:00,7010.1
2019-06-27 16:45:00,7006.4
2019-06-27 17:00:00,6984.0
2019-06-27 17:15:00,6977.7
2019-06-27 17:30:00,6975.3
2019-06-27 17:45:00,6975.0
2019-06-27 18:00:00,6966.9
2019-06-27 18:15:00,6952.0
2019-06-27 18:30:00,6946.4
2019-06-27 18:45:00,6926.7
2019-06-27 19:00:00,6903.8
2019-06-27 19:15:00,6878.0
2019-06-27 19:30:00,6855.5
2019-06-27 19:45:00,6837.3
2019-06-27 20:00:00,6808.1
2019-06-27 20:15:00,6791.3
2019-06-27 20:30:00,6776.3
2019-06-27 20:45:00,6755.5
2019-06-27 21:00:00,6754.4
2019-06-27 21:15:00,6736.1
2019-06-27 21:30:00,6703.2
2019-06-27 21:45:00,6677.7
2019-06-27 22:00:00,6642.3
2019-06-27 22:15:00,6609.5
2019-06-27 22:30:00,6577.9
2019-06-27 22:45:00,6555.9
2019-06-27 23:00:00,6513.0
2019-06-27 23:15:00,6485.4
2019-06-27 23:30:00,6472.9
2019-06-27 23:45:00,6452.6
2019-06-28 00:00:00,6443.2
2019-06-28 00:15:00,6422.5
2019-06-28 00:30:00,6419.5
2019-06-28 00:45:00,6405.6
2019-06-28 01:00:00,6403.6
2019-06-28 01:15:00,6389.0
2019-06-28 01:30:00,6385.4
2019-06-28 01:45:00,6387.3
2019-06-28 02:00:00,6394.4
2019-06-28 02:15:00,6383.9
2019-06-28 02:30:00,6387.2
2019-06-28 02:45:00,6392.6
2019-06-28 03:00:00,6406.0
2019-06-28 03:15:00,6409.5
2019-06-28 03:30:00,6419.3
2019-06-28 03:45:00,6425.6
2019-06-28 04:00:00,6456.6
2019-06-28 04:15:00,6464.2
2019-06-28 04:30:00,6486.3
2019-06-28 04:45:00,6528.4
2019-06-28 05:00:00,6622.4
2019-06-28 05:15:00,6692.0
2019-06-28 05:30:00,6749.4
2019-06-28 05:45:00,6786.9
2019-06-28 06:00:00,6838.7
2019-06-28 06:15:00,6883.9
2019-06-28 06:30:00,6913.4
2019-06-28 06:45:00,6943.7
2019-06-28 07:00:00,6966.9
2019-06-28 07:15:00,6986.7
2019-06-28 07:30:00,6997.0
2019-06-28 07:45:00,7004.1
2019-06-28 08:00:00,6993.8
2019-06-28 08:15:00,7005.0
2019-06-28 08:30:00,7020.9
2019-06-28 08:45:00,7032.9
2019-06-28 09:00:00,7033.0
2019-06-28 09:15:00,7037.3
2019-06-28 09:30:00,7053.5
2019-06-28 09:45:00,7069.7
2019-06-28 10:00:00,7071.9
2019-06-28 10:15:00,7073.8
2019-06-28 10:30:00,7076.1
2019-06-28 10:45:00,7083.2
2019-06-28 11:00:00,7061.3
2019-06-28 11:15:00,7052.7
2019-06-28 11:30:00,7048.1
2019-06-28 11:45:00,7053.7
2019-06-28 12:00:00,7036.2
2019-06-28 12:15:00,7019.0
2019-06-28 12:30:00,7002.0
2019-06-28 12:45:00,6983.2
2019-06-28 13:00:00,6982.5
2019-06-28 13:15:00,6969.9
2019-06-28 13:30:00,6956.1
2019-06-28 13:45:00,6942.3
2019-06-28 14:00:00,6934.2
2019-06-28 14:15:00,6933.7
2019-06-28 14:30:00,6918.7
2019-06-28 14:45:00,6907.0
2019-06-28 15:00:00,6917.0
2019-06-28 15:15:00,6908.1
2019-06-28 15:30:00,6907.4
2019-06-28 15:45:00,6903.1
2019-06-28 16:00:00,6904.2
2019-06-28 16:15:00,6900.5
2019-06-28 16:30:00,6902.8
2019-06-28 16:45:00,6896.6
2019-06-28 17:00:00,6889.0
2019-06-28 17:15:00,6877.6
2019-06-28 17:30:00,6874.6
2019-06-28 17:45:00,6869.1
2019-06-28 18:00:00,6864.4
2019-06-28 18:15:00,6853.1
2019-06-28 18:30:00,6844.6
2019-06-28 18:45:00,6827.4
2019-06-28 19:00:00,6804.0
2019-06-28 19:15:00,6775.4
2019-06-28 19:30:00,6755.2
2019-06-28 19:45:00,6733.1
2019-06-28 20:00:00,6714.3
2019-06-28 20:15:00,6693.6
2019-06-28 20:30:00,6674.2
2019-06-28 20:45:00,6662.9
2019-06-28 21:00:00,6655.8
2019-06-28 21:15:00,6640.3
2019-06-28 21:30:00,6613.7
2019-06-28 21:45:00,6590.2
2019-06-28 22:00:00,6555.1
2019-06-28 22:15:00,6531.3
2019-06-28 22:30:00,6502.7
2019-06-28 22:45:00,6469.9
2019-06-28 23:00:00,6424.0
2019-06-28 23:15:00,6409.3
2019-06-28 23:30:00,6384.0
2019-06-28 23:45:00,6369.4
2019-06-29 00:00:00,6352.5
2019-06-29 00:15:00,6336.7
2019-06-29 00:30:00,6325.3
2019-06-29 00:45:00,6307.2
2019-06-29 01:00:00,6301.1
2019-06-29 01:15:00,6290.6
2019-06-29 01:30:00,6287.1
2019-06-29 01:45:00,6271.4
2019-06-29 02:00:00,6272.1
2019-06-29 02:15:00,6273.5
2019-06-29 02:30:00,6274.7
2019-06-29 02:45:00,6258.9
2019-06-29 03:00:00,6258.8
2019-06-29 03:15:00,6265.5
2019-06-29 03:30:00,6264.9
2019-06-29 03:45:00,6248.5
2019-06-29 04:00:00,6248.3
2019-06-29 04:15:00,6255.5
2019-06-29 04:30:00,6255.0
2019-06-29 04:45:00,6259.9
2019-06-29 05:00:00,6286.6
2019-06-29 05:15:00,6310.4
2019-06-29 05:30:00,6331.2
2019-06-29 05:45:00,6355.8
2019-06-29 06:00:00,6392.3
2019-06-29 06:15:00,6418.7
2019-06-29 06:30:00,6462.7
2019-06-29 06:45:00,6486.0
2019-06-29 07:00:00,6522.4
2019-06-29 07:15:00,6550.4
2019-06-29 07:30:00,6578.1
2019-06-29 07:45:00,6606.9
2019-06-29 08:00:00,6632.7
2019-06-29 08:15:00,6651.1
2019-06-29 08:30:00,6668.4
2019-06-29 08:45:00,6686.3
2019-06-29 09:00:00,6697.1
2019-06-29 09:15:00,6702.2
2019-06-29 09:30:00,6708.3
2019-06-29 09:45:00,6714.0
2019-06-29 10:00:00,6712.9
2019-06-29 10:15:00,6719.2
2019-06-29 10:30:00,6728.8
2019-06-29 10:45:00,6726.4
2019-06-29 11:00:00,6714.4
2019-06-29 11:15:00,6705.5
2019-06-29 11:30:00,6708.3
2019-06-29 11:45:00,6703.0
2019-06-29 12:00:00,6688.1
2019-06-29 12:15:00,6671.9
2019-06-29 12:30:00,6663.3
2019-06-29 12:45:00,6648.7
2019-06-29 13:00:00,6641.7
2019-06-29 13:15:00,6630.9
2019-06-29 13:30:00,6624.0
2019-06-29 13:45:00,6611.8
2019-06-29 14:00:00,6614.9
2019-06-29 14:15:00,6615.2
2019-06-29 14:30:00,6599.5
2019-06-29 14:45:00,6604.9
2019-06-29 15:00:00,6600.1
2019-06-29 15:15:00,6600.9
2019-06-29 15:30:00,6576.5
2019-06-29 15:45:00,6583.2
2019-06-29 16:00:00,6594.4
2019-06-29 16:15:00,6599.1
2019-06-29 16:30:00,6598.3
2019-06-29 16:45:00,6605.5
2019-06-29 17:00:00,6613.3
2019-06-29 17:15:00,6608.4
2019-06-29 17:30:00,6603.7
2019-06-29 17:45:00,6601.4
2019-06-29 18:00:00,6600.9
2019-06-29 18:15:00,6585.4
2019-06-29 18:30:00,6580.5
2019-06-29 18:45:00,6562.0
2019-06-29 19:00:00,6546.1
2019-06-29 19:15:00,6524.3
2019-06-29 19:30:00,6508.8
2019-06-29 19:45:00,6487.0
2019-06-29 20:00:00,6466.0
2019-06-29 20:15:00,6456.8
2019-06-29 20:30:00,6452.9
2019-06-29 20:45:00,6443.6
2019-06-29 21:00:00,6453.2
2019-06-29 21:15:00,6446.5
2019-06-29 21:30:00,6429.5
2019-06-29 21:45:00,6413.6
2019-06-29 22:00:00,6387.8
2019-06-29 22:15:00,6361.1
2019-06-29 22:30:00,6336.1
2019-06-29 22:45:00,6318.3
2019-06-29 23:00:00,6290.6
2019-06-29 23:15:00,6269.7
2019-06-29 23:30:00,6248.6
2019-06-29 23:45:00,6237.4
2019-06-30 00:00:00,6218.9
2019-06-30 00:15:00,6206.1
2019-06-30 00:30:00,6187.8
2019-06-30 00:45:00,6183.1
2019-06-30 01:00:00,6171.2
2019-06-30 01:15:00,6162.7
2019-06-30 01:30:00,6161.5
2019-06-30 01:45:00,6156.9
2019-06-30 02:00:00,6144.7
2019-06-30 02:15:00,6137.9
2019-06-30 02:30:00,6133.7
2019-06-30 02:45:00,6133.0
2019-06-30 03:00:00,6134.1
2019-06-30 03:15:00,6134.1
2019-06-30 03:30:00,6132.8
2019-06-30 03:45:00,6126.6
2019-06-30 04:00:00,6123.5
2019-06-30 04:15:00,6117.5
2019-06-30 04:30:00,6123.1
2019-06-30 04:45:00,6130.9
2019-06-30 05:00:00,6149.4
2019-06-30 05:15:00,6153.8
2019-06-30 05:30:00,6165.2
2019-06-30 05:45:00,6185.3
2019-06-30 06:00:00,6209.1
2019-06-30 06:15:00,6232.3
2019-06-30 06:30:00,6255.0
2019-06-30 06:45:00,6287.5
2019-06-30 07:00:00,6320.6
2019-06-30 07:15:00,6358.9
2019-06-30 07:30:00,6383.5
2019-06-30 07:45:00,6407.5
2019-06-30 08:00:00,6429.4
2019-06-30 08:15:00,6447.6
2019-06-30 08:30:00,6471.0
2019-06-30 08:45:00,6489.0
2019-06-30 09:00:00,6507.7
2019-06-30 09:15:00,6522.4
2019-06-30 09:30:00,6534.5
2019-06-30 09:45:00,6551.6
2019-06-30 10:00:00,6570.0
2019-06-30 10:15:00,6577.7
2019-06-30 10:30:00,6595.0
2019-06-30 10:45:00,6588.8
2019-06-30 11:00:00,6580.7
2019-06-30 11:15:00,6580.7
2019-06-30 11:30:00,6568.7
2019-06-30 11:45:00,6557.7
2019-06-30 12:00:00,6541.1
2019-06-30 12:15:00,6536.8
2019-06-30 12:30:00,6525.9
2019-06-30 12:45:00,6520.5
2019-06-30 13:00:00,6508.6
2019-06-30 13:15:00,6494.0
2019-06-30 13:30:00,6492.3
2019-06-30 13:45:00,6484.3
2019-06-30 14:00:00,6484.9
2019-06-30 14:15:00,6487.9
2019-06-30 14:30:00,6488.1
2019-06-30 14:45:00,6488.7
2019-06-30 15:00:00,6489.4
2019-06-30 15:15:00,6483.5
2019-06-30 15:30:00,6491.3
2019-06-30 15:45:00,6507.9
2019-06-30 16:00:00,6524.9
2019-06-30 16:15:00,6528.9
2019-06-30 16:30:00,6526.3
2019-06-30 16:45:00,6528.8
2019-06-30 17:00:00,6535.7
2019-06-30 17:15:00,6540.9
2019-06-30 17:30:00,6551.4
2019-06-30 17:45:00,6547.0
2019-06-30 18:00:00,6572.1
2019-06-30 18:15:00,6567.4
2019-06-30 18:30:00,6557.4
2019-06-30 18:45:00,6558.0
2019-06-30 19:00:00,6562.4
2019-06-30 19:15:00,6560.6
2019-06-30 19:30:00,6554.2
2019-06-30 19:45:00,6537.8
2019-06-30 20:00:00,6530.7
2019-06-30 20:15:00,6517.1
2019-06-30 20:30:00,6529.8
2019-06-30 20:45:00,6542.9
2019-06-30 21:00:00,6563.5
2019-06-30 21:15:00,6570.1
2019-06-30 21:30:00,6554.2
2019-06-30 21:45:00,6532.4
2019-06-30 22:00:00,6497.9
2019-06-30 22:15:00,6467.0
2019-06-30 22:30:00,6446.8
2019-06-30 22:45:00,6423.3
2019-06-30 23:00:00,6452.9
2019-06-30 23:15:00,6433.1
2019-06-30 23:30:00,6418.3
2019-06-30 23:45:00,6400.6
2019-07-01 00:00:00,6386.8
2019-07-01 00:15:00,6372.0
2019-07-01 00:30:00,6357.0
2019-07-01 00:45:00,6353.9
2019-07-01 01:00:00,6343.1
2019-07-01 01:15:00,6337.0
2019-07-01 01:30:00,6340.3
2019-07-01 01:45:00,6335.8
2019-07-01 02:00:00,6341.9
2019-07-01 02:15:00,6340.0
2019-07-01 02:30:00,6337.5
2019-07-01 02:45:00,6336.3
2019-07-01 03:00:00,6348.7
2019-07-01 03:15:00,6352.6
2019-07-01 03:30:00,6363.3
2019-07-01 03:45:00,6375.7
2019-07-01 04:00:00,6420.9
2019-07-01 04:15:00,6442.6
2019-07-01 04:30:00,6474.0
2019-07-01 04:45:00,6531.5
2019-07-01 05:00:00,6636.9
2019-07-01 05:15:00,6705.3
2019-07-01 05:30:00,6774.7
2019-07-01 05:45:00,6840.4
2019-07-01 06:00:00,6886.4
2019-07-01 06:15:00,6912.7
2019-07-01 06:30:00,6947.4
2019-07-01 06:45:00,6989.8
2019-07-01 07:00:00,7029.7
2019-07-01 07:15:00,7042.7
2019-07-01 07:30:00,7062.4
2019-07-01 07:45:00,7069.3
2019-07-01 08:00:00,7072.5
2019-07-01 08:15:00,7089.6
2019-07-01 08:30:00,7109.3
2019-07-01 08:45:00,7124.8
2019-07-01 09:00:00,7148.9
2019-07-01 09:15:00,7167.7
2019-07-01 09:30:00,7182.5
2019-07-01 09:45:00,7195.3
2019-07-01 10:00:00,7210.8
2019-07-01 10:15:00,7220.0
2019-07-01 10:30:00,7233.1
2019-07-01 10:45:00,7242.8
2019-07-01 11:00:00,7230.8
2019-07-01 11:15:00,7214.4
2019-07-01 11:30:00,7220.4
2019-07-01 11:45:00,7220.5
2019-07-01 12:00:00,7224.1
2019-07-01 12:15:00,7219.7
2019-07-01 12:30:00,7211.7
2019-07-01 12:45:00,7198.3
2019-07-01 13:00:00,7192.5
2019-07-01 13:15:00,7192.2
2019-07-01 13:30:00,7191.6
2019-07-01 13:45:00,7201.9
2019-07-01 14:00:00,7203.5
2019-07-01 14:15:00,7180.5
2019-07-01 14:30:00,7168.3
2019-07-01 14:45:00,7155.0
2019-07-01 15:00:00,7130.4
2019-07-01 15:15:00,7110.3
2019-07-01 15:30:00,7104.9
2019-07-01 15:45:00,7093.9
2019-07-01 16:00:00,7091.7
2019-07-01 16:15:00,7077.1
2019-07-01 16:30:00,7077.5
2019-07-01 16:45:00,7073.7
2019-07-01 17:00:00,7068.7
2019-07-01 17:15:00,7063.9
2019-07-01 17:30:00,7064.4
2019-07-01 17:45:00,7074.1
2019-07-01 18:00:00,7067.6
2019-07-01 18:15:00,7059.9
2019-07-01 18:30:00,7053.3
2019-07-01 18:45:00,7039.9
2019-07-01 19:00:00,7000.1
2019-07-01 19:15:00,6968.4
2019-07-01 19:30:00,6929.3
2019-07-01 19:45:00,6907.6
2019-07-01 20:00:00,6887.7
2019-07-01 20:15:00,6860.0
2019-07-01 20:30:00,6845.2
2019-07-01 20:45:00,6823.0
2019-07-01 21:00:00,6810.6
2019-07-01 21:15:00,6786.1
2019-07-01 21:30:00,6753.4
2019-07-01 21:45:00,6716.9
2019-07-01 22:00:00,6672.7
2019-07-01 22:15:00,6641.6
2019-07-01 22:30:00,6613.1
2019-07-01 22:45:00,6598.7
2019-07-01 23:00:00,6558.3
2019-07-01 23:15:00,6537.6
2019-07-01 23:30:00,6528.2
2019-07-01 23:45:00,6514.7
2019-07-02 00:00:00,6487.1
2019-07-02 00:15:00,6477.9
2019-07-02 00:30:00,6475.3
2019-07-02 00:45:00,6470.7
2019-07-02 01:00:00,6453.2
2019-07-02 01:15:00,6440.4
2019-07-02 01:30:00,6439.4
2019-07-02 01:45:00,6436.4
2019-07-02 02:00:00,6431.2
2019-07-02 02:15:00,6446.9
2019-07-02 02:30:00,6446.0
2019-07-02 02:45:00,6455.4
2019-07-02 03:00:00,6463.8
2019-07-02 03:15:00,6471.3
2019-07-02 03:30:00,6481.6
2019-07-02 03:45:00,6493.1
2019-07-02 04:00:00,6525.9
2019-07-02 04:15:00,6535.8
2019-07-02 04:30:00,6563.1
2019-07-02 04:45:00,6610.9
2019-07-02 05:00:00,6704.7
2019-07-02 05:15:00,6766.4
2019-07-02 05:30:00,6815.0
2019-07-02 05:45:00,6853.5
2019-07-02 06:00:00,6910.7
2019-07-02 06:15:00,6948.4
2019-07-02 06:30:00,6980.2
2019-07-02 06:45:00,7014.0
2019-07-02 07:00:00,7051.7
2019-07-02 07:15:00,7069.3
2019-07-02 07:30:00,7084.7
2019-07-02 07:45:00,7094.8
2019-07-02 08:00:00,7078.1
2019-07-02 08:15:00,7092.2
2019-07-02 08:30:00,7106.5
2019-07-02 08:45:00,7119.1
2019-07-02 09:00:00,7119.8
2019-07-02 09:15:00,7123.4
2019-07-02 09:30:00,7141.9
2019-07-02 09:45:00,7155.0
2019-07-02 10:00:00,7156.9
2019-07-02 10:15:00,7174.0
2019-07-02 10:30:00,7182.9
2019-07-02 10:45:00,7181.0
2019-07-02 11:00:00,7164.4
2019-07-02 11:15:00,7164.7
2019-07-02 11:30:00,7170.3
2019-07-02 11:45:00,7170.4
2019-07-02 12:00:00,7168.3
2019-07-02 12:15:00,7163.7
2019-07-02 12:30:00,7148.3
2019-07-02 12:45:00,7139.9
2019-07-02 13:00:00,7131.4
2019-07-02 13:15:00,7120.3
2019-07-02 13:30:00,7115.9
2019-07-02 13:45:00,7106.7
2019-07-02 14:00:00,7093.8
2019-07-02 14:15:00,7081.9
2019-07-02 14:30:00,7067.1
2019-07-02 14:45:00,7055.2
2019-07-02 15:00:00,7045.6
2019-07-02 15:15:00,7036.5
2019-07-02 15:30:00,7025.0
2019-07-02 15:45:00,7020.2
2019-07-02 16:00:00,7024.0
2019-07-02 16:15:00,7019.0
2019-07-02 16:30:00,7021.0
2019-07-02 16:45:00,7012.8
2019-07-02 17:00:00,7003.2
2019-07-02 17:15:00,6999.3
2019-07-02 17:30:00,6991.4
2019-07-02 17:45:00,6993.8
2019-07-02 18:00:00,6984.3
2019-07-02 18:15:00,6966.2
2019-07-02 18:30:00,6952.8
2019-07-02 18:45:00,6939.2
2019-07-02 19:00:00,6915.0
2019-07-02 19:15:00,6889.1
2019-07-02 19:30:00,6864.9
2019-07-02 19:45:00,6844.7
2019-07-02 20:00:00,6824.6
2019-07-02 20:15:00,6797.5
2019-07-02 20:30:00,6774.7
2019-07-02 20:45:00,6753.4
2019-07-02 21:00:00,6737.8
2019-07-02 21:15:00,6724.8
2019-07-02 21:30:00,6694.8
2019-07-02 21:45:00,6658.1
2019-07-02 22:00:00,6622.6
2019-07-02 22:15:00,6600.1
2019-07-02 22:30:00,6566.9
2019-07-02 22:45:00,6543.0
2019-07-02 23:00:00,6510.7
2019-07-02 23:15:00,6490.8
2019-07-02 23:30:00,6468.8
2019-07-02 23:45:00,6455.4
2019-07-03 00:00:00,6446.9
2019-07-03 00:15:00,6441.5
2019-07-03 00:30:00,6421.2
2019-07-03 00:45:00,6413.5
2019-07-03 01:00:00,6410.3
2019-07-03 01:15:00,6403.8
2019-07-03 01:30:00,6407.8
2019-07-03 01:45:00,6414.1
2019-07-03 02:00:00,6409.2
2019-07-03 02:15:00,6413.2
2019-07-03 02:30:00,6415.4
2019-07-03 02:45:00,6411.6
2019-07-03 03:00:00,6424.8
2019-07-03 03:15:00,6434.0
2019-07-03 03:30:00,6439.2
2019-07-03 03:45:00,6454.8
2019-07-03 04:00:00,6482.0
2019-07-03 04:15:00,6498.0
2019-07-03 04:30:00,6520.8
2019-07-03 04:45:00,6572.7
2019-07-03 05:00:00,6669.0
2019-07-03 05:15:00,6728.1
2019-07-03 05:30:00,6776.4
2019-07-03 05:45:00,6818.9
2019-07-03 06:00:00,6870.8
2019-07-03 06:15:00,6905.6
2019-07-03 06:30:00,6942.6
2019-07-03 06:45:00,6976.8
2019-07-03 07:00:00,7013.8
2019-07-03 07:15:00,7037.4
2019-07-03 07:30:00,7063.2
2019-07-03 07:45:00,7071.4
2019-07-03 08:00:00,7058.7
2019-07-03 08:15:00,7081.3
2019-07-03 08:30:00,7094.3
2019-07-03 08:45:00,7110.2
2019-07-03 09:00:00,7118.2
2019-07-03 09:15:00,7122.9
2019-07-03 09:30:00,7135.1
2019-07-03 09:45:00,7151.9
2019-07-03 10:00:00,7169.4
2019-07-03 10:15:00,7172.3
2019-07-03 10:30:00,7182.9
2019-07-03 10:45:00,7176.5
2019-07-03 11:00:00,7156.6
2019-07-03 11:15:00,7144.6
2019-07-03 11:30:00,7146.8
2019-07-03 11:45:00,7143.1
2019-07-03 12:00:00,7138.9
2019-07-03 12:15:00,7127.2
2019-07-03 12:30:00,7109.5
2019-07-03 12:45:00,7091.1
2019-07-03 13:00:00,7071.6
2019-07-03 13:15:00,7067.1
2019-07-03 13:30:00,7068.7
2019-07-03 13:45:00,7065.9
2019-07-03 14:00:00,7061.5
2019-07-03 14:15:00,7055.7
2019-07-03 14:30:00,7047.1
2019-07-03 14:45:00,7030.2
2019-07-03 15:00:00,7017.5
2019-07-03 15:15:00,7011.1
2019-07-03 15:30:00,6995.5
2019-07-03 15:45:00,6985.8
2019-07-03 16:00:00,6997.6
2019-07-03 16:15:00,7004.4
2019-07-03 16:30:00,7004.4
2019-07-03 16:45:00,7005.7
2019-07-03 17:00:00,6990.7
2019-07-03 17:15:00,6984.9
2019-07-03 17:30:00,6980.0
2019-07-03 17:45:00,6968.3
2019-07-03 18:00:00,6956.6
2019-07-03 18:15:00,6948.6
2019-07-03 18:30:00,6933.1
2019-07-03 18:45:00,6921.9
2019-07-03 19:00:00,6902.8
2019-07-03 19:15:00,6876.0
2019-07-03 19:30:00,6866.2
2019-07-03 19:45:00,6842.6
2019-07-03 20:00:00,6820.8
2019-07-03 20:15:00,6804.8
2019-07-03 20:30:00,6789.7
2019-07-03 20:45:00,6786.6
2019-07-03 21:00:00,6781.3
2019-07-03 21:15:00,6763.9
2019-07-03 21:30:00,6731.4
2019-07-03 21:45:00,6703.5
2019-07-03 22:00:00,6655.8
2019-07-03 22:15:00,6621.7
2019-07-03 22:30:00,6589.6
2019-07-03 22:45:00,6561.2
2019-07-03 23:00:00,6517.9
2019-07-03 23:15:00,6497.4
2019-07-03 23:30:00,6482.4
2019-07-03 23:45:00,6469.9
2019-07-04 00:00:00,6457.1
2019-07-04 00:15:00,6448.3
2019-07-04 00:30:00,6441.8
2019-07-04 00:45:00,6426.3
2019-07-04 01:00:00,6405.0
2019-07-04 01:15:00,6405.7
2019-07-04 01:30:00,6405.7
2019-07-04 01:45:00,6403.7
2019-07-04 02:00:00,6407.4
2019-07-04 02:15:00,6413.4
2019-07-04 02:30:00,6405.7
2019-07-04 02:45:00,6408.1
2019-07-04 03:00:00,6423.9
2019-07-04 03:15:00,6432.0
2019-07-04 03:30:00,6442.0
2019-07-04 03:45:00,6451.0
2019-07-04 04:00:00,6489.0
2019-07-04 04:15:00,6504.1
2019-07-04 04:30:00,6523.1
2019-07-04 04:45:00,6571.1
2019-07-04 05:00:00,6661.5
2019-07-04 05:15:00,6720.6
2019-07-04 05:30:00,6772.8
2019-07-04 05:45:00,6812.2
2019-07-04 06:00:00,6864.0
2019-07-04 06:15:00,6901.9
2019-07-04 06:30:00,6941.2
2019-07-04 06:45:00,6978.7
2019-07-04 07:00:00,7008.5
2019-07-04 07:15:00,7028.2
2019-07-04 07:30:00,7046.6
2019-07-04 07:45:00,7059.6
2019-07-04 08:00:00,7056.9
2019-07-04 08:15:00,7066.9
2019-07-04 08:30:00,7079.6
2019-07-04 08:45:00,7096.4
2019-07-04 09:00:00,7087.8
2019-07-04 09:15:00,7096.4
2019-07-04 09:30:00,7125.4
2019-07-04 09:45:00,7144.7
2019-07-04 10:00:00,7152.2
2019-07-04 10:15:00,7159.7
2019-07-04 10:30:00,7166.9
2019-07-04 10:45:00,7179.4
2019-07-04 11:00:00,7156.4
2019-07-04 11:15:00,7147.3
2019-07-04 11:30:00,7150.6
2019-07-04 11:45:00,7156.4
2019-07-04 12:00:00,7147.0
2019-07-04 12:15:00,7141.2
2019-07-04 12:30:00,7135.8
2019-07-04 12:45:00,7120.6
2019-07-04 13:00:00,7111.8
2019-07-04 13:15:00,7109.3
2019-07-04 13:30:00,7104.6
2019-07-04 13:45:00,7094.9
2019-07-04 14:00:00,7091.9
2019-07-04 14:15:00,7080.3
2019-07-04 14:30:00,7074.1
2019-07-04 14:45:00,7063.9
2019-07-04 15:00:00,7053.7
2019-07-04 15:15:00,7042.4
2019-07-04 15:30:00,7034.0
2019-07-04 15:45:00,7024.9
2019-07-04 16:00:00,7031.7
2019-07-04 16:15:00,7032.0
2019-07-04 16:30:00,7022.7
2019-07-04 16:45:00,7014.2
2019-07-04 17:00:00,7005.8
2019-07-04 17:15:00,7000.6
2019-07-04 17:30:00,7000.1
2019-07-04 17:45:00,7000.6
2019-07-04 18:00:00,6999.2
2019-07-04 18:15:00,6979.5
2019-07-04 18:30:00,6974.0
2019-07-04 18:45:00,6958.7
2019-07-04 19:00:00,6934.5
2019-07-04 19:15:00,6908.5
2019-07-04 19:30:00,6886.2
2019-07-04 19:45:00,6864.2
2019-07-04 20:00:00,6837.6
2019-07-04 20:15:00,6820.2
2019-07-04 20:30:00,6813.8
2019-07-04 20:45:00,6808.4
2019-07-04 21:00:00,6789.5
2019-07-04 21:15:00,6769.6
2019-07-04 21:30:00,6743.0
2019-07-04 21:45:00,6713.5
2019-07-04 22:00:00,6674.1
2019-07-04 22:15:00,6650.3
2019-07-04 22:30:00,6618.3
2019-07-04 22:45:00,6589.9
2019-07-04 23:00:00,6548.9
2019-07-04 23:15:00,6536.9
2019-07-04 23:30:00,6522.4
2019-07-04 23:45:00,6508.1
2019-07-05 00:00:00,6487.2
2019-07-05 00:15:00,6478.7
2019-07-05 00:30:00,6469.4
2019-07-05 00:45:00,6459.0
2019-07-05 01:00:00,6449.8
2019-07-05 01:15:00,6451.6
2019-07-05 01:30:00,6445.5
2019-07-05 01:45:00,6440.8
2019-07-05 02:00:00,6450.6
2019-07-05 02:15:00,6450.0
2019-07-05 02:30:00,6438.0
2019-07-05 02:45:00,6446.2
2019-07-05 03:00:00,6458.5
2019-07-05 03:15:00,6467.1
2019-07-05 03:30:00,6472.7
2019-07-05 03:45:00,6486.7
2019-07-05 04:00:00,6515.7
2019-07-05 04:15:00,6525.9
2019-07-05 04:30:00,6547.6
2019-07-05 04:45:00,6583.5
2019-07-05 05:00:00,6689.6
2019-07-05 05:15:00,6756.0
2019-07-05 05:30:00,6806.1
2019-07-05 05:45:00,6849.2
2019-07-05 06:00:00,6903.8
2019-07-05 06:15:00,6947.8
2019-07-05 06:30:00,6975.4
2019-07-05 06:45:00,7001.6
2019-07-05 07:00:00,7030.8
2019-07-05 07:15:00,7052.7
2019-07-05 07:30:00,7072.7
2019-07-05 07:45:00,7088.3
2019-07-05 08:00:00,7087.1
2019-07-05 08:15:00,7106.9
2019-07-05 08:30:00,7115.1
2019-07-05 08:45:00,7129.4
2019-07-05 09:00:00,7124.0
2019-07-05 09:15:00,7135.7
2019-07-05 09:30:00,7132.7
2019-07-05 09:45:00,7137.5
2019-07-05 10:00:00,7141.8
2019-07-05 10:15:00,7149.3
2019-07-05 10:30:00,7156.3
2019-07-05 10:45:00,7149.2
2019-07-05 11:00:00,7125.3
2019-07-05 11:15:00,7121.3
2019-07-05 11:30:00,7126.0
2019-07-05 11:45:00,7115.2
2019-07-05 12:00:00,7106.3
2019-07-05 12:15:00,7099.6
2019-07-05 12:30:00,7086.3
2019-07-05 12:45:00,7069.9
2019-07-05 13:00:00,7063.6
2019-07-05 13:15:00,7059.8
2019-07-05 13:30:00,7051.7
2019-07-05 13:45:00,7033.6
2019-07-05 14:00:00,7026.6
2019-07-05 14:15:00,7010.4
2019-07-05 14:30:00,6994.1
2019-07-05 14:45:00,6976.5
2019-07-05 15:00:00,6974.3
2019-07-05 15:15:00,6965.7
2019-07-05 15:30:00,6961.0
2019-07-05 15:45:00,6958.2
2019-07-05 16:00:00,6952.8
2019-07-05 16:15:00,6938.3
2019-07-05 16:30:00,6944.3
2019-07-05 16:45:00,6936.4
2019-07-05 17:00:00,6939.7
2019-07-05 17:15:00,6921.4
2019-07-05 17:30:00,6914.0
2019-07-05 17:45:00,6912.7
2019-07-05 18:00:00,6894.9
2019-07-05 18:15:00,6868.6
2019-07-05 18:30:00,6857.3
2019-07-05 18:45:00,6842.8
2019-07-05 19:00:00,6803.8
2019-07-05 19:15:00,6783.4
2019-07-05 19:30:00,6755.8
2019-07-05 19:45:00,6743.5
2019-07-05 20:00:00,6719.4
2019-07-05 20:15:00,6709.4
2019-07-05 20:30:00,6688.1
2019-07-05 20:45:00,6680.1
2019-07-05 21:00:00,6668.5
2019-07-05 21:15:00,6653.5
2019-07-05 21:30:00,6637.1
2019-07-05 21:45:00,6607.1
2019-07-05 22:00:00,6566.0
2019-07-05 22:15:00,6543.3
2019-07-05 22:30:00,6514.7
2019-07-05 22:45:00,6491.0
2019-07-05 23:00:00,6467.4
2019-07-05 23:15:00,6450.5
2019-07-05 23:30:00,6434.2
2019-07-05 23:45:00,6415.5
2019-07-06 00:00:00,6389.3
2019-07-06 00:15:00,6373.2
2019-07-06 00:30:00,6355.1
2019-07-06 00:45:00,6343.2
2019-07-06 01:00:00,6321.6
2019-07-06 01:15:00,6306.1
2019-07-06 01:30:00,6299.8
2019-07-06 01:45:00,6305.6
2019-07-06 02:00:00,6298.2
2019-07-06 02:15:00,6294.4
2019-07-06 02:30:00,6284.3
2019-07-06 02:45:00,6283.1
2019-07-06 03:00:00,6281.0
2019-07-06 03:15:00,6277.7
2019-07-06 03:30:00,6289.2
2019-07-06 03:45:00,6277.8
2019-07-06 04:00:00,6288.1
2019-07-06 04:15:00,6276.6
2019-07-06 04:30:00,6275.9
2019-07-06 04:45:00,6281.9
2019-07-06 05:00:00,6310.5
2019-07-06 05:15:00,6331.7
2019-07-06 05:30:00,6343.3
2019-07-06 05:45:00,6364.7
2019-07-06 06:00:00,6396.3
2019-07-06 06:15:00,6423.3
2019-07-06 06:30:00,6455.1
2019-07-06 06:45:00,6488.7
2019-07-06 07:00:00,6526.1
2019-07-06 07:15:00,6555.5
2019-07-06 07:30:00,6585.7
2019-07-06 07:45:00,6612.1
2019-07-06 08:00:00,6635.5
2019-07-06 08:15:00,6663.7
2019-07-06 08:30:00,6694.8
2019-07-06 08:45:00,6711.6
2019-07-06 09:00:00,6717.7
2019-07-06 09:15:00,6731.6
2019-07-06 09:30:00,6747.7
2019-07-06 09:45:00,6751.7
2019-07-06 10:00:00,6759.4
2019-07-06 10:15:00,6768.4
2019-07-06 10:30:00,6771.6
2019-07-06 10:45:00,6769.5
2019-07-06 11:00:00,6768.4
2019-07-06 11:15:00,6766.4
2019-07-06 11:30:00,6764.5
2019-07-06 11:45:00,6749.6
2019-07-06 12:00:00,6737.7
2019-07-06 12:15:00,6728.4
2019-07-06 12:30:00,6731.9
2019-07-06 12:45:00,6720.1
2019-07-06 13:00:00,6705.9
2019-07-06 13:15:00,6701.1
2019-07-06 13:30:00,6692.5
2019-07-06 13:45:00,6679.7
2019-07-06 14:00:00,6672.1
2019-07-06 14:15:00,6671.6
2019-07-06 14:30:00,6662.4
2019-07-06 14:45:00,6658.6
2019-07-06 15:00:00,6659.7
2019-07-06 15:15:00,6647.9
2019-07-06 15:30:00,6633.7
2019-07-06 15:45:00,6645.4
2019-07-06 16:00:00,6647.2
2019-07-06 16:15:00,6640.2
2019-07-06 16:30:00,6638.8
2019-07-06 16:45:00,6644.4
2019-07-06 17:00:00,6653.8
2019-07-06 17:15:00,6636.6
2019-07-06 17:30:00,6647.7
2019-07-06 17:45:00,6654.1
2019-07-06 18:00:00,6654.7
2019-07-06 18:15:00,6637.6
2019-07-06 18:30:00,6621.5
2019-07-06 18:45:00,6613.2
2019-07-06 19:00:00,6586.5
2019-07-06 19:15:00,6562.6
2019-07-06 19:30:00,6540.5
2019-07-06 19:45:00,6529.9
2019-07-06 20:00:00,6522.1
2019-07-06 20:15:00,6511.8
2019-07-06 20:30:00,6504.1
2019-07-06 20:45:00,6507.9
2019-07-06 21:00:00,6515.4
2019-07-06 21:15:00,6507.3
2019-07-06 21:30:00,6474.4
2019-07-06 21:45:00,6461.7
2019-07-06 22:00:00,6426.5
2019-07-06 22:15:00,6411.2
2019-07-06 22:30:00,6391.0
2019-07-06 22:45:00,6367.2
2019-07-06 23:00:00,6336.3
2019-07-06 23:15:00,6319.9
2019-07-06 23:30:00,6299.5
2019-07-06 23:45:00,6286.4
2019-07-07 00:00:00,6274.0
2019-07-07 00:15:00,6261.4
2019-07-07 00:30:00,6238.8
2019-07-07 00:45:00,6229.0
2019-07-07 01:00:00,6220.3
2019-07-07 01:15:00,6215.7
2019-07-07 01:30:00,6210.2
2019-07-07 01:45:00,6208.2
2019-07-07 02:00:00,6202.7
2019-07-07 02:15:00,6195.6
2019-07-07 02:30:00,6192.3
2019-07-07 02:45:00,6187.7
2019-07-07 03:00:00,6183.1
2019-07-07 03:15:00,6180.8
2019-07-07 03:30:00,6197.4
2019-07-07 03:45:00,6188.5
2019-07-07 04:00:00,6189.9
2019-07-07 04:15:00,6173.5
2019-07-07 04:30:00,6174.2
2019-07-07 04:45:00,6175.1
2019-07-07 05:00:00,6194.4
2019-07-07 05:15:00,6208.9
2019-07-07 05:30:00,6224.2
2019-07-07 05:45:00,6240.2
2019-07-07 06:00:00,6248.0
2019-07-07 06:15:00,6264.4
2019-07-07 06:30:00,6290.2
2019-07-07 06:45:00,6319.4
2019-07-07 07:00:00,6337.8
2019-07-07 07:15:00,6361.0
2019-07-07 07:30:00,6382.1
2019-07-07 07:45:00,6399.4
2019-07-07 08:00:00,6444.1
2019-07-07 08:15:00,6459.6
2019-07-07 08:30:00,6470.7
2019-07-07 08:45:00,6494.3
2019-07-07 09:00:00,6508.6
2019-07-07 09:15:00,6528.5
2019-07-07 09:30:00,6540.1
2019-07-07 09:45:00,6556.9
2019-07-07 10:00:00,6568.3
2019-07-07 10:15:00,6583.7
2019-07-07 10:30:00,6597.3
2019-07-07 10:45:00,6599.9
2019-07-07 11:00:00,6611.2
2019-07-07 11:15:00,6607.4
2019-07-07 11:30:00,6607.9
2019-07-07 11:45:00,6598.8
2019-07-07 12:00:00,6578.8
2019-07-07 12:15:00,6553.6
2019-07-07 12:30:00,6545.2
2019-07-07 12:45:00,6537.3
2019-07-07 13:00:00,6541.0
2019-07-07 13:15:00,6534.9
2019-07-07 13:30:00,6528.2
2019-07-07 13:45:00,6516.0
2019-07-07 14:00:00,6508.6
2019-07-07 14:15:00,6513.5
2019-07-07 14:30:00,6503.8
2019-07-07 14:45:00,6495.4
2019-07-07 15:00:00,6507.2
2019-07-07 15:15:00,6507.4
2019-07-07 15:30:00,6500.1
2019-07-07 15:45:00,6513.0
2019-07-07 16:00:00,6528.5
2019-07-07 16:15:00,6535.9
2019-07-07 16:30:00,6525.2
2019-07-07 16:45:00,6528.5
2019-07-07 17:00:00,6533.4
2019-07-07 17:15:00,6523.5
2019-07-07 17:30:00,6528.2
2019-07-07 17:45:00,6525.2
2019-07-07 18:00:00,6534.9
2019-07-07 18:15:00,6531.7
2019-07-07 18:30:00,6520.7
2019-07-07 18:45:00,6502.0
2019-07-07 19:00:00,6509.1
2019-07-07 19:15:00,6501.1
2019-07-07 19:30:00,6489.1
2019-07-07 19:45:00,6471.1
2019-07-07 20:00:00,6462.8
2019-07-07 20:15:00,6455.8
2019-07-07 20:30:00,6463.6
2019-07-07 20:45:00,6481.6
2019-07-07 21:00:00,6491.9
2019-07-07 21:15:00,6487.0
2019-07-07 21:30:00,6467.8
2019-07-07 21:45:00,6444.0
2019-07-07 22:00:00,6413.7
2019-07-07 22:15:00,6392.4
2019-07-07 22:30:00,6374.2
2019-07-07 22:45:00,6369.2
2019-07-07 23:00:00,6352.6
2019-07-07 23:15:00,6330.6
2019-07-07 23:30:00,6327.5
2019-07-07 23:45:00,6317.5
2019-07-08 00:00:00,6295.3
2019-07-08 00:15:00,6284.3
2019-07-08 00:30:00,6272.6
2019-07-08 00:45:00,6264.4
2019-07-08 01:00:00,6238.6
2019-07-08 01:15:00,6237.2
2019-07-08 01:30:00,6238.6
2019-07-08 01:45:00,6240.8
2019-07-08 02:00:00,6243.3
2019-07-08 02:15:00,6246.8
2019-07-08 02:30:00,6250.4
2019-07-08 02:45:00,6254.2
2019-07-08 03:00:00,6266.5
2019-07-08 03:15:00,6277.3
2019-07-08 03:30:00,6295.6
2019-07-08 03:45:00,6311.3
2019-07-08 04:00:00,6360.1
2019-07-08 04:15:00,6371.4
2019-07-08 04:30:00,6400.1
2019-07-08 04:45:00,6461.0
2019-07-08 05:00:00,6564.0
2019-07-08 05:15:00,6636.3
2019-07-08 05:30:00,6688.0
2019-07-08 05:45:00,6739.3
2019-07-08 06:00:00,6809.5
2019-07-08 06:15:00,6847.0
2019-07-08 06:30:00,6878.8
2019-07-08 06:45:00,6899.0
2019-07-08 07:00:00,6922.0
2019-07-08 07:15:00,6941.7
2019-07-08 07:30:00,6953.8
2019-07-08 07:45:00,6971.1
2019-07-08 08:00:00,6970.7
2019-07-08 08:15:00,6989.5
2019-07-08 08:30:00,7007.4
2019-07-08 08:45:00,7033.4
2019-07-08 09:00:00,7047.6
2019-07-08 09:15:00,7062.0
2019-07-08 09:30:00,7070.9
2019-07-08 09:45:00,7088.0
2019-07-08 10:00:00,7090.6
2019-07-08 10:15:00,7101.9
2019-07-08 10:30:00,7112.1
2019-07-08 10:45:00,7121.1
2019-07-08 11:00:00,7116.1
2019-07-08 11:15:00,7114.7
2019-07-08 11:30:00,7117.5
2019-07-08 11:45:00,7122.7
2019-07-08 12:00:00,7117.7
2019-07-08 12:15:00,7105.6
2019-07-08 12:30:00,7097.8
2019-07-08 12:45:00,7073.4
2019-07-08 13:00:00,7066.0
2019-07-08 13:15:00,7064.6
2019-07-08 13:30:00,7058.2
2019-07-08 13:45:00,7040.4
2019-07-08 14:00:00,7042.1
2019-07-08 14:15:00,7028.9
2019-07-08 14:30:00,7013.0
2019-07-08 14:45:00,6995.6
2019-07-08 15:00:00,6993.1
2019-07-08 15:15:00,6972.2
2019-07-08 15:30:00,6964.0
2019-07-08 15:45:00,6961.8
2019-07-08 16:00:00,6969.7
2019-07-08 16:15:00,6959.9
2019-07-08 16:30:00,6960.5
2019-07-08 16:45:00,6964.8
2019-07-08 17:00:00,6948.4
2019-07-08 17:15:00,6937.0
2019-07-08 17:30:00,6933.1
2019-07-08 17:45:00,6933.8
2019-07-08 18:00:00,6921.6
2019-07-08 18:15:00,6902.8
2019-07-08 18:30:00,6892.3
2019-07-08 18:45:00,6875.0
2019-07-08 19:00:00,6852.6
2019-07-08 19:15:00,6830.9
2019-07-08 19:30:00,6809.6
2019-07-08 19:45:00,6788.6
2019-07-08 20:00:00,6771.5
2019-07-08 20:15:00,6759.4
2019-07-08 20:30:00,6742.0
2019-07-08 20:45:00,6729.7
2019-07-08 21:00:00,6719.2
2019-07-08 21:15:00,6699.5
2019-07-08 21:30:00,6666.0
2019-07-08 21:45:00,6633.0
2019-07-08 22:00:00,6586.6
2019-07-08 22:15:00,6558.4
2019-07-08 22:30:00,6527.7
2019-07-08 22:45:00,6507.2
2019-07-08 23:00:00,6479.8
2019-07-08 23:15:00,6472.6
2019-07-08 23:30:00,6442.3
2019-07-08 23:45:00,6433.2
2019-07-09 00:00:00,6420.9
2019-07-09 00:15:00,6410.9
2019-07-09 00:30:00,6400.6
2019-07-09 00:45:00,6393.0
2019-07-09 01:00:00,6391.4
2019-07-09 01:15:00,6393.4
2019-07-09 01:30:00,6382.2
2019-07-09 01:45:00,6381.7
2019-07-09 02:00:00,6384.5
2019-07-09 02:15:00,6391.6
2019-07-09 02:30:00,6393.1
2019-07-09 02:45:00,6391.9
2019-07-09 03:00:00,6399.4
2019-07-09 03:15:00,6410.8
2019-07-09 03:30:00,6420.4
2019-07-09 03:45:00,6434.8
2019-07-09 04:00:00,6450.9
2019-07-09 04:15:00,6463.6
2019-07-09 04:30:00,6499.6
2019-07-09 04:45:00,6541.0
2019-07-09 05:00:00,6632.3
2019-07-09 05:15:00,6695.2
2019-07-09 05:30:00,6753.4
2019-07-09 05:45:00,6795.9
2019-07-09 06:00:00,6841.8
2019-07-09 06:15:00,6877.1
2019-07-09 06:30:00,6921.5
2019-07-09 06:45:00,6938.3
2019-07-09 07:00:00,6944.0
2019-07-09 07:15:00,6962.3
2019-07-09 07:30:00,6975.0
2019-07-09 07:45:00,6986.5
2019-07-09 08:00:00,6982.5
2019-07-09 08:15:00,6997.8
2019-07-09 08:30:00,7011.3
2019-07-09 08:45:00,7021.0
2019-07-09 09:00:00,7038.6
2019-07-09 09:15:00,7054.5
2019-07-09 09:30:00,7063.8
2019-07-09 09:45:00,7076.6
2019-07-09 10:00:00,7111.9
2019-07-09 10:15:00,7120.5
2019-07-09 10:30:00,7125.5
2019-07-09 10:45:00,7120.6
2019-07-09 11:00:00,7096.6
2019-07-09 11:15:00,7093.1
2019-07-09 11:30:00,7090.7
2019-07-09 11:45:00,7091.2
2019-07-09 12:00:00,7090.6
2019-07-09 12:15:00,7090.8
2019-07-09 12:30:00,7076.1
2019-07-09 12:45:00,7062.5
2019-07-09 13:00:00,7062.5
2019-07-09 13:15:00,7059.7
2019-07-09 13:30:00,7046.6
2019-07-09 13:45:00,7041.6
2019-07-09 14:00:00,7033.6
2019-07-09 14:15:00,7019.8
2019-07-09 14:30:00,7011.5
2019-07-09 14:45:00,6991.9
2019-07-09 15:00:00,6983.8
2019-07-09 15:15:00,6970.2
2019-07-09 15:30:00,6972.9
2019-07-09 15:45:00,6963.3
2019-07-09 16:00:00,6959.1
2019-07-09 16:15:00,6960.1
2019-07-09 16:30:00,6958.2
2019-07-09 16:45:00,6962.1
2019-07-09 17:00:00,6943.0
2019-07-09 17:15:00,6935.2
2019-07-09 17:30:00,6942.7
2019-07-09 17:45:00,6945.8
2019-07-09 18:00:00,6934.2
2019-07-09 18:15:00,6913.9
2019-07-09 18:30:00,6907.8
2019-07-09 18:45:00,6894.5
2019-07-09 19:00:00,6871.8
2019-07-09 19:15:00,6835.0
2019-07-09 19:30:00,6817.9
2019-07-09 19:45:00,6801.5
2019-07-09 20:00:00,6777.3
2019-07-09 20:15:00,6757.0
2019-07-09 20:30:00,6745.9
2019-07-09 20:45:00,6740.1
2019-07-09 21:00:00,6727.0
2019-07-09 21:15:00,6698.4
2019-07-09 21:30:00,6664.1
2019-07-09 21:45:00,6632.7
2019-07-09 22:00:00,6603.5
2019-07-09 22:15:00,6566.7
2019-07-09 22:30:00,6546.5
2019-07-09 22:45:00,6519.3
2019-07-09 23:00:00,6488.0
2019-07-09 23:15:00,6472.7
2019-07-09 23:30:00,6451.8
2019-07-09 23:45:00,6444.3
2019-07-10 00:00:00,6422.0
2019-07-10 00:15:00,6414.8
2019-07-10 00:30:00,6398.0
2019-07-10 00:45:00,6387.4
2019-07-10 01:00:00,6371.4
2019-07-10 01:15:00,6370.5
2019-07-10 01:30:00,6363.4
2019-07-10 01:45:00,6368.9
2019-07-10 02:00:00,6374.3
2019-07-10 02:15:00,6374.7
2019-07-10 02:30:00,6375.6
2019-07-10 02:45:00,6380.2
2019-07-10 03:00:00,6392.5
2019-07-10 03:15:00,6400.6
2019-07-10 03:30:00,6407.9
2019-07-10 03:45:00,6424.0
2019-07-10 04:00:00,6449.6
2019-07-10 04:15:00,6465.0
2019-07-10 04:30:00,6485.6
2019-07-10 04:45:00,6528.7
2019-07-10 05:00:00,6628.5
2019-07-10 05:15:00,6688.2
2019-07-10 05:30:00,6735.3
2019-07-10 05:45:00,6777.8
2019-07-10 06:00:00,6834.9
2019-07-10 06:15:00,6870.1
2019-07-10 06:30:00,6899.5
2019-07-10 06:45:00,6929.4
2019-07-10 07:00:00,6944.8
2019-07-10 07:15:00,6950.1
2019-07-10 07:30:00,6962.4
2019-07-10 07:45:00,6967.9
2019-07-10 08:00:00,6962.8
2019-07-10 08:15:00,6970.7
2019-07-10 08:30:00,6993.1
2019-07-10 08:45:00,7014.0
2019-07-10 09:00:00,7013.2
2019-07-10 09:15:00,7016.6
2019-07-10 09:30:00,7030.8
2019-07-10 09:45:00,7050.3
2019-07-10 10:00:00,7061.3
2019-07-10 10:15:00,7083.3
2019-07-10 10:30:00,7100.6
2019-07-10 10:45:00,7103.8
2019-07-10 11:00:00,7087.3
2019-07-10 11:15:00,7079.1
2019-07-10 11:30:00,7087.1
2019-07-10 11:45:00,7083.0
2019-07-10 12:00:00,7080.2
2019-07-10 12:15:00,7082.2
2019-07-10 12:30:00,7076.2
2019-07-10 12:45:00,7065.0
2019-07-10 13:00:00,7054.9
2019-07-10 13:15:00,7056.4
2019-07-10 13:30:00,7046.3
2019-07-10 13:45:00,7043.2
2019-07-10 14:00:00,7040.0
2019-07-10 14:15:00,7028.4
2019-07-10 14:30:00,7009.7
2019-07-10 14:45:00,6989.5
2019-07-10 15:00:00,6979.7
2019-07-10 15:15:00,6962.9
2019-07-10 15:30:00,6954.3
2019-07-10 15:45:00,6943.7
2019-07-10 16:00:00,6944.3
2019-07-10 16:15:00,6940.9
2019-07-10 16:30:00,6949.8
2019-07-10 16:45:00,6951.5
2019-07-10 17:00:00,6950.1
2019-07-10 17:15:00,6943.9
2019-07-10 17:30:00,6943.5
2019-07-10 17:45:00,6948.2
2019-07-10 18:00:00,6946.3
2019-07-10 18:15:00,6920.2
2019-07-10 18:30:00,6909.3
2019-07-10 18:45:00,6894.5
2019-07-10 19:00:00,6867.5
2019-07-10 19:15:00,6835.6
2019-07-10 19:30:00,6813.7
2019-07-10 19:45:00,6792.2
2019-07-10 20:00:00,6780.0
2019-07-10 20:15:00,6762.2
2019-07-10 20:30:00,6750.1
2019-07-10 20:45:00,6749.4
2019-07-10 21:00:00,6721.1
2019-07-10 21:15:00,6698.6
2019-07-10 21:30:00,6660.6
2019-07-10 21:45:00,6628.1
2019-07-10 22:00:00,6583.1
2019-07-10 22:15:00,6544.8
2019-07-10 22:30:00,6521.3
2019-07-10 22:45:00,6503.4
2019-07-10 23:00:00,6476.8
2019-07-10 23:15:00,6459.6
2019-07-10 23:30:00,6452.0
2019-07-10 23:45:00,6441.1
2019-07-11 00:00:00,6424.7
2019-07-11 00:15:00,6412.0
2019-07-11 00:30:00,6399.2
2019-07-11 00:45:00,6394.3
2019-07-11 01:00:00,6370.9
2019-07-11 01:15:00,6370.4
2019-07-11 01:30:00,6364.2
2019-07-11 01:45:00,6365.1
2019-07-11 02:00:00,6373.1
2019-07-11 02:15:00,6374.0
2019-07-11 02:30:00,6367.3
2019-07-11 02:45:00,6371.8
2019-07-11 03:00:00,6383.6
2019-07-11 03:15:00,6393.3
2019-07-11 03:30:00,6409.0
2019-07-11 03:45:00,6415.5
2019-07-11 04:00:00,6457.3
2019-07-11 04:15:00,6468.3
2019-07-11 04:30:00,6490.8
2019-07-11 04:45:00,6531.0
2019-07-11 05:00:00,6621.1
2019-07-11 05:15:00,6676.5
2019-07-11 05:30:00,6727.5
2019-07-11 05:45:00,6774.2
2019-07-11 06:00:00,6828.6
2019-07-11 06:15:00,6867.2
2019-07-11 06:30:00,6897.3
2019-07-11 06:45:00,6924.7
2019-07-11 07:00:00,6963.5
2019-07-11 07:15:00,6978.5
2019-07-11 07:30:00,6988.6
2019-07-11 07:45:00,6996.4
2019-07-11 08:00:00,6992.4
2019-07-11 08:15:00,7009.0
2019-07-11 08:30:00,7030.7
2019-07-11 08:45:00,7050.8
2019-07-11 09:00:00,7057.3
2019-07-11 09:15:00,7062.0
2019-07-11 09:30:00,7079.6
2019-07-11 09:45:00,7090.8
2019-07-11 10:00:00,7108.9
2019-07-11 10:15:00,7118.8
2019-07-11 10:30:00,7124.8
2019-07-11 10:45:00,7119.8
2019-07-11 11:00:00,7106.3
2019-07-11 11:15:00,7098.8
2019-07-11 11:30:00,7098.8
2019-07-11 11:45:00,7094.0
2019-07-11 12:00:00,7092.6
2019-07-11 12:15:00,7083.5
2019-07-11 12:30:00,7072.8
2019-07-11 12:45:00,7052.3
2019-07-11 13:00:00,7043.0
2019-07-11 13:15:00,7031.6
2019-07-11 13:30:00,7017.5
2019-07-11 13:45:00,7006.7
2019-07-11 14:00:00,7003.8
2019-07-11 14:15:00,6992.2
2019-07-11 14:30:00,6982.9
2019-07-11 14:45:00,6971.0
2019-07-11 15:00:00,6968.2
2019-07-11 15:15:00,6958.4
2019-07-11 15:30:00,6950.6
2019-07-11 15:45:00,6943.0
2019-07-11 16:00:00,6954.7
2019-07-11 16:15:00,6946.8
2019-07-11 16:30:00,6944.3
2019-07-11 16:45:00,6947.8
2019-07-11 17:00:00,6939.4
2019-07-11 17:15:00,6928.2
2019-07-11 17:30:00,6929.6
2019-07-11 17:45:00,6934.0
2019-07-11 18:00:00,6931.7
2019-07-11 18:15:00,6911.3
2019-07-11 18:30:00,6895.8
2019-07-11 18:45:00,6883.4
2019-07-11 19:00:00,6861.5
2019-07-11 19:15:00,6838.7
2019-07-11 19:30:00,6816.6
2019-07-11 19:45:00,6792.8
2019-07-11 20:00:00,6774.4
2019-07-11 20:15:00,6761.1
2019-07-11 20:30:00,6738.7
2019-07-11 20:45:00,6723.3
2019-07-11 21:00:00,6702.1
2019-07-11 21:15:00,6679.4
2019-07-11 21:30:00,6644.4
2019-07-11 21:45:00,6610.3
2019-07-11 22:00:00,6578.0
2019-07-11 22:15:00,6545.6
2019-07-11 22:30:00,6520.0
2019-07-11 22:45:00,6492.4
2019-07-11 23:00:00,6463.6
2019-07-11 23:15:00,6448.7
2019-07-11 23:30:00,6438.9
2019-07-11 23:45:00,6424.8
2019-07-12 00:00:00,6411.3
2019-07-12 00:15:00,6399.2
2019-07-12 00:30:00,6385.4
2019-07-12 00:45:00,6383.6
2019-07-12 01:00:00,6367.8
2019-07-12 01:15:00,6363.3
2019-07-12 01:30:00,6358.4
2019-07-12 01:45:00,6355.9
2019-07-12 02:00:00,6372.7
2019-07-12 02:15:00,6367.5
2019-07-12 02:30:00,6365.1
2019-07-12 02:45:00,6367.3
2019-07-12 03:00:00,6391.2
2019-07-12 03:15:00,6399.8
2019-07-12 03:30:00,6407.8
2019-07-12 03:45:00,6420.5
2019-07-12 04:00:00,6458.0
2019-07-12 04:15:00,6473.7
2019-07-12 04:30:00,6492.1
2019-07-12 04:45:00,6537.7
2019-07-12 05:00:00,6627.3
2019-07-12 05:15:00,6691.6
2019-07-12 05:30:00,6745.0
2019-07-12 05:45:00,6787.1
2019-07-12 06:00:00,6845.7
2019-07-12 06:15:00,6872.0
2019-07-12 06:30:00,6909.8
2019-07-12 06:45:00,6937.8
2019-07-12 07:00:00,6974.0
2019-07-12 07:15:00,7001.3
2019-07-12 07:30:00,7014.7
2019-07-12 07:45:00,7038.7
2019-07-12 08:00:00,7033.5
2019-07-12 08:15:00,7041.0
2019-07-12 08:30:00,7063.9
2019-07-12 08:45:00,7078.0
2019-07-12 09:00:00,7083.7
2019-07-12 09:15:00,7096.8
2019-07-12 09:30:00,7106.3
2019-07-12 09:45:00,7115.2
2019-07-12 10:00:00,7116.4
2019-07-12 10:15:00,7120.2
2019-07-12 10:30:00,7129.4
2019-07-12 10:45:00,7124.0
2019-07-12 11:00:00,7101.8
2019-07-12 11:15:00,7084.2
2019-07-12 11:30:00,7076.6
2019-07-12 11:45:00,7064.8
2019-07-12 12:00:00,7051.0
2019-07-12 12:15:00,7033.9
2019-07-12 12:30:00,7023.5
2019-07-12 12:45:00,7001.0
2019-07-12 13:00:00,6992.6
2019-07-12 13:15:00,6986.5
2019-07-12 13:30:00,6986.2
2019-07-12 13:45:00,6972.6
2019-07-12 14:00:00,6973.9
2019-07-12 14:15:00,6971.2
2019-07-12 14:30:00,6960.9
2019-07-12 14:45:00,6947.6
2019-07-12 15:00:00,6946.7
2019-07-12 15:15:00,6935.4
2019-07-12 15:30:00,6925.4
2019-07-12 15:45:00,6912.7
2019-07-12 16:00:00,6917.4
2019-07-12 16:15:00,6908.9
2019-07-12 16:30:00,6905.9
2019-07-12 16:45:00,6910.9
2019-07-12 17:00:00,6905.1
2019-07-12 17:15:00,6886.2
2019-07-12 17:30:00,6879.0
2019-07-12 17:45:00,6873.4
2019-07-12 18:00:00,6868.5
2019-07-12 18:15:00,6840.3
2019-07-12 18:30:00,6827.3
2019-07-12 18:45:00,6812.8
2019-07-12 19:00:00,6784.1
2019-07-12 19:15:00,6754.6
2019-07-12 19:30:00,6725.1
2019-07-12 19:45:00,6706.9
2019-07-12 20:00:00,6690.0
2019-07-12 20:15:00,6675.4
2019-07-12 20:30:00,6662.2
2019-07-12 20:45:00,6647.3
2019-07-12 21:00:00,6625.2
2019-07-12 21:15:00,6603.0
2019-07-12 21:30:00,6568.5
2019-07-12 21:45:00,6540.0
2019-07-12 22:00:00,6511.4
2019-07-12 22:15:00,6498.2
2019-07-12 22:30:00,6477.2
2019-07-12 22:45:00,6454.0
2019-07-12 23:00:00,6423.4
2019-07-12 23:15:00,6405.1
2019-07-12 23:30:00,6389.3
2019-07-12 23:45:00,6372.3
2019-07-13 00:00:00,6347.4
2019-07-13 00:15:00,6329.1
2019-07-13 00:30:00,6315.6
2019-07-13 00:45:00,6313.4
2019-07-13 01:00:00,6286.9
2019-07-13 01:15:00,6285.7
2019-07-13 01:30:00,6276.2
2019-07-13 01:45:00,6281.3
2019-07-13 02:00:00,6282.8
2019-07-13 02:15:00,6276.4
2019-07-13 02:30:00,6267.5
2019-07-13 02:45:00,6272.4
2019-07-13 03:00:00,6273.3
2019-07-13 03:15:00,6272.0
2019-07-13 03:30:00,6268.7
2019-07-13 03:45:00,6272.4
2019-07-13 04:00:00,6284.3
2019-07-13 04:15:00,6277.2
2019-07-13 04:30:00,6264.0
2019-07-13 04:45:00,6277.3
2019-07-13 05:00:00,6299.1
2019-07-13 05:15:00,6323.5
2019-07-13 05:30:00,6341.3
2019-07-13 05:45:00,6364.4
2019-07-13 06:00:00,6392.4
2019-07-13 06:15:00,6413.5
2019-07-13 06:30:00,6441.6
2019-07-13 06:45:00,6471.3
2019-07-13 07:00:00,6502.2
2019-07-13 07:15:00,6529.7
2019-07-13 07:30:00,6555.1
2019-07-13 07:45:00,6579.0
2019-07-13 08:00:00,6614.0
2019-07-13 08:15:00,6632.3
2019-07-13 08:30:00,6648.3
2019-07-13 08:45:00,6667.2
2019-07-13 09:00:00,6688.5
2019-07-13 09:15:00,6701.4
2019-07-13 09:30:00,6713.4
2019-07-13 09:45:00,6722.5
2019-07-13 10:00:00,6725.1
2019-07-13 10:15:00,6744.2
2019-07-13 10:30:00,6753.9
2019-07-13 10:45:00,6744.0
2019-07-13 11:00:00,6724.7
2019-07-13 11:15:00,6711.6
2019-07-13 11:30:00,6701.8
2019-07-13 11:45:00,6687.1
2019-07-13 12:00:00,6666.5
2019-07-13 12:15:00,6656.4
2019-07-13 12:30:00,6662.4
2019-07-13 12:45:00,6644.2
2019-07-13 13:00:00,6621.0
2019-07-13 13:15:00,6616.4
2019-07-13 13:30:00,6606.1
2019-07-13 13:45:00,6594.3
2019-07-13 14:00:00,6596.4
2019-07-13 14:15:00,6597.6
2019-07-13 14:30:00,6590.2
2019-07-13 14:45:00,6587.0
2019-07-13 15:00:00,6593.6
2019-07-13 15:15:00,6580.8
2019-07-13 15:30:00,6570.2
2019-07-13 15:45:00,6573.0
2019-07-13 16:00:00,6601.8
2019-07-13 16:15:00,6602.8
2019-07-13 16:30:00,6598.8
2019-07-13 16:45:00,6595.7
2019-07-13 17:00:00,6600.1
2019-07-13 17:15:00,6599.6
2019-07-13 17:30:00,6591.6
2019-07-13 17:45:00,6583.5
2019-07-13 18:00:00,6580.0
2019-07-13 18:15:00,6561.2
2019-07-13 18:30:00,6557.0
2019-07-13 18:45:00,6549.5
2019-07-13 19:00:00,6525.0
2019-07-13 19:15:00,6499.8
2019-07-13 19:30:00,6477.2
2019-07-13 19:45:00,6461.2
2019-07-13 20:00:00,6456.5
2019-07-13 20:15:00,6448.8
2019-07-13 20:30:00,6445.1
2019-07-13 20:45:00,6445.4
2019-07-13 21:00:00,6439.2
2019-07-13 21:15:00,6424.4
2019-07-13 21:30:00,6395.7
2019-07-13 21:45:00,6380.2
2019-07-13 22:00:00,6354.6
2019-07-13 22:15:00,6334.2
2019-07-13 22:30:00,6313.4
2019-07-13 22:45:00,6290.7
2019-07-13 23:00:00,6272.1
2019-07-13 23:15:00,6254.4
2019-07-13 23:30:00,6236.0
2019-07-13 23:45:00,6220.8
2019-07-14 00:00:00,6200.9
2019-07-14 00:15:00,6189.5
2019-07-14 00:30:00,6178.4
2019-07-14 00:45:00,6169.7
2019-07-14 01:00:00,6151.9
2019-07-14 01:15:00,6146.9
2019-07-14 01:30:00,6140.9
2019-07-14 01:45:00,6132.3
2019-07-14 02:00:00,6132.3
2019-07-14 02:15:00,6130.6
2019-07-14 02:30:00,6131.0
2019-07-14 02:45:00,6126.6
2019-07-14 03:00:00,6124.0
2019-07-14 03:15:00,6125.0
2019-07-14 03:30:00,6129.9
2019-07-14 03:45:00,6102.3
2019-07-14 04:00:00,6111.4
2019-07-14 04:15:00,6122.7
2019-07-14 04:30:00,6113.7
2019-07-14 04:45:00,6122.5
2019-07-14 05:00:00,6135.2
2019-07-14 05:15:00,6139.1
2019-07-14 05:30:00,6151.9
2019-07-14 05:45:00,6162.5
2019-07-14 06:00:00,6170.7
2019-07-14 06:15:00,6185.9
2019-07-14 06:30:00,6207.8
2019-07-14 06:45:00,6221.3
2019-07-14 07:00:00,6248.9
2019-07-14 07:15:00,6279.5
2019-07-14 07:30:00,6305.2
2019-07-14 07:45:00,6326.9
2019-07-14 08:00:00,6348.4
2019-07-14 08:15:00,6374.0
2019-07-14 08:30:00,6401.8
2019-07-14 08:45:00,6417.9
2019-07-14 09:00:00,6445.8
2019-07-14 09:15:00,6456.1
2019-07-14 09:30:00,6473.1
2019-07-14 09:45:00,6496.4
2019-07-14 10:00:00,6517.1
2019-07-14 10:15:00,6534.1
2019-07-14 10:30:00,6548.8
2019-07-14 10:45:00,6550.0
2019-07-14 11:00:00,6546.7
2019-07-14 11:15:00,6532.1
2019-07-14 11:30:00,6521.9
2019-07-14 11:45:00,6513.8
2019-07-14 12:00:00,6503.4
2019-07-14 12:15:00,6484.7
2019-07-14 12:30:00,6483.0
2019-07-14 12:45:00,6469.3
2019-07-14 13:00:00,6455.8
2019-07-14 13:15:00,6449.5
2019-07-14 13:30:00,6453.5
2019-07-14 13:45:00,6451.1
2019-07-14 14:00:00,6444.6
2019-07-14 14:15:00,6437.8
2019-07-14 14:30:00,6431.7
2019-07-14 14:45:00,6431.9
2019-07-14 15:00:00,6424.7
2019-07-14 15:15:00,6427.2
2019-07-14 15:30:00,6439.9
2019-07-14 15:45:00,6445.8
2019-07-14 16:00:00,6459.4
2019-07-14 16:15:00,6447.2
2019-07-14 16:30:00,6452.6
2019-07-14 16:45:00,6464.6
2019-07-14 17:00:00,6475.7
2019-07-14 17:15:00,6480.0
2019-07-14 17:30:00,6482.6
2019-07-14 17:45:00,6493.5
2019-07-14 18:00:00,6487.4
2019-07-14 18:15:00,6474.9
2019-07-14 18:30:00,6469.7
2019-07-14 18:45:00,6468.8
2019-07-14 19:00:00,6468.9
2019-07-14 19:15:00,6461.5
2019-07-14 19:30:00,6448.4
2019-07-14 19:45:00,6435.4
2019-07-14 20:00:00,6439.2
2019-07-14 20:15:00,6432.7
2019-07-14 20:30:00,6439.0
2019-07-14 20:45:00,6460.0
2019-07-14 21:00:00,6461.9
2019-07-14 21:15:00,6442.9
2019-07-14 21:30:00,6425.1
2019-07-14 21:45:00,6400.8
2019-07-14 22:00:00,6374.5
2019-07-14 22:15:00,6348.7
2019-07-14 22:30:00,6324.0
2019-07-14 22:45:00,6304.2
2019-07-14 23:00:00,6285.3
2019-07-14 23:15:00,6268.7
2019-07-14 23:30:00,6254.4
2019-07-14 23:45:00,6239.4
2019-07-15 00:00:00,6227.5
2019-07-15 00:15:00,6220.0
2019-07-15 00:30:00,6207.3
2019-07-15 00:45:00,6198.3
2019-07-15 01:00:00,6186.6
2019-07-15 01:15:00,6181.7
2019-07-15 01:30:00,6191.1
2019-07-15 01:45:00,6186.2
2019-07-15 02:00:00,6200.7
2019-07-15 02:15:00,6206.1
2019-07-15 02:30:00,6206.1
2019-07-15 02:45:00,6209.2
2019-07-15 03:00:00,6234.4
2019-07-15 03:15:00,6246.9
2019-07-15 03:30:00,6267.8
2019-07-15 03:45:00,6289.9
2019-07-15 04:00:00,6335.4
2019-07-15 04:15:00,6355.6
2019-07-15 04:30:00,6375.0
2019-07-15 04:45:00,6423.0
2019-07-15 05:00:00,6536.5
2019-07-15 05:15:00,6604.9
2019-07-15 05:30:00,6659.4
2019-07-15 05:45:00,6711.4
2019-07-15 06:00:00,6762.7
2019-07-15 06:15:00,6805.6
2019-07-15 06:30:00,6840.9
2019-07-15 06:45:00,6875.2
2019-07-15 07:00:00,6904.7
2019-07-15 07:15:00,6928.0
2019-07-15 07:30:00,6938.9
2019-07-15 07:45:00,6954.8
2019-07-15 08:00:00,6943.7
2019-07-15 08:15:00,6957.7
2019-07-15 08:30:00,6976.3
2019-07-15 08:45:00,6995.5
2019-07-15 09:00:00,7015.3
2019-07-15 09:15:00,7022.2
2019-07-15 09:30:00,7036.0
2019-07-15 09:45:00,7050.4
2019-07-15 10:00:00,7060.3
2019-07-15 10:15:00,7074.6
2019-07-15 10:30:00,7089.8
2019-07-15 10:45:00,7094.8
2019-07-15 11:00:00,7076.6
2019-07-15 11:15:00,7064.9
2019-07-15 11:30:00,7072.5
2019-07-15 11:45:00,7073.3
2019-07-15 12:00:00,7075.6
2019-07-15 12:15:00,7063.2
2019-07-15 12:30:00,7043.5
2019-07-15 12:45:00,7030.1
2019-07-15 13:00:00,7025.0
2019-07-15 13:15:00,7029.0
2019-07-15 13:30:00,7013.5
2019-07-15 13:45:00,7007.3
2019-07-15 14:00:00,7005.1
2019-07-15 14:15:00,6981.8
2019-07-15 14:30:00,6970.8
2019-07-15 14:45:00,6965.5
2019-07-15 15:00:00,6959.9
2019-07-15 15:15:00,6949.7
2019-07-15 15:30:00,6942.0
2019-07-15 15:45:00,6937.8
2019-07-15 16:00:00,6946.2
2019-07-15 16:15:00,6941.1
2019-07-15 16:30:00,6942.1
2019-07-15 16:45:00,6940.6
2019-07-15 17:00:00,6935.7
2019-07-15 17:15:00,6923.5
2019-07-15 17:30:00,6922.6
2019-07-15 17:45:00,6923.3
2019-07-15 18:00:00,6915.0
2019-07-15 18:15:00,6894.5
2019-07-15 18:30:00,6884.1
2019-07-15 18:45:00,6871.7
2019-07-15 19:00:00,6854.1
2019-07-15 19:15:00,6826.4
2019-07-15 19:30:00,6804.8
2019-07-15 19:45:00,6782.8
2019-07-15 20:00:00,6767.2
2019-07-15 20:15:00,6752.0
2019-07-15 20:30:00,6739.2
2019-07-15 20:45:00,6737.8
2019-07-15 21:00:00,6716.8
2019-07-15 21:15:00,6693.3
2019-07-15 21:30:00,6653.4
2019-07-15 21:45:00,6623.3
2019-07-15 22:00:00,6584.6
2019-07-15 22:15:00,6548.1
2019-07-15 22:30:00,6524.5
2019-07-15 22:45:00,6496.5
2019-07-15 23:00:00,6456.6
2019-07-15 23:15:00,6430.9
2019-07-15 23:30:00,6414.5
2019-07-15 23:45:00,6404.6
2019-07-16 00:00:00,6393.4
2019-07-16 00:15:00,6381.8
2019-07-16 00:30:00,6371.9
2019-07-16 00:45:00,6370.8
2019-07-16 01:00:00,6349.3
2019-07-16 01:15:00,6353.9
2019-07-16 01:30:00,6344.5
2019-07-16 01:45:00,6341.3
2019-07-16 02:00:00,6347.5
2019-07-16 02:15:00,6346.4
2019-07-16 02:30:00,6341.8
2019-07-16 02:45:00,6349.8
2019-07-16 03:00:00,6365.7
2019-07-16 03:15:00,6369.1
2019-07-16 03:30:00,6379.9
2019-07-16 03:45:00,6401.9
2019-07-16 04:00:00,6445.0
2019-07-16 04:15:00,6453.5
2019-07-16 04:30:00,6479.6
2019-07-16 04:45:00,6526.5
2019-07-16 05:00:00,6617.3
2019-07-16 05:15:00,6677.0
2019-07-16 05:30:00,6713.0
2019-07-16 05:45:00,6749.7
2019-07-16 06:00:00,6817.1
2019-07-16 06:15:00,6853.4
2019-07-16 06:30:00,6904.1
2019-07-16 06:45:00,6931.0
2019-07-16 07:00:00,6972.3
2019-07-16 07:15:00,6992.9
2019-07-16 07:30:00,6999.3
2019-07-16 07:45:00,7012.3
2019-07-16 08:00:00,7010.7
2019-07-16 08:15:00,7027.8
2019-07-16 08:30:00,7045.1
2019-07-16 08:45:00,7067.6
2019-07-16 09:00:00,7075.3
2019-07-16 09:15:00,7081.4
2019-07-16 09:30:00,7088.4
2019-07-16 09:45:00,7099.6
2019-07-16 10:00:00,7102.3
2019-07-16 10:15:00,7099.2
2019-07-16 10:30:00,7102.3
2019-07-16 10:45:00,7109.9
2019-07-16 11:00:00,7099.5
2019-07-16 11:15:00,7085.9
2019-07-16 11:30:00,7084.2
2019-07-16 11:45:00,7085.1
2019-07-16 12:00:00,7081.8
2019-07-16 12:15:00,7077.4
2019-07-16 12:30:00,7062.9
2019-07-16 12:45:00,7050.3
2019-07-16 13:00:00,7049.3
2019-07-16 13:15:00,7049.0
2019-07-16 13:30:00,7041.9
2019-07-16 13:45:00,7034.4
2019-07-16 14:00:00,7021.7
2019-07-16 14:15:00,7014.6
2019-07-16 14:30:00,6994.5
2019-07-16 14:45:00,6980.6
2019-07-16 15:00:00,6969.8
2019-07-16 15:15:00,6965.0
2019-07-16 15:30:00,6958.9
2019-07-16 15:45:00,6956.3
2019-07-16 16:00:00,6954.8
2019-07-16 16:15:00,6957.2
2019-07-16 16:30:00,6951.4
2019-07-16 16:45:00,6949.7
2019-07-16 17:00:00,6946.2
2019-07-16 17:15:00,6936.9
2019-07-16 17:30:00,6937.0
2019-07-16 17:45:00,6940.3
2019-07-16 18:00:00,6932.6
2019-07-16 18:15:00,6919.6
2019-07-16 18:30:00,6904.0
2019-07-16 18:45:00,6887.0
2019-07-16 19:00:00,6856.8
2019-07-16 19:15:00,6831.1
2019-07-16 19:30:00,6813.4
2019-07-16 19:45:00,6794.9
2019-07-16 20:00:00,6773.5
2019-07-16 20:15:00,6760.8
2019-07-16 20:30:00,6758.4
2019-07-16 20:45:00,6742.8
2019-07-16 21:00:00,6724.4
2019-07-16 21:15:00,6701.4
2019-07-16 21:30:00,6673.0
2019-07-16 21:45:00,6635.8
2019-07-16 22:00:00,6604.4
2019-07-16 22:15:00,6568.8
2019-07-16 22:30:00,6544.3
2019-07-16 22:45:00,6524.7
2019-07-16 23:00:00,6481.0
2019-07-16 23:15:00,6464.1
2019-07-16 23:30:00,6450.1
2019-07-16 23:45:00,6433.3
2019-07-17 00:00:00,6413.9
2019-07-17 00:15:00,6396.7
2019-07-17 00:30:00,6388.8
2019-07-17 00:45:00,6377.4
2019-07-17 01:00:00,6357.6
2019-07-17 01:15:00,6351.2
2019-07-17 01:30:00,6340.3
2019-07-17 01:45:00,6342.0
2019-07-17 02:00:00,6345.7
2019-07-17 02:15:00,6347.4
2019-07-17 02:30:00,6335.0
2019-07-17 02:45:00,6341.3
2019-07-17 03:00:00,6362.3
2019-07-17 03:15:00,6373.6
2019-07-17 03:30:00,6373.6
2019-07-17 03:45:00,6388.3
2019-07-17 04:00:00,6426.7
2019-07-17 04:15:00,6442.0
2019-07-17 04:30:00,6461.3
2019-07-17 04:45:00,6497.4
2019-07-17 05:00:00,6595.0
2019-07-17 05:15:00,6657.8
2019-07-17 05:30:00,6699.4
2019-07-17 05:45:00,6741.5
2019-07-17 06:00:00,6796.9
2019-07-17 06:15:00,6830.9
2019-07-17 06:30:00,6872.0
2019-07-17 06:45:00,6892.3
2019-07-17 07:00:00,6929.0
2019-07-17 07:15:00,6949.1
2019-07-17 07:30:00,6966.2
2019-07-17 07:45:00,6975.3
2019-07-17 08:00:00,6968.7
2019-07-17 08:15:00,6976.7
2019-07-17 08:30:00,6999.0
2019-07-17 08:45:00,7013.4
2019-07-17 09:00:00,7018.5
2019-07-17 09:15:00,7026.0
2019-07-17 09:30:00,7041.1
2019-07-17 09:45:00,7052.4
2019-07-17 10:00:00,7061.8
2019-07-17 10:15:00,7074.3
2019-07-17 10:30:00,7077.7
2019-07-17 10:45:00,7064.1
2019-07-17 11:00:00,7055.5
2019-07-17 11:15:00,7047.0
2019-07-17 11:30:00,7050.2
2019-07-17 11:45:00,7053.2
2019-07-17 12:00:00,7049.3
2019-07-17 12:15:00,7040.1
2019-07-17 12:30:00,7023.2
2019-07-17 12:45:00,7006.0
2019-07-17 13:00:00,6998.8
2019-07-17 13:15:00,6993.8
2019-07-17 13:30:00,6983.0
2019-07-17 13:45:00,6973.2
2019-07-17 14:00:00,6983.9
2019-07-17 14:15:00,6976.7
2019-07-17 14:30:00,6957.2
2019-07-17 14:45:00,6942.7
2019-07-17 15:00:00,6936.6
2019-07-17 15:15:00,6919.8
2019-07-17 15:30:00,6904.7
2019-07-17 15:45:00,6909.4
2019-07-17 16:00:00,6912.9
2019-07-17 16:15:00,6904.1
2019-07-17 16:30:00,6903.7
2019-07-17 16:45:00,6905.4
2019-07-17 17:00:00,6903.8
2019-07-17 17:15:00,6894.9
2019-07-17 17:30:00,6883.9
2019-07-17 17:45:00,6881.8
2019-07-17 18:00:00,6872.4
2019-07-17 18:15:00,6853.6
2019-07-17 18:30:00,6845.2
2019-07-17 18:45:00,6834.8
2019-07-17 19:00:00,6818.1
2019-07-17 19:15:00,6791.8
2019-07-17 19:30:00,6769.2
2019-07-17 19:45:00,6746.8
2019-07-17 20:00:00,6730.4
2019-07-17 20:15:00,6725.5
2019-07-17 20:30:00,6720.8
2019-07-17 20:45:00,6717.1
2019-07-17 21:00:00,6694.7
2019-07-17 21:15:00,6672.8
2019-07-17 21:30:00,6636.3
2019-07-17 21:45:00,6595.8
2019-07-17 22:00:00,6557.8
2019-07-17 22:15:00,6520.7
2019-07-17 22:30:00,6496.4
2019-07-17 22:45:00,6469.9
2019-07-17 23:00:00,6439.7
2019-07-17 23:15:00,6424.7
2019-07-17 23:30:00,6404.0
2019-07-17 23:45:00,6386.3
2019-07-18 00:00:00,6370.1
2019-07-18 00:15:00,6360.0
2019-07-18 00:30:00,6359.3
2019-07-18 00:45:00,6344.7
2019-07-18 01:00:00,6327.3
2019-07-18 01:15:00,6330.0
2019-07-18 01:30:00,6324.1
2019-07-18 01:45:00,6321.3
2019-07-18 02:00:00,6330.2
2019-07-18 02:15:00,6326.4
2019-07-18 02:30:00,6327.2
2019-07-18 02:45:00,6340.6
2019-07-18 03:00:00,6344.3
2019-07-18 03:15:00,6346.1
2019-07-18 03:30:00,6360.5
2019-07-18 03:45:00,6374.8
2019-07-18 04:00:00,6413.6
2019-07-18 04:15:00,6427.0
2019-07-18 04:30:00,6446.5
2019-07-18 04:45:00,6492.2
2019-07-18 05:00:00,6584.4
2019-07-18 05:15:00,6636.6
2019-07-18 05:30:00,6686.8
2019-07-18 05:45:00,6734.1
2019-07-18 06:00:00,6785.3
2019-07-18 06:15:00,6822.1
2019-07-18 06:30:00,6854.2
2019-07-18 06:45:00,6888.2
2019-07-18 07:00:00,6920.5
2019-07-18 07:15:00,6940.3
2019-07-18 07:30:00,6959.5
2019-07-18 07:45:00,6970.8
2019-07-18 08:00:00,6966.4
2019-07-18 08:15:00,6978.2
2019-07-18 08:30:00,6993.5
2019-07-18 08:45:00,7006.7
2019-07-18 09:00:00,7005.4
2019-07-18 09:15:00,7017.6
2019-07-18 09:30:00,7026.8
2019-07-18 09:45:00,7049.8
2019-07-18 10:00:00,7052.3
2019-07-18 10:15:00,7066.3
2019-07-18 10:30:00,7082.6
2019-07-18 10:45:00,7087.7
2019-07-18 11:00:00,7065.2
2019-07-18 11:15:00,7058.2
2019-07-18 11:30:00,7058.8
2019-07-18 11:45:00,7058.9
2019-07-18 12:00:00,7053.1
2019-07-18 12:15:00,7052.7
2019-07-18 12:30:00,7043.0
2019-07-18 12:45:00,7027.0
2019-07-18 13:00:00,7016.3
2019-07-18 13:15:00,7022.6
2019-07-18 13:30:00,7016.0
2019-07-18 13:45:00,7007.2
2019-07-18 14:00:00,7013.7
2019-07-18 14:15:00,6996.0
2019-07-18 14:30:00,6978.3
2019-07-18 14:45:00,6967.0
2019-07-18 15:00:00,6958.2
2019-07-18 15:15:00,6942.2
2019-07-18 15:30:00,6929.1
2019-07-18 15:45:00,6928.9
2019-07-18 16:00:00,6936.2
2019-07-18 16:15:00,6941.2
2019-07-18 16:30:00,6941.3
2019-07-18 16:45:00,6934.3
2019-07-18 17:00:00,6925.7
2019-07-18 17:15:00,6909.7
2019-07-18 17:30:00,6917.8
2019-07-18 17:45:00,6923.5
2019-07-18 18:00:00,6915.3
2019-07-18 18:15:00,6893.7
2019-07-18 18:30:00,6883.1
2019-07-18 18:45:00,6873.8
2019-07-18 19:00:00,6846.4
2019-07-18 19:15:00,6819.7
2019-07-18 19:30:00,6795.9
2019-07-18 19:45:00,6782.8
2019-07-18 20:00:00,6763.7
2019-07-18 20:15:00,6745.8
2019-07-18 20:30:00,6748.1
2019-07-18 20:45:00,6738.8
2019-07-18 21:00:00,6711.7
2019-07-18 21:15:00,6680.1
2019-07-18 21:30:00,6649.4
2019-07-18 21:45:00,6616.8
2019-07-18 22:00:00,6580.3
2019-07-18 22:15:00,6553.5
2019-07-18 22:30:00,6525.9
2019-07-18 22:45:00,6500.2
2019-07-18 23:00:00,6477.8
2019-07-18 23:15:00,6459.1
2019-07-18 23:30:00,6449.8
2019-07-18 23:45:00,6433.1
2019-07-19 00:00:00,6414.3
2019-07-19 00:15:00,6401.7
2019-07-19 00:30:00,6390.2
2019-07-19 00:45:00,6389.1
2019-07-19 01:00:00,6375.5
2019-07-19 01:15:00,6369.9
2019-07-19 01:30:00,6367.1
2019-07-19 01:45:00,6362.0
2019-07-19 02:00:00,6372.0
2019-07-19 02:15:00,6365.4
2019-07-19 02:30:00,6365.4
2019-07-19 02:45:00,6367.0
2019-07-19 03:00:00,6377.5
2019-07-19 03:15:00,6387.8
2019-07-19 03:30:00,6400.1
2019-07-19 03:45:00,6412.6
2019-07-19 04:00:00,6445.4
2019-07-19 04:15:00,6460.3
2019-07-19 04:30:00,6483.7
2019-07-19 04:45:00,6520.0
2019-07-19 05:00:00,6609.6
2019-07-19 05:15:00,6668.1
2019-07-19 05:30:00,6718.6
2019-07-19 05:45:00,6762.5
2019-07-19 06:00:00,6819.0
2019-07-19 06:15:00,6854.8
2019-07-19 06:30:00,6871.9
2019-07-19 06:45:00,6913.7
2019-07-19 07:00:00,6951.2
2019-07-19 07:15:00,6964.7
2019-07-19 07:30:00,6974.9
2019-07-19 07:45:00,6984.8
2019-07-19 08:00:00,6980.2
2019-07-19 08:15:00,6994.2
2019-07-19 08:30:00,7022.6
2019-07-19 08:45:00,7031.1
2019-07-19 09:00:00,7035.3
2019-07-19 09:15:00,7041.1
2019-07-19 09:30:00,7056.6
2019-07-19 09:45:00,7071.6
2019-07-19 10:00:00,7069.3
2019-07-19 10:15:00,7087.1
2019-07-19 10:30:00,7098.1
2019-07-19 10:45:00,7105.8
2019-07-19 11:00:00,7087.4
2019-07-19 11:15:00,7075.2
2019-07-19 11:30:00,7072.0
2019-07-19 11:45:00,7063.1
2019-07-19 12:00:00,7050.8
2019-07-19 12:15:00,7038.8
2019-07-19 12:30:00,7018.9
2019-07-19 12:45:00,6998.7
2019-07-19 13:00:00,6994.0
2019-07-19 13:15:00,6986.8
2019-07-19 13:30:00,6979.8
2019-07-19 13:45:00,6961.4
2019-07-19 14:00:00,6950.0
2019-07-19 14:15:00,6939.7
2019-07-19 14:30:00,6930.5
2019-07-19 14:45:00,6914.4
2019-07-19 15:00:00,6913.7
2019-07-19 15:15:00,6900.3
2019-07-19 15:30:00,6884.9
2019-07-19 15:45:00,6875.3
2019-07-19 16:00:00,6874.6
2019-07-19 16:15:00,6865.7
2019-07-19 16:30:00,6860.0
2019-07-19 16:45:00,6854.8
2019-07-19 17:00:00,6857.2
2019-07-19 17:15:00,6841.7
2019-07-19 17:30:00,6839.6
2019-07-19 17:45:00,6836.6
2019-07-19 18:00:00,6824.8
2019-07-19 18:15:00,6801.6
2019-07-19 18:30:00,6783.3
2019-07-19 18:45:00,6769.6
2019-07-19 19:00:00,6745.6
2019-07-19 19:15:00,6713.5
2019-07-19 19:30:00,6689.4
2019-07-19 19:45:00,6675.2
2019-07-19 20:00:00,6659.0
2019-07-19 20:15:00,6647.8
2019-07-19 20:30:00,6636.1
2019-07-19 20:45:00,6630.8
2019-07-19 21:00:00,6619.7
2019-07-19 21:15:00,6601.1
2019-07-19 21:30:00,6568.2
2019-07-19 21:45:00,6541.6
2019-07-19 22:00:00,6513.7
2019-07-19 22:15:00,6484.6
2019-07-19 22:30:00,6452.8
2019-07-19 22:45:00,6432.8
2019-07-19 23:00:00,6408.0
2019-07-19 23:15:00,6393.0
2019-07-19 23:30:00,6369.9
2019-07-19 23:45:00,6358.2
2019-07-20 00:00:00,6341.0
2019-07-20 00:15:00,6315.7
2019-07-20 00:30:00,6306.1
2019-07-20 00:45:00,6292.5
2019-07-20 01:00:00,6276.7
2019-07-20 01:15:00,6261.1
2019-07-20 01:30:00,6254.1
2019-07-20 01:45:00,6253.9
2019-07-20 02:00:00,6243.5
2019-07-20 02:15:00,6242.9
2019-07-20 02:30:00,6238.9
2019-07-20 02:45:00,6240.8
2019-07-20 03:00:00,6232.7
2019-07-20 03:15:00,6232.6
2019-07-20 03:30:00,6234.0
2019-07-20 03:45:00,6235.3
2019-07-20 04:00:00,6250.0
2019-07-20 04:15:00,6237.8
2019-07-20 04:30:00,6228.4
2019-07-20 04:45:00,6238.2
2019-07-20 05:00:00,6277.2
2019-07-20 05:15:00,6296.0
2019-07-20 05:30:00,6325.0
2019-07-20 05:45:00,6346.9
2019-07-20 06:00:00,6371.9
2019-07-20 06:15:00,6398.0
2019-07-20 06:30:00,6437.1
2019-07-20 06:45:00,6466.9
2019-07-20 07:00:00,6504.5
2019-07-20 07:15:00,6538.6
2019-07-20 07:30:00,6568.1
2019-07-20 07:45:00,6601.1
2019-07-20 08:00:00,6620.3
2019-07-20 08:15:00,6638.6
2019-07-20 08:30:00,6669.7
2019-07-20 08:45:00,6683.6
2019-07-20 09:00:00,6698.8
2019-07-20 09:15:00,6712.0
2019-07-20 09:30:00,6720.6
2019-07-20 09:45:00,6738.6
2019-07-20 10:00:00,6736.8
2019-07-20 10:15:00,6748.2
2019-07-20 10:30:00,6763.5
2019-07-20 10:45:00,6772.6
2019-07-20 11:00:00,6762.2
2019-07-20 11:15:00,6760.4
2019-07-20 11:30:00,6765.1
2019-07-20 11:45:00,6757.1
2019-07-20 12:00:00,6738.6
2019-07-20 12:15:00,6713.6
2019-07-20 12:30:00,6687.7
2019-07-20 12:45:00,6679.6
2019-07-20 13:00:00,6652.5
2019-07-20 13:15:00,6631.0
2019-07-20 13:30:00,6619.8
2019-07-20 13:45:00,6613.7
2019-07-20 14:00:00,6617.9
2019-07-20 14:15:00,6616.0
2019-07-20 14:30:00,6617.1
2019-07-20 14:45:00,6614.0
2019-07-20 15:00:00,6624.4
2019-07-20 15:15:00,6618.2
2019-07-20 15:30:00,6607.7
2019-07-20 15:45:00,6602.4
2019-07-20 16:00:00,6592.2
2019-07-20 16:15:00,6585.0
2019-07-20 16:30:00,6591.2
2019-07-20 16:45:00,6596.9
2019-07-20 17:00:00,6622.2
2019-07-20 17:15:00,6620.3
2019-07-20 17:30:00,6610.3
2019-07-20 17:45:00,6608.9
2019-07-20 18:00:00,6601.6
2019-07-20 18:15:00,6581.7
2019-07-20 18:30:00,6578.6
2019-07-20 18:45:00,6575.6
2019-07-20 19:00:00,6557.5
2019-07-20 19:15:00,6529.3
2019-07-20 19:30:00,6511.9
2019-07-20 19:45:00,6495.7
2019-07-20 20:00:00,6487.9
2019-07-20 20:15:00,6479.3
2019-07-20 20:30:00,6477.1
2019-07-20 20:45:00,6474.4
2019-07-20 21:00:00,6473.6
2019-07-20 21:15:00,6454.3
2019-07-20 21:30:00,6432.0
2019-07-20 21:45:00,6407.0
2019-07-20 22:00:00,6377.0
2019-07-20 22:15:00,6359.5
2019-07-20 22:30:00,6335.6
2019-07-20 22:45:00,6316.9
2019-07-20 23:00:00,6277.2
2019-07-20 23:15:00,6255.3
2019-07-20 23:30:00,6240.7
2019-07-20 23:45:00,6224.1
2019-07-21 00:00:00,6209.1
2019-07-21 00:15:00,6197.2
2019-07-21 00:30:00,6180.0
2019-07-21 00:45:00,6177.7
2019-07-21 01:00:00,6172.5
2019-07-21 01:15:00,6171.2
2019-07-21 01:30:00,6152.1
2019-07-21 01:45:00,6152.2
2019-07-21 02:00:00,6142.8
2019-07-21 02:15:00,6140.8
2019-07-21 02:30:00,6133.2
2019-07-21 02:45:00,6136.9
2019-07-21 03:00:00,6131.4
2019-07-21 03:15:00,6132.8
2019-07-21 03:30:00,6136.3
2019-07-21 03:45:00,6137.0
2019-07-21 04:00:00,6149.8
2019-07-21 04:15:00,6139.8
2019-07-21 04:30:00,6135.8
2019-07-21 04:45:00,6133.3
2019-07-21 05:00:00,6146.0
2019-07-21 05:15:00,6147.2
2019-07-21 05:30:00,6162.3
2019-07-21 05:45:00,6175.2
2019-07-21 06:00:00,6193.6
2019-07-21 06:15:00,6209.4
2019-07-21 06:30:00,6220.1
2019-07-21 06:45:00,6244.9
2019-07-21 07:00:00,6267.5
2019-07-21 07:15:00,6304.4
2019-07-21 07:30:00,6327.3
2019-07-21 07:45:00,6349.5
2019-07-21 08:00:00,6373.2
2019-07-21 08:15:00,6392.3
2019-07-21 08:30:00,6414.0
2019-07-21 08:45:00,6427.3
2019-07-21 09:00:00,6445.5
2019-07-21 09:15:00,6474.8
2019-07-21 09:30:00,6499.3
2019-07-21 09:45:00,6519.6
2019-07-21 10:00:00,6549.9
2019-07-21 10:15:00,6571.8
2019-07-21 10:30:00,6585.1
2019-07-21 10:45:00,6592.9
2019-07-21 11:00:00,6597.6
2019-07-21 11:15:00,6583.6
2019-07-21 11:30:00,6576.3
2019-07-21 11:45:00,6569.3
2019-07-21 12:00:00,6555.0
2019-07-21 12:15:00,6538.6
2019-07-21 12:30:00,6528.5
2019-07-21 12:45:00,6516.2
2019-07-21 13:00:00,6515.8
2019-07-21 13:15:00,6513.9
2019-07-21 13:30:00,6499.6
2019-07-21 13:45:00,6493.6
2019-07-21 14:00:00,6485.4
2019-07-21 14:15:00,6485.6
2019-07-21 14:30:00,6477.7
2019-07-21 14:45:00,6467.3
2019-07-21 15:00:00,6463.3
2019-07-21 15:15:00,6466.1
2019-07-21 15:30:00,6465.9
2019-07-21 15:45:00,6467.5
2019-07-21 16:00:00,6482.0
2019-07-21 16:15:00,6483.7
2019-07-21 16:30:00,6481.2
2019-07-21 16:45:00,6479.1
2019-07-21 17:00:00,6496.6
2019-07-21 17:15:00,6505.9
2019-07-21 17:30:00,6502.6
2019-07-21 17:45:00,6494.7
2019-07-21 18:00:00,6504.8
2019-07-21 18:15:00,6498.4
2019-07-21 18:30:00,6491.0
2019-07-21 18:45:00,6479.0
2019-07-21 19:00:00,6484.7
2019-07-21 19:15:00,6479.5
2019-07-21 19:30:00,6471.6
2019-07-21 19:45:00,6457.7
2019-07-21 20:00:00,6455.9
2019-07-21 20:15:00,6457.1
2019-07-21 20:30:00,6475.0
2019-07-21 20:45:00,6492.6
2019-07-21 21:00:00,6496.0
2019-07-21 21:15:00,6478.5
2019-07-21 21:30:00,6456.7
2019-07-21 21:45:00,6428.7
2019-07-21 22:00:00,6410.2
2019-07-21 22:15:00,6393.5
2019-07-21 22:30:00,6366.1
2019-07-21 22:45:00,6343.4
2019-07-21 23:00:00,6316.0
2019-07-21 23:15:00,6303.4
2019-07-21 23:30:00,6292.8
2019-07-21 23:45:00,6271.2
2019-07-22 00:00:00,6250.6
2019-07-22 00:15:00,6241.0
2019-07-22 00:30:00,6226.6
2019-07-22 00:45:00,6210.1
2019-07-22 01:00:00,6204.2
2019-07-22 01:15:00,6208.8
2019-07-22 01:30:00,6204.5
2019-07-22 01:45:00,6197.7
2019-07-22 02:00:00,6210.6
2019-07-22 02:15:00,6213.5
2019-07-22 02:30:00,6214.4
2019-07-22 02:45:00,6209.6
2019-07-22 03:00:00,6237.3
2019-07-22 03:15:00,6244.7
2019-07-22 03:30:00,6259.5
2019-07-22 03:45:00,6275.4
2019-07-22 04:00:00,6327.5
2019-07-22 04:15:00,6356.3
2019-07-22 04:30:00,6378.8
2019-07-22 04:45:00,6420.9
2019-07-22 05:00:00,6515.4
2019-07-22 05:15:00,6590.1
2019-07-22 05:30:00,6643.6
2019-07-22 05:45:00,6688.6
2019-07-22 06:00:00,6754.8
2019-07-22 06:15:00,6792.1
2019-07-22 06:30:00,6830.6
2019-07-22 06:45:00,6868.4
2019-07-22 07:00:00,6902.3
2019-07-22 07:15:00,6927.2
2019-07-22 07:30:00,6947.2
2019-07-22 07:45:00,6958.7
2019-07-22 08:00:00,6953.3
2019-07-22 08:15:00,6967.6
2019-07-22 08:30:00,6989.0
2019-07-22 08:45:00,7010.0
2019-07-22 09:00:00,7021.5
2019-07-22 09:15:00,7024.2
2019-07-22 09:30:00,7032.5
2019-07-22 09:45:00,7051.7
2019-07-22 10:00:00,7059.2
2019-07-22 10:15:00,7076.1
2019-07-22 10:30:00,7089.6
2019-07-22 10:45:00,7090.6
2019-07-22 11:00:00,7076.5
2019-07-22 11:15:00,7076.8
2019-07-22 11:30:00,7077.2
2019-07-22 11:45:00,7086.1
2019-07-22 12:00:00,7091.5
2019-07-22 12:15:00,7077.6
2019-07-22 12:30:00,7061.3
2019-07-22 12:45:00,7045.4
2019-07-22 13:00:00,7042.9
2019-07-22 13:15:00,7032.4
2019-07-22 13:30:00,7025.1
2019-07-22 13:45:00,7012.6
2019-07-22 14:00:00,7020.4
2019-07-22 14:15:00,7005.0
2019-07-22 14:30:00,6998.7
2019-07-22 14:45:00,6982.9
2019-07-22 15:00:00,6981.9
2019-07-22 15:15:00,6980.9
2019-07-22 15:30:00,6975.5
2019-07-22 15:45:00,6965.1
2019-07-22 16:00:00,6962.2
2019-07-22 16:15:00,6965.9
2019-07-22 16:30:00,6965.4
2019-07-22 16:45:00,6966.2
2019-07-22 17:00:00,6949.3
2019-07-22 17:15:00,6942.5
2019-07-22 17:30:00,6932.3
2019-07-22 17:45:00,6927.6
2019-07-22 18:00:00,6916.8
2019-07-22 18:15:00,6897.6
2019-07-22 18:30:00,6893.4
2019-07-22 18:45:00,6875.0
2019-07-22 19:00:00,6849.2
2019-07-22 19:15:00,6818.0
2019-07-22 19:30:00,6793.1
2019-07-22 19:45:00,6776.6
2019-07-22 20:00:00,6753.4
2019-07-22 20:15:00,6751.7
2019-07-22 20:30:00,6744.9
2019-07-22 20:45:00,6729.4
2019-07-22 21:00:00,6717.2
2019-07-22 21:15:00,6694.1
2019-07-22 21:30:00,6652.2
2019-07-22 21:45:00,6625.7
2019-07-22 22:00:00,6581.2
2019-07-22 22:15:00,6556.9
2019-07-22 22:30:00,6524.7
2019-07-22 22:45:00,6500.4
2019-07-22 23:00:00,6478.6
2019-07-22 23:15:00,6455.8
2019-07-22 23:30:00,6441.6
2019-07-22 23:45:00,6430.8
2019-07-23 00:00:00,6414.9
2019-07-23 00:15:00,6405.2
2019-07-23 00:30:00,6387.8
2019-07-23 00:45:00,6380.3
2019-07-23 01:00:00,6367.1
2019-07-23 01:15:00,6358.4
2019-07-23 01:30:00,6354.8
2019-07-23 01:45:00,6352.2
2019-07-23 02:00:00,6361.9
2019-07-23 02:15:00,6356.9
2019-07-23 02:30:00,6350.7
2019-07-23 02:45:00,6356.5
2019-07-23 03:00:00,6365.8
2019-07-23 03:15:00,6365.9
2019-07-23 03:30:00,6374.7
2019-07-23 03:45:00,6394.8
2019-07-23 04:00:00,6425.1
2019-07-23 04:15:00,6438.2
2019-07-23 04:30:00,6464.2
2019-07-23 04:45:00,6503.8
2019-07-23 05:00:00,6593.0
2019-07-23 05:15:00,6650.1
2019-07-23 05:30:00,6694.6
2019-07-23 05:45:00,6745.7
2019-07-23 06:00:00,6805.4
2019-07-23 06:15:00,6839.1
2019-07-23 06:30:00,6872.7
2019-07-23 06:45:00,6907.3
2019-07-23 07:00:00,6938.8
2019-07-23 07:15:00,6964.3
2019-07-23 07:30:00,6980.6
2019-07-23 07:45:00,7001.8
2019-07-23 08:00:00,6997.3
2019-07-23 08:15:00,7016.2
2019-07-23 08:30:00,7041.0
2019-07-23 08:45:00,7063.0
2019-07-23 09:00:00,7067.8
2019-07-23 09:15:00,7083.5
2019-07-23 09:30:00,7096.9
2019-07-23 09:45:00,7107.1
2019-07-23 10:00:00,7119.6
2019-07-23 10:15:00,7131.5
2019-07-23 10:30:00,7137.5
2019-07-23 10:45:00,7140.3
2019-07-23 11:00:00,7119.9
2019-07-23 11:15:00,7107.7
2019-07-23 11:30:00,7107.4
2019-07-23 11:45:00,7105.8
2019-07-23 12:00:00,7106.7
2019-07-23 12:15:00,7102.8
2019-07-23 12:30:00,7094.1
2019-07-23 12:45:00,7083.0
2019-07-23 13:00:00,7080.8
2019-07-23 13:15:00,7074.8
2019-07-23 13:30:00,7065.4
2019-07-23 13:45:00,7059.3
2019-07-23 14:00:00,7057.1
2019-07-23 14:15:00,7045.3
2019-07-23 14:30:00,7020.8
2019-07-23 14:45:00,7011.4
2019-07-23 15:00:00,7004.1
2019-07-23 15:15:00,6995.4
2019-07-23 15:30:00,6992.4
2019-07-23 15:45:00,6982.0
2019-07-23 16:00:00,6981.9
2019-07-23 16:15:00,6979.8
2019-07-23 16:30:00,6985.8
2019-07-23 16:45:00,6985.4
2019-07-23 17:00:00,6966.2
2019-07-23 17:15:00,6956.5
2019-07-23 17:30:00,6952.8
2019-07-23 17:45:00,6956.5
2019-07-23 18:00:00,6953.3
2019-07-23 18:15:00,6932.8
2019-07-23 18:30:00,6917.8
2019-07-23 18:45:00,6907.9
2019-07-23 19:00:00,6883.6
2019-07-23 19:15:00,6857.8
2019-07-23 19:30:00,6835.2
2019-07-23 19:45:00,6822.7
2019-07-23 20:00:00,6806.2
2019-07-23 20:15:00,6797.5
2019-07-23 20:30:00,6788.6
2019-07-23 20:45:00,6783.6
2019-07-23 21:00:00,6759.3
2019-07-23 21:15:00,6730.5
2019-07-23 21:30:00,6690.2
2019-07-23 21:45:00,6663.0
2019-07-23 22:00:00,6621.2
2019-07-23 22:15:00,6590.1
2019-07-23 22:30:00,6555.9
2019-07-23 22:45:00,6537.3
2019-07-23 23:00:00,6503.9
2019-07-23 23:15:00,6486.2
2019-07-23 23:30:00,6474.8
2019-07-23 23:45:00,6458.6
2019-07-24 00:00:00,6453.7
2019-07-24 00:15:00,6439.9
2019-07-24 00:30:00,6428.9
2019-07-24 00:45:00,6427.2
2019-07-24 01:00:00,6412.5
2019-07-24 01:15:00,6407.1
2019-07-24 01:30:00,6400.8
2019-07-24 01:45:00,6398.5
2019-07-24 02:00:00,6407.1
2019-07-24 02:15:00,6405.5
2019-07-24 02:30:00,6402.2
2019-07-24 02:45:00,6405.1
2019-07-24 03:00:00,6413.0
2019-07-24 03:15:00,6423.0
2019-07-24 03:30:00,6434.1
2019-07-24 03:45:00,6448.2
2019-07-24 04:00:00,6485.2
2019-07-24 04:15:00,6497.6
2019-07-24 04:30:00,6522.9
2019-07-24 04:45:00,6547.6
2019-07-24 05:00:00,6634.1
2019-07-24 05:15:00,6703.7
2019-07-24 05:30:00,6745.0
2019-07-24 05:45:00,6790.2
2019-07-24 06:00:00,6844.1
2019-07-24 06:15:00,6884.8
2019-07-24 06:30:00,6917.4
2019-07-24 06:45:00,6950.6
2019-07-24 07:00:00,6979.0
2019-07-24 07:15:00,7003.2
2019-07-24 07:30:00,7020.8
2019-07-24 07:45:00,7038.2
2019-07-24 08:00:00,7036.2
2019-07-24 08:15:00,7050.0
2019-07-24 08:30:00,7072.3
2019-07-24 08:45:00,7092.7
2019-07-24 09:00:00,7103.4
2019-07-24 09:15:00,7118.8
2019-07-24 09:30:00,7132.5
2019-07-24 09:45:00,7150.2
2019-07-24 10:00:00,7151.5
2019-07-24 10:15:00,7162.5
2019-07-24 10:30:00,7171.6
2019-07-24 10:45:00,7174.7
2019-07-24 11:00:00,7143.7
2019-07-24 11:15:00,7142.3
2019-07-24 11:30:00,7143.7
2019-07-24 11:45:00,7143.7
2019-07-24 12:00:00,7137.4
2019-07-24 12:15:00,7128.5
2019-07-24 12:30:00,7119.2
2019-07-24 12:45:00,7106.9
2019-07-24 13:00:00,7107.0
2019-07-24 13:15:00,7107.4
2019-07-24 13:30:00,7098.3
2019-07-24 13:45:00,7088.7
2019-07-24 14:00:00,7085.5
2019-07-24 14:15:00,7068.0
2019-07-24 14:30:00,7054.5
2019-07-24 14:45:00,7042.0
2019-07-24 15:00:00,7035.7
2019-07-24 15:15:00,7022.1
2019-07-24 15:30:00,7015.2
2019-07-24 15:45:00,7003.9
2019-07-24 16:00:00,6999.0
2019-07-24 16:15:00,6989.9
2019-07-24 16:30:00,6986.1
2019-07-24 16:45:00,6987.6
2019-07-24 17:00:00,6971.5
2019-07-24 17:15:00,6955.7
2019-07-24 17:30:00,6961.5
2019-07-24 17:45:00,6961.5
2019-07-24 18:00:00,6951.0
2019-07-24 18:15:00,6935.1
2019-07-24 18:30:00,6922.0
2019-07-24 18:45:00,6917.4
2019-07-24 19:00:00,6892.1
2019-07-24 19:15:00,6871.9
2019-07-24 19:30:00,6853.0
2019-07-24 19:45:00,6835.6
2019-07-24 20:00:00,6824.6
2019-07-24 20:15:00,6814.6
2019-07-24 20:30:00,6805.6
2019-07-24 20:45:00,6800.3
2019-07-24 21:00:00,6782.3
2019-07-24 21:15:00,6759.4
2019-07-24 21:30:00,6723.9
2019-07-24 21:45:00,6692.9
2019-07-24 22:00:00,6655.3
2019-07-24 22:15:00,6635.1
2019-07-24 22:30:00,6607.6
2019-07-24 22:45:00,6597.3
2019-07-24 23:00:00,6558.9
2019-07-24 23:15:00,6542.9
2019-07-24 23:30:00,6530.2
2019-07-24 23:45:00,6513.5
2019-07-25 00:00:00,6500.8
2019-07-25 00:15:00,6492.3
2019-07-25 00:30:00,6479.0
2019-07-25 00:45:00,6467.6
2019-07-25 01:00:00,6457.9
2019-07-25 01:15:00,6446.0
2019-07-25 01:30:00,6442.6
2019-07-25 01:45:00,6437.5
2019-07-25 02:00:00,6438.7
2019-07-25 02:15:00,6438.9
2019-07-25 02:30:00,6433.1
2019-07-25 02:45:00,6429.0
2019-07-25 03:00:00,6440.8
2019-07-25 03:15:00,6449.3
2019-07-25 03:30:00,6458.7
2019-07-25 03:45:00,6472.1
2019-07-25 04:00:00,6510.5
2019-07-25 04:15:00,6527.4
2019-07-25 04:30:00,6533.2
2019-07-25 04:45:00,6563.2
2019-07-25 05:00:00,6641.6
2019-07-25 05:15:00,6696.2
2019-07-25 05:30:00,6740.7
2019-07-25 05:45:00,6785.6
2019-07-25 06:00:00,6841.7
2019-07-25 06:15:00,6879.8
2019-07-25 06:30:00,6923.0
2019-07-25 06:45:00,6956.5
2019-07-25 07:00:00,6983.0
2019-07-25 07:15:00,6997.9
2019-07-25 07:30:00,7019.4
2019-07-25 07:45:00,7040.5
2019-07-25 08:00:00,7038.6
2019-07-25 08:15:00,7051.8
2019-07-25 08:30:00,7072.5
2019-07-25 08:45:00,7098.5
2019-07-25 09:00:00,7110.7
2019-07-25 09:15:00,7118.5
2019-07-25 09:30:00,7138.3
2019-07-25 09:45:00,7148.6
2019-07-25 10:00:00,7154.1
2019-07-25 10:15:00,7162.7
2019-07-25 10:30:00,7181.0
2019-07-25 10:45:00,7185.9
2019-07-25 11:00:00,7154.4
2019-07-25 11:15:00,7144.0
2019-07-25 11:30:00,7148.2
2019-07-25 11:45:00,7153.4
2019-07-25 12:00:00,7144.2
2019-07-25 12:15:00,7136.3
2019-07-25 12:30:00,7129.6
2019-07-25 12:45:00,7115.2
2019-07-25 13:00:00,7104.9
2019-07-25 13:15:00,7101.1
2019-07-25 13:30:00,7092.5
2019-07-25 13:45:00,7083.6
2019-07-25 14:00:00,7083.5
2019-07-25 14:15:00,7069.6
2019-07-25 14:30:00,7050.8
2019-07-25 14:45:00,7037.6
2019-07-25 15:00:00,7031.7
2019-07-25 15:15:00,7019.0
2019-07-25 15:30:00,7005.3
2019-07-25 15:45:00,7008.6
2019-07-25 16:00:00,7017.7
2019-07-25 16:15:00,6996.1
2019-07-25 16:30:00,7008.7
2019-07-25 16:45:00,7005.9
2019-07-25 17:00:00,6997.6
2019-07-25 17:15:00,6981.2
2019-07-25 17:30:00,6982.9
2019-07-25 17:45:00,6984.9
2019-07-25 18:00:00,6966.6
2019-07-25 18:15:00,6957.2
2019-07-25 18:30:00,6952.0
2019-07-25 18:45:00,6942.3
2019-07-25 19:00:00,6920.1
2019-07-25 19:15:00,6898.7
2019-07-25 19:30:00,6887.3
2019-07-25 19:45:00,6876.5
2019-07-25 20:00:00,6860.1
2019-07-25 20:15:00,6859.1
2019-07-25 20:30:00,6850.7
2019-07-25 20:45:00,6838.5
2019-07-25 21:00:00,6813.7
2019-07-25 21:15:00,6785.1
2019-07-25 21:30:00,6749.9
2019-07-25 21:45:00,6725.3
2019-07-25 22:00:00,6686.2
2019-07-25 22:15:00,6659.1
2019-07-25 22:30:00,6623.5
2019-07-25 22:45:00,6591.7
2019-07-25 23:00:00,6551.9
2019-07-25 23:15:00,6530.8
2019-07-25 23:30:00,6518.5
2019-07-25 23:45:00,6499.8
2019-07-26 00:00:00,6482.8
2019-07-26 00:15:00,6472.1
2019-07-26 00:30:00,6461.0
2019-07-26 00:45:00,6451.1
2019-07-26 01:00:00,6453.9
2019-07-26 01:15:00,6444.6
2019-07-26 01:30:00,6436.4
2019-07-26 01:45:00,6431.4
2019-07-26 02:00:00,6440.1
2019-07-26 02:15:00,6434.7
2019-07-26 02:30:00,6430.8
2019-07-26 02:45:00,6435.1
2019-07-26 03:00:00,6451.9
2019-07-26 03:15:00,6462.8
2019-07-26 03:30:00,6471.1
2019-07-26 03:45:00,6494.0
2019-07-26 04:00:00,6520.8
2019-07-26 04:15:00,6540.4
2019-07-26 04:30:00,6553.3
2019-07-26 04:45:00,6589.8
2019-07-26 05:00:00,6670.7
2019-07-26 05:15:00,6731.9
2019-07-26 05:30:00,6771.0
2019-07-26 05:45:00,6804.4
2019-07-26 06:00:00,6859.5
2019-07-26 06:15:00,6891.7
2019-07-26 06:30:00,6927.1
2019-07-26 06:45:00,6960.5
2019-07-26 07:00:00,6998.3
2019-07-26 07:15:00,7016.7
2019-07-26 07:30:00,7029.9
2019-07-26 07:45:00,7049.4
2019-07-26 08:00:00,7056.5
2019-07-26 08:15:00,7073.4
2019-07-26 08:30:00,7096.8
2019-07-26 08:45:00,7113.3
2019-07-26 09:00:00,7124.0
2019-07-26 09:15:00,7128.1
2019-07-26 09:30:00,7140.9
2019-07-26 09:45:00,7159.4
2019-07-26 10:00:00,7158.7
2019-07-26 10:15:00,7167.0
2019-07-26 10:30:00,7172.1
2019-07-26 10:45:00,7170.7
2019-07-26 11:00:00,7142.3
2019-07-26 11:15:00,7136.0
2019-07-26 11:30:00,7132.7
2019-07-26 11:45:00,7128.7
2019-07-26 12:00:00,7112.1
2019-07-26 12:15:00,7099.4
2019-07-26 12:30:00,7096.6
2019-07-26 12:45:00,7077.5
2019-07-26 13:00:00,7070.2
2019-07-26 13:15:00,7065.7
2019-07-26 13:30:00,7056.5
2019-07-26 13:45:00,7046.3
2019-07-26 14:00:00,7036.4
2019-07-26 14:15:00,7028.0
2019-07-26 14:30:00,7023.3
2019-07-26 14:45:00,7007.3
2019-07-26 15:00:00,7009.5
2019-07-26 15:15:00,7010.4
2019-07-26 15:30:00,7008.7
2019-07-26 15:45:00,7007.4
2019-07-26 16:00:00,7008.6
2019-07-26 16:15:00,7000.8
2019-07-26 16:30:00,6997.9
2019-07-26 16:45:00,6991.5
2019-07-26 17:00:00,6987.1
2019-07-26 17:15:00,6971.3
2019-07-26 17:30:00,6963.2
2019-07-26 17:45:00,6952.0
2019-07-26 18:00:00,6946.0
2019-07-26 18:15:00,6928.4
2019-07-26 18:30:00,6915.0
2019-07-26 18:45:00,6897.0
2019-07-26 19:00:00,6868.1
2019-07-26 19:15:00,6844.1
2019-07-26 19:30:00,6821.1
2019-07-26 19:45:00,6806.7
2019-07-26 20:00:00,6786.0
2019-07-26 20:15:00,6780.1
2019-07-26 20:30:00,6775.6
2019-07-26 20:45:00,6758.4
2019-07-26 21:00:00,6746.7
2019-07-26 21:15:00,6733.9
2019-07-26 21:30:00,6695.2
2019-07-26 21:45:00,6657.6
2019-07-26 22:00:00,6616.5
2019-07-26 22:15:00,6589.6
2019-07-26 22:30:00,6555.4
2019-07-26 22:45:00,6537.4
2019-07-26 23:00:00,6501.7
2019-07-26 23:15:00,6475.3
2019-07-26 23:30:00,6459.6
2019-07-26 23:45:00,6440.2
2019-07-27 00:00:00,6406.5
2019-07-27 00:15:00,6389.5
2019-07-27 00:30:00,6375.7
2019-07-27 00:45:00,6343.6
2019-07-27 01:00:00,6354.1
2019-07-27 01:15:00,6335.2
2019-07-27 01:30:00,6334.8
2019-07-27 01:45:00,6334.8
2019-07-27 02:00:00,6333.7
2019-07-27 02:15:00,6331.5
2019-07-27 02:30:00,6318.9
2019-07-27 02:45:00,6318.8
2019-07-27 03:00:00,6317.4
2019-07-27 03:15:00,6307.3
2019-07-27 03:30:00,6298.3
2019-07-27 03:45:00,6300.5
2019-07-27 04:00:00,6305.8
2019-07-27 04:15:00,6303.4
2019-07-27 04:30:00,6303.4
2019-07-27 04:45:00,6311.9
2019-07-27 05:00:00,6341.3
2019-07-27 05:15:00,6352.8
2019-07-27 05:30:00,6374.1
2019-07-27 05:45:00,6387.7
2019-07-27 06:00:00,6418.7
2019-07-27 06:15:00,6447.9
2019-07-27 06:30:00,6470.4
2019-07-27 06:45:00,6501.8
2019-07-27 07:00:00,6529.8
2019-07-27 07:15:00,6555.9
2019-07-27 07:30:00,6582.4
2019-07-27 07:45:00,6612.3
2019-07-27 08:00:00,6636.2
2019-07-27 08:15:00,6656.1
2019-07-27 08:30:00,6685.0
2019-07-27 08:45:00,6703.3
2019-07-27 09:00:00,6715.9
2019-07-27 09:15:00,6727.6
2019-07-27 09:30:00,6743.0
2019-07-27 09:45:00,6755.5
2019-07-27 10:00:00,6775.0
2019-07-27 10:15:00,6789.5
2019-07-27 10:30:00,6797.3
2019-07-27 10:45:00,6797.9
2019-07-27 11:00:00,6786.5
2019-07-27 11:15:00,6779.4
2019-07-27 11:30:00,6771.2
2019-07-27 11:45:00,6762.1
2019-07-27 12:00:00,6736.3
2019-07-27 12:15:00,6724.1
2019-07-27 12:30:00,6717.2
2019-07-27 12:45:00,6707.0
2019-07-27 13:00:00,6700.8
2019-07-27 13:15:00,6698.8
2019-07-27 13:30:00,6693.8
2019-07-27 13:45:00,6683.4
2019-07-27 14:00:00,6675.2
2019-07-27 14:15:00,6669.7
2019-07-27 14:30:00,6663.4
2019-07-27 14:45:00,6656.3
2019-07-27 15:00:00,6653.8
2019-07-27 15:15:00,6650.2
2019-07-27 15:30:00,6643.7
2019-07-27 15:45:00,6646.8
2019-07-27 16:00:00,6656.9
2019-07-27 16:15:00,6654.5
2019-07-27 16:30:00,6661.4
2019-07-27 16:45:00,6658.1
2019-07-27 17:00:00,6661.3
2019-07-27 17:15:00,6655.2
2019-07-27 17:30:00,6654.1
2019-07-27 17:45:00,6649.4
2019-07-27 18:00:00,6642.7
2019-07-27 18:15:00,6627.4
2019-07-27 18:30:00,6616.5
2019-07-27 18:45:00,6607.1
2019-07-27 19:00:00,6591.0
2019-07-27 19:15:00,6561.2
2019-07-27 19:30:00,6549.5
2019-07-27 19:45:00,6531.3
2019-07-27 20:00:00,6519.8
2019-07-27 20:15:00,6528.9
2019-07-27 20:30:00,6521.9
2019-07-27 20:45:00,6525.9
2019-07-27 21:00:00,6511.9
2019-07-27 21:15:00,6497.9
2019-07-27 21:30:00,6471.2
2019-07-27 21:45:00,6453.9
2019-07-27 22:00:00,6420.7
2019-07-27 22:15:00,6400.5
2019-07-27 22:30:00,6385.1
2019-07-27 22:45:00,6365.2
2019-07-27 23:00:00,6336.8
2019-07-27 23:15:00,6311.7
2019-07-27 23:30:00,6302.1
2019-07-27 23:45:00,6290.3
2019-07-28 00:00:00,6267.4
2019-07-28 00:15:00,6251.4
2019-07-28 00:30:00,6242.2
2019-07-28 00:45:00,6229.4
2019-07-28 01:00:00,6225.8
2019-07-28 01:15:00,6222.0
2019-07-28 01:30:00,6218.5
2019-07-28 01:45:00,6212.6
2019-07-28 02:00:00,6207.8
2019-07-28 02:15:00,6206.4
2019-07-28 02:30:00,6196.2
2019-07-28 02:45:00,6195.7
2019-07-28 03:00:00,6199.7
2019-07-28 03:15:00,6201.7
2019-07-28 03:30:00,6200.7
2019-07-28 03:45:00,6160.6
2019-07-28 04:00:00,6193.7
2019-07-28 04:15:00,6187.6
2019-07-28 04:30:00,6184.0
2019-07-28 04:45:00,6186.9
2019-07-28 05:00:00,6186.1
2019-07-28 05:15:00,6196.2
2019-07-28 05:30:00,6202.6
2019-07-28 05:45:00,6214.3
2019-07-28 06:00:00,6235.0
2019-07-28 06:15:00,6239.7
2019-07-28 06:30:00,6256.1
2019-07-28 06:45:00,6277.2
2019-07-28 07:00:00,6317.6
2019-07-28 07:15:00,6336.3
2019-07-28 07:30:00,6355.1
2019-07-28 07:45:00,6376.4
2019-07-28 08:00:00,6403.1
2019-07-28 08:15:00,6414.0
2019-07-28 08:30:00,6430.9
2019-07-28 08:45:00,6453.8
2019-07-28 09:00:00,6478.5
2019-07-28 09:15:00,6487.2
2019-07-28 09:30:00,6504.3
2019-07-28 09:45:00,6520.2
2019-07-28 10:00:00,6538.7
2019-07-28 10:15:00,6552.2
2019-07-28 10:30:00,6562.2
2019-07-28 10:45:00,6572.4
2019-07-28 11:00:00,6569.3
2019-07-28 11:15:00,6562.0
2019-07-28 11:30:00,6547.2
2019-07-28 11:45:00,6543.7
2019-07-28 12:00:00,6538.5
2019-07-28 12:15:00,6526.4
2019-07-28 12:30:00,6515.6
2019-07-28 12:45:00,6505.0
2019-07-28 13:00:00,6494.0
2019-07-28 13:15:00,6495.2
2019-07-28 13:30:00,6484.2
2019-07-28 13:45:00,6477.9
2019-07-28 14:00:00,6490.3
2019-07-28 14:15:00,6479.6
2019-07-28 14:30:00,6469.6
2019-07-28 14:45:00,6466.6
2019-07-28 15:00:00,6472.1
2019-07-28 15:15:00,6468.0
2019-07-28 15:30:00,6464.2
2019-07-28 15:45:00,6474.3
2019-07-28 16:00:00,6482.5
2019-07-28 16:15:00,6487.9
2019-07-28 16:30:00,6501.6
2019-07-28 16:45:00,6510.0
2019-07-28 17:00:00,6521.4
2019-07-28 17:15:00,6525.4
2019-07-28 17:30:00,6527.5
2019-07-28 17:45:00,6526.8
2019-07-28 18:00:00,6541.8
2019-07-28 18:15:00,6538.1
2019-07-28 18:30:00,6532.5
2019-07-28 18:45:00,6519.9
2019-07-28 19:00:00,6514.3
2019-07-28 19:15:00,6502.9
2019-07-28 19:30:00,6495.1
2019-07-28 19:45:00,6483.5
2019-07-28 20:00:00,6494.5
2019-07-28 20:15:00,6503.5
2019-07-28 20:30:00,6516.1
2019-07-28 20:45:00,6514.9
2019-07-28 21:00:00,6510.9
2019-07-28 21:15:00,6494.2
2019-07-28 21:30:00,6469.4
2019-07-28 21:45:00,6451.6
2019-07-28 22:00:00,6417.9
2019-07-28 22:15:00,6393.3
2019-07-28 22:30:00,6376.0
2019-07-28 22:45:00,6363.9
2019-07-28 23:00:00,6321.3
2019-07-28 23:15:00,6303.4
2019-07-28 23:30:00,6286.7
2019-07-28 23:45:00,6278.7
2019-07-29 00:00:00,6269.6
2019-07-29 00:15:00,6264.2
2019-07-29 00:30:00,6262.0
2019-07-29 00:45:00,6258.5
2019-07-29 01:00:00,6255.3
2019-07-29 01:15:00,6252.3
2019-07-29 01:30:00,6245.4
2019-07-29 01:45:00,6251.0
2019-07-29 02:00:00,6244.4
2019-07-29 02:15:00,6243.1
2019-07-29 02:30:00,6246.9
2019-07-29 02:45:00,6250.5
2019-07-29 03:00:00,6268.1
2019-07-29 03:15:00,6274.5
2019-07-29 03:30:00,6285.9
2019-07-29 03:45:00,6303.9
2019-07-29 04:00:00,6347.3
2019-07-29 04:15:00,6376.9
2019-07-29 04:30:00,6389.7
2019-07-29 04:45:00,6433.4
2019-07-29 05:00:00,6545.8
2019-07-29 05:15:00,6609.1
2019-07-29 05:30:00,6661.6
2019-07-29 05:45:00,6713.3
2019-07-29 06:00:00,6780.5
2019-07-29 06:15:00,6820.4
2019-07-29 06:30:00,6854.8
2019-07-29 06:45:00,6890.4
2019-07-29 07:00:00,6925.4
2019-07-29 07:15:00,6947.3
2019-07-29 07:30:00,6961.9
2019-07-29 07:45:00,6973.5
2019-07-29 08:00:00,6972.9
2019-07-29 08:15:00,6980.2
2019-07-29 08:30:00,6999.2
2019-07-29 08:45:00,7035.9
2019-07-29 09:00:00,7045.8
2019-07-29 09:15:00,7048.4
2019-07-29 09:30:00,7052.9
2019-07-29 09:45:00,7069.1
2019-07-29 10:00:00,7067.2
2019-07-29 10:15:00,7076.2
2019-07-29 10:30:00,7076.7
2019-07-29 10:45:00,7079.8
2019-07-29 11:00:00,7068.0
2019-07-29 11:15:00,7057.3
2019-07-29 11:30:00,7050.2
2019-07-29 11:45:00,7051.3
2019-07-29 12:00:00,7049.6
2019-07-29 12:15:00,7045.3
2019-07-29 12:30:00,7031.6
2019-07-29 12:45:00,7016.5
2019-07-29 13:00:00,7005.8
2019-07-29 13:15:00,7000.1
2019-07-29 13:30:00,6992.9
2019-07-29 13:45:00,6991.4
2019-07-29 14:00:00,6993.3
2019-07-29 14:15:00,6989.0
2019-07-29 14:30:00,6967.3
2019-07-29 14:45:00,6950.5
2019-07-29 15:00:00,6943.7
2019-07-29 15:15:00,6935.5
2019-07-29 15:30:00,6929.5
2019-07-29 15:45:00,6919.7
2019-07-29 16:00:00,6920.4
2019-07-29 16:15:00,6918.2
2019-07-29 16:30:00,6922.3
2019-07-29 16:45:00,6920.4
2019-07-29 17:00:00,6908.3
2019-07-29 17:15:00,6898.7
2019-07-29 17:30:00,6895.1
2019-07-29 17:45:00,6892.4
2019-07-29 18:00:00,6881.5
2019-07-29 18:15:00,6871.7
2019-07-29 18:30:00,6862.1
2019-07-29 18:45:00,6850.6
2019-07-29 19:00:00,6821.8
2019-07-29 19:15:00,6798.8
2019-07-29 19:30:00,6777.7
2019-07-29 19:45:00,6763.1
2019-07-29 20:00:00,6749.0
2019-07-29 20:15:00,6741.5
2019-07-29 20:30:00,6737.8
2019-07-29 20:45:00,6725.3
2019-07-29 21:00:00,6703.5
2019-07-29 21:15:00,6677.3
2019-07-29 21:30:00,6641.7
2019-07-29 21:45:00,6610.8
2019-07-29 22:00:00,6568.8
2019-07-29 22:15:00,6535.5
2019-07-29 22:30:00,6512.9
2019-07-29 22:45:00,6489.9
2019-07-29 23:00:00,6450.9
2019-07-29 23:15:00,6435.1
2019-07-29 23:30:00,6416.2
2019-07-29 23:45:00,6401.7
2019-07-30 00:00:00,6387.3
2019-07-30 00:15:00,6374.0
2019-07-30 00:30:00,6373.2
2019-07-30 00:45:00,6367.0
2019-07-30 01:00:00,6354.0
2019-07-30 01:15:00,6347.8
2019-07-30 01:30:00,6343.2
2019-07-30 01:45:00,6342.7
2019-07-30 02:00:00,6338.6
2019-07-30 02:15:00,6337.7
2019-07-30 02:30:00,6343.6
2019-07-30 02:45:00,6345.5
2019-07-30 03:00:00,6356.8
2019-07-30 03:15:00,6372.4
2019-07-30 03:30:00,6383.1
2019-07-30 03:45:00,6401.5
2019-07-30 04:00:00,6431.5
2019-07-30 04:15:00,6446.2
2019-07-30 04:30:00,6471.0
2019-07-30 04:45:00,6509.5
2019-07-30 05:00:00,6593.0
2019-07-30 05:15:00,6643.3
2019-07-30 05:30:00,6691.0
2019-07-30 05:45:00,6731.3
2019-07-30 06:00:00,6790.0
2019-07-30 06:15:00,6830.2
2019-07-30 06:30:00,6869.4
2019-07-30 06:45:00,6894.7
2019-07-30 07:00:00,6922.3
2019-07-30 07:15:00,6945.4
2019-07-30 07:30:00,6962.3
2019-07-30 07:45:00,6975.3
2019-07-30 08:00:00,6985.4
2019-07-30 08:15:00,6999.7
2019-07-30 08:30:00,7020.7
2019-07-30 08:45:00,7036.5
2019-07-30 09:00:00,7043.3
2019-07-30 09:15:00,7059.6
2019-07-30 09:30:00,7078.6
2019-07-30 09:45:00,7088.7
2019-07-30 10:00:00,7103.9
2019-07-30 10:15:00,7116.4
2019-07-30 10:30:00,7117.5
2019-07-30 10:45:00,7125.8
2019-07-30 11:00:00,7102.3
2019-07-30 11:15:00,7090.5
2019-07-30 11:30:00,7087.3
2019-07-30 11:45:00,7089.4
2019-07-30 12:00:00,7088.7
2019-07-30 12:15:00,7087.7
2019-07-30 12:30:00,7091.0
2019-07-30 12:45:00,7081.0
2019-07-30 13:00:00,7071.3
2019-07-30 13:15:00,7075.2
2019-07-30 13:30:00,7057.7
2019-07-30 13:45:00,7059.3
2019-07-30 14:00:00,7053.3
2019-07-30 14:15:00,7043.7
2019-07-30 14:30:00,7021.8
2019-07-30 14:45:00,7013.2
2019-07-30 15:00:00,7016.2
2019-07-30 15:15:00,7003.5
2019-07-30 15:30:00,6998.3
2019-07-30 15:45:00,6985.1
2019-07-30 16:00:00,6975.9
2019-07-30 16:15:00,6967.1
2019-07-30 16:30:00,6975.7
2019-07-30 16:45:00,6976.5
2019-07-30 17:00:00,6972.5
2019-07-30 17:15:00,6967.5
2019-07-30 17:30:00,6964.8
2019-07-30 17:45:00,6959.6
2019-07-30 18:00:00,6946.4
2019-07-30 18:15:00,6933.3
2019-07-30 18:30:00,6920.5
2019-07-30 18:45:00,6909.9
2019-07-30 19:00:00,6882.0
2019-07-30 19:15:00,6852.7
2019-07-30 19:30:00,6833.7
2019-07-30 19:45:00,6817.6
2019-07-30 20:00:00,6809.1
2019-07-30 20:15:00,6807.0
2019-07-30 20:30:00,6798.8
2019-07-30 20:45:00,6783.2
2019-07-30 21:00:00,6757.6
2019-07-30 21:15:00,6720.5
2019-07-30 21:30:00,6684.7
2019-07-30 21:45:00,6649.7
2019-07-30 22:00:00,6618.9
2019-07-30 22:15:00,6581.3
2019-07-30 22:30:00,6547.6
2019-07-30 22:45:00,6514.2
2019-07-30 23:00:00,6488.9
2019-07-30 23:15:00,6473.4
2019-07-30 23:30:00,6452.8
2019-07-30 23:45:00,6435.0
2019-07-31 00:00:00,6424.0
2019-07-31 00:15:00,6412.1
2019-07-31 00:30:00,6405.4
2019-07-31 00:45:00,6395.2
2019-07-31 01:00:00,6382.9
2019-07-31 01:15:00,6378.5
2019-07-31 01:30:00,6377.0
2019-07-31 01:45:00,6376.0
2019-07-31 02:00:00,6372.9
2019-07-31 02:15:00,6365.8
2019-07-31 02:30:00,6366.7
2019-07-31 02:45:00,6372.7
2019-07-31 03:00:00,6383.0
2019-07-31 03:15:00,6393.4
2019-07-31 03:30:00,6405.1
2019-07-31 03:45:00,6424.0
2019-07-31 04:00:00,6456.5
2019-07-31 04:15:00,6477.9
2019-07-31 04:30:00,6509.2
2019-07-31 04:45:00,6543.7
2019-07-31 05:00:00,6631.9
2019-07-31 05:15:00,6689.9
2019-07-31 05:30:00,6732.5
2019-07-31 05:45:00,6774.0
2019-07-31 06:00:00,6832.4
2019-07-31 06:15:00,6864.7
2019-07-31 06:30:00,6901.9
2019-07-31 06:45:00,6933.3
2019-07-31 07:00:00,6960.4
2019-07-31 07:15:00,6969.6
2019-07-31 07:30:00,6985.1
2019-07-31 07:45:00,6996.1
2019-07-31 08:00:00,6987.0
2019-07-31 08:15:00,6999.7
2019-07-31 08:30:00,7012.9
2019-07-31 08:45:00,7024.2
2019-07-31 09:00:00,7039.9
2019-07-31 09:15:00,7053.3
2019-07-31 09:30:00,7066.6
2019-07-31 09:45:00,7078.9
2019-07-31 10:00:00,7095.5
2019-07-31 10:15:00,7119.1
2019-07-31 10:30:00,7119.8
2019-07-31 10:45:00,7121.9
2019-07-31 11:00:00,7089.8
2019-07-31 11:15:00,7076.3
2019-07-31 11:30:00,7070.4
2019-07-31 11:45:00,7073.4
2019-07-31 12:00:00,7064.9
2019-07-31 12:15:00,7049.4
2019-07-31 12:30:00,7023.2
2019-07-31 12:45:00,7013.9
2019-07-31 13:00:00,7001.6
2019-07-31 13:15:00,6997.6
2019-07-31 13:30:00,6997.0
2019-07-31 13:45:00,6989.9
2019-07-31 14:00:00,6986.8
2019-07-31 14:15:00,6979.7
2019-07-31 14:30:00,6957.6
2019-07-31 14:45:00,6961.5
2019-07-31 15:00:00,6958.6
2019-07-31 15:15:00,6950.6
2019-07-31 15:30:00,6948.2
2019-07-31 15:45:00,6937.5
2019-07-31 16:00:00,6930.1
2019-07-31 16:15:00,6927.0
2019-07-31 16:30:00,6930.0
2019-07-31 16:45:00,6939.8
2019-07-31 17:00:00,6921.2
2019-07-31 17:15:00,6921.5
2019-07-31 17:30:00,6922.6
2019-07-31 17:45:00,6923.0
2019-07-31 18:00:00,6909.2
2019-07-31 18:15:00,6889.8
2019-07-31 18:30:00,6877.8
2019-07-31 18:45:00,6870.3
2019-07-31 19:00:00,6843.4
2019-07-31 19:15:00,6813.6
2019-07-31 19:30:00,6793.0
2019-07-31 19:45:00,6775.0
2019-07-31 20:00:00,6757.9
2019-07-31 20:15:00,6757.4
2019-07-31 20:30:00,6745.0
2019-07-31 20:45:00,6727.8
2019-07-31 21:00:00,6695.6
2019-07-31 21:15:00,6665.1
2019-07-31 21:30:00,6628.2
2019-07-31 21:45:00,6594.4
2019-07-31 22:00:00,6559.2
2019-07-31 22:15:00,6525.6
2019-07-31 22:30:00,6499.0
2019-07-31 22:45:00,6473.1
2019-07-31 23:00:00,6449.1
2019-07-31 23:15:00,6430.3
2019-07-31 23:30:00,6407.9
2019-07-31 23:45:00,6395.4
2019-08-01 00:00:00,6378.5
2019-08-01 00:15:00,6366.6
2019-08-01 00:30:00,6365.4
2019-08-01 00:45:00,6364.7
2019-08-01 01:00:00,6351.8
2019-08-01 01:15:00,6345.2
2019-08-01 01:30:00,6339.2
2019-08-01 01:45:00,6340.1
2019-08-01 02:00:00,6337.6
2019-08-01 02:15:00,6337.0
2019-08-01 02:30:00,6339.8
2019-08-01 02:45:00,6346.2
2019-08-01 03:00:00,6364.3
2019-08-01 03:15:00,6370.6
2019-08-01 03:30:00,6379.8
2019-08-01 03:45:00,6394.0
2019-08-01 04:00:00,6424.8
2019-08-01 04:15:00,6447.3
2019-08-01 04:30:00,6472.9
2019-08-01 04:45:00,6504.0
2019-08-01 05:00:00,6582.2
2019-08-01 05:15:00,6631.5
2019-08-01 05:30:00,6673.0
2019-08-01 05:45:00,6720.4
2019-08-01 06:00:00,6766.5
2019-08-01 06:15:00,6804.7
2019-08-01 06:30:00,6837.0
2019-08-01 06:45:00,6865.1
2019-08-01 07:00:00,6885.5
2019-08-01 07:15:00,6902.9
2019-08-01 07:30:00,6924.7
2019-08-01 07:45:00,6941.6
2019-08-01 08:00:00,6936.4
2019-08-01 08:15:00,6945.7
2019-08-01 08:30:00,6968.3
2019-08-01 08:45:00,6984.0
2019-08-01 09:00:00,6987.5
2019-08-01 09:15:00,6999.6
2019-08-01 09:30:00,7017.0
2019-08-01 09:45:00,7023.7
2019-08-01 10:00:00,7029.9
2019-08-01 10:15:00,7037.1
2019-08-01 10:30:00,7056.9
2019-08-01 10:45:00,7060.6
2019-08-01 11:00:00,7041.8
2019-08-01 11:15:00,7036.7
2019-08-01 11:30:00,7033.2
2019-08-01 11:45:00,7033.6
2019-08-01 12:00:00,7026.9
2019-08-01 12:15:00,7020.9
2019-08-01 12:30:00,7011.6
2019-08-01 12:45:00,6999.0
2019-08-01 13:00:00,6989.5
2019-08-01 13:15:00,6986.7
2019-08-01 13:30:00,6973.9
2019-08-01 13:45:00,6979.8
2019-08-01 14:00:00,6971.8
2019-08-01 14:15:00,6950.4
2019-08-01 14:30:00,6931.2
2019-08-01 14:45:00,6926.1
2019-08-01 15:00:00,6923.2
2019-08-01 15:15:00,6909.8
2019-08-01 15:30:00,6894.3
2019-08-01 15:45:00,6883.4
2019-08-01 16:00:00,6885.5
2019-08-01 16:15:00,6884.5
2019-08-01 16:30:00,6875.3
2019-08-01 16:45:00,6884.4
2019-08-01 17:00:00,6882.6
2019-08-01 17:15:00,6879.3
2019-08-01 17:30:00,6866.8
2019-08-01 17:45:00,6868.4
2019-08-01 18:00:00,6861.4
2019-08-01 18:15:00,6839.0
2019-08-01 18:30:00,6826.8
2019-08-01 18:45:00,6816.5
2019-08-01 19:00:00,6792.0
2019-08-01 19:15:00,6760.6
2019-08-01 19:30:00,6744.5
2019-08-01 19:45:00,6734.6
2019-08-01 20:00:00,6720.8
2019-08-01 20:15:00,6717.1
2019-08-01 20:30:00,6711.6
2019-08-01 20:45:00,6700.8
2019-08-01 21:00:00,6674.1
2019-08-01 21:15:00,6641.6
2019-08-01 21:30:00,6609.1
2019-08-01 21:45:00,6581.2
2019-08-01 22:00:00,6539.7
2019-08-01 22:15:00,6509.3
2019-08-01 22:30:00,6483.4
2019-08-01 22:45:00,6457.3
2019-08-01 23:00:00,6438.9
2019-08-01 23:15:00,6415.9
2019-08-01 23:30:00,6399.4
2019-08-01 23:45:00,6381.5
2019-08-02 00:00:00,6366.8
2019-08-02 00:15:00,6351.7
2019-08-02 00:30:00,6343.9
2019-08-02 00:45:00,6334.9
2019-08-02 01:00:00,6317.0
2019-08-02 01:15:00,6322.8
2019-08-02 01:30:00,6318.4
2019-08-02 01:45:00,6324.0
2019-08-02 02:00:00,6321.7
2019-08-02 02:15:00,6324.8
2019-08-02 02:30:00,6325.4
2019-08-02 02:45:00,6326.5
2019-08-02 03:00:00,6342.4
2019-08-02 03:15:00,6347.9
2019-08-02 03:30:00,6357.0
2019-08-02 03:45:00,6371.3
2019-08-02 04:00:00,6409.3
2019-08-02 04:15:00,6435.4
2019-08-02 04:30:00,6451.6
2019-08-02 04:45:00,6485.1
2019-08-02 05:00:00,6565.0
2019-08-02 05:15:00,6613.1
2019-08-02 05:30:00,6661.0
2019-08-02 05:45:00,6704.6
2019-08-02 06:00:00,6763.9
2019-08-02 06:15:00,6794.6
2019-08-02 06:30:00,6828.3
2019-08-02 06:45:00,6857.6
2019-08-02 07:00:00,6894.4
2019-08-02 07:15:00,6913.7
2019-08-02 07:30:00,6925.7
2019-08-02 07:45:00,6937.8
2019-08-02 08:00:00,6941.1
2019-08-02 08:15:00,6954.8
2019-08-02 08:30:00,6969.8
2019-08-02 08:45:00,6989.1
2019-08-02 09:00:00,6994.5
2019-08-02 09:15:00,7006.3
2019-08-02 09:30:00,7018.5
2019-08-02 09:45:00,7026.9
2019-08-02 10:00:00,7031.5
2019-08-02 10:15:00,7044.4
2019-08-02 10:30:00,7051.8
2019-08-02 10:45:00,7051.8
2019-08-02 11:00:00,7029.7
2019-08-02 11:15:00,7015.7
2019-08-02 11:30:00,7012.4
2019-08-02 11:45:00,6999.3
2019-08-02 12:00:00,6983.0
2019-08-02 12:15:00,6971.7
2019-08-02 12:30:00,6953.7
2019-08-02 12:45:00,6934.8
2019-08-02 13:00:00,6924.7
2019-08-02 13:15:00,6918.6
2019-08-02 13:30:00,6907.4
2019-08-02 13:45:00,6894.0
2019-08-02 14:00:00,6907.4
2019-08-02 14:15:00,6893.9
2019-08-02 14:30:00,6877.0
2019-08-02 14:45:00,6867.2
2019-08-02 15:00:00,6858.9
2019-08-02 15:15:00,6858.6
2019-08-02 15:30:00,6855.4
2019-08-02 15:45:00,6847.8
2019-08-02 16:00:00,6865.1
2019-08-02 16:15:00,6860.1
2019-08-02 16:30:00,6856.7
2019-08-02 16:45:00,6843.7
2019-08-02 17:00:00,6833.7
2019-08-02 17:15:00,6824.9
2019-08-02 17:30:00,6819.4
2019-08-02 17:45:00,6814.8
2019-08-02 18:00:00,6795.8
2019-08-02 18:15:00,6776.8
2019-08-02 18:30:00,6760.8
2019-08-02 18:45:00,6748.9
2019-08-02 19:00:00,6725.7
2019-08-02 19:15:00,6699.4
2019-08-02 19:30:00,6682.2
2019-08-02 19:45:00,6662.4
2019-08-02 20:00:00,6645.0
2019-08-02 20:15:00,6643.5
2019-08-02 20:30:00,6630.2
2019-08-02 20:45:00,6610.5
2019-08-02 21:00:00,6584.5
2019-08-02 21:15:00,6557.4
2019-08-02 21:30:00,6517.7
2019-08-02 21:45:00,6490.7
2019-08-02 22:00:00,6456.8
2019-08-02 22:15:00,6431.8
2019-08-02 22:30:00,6410.3
2019-08-02 22:45:00,6391.0
2019-08-02 23:00:00,6345.9
2019-08-02 23:15:00,6328.7
2019-08-02 23:30:00,6312.0
2019-08-02 23:45:00,6300.0
2019-08-03 00:00:00,6286.6
2019-08-03 00:15:00,6279.9
2019-08-03 00:30:00,6270.5
2019-08-03 00:45:00,6254.3
2019-08-03 01:00:00,6242.0
2019-08-03 01:15:00,6231.4
2019-08-03 01:30:00,6218.2
2019-08-03 01:45:00,6214.8
2019-08-03 02:00:00,6214.3
2019-08-03 02:15:00,6222.2
2019-08-03 02:30:00,6215.3
2019-08-03 02:45:00,6215.0
2019-08-03 03:00:00,6217.1
2019-08-03 03:15:00,6216.2
2019-08-03 03:30:00,6216.3
2019-08-03 03:45:00,6214.9
2019-08-03 04:00:00,6219.6
2019-08-03 04:15:00,6226.7
2019-08-03 04:30:00,6227.5
2019-08-03 04:45:00,6227.9
2019-08-03 05:00:00,6251.0
2019-08-03 05:15:00,6260.0
2019-08-03 05:30:00,6278.7
2019-08-03 05:45:00,6299.7
2019-08-03 06:00:00,6334.2
2019-08-03 06:15:00,6361.0
2019-08-03 06:30:00,6387.7
2019-08-03 06:45:00,6420.0
2019-08-03 07:00:00,6456.8
2019-08-03 07:15:00,6476.7
2019-08-03 07:30:00,6500.8
2019-08-03 07:45:00,6529.4
2019-08-03 08:00:00,6553.1
2019-08-03 08:15:00,6569.2
2019-08-03 08:30:00,6596.0
2019-08-03 08:45:00,6619.9
2019-08-03 09:00:00,6633.4
2019-08-03 09:15:00,6649.9
2019-08-03 09:30:00,6658.2
2019-08-03 09:45:00,6665.3
2019-08-03 10:00:00,6665.7
2019-08-03 10:15:00,6673.0
2019-08-03 10:30:00,6684.1
2019-08-03 10:45:00,6680.5
2019-08-03 11:00:00,6671.1
2019-08-03 11:15:00,6669.3
2019-08-03 11:30:00,6651.7
2019-08-03 11:45:00,6650.5
2019-08-03 12:00:00,6632.5
2019-08-03 12:15:00,6625.5
2019-08-03 12:30:00,6606.5
2019-08-03 12:45:00,6585.2
2019-08-03 13:00:00,6569.2
2019-08-03 13:15:00,6556.4
2019-08-03 13:30:00,6547.1
2019-08-03 13:45:00,6535.4
2019-08-03 14:00:00,6537.2
2019-08-03 14:15:00,6540.6
2019-08-03 14:30:00,6524.9
2019-08-03 14:45:00,6517.2
2019-08-03 15:00:00,6515.7
2019-08-03 15:15:00,6513.0
2019-08-03 15:30:00,6511.8
2019-08-03 15:45:00,6511.5
2019-08-03 16:00:00,6522.2
2019-08-03 16:15:00,6530.1
2019-08-03 16:30:00,6534.8
2019-08-03 16:45:00,6541.0
2019-08-03 17:00:00,6535.2
2019-08-03 17:15:00,6529.8
2019-08-03 17:30:00,6517.7
2019-08-03 17:45:00,6518.6
2019-08-03 18:00:00,6522.4
2019-08-03 18:15:00,6501.5
2019-08-03 18:30:00,6491.5
2019-08-03 18:45:00,6481.6
2019-08-03 19:00:00,6465.1
2019-08-03 19:15:00,6437.5
2019-08-03 19:30:00,6424.7
2019-08-03 19:45:00,6417.7
2019-08-03 20:00:00,6413.0
2019-08-03 20:15:00,6422.3
2019-08-03 20:30:00,6419.3
2019-08-03 20:45:00,6407.3
2019-08-03 21:00:00,6392.9
2019-08-03 21:15:00,6370.8
2019-08-03 21:30:00,6355.1
2019-08-03 21:45:00,6337.0
2019-08-03 22:00:00,6306.2
2019-08-03 22:15:00,6279.2
2019-08-03 22:30:00,6258.5
2019-08-03 22:45:00,6241.5
2019-08-03 23:00:00,6214.3
2019-08-03 23:15:00,6197.6
2019-08-03 23:30:00,6185.8
2019-08-03 23:45:00,6173.2
2019-08-04 00:00:00,6163.8
2019-08-04 00:15:00,6154.7
2019-08-04 00:30:00,6145.2
2019-08-04 00:45:00,6136.3
2019-08-04 01:00:00,6124.0
2019-08-04 01:15:00,6113.6
2019-08-04 01:30:00,6116.1
2019-08-04 01:45:00,6114.7
2019-08-04 02:00:00,6112.7
2019-08-04 02:15:00,6106.7
2019-08-04 02:30:00,6104.3
2019-08-04 02:45:00,6099.9
2019-08-04 03:00:00,6100.6
2019-08-04 03:15:00,6103.3
2019-08-04 03:30:00,6104.3
2019-08-04 03:45:00,6106.6
2019-08-04 04:00:00,6113.6
2019-08-04 04:15:00,6104.3
2019-08-04 04:30:00,6111.6
2019-08-04 04:45:00,6103.2
2019-08-04 05:00:00,6112.4
2019-08-04 05:15:00,6113.5
2019-08-04 05:30:00,6118.5
2019-08-04 05:45:00,6127.7
2019-08-04 06:00:00,6146.9
2019-08-04 06:15:00,6165.2
2019-08-04 06:30:00,6184.8
2019-08-04 06:45:00,6206.1
2019-08-04 07:00:00,6242.8
2019-08-04 07:15:00,6267.9
2019-08-04 07:30:00,6281.3
2019-08-04 07:45:00,6311.7
2019-08-04 08:00:00,6336.4
2019-08-04 08:15:00,6354.6
2019-08-04 08:30:00,6372.6
2019-08-04 08:45:00,6396.7
2019-08-04 09:00:00,6404.5
2019-08-04 09:15:00,6421.1
2019-08-04 09:30:00,6443.6
2019-08-04 09:45:00,6463.1
2019-08-04 10:00:00,6479.8
2019-08-04 10:15:00,6500.7
2019-08-04 10:30:00,6507.6
2019-08-04 10:45:00,6509.9
2019-08-04 11:00:00,6493.8
2019-08-04 11:15:00,6486.8
2019-08-04 11:30:00,6467.0
2019-08-04 11:45:00,6464.7
2019-08-04 12:00:00,6461.5
2019-08-04 12:15:00,6447.6
2019-08-04 12:30:00,6439.3
2019-08-04 12:45:00,6432.0
2019-08-04 13:00:00,6426.2
2019-08-04 13:15:00,6418.1
2019-08-04 13:30:00,6412.2
2019-08-04 13:45:00,6408.0
2019-08-04 14:00:00,6404.2
2019-08-04 14:15:00,6398.9
2019-08-04 14:30:00,6387.3
2019-08-04 14:45:00,6385.0
2019-08-04 15:00:00,6390.0
2019-08-04 15:15:00,6391.0
2019-08-04 15:30:00,6388.6
2019-08-04 15:45:00,6391.1
2019-08-04 16:00:00,6404.2
2019-08-04 16:15:00,6407.6
2019-08-04 16:30:00,6401.7
2019-08-04 16:45:00,6408.0
2019-08-04 17:00:00,6421.4
2019-08-04 17:15:00,6421.9
2019-08-04 17:30:00,6424.2
2019-08-04 17:45:00,6424.8
2019-08-04 18:00:00,6425.8
2019-08-04 18:15:00,6410.8
2019-08-04 18:30:00,6409.5
2019-08-04 18:45:00,6405.2
2019-08-04 19:00:00,6404.2
2019-08-04 19:15:00,6394.3
2019-08-04 19:30:00,6396.5
2019-08-04 19:45:00,6389.2
2019-08-04 20:00:00,6394.0
2019-08-04 20:15:00,6409.0
2019-08-04 20:30:00,6412.6
2019-08-04 20:45:00,6406.2
2019-08-04 21:00:00,6404.0
2019-08-04 21:15:00,6384.6
2019-08-04 21:30:00,6358.4
2019-08-04 21:45:00,6334.7
2019-08-04 22:00:00,6302.8
2019-08-04 22:15:00,6279.2
2019-08-04 22:30:00,6257.5
2019-08-04 22:45:00,6237.8
2019-08-04 23:00:00,6224.1
2019-08-04 23:15:00,6217.1
2019-08-04 23:30:00,6217.3
2019-08-04 23:45:00,6204.6
2019-08-05 00:00:00,6196.0
2019-08-05 00:15:00,6190.9
2019-08-05 00:30:00,6174.1
2019-08-05 00:45:00,6165.3
2019-08-05 01:00:00,6155.0
2019-08-05 01:15:00,6147.2
2019-08-05 01:30:00,6148.8
2019-08-05 01:45:00,6143.7
2019-08-05 02:00:00,6149.1
2019-08-05 02:15:00,6145.0
2019-08-05 02:30:00,6147.0
2019-08-05 02:45:00,6150.5
2019-08-05 03:00:00,6172.1
2019-08-05 03:15:00,6183.8
2019-08-05 03:30:00,6192.3
2019-08-05 03:45:00,6212.5
2019-08-05 04:00:00,6268.4
2019-08-05 04:15:00,6288.0
2019-08-05 04:30:00,6321.6
2019-08-05 04:45:00,6367.7
2019-08-05 05:00:00,6462.4
2019-08-05 05:15:00,6516.1
2019-08-05 05:30:00,6567.3
2019-08-05 05:45:00,6608.8
2019-08-05 06:00:00,6659.0
2019-08-05 06:15:00,6693.8
2019-08-05 06:30:00,6738.7
2019-08-05 06:45:00,6779.7
2019-08-05 07:00:00,6820.9
2019-08-05 07:15:00,6834.5
2019-08-05 07:30:00,6853.6
2019-08-05 07:45:00,6878.0
2019-08-05 08:00:00,6890.7
2019-08-05 08:15:00,6912.1
2019-08-05 08:30:00,6929.8
2019-08-05 08:45:00,6944.1
2019-08-05 09:00:00,6955.9
2019-08-05 09:15:00,6967.3
2019-08-05 09:30:00,6982.3
2019-08-05 09:45:00,6973.6
2019-08-05 10:00:00,6992.1
2019-08-05 10:15:00,7016.3
2019-08-05 10:30:00,7011.1
2019-08-05 10:45:00,7011.8
2019-08-05 11:00:00,6996.8
2019-08-05 11:15:00,6977.2
2019-08-05 11:30:00,6961.8
2019-08-05 11:45:00,6953.5
2019-08-05 12:00:00,6966.6
2019-08-05 12:15:00,6971.6
2019-08-05 12:30:00,6959.9
2019-08-05 12:45:00,6952.5
2019-08-05 13:00:00,6941.6
2019-08-05 13:15:00,6948.3
2019-08-05 13:30:00,6946.8
2019-08-05 13:45:00,6939.2
2019-08-05 14:00:00,6943.1
2019-08-05 14:15:00,6924.5
2019-08-05 14:30:00,6914.8
2019-08-05 14:45:00,6901.8
2019-08-05 15:00:00,6886.5
2019-08-05 15:15:00,6879.2
2019-08-05 15:30:00,6861.6
2019-08-05 15:45:00,6859.5
2019-08-05 16:00:00,6860.7
2019-08-05 16:15:00,6860.6
2019-08-05 16:30:00,6862.6
2019-08-05 16:45:00,6857.4
2019-08-05 17:00:00,6850.7
2019-08-05 17:15:00,6842.3
2019-08-05 17:30:00,6843.1
2019-08-05 17:45:00,6834.5
2019-08-05 18:00:00,6828.1
2019-08-05 18:15:00,6814.6
2019-08-05 18:30:00,6813.1
2019-08-05 18:45:00,6801.2
2019-08-05 19:00:00,6768.3
2019-08-05 19:15:00,6741.1
2019-08-05 19:30:00,6728.5
2019-08-05 19:45:00,6720.1
2019-08-05 20:00:00,6705.8
2019-08-05 20:15:00,6698.6
2019-08-05 20:30:00,6689.5
2019-08-05 20:45:00,6661.4
2019-08-05 21:00:00,6625.9
2019-08-05 21:15:00,6595.2
2019-08-05 21:30:00,6553.2
2019-08-05 21:45:00,6521.3
2019-08-05 22:00:00,6486.0
2019-08-05 22:15:00,6463.3
2019-08-05 22:30:00,6442.7
2019-08-05 22:45:00,6424.4
2019-08-05 23:00:00,6407.5
2019-08-05 23:15:00,6393.0
2019-08-05 23:30:00,6383.6
2019-08-05 23:45:00,6369.5
2019-08-06 00:00:00,6337.5
2019-08-06 00:15:00,6330.6
2019-08-06 00:30:00,6325.8
2019-08-06 00:45:00,6315.6
2019-08-06 01:00:00,6296.9
2019-08-06 01:15:00,6302.6
2019-08-06 01:30:00,6295.9
2019-08-06 01:45:00,6296.7
2019-08-06 02:00:00,6295.5
2019-08-06 02:15:00,6298.1
2019-08-06 02:30:00,6292.2
2019-08-06 02:45:00,6295.3
2019-08-06 03:00:00,6316.6
2019-08-06 03:15:00,6328.2
2019-08-06 03:30:00,6338.1
2019-08-06 03:45:00,6348.8
2019-08-06 04:00:00,6385.8
2019-08-06 04:15:00,6413.1
2019-08-06 04:30:00,6432.9
2019-08-06 04:45:00,6465.6
2019-08-06 05:00:00,6557.1
2019-08-06 05:15:00,6611.9
2019-08-06 05:30:00,6652.5
2019-08-06 05:45:00,6689.1
2019-08-06 06:00:00,6747.8
2019-08-06 06:15:00,6788.3
2019-08-06 06:30:00,6820.8
2019-08-06 06:45:00,6861.5
2019-08-06 07:00:00,6892.9
2019-08-06 07:15:00,6911.3
2019-08-06 07:30:00,6926.6
2019-08-06 07:45:00,6952.3
2019-08-06 08:00:00,6945.9
2019-08-06 08:15:00,6949.3
2019-08-06 08:30:00,6955.2
2019-08-06 08:45:00,6972.0
2019-08-06 09:00:00,6978.6
2019-08-06 09:15:00,6995.4
2019-08-06 09:30:00,7021.4
2019-08-06 09:45:00,7043.4
2019-08-06 10:00:00,7051.0
2019-08-06 10:15:00,7056.9
2019-08-06 10:30:00,7084.9
2019-08-06 10:45:00,7094.4
2019-08-06 11:00:00,7065.5
2019-08-06 11:15:00,7056.8
2019-08-06 11:30:00,7049.3
2019-08-06 11:45:00,7047.0
2019-08-06 12:00:00,7043.2
2019-08-06 12:15:00,7034.1
2019-08-06 12:30:00,7019.3
2019-08-06 12:45:00,7003.4
2019-08-06 13:00:00,7001.8
2019-08-06 13:15:00,7001.5
2019-08-06 13:30:00,6990.5
2019-08-06 13:45:00,6981.0
2019-08-06 14:00:00,6969.4
2019-08-06 14:15:00,6955.1
2019-08-06 14:30:00,6938.3
2019-08-06 14:45:00,6916.4
2019-08-06 15:00:00,6908.7
2019-08-06 15:15:00,6900.0
2019-08-06 15:30:00,6900.5
2019-08-06 15:45:00,6900.1
2019-08-06 16:00:00,6912.5
2019-08-06 16:15:00,6912.2
2019-08-06 16:30:00,6905.5
2019-08-06 16:45:00,6905.7
2019-08-06 17:00:00,6891.9
2019-08-06 17:15:00,6874.7
2019-08-06 17:30:00,6869.2
2019-08-06 17:45:00,6862.6
2019-08-06 18:00:00,6852.3
2019-08-06 18:15:00,6823.4
2019-08-06 18:30:00,6811.8
2019-08-06 18:45:00,6796.5
2019-08-06 19:00:00,6769.1
2019-08-06 19:15:00,6744.8
2019-08-06 19:30:00,6734.0
2019-08-06 19:45:00,6730.0
2019-08-06 20:00:00,6722.7
2019-08-06 20:15:00,6722.4
2019-08-06 20:30:00,6709.6
2019-08-06 20:45:00,6678.4
2019-08-06 21:00:00,6635.1
2019-08-06 21:15:00,6599.2
2019-08-06 21:30:00,6565.9
2019-08-06 21:45:00,6537.4
2019-08-06 22:00:00,6500.1
2019-08-06 22:15:00,6468.9
2019-08-06 22:30:00,6454.3
2019-08-06 22:45:00,6440.1
2019-08-06 23:00:00,6405.2
2019-08-06 23:15:00,6384.6
2019-08-06 23:30:00,6365.4
2019-08-06 23:45:00,6357.4
2019-08-07 00:00:00,6340.5
2019-08-07 00:15:00,6325.5
2019-08-07 00:30:00,6314.6
2019-08-07 00:45:00,6309.1
2019-08-07 01:00:00,6297.4
2019-08-07 01:15:00,6291.8
2019-08-07 01:30:00,6306.6
2019-08-07 01:45:00,6311.9
2019-08-07 02:00:00,6309.2
2019-08-07 02:15:00,6305.2
2019-08-07 02:30:00,6316.5
2019-08-07 02:45:00,6323.4
2019-08-07 03:00:00,6336.1
2019-08-07 03:15:00,6338.1
2019-08-07 03:30:00,6351.7
2019-08-07 03:45:00,6377.9
2019-08-07 04:00:00,6415.4
2019-08-07 04:15:00,6430.0
2019-08-07 04:30:00,6445.5
2019-08-07 04:45:00,6484.8
2019-08-07 05:00:00,6570.6
2019-08-07 05:15:00,6625.9
2019-08-07 05:30:00,6667.7
2019-08-07 05:45:00,6703.3
2019-08-07 06:00:00,6759.9
2019-08-07 06:15:00,6807.8
2019-08-07 06:30:00,6840.8
2019-08-07 06:45:00,6855.5
2019-08-07 07:00:00,6886.4
2019-08-07 07:15:00,6905.7
2019-08-07 07:30:00,6917.0
2019-08-07 07:45:00,6930.0
2019-08-07 08:00:00,6935.2
2019-08-07 08:15:00,6936.9
2019-08-07 08:30:00,6955.1
2019-08-07 08:45:00,6988.2
2019-08-07 09:00:00,7002.6
2019-08-07 09:15:00,7022.7
2019-08-07 09:30:00,7043.2
2019-08-07 09:45:00,7065.0
2019-08-07 10:00:00,7080.5
2019-08-07 10:15:00,7103.3
2019-08-07 10:30:00,7106.9
2019-08-07 10:45:00,7090.5
2019-08-07 11:00:00,7065.3
2019-08-07 11:15:00,7046.3
2019-08-07 11:30:00,7028.5
2019-08-07 11:45:00,7027.7
2019-08-07 12:00:00,7029.6
2019-08-07 12:15:00,7028.2
2019-08-07 12:30:00,7022.8
2019-08-07 12:45:00,7015.6
2019-08-07 13:00:00,7006.8
2019-08-07 13:15:00,7000.3
2019-08-07 13:30:00,6981.8
2019-08-07 13:45:00,6969.6
2019-08-07 14:00:00,6962.6
2019-08-07 14:15:00,6947.3
2019-08-07 14:30:00,6942.3
2019-08-07 14:45:00,6925.9
2019-08-07 15:00:00,6912.7
2019-08-07 15:15:00,6906.0
2019-08-07 15:30:00,6905.5
2019-08-07 15:45:00,6905.9
2019-08-07 16:00:00,6912.1
2019-08-07 16:15:00,6903.4
2019-08-07 16:30:00,6898.6
2019-08-07 16:45:00,6892.1
2019-08-07 17:00:00,6885.0
2019-08-07 17:15:00,6875.1
2019-08-07 17:30:00,6876.9
2019-08-07 17:45:00,6876.5
2019-08-07 18:00:00,6866.2
2019-08-07 18:15:00,6845.1
2019-08-07 18:30:00,6829.5
2019-08-07 18:45:00,6817.3
2019-08-07 19:00:00,6779.7
2019-08-07 19:15:00,6785.3
2019-08-07 19:30:00,6764.7
2019-08-07 19:45:00,6760.2
2019-08-07 20:00:00,6748.6
2019-08-07 20:15:00,6745.4
2019-08-07 20:30:00,6721.8
2019-08-07 20:45:00,6695.1
2019-08-07 21:00:00,6657.1
2019-08-07 21:15:00,6622.0
2019-08-07 21:30:00,6591.3
2019-08-07 21:45:00,6566.0
2019-08-07 22:00:00,6521.0
2019-08-07 22:15:00,6496.2
2019-08-07 22:30:00,6484.6
2019-08-07 22:45:00,6458.6
2019-08-07 23:00:00,6426.1
2019-08-07 23:15:00,6409.7
2019-08-07 23:30:00,6386.0
2019-08-07 23:45:00,6375.0
2019-08-08 00:00:00,6357.0
2019-08-08 00:15:00,6349.5
2019-08-08 00:30:00,6337.2
2019-08-08 00:45:00,6332.5
2019-08-08 01:00:00,6320.3
2019-08-08 01:15:00,6318.9
2019-08-08 01:30:00,6317.8
2019-08-08 01:45:00,6327.4
2019-08-08 02:00:00,6321.7
2019-08-08 02:15:00,6317.1
2019-08-08 02:30:00,6330.9
2019-08-08 02:45:00,6336.3
2019-08-08 03:00:00,6342.9
2019-08-08 03:15:00,6349.7
2019-08-08 03:30:00,6363.0
2019-08-08 03:45:00,6383.9
2019-08-08 04:00:00,6431.4
2019-08-08 04:15:00,6454.4
2019-08-08 04:30:00,6471.6
2019-08-08 04:45:00,6498.3
2019-08-08 05:00:00,6583.1
2019-08-08 05:15:00,6625.8
2019-08-08 05:30:00,6664.7
2019-08-08 05:45:00,6704.0
2019-08-08 06:00:00,6764.1
2019-08-08 06:15:00,6800.7
2019-08-08 06:30:00,6831.2
2019-08-08 06:45:00,6866.2
2019-08-08 07:00:00,6895.4
2019-08-08 07:15:00,6923.7
2019-08-08 07:30:00,6940.1
2019-08-08 07:45:00,6956.8
2019-08-08 08:00:00,6948.8
2019-08-08 08:15:00,6965.0
2019-08-08 08:30:00,6994.5
2019-08-08 08:45:00,7009.1
2019-08-08 09:00:00,7014.2
2019-08-08 09:15:00,7019.5
2019-08-08 09:30:00,7043.5
2019-08-08 09:45:00,7056.8
2019-08-08 10:00:00,7068.7
2019-08-08 10:15:00,7078.0
2019-08-08 10:30:00,7103.3
2019-08-08 10:45:00,7112.3
2019-08-08 11:00:00,7093.6
2019-08-08 11:15:00,7085.7
2019-08-08 11:30:00,7085.1
2019-08-08 11:45:00,7085.9
2019-08-08 12:00:00,7074.7
2019-08-08 12:15:00,7053.1
2019-08-08 12:30:00,7054.2
2019-08-08 12:45:00,7040.6
2019-08-08 13:00:00,7024.2
2019-08-08 13:15:00,7020.4
2019-08-08 13:30:00,7015.1
2019-08-08 13:45:00,7011.0
2019-08-08 14:00:00,7016.6
2019-08-08 14:15:00,7013.2
2019-08-08 14:30:00,6996.6
2019-08-08 14:45:00,6974.5
2019-08-08 15:00:00,6968.9
2019-08-08 15:15:00,6955.6
2019-08-08 15:30:00,6946.4
2019-08-08 15:45:00,6937.3
2019-08-08 16:00:00,6934.0
2019-08-08 16:15:00,6930.9
2019-08-08 16:30:00,6919.0
2019-08-08 16:45:00,6916.4
2019-08-08 17:00:00,6914.9
2019-08-08 17:15:00,6905.0
2019-08-08 17:30:00,6897.6
2019-08-08 17:45:00,6906.2
2019-08-08 18:00:00,6904.7
2019-08-08 18:15:00,6875.2
2019-08-08 18:30:00,6854.2
2019-08-08 18:45:00,6834.9
2019-08-08 19:00:00,6810.9
2019-08-08 19:15:00,6792.2
2019-08-08 19:30:00,6773.1
2019-08-08 19:45:00,6756.7
2019-08-08 20:00:00,6755.6
2019-08-08 20:15:00,6764.5
2019-08-08 20:30:00,6742.8
2019-08-08 20:45:00,6713.4
2019-08-08 21:00:00,6690.8
2019-08-08 21:15:00,6659.2
2019-08-08 21:30:00,6626.8
2019-08-08 21:45:00,6592.9
2019-08-08 22:00:00,6551.9
2019-08-08 22:15:00,6523.8
2019-08-08 22:30:00,6491.2
2019-08-08 22:45:00,6469.9
2019-08-08 23:00:00,6440.7
2019-08-08 23:15:00,6423.4
2019-08-08 23:30:00,6403.1
2019-08-08 23:45:00,6394.4
2019-08-09 00:00:00,6374.1
2019-08-09 00:15:00,6366.5
2019-08-09 00:30:00,6351.1
2019-08-09 00:45:00,6343.2
2019-08-09 01:00:00,6332.3
2019-08-09 01:15:00,6326.4
2019-08-09 01:30:00,6328.2
2019-08-09 01:45:00,6327.7
2019-08-09 02:00:00,6327.5
2019-08-09 02:15:00,6327.8
2019-08-09 02:30:00,6331.2
2019-08-09 02:45:00,6333.7
2019-08-09 03:00:00,6347.8
2019-08-09 03:15:00,6354.4
2019-08-09 03:30:00,6363.5
2019-08-09 03:45:00,6377.6
2019-08-09 04:00:00,6414.3
2019-08-09 04:15:00,6440.9
2019-08-09 04:30:00,6471.3
2019-08-09 04:45:00,6500.2
2019-08-09 05:00:00,6571.8
2019-08-09 05:15:00,6626.7
2019-08-09 05:30:00,6668.1
2019-08-09 05:45:00,6705.6
2019-08-09 06:00:00,6758.1
2019-08-09 06:15:00,6798.8
2019-08-09 06:30:00,6833.7
2019-08-09 06:45:00,6861.7
2019-08-09 07:00:00,6894.2
2019-08-09 07:15:00,6913.5
2019-08-09 07:30:00,6932.0
2019-08-09 07:45:00,6953.8
2019-08-09 08:00:00,6950.6
2019-08-09 08:15:00,6967.9
2019-08-09 08:30:00,6988.6
2019-08-09 08:45:00,7000.1
2019-08-09 09:00:00,7015.3
2019-08-09 09:15:00,7017.5
2019-08-09 09:30:00,7028.0
2019-08-09 09:45:00,7034.5
2019-08-09 10:00:00,7043.9
2019-08-09 10:15:00,7055.5
2019-08-09 10:30:00,7075.1
2019-08-09 10:45:00,7074.8
2019-08-09 11:00:00,7050.9
2019-08-09 11:15:00,7053.3
2019-08-09 11:30:00,7054.6
2019-08-09 11:45:00,7058.8
2019-08-09 12:00:00,7042.1
2019-08-09 12:15:00,7025.0
2019-08-09 12:30:00,7017.9
2019-08-09 12:45:00,6990.4
2019-08-09 13:00:00,6981.0
2019-08-09 13:15:00,6974.3
2019-08-09 13:30:00,6959.5
2019-08-09 13:45:00,6951.5
2019-08-09 14:00:00,6940.1
2019-08-09 14:15:00,6926.3
2019-08-09 14:30:00,6904.3
2019-08-09 14:45:00,6894.3
2019-08-09 15:00:00,6902.7
2019-08-09 15:15:00,6907.1
2019-08-09 15:30:00,6912.7
2019-08-09 15:45:00,6922.3
2019-08-09 16:00:00,6926.6
2019-08-09 16:15:00,6917.2
2019-08-09 16:30:00,6910.8
2019-08-09 16:45:00,6905.7
2019-08-09 17:00:00,6897.7
2019-08-09 17:15:00,6885.8
2019-08-09 17:30:00,6882.9
2019-08-09 17:45:00,6874.0
2019-08-09 18:00:00,6861.1
2019-08-09 18:15:00,6833.3
2019-08-09 18:30:00,6819.4
2019-08-09 18:45:00,6805.3
2019-08-09 19:00:00,6787.9
2019-08-09 19:15:00,6764.5
2019-08-09 19:30:00,6753.2
2019-08-09 19:45:00,6748.2
2019-08-09 20:00:00,6730.8
2019-08-09 20:15:00,6712.6
2019-08-09 20:30:00,6696.0
2019-08-09 20:45:00,6668.1
2019-08-09 21:00:00,6650.6
2019-08-09 21:15:00,6618.9
2019-08-09 21:30:00,6580.4
2019-08-09 21:45:00,6556.6
2019-08-09 22:00:00,6517.5
2019-08-09 22:15:00,6496.6
2019-08-09 22:30:00,6480.5
2019-08-09 22:45:00,6456.5
2019-08-09 23:00:00,6438.8
2019-08-09 23:15:00,6418.4
2019-08-09 23:30:00,6401.7
2019-08-09 23:45:00,6381.1
2019-08-10 00:00:00,6355.9
2019-08-10 00:15:00,6347.9
2019-08-10 00:30:00,6339.8
2019-08-10 00:45:00,6328.1
2019-08-10 01:00:00,6306.2
2019-08-10 01:15:00,6298.2
2019-08-10 01:30:00,6287.6
2019-08-10 01:45:00,6281.0
2019-08-10 02:00:00,6276.7
2019-08-10 02:15:00,6277.7
2019-08-10 02:30:00,6263.9
2019-08-10 02:45:00,6272.9
2019-08-10 03:00:00,6276.7
2019-08-10 03:15:00,6272.4
2019-08-10 03:30:00,6278.3
2019-08-10 03:45:00,6280.4
2019-08-10 04:00:00,6296.1
2019-08-10 04:15:00,6288.6
2019-08-10 04:30:00,6293.2
2019-08-10 04:45:00,6298.3
2019-08-10 05:00:00,6313.8
2019-08-10 05:15:00,6330.6
2019-08-10 05:30:00,6354.2
2019-08-10 05:45:00,6382.7
2019-08-10 06:00:00,6421.1
2019-08-10 06:15:00,6451.4
2019-08-10 06:30:00,6468.0
2019-08-10 06:45:00,6494.1
2019-08-10 07:00:00,6521.2
2019-08-10 07:15:00,6551.4
2019-08-10 07:30:00,6579.9
2019-08-10 07:45:00,6618.2
2019-08-10 08:00:00,6648.2
2019-08-10 08:15:00,6669.5
2019-08-10 08:30:00,6710.3
2019-08-10 08:45:00,6726.1
2019-08-10 09:00:00,6732.6
2019-08-10 09:15:00,6731.9
2019-08-10 09:30:00,6749.4
2019-08-10 09:45:00,6758.0
2019-08-10 10:00:00,6763.6
2019-08-10 10:15:00,6777.0
2019-08-10 10:30:00,6788.5
2019-08-10 10:45:00,6792.2
2019-08-10 11:00:00,6788.5
2019-08-10 11:15:00,6771.9
2019-08-10 11:30:00,6762.2
2019-08-10 11:45:00,6760.3
2019-08-10 12:00:00,6737.2
2019-08-10 12:15:00,6729.5
2019-08-10 12:30:00,6720.5
2019-08-10 12:45:00,6696.9
2019-08-10 13:00:00,6680.0
2019-08-10 13:15:00,6662.4
2019-08-10 13:30:00,6661.0
2019-08-10 13:45:00,6664.7
2019-08-10 14:00:00,6665.6
2019-08-10 14:15:00,6651.1
2019-08-10 14:30:00,6644.0
2019-08-10 14:45:00,6639.8
2019-08-10 15:00:00,6647.2
2019-08-10 15:15:00,6649.3
2019-08-10 15:30:00,6656.9
2019-08-10 15:45:00,6644.2
2019-08-10 16:00:00,6646.3
2019-08-10 16:15:00,6654.5
2019-08-10 16:30:00,6660.9
2019-08-10 16:45:00,6663.8
2019-08-10 17:00:00,6663.8
2019-08-10 17:15:00,6658.5
2019-08-10 17:30:00,6656.9
2019-08-10 17:45:00,6635.6
2019-08-10 18:00:00,6638.3
2019-08-10 18:15:00,6619.7
2019-08-10 18:30:00,6603.0
2019-08-10 18:45:00,6589.2
2019-08-10 19:00:00,6561.6
2019-08-10 19:15:00,6547.9
2019-08-10 19:30:00,6533.5
2019-08-10 19:45:00,6516.8
2019-08-10 20:00:00,6510.7
2019-08-10 20:15:00,6511.3
2019-08-10 20:30:00,6496.9
2019-08-10 20:45:00,6478.2
2019-08-10 21:00:00,6467.5
2019-08-10 21:15:00,6441.2
2019-08-10 21:30:00,6413.6
2019-08-10 21:45:00,6403.3
2019-08-10 22:00:00,6380.2
2019-08-10 22:15:00,6354.8
2019-08-10 22:30:00,6338.0
2019-08-10 22:45:00,6331.1
2019-08-10 23:00:00,6315.2
2019-08-10 23:15:00,6298.2
2019-08-10 23:30:00,6277.2
2019-08-10 23:45:00,6262.0
2019-08-11 00:00:00,6248.0
2019-08-11 00:15:00,6241.0
2019-08-11 00:30:00,6228.4
2019-08-11 00:45:00,6211.2
2019-08-11 01:00:00,6206.5
2019-08-11 01:15:00,6199.9
2019-08-11 01:30:00,6188.9
2019-08-11 01:45:00,6184.8
2019-08-11 02:00:00,6182.1
2019-08-11 02:15:00,6179.6
2019-08-11 02:30:00,6175.6
2019-08-11 02:45:00,6176.1
2019-08-11 03:00:00,6171.7
2019-08-11 03:15:00,6175.6
2019-08-11 03:30:00,6168.3
2019-08-11 03:45:00,6176.0
2019-08-11 04:00:00,6186.3
2019-08-11 04:15:00,6185.4
2019-08-11 04:30:00,6186.2
2019-08-11 04:45:00,6175.1
2019-08-11 05:00:00,6192.3
2019-08-11 05:15:00,6198.1
2019-08-11 05:30:00,6201.9
2019-08-11 05:45:00,6212.5
2019-08-11 06:00:00,6240.1
2019-08-11 06:15:00,6259.2
2019-08-11 06:30:00,6280.3
2019-08-11 06:45:00,6300.9
2019-08-11 07:00:00,6329.3
2019-08-11 07:15:00,6354.9
2019-08-11 07:30:00,6379.7
2019-08-11 07:45:00,6397.6
2019-08-11 08:00:00,6426.8
2019-08-11 08:15:00,6447.8
2019-08-11 08:30:00,6473.4
2019-08-11 08:45:00,6494.0
2019-08-11 09:00:00,6512.4
2019-08-11 09:15:00,6540.0
2019-08-11 09:30:00,6544.2
2019-08-11 09:45:00,6559.1
2019-08-11 10:00:00,6598.8
2019-08-11 10:15:00,6614.5
2019-08-11 10:30:00,6629.6
2019-08-11 10:45:00,6620.5
2019-08-11 11:00:00,6614.5
2019-08-11 11:15:00,6603.3
2019-08-11 11:30:00,6585.7
2019-08-11 11:45:00,6571.8
2019-08-11 12:00:00,6550.0
2019-08-11 12:15:00,6545.6
2019-08-11 12:30:00,6536.7
2019-08-11 12:45:00,6515.6
2019-08-11 13:00:00,6503.8
2019-08-11 13:15:00,6502.4
2019-08-11 13:30:00,6508.1
2019-08-11 13:45:00,6500.6
2019-08-11 14:00:00,6485.4
2019-08-11 14:15:00,6488.6
2019-08-11 14:30:00,6482.3
2019-08-11 14:45:00,6467.3
2019-08-11 15:00:00,6453.4
2019-08-11 15:15:00,6442.9
2019-08-11 15:30:00,6433.7
2019-08-11 15:45:00,6424.8
2019-08-11 16:00:00,6425.2
2019-08-11 16:15:00,6432.4
2019-08-11 16:30:00,6446.7
2019-08-11 16:45:00,6450.6
2019-08-11 17:00:00,6466.2
2019-08-11 17:15:00,6481.4
2019-08-11 17:30:00,6484.7
2019-08-11 17:45:00,6490.7
2019-08-11 18:00:00,6485.6
2019-08-11 18:15:00,6466.8
2019-08-11 18:30:00,6462.6
2019-08-11 18:45:00,6453.3
2019-08-11 19:00:00,6460.7
2019-08-11 19:15:00,6458.5
2019-08-11 19:30:00,6460.1
2019-08-11 19:45:00,6457.7
2019-08-11 20:00:00,6464.0
2019-08-11 20:15:00,6464.1
2019-08-11 20:30:00,6454.6
2019-08-11 20:45:00,6442.5
2019-08-11 21:00:00,6434.8
2019-08-11 21:15:00,6417.7
2019-08-11 21:30:00,6385.4
2019-08-11 21:45:00,6367.7
2019-08-11 22:00:00,6353.5
2019-08-11 22:15:00,6329.3
2019-08-11 22:30:00,6305.6
2019-08-11 22:45:00,6289.7
2019-08-11 23:00:00,6279.6
2019-08-11 23:15:00,6260.6
2019-08-11 23:30:00,6257.9
2019-08-11 23:45:00,6250.1
2019-08-12 00:00:00,6235.0
2019-08-12 00:15:00,6229.4
2019-08-12 00:30:00,6226.1
2019-08-12 00:45:00,6221.8
2019-08-12 01:00:00,6212.8
2019-08-12 01:15:00,6209.3
2019-08-12 01:30:00,6203.5
2019-08-12 01:45:00,6207.7
2019-08-12 02:00:00,6197.1
2019-08-12 02:15:00,6201.9
2019-08-12 02:30:00,6196.0
2019-08-12 02:45:00,6205.4
2019-08-12 03:00:00,6222.5
2019-08-12 03:15:00,6226.1
2019-08-12 03:30:00,6244.4
2019-08-12 03:45:00,6266.4
2019-08-12 04:00:00,6319.0
2019-08-12 04:15:00,6350.9
2019-08-12 04:30:00,6382.9
2019-08-12 04:45:00,6436.6
2019-08-12 05:00:00,6525.7
2019-08-12 05:15:00,6581.3
2019-08-12 05:30:00,6624.1
2019-08-12 05:45:00,6665.8
2019-08-12 06:00:00,6725.8
2019-08-12 06:15:00,6768.6
2019-08-12 06:30:00,6809.4
2019-08-12 06:45:00,6839.9
2019-08-12 07:00:00,6878.0
2019-08-12 07:15:00,6898.5
2019-08-12 07:30:00,6912.5
2019-08-12 07:45:00,6922.5
2019-08-12 08:00:00,6926.7
2019-08-12 08:15:00,6951.2
2019-08-12 08:30:00,6968.2
2019-08-12 08:45:00,6982.3
2019-08-12 09:00:00,6990.9
2019-08-12 09:15:00,6989.6
2019-08-12 09:30:00,7003.8
2019-08-12 09:45:00,7041.8
2019-08-12 10:00:00,7073.4
2019-08-12 10:15:00,7094.0
2019-08-12 10:30:00,7102.5
2019-08-12 10:45:00,7071.4
2019-08-12 11:00:00,7042.7
2019-08-12 11:15:00,7027.4
2019-08-12 11:30:00,7029.4
2019-08-12 11:45:00,7025.7
2019-08-12 12:00:00,7032.2
2019-08-12 12:15:00,7032.6
2019-08-12 12:30:00,7016.3
2019-08-12 12:45:00,6995.6
2019-08-12 13:00:00,6977.2
2019-08-12 13:15:00,6967.5
2019-08-12 13:30:00,6956.6
2019-08-12 13:45:00,6935.6
2019-08-12 14:00:00,6931.8
2019-08-12 14:15:00,6918.4
2019-08-12 14:30:00,6914.4
2019-08-12 14:45:00,6904.8
2019-08-12 15:00:00,6917.3
2019-08-12 15:15:00,6907.1
2019-08-12 15:30:00,6896.1
2019-08-12 15:45:00,6889.6
2019-08-12 16:00:00,6891.5
2019-08-12 16:15:00,6888.7
2019-08-12 16:30:00,6890.1
2019-08-12 16:45:00,6890.0
2019-08-12 17:00:00,6882.5
2019-08-12 17:15:00,6870.1
2019-08-12 17:30:00,6858.8
2019-08-12 17:45:00,6857.0
2019-08-12 18:00:00,6848.8
2019-08-12 18:15:00,6836.2
2019-08-12 18:30:00,6822.0
2019-08-12 18:45:00,6811.0
2019-08-12 19:00:00,6791.1
2019-08-12 19:15:00,6763.1
2019-08-12 19:30:00,6757.5
2019-08-12 19:45:00,6761.1
2019-08-12 20:00:00,6762.2
2019-08-12 20:15:00,6743.9
2019-08-12 20:30:00,6714.1
2019-08-12 20:45:00,6694.4
2019-08-12 21:00:00,6658.1
2019-08-12 21:15:00,6620.8
2019-08-12 21:30:00,6586.8
2019-08-12 21:45:00,6551.8
2019-08-12 22:00:00,6507.1
2019-08-12 22:15:00,6483.9
2019-08-12 22:30:00,6454.9
2019-08-12 22:45:00,6441.8
2019-08-12 23:00:00,6418.8
2019-08-12 23:15:00,6399.5
2019-08-12 23:30:00,6384.6
2019-08-12 23:45:00,6370.8
2019-08-13 00:00:00,6345.9
2019-08-13 00:15:00,6332.0
2019-08-13 00:30:00,6320.9
2019-08-13 00:45:00,6319.7
2019-08-13 01:00:00,6309.0
2019-08-13 01:15:00,6305.3
2019-08-13 01:30:00,6306.8
2019-08-13 01:45:00,6308.2
2019-08-13 02:00:00,6302.9
2019-08-13 02:15:00,6307.1
2019-08-13 02:30:00,6309.1
2019-08-13 02:45:00,6308.0
2019-08-13 03:00:00,6320.4
2019-08-13 03:15:00,6334.0
2019-08-13 03:30:00,6346.0
2019-08-13 03:45:00,6366.2
2019-08-13 04:00:00,6409.3
2019-08-13 04:15:00,6438.8
2019-08-13 04:30:00,6461.5
2019-08-13 04:45:00,6507.4
2019-08-13 05:00:00,6600.4
2019-08-13 05:15:00,6662.4
2019-08-13 05:30:00,6699.9
2019-08-13 05:45:00,6735.6
2019-08-13 06:00:00,6791.7
2019-08-13 06:15:00,6822.2
2019-08-13 06:30:00,6855.3
2019-08-13 06:45:00,6884.4
2019-08-13 07:00:00,6917.8
2019-08-13 07:15:00,6935.5
2019-08-13 07:30:00,6953.2
2019-08-13 07:45:00,6965.1
2019-08-13 08:00:00,6962.8
2019-08-13 08:15:00,6967.1
2019-08-13 08:30:00,6990.1
2019-08-13 08:45:00,7009.1
2019-08-13 09:00:00,7022.9
2019-08-13 09:15:00,7030.3
2019-08-13 09:30:00,7038.3
2019-08-13 09:45:00,7060.5
2019-08-13 10:00:00,7076.1
2019-08-13 10:15:00,7089.2
2019-08-13 10:30:00,7098.0
2019-08-13 10:45:00,7100.1
2019-08-13 11:00:00,7072.7
2019-08-13 11:15:00,7066.0
2019-08-13 11:30:00,7063.1
2019-08-13 11:45:00,7053.7
2019-08-13 12:00:00,7027.8
2019-08-13 12:15:00,7009.0
2019-08-13 12:30:00,6995.9
2019-08-13 12:45:00,6971.6
2019-08-13 13:00:00,6970.1
2019-08-13 13:15:00,6979.6
2019-08-13 13:30:00,6971.8
2019-08-13 13:45:00,6963.2
2019-08-13 14:00:00,6968.2
2019-08-13 14:15:00,6960.3
2019-08-13 14:30:00,6935.4
2019-08-13 14:45:00,6922.3
2019-08-13 15:00:00,6913.1
2019-08-13 15:15:00,6910.1
2019-08-13 15:30:00,6895.1
2019-08-13 15:45:00,6881.5
2019-08-13 16:00:00,6883.2
2019-08-13 16:15:00,6879.0
2019-08-13 16:30:00,6888.7
2019-08-13 16:45:00,6879.3
2019-08-13 17:00:00,6863.9
2019-08-13 17:15:00,6864.2
2019-08-13 17:30:00,6876.4
2019-08-13 17:45:00,6888.1
2019-08-13 18:00:00,6872.3
2019-08-13 18:15:00,6847.9
2019-08-13 18:30:00,6833.1
2019-08-13 18:45:00,6810.4
2019-08-13 19:00:00,6785.9
2019-08-13 19:15:00,6766.9
2019-08-13 19:30:00,6754.4
2019-08-13 19:45:00,6763.6
2019-08-13 20:00:00,6763.3
2019-08-13 20:15:00,6754.8
2019-08-13 20:30:00,6724.8
2019-08-13 20:45:00,6694.8
2019-08-13 21:00:00,6663.8
2019-08-13 21:15:00,6624.3
2019-08-13 21:30:00,6585.7
2019-08-13 21:45:00,6552.1
2019-08-13 22:00:00,6514.8
2019-08-13 22:15:00,6487.1
2019-08-13 22:30:00,6472.0
2019-08-13 22:45:00,6451.2
2019-08-13 23:00:00,6424.4
2019-08-13 23:15:00,6408.1
2019-08-13 23:30:00,6398.9
2019-08-13 23:45:00,6387.9
2019-08-14 00:00:00,6368.7
2019-08-14 00:15:00,6349.2
2019-08-14 00:30:00,6337.1
2019-08-14 00:45:00,6335.0
2019-08-14 01:00:00,6326.0
2019-08-14 01:15:00,6309.5
2019-08-14 01:30:00,6314.5
2019-08-14 01:45:00,6324.6
2019-08-14 02:00:00,6330.5
2019-08-14 02:15:00,6324.1
2019-08-14 02:30:00,6324.1
2019-08-14 02:45:00,6331.0
2019-08-14 03:00:00,6341.9
2019-08-14 03:15:00,6352.2
2019-08-14 03:30:00,6360.9
2019-08-14 03:45:00,6375.6
2019-08-14 04:00:00,6419.0
2019-08-14 04:15:00,6434.7
2019-08-14 04:30:00,6458.5
2019-08-14 04:45:00,6497.3
2019-08-14 05:00:00,6586.0
2019-08-14 05:15:00,6631.4
2019-08-14 05:30:00,6676.6
2019-08-14 05:45:00,6721.5
2019-08-14 06:00:00,6776.4
2019-08-14 06:15:00,6810.0
2019-08-14 06:30:00,6838.2
2019-08-14 06:45:00,6866.1
2019-08-14 07:00:00,6886.5
2019-08-14 07:15:00,6904.1
2019-08-14 07:30:00,6909.8
2019-08-14 07:45:00,6919.1
2019-08-14 08:00:00,6922.8
2019-08-14 08:15:00,6933.8
2019-08-14 08:30:00,6945.8
2019-08-14 08:45:00,6959.0
2019-08-14 09:00:00,6958.9
2019-08-14 09:15:00,6968.2
2019-08-14 09:30:00,6981.2
2019-08-14 09:45:00,6998.4
2019-08-14 10:00:00,7014.2
2019-08-14 10:15:00,7033.1
2019-08-14 10:30:00,7037.4
2019-08-14 10:45:00,7039.3
2019-08-14 11:00:00,7020.9
2019-08-14 11:15:00,7013.0
2019-08-14 11:30:00,7008.3
2019-08-14 11:45:00,6995.4
2019-08-14 12:00:00,7000.6
2019-08-14 12:15:00,6995.7
2019-08-14 12:30:00,6980.2
2019-08-14 12:45:00,6960.5
2019-08-14 13:00:00,6948.2
2019-08-14 13:15:00,6945.9
2019-08-14 13:30:00,6937.9
2019-08-14 13:45:00,6927.1
2019-08-14 14:00:00,6930.8
2019-08-14 14:15:00,6909.8
2019-08-14 14:30:00,6895.6
2019-08-14 14:45:00,6878.4
2019-08-14 15:00:00,6863.9
2019-08-14 15:15:00,6855.1
2019-08-14 15:30:00,6842.3
2019-08-14 15:45:00,6837.0
2019-08-14 16:00:00,6838.0
2019-08-14 16:15:00,6837.7
2019-08-14 16:30:00,6840.1
2019-08-14 16:45:00,6836.2
2019-08-14 17:00:00,6834.5
2019-08-14 17:15:00,6826.8
2019-08-14 17:30:00,6825.9
2019-08-14 17:45:00,6827.5
2019-08-14 18:00:00,6824.0
2019-08-14 18:15:00,6813.3
2019-08-14 18:30:00,6808.7
2019-08-14 18:45:00,6792.7
2019-08-14 19:00:00,6777.1
2019-08-14 19:15:00,6751.7
2019-08-14 19:30:00,6734.2
2019-08-14 19:45:00,6725.1
2019-08-14 20:00:00,6735.8
2019-08-14 20:15:00,6719.6
2019-08-14 20:30:00,6689.7
2019-08-14 20:45:00,6659.0
2019-08-14 21:00:00,6626.9
2019-08-14 21:15:00,6590.3
2019-08-14 21:30:00,6557.1
2019-08-14 21:45:00,6522.2
2019-08-14 22:00:00,6481.2
2019-08-14 22:15:00,6459.0
2019-08-14 22:30:00,6425.9
2019-08-14 22:45:00,6408.1
2019-08-14 23:00:00,6383.1
2019-08-14 23:15:00,6373.1
2019-08-14 23:30:00,6352.2
2019-08-14 23:45:00,6331.1
2019-08-15 00:00:00,6320.9
2019-08-15 00:15:00,6309.5
2019-08-15 00:30:00,6298.9
2019-08-15 00:45:00,6302.4
2019-08-15 01:00:00,6294.5
2019-08-15 01:15:00,6290.0
2019-08-15 01:30:00,6288.0
2019-08-15 01:45:00,6298.7
2019-08-15 02:00:00,6301.4
2019-08-15 02:15:00,6300.6
2019-08-15 02:30:00,6298.7
2019-08-15 02:45:00,6311.3
2019-08-15 03:00:00,6322.7
2019-08-15 03:15:00,6335.8
2019-08-15 03:30:00,6348.1
2019-08-15 03:45:00,6363.0
2019-08-15 04:00:00,6398.4
2019-08-15 04:15:00,6419.3
2019-08-15 04:30:00,6450.6
2019-08-15 04:45:00,6495.0
2019-08-15 05:00:00,6566.9
2019-08-15 05:15:00,6607.4
2019-08-15 05:30:00,6634.6
2019-08-15 05:45:00,6672.2
2019-08-15 06:00:00,6715.5
2019-08-15 06:15:00,6741.5
2019-08-15 06:30:00,6773.0
2019-08-15 06:45:00,6797.7
2019-08-15 07:00:00,6830.3
2019-08-15 07:15:00,6856.0
2019-08-15 07:30:00,6890.2
2019-08-15 07:45:00,6909.4
2019-08-15 08:00:00,6918.3
2019-08-15 08:15:00,6924.8
2019-08-15 08:30:00,6943.0
2019-08-15 08:45:00,6954.6
2019-08-15 09:00:00,6966.1
2019-08-15 09:15:00,6977.8
2019-08-15 09:30:00,6995.5
2019-08-15 09:45:00,7004.0
2019-08-15 10:00:00,7022.3
2019-08-15 10:15:00,7041.3
2019-08-15 10:30:00,7047.9
2019-08-15 10:45:00,7050.9
2019-08-15 11:00:00,7035.3
2019-08-15 11:15:00,7037.2
2019-08-15 11:30:00,7034.4
2019-08-15 11:45:00,7038.1
2019-08-15 12:00:00,7035.3
2019-08-15 12:15:00,7020.0
2019-08-15 12:30:00,7006.2
2019-08-15 12:45:00,6999.7
2019-08-15 13:00:00,6994.6
2019-08-15 13:15:00,6978.7
2019-08-15 13:30:00,6989.4
2019-08-15 13:45:00,6983.8
2019-08-15 14:00:00,6981.6
2019-08-15 14:15:00,6968.0
2019-08-15 14:30:00,6961.7
2019-08-15 14:45:00,6962.2
2019-08-15 15:00:00,6960.1
2019-08-15 15:15:00,6947.8
2019-08-15 15:30:00,6935.6
2019-08-15 15:45:00,6935.5
2019-08-15 16:00:00,6912.0
2019-08-15 16:15:00,6909.2
2019-08-15 16:30:00,6922.8
2019-08-15 16:45:00,6921.8
2019-08-15 17:00:00,6923.0
2019-08-15 17:15:00,6907.0
2019-08-15 17:30:00,6886.9
2019-08-15 17:45:00,6889.8
2019-08-15 18:00:00,6873.1
2019-08-15 18:15:00,6853.0
2019-08-15 18:30:00,6840.3
2019-08-15 18:45:00,6822.2
2019-08-15 19:00:00,6810.0
2019-08-15 19:15:00,6780.3
2019-08-15 19:30:00,6765.5
2019-08-15 19:45:00,6756.9
2019-08-15 20:00:00,6730.0
2019-08-15 20:15:00,6702.6
2019-08-15 20:30:00,6678.8
2019-08-15 20:45:00,6649.6
2019-08-15 21:00:00,6611.7
2019-08-15 21:15:00,6581.3
2019-08-15 21:30:00,6549.3
2019-08-15 21:45:00,6525.2
2019-08-15 22:00:00,6487.5
2019-08-15 22:15:00,6475.7
2019-08-15 22:30:00,6456.2
2019-08-15 22:45:00,6437.9
2019-08-15 23:00:00,6406.6
2019-08-15 23:15:00,6391.7
2019-08-15 23:30:00,6372.0
2019-08-15 23:45:00,6364.7
2019-08-16 00:00:00,6345.9
2019-08-16 00:15:00,6338.0
2019-08-16 00:30:00,6337.1
2019-08-16 00:45:00,6328.1
2019-08-16 01:00:00,6317.6
2019-08-16 01:15:00,6318.0
2019-08-16 01:30:00,6313.3
2019-08-16 01:45:00,6318.3
2019-08-16 02:00:00,6317.6
2019-08-16 02:15:00,6320.7
2019-08-16 02:30:00,6313.2
2019-08-16 02:45:00,6315.3
2019-08-16 03:00:00,6328.7
2019-08-16 03:15:00,6338.7
2019-08-16 03:30:00,6346.6
2019-08-16 03:45:00,6367.5
2019-08-16 04:00:00,6403.1
2019-08-16 04:15:00,6421.6
2019-08-16 04:30:00,6444.9
2019-08-16 04:45:00,6477.4
2019-08-16 05:00:00,6559.1
2019-08-16 05:15:00,6610.7
2019-08-16 05:30:00,6643.1
2019-08-16 05:45:00,6684.7
2019-08-16 06:00:00,6737.8
2019-08-16 06:15:00,6772.4
2019-08-16 06:30:00,6789.7
2019-08-16 06:45:00,6821.2
2019-08-16 07:00:00,6848.7
2019-08-16 07:15:00,6869.4
2019-08-16 07:30:00,6886.4
2019-08-16 07:45:00,6895.7
2019-08-16 08:00:00,6894.2
2019-08-16 08:15:00,6907.6
2019-08-16 08:30:00,6930.0
2019-08-16 08:45:00,6945.8
2019-08-16 09:00:00,6958.4
2019-08-16 09:15:00,6974.6
2019-08-16 09:30:00,6977.8
2019-08-16 09:45:00,6985.2
2019-08-16 10:00:00,6987.7
2019-08-16 10:15:00,6995.1
2019-08-16 10:30:00,7000.8
2019-08-16 10:45:00,7004.8
2019-08-16 11:00:00,6982.3
2019-08-16 11:15:00,6973.1
2019-08-16 11:30:00,6962.4
2019-08-16 11:45:00,6952.4
2019-08-16 12:00:00,6937.5
2019-08-16 12:15:00,6931.8
2019-08-16 12:30:00,6927.0
2019-08-16 12:45:00,6900.5
2019-08-16 13:00:00,6891.0
2019-08-16 13:15:00,6880.4
2019-08-16 13:30:00,6862.0
2019-08-16 13:45:00,6839.4
2019-08-16 14:00:00,6827.8
2019-08-16 14:15:00,6816.9
2019-08-16 14:30:00,6808.4
2019-08-16 14:45:00,6798.1
2019-08-16 15:00:00,6800.0
2019-08-16 15:15:00,6784.8
2019-08-16 15:30:00,6774.4
2019-08-16 15:45:00,6765.9
2019-08-16 16:00:00,6774.0
2019-08-16 16:15:00,6774.4
2019-08-16 16:30:00,6764.4
2019-08-16 16:45:00,6760.2
2019-08-16 17:00:00,6750.0
2019-08-16 17:15:00,6748.0
2019-08-16 17:30:00,6745.0
2019-08-16 17:45:00,6747.7
2019-08-16 18:00:00,6738.9
2019-08-16 18:15:00,6718.3
2019-08-16 18:30:00,6714.5
2019-08-16 18:45:00,6710.2
2019-08-16 19:00:00,6690.4
2019-08-16 19:15:00,6662.9
2019-08-16 19:30:00,6649.1
2019-08-16 19:45:00,6647.3
2019-08-16 20:00:00,6650.1
2019-08-16 20:15:00,6638.0
2019-08-16 20:30:00,6615.4
2019-08-16 20:45:00,6574.6
2019-08-16 21:00:00,6544.9
2019-08-16 21:15:00,6516.3
2019-08-16 21:30:00,6489.0
2019-08-16 21:45:00,6457.6
2019-08-16 22:00:00,6425.4
2019-08-16 22:15:00,6402.3
2019-08-16 22:30:00,6383.4
2019-08-16 22:45:00,6372.2
2019-08-16 23:00:00,6354.5
2019-08-16 23:15:00,6336.7
2019-08-16 23:30:00,6326.9
2019-08-16 23:45:00,6309.9
2019-08-17 00:00:00,6292.8
2019-08-17 00:15:00,6283.4
2019-08-17 00:30:00,6280.9
2019-08-17 00:45:00,6271.0
2019-08-17 01:00:00,6262.2
2019-08-17 01:15:00,6258.4
2019-08-17 01:30:00,6251.9
2019-08-17 01:45:00,6260.9
2019-08-17 02:00:00,6249.9
2019-08-17 02:15:00,6248.7
2019-08-17 02:30:00,6254.1
2019-08-17 02:45:00,6248.9
2019-08-17 03:00:00,6247.3
2019-08-17 03:15:00,6246.8
2019-08-17 03:30:00,6252.0
2019-08-17 03:45:00,6261.7
2019-08-17 04:00:00,6286.7
2019-08-17 04:15:00,6286.1
2019-08-17 04:30:00,6288.9
2019-08-17 04:45:00,6297.4
2019-08-17 05:00:00,6318.0
2019-08-17 05:15:00,6316.2
2019-08-17 05:30:00,6331.0
2019-08-17 05:45:00,6349.9
2019-08-17 06:00:00,6392.8
2019-08-17 06:15:00,6409.5
2019-08-17 06:30:00,6434.0
2019-08-17 06:45:00,6450.4
2019-08-17 07:00:00,6481.9
2019-08-17 07:15:00,6512.1
2019-08-17 07:30:00,6539.7
2019-08-17 07:45:00,6563.5
2019-08-17 08:00:00,6584.1
2019-08-17 08:15:00,6603.2
2019-08-17 08:30:00,6620.3
2019-08-17 08:45:00,6637.9
2019-08-17 09:00:00,6647.3
2019-08-17 09:15:00,6662.3
2019-08-17 09:30:00,6664.8
2019-08-17 09:45:00,6675.8
2019-08-17 10:00:00,6683.9
2019-08-17 10:15:00,6702.2
2019-08-17 10:30:00,6718.0
2019-08-17 10:45:00,6717.5
2019-08-17 11:00:00,6703.5
2019-08-17 11:15:00,6693.3
2019-08-17 11:30:00,6688.7
2019-08-17 11:45:00,6682.6
2019-08-17 12:00:00,6662.5
2019-08-17 12:15:00,6656.2
2019-08-17 12:30:00,6640.5
2019-08-17 12:45:00,6628.7
2019-08-17 13:00:00,6630.1
2019-08-17 13:15:00,6635.2
2019-08-17 13:30:00,6633.5
2019-08-17 13:45:00,6624.3
2019-08-17 14:00:00,6615.9
2019-08-17 14:15:00,6612.3
2019-08-17 14:30:00,6597.2
2019-08-17 14:45:00,6589.9
2019-08-17 15:00:00,6587.1
2019-08-17 15:15:00,6578.6
2019-08-17 15:30:00,6572.1
2019-08-17 15:45:00,6569.5
2019-08-17 16:00:00,6585.9
2019-08-17 16:15:00,6589.4
2019-08-17 16:30:00,6574.9
2019-08-17 16:45:00,6576.5
2019-08-17 17:00:00,6572.0
2019-08-17 17:15:00,6567.3
2019-08-17 17:30:00,6562.2
2019-08-17 17:45:00,6551.0
2019-08-17 18:00:00,6556.3
2019-08-17 18:15:00,6535.0
2019-08-17 18:30:00,6524.1
2019-08-17 18:45:00,6510.5
2019-08-17 19:00:00,6502.2
2019-08-17 19:15:00,6479.2
2019-08-17 19:30:00,6478.5
2019-08-17 19:45:00,6482.3
2019-08-17 20:00:00,6477.9
2019-08-17 20:15:00,6463.2
2019-08-17 20:30:00,6443.4
2019-08-17 20:45:00,6425.7
2019-08-17 21:00:00,6412.7
2019-08-17 21:15:00,6390.9
2019-08-17 21:30:00,6361.6
2019-08-17 21:45:00,6348.4
2019-08-17 22:00:00,6324.1
2019-08-17 22:15:00,6300.5
2019-08-17 22:30:00,6276.7
2019-08-17 22:45:00,6266.5
2019-08-17 23:00:00,6242.6
2019-08-17 23:15:00,6219.7
2019-08-17 23:30:00,6199.0
2019-08-17 23:45:00,6175.8
2019-08-18 00:00:00,6161.0
2019-08-18 00:15:00,6149.7
2019-08-18 00:30:00,6138.0
2019-08-18 00:45:00,6131.1
2019-08-18 01:00:00,6128.1
2019-08-18 01:15:00,6122.6
2019-08-18 01:30:00,6114.1
2019-08-18 01:45:00,6106.6
2019-08-18 02:00:00,6099.5
2019-08-18 02:15:00,6090.2
2019-08-18 02:30:00,6090.2
2019-08-18 02:45:00,6088.7
2019-08-18 03:00:00,6091.3
2019-08-18 03:15:00,6082.7
2019-08-18 03:30:00,6093.9
2019-08-18 03:45:00,6107.5
2019-08-18 04:00:00,6116.5
2019-08-18 04:15:00,6119.1
2019-08-18 04:30:00,6119.9
2019-08-18 04:45:00,6131.0
2019-08-18 05:00:00,6135.6
2019-08-18 05:15:00,6136.3
2019-08-18 05:30:00,6137.6
2019-08-18 05:45:00,6149.6
2019-08-18 06:00:00,6160.5
2019-08-18 06:15:00,6184.3
2019-08-18 06:30:00,6203.2
2019-08-18 06:45:00,6229.2
2019-08-18 07:00:00,6256.2
2019-08-18 07:15:00,6284.2
2019-08-18 07:30:00,6306.4
2019-08-18 07:45:00,6329.1
2019-08-18 08:00:00,6349.8
2019-08-18 08:15:00,6370.0
2019-08-18 08:30:00,6391.6
2019-08-18 08:45:00,6421.0
2019-08-18 09:00:00,6449.0
2019-08-18 09:15:00,6462.7
2019-08-18 09:30:00,6478.2
2019-08-18 09:45:00,6483.4
2019-08-18 10:00:00,6509.7
2019-08-18 10:15:00,6532.1
2019-08-18 10:30:00,6555.0
2019-08-18 10:45:00,6553.1
2019-08-18 11:00:00,6553.7
2019-08-18 11:15:00,6551.2
2019-08-18 11:30:00,6545.4
2019-08-18 11:45:00,6541.4
2019-08-18 12:00:00,6525.5
2019-08-18 12:15:00,6511.1
2019-08-18 12:30:00,6500.8
2019-08-18 12:45:00,6498.3
2019-08-18 13:00:00,6488.1
2019-08-18 13:15:00,6483.3
2019-08-18 13:30:00,6476.3
2019-08-18 13:45:00,6472.1
2019-08-18 14:00:00,6468.9
2019-08-18 14:15:00,6453.9
2019-08-18 14:30:00,6452.1
2019-08-18 14:45:00,6450.6
2019-08-18 15:00:00,6448.4
2019-08-18 15:15:00,6438.3
2019-08-18 15:30:00,6446.8
2019-08-18 15:45:00,6450.7
2019-08-18 16:00:00,6459.3
2019-08-18 16:15:00,6458.6
2019-08-18 16:30:00,6446.7
2019-08-18 16:45:00,6451.2
2019-08-18 17:00:00,6475.7
2019-08-18 17:15:00,6487.9
2019-08-18 17:30:00,6478.5
2019-08-18 17:45:00,6484.7
2019-08-18 18:00:00,6478.5
2019-08-18 18:15:00,6465.0
2019-08-18 18:30:00,6462.7
2019-08-18 18:45:00,6457.7
2019-08-18 19:00:00,6458.5
2019-08-18 19:15:00,6455.9
2019-08-18 19:30:00,6472.9
2019-08-18 19:45:00,6485.4
2019-08-18 20:00:00,6499.8
2019-08-18 20:15:00,6487.7
2019-08-18 20:30:00,6479.1
2019-08-18 20:45:00,6475.0
2019-08-18 21:00:00,6483.3
2019-08-18 21:15:00,6454.8
2019-08-18 21:30:00,6429.4
2019-08-18 21:45:00,6402.8
2019-08-18 22:00:00,6365.6
2019-08-18 22:15:00,6334.5
2019-08-18 22:30:00,6316.4
2019-08-18 22:45:00,6308.1
2019-08-18 23:00:00,6302.0
2019-08-18 23:15:00,6286.2
2019-08-18 23:30:00,6278.0
2019-08-18 23:45:00,6265.8
2019-08-19 00:00:00,6247.5
2019-08-19 00:15:00,6241.4
2019-08-19 00:30:00,6232.3
2019-08-19 00:45:00,6221.0
2019-08-19 01:00:00,6211.7
2019-08-19 01:15:00,6212.5
2019-08-19 01:30:00,6215.4
2019-08-19 01:45:00,6211.4
2019-08-19 02:00:00,6212.9
2019-08-19 02:15:00,6213.9
2019-08-19 02:30:00,6217.5
2019-08-19 02:45:00,6229.3
2019-08-19 03:00:00,6243.3
2019-08-19 03:15:00,6251.3
2019-08-19 03:30:00,6265.8
2019-08-19 03:45:00,6284.2
2019-08-19 04:00:00,6339.1
2019-08-19 04:15:00,6375.5
2019-08-19 04:30:00,6408.5
2019-08-19 04:45:00,6460.3
2019-08-19 05:00:00,6552.3
2019-08-19 05:15:00,6616.6
2019-08-19 05:30:00,6667.9
2019-08-19 05:45:00,6712.1
2019-08-19 06:00:00,6769.1
2019-08-19 06:15:00,6810.8
2019-08-19 06:30:00,6839.8
2019-08-19 06:45:00,6871.5
2019-08-19 07:00:00,6912.9
2019-08-19 07:15:00,6937.3
2019-08-19 07:30:00,6950.5
2019-08-19 07:45:00,6964.3
2019-08-19 08:00:00,6965.6
2019-08-19 08:15:00,6985.1
2019-08-19 08:30:00,7010.6
2019-08-19 08:45:00,7028.8
2019-08-19 09:00:00,7029.8
2019-08-19 09:15:00,7047.6
2019-08-19 09:30:00,7066.8
2019-08-19 09:45:00,7084.0
2019-08-19 10:00:00,7075.5
2019-08-19 10:15:00,7086.3
2019-08-19 10:30:00,7090.3
2019-08-19 10:45:00,7098.3
2019-08-19 11:00:00,7090.7
2019-08-19 11:15:00,7093.0
2019-08-19 11:30:00,7098.6
2019-08-19 11:45:00,7097.3
2019-08-19 12:00:00,7080.0
2019-08-19 12:15:00,7075.3
2019-08-19 12:30:00,7063.5
2019-08-19 12:45:00,7045.6
2019-08-19 13:00:00,7028.5
2019-08-19 13:15:00,7017.0
2019-08-19 13:30:00,7013.0
2019-08-19 13:45:00,6997.1
2019-08-19 14:00:00,6989.8
2019-08-19 14:15:00,6976.2
2019-08-19 14:30:00,6963.7
2019-08-19 14:45:00,6939.3
2019-08-19 15:00:00,6924.5
2019-08-19 15:15:00,6906.0
2019-08-19 15:30:00,6892.0
2019-08-19 15:45:00,6883.7
2019-08-19 16:00:00,6884.0
2019-08-19 16:15:00,6881.7
2019-08-19 16:30:00,6873.8
2019-08-19 16:45:00,6875.7
2019-08-19 17:00:00,6881.2
2019-08-19 17:15:00,6888.7
2019-08-19 17:30:00,6872.0
2019-08-19 17:45:00,6879.5
2019-08-19 18:00:00,6870.5
2019-08-19 18:15:00,6851.4
2019-08-19 18:30:00,6838.2
2019-08-19 18:45:00,6819.4
2019-08-19 19:00:00,6810.0
2019-08-19 19:15:00,6794.0
2019-08-19 19:30:00,6782.7
2019-08-19 19:45:00,6788.1
2019-08-19 20:00:00,6780.6
2019-08-19 20:15:00,6756.5
2019-08-19 20:30:00,6718.2
2019-08-19 20:45:00,6685.9
2019-08-19 21:00:00,6643.8
2019-08-19 21:15:00,6606.3
2019-08-19 21:30:00,6571.5
2019-08-19 21:45:00,6535.2
2019-08-19 22:00:00,6489.4
2019-08-19 22:15:00,6466.1
2019-08-19 22:30:00,6438.8
2019-08-19 22:45:00,6415.4
2019-08-19 23:00:00,6407.1
2019-08-19 23:15:00,6390.5
2019-08-19 23:30:00,6378.9
2019-08-19 23:45:00,6363.8
2019-08-20 00:00:00,6352.6
2019-08-20 00:15:00,6344.2
2019-08-20 00:30:00,6341.9
2019-08-20 00:45:00,6332.1
2019-08-20 01:00:00,6316.1
2019-08-20 01:15:00,6311.9
2019-08-20 01:30:00,6320.0
2019-08-20 01:45:00,6321.1
2019-08-20 02:00:00,6320.2
2019-08-20 02:15:00,6315.6
2019-08-20 02:30:00,6318.5
2019-08-20 02:45:00,6325.8
2019-08-20 03:00:00,6340.0
2019-08-20 03:15:00,6346.2
2019-08-20 03:30:00,6359.6
2019-08-20 03:45:00,6370.8
2019-08-20 04:00:00,6414.3
2019-08-20 04:15:00,6440.2
2019-08-20 04:30:00,6456.2
2019-08-20 04:45:00,6508.5
2019-08-20 05:00:00,6593.0
2019-08-20 05:15:00,6646.1
2019-08-20 05:30:00,6682.1
2019-08-20 05:45:00,6726.4
2019-08-20 06:00:00,6772.6
2019-08-20 06:15:00,6796.1
2019-08-20 06:30:00,6826.2
2019-08-20 06:45:00,6854.5
2019-08-20 07:00:00,6893.1
2019-08-20 07:15:00,6904.6
2019-08-20 07:30:00,6924.5
2019-08-20 07:45:00,6929.5
2019-08-20 08:00:00,6923.8
2019-08-20 08:15:00,6947.8
2019-08-20 08:30:00,6967.6
2019-08-20 08:45:00,6987.5
2019-08-20 09:00:00,6998.7
2019-08-20 09:15:00,7006.5
2019-08-20 09:30:00,7010.2
2019-08-20 09:45:00,7031.6
2019-08-20 10:00:00,7041.8
2019-08-20 10:15:00,7051.9
2019-08-20 10:30:00,7066.7
2019-08-20 10:45:00,7065.2
2019-08-20 11:00:00,7038.2
2019-08-20 11:15:00,7022.4
2019-08-20 11:30:00,7020.3
2019-08-20 11:45:00,7016.7
2019-08-20 12:00:00,7013.9
2019-08-20 12:15:00,7006.2
2019-08-20 12:30:00,6998.5
2019-08-20 12:45:00,6988.1
2019-08-20 13:00:00,6977.7
2019-08-20 13:15:00,6971.0
2019-08-20 13:30:00,6966.9
2019-08-20 13:45:00,6960.5
2019-08-20 14:00:00,6956.6
2019-08-20 14:15:00,6934.3
2019-08-20 14:30:00,6923.2
2019-08-20 14:45:00,6911.6
2019-08-20 15:00:00,6902.3
2019-08-20 15:15:00,6893.0
2019-08-20 15:30:00,6888.8
2019-08-20 15:45:00,6885.1
2019-08-20 16:00:00,6891.5
2019-08-20 16:15:00,6880.6
2019-08-20 16:30:00,6885.3
2019-08-20 16:45:00,6882.7
2019-08-20 17:00:00,6876.5
2019-08-20 17:15:00,6871.5
2019-08-20 17:30:00,6874.2
2019-08-20 17:45:00,6876.9
2019-08-20 18:00:00,6871.0
2019-08-20 18:15:00,6849.8
2019-08-20 18:30:00,6844.3
2019-08-20 18:45:00,6833.0
2019-08-20 19:00:00,6815.9
2019-08-20 19:15:00,6796.4
2019-08-20 19:30:00,6792.2
2019-08-20 19:45:00,6790.4
2019-08-20 20:00:00,6772.0
2019-08-20 20:15:00,6743.6
2019-08-20 20:30:00,6720.5
2019-08-20 20:45:00,6681.1
2019-08-20 21:00:00,6638.8
2019-08-20 21:15:00,6605.5
2019-08-20 21:30:00,6568.5
2019-08-20 21:45:00,6543.2
2019-08-20 22:00:00,6497.1
2019-08-20 22:15:00,6473.4
2019-08-20 22:30:00,6451.9
2019-08-20 22:45:00,6434.1
2019-08-20 23:00:00,6404.0
2019-08-20 23:15:00,6388.4
2019-08-20 23:30:00,6374.1
2019-08-20 23:45:00,6355.3
2019-08-21 00:00:00,6346.9
2019-08-21 00:15:00,6335.9
2019-08-21 00:30:00,6327.8
2019-08-21 00:45:00,6314.3
2019-08-21 01:00:00,6302.0
2019-08-21 01:15:00,6303.8
2019-08-21 01:30:00,6303.1
2019-08-21 01:45:00,6301.6
2019-08-21 02:00:00,6296.0
2019-08-21 02:15:00,6304.9
2019-08-21 02:30:00,6310.9
2019-08-21 02:45:00,6315.5
2019-08-21 03:00:00,6319.5
2019-08-21 03:15:00,6329.1
2019-08-21 03:30:00,6348.1
2019-08-21 03:45:00,6361.5
2019-08-21 04:00:00,6400.8
2019-08-21 04:15:00,6432.3
2019-08-21 04:30:00,6469.0
2019-08-21 04:45:00,6503.8
2019-08-21 05:00:00,6587.7
2019-08-21 05:15:00,6641.3
2019-08-21 05:30:00,6692.3
2019-08-21 05:45:00,6728.3
2019-08-21 06:00:00,6781.5
2019-08-21 06:15:00,6818.8
2019-08-21 06:30:00,6848.0
2019-08-21 06:45:00,6871.2
2019-08-21 07:00:00,6844.2
2019-08-21 07:15:00,6909.7
2019-08-21 07:30:00,6919.2
2019-08-21 07:45:00,6926.2
2019-08-21 08:00:00,6923.4
2019-08-21 08:15:00,6934.2
2019-08-21 08:30:00,6943.6
2019-08-21 08:45:00,6960.1
2019-08-21 09:00:00,6967.1
2019-08-21 09:15:00,6969.9
2019-08-21 09:30:00,6989.6
2019-08-21 09:45:00,6994.7
2019-08-21 10:00:00,7005.0
2019-08-21 10:15:00,7023.8
2019-08-21 10:30:00,7026.3
2019-08-21 10:45:00,7035.0
2019-08-21 11:00:00,7021.2
2019-08-21 11:15:00,7017.6
2019-08-21 11:30:00,7009.2
2019-08-21 11:45:00,7012.4
2019-08-21 12:00:00,7015.1
2019-08-21 12:15:00,7002.4
2019-08-21 12:30:00,6990.8
2019-08-21 12:45:00,6961.5
2019-08-21 13:00:00,6953.3
2019-08-21 13:15:00,6954.7
2019-08-21 13:30:00,6939.0
2019-08-21 13:45:00,6937.4
2019-08-21 14:00:00,6931.9
2019-08-21 14:15:00,6921.2
2019-08-21 14:30:00,6902.3
2019-08-21 14:45:00,6886.2
2019-08-21 15:00:00,6881.3
2019-08-21 15:15:00,6862.6
2019-08-21 15:30:00,6860.6
2019-08-21 15:45:00,6856.5
2019-08-21 16:00:00,6859.2
2019-08-21 16:15:00,6850.9
2019-08-21 16:30:00,6838.9
2019-08-21 16:45:00,6843.2
2019-08-21 17:00:00,6838.6
2019-08-21 17:15:00,6838.0
2019-08-21 17:30:00,6833.3
2019-08-21 17:45:00,6824.2
2019-08-21 18:00:00,6829.1
2019-08-21 18:15:00,6812.5
2019-08-21 18:30:00,6802.4
2019-08-21 18:45:00,6794.5
2019-08-21 19:00:00,6778.3
2019-08-21 19:15:00,6772.9
2019-08-21 19:30:00,6770.2
2019-08-21 19:45:00,6771.7
2019-08-21 20:00:00,6770.2
2019-08-21 20:15:00,6741.2
2019-08-21 20:30:00,6707.2
2019-08-21 20:45:00,6670.9
2019-08-21 21:00:00,6619.4
2019-08-21 21:15:00,6584.0
2019-08-21 21:30:00,6542.9
2019-08-21 21:45:00,6518.4
2019-08-21 22:00:00,6482.0
2019-08-21 22:15:00,6450.7
2019-08-21 22:30:00,6427.0
2019-08-21 22:45:00,6412.3
2019-08-21 23:00:00,6384.9
2019-08-21 23:15:00,6361.5
2019-08-21 23:30:00,6359.7
2019-08-21 23:45:00,6354.0
2019-08-22 00:00:00,6335.7
2019-08-22 00:15:00,6326.9
2019-08-22 00:30:00,6313.4
2019-08-22 00:45:00,6308.7
2019-08-22 01:00:00,6290.7
2019-08-22 01:15:00,6286.6
2019-08-22 01:30:00,6288.5
2019-08-22 01:45:00,6290.3
2019-08-22 02:00:00,6295.5
2019-08-22 02:15:00,6292.1
2019-08-22 02:30:00,6290.0
2019-08-22 02:45:00,6299.2
2019-08-22 03:00:00,6313.2
2019-08-22 03:15:00,6322.2
2019-08-22 03:30:00,6334.8
2019-08-22 03:45:00,6350.3
2019-08-22 04:00:00,6398.7
2019-08-22 04:15:00,6427.6
2019-08-22 04:30:00,6456.1
2019-08-22 04:45:00,6502.2
2019-08-22 05:00:00,6588.3
2019-08-22 05:15:00,6637.5
2019-08-22 05:30:00,6675.6
2019-08-22 05:45:00,6712.2
2019-08-22 06:00:00,6760.0
2019-08-22 06:15:00,6799.1
2019-08-22 06:30:00,6824.5
2019-08-22 06:45:00,6849.5
2019-08-22 07:00:00,6878.1
2019-08-22 07:15:00,6889.3
2019-08-22 07:30:00,6903.7
2019-08-22 07:45:00,6911.6
2019-08-22 08:00:00,6910.9
2019-08-22 08:15:00,6924.5
2019-08-22 08:30:00,6941.8
2019-08-22 08:45:00,6957.3
2019-08-22 09:00:00,6963.1
2019-08-22 09:15:00,6966.5
2019-08-22 09:30:00,6982.0
2019-08-22 09:45:00,6996.6
2019-08-22 10:00:00,7014.8
2019-08-22 10:15:00,7018.9
2019-08-22 10:30:00,7022.4
2019-08-22 10:45:00,7025.6
2019-08-22 11:00:00,7009.7
2019-08-22 11:15:00,7011.6
2019-08-22 11:30:00,7002.7
2019-08-22 11:45:00,7003.8
2019-08-22 12:00:00,7000.4
2019-08-22 12:15:00,6994.2
2019-08-22 12:30:00,6990.3
2019-08-22 12:45:00,6973.7
2019-08-22 13:00:00,6966.6
2019-08-22 13:15:00,6957.1
2019-08-22 13:30:00,6943.0
2019-08-22 13:45:00,6939.4
2019-08-22 14:00:00,6948.2
2019-08-22 14:15:00,6937.9
2019-08-22 14:30:00,6911.8
2019-08-22 14:45:00,6891.6
2019-08-22 15:00:00,6899.8
2019-08-22 15:15:00,6886.3
2019-08-22 15:30:00,6873.3
2019-08-22 15:45:00,6874.8
2019-08-22 16:00:00,6878.3
2019-08-22 16:15:00,6868.5
2019-08-22 16:30:00,6866.6
2019-08-22 16:45:00,6865.7
2019-08-22 17:00:00,6864.9
2019-08-22 17:15:00,6853.6
2019-08-22 17:30:00,6850.3
2019-08-22 17:45:00,6847.8
2019-08-22 18:00:00,6849.8
2019-08-22 18:15:00,6826.7
2019-08-22 18:30:00,6817.9
2019-08-22 18:45:00,6814.7
2019-08-22 19:00:00,6797.0
2019-08-22 19:15:00,6782.3
2019-08-22 19:30:00,6786.4
2019-08-22 19:45:00,6797.2
2019-08-22 20:00:00,6785.1
2019-08-22 20:15:00,6764.5
2019-08-22 20:30:00,6737.2
2019-08-22 20:45:00,6698.4
2019-08-22 21:00:00,6662.4
2019-08-22 21:15:00,6629.4
2019-08-22 21:30:00,6592.4
2019-08-22 21:45:00,6564.3
2019-08-22 22:00:00,6528.3
2019-08-22 22:15:00,6508.7
2019-08-22 22:30:00,6480.4
2019-08-22 22:45:00,6457.9
2019-08-22 23:00:00,6429.1
2019-08-22 23:15:00,6401.8
2019-08-22 23:30:00,6388.4
2019-08-22 23:45:00,6387.2
2019-08-23 00:00:00,6374.2
2019-08-23 00:15:00,6359.7
2019-08-23 00:30:00,6350.4
2019-08-23 00:45:00,6342.7
2019-08-23 01:00:00,6322.8
2019-08-23 01:15:00,6316.2
2019-08-23 01:30:00,6313.7
2019-08-23 01:45:00,6321.2
2019-08-23 02:00:00,6317.3
2019-08-23 02:15:00,6312.2
2019-08-23 02:30:00,6312.8
2019-08-23 02:45:00,6319.0
2019-08-23 03:00:00,6332.5
2019-08-23 03:15:00,6342.0
2019-08-23 03:30:00,6348.0
2019-08-23 03:45:00,6373.7
2019-08-23 04:00:00,6413.6
2019-08-23 04:15:00,6421.9
2019-08-23 04:30:00,6457.2
2019-08-23 04:45:00,6510.6
2019-08-23 05:00:00,6588.2
2019-08-23 05:15:00,6640.4
2019-08-23 05:30:00,6683.0
2019-08-23 05:45:00,6718.0
2019-08-23 06:00:00,6765.5
2019-08-23 06:15:00,6798.7
2019-08-23 06:30:00,6833.1
2019-08-23 06:45:00,6858.3
2019-08-23 07:00:00,6882.2
2019-08-23 07:15:00,6894.3
2019-08-23 07:30:00,6907.1
2019-08-23 07:45:00,6920.6
2019-08-23 08:00:00,6925.2
2019-08-23 08:15:00,6935.7
2019-08-23 08:30:00,6955.6
2019-08-23 08:45:00,6968.4
2019-08-23 09:00:00,6979.2
2019-08-23 09:15:00,6988.6
2019-08-23 09:30:00,7001.2
2019-08-23 09:45:00,7020.3
2019-08-23 10:00:00,7027.4
2019-08-23 10:15:00,7031.1
2019-08-23 10:30:00,7039.0
2019-08-23 10:45:00,7032.4
2019-08-23 11:00:00,7004.9
2019-08-23 11:15:00,6991.4
2019-08-23 11:30:00,6988.7
2019-08-23 11:45:00,6977.9
2019-08-23 12:00:00,6970.8
2019-08-23 12:15:00,6960.0
2019-08-23 12:30:00,6949.3
2019-08-23 12:45:00,6932.0
2019-08-23 13:00:00,6923.4
2019-08-23 13:15:00,6914.8
2019-08-23 13:30:00,6902.0
2019-08-23 13:45:00,6889.5
2019-08-23 14:00:00,6888.7
2019-08-23 14:15:00,6875.0
2019-08-23 14:30:00,6860.5
2019-08-23 14:45:00,6851.4
2019-08-23 15:00:00,6855.5
2019-08-23 15:15:00,6845.3
2019-08-23 15:30:00,6827.8
2019-08-23 15:45:00,6826.5
2019-08-23 16:00:00,6834.3
2019-08-23 16:15:00,6829.2
2019-08-23 16:30:00,6824.6
2019-08-23 16:45:00,6818.6
2019-08-23 17:00:00,6812.4
2019-08-23 17:15:00,6805.3
2019-08-23 17:30:00,6801.6
2019-08-23 17:45:00,6801.0
2019-08-23 18:00:00,6788.1
2019-08-23 18:15:00,6766.5
2019-08-23 18:30:00,6764.0
2019-08-23 18:45:00,6756.6
2019-08-23 19:00:00,6737.7
2019-08-23 19:15:00,6719.6
2019-08-23 19:30:00,6718.7
2019-08-23 19:45:00,6721.0
2019-08-23 20:00:00,6704.5
2019-08-23 20:15:00,6673.1
2019-08-23 20:30:00,6641.1
2019-08-23 20:45:00,6600.6
2019-08-23 21:00:00,6554.3
2019-08-23 21:15:00,6537.3
2019-08-23 21:30:00,6507.8
2019-08-23 21:45:00,6479.0
2019-08-23 22:00:00,6450.5
2019-08-23 22:15:00,6427.3
2019-08-23 22:30:00,6404.5
2019-08-23 22:45:00,6386.2
2019-08-23 23:00:00,6350.6
2019-08-23 23:15:00,6337.5
2019-08-23 23:30:00,6324.0
2019-08-23 23:45:00,6309.9
2019-08-24 00:00:00,6296.1
2019-08-24 00:15:00,6277.7
2019-08-24 00:30:00,6270.1
2019-08-24 00:45:00,6257.6
2019-08-24 01:00:00,6238.7
2019-08-24 01:15:00,6232.2
2019-08-24 01:30:00,6230.5
2019-08-24 01:45:00,6221.5
2019-08-24 02:00:00,6220.6
2019-08-24 02:15:00,6215.4
2019-08-24 02:30:00,6212.5
2019-08-24 02:45:00,6214.1
2019-08-24 03:00:00,6207.9
2019-08-24 03:15:00,6209.2
2019-08-24 03:30:00,6208.6
2019-08-24 03:45:00,6208.8
2019-08-24 04:00:00,6228.1
2019-08-24 04:15:00,6234.6
2019-08-24 04:30:00,6237.4
2019-08-24 04:45:00,6247.3
2019-08-24 05:00:00,6274.7
2019-08-24 05:15:00,6274.8
2019-08-24 05:30:00,6288.3
2019-08-24 05:45:00,6301.5
2019-08-24 06:00:00,6340.1
2019-08-24 06:15:00,6368.9
2019-08-24 06:30:00,6395.1
2019-08-24 06:45:00,6429.1
2019-08-24 07:00:00,6465.9
2019-08-24 07:15:00,6494.7
2019-08-24 07:30:00,6518.6
2019-08-24 07:45:00,6544.7
2019-08-24 08:00:00,6571.5
2019-08-24 08:15:00,6590.6
2019-08-24 08:30:00,6602.4
2019-08-24 08:45:00,6624.3
2019-08-24 09:00:00,6636.1
2019-08-24 09:15:00,6641.9
2019-08-24 09:30:00,6662.2
2019-08-24 09:45:00,6669.9
2019-08-24 10:00:00,6678.0
2019-08-24 10:15:00,6688.6
2019-08-24 10:30:00,6698.8
2019-08-24 10:45:00,6695.8
2019-08-24 11:00:00,6684.0
2019-08-24 11:15:00,6683.3
2019-08-24 11:30:00,6670.8
2019-08-24 11:45:00,6658.0
2019-08-24 12:00:00,6641.6
2019-08-24 12:15:00,6636.2
2019-08-24 12:30:00,6626.7
2019-08-24 12:45:00,6615.5
2019-08-24 13:00:00,6597.8
2019-08-24 13:15:00,6590.8
2019-08-24 13:30:00,6578.8
2019-08-24 13:45:00,6566.7
2019-08-24 14:00:00,6573.3
2019-08-24 14:15:00,6567.6
2019-08-24 14:30:00,6558.3
2019-08-24 14:45:00,6548.0
2019-08-24 15:00:00,6550.9
2019-08-24 15:15:00,6546.7
2019-08-24 15:30:00,6546.7
2019-08-24 15:45:00,6538.5
2019-08-24 16:00:00,6552.3
2019-08-24 16:15:00,6550.9
2019-08-24 16:30:00,6554.2
2019-08-24 16:45:00,6557.9
2019-08-24 17:00:00,6558.9
2019-08-24 17:15:00,6557.4
2019-08-24 17:30:00,6555.1
2019-08-24 17:45:00,6550.0
2019-08-24 18:00:00,6550.3
2019-08-24 18:15:00,6542.9
2019-08-24 18:30:00,6529.7
2019-08-24 18:45:00,6511.9
2019-08-24 19:00:00,6498.2
2019-08-24 19:15:00,6491.5
2019-08-24 19:30:00,6506.4
2019-08-24 19:45:00,6508.7
2019-08-24 20:00:00,6503.6
2019-08-24 20:15:00,6483.7
2019-08-24 20:30:00,6476.3
2019-08-24 20:45:00,6455.1
2019-08-24 21:00:00,6440.2
2019-08-24 21:15:00,6415.5
2019-08-24 21:30:00,6395.6
2019-08-24 21:45:00,6373.3
2019-08-24 22:00:00,6343.4
2019-08-24 22:15:00,6329.3
2019-08-24 22:30:00,6315.7
2019-08-24 22:45:00,6288.9
2019-08-24 23:00:00,6255.5
2019-08-24 23:15:00,6235.9
2019-08-24 23:30:00,6222.9
2019-08-24 23:45:00,6213.5
2019-08-25 00:00:00,6195.3
2019-08-25 00:15:00,6173.1
2019-08-25 00:30:00,6166.2
2019-08-25 00:45:00,6160.5
2019-08-25 01:00:00,6151.9
2019-08-25 01:15:00,6141.7
2019-08-25 01:30:00,6132.3
2019-08-25 01:45:00,6130.1
2019-08-25 02:00:00,6127.6
2019-08-25 02:15:00,6122.6
2019-08-25 02:30:00,6122.9
2019-08-25 02:45:00,6120.2
2019-08-25 03:00:00,6116.6
2019-08-25 03:15:00,6117.5
2019-08-25 03:30:00,6112.6
2019-08-25 03:45:00,6108.8
2019-08-25 04:00:00,6119.2
2019-08-25 04:15:00,6118.9
2019-08-25 04:30:00,6120.6
2019-08-25 04:45:00,6115.4
2019-08-25 05:00:00,6137.6
2019-08-25 05:15:00,6124.4
2019-08-25 05:30:00,6130.8
2019-08-25 05:45:00,6138.0
2019-08-25 06:00:00,6164.2
2019-08-25 06:15:00,6185.4
2019-08-25 06:30:00,6209.7
2019-08-25 06:45:00,6231.3
2019-08-25 07:00:00,6258.5
2019-08-25 07:15:00,6286.0
2019-08-25 07:30:00,6311.7
2019-08-25 07:45:00,6328.3
2019-08-25 08:00:00,6354.1
2019-08-25 08:15:00,6382.9
2019-08-25 08:30:00,6401.0
2019-08-25 08:45:00,6427.2
2019-08-25 09:00:00,6436.8
2019-08-25 09:15:00,6455.8
2019-08-25 09:30:00,6468.8
2019-08-25 09:45:00,6485.7
2019-08-25 10:00:00,6500.6
2019-08-25 10:15:00,6513.5
2019-08-25 10:30:00,6522.9
2019-08-25 10:45:00,6536.3
2019-08-25 11:00:00,6534.3
2019-08-25 11:15:00,6528.7
2019-08-25 11:30:00,6518.4
2019-08-25 11:45:00,6507.2
2019-08-25 12:00:00,6500.1
2019-08-25 12:15:00,6491.4
2019-08-25 12:30:00,6480.0
2019-08-25 12:45:00,6467.4
2019-08-25 13:00:00,6460.1
2019-08-25 13:15:00,6454.2
2019-08-25 13:30:00,6449.2
2019-08-25 13:45:00,6438.5
2019-08-25 14:00:00,6437.8
2019-08-25 14:15:00,6434.0
2019-08-25 14:30:00,6427.7
2019-08-25 14:45:00,6423.3
2019-08-25 15:00:00,6422.6
2019-08-25 15:15:00,6415.0
2019-08-25 15:30:00,6419.5
2019-08-25 15:45:00,6424.7
2019-08-25 16:00:00,6444.8
2019-08-25 16:15:00,6451.1
2019-08-25 16:30:00,6463.2
2019-08-25 16:45:00,6478.8
2019-08-25 17:00:00,6485.8
2019-08-25 17:15:00,6493.5
2019-08-25 17:30:00,6492.3
2019-08-25 17:45:00,6503.6
2019-08-25 18:00:00,6506.5
2019-08-25 18:15:00,6497.8
2019-08-25 18:30:00,6501.0
2019-08-25 18:45:00,6508.3
2019-08-25 19:00:00,6511.3
2019-08-25 19:15:00,6519.9
2019-08-25 19:30:00,6532.4
2019-08-25 19:45:00,6542.0
2019-08-25 20:00:00,6542.1
2019-08-25 20:15:00,6526.5
2019-08-25 20:30:00,6506.4
2019-08-25 20:45:00,6501.3
2019-08-25 21:00:00,6483.9
2019-08-25 21:15:00,6467.1
2019-08-25 21:30:00,6441.6
2019-08-25 21:45:00,6418.4
2019-08-25 22:00:00,6383.4
2019-08-25 22:15:00,6358.8
2019-08-25 22:30:00,6339.9
2019-08-25 22:45:00,6320.0
2019-08-25 23:00:00,6303.9
2019-08-25 23:15:00,6289.2
2019-08-25 23:30:00,6268.1
2019-08-25 23:45:00,6257.6
2019-08-26 00:00:00,6250.4
2019-08-26 00:15:00,6241.0
2019-08-26 00:30:00,6229.7
2019-08-26 00:45:00,6222.8
2019-08-26 01:00:00,6214.0
2019-08-26 01:15:00,6207.2
2019-08-26 01:30:00,6212.2
2019-08-26 01:45:00,6209.2
2019-08-26 02:00:00,6202.6
2019-08-26 02:15:00,6207.5
2019-08-26 02:30:00,6207.8
2019-08-26 02:45:00,6216.1
2019-08-26 03:00:00,6230.8
2019-08-26 03:15:00,6242.5
2019-08-26 03:30:00,6261.2
2019-08-26 03:45:00,6281.9
2019-08-26 04:00:00,6335.9
2019-08-26 04:15:00,6364.4
2019-08-26 04:30:00,6401.9
2019-08-26 04:45:00,6459.0
2019-08-26 05:00:00,6567.1
2019-08-26 05:15:00,6630.2
2019-08-26 05:30:00,6676.4
2019-08-26 05:45:00,6719.4
2019-08-26 06:00:00,6779.4
2019-08-26 06:15:00,6816.5
2019-08-26 06:30:00,6853.5
2019-08-26 06:45:00,6890.5
2019-08-26 07:00:00,6918.4
2019-08-26 07:15:00,6944.1
2019-08-26 07:30:00,6959.1
2019-08-26 07:45:00,6974.1
2019-08-26 08:00:00,6986.2
2019-08-26 08:15:00,7002.1
2019-08-26 08:30:00,7024.3
2019-08-26 08:45:00,7032.9
2019-08-26 09:00:00,7044.4
2019-08-26 09:15:00,7056.0
2019-08-26 09:30:00,7072.5
2019-08-26 09:45:00,7087.8
2019-08-26 10:00:00,7100.6
2019-08-26 10:15:00,7118.2
2019-08-26 10:30:00,7127.2
2019-08-26 10:45:00,7129.1
2019-08-26 11:00:00,7112.6
2019-08-26 11:15:00,7106.9
2019-08-26 11:30:00,7106.6
2019-08-26 11:45:00,7112.4
2019-08-26 12:00:00,7116.9
2019-08-26 12:15:00,7111.4
2019-08-26 12:30:00,7111.6
2019-08-26 12:45:00,7089.1
2019-08-26 13:00:00,7077.4
2019-08-26 13:15:00,7075.5
2019-08-26 13:30:00,7068.2
2019-08-26 13:45:00,7055.1
2019-08-26 14:00:00,7054.1
2019-08-26 14:15:00,7050.3
2019-08-26 14:30:00,7042.4
2019-08-26 14:45:00,7026.0
2019-08-26 15:00:00,7014.8
2019-08-26 15:15:00,7001.1
2019-08-26 15:30:00,6989.3
2019-08-26 15:45:00,6986.5
2019-08-26 16:00:00,6985.6
2019-08-26 16:15:00,6987.7
2019-08-26 16:30:00,6993.2
2019-08-26 16:45:00,6994.9
2019-08-26 17:00:00,6976.4
2019-08-26 17:15:00,6961.5
2019-08-26 17:30:00,6967.0
2019-08-26 17:45:00,6960.0
2019-08-26 18:00:00,6943.0
2019-08-26 18:15:00,6919.7
2019-08-26 18:30:00,6915.5
2019-08-26 18:45:00,6904.2
2019-08-26 19:00:00,6901.7
2019-08-26 19:15:00,6887.4
2019-08-26 19:30:00,6892.4
2019-08-26 19:45:00,6886.4
2019-08-26 20:00:00,6861.9
2019-08-26 20:15:00,6836.8
2019-08-26 20:30:00,6788.0
2019-08-26 20:45:00,6760.0
2019-08-26 21:00:00,6723.8
2019-08-26 21:15:00,6691.4
2019-08-26 21:30:00,6657.1
2019-08-26 21:45:00,6626.9
2019-08-26 22:00:00,6583.0
2019-08-26 22:15:00,6559.4
2019-08-26 22:30:00,6532.6
2019-08-26 22:45:00,6510.5
2019-08-26 23:00:00,6478.3
2019-08-26 23:15:00,6462.8
2019-08-26 23:30:00,6446.3
2019-08-26 23:45:00,6426.3
2019-08-27 00:00:00,6402.0
2019-08-27 00:15:00,6405.6
2019-08-27 00:30:00,6387.0
2019-08-27 00:45:00,6387.2
2019-08-27 01:00:00,6377.6
2019-08-27 01:15:00,6377.1
2019-08-27 01:30:00,6373.8
2019-08-27 01:45:00,6377.5
2019-08-27 02:00:00,6382.2
2019-08-27 02:15:00,6384.4
2019-08-27 02:30:00,6381.3
2019-08-27 02:45:00,6380.4
2019-08-27 03:00:00,6397.6
2019-08-27 03:15:00,6399.9
2019-08-27 03:30:00,6413.1
2019-08-27 03:45:00,6433.3
2019-08-27 04:00:00,6478.3
2019-08-27 04:15:00,6507.9
2019-08-27 04:30:00,6549.4
2019-08-27 04:45:00,6590.5
2019-08-27 05:00:00,6686.2
2019-08-27 05:15:00,6730.3
2019-08-27 05:30:00,6765.6
2019-08-27 05:45:00,6802.8
2019-08-27 06:00:00,6856.2
2019-08-27 06:15:00,6894.3
2019-08-27 06:30:00,6927.5
2019-08-27 06:45:00,6950.6
2019-08-27 07:00:00,6984.2
2019-08-27 07:15:00,7005.3
2019-08-27 07:30:00,7019.4
2019-08-27 07:45:00,7035.0
2019-08-27 08:00:00,7023.3
2019-08-27 08:15:00,7038.7
2019-08-27 08:30:00,7069.6
2019-08-27 08:45:00,7084.5
2019-08-27 09:00:00,7095.5
2019-08-27 09:15:00,7102.4
2019-08-27 09:30:00,7115.5
2019-08-27 09:45:00,7128.1
2019-08-27 10:00:00,7139.3
2019-08-27 10:15:00,7161.3
2019-08-27 10:30:00,7173.3
2019-08-27 10:45:00,7181.6
2019-08-27 11:00:00,7155.3
2019-08-27 11:15:00,7153.0
2019-08-27 11:30:00,7160.1
2019-08-27 11:45:00,7159.0
2019-08-27 12:00:00,7156.7
2019-08-27 12:15:00,7153.9
2019-08-27 12:30:00,7149.4
2019-08-27 12:45:00,7133.9
2019-08-27 13:00:00,7115.8
2019-08-27 13:15:00,7113.0
2019-08-27 13:30:00,7102.8
2019-08-27 13:45:00,7101.0
2019-08-27 14:00:00,7108.4
2019-08-27 14:15:00,7085.0
2019-08-27 14:30:00,7081.7
2019-08-27 14:45:00,7075.8
2019-08-27 15:00:00,7070.4
2019-08-27 15:15:00,7051.7
2019-08-27 15:30:00,7050.9
2019-08-27 15:45:00,7040.6
2019-08-27 16:00:00,7037.4
2019-08-27 16:15:00,7033.5
2019-08-27 16:30:00,7039.5
2019-08-27 16:45:00,7040.1
2019-08-27 17:00:00,7035.9
2019-08-27 17:15:00,7022.2
2019-08-27 17:30:00,7011.4
2019-08-27 17:45:00,7014.9
2019-08-27 18:00:00,7014.4
2019-08-27 18:15:00,7000.2
2019-08-27 18:30:00,6996.8
2019-08-27 18:45:00,6992.3
2019-08-27 19:00:00,6958.7
2019-08-27 19:15:00,6946.0
2019-08-27 19:30:00,6952.6
2019-08-27 19:45:00,6941.8
2019-08-27 20:00:00,6907.0
2019-08-27 20:15:00,6873.7
2019-08-27 20:30:00,6835.9
2019-08-27 20:45:00,6789.0
2019-08-27 21:00:00,6751.9
2019-08-27 21:15:00,6718.6
2019-08-27 21:30:00,6669.0
2019-08-27 21:45:00,6643.8
2019-08-27 22:00:00,6607.5
2019-08-27 22:15:00,6584.7
2019-08-27 22:30:00,6556.3
2019-08-27 22:45:00,6531.0
2019-08-27 23:00:00,6498.8
2019-08-27 23:15:00,6483.4
2019-08-27 23:30:00,6463.1
2019-08-27 23:45:00,6449.2
2019-08-28 00:00:00,6447.2
2019-08-28 00:15:00,6439.0
2019-08-28 00:30:00,6428.0
2019-08-28 00:45:00,6418.2
2019-08-28 01:00:00,6407.3
2019-08-28 01:15:00,6406.2
2019-08-28 01:30:00,6406.9
2019-08-28 01:45:00,6405.7
2019-08-28 02:00:00,6404.3
2019-08-28 02:15:00,6406.6
2019-08-28 02:30:00,6406.9
2019-08-28 02:45:00,6405.9
2019-08-28 03:00:00,6427.1
2019-08-28 03:15:00,6435.6
2019-08-28 03:30:00,6442.0
2019-08-28 03:45:00,6451.1
2019-08-28 04:00:00,6495.6
2019-08-28 04:15:00,6524.7
2019-08-28 04:30:00,6559.1
2019-08-28 04:45:00,6610.5
2019-08-28 05:00:00,6712.4
2019-08-28 05:15:00,6763.3
2019-08-28 05:30:00,6802.0
2019-08-28 05:45:00,6840.3
2019-08-28 06:00:00,6895.3
2019-08-28 06:15:00,6924.7
2019-08-28 06:30:00,6954.4
2019-08-28 06:45:00,6982.8
2019-08-28 07:00:00,7010.0
2019-08-28 07:15:00,7025.9
2019-08-28 07:30:00,7032.6
2019-08-28 07:45:00,7048.9
2019-08-28 08:00:00,7038.5
2019-08-28 08:15:00,7061.0
2019-08-28 08:30:00,7076.2
2019-08-28 08:45:00,7093.8
2019-08-28 09:00:00,7100.5
2019-08-28 09:15:00,7113.3
2019-08-28 09:30:00,7128.0
2019-08-28 09:45:00,7142.8
2019-08-28 10:00:00,7151.0
2019-08-28 10:15:00,7159.5
2019-08-28 10:30:00,7168.8
2019-08-28 10:45:00,7166.0
2019-08-28 11:00:00,7162.2
2019-08-28 11:15:00,7162.7
2019-08-28 11:30:00,7157.6
2019-08-28 11:45:00,7164.8
2019-08-28 12:00:00,7156.2
2019-08-28 12:15:00,7145.4
2019-08-28 12:30:00,7140.9
2019-08-28 12:45:00,7127.4
2019-08-28 13:00:00,7129.5
2019-08-28 13:15:00,7125.3
2019-08-28 13:30:00,7113.8
2019-08-28 13:45:00,7111.8
2019-08-28 14:00:00,7100.4
2019-08-28 14:15:00,7084.6
2019-08-28 14:30:00,7060.7
2019-08-28 14:45:00,7048.0
2019-08-28 15:00:00,7050.7
2019-08-28 15:15:00,7035.9
2019-08-28 15:30:00,7019.3
2019-08-28 15:45:00,7008.6
2019-08-28 16:00:00,7013.8
2019-08-28 16:15:00,7010.6
2019-08-28 16:30:00,7010.4
2019-08-28 16:45:00,7015.2
2019-08-28 17:00:00,7010.4
2019-08-28 17:15:00,7011.8
2019-08-28 17:30:00,7021.4
2019-08-28 17:45:00,7015.8
2019-08-28 18:00:00,7004.5
2019-08-28 18:15:00,6984.7
2019-08-28 18:30:00,6982.4
2019-08-28 18:45:00,6979.3
2019-08-28 19:00:00,6971.6
2019-08-28 19:15:00,6966.4
2019-08-28 19:30:00,6971.3
2019-08-28 19:45:00,6967.9
2019-08-28 20:00:00,6927.5
2019-08-28 20:15:00,6886.4
2019-08-28 20:30:00,6847.5
2019-08-28 20:45:00,6809.8
2019-08-28 21:00:00,6763.2
2019-08-28 21:15:00,6728.6
2019-08-28 21:30:00,6688.9
2019-08-28 21:45:00,6651.7
2019-08-28 22:00:00,6618.0
2019-08-28 22:15:00,6585.6
2019-08-28 22:30:00,6558.2
2019-08-28 22:45:00,6535.5
2019-08-28 23:00:00,6490.8
2019-08-28 23:15:00,6478.3
2019-08-28 23:30:00,6464.2
2019-08-28 23:45:00,6447.6
2019-08-29 00:00:00,6440.2
2019-08-29 00:15:00,6430.7
2019-08-29 00:30:00,6425.4
2019-08-29 00:45:00,6411.8
2019-08-29 01:00:00,6398.9
2019-08-29 01:15:00,6401.3
2019-08-29 01:30:00,6394.2
2019-08-29 01:45:00,6387.9
2019-08-29 02:00:00,6395.4
2019-08-29 02:15:00,6400.0
2019-08-29 02:30:00,6391.2
2019-08-29 02:45:00,6399.9
2019-08-29 03:00:00,6414.9
2019-08-29 03:15:00,6418.7
2019-08-29 03:30:00,6424.3
2019-08-29 03:45:00,6432.9
2019-08-29 04:00:00,6479.7
2019-08-29 04:15:00,6507.6
2019-08-29 04:30:00,6534.0
2019-08-29 04:45:00,6587.5
2019-08-29 05:00:00,6684.9
2019-08-29 05:15:00,6745.3
2019-08-29 05:30:00,6791.6
2019-08-29 05:45:00,6822.2
2019-08-29 06:00:00,6882.0
2019-08-29 06:15:00,6912.5
2019-08-29 06:30:00,6945.5
2019-08-29 06:45:00,6968.9
2019-08-29 07:00:00,7001.3
2019-08-29 07:15:00,7022.1
2019-08-29 07:30:00,7032.4
2019-08-29 07:45:00,7039.0
2019-08-29 08:00:00,7033.6
2019-08-29 08:15:00,7046.2
2019-08-29 08:30:00,7065.2
2019-08-29 08:45:00,7075.5
2019-08-29 09:00:00,7084.9
2019-08-29 09:15:00,7097.2
2019-08-29 09:30:00,7107.7
2019-08-29 09:45:00,7122.7
2019-08-29 10:00:00,7129.1
2019-08-29 10:15:00,7133.9
2019-08-29 10:30:00,7138.3
2019-08-29 10:45:00,7135.8
2019-08-29 11:00:00,7118.2
2019-08-29 11:15:00,7112.6
2019-08-29 11:30:00,7118.2
2019-08-29 11:45:00,7120.1
2019-08-29 12:00:00,7120.8
2019-08-29 12:15:00,7108.6
2019-08-29 12:30:00,7089.7
2019-08-29 12:45:00,7077.1
2019-08-29 13:00:00,7069.3
2019-08-29 13:15:00,7068.7
2019-08-29 13:30:00,7059.7
2019-08-29 13:45:00,7050.3
2019-08-29 14:00:00,7041.1
2019-08-29 14:15:00,7027.3
2019-08-29 14:30:00,7020.8
2019-08-29 14:45:00,7008.7
2019-08-29 15:00:00,7007.1
2019-08-29 15:15:00,6991.3
2019-08-29 15:30:00,6982.0
2019-08-29 15:45:00,6973.6
2019-08-29 16:00:00,6978.3
2019-08-29 16:15:00,6977.9
2019-08-29 16:30:00,6974.5
2019-08-29 16:45:00,6965.6
2019-08-29 17:00:00,6965.2
2019-08-29 17:15:00,6949.7
2019-08-29 17:30:00,6950.1
2019-08-29 17:45:00,6952.8
2019-08-29 18:00:00,6937.5
2019-08-29 18:15:00,6921.8
2019-08-29 18:30:00,6916.4
2019-08-29 18:45:00,6908.9
2019-08-29 19:00:00,6901.7
2019-08-29 19:15:00,6897.9
2019-08-29 19:30:00,6912.1
2019-08-29 19:45:00,6902.4
2019-08-29 20:00:00,6863.3
2019-08-29 20:15:00,6831.5
2019-08-29 20:30:00,6795.6
2019-08-29 20:45:00,6755.1
2019-08-29 21:00:00,6719.6
2019-08-29 21:15:00,6684.8
2019-08-29 21:30:00,6646.4
2019-08-29 21:45:00,6617.4
2019-08-29 22:00:00,6570.5
2019-08-29 22:15:00,6540.5
2019-08-29 22:30:00,6518.2
2019-08-29 22:45:00,6504.0
2019-08-29 23:00:00,6459.9
2019-08-29 23:15:00,6443.1
2019-08-29 23:30:00,6434.5
2019-08-29 23:45:00,6419.1
2019-08-30 00:00:00,6404.3
2019-08-30 00:15:00,6385.6
2019-08-30 00:30:00,6379.8
2019-08-30 00:45:00,6369.0
2019-08-30 01:00:00,6356.5
2019-08-30 01:15:00,6345.2
2019-08-30 01:30:00,6351.8
2019-08-30 01:45:00,6350.4
2019-08-30 02:00:00,6350.8
2019-08-30 02:15:00,6353.5
2019-08-30 02:30:00,6354.8
2019-08-30 02:45:00,6358.8
2019-08-30 03:00:00,6366.2
2019-08-30 03:15:00,6377.9
2019-08-30 03:30:00,6384.1
2019-08-30 03:45:00,6404.1
2019-08-30 04:00:00,6447.7
2019-08-30 04:15:00,6471.1
2019-08-30 04:30:00,6505.0
2019-08-30 04:45:00,6545.4
2019-08-30 05:00:00,6645.1
2019-08-30 05:15:00,6710.6
2019-08-30 05:30:00,6757.5
2019-08-30 05:45:00,6797.7
2019-08-30 06:00:00,6844.2
2019-08-30 06:15:00,6886.2
2019-08-30 06:30:00,6916.9
2019-08-30 06:45:00,6943.7
2019-08-30 07:00:00,6981.9
2019-08-30 07:15:00,7001.2
2019-08-30 07:30:00,7015.7
2019-08-30 07:45:00,7027.7
2019-08-30 08:00:00,7013.3
2019-08-30 08:15:00,7022.1
2019-08-30 08:30:00,7039.9
2019-08-30 08:45:00,7055.7
2019-08-30 09:00:00,7052.4
2019-08-30 09:15:00,7049.8
2019-08-30 09:30:00,7067.6
2019-08-30 09:45:00,7078.4
2019-08-30 10:00:00,7085.6
2019-08-30 10:15:00,7092.1
2019-08-30 10:30:00,7099.1
2019-08-30 10:45:00,7099.7
2019-08-30 11:00:00,7073.7
2019-08-30 11:15:00,7063.6
2019-08-30 11:30:00,7062.9
2019-08-30 11:45:00,7068.3
2019-08-30 12:00:00,7062.2
2019-08-30 12:15:00,7042.3
2019-08-30 12:30:00,7032.5
2019-08-30 12:45:00,7008.2
2019-08-30 13:00:00,7005.8
2019-08-30 13:15:00,7002.0
2019-08-30 13:30:00,6989.3
2019-08-30 13:45:00,6983.5
2019-08-30 14:00:00,6976.7
2019-08-30 14:15:00,6966.0
2019-08-30 14:30:00,6953.2
2019-08-30 14:45:00,6940.3
2019-08-30 15:00:00,6945.5
2019-08-30 15:15:00,6937.4
2019-08-30 15:30:00,6925.3
2019-08-30 15:45:00,6916.9
2019-08-30 16:00:00,6918.6
2019-08-30 16:15:00,6912.1
2019-08-30 16:30:00,6902.4
2019-08-30 16:45:00,6901.0
2019-08-30 17:00:00,6895.3
2019-08-30 17:15:00,6885.8
2019-08-30 17:30:00,6878.1
2019-08-30 17:45:00,6874.8
2019-08-30 18:00:00,6867.0
2019-08-30 18:15:00,6850.9
2019-08-30 18:30:00,6842.9
2019-08-30 18:45:00,6836.6
2019-08-30 19:00:00,6817.6
2019-08-30 19:15:00,6817.6
2019-08-30 19:30:00,6813.6
2019-08-30 19:45:00,6808.9
2019-08-30 20:00:00,6775.7
2019-08-30 20:15:00,6746.4
2019-08-30 20:30:00,6706.3
2019-08-30 20:45:00,6671.7
2019-08-30 21:00:00,6621.5
2019-08-30 21:15:00,6593.9
2019-08-30 21:30:00,6566.4
2019-08-30 21:45:00,6537.9
2019-08-30 22:00:00,6498.4
2019-08-30 22:15:00,6479.5
2019-08-30 22:30:00,6450.9
2019-08-30 22:45:00,6431.2
2019-08-30 23:00:00,6378.8
2019-08-30 23:15:00,6364.0
2019-08-30 23:30:00,6357.0
2019-08-30 23:45:00,6340.4
2019-08-31 00:00:00,6317.8
2019-08-31 00:15:00,6307.6
2019-08-31 00:30:00,6287.5
2019-08-31 00:45:00,6276.2
2019-08-31 01:00:00,6264.7
2019-08-31 01:15:00,6248.1
2019-08-31 01:30:00,6243.6
2019-08-31 01:45:00,6239.8
2019-08-31 02:00:00,6240.5
2019-08-31 02:15:00,6233.2
2019-08-31 02:30:00,6227.8
2019-08-31 02:45:00,6222.3
2019-08-31 03:00:00,6224.3
2019-08-31 03:15:00,6225.0
2019-08-31 03:30:00,6222.5
2019-08-31 03:45:00,6228.8
2019-08-31 04:00:00,6248.2
2019-08-31 04:15:00,6251.5
2019-08-31 04:30:00,6252.9
2019-08-31 04:45:00,6273.0
2019-08-31 05:00:00,6300.9
2019-08-31 05:15:00,6309.8
2019-08-31 05:30:00,6312.5
2019-08-31 05:45:00,6323.9
2019-08-31 06:00:00,6364.5
2019-08-31 06:15:00,6383.9
2019-08-31 06:30:00,6410.8
2019-08-31 06:45:00,6448.7
2019-08-31 07:00:00,6483.5
2019-08-31 07:15:00,6519.0
2019-08-31 07:30:00,6536.7
2019-08-31 07:45:00,6567.1
2019-08-31 08:00:00,6591.2
2019-08-31 08:15:00,6614.5
2019-08-31 08:30:00,6641.9
2019-08-31 08:45:00,6657.6
2019-08-31 09:00:00,6661.6
2019-08-31 09:15:00,6672.3
2019-08-31 09:30:00,6690.2
2019-08-31 09:45:00,6689.2
2019-08-31 10:00:00,6693.7
2019-08-31 10:15:00,6709.1
2019-08-31 10:30:00,6717.1
2019-08-31 10:45:00,6719.5
2019-08-31 11:00:00,6718.0
2019-08-31 11:15:00,6715.8
2019-08-31 11:30:00,6710.2
2019-08-31 11:45:00,6692.8
2019-08-31 12:00:00,6689.6
2019-08-31 12:15:00,6685.2
2019-08-31 12:30:00,6688.6
2019-08-31 12:45:00,6670.5
2019-08-31 13:00:00,6675.9
2019-08-31 13:15:00,6668.1
2019-08-31 13:30:00,6649.8
2019-08-31 13:45:00,6649.4
2019-08-31 14:00:00,6644.5
2019-08-31 14:15:00,6638.5
2019-08-31 14:30:00,6633.3
2019-08-31 14:45:00,6617.7
2019-08-31 15:00:00,6619.3
2019-08-31 15:15:00,6617.9
2019-08-31 15:30:00,6592.6
2019-08-31 15:45:00,6595.3
2019-08-31 16:00:00,6600.8
2019-08-31 16:15:00,6611.9
2019-08-31 16:30:00,6608.0
2019-08-31 16:45:00,6604.3
2019-08-31 17:00:00,6618.5
2019-08-31 17:15:00,6607.9
2019-08-31 17:30:00,6600.5
2019-08-31 17:45:00,6592.6
2019-08-31 18:00:00,6589.4
2019-08-31 18:15:00,6576.6
2019-08-31 18:30:00,6574.2
2019-08-31 18:45:00,6568.5
2019-08-31 19:00:00,6565.4
2019-08-31 19:15:00,6569.7
2019-08-31 19:30:00,6561.8
2019-08-31 19:45:00,6560.7
2019-08-31 20:00:00,6540.6
2019-08-31 20:15:00,6513.9
2019-08-31 20:30:00,6501.5
2019-08-31 20:45:00,6491.0
2019-08-31 21:00:00,6476.9
2019-08-31 21:15:00,6462.4
2019-08-31 21:30:00,6448.2
2019-08-31 21:45:00,6443.5
2019-08-31 22:00:00,6424.5
2019-08-31 22:15:00,6405.0
2019-08-31 22:30:00,6398.5
2019-08-31 22:45:00,6385.4
2019-08-31 23:00:00,6355.9
2019-08-31 23:15:00,6341.9
2019-08-31 23:30:00,6321.4
2019-08-31 23:45:00,6310.0
2019-09-01 00:00:00,6280.6
2019-09-01 00:15:00,6262.8
2019-09-01 00:30:00,6249.7
2019-09-01 00:45:00,6231.1
2019-09-01 01:00:00,6212.5
2019-09-01 01:15:00,6198.1
2019-09-01 01:30:00,6185.4
2019-09-01 01:45:00,6191.4
2019-09-01 02:00:00,6179.2
2019-09-01 02:15:00,6179.8
2019-09-01 02:30:00,6169.0
2019-09-01 02:45:00,6162.8
2019-09-01 03:00:00,6166.9
2019-09-01 03:15:00,6165.5
2019-09-01 03:30:00,6170.9
2019-09-01 03:45:00,6167.9
2019-09-01 04:00:00,6170.7
2019-09-01 04:15:00,6170.3
2019-09-01 04:30:00,6173.8
2019-09-01 04:45:00,6171.8
2019-09-01 05:00:00,6191.1
2019-09-01 05:15:00,6190.8
2019-09-01 05:30:00,6198.3
2019-09-01 05:45:00,6192.0
2019-09-01 06:00:00,6212.2
2019-09-01 06:15:00,6227.8
2019-09-01 06:30:00,6248.9
2019-09-01 06:45:00,6252.9
2019-09-01 07:00:00,6283.1
2019-09-01 07:15:00,6308.4
2019-09-01 07:30:00,6341.9
2019-09-01 07:45:00,6364.0
2019-09-01 08:00:00,6384.5
2019-09-01 08:15:00,6397.1
2019-09-01 08:30:00,6431.3
2019-09-01 08:45:00,6453.2
2019-09-01 09:00:00,6461.7
2019-09-01 09:15:00,6479.6
2019-09-01 09:30:00,6485.7
2019-09-01 09:45:00,6507.9
2019-09-01 10:00:00,6518.6
2019-09-01 10:15:00,6532.7
2019-09-01 10:30:00,6554.0
2019-09-01 10:45:00,6572.4
2019-09-01 11:00:00,6561.8
2019-09-01 11:15:00,6550.3
2019-09-01 11:30:00,6546.8
2019-09-01 11:45:00,6541.0
2019-09-01 12:00:00,6534.9
2019-09-01 12:15:00,6524.5
2019-09-01 12:30:00,6525.4
2019-09-01 12:45:00,6509.5
2019-09-01 13:00:00,6497.0
2019-09-01 13:15:00,6484.8
2019-09-01 13:30:00,6476.8
2019-09-01 13:45:00,6459.1
2019-09-01 14:00:00,6450.1
2019-09-01 14:15:00,6439.8
2019-09-01 14:30:00,6421.9
2019-09-01 14:45:00,6414.6
2019-09-01 15:00:00,6438.9
2019-09-01 15:15:00,6441.7
2019-09-01 15:30:00,6433.1
2019-09-01 15:45:00,6437.5
2019-09-01 16:00:00,6452.5
2019-09-01 16:15:00,6466.9
2019-09-01 16:30:00,6467.8
2019-09-01 16:45:00,6488.6
2019-09-01 17:00:00,6490.8
2019-09-01 17:15:00,6501.5
2019-09-01 17:30:00,6502.7
2019-09-01 17:45:00,6495.1
2019-09-01 18:00:00,6485.1
2019-09-01 18:15:00,6485.2
2019-09-01 18:30:00,6499.8
2019-09-01 18:45:00,6492.7
2019-09-01 19:00:00,6506.0
2019-09-01 19:15:00,6519.5
2019-09-01 19:30:00,6512.6
2019-09-01 19:45:00,6497.6
2019-09-01 20:00:00,6474.3
2019-09-01 20:15:00,6456.7
2019-09-01 20:30:00,6442.3
2019-09-01 20:45:00,6422.9
2019-09-01 21:00:00,6425.7
2019-09-01 21:15:00,6401.2
2019-09-01 21:30:00,6379.0
2019-09-01 21:45:00,6358.2
2019-09-01 22:00:00,6326.3
2019-09-01 22:15:00,6310.9
2019-09-01 22:30:00,6289.2
2019-09-01 22:45:00,6271.0
2019-09-01 23:00:00,6254.1
2019-09-01 23:15:00,6238.4
2019-09-01 23:30:00,6233.5
2019-09-01 23:45:00,6227.8
2019-09-02 00:00:00,6223.7
2019-09-02 00:15:00,6209.7
2019-09-02 00:30:00,6197.1
2019-09-02 00:45:00,6195.0
2019-09-02 01:00:00,6194.4
2019-09-02 01:15:00,6192.7
2019-09-02 01:30:00,6195.6
2019-09-02 01:45:00,6195.1
2019-09-02 02:00:00,6199.7
2019-09-02 02:15:00,6197.1
2019-09-02 02:30:00,6201.1
2019-09-02 02:45:00,6215.4
2019-09-02 03:00:00,6244.5
2019-09-02 03:15:00,6256.7
2019-09-02 03:30:00,6271.7
2019-09-02 03:45:00,6284.5
2019-09-02 04:00:00,6318.6
2019-09-02 04:15:00,6357.2
2019-09-02 04:30:00,6404.0
2019-09-02 04:45:00,6466.6
2019-09-02 05:00:00,6578.9
2019-09-02 05:15:00,6636.0
2019-09-02 05:30:00,6672.6
2019-09-02 05:45:00,6707.3
2019-09-02 06:00:00,6768.1
2019-09-02 06:15:00,6798.2
2019-09-02 06:30:00,6825.4
2019-09-02 06:45:00,6856.3
2019-09-02 07:00:00,6874.2
2019-09-02 07:15:00,6883.4
2019-09-02 07:30:00,6904.7
2019-09-02 07:45:00,6921.1
2019-09-02 08:00:00,6913.6
2019-09-02 08:15:00,6922.0
2019-09-02 08:30:00,6943.4
2019-09-02 08:45:00,6953.8
2019-09-02 09:00:00,6959.8
2019-09-02 09:15:00,6969.7
2019-09-02 09:30:00,6984.7
2019-09-02 09:45:00,7005.1
2019-09-02 10:00:00,7021.8
2019-09-02 10:15:00,7037.6
2019-09-02 10:30:00,7046.1
2019-09-02 10:45:00,7076.8
2019-09-02 11:00:00,7050.8
2019-09-02 11:15:00,7039.9
2019-09-02 11:30:00,7048.5
2019-09-02 11:45:00,7036.3
2019-09-02 12:00:00,7042.1
2019-09-02 12:15:00,7047.1
2019-09-02 12:30:00,7039.2
2019-09-02 12:45:00,7021.7
2019-09-02 13:00:00,7011.4
2019-09-02 13:15:00,7005.0
2019-09-02 13:30:00,7002.9
2019-09-02 13:45:00,6984.2
2019-09-02 14:00:00,6974.1
2019-09-02 14:15:00,6958.1
2019-09-02 14:30:00,6940.1
2019-09-02 14:45:00,6937.0
2019-09-02 15:00:00,6925.7
2019-09-02 15:15:00,6920.1
2019-09-02 15:30:00,6908.8
2019-09-02 15:45:00,6894.9
2019-09-02 16:00:00,6899.5
2019-09-02 16:15:00,6893.8
2019-09-02 16:30:00,6888.4
2019-09-02 16:45:00,6894.5
2019-09-02 17:00:00,6893.0
2019-09-02 17:15:00,6883.2
2019-09-02 17:30:00,6882.6
2019-09-02 17:45:00,6896.3
2019-09-02 18:00:00,6898.5
2019-09-02 18:15:00,6885.6
2019-09-02 18:30:00,6884.9
2019-09-02 18:45:00,6874.5
2019-09-02 19:00:00,6876.2
2019-09-02 19:15:00,6874.5
2019-09-02 19:30:00,6879.8
2019-09-02 19:45:00,6853.0
2019-09-02 20:00:00,6822.8
2019-09-02 20:15:00,6785.2
2019-09-02 20:30:00,6756.1
2019-09-02 20:45:00,6712.2
2019-09-02 21:00:00,6665.0
2019-09-02 21:15:00,6629.9
2019-09-02 21:30:00,6593.2
2019-09-02 21:45:00,6567.3
2019-09-02 22:00:00,6517.6
2019-09-02 22:15:00,6486.7
2019-09-02 22:30:00,6475.5
2019-09-02 22:45:00,6453.8
2019-09-02 23:00:00,6406.4
2019-09-02 23:15:00,6383.4
2019-09-02 23:30:00,6367.7
2019-09-02 23:45:00,6363.4
2019-09-03 00:00:00,6351.3
2019-09-03 00:15:00,6350.3
2019-09-03 00:30:00,6340.0
2019-09-03 00:45:00,6338.0
2019-09-03 01:00:00,6339.1
2019-09-03 01:15:00,6331.6
2019-09-03 01:30:00,6330.3
2019-09-03 01:45:00,6338.2
2019-09-03 02:00:00,6340.9
2019-09-03 02:15:00,6344.3
2019-09-03 02:30:00,6342.9
2019-09-03 02:45:00,6346.4
2019-09-03 03:00:00,6356.7
2019-09-03 03:15:00,6360.7
2019-09-03 03:30:00,6385.6
2019-09-03 03:45:00,6397.9
2019-09-03 04:00:00,6446.5
2019-09-03 04:15:00,6478.3
2019-09-03 04:30:00,6518.1
2019-09-03 04:45:00,6566.8
2019-09-03 05:00:00,6681.1
2019-09-03 05:15:00,6749.6
2019-09-03 05:30:00,6783.8
2019-09-03 05:45:00,6815.0
2019-09-03 06:00:00,6865.7
2019-09-03 06:15:00,6900.1
2019-09-03 06:30:00,6932.3
2019-09-03 06:45:00,6950.4
2019-09-03 07:00:00,6961.9
2019-09-03 07:15:00,6978.6
2019-09-03 07:30:00,6987.0
2019-09-03 07:45:00,6983.5
2019-09-03 08:00:00,6955.7
2019-09-03 08:15:00,6977.1
2019-09-03 08:30:00,6997.4
2019-09-03 08:45:00,7013.8
2019-09-03 09:00:00,7014.2
2019-09-03 09:15:00,7028.2
2019-09-03 09:30:00,7056.1
2019-09-03 09:45:00,7077.9
2019-09-03 10:00:00,7080.5
2019-09-03 10:15:00,7089.6
2019-09-03 10:30:00,7098.6
2019-09-03 10:45:00,7115.0
2019-09-03 11:00:00,7098.0
2019-09-03 11:15:00,7090.6
2019-09-03 11:30:00,7101.1
2019-09-03 11:45:00,7094.4
2019-09-03 12:00:00,7095.2
2019-09-03 12:15:00,7082.3
2019-09-03 12:30:00,7070.9
2019-09-03 12:45:00,7055.0
2019-09-03 13:00:00,7051.4
2019-09-03 13:15:00,7050.8
2019-09-03 13:30:00,7038.6
2019-09-03 13:45:00,7035.4
2019-09-03 14:00:00,7033.1
2019-09-03 14:15:00,7017.7
2019-09-03 14:30:00,6997.5
2019-09-03 14:45:00,6981.9
2019-09-03 15:00:00,6974.5
2019-09-03 15:15:00,6968.8
2019-09-03 15:30:00,6948.2
2019-09-03 15:45:00,6942.2
2019-09-03 16:00:00,6947.7
2019-09-03 16:15:00,6949.2
2019-09-03 16:30:00,6943.2
2019-09-03 16:45:00,6937.4
2019-09-03 17:00:00,6933.1
2019-09-03 17:15:00,6924.2
2019-09-03 17:30:00,6919.7
2019-09-03 17:45:00,6922.1
2019-09-03 18:00:00,6909.5
2019-09-03 18:15:00,6899.4
2019-09-03 18:30:00,6887.4
2019-09-03 18:45:00,6886.9
2019-09-03 19:00:00,6889.1
2019-09-03 19:15:00,6895.7
2019-09-03 19:30:00,6889.7
2019-09-03 19:45:00,6863.7
2019-09-03 20:00:00,6823.6
2019-09-03 20:15:00,6793.1
2019-09-03 20:30:00,6756.2
2019-09-03 20:45:00,6721.8
2019-09-03 21:00:00,6678.6
2019-09-03 21:15:00,6647.3
2019-09-03 21:30:00,6612.1
2019-09-03 21:45:00,6576.3
2019-09-03 22:00:00,6544.4
2019-09-03 22:15:00,6516.5
2019-09-03 22:30:00,6490.8
2019-09-03 22:45:00,6470.4
2019-09-03 23:00:00,6434.2
2019-09-03 23:15:00,6417.6
2019-09-03 23:30:00,6396.7
2019-09-03 23:45:00,6384.9
2019-09-04 00:00:00,6371.5
2019-09-04 00:15:00,6366.7
2019-09-04 00:30:00,6357.9
2019-09-04 00:45:00,6352.8
2019-09-04 01:00:00,6333.1
2019-09-04 01:15:00,6327.0
2019-09-04 01:30:00,6326.9
2019-09-04 01:45:00,6331.1
2019-09-04 02:00:00,6331.9
2019-09-04 02:15:00,6330.1
2019-09-04 02:30:00,6334.0
2019-09-04 02:45:00,6337.3
2019-09-04 03:00:00,6348.7
2019-09-04 03:15:00,6353.1
2019-09-04 03:30:00,6370.9
2019-09-04 03:45:00,6389.7
2019-09-04 04:00:00,6439.2
2019-09-04 04:15:00,6468.5
2019-09-04 04:30:00,6499.3
2019-09-04 04:45:00,6546.0
2019-09-04 05:00:00,6653.4
2019-09-04 05:15:00,6717.2
2019-09-04 05:30:00,6751.8
2019-09-04 05:45:00,6794.0
2019-09-04 06:00:00,6845.3
2019-09-04 06:15:00,6869.2
2019-09-04 06:30:00,6894.0
2019-09-04 06:45:00,6921.4
2019-09-04 07:00:00,6947.7
2019-09-04 07:15:00,6966.8
2019-09-04 07:30:00,6971.8
2019-09-04 07:45:00,6981.0
2019-09-04 08:00:00,6974.6
2019-09-04 08:15:00,6989.8
2019-09-04 08:30:00,7012.0
2019-09-04 08:45:00,7019.8
2019-09-04 09:00:00,7021.7
2019-09-04 09:15:00,7037.2
2019-09-04 09:30:00,7058.7
2019-09-04 09:45:00,7071.4
2019-09-04 10:00:00,7076.1
2019-09-04 10:15:00,7085.7
2019-09-04 10:30:00,7093.4
2019-09-04 10:45:00,7098.2
2019-09-04 11:00:00,7078.6
2019-09-04 11:15:00,7066.8
2019-09-04 11:30:00,7073.3
2019-09-04 11:45:00,7072.1
2019-09-04 12:00:00,7062.4
2019-09-04 12:15:00,7047.1
2019-09-04 12:30:00,7043.4
2019-09-04 12:45:00,7026.6
2019-09-04 13:00:00,7020.2
2019-09-04 13:15:00,7020.9
2019-09-04 13:30:00,7017.7
2019-09-04 13:45:00,7008.2
2019-09-04 14:00:00,7006.0
2019-09-04 14:15:00,6984.2
2019-09-04 14:30:00,6973.1
2019-09-04 14:45:00,6963.6
2019-09-04 15:00:00,6952.0
2019-09-04 15:15:00,6941.2
2019-09-04 15:30:00,6928.9
2019-09-04 15:45:00,6924.9
2019-09-04 16:00:00,6934.1
2019-09-04 16:15:00,6923.0
2019-09-04 16:30:00,6928.4
2019-09-04 16:45:00,6932.6
2019-09-04 17:00:00,6927.0
2019-09-04 17:15:00,6916.9
2019-09-04 17:30:00,6918.8
2019-09-04 17:45:00,6919.6
2019-09-04 18:00:00,6919.2
2019-09-04 18:15:00,6913.1
2019-09-04 18:30:00,6907.3
2019-09-04 18:45:00,6908.4
2019-09-04 19:00:00,6904.1
2019-09-04 19:15:00,6895.6
2019-09-04 19:30:00,6885.6
2019-09-04 19:45:00,6856.3
2019-09-04 20:00:00,6825.4
2019-09-04 20:15:00,6801.4
2019-09-04 20:30:00,6768.2
2019-09-04 20:45:00,6731.6
2019-09-04 21:00:00,6685.4
2019-09-04 21:15:00,6655.3
2019-09-04 21:30:00,6613.5
2019-09-04 21:45:00,6585.5
2019-09-04 22:00:00,6548.2
2019-09-04 22:15:00,6521.3
2019-09-04 22:30:00,6513.5
2019-09-04 22:45:00,6489.6
2019-09-04 23:00:00,6473.1
2019-09-04 23:15:00,6449.1
2019-09-04 23:30:00,6430.1
2019-09-04 23:45:00,6413.7
2019-09-05 00:00:00,6400.0
2019-09-05 00:15:00,6382.5
2019-09-05 00:30:00,6383.9
2019-09-05 00:45:00,6376.7
2019-09-05 01:00:00,6374.1
2019-09-05 01:15:00,6364.7
2019-09-05 01:30:00,6369.2
2019-09-05 01:45:00,6374.1
2019-09-05 02:00:00,6373.7
2019-09-05 02:15:00,6374.2
2019-09-05 02:30:00,6381.1
2019-09-05 02:45:00,6380.6
2019-09-05 03:00:00,6395.3
2019-09-05 03:15:00,6406.0
2019-09-05 03:30:00,6417.7
2019-09-05 03:45:00,6432.2
2019-09-05 04:00:00,6481.0
2019-09-05 04:15:00,6510.2
2019-09-05 04:30:00,6539.9
2019-09-05 04:45:00,6595.8
2019-09-05 05:00:00,6698.1
2019-09-05 05:15:00,6762.0
2019-09-05 05:30:00,6795.6
2019-09-05 05:45:00,6830.9
2019-09-05 06:00:00,6878.4
2019-09-05 06:15:00,6909.5
2019-09-05 06:30:00,6936.0
2019-09-05 06:45:00,6956.6
2019-09-05 07:00:00,6984.6
2019-09-05 07:15:00,7004.3
2019-09-05 07:30:00,7013.0
2019-09-05 07:45:00,7036.3
2019-09-05 08:00:00,7023.6
2019-09-05 08:15:00,7040.9
2019-09-05 08:30:00,7065.3
2019-09-05 08:45:00,7072.8
2019-09-05 09:00:00,7070.5
2019-09-05 09:15:00,7086.8
2019-09-05 09:30:00,7106.6
2019-09-05 09:45:00,7121.1
2019-09-05 10:00:00,7126.2
2019-09-05 10:15:00,7150.5
2019-09-05 10:30:00,7151.1
2019-09-05 10:45:00,7160.4
2019-09-05 11:00:00,7133.9
2019-09-05 11:15:00,7117.1
2019-09-05 11:30:00,7131.8
2019-09-05 11:45:00,7135.5
2019-09-05 12:00:00,7120.8
2019-09-05 12:15:00,7118.9
2019-09-05 12:30:00,7123.1
2019-09-05 12:45:00,7104.2
2019-09-05 13:00:00,7098.8
2019-09-05 13:15:00,7099.9
2019-09-05 13:30:00,7086.4
2019-09-05 13:45:00,7073.0
2019-09-05 14:00:00,7065.3
2019-09-05 14:15:00,7058.2
2019-09-05 14:30:00,7048.6
2019-09-05 14:45:00,7031.7
2019-09-05 15:00:00,7026.6
2019-09-05 15:15:00,7004.8
2019-09-05 15:30:00,6990.7
2019-09-05 15:45:00,6991.8
2019-09-05 16:00:00,6990.5
2019-09-05 16:15:00,6995.4
2019-09-05 16:30:00,6995.5
2019-09-05 16:45:00,6999.4
2019-09-05 17:00:00,6998.9
2019-09-05 17:15:00,6986.6
2019-09-05 17:30:00,6975.7
2019-09-05 17:45:00,6973.6
2019-09-05 18:00:00,6971.2
2019-09-05 18:15:00,6960.4
2019-09-05 18:30:00,6955.3
2019-09-05 18:45:00,6956.5
2019-09-05 19:00:00,6951.6
2019-09-05 19:15:00,6940.1
2019-09-05 19:30:00,6935.4
2019-09-05 19:45:00,6905.6
2019-09-05 20:00:00,6873.8
2019-09-05 20:15:00,6839.5
2019-09-05 20:30:00,6794.7
2019-09-05 20:45:00,6760.8
2019-09-05 21:00:00,6715.4
2019-09-05 21:15:00,6676.4
2019-09-05 21:30:00,6637.7
2019-09-05 21:45:00,6605.5
2019-09-05 22:00:00,6564.8
2019-09-05 22:15:00,6537.7
2019-09-05 22:30:00,6519.4
2019-09-05 22:45:00,6495.9
2019-09-05 23:00:00,6460.1
2019-09-05 23:15:00,6447.2
2019-09-05 23:30:00,6436.9
2019-09-05 23:45:00,6427.0
2019-09-06 00:00:00,6415.8
2019-09-06 00:15:00,6412.0
2019-09-06 00:30:00,6401.8
2019-09-06 00:45:00,6389.6
2019-09-06 01:00:00,6377.4
2019-09-06 01:15:00,6371.4
2019-09-06 01:30:00,6371.9
2019-09-06 01:45:00,6380.7
2019-09-06 02:00:00,6370.4
2019-09-06 02:15:00,6375.7
2019-09-06 02:30:00,6375.0
2019-09-06 02:45:00,6384.5
2019-09-06 03:00:00,6401.4
2019-09-06 03:15:00,6409.0
2019-09-06 03:30:00,6423.5
2019-09-06 03:45:00,6442.3
2019-09-06 04:00:00,6482.0
2019-09-06 04:15:00,6509.6
2019-09-06 04:30:00,6540.4
2019-09-06 04:45:00,6587.9
2019-09-06 05:00:00,6679.4
2019-09-06 05:15:00,6737.2
2019-09-06 05:30:00,6780.0
2019-09-06 05:45:00,6820.4
2019-09-06 06:00:00,6865.2
2019-09-06 06:15:00,6896.1
2019-09-06 06:30:00,6920.9
2019-09-06 06:45:00,6953.7
2019-09-06 07:00:00,6986.6
2019-09-06 07:15:00,6992.1
2019-09-06 07:30:00,7003.1
2019-09-06 07:45:00,7017.0
2019-09-06 08:00:00,7007.3
2019-09-06 08:15:00,7006.5
2019-09-06 08:30:00,7020.5
2019-09-06 08:45:00,7033.4
2019-09-06 09:00:00,7038.5
2019-09-06 09:15:00,7044.6
2019-09-06 09:30:00,7058.9
2019-09-06 09:45:00,7068.2
2019-09-06 10:00:00,7066.3
2019-09-06 10:15:00,7074.2
2019-09-06 10:30:00,7080.0
2019-09-06 10:45:00,7081.3
2019-09-06 11:00:00,7064.1
2019-09-06 11:15:00,7061.0
2019-09-06 11:30:00,7057.3
2019-09-06 11:45:00,7041.0
2019-09-06 12:00:00,7024.0
2019-09-06 12:15:00,7013.2
2019-09-06 12:30:00,7003.2
2019-09-06 12:45:00,6979.0
2019-09-06 13:00:00,6972.6
2019-09-06 13:15:00,6961.7
2019-09-06 13:30:00,6946.0
2019-09-06 13:45:00,6933.1
2019-09-06 14:00:00,6928.9
2019-09-06 14:15:00,6920.6
2019-09-06 14:30:00,6906.1
2019-09-06 14:45:00,6904.8
2019-09-06 15:00:00,6901.0
2019-09-06 15:15:00,6884.4
2019-09-06 15:30:00,6879.5
2019-09-06 15:45:00,6878.1
2019-09-06 16:00:00,6886.7
2019-09-06 16:15:00,6875.5
2019-09-06 16:30:00,6876.9
2019-09-06 16:45:00,6877.9
2019-09-06 17:00:00,6869.9
2019-09-06 17:15:00,6853.9
2019-09-06 17:30:00,6852.8
2019-09-06 17:45:00,6856.2
2019-09-06 18:00:00,6857.0
2019-09-06 18:15:00,6842.0
2019-09-06 18:30:00,6831.5
2019-09-06 18:45:00,6835.9
2019-09-06 19:00:00,6837.5
2019-09-06 19:15:00,6828.7
2019-09-06 19:30:00,6801.0
2019-09-06 19:45:00,6773.5
2019-09-06 20:00:00,6734.0
2019-09-06 20:15:00,6693.9
2019-09-06 20:30:00,6662.8
2019-09-06 20:45:00,6626.8
2019-09-06 21:00:00,6602.9
2019-09-06 21:15:00,6569.7
2019-09-06 21:30:00,6535.4
2019-09-06 21:45:00,6511.9
2019-09-06 22:00:00,6476.9
2019-09-06 22:15:00,6451.9
2019-09-06 22:30:00,6423.3
2019-09-06 22:45:00,6401.3
2019-09-06 23:00:00,6369.5
2019-09-06 23:15:00,6348.4
2019-09-06 23:30:00,6339.6
2019-09-06 23:45:00,6332.6
2019-09-07 00:00:00,6319.4
2019-09-07 00:15:00,6308.9
2019-09-07 00:30:00,6307.2
2019-09-07 00:45:00,6308.7
2019-09-07 01:00:00,6289.3
2019-09-07 01:15:00,6285.5
2019-09-07 01:30:00,6278.7
2019-09-07 01:45:00,6270.6
2019-09-07 02:00:00,6275.7
2019-09-07 02:15:00,6258.8
2019-09-07 02:30:00,6258.4
2019-09-07 02:45:00,6258.0
2019-09-07 03:00:00,6258.0
2019-09-07 03:15:00,6252.3
2019-09-07 03:30:00,6251.7
2019-09-07 03:45:00,6254.4
2019-09-07 04:00:00,6274.4
2019-09-07 04:15:00,6270.0
2019-09-07 04:30:00,6268.4
2019-09-07 04:45:00,6274.9
2019-09-07 05:00:00,6304.2
2019-09-07 05:15:00,6323.1
2019-09-07 05:30:00,6327.8
2019-09-07 05:45:00,6346.4
2019-09-07 06:00:00,6373.3
2019-09-07 06:15:00,6394.0
2019-09-07 06:30:00,6420.5
2019-09-07 06:45:00,6443.1
2019-09-07 07:00:00,6470.4
2019-09-07 07:15:00,6497.6
2019-09-07 07:30:00,6517.0
2019-09-07 07:45:00,6540.2
2019-09-07 08:00:00,6561.7
2019-09-07 08:15:00,6578.4
2019-09-07 08:30:00,6596.8
2019-09-07 08:45:00,6606.7
2019-09-07 09:00:00,6623.8
2019-09-07 09:15:00,6636.9
2019-09-07 09:30:00,6646.9
2019-09-07 09:45:00,6657.2
2019-09-07 10:00:00,6671.4
2019-09-07 10:15:00,6681.2
2019-09-07 10:30:00,6667.7
2019-09-07 10:45:00,6665.3
2019-09-07 11:00:00,6662.4
2019-09-07 11:15:00,6663.9
2019-09-07 11:30:00,6666.1
2019-09-07 11:45:00,6643.2
2019-09-07 12:00:00,6627.6
2019-09-07 12:15:00,6604.8
2019-09-07 12:30:00,6598.3
2019-09-07 12:45:00,6577.4
2019-09-07 13:00:00,6563.2
2019-09-07 13:15:00,6547.6
2019-09-07 13:30:00,6529.4
2019-09-07 13:45:00,6517.2
2019-09-07 14:00:00,6516.0
2019-09-07 14:15:00,6513.5
2019-09-07 14:30:00,6504.4
2019-09-07 14:45:00,6502.7
2019-09-07 15:00:00,6505.9
2019-09-07 15:15:00,6495.9
2019-09-07 15:30:00,6502.6
2019-09-07 15:45:00,6504.1
2019-09-07 16:00:00,6521.5
2019-09-07 16:15:00,6525.4
2019-09-07 16:30:00,6537.9
2019-09-07 16:45:00,6548.9
2019-09-07 17:00:00,6560.3
2019-09-07 17:15:00,6558.5
2019-09-07 17:30:00,6562.9
2019-09-07 17:45:00,6566.8
2019-09-07 18:00:00,6572.5
2019-09-07 18:15:00,6560.5
2019-09-07 18:30:00,6559.9
2019-09-07 18:45:00,6566.4
2019-09-07 19:00:00,6574.2
2019-09-07 19:15:00,6562.1
2019-09-07 19:30:00,6543.7
2019-09-07 19:45:00,6519.6
2019-09-07 20:00:00,6494.2
2019-09-07 20:15:00,6466.1
2019-09-07 20:30:00,6445.5
2019-09-07 20:45:00,6425.4
2019-09-07 21:00:00,6411.1
2019-09-07 21:15:00,6386.5
2019-09-07 21:30:00,6363.5
2019-09-07 21:45:00,6340.9
2019-09-07 22:00:00,6321.2
2019-09-07 22:15:00,6294.7
2019-09-07 22:30:00,6274.8
2019-09-07 22:45:00,6251.9
2019-09-07 23:00:00,6227.2
2019-09-07 23:15:00,6207.7
2019-09-07 23:30:00,6191.0
2019-09-07 23:45:00,6183.3
2019-09-08 00:00:00,6165.3
2019-09-08 00:15:00,6153.5
2019-09-08 00:30:00,6154.4
2019-09-08 00:45:00,6147.3
2019-09-08 01:00:00,6134.6
2019-09-08 01:15:00,6128.7
2019-09-08 01:30:00,6123.9
2019-09-08 01:45:00,6116.5
2019-09-08 02:00:00,6113.3
2019-09-08 02:15:00,6115.5
2019-09-08 02:30:00,6109.6
2019-09-08 02:45:00,6114.7
2019-09-08 03:00:00,6110.3
2019-09-08 03:15:00,6107.9
2019-09-08 03:30:00,6108.3
2019-09-08 03:45:00,6119.2
2019-09-08 04:00:00,6113.6
2019-09-08 04:15:00,6106.3
2019-09-08 04:30:00,6114.2
2019-09-08 04:45:00,6117.7
2019-09-08 05:00:00,6143.2
2019-09-08 05:15:00,6144.5
2019-09-08 05:30:00,6151.1
2019-09-08 05:45:00,6156.6
2019-09-08 06:00:00,6165.8
2019-09-08 06:15:00,6177.4
2019-09-08 06:30:00,6208.3
2019-09-08 06:45:00,6237.2
2019-09-08 07:00:00,6273.8
2019-09-08 07:15:00,6291.8
2019-09-08 07:30:00,6322.7
2019-09-08 07:45:00,6344.8
2019-09-08 08:00:00,6375.5
2019-09-08 08:15:00,6398.9
2019-09-08 08:30:00,6425.4
2019-09-08 08:45:00,6440.7
2019-09-08 09:00:00,6461.8
2019-09-08 09:15:00,6478.2
2019-09-08 09:30:00,6479.0
2019-09-08 09:45:00,6503.5
2019-09-08 10:00:00,6530.3
2019-09-08 10:15:00,6535.2
2019-09-08 10:30:00,6545.6
2019-09-08 10:45:00,6561.1
2019-09-08 11:00:00,6556.3
2019-09-08 11:15:00,6539.6
2019-09-08 11:30:00,6522.7
2019-09-08 11:45:00,6510.9
2019-09-08 12:00:00,6495.6
2019-09-08 12:15:00,6476.8
2019-09-08 12:30:00,6471.5
2019-09-08 12:45:00,6454.0
2019-09-08 13:00:00,6447.3
2019-09-08 13:15:00,6432.0
2019-09-08 13:30:00,6437.1
2019-09-08 13:45:00,6427.2
2019-09-08 14:00:00,6427.9
2019-09-08 14:15:00,6424.3
2019-09-08 14:30:00,6424.4
2019-09-08 14:45:00,6423.2
2019-09-08 15:00:00,6423.9
2019-09-08 15:15:00,6413.6
2019-09-08 15:30:00,6421.4
2019-09-08 15:45:00,6430.4
2019-09-08 16:00:00,6444.8
2019-09-08 16:15:00,6449.5
2019-09-08 16:30:00,6463.5
2019-09-08 16:45:00,6478.8
2019-09-08 17:00:00,6506.0
2019-09-08 17:15:00,6499.6
2019-09-08 17:30:00,6501.2
2019-09-08 17:45:00,6509.5
2019-09-08 18:00:00,6517.2
2019-09-08 18:15:00,6505.0
2019-09-08 18:30:00,6516.3
2019-09-08 18:45:00,6530.3
2019-09-08 19:00:00,6551.7
2019-09-08 19:15:00,6540.6
2019-09-08 19:30:00,6530.6
2019-09-08 19:45:00,6509.3
2019-09-08 20:00:00,6482.5
2019-09-08 20:15:00,6461.4
2019-09-08 20:30:00,6448.2
2019-09-08 20:45:00,6435.7
2019-09-08 21:00:00,6434.2
2019-09-08 21:15:00,6406.4
2019-09-08 21:30:00,6386.9
2019-09-08 21:45:00,6359.8
2019-09-08 22:00:00,6335.7
2019-09-08 22:15:00,6313.2
2019-09-08 22:30:00,6292.6
2019-09-08 22:45:00,6274.4
2019-09-08 23:00:00,6243.3
2019-09-08 23:15:00,6225.6
2019-09-08 23:30:00,6218.0
2019-09-08 23:45:00,6202.1
2019-09-09 00:00:00,6195.0
2019-09-09 00:15:00,6184.0
2019-09-09 00:30:00,6177.5
2019-09-09 00:45:00,6173.3
2019-09-09 01:00:00,6176.3
2019-09-09 01:15:00,6178.2
2019-09-09 01:30:00,6177.4
2019-09-09 01:45:00,6178.9
2019-09-09 02:00:00,6181.2
2019-09-09 02:15:00,6191.0
2019-09-09 02:30:00,6187.5
2019-09-09 02:45:00,6193.2
2019-09-09 03:00:00,6215.9
2019-09-09 03:15:00,6229.9
2019-09-09 03:30:00,6246.6
2019-09-09 03:45:00,6263.9
2019-09-09 04:00:00,6329.2
2019-09-09 04:15:00,6372.0
2019-09-09 04:30:00,6418.2
2019-09-09 04:45:00,6471.1
2019-09-09 05:00:00,6591.2
2019-09-09 05:15:00,6681.1
2019-09-09 05:30:00,6740.8
2019-09-09 05:45:00,6778.6
2019-09-09 06:00:00,6833.4
2019-09-09 06:15:00,6875.0
2019-09-09 06:30:00,6899.0
2019-09-09 06:45:00,6925.6
2019-09-09 07:00:00,6957.2
2019-09-09 07:15:00,6978.7
2019-09-09 07:30:00,6989.8
2019-09-09 07:45:00,6994.0
2019-09-09 08:00:00,6988.9
2019-09-09 08:15:00,7004.4
2019-09-09 08:30:00,7018.8
2019-09-09 08:45:00,7027.7
2019-09-09 09:00:00,7037.8
2019-09-09 09:15:00,7054.2
2019-09-09 09:30:00,7067.7
2019-09-09 09:45:00,7075.6
2019-09-09 10:00:00,7087.3
2019-09-09 10:15:00,7100.4
2019-09-09 10:30:00,7101.1
2019-09-09 10:45:00,7100.5
2019-09-09 11:00:00,7076.1
2019-09-09 11:15:00,7070.5
2019-09-09 11:30:00,7064.6
2019-09-09 11:45:00,7065.7
2019-09-09 12:00:00,7064.5
2019-09-09 12:15:00,7052.9
2019-09-09 12:30:00,7051.4
2019-09-09 12:45:00,7021.7
2019-09-09 13:00:00,7013.3
2019-09-09 13:15:00,7021.3
2019-09-09 13:30:00,7016.7
2019-09-09 13:45:00,7003.5
2019-09-09 14:00:00,6998.4
2019-09-09 14:15:00,6987.1
2019-09-09 14:30:00,6971.5
2019-09-09 14:45:00,6958.1
2019-09-09 15:00:00,6947.8
2019-09-09 15:15:00,6930.4
2019-09-09 15:30:00,6914.5
2019-09-09 15:45:00,6905.1
2019-09-09 16:00:00,6908.7
2019-09-09 16:15:00,6910.3
2019-09-09 16:30:00,6922.1
2019-09-09 16:45:00,6918.2
2019-09-09 17:00:00,6919.1
2019-09-09 17:15:00,6910.1
2019-09-09 17:30:00,6914.9
2019-09-09 17:45:00,6920.2
2019-09-09 18:00:00,6918.8
2019-09-09 18:15:00,6907.9
2019-09-09 18:30:00,6920.1
2019-09-09 18:45:00,6928.6
2019-09-09 19:00:00,6930.4
2019-09-09 19:15:00,6916.3
2019-09-09 19:30:00,6887.3
2019-09-09 19:45:00,6855.3
2019-09-09 20:00:00,6816.4
2019-09-09 20:15:00,6776.7
2019-09-09 20:30:00,6740.5
2019-09-09 20:45:00,6706.1
2019-09-09 21:00:00,6672.1
2019-09-09 21:15:00,6643.8
2019-09-09 21:30:00,6604.2
2019-09-09 21:45:00,6575.1
2019-09-09 22:00:00,6525.1
2019-09-09 22:15:00,6493.3
2019-09-09 22:30:00,6462.8
2019-09-09 22:45:00,6444.5
2019-09-09 23:00:00,6406.4
2019-09-09 23:15:00,6389.8
2019-09-09 23:30:00,6372.6
2019-09-09 23:45:00,6361.7
2019-09-10 00:00:00,6352.7
2019-09-10 00:15:00,6339.2
2019-09-10 00:30:00,6335.4
2019-09-10 00:45:00,6331.5
2019-09-10 01:00:00,6319.9
2019-09-10 01:15:00,6314.2
2019-09-10 01:30:00,6322.6
2019-09-10 01:45:00,6335.3
2019-09-10 02:00:00,6334.0
2019-09-10 02:15:00,6336.3
2019-09-10 02:30:00,6345.3
2019-09-10 02:45:00,6348.1
2019-09-10 03:00:00,6364.2
2019-09-10 03:15:00,6372.3
2019-09-10 03:30:00,6391.6
2019-09-10 03:45:00,6413.9
2019-09-10 04:00:00,6456.1
2019-09-10 04:15:00,6490.8
2019-09-10 04:30:00,6527.0
2019-09-10 04:45:00,6582.6
2019-09-10 05:00:00,6693.7
2019-09-10 05:15:00,6764.7
2019-09-10 05:30:00,6810.1
2019-09-10 05:45:00,6846.7
2019-09-10 06:00:00,6897.9
2019-09-10 06:15:00,6922.5
2019-09-10 06:30:00,6955.3
2019-09-10 06:45:00,6974.1
2019-09-10 07:00:00,6999.8
2019-09-10 07:15:00,7016.6
2019-09-10 07:30:00,7028.4
2019-09-10 07:45:00,7030.2
2019-09-10 08:00:00,7016.2
2019-09-10 08:15:00,7027.3
2019-09-10 08:30:00,7043.7
2019-09-10 08:45:00,7057.4
2019-09-10 09:00:00,7063.0
2019-09-10 09:15:00,7071.1
2019-09-10 09:30:00,7091.5
2019-09-10 09:45:00,7109.3
2019-09-10 10:00:00,7113.1
2019-09-10 10:15:00,7129.6
2019-09-10 10:30:00,7142.1
2019-09-10 10:45:00,7139.1
2019-09-10 11:00:00,7119.8
2019-09-10 11:15:00,7122.2
2019-09-10 11:30:00,7121.7
2019-09-10 11:45:00,7120.7
2019-09-10 12:00:00,7115.6
2019-09-10 12:15:00,7104.9
2019-09-10 12:30:00,7089.6
2019-09-10 12:45:00,7063.0
2019-09-10 13:00:00,7067.6
2019-09-10 13:15:00,7058.3
2019-09-10 13:30:00,7043.5
2019-09-10 13:45:00,7028.4
2019-09-10 14:00:00,7030.7
2019-09-10 14:15:00,7021.2
2019-09-10 14:30:00,6998.5
2019-09-10 14:45:00,6977.2
2019-09-10 15:00:00,6976.9
2019-09-10 15:15:00,6955.4
2019-09-10 15:30:00,6945.3
2019-09-10 15:45:00,6937.8
2019-09-10 16:00:00,6939.3
2019-09-10 16:15:00,6936.4
2019-09-10 16:30:00,6935.1
2019-09-10 16:45:00,6931.4
2019-09-10 17:00:00,6928.5
2019-09-10 17:15:00,6925.6
2019-09-10 17:30:00,6924.5
2019-09-10 17:45:00,6921.0
2019-09-10 18:00:00,6919.0
2019-09-10 18:15:00,6914.8
2019-09-10 18:30:00,6923.5
2019-09-10 18:45:00,6935.2
2019-09-10 19:00:00,6943.5
2019-09-10 19:15:00,6939.4
2019-09-10 19:30:00,6915.8
2019-09-10 19:45:00,6884.8
2019-09-10 20:00:00,6849.4
2019-09-10 20:15:00,6812.9
2019-09-10 20:30:00,6771.0
2019-09-10 20:45:00,6735.8
2019-09-10 21:00:00,6701.4
2019-09-10 21:15:00,6669.1
2019-09-10 21:30:00,6625.0
2019-09-10 21:45:00,6594.5
2019-09-10 22:00:00,6552.1
2019-09-10 22:15:00,6522.8
2019-09-10 22:30:00,6493.6
2019-09-10 22:45:00,6467.8
2019-09-10 23:00:00,6425.4
2019-09-10 23:15:00,6407.0
2019-09-10 23:30:00,6394.0
2019-09-10 23:45:00,6372.4
2019-09-11 00:00:00,6367.1
2019-09-11 00:15:00,6362.4
2019-09-11 00:30:00,6350.8
2019-09-11 00:45:00,6349.2
2019-09-11 01:00:00,6352.6
2019-09-11 01:15:00,6357.8
2019-09-11 01:30:00,6360.1
2019-09-11 01:45:00,6364.9
2019-09-11 02:00:00,6358.1
2019-09-11 02:15:00,6361.7
2019-09-11 02:30:00,6362.8
2019-09-11 02:45:00,6365.9
2019-09-11 03:00:00,6378.4
2019-09-11 03:15:00,6395.9
2019-09-11 03:30:00,6410.3
2019-09-11 03:45:00,6431.2
2019-09-11 04:00:00,6468.4
2019-09-11 04:15:00,6504.6
2019-09-11 04:30:00,6550.0
2019-09-11 04:45:00,6610.3
2019-09-11 05:00:00,6722.9
2019-09-11 05:15:00,6803.6
2019-09-11 05:30:00,6859.6
2019-09-11 05:45:00,6892.9
2019-09-11 06:00:00,6923.9
2019-09-11 06:15:00,6950.6
2019-09-11 06:30:00,6972.7
2019-09-11 06:45:00,6993.6
2019-09-11 07:00:00,7016.2
2019-09-11 07:15:00,7024.9
2019-09-11 07:30:00,7040.9
2019-09-11 07:45:00,7038.8
2019-09-11 08:00:00,7003.9
2019-09-11 08:15:00,7013.2
2019-09-11 08:30:00,7027.8
2019-09-11 08:45:00,7039.9
2019-09-11 09:00:00,7034.5
2019-09-11 09:15:00,7042.9
2019-09-11 09:30:00,7060.2
2019-09-11 09:45:00,7071.4
2019-09-11 10:00:00,7073.4
2019-09-11 10:15:00,7079.6
2019-09-11 10:30:00,7093.9
2019-09-11 10:45:00,7102.5
2019-09-11 11:00:00,7098.5
2019-09-11 11:15:00,7096.4
2019-09-11 11:30:00,7099.2
2019-09-11 11:45:00,7108.3
2019-09-11 12:00:00,7105.8
2019-09-11 12:15:00,7088.5
2019-09-11 12:30:00,7082.8
2019-09-11 12:45:00,7061.5
2019-09-11 13:00:00,7057.1
2019-09-11 13:15:00,7050.3
2019-09-11 13:30:00,7040.0
2019-09-11 13:45:00,7035.0
2019-09-11 14:00:00,7038.1
2019-09-11 14:15:00,7029.3
2019-09-11 14:30:00,7014.3
2019-09-11 14:45:00,6999.4
2019-09-11 15:00:00,6995.6
2019-09-11 15:15:00,6982.1
2019-09-11 15:30:00,6967.4
2019-09-11 15:45:00,6963.1
2019-09-11 16:00:00,6964.2
2019-09-11 16:15:00,6958.9
2019-09-11 16:30:00,6962.6
2019-09-11 16:45:00,6967.8
2019-09-11 17:00:00,6973.9
2019-09-11 17:15:00,6966.9
2019-09-11 17:30:00,6964.3
2019-09-11 17:45:00,6972.0
2019-09-11 18:00:00,6977.4
2019-09-11 18:15:00,6975.9
2019-09-11 18:30:00,6984.2
2019-09-11 18:45:00,6996.8
2019-09-11 19:00:00,7007.4
2019-09-11 19:15:00,6980.4
2019-09-11 19:30:00,6952.0
2019-09-11 19:45:00,6919.1
2019-09-11 20:00:00,6873.8
2019-09-11 20:15:00,6846.9
2019-09-11 20:30:00,6809.5
2019-09-11 20:45:00,6775.0
2019-09-11 21:00:00,6735.4
2019-09-11 21:15:00,6700.8
2019-09-11 21:30:00,6656.4
2019-09-11 21:45:00,6620.8
2019-09-11 22:00:00,6582.3
2019-09-11 22:15:00,6560.6
2019-09-11 22:30:00,6533.6
2019-09-11 22:45:00,6516.3
2019-09-11 23:00:00,6489.4
2019-09-11 23:15:00,6462.6
2019-09-11 23:30:00,6444.4
2019-09-11 23:45:00,6429.8
2019-09-12 00:00:00,6413.2
2019-09-12 00:15:00,6396.7
2019-09-12 00:30:00,6384.4
2019-09-12 00:45:00,6387.4
2019-09-12 01:00:00,6373.6
2019-09-12 01:15:00,6365.9
2019-09-12 01:30:00,6368.6
2019-09-12 01:45:00,6366.5
2019-09-12 02:00:00,6365.7
2019-09-12 02:15:00,6356.5
2019-09-12 02:30:00,6351.6
2019-09-12 02:45:00,6354.9
2019-09-12 03:00:00,6371.7
2019-09-12 03:15:00,6383.7
2019-09-12 03:30:00,6394.7
2019-09-12 03:45:00,6416.0
2019-09-12 04:00:00,6475.3
2019-09-12 04:15:00,6493.3
2019-09-12 04:30:00,6541.6
2019-09-12 04:45:00,6596.3
2019-09-12 05:00:00,6693.2
2019-09-12 05:15:00,6772.2
2019-09-12 05:30:00,6824.8
2019-09-12 05:45:00,6863.3
2019-09-12 06:00:00,6908.5
2019-09-12 06:15:00,6941.5
2019-09-12 06:30:00,6962.1
2019-09-12 06:45:00,6985.6
2019-09-12 07:00:00,7009.9
2019-09-12 07:15:00,7026.0
2019-09-12 07:30:00,7027.1
2019-09-12 07:45:00,7028.8
2019-09-12 08:00:00,7015.6
2019-09-12 08:15:00,7023.3
2019-09-12 08:30:00,7032.0
2019-09-12 08:45:00,7037.8
2019-09-12 09:00:00,7047.2
2019-09-12 09:15:00,7053.6
2019-09-12 09:30:00,7066.3
2019-09-12 09:45:00,7071.8
2019-09-12 10:00:00,7073.3
2019-09-12 10:15:00,7083.2
2019-09-12 10:30:00,7098.5
2019-09-12 10:45:00,7103.2
2019-09-12 11:00:00,7086.1
2019-09-12 11:15:00,7078.1
2019-09-12 11:30:00,7078.6
2019-09-12 11:45:00,7083.6
2019-09-12 12:00:00,7085.5
2019-09-12 12:15:00,7084.5
2019-09-12 12:30:00,7070.6
2019-09-12 12:45:00,7051.6
2019-09-12 13:00:00,7054.9
2019-09-12 13:15:00,7058.0
2019-09-12 13:30:00,7046.8
2019-09-12 13:45:00,7037.8
2019-09-12 14:00:00,7033.1
2019-09-12 14:15:00,7023.7
2019-09-12 14:30:00,7009.6
2019-09-12 14:45:00,6993.5
2019-09-12 15:00:00,6975.1
2019-09-12 15:15:00,6968.8
2019-09-12 15:30:00,6950.2
2019-09-12 15:45:00,6948.2
2019-09-12 16:00:00,6940.7
2019-09-12 16:15:00,6935.5
2019-09-12 16:30:00,6926.1
2019-09-12 16:45:00,6931.2
2019-09-12 17:00:00,6932.6
2019-09-12 17:15:00,6919.2
2019-09-12 17:30:00,6916.7
2019-09-12 17:45:00,6929.3
2019-09-12 18:00:00,6933.2
2019-09-12 18:15:00,6921.8
2019-09-12 18:30:00,6927.6
2019-09-12 18:45:00,6942.9
2019-09-12 19:00:00,6955.4
2019-09-12 19:15:00,6940.3
2019-09-12 19:30:00,6918.7
2019-09-12 19:45:00,6891.5
2019-09-12 20:00:00,6862.3
2019-09-12 20:15:00,6828.2
2019-09-12 20:30:00,6789.7
2019-09-12 20:45:00,6757.8
2019-09-12 21:00:00,6737.0
2019-09-12 21:15:00,6693.0
2019-09-12 21:30:00,6659.4
2019-09-12 21:45:00,6629.1
2019-09-12 22:00:00,6600.6
2019-09-12 22:15:00,6569.9
2019-09-12 22:30:00,6540.6
2019-09-12 22:45:00,6518.2
2019-09-12 23:00:00,6469.8
2019-09-12 23:15:00,6442.5
2019-09-12 23:30:00,6430.5
2019-09-12 23:45:00,6425.8
2019-09-13 00:00:00,6413.6
2019-09-13 00:15:00,6401.8
2019-09-13 00:30:00,6404.1
2019-09-13 00:45:00,6406.8
2019-09-13 01:00:00,6402.6
2019-09-13 01:15:00,6398.6
2019-09-13 01:30:00,6405.0
2019-09-13 01:45:00,6415.9
2019-09-13 02:00:00,6425.8
2019-09-13 02:15:00,6420.9
2019-09-13 02:30:00,6441.7
2019-09-13 02:45:00,6439.7
2019-09-13 03:00:00,6433.2
2019-09-13 03:15:00,6435.9
2019-09-13 03:30:00,6440.1
2019-09-13 03:45:00,6466.9
2019-09-13 04:00:00,6502.4
2019-09-13 04:15:00,6525.7
2019-09-13 04:30:00,6570.5
2019-09-13 04:45:00,6628.5
2019-09-13 05:00:00,6735.0
2019-09-13 05:15:00,6822.3
2019-09-13 05:30:00,6877.9
2019-09-13 05:45:00,6916.3
2019-09-13 06:00:00,6960.4
2019-09-13 06:15:00,6982.9
2019-09-13 06:30:00,7004.9
2019-09-13 06:45:00,7021.5
2019-09-13 07:00:00,7049.9
2019-09-13 07:15:00,7062.0
2019-09-13 07:30:00,7075.2
2019-09-13 07:45:00,7078.5
2019-09-13 08:00:00,7070.4
2019-09-13 08:15:00,7082.2
2019-09-13 08:30:00,7094.1
2019-09-13 08:45:00,7114.0
2019-09-13 09:00:00,7119.6
2019-09-13 09:15:00,7125.7
2019-09-13 09:30:00,7144.4
2019-09-13 09:45:00,7162.5
2019-09-13 10:00:00,7164.6
2019-09-13 10:15:00,7164.3
2019-09-13 10:30:00,7173.7
2019-09-13 10:45:00,7177.3
2019-09-13 11:00:00,7147.0
2019-09-13 11:15:00,7133.7
2019-09-13 11:30:00,7117.9
2019-09-13 11:45:00,7106.6
2019-09-13 12:00:00,7103.5
2019-09-13 12:15:00,7086.3
2019-09-13 12:30:00,7068.0
2019-09-13 12:45:00,7056.6
2019-09-13 13:00:00,7050.4
2019-09-13 13:15:00,7043.8
2019-09-13 13:30:00,7020.4
2019-09-13 13:45:00,7007.7
2019-09-13 14:00:00,7002.2
2019-09-13 14:15:00,6981.2
2019-09-13 14:30:00,6963.5
2019-09-13 14:45:00,6946.9
2019-09-13 15:00:00,6951.9
2019-09-13 15:15:00,6941.8
2019-09-13 15:30:00,6914.5
2019-09-13 15:45:00,6907.5
2019-09-13 16:00:00,6913.7
2019-09-13 16:15:00,6910.1
2019-09-13 16:30:00,6911.1
2019-09-13 16:45:00,6902.6
2019-09-13 17:00:00,6896.8
2019-09-13 17:15:00,6883.4
2019-09-13 17:30:00,6878.3
2019-09-13 17:45:00,6884.2
2019-09-13 18:00:00,6882.3
2019-09-13 18:15:00,6872.3
2019-09-13 18:30:00,6881.1
2019-09-13 18:45:00,6902.0
2019-09-13 19:00:00,6905.2
2019-09-13 19:15:00,6879.0
2019-09-13 19:30:00,6848.7
2019-09-13 19:45:00,6806.4
2019-09-13 20:00:00,6757.9
2019-09-13 20:15:00,6722.3
2019-09-13 20:30:00,6685.9
2019-09-13 20:45:00,6651.1
2019-09-13 21:00:00,6620.5
2019-09-13 21:15:00,6587.4
2019-09-13 21:30:00,6552.8
2019-09-13 21:45:00,6529.4
2019-09-13 22:00:00,6495.4
2019-09-13 22:15:00,6460.4
2019-09-13 22:30:00,6435.7
2019-09-13 22:45:00,6412.9
2019-09-13 23:00:00,6377.1
2019-09-13 23:15:00,6359.5
2019-09-13 23:30:00,6346.9
2019-09-13 23:45:00,6325.9
2019-09-14 00:00:00,6309.4
2019-09-14 00:15:00,6287.9
2019-09-14 00:30:00,6276.6
2019-09-14 00:45:00,6270.6
2019-09-14 01:00:00,6250.1
2019-09-14 01:15:00,6245.3
2019-09-14 01:30:00,6237.9
2019-09-14 01:45:00,6227.0
2019-09-14 02:00:00,6230.0
2019-09-14 02:15:00,6227.8
2019-09-14 02:30:00,6220.5
2019-09-14 02:45:00,6221.8
2019-09-14 03:00:00,6233.0
2019-09-14 03:15:00,6232.8
2019-09-14 03:30:00,6232.8
2019-09-14 03:45:00,6241.5
2019-09-14 04:00:00,6255.8
2019-09-14 04:15:00,6257.5
2019-09-14 04:30:00,6259.3
2019-09-14 04:45:00,6275.0
2019-09-14 05:00:00,6319.5
2019-09-14 05:15:00,6349.5
2019-09-14 05:30:00,6348.1
2019-09-14 05:45:00,6348.1
2019-09-14 06:00:00,6390.2
2019-09-14 06:15:00,6409.5
2019-09-14 06:30:00,6441.7
2019-09-14 06:45:00,6467.0
2019-09-14 07:00:00,6505.9
2019-09-14 07:15:00,6533.2
2019-09-14 07:30:00,6560.1
2019-09-14 07:45:00,6579.9
2019-09-14 08:00:00,6597.7
2019-09-14 08:15:00,6613.0
2019-09-14 08:30:00,6637.1
2019-09-14 08:45:00,6657.1
2019-09-14 09:00:00,6658.5
2019-09-14 09:15:00,6673.2
2019-09-14 09:30:00,6684.4
2019-09-14 09:45:00,6687.1
2019-09-14 10:00:00,6704.0
2019-09-14 10:15:00,6706.1
2019-09-14 10:30:00,6709.2
2019-09-14 10:45:00,6707.9
2019-09-14 11:00:00,6697.7
2019-09-14 11:15:00,6690.0
2019-09-14 11:30:00,6674.9
2019-09-14 11:45:00,6661.4
2019-09-14 12:00:00,6650.8
2019-09-14 12:15:00,6632.2
2019-09-14 12:30:00,6617.4
2019-09-14 12:45:00,6598.8
2019-09-14 13:00:00,6585.6
2019-09-14 13:15:00,6571.4
2019-09-14 13:30:00,6558.7
2019-09-14 13:45:00,6552.6
2019-09-14 14:00:00,6549.8
2019-09-14 14:15:00,6550.4
2019-09-14 14:30:00,6540.6
2019-09-14 14:45:00,6535.8
2019-09-14 15:00:00,6534.3
2019-09-14 15:15:00,6535.3
2019-09-14 15:30:00,6532.1
2019-09-14 15:45:00,6523.2
2019-09-14 16:00:00,6537.3
2019-09-14 16:15:00,6548.2
2019-09-14 16:30:00,6549.8
2019-09-14 16:45:00,6553.7
2019-09-14 17:00:00,6569.6
2019-09-14 17:15:00,6564.9
2019-09-14 17:30:00,6564.3
2019-09-14 17:45:00,6560.7
2019-09-14 18:00:00,6562.2
2019-09-14 18:15:00,6565.2
2019-09-14 18:30:00,6572.8
2019-09-14 18:45:00,6589.2
2019-09-14 19:00:00,6604.2
2019-09-14 19:15:00,6583.8
2019-09-14 19:30:00,6555.0
2019-09-14 19:45:00,6538.6
2019-09-14 20:00:00,6509.5
2019-09-14 20:15:00,6484.3
2019-09-14 20:30:00,6450.1
2019-09-14 20:45:00,6440.6
2019-09-14 21:00:00,6425.6
2019-09-14 21:15:00,6405.0
2019-09-14 21:30:00,6373.2
2019-09-14 21:45:00,6356.4
2019-09-14 22:00:00,6328.7
2019-09-14 22:15:00,6308.7
2019-09-14 22:30:00,6279.2
2019-09-14 22:45:00,6271.5
2019-09-14 23:00:00,6250.0
2019-09-14 23:15:00,6243.3
2019-09-14 23:30:00,6228.6
2019-09-14 23:45:00,6219.9
2019-09-15 00:00:00,6202.7
2019-09-15 00:15:00,6190.0
2019-09-15 00:30:00,6181.0
2019-09-15 00:45:00,6181.2
2019-09-15 01:00:00,6172.7
2019-09-15 01:15:00,6163.6
2019-09-15 01:30:00,6158.1
2019-09-15 01:45:00,6167.5
2019-09-15 02:00:00,6161.1
2019-09-15 02:15:00,6159.4
2019-09-15 02:30:00,6154.9
2019-09-15 02:45:00,6155.4
2019-09-15 03:00:00,6154.9
2019-09-15 03:15:00,6154.8
2019-09-15 03:30:00,6159.1
2019-09-15 03:45:00,6159.5
2019-09-15 04:00:00,6178.7
2019-09-15 04:15:00,6179.7
2019-09-15 04:30:00,6184.4
2019-09-15 04:45:00,6190.6
2019-09-15 05:00:00,6206.0
2019-09-15 05:15:00,6210.6
2019-09-15 05:30:00,6215.8
2019-09-15 05:45:00,6216.6
2019-09-15 06:00:00,6235.5
2019-09-15 06:15:00,6261.8
2019-09-15 06:30:00,6286.4
2019-09-15 06:45:00,6317.4
2019-09-15 07:00:00,6350.3
2019-09-15 07:15:00,6372.4
2019-09-15 07:30:00,6402.9
2019-09-15 07:45:00,6423.2
2019-09-15 08:00:00,6448.7
2019-09-15 08:15:00,6464.6
2019-09-15 08:30:00,6485.1
2019-09-15 08:45:00,6509.5
2019-09-15 09:00:00,6509.5
2019-09-15 09:15:00,6524.5
2019-09-15 09:30:00,6551.9
2019-09-15 09:45:00,6561.8
2019-09-15 10:00:00,6570.5
2019-09-15 10:15:00,6580.4
2019-09-15 10:30:00,6594.6
2019-09-15 10:45:00,6596.2
2019-09-15 11:00:00,6593.0
2019-09-15 11:15:00,6587.0
2019-09-15 11:30:00,6577.7
2019-09-15 11:45:00,6566.2
2019-09-15 12:00:00,6556.0
2019-09-15 12:15:00,6544.3
2019-09-15 12:30:00,6536.8
2019-09-15 12:45:00,6517.9
2019-09-15 13:00:00,6511.9
2019-09-15 13:15:00,6498.0
2019-09-15 13:30:00,6490.5
2019-09-15 13:45:00,6482.5
2019-09-15 14:00:00,6481.1
2019-09-15 14:15:00,6472.0
2019-09-15 14:30:00,6464.7
2019-09-15 14:45:00,6457.1
2019-09-15 15:00:00,6464.2
2019-09-15 15:15:00,6456.6
2019-09-15 15:30:00,6469.4
2019-09-15 15:45:00,6478.2
2019-09-15 16:00:00,6502.1
2019-09-15 16:15:00,6510.0
2019-09-15 16:30:00,6516.0
2019-09-15 16:45:00,6522.4
2019-09-15 17:00:00,6552.6
2019-09-15 17:15:00,6552.9
2019-09-15 17:30:00,6557.1
2019-09-15 17:45:00,6563.4
2019-09-15 18:00:00,6567.8
2019-09-15 18:15:00,6568.2
2019-09-15 18:30:00,6585.6
2019-09-15 18:45:00,6608.3
2019-09-15 19:00:00,6631.0
2019-09-15 19:15:00,6616.1
2019-09-15 19:30:00,6592.7
2019-09-15 19:45:00,6571.3
2019-09-15 20:00:00,6553.8
2019-09-15 20:15:00,6521.4
2019-09-15 20:30:00,6513.4
2019-09-15 20:45:00,6509.7
2019-09-15 21:00:00,6497.8
2019-09-15 21:15:00,6468.9
2019-09-15 21:30:00,6441.8
2019-09-15 21:45:00,6421.6
2019-09-15 22:00:00,6387.3
2019-09-15 22:15:00,6360.0
2019-09-15 22:30:00,6343.2
2019-09-15 22:45:00,6328.9
2019-09-15 23:00:00,6301.9
2019-09-15 23:15:00,6286.1
2019-09-15 23:30:00,6270.6
2019-09-15 23:45:00,6266.3
2019-09-16 00:00:00,6255.5
2019-09-16 00:15:00,6245.2
2019-09-16 00:30:00,6241.1
2019-09-16 00:45:00,6230.7
2019-09-16 01:00:00,6222.4
2019-09-16 01:15:00,6211.4
2019-09-16 01:30:00,6210.2
2019-09-16 01:45:00,6212.2
2019-09-16 02:00:00,6213.6
2019-09-16 02:15:00,6211.5
2019-09-16 02:30:00,6215.3
2019-09-16 02:45:00,6223.4
2019-09-16 03:00:00,6252.7
2019-09-16 03:15:00,6257.1
2019-09-16 03:30:00,6280.9
2019-09-16 03:45:00,6313.9
2019-09-16 04:00:00,6363.8
2019-09-16 04:15:00,6390.2
2019-09-16 04:30:00,6443.9
2019-09-16 04:45:00,6505.9
2019-09-16 05:00:00,6631.4
2019-09-16 05:15:00,6710.5
2019-09-16 05:30:00,6772.9
2019-09-16 05:45:00,6814.3
2019-09-16 06:00:00,6869.9
2019-09-16 06:15:00,6895.1
2019-09-16 06:30:00,6920.0
2019-09-16 06:45:00,6953.5
2019-09-16 07:00:00,6978.2
2019-09-16 07:15:00,6975.7
2019-09-16 07:30:00,6991.7
2019-09-16 07:45:00,6998.9
2019-09-16 08:00:00,6986.2
2019-09-16 08:15:00,6995.0
2019-09-16 08:30:00,7006.0
2019-09-16 08:45:00,7025.1
2019-09-16 09:00:00,7029.0
2019-09-16 09:15:00,7039.0
2019-09-16 09:30:00,7053.3
2019-09-16 09:45:00,7066.9
2019-09-16 10:00:00,7073.3
2019-09-16 10:15:00,7088.4
2019-09-16 10:30:00,7096.3
2019-09-16 10:45:00,7098.7
2019-09-16 11:00:00,7084.6
2019-09-16 11:15:00,7074.6
2019-09-16 11:30:00,7074.3
2019-09-16 11:45:00,7074.3
2019-09-16 12:00:00,7075.3
2019-09-16 12:15:00,7062.4
2019-09-16 12:30:00,7054.5
2019-09-16 12:45:00,7044.4
2019-09-16 13:00:00,7037.6
2019-09-16 13:15:00,7045.2
2019-09-16 13:30:00,7028.2
2019-09-16 13:45:00,7019.9
2019-09-16 14:00:00,7013.7
2019-09-16 14:15:00,7007.7
2019-09-16 14:30:00,7002.0
2019-09-16 14:45:00,6990.5
2019-09-16 15:00:00,6982.3
2019-09-16 15:15:00,6967.5
2019-09-16 15:30:00,6959.5
2019-09-16 15:45:00,6958.6
2019-09-16 16:00:00,6964.7
2019-09-16 16:15:00,6959.4
2019-09-16 16:30:00,6958.5
2019-09-16 16:45:00,6957.0
2019-09-16 17:00:00,6955.4
2019-09-16 17:15:00,6950.5
2019-09-16 17:30:00,6954.9
2019-09-16 17:45:00,6957.3
2019-09-16 18:00:00,6956.1
2019-09-16 18:15:00,6957.5
2019-09-16 18:30:00,6977.1
2019-09-16 18:45:00,6987.0
2019-09-16 19:00:00,6969.7
2019-09-16 19:15:00,6937.3
2019-09-16 19:30:00,6916.4
2019-09-16 19:45:00,6886.7
2019-09-16 20:00:00,6840.3
2019-09-16 20:15:00,6811.9
2019-09-16 20:30:00,6775.8
2019-09-16 20:45:00,6743.0
2019-09-16 21:00:00,6697.9
2019-09-16 21:15:00,6669.7
2019-09-16 21:30:00,6639.7
2019-09-16 21:45:00,6602.1
2019-09-16 22:00:00,6561.2
2019-09-16 22:15:00,6531.6
2019-09-16 22:30:00,6510.0
2019-09-16 22:45:00,6486.8
2019-09-16 23:00:00,6470.7
2019-09-16 23:15:00,6449.5
2019-09-16 23:30:00,6442.0
2019-09-16 23:45:00,6436.5
2019-09-17 00:00:00,6417.9
2019-09-17 00:15:00,6405.1
2019-09-17 00:30:00,6393.1
2019-09-17 00:45:00,6389.1
2019-09-17 01:00:00,6370.9
2019-09-17 01:15:00,6362.9
2019-09-17 01:30:00,6361.6
2019-09-17 01:45:00,6369.6
2019-09-17 02:00:00,6366.2
2019-09-17 02:15:00,6369.2
2019-09-17 02:30:00,6374.5
2019-09-17 02:45:00,6389.2
2019-09-17 03:00:00,6399.0
2019-09-17 03:15:00,6407.3
2019-09-17 03:30:00,6421.0
2019-09-17 03:45:00,6441.5
2019-09-17 04:00:00,6491.9
2019-09-17 04:15:00,6507.7
2019-09-17 04:30:00,6560.5
2019-09-17 04:45:00,6614.9
2019-09-17 05:00:00,6735.1
2019-09-17 05:15:00,6801.6
2019-09-17 05:30:00,6860.5
2019-09-17 05:45:00,6899.6
2019-09-17 06:00:00,6954.2
2019-09-17 06:15:00,6978.6
2019-09-17 06:30:00,6994.5
2019-09-17 06:45:00,7016.5
2019-09-17 07:00:00,7040.1
2019-09-17 07:15:00,7058.2
2019-09-17 07:30:00,7066.6
2019-09-17 07:45:00,7065.7
2019-09-17 08:00:00,7061.6
2019-09-17 08:15:00,7072.7
2019-09-17 08:30:00,7086.8
2019-09-17 08:45:00,7098.8
2019-09-17 09:00:00,7098.5
2019-09-17 09:15:00,7110.4
2019-09-17 09:30:00,7124.5
2019-09-17 09:45:00,7145.2
2019-09-17 10:00:00,7146.8
2019-09-17 10:15:00,7166.1
2019-09-17 10:30:00,7177.5
2019-09-17 10:45:00,7185.5
2019-09-17 11:00:00,7154.0
2019-09-17 11:15:00,7153.1
2019-09-17 11:30:00,7159.1
2019-09-17 11:45:00,7155.5
2019-09-17 12:00:00,7148.6
2019-09-17 12:15:00,7138.3
2019-09-17 12:30:00,7132.3
2019-09-17 12:45:00,7114.5
2019-09-17 13:00:00,7111.7
2019-09-17 13:15:00,7107.0
2019-09-17 13:30:00,7101.3
2019-09-17 13:45:00,7086.5
2019-09-17 14:00:00,7096.4
2019-09-17 14:15:00,7076.5
2019-09-17 14:30:00,7065.8
2019-09-17 14:45:00,7050.8
2019-09-17 15:00:00,7037.9
2019-09-17 15:15:00,7033.0
2019-09-17 15:30:00,7022.4
2019-09-17 15:45:00,7015.7
2019-09-17 16:00:00,7014.4
2019-09-17 16:15:00,7016.0
2019-09-17 16:30:00,7018.6
2019-09-17 16:45:00,7017.9
2019-09-17 17:00:00,7014.0
2019-09-17 17:15:00,7006.8
2019-09-17 17:30:00,7007.4
2019-09-17 17:45:00,7004.3
2019-09-17 18:00:00,7017.0
2019-09-17 18:15:00,7022.4
2019-09-17 18:30:00,7038.2
2019-09-17 18:45:00,7056.6
2019-09-17 19:00:00,7056.4
2019-09-17 19:15:00,7032.7
2019-09-17 19:30:00,6996.2
2019-09-17 19:45:00,6963.8
2019-09-17 20:00:00,6919.8
2019-09-17 20:15:00,6893.7
2019-09-17 20:30:00,6857.3
2019-09-17 20:45:00,6815.3
2019-09-17 21:00:00,6774.0
2019-09-17 21:15:00,6733.0
2019-09-17 21:30:00,6697.9
2019-09-17 21:45:00,6663.6
2019-09-17 22:00:00,6618.5
2019-09-17 22:15:00,6592.5
2019-09-17 22:30:00,6566.6
2019-09-17 22:45:00,6542.7
2019-09-17 23:00:00,6507.8
2019-09-17 23:15:00,6482.5
2019-09-17 23:30:00,6470.6
2019-09-17 23:45:00,6459.4
2019-09-18 00:00:00,6437.8
2019-09-18 00:15:00,6421.6
2019-09-18 00:30:00,6408.0
2019-09-18 00:45:00,6399.5
2019-09-18 01:00:00,6383.7
2019-09-18 01:15:00,6381.8
2019-09-18 01:30:00,6380.1
2019-09-18 01:45:00,6378.0
2019-09-18 02:00:00,6386.0
2019-09-18 02:15:00,6389.0
2019-09-18 02:30:00,6389.0
2019-09-18 02:45:00,6391.7
2019-09-18 03:00:00,6416.3
2019-09-18 03:15:00,6422.1
2019-09-18 03:30:00,6429.9
2019-09-18 03:45:00,6443.7
2019-09-18 04:00:00,6498.5
2019-09-18 04:15:00,6527.9
2019-09-18 04:30:00,6569.6
2019-09-18 04:45:00,6621.1
2019-09-18 05:00:00,6742.9
2019-09-18 05:15:00,6824.4
2019-09-18 05:30:00,6884.0
2019-09-18 05:45:00,6925.4
2019-09-18 06:00:00,6958.1
2019-09-18 06:15:00,6976.9
2019-09-18 06:30:00,6991.7
2019-09-18 06:45:00,7017.9
2019-09-18 07:00:00,7027.7
2019-09-18 07:15:00,7043.0
2019-09-18 07:30:00,7046.5
2019-09-18 07:45:00,7050.9
2019-09-18 08:00:00,7036.9
2019-09-18 08:15:00,7047.4
2019-09-18 08:30:00,7058.8
2019-09-18 08:45:00,7077.2
2019-09-18 09:00:00,7072.3
2019-09-18 09:15:00,7079.6
2019-09-18 09:30:00,7083.6
2019-09-18 09:45:00,7108.1
2019-09-18 10:00:00,7103.4
2019-09-18 10:15:00,7105.8
2019-09-18 10:30:00,7111.9
2019-09-18 10:45:00,7118.0
2019-09-18 11:00:00,7097.7
2019-09-18 11:15:00,7092.5
2019-09-18 11:30:00,7084.0
2019-09-18 11:45:00,7084.6
2019-09-18 12:00:00,7087.7
2019-09-18 12:15:00,7088.9
2019-09-18 12:30:00,7091.5
2019-09-18 12:45:00,7073.5
2019-09-18 13:00:00,7069.5
2019-09-18 13:15:00,7060.3
2019-09-18 13:30:00,7043.0
2019-09-18 13:45:00,7036.5
2019-09-18 14:00:00,7028.8
2019-09-18 14:15:00,7021.4
2019-09-18 14:30:00,7003.0
2019-09-18 14:45:00,6988.9
2019-09-18 15:00:00,6993.7
2019-09-18 15:15:00,6977.9
2019-09-18 15:30:00,6960.1
2019-09-18 15:45:00,6946.7
2019-09-18 16:00:00,6963.8
2019-09-18 16:15:00,6961.4
2019-09-18 16:30:00,6958.5
2019-09-18 16:45:00,6950.0
2019-09-18 17:00:00,6945.1
2019-09-18 17:15:00,6942.9
2019-09-18 17:30:00,6934.3
2019-09-18 17:45:00,6945.7
2019-09-18 18:00:00,6951.5
2019-09-18 18:15:00,6949.3
2019-09-18 18:30:00,6978.2
2019-09-18 18:45:00,6999.6
2019-09-18 19:00:00,6985.2
2019-09-18 19:15:00,6950.9
2019-09-18 19:30:00,6907.3
2019-09-18 19:45:00,6874.3
2019-09-18 20:00:00,6841.2
2019-09-18 20:15:00,6804.4
2019-09-18 20:30:00,6769.2
2019-09-18 20:45:00,6739.7
2019-09-18 21:00:00,6706.3
2019-09-18 21:15:00,6670.9
2019-09-18 21:30:00,6633.4
2019-09-18 21:45:00,6606.2
2019-09-18 22:00:00,6581.8
2019-09-18 22:15:00,6554.6
2019-09-18 22:30:00,6527.8
2019-09-18 22:45:00,6505.0
2019-09-18 23:00:00,6467.4
2019-09-18 23:15:00,6454.2
2019-09-18 23:30:00,6443.2
2019-09-18 23:45:00,6424.0
2019-09-19 00:00:00,6397.0
2019-09-19 00:15:00,6385.9
2019-09-19 00:30:00,6377.4
2019-09-19 00:45:00,6367.7
2019-09-19 01:00:00,6359.8
2019-09-19 01:15:00,6350.2
2019-09-19 01:30:00,6350.8
2019-09-19 01:45:00,6341.9
2019-09-19 02:00:00,6363.4
2019-09-19 02:15:00,6367.2
2019-09-19 02:30:00,6367.5
2019-09-19 02:45:00,6369.6
2019-09-19 03:00:00,6383.0
2019-09-19 03:15:00,6393.7
2019-09-19 03:30:00,6410.2
2019-09-19 03:45:00,6440.4
2019-09-19 04:00:00,6476.4
2019-09-19 04:15:00,6508.2
2019-09-19 04:30:00,6540.4
2019-09-19 04:45:00,6590.7
2019-09-19 05:00:00,6722.3
2019-09-19 05:15:00,6801.2
2019-09-19 05:30:00,6854.5
2019-09-19 05:45:00,6890.9
2019-09-19 06:00:00,6912.9
2019-09-19 06:15:00,6931.7
2019-09-19 06:30:00,6951.6
2019-09-19 06:45:00,6971.8
2019-09-19 07:00:00,7001.6
2019-09-19 07:15:00,7012.9
2019-09-19 07:30:00,7017.7
2019-09-19 07:45:00,7027.9
2019-09-19 08:00:00,7003.8
2019-09-19 08:15:00,7020.8
2019-09-19 08:30:00,7035.2
2019-09-19 08:45:00,7044.2
2019-09-19 09:00:00,7034.4
2019-09-19 09:15:00,7040.1
2019-09-19 09:30:00,7046.1
2019-09-19 09:45:00,7057.4
2019-09-19 10:00:00,7078.1
2019-09-19 10:15:00,7098.8
2019-09-19 10:30:00,7114.1
2019-09-19 10:45:00,7125.8
2019-09-19 11:00:00,7095.7
2019-09-19 11:15:00,7098.0
2019-09-19 11:30:00,7085.0
2019-09-19 11:45:00,7081.2
2019-09-19 12:00:00,7058.4
2019-09-19 12:15:00,7050.7
2019-09-19 12:30:00,7040.4
2019-09-19 12:45:00,7020.0
2019-09-19 13:00:00,7015.1
2019-09-19 13:15:00,7014.2
2019-09-19 13:30:00,7005.1
2019-09-19 13:45:00,6988.5
2019-09-19 14:00:00,6994.6
2019-09-19 14:15:00,6973.4
2019-09-19 14:30:00,6962.3
2019-09-19 14:45:00,6948.8
2019-09-19 15:00:00,6935.2
2019-09-19 15:15:00,6930.7
2019-09-19 15:30:00,6916.8
2019-09-19 15:45:00,6911.3
2019-09-19 16:00:00,6912.1
2019-09-19 16:15:00,6904.1
2019-09-19 16:30:00,6905.4
2019-09-19 16:45:00,6906.6
2019-09-19 17:00:00,6907.9
2019-09-19 17:15:00,6904.2
2019-09-19 17:30:00,6906.2
2019-09-19 17:45:00,6916.7
2019-09-19 18:00:00,6940.3
2019-09-19 18:15:00,6945.9
2019-09-19 18:30:00,6973.6
2019-09-19 18:45:00,6995.9
2019-09-19 19:00:00,6984.9
2019-09-19 19:15:00,6956.7
2019-09-19 19:30:00,6919.7
2019-09-19 19:45:00,6884.6
2019-09-19 20:00:00,6824.1
2019-09-19 20:15:00,6787.5
2019-09-19 20:30:00,6754.4
2019-09-19 20:45:00,6719.0
2019-09-19 21:00:00,6697.7
2019-09-19 21:15:00,6668.1
2019-09-19 21:30:00,6630.4
2019-09-19 21:45:00,6596.9
2019-09-19 22:00:00,6557.1
2019-09-19 22:15:00,6525.4
2019-09-19 22:30:00,6504.6
2019-09-19 22:45:00,6479.2
2019-09-19 23:00:00,6438.4
2019-09-19 23:15:00,6418.1
2019-09-19 23:30:00,6400.1
2019-09-19 23:45:00,6391.2
2019-09-20 00:00:00,6384.8
2019-09-20 00:15:00,6375.0
2019-09-20 00:30:00,6367.1
2019-09-20 00:45:00,6356.2
2019-09-20 01:00:00,6344.8
2019-09-20 01:15:00,6353.5
2019-09-20 01:30:00,6352.7
2019-09-20 01:45:00,6355.8
2019-09-20 02:00:00,6362.1
2019-09-20 02:15:00,6367.7
2019-09-20 02:30:00,6370.6
2019-09-20 02:45:00,6375.2
2019-09-20 03:00:00,6392.9
2019-09-20 03:15:00,6407.9
2019-09-20 03:30:00,6418.6
2019-09-20 03:45:00,6440.1
2019-09-20 04:00:00,6485.8
2019-09-20 04:15:00,6519.3
2019-09-20 04:30:00,6560.7
2019-09-20 04:45:00,6616.3
2019-09-20 05:00:00,6712.4
2019-09-20 05:15:00,6780.8
2019-09-20 05:30:00,6841.0
2019-09-20 05:45:00,6880.8
2019-09-20 06:00:00,6895.4
2019-09-20 06:15:00,6923.7
2019-09-20 06:30:00,6941.8
2019-09-20 06:45:00,6963.3
2019-09-20 07:00:00,6995.6
2019-09-20 07:15:00,7013.3
2019-09-20 07:30:00,7017.4
2019-09-20 07:45:00,7021.0
2019-09-20 08:00:00,7002.5
2019-09-20 08:15:00,7010.4
2019-09-20 08:30:00,7019.4
2019-09-20 08:45:00,7034.9
2019-09-20 09:00:00,7035.9
2019-09-20 09:15:00,7039.2
2019-09-20 09:30:00,7042.0
2019-09-20 09:45:00,7066.6
2019-09-20 10:00:00,7088.9
2019-09-20 10:15:00,7094.1
2019-09-20 10:30:00,7087.4
2019-09-20 10:45:00,7090.8
2019-09-20 11:00:00,7063.6
2019-09-20 11:15:00,7050.9
2019-09-20 11:30:00,7040.5
2019-09-20 11:45:00,7035.0
2019-09-20 12:00:00,7024.5
2019-09-20 12:15:00,7003.2
2019-09-20 12:30:00,6991.8
2019-09-20 12:45:00,6979.6
2019-09-20 13:00:00,6954.7
2019-09-20 13:15:00,6940.3
2019-09-20 13:30:00,6929.5
2019-09-20 13:45:00,6913.6
2019-09-20 14:00:00,6893.8
2019-09-20 14:15:00,6878.7
2019-09-20 14:30:00,6856.7
2019-09-20 14:45:00,6853.4
2019-09-20 15:00:00,6853.9
2019-09-20 15:15:00,6849.4
2019-09-20 15:30:00,6835.2
2019-09-20 15:45:00,6831.4
2019-09-20 16:00:00,6854.4
2019-09-20 16:15:00,6854.8
2019-09-20 16:30:00,6852.3
2019-09-20 16:45:00,6854.5
2019-09-20 17:00:00,6850.4
2019-09-20 17:15:00,6843.9
2019-09-20 17:30:00,6847.1
2019-09-20 17:45:00,6851.7
2019-09-20 18:00:00,6862.3
2019-09-20 18:15:00,6864.3
2019-09-20 18:30:00,6889.3
2019-09-20 18:45:00,6910.8
2019-09-20 19:00:00,6892.9
2019-09-20 19:15:00,6856.5
2019-09-20 19:30:00,6823.4
2019-09-20 19:45:00,6797.4
2019-09-20 20:00:00,6754.7
2019-09-20 20:15:00,6723.0
2019-09-20 20:30:00,6689.9
2019-09-20 20:45:00,6655.5
2019-09-20 21:00:00,6628.2
2019-09-20 21:15:00,6603.9
2019-09-20 21:30:00,6567.2
2019-09-20 21:45:00,6533.2
2019-09-20 22:00:00,6505.3
2019-09-20 22:15:00,6475.4
2019-09-20 22:30:00,6454.2
2019-09-20 22:45:00,6439.4
2019-09-20 23:00:00,6397.3
2019-09-20 23:15:00,6373.3
2019-09-20 23:30:00,6348.3
2019-09-20 23:45:00,6332.9
2019-09-21 00:00:00,6332.3
2019-09-21 00:15:00,6321.3
2019-09-21 00:30:00,6307.2
2019-09-21 00:45:00,6305.7
2019-09-21 01:00:00,6290.6
2019-09-21 01:15:00,6283.6
2019-09-21 01:30:00,6278.0
2019-09-21 01:45:00,6273.1
2019-09-21 02:00:00,6266.3
2019-09-21 02:15:00,6262.0
2019-09-21 02:30:00,6265.0
2019-09-21 02:45:00,6265.3
2019-09-21 03:00:00,6267.4
2019-09-21 03:15:00,6268.2
2019-09-21 03:30:00,6274.0
2019-09-21 03:45:00,6281.3
2019-09-21 04:00:00,6299.6
2019-09-21 04:15:00,6295.5
2019-09-21 04:30:00,6298.1
2019-09-21 04:45:00,6309.8
2019-09-21 05:00:00,6347.1
2019-09-21 05:15:00,6362.9
2019-09-21 05:30:00,6378.3
2019-09-21 05:45:00,6387.9
2019-09-21 06:00:00,6429.4
2019-09-21 06:15:00,6444.8
2019-09-21 06:30:00,6475.5
2019-09-21 06:45:00,6508.5
2019-09-21 07:00:00,6541.1
2019-09-21 07:15:00,6564.4
2019-09-21 07:30:00,6577.4
2019-09-21 07:45:00,6609.9
2019-09-21 08:00:00,6607.1
2019-09-21 08:15:00,6626.8
2019-09-21 08:30:00,6647.3
2019-09-21 08:45:00,6668.6
2019-09-21 09:00:00,6688.6
2019-09-21 09:15:00,6704.2
2019-09-21 09:30:00,6704.1
2019-09-21 09:45:00,6721.0
2019-09-21 10:00:00,6720.1
2019-09-21 10:15:00,6724.4
2019-09-21 10:30:00,6729.5
2019-09-21 10:45:00,6730.3
2019-09-21 11:00:00,6704.6
2019-09-21 11:15:00,6696.5
2019-09-21 11:30:00,6687.6
2019-09-21 11:45:00,6673.8
2019-09-21 12:00:00,6667.6
2019-09-21 12:15:00,6655.5
2019-09-21 12:30:00,6645.1
2019-09-21 12:45:00,6629.2
2019-09-21 13:00:00,6609.0
2019-09-21 13:15:00,6604.8
2019-09-21 13:30:00,6597.7
2019-09-21 13:45:00,6579.9
2019-09-21 14:00:00,6583.2
2019-09-21 14:15:00,6574.7
2019-09-21 14:30:00,6560.8
2019-09-21 14:45:00,6555.9
2019-09-21 15:00:00,6542.7
2019-09-21 15:15:00,6538.1
2019-09-21 15:30:00,6538.7
2019-09-21 15:45:00,6537.2
2019-09-21 16:00:00,6546.2
2019-09-21 16:15:00,6557.8
2019-09-21 16:30:00,6561.3
2019-09-21 16:45:00,6571.4
2019-09-21 17:00:00,6588.8
2019-09-21 17:15:00,6594.8
2019-09-21 17:30:00,6601.1
2019-09-21 17:45:00,6607.1
2019-09-21 18:00:00,6606.2
2019-09-21 18:15:00,6611.7
2019-09-21 18:30:00,6634.8
2019-09-21 18:45:00,6645.8
2019-09-21 19:00:00,6644.1
2019-09-21 19:15:00,6615.1
2019-09-21 19:30:00,6584.6
2019-09-21 19:45:00,6562.6
2019-09-21 20:00:00,6529.6
2019-09-21 20:15:00,6509.0
2019-09-21 20:30:00,6487.4
2019-09-21 20:45:00,6469.4
2019-09-21 21:00:00,6458.1
2019-09-21 21:15:00,6440.4
2019-09-21 21:30:00,6410.8
2019-09-21 21:45:00,6393.5
2019-09-21 22:00:00,6352.5
2019-09-21 22:15:00,6335.3
2019-09-21 22:30:00,6313.8
2019-09-21 22:45:00,6300.1
2019-09-21 23:00:00,6265.6
2019-09-21 23:15:00,6248.0
2019-09-21 23:30:00,6230.4
2019-09-21 23:45:00,6220.6
2019-09-22 00:00:00,6198.1
2019-09-22 00:15:00,6183.9
2019-09-22 00:30:00,6171.2
2019-09-22 00:45:00,6163.2
2019-09-22 01:00:00,6144.2
2019-09-22 01:15:00,6136.9
2019-09-22 01:30:00,6132.7
2019-09-22 01:45:00,6126.9
2019-09-22 02:00:00,6129.0
2019-09-22 02:15:00,6127.8
2019-09-22 02:30:00,6131.6
2019-09-22 02:45:00,6127.4
2019-09-22 03:00:00,6142.6
2019-09-22 03:15:00,6147.3
2019-09-22 03:30:00,6147.0
2019-09-22 03:45:00,6151.3
2019-09-22 04:00:00,6160.6
2019-09-22 04:15:00,6160.1
2019-09-22 04:30:00,6165.2
2019-09-22 04:45:00,6169.3
2019-09-22 05:00:00,6186.8
2019-09-22 05:15:00,6195.2
2019-09-22 05:30:00,6195.7
2019-09-22 05:45:00,6208.8
2019-09-22 06:00:00,6226.4
2019-09-22 06:15:00,6250.8
2019-09-22 06:30:00,6272.2
2019-09-22 06:45:00,6302.4
2019-09-22 07:00:00,6319.3
2019-09-22 07:15:00,6352.8
2019-09-22 07:30:00,6377.1
2019-09-22 07:45:00,6401.0
2019-09-22 08:00:00,6422.8
2019-09-22 08:15:00,6436.6
2019-09-22 08:30:00,6464.0
2019-09-22 08:45:00,6481.6
2019-09-22 09:00:00,6496.2
2019-09-22 09:15:00,6507.3
2019-09-22 09:30:00,6532.0
2019-09-22 09:45:00,6543.7
2019-09-22 10:00:00,6540.7
2019-09-22 10:15:00,6559.7
2019-09-22 10:30:00,6569.2
2019-09-22 10:45:00,6568.7
2019-09-22 11:00:00,6556.9
2019-09-22 11:15:00,6544.2
2019-09-22 11:30:00,6541.3
2019-09-22 11:45:00,6519.9
2019-09-22 12:00:00,6516.8
2019-09-22 12:15:00,6505.8
2019-09-22 12:30:00,6490.8
2019-09-22 12:45:00,6465.2
2019-09-22 13:00:00,6451.4
2019-09-22 13:15:00,6448.4
2019-09-22 13:30:00,6448.7
2019-09-22 13:45:00,6428.7
2019-09-22 14:00:00,6419.5
2019-09-22 14:15:00,6414.9
2019-09-22 14:30:00,6408.0
2019-09-22 14:45:00,6400.9
2019-09-22 15:00:00,6405.4
2019-09-22 15:15:00,6402.3
2019-09-22 15:30:00,6401.0
2019-09-22 15:45:00,6405.9
2019-09-22 16:00:00,6446.3
2019-09-22 16:15:00,6458.6
2019-09-22 16:30:00,6476.0
2019-09-22 16:45:00,6495.5
2019-09-22 17:00:00,6504.0
2019-09-22 17:15:00,6514.7
2019-09-22 17:30:00,6529.3
2019-09-22 17:45:00,6543.8
2019-09-22 18:00:00,6535.0
2019-09-22 18:15:00,6556.5
2019-09-22 18:30:00,6593.2
2019-09-22 18:45:00,6623.4
2019-09-22 19:00:00,6632.3
2019-09-22 19:15:00,6610.2
2019-09-22 19:30:00,6589.2
2019-09-22 19:45:00,6568.3
2019-09-22 20:00:00,6545.8
2019-09-22 20:15:00,6523.7
2019-09-22 20:30:00,6517.4
2019-09-22 20:45:00,6510.2
2019-09-22 21:00:00,6504.5
2019-09-22 21:15:00,6481.1
2019-09-22 21:30:00,6460.9
2019-09-22 21:45:00,6432.3
2019-09-22 22:00:00,6402.9
2019-09-22 22:15:00,6367.5
2019-09-22 22:30:00,6349.9
2019-09-22 22:45:00,6332.1
2019-09-22 23:00:00,6316.4
2019-09-22 23:15:00,6306.3
2019-09-22 23:30:00,6304.2
2019-09-22 23:45:00,6297.4
2019-09-23 00:00:00,6290.7
2019-09-23 00:15:00,6280.0
2019-09-23 00:30:00,6277.6
2019-09-23 00:45:00,6271.5
2019-09-23 01:00:00,6260.3
2019-09-23 01:15:00,6253.1
2019-09-23 01:30:00,6256.1
2019-09-23 01:45:00,6259.9
2019-09-23 02:00:00,6276.4
2019-09-23 02:15:00,6286.5
2019-09-23 02:30:00,6294.7
2019-09-23 02:45:00,6298.6
2019-09-23 03:00:00,6318.1
2019-09-23 03:15:00,6330.5
2019-09-23 03:30:00,6353.2
2019-09-23 03:45:00,6370.1
2019-09-23 04:00:00,6409.4
2019-09-23 04:15:00,6435.9
2019-09-23 04:30:00,6478.5
2019-09-23 04:45:00,6536.3
2019-09-23 05:00:00,6658.7
2019-09-23 05:15:00,6741.0
2019-09-23 05:30:00,6804.8
2019-09-23 05:45:00,6859.8
2019-09-23 06:00:00,6919.8
2019-09-23 06:15:00,6935.2
2019-09-23 06:30:00,6956.6
2019-09-23 06:45:00,6974.5
2019-09-23 07:00:00,7013.4
2019-09-23 07:15:00,7025.5
2019-09-23 07:30:00,7034.5
2019-09-23 07:45:00,7041.5
2019-09-23 08:00:00,7030.6
2019-09-23 08:15:00,7041.1
2019-09-23 08:30:00,7062.4
2019-09-23 08:45:00,7073.5
2019-09-23 09:00:00,7096.6
2019-09-23 09:15:00,7107.0
2019-09-23 09:30:00,7119.1
2019-09-23 09:45:00,7128.2
2019-09-23 10:00:00,7132.4
2019-09-23 10:15:00,7138.0
2019-09-23 10:30:00,7138.6
2019-09-23 10:45:00,7139.4
2019-09-23 11:00:00,7128.3
2019-09-23 11:15:00,7120.2
2019-09-23 11:30:00,7123.8
2019-09-23 11:45:00,7115.1
2019-09-23 12:00:00,7119.8
2019-09-23 12:15:00,7113.1
2019-09-23 12:30:00,7108.3
2019-09-23 12:45:00,7097.1
2019-09-23 13:00:00,7089.3
2019-09-23 13:15:00,7078.5
2019-09-23 13:30:00,7070.4
2019-09-23 13:45:00,7062.4
2019-09-23 14:00:00,7054.1
2019-09-23 14:15:00,7037.9
2019-09-23 14:30:00,7029.2
2019-09-23 14:45:00,7019.5
2019-09-23 15:00:00,6995.9
2019-09-23 15:15:00,6980.9
2019-09-23 15:30:00,6972.6
2019-09-23 15:45:00,6975.5
2019-09-23 16:00:00,6993.2
2019-09-23 16:15:00,6987.6
2019-09-23 16:30:00,6995.1
2019-09-23 16:45:00,6998.3
2019-09-23 17:00:00,6992.3
2019-09-23 17:15:00,6985.4
2019-09-23 17:30:00,6993.3
2019-09-23 17:45:00,7007.4
2019-09-23 18:00:00,7011.4
2019-09-23 18:15:00,7017.5
2019-09-23 18:30:00,7053.1
2019-09-23 18:45:00,7059.6
2019-09-23 19:00:00,7030.7
2019-09-23 19:15:00,6980.1
2019-09-23 19:30:00,6944.4
2019-09-23 19:45:00,6906.2
2019-09-23 20:00:00,6864.5
2019-09-23 20:15:00,6830.7
2019-09-23 20:30:00,6791.4
2019-09-23 20:45:00,6758.3
2019-09-23 21:00:00,6718.7
2019-09-23 21:15:00,6682.7
2019-09-23 21:30:00,6637.2
2019-09-23 21:45:00,6605.7
2019-09-23 22:00:00,6570.0
2019-09-23 22:15:00,6542.3
2019-09-23 22:30:00,6506.3
2019-09-23 22:45:00,6495.7
2019-09-23 23:00:00,6466.9
2019-09-23 23:15:00,6449.2
2019-09-23 23:30:00,6444.5
2019-09-23 23:45:00,6418.2
2019-09-24 00:00:00,6409.8
2019-09-24 00:15:00,6402.2
2019-09-24 00:30:00,6389.1
2019-09-24 00:45:00,6372.9
2019-09-24 01:00:00,6360.7
2019-09-24 01:15:00,6363.1
2019-09-24 01:30:00,6364.4
2019-09-24 01:45:00,6365.9
2019-09-24 02:00:00,6369.9
2019-09-24 02:15:00,6372.6
2019-09-24 02:30:00,6373.1
2019-09-24 02:45:00,6378.4
2019-09-24 03:00:00,6391.7
2019-09-24 03:15:00,6409.9
2019-09-24 03:30:00,6420.5
2019-09-24 03:45:00,6440.4
2019-09-24 04:00:00,6483.3
2019-09-24 04:15:00,6519.1
2019-09-24 04:30:00,6563.9
2019-09-24 04:45:00,6608.4
2019-09-24 05:00:00,6716.2
2019-09-24 05:15:00,6796.7
2019-09-24 05:30:00,6860.9
2019-09-24 05:45:00,6904.2
2019-09-24 06:00:00,6949.5
2019-09-24 06:15:00,6963.8
2019-09-24 06:30:00,6981.9
2019-09-24 06:45:00,7005.9
2019-09-24 07:00:00,7033.1
2019-09-24 07:15:00,7039.3
2019-09-24 07:30:00,7054.7
2019-09-24 07:45:00,7062.2
2019-09-24 08:00:00,7058.8
2019-09-24 08:15:00,7075.6
2019-09-24 08:30:00,7087.9
2019-09-24 08:45:00,7087.5
2019-09-24 09:00:00,7098.8
2019-09-24 09:15:00,7096.6
2019-09-24 09:30:00,7110.4
2019-09-24 09:45:00,7119.1
2019-09-24 10:00:00,7123.9
2019-09-24 10:15:00,7131.9
2019-09-24 10:30:00,7139.8
2019-09-24 10:45:00,7134.7
2019-09-24 11:00:00,7121.5
2019-09-24 11:15:00,7115.1
2019-09-24 11:30:00,7115.1
2019-09-24 11:45:00,7112.3
2019-09-24 12:00:00,7106.3
2019-09-24 12:15:00,7100.1
2019-09-24 12:30:00,7090.3
2019-09-24 12:45:00,7077.5
2019-09-24 13:00:00,7069.3
2019-09-24 13:15:00,7064.0
2019-09-24 13:30:00,7066.2
2019-09-24 13:45:00,7063.4
2019-09-24 14:00:00,7046.8
2019-09-24 14:15:00,7027.7
2019-09-24 14:30:00,7017.0
2019-09-24 14:45:00,6999.8
2019-09-24 15:00:00,6998.0
2019-09-24 15:15:00,6987.9
2019-09-24 15:30:00,6982.8
2019-09-24 15:45:00,6980.1
2019-09-24 16:00:00,6985.1
2019-09-24 16:15:00,6984.6
2019-09-24 16:30:00,6994.5
2019-09-24 16:45:00,6996.1
2019-09-24 17:00:00,6985.8
2019-09-24 17:15:00,6982.4
2019-09-24 17:30:00,7006.4
2019-09-24 17:45:00,7015.6
2019-09-24 18:00:00,7030.6
2019-09-24 18:15:00,7044.4
2019-09-24 18:30:00,7068.8
2019-09-24 18:45:00,7067.6
2019-09-24 19:00:00,7038.7
2019-09-24 19:15:00,6992.8
2019-09-24 19:30:00,6967.4
2019-09-24 19:45:00,6933.6
2019-09-24 20:00:00,6900.5
2019-09-24 20:15:00,6861.7
2019-09-24 20:30:00,6820.3
2019-09-24 20:45:00,6778.3
2019-09-24 21:00:00,6746.3
2019-09-24 21:15:00,6715.0
2019-09-24 21:30:00,6676.0
2019-09-24 21:45:00,6636.7
2019-09-24 22:00:00,6589.9
2019-09-24 22:15:00,6562.2
2019-09-24 22:30:00,6529.8
2019-09-24 22:45:00,6504.1
2019-09-24 23:00:00,6487.1
2019-09-24 23:15:00,6463.3
2019-09-24 23:30:00,6446.8
2019-09-24 23:45:00,6444.8
2019-09-25 00:00:00,6421.6
2019-09-25 00:15:00,6408.5
2019-09-25 00:30:00,6393.5
2019-09-25 00:45:00,6384.9
2019-09-25 01:00:00,6377.4
2019-09-25 01:15:00,6363.8
2019-09-25 01:30:00,6369.0
2019-09-25 01:45:00,6370.0
2019-09-25 02:00:00,6379.4
2019-09-25 02:15:00,6378.8
2019-09-25 02:30:00,6379.8
2019-09-25 02:45:00,6387.9
2019-09-25 03:00:00,6399.1
2019-09-25 03:15:00,6406.5
2019-09-25 03:30:00,6427.9
2019-09-25 03:45:00,6452.5
2019-09-25 04:00:00,6499.8
2019-09-25 04:15:00,6531.5
2019-09-25 04:30:00,6566.9
2019-09-25 04:45:00,6634.6
2019-09-25 05:00:00,6744.7
2019-09-25 05:15:00,6819.8
2019-09-25 05:30:00,6880.2
2019-09-25 05:45:00,6931.8
2019-09-25 06:00:00,6992.7
2019-09-25 06:15:00,7009.7
2019-09-25 06:30:00,7025.1
2019-09-25 06:45:00,7039.1
2019-09-25 07:00:00,7060.8
2019-09-25 07:15:00,7059.8
2019-09-25 07:30:00,7062.5
2019-09-25 07:45:00,7062.5
2019-09-25 08:00:00,7063.0
2019-09-25 08:15:00,7063.1
2019-09-25 08:30:00,7076.6
2019-09-25 08:45:00,7087.3
2019-09-25 09:00:00,7107.1
2019-09-25 09:15:00,7116.0
2019-09-25 09:30:00,7125.3
2019-09-25 09:45:00,7128.1
2019-09-25 10:00:00,7149.7
2019-09-25 10:15:00,7152.4
2019-09-25 10:30:00,7166.0
2019-09-25 10:45:00,7159.1
2019-09-25 11:00:00,7147.5
2019-09-25 11:15:00,7133.8
2019-09-25 11:30:00,7139.5
2019-09-25 11:45:00,7137.2
2019-09-25 12:00:00,7124.4
2019-09-25 12:15:00,7110.7
2019-09-25 12:30:00,7102.7
2019-09-25 12:45:00,7075.6
2019-09-25 13:00:00,7062.9
2019-09-25 13:15:00,7057.0
2019-09-25 13:30:00,7061.8
2019-09-25 13:45:00,7043.9
2019-09-25 14:00:00,7037.2
2019-09-25 14:15:00,7031.8
2019-09-25 14:30:00,7032.5
2019-09-25 14:45:00,7012.9
2019-09-25 15:00:00,7005.0
2019-09-25 15:15:00,6988.9
2019-09-25 15:30:00,6978.8
2019-09-25 15:45:00,6964.6
2019-09-25 16:00:00,6958.1
2019-09-25 16:15:00,6962.4
2019-09-25 16:30:00,6979.1
2019-09-25 16:45:00,6983.3
2019-09-25 17:00:00,6988.2
2019-09-25 17:15:00,6982.5
2019-09-25 17:30:00,6994.7
2019-09-25 17:45:00,7005.9
2019-09-25 18:00:00,7027.0
2019-09-25 18:15:00,7041.4
2019-09-25 18:30:00,7065.4
2019-09-25 18:45:00,7058.2
2019-09-25 19:00:00,7012.5
2019-09-25 19:15:00,6971.5
2019-09-25 19:30:00,6934.5
2019-09-25 19:45:00,6897.7
2019-09-25 20:00:00,6875.0
2019-09-25 20:15:00,6835.6
2019-09-25 20:30:00,6802.1
2019-09-25 20:45:00,6776.4
2019-09-25 21:00:00,6753.3
2019-09-25 21:15:00,6713.8
2019-09-25 21:30:00,6673.5
2019-09-25 21:45:00,6639.5
2019-09-25 22:00:00,6598.0
2019-09-25 22:15:00,6565.4
2019-09-25 22:30:00,6538.7
2019-09-25 22:45:00,6517.4
2019-09-25 23:00:00,6490.5
2019-09-25 23:15:00,6474.4
2019-09-25 23:30:00,6460.5
2019-09-25 23:45:00,6449.7
2019-09-26 00:00:00,6433.1
2019-09-26 00:15:00,6423.7
2019-09-26 00:30:00,6414.3
2019-09-26 00:45:00,6403.3
2019-09-26 01:00:00,6383.5
2019-09-26 01:15:00,6385.8
2019-09-26 01:30:00,6385.5
2019-09-26 01:45:00,6394.5
2019-09-26 02:00:00,6399.0
2019-09-26 02:15:00,6397.0
2019-09-26 02:30:00,6396.6
2019-09-26 02:45:00,6406.2
2019-09-26 03:00:00,6418.8
2019-09-26 03:15:00,6433.7
2019-09-26 03:30:00,6446.9
2019-09-26 03:45:00,6461.0
2019-09-26 04:00:00,6509.5
2019-09-26 04:15:00,6543.9
2019-09-26 04:30:00,6582.1
2019-09-26 04:45:00,6638.5
2019-09-26 05:00:00,6744.2
2019-09-26 05:15:00,6824.8
2019-09-26 05:30:00,6890.4
2019-09-26 05:45:00,6927.0
2019-09-26 06:00:00,6963.1
2019-09-26 06:15:00,6977.8
2019-09-26 06:30:00,6998.3
2019-09-26 06:45:00,7021.3
2019-09-26 07:00:00,7039.6
2019-09-26 07:15:00,7056.5
2019-09-26 07:30:00,7068.5
2019-09-26 07:45:00,7075.5
2019-09-26 08:00:00,7075.6
2019-09-26 08:15:00,7085.9
2019-09-26 08:30:00,7094.5
2019-09-26 08:45:00,7101.0
2019-09-26 09:00:00,7097.2
2019-09-26 09:15:00,7110.2
2019-09-26 09:30:00,7120.5
2019-09-26 09:45:00,7133.7
2019-09-26 10:00:00,7138.4
2019-09-26 10:15:00,7155.7
2019-09-26 10:30:00,7160.0
2019-09-26 10:45:00,7164.1
2019-09-26 11:00:00,7147.4
2019-09-26 11:15:00,7137.1
2019-09-26 11:30:00,7129.1
2019-09-26 11:45:00,7133.4
2019-09-26 12:00:00,7131.1
2019-09-26 12:15:00,7123.3
2019-09-26 12:30:00,7106.0
2019-09-26 12:45:00,7087.7
2019-09-26 13:00:00,7079.9
2019-09-26 13:15:00,7082.3
2019-09-26 13:30:00,7078.1
2019-09-26 13:45:00,7067.1
2019-09-26 14:00:00,7081.9
2019-09-26 14:15:00,7062.7
2019-09-26 14:30:00,7057.4
2019-09-26 14:45:00,7044.3
2019-09-26 15:00:00,7032.5
2019-09-26 15:15:00,7024.5
2019-09-26 15:30:00,7019.0
2019-09-26 15:45:00,7009.1
2019-09-26 16:00:00,6998.7
2019-09-26 16:15:00,7002.6
2019-09-26 16:30:00,7003.8
2019-09-26 16:45:00,7011.8
2019-09-26 17:00:00,6999.6
2019-09-26 17:15:00,7001.3
2019-09-26 17:30:00,7011.6
2019-09-26 17:45:00,7025.1
2019-09-26 18:00:00,7046.5
2019-09-26 18:15:00,7059.6
2019-09-26 18:30:00,7071.8
2019-09-26 18:45:00,7063.1
2019-09-26 19:00:00,7040.1
2019-09-26 19:15:00,6996.1
2019-09-26 19:30:00,6960.9
2019-09-26 19:45:00,6933.2
2019-09-26 20:00:00,6911.1
2019-09-26 20:15:00,6866.1
2019-09-26 20:30:00,6832.5
2019-09-26 20:45:00,6806.3
2019-09-26 21:00:00,6776.7
2019-09-26 21:15:00,6742.9
2019-09-26 21:30:00,6712.8
2019-09-26 21:45:00,6674.0
2019-09-26 22:00:00,6631.5
2019-09-26 22:15:00,6602.8
2019-09-26 22:30:00,6572.0
2019-09-26 22:45:00,6549.0
2019-09-26 23:00:00,6528.0
2019-09-26 23:15:00,6513.7
2019-09-26 23:30:00,6497.1
2019-09-26 23:45:00,6483.2
2019-09-27 00:00:00,6459.5
2019-09-27 00:15:00,6451.8
2019-09-27 00:30:00,6442.7
2019-09-27 00:45:00,6428.4
2019-09-27 01:00:00,6425.3
2019-09-27 01:15:00,6426.3
2019-09-27 01:30:00,6423.4
2019-09-27 01:45:00,6422.5
2019-09-27 02:00:00,6422.8
2019-09-27 02:15:00,6427.2
2019-09-27 02:30:00,6427.7
2019-09-27 02:45:00,6430.4
2019-09-27 03:00:00,6442.5
2019-09-27 03:15:00,6453.5
2019-09-27 03:30:00,6461.3
2019-09-27 03:45:00,6487.5
2019-09-27 04:00:00,6529.4
2019-09-27 04:15:00,6554.2
2019-09-27 04:30:00,6587.1
2019-09-27 04:45:00,6646.4
2019-09-27 05:00:00,6758.3
2019-09-27 05:15:00,6835.2
2019-09-27 05:30:00,6894.4
2019-09-27 05:45:00,6946.0
2019-09-27 06:00:00,6998.3
2019-09-27 06:15:00,7010.0
2019-09-27 06:30:00,7027.7
2019-09-27 06:45:00,7054.7
2019-09-27 07:00:00,7091.0
2019-09-27 07:15:00,7113.3
2019-09-27 07:30:00,7124.3
2019-09-27 07:45:00,7132.0
2019-09-27 08:00:00,7135.5
2019-09-27 08:15:00,7140.8
2019-09-27 08:30:00,7156.8
2019-09-27 08:45:00,7161.9
2019-09-27 09:00:00,7161.8
2019-09-27 09:15:00,7167.0
2019-09-27 09:30:00,7171.6
2019-09-27 09:45:00,7180.3
2019-09-27 10:00:00,7188.6
2019-09-27 10:15:00,7194.4
2019-09-27 10:30:00,7204.2
2019-09-27 10:45:00,7193.4
2019-09-27 11:00:00,7180.6
2019-09-27 11:15:00,7174.7
2019-09-27 11:30:00,7173.0
2019-09-27 11:45:00,7168.6
2019-09-27 12:00:00,7150.6
2019-09-27 12:15:00,7130.2
2019-09-27 12:30:00,7099.9
2019-09-27 12:45:00,7076.0
2019-09-27 13:00:00,7062.6
2019-09-27 13:15:00,7049.8
2019-09-27 13:30:00,7035.8
2019-09-27 13:45:00,7020.3
2019-09-27 14:00:00,7088.3
2019-09-27 14:15:00,7007.8
2019-09-27 14:30:00,6992.8
2019-09-27 14:45:00,6978.6
2019-09-27 15:00:00,6987.7
2019-09-27 15:15:00,6972.6
2019-09-27 15:30:00,6959.6
2019-09-27 15:45:00,6953.9
2019-09-27 16:00:00,6949.5
2019-09-27 16:15:00,6947.7
2019-09-27 16:30:00,6942.0
2019-09-27 16:45:00,6943.0
2019-09-27 17:00:00,6938.8
2019-09-27 17:15:00,6927.5
2019-09-27 17:30:00,6935.0
2019-09-27 17:45:00,6933.3
2019-09-27 18:00:00,6962.7
2019-09-27 18:15:00,6973.6
2019-09-27 18:30:00,6987.6
2019-09-27 18:45:00,6981.0
2019-09-27 19:00:00,6947.4
2019-09-27 19:15:00,6910.9
2019-09-27 19:30:00,6881.3
2019-09-27 19:45:00,6839.1
2019-09-27 20:00:00,6799.1
2019-09-27 20:15:00,6765.6
2019-09-27 20:30:00,6731.4
2019-09-27 20:45:00,6698.3
2019-09-27 21:00:00,6684.8
2019-09-27 21:15:00,6660.8
2019-09-27 21:30:00,6632.8
2019-09-27 21:45:00,6588.8
2019-09-27 22:00:00,6551.4
2019-09-27 22:15:00,6526.1
2019-09-27 22:30:00,6500.2
2019-09-27 22:45:00,6472.3
2019-09-27 23:00:00,6437.5
2019-09-27 23:15:00,6424.0
2019-09-27 23:30:00,6402.9
2019-09-27 23:45:00,6388.1
2019-09-28 00:00:00,6387.6
2019-09-28 00:15:00,6370.3
2019-09-28 00:30:00,6357.4
2019-09-28 00:45:00,6346.7
2019-09-28 01:00:00,6313.4
2019-09-28 01:15:00,6301.5
2019-09-28 01:30:00,6304.2
2019-09-28 01:45:00,6301.6
2019-09-28 02:00:00,6318.5
2019-09-28 02:15:00,6316.0
2019-09-28 02:30:00,6318.8
2019-09-28 02:45:00,6318.3
2019-09-28 03:00:00,6328.6
2019-09-28 03:15:00,6327.3
2019-09-28 03:30:00,6336.1
2019-09-28 03:45:00,6339.9
2019-09-28 04:00:00,6334.0
2019-09-28 04:15:00,6340.4
2019-09-28 04:30:00,6350.9
2019-09-28 04:45:00,6365.3
2019-09-28 05:00:00,6386.7
2019-09-28 05:15:00,6417.8
2019-09-28 05:30:00,6436.4
2019-09-28 05:45:00,6454.0
2019-09-28 06:00:00,6477.1
2019-09-28 06:15:00,6490.3
2019-09-28 06:30:00,6521.0
2019-09-28 06:45:00,6546.0
2019-09-28 07:00:00,6597.4
2019-09-28 07:15:00,6623.8
2019-09-28 07:30:00,6652.6
2019-09-28 07:45:00,6662.2
2019-09-28 08:00:00,6659.5
2019-09-28 08:15:00,6671.3
2019-09-28 08:30:00,6703.3
2019-09-28 08:45:00,6727.4
2019-09-28 09:00:00,6755.7
2019-09-28 09:15:00,6768.3
2019-09-28 09:30:00,6781.9
2019-09-28 09:45:00,6793.1
2019-09-28 10:00:00,6805.3
2019-09-28 10:15:00,6803.6
2019-09-28 10:30:00,6819.5
2019-09-28 10:45:00,6813.6
2019-09-28 11:00:00,6799.6
2019-09-28 11:15:00,6800.2
2019-09-28 11:30:00,6785.3
2019-09-28 11:45:00,6770.6
2019-09-28 12:00:00,6748.0
2019-09-28 12:15:00,6727.6
2019-09-28 12:30:00,6720.5
2019-09-28 12:45:00,6702.2
2019-09-28 13:00:00,6687.6
2019-09-28 13:15:00,6672.6
2019-09-28 13:30:00,6650.7
2019-09-28 13:45:00,6652.7
2019-09-28 14:00:00,6658.6
2019-09-28 14:15:00,6663.8
2019-09-28 14:30:00,6657.1
2019-09-28 14:45:00,6644.2
2019-09-28 15:00:00,6649.1
2019-09-28 15:15:00,6635.8
2019-09-28 15:30:00,6625.8
2019-09-28 15:45:00,6614.0
2019-09-28 16:00:00,6632.9
2019-09-28 16:15:00,6637.1
2019-09-28 16:30:00,6641.2
2019-09-28 16:45:00,6645.4
2019-09-28 17:00:00,6645.6
2019-09-28 17:15:00,6651.3
2019-09-28 17:30:00,6659.7
2019-09-28 17:45:00,6660.5
2019-09-28 18:00:00,6682.6
2019-09-28 18:15:00,6697.1
2019-09-28 18:30:00,6720.0
2019-09-28 18:45:00,6701.4
2019-09-28 19:00:00,6680.7
2019-09-28 19:15:00,6649.9
2019-09-28 19:30:00,6621.2
2019-09-28 19:45:00,6596.0
2019-09-28 20:00:00,6572.7
2019-09-28 20:15:00,6547.9
2019-09-28 20:30:00,6523.6
2019-09-28 20:45:00,6507.6
2019-09-28 21:00:00,6508.7
2019-09-28 21:15:00,6492.6
2019-09-28 21:30:00,6459.5
2019-09-28 21:45:00,6432.8
2019-09-28 22:00:00,6401.5
2019-09-28 22:15:00,6391.0
2019-09-28 22:30:00,6367.1
2019-09-28 22:45:00,6350.9
2019-09-28 23:00:00,6336.1
2019-09-28 23:15:00,6318.3
2019-09-28 23:30:00,6305.3
2019-09-28 23:45:00,6289.5
2019-09-29 00:00:00,6273.6
2019-09-29 00:15:00,6259.0
2019-09-29 00:30:00,6250.1
2019-09-29 00:45:00,6236.3
2019-09-29 01:00:00,6221.9
2019-09-29 01:15:00,6209.8
2019-09-29 01:30:00,6210.5
2019-09-29 01:45:00,6205.3
2019-09-29 02:00:00,6204.7
2019-09-29 02:15:00,6199.4
2019-09-29 02:30:00,6191.4
2019-09-29 02:45:00,6185.4
2019-09-29 03:00:00,6190.8
2019-09-29 03:15:00,6196.7
2019-09-29 03:30:00,6194.6
2019-09-29 03:45:00,6189.4
2019-09-29 04:00:00,6190.8
2019-09-29 04:15:00,6193.0
2019-09-29 04:30:00,6191.5
2019-09-29 04:45:00,6195.5
2019-09-29 05:00:00,6221.9
2019-09-29 05:15:00,6220.4
2019-09-29 05:30:00,6231.2
2019-09-29 05:45:00,6239.7
2019-09-29 06:00:00,6273.5
2019-09-29 06:15:00,6278.0
2019-09-29 06:30:00,6294.7
2019-09-29 06:45:00,6319.3
2019-09-29 07:00:00,6364.8
2019-09-29 07:15:00,6393.8
2019-09-29 07:30:00,6416.9
2019-09-29 07:45:00,6449.7
2019-09-29 08:00:00,6484.0
2019-09-29 08:15:00,6505.8
2019-09-29 08:30:00,6518.6
2019-09-29 08:45:00,6552.7
2019-09-29 09:00:00,6574.9
2019-09-29 09:15:00,6601.0
2019-09-29 09:30:00,6622.0
2019-09-29 09:45:00,6637.6
2019-09-29 10:00:00,6656.2
2019-09-29 10:15:00,6677.9
2019-09-29 10:30:00,6692.8
2019-09-29 10:45:00,6700.8
2019-09-29 11:00:00,6688.9
2019-09-29 11:15:00,6687.1
2019-09-29 11:30:00,6677.3
2019-09-29 11:45:00,6667.0
2019-09-29 12:00:00,6658.8
2019-09-29 12:15:00,6639.0
2019-09-29 12:30:00,6629.1
2019-09-29 12:45:00,6622.4
2019-09-29 13:00:00,6602.0
2019-09-29 13:15:00,6601.1
2019-09-29 13:30:00,6581.2
2019-09-29 13:45:00,6581.9
2019-09-29 14:00:00,6590.3
2019-09-29 14:15:00,6570.0
2019-09-29 14:30:00,6553.8
2019-09-29 14:45:00,6539.2
2019-09-29 15:00:00,6552.7
2019-09-29 15:15:00,6555.4
2019-09-29 15:30:00,6553.3
2019-09-29 15:45:00,6568.8
2019-09-29 16:00:00,6599.1
2019-09-29 16:15:00,6605.8
2019-09-29 16:30:00,6617.1
2019-09-29 16:45:00,6620.8
2019-09-29 17:00:00,6638.4
2019-09-29 17:15:00,6646.0
2019-09-29 17:30:00,6643.8
2019-09-29 17:45:00,6651.7
2019-09-29 18:00:00,6674.7
2019-09-29 18:15:00,6684.9
2019-09-29 18:30:00,6688.5
2019-09-29 18:45:00,6674.6
2019-09-29 19:00:00,6660.2
2019-09-29 19:15:00,6634.9
2019-09-29 19:30:00,6608.9
2019-09-29 19:45:00,6602.0
2019-09-29 20:00:00,6592.2
2019-09-29 20:15:00,6577.2
2019-09-29 20:30:00,6567.6
2019-09-29 20:45:00,6560.5
2019-09-29 21:00:00,6566.6
2019-09-29 21:15:00,6545.7
2019-09-29 21:30:00,6514.4
2019-09-29 21:45:00,6486.7
2019-09-29 22:00:00,6461.8
2019-09-29 22:15:00,6442.2
2019-09-29 22:30:00,6417.8
2019-09-29 22:45:00,6401.0
2019-09-29 23:00:00,6416.4
2019-09-29 23:15:00,6403.1
2019-09-29 23:30:00,6398.2
2019-09-29 23:45:00,6381.5
2019-09-30 00:00:00,6371.9
2019-09-30 00:15:00,6364.0
2019-09-30 00:30:00,6357.8
2019-09-30 00:45:00,6345.9
2019-09-30 01:00:00,6336.4
2019-09-30 01:15:00,6340.6
2019-09-30 01:30:00,6345.6
2019-09-30 01:45:00,6343.2
2019-09-30 02:00:00,6360.2
2019-09-30 02:15:00,6374.7
2019-09-30 02:30:00,6393.1
2019-09-30 02:45:00,6395.6
2019-09-30 03:00:00,6419.1
2019-09-30 03:15:00,6438.0
2019-09-30 03:30:00,6455.3
2019-09-30 03:45:00,6476.3
2019-09-30 04:00:00,6503.4
2019-09-30 04:15:00,6540.6
2019-09-30 04:30:00,6591.2
2019-09-30 04:45:00,6657.8
2019-09-30 05:00:00,6783.7
2019-09-30 05:15:00,6855.5
2019-09-30 05:30:00,6910.9
2019-09-30 05:45:00,6961.2
2019-09-30 06:00:00,7003.5
2019-09-30 06:15:00,7034.4
2019-09-30 06:30:00,7053.8
2019-09-30 06:45:00,7063.2
2019-09-30 07:00:00,7083.2
2019-09-30 07:15:00,7105.8
2019-09-30 07:30:00,7111.3
2019-09-30 07:45:00,7118.5
2019-09-30 08:00:00,7103.3
2019-09-30 08:15:00,7123.0
2019-09-30 08:30:00,7130.8
2019-09-30 08:45:00,7143.6
2019-09-30 09:00:00,7144.2
2019-09-30 09:15:00,7152.4
2019-09-30 09:30:00,7168.8
2019-09-30 09:45:00,7191.0
2019-09-30 10:00:00,7212.5
2019-09-30 10:15:00,7227.2
2019-09-30 10:30:00,7230.2
2019-09-30 10:45:00,7229.0
2019-09-30 11:00:00,7206.3
2019-09-30 11:15:00,7200.4
2019-09-30 11:30:00,7193.8
2019-09-30 11:45:00,7193.4
2019-09-30 12:00:00,7194.1
2019-09-30 12:15:00,7191.0
2019-09-30 12:30:00,7169.3
2019-09-30 12:45:00,7145.8
2019-09-30 13:00:00,7134.1
2019-09-30 13:15:00,7125.8
2019-09-30 13:30:00,7103.4
2019-09-30 13:45:00,7099.6
2019-09-30 14:00:00,7109.4
2019-09-30 14:15:00,7096.9
2019-09-30 14:30:00,7073.3
2019-09-30 14:45:00,7055.2
2019-09-30 15:00:00,7046.8
2019-09-30 15:15:00,7029.7
2019-09-30 15:30:00,7020.3
2019-09-30 15:45:00,6992.8
2019-09-30 16:00:00,7002.5
2019-09-30 16:15:00,6999.0
2019-09-30 16:30:00,6992.6
2019-09-30 16:45:00,6994.2
2019-09-30 17:00:00,7000.2
2019-09-30 17:15:00,7010.6
2019-09-30 17:30:00,7011.6
2019-09-30 17:45:00,7028.7
2019-09-30 18:00:00,7046.8
2019-09-30 18:15:00,7066.4
2019-09-30 18:30:00,7078.8
2019-09-30 18:45:00,7068.0
2019-09-30 19:00:00,7027.4
2019-09-30 19:15:00,6982.3
2019-09-30 19:30:00,6951.1
2019-09-30 19:45:00,6916.9
2019-09-30 20:00:00,6880.1
2019-09-30 20:15:00,6847.0
2019-09-30 20:30:00,6809.1
2019-09-30 20:45:00,6770.0
2019-09-30 21:00:00,6742.9
2019-09-30 21:15:00,6712.9
2019-09-30 21:30:00,6673.0
2019-09-30 21:45:00,6638.0
2019-09-30 22:00:00,6592.2
2019-09-30 22:15:00,6558.5
2019-09-30 22:30:00,6530.7
2019-09-30 22:45:00,6506.3
2019-09-30 23:00:00,6495.6
2019-09-30 23:15:00,6477.3
2019-09-30 23:30:00,6461.7
2019-09-30 23:45:00,6453.7
2019-10-01 00:00:00,6453.8
2019-10-01 00:15:00,6445.0
2019-10-01 00:30:00,6431.2
2019-10-01 00:45:00,6426.7
2019-10-01 01:00:00,6424.2
2019-10-01 01:15:00,6410.9
2019-10-01 01:30:00,6416.3
2019-10-01 01:45:00,6413.7
2019-10-01 02:00:00,6419.1
2019-10-01 02:15:00,6423.0
2019-10-01 02:30:00,6428.0
2019-10-01 02:45:00,6435.0
2019-10-01 03:00:00,6456.7
2019-10-01 03:15:00,6468.3
2019-10-01 03:30:00,6485.2
2019-10-01 03:45:00,6510.1
2019-10-01 04:00:00,6560.3
2019-10-01 04:15:00,6591.3
2019-10-01 04:30:00,6625.3
2019-10-01 04:45:00,6678.2
2019-10-01 05:00:00,6758.0
2019-10-01 05:15:00,6828.8
2019-10-01 05:30:00,6892.0
2019-10-01 05:45:00,6940.9
2019-10-01 06:00:00,7003.1
2019-10-01 06:15:00,7024.0
2019-10-01 06:30:00,7045.2
2019-10-01 06:45:00,7062.6
2019-10-01 07:00:00,7090.6
2019-10-01 07:15:00,7110.9
2019-10-01 07:30:00,7121.2
2019-10-01 07:45:00,7129.1
2019-10-01 08:00:00,7114.5
2019-10-01 08:15:00,7127.8
2019-10-01 08:30:00,7129.9
2019-10-01 08:45:00,7137.7
2019-10-01 09:00:00,7163.7
2019-10-01 09:15:00,7169.3
2019-10-01 09:30:00,7176.9
2019-10-01 09:45:00,7188.6
2019-10-01 10:00:00,7196.1
2019-10-01 10:15:00,7209.7
2019-10-01 10:30:00,7215.2
2019-10-01 10:45:00,7219.6
2019-10-01 11:00:00,7200.3
2019-10-01 11:15:00,7199.0
2019-10-01 11:30:00,7199.5
2019-10-01 11:45:00,7197.9
2019-10-01 12:00:00,7197.2
2019-10-01 12:15:00,7195.6
2019-10-01 12:30:00,7192.0
2019-10-01 12:45:00,7164.2
2019-10-01 13:00:00,7158.6
2019-10-01 13:15:00,7140.8
2019-10-01 13:30:00,7129.1
2019-10-01 13:45:00,7118.9
2019-10-01 14:00:00,7113.8
2019-10-01 14:15:00,7102.0
2019-10-01 14:30:00,7086.6
2019-10-01 14:45:00,7068.7
2019-10-01 15:00:00,7073.4
2019-10-01 15:15:00,7069.9
2019-10-01 15:30:00,7058.9
2019-10-01 15:45:00,7050.2
2019-10-01 16:00:00,7049.4
2019-10-01 16:15:00,7057.8
2019-10-01 16:30:00,7065.4
2019-10-01 16:45:00,7071.5
2019-10-01 17:00:00,7043.2
2019-10-01 17:15:00,7040.9
2019-10-01 17:30:00,7054.9
2019-10-01 17:45:00,7061.0
2019-10-01 18:00:00,7082.6
2019-10-01 18:15:00,7089.7
2019-10-01 18:30:00,7084.9
2019-10-01 18:45:00,7072.8
2019-10-01 19:00:00,7021.0
2019-10-01 19:15:00,6982.5
2019-10-01 19:30:00,6952.1
2019-10-01 19:45:00,6917.6
2019-10-01 20:00:00,6887.7
2019-10-01 20:15:00,6854.1
2019-10-01 20:30:00,6816.0
2019-10-01 20:45:00,6776.6
2019-10-01 21:00:00,6742.0
2019-10-01 21:15:00,6697.2
2019-10-01 21:30:00,6660.4
2019-10-01 21:45:00,6623.1
2019-10-01 22:00:00,6587.0
2019-10-01 22:15:00,6546.0
2019-10-01 22:30:00,6511.5
2019-10-01 22:45:00,6478.8
2019-10-01 23:00:00,6453.4
2019-10-01 23:15:00,6437.4
2019-10-01 23:30:00,6422.4
2019-10-01 23:45:00,6416.2
2019-10-02 00:00:00,6423.5
2019-10-02 00:15:00,6416.9
2019-10-02 00:30:00,6408.0
2019-10-02 00:45:00,6403.4
2019-10-02 01:00:00,6405.5
2019-10-02 01:15:00,6403.6
2019-10-02 01:30:00,6408.8
2019-10-02 01:45:00,6408.1
2019-10-02 02:00:00,6411.8
2019-10-02 02:15:00,6413.5
2019-10-02 02:30:00,6418.6
2019-10-02 02:45:00,6429.6
2019-10-02 03:00:00,6441.2
2019-10-02 03:15:00,6459.3
2019-10-02 03:30:00,6480.5
2019-10-02 03:45:00,6500.8
2019-10-02 04:00:00,6542.3
2019-10-02 04:15:00,6577.5
2019-10-02 04:30:00,6609.9
2019-10-02 04:45:00,6660.1
2019-10-02 05:00:00,6764.6
2019-10-02 05:15:00,6839.4
2019-10-02 05:30:00,6894.3
2019-10-02 05:45:00,6945.4
2019-10-02 06:00:00,6987.5
2019-10-02 06:15:00,7002.4
2019-10-02 06:30:00,7016.2
2019-10-02 06:45:00,7024.3
2019-10-02 07:00:00,7055.7
2019-10-02 07:15:00,7069.9
2019-10-02 07:30:00,7074.8
2019-10-02 07:45:00,7074.2
2019-10-02 08:00:00,7057.9
2019-10-02 08:15:00,7063.9
2019-10-02 08:30:00,7076.8
2019-10-02 08:45:00,7095.9
2019-10-02 09:00:00,7098.7
2019-10-02 09:15:00,7106.0
2019-10-02 09:30:00,7097.3
2019-10-02 09:45:00,7118.2
2019-10-02 10:00:00,7118.7
2019-10-02 10:15:00,7133.9
2019-10-02 10:30:00,7140.7
2019-10-02 10:45:00,7165.5
2019-10-02 11:00:00,7168.8
2019-10-02 11:15:00,7155.0
2019-10-02 11:30:00,7145.1
2019-10-02 11:45:00,7149.6
2019-10-02 12:00:00,7156.9
2019-10-02 12:15:00,7140.3
2019-10-02 12:30:00,7120.8
2019-10-02 12:45:00,7113.6
2019-10-02 13:00:00,7099.9
2019-10-02 13:15:00,7090.1
2019-10-02 13:30:00,7084.2
2019-10-02 13:45:00,7077.2
2019-10-02 14:00:00,7071.4
2019-10-02 14:15:00,7049.8
2019-10-02 14:30:00,7032.0
2019-10-02 14:45:00,7020.3
2019-10-02 15:00:00,7013.0
2019-10-02 15:15:00,7008.2
2019-10-02 15:30:00,6996.2
2019-10-02 15:45:00,6994.6
2019-10-02 16:00:00,6988.9
2019-10-02 16:15:00,6983.5
2019-10-02 16:30:00,6987.2
2019-10-02 16:45:00,6985.6
2019-10-02 17:00:00,6990.1
2019-10-02 17:15:00,6980.1
2019-10-02 17:30:00,6989.0
2019-10-02 17:45:00,7003.4
2019-10-02 18:00:00,7032.2
2019-10-02 18:15:00,7040.0
2019-10-02 18:30:00,7046.2
2019-10-02 18:45:00,7029.7
2019-10-02 19:00:00,7012.6
2019-10-02 19:15:00,6973.2
2019-10-02 19:30:00,6936.2
2019-10-02 19:45:00,6911.5
2019-10-02 20:00:00,6876.9
2019-10-02 20:15:00,6845.7
2019-10-02 20:30:00,6806.6
2019-10-02 20:45:00,6780.0
2019-10-02 21:00:00,6756.2
2019-10-02 21:15:00,6730.8
2019-10-02 21:30:00,6679.8
2019-10-02 21:45:00,6639.4
2019-10-02 22:00:00,6599.4
2019-10-02 22:15:00,6573.5
2019-10-02 22:30:00,6540.0
2019-10-02 22:45:00,6523.2
2019-10-02 23:00:00,6505.7
2019-10-02 23:15:00,6478.1
2019-10-02 23:30:00,6453.8
2019-10-02 23:45:00,6443.4
2019-10-03 00:00:00,6415.0
2019-10-03 00:15:00,6399.0
2019-10-03 00:30:00,6382.0
2019-10-03 00:45:00,6379.2
2019-10-03 01:00:00,6381.8
2019-10-03 01:15:00,6371.9
2019-10-03 01:30:00,6362.5
2019-10-03 01:45:00,6363.9
2019-10-03 02:00:00,6368.1
2019-10-03 02:15:00,6360.6
2019-10-03 02:30:00,6361.6
2019-10-03 02:45:00,6357.7
2019-10-03 03:00:00,6347.9
2019-10-03 03:15:00,6336.4
2019-10-03 03:30:00,6336.8
2019-10-03 03:45:00,6328.7
2019-10-03 04:00:00,6318.0
2019-10-03 04:15:00,6295.4
2019-10-03 04:30:00,6281.1
2019-10-03 04:45:00,6273.5
2019-10-03 05:00:00,6274.7
2019-10-03 05:15:00,6272.5
2019-10-03 05:30:00,6276.8
2019-10-03 05:45:00,6290.3
2019-10-03 06:00:00,6319.8
2019-10-03 06:15:00,6328.8
2019-10-03 06:30:00,6347.4
2019-10-03 06:45:00,6363.5
2019-10-03 07:00:00,6400.0
2019-10-03 07:15:00,6427.0
2019-10-03 07:30:00,6454.3
2019-10-03 07:45:00,6473.0
2019-10-03 08:00:00,6499.0
2019-10-03 08:15:00,6513.9
2019-10-03 08:30:00,6533.9
2019-10-03 08:45:00,6552.1
2019-10-03 09:00:00,6569.5
2019-10-03 09:15:00,6586.1
2019-10-03 09:30:00,6598.6
2019-10-03 09:45:00,6613.1
2019-10-03 10:00:00,6638.4
2019-10-03 10:15:00,6660.8
2019-10-03 10:30:00,6670.4
2019-10-03 10:45:00,6678.9
2019-10-03 11:00:00,6685.9
2019-10-03 11:15:00,6671.3
2019-10-03 11:30:00,6654.7
2019-10-03 11:45:00,6646.0
2019-10-03 12:00:00,6629.1
2019-10-03 12:15:00,6605.1
2019-10-03 12:30:00,6587.3
2019-10-03 12:45:00,6565.2
2019-10-03 13:00:00,6556.6
2019-10-03 13:15:00,6539.0
2019-10-03 13:30:00,6525.4
2019-10-03 13:45:00,6519.0
2019-10-03 14:00:00,6507.6
2019-10-03 14:15:00,6492.8
2019-10-03 14:30:00,6495.9
2019-10-03 14:45:00,6489.5
2019-10-03 15:00:00,6491.7
2019-10-03 15:15:00,6480.6
2019-10-03 15:30:00,6483.3
2019-10-03 15:45:00,6486.2
2019-10-03 16:00:00,6497.8
2019-10-03 16:15:00,6511.1
2019-10-03 16:30:00,6524.6
2019-10-03 16:45:00,6539.2
2019-10-03 17:00:00,6569.3
2019-10-03 17:15:00,6578.0
2019-10-03 17:30:00,6597.6
2019-10-03 17:45:00,6611.9
2019-10-03 18:00:00,6644.2
2019-10-03 18:15:00,6654.7
2019-10-03 18:30:00,6659.2
2019-10-03 18:45:00,6647.5
2019-10-03 19:00:00,6630.5
2019-10-03 19:15:00,6602.8
2019-10-03 19:30:00,6576.2
2019-10-03 19:45:00,6562.6
2019-10-03 20:00:00,6531.2
2019-10-03 20:15:00,6511.5
2019-10-03 20:30:00,6495.9
2019-10-03 20:45:00,6484.9
2019-10-03 21:00:00,6482.1
2019-10-03 21:15:00,6460.1
2019-10-03 21:30:00,6430.5
2019-10-03 21:45:00,6411.5
2019-10-03 22:00:00,6373.3
2019-10-03 22:15:00,6348.7
2019-10-03 22:30:00,6322.5
2019-10-03 22:45:00,6301.2
2019-10-03 23:00:00,6281.5
2019-10-03 23:15:00,6260.6
2019-10-03 23:30:00,6240.3
2019-10-03 23:45:00,6224.8
2019-10-04 00:00:00,6223.2
2019-10-04 00:15:00,6208.4
2019-10-04 00:30:00,6207.8
2019-10-04 00:45:00,6211.4
2019-10-04 01:00:00,6200.0
2019-10-04 01:15:00,6197.7
2019-10-04 01:30:00,6195.2
2019-10-04 01:45:00,6195.3
2019-10-04 02:00:00,6204.9
2019-10-04 02:15:00,6204.7
2019-10-04 02:30:00,6212.2
2019-10-04 02:45:00,6211.1
2019-10-04 03:00:00,6232.2
2019-10-04 03:15:00,6248.5
2019-10-04 03:30:00,6259.9
2019-10-04 03:45:00,6270.0
2019-10-04 04:00:00,6314.3
2019-10-04 04:15:00,6330.3
2019-10-04 04:30:00,6358.8
2019-10-04 04:45:00,6400.0
2019-10-04 05:00:00,6484.7
2019-10-04 05:15:00,6536.4
2019-10-04 05:30:00,6589.2
2019-10-04 05:45:00,6629.0
2019-10-04 06:00:00,6693.9
2019-10-04 06:15:00,6714.0
2019-10-04 06:30:00,6737.4
2019-10-04 06:45:00,6763.0
2019-10-04 07:00:00,6786.9
2019-10-04 07:15:00,6802.6
2019-10-04 07:30:00,6811.5
2019-10-04 07:45:00,6824.2
2019-10-04 08:00:00,6842.7
2019-10-04 08:15:00,6857.0
2019-10-04 08:30:00,6871.4
2019-10-04 08:45:00,6880.6
2019-10-04 09:00:00,6875.5
2019-10-04 09:15:00,6878.5
2019-10-04 09:30:00,6891.0
2019-10-04 09:45:00,6899.2
2019-10-04 10:00:00,6908.8
2019-10-04 10:15:00,6925.6
2019-10-04 10:30:00,6935.5
2019-10-04 10:45:00,6937.1
2019-10-04 11:00:00,6927.7
2019-10-04 11:15:00,6918.1
2019-10-04 11:30:00,6904.7
2019-10-04 11:45:00,6902.4
2019-10-04 12:00:00,6899.2
2019-10-04 12:15:00,6888.7
2019-10-04 12:30:00,6868.2
2019-10-04 12:45:00,6848.9
2019-10-04 13:00:00,6846.9
2019-10-04 13:15:00,6833.0
2019-10-04 13:30:00,6826.7
2019-10-04 13:45:00,6819.4
2019-10-04 14:00:00,6815.6
2019-10-04 14:15:00,6797.8
2019-10-04 14:30:00,6794.1
2019-10-04 14:45:00,6781.5
2019-10-04 15:00:00,6772.1
2019-10-04 15:15:00,6764.0
2019-10-04 15:30:00,6768.8
2019-10-04 15:45:00,6766.9
2019-10-04 16:00:00,6773.5
2019-10-04 16:15:00,6781.7
2019-10-04 16:30:00,6788.9
2019-10-04 16:45:00,6797.9
2019-10-04 17:00:00,6811.7
2019-10-04 17:15:00,6813.1
2019-10-04 17:30:00,6824.1
2019-10-04 17:45:00,6844.5
2019-10-04 18:00:00,6869.0
2019-10-04 18:15:00,6870.9
2019-10-04 18:30:00,6865.4
2019-10-04 18:45:00,6842.0
2019-10-04 19:00:00,6814.5
2019-10-04 19:15:00,6772.8
2019-10-04 19:30:00,6748.3
2019-10-04 19:45:00,6728.3
2019-10-04 20:00:00,6696.6
2019-10-04 20:15:00,6670.7
2019-10-04 20:30:00,6646.4
2019-10-04 20:45:00,6623.4
2019-10-04 21:00:00,6593.1
2019-10-04 21:15:00,6564.9
2019-10-04 21:30:00,6540.1
2019-10-04 21:45:00,6507.3
2019-10-04 22:00:00,6484.4
2019-10-04 22:15:00,6448.3
2019-10-04 22:30:00,6419.5
2019-10-04 22:45:00,6409.8
2019-10-04 23:00:00,6383.5
2019-10-04 23:15:00,6360.9
2019-10-04 23:30:00,6358.1
2019-10-04 23:45:00,6342.3
2019-10-05 00:00:00,6332.6
2019-10-05 00:15:00,6315.6
2019-10-05 00:30:00,6300.9
2019-10-05 00:45:00,6295.3
2019-10-05 01:00:00,6291.6
2019-10-05 01:15:00,6282.3
2019-10-05 01:30:00,6279.5
2019-10-05 01:45:00,6282.0
2019-10-05 02:00:00,6287.4
2019-10-05 02:15:00,6289.3
2019-10-05 02:30:00,6300.3
2019-10-05 02:45:00,6303.4
2019-10-05 03:00:00,6315.7
2019-10-05 03:15:00,6318.5
2019-10-05 03:30:00,6326.5
2019-10-05 03:45:00,6334.4
2019-10-05 04:00:00,6337.0
2019-10-05 04:15:00,6334.3
2019-10-05 04:30:00,6352.1
2019-10-05 04:45:00,6362.1
2019-10-05 05:00:00,6374.0
2019-10-05 05:15:00,6387.7
2019-10-05 05:30:00,6401.0
2019-10-05 05:45:00,6418.4
2019-10-05 06:00:00,6454.3
2019-10-05 06:15:00,6474.4
2019-10-05 06:30:00,6481.2
2019-10-05 06:45:00,6509.3
2019-10-05 07:00:00,6540.1
2019-10-05 07:15:00,6561.0
2019-10-05 07:30:00,6591.0
2019-10-05 07:45:00,6613.5
2019-10-05 08:00:00,6624.9
2019-10-05 08:15:00,6645.5
2019-10-05 08:30:00,6657.7
2019-10-05 08:45:00,6671.1
2019-10-05 09:00:00,6678.0
2019-10-05 09:15:00,6687.5
2019-10-05 09:30:00,6695.3
2019-10-05 09:45:00,6705.1
2019-10-05 10:00:00,6723.2
2019-10-05 10:15:00,6734.6
2019-10-05 10:30:00,6747.3
2019-10-05 10:45:00,6749.0
2019-10-05 11:00:00,6760.9
2019-10-05 11:15:00,6744.7
2019-10-05 11:30:00,6729.5
2019-10-05 11:45:00,6719.2
2019-10-05 12:00:00,6699.9
2019-10-05 12:15:00,6674.6
2019-10-05 12:30:00,6666.3
2019-10-05 12:45:00,6644.9
2019-10-05 13:00:00,6643.7
2019-10-05 13:15:00,6621.2
2019-10-05 13:30:00,6608.1
2019-10-05 13:45:00,6605.6
2019-10-05 14:00:00,6615.8
2019-10-05 14:15:00,6598.8
2019-10-05 14:30:00,6594.9
2019-10-05 14:45:00,6587.0
2019-10-05 15:00:00,6579.4
2019-10-05 15:15:00,6570.0
2019-10-05 15:30:00,6577.5
2019-10-05 15:45:00,6568.3
2019-10-05 16:00:00,6578.5
2019-10-05 16:15:00,6579.1
2019-10-05 16:30:00,6594.3
2019-10-05 16:45:00,6601.5
2019-10-05 17:00:00,6609.1
2019-10-05 17:15:00,6619.1
2019-10-05 17:30:00,6632.8
2019-10-05 17:45:00,6644.5
2019-10-05 18:00:00,6676.8
2019-10-05 18:15:00,6689.1
2019-10-05 18:30:00,6686.4
2019-10-05 18:45:00,6659.7
2019-10-05 19:00:00,6643.0
2019-10-05 19:15:00,6613.5
2019-10-05 19:30:00,6586.9
2019-10-05 19:45:00,6562.0
2019-10-05 20:00:00,6548.9
2019-10-05 20:15:00,6530.3
2019-10-05 20:30:00,6506.5
2019-10-05 20:45:00,6486.7
2019-10-05 21:00:00,6491.8
2019-10-05 21:15:00,6477.4
2019-10-05 21:30:00,6453.9
2019-10-05 21:45:00,6425.4
2019-10-05 22:00:00,6397.5
2019-10-05 22:15:00,6379.7
2019-10-05 22:30:00,6350.8
2019-10-05 22:45:00,6332.1
2019-10-05 23:00:00,6329.2
2019-10-05 23:15:00,6309.9
2019-10-05 23:30:00,6292.6
2019-10-05 23:45:00,6273.3
2019-10-06 00:00:00,6232.6
2019-10-06 00:15:00,6212.0
2019-10-06 00:30:00,6210.3
2019-10-06 00:45:00,6207.3
2019-10-06 01:00:00,6199.3
2019-10-06 01:15:00,6193.2
2019-10-06 01:30:00,6195.1
2019-10-06 01:45:00,6190.8
2019-10-06 02:00:00,6208.2
2019-10-06 02:15:00,6207.9
2019-10-06 02:30:00,6209.6
2019-10-06 02:45:00,6212.1
2019-10-06 03:00:00,6216.6
2019-10-06 03:15:00,6214.0
2019-10-06 03:30:00,6221.9
2019-10-06 03:45:00,6217.6
2019-10-06 04:00:00,6234.6
2019-10-06 04:15:00,6220.6
2019-10-06 04:30:00,6219.9
2019-10-06 04:45:00,6218.2
2019-10-06 05:00:00,6227.0
2019-10-06 05:15:00,6232.7
2019-10-06 05:30:00,6229.5
2019-10-06 05:45:00,6239.4
2019-10-06 06:00:00,6250.4
2019-10-06 06:15:00,6260.4
2019-10-06 06:30:00,6274.3
2019-10-06 06:45:00,6292.6
2019-10-06 07:00:00,6333.1
2019-10-06 07:15:00,6357.7
2019-10-06 07:30:00,6390.1
2019-10-06 07:45:00,6414.5
2019-10-06 08:00:00,6442.0
2019-10-06 08:15:00,6469.9
2019-10-06 08:30:00,6498.8
2019-10-06 08:45:00,6511.6
2019-10-06 09:00:00,6531.1
2019-10-06 09:15:00,6552.1
2019-10-06 09:30:00,6564.0
2019-10-06 09:45:00,6583.6
2019-10-06 10:00:00,6601.9
2019-10-06 10:15:00,6625.9
2019-10-06 10:30:00,6644.4
2019-10-06 10:45:00,6651.7
2019-10-06 11:00:00,6643.0
2019-10-06 11:15:00,6631.5
2019-10-06 11:30:00,6626.9
2019-10-06 11:45:00,6615.1
2019-10-06 12:00:00,6608.5
2019-10-06 12:15:00,6601.4
2019-10-06 12:30:00,6602.4
2019-10-06 12:45:00,6587.7
2019-10-06 13:00:00,6594.1
2019-10-06 13:15:00,6588.2
2019-10-06 13:30:00,6579.1
2019-10-06 13:45:00,6564.4
2019-10-06 14:00:00,6563.1
2019-10-06 14:15:00,6556.1
2019-10-06 14:30:00,6552.8
2019-10-06 14:45:00,6544.9
2019-10-06 15:00:00,6559.7
2019-10-06 15:15:00,6557.0
2019-10-06 15:30:00,6560.6
2019-10-06 15:45:00,6557.5
2019-10-06 16:00:00,6578.0
2019-10-06 16:15:00,6592.0
2019-10-06 16:30:00,6607.2
2019-10-06 16:45:00,6616.9
2019-10-06 17:00:00,6621.5
2019-10-06 17:15:00,6632.3
2019-10-06 17:30:00,6650.5
2019-10-06 17:45:00,6677.2
2019-10-06 18:00:00,6708.2
2019-10-06 18:15:00,6705.3
2019-10-06 18:30:00,6690.1
2019-10-06 18:45:00,6676.4
2019-10-06 19:00:00,6664.8
2019-10-06 19:15:00,6641.8
2019-10-06 19:30:00,6614.6
2019-10-06 19:45:00,6586.9
2019-10-06 20:00:00,6575.5
2019-10-06 20:15:00,6559.9
2019-10-06 20:30:00,6542.7
2019-10-06 20:45:00,6538.8
2019-10-06 21:00:00,6553.8
2019-10-06 21:15:00,6540.9
2019-10-06 21:30:00,6522.3
2019-10-06 21:45:00,6503.0
2019-10-06 22:00:00,6477.1
2019-10-06 22:15:00,6453.3
2019-10-06 22:30:00,6432.7
2019-10-06 22:45:00,6407.3
2019-10-06 23:00:00,6385.6
2019-10-06 23:15:00,6364.9
2019-10-06 23:30:00,6346.9
2019-10-06 23:45:00,6327.0
2019-10-07 00:00:00,6305.2
2019-10-07 00:15:00,6296.9
2019-10-07 00:30:00,6289.9
2019-10-07 00:45:00,6286.9
2019-10-07 01:00:00,6276.7
2019-10-07 01:15:00,6273.4
2019-10-07 01:30:00,6272.0
2019-10-07 01:45:00,6272.5
2019-10-07 02:00:00,6281.9
2019-10-07 02:15:00,6285.6
2019-10-07 02:30:00,6287.2
2019-10-07 02:45:00,6289.9
2019-10-07 03:00:00,6317.1
2019-10-07 03:15:00,6324.5
2019-10-07 03:30:00,6342.9
2019-10-07 03:45:00,6372.3
2019-10-07 04:00:00,6431.5
2019-10-07 04:15:00,6466.0
2019-10-07 04:30:00,6505.0
2019-10-07 04:45:00,6565.9
2019-10-07 05:00:00,6695.7
2019-10-07 05:15:00,6774.5
2019-10-07 05:30:00,6835.9
2019-10-07 05:45:00,6898.4
2019-10-07 06:00:00,6948.7
2019-10-07 06:15:00,6973.2
2019-10-07 06:30:00,6985.6
2019-10-07 06:45:00,7009.0
2019-10-07 07:00:00,7041.3
2019-10-07 07:15:00,7061.8
2019-10-07 07:30:00,7075.3
2019-10-07 07:45:00,7082.6
2019-10-07 08:00:00,7065.2
2019-10-07 08:15:00,7079.3
2019-10-07 08:30:00,7093.4
2019-10-07 08:45:00,7095.9
2019-10-07 09:00:00,7101.3
2019-10-07 09:15:00,7106.6
2019-10-07 09:30:00,7116.9
2019-10-07 09:45:00,7120.3
2019-10-07 10:00:00,7105.2
2019-10-07 10:15:00,7119.3
2019-10-07 10:30:00,7129.0
2019-10-07 10:45:00,7126.2
2019-10-07 11:00:00,7098.2
2019-10-07 11:15:00,7094.1
2019-10-07 11:30:00,7093.4
2019-10-07 11:45:00,7096.3
2019-10-07 12:00:00,7099.4
2019-10-07 12:15:00,7093.4
2019-10-07 12:30:00,7068.7
2019-10-07 12:45:00,7044.3
2019-10-07 13:00:00,7022.8
2019-10-07 13:15:00,7019.3
2019-10-07 13:30:00,7002.2
2019-10-07 13:45:00,6997.0
2019-10-07 14:00:00,7002.1
2019-10-07 14:15:00,6990.7
2019-10-07 14:30:00,6973.0
2019-10-07 14:45:00,6962.2
2019-10-07 15:00:00,6965.9
2019-10-07 15:15:00,6945.4
2019-10-07 15:30:00,6949.2
2019-10-07 15:45:00,6938.8
2019-10-07 16:00:00,6945.3
2019-10-07 16:15:00,6946.7
2019-10-07 16:30:00,6965.4
2019-10-07 16:45:00,6973.2
2019-10-07 17:00:00,6997.6
2019-10-07 17:15:00,7002.9
2019-10-07 17:30:00,7029.3
2019-10-07 17:45:00,7058.9
2019-10-07 18:00:00,7099.7
2019-10-07 18:15:00,7098.1
2019-10-07 18:30:00,7090.7
2019-10-07 18:45:00,7071.8
2019-10-07 19:00:00,7045.3
2019-10-07 19:15:00,7001.8
2019-10-07 19:30:00,6967.1
2019-10-07 19:45:00,6940.7
2019-10-07 20:00:00,6905.7
2019-10-07 20:15:00,6886.7
2019-10-07 20:30:00,6853.2
2019-10-07 20:45:00,6818.5
2019-10-07 21:00:00,6793.7
2019-10-07 21:15:00,6765.9
2019-10-07 21:30:00,6725.0
2019-10-07 21:45:00,6695.2
2019-10-07 22:00:00,6642.1
2019-10-07 22:15:00,6608.3
2019-10-07 22:30:00,6577.2
2019-10-07 22:45:00,6560.6
2019-10-07 23:00:00,6519.0
2019-10-07 23:15:00,6494.5
2019-10-07 23:30:00,6481.6
2019-10-07 23:45:00,6472.2
2019-10-08 00:00:00,6435.7
2019-10-08 00:15:00,6429.1
2019-10-08 00:30:00,6430.0
2019-10-08 00:45:00,6420.0
2019-10-08 01:00:00,6403.3
2019-10-08 01:15:00,6400.5
2019-10-08 01:30:00,6402.9
2019-10-08 01:45:00,6405.5
2019-10-08 02:00:00,6413.2
2019-10-08 02:15:00,6423.8
2019-10-08 02:30:00,6433.8
2019-10-08 02:45:00,6437.6
2019-10-08 03:00:00,6469.2
2019-10-08 03:15:00,6488.5
2019-10-08 03:30:00,6510.4
2019-10-08 03:45:00,6538.2
2019-10-08 04:00:00,6571.4
2019-10-08 04:15:00,6596.7
2019-10-08 04:30:00,6631.6
2019-10-08 04:45:00,6679.8
2019-10-08 05:00:00,6782.3
2019-10-08 05:15:00,6854.6
2019-10-08 05:30:00,6913.6
2019-10-08 05:45:00,6970.8
2019-10-08 06:00:00,7017.6
2019-10-08 06:15:00,7056.6
2019-10-08 06:30:00,7080.0
2019-10-08 06:45:00,7098.1
2019-10-08 07:00:00,7130.8
2019-10-08 07:15:00,7145.2
2019-10-08 07:30:00,7160.9
2019-10-08 07:45:00,7166.2
2019-10-08 08:00:00,7139.0
2019-10-08 08:15:00,7148.6
2019-10-08 08:30:00,7163.9
2019-10-08 08:45:00,7158.0
2019-10-08 09:00:00,7155.7
2019-10-08 09:15:00,7169.0
2019-10-08 09:30:00,7178.7
2019-10-08 09:45:00,7187.5
2019-10-08 10:00:00,7211.2
2019-10-08 10:15:00,7243.3
2019-10-08 10:30:00,7254.7
2019-10-08 10:45:00,7259.3
2019-10-08 11:00:00,7249.2
2019-10-08 11:15:00,7232.7
2019-10-08 11:30:00,7233.3
2019-10-08 11:45:00,7236.3
2019-10-08 12:00:00,7234.5
2019-10-08 12:15:00,7222.9
2019-10-08 12:30:00,7202.7
2019-10-08 12:45:00,7186.8
2019-10-08 13:00:00,7165.6
2019-10-08 13:15:00,7150.8
2019-10-08 13:30:00,7145.6
2019-10-08 13:45:00,7137.9
2019-10-08 14:00:00,7125.2
2019-10-08 14:15:00,7109.3
2019-10-08 14:30:00,7099.9
2019-10-08 14:45:00,7086.9
2019-10-08 15:00:00,7081.3
2019-10-08 15:15:00,7072.8
2019-10-08 15:30:00,7065.7
2019-10-08 15:45:00,7054.3
2019-10-08 16:00:00,7050.2
2019-10-08 16:15:00,7053.1
2019-10-08 16:30:00,7066.7
2019-10-08 16:45:00,7069.5
2019-10-08 17:00:00,7081.8
2019-10-08 17:15:00,7085.2
2019-10-08 17:30:00,7111.8
2019-10-08 17:45:00,7132.3
2019-10-08 18:00:00,7151.0
2019-10-08 18:15:00,7138.0
2019-10-08 18:30:00,7131.6
2019-10-08 18:45:00,7112.6
2019-10-08 19:00:00,7052.2
2019-10-08 19:15:00,7012.9
2019-10-08 19:30:00,6974.9
2019-10-08 19:45:00,6944.0
2019-10-08 20:00:00,6928.4
2019-10-08 20:15:00,6891.6
2019-10-08 20:30:00,6856.9
2019-10-08 20:45:00,6829.7
2019-10-08 21:00:00,6812.9
2019-10-08 21:15:00,6783.8
2019-10-08 21:30:00,6752.3
2019-10-08 21:45:00,6710.5
2019-10-08 22:00:00,6683.8
2019-10-08 22:15:00,6658.5
2019-10-08 22:30:00,6626.4
2019-10-08 22:45:00,6611.2
2019-10-08 23:00:00,6574.1
2019-10-08 23:15:00,6542.1
2019-10-08 23:30:00,6538.5
2019-10-08 23:45:00,6523.8
2019-10-09 00:00:00,6502.6
2019-10-09 00:15:00,6490.7
2019-10-09 00:30:00,6477.3
2019-10-09 00:45:00,6475.4
2019-10-09 01:00:00,6457.3
2019-10-09 01:15:00,6446.8
2019-10-09 01:30:00,6452.9
2019-10-09 01:45:00,6451.8
2019-10-09 02:00:00,6460.7
2019-10-09 02:15:00,6467.4
2019-10-09 02:30:00,6477.6
2019-10-09 02:45:00,6486.2
2019-10-09 03:00:00,6513.4
2019-10-09 03:15:00,6530.3
2019-10-09 03:30:00,6544.2
2019-10-09 03:45:00,6567.8
2019-10-09 04:00:00,6619.3
2019-10-09 04:15:00,6644.1
2019-10-09 04:30:00,6670.3
2019-10-09 04:45:00,6717.3
2019-10-09 05:00:00,6819.8
2019-10-09 05:15:00,6894.7
2019-10-09 05:30:00,6946.8
2019-10-09 05:45:00,6999.6
2019-10-09 06:00:00,7055.5
2019-10-09 06:15:00,7081.7
2019-10-09 06:30:00,7102.4
2019-10-09 06:45:00,7114.7
2019-10-09 07:00:00,7113.5
2019-10-09 07:15:00,7125.8
2019-10-09 07:30:00,7124.5
2019-10-09 07:45:00,7132.7
2019-10-09 08:00:00,7115.6
2019-10-09 08:15:00,7122.6
2019-10-09 08:30:00,7126.4
2019-10-09 08:45:00,7129.9
2019-10-09 09:00:00,7142.3
2019-10-09 09:15:00,7147.9
2019-10-09 09:30:00,7154.4
2019-10-09 09:45:00,7171.6
2019-10-09 10:00:00,7180.1
2019-10-09 10:15:00,7200.9
2019-10-09 10:30:00,7208.4
2019-10-09 10:45:00,7213.6
2019-10-09 11:00:00,7200.9
2019-10-09 11:15:00,7192.9
2019-10-09 11:30:00,7177.0
2019-10-09 11:45:00,7180.0
2019-10-09 12:00:00,7181.1
2019-10-09 12:15:00,7182.4
2019-10-09 12:30:00,7180.3
2019-10-09 12:45:00,7165.8
2019-10-09 13:00:00,7163.6
2019-10-09 13:15:00,7145.4
2019-10-09 13:30:00,7139.5
2019-10-09 13:45:00,7124.5
2019-10-09 14:00:00,7120.5
2019-10-09 14:15:00,7100.1
2019-10-09 14:30:00,7081.9
2019-10-09 14:45:00,7060.5
2019-10-09 15:00:00,7038.6
2019-10-09 15:15:00,7023.2
2019-10-09 15:30:00,7009.3
2019-10-09 15:45:00,7005.9
2019-10-09 16:00:00,7010.7
2019-10-09 16:15:00,7012.6
2019-10-09 16:30:00,7018.0
2019-10-09 16:45:00,7031.8
2019-10-09 17:00:00,7055.1
2019-10-09 17:15:00,7057.0
2019-10-09 17:30:00,7076.2
2019-10-09 17:45:00,7101.6
2019-10-09 18:00:00,7130.9
2019-10-09 18:15:00,7129.1
2019-10-09 18:30:00,7120.5
2019-10-09 18:45:00,7091.1
2019-10-09 19:00:00,7040.4
2019-10-09 19:15:00,7006.2
2019-10-09 19:30:00,6979.1
2019-10-09 19:45:00,6943.2
2019-10-09 20:00:00,6907.8
2019-10-09 20:15:00,6883.1
2019-10-09 20:30:00,6859.3
2019-10-09 20:45:00,6828.9
2019-10-09 21:00:00,6791.8
2019-10-09 21:15:00,6761.2
2019-10-09 21:30:00,6729.0
2019-10-09 21:45:00,6701.8
2019-10-09 22:00:00,6676.0
2019-10-09 22:15:00,6642.4
2019-10-09 22:30:00,6618.7
2019-10-09 22:45:00,6589.6
2019-10-09 23:00:00,6570.2
2019-10-09 23:15:00,6540.6
2019-10-09 23:30:00,6543.7
2019-10-09 23:45:00,6522.8
2019-10-10 00:00:00,6506.0
2019-10-10 00:15:00,6490.5
2019-10-10 00:30:00,6488.9
2019-10-10 00:45:00,6482.5
2019-10-10 01:00:00,6464.8
2019-10-10 01:15:00,6446.7
2019-10-10 01:30:00,6454.8
2019-10-10 01:45:00,6462.1
2019-10-10 02:00:00,6463.8
2019-10-10 02:15:00,6467.0
2019-10-10 02:30:00,6489.1
2019-10-10 02:45:00,6499.8
2019-10-10 03:00:00,6519.5
2019-10-10 03:15:00,6520.0
2019-10-10 03:30:00,6532.2
2019-10-10 03:45:00,6557.4
2019-10-10 04:00:00,6588.7
2019-10-10 04:15:00,6617.3
2019-10-10 04:30:00,6651.5
2019-10-10 04:45:00,6697.4
2019-10-10 05:00:00,6794.6
2019-10-10 05:15:00,6870.0
2019-10-10 05:30:00,6919.1
2019-10-10 05:45:00,6969.4
2019-10-10 06:00:00,7032.4
2019-10-10 06:15:00,7056.9
2019-10-10 06:30:00,7064.8
2019-10-10 06:45:00,7078.4
2019-10-10 07:00:00,7110.9
2019-10-10 07:15:00,7125.8
2019-10-10 07:30:00,7139.8
2019-10-10 07:45:00,7149.2
2019-10-10 08:00:00,7132.7
2019-10-10 08:15:00,7145.2
2019-10-10 08:30:00,7158.8
2019-10-10 08:45:00,7173.2
2019-10-10 09:00:00,7175.8
2019-10-10 09:15:00,7183.1
2019-10-10 09:30:00,7186.4
2019-10-10 09:45:00,7210.7
2019-10-10 10:00:00,7217.1
2019-10-10 10:15:00,7233.1
2019-10-10 10:30:00,7239.7
2019-10-10 10:45:00,7235.3
2019-10-10 11:00:00,7220.5
2019-10-10 11:15:00,7215.7
2019-10-10 11:30:00,7212.8
2019-10-10 11:45:00,7213.0
2019-10-10 12:00:00,7229.3
2019-10-10 12:15:00,7216.8
2019-10-10 12:30:00,7194.4
2019-10-10 12:45:00,7190.4
2019-10-10 13:00:00,7179.6
2019-10-10 13:15:00,7172.6
2019-10-10 13:30:00,7160.0
2019-10-10 13:45:00,7152.7
2019-10-10 14:00:00,7127.8
2019-10-10 14:15:00,7121.7
2019-10-10 14:30:00,7117.3
2019-10-10 14:45:00,7094.1
2019-10-10 15:00:00,7064.4
2019-10-10 15:15:00,7044.1
2019-10-10 15:30:00,7045.1
2019-10-10 15:45:00,7042.7
2019-10-10 16:00:00,7063.2
2019-10-10 16:15:00,7068.1
2019-10-10 16:30:00,7060.8
2019-10-10 16:45:00,7066.8
2019-10-10 17:00:00,7076.5
2019-10-10 17:15:00,7067.2
2019-10-10 17:30:00,7089.6
2019-10-10 17:45:00,7120.8
2019-10-10 18:00:00,7144.6
2019-10-10 18:15:00,7141.8
2019-10-10 18:30:00,7129.4
2019-10-10 18:45:00,7115.9
2019-10-10 19:00:00,7097.2
2019-10-10 19:15:00,7060.5
2019-10-10 19:30:00,7027.3
2019-10-10 19:45:00,7001.6
2019-10-10 20:00:00,6948.4
2019-10-10 20:15:00,6925.3
2019-10-10 20:30:00,6898.5
2019-10-10 20:45:00,6870.3
2019-10-10 21:00:00,6858.7
2019-10-10 21:15:00,6827.3
2019-10-10 21:30:00,6795.8
2019-10-10 21:45:00,6758.8
2019-10-10 22:00:00,6718.0
2019-10-10 22:15:00,6694.3
2019-10-10 22:30:00,6672.1
2019-10-10 22:45:00,6653.6
2019-10-10 23:00:00,6627.4
2019-10-10 23:15:00,6602.8
2019-10-10 23:30:00,6594.1
2019-10-10 23:45:00,6569.6
2019-10-11 00:00:00,6533.9
2019-10-11 00:15:00,6521.0
2019-10-11 00:30:00,6519.9
2019-10-11 00:45:00,6514.4
2019-10-11 01:00:00,6495.5
2019-10-11 01:15:00,6489.8
2019-10-11 01:30:00,6485.4
2019-10-11 01:45:00,6494.2
2019-10-11 02:00:00,6491.7
2019-10-11 02:15:00,6494.1
2019-10-11 02:30:00,6504.0
2019-10-11 02:45:00,6511.5
2019-10-11 03:00:00,6517.2
2019-10-11 03:15:00,6529.6
2019-10-11 03:30:00,6550.4
2019-10-11 03:45:00,6568.3
2019-10-11 04:00:00,6612.2
2019-10-11 04:15:00,6632.2
2019-10-11 04:30:00,6671.9
2019-10-11 04:45:00,6719.9
2019-10-11 05:00:00,6834.0
2019-10-11 05:15:00,6905.4
2019-10-11 05:30:00,6972.0
2019-10-11 05:45:00,7029.6
2019-10-11 06:00:00,7089.9
2019-10-11 06:15:00,7119.7
2019-10-11 06:30:00,7141.2
2019-10-11 06:45:00,7161.6
2019-10-11 07:00:00,7186.1
2019-10-11 07:15:00,7192.4
2019-10-11 07:30:00,7199.7
2019-10-11 07:45:00,7203.9
2019-10-11 08:00:00,7178.2
2019-10-11 08:15:00,7178.8
2019-10-11 08:30:00,7196.1
2019-10-11 08:45:00,7210.2
2019-10-11 09:00:00,7190.1
2019-10-11 09:15:00,7192.5
2019-10-11 09:30:00,7200.2
2019-10-11 09:45:00,7208.6
2019-10-11 10:00:00,7207.5
2019-10-11 10:15:00,7210.1
2019-10-11 10:30:00,7213.1
2019-10-11 10:45:00,7210.6
2019-10-11 11:00:00,7209.1
2019-10-11 11:15:00,7192.4
2019-10-11 11:30:00,7185.9
2019-10-11 11:45:00,7186.4
2019-10-11 12:00:00,7196.6
2019-10-11 12:15:00,7174.0
2019-10-11 12:30:00,7153.5
2019-10-11 12:45:00,7134.2
2019-10-11 13:00:00,7124.1
2019-10-11 13:15:00,7117.3
2019-10-11 13:30:00,7102.1
2019-10-11 13:45:00,7088.3
2019-10-11 14:00:00,7089.3
2019-10-11 14:15:00,7072.0
2019-10-11 14:30:00,7051.4
2019-10-11 14:45:00,7036.7
2019-10-11 15:00:00,7030.6
2019-10-11 15:15:00,7024.1
2019-10-11 15:30:00,7027.0
2019-10-11 15:45:00,7025.4
2019-10-11 16:00:00,7043.9
2019-10-11 16:15:00,7050.5
2019-10-11 16:30:00,7056.0
2019-10-11 16:45:00,7064.8
2019-10-11 17:00:00,7097.7
2019-10-11 17:15:00,7093.1
2019-10-11 17:30:00,7113.2
2019-10-11 17:45:00,7134.1
2019-10-11 18:00:00,7163.6
2019-10-11 18:15:00,7144.9
2019-10-11 18:30:00,7133.0
2019-10-11 18:45:00,7111.8
2019-10-11 19:00:00,7049.8
2019-10-11 19:15:00,7003.9
2019-10-11 19:30:00,6966.2
2019-10-11 19:45:00,6934.2
2019-10-11 20:00:00,6895.1
2019-10-11 20:15:00,6869.8
2019-10-11 20:30:00,6839.2
2019-10-11 20:45:00,6816.2
2019-10-11 21:00:00,6794.7
2019-10-11 21:15:00,6772.6
2019-10-11 21:30:00,6743.8
2019-10-11 21:45:00,6704.0
2019-10-11 22:00:00,6664.4
2019-10-11 22:15:00,6643.1
2019-10-11 22:30:00,6621.3
2019-10-11 22:45:00,6589.2
2019-10-11 23:00:00,6557.0
2019-10-11 23:15:00,6537.1
2019-10-11 23:30:00,6530.2
2019-10-11 23:45:00,6508.2
2019-10-12 00:00:00,6485.8
2019-10-12 00:15:00,6471.5
2019-10-12 00:30:00,6462.2
2019-10-12 00:45:00,6449.2
2019-10-12 01:00:00,6433.2
2019-10-12 01:15:00,6426.8
2019-10-12 01:30:00,6417.2
2019-10-12 01:45:00,6412.2
2019-10-12 02:00:00,6410.9
2019-10-12 02:15:00,6409.0
2019-10-12 02:30:00,6406.5
2019-10-12 02:45:00,6399.5
2019-10-12 03:00:00,6403.7
2019-10-12 03:15:00,6404.5
2019-10-12 03:30:00,6404.7
2019-10-12 03:45:00,6414.6
2019-10-12 04:00:00,6437.4
2019-10-12 04:15:00,6439.7
2019-10-12 04:30:00,6435.0
2019-10-12 04:45:00,6444.8
2019-10-12 05:00:00,6464.0
2019-10-12 05:15:00,6481.1
2019-10-12 05:30:00,6491.4
2019-10-12 05:45:00,6518.0
2019-10-12 06:00:00,6540.1
2019-10-12 06:15:00,6563.0
2019-10-12 06:30:00,6571.8
2019-10-12 06:45:00,6591.2
2019-10-12 07:00:00,6625.9
2019-10-12 07:15:00,6651.2
2019-10-12 07:30:00,6673.0
2019-10-12 07:45:00,6695.7
2019-10-12 08:00:00,6709.6
2019-10-12 08:15:00,6723.9
2019-10-12 08:30:00,6737.5
2019-10-12 08:45:00,6757.4
2019-10-12 09:00:00,6769.7
2019-10-12 09:15:00,6782.8
2019-10-12 09:30:00,6798.9
2019-10-12 09:45:00,6801.5
2019-10-12 10:00:00,6812.8
2019-10-12 10:15:00,6821.1
2019-10-12 10:30:00,6824.2
2019-10-12 10:45:00,6818.0
2019-10-12 11:00:00,6807.2
2019-10-12 11:15:00,6803.3
2019-10-12 11:30:00,6792.2
2019-10-12 11:45:00,6775.7
2019-10-12 12:00:00,6752.3
2019-10-12 12:15:00,6731.8
2019-10-12 12:30:00,6720.9
2019-10-12 12:45:00,6705.0
2019-10-12 13:00:00,6696.2
2019-10-12 13:15:00,6686.6
2019-10-12 13:30:00,6684.3
2019-10-12 13:45:00,6665.3
2019-10-12 14:00:00,6657.8
2019-10-12 14:15:00,6643.6
2019-10-12 14:30:00,6622.2
2019-10-12 14:45:00,6619.2
2019-10-12 15:00:00,6628.3
2019-10-12 15:15:00,6625.8
2019-10-12 15:30:00,6623.3
2019-10-12 15:45:00,6624.8
2019-10-12 16:00:00,6634.6
2019-10-12 16:15:00,6631.3
2019-10-12 16:30:00,6647.3
2019-10-12 16:45:00,6659.9
2019-10-12 17:00:00,6690.6
2019-10-12 17:15:00,6694.8
2019-10-12 17:30:00,6713.8
2019-10-12 17:45:00,6744.8
2019-10-12 18:00:00,6754.2
2019-10-12 18:15:00,6741.9
2019-10-12 18:30:00,6724.2
2019-10-12 18:45:00,6695.2
2019-10-12 19:00:00,6668.4
2019-10-12 19:15:00,6629.6
2019-10-12 19:30:00,6595.5
2019-10-12 19:45:00,6575.8
2019-10-12 20:00:00,6558.5
2019-10-12 20:15:00,6534.8
2019-10-12 20:30:00,6511.1
2019-10-12 20:45:00,6496.1
2019-10-12 21:00:00,6491.4
2019-10-12 21:15:00,6472.5
2019-10-12 21:30:00,6446.4
2019-10-12 21:45:00,6420.7
2019-10-12 22:00:00,6408.4
2019-10-12 22:15:00,6382.1
2019-10-12 22:30:00,6361.0
2019-10-12 22:45:00,6343.2
2019-10-12 23:00:00,6332.6
2019-10-12 23:15:00,6314.7
2019-10-12 23:30:00,6302.6
2019-10-12 23:45:00,6278.3
2019-10-13 00:00:00,6258.4
2019-10-13 00:15:00,6242.1
2019-10-13 00:30:00,6228.6
2019-10-13 00:45:00,6213.8
2019-10-13 01:00:00,6207.0
2019-10-13 01:15:00,6198.4
2019-10-13 01:30:00,6191.8
2019-10-13 01:45:00,6189.4
2019-10-13 02:00:00,6180.8
2019-10-13 02:15:00,6171.9
2019-10-13 02:30:00,6177.3
2019-10-13 02:45:00,6169.7
2019-10-13 03:00:00,6178.6
2019-10-13 03:15:00,6178.4
2019-10-13 03:30:00,6183.6
2019-10-13 03:45:00,6197.0
2019-10-13 04:00:00,6194.4
2019-10-13 04:15:00,6198.9
2019-10-13 04:30:00,6209.3
2019-10-13 04:45:00,6215.0
2019-10-13 05:00:00,6227.5
2019-10-13 05:15:00,6238.0
2019-10-13 05:30:00,6254.8
2019-10-13 05:45:00,6262.7
2019-10-13 06:00:00,6285.6
2019-10-13 06:15:00,6299.6
2019-10-13 06:30:00,6307.8
2019-10-13 06:45:00,6318.1
2019-10-13 07:00:00,6355.4
2019-10-13 07:15:00,6384.8
2019-10-13 07:30:00,6411.2
2019-10-13 07:45:00,6441.5
2019-10-13 08:00:00,6467.9
2019-10-13 08:15:00,6489.6
2019-10-13 08:30:00,6510.5
2019-10-13 08:45:00,6528.0
2019-10-13 09:00:00,6543.0
2019-10-13 09:15:00,6557.5
2019-10-13 09:30:00,6572.5
2019-10-13 09:45:00,6590.7
2019-10-13 10:00:00,6600.8
2019-10-13 10:15:00,6630.9
2019-10-13 10:30:00,6649.4
2019-10-13 10:45:00,6650.2
2019-10-13 11:00:00,6643.2
2019-10-13 11:15:00,6639.1
2019-10-13 11:30:00,6631.0
2019-10-13 11:45:00,6601.1
2019-10-13 12:00:00,6574.4
2019-10-13 12:15:00,6557.9
2019-10-13 12:30:00,6536.5
2019-10-13 12:45:00,6525.0
2019-10-13 13:00:00,6516.0
2019-10-13 13:15:00,6508.7
2019-10-13 13:30:00,6491.2
2019-10-13 13:45:00,6487.7
2019-10-13 14:00:00,6504.5
2019-10-13 14:15:00,6492.1
2019-10-13 14:30:00,6486.2
2019-10-13 14:45:00,6486.6
2019-10-13 15:00:00,6495.2
2019-10-13 15:15:00,6498.5
2019-10-13 15:30:00,6495.9
2019-10-13 15:45:00,6504.1
2019-10-13 16:00:00,6526.0
2019-10-13 16:15:00,6542.9
2019-10-13 16:30:00,6569.9
2019-10-13 16:45:00,6589.4
2019-10-13 17:00:00,6621.0
2019-10-13 17:15:00,6643.1
2019-10-13 17:30:00,6677.3
2019-10-13 17:45:00,6718.2
2019-10-13 18:00:00,6750.1
2019-10-13 18:15:00,6746.1
2019-10-13 18:30:00,6744.9
2019-10-13 18:45:00,6723.9
2019-10-13 19:00:00,6713.1
2019-10-13 19:15:00,6696.5
2019-10-13 19:30:00,6681.0
2019-10-13 19:45:00,6657.1
2019-10-13 20:00:00,6632.7
2019-10-13 20:15:00,6614.7
2019-10-13 20:30:00,6614.7
2019-10-13 20:45:00,6604.6
2019-10-13 21:00:00,6598.6
2019-10-13 21:15:00,6587.0
2019-10-13 21:30:00,6565.4
2019-10-13 21:45:00,6534.3
2019-10-13 22:00:00,6512.1
2019-10-13 22:15:00,6490.0
2019-10-13 22:30:00,6456.1
2019-10-13 22:45:00,6444.6
2019-10-13 23:00:00,6424.7
2019-10-13 23:15:00,6399.9
2019-10-13 23:30:00,6389.8
2019-10-13 23:45:00,6368.5
2019-10-14 00:00:00,6350.6
2019-10-14 00:15:00,6339.1
2019-10-14 00:30:00,6328.1
2019-10-14 00:45:00,6320.0
2019-10-14 01:00:00,6310.8
2019-10-14 01:15:00,6298.1
2019-10-14 01:30:00,6295.4
2019-10-14 01:45:00,6286.6
2019-10-14 02:00:00,6286.5
2019-10-14 02:15:00,6285.2
2019-10-14 02:30:00,6288.5
2019-10-14 02:45:00,6293.9
2019-10-14 03:00:00,6319.2
2019-10-14 03:15:00,6329.5
2019-10-14 03:30:00,6354.6
2019-10-14 03:45:00,6387.4
2019-10-14 04:00:00,6443.4
2019-10-14 04:15:00,6475.0
2019-10-14 04:30:00,6520.2
2019-10-14 04:45:00,6581.4
2019-10-14 05:00:00,6689.7
2019-10-14 05:15:00,6761.7
2019-10-14 05:30:00,6812.0
2019-10-14 05:45:00,6879.4
2019-10-14 06:00:00,6956.5
2019-10-14 06:15:00,6985.4
2019-10-14 06:30:00,7005.7
2019-10-14 06:45:00,7012.0
2019-10-14 07:00:00,7047.6
2019-10-14 07:15:00,7061.6
2019-10-14 07:30:00,7073.4
2019-10-14 07:45:00,7073.3
2019-10-14 08:00:00,7048.0
2019-10-14 08:15:00,7055.0
2019-10-14 08:30:00,7074.1
2019-10-14 08:45:00,7077.6
2019-10-14 09:00:00,7086.4
2019-10-14 09:15:00,7082.4
2019-10-14 09:30:00,7090.1
2019-10-14 09:45:00,7105.5
2019-10-14 10:00:00,7111.7
2019-10-14 10:15:00,7118.7
2019-10-14 10:30:00,7117.7
2019-10-14 10:45:00,7119.2
2019-10-14 11:00:00,7119.7
2019-10-14 11:15:00,7112.1
2019-10-14 11:30:00,7109.4
2019-10-14 11:45:00,7108.9
2019-10-14 12:00:00,7124.3
2019-10-14 12:15:00,7110.0
2019-10-14 12:30:00,7104.3
2019-10-14 12:45:00,7083.8
2019-10-14 13:00:00,7074.4
2019-10-14 13:15:00,7063.2
2019-10-14 13:30:00,7049.8
2019-10-14 13:45:00,7040.4
2019-10-14 14:00:00,7038.5
2019-10-14 14:15:00,7020.5
2019-10-14 14:30:00,7003.0
2019-10-14 14:45:00,6987.2
2019-10-14 15:00:00,6979.6
2019-10-14 15:15:00,6971.2
2019-10-14 15:30:00,6960.0
2019-10-14 15:45:00,6958.4
2019-10-14 16:00:00,6971.6
2019-10-14 16:15:00,6981.1
2019-10-14 16:30:00,6995.6
2019-10-14 16:45:00,7006.7
2019-10-14 17:00:00,7020.8
2019-10-14 17:15:00,7030.3
2019-10-14 17:30:00,7068.2
2019-10-14 17:45:00,7115.9
2019-10-14 18:00:00,7140.5
2019-10-14 18:15:00,7134.6
2019-10-14 18:30:00,7137.0
2019-10-14 18:45:00,7121.7
2019-10-14 19:00:00,7074.8
2019-10-14 19:15:00,7033.4
2019-10-14 19:30:00,6993.6
2019-10-14 19:45:00,6966.6
2019-10-14 20:00:00,6934.5
2019-10-14 20:15:00,6903.7
2019-10-14 20:30:00,6875.2
2019-10-14 20:45:00,6839.4
2019-10-14 21:00:00,6804.4
2019-10-14 21:15:00,6774.0
2019-10-14 21:30:00,6731.8
2019-10-14 21:45:00,6701.2
2019-10-14 22:00:00,6650.5
2019-10-14 22:15:00,6624.8
2019-10-14 22:30:00,6588.4
2019-10-14 22:45:00,6567.7
2019-10-14 23:00:00,6535.7
2019-10-14 23:15:00,6520.5
2019-10-14 23:30:00,6508.3
2019-10-14 23:45:00,6491.7
2019-10-15 00:00:00,6470.4
2019-10-15 00:15:00,6462.2
2019-10-15 00:30:00,6455.7
2019-10-15 00:45:00,6448.1
2019-10-15 01:00:00,6432.7
2019-10-15 01:15:00,6430.9
2019-10-15 01:30:00,6436.9
2019-10-15 01:45:00,6444.4
2019-10-15 02:00:00,6459.6
2019-10-15 02:15:00,6461.7
2019-10-15 02:30:00,6472.1
2019-10-15 02:45:00,6476.3
2019-10-15 03:00:00,6498.8
2019-10-15 03:15:00,6519.3
2019-10-15 03:30:00,6536.7
2019-10-15 03:45:00,6561.8
2019-10-15 04:00:00,6597.1
2019-10-15 04:15:00,6620.5
2019-10-15 04:30:00,6662.4
2019-10-15 04:45:00,6718.6
2019-10-15 05:00:00,6817.5
2019-10-15 05:15:00,6871.8
2019-10-15 05:30:00,6924.5
2019-10-15 05:45:00,6971.0
2019-10-15 06:00:00,7038.7
2019-10-15 06:15:00,7062.1
2019-10-15 06:30:00,7076.2
2019-10-15 06:45:00,7084.7
2019-10-15 07:00:00,7100.2
2019-10-15 07:15:00,7115.6
2019-10-15 07:30:00,7122.6
2019-10-15 07:45:00,7130.0
2019-10-15 08:00:00,7113.3
2019-10-15 08:15:00,7122.1
2019-10-15 08:30:00,7133.0
2019-10-15 08:45:00,7139.0
2019-10-15 09:00:00,7135.3
2019-10-15 09:15:00,7142.1
2019-10-15 09:30:00,7143.8
2019-10-15 09:45:00,7153.0
2019-10-15 10:00:00,7153.8
2019-10-15 10:15:00,7170.3
2019-10-15 10:30:00,7181.5
2019-10-15 10:45:00,7191.0
2019-10-15 11:00:00,7181.1
2019-10-15 11:15:00,7174.4
2019-10-15 11:30:00,7169.5
2019-10-15 11:45:00,7155.4
2019-10-15 12:00:00,7147.2
2019-10-15 12:15:00,7134.7
2019-10-15 12:30:00,7113.5
2019-10-15 12:45:00,7096.4
2019-10-15 13:00:00,7083.3
2019-10-15 13:15:00,7078.1
2019-10-15 13:30:00,7079.5
2019-10-15 13:45:00,7065.4
2019-10-15 14:00:00,7072.5
2019-10-15 14:15:00,7059.7
2019-10-15 14:30:00,7043.7
2019-10-15 14:45:00,7031.1
2019-10-15 15:00:00,7029.8
2019-10-15 15:15:00,7025.6
2019-10-15 15:30:00,7022.8
2019-10-15 15:45:00,7023.2
2019-10-15 16:00:00,7036.0
2019-10-15 16:15:00,7045.3
2019-10-15 16:30:00,7063.4
2019-10-15 16:45:00,7086.8
2019-10-15 17:00:00,7089.6
2019-10-15 17:15:00,7113.0
2019-10-15 17:30:00,7149.6
2019-10-15 17:45:00,7180.6
2019-10-15 18:00:00,7180.0
2019-10-15 18:15:00,7160.2
2019-10-15 18:30:00,7145.8
2019-10-15 18:45:00,7121.9
2019-10-15 19:00:00,7077.9
2019-10-15 19:15:00,7033.1
2019-10-15 19:30:00,6998.2
2019-10-15 19:45:00,6962.6
2019-10-15 20:00:00,6929.0
2019-10-15 20:15:00,6891.6
2019-10-15 20:30:00,6852.5
2019-10-15 20:45:00,6823.6
2019-10-15 21:00:00,6793.7
2019-10-15 21:15:00,6758.3
2019-10-15 21:30:00,6709.1
2019-10-15 21:45:00,6678.3
2019-10-15 22:00:00,6641.1
2019-10-15 22:15:00,6599.6
2019-10-15 22:30:00,6573.0
2019-10-15 22:45:00,6551.0
2019-10-15 23:00:00,6517.2
2019-10-15 23:15:00,6497.0
2019-10-15 23:30:00,6488.7
2019-10-15 23:45:00,6470.7
2019-10-16 00:00:00,6449.7
2019-10-16 00:15:00,6440.1
2019-10-16 00:30:00,6439.9
2019-10-16 00:45:00,6430.0
2019-10-16 01:00:00,6420.2
2019-10-16 01:15:00,6422.8
2019-10-16 01:30:00,6421.9
2019-10-16 01:45:00,6426.7
2019-10-16 02:00:00,6422.8
2019-10-16 02:15:00,6437.0
2019-10-16 02:30:00,6444.8
2019-10-16 02:45:00,6455.2
2019-10-16 03:00:00,6469.0
2019-10-16 03:15:00,6481.2
2019-10-16 03:30:00,6498.5
2019-10-16 03:45:00,6508.3
2019-10-16 04:00:00,6567.2
2019-10-16 04:15:00,6589.8
2019-10-16 04:30:00,6628.6
2019-10-16 04:45:00,6674.7
2019-10-16 05:00:00,6792.2
2019-10-16 05:15:00,6862.8
2019-10-16 05:30:00,6915.8
2019-10-16 05:45:00,6962.6
2019-10-16 06:00:00,7033.0
2019-10-16 06:15:00,7076.1
2019-10-16 06:30:00,7100.9
2019-10-16 06:45:00,7133.8
2019-10-16 07:00:00,7159.0
2019-10-16 07:15:00,7176.0
2019-10-16 07:30:00,7179.6
2019-10-16 07:45:00,7182.9
2019-10-16 08:00:00,7171.4
2019-10-16 08:15:00,7175.4
2019-10-16 08:30:00,7189.1
2019-10-16 08:45:00,7193.0
2019-10-16 09:00:00,7199.0
2019-10-16 09:15:00,7214.0
2019-10-16 09:30:00,7217.8
2019-10-16 09:45:00,7231.1
2019-10-16 10:00:00,7226.0
2019-10-16 10:15:00,7233.9
2019-10-16 10:30:00,7241.0
2019-10-16 10:45:00,7232.1
2019-10-16 11:00:00,7216.8
2019-10-16 11:15:00,7204.0
2019-10-16 11:30:00,7207.8
2019-10-16 11:45:00,7199.5
2019-10-16 12:00:00,7189.4
2019-10-16 12:15:00,7192.9
2019-10-16 12:30:00,7185.9
2019-10-16 12:45:00,7165.0
2019-10-16 13:00:00,7160.9
2019-10-16 13:15:00,7154.8
2019-10-16 13:30:00,7137.5
2019-10-16 13:45:00,7132.0
2019-10-16 14:00:00,7130.6
2019-10-16 14:15:00,7119.3
2019-10-16 14:30:00,7108.1
2019-10-16 14:45:00,7095.0
2019-10-16 15:00:00,7087.3
2019-10-16 15:15:00,7079.4
2019-10-16 15:30:00,7064.8
2019-10-16 15:45:00,7068.3
2019-10-16 16:00:00,7073.0
2019-10-16 16:15:00,7072.7
2019-10-16 16:30:00,7081.7
2019-10-16 16:45:00,7098.5
2019-10-16 17:00:00,7100.1
2019-10-16 17:15:00,7119.9
2019-10-16 17:30:00,7158.8
2019-10-16 17:45:00,7191.6
2019-10-16 18:00:00,7193.9
2019-10-16 18:15:00,7179.6
2019-10-16 18:30:00,7182.6
2019-10-16 18:45:00,7168.0
2019-10-16 19:00:00,7129.9
2019-10-16 19:15:00,7090.7
2019-10-16 19:30:00,7065.0
2019-10-16 19:45:00,7026.0
2019-10-16 20:00:00,6979.7
2019-10-16 20:15:00,6947.7
2019-10-16 20:30:00,6914.5
2019-10-16 20:45:00,6876.0
2019-10-16 21:00:00,6846.2
2019-10-16 21:15:00,6825.6
2019-10-16 21:30:00,6795.0
2019-10-16 21:45:00,6756.2
2019-10-16 22:00:00,6710.3
2019-10-16 22:15:00,6671.1
2019-10-16 22:30:00,6643.7
2019-10-16 22:45:00,6606.3
2019-10-16 23:00:00,6576.6
2019-10-16 23:15:00,6560.2
2019-10-16 23:30:00,6551.9
2019-10-16 23:45:00,6525.6
2019-10-17 00:00:00,6504.1
2019-10-17 00:15:00,6488.1
2019-10-17 00:30:00,6492.6
2019-10-17 00:45:00,6473.0
2019-10-17 01:00:00,6461.3
2019-10-17 01:15:00,6460.1
2019-10-17 01:30:00,6453.7
2019-10-17 01:45:00,6450.6
2019-10-17 02:00:00,6447.7
2019-10-17 02:15:00,6450.2
2019-10-17 02:30:00,6450.2
2019-10-17 02:45:00,6450.7
2019-10-17 03:00:00,6482.5
2019-10-17 03:15:00,6491.3
2019-10-17 03:30:00,6505.8
2019-10-17 03:45:00,6525.1
2019-10-17 04:00:00,6570.4
2019-10-17 04:15:00,6595.0
2019-10-17 04:30:00,6619.9
2019-10-17 04:45:00,6672.1
2019-10-17 05:00:00,6774.9
2019-10-17 05:15:00,6842.8
2019-10-17 05:30:00,6897.1
2019-10-17 05:45:00,6954.3
2019-10-17 06:00:00,7030.7
2019-10-17 06:15:00,7074.1
2019-10-17 06:30:00,7094.6
2019-10-17 06:45:00,7104.4
2019-10-17 07:00:00,7123.8
2019-10-17 07:15:00,7144.1
2019-10-17 07:30:00,7151.7
2019-10-17 07:45:00,7160.0
2019-10-17 08:00:00,7144.4
2019-10-17 08:15:00,7153.9
2019-10-17 08:30:00,7167.4
2019-10-17 08:45:00,7173.7
2019-10-17 09:00:00,7183.0
2019-10-17 09:15:00,7188.6
2019-10-17 09:30:00,7197.6
2019-10-17 09:45:00,7203.0
2019-10-17 10:00:00,7207.5
2019-10-17 10:15:00,7215.9
2019-10-17 10:30:00,7235.6
2019-10-17 10:45:00,7227.4
2019-10-17 11:00:00,7212.5
2019-10-17 11:15:00,7202.2
2019-10-17 11:30:00,7198.0
2019-10-17 11:45:00,7194.7
2019-10-17 12:00:00,7189.1
2019-10-17 12:15:00,7182.9
2019-10-17 12:30:00,7166.7
2019-10-17 12:45:00,7149.2
2019-10-17 13:00:00,7133.8
2019-10-17 13:15:00,7133.2
2019-10-17 13:30:00,7124.1
2019-10-17 13:45:00,7120.2
2019-10-17 14:00:00,7106.2
2019-10-17 14:15:00,7092.0
2019-10-17 14:30:00,7078.9
2019-10-17 14:45:00,7059.3
2019-10-17 15:00:00,7050.7
2019-10-17 15:15:00,7037.8
2019-10-17 15:30:00,7037.1
2019-10-17 15:45:00,7032.9
2019-10-17 16:00:00,7039.9
2019-10-17 16:15:00,7036.9
2019-10-17 16:30:00,7051.8
2019-10-17 16:45:00,7067.4
2019-10-17 17:00:00,7075.2
2019-10-17 17:15:00,7095.0
2019-10-17 17:30:00,7139.1
2019-10-17 17:45:00,7158.1
2019-10-17 18:00:00,7154.5
2019-10-17 18:15:00,7127.6
2019-10-17 18:30:00,7114.9
2019-10-17 18:45:00,7098.5
2019-10-17 19:00:00,7063.1
2019-10-17 19:15:00,7027.3
2019-10-17 19:30:00,7001.3
2019-10-17 19:45:00,6967.0
2019-10-17 20:00:00,6917.9
2019-10-17 20:15:00,6895.2
2019-10-17 20:30:00,6864.3
2019-10-17 20:45:00,6835.9
2019-10-17 21:00:00,6802.6
2019-10-17 21:15:00,6772.0
2019-10-17 21:30:00,6740.3
2019-10-17 21:45:00,6704.7
2019-10-17 22:00:00,6661.9
2019-10-17 22:15:00,6629.5
2019-10-17 22:30:00,6610.0
2019-10-17 22:45:00,6586.3
2019-10-17 23:00:00,6548.1
2019-10-17 23:15:00,6523.6
2019-10-17 23:30:00,6508.7
2019-10-17 23:45:00,6497.4
2019-10-18 00:00:00,6478.8
2019-10-18 00:15:00,6461.0
2019-10-18 00:30:00,6452.6
2019-10-18 00:45:00,6438.2
2019-10-18 01:00:00,6422.4
2019-10-18 01:15:00,6414.3
2019-10-18 01:30:00,6414.5
2019-10-18 01:45:00,6412.6
2019-10-18 02:00:00,6413.0
2019-10-18 02:15:00,6418.4
2019-10-18 02:30:00,6422.6
2019-10-18 02:45:00,6433.8
2019-10-18 03:00:00,6446.2
2019-10-18 03:15:00,6463.2
2019-10-18 03:30:00,6481.0
2019-10-18 03:45:00,6500.8
2019-10-18 04:00:00,6542.5
2019-10-18 04:15:00,6572.1
2019-10-18 04:30:00,6608.4
2019-10-18 04:45:00,6657.8
2019-10-18 05:00:00,6775.4
2019-10-18 05:15:00,6846.4
2019-10-18 05:30:00,6903.6
2019-10-18 05:45:00,6957.3
2019-10-18 06:00:00,7028.7
2019-10-18 06:15:00,7070.1
2019-10-18 06:30:00,7090.2
2019-10-18 06:45:00,7103.9
2019-10-18 07:00:00,7123.9
2019-10-18 07:15:00,7140.9
2019-10-18 07:30:00,7151.9
2019-10-18 07:45:00,7166.1
2019-10-18 08:00:00,7167.1
2019-10-18 08:15:00,7180.2
2019-10-18 08:30:00,7195.5
2019-10-18 08:45:00,7197.5
2019-10-18 09:00:00,7194.6
2019-10-18 09:15:00,7191.4
2019-10-18 09:30:00,7202.8
2019-10-18 09:45:00,7209.4
2019-10-18 10:00:00,7205.1
2019-10-18 10:15:00,7230.7
2019-10-18 10:30:00,7240.2
2019-10-18 10:45:00,7238.2
2019-10-18 11:00:00,7232.7
2019-10-18 11:15:00,7229.2
2019-10-18 11:30:00,7217.5
2019-10-18 11:45:00,7209.1
2019-10-18 12:00:00,7200.5
2019-10-18 12:15:00,7171.8
2019-10-18 12:30:00,7139.9
2019-10-18 12:45:00,7115.8
2019-10-18 13:00:00,7099.6
2019-10-18 13:15:00,7095.3
2019-10-18 13:30:00,7094.0
2019-10-18 13:45:00,7081.3
2019-10-18 14:00:00,7080.7
2019-10-18 14:15:00,7071.5
2019-10-18 14:30:00,7063.6
2019-10-18 14:45:00,7058.2
2019-10-18 15:00:00,7062.0
2019-10-18 15:15:00,7051.3
2019-10-18 15:30:00,7043.9
2019-10-18 15:45:00,7051.8
2019-10-18 16:00:00,7052.3
2019-10-18 16:15:00,7050.0
2019-10-18 16:30:00,7061.1
2019-10-18 16:45:00,7079.5
2019-10-18 17:00:00,7097.6
2019-10-18 17:15:00,7107.1
2019-10-18 17:30:00,7142.3
2019-10-18 17:45:00,7169.0
2019-10-18 18:00:00,7170.9
2019-10-18 18:15:00,7144.6
2019-10-18 18:30:00,7123.8
2019-10-18 18:45:00,7097.2
2019-10-18 19:00:00,7044.1
2019-10-18 19:15:00,6991.8
2019-10-18 19:30:00,6961.4
2019-10-18 19:45:00,6930.5
2019-10-18 20:00:00,6879.0
2019-10-18 20:15:00,6851.7
2019-10-18 20:30:00,6821.1
2019-10-18 20:45:00,6788.6
2019-10-18 21:00:00,6758.6
2019-10-18 21:15:00,6729.7
2019-10-18 21:30:00,6699.8
2019-10-18 21:45:00,6670.8
2019-10-18 22:00:00,6646.9
2019-10-18 22:15:00,6613.8
2019-10-18 22:30:00,6590.7
2019-10-18 22:45:00,6556.9
2019-10-18 23:00:00,6495.0
2019-10-18 23:15:00,6483.7
2019-10-18 23:30:00,6474.5
2019-10-18 23:45:00,6455.8
2019-10-19 00:00:00,6435.1
2019-10-19 00:15:00,6415.8
2019-10-19 00:30:00,6401.7
2019-10-19 00:45:00,6390.6
2019-10-19 01:00:00,6374.0
2019-10-19 01:15:00,6363.9
2019-10-19 01:30:00,6354.5
2019-10-19 01:45:00,6352.3
2019-10-19 02:00:00,6352.1
2019-10-19 02:15:00,6349.8
2019-10-19 02:30:00,6348.0
2019-10-19 02:45:00,6349.2
2019-10-19 03:00:00,6366.2
2019-10-19 03:15:00,6381.3
2019-10-19 03:30:00,6382.7
2019-10-19 03:45:00,6387.6
2019-10-19 04:00:00,6394.5
2019-10-19 04:15:00,6401.7
2019-10-19 04:30:00,6399.6
2019-10-19 04:45:00,6415.0
2019-10-19 05:00:00,6443.1
2019-10-19 05:15:00,6456.6
2019-10-19 05:30:00,6476.0
2019-10-19 05:45:00,6499.0
2019-10-19 06:00:00,6550.3
2019-10-19 06:15:00,6565.5
2019-10-19 06:30:00,6585.2
2019-10-19 06:45:00,6599.6
2019-10-19 07:00:00,6614.0
2019-10-19 07:15:00,6631.9
2019-10-19 07:30:00,6655.2
2019-10-19 07:45:00,6677.7
2019-10-19 08:00:00,6704.6
2019-10-19 08:15:00,6721.8
2019-10-19 08:30:00,6739.1
2019-10-19 08:45:00,6751.0
2019-10-19 09:00:00,6755.8
2019-10-19 09:15:00,6770.1
2019-10-19 09:30:00,6779.2
2019-10-19 09:45:00,6782.0
2019-10-19 10:00:00,6791.8
2019-10-19 10:15:00,6793.5
2019-10-19 10:30:00,6806.7
2019-10-19 10:45:00,6796.3
2019-10-19 11:00:00,6791.6
2019-10-19 11:15:00,6772.1
2019-10-19 11:30:00,6761.2
2019-10-19 11:45:00,6759.9
2019-10-19 12:00:00,6757.2
2019-10-19 12:15:00,6748.5
2019-10-19 12:30:00,6738.0
2019-10-19 12:45:00,6717.5
2019-10-19 13:00:00,6710.2
2019-10-19 13:15:00,6705.6
2019-10-19 13:30:00,6692.3
2019-10-19 13:45:00,6678.2
2019-10-19 14:00:00,6682.1
2019-10-19 14:15:00,6684.7
2019-10-19 14:30:00,6684.1
2019-10-19 14:45:00,6673.8
2019-10-19 15:00:00,6670.7
2019-10-19 15:15:00,6668.9
2019-10-19 15:30:00,6674.9
2019-10-19 15:45:00,6672.8
2019-10-19 16:00:00,6685.8
2019-10-19 16:15:00,6698.3
2019-10-19 16:30:00,6723.7
2019-10-19 16:45:00,6743.4
2019-10-19 17:00:00,6786.2
2019-10-19 17:15:00,6796.9
2019-10-19 17:30:00,6839.8
2019-10-19 17:45:00,6855.8
2019-10-19 18:00:00,6833.1
2019-10-19 18:15:00,6818.4
2019-10-19 18:30:00,6796.0
2019-10-19 18:45:00,6771.4
2019-10-19 19:00:00,6741.0
2019-10-19 19:15:00,6699.3
2019-10-19 19:30:00,6664.8
2019-10-19 19:45:00,6648.2
2019-10-19 20:00:00,6628.7
2019-10-19 20:15:00,6610.5
2019-10-19 20:30:00,6583.1
2019-10-19 20:45:00,6567.7
2019-10-19 21:00:00,6555.0
2019-10-19 21:15:00,6535.3
2019-10-19 21:30:00,6510.5
2019-10-19 21:45:00,6487.4
2019-10-19 22:00:00,6452.5
2019-10-19 22:15:00,6425.7
2019-10-19 22:30:00,6403.4
2019-10-19 22:45:00,6374.5
2019-10-19 23:00:00,6329.2
2019-10-19 23:15:00,6315.1
2019-10-19 23:30:00,6303.6
2019-10-19 23:45:00,6270.8
2019-10-20 00:00:00,6256.1
2019-10-20 00:15:00,6241.0
2019-10-20 00:30:00,6230.2
2019-10-20 00:45:00,6219.9
2019-10-20 01:00:00,6215.8
2019-10-20 01:15:00,6204.0
2019-10-20 01:30:00,6190.0
2019-10-20 01:45:00,6187.2
2019-10-20 02:00:00,6188.0
2019-10-20 02:15:00,6181.5
2019-10-20 02:30:00,6179.2
2019-10-20 02:45:00,6178.3
2019-10-20 03:00:00,6201.6
2019-10-20 03:15:00,6210.5
2019-10-20 03:30:00,6201.8
2019-10-20 03:45:00,6198.5
2019-10-20 04:00:00,6215.3
2019-10-20 04:15:00,6213.4
2019-10-20 04:30:00,6205.8
2019-10-20 04:45:00,6205.6
2019-10-20 05:00:00,6208.3
2019-10-20 05:15:00,6213.6
2019-10-20 05:30:00,6221.8
2019-10-20 05:45:00,6228.9
2019-10-20 06:00:00,6259.7
2019-10-20 06:15:00,6273.1
2019-10-20 06:30:00,6286.9
2019-10-20 06:45:00,6302.0
2019-10-20 07:00:00,6319.4
2019-10-20 07:15:00,6352.8
2019-10-20 07:30:00,6382.1
2019-10-20 07:45:00,6406.6
2019-10-20 08:00:00,6414.1
2019-10-20 08:15:00,6436.0
2019-10-20 08:30:00,6454.8
2019-10-20 08:45:00,6484.0
2019-10-20 09:00:00,6517.7
2019-10-20 09:15:00,6535.9
2019-10-20 09:30:00,6548.0
2019-10-20 09:45:00,6562.6
2019-10-20 10:00:00,6590.6
2019-10-20 10:15:00,6607.4
2019-10-20 10:30:00,6619.6
2019-10-20 10:45:00,6613.6
2019-10-20 11:00:00,6609.3
2019-10-20 11:15:00,6607.5
2019-10-20 11:30:00,6595.3
2019-10-20 11:45:00,6577.4
2019-10-20 12:00:00,6567.6
2019-10-20 12:15:00,6544.3
2019-10-20 12:30:00,6538.6
2019-10-20 12:45:00,6521.2
2019-10-20 13:00:00,6508.8
2019-10-20 13:15:00,6499.0
2019-10-20 13:30:00,6495.4
2019-10-20 13:45:00,6489.8
2019-10-20 14:00:00,6502.7
2019-10-20 14:15:00,6487.2
2019-10-20 14:30:00,6483.7
2019-10-20 14:45:00,6482.3
2019-10-20 15:00:00,6498.5
2019-10-20 15:15:00,6492.1
2019-10-20 15:30:00,6503.2
2019-10-20 15:45:00,6524.6
2019-10-20 16:00:00,6543.0
2019-10-20 16:15:00,6548.5
2019-10-20 16:30:00,6572.4
2019-10-20 16:45:00,6607.1
2019-10-20 17:00:00,6636.7
2019-10-20 17:15:00,6660.6
2019-10-20 17:30:00,6700.4
2019-10-20 17:45:00,6705.1
2019-10-20 18:00:00,6718.0
2019-10-20 18:15:00,6700.4
2019-10-20 18:30:00,6686.3
2019-10-20 18:45:00,6670.0
2019-10-20 19:00:00,6657.7
2019-10-20 19:15:00,6628.0
2019-10-20 19:30:00,6600.0
2019-10-20 19:45:00,6571.3
2019-10-20 20:00:00,6561.0
2019-10-20 20:15:00,6548.8
2019-10-20 20:30:00,6536.5
2019-10-20 20:45:00,6533.6
2019-10-20 21:00:00,6527.8
2019-10-20 21:15:00,6511.3
2019-10-20 21:30:00,6484.9
2019-10-20 21:45:00,6461.7
2019-10-20 22:00:00,6429.8
2019-10-20 22:15:00,6395.6
2019-10-20 22:30:00,6370.0
2019-10-20 22:45:00,6352.5
2019-10-20 23:00:00,6334.7
2019-10-20 23:15:00,6316.2
2019-10-20 23:30:00,6309.1
2019-10-20 23:45:00,6298.6
2019-10-21 00:00:00,6289.9
2019-10-21 00:15:00,6277.2
2019-10-21 00:30:00,6270.3
2019-10-21 00:45:00,6272.0
2019-10-21 01:00:00,6262.5
2019-10-21 01:15:00,6253.9
2019-10-21 01:30:00,6241.7
2019-10-21 01:45:00,6247.6
2019-10-21 02:00:00,6258.3
2019-10-21 02:15:00,6264.0
2019-10-21 02:30:00,6267.5
2019-10-21 02:45:00,6269.7
2019-10-21 03:00:00,6291.3
2019-10-21 03:15:00,6311.8
2019-10-21 03:30:00,6332.0
2019-10-21 03:45:00,6364.3
2019-10-21 04:00:00,6427.3
2019-10-21 04:15:00,6465.9
2019-10-21 04:30:00,6512.8
2019-10-21 04:45:00,6577.0
2019-10-21 05:00:00,6696.4
2019-10-21 05:15:00,6778.1
2019-10-21 05:30:00,6851.4
2019-10-21 05:45:00,6917.4
2019-10-21 06:00:00,6986.2
2019-10-21 06:15:00,7017.9
2019-10-21 06:30:00,7051.9
2019-10-21 06:45:00,7072.9
2019-10-21 07:00:00,7091.7
2019-10-21 07:15:00,7101.9
2019-10-21 07:30:00,7116.0
2019-10-21 07:45:00,7128.6
2019-10-21 08:00:00,7115.4
2019-10-21 08:15:00,7121.7
2019-10-21 08:30:00,7132.5
2019-10-21 08:45:00,7147.9
2019-10-21 09:00:00,7142.7
2019-10-21 09:15:00,7149.6
2019-10-21 09:30:00,7153.3
2019-10-21 09:45:00,7166.2
2019-10-21 10:00:00,7160.6
2019-10-21 10:15:00,7164.6
2019-10-21 10:30:00,7161.0
2019-10-21 10:45:00,7157.6
2019-10-21 11:00:00,7145.1
2019-10-21 11:15:00,7146.5
2019-10-21 11:30:00,7166.0
2019-10-21 11:45:00,7176.1
2019-10-21 12:00:00,7187.2
2019-10-21 12:15:00,7177.9
2019-10-21 12:30:00,7152.0
2019-10-21 12:45:00,7137.4
2019-10-21 13:00:00,7129.6
2019-10-21 13:15:00,7111.9
2019-10-21 13:30:00,7101.8
2019-10-21 13:45:00,7095.2
2019-10-21 14:00:00,7090.8
2019-10-21 14:15:00,7075.1
2019-10-21 14:30:00,7048.5
2019-10-21 14:45:00,7024.1
2019-10-21 15:00:00,7031.6
2019-10-21 15:15:00,7011.3
2019-10-21 15:30:00,7004.5
2019-10-21 15:45:00,6992.3
2019-10-21 16:00:00,7002.4
2019-10-21 16:15:00,7005.0
2019-10-21 16:30:00,7018.6
2019-10-21 16:45:00,7034.9
2019-10-21 17:00:00,7066.3
2019-10-21 17:15:00,7088.4
2019-10-21 17:30:00,7118.3
2019-10-21 17:45:00,7142.3
2019-10-21 18:00:00,7120.2
2019-10-21 18:15:00,7098.3
2019-10-21 18:30:00,7079.6
2019-10-21 18:45:00,7072.5
2019-10-21 19:00:00,7051.4
2019-10-21 19:15:00,7012.9
2019-10-21 19:30:00,6975.7
2019-10-21 19:45:00,6945.8
2019-10-21 20:00:00,6901.8
2019-10-21 20:15:00,6879.4
2019-10-21 20:30:00,6838.7
2019-10-21 20:45:00,6808.6
2019-10-21 21:00:00,6798.2
2019-10-21 21:15:00,6771.9
2019-10-21 21:30:00,6737.0
2019-10-21 21:45:00,6707.7
2019-10-21 22:00:00,6658.6
2019-10-21 22:15:00,6625.9
2019-10-21 22:30:00,6601.5
2019-10-21 22:45:00,6560.8
2019-10-21 23:00:00,6521.3
2019-10-21 23:15:00,6503.8
2019-10-21 23:30:00,6494.0
2019-10-21 23:45:00,6475.3
2019-10-22 00:00:00,6448.7
2019-10-22 00:15:00,6437.1
2019-10-22 00:30:00,6427.0
2019-10-22 00:45:00,6415.5
2019-10-22 01:00:00,6398.9
2019-10-22 01:15:00,6389.1
2019-10-22 01:30:00,6387.8
2019-10-22 01:45:00,6387.8
2019-10-22 02:00:00,6402.3
2019-10-22 02:15:00,6412.3
2019-10-22 02:30:00,6413.9
2019-10-22 02:45:00,6417.8
2019-10-22 03:00:00,6438.7
2019-10-22 03:15:00,6452.6
2019-10-22 03:30:00,6473.2
2019-10-22 03:45:00,6491.8
2019-10-22 04:00:00,6542.0
2019-10-22 04:15:00,6573.0
2019-10-22 04:30:00,6611.6
2019-10-22 04:45:00,6663.6
2019-10-22 05:00:00,6778.5
2019-10-22 05:15:00,6855.6
2019-10-22 05:30:00,6915.5
2019-10-22 05:45:00,6978.1
2019-10-22 06:00:00,7043.4
2019-10-22 06:15:00,7076.7
2019-10-22 06:30:00,7093.0
2019-10-22 06:45:00,7102.3
2019-10-22 07:00:00,7119.3
2019-10-22 07:15:00,7132.8
2019-10-22 07:30:00,7140.7
2019-10-22 07:45:00,7135.5
2019-10-22 08:00:00,7109.9
2019-10-22 08:15:00,7116.1
2019-10-22 08:30:00,7126.3
2019-10-22 08:45:00,7129.4
2019-10-22 09:00:00,7121.0
2019-10-22 09:15:00,7132.4
2019-10-22 09:30:00,7144.0
2019-10-22 09:45:00,7155.9
2019-10-22 10:00:00,7167.9
2019-10-22 10:15:00,7187.2
2019-10-22 10:30:00,7193.4
2019-10-22 10:45:00,7181.0
2019-10-22 11:00:00,7151.5
2019-10-22 11:15:00,7139.7
2019-10-22 11:30:00,7141.2
2019-10-22 11:45:00,7145.2
2019-10-22 12:00:00,7148.6
2019-10-22 12:15:00,7137.2
2019-10-22 12:30:00,7126.2
2019-10-22 12:45:00,7104.7
2019-10-22 13:00:00,7078.4
2019-10-22 13:15:00,7076.8
2019-10-22 13:30:00,7071.5
2019-10-22 13:45:00,7067.2
2019-10-22 14:00:00,7061.0
2019-10-22 14:15:00,7051.2
2019-10-22 14:30:00,7043.0
2019-10-22 14:45:00,7024.5
2019-10-22 15:00:00,7010.9
2019-10-22 15:15:00,6995.0
2019-10-22 15:30:00,6996.4
2019-10-22 15:45:00,6992.6
2019-10-22 16:00:00,6999.9
2019-10-22 16:15:00,7005.5
2019-10-22 16:30:00,7014.3
2019-10-22 16:45:00,7032.9
2019-10-22 17:00:00,7056.9
2019-10-22 17:15:00,7089.2
2019-10-22 17:30:00,7131.3
2019-10-22 17:45:00,7151.9
2019-10-22 18:00:00,7155.0
2019-10-22 18:15:00,7136.0
2019-10-22 18:30:00,7118.8
2019-10-22 18:45:00,7104.4
2019-10-22 19:00:00,7077.1
2019-10-22 19:15:00,7039.3
2019-10-22 19:30:00,7001.8
2019-10-22 19:45:00,6967.6
2019-10-22 20:00:00,6944.6
2019-10-22 20:15:00,6912.3
2019-10-22 20:30:00,6863.0
2019-10-22 20:45:00,6830.0
2019-10-22 21:00:00,6797.9
2019-10-22 21:15:00,6769.1
2019-10-22 21:30:00,6726.9
2019-10-22 21:45:00,6688.9
2019-10-22 22:00:00,6645.1
2019-10-22 22:15:00,6613.5
2019-10-22 22:30:00,6580.4
2019-10-22 22:45:00,6552.6
2019-10-22 23:00:00,6524.5
2019-10-22 23:15:00,6509.5
2019-10-22 23:30:00,6486.3
2019-10-22 23:45:00,6462.9
2019-10-23 00:00:00,6430.4
2019-10-23 00:15:00,6411.1
2019-10-23 00:30:00,6407.8
2019-10-23 00:45:00,6396.5
2019-10-23 01:00:00,6382.0
2019-10-23 01:15:00,6376.1
2019-10-23 01:30:00,6375.3
2019-10-23 01:45:00,6379.7
2019-10-23 02:00:00,6389.5
2019-10-23 02:15:00,6394.0
2019-10-23 02:30:00,6392.5
2019-10-23 02:45:00,6403.4
2019-10-23 03:00:00,6432.3
2019-10-23 03:15:00,6439.7
2019-10-23 03:30:00,6456.2
2019-10-23 03:45:00,6476.5
2019-10-23 04:00:00,6534.1
2019-10-23 04:15:00,6568.8
2019-10-23 04:30:00,6608.3
2019-10-23 04:45:00,6662.5
2019-10-23 05:00:00,6764.9
2019-10-23 05:15:00,6843.3
2019-10-23 05:30:00,6909.3
2019-10-23 05:45:00,6964.2
2019-10-23 06:00:00,7033.4
2019-10-23 06:15:00,7080.0
2019-10-23 06:30:00,7098.8
2019-10-23 06:45:00,7109.3
2019-10-23 07:00:00,7122.6
2019-10-23 07:15:00,7135.6
2019-10-23 07:30:00,7144.2
2019-10-23 07:45:00,7142.1
2019-10-23 08:00:00,7129.6
2019-10-23 08:15:00,7136.6
2019-10-23 08:30:00,7141.7
2019-10-23 08:45:00,7144.2
2019-10-23 09:00:00,7147.3
2019-10-23 09:15:00,7148.2
2019-10-23 09:30:00,7152.1
2019-10-23 09:45:00,7165.1
2019-10-23 10:00:00,7169.3
2019-10-23 10:15:00,7181.0
2019-10-23 10:30:00,7179.2
2019-10-23 10:45:00,7177.0
2019-10-23 11:00:00,7154.3
2019-10-23 11:15:00,7146.0
2019-10-23 11:30:00,7144.4
2019-10-23 11:45:00,7138.1
2019-10-23 12:00:00,7140.2
2019-10-23 12:15:00,7125.3
2019-10-23 12:30:00,7116.9
2019-10-23 12:45:00,7101.5
2019-10-23 13:00:00,7088.4
2019-10-23 13:15:00,7080.2
2019-10-23 13:30:00,7075.7
2019-10-23 13:45:00,7068.5
2019-10-23 14:00:00,7062.4
2019-10-23 14:15:00,7037.8
2019-10-23 14:30:00,7035.5
2019-10-23 14:45:00,7016.2
2019-10-23 15:00:00,7021.7
2019-10-23 15:15:00,7009.2
2019-10-23 15:30:00,7008.2
2019-10-23 15:45:00,7005.0
2019-10-23 16:00:00,7013.5
2019-10-23 16:15:00,7022.2
2019-10-23 16:30:00,7039.0
2019-10-23 16:45:00,7057.1
2019-10-23 17:00:00,7082.6
2019-10-23 17:15:00,7115.1
2019-10-23 17:30:00,7159.1
2019-10-23 17:45:00,7174.1
2019-10-23 18:00:00,7172.2
2019-10-23 18:15:00,7147.2
2019-10-23 18:30:00,7139.4
2019-10-23 18:45:00,7123.4
2019-10-23 19:00:00,7081.2
2019-10-23 19:15:00,7045.4
2019-10-23 19:30:00,7007.6
2019-10-23 19:45:00,6982.5
2019-10-23 20:00:00,6951.0
2019-10-23 20:15:00,6912.3
2019-10-23 20:30:00,6886.3
2019-10-23 20:45:00,6862.4
2019-10-23 21:00:00,6838.4
2019-10-23 21:15:00,6803.9
2019-10-23 21:30:00,6760.7
2019-10-23 21:45:00,6726.7
2019-10-23 22:00:00,6672.1
2019-10-23 22:15:00,6640.9
2019-10-23 22:30:00,6614.9
2019-10-23 22:45:00,6579.5
2019-10-23 23:00:00,6537.1
2019-10-23 23:15:00,6521.0
2019-10-23 23:30:00,6501.7
2019-10-23 23:45:00,6489.5
2019-10-24 00:00:00,6466.5
2019-10-24 00:15:00,6447.6
2019-10-24 00:30:00,6439.0
2019-10-24 00:45:00,6421.4
2019-10-24 01:00:00,6406.9
2019-10-24 01:15:00,6398.0
2019-10-24 01:30:00,6400.5
2019-10-24 01:45:00,6402.7
2019-10-24 02:00:00,6408.5
2019-10-24 02:15:00,6410.3
2019-10-24 02:30:00,6407.8
2019-10-24 02:45:00,6417.6
2019-10-24 03:00:00,6438.8
2019-10-24 03:15:00,6459.6
2019-10-24 03:30:00,6482.8
2019-10-24 03:45:00,6506.2
2019-10-24 04:00:00,6546.5
2019-10-24 04:15:00,6570.6
2019-10-24 04:30:00,6605.1
2019-10-24 04:45:00,6656.3
2019-10-24 05:00:00,6763.0
2019-10-24 05:15:00,6830.9
2019-10-24 05:30:00,6898.4
2019-10-24 05:45:00,6953.0
2019-10-24 06:00:00,7020.4
2019-10-24 06:15:00,7058.2
2019-10-24 06:30:00,7081.0
2019-10-24 06:45:00,7106.1
2019-10-24 07:00:00,7130.1
2019-10-24 07:15:00,7140.7
2019-10-24 07:30:00,7148.6
2019-10-24 07:45:00,7144.4
2019-10-24 08:00:00,7136.7
2019-10-24 08:15:00,7142.4
2019-10-24 08:30:00,7156.2
2019-10-24 08:45:00,7157.3
2019-10-24 09:00:00,7144.4
2019-10-24 09:15:00,7152.2
2019-10-24 09:30:00,7163.7
2019-10-24 09:45:00,7168.6
2019-10-24 10:00:00,7163.8
2019-10-24 10:15:00,7164.7
2019-10-24 10:30:00,7169.8
2019-10-24 10:45:00,7173.8
2019-10-24 11:00:00,7167.0
2019-10-24 11:15:00,7161.6
2019-10-24 11:30:00,7162.0
2019-10-24 11:45:00,7174.6
2019-10-24 12:00:00,7174.0
2019-10-24 12:15:00,7160.8
2019-10-24 12:30:00,7144.7
2019-10-24 12:45:00,7128.0
2019-10-24 13:00:00,7122.4
2019-10-24 13:15:00,7111.3
2019-10-24 13:30:00,7105.3
2019-10-24 13:45:00,7094.6
2019-10-24 14:00:00,7089.2
2019-10-24 14:15:00,7072.5
2019-10-24 14:30:00,7057.5
2019-10-24 14:45:00,7035.9
2019-10-24 15:00:00,7044.6
2019-10-24 15:15:00,7035.9
2019-10-24 15:30:00,7030.7
2019-10-24 15:45:00,7026.0
2019-10-24 16:00:00,7028.7
2019-10-24 16:15:00,7030.4
2019-10-24 16:30:00,7046.3
2019-10-24 16:45:00,7066.7
2019-10-24 17:00:00,7113.5
2019-10-24 17:15:00,7152.9
2019-10-24 17:30:00,7193.8
2019-10-24 17:45:00,7207.5
2019-10-24 18:00:00,7206.4
2019-10-24 18:15:00,7183.8
2019-10-24 18:30:00,7174.7
2019-10-24 18:45:00,7150.7
2019-10-24 19:00:00,7099.6
2019-10-24 19:15:00,7064.9
2019-10-24 19:30:00,7033.6
2019-10-24 19:45:00,7002.7
2019-10-24 20:00:00,6953.9
2019-10-24 20:15:00,6917.6
2019-10-24 20:30:00,6891.9
2019-10-24 20:45:00,6851.2
2019-10-24 21:00:00,6825.5
2019-10-24 21:15:00,6791.1
2019-10-24 21:30:00,6749.5
2019-10-24 21:45:00,6717.8
2019-10-24 22:00:00,6682.6
2019-10-24 22:15:00,6643.1
2019-10-24 22:30:00,6619.4
2019-10-24 22:45:00,6598.6
2019-10-24 23:00:00,6534.9
2019-10-24 23:15:00,6516.0
2019-10-24 23:30:00,6503.6
2019-10-24 23:45:00,6490.8
2019-10-25 00:00:00,6468.3
2019-10-25 00:15:00,6449.2
2019-10-25 00:30:00,6442.2
2019-10-25 00:45:00,6435.4
2019-10-25 01:00:00,6406.9
2019-10-25 01:15:00,6400.1
2019-10-25 01:30:00,6392.0
2019-10-25 01:45:00,6386.7
2019-10-25 02:00:00,6398.9
2019-10-25 02:15:00,6401.0
2019-10-25 02:30:00,6405.4
2019-10-25 02:45:00,6418.1
2019-10-25 03:00:00,6440.6
2019-10-25 03:15:00,6451.6
2019-10-25 03:30:00,6477.9
2019-10-25 03:45:00,6499.0
2019-10-25 04:00:00,6539.7
2019-10-25 04:15:00,6577.4
2019-10-25 04:30:00,6614.0
2019-10-25 04:45:00,6666.3
2019-10-25 05:00:00,6771.4
2019-10-25 05:15:00,6844.6
2019-10-25 05:30:00,6908.7
2019-10-25 05:45:00,6959.5
2019-10-25 06:00:00,7030.3
2019-10-25 06:15:00,7079.0
2019-10-25 06:30:00,7108.3
2019-10-25 06:45:00,7133.5
2019-10-25 07:00:00,7161.3
2019-10-25 07:15:00,7173.1
2019-10-25 07:30:00,7171.9
2019-10-25 07:45:00,7164.4
2019-10-25 08:00:00,7147.3
2019-10-25 08:15:00,7146.8
2019-10-25 08:30:00,7164.4
2019-10-25 08:45:00,7167.1
2019-10-25 09:00:00,7161.9
2019-10-25 09:15:00,7162.4
2019-10-25 09:30:00,7177.7
2019-10-25 09:45:00,7177.3
2019-10-25 10:00:00,7183.6
2019-10-25 10:15:00,7174.7
2019-10-25 10:30:00,7187.5
2019-10-25 10:45:00,7189.1
2019-10-25 11:00:00,7178.6
2019-10-25 11:15:00,7159.5
2019-10-25 11:30:00,7144.6
2019-10-25 11:45:00,7131.5
2019-10-25 12:00:00,7115.0
2019-10-25 12:15:00,7091.1
2019-10-25 12:30:00,7072.1
2019-10-25 12:45:00,7051.7
2019-10-25 13:00:00,7037.7
2019-10-25 13:15:00,7025.9
2019-10-25 13:30:00,7011.1
2019-10-25 13:45:00,7003.4
2019-10-25 14:00:00,6999.6
2019-10-25 14:15:00,6991.2
2019-10-25 14:30:00,6981.9
2019-10-25 14:45:00,6968.7
2019-10-25 15:00:00,6962.8
2019-10-25 15:15:00,6957.6
2019-10-25 15:30:00,6948.7
2019-10-25 15:45:00,6956.7
2019-10-25 16:00:00,6973.6
2019-10-25 16:15:00,6977.9
2019-10-25 16:30:00,6992.1
2019-10-25 16:45:00,7009.2
2019-10-25 17:00:00,7042.7
2019-10-25 17:15:00,7077.1
2019-10-25 17:30:00,7118.7
2019-10-25 17:45:00,7121.9
2019-10-25 18:00:00,7137.0
2019-10-25 18:15:00,7116.5
2019-10-25 18:30:00,7098.2
2019-10-25 18:45:00,7079.1
2019-10-25 19:00:00,7048.8
2019-10-25 19:15:00,7006.3
2019-10-25 19:30:00,6970.8
2019-10-25 19:45:00,6933.8
2019-10-25 20:00:00,6902.4
2019-10-25 20:15:00,6871.0
2019-10-25 20:30:00,6831.6
2019-10-25 20:45:00,6807.8
2019-10-25 21:00:00,6786.5
2019-10-25 21:15:00,6755.7
2019-10-25 21:30:00,6730.7
2019-10-25 21:45:00,6709.3
2019-10-25 22:00:00,6641.8
2019-10-25 22:15:00,6600.6
2019-10-25 22:30:00,6568.5
2019-10-25 22:45:00,6547.5
2019-10-25 23:00:00,6531.0
2019-10-25 23:15:00,6502.7
2019-10-25 23:30:00,6483.0
2019-10-25 23:45:00,6466.5
2019-10-26 00:00:00,6452.3
2019-10-26 00:15:00,6432.3
2019-10-26 00:30:00,6433.3
2019-10-26 00:45:00,6421.2
2019-10-26 01:00:00,6396.2
2019-10-26 01:15:00,6395.3
2019-10-26 01:30:00,6385.6
2019-10-26 01:45:00,6393.4
2019-10-26 02:00:00,6397.6
2019-10-26 02:15:00,6390.4
2019-10-26 02:30:00,6396.1
2019-10-26 02:45:00,6392.4
2019-10-26 03:00:00,6398.6
2019-10-26 03:15:00,6409.7
2019-10-26 03:30:00,6419.2
2019-10-26 03:45:00,6423.9
2019-10-26 04:00:00,6435.6
2019-10-26 04:15:00,6442.1
2019-10-26 04:30:00,6445.8
2019-10-26 04:45:00,6459.9
2019-10-26 05:00:00,6481.5
2019-10-26 05:15:00,6503.2
2019-10-26 05:30:00,6519.1
2019-10-26 05:45:00,6539.7
2019-10-26 06:00:00,6569.6
2019-10-26 06:15:00,6588.5
2019-10-26 06:30:00,6623.3
2019-10-26 06:45:00,6640.3
2019-10-26 07:00:00,6676.0
2019-10-26 07:15:00,6684.7
2019-10-26 07:30:00,6715.5
2019-10-26 07:45:00,6735.5
2019-10-26 08:00:00,6754.4
2019-10-26 08:15:00,6775.0
2019-10-26 08:30:00,6787.8
2019-10-26 08:45:00,6801.5
2019-10-26 09:00:00,6803.4
2019-10-26 09:15:00,6817.6
2019-10-26 09:30:00,6815.5
2019-10-26 09:45:00,6827.4
2019-10-26 10:00:00,6848.7
2019-10-26 10:15:00,6860.7
2019-10-26 10:30:00,6862.6
2019-10-26 10:45:00,6854.9
2019-10-26 11:00:00,6849.4
2019-10-26 11:15:00,6838.4
2019-10-26 11:30:00,6830.3
2019-10-26 11:45:00,6821.3
2019-10-26 12:00:00,6819.5
2019-10-26 12:15:00,6807.0
2019-10-26 12:30:00,6779.4
2019-10-26 12:45:00,6769.7
2019-10-26 13:00:00,6754.1
2019-10-26 13:15:00,6741.0
2019-10-26 13:30:00,6727.4
2019-10-26 13:45:00,6725.8
2019-10-26 14:00:00,6719.5
2019-10-26 14:15:00,6704.0
2019-10-26 14:30:00,6696.0
2019-10-26 14:45:00,6676.3
2019-10-26 15:00:00,6679.1
2019-10-26 15:15:00,6684.5
2019-10-26 15:30:00,6687.5
2019-10-26 15:45:00,6696.4
2019-10-26 16:00:00,6701.1
2019-10-26 16:15:00,6718.0
2019-10-26 16:30:00,6739.6
2019-10-26 16:45:00,6765.1
2019-10-26 17:00:00,6802.5
2019-10-26 17:15:00,6848.4
2019-10-26 17:30:00,6880.7
2019-10-26 17:45:00,6880.2
2019-10-26 18:00:00,6879.5
2019-10-26 18:15:00,6849.7
2019-10-26 18:30:00,6831.6
2019-10-26 18:45:00,6815.2
2019-10-26 19:00:00,6774.7
2019-10-26 19:15:00,6732.5
2019-10-26 19:30:00,6699.0
2019-10-26 19:45:00,6671.3
2019-10-26 20:00:00,6668.1
2019-10-26 20:15:00,6650.2
2019-10-26 20:30:00,6621.6
2019-10-26 20:45:00,6609.9
2019-10-26 21:00:00,6618.5
2019-10-26 21:15:00,6598.0
2019-10-26 21:30:00,6570.6
2019-10-26 21:45:00,6542.7
2019-10-26 22:00:00,6516.2
2019-10-26 22:15:00,6489.4
2019-10-26 22:30:00,6472.6
2019-10-26 22:45:00,6447.9
2019-10-26 23:00:00,6410.6
2019-10-26 23:15:00,6385.8
2019-10-26 23:30:00,6373.8
2019-10-26 23:45:00,6351.8
2019-10-27 00:00:00,6334.0
2019-10-27 00:15:00,6321.1
2019-10-27 00:30:00,6301.6
2019-10-27 00:45:00,6280.1
2019-10-27 01:00:00,6272.4
2019-10-27 01:15:00,6266.8
2019-10-27 01:30:00,6255.3
2019-10-27 01:45:00,6252.8
2019-10-27 02:00:00,6247.3
2019-10-27 02:15:00,6237.2
2019-10-27 02:30:00,6238.0
2019-10-27 02:45:00,6231.7
2019-10-27 03:00:00,6237.9
2019-10-27 03:15:00,6236.0
2019-10-27 03:30:00,6244.5
2019-10-27 03:45:00,6248.5
2019-10-27 04:00:00,6260.7
2019-10-27 04:15:00,6255.5
2019-10-27 04:30:00,6252.9
2019-10-27 04:45:00,6257.8
2019-10-27 05:00:00,6260.3
2019-10-27 05:15:00,6259.5
2019-10-27 05:30:00,6267.9
2019-10-27 05:45:00,6269.8
2019-10-27 06:00:00,6284.6
2019-10-27 06:15:00,6295.5
2019-10-27 06:30:00,6302.8
2019-10-27 06:45:00,6314.1
2019-10-27 07:00:00,6357.7
2019-10-27 07:15:00,6376.1
2019-10-27 07:30:00,6403.4
2019-10-27 07:45:00,6423.3
2019-10-27 08:00:00,6458.4
2019-10-27 08:15:00,6469.9
2019-10-27 08:30:00,6496.5
2019-10-27 08:45:00,6521.0
2019-10-27 09:00:00,6541.0
2019-10-27 09:15:00,6562.1
2019-10-27 09:30:00,6589.3
2019-10-27 09:45:00,6593.1
2019-10-27 10:00:00,6614.6
2019-10-27 10:15:00,6623.8
2019-10-27 10:30:00,6633.9
2019-10-27 10:45:00,6644.1
2019-10-27 11:00:00,6648.6
2019-10-27 11:15:00,6670.2
2019-10-27 11:30:00,6679.7
2019-10-27 11:45:00,6675.9
2019-10-27 12:00:00,6680.3
2019-10-27 12:15:00,6669.7
2019-10-27 12:30:00,6652.7
2019-10-27 12:45:00,6638.8
2019-10-27 13:00:00,6616.6
2019-10-27 13:15:00,6595.7
2019-10-27 13:30:00,6581.4
2019-10-27 13:45:00,6566.6
2019-10-27 14:00:00,6553.8
2019-10-27 14:15:00,6549.3
2019-10-27 14:30:00,6552.1
2019-10-27 14:45:00,6552.4
2019-10-27 15:00:00,6540.0
2019-10-27 15:15:00,6536.2
2019-10-27 15:30:00,6532.4
2019-10-27 15:45:00,6528.3
2019-10-27 16:00:00,6547.6
2019-10-27 16:15:00,6559.4
2019-10-27 16:30:00,6579.9
2019-10-27 16:45:00,6597.8
2019-10-27 17:00:00,6646.4
2019-10-27 17:15:00,6697.1
2019-10-27 17:30:00,6753.4
2019-10-27 17:45:00,6781.5
2019-10-27 18:00:00,6805.6
2019-10-27 18:15:00,6797.3
2019-10-27 18:30:00,6786.9
2019-10-27 18:45:00,6770.3
2019-10-27 19:00:00,6754.1
2019-10-27 19:15:00,6735.3
2019-10-27 19:30:00,6718.5
2019-10-27 19:45:00,6695.0
2019-10-27 20:00:00,6695.1
2019-10-27 20:15:00,6665.3
2019-10-27 20:30:00,6635.2
2019-10-27 20:45:00,6613.6
2019-10-27 21:00:00,6603.7
2019-10-27 21:15:00,6593.9
2019-10-27 21:30:00,6579.5
2019-10-27 21:45:00,6575.3
2019-10-27 22:00:00,6578.2
2019-10-27 22:15:00,6561.5
2019-10-27 22:30:00,6537.9
2019-10-27 22:45:00,6514.6
2019-10-27 23:00:00,6492.4
2019-10-27 23:15:00,6464.3
2019-10-27 23:30:00,6443.0
2019-10-27 23:45:00,6427.9
2019-10-28 00:00:00,6431.2
2019-10-28 00:15:00,6427.5
2019-10-28 00:30:00,6417.8
2019-10-28 00:45:00,6412.5
2019-10-28 01:00:00,6408.1
2019-10-28 01:15:00,6405.0
2019-10-28 01:30:00,6403.7
2019-10-28 01:45:00,6397.0
2019-10-28 02:00:00,6394.5
2019-10-28 02:15:00,6387.9
2019-10-28 02:30:00,6393.3
2019-10-28 02:45:00,6402.2
2019-10-28 03:00:00,6411.7
2019-10-28 03:15:00,6417.4
2019-10-28 03:30:00,6420.9
2019-10-28 03:45:00,6423.4
2019-10-28 04:00:00,6447.3
2019-10-28 04:15:00,6459.0
2019-10-28 04:30:00,6488.6
2019-10-28 04:45:00,6520.0
2019-10-28 05:00:00,6577.7
2019-10-28 05:15:00,6612.6
2019-10-28 05:30:00,6653.6
2019-10-28 05:45:00,6708.3
2019-10-28 06:00:00,6806.8
2019-10-28 06:15:00,6889.6
2019-10-28 06:30:00,6963.8
2019-10-28 06:45:00,7013.4
2019-10-28 07:00:00,7046.5
2019-10-28 07:15:00,7069.0
2019-10-28 07:30:00,7084.4
2019-10-28 07:45:00,7109.3
2019-10-28 08:00:00,7124.7
2019-10-28 08:15:00,7122.7
2019-10-28 08:30:00,7125.4
2019-10-28 08:45:00,7119.6
2019-10-28 09:00:00,7107.4
2019-10-28 09:15:00,7116.5
2019-10-28 09:30:00,7127.1
2019-10-28 09:45:00,7136.2
2019-10-28 10:00:00,7145.6
2019-10-28 10:15:00,7152.6
2019-10-28 10:30:00,7162.7
2019-10-28 10:45:00,7173.5
2019-10-28 11:00:00,7189.7
2019-10-28 11:15:00,7185.4
2019-10-28 11:30:00,7193.9
2019-10-28 11:45:00,7192.7
2019-10-28 12:00:00,7178.3
2019-10-28 12:15:00,7165.3
2019-10-28 12:30:00,7168.5
2019-10-28 12:45:00,7164.3
2019-10-28 13:00:00,7158.2
2019-10-28 13:15:00,7152.0
2019-10-28 13:30:00,7137.2
2019-10-28 13:45:00,7116.1
2019-10-28 14:00:00,7114.9
2019-10-28 14:15:00,7109.3
2019-10-28 14:30:00,7100.6
2019-10-28 14:45:00,7087.9
2019-10-28 15:00:00,7076.6
2019-10-28 15:15:00,7064.1
2019-10-28 15:30:00,7051.0
2019-10-28 15:45:00,7042.1
2019-10-28 16:00:00,7018.1
2019-10-28 16:15:00,7019.8
2019-10-28 16:30:00,7018.5
2019-10-28 16:45:00,7042.5
2019-10-28 17:00:00,7086.6
2019-10-28 17:15:00,7126.3
2019-10-28 17:30:00,7164.8
2019-10-28 17:45:00,7180.3
2019-10-28 18:00:00,7173.5
2019-10-28 18:15:00,7156.7
2019-10-28 18:30:00,7154.8
2019-10-28 18:45:00,7159.1
2019-10-28 19:00:00,7129.1
2019-10-28 19:15:00,7100.0
2019-10-28 19:30:00,7080.5
2019-10-28 19:45:00,7061.2
2019-10-28 20:00:00,7033.6
2019-10-28 20:15:00,6997.4
2019-10-28 20:30:00,6962.9
2019-10-28 20:45:00,6933.2
2019-10-28 21:00:00,6901.9
2019-10-28 21:15:00,6872.2
2019-10-28 21:30:00,6834.2
2019-10-28 21:45:00,6798.4
2019-10-28 22:00:00,6790.0
2019-10-28 22:15:00,6761.6
2019-10-28 22:30:00,6728.4
2019-10-28 22:45:00,6692.2
2019-10-28 23:00:00,6651.5
2019-10-28 23:15:00,6612.7
2019-10-28 23:30:00,6580.9
2019-10-28 23:45:00,6559.2
2019-10-29 00:00:00,6551.2
2019-10-29 00:15:00,6529.6
2019-10-29 00:30:00,6518.1
2019-10-29 00:45:00,6502.4
2019-10-29 01:00:00,6489.4
2019-10-29 01:15:00,6479.2
2019-10-29 01:30:00,6475.8
2019-10-29 01:45:00,6471.3
2019-10-29 02:00:00,6464.3
2019-10-29 02:15:00,6464.5
2019-10-29 02:30:00,6470.7
2019-10-29 02:45:00,6469.9
2019-10-29 03:00:00,6462.6
2019-10-29 03:15:00,6474.1
2019-10-29 03:30:00,6483.9
2019-10-29 03:45:00,6493.1
2019-10-29 04:00:00,6514.3
2019-10-29 04:15:00,6531.1
2019-10-29 04:30:00,6539.9
2019-10-29 04:45:00,6558.8
2019-10-29 05:00:00,6594.4
2019-10-29 05:15:00,6619.1
2019-10-29 05:30:00,6654.9
2019-10-29 05:45:00,6706.1
2019-10-29 06:00:00,6812.7
2019-10-29 06:15:00,6890.2
2019-10-29 06:30:00,6951.1
2019-10-29 06:45:00,6994.0
2019-10-29 07:00:00,7047.6
2019-10-29 07:15:00,7071.6
2019-10-29 07:30:00,7096.0
2019-10-29 07:45:00,7116.5
2019-10-29 08:00:00,7135.5
2019-10-29 08:15:00,7154.8
2019-10-29 08:30:00,7156.1
2019-10-29 08:45:00,7155.7
2019-10-29 09:00:00,7152.5
2019-10-29 09:15:00,7156.4
2019-10-29 09:30:00,7167.6
2019-10-29 09:45:00,7174.5
2019-10-29 10:00:00,7176.9
2019-10-29 10:15:00,7178.2
2019-10-29 10:30:00,7177.2
2019-10-29 10:45:00,7194.4
2019-10-29 11:00:00,7192.2
2019-10-29 11:15:00,7207.9
2019-10-29 11:30:00,7208.6
2019-10-29 11:45:00,7203.7
2019-10-29 12:00:00,7186.2
2019-10-29 12:15:00,7178.6
2019-10-29 12:30:00,7172.5
2019-10-29 12:45:00,7177.0
2019-10-29 13:00:00,7175.6
2019-10-29 13:15:00,7168.5
2019-10-29 13:30:00,7152.1
2019-10-29 13:45:00,7130.1
2019-10-29 14:00:00,7125.8
2019-10-29 14:15:00,7114.1
2019-10-29 14:30:00,7111.9
2019-10-29 14:45:00,7109.3
2019-10-29 15:00:00,7101.8
2019-10-29 15:15:00,7087.0
2019-10-29 15:30:00,7079.9
2019-10-29 15:45:00,7074.4
2019-10-29 16:00:00,7075.1
2019-10-29 16:15:00,7070.5
2019-10-29 16:30:00,7082.6
2019-10-29 16:45:00,7098.5
2019-10-29 17:00:00,7138.3
2019-10-29 17:15:00,7176.0
2019-10-29 17:30:00,7219.7
2019-10-29 17:45:00,7230.7
2019-10-29 18:00:00,7208.9
2019-10-29 18:15:00,7197.5
2019-10-29 18:30:00,7184.4
2019-10-29 18:45:00,7172.5
2019-10-29 19:00:00,7152.9
2019-10-29 19:15:00,7132.2
2019-10-29 19:30:00,7113.7
2019-10-29 19:45:00,7092.2
2019-10-29 20:00:00,7067.3
2019-10-29 20:15:00,7026.6
2019-10-29 20:30:00,6984.0
2019-10-29 20:45:00,6961.9
2019-10-29 21:00:00,6938.5
2019-10-29 21:15:00,6909.8
2019-10-29 21:30:00,6879.9
2019-10-29 21:45:00,6849.0
2019-10-29 22:00:00,6831.7
2019-10-29 22:15:00,6805.3
2019-10-29 22:30:00,6755.6
2019-10-29 22:45:00,6732.5
2019-10-29 23:00:00,6687.8
2019-10-29 23:15:00,6656.9
2019-10-29 23:30:00,6624.3
2019-10-29 23:45:00,6599.4
2019-10-30 00:00:00,6569.6
2019-10-30 00:15:00,6548.2
2019-10-30 00:30:00,6544.9
2019-10-30 00:45:00,6534.0
2019-10-30 01:00:00,6518.5
2019-10-30 01:15:00,6515.6
2019-10-30 01:30:00,6508.3
2019-10-30 01:45:00,6508.6
2019-10-30 02:00:00,6483.5
2019-10-30 02:15:00,6487.2
2019-10-30 02:30:00,6487.9
2019-10-30 02:45:00,6489.9
2019-10-30 03:00:00,6492.7
2019-10-30 03:15:00,6499.8
2019-10-30 03:30:00,6503.0
2019-10-30 03:45:00,6510.4
2019-10-30 04:00:00,6529.9
2019-10-30 04:15:00,6540.1
2019-10-30 04:30:00,6559.8
2019-10-30 04:45:00,6576.0
2019-10-30 05:00:00,6617.4
2019-10-30 05:15:00,6641.1
2019-10-30 05:30:00,6675.5
2019-10-30 05:45:00,6726.4
2019-10-30 06:00:00,6827.3
2019-10-30 06:15:00,6906.5
2019-10-30 06:30:00,6949.7
2019-10-30 06:45:00,6992.3
2019-10-30 07:00:00,7034.4
2019-10-30 07:15:00,7053.6
2019-10-30 07:30:00,7071.0
2019-10-30 07:45:00,7091.5
2019-10-30 08:00:00,7121.3
2019-10-30 08:15:00,7134.6
2019-10-30 08:30:00,7131.3
2019-10-30 08:45:00,7138.6
2019-10-30 09:00:00,7125.8
2019-10-30 09:15:00,7128.5
2019-10-30 09:30:00,7136.0
2019-10-30 09:45:00,7132.3
2019-10-30 10:00:00,7146.1
2019-10-30 10:15:00,7145.4
2019-10-30 10:30:00,7153.8
2019-10-30 10:45:00,7164.8
2019-10-30 11:00:00,7163.2
2019-10-30 11:15:00,7167.0
2019-10-30 11:30:00,7172.6
2019-10-30 11:45:00,7175.4
2019-10-30 12:00:00,7159.2
2019-10-30 12:15:00,7153.3
2019-10-30 12:30:00,7156.9
2019-10-30 12:45:00,7145.8
2019-10-30 13:00:00,7155.5
2019-10-30 13:15:00,7147.0
2019-10-30 13:30:00,7130.5
2019-10-30 13:45:00,7114.9
2019-10-30 14:00:00,7111.8
2019-10-30 14:15:00,7104.6
2019-10-30 14:30:00,7100.8
2019-10-30 14:45:00,7095.7
2019-10-30 15:00:00,7085.2
2019-10-30 15:15:00,7070.7
2019-10-30 15:30:00,7059.3
2019-10-30 15:45:00,7052.8
2019-10-30 16:00:00,7042.0
2019-10-30 16:15:00,7037.1
2019-10-30 16:30:00,7050.3
2019-10-30 16:45:00,7068.8
2019-10-30 17:00:00,7122.5
2019-10-30 17:15:00,7164.7
2019-10-30 17:30:00,7185.7
2019-10-30 17:45:00,7199.5
2019-10-30 18:00:00,7169.4
2019-10-30 18:15:00,7154.3
2019-10-30 18:30:00,7143.1
2019-10-30 18:45:00,7136.5
2019-10-30 19:00:00,7137.6
2019-10-30 19:15:00,7124.1
2019-10-30 19:30:00,7106.1
2019-10-30 19:45:00,7086.8
2019-10-30 20:00:00,7044.8
2019-10-30 20:15:00,7009.5
2019-10-30 20:30:00,6974.6
2019-10-30 20:45:00,6948.2
2019-10-30 21:00:00,6923.9
2019-10-30 21:15:00,6907.9
2019-10-30 21:30:00,6891.0
2019-10-30 21:45:00,6855.6
2019-10-30 22:00:00,6809.0
2019-10-30 22:15:00,6792.5
2019-10-30 22:30:00,6757.5
2019-10-30 22:45:00,6720.5
2019-10-30 23:00:00,6688.7
2019-10-30 23:15:00,6663.9
2019-10-30 23:30:00,6627.7
2019-10-30 23:45:00,6610.0
2019-10-31 00:00:00,6570.1
2019-10-31 00:15:00,6551.0
2019-10-31 00:30:00,6531.3
2019-10-31 00:45:00,6524.7
2019-10-31 01:00:00,6500.1
2019-10-31 01:15:00,6493.2
2019-10-31 01:30:00,6483.7
2019-10-31 01:45:00,6474.8
2019-10-31 02:00:00,6474.5
2019-10-31 02:15:00,6476.7
2019-10-31 02:30:00,6477.9
2019-10-31 02:45:00,6478.5
2019-10-31 03:00:00,6488.1
2019-10-31 03:15:00,6490.0
2019-10-31 03:30:00,6489.8
2019-10-31 03:45:00,6492.2
2019-10-31 04:00:00,6503.2
2019-10-31 04:15:00,6504.4
2019-10-31 04:30:00,6513.0
2019-10-31 04:45:00,6531.8
2019-10-31 05:00:00,6560.1
2019-10-31 05:15:00,6568.1
2019-10-31 05:30:00,6590.1
2019-10-31 05:45:00,6611.4
2019-10-31 06:00:00,6681.0
2019-10-31 06:15:00,6733.0
2019-10-31 06:30:00,6772.9
2019-10-31 06:45:00,6807.1
2019-10-31 07:00:00,6851.2
2019-10-31 07:15:00,6875.7
2019-10-31 07:30:00,6896.3
2019-10-31 07:45:00,6928.4
2019-10-31 08:00:00,6959.0
2019-10-31 08:15:00,6974.8
2019-10-31 08:30:00,6980.2
2019-10-31 08:45:00,6987.2
2019-10-31 09:00:00,6978.7
2019-10-31 09:15:00,6995.5
2019-10-31 09:30:00,7010.6
2019-10-31 09:45:00,7016.3
2019-10-31 10:00:00,7006.4
2019-10-31 10:15:00,7014.8
2019-10-31 10:30:00,7021.9
2019-10-31 10:45:00,7025.1
2019-10-31 11:00:00,7022.4
2019-10-31 11:15:00,7032.9
2019-10-31 11:30:00,7035.9
2019-10-31 11:45:00,7035.0
2019-10-31 12:00:00,7005.5
2019-10-31 12:15:00,6993.3
2019-10-31 12:30:00,6990.0
2019-10-31 12:45:00,6984.7
2019-10-31 13:00:00,6983.0
2019-10-31 13:15:00,6975.5
2019-10-31 13:30:00,6956.5
2019-10-31 13:45:00,6947.7
2019-10-31 14:00:00,6942.7
2019-10-31 14:15:00,6925.2
2019-10-31 14:30:00,6917.7
2019-10-31 14:45:00,6906.2
2019-10-31 15:00:00,6902.2
2019-10-31 15:15:00,6883.2
2019-10-31 15:30:00,6878.9
2019-10-31 15:45:00,6872.0
2019-10-31 16:00:00,6871.0
2019-10-31 16:15:00,6866.6
2019-10-31 16:30:00,6870.0
2019-10-31 16:45:00,6882.1
2019-10-31 17:00:00,6935.4
2019-10-31 17:15:00,6979.8
2019-10-31 17:30:00,7003.8
2019-10-31 17:45:00,7012.4
2019-10-31 18:00:00,7007.6
2019-10-31 18:15:00,7000.6
2019-10-31 18:30:00,6992.8
2019-10-31 18:45:00,6984.7
2019-10-31 19:00:00,6980.2
2019-10-31 19:15:00,6963.6
2019-10-31 19:30:00,6955.7
2019-10-31 19:45:00,6947.3
2019-10-31 20:00:00,6907.0
2019-10-31 20:15:00,6871.4
2019-10-31 20:30:00,6846.4
2019-10-31 20:45:00,6830.5
2019-10-31 21:00:00,6801.1
2019-10-31 21:15:00,6786.9
2019-10-31 21:30:00,6766.8
2019-10-31 21:45:00,6751.8
2019-10-31 22:00:00,6729.8
2019-10-31 22:15:00,6705.3
2019-10-31 22:30:00,6676.3
2019-10-31 22:45:00,6639.0
2019-10-31 23:00:00,6596.7
2019-10-31 23:15:00,6568.7
2019-10-31 23:30:00,6546.6
2019-10-31 23:45:00,6530.6
2019-11-01 00:00:00,6490.0
2019-11-01 00:15:00,6469.3
2019-11-01 00:30:00,6447.6
2019-11-01 00:45:00,6430.9
2019-11-01 01:00:00,6409.2
2019-11-01 01:15:00,6401.7
2019-11-01 01:30:00,6397.7
2019-11-01 01:45:00,6382.6
2019-11-01 02:00:00,6371.5
2019-11-01 02:15:00,6368.4
2019-11-01 02:30:00,6365.6
2019-11-01 02:45:00,6364.0
2019-11-01 03:00:00,6374.5
2019-11-01 03:15:00,6377.1
2019-11-01 03:30:00,6381.2
2019-11-01 03:45:00,6371.0
2019-11-01 04:00:00,6390.4
2019-11-01 04:15:00,6397.0
2019-11-01 04:30:00,6404.3
2019-11-01 04:45:00,6408.7
2019-11-01 05:00:00,6418.2
2019-11-01 05:15:00,6420.7
2019-11-01 05:30:00,6431.3
2019-11-01 05:45:00,6438.0
2019-11-01 06:00:00,6463.1
2019-11-01 06:15:00,6486.5
2019-11-01 06:30:00,6504.3
2019-11-01 06:45:00,6524.7
2019-11-01 07:00:00,6553.7
2019-11-01 07:15:00,6574.3
2019-11-01 07:30:00,6591.9
2019-11-01 07:45:00,6615.5
2019-11-01 08:00:00,6655.5
2019-11-01 08:15:00,6681.6
2019-11-01 08:30:00,6703.7
2019-11-01 08:45:00,6716.8
2019-11-01 09:00:00,6712.6
2019-11-01 09:15:00,6722.3
2019-11-01 09:30:00,6730.3
2019-11-01 09:45:00,6737.9
2019-11-01 10:00:00,6744.2
2019-11-01 10:15:00,6754.1
2019-11-01 10:30:00,6764.4
2019-11-01 10:45:00,6781.9
2019-11-01 11:00:00,6791.4
2019-11-01 11:15:00,6808.2
2019-11-01 11:30:00,6820.7
2019-11-01 11:45:00,6826.9
2019-11-01 12:00:00,6835.7
2019-11-01 12:15:00,6833.3
2019-11-01 12:30:00,6822.3
2019-11-01 12:45:00,6818.8
2019-11-01 13:00:00,6808.2
2019-11-01 13:15:00,6794.2
2019-11-01 13:30:00,6784.2
2019-11-01 13:45:00,6768.7
2019-11-01 14:00:00,6767.8
2019-11-01 14:15:00,6755.7
2019-11-01 14:30:00,6751.7
2019-11-01 14:45:00,6744.5
2019-11-01 15:00:00,6764.6
2019-11-01 15:15:00,6756.4
2019-11-01 15:30:00,6759.9
2019-11-01 15:45:00,6760.9
2019-11-01 16:00:00,6772.4
2019-11-01 16:15:00,6774.4
2019-11-01 16:30:00,6793.4
2019-11-01 16:45:00,6816.7
2019-11-01 17:00:00,6877.5
2019-11-01 17:15:00,6902.9
2019-11-01 17:30:00,6918.2
2019-11-01 17:45:00,6924.2
2019-11-01 18:00:00,6911.7
2019-11-01 18:15:00,6898.1
2019-11-01 18:30:00,6886.9
2019-11-01 18:45:00,6873.7
2019-11-01 19:00:00,6868.6
2019-11-01 19:15:00,6845.1
2019-11-01 19:30:00,6826.9
2019-11-01 19:45:00,6810.0
2019-11-01 20:00:00,6774.7
2019-11-01 20:15:00,6740.8
2019-11-01 20:30:00,6715.9
2019-11-01 20:45:00,6697.5
2019-11-01 21:00:00,6673.7
2019-11-01 21:15:00,6655.3
2019-11-01 21:30:00,6637.9
2019-11-01 21:45:00,6627.8
2019-11-01 22:00:00,6632.7
2019-11-01 22:15:00,6600.5
2019-11-01 22:30:00,6577.6
2019-11-01 22:45:00,6549.4
2019-11-01 23:00:00,6516.2
2019-11-01 23:15:00,6489.4
2019-11-01 23:30:00,6467.4
2019-11-01 23:45:00,6447.2
2019-11-02 00:00:00,6409.3
2019-11-02 00:15:00,6393.8
2019-11-02 00:30:00,6373.7
2019-11-02 00:45:00,6355.3
2019-11-02 01:00:00,6336.1
2019-11-02 01:15:00,6321.2
2019-11-02 01:30:00,6316.1
2019-11-02 01:45:00,6307.1
2019-11-02 02:00:00,6302.3
2019-11-02 02:15:00,6294.0
2019-11-02 02:30:00,6290.2
2019-11-02 02:45:00,6286.9
2019-11-02 03:00:00,6288.8
2019-11-02 03:15:00,6287.2
2019-11-02 03:30:00,6287.5
2019-11-02 03:45:00,6285.7
2019-11-02 04:00:00,6297.9
2019-11-02 04:15:00,6301.9
2019-11-02 04:30:00,6309.5
2019-11-02 04:45:00,6316.1
2019-11-02 05:00:00,6338.4
2019-11-02 05:15:00,6345.0
2019-11-02 05:30:00,6345.7
2019-11-02 05:45:00,6369.4
2019-11-02 06:00:00,6398.0
2019-11-02 06:15:00,6414.8
2019-11-02 06:30:00,6430.5
2019-11-02 06:45:00,6446.4
2019-11-02 07:00:00,6479.6
2019-11-02 07:15:00,6491.9
2019-11-02 07:30:00,6510.9
2019-11-02 07:45:00,6546.8
2019-11-02 08:00:00,6583.8
2019-11-02 08:15:00,6608.3
2019-11-02 08:30:00,6639.1
2019-11-02 08:45:00,6656.1
2019-11-02 09:00:00,6682.7
2019-11-02 09:15:00,6693.2
2019-11-02 09:30:00,6695.7
2019-11-02 09:45:00,6706.6
2019-11-02 10:00:00,6714.9
2019-11-02 10:15:00,6720.1
2019-11-02 10:30:00,6730.2
2019-11-02 10:45:00,6739.2
2019-11-02 11:00:00,6755.8
2019-11-02 11:15:00,6768.2
2019-11-02 11:30:00,6782.9
2019-11-02 11:45:00,6782.2
2019-11-02 12:00:00,6777.0
2019-11-02 12:15:00,6774.8
2019-11-02 12:30:00,6766.7
2019-11-02 12:45:00,6771.6
2019-11-02 13:00:00,6765.9
2019-11-02 13:15:00,6756.0
2019-11-02 13:30:00,6747.7
2019-11-02 13:45:00,6722.7
2019-11-02 14:00:00,6713.0
2019-11-02 14:15:00,6706.3
2019-11-02 14:30:00,6699.8
2019-11-02 14:45:00,6685.9
2019-11-02 15:00:00,6680.1
2019-11-02 15:15:00,6674.1
2019-11-02 15:30:00,6672.3
2019-11-02 15:45:00,6669.5
2019-11-02 16:00:00,6686.7
2019-11-02 16:15:00,6683.1
2019-11-02 16:30:00,6700.3
2019-11-02 16:45:00,6727.2
2019-11-02 17:00:00,6789.3
2019-11-02 17:15:00,6829.3
2019-11-02 17:30:00,6865.1
2019-11-02 17:45:00,6875.2
2019-11-02 18:00:00,6872.6
2019-11-02 18:15:00,6859.1
2019-11-02 18:30:00,6842.7
2019-11-02 18:45:00,6831.1
2019-11-02 19:00:00,6805.7
2019-11-02 19:15:00,6781.1
2019-11-02 19:30:00,6752.4
2019-11-02 19:45:00,6734.2
2019-11-02 20:00:00,6707.2
2019-11-02 20:15:00,6666.0
2019-11-02 20:30:00,6647.0
2019-11-02 20:45:00,6623.9
2019-11-02 21:00:00,6605.5
2019-11-02 21:15:00,6594.3
2019-11-02 21:30:00,6583.3
2019-11-02 21:45:00,6578.0
2019-11-02 22:00:00,6572.5
2019-11-02 22:15:00,6567.7
2019-11-02 22:30:00,6544.8
2019-11-02 22:45:00,6517.0
2019-11-02 23:00:00,6475.5
2019-11-02 23:15:00,6449.7
2019-11-02 23:30:00,6428.9
2019-11-02 23:45:00,6398.2
2019-11-03 00:00:00,6354.9
2019-11-03 00:15:00,6330.7
2019-11-03 00:30:00,6311.4
2019-11-03 00:45:00,6291.1
2019-11-03 01:00:00,6282.0
2019-11-03 01:15:00,6267.8
2019-11-03 01:30:00,6242.9
2019-11-03 01:45:00,6238.3
2019-11-03 02:00:00,6242.5
2019-11-03 02:15:00,6242.2
2019-11-03 02:30:00,6229.9
2019-11-03 02:45:00,6234.2
2019-11-03 03:00:00,6235.4
2019-11-03 03:15:00,6221.4
2019-11-03 03:30:00,6210.5
2019-11-03 03:45:00,6213.3
2019-11-03 04:00:00,6221.8
2019-11-03 04:15:00,6232.6
2019-11-03 04:30:00,6244.0
2019-11-03 04:45:00,6236.7
2019-11-03 05:00:00,6237.4
2019-11-03 05:15:00,6236.4
2019-11-03 05:30:00,6226.4
2019-11-03 05:45:00,6220.8
2019-11-03 06:00:00,6215.8
2019-11-03 06:15:00,6215.8
2019-11-03 06:30:00,6222.5
2019-11-03 06:45:00,6226.9
2019-11-03 07:00:00,6247.1
2019-11-03 07:15:00,6259.5
2019-11-03 07:30:00,6275.7
2019-11-03 07:45:00,6294.4
2019-11-03 08:00:00,6335.8
2019-11-03 08:15:00,6367.7
2019-11-03 08:30:00,6392.6
2019-11-03 08:45:00,6415.9
2019-11-03 09:00:00,6440.3
2019-11-03 09:15:00,6460.0
2019-11-03 09:30:00,6480.4
2019-11-03 09:45:00,6494.6
2019-11-03 10:00:00,6518.8
2019-11-03 10:15:00,6544.3
2019-11-03 10:30:00,6554.1
2019-11-03 10:45:00,6579.6
2019-11-03 11:00:00,6597.1
2019-11-03 11:15:00,6626.8
2019-11-03 11:30:00,6644.0
2019-11-03 11:45:00,6642.1
2019-11-03 12:00:00,6636.0
2019-11-03 12:15:00,6629.0
2019-11-03 12:30:00,6619.6
2019-11-03 12:45:00,6600.9
2019-11-03 13:00:00,6589.1
2019-11-03 13:15:00,6569.5
2019-11-03 13:30:00,6557.5
2019-11-03 13:45:00,6537.6
2019-11-03 14:00:00,6528.3
2019-11-03 14:15:00,6524.6
2019-11-03 14:30:00,6512.9
2019-11-03 14:45:00,6505.8
2019-11-03 15:00:00,6521.8
2019-11-03 15:15:00,6518.1
2019-11-03 15:30:00,6517.0
2019-11-03 15:45:00,6510.2
2019-11-03 16:00:00,6518.5
2019-11-03 16:15:00,6533.2
2019-11-03 16:30:00,6553.6
2019-11-03 16:45:00,6588.4
2019-11-03 17:00:00,6639.1
2019-11-03 17:15:00,6671.2
2019-11-03 17:30:00,6691.4
2019-11-03 17:45:00,6710.3
2019-11-03 18:00:00,6722.2
2019-11-03 18:15:00,6709.2
2019-11-03 18:30:00,6704.5
2019-11-03 18:45:00,6689.4
2019-11-03 19:00:00,6675.0
2019-11-03 19:15:00,6659.2
2019-11-03 19:30:00,6650.6
2019-11-03 19:45:00,6626.4
2019-11-03 20:00:00,6611.0
2019-11-03 20:15:00,6580.4
2019-11-03 20:30:00,6568.3
2019-11-03 20:45:00,6545.4
2019-11-03 21:00:00,6532.0
2019-11-03 21:15:00,6510.7
2019-11-03 21:30:00,6498.5
2019-11-03 21:45:00,6493.2
2019-11-03 22:00:00,6498.0
2019-11-03 22:15:00,6480.9
2019-11-03 22:30:00,6450.4
2019-11-03 22:45:00,6432.7
2019-11-03 23:00:00,6408.5
2019-11-03 23:15:00,6387.9
2019-11-03 23:30:00,6370.3
2019-11-03 23:45:00,6350.1
2019-11-04 00:00:00,6328.4
2019-11-04 00:15:00,6311.4
2019-11-04 00:30:00,6306.8
2019-11-04 00:45:00,6301.9
2019-11-04 01:00:00,6286.5
2019-11-04 01:15:00,6288.6
2019-11-04 01:30:00,6286.1
2019-11-04 01:45:00,6281.4
2019-11-04 02:00:00,6261.6
2019-11-04 02:15:00,6263.1
2019-11-04 02:30:00,6273.5
2019-11-04 02:45:00,6279.9
2019-11-04 03:00:00,6279.4
2019-11-04 03:15:00,6299.2
2019-11-04 03:30:00,6310.8
2019-11-04 03:45:00,6320.7
2019-11-04 04:00:00,6340.9
2019-11-04 04:15:00,6359.2
2019-11-04 04:30:00,6380.4
2019-11-04 04:45:00,6399.8
2019-11-04 05:00:00,6434.8
2019-11-04 05:15:00,6466.0
2019-11-04 05:30:00,6516.3
2019-11-04 05:45:00,6592.2
2019-11-04 06:00:00,6694.4
2019-11-04 06:15:00,6780.0
2019-11-04 06:30:00,6853.9
2019-11-04 06:45:00,6918.6
2019-11-04 07:00:00,6976.3
2019-11-04 07:15:00,7000.2
2019-11-04 07:30:00,7009.5
2019-11-04 07:45:00,7036.2
2019-11-04 08:00:00,7065.7
2019-11-04 08:15:00,7073.9
2019-11-04 08:30:00,7089.6
2019-11-04 08:45:00,7093.6
2019-11-04 09:00:00,7073.2
2019-11-04 09:15:00,7082.2
2019-11-04 09:30:00,7105.8
2019-11-04 09:45:00,7109.8
2019-11-04 10:00:00,7123.6
2019-11-04 10:15:00,7133.7
2019-11-04 10:30:00,7137.7
2019-11-04 10:45:00,7134.4
2019-11-04 11:00:00,7136.0
2019-11-04 11:15:00,7138.4
2019-11-04 11:30:00,7130.6
2019-11-04 11:45:00,7138.5
2019-11-04 12:00:00,7119.3
2019-11-04 12:15:00,7119.2
2019-11-04 12:30:00,7121.5
2019-11-04 12:45:00,7128.1
2019-11-04 13:00:00,7141.2
2019-11-04 13:15:00,7118.4
2019-11-04 13:30:00,7094.6
2019-11-04 13:45:00,7077.4
2019-11-04 14:00:00,7088.8
2019-11-04 14:15:00,7087.1
2019-11-04 14:30:00,7076.7
2019-11-04 14:45:00,7061.0
2019-11-04 15:00:00,7077.6
2019-11-04 15:15:00,7067.2
2019-11-04 15:30:00,7062.0
2019-11-04 15:45:00,7051.0
2019-11-04 16:00:00,7050.7
2019-11-04 16:15:00,7051.4
2019-11-04 16:30:00,7057.5
2019-11-04 16:45:00,7080.4
2019-11-04 17:00:00,7115.8
2019-11-04 17:15:00,7156.9
2019-11-04 17:30:00,7175.2
2019-11-04 17:45:00,7184.8
2019-11-04 18:00:00,7174.9
2019-11-04 18:15:00,7160.4
2019-11-04 18:30:00,7153.5
2019-11-04 18:45:00,7147.7
2019-11-04 19:00:00,7134.4
2019-11-04 19:15:00,7109.8
2019-11-04 19:30:00,7097.1
2019-11-04 19:45:00,7078.2
2019-11-04 20:00:00,7043.3
2019-11-04 20:15:00,6987.9
2019-11-04 20:30:00,6953.8
2019-11-04 20:45:00,6937.3
2019-11-04 21:00:00,6906.4
2019-11-04 21:15:00,6873.4
2019-11-04 21:30:00,6841.0
2019-11-04 21:45:00,6808.1
2019-11-04 22:00:00,6793.6
2019-11-04 22:15:00,6763.0
2019-11-04 22:30:00,6725.7
2019-11-04 22:45:00,6685.8
2019-11-04 23:00:00,6634.7
2019-11-04 23:15:00,6603.9
2019-11-04 23:30:00,6580.7
2019-11-04 23:45:00,6564.8
2019-11-05 00:00:00,6522.9
2019-11-05 00:15:00,6525.4
2019-11-05 00:30:00,6504.6
2019-11-05 00:45:00,6484.3
2019-11-05 01:00:00,6463.3
2019-11-05 01:15:00,6453.4
2019-11-05 01:30:00,6449.2
2019-11-05 01:45:00,6428.7
2019-11-05 02:00:00,6435.0
2019-11-05 02:15:00,6434.1
2019-11-05 02:30:00,6442.1
2019-11-05 02:45:00,6443.5
2019-11-05 03:00:00,6448.1
2019-11-05 03:15:00,6448.4
2019-11-05 03:30:00,6451.4
2019-11-05 03:45:00,6459.0
2019-11-05 04:00:00,6480.0
2019-11-05 04:15:00,6489.3
2019-11-05 04:30:00,6509.2
2019-11-05 04:45:00,6534.6
2019-11-05 05:00:00,6577.7
2019-11-05 05:15:00,6607.9
2019-11-05 05:30:00,6640.7
2019-11-05 05:45:00,6695.2
2019-11-05 06:00:00,6790.6
2019-11-05 06:15:00,6860.3
2019-11-05 06:30:00,6923.3
2019-11-05 06:45:00,6983.3
2019-11-05 07:00:00,7043.7
2019-11-05 07:15:00,7069.0
2019-11-05 07:30:00,7089.4
2019-11-05 07:45:00,7109.9
2019-11-05 08:00:00,7122.0
2019-11-05 08:15:00,7133.8
2019-11-05 08:30:00,7143.2
2019-11-05 08:45:00,7142.4
2019-11-05 09:00:00,7128.5
2019-11-05 09:15:00,7138.1
2019-11-05 09:30:00,7145.6
2019-11-05 09:45:00,7154.1
2019-11-05 10:00:00,7157.3
2019-11-05 10:15:00,7159.9
2019-11-05 10:30:00,7170.0
2019-11-05 10:45:00,7182.7
2019-11-05 11:00:00,7184.9
2019-11-05 11:15:00,7191.8
2019-11-05 11:30:00,7196.6
2019-11-05 11:45:00,7199.7
2019-11-05 12:00:00,7179.6
2019-11-05 12:15:00,7167.1
2019-11-05 12:30:00,7168.8
2019-11-05 12:45:00,7174.0
2019-11-05 13:00:00,7173.7
2019-11-05 13:15:00,7164.8
2019-11-05 13:30:00,7146.8
2019-11-05 13:45:00,7129.9
2019-11-05 14:00:00,7126.2
2019-11-05 14:15:00,7113.5
2019-11-05 14:30:00,7114.4
2019-11-05 14:45:00,7108.4
2019-11-05 15:00:00,7118.7
2019-11-05 15:15:00,7109.9
2019-11-05 15:30:00,7100.6
2019-11-05 15:45:00,7090.8
2019-11-05 16:00:00,7107.9
2019-11-05 16:15:00,7110.2
2019-11-05 16:30:00,7122.4
2019-11-05 16:45:00,7147.4
2019-11-05 17:00:00,7188.6
2019-11-05 17:15:00,7216.7
2019-11-05 17:30:00,7235.4
2019-11-05 17:45:00,7242.2
2019-11-05 18:00:00,7221.8
2019-11-05 18:15:00,7203.5
2019-11-05 18:30:00,7200.4
2019-11-05 18:45:00,7196.1
2019-11-05 19:00:00,7182.6
2019-11-05 19:15:00,7155.2
2019-11-05 19:30:00,7141.1
2019-11-05 19:45:00,7122.1
2019-11-05 20:00:00,7075.7
2019-11-05 20:15:00,7034.4
2019-11-05 20:30:00,6994.0
2019-11-05 20:45:00,6960.5
2019-11-05 21:00:00,6949.0
2019-11-05 21:15:00,6918.6
2019-11-05 21:30:00,6874.0
2019-11-05 21:45:00,6851.6
2019-11-05 22:00:00,6825.5
2019-11-05 22:15:00,6799.6
2019-11-05 22:30:00,6752.0
2019-11-05 22:45:00,6724.2
2019-11-05 23:00:00,6689.9
2019-11-05 23:15:00,6648.9
2019-11-05 23:30:00,6624.9
2019-11-05 23:45:00,6599.9
2019-11-06 00:00:00,6569.6
2019-11-06 00:15:00,6546.5
2019-11-06 00:30:00,6523.1
2019-11-06 00:45:00,6516.8
2019-11-06 01:00:00,6518.8
2019-11-06 01:15:00,6505.4
2019-11-06 01:30:00,6496.9
2019-11-06 01:45:00,6488.4
2019-11-06 02:00:00,6483.5
2019-11-06 02:15:00,6481.5
2019-11-06 02:30:00,6481.8
2019-11-06 02:45:00,6475.9
2019-11-06 03:00:00,6503.8
2019-11-06 03:15:00,6512.1
2019-11-06 03:30:00,6507.1
2019-11-06 03:45:00,6514.4
2019-11-06 04:00:00,6540.4
2019-11-06 04:15:00,6551.8
2019-11-06 04:30:00,6559.3
2019-11-06 04:45:00,6583.2
2019-11-06 05:00:00,6618.0
2019-11-06 05:15:00,6644.0
2019-11-06 05:30:00,6680.0
2019-11-06 05:45:00,6733.7
2019-11-06 06:00:00,6840.9
2019-11-06 06:15:00,6915.4
2019-11-06 06:30:00,6978.3
2019-11-06 06:45:00,7036.5
2019-11-06 07:00:00,7098.3
2019-11-06 07:15:00,7109.4
2019-11-06 07:30:00,7120.2
2019-11-06 07:45:00,7137.1
2019-11-06 08:00:00,7159.9
2019-11-06 08:15:00,7183.4
2019-11-06 08:30:00,7181.7
2019-11-06 08:45:00,7194.1
2019-11-06 09:00:00,7183.0
2019-11-06 09:15:00,7184.4
2019-11-06 09:30:00,7185.0
2019-11-06 09:45:00,7190.5
2019-11-06 10:00:00,7195.3
2019-11-06 10:15:00,7200.2
2019-11-06 10:30:00,7203.5
2019-11-06 10:45:00,7201.6
2019-11-06 11:00:00,7206.3
2019-11-06 11:15:00,7225.2
2019-11-06 11:30:00,7228.5
2019-11-06 11:45:00,7237.0
2019-11-06 12:00:00,7214.8
2019-11-06 12:15:00,7212.6
2019-11-06 12:30:00,7211.5
2019-11-06 12:45:00,7205.6
2019-11-06 13:00:00,7212.8
2019-11-06 13:15:00,7199.7
2019-11-06 13:30:00,7191.3
2019-11-06 13:45:00,7175.2
2019-11-06 14:00:00,7175.9
2019-11-06 14:15:00,7171.7
2019-11-06 14:30:00,7165.6
2019-11-06 14:45:00,7158.2
2019-11-06 15:00:00,7168.6
2019-11-06 15:15:00,7154.1
2019-11-06 15:30:00,7145.5
2019-11-06 15:45:00,7135.3
2019-11-06 16:00:00,7136.9
2019-11-06 16:15:00,7129.0
2019-11-06 16:30:00,7141.8
2019-11-06 16:45:00,7165.8
2019-11-06 17:00:00,7211.4
2019-11-06 17:15:00,7239.7
2019-11-06 17:30:00,7244.2
2019-11-06 17:45:00,7248.6
2019-11-06 18:00:00,7234.5
2019-11-06 18:15:00,7211.4
2019-11-06 18:30:00,7209.3
2019-11-06 18:45:00,7194.6
2019-11-06 19:00:00,7171.4
2019-11-06 19:15:00,7139.4
2019-11-06 19:30:00,7119.9
2019-11-06 19:45:00,7104.7
2019-11-06 20:00:00,7053.3
2019-11-06 20:15:00,7012.3
2019-11-06 20:30:00,6984.3
2019-11-06 20:45:00,6952.8
2019-11-06 21:00:00,6932.3
2019-11-06 21:15:00,6904.2
2019-11-06 21:30:00,6871.8
2019-11-06 21:45:00,6845.6
2019-11-06 22:00:00,6840.9
2019-11-06 22:15:00,6804.8
2019-11-06 22:30:00,6772.2
2019-11-06 22:45:00,6733.5
2019-11-06 23:00:00,6692.8
2019-11-06 23:15:00,6665.5
2019-11-06 23:30:00,6633.5
2019-11-06 23:45:00,6613.7
2019-11-07 00:00:00,6574.4
2019-11-07 00:15:00,6550.9
2019-11-07 00:30:00,6536.8
2019-11-07 00:45:00,6523.5
2019-11-07 01:00:00,6501.6
2019-11-07 01:15:00,6504.5
2019-11-07 01:30:00,6494.6
2019-11-07 01:45:00,6486.3
2019-11-07 02:00:00,6473.0
2019-11-07 02:15:00,6469.9
2019-11-07 02:30:00,6477.1
2019-11-07 02:45:00,6477.4
2019-11-07 03:00:00,6487.9
2019-11-07 03:15:00,6491.2
2019-11-07 03:30:00,6499.4
2019-11-07 03:45:00,6507.9
2019-11-07 04:00:00,6511.4
2019-11-07 04:15:00,6532.5
2019-11-07 04:30:00,6557.9
2019-11-07 04:45:00,6573.5
2019-11-07 05:00:00,6613.2
2019-11-07 05:15:00,6637.7
2019-11-07 05:30:00,6679.6
2019-11-07 05:45:00,6724.8
2019-11-07 06:00:00,6830.6
2019-11-07 06:15:00,6912.5
2019-11-07 06:30:00,6981.0
2019-11-07 06:45:00,7036.2
2019-11-07 07:00:00,7100.6
2019-11-07 07:15:00,7125.7
2019-11-07 07:30:00,7133.7
2019-11-07 07:45:00,7145.4
2019-11-07 08:00:00,7170.0
2019-11-07 08:15:00,7179.3
2019-11-07 08:30:00,7191.0
2019-11-07 08:45:00,7197.5
2019-11-07 09:00:00,7182.4
2019-11-07 09:15:00,7190.1
2019-11-07 09:30:00,7200.3
2019-11-07 09:45:00,7203.2
2019-11-07 10:00:00,7199.5
2019-11-07 10:15:00,7210.5
2019-11-07 10:30:00,7219.1
2019-11-07 10:45:00,7226.1
2019-11-07 11:00:00,7234.1
2019-11-07 11:15:00,7250.8
2019-11-07 11:30:00,7253.3
2019-11-07 11:45:00,7249.7
2019-11-07 12:00:00,7232.1
2019-11-07 12:15:00,7222.9
2019-11-07 12:30:00,7220.5
2019-11-07 12:45:00,7224.6
2019-11-07 13:00:00,7233.0
2019-11-07 13:15:00,7229.8
2019-11-07 13:30:00,7216.1
2019-11-07 13:45:00,7198.3
2019-11-07 14:00:00,7189.6
2019-11-07 14:15:00,7188.1
2019-11-07 14:30:00,7191.4
2019-11-07 14:45:00,7185.2
2019-11-07 15:00:00,7190.6
2019-11-07 15:15:00,7188.5
2019-11-07 15:30:00,7184.4
2019-11-07 15:45:00,7180.1
2019-11-07 16:00:00,7176.3
2019-11-07 16:15:00,7178.4
2019-11-07 16:30:00,7195.7
2019-11-07 16:45:00,7218.5
2019-11-07 17:00:00,7250.0
2019-11-07 17:15:00,7272.2
2019-11-07 17:30:00,7290.8
2019-11-07 17:45:00,7297.7
2019-11-07 18:00:00,7291.3
2019-11-07 18:15:00,7274.9
2019-11-07 18:30:00,7269.5
2019-11-07 18:45:00,7257.9
2019-11-07 19:00:00,7245.9
2019-11-07 19:15:00,7227.1
2019-11-07 19:30:00,7206.9
2019-11-07 19:45:00,7177.0
2019-11-07 20:00:00,7123.1
2019-11-07 20:15:00,7080.3
2019-11-07 20:30:00,7044.8
2019-11-07 20:45:00,7016.6
2019-11-07 21:00:00,6985.1
2019-11-07 21:15:00,6956.5
2019-11-07 21:30:00,6918.8
2019-11-07 21:45:00,6894.4
2019-11-07 22:00:00,6877.5
2019-11-07 22:15:00,6839.8
2019-11-07 22:30:00,6808.6
2019-11-07 22:45:00,6777.0
2019-11-07 23:00:00,6738.9
2019-11-07 23:15:00,6700.8
2019-11-07 23:30:00,6670.5
2019-11-07 23:45:00,6642.8
2019-11-08 00:00:00,6602.1
2019-11-08 00:15:00,6580.5
2019-11-08 00:30:00,6565.0
2019-11-08 00:45:00,6557.5
2019-11-08 01:00:00,6545.2
2019-11-08 01:15:00,6543.0
2019-11-08 01:30:00,6537.4
2019-11-08 01:45:00,6531.2
2019-11-08 02:00:00,6503.8
2019-11-08 02:15:00,6503.9
2019-11-08 02:30:00,6506.4
2019-11-08 02:45:00,6517.9
2019-11-08 03:00:00,6511.1
2019-11-08 03:15:00,6516.7
2019-11-08 03:30:00,6522.4
2019-11-08 03:45:00,6524.2
2019-11-08 04:00:00,6555.6
2019-11-08 04:15:00,6566.2
2019-11-08 04:30:00,6575.5
2019-11-08 04:45:00,6595.0
2019-11-08 05:00:00,6630.2
2019-11-08 05:15:00,6649.4
2019-11-08 05:30:00,6697.6
2019-11-08 05:45:00,6749.2
2019-11-08 06:00:00,6854.1
2019-11-08 06:15:00,6926.6
2019-11-08 06:30:00,6976.9
2019-11-08 06:45:00,7025.4
2019-11-08 07:00:00,7089.6
2019-11-08 07:15:00,7108.1
2019-11-08 07:30:00,7121.6
2019-11-08 07:45:00,7139.1
2019-11-08 08:00:00,7151.9
2019-11-08 08:15:00,7173.0
2019-11-08 08:30:00,7180.8
2019-11-08 08:45:00,7175.9
2019-11-08 09:00:00,7177.2
2019-11-08 09:15:00,7176.3
2019-11-08 09:30:00,7189.9
2019-11-08 09:45:00,7190.5
2019-11-08 10:00:00,7187.6
2019-11-08 10:15:00,7191.1
2019-11-08 10:30:00,7196.2
2019-11-08 10:45:00,7197.5
2019-11-08 11:00:00,7208.8
2019-11-08 11:15:00,7221.8
2019-11-08 11:30:00,7221.5
2019-11-08 11:45:00,7211.4
2019-11-08 12:00:00,7190.0
2019-11-08 12:15:00,7173.2
2019-11-08 12:30:00,7167.9
2019-11-08 12:45:00,7165.6
2019-11-08 13:00:00,7169.7
2019-11-08 13:15:00,7153.9
2019-11-08 13:30:00,7140.3
2019-11-08 13:45:00,7119.9
2019-11-08 14:00:00,7117.8
2019-11-08 14:15:00,7106.6
2019-11-08 14:30:00,7109.0
2019-11-08 14:45:00,7099.9
2019-11-08 15:00:00,7075.6
2019-11-08 15:15:00,7070.0
2019-11-08 15:30:00,7064.9
2019-11-08 15:45:00,7062.5
2019-11-08 16:00:00,7071.4
2019-11-08 16:15:00,7074.4
2019-11-08 16:30:00,7081.2
2019-11-08 16:45:00,7101.0
2019-11-08 17:00:00,7133.8
2019-11-08 17:15:00,7147.0
2019-11-08 17:30:00,7156.6
2019-11-08 17:45:00,7154.3
2019-11-08 18:00:00,7150.7
2019-11-08 18:15:00,7135.5
2019-11-08 18:30:00,7119.8
2019-11-08 18:45:00,7109.8
2019-11-08 19:00:00,7085.7
2019-11-08 19:15:00,7058.9
2019-11-08 19:30:00,7040.2
2019-11-08 19:45:00,7012.1
2019-11-08 20:00:00,6974.8
2019-11-08 20:15:00,6937.5
2019-11-08 20:30:00,6905.2
2019-11-08 20:45:00,6880.1
2019-11-08 21:00:00,6853.7
2019-11-08 21:15:00,6835.8
2019-11-08 21:30:00,6808.5
2019-11-08 21:45:00,6786.4
2019-11-08 22:00:00,6772.5
2019-11-08 22:15:00,6743.0
2019-11-08 22:30:00,6706.4
2019-11-08 22:45:00,6673.3
2019-11-08 23:00:00,6630.8
2019-11-08 23:15:00,6601.6
2019-11-08 23:30:00,6577.7
2019-11-08 23:45:00,6544.3
2019-11-09 00:00:00,6516.8
2019-11-09 00:15:00,6490.9
2019-11-09 00:30:00,6469.9
2019-11-09 00:45:00,6462.8
2019-11-09 01:00:00,6444.3
2019-11-09 01:15:00,6432.4
2019-11-09 01:30:00,6423.2
2019-11-09 01:45:00,6409.5
2019-11-09 02:00:00,6397.5
2019-11-09 02:15:00,6397.2
2019-11-09 02:30:00,6398.2
2019-11-09 02:45:00,6389.8
2019-11-09 03:00:00,6385.8
2019-11-09 03:15:00,6387.0
2019-11-09 03:30:00,6391.9
2019-11-09 03:45:00,6396.1
2019-11-09 04:00:00,6397.7
2019-11-09 04:15:00,6397.1
2019-11-09 04:30:00,6395.6
2019-11-09 04:45:00,6400.4
2019-11-09 05:00:00,6418.7
2019-11-09 05:15:00,6414.1
2019-11-09 05:30:00,6409.5
2019-11-09 05:45:00,6418.4
2019-11-09 06:00:00,6446.5
2019-11-09 06:15:00,6462.8
2019-11-09 06:30:00,6468.2
2019-11-09 06:45:00,6495.2
2019-11-09 07:00:00,6518.6
2019-11-09 07:15:00,6534.3
2019-11-09 07:30:00,6559.6
2019-11-09 07:45:00,6593.1
2019-11-09 08:00:00,6646.9
2019-11-09 08:15:00,6679.8
2019-11-09 08:30:00,6709.2
2019-11-09 08:45:00,6736.5
2019-11-09 09:00:00,6738.2
2019-11-09 09:15:00,6751.4
2019-11-09 09:30:00,6774.8
2019-11-09 09:45:00,6790.0
2019-11-09 10:00:00,6819.7
2019-11-09 10:15:00,6823.9
2019-11-09 10:30:00,6829.3
2019-11-09 10:45:00,6843.3
2019-11-09 11:00:00,6852.2
2019-11-09 11:15:00,6863.0
2019-11-09 11:30:00,6869.0
2019-11-09 11:45:00,6869.6
2019-11-09 12:00:00,6859.7
2019-11-09 12:15:00,6850.2
2019-11-09 12:30:00,6836.1
2019-11-09 12:45:00,6818.0
2019-11-09 13:00:00,6808.0
2019-11-09 13:15:00,6793.1
2019-11-09 13:30:00,6775.7
2019-11-09 13:45:00,6757.9
2019-11-09 14:00:00,6756.2
2019-11-09 14:15:00,6748.1
2019-11-09 14:30:00,6733.7
2019-11-09 14:45:00,6732.3
2019-11-09 15:00:00,6737.5
2019-11-09 15:15:00,6731.6
2019-11-09 15:30:00,6730.7
2019-11-09 15:45:00,6727.0
2019-11-09 16:00:00,6730.4
2019-11-09 16:15:00,6734.4
2019-11-09 16:30:00,6749.7
2019-11-09 16:45:00,6785.1
2019-11-09 17:00:00,6841.3
2019-11-09 17:15:00,6871.9
2019-11-09 17:30:00,6893.0
2019-11-09 17:45:00,6896.6
2019-11-09 18:00:00,6894.4
2019-11-09 18:15:00,6886.8
2019-11-09 18:30:00,6870.5
2019-11-09 18:45:00,6854.9
2019-11-09 19:00:00,6841.4
2019-11-09 19:15:00,6825.5
2019-11-09 19:30:00,6812.5
2019-11-09 19:45:00,6788.3
2019-11-09 20:00:00,6743.4
2019-11-09 20:15:00,6701.7
2019-11-09 20:30:00,6678.0
2019-11-09 20:45:00,6658.2
2019-11-09 21:00:00,6649.3
2019-11-09 21:15:00,6632.9
2019-11-09 21:30:00,6616.5
2019-11-09 21:45:00,6596.0
2019-11-09 22:00:00,6613.1
2019-11-09 22:15:00,6595.7
2019-11-09 22:30:00,6566.8
2019-11-09 22:45:00,6542.9
2019-11-09 23:00:00,6523.5
2019-11-09 23:15:00,6502.5
2019-11-09 23:30:00,6470.1
2019-11-09 23:45:00,6456.8
2019-11-10 00:00:00,6438.8
2019-11-10 00:15:00,6434.3
2019-11-10 00:30:00,6425.8
2019-11-10 00:45:00,6413.2
2019-11-10 01:00:00,6383.1
2019-11-10 01:15:00,6372.6
2019-11-10 01:30:00,6364.2
2019-11-10 01:45:00,6357.7
2019-11-10 02:00:00,6343.9
2019-11-10 02:15:00,6332.0
2019-11-10 02:30:00,6331.0
2019-11-10 02:45:00,6324.9
2019-11-10 03:00:00,6312.0
2019-11-10 03:15:00,6313.3
2019-11-10 03:30:00,6311.5
2019-11-10 03:45:00,6310.5
2019-11-10 04:00:00,6312.5
2019-11-10 04:15:00,6308.6
2019-11-10 04:30:00,6319.5
2019-11-10 04:45:00,6310.0
2019-11-10 05:00:00,6316.7
2019-11-10 05:15:00,6315.2
2019-11-10 05:30:00,6311.3
2019-11-10 05:45:00,6308.9
2019-11-10 06:00:00,6299.3
2019-11-10 06:15:00,6297.7
2019-11-10 06:30:00,6308.2
2019-11-10 06:45:00,6320.2
2019-11-10 07:00:00,6336.6
2019-11-10 07:15:00,6341.8
2019-11-10 07:30:00,6359.3
2019-11-10 07:45:00,6386.4
2019-11-10 08:00:00,6422.5
2019-11-10 08:15:00,6454.0
2019-11-10 08:30:00,6481.8
2019-11-10 08:45:00,6503.6
2019-11-10 09:00:00,6536.7
2019-11-10 09:15:00,6562.2
2019-11-10 09:30:00,6577.1
2019-11-10 09:45:00,6602.5
2019-11-10 10:00:00,6614.5
2019-11-10 10:15:00,6625.7
2019-11-10 10:30:00,6642.2
2019-11-10 10:45:00,6657.1
2019-11-10 11:00:00,6677.4
2019-11-10 11:15:00,6697.2
2019-11-10 11:30:00,6704.1
2019-11-10 11:45:00,6698.3
2019-11-10 12:00:00,6687.6
2019-11-10 12:15:00,6673.6
2019-11-10 12:30:00,6661.9
2019-11-10 12:45:00,6652.4
2019-11-10 13:00:00,6637.9
2019-11-10 13:15:00,6635.3
2019-11-10 13:30:00,6624.7
2019-11-10 13:45:00,6591.9
2019-11-10 14:00:00,6595.8
2019-11-10 14:15:00,6573.5
2019-11-10 14:30:00,6576.2
2019-11-10 14:45:00,6568.2
2019-11-10 15:00:00,6578.4
2019-11-10 15:15:00,6572.8
2019-11-10 15:30:00,6577.0
2019-11-10 15:45:00,6586.0
2019-11-10 16:00:00,6609.3
2019-11-10 16:15:00,6622.7
2019-11-10 16:30:00,6644.6
2019-11-10 16:45:00,6692.5
2019-11-10 17:00:00,6733.5
2019-11-10 17:15:00,6770.3
2019-11-10 17:30:00,6785.6
2019-11-10 17:45:00,6789.0
2019-11-10 18:00:00,6799.1
2019-11-10 18:15:00,6798.4
2019-11-10 18:30:00,6789.5
2019-11-10 18:45:00,6778.7
2019-11-10 19:00:00,6751.5
2019-11-10 19:15:00,6730.8
2019-11-10 19:30:00,6713.5
2019-11-10 19:45:00,6700.2
2019-11-10 20:00:00,6696.7
2019-11-10 20:15:00,6673.7
2019-11-10 20:30:00,6648.6
2019-11-10 20:45:00,6628.1
2019-11-10 21:00:00,6643.5
2019-11-10 21:15:00,6637.6
2019-11-10 21:30:00,6632.4
2019-11-10 21:45:00,6628.8
2019-11-10 22:00:00,6648.3
2019-11-10 22:15:00,6629.9
2019-11-10 22:30:00,6612.4
2019-11-10 22:45:00,6592.0
2019-11-10 23:00:00,6545.8
2019-11-10 23:15:00,6514.6
2019-11-10 23:30:00,6495.0
2019-11-10 23:45:00,6478.3
2019-11-11 00:00:00,6462.4
2019-11-11 00:15:00,6446.7
2019-11-11 00:30:00,6449.6
2019-11-11 00:45:00,6437.8
2019-11-11 01:00:00,6418.1
2019-11-11 01:15:00,6405.4
2019-11-11 01:30:00,6407.5
2019-11-11 01:45:00,6404.6
2019-11-11 02:00:00,6390.7
2019-11-11 02:15:00,6390.2
2019-11-11 02:30:00,6394.3
2019-11-11 02:45:00,6397.3
2019-11-11 03:00:00,6403.3
2019-11-11 03:15:00,6408.7
2019-11-11 03:30:00,6414.6
2019-11-11 03:45:00,6425.3
2019-11-11 04:00:00,6449.2
2019-11-11 04:15:00,6467.3
2019-11-11 04:30:00,6487.2
2019-11-11 04:45:00,6505.1
2019-11-11 05:00:00,6566.6
2019-11-11 05:15:00,6592.7
2019-11-11 05:30:00,6628.2
2019-11-11 05:45:00,6685.3
2019-11-11 06:00:00,6787.9
2019-11-11 06:15:00,6871.8
2019-11-11 06:30:00,6947.7
2019-11-11 06:45:00,7010.7
2019-11-11 07:00:00,7084.7
2019-11-11 07:15:00,7123.0
2019-11-11 07:30:00,7140.2
2019-11-11 07:45:00,7161.4
2019-11-11 08:00:00,7172.2
2019-11-11 08:15:00,7187.8
2019-11-11 08:30:00,7209.2
2019-11-11 08:45:00,7221.8
2019-11-11 09:00:00,7207.2
2019-11-11 09:15:00,7222.2
2019-11-11 09:30:00,7227.6
2019-11-11 09:45:00,7239.1
2019-11-11 10:00:00,7229.8
2019-11-11 10:15:00,7232.1
2019-11-11 10:30:00,7240.8
2019-11-11 10:45:00,7236.8
2019-11-11 11:00:00,7243.8
2019-11-11 11:15:00,7247.6
2019-11-11 11:30:00,7249.6
2019-11-11 11:45:00,7247.7
2019-11-11 12:00:00,7249.2
2019-11-11 12:15:00,7247.8
2019-11-11 12:30:00,7259.9
2019-11-11 12:45:00,7262.8
2019-11-11 13:00:00,7253.4
2019-11-11 13:15:00,7241.9
2019-11-11 13:30:00,7235.3
2019-11-11 13:45:00,7224.1
2019-11-11 14:00:00,7222.8
2019-11-11 14:15:00,7228.1
2019-11-11 14:30:00,7227.9
2019-11-11 14:45:00,7223.2
2019-11-11 15:00:00,7224.2
2019-11-11 15:15:00,7219.9
2019-11-11 15:30:00,7221.5
2019-11-11 15:45:00,7213.9
2019-11-11 16:00:00,7224.1
2019-11-11 16:15:00,7225.2
2019-11-11 16:30:00,7240.7
2019-11-11 16:45:00,7271.9
2019-11-11 17:00:00,7301.2
2019-11-11 17:15:00,7314.1
2019-11-11 17:30:00,7321.6
2019-11-11 17:45:00,7314.3
2019-11-11 18:00:00,7314.6
2019-11-11 18:15:00,7301.9
2019-11-11 18:30:00,7306.6
2019-11-11 18:45:00,7300.6
2019-11-11 19:00:00,7290.9
2019-11-11 19:15:00,7261.1
2019-11-11 19:30:00,7252.3
2019-11-11 19:45:00,7234.7
2019-11-11 20:00:00,7175.0
2019-11-11 20:15:00,7132.4
2019-11-11 20:30:00,7107.1
2019-11-11 20:45:00,7070.7
2019-11-11 21:00:00,7017.6
2019-11-11 21:15:00,6990.7
2019-11-11 21:30:00,6967.9
2019-11-11 21:45:00,6938.4
2019-11-11 22:00:00,6906.8
2019-11-11 22:15:00,6886.2
2019-11-11 22:30:00,6851.3
2019-11-11 22:45:00,6819.5
2019-11-11 23:00:00,6782.7
2019-11-11 23:15:00,6742.0
2019-11-11 23:30:00,6720.4
2019-11-11 23:45:00,6691.6
2019-11-12 00:00:00,6642.6
2019-11-12 00:15:00,6627.3
2019-11-12 00:30:00,6615.4
2019-11-12 00:45:00,6598.1
2019-11-12 01:00:00,6579.1
2019-11-12 01:15:00,6566.9
2019-11-12 01:30:00,6559.7
2019-11-12 01:45:00,6549.5
2019-11-12 02:00:00,6541.9
2019-11-12 02:15:00,6538.2
2019-11-12 02:30:00,6536.2
2019-11-12 02:45:00,6531.8
2019-11-12 03:00:00,6549.1
2019-11-12 03:15:00,6550.0
2019-11-12 03:30:00,6547.5
2019-11-12 03:45:00,6546.1
2019-11-12 04:00:00,6571.5
2019-11-12 04:15:00,6587.7
2019-11-12 04:30:00,6603.9
2019-11-12 04:45:00,6622.9
2019-11-12 05:00:00,6681.6
2019-11-12 05:15:00,6704.5
2019-11-12 05:30:00,6744.2
2019-11-12 05:45:00,6777.3
2019-11-12 06:00:00,6882.5
2019-11-12 06:15:00,6949.8
2019-11-12 06:30:00,7004.8
2019-11-12 06:45:00,7051.2
2019-11-12 07:00:00,7124.5
2019-11-12 07:15:00,7155.4
2019-11-12 07:30:00,7171.6
2019-11-12 07:45:00,7191.1
2019-11-12 08:00:00,7207.8
2019-11-12 08:15:00,7224.3
2019-11-12 08:30:00,7232.2
2019-11-12 08:45:00,7230.9
2019-11-12 09:00:00,7226.4
2019-11-12 09:15:00,7235.0
2019-11-12 09:30:00,7240.2
2019-11-12 09:45:00,7244.2
2019-11-12 10:00:00,7241.4
2019-11-12 10:15:00,7248.7
2019-11-12 10:30:00,7270.1
2019-11-12 10:45:00,7280.1
2019-11-12 11:00:00,7279.5
2019-11-12 11:15:00,7291.6
2019-11-12 11:30:00,7285.6
2019-11-12 11:45:00,7283.3
2019-11-12 12:00:00,7282.3
2019-11-12 12:15:00,7282.4
2019-11-12 12:30:00,7280.1
2019-11-12 12:45:00,7278.9
2019-11-12 13:00:00,7272.6
2019-11-12 13:15:00,7249.6
2019-11-12 13:30:00,7240.5
2019-11-12 13:45:00,7211.9
2019-11-12 14:00:00,7234.0
2019-11-12 14:15:00,7228.8
2019-11-12 14:30:00,7215.3
2019-11-12 14:45:00,7208.0
2019-11-12 15:00:00,7207.3
2019-11-12 15:15:00,7198.5
2019-11-12 15:30:00,7183.6
2019-11-12 15:45:00,7179.4
2019-11-12 16:00:00,7179.1
2019-11-12 16:15:00,7184.5
2019-11-12 16:30:00,7203.2
2019-11-12 16:45:00,7233.9
2019-11-12 17:00:00,7268.4
2019-11-12 17:15:00,7290.3
2019-11-12 17:30:00,7300.5
2019-11-12 17:45:00,7299.5
2019-11-12 18:00:00,7307.2
2019-11-12 18:15:00,7293.5
2019-11-12 18:30:00,7277.2
2019-11-12 18:45:00,7273.6
2019-11-12 19:00:00,7256.2
2019-11-12 19:15:00,7237.9
2019-11-12 19:30:00,7225.5
2019-11-12 19:45:00,7206.0
2019-11-12 20:00:00,7168.8
2019-11-12 20:15:00,7129.6
2019-11-12 20:30:00,7093.4
2019-11-12 20:45:00,7063.4
2019-11-12 21:00:00,7032.2
2019-11-12 21:15:00,7007.1
2019-11-12 21:30:00,6968.5
2019-11-12 21:45:00,6935.7
2019-11-12 22:00:00,6928.5
2019-11-12 22:15:00,6900.4
2019-11-12 22:30:00,6863.0
2019-11-12 22:45:00,6839.8
2019-11-12 23:00:00,6797.4
2019-11-12 23:15:00,6765.5
2019-11-12 23:30:00,6732.1
2019-11-12 23:45:00,6708.3
2019-11-13 00:00:00,6656.1
2019-11-13 00:15:00,6638.5
2019-11-13 00:30:00,6627.8
2019-11-13 00:45:00,6611.3
2019-11-13 01:00:00,6605.1
2019-11-13 01:15:00,6598.3
2019-11-13 01:30:00,6591.2
2019-11-13 01:45:00,6585.9
2019-11-13 02:00:00,6558.9
2019-11-13 02:15:00,6553.1
2019-11-13 02:30:00,6558.8
2019-11-13 02:45:00,6560.6
2019-11-13 03:00:00,6564.4
2019-11-13 03:15:00,6569.7
2019-11-13 03:30:00,6578.8
2019-11-13 03:45:00,6584.4
2019-11-13 04:00:00,6611.8
2019-11-13 04:15:00,6618.7
2019-11-13 04:30:00,6631.3
2019-11-13 04:45:00,6651.3
2019-11-13 05:00:00,6698.4
2019-11-13 05:15:00,6714.8
2019-11-13 05:30:00,6744.0
2019-11-13 05:45:00,6779.0
2019-11-13 06:00:00,6851.3
2019-11-13 06:15:00,6924.5
2019-11-13 06:30:00,6989.6
2019-11-13 06:45:00,7040.9
2019-11-13 07:00:00,7106.3
2019-11-13 07:15:00,7131.8
2019-11-13 07:30:00,7143.2
2019-11-13 07:45:00,7153.8
2019-11-13 08:00:00,7176.4
2019-11-13 08:15:00,7191.5
2019-11-13 08:30:00,7193.0
2019-11-13 08:45:00,7177.3
2019-11-13 09:00:00,7161.6
2019-11-13 09:15:00,7170.3
2019-11-13 09:30:00,7176.0
2019-11-13 09:45:00,7176.9
2019-11-13 10:00:00,7175.9
2019-11-13 10:15:00,7176.9
2019-11-13 10:30:00,7190.9
2019-11-13 10:45:00,7197.9
2019-11-13 11:00:00,7202.1
2019-11-13 11:15:00,7219.4
2019-11-13 11:30:00,7227.8
2019-11-13 11:45:00,7224.8
2019-11-13 12:00:00,7209.7
2019-11-13 12:15:00,7207.0
2019-11-13 12:30:00,7198.9
2019-11-13 12:45:00,7208.3
2019-11-13 13:00:00,7212.9
2019-11-13 13:15:00,7209.1
2019-11-13 13:30:00,7197.4
2019-11-13 13:45:00,7177.5
2019-11-13 14:00:00,7157.8
2019-11-13 14:15:00,7152.6
2019-11-13 14:30:00,7146.8
2019-11-13 14:45:00,7141.4
2019-11-13 15:00:00,7152.2
2019-11-13 15:15:00,7146.0
2019-11-13 15:30:00,7139.3
2019-11-13 15:45:00,7132.0
2019-11-13 16:00:00,7139.8
2019-11-13 16:15:00,7146.4
2019-11-13 16:30:00,7163.0
2019-11-13 16:45:00,7194.1
2019-11-13 17:00:00,7224.7
2019-11-13 17:15:00,7236.3
2019-11-13 17:30:00,7238.9
2019-11-13 17:45:00,7235.9
2019-11-13 18:00:00,7231.7
2019-11-13 18:15:00,7218.9
2019-11-13 18:30:00,7205.9
2019-11-13 18:45:00,7203.5
2019-11-13 19:00:00,7182.5
2019-11-13 19:15:00,7164.3
2019-11-13 19:30:00,7147.8
2019-11-13 19:45:00,7119.2
2019-11-13 20:00:00,7091.0
2019-11-13 20:15:00,7054.5
2019-11-13 20:30:00,7023.7
2019-11-13 20:45:00,6999.0
2019-11-13 21:00:00,6974.8
2019-11-13 21:15:00,6947.7
2019-11-13 21:30:00,6918.2
2019-11-13 21:45:00,6885.0
2019-11-13 22:00:00,6871.5
2019-11-13 22:15:00,6841.5
2019-11-13 22:30:00,6802.5
2019-11-13 22:45:00,6776.2
2019-11-13 23:00:00,6742.2
2019-11-13 23:15:00,6702.1
2019-11-13 23:30:00,6675.0
2019-11-13 23:45:00,6657.6
2019-11-14 00:00:00,6625.2
2019-11-14 00:15:00,6603.5
2019-11-14 00:30:00,6598.3
2019-11-14 00:45:00,6579.3
2019-11-14 01:00:00,6558.7
2019-11-14 01:15:00,6548.1
2019-11-14 01:30:00,6546.2
2019-11-14 01:45:00,6533.0
2019-11-14 02:00:00,6506.2
2019-11-14 02:15:00,6501.6
2019-11-14 02:30:00,6503.8
2019-11-14 02:45:00,6511.0
2019-11-14 03:00:00,6520.4
2019-11-14 03:15:00,6520.5
2019-11-14 03:30:00,6527.8
2019-11-14 03:45:00,6533.0
2019-11-14 04:00:00,6566.3
2019-11-14 04:15:00,6570.1
2019-11-14 04:30:00,6580.7
2019-11-14 04:45:00,6598.7
2019-11-14 05:00:00,6645.0
2019-11-14 05:15:00,6666.3
2019-11-14 05:30:00,6696.2
2019-11-14 05:45:00,6740.8
2019-11-14 06:00:00,6837.6
2019-11-14 06:15:00,6915.1
2019-11-14 06:30:00,6982.5
2019-11-14 06:45:00,7038.1
2019-11-14 07:00:00,7096.6
2019-11-14 07:15:00,7124.5
2019-11-14 07:30:00,7133.5
2019-11-14 07:45:00,7145.8
2019-11-14 08:00:00,7162.7
2019-11-14 08:15:00,7180.7
2019-11-14 08:30:00,7188.3
2019-11-14 08:45:00,7196.6
2019-11-14 09:00:00,7161.8
2019-11-14 09:15:00,7157.2
2019-11-14 09:30:00,7172.2
2019-11-14 09:45:00,7175.6
2019-11-14 10:00:00,7203.3
2019-11-14 10:15:00,7201.6
2019-11-14 10:30:00,7202.7
2019-11-14 10:45:00,7203.0
2019-11-14 11:00:00,7200.2
2019-11-14 11:15:00,7204.4
2019-11-14 11:30:00,7205.1
2019-11-14 11:45:00,7210.0
2019-11-14 12:00:00,7212.4
2019-11-14 12:15:00,7203.6
2019-11-14 12:30:00,7207.2
2019-11-14 12:45:00,7208.8
2019-11-14 13:00:00,7190.0
2019-11-14 13:15:00,7165.3
2019-11-14 13:30:00,7137.5
2019-11-14 13:45:00,7118.5
2019-11-14 14:00:00,7135.8
2019-11-14 14:15:00,7143.1
2019-11-14 14:30:00,7133.0
2019-11-14 14:45:00,7134.8
2019-11-14 15:00:00,7136.9
2019-11-14 15:15:00,7127.2
2019-11-14 15:30:00,7116.3
2019-11-14 15:45:00,7114.0
2019-11-14 16:00:00,7112.2
2019-11-14 16:15:00,7121.9
2019-11-14 16:30:00,7149.3
2019-11-14 16:45:00,7186.9
2019-11-14 17:00:00,7229.4
2019-11-14 17:15:00,7245.7
2019-11-14 17:30:00,7250.5
2019-11-14 17:45:00,7249.1
2019-11-14 18:00:00,7245.7
2019-11-14 18:15:00,7240.5
2019-11-14 18:30:00,7244.9
2019-11-14 18:45:00,7240.8
2019-11-14 19:00:00,7246.1
2019-11-14 19:15:00,7227.6
2019-11-14 19:30:00,7209.4
2019-11-14 19:45:00,7183.5
2019-11-14 20:00:00,7138.9
2019-11-14 20:15:00,7104.3
2019-11-14 20:30:00,7075.8
2019-11-14 20:45:00,7040.6
2019-11-14 21:00:00,7012.8
2019-11-14 21:15:00,6994.1
2019-11-14 21:30:00,6965.2
2019-11-14 21:45:00,6934.7
2019-11-14 22:00:00,6921.5
2019-11-14 22:15:00,6903.4
2019-11-14 22:30:00,6875.6
2019-11-14 22:45:00,6849.0
2019-11-14 23:00:00,6812.5
2019-11-14 23:15:00,6782.3
2019-11-14 23:30:00,6764.7
2019-11-14 23:45:00,6736.9
2019-11-15 00:00:00,6665.2
2019-11-15 00:15:00,6647.7
2019-11-15 00:30:00,6646.6
2019-11-15 00:45:00,6634.2
2019-11-15 01:00:00,6613.3
2019-11-15 01:15:00,6595.2
2019-11-15 01:30:00,6588.8
2019-11-15 01:45:00,6578.1
2019-11-15 02:00:00,6552.6
2019-11-15 02:15:00,6548.4
2019-11-15 02:30:00,6551.0
2019-11-15 02:45:00,6552.2
2019-11-15 03:00:00,6552.6
2019-11-15 03:15:00,6560.8
2019-11-15 03:30:00,6571.0
2019-11-15 03:45:00,6580.0
2019-11-15 04:00:00,6605.5
2019-11-15 04:15:00,6622.9
2019-11-15 04:30:00,6640.7
2019-11-15 04:45:00,6650.8
2019-11-15 05:00:00,6703.1
2019-11-15 05:15:00,6725.0
2019-11-15 05:30:00,6762.1
2019-11-15 05:45:00,6798.2
2019-11-15 06:00:00,6880.2
2019-11-15 06:15:00,6955.4
2019-11-15 06:30:00,7009.5
2019-11-15 06:45:00,7071.8
2019-11-15 07:00:00,7139.7
2019-11-15 07:15:00,7162.7
2019-11-15 07:30:00,7187.8
2019-11-15 07:45:00,7210.0
2019-11-15 08:00:00,7237.9
2019-11-15 08:15:00,7263.0
2019-11-15 08:30:00,7268.7
2019-11-15 08:45:00,7273.1
2019-11-15 09:00:00,7263.9
2019-11-15 09:15:00,7268.2
2019-11-15 09:30:00,7266.5
2019-11-15 09:45:00,7270.1
2019-11-15 10:00:00,7269.1
2019-11-15 10:15:00,7265.9
2019-11-15 10:30:00,7267.5
2019-11-15 10:45:00,7240.6
2019-11-15 11:00:00,7218.3
2019-11-15 11:15:00,7221.3
2019-11-15 11:30:00,7243.1
2019-11-15 11:45:00,7252.5
2019-11-15 12:00:00,7258.4
2019-11-15 12:15:00,7242.5
2019-11-15 12:30:00,7232.3
2019-11-15 12:45:00,7222.0
2019-11-15 13:00:00,7216.9
2019-11-15 13:15:00,7200.7
2019-11-15 13:30:00,7173.3
2019-11-15 13:45:00,7139.8
2019-11-15 14:00:00,7143.2
2019-11-15 14:15:00,7139.0
2019-11-15 14:30:00,7133.0
2019-11-15 14:45:00,7124.4
2019-11-15 15:00:00,7128.3
2019-11-15 15:15:00,7121.0
2019-11-15 15:30:00,7108.8
2019-11-15 15:45:00,7105.3
2019-11-15 16:00:00,7114.2
2019-11-15 16:15:00,7116.4
2019-11-15 16:30:00,7132.9
2019-11-15 16:45:00,7162.8
2019-11-15 17:00:00,7191.5
2019-11-15 17:15:00,7198.5
2019-11-15 17:30:00,7203.2
2019-11-15 17:45:00,7201.7
2019-11-15 18:00:00,7192.0
2019-11-15 18:15:00,7174.6
2019-11-15 18:30:00,7160.4
2019-11-15 18:45:00,7145.0
2019-11-15 19:00:00,7119.7
2019-11-15 19:15:00,7091.2
2019-11-15 19:30:00,7072.4
2019-11-15 19:45:00,7045.7
2019-11-15 20:00:00,6996.0
2019-11-15 20:15:00,6952.9
2019-11-15 20:30:00,6917.7
2019-11-15 20:45:00,6893.7
2019-11-15 21:00:00,6878.8
2019-11-15 21:15:00,6846.0
2019-11-15 21:30:00,6823.0
2019-11-15 21:45:00,6804.4
2019-11-15 22:00:00,6805.7
2019-11-15 22:15:00,6770.2
2019-11-15 22:30:00,6737.5
2019-11-15 22:45:00,6714.3
2019-11-15 23:00:00,6679.3
2019-11-15 23:15:00,6650.1
2019-11-15 23:30:00,6628.6
2019-11-15 23:45:00,6611.2
2019-11-16 00:00:00,6548.9
2019-11-16 00:15:00,6526.4
2019-11-16 00:30:00,6503.5
2019-11-16 00:45:00,6490.1
2019-11-16 01:00:00,6480.7
2019-11-16 01:15:00,6465.4
2019-11-16 01:30:00,6451.6
2019-11-16 01:45:00,6443.5
2019-11-16 02:00:00,6434.0
2019-11-16 02:15:00,6425.8
2019-11-16 02:30:00,6425.4
2019-11-16 02:45:00,6423.8
2019-11-16 03:00:00,6430.4
2019-11-16 03:15:00,6434.5
2019-11-16 03:30:00,6435.4
2019-11-16 03:45:00,6437.3
2019-11-16 04:00:00,6438.3
2019-11-16 04:15:00,6438.9
2019-11-16 04:30:00,6444.9
2019-11-16 04:45:00,6435.7
2019-11-16 05:00:00,6438.5
2019-11-16 05:15:00,6428.1
2019-11-16 05:30:00,6434.8
2019-11-16 05:45:00,6438.5
2019-11-16 06:00:00,6459.9
2019-11-16 06:15:00,6480.7
2019-11-16 06:30:00,6502.7
2019-11-16 06:45:00,6526.8
2019-11-16 07:00:00,6549.1
2019-11-16 07:15:00,6567.2
2019-11-16 07:30:00,6586.0
2019-11-16 07:45:00,6606.2
2019-11-16 08:00:00,6637.2
2019-11-16 08:15:00,6678.8
2019-11-16 08:30:00,6703.9
2019-11-16 08:45:00,6737.4
2019-11-16 09:00:00,6772.5
2019-11-16 09:15:00,6798.8
2019-11-16 09:30:00,6819.9
2019-11-16 09:45:00,6826.0
2019-11-16 10:00:00,6839.4
2019-11-16 10:15:00,6850.2
2019-11-16 10:30:00,6849.2
2019-11-16 10:45:00,6845.1
2019-11-16 11:00:00,6871.2
2019-11-16 11:15:00,6882.0
2019-11-16 11:30:00,6893.8
2019-11-16 11:45:00,6888.8
2019-11-16 12:00:00,6894.8
2019-11-16 12:15:00,6897.3
2019-11-16 12:30:00,6881.7
2019-11-16 12:45:00,6871.0
2019-11-16 13:00:00,6849.3
2019-11-16 13:15:00,6843.2
2019-11-16 13:30:00,6835.0
2019-11-16 13:45:00,6824.5
2019-11-16 14:00:00,6808.5
2019-11-16 14:15:00,6795.1
2019-11-16 14:30:00,6800.7
2019-11-16 14:45:00,6792.1
2019-11-16 15:00:00,6806.2
2019-11-16 15:15:00,6795.1
2019-11-16 15:30:00,6804.3
2019-11-16 15:45:00,6801.7
2019-11-16 16:00:00,6800.5
2019-11-16 16:15:00,6806.3
2019-11-16 16:30:00,6839.5
2019-11-16 16:45:00,6873.8
2019-11-16 17:00:00,6918.1
2019-11-16 17:15:00,6935.4
2019-11-16 17:30:00,6941.8
2019-11-16 17:45:00,6953.5
2019-11-16 18:00:00,6954.6
2019-11-16 18:15:00,6951.8
2019-11-16 18:30:00,6946.4
2019-11-16 18:45:00,6933.2
2019-11-16 19:00:00,6936.5
2019-11-16 19:15:00,6914.5
2019-11-16 19:30:00,6897.6
2019-11-16 19:45:00,6886.8
2019-11-16 20:00:00,6837.2
2019-11-16 20:15:00,6796.7
2019-11-16 20:30:00,6771.4
2019-11-16 20:45:00,6754.1
2019-11-16 21:00:00,6732.2
2019-11-16 21:15:00,6712.5
2019-11-16 21:30:00,6699.1
2019-11-16 21:45:00,6693.0
2019-11-16 22:00:00,6675.2
2019-11-16 22:15:00,6657.3
2019-11-16 22:30:00,6632.8
2019-11-16 22:45:00,6596.7
2019-11-16 23:00:00,6552.4
2019-11-16 23:15:00,6521.9
2019-11-16 23:30:00,6501.7
2019-11-16 23:45:00,6483.5
2019-11-17 00:00:00,6448.3
2019-11-17 00:15:00,6429.0
2019-11-17 00:30:00,6412.7
2019-11-17 00:45:00,6403.6
2019-11-17 01:00:00,6384.9
2019-11-17 01:15:00,6374.8
2019-11-17 01:30:00,6368.0
2019-11-17 01:45:00,6354.9
2019-11-17 02:00:00,6347.5
2019-11-17 02:15:00,6334.3
2019-11-17 02:30:00,6333.7
2019-11-17 02:45:00,6325.9
2019-11-17 03:00:00,6325.6
2019-11-17 03:15:00,6320.3
2019-11-17 03:30:00,6322.6
2019-11-17 03:45:00,6311.4
2019-11-17 04:00:00,6327.9
2019-11-17 04:15:00,6330.3
2019-11-17 04:30:00,6334.3
2019-11-17 04:45:00,6334.4
2019-11-17 05:00:00,6329.6
2019-11-17 05:15:00,6319.2
2019-11-17 05:30:00,6317.9
2019-11-17 05:45:00,6305.7
2019-11-17 06:00:00,6284.8
2019-11-17 06:15:00,6292.5
2019-11-17 06:30:00,6298.4
2019-11-17 06:45:00,6312.3
2019-11-17 07:00:00,6348.0
2019-11-17 07:15:00,6363.5
2019-11-17 07:30:00,6379.5
2019-11-17 07:45:00,6384.5
2019-11-17 08:00:00,6424.0
2019-11-17 08:15:00,6448.4
2019-11-17 08:30:00,6485.1
2019-11-17 08:45:00,6513.7
2019-11-17 09:00:00,6540.1
2019-11-17 09:15:00,6570.9
2019-11-17 09:30:00,6588.3
2019-11-17 09:45:00,6606.2
2019-11-17 10:00:00,6621.0
2019-11-17 10:15:00,6644.2
2019-11-17 10:30:00,6668.6
2019-11-17 10:45:00,6681.1
2019-11-17 11:00:00,6707.2
2019-11-17 11:15:00,6727.0
2019-11-17 11:30:00,6745.7
2019-11-17 11:45:00,6752.5
2019-11-17 12:00:00,6753.2
2019-11-17 12:15:00,6745.3
2019-11-17 12:30:00,6738.3
2019-11-17 12:45:00,6735.3
2019-11-17 13:00:00,6730.2
2019-11-17 13:15:00,6712.0
2019-11-17 13:30:00,6703.6
2019-11-17 13:45:00,6692.3
2019-11-17 14:00:00,6694.8
2019-11-17 14:15:00,6687.5
2019-11-17 14:30:00,6681.6
2019-11-17 14:45:00,6677.0
2019-11-17 15:00:00,6681.2
2019-11-17 15:15:00,6670.4
2019-11-17 15:30:00,6680.8
2019-11-17 15:45:00,6687.1
2019-11-17 16:00:00,6696.2
2019-11-17 16:15:00,6706.5
2019-11-17 16:30:00,6744.8
2019-11-17 16:45:00,6776.6
2019-11-17 17:00:00,6810.8
2019-11-17 17:15:00,6825.1
2019-11-17 17:30:00,6845.5
2019-11-17 17:45:00,6856.3
2019-11-17 18:00:00,6867.0
2019-11-17 18:15:00,6871.5
2019-11-17 18:30:00,6864.4
2019-11-17 18:45:00,6847.5
2019-11-17 19:00:00,6827.0
2019-11-17 19:15:00,6812.9
2019-11-17 19:30:00,6798.3
2019-11-17 19:45:00,6782.2
2019-11-17 20:00:00,6778.5
2019-11-17 20:15:00,6750.3
2019-11-17 20:30:00,6726.5
2019-11-17 20:45:00,6710.8
2019-11-17 21:00:00,6713.8
2019-11-17 21:15:00,6704.0
2019-11-17 21:30:00,6694.7
2019-11-17 21:45:00,6697.0
2019-11-17 22:00:00,6708.8
2019-11-17 22:15:00,6697.5
2019-11-17 22:30:00,6669.4
2019-11-17 22:45:00,6645.0
2019-11-17 23:00:00,6601.8
2019-11-17 23:15:00,6578.9
2019-11-17 23:30:00,6564.4
2019-11-17 23:45:00,6535.7
2019-11-18 00:00:00,6494.7
2019-11-18 00:15:00,6478.8
2019-11-18 00:30:00,6463.5
2019-11-18 00:45:00,6442.6
2019-11-18 01:00:00,6425.9
2019-11-18 01:15:00,6418.3
2019-11-18 01:30:00,6410.4
2019-11-18 01:45:00,6417.9
2019-11-18 02:00:00,6396.5
2019-11-18 02:15:00,6393.8
2019-11-18 02:30:00,6392.0
2019-11-18 02:45:00,6394.8
2019-11-18 03:00:00,6385.8
2019-11-18 03:15:00,6386.8
2019-11-18 03:30:00,6398.6
2019-11-18 03:45:00,6402.6
2019-11-18 04:00:00,6431.7
2019-11-18 04:15:00,6444.5
2019-11-18 04:30:00,6468.8
2019-11-18 04:45:00,6491.8
2019-11-18 05:00:00,6550.4
2019-11-18 05:15:00,6584.4
2019-11-18 05:30:00,6629.7
2019-11-18 05:45:00,6691.8
2019-11-18 06:00:00,6816.4
2019-11-18 06:15:00,6901.3
2019-11-18 06:30:00,6970.4
2019-11-18 06:45:00,7023.8
2019-11-18 07:00:00,7064.5
2019-11-18 07:15:00,7100.5
2019-11-18 07:30:00,7124.9
2019-11-18 07:45:00,7142.6
2019-11-18 08:00:00,7159.4
2019-11-18 08:15:00,7175.6
2019-11-18 08:30:00,7182.5
2019-11-18 08:45:00,7179.6
2019-11-18 09:00:00,7179.2
2019-11-18 09:15:00,7183.6
2019-11-18 09:30:00,7200.0
2019-11-18 09:45:00,7211.9
2019-11-18 10:00:00,7215.2
2019-11-18 10:15:00,7219.1
2019-11-18 10:30:00,7223.8
2019-11-18 10:45:00,7230.3
2019-11-18 11:00:00,7236.4
2019-11-18 11:15:00,7241.2
2019-11-18 11:30:00,7238.8
2019-11-18 11:45:00,7234.6
2019-11-18 12:00:00,7229.9
2019-11-18 12:15:00,7222.3
2019-11-18 12:30:00,7229.3
2019-11-18 12:45:00,7238.4
2019-11-18 13:00:00,7247.5
2019-11-18 13:15:00,7243.4
2019-11-18 13:30:00,7242.2
2019-11-18 13:45:00,7219.5
2019-11-18 14:00:00,7213.1
2019-11-18 14:15:00,7210.1
2019-11-18 14:30:00,7202.1
2019-11-18 14:45:00,7199.9
2019-11-18 15:00:00,7185.3
2019-11-18 15:15:00,7184.8
2019-11-18 15:30:00,7176.6
2019-11-18 15:45:00,7178.6
2019-11-18 16:00:00,7183.3
2019-11-18 16:15:00,7188.1
2019-11-18 16:30:00,7210.5
2019-11-18 16:45:00,7236.8
2019-11-18 17:00:00,7281.8
2019-11-18 17:15:00,7295.1
2019-11-18 17:30:00,7307.2
2019-11-18 17:45:00,7309.8
2019-11-18 18:00:00,7318.3
2019-11-18 18:15:00,7316.4
2019-11-18 18:30:00,7318.6
2019-11-18 18:45:00,7314.7
2019-11-18 19:00:00,7295.8
2019-11-18 19:15:00,7275.4
2019-11-18 19:30:00,7266.3
2019-11-18 19:45:00,7253.2
2019-11-18 20:00:00,7206.8
2019-11-18 20:15:00,7172.5
2019-11-18 20:30:00,7139.5
2019-11-18 20:45:00,7110.3
2019-11-18 21:00:00,7070.7
2019-11-18 21:15:00,7053.1
2019-11-18 21:30:00,7037.1
2019-11-18 21:45:00,7011.5
2019-11-18 22:00:00,6989.6
2019-11-18 22:15:00,6959.9
2019-11-18 22:30:00,6925.2
2019-11-18 22:45:00,6886.4
2019-11-18 23:00:00,6841.8
2019-11-18 23:15:00,6800.2
2019-11-18 23:30:00,6761.7
2019-11-18 23:45:00,6745.2
2019-11-19 00:00:00,6718.0
2019-11-19 00:15:00,6702.2
2019-11-19 00:30:00,6684.9
2019-11-19 00:45:00,6673.6
2019-11-19 01:00:00,6657.1
2019-11-19 01:15:00,6648.0
2019-11-19 01:30:00,6639.4
2019-11-19 01:45:00,6629.0
2019-11-19 02:00:00,6622.1
2019-11-19 02:15:00,6616.9
2019-11-19 02:30:00,6618.0
2019-11-19 02:45:00,6619.9
2019-11-19 03:00:00,6632.5
2019-11-19 03:15:00,6631.9
2019-11-19 03:30:00,6637.0
2019-11-19 03:45:00,6648.8
2019-11-19 04:00:00,6666.0
2019-11-19 04:15:00,6682.1
2019-11-19 04:30:00,6698.5
2019-11-19 04:45:00,6719.2
2019-11-19 05:00:00,6769.7
2019-11-19 05:15:00,6796.9
2019-11-19 05:30:00,6833.3
2019-11-19 05:45:00,6883.7
2019-11-19 06:00:00,6990.7
2019-11-19 06:15:00,7053.6
2019-11-19 06:30:00,7100.1
2019-11-19 06:45:00,7148.8
2019-11-19 07:00:00,7200.8
2019-11-19 07:15:00,7239.3
2019-11-19 07:30:00,7268.1
2019-11-19 07:45:00,7286.6
2019-11-19 08:00:00,7299.7
2019-11-19 08:15:00,7308.4
2019-11-19 08:30:00,7315.0
2019-11-19 08:45:00,7316.5
2019-11-19 09:00:00,7305.9
2019-11-19 09:15:00,7299.2
2019-11-19 09:30:00,7308.4
2019-11-19 09:45:00,7304.8
2019-11-19 10:00:00,7299.3
2019-11-19 10:15:00,7307.1
2019-11-19 10:30:00,7304.7
2019-11-19 10:45:00,7310.6
2019-11-19 11:00:00,7318.4
2019-11-19 11:15:00,7332.5
2019-11-19 11:30:00,7330.9
2019-11-19 11:45:00,7330.2
2019-11-19 12:00:00,7322.0
2019-11-19 12:15:00,7301.6
2019-11-19 12:30:00,7294.9
2019-11-19 12:45:00,7287.6
2019-11-19 13:00:00,7306.6
2019-11-19 13:15:00,7300.6
2019-11-19 13:30:00,7275.0
2019-11-19 13:45:00,7253.6
2019-11-19 14:00:00,7240.6
2019-11-19 14:15:00,7231.8
2019-11-19 14:30:00,7221.5
2019-11-19 14:45:00,7207.9
2019-11-19 15:00:00,7216.6
2019-11-19 15:15:00,7194.2
2019-11-19 15:30:00,7191.3
2019-11-19 15:45:00,7175.8
2019-11-19 16:00:00,7181.6
2019-11-19 16:15:00,7181.0
2019-11-19 16:30:00,7203.7
2019-11-19 16:45:00,7247.2
2019-11-19 17:00:00,7282.5
2019-11-19 17:15:00,7300.3
2019-11-19 17:30:00,7304.2
2019-11-19 17:45:00,7307.1
2019-11-19 18:00:00,7269.3
2019-11-19 18:15:00,7254.2
2019-11-19 18:30:00,7241.0
2019-11-19 18:45:00,7231.6
2019-11-19 19:00:00,7223.6
2019-11-19 19:15:00,7202.7
2019-11-19 19:30:00,7184.7
2019-11-19 19:45:00,7154.1
2019-11-19 20:00:00,7125.9
2019-11-19 20:15:00,7094.4
2019-11-19 20:30:00,7060.7
2019-11-19 20:45:00,7021.8
2019-11-19 21:00:00,6993.1
2019-11-19 21:15:00,6962.7
2019-11-19 21:30:00,6943.5
2019-11-19 21:45:00,6908.8
2019-11-19 22:00:00,6906.0
2019-11-19 22:15:00,6875.2
2019-11-19 22:30:00,6840.4
2019-11-19 22:45:00,6809.5
2019-11-19 23:00:00,6766.3
2019-11-19 23:15:00,6738.0
2019-11-19 23:30:00,6709.8
2019-11-19 23:45:00,6674.6
2019-11-20 00:00:00,6656.3
2019-11-20 00:15:00,6637.9
2019-11-20 00:30:00,6622.4
2019-11-20 00:45:00,6604.8
2019-11-20 01:00:00,6586.5
2019-11-20 01:15:00,6574.8
2019-11-20 01:30:00,6561.0
2019-11-20 01:45:00,6557.3
2019-11-20 02:00:00,6542.3
2019-11-20 02:15:00,6541.0
2019-11-20 02:30:00,6540.7
2019-11-20 02:45:00,6539.6
2019-11-20 03:00:00,6544.6
2019-11-20 03:15:00,6543.3
2019-11-20 03:30:00,6548.6
2019-11-20 03:45:00,6557.8
2019-11-20 04:00:00,6573.9
2019-11-20 04:15:00,6589.8
2019-11-20 04:30:00,6591.5
2019-11-20 04:45:00,6614.1
2019-11-20 05:00:00,6650.1
2019-11-20 05:15:00,6666.7
2019-11-20 05:30:00,6704.6
2019-11-20 05:45:00,6744.4
2019-11-20 06:00:00,6830.2
2019-11-20 06:15:00,6895.6
2019-11-20 06:30:00,6960.0
2019-11-20 06:45:00,7012.3
2019-11-20 07:00:00,7079.4
2019-11-20 07:15:00,7124.7
2019-11-20 07:30:00,7143.3
2019-11-20 07:45:00,7163.0
2019-11-20 08:00:00,7184.9
2019-11-20 08:15:00,7195.3
2019-11-20 08:30:00,7206.5
2019-11-20 08:45:00,7206.4
2019-11-20 09:00:00,7199.9
2019-11-20 09:15:00,7208.2
2019-11-20 09:30:00,7226.7
2019-11-20 09:45:00,7235.3
2019-11-20 10:00:00,7237.9
2019-11-20 10:15:00,7242.2
2019-11-20 10:30:00,7254.4
2019-11-20 10:45:00,7261.1
2019-11-20 11:00:00,7270.1
2019-11-20 11:15:00,7273.1
2019-11-20 11:30:00,7272.5
2019-11-20 11:45:00,7267.4
2019-11-20 12:00:00,7264.4
2019-11-20 12:15:00,7256.5
2019-11-20 12:30:00,7254.4
2019-11-20 12:45:00,7246.4
2019-11-20 13:00:00,7250.5
2019-11-20 13:15:00,7238.4
2019-11-20 13:30:00,7233.5
2019-11-20 13:45:00,7222.4
2019-11-20 14:00:00,7190.1
2019-11-20 14:15:00,7179.3
2019-11-20 14:30:00,7178.6
2019-11-20 14:45:00,7182.5
2019-11-20 15:00:00,7179.7
2019-11-20 15:15:00,7175.8
2019-11-20 15:30:00,7169.1
2019-11-20 15:45:00,7157.4
2019-11-20 16:00:00,7179.1
2019-11-20 16:15:00,7191.9
2019-11-20 16:30:00,7210.6
2019-11-20 16:45:00,7234.0
2019-11-20 17:00:00,7247.7
2019-11-20 17:15:00,7257.6
2019-11-20 17:30:00,7257.1
2019-11-20 17:45:00,7255.7
2019-11-20 18:00:00,7259.3
2019-11-20 18:15:00,7250.5
2019-11-20 18:30:00,7245.4
2019-11-20 18:45:00,7238.0
2019-11-20 19:00:00,7221.4
2019-11-20 19:15:00,7199.0
2019-11-20 19:30:00,7177.8
2019-11-20 19:45:00,7151.6
2019-11-20 20:00:00,7109.6
2019-11-20 20:15:00,7071.3
2019-11-20 20:30:00,7037.3
2019-11-20 20:45:00,7005.7
2019-11-20 21:00:00,6985.6
2019-11-20 21:15:00,6968.3
2019-11-20 21:30:00,6935.7
2019-11-20 21:45:00,6906.9
2019-11-20 22:00:00,6888.6
2019-11-20 22:15:00,6862.4
2019-11-20 22:30:00,6830.2
2019-11-20 22:45:00,6806.7
2019-11-20 23:00:00,6771.2
2019-11-20 23:15:00,6739.4
2019-11-20 23:30:00,6707.3
2019-11-20 23:45:00,6688.0
2019-11-21 00:00:00,6661.1
2019-11-21 00:15:00,6644.9
2019-11-21 00:30:00,6625.4
2019-11-21 00:45:00,6610.4
2019-11-21 01:00:00,6594.9
2019-11-21 01:15:00,6580.0
2019-11-21 01:30:00,6574.1
2019-11-21 01:45:00,6564.1
2019-11-21 02:00:00,6541.9
2019-11-21 02:15:00,6543.4
2019-11-21 02:30:00,6547.4
2019-11-21 02:45:00,6547.6
2019-11-21 03:00:00,6559.3
2019-11-21 03:15:00,6565.5
2019-11-21 03:30:00,6566.4
2019-11-21 03:45:00,6564.3
2019-11-21 04:00:00,6586.0
2019-11-21 04:15:00,6594.8
2019-11-21 04:30:00,6607.7
2019-11-21 04:45:00,6624.9
2019-11-21 05:00:00,6674.6
2019-11-21 05:15:00,6702.1
2019-11-21 05:30:00,6726.6
2019-11-21 05:45:00,6780.5
2019-11-21 06:00:00,6865.8
2019-11-21 06:15:00,6938.5
2019-11-21 06:30:00,6999.4
2019-11-21 06:45:00,7054.3
2019-11-21 07:00:00,7116.0
2019-11-21 07:15:00,7144.4
2019-11-21 07:30:00,7168.6
2019-11-21 07:45:00,7181.5
2019-11-21 08:00:00,7212.9
2019-11-21 08:15:00,7226.1
2019-11-21 08:30:00,7232.2
2019-11-21 08:45:00,7230.7
2019-11-21 09:00:00,7218.6
2019-11-21 09:15:00,7222.7
2019-11-21 09:30:00,7235.4
2019-11-21 09:45:00,7236.7
2019-11-21 10:00:00,7243.6
2019-11-21 10:15:00,7241.4
2019-11-21 10:30:00,7247.2
2019-11-21 10:45:00,7256.1
2019-11-21 11:00:00,7260.2
2019-11-21 11:15:00,7263.6
2019-11-21 11:30:00,7264.6
2019-11-21 11:45:00,7253.8
2019-11-21 12:00:00,7244.9
2019-11-21 12:15:00,7236.1
2019-11-21 12:30:00,7235.5
2019-11-21 12:45:00,7232.8
2019-11-21 13:00:00,7243.9
2019-11-21 13:15:00,7234.1
2019-11-21 13:30:00,7223.3
2019-11-21 13:45:00,7204.0
2019-11-21 14:00:00,7198.5
2019-11-21 14:15:00,7204.9
2019-11-21 14:30:00,7200.9
2019-11-21 14:45:00,7197.6
2019-11-21 15:00:00,7200.0
2019-11-21 15:15:00,7197.5
2019-11-21 15:30:00,7197.7
2019-11-21 15:45:00,7191.6
2019-11-21 16:00:00,7195.1
2019-11-21 16:15:00,7210.2
2019-11-21 16:30:00,7229.2
2019-11-21 16:45:00,7260.4
2019-11-21 17:00:00,7287.4
2019-11-21 17:15:00,7299.6
2019-11-21 17:30:00,7300.0
2019-11-21 17:45:00,7300.3
2019-11-21 18:00:00,7291.2
2019-11-21 18:15:00,7280.8
2019-11-21 18:30:00,7266.9
2019-11-21 18:45:00,7251.4
2019-11-21 19:00:00,7227.4
2019-11-21 19:15:00,7202.1
2019-11-21 19:30:00,7183.8
2019-11-21 19:45:00,7169.0
2019-11-21 20:00:00,7132.4
2019-11-21 20:15:00,7092.4
2019-11-21 20:30:00,7055.4
2019-11-21 20:45:00,7025.9
2019-11-21 21:00:00,7006.7
2019-11-21 21:15:00,6987.6
2019-11-21 21:30:00,6960.4
2019-11-21 21:45:00,6928.0
2019-11-21 22:00:00,6913.6
2019-11-21 22:15:00,6897.9
2019-11-21 22:30:00,6866.1
2019-11-21 22:45:00,6838.7
2019-11-21 23:00:00,6810.3
2019-11-21 23:15:00,6778.5
2019-11-21 23:30:00,6746.4
2019-11-21 23:45:00,6725.5
2019-11-22 00:00:00,6692.9
2019-11-22 00:15:00,6672.2
2019-11-22 00:30:00,6661.9
2019-11-22 00:45:00,6648.4
2019-11-22 01:00:00,6627.1
2019-11-22 01:15:00,6608.8
2019-11-22 01:30:00,6599.9
2019-11-22 01:45:00,6586.3
2019-11-22 02:00:00,6583.3
2019-11-22 02:15:00,6580.4
2019-11-22 02:30:00,6578.6
2019-11-22 02:45:00,6583.8
2019-11-22 03:00:00,6575.7
2019-11-22 03:15:00,6574.7
2019-11-22 03:30:00,6582.2
2019-11-22 03:45:00,6588.3
2019-11-22 04:00:00,6606.2
2019-11-22 04:15:00,6612.7
2019-11-22 04:30:00,6635.6
2019-11-22 04:45:00,6658.7
2019-11-22 05:00:00,6695.1
2019-11-22 05:15:00,6717.3
2019-11-22 05:30:00,6751.3
2019-11-22 05:45:00,6800.3
2019-11-22 06:00:00,6894.0
2019-11-22 06:15:00,6961.3
2019-11-22 06:30:00,7016.5
2019-11-22 06:45:00,7074.1
2019-11-22 07:00:00,7124.3
2019-11-22 07:15:00,7162.0
2019-11-22 07:30:00,7187.3
2019-11-22 07:45:00,7202.8
2019-11-22 08:00:00,7211.9
2019-11-22 08:15:00,7225.6
2019-11-22 08:30:00,7227.1
2019-11-22 08:45:00,7229.9
2019-11-22 09:00:00,7221.7
2019-11-22 09:15:00,7235.4
2019-11-22 09:30:00,7240.0
2019-11-22 09:45:00,7243.5
2019-11-22 10:00:00,7245.3
2019-11-22 10:15:00,7253.2
2019-11-22 10:30:00,7254.4
2019-11-22 10:45:00,7250.9
2019-11-22 11:00:00,7258.8
2019-11-22 11:15:00,7260.8
2019-11-22 11:30:00,7264.2
2019-11-22 11:45:00,7248.0
2019-11-22 12:00:00,7244.7
2019-11-22 12:15:00,7238.6
2019-11-22 12:30:00,7231.6
2019-11-22 12:45:00,7226.7
2019-11-22 13:00:00,7228.5
2019-11-22 13:15:00,7205.0
2019-11-22 13:30:00,7186.6
2019-11-22 13:45:00,7166.3
2019-11-22 14:00:00,7145.2
2019-11-22 14:15:00,7144.7
2019-11-22 14:30:00,7139.9
2019-11-22 14:45:00,7128.0
2019-11-22 15:00:00,7115.0
2019-11-22 15:15:00,7102.5
2019-11-22 15:30:00,7100.0
2019-11-22 15:45:00,7095.0
2019-11-22 16:00:00,7110.3
2019-11-22 16:15:00,7135.3
2019-11-22 16:30:00,7159.4
2019-11-22 16:45:00,7202.3
2019-11-22 17:00:00,7233.0
2019-11-22 17:15:00,7234.9
2019-11-22 17:30:00,7237.4
2019-11-22 17:45:00,7235.4
2019-11-22 18:00:00,7247.6
2019-11-22 18:15:00,7232.7
2019-11-22 18:30:00,7220.6
2019-11-22 18:45:00,7210.7
2019-11-22 19:00:00,7190.4
2019-11-22 19:15:00,7166.2
2019-11-22 19:30:00,7148.6
2019-11-22 19:45:00,7118.5
2019-11-22 20:00:00,7074.6
2019-11-22 20:15:00,7033.5
2019-11-22 20:30:00,6997.4
2019-11-22 20:45:00,6979.8
2019-11-22 21:00:00,6955.3
2019-11-22 21:15:00,6940.7
2019-11-22 21:30:00,6925.4
2019-11-22 21:45:00,6892.5
2019-11-22 22:00:00,6865.2
2019-11-22 22:15:00,6838.1
2019-11-22 22:30:00,6815.1
2019-11-22 22:45:00,6785.9
2019-11-22 23:00:00,6758.8
2019-11-22 23:15:00,6723.2
2019-11-22 23:30:00,6693.9
2019-11-22 23:45:00,6669.5
2019-11-23 00:00:00,6633.9
2019-11-23 00:15:00,6614.5
2019-11-23 00:30:00,6589.6
2019-11-23 00:45:00,6572.8
2019-11-23 01:00:00,6531.6
2019-11-23 01:15:00,6515.6
2019-11-23 01:30:00,6498.4
2019-11-23 01:45:00,6494.5
2019-11-23 02:00:00,6482.6
2019-11-23 02:15:00,6483.9
2019-11-23 02:30:00,6476.5
2019-11-23 02:45:00,6470.4
2019-11-23 03:00:00,6477.4
2019-11-23 03:15:00,6477.3
2019-11-23 03:30:00,6480.2
2019-11-23 03:45:00,6484.4
2019-11-23 04:00:00,6487.0
2019-11-23 04:15:00,6485.8
2019-11-23 04:30:00,6482.6
2019-11-23 04:45:00,6481.1
2019-11-23 05:00:00,6489.9
2019-11-23 05:15:00,6485.2
2019-11-23 05:30:00,6488.7
2019-11-23 05:45:00,6505.3
2019-11-23 06:00:00,6519.5
2019-11-23 06:15:00,6533.1
2019-11-23 06:30:00,6549.6
2019-11-23 06:45:00,6574.7
2019-11-23 07:00:00,6627.2
2019-11-23 07:15:00,6660.5
2019-11-23 07:30:00,6684.4
2019-11-23 07:45:00,6700.4
2019-11-23 08:00:00,6738.2
2019-11-23 08:15:00,6760.6
2019-11-23 08:30:00,6788.8
2019-11-23 08:45:00,6817.3
2019-11-23 09:00:00,6843.4
2019-11-23 09:15:00,6856.7
2019-11-23 09:30:00,6868.9
2019-11-23 09:45:00,6883.4
2019-11-23 10:00:00,6890.7
2019-11-23 10:15:00,6896.6
2019-11-23 10:30:00,6903.3
2019-11-23 10:45:00,6906.9
2019-11-23 11:00:00,6908.4
2019-11-23 11:15:00,6908.4
2019-11-23 11:30:00,6916.2
2019-11-23 11:45:00,6913.6
2019-11-23 12:00:00,6903.3
2019-11-23 12:15:00,6899.1
2019-11-23 12:30:00,6885.1
2019-11-23 12:45:00,6870.5
2019-11-23 13:00:00,6847.5
2019-11-23 13:15:00,6831.5
2019-11-23 13:30:00,6819.3
2019-11-23 13:45:00,6798.9
2019-11-23 14:00:00,6793.6
2019-11-23 14:15:00,6784.5
2019-11-23 14:30:00,6778.6
2019-11-23 14:45:00,6774.3
2019-11-23 15:00:00,6783.9
2019-11-23 15:15:00,6789.5
2019-11-23 15:30:00,6793.0
2019-11-23 15:45:00,6804.8
2019-11-23 16:00:00,6827.2
2019-11-23 16:15:00,6858.7
2019-11-23 16:30:00,6890.9
2019-11-23 16:45:00,6919.6
2019-11-23 17:00:00,6940.2
2019-11-23 17:15:00,6950.4
2019-11-23 17:30:00,6961.2
2019-11-23 17:45:00,6965.2
2019-11-23 18:00:00,6971.3
2019-11-23 18:15:00,6958.5
2019-11-23 18:30:00,6942.9
2019-11-23 18:45:00,6928.1
2019-11-23 19:00:00,6917.8
2019-11-23 19:15:00,6897.2
2019-11-23 19:30:00,6877.9
2019-11-23 19:45:00,6847.9
2019-11-23 20:00:00,6808.0
2019-11-23 20:15:00,6775.7
2019-11-23 20:30:00,6746.2
2019-11-23 20:45:00,6719.0
2019-11-23 21:00:00,6694.3
2019-11-23 21:15:00,6686.3
2019-11-23 21:30:00,6669.7
2019-11-23 21:45:00,6660.6
2019-11-23 22:00:00,6664.1
2019-11-23 22:15:00,6653.6
2019-11-23 22:30:00,6631.6
2019-11-23 22:45:00,6613.2
2019-11-23 23:00:00,6582.4
2019-11-23 23:15:00,6556.9
2019-11-23 23:30:00,6535.4
2019-11-23 23:45:00,6517.4
2019-11-24 00:00:00,6484.6
2019-11-24 00:15:00,6461.8
2019-11-24 00:30:00,6448.4
2019-11-24 00:45:00,6431.5
2019-11-24 01:00:00,6413.7
2019-11-24 01:15:00,6391.5
2019-11-24 01:30:00,6376.1
2019-11-24 01:45:00,6374.1
2019-11-24 02:00:00,6370.4
2019-11-24 02:15:00,6366.7
2019-11-24 02:30:00,6357.8
2019-11-24 02:45:00,6360.0
2019-11-24 03:00:00,6360.7
2019-11-24 03:15:00,6353.9
2019-11-24 03:30:00,6349.8
2019-11-24 03:45:00,6359.7
2019-11-24 04:00:00,6370.5
2019-11-24 04:15:00,6364.8
2019-11-24 04:30:00,6366.7
2019-11-24 04:45:00,6366.8
2019-11-24 05:00:00,6354.9
2019-11-24 05:15:00,6340.8
2019-11-24 05:30:00,6337.5
2019-11-24 05:45:00,6324.4
2019-11-24 06:00:00,6323.5
2019-11-24 06:15:00,6330.6
2019-11-24 06:30:00,6334.9
2019-11-24 06:45:00,6345.1
2019-11-24 07:00:00,6370.9
2019-11-24 07:15:00,6385.0
2019-11-24 07:30:00,6399.5
2019-11-24 07:45:00,6416.8
2019-11-24 08:00:00,6457.0
2019-11-24 08:15:00,6492.7
2019-11-24 08:30:00,6520.7
2019-11-24 08:45:00,6541.4
2019-11-24 09:00:00,6561.3
2019-11-24 09:15:00,6593.1
2019-11-24 09:30:00,6603.3
2019-11-24 09:45:00,6613.3
2019-11-24 10:00:00,6648.0
2019-11-24 10:15:00,6670.9
2019-11-24 10:30:00,6678.2
2019-11-24 10:45:00,6689.9
2019-11-24 11:00:00,6705.1
2019-11-24 11:15:00,6724.1
2019-11-24 11:30:00,6729.4
2019-11-24 11:45:00,6731.1
2019-11-24 12:00:00,6721.9
2019-11-24 12:15:00,6712.0
2019-11-24 12:30:00,6685.8
2019-11-24 12:45:00,6661.1
2019-11-24 13:00:00,6653.5
2019-11-24 13:15:00,6631.9
2019-11-24 13:30:00,6629.2
2019-11-24 13:45:00,6613.2
2019-11-24 14:00:00,6614.9
2019-11-24 14:15:00,6611.8
2019-11-24 14:30:00,6607.0
2019-11-24 14:45:00,6594.0
2019-11-24 15:00:00,6610.5
2019-11-24 15:15:00,6600.0
2019-11-24 15:30:00,6608.4
2019-11-24 15:45:00,6605.7
2019-11-24 16:00:00,6631.1
2019-11-24 16:15:00,6656.1
2019-11-24 16:30:00,6697.4
2019-11-24 16:45:00,6736.3
2019-11-24 17:00:00,6783.6
2019-11-24 17:15:00,6802.5
2019-11-24 17:30:00,6821.3
2019-11-24 17:45:00,6829.3
2019-11-24 18:00:00,6834.5
2019-11-24 18:15:00,6827.5
2019-11-24 18:30:00,6812.3
2019-11-24 18:45:00,6805.7
2019-11-24 19:00:00,6769.5
2019-11-24 19:15:00,6747.6
2019-11-24 19:30:00,6734.9
2019-11-24 19:45:00,6716.6
2019-11-24 20:00:00,6695.2
2019-11-24 20:15:00,6671.2
2019-11-24 20:30:00,6640.7
2019-11-24 20:45:00,6625.3
2019-11-24 21:00:00,6621.3
2019-11-24 21:15:00,6608.9
2019-11-24 21:30:00,6601.5
2019-11-24 21:45:00,6598.5
2019-11-24 22:00:00,6605.5
2019-11-24 22:15:00,6588.9
2019-11-24 22:30:00,6566.8
2019-11-24 22:45:00,6542.9
2019-11-24 23:00:00,6517.6
2019-11-24 23:15:00,6493.7
2019-11-24 23:30:00,6476.5
2019-11-24 23:45:00,6452.0
2019-11-25 00:00:00,6434.2
2019-11-25 00:15:00,6423.4
2019-11-25 00:30:00,6406.4
2019-11-25 00:45:00,6386.2
2019-11-25 01:00:00,6401.2
2019-11-25 01:15:00,6397.7
2019-11-25 01:30:00,6390.5
2019-11-25 01:45:00,6379.4
2019-11-25 02:00:00,6369.5
2019-11-25 02:15:00,6371.7
2019-11-25 02:30:00,6375.3
2019-11-25 02:45:00,6377.4
2019-11-25 03:00:00,6386.0
2019-11-25 03:15:00,6386.9
2019-11-25 03:30:00,6395.9
2019-11-25 03:45:00,6407.6
2019-11-25 04:00:00,6425.6
2019-11-25 04:15:00,6439.8
2019-11-25 04:30:00,6462.3
2019-11-25 04:45:00,6482.9
2019-11-25 05:00:00,6525.2
2019-11-25 05:15:00,6550.4
2019-11-25 05:30:00,6601.0
2019-11-25 05:45:00,6654.0
2019-11-25 06:00:00,6756.6
2019-11-25 06:15:00,6834.5
2019-11-25 06:30:00,6906.5
2019-11-25 06:45:00,6968.5
2019-11-25 07:00:00,7054.5
2019-11-25 07:15:00,7082.7
2019-11-25 07:30:00,7124.1
2019-11-25 07:45:00,7134.9
2019-11-25 08:00:00,7162.2
2019-11-25 08:15:00,7172.7
2019-11-25 08:30:00,7184.8
2019-11-25 08:45:00,7191.4
2019-11-25 09:00:00,7179.8
2019-11-25 09:15:00,7187.1
2019-11-25 09:30:00,7198.5
2019-11-25 09:45:00,7202.8
2019-11-25 10:00:00,7217.8
2019-11-25 10:15:00,7219.4
2019-11-25 10:30:00,7225.5
2019-11-25 10:45:00,7227.5
2019-11-25 11:00:00,7237.8
2019-11-25 11:15:00,7247.2
2019-11-25 11:30:00,7253.2
2019-11-25 11:45:00,7251.3
2019-11-25 12:00:00,7241.4
2019-11-25 12:15:00,7238.9
2019-11-25 12:30:00,7237.9
2019-11-25 12:45:00,7239.7
2019-11-25 13:00:00,7251.7
2019-11-25 13:15:00,7243.5
2019-11-25 13:30:00,7233.5
2019-11-25 13:45:00,7217.5
2019-11-25 14:00:00,7205.9
2019-11-25 14:15:00,7205.6
2019-11-25 14:30:00,7200.7
2019-11-25 14:45:00,7194.2
2019-11-25 15:00:00,7206.1
2019-11-25 15:15:00,7197.7
2019-11-25 15:30:00,7190.1
2019-11-25 15:45:00,7182.7
2019-11-25 16:00:00,7182.7
2019-11-25 16:15:00,7194.6
2019-11-25 16:30:00,7214.8
2019-11-25 16:45:00,7228.3
2019-11-25 17:00:00,7238.4
2019-11-25 17:15:00,7243.4
2019-11-25 17:30:00,7251.8
2019-11-25 17:45:00,7244.0
2019-11-25 18:00:00,7246.1
2019-11-25 18:15:00,7235.5
2019-11-25 18:30:00,7227.9
2019-11-25 18:45:00,7214.7
2019-11-25 19:00:00,7205.5
2019-11-25 19:15:00,7177.2
2019-11-25 19:30:00,7158.0
2019-11-25 19:45:00,7145.5
2019-11-25 20:00:00,7112.6
2019-11-25 20:15:00,7071.8
2019-11-25 20:30:00,7039.2
2019-11-25 20:45:00,7008.3
2019-11-25 21:00:00,6983.2
2019-11-25 21:15:00,6960.4
2019-11-25 21:30:00,6925.6
2019-11-25 21:45:00,6897.5
2019-11-25 22:00:00,6891.7
2019-11-25 22:15:00,6867.1
2019-11-25 22:30:00,6830.7
2019-11-25 22:45:00,6797.3
2019-11-25 23:00:00,6761.6
2019-11-25 23:15:00,6724.6
2019-11-25 23:30:00,6683.8
2019-11-25 23:45:00,6659.2
2019-11-26 00:00:00,6640.5
2019-11-26 00:15:00,6615.8
2019-11-26 00:30:00,6598.6
2019-11-26 00:45:00,6580.5
2019-11-26 01:00:00,6558.7
2019-11-26 01:15:00,6555.1
2019-11-26 01:30:00,6540.7
2019-11-26 01:45:00,6536.8
2019-11-26 02:00:00,6529.8
2019-11-26 02:15:00,6522.1
2019-11-26 02:30:00,6519.8
2019-11-26 02:45:00,6524.2
2019-11-26 03:00:00,6535.5
2019-11-26 03:15:00,6542.5
2019-11-26 03:30:00,6550.2
2019-11-26 03:45:00,6554.2
2019-11-26 04:00:00,6578.5
2019-11-26 04:15:00,6580.8
2019-11-26 04:30:00,6600.1
2019-11-26 04:45:00,6614.7
2019-11-26 05:00:00,6663.9
2019-11-26 05:15:00,6689.0
2019-11-26 05:30:00,6719.1
2019-11-26 05:45:00,6769.8
2019-11-26 06:00:00,6861.6
2019-11-26 06:15:00,6936.2
2019-11-26 06:30:00,6999.6
2019-11-26 06:45:00,7061.6
2019-11-26 07:00:00,7125.2
2019-11-26 07:15:00,7160.1
2019-11-26 07:30:00,7190.9
2019-11-26 07:45:00,7209.4
2019-11-26 08:00:00,7223.3
2019-11-26 08:15:00,7225.5
2019-11-26 08:30:00,7227.4
2019-11-26 08:45:00,7233.7
2019-11-26 09:00:00,7214.5
2019-11-26 09:15:00,7216.2
2019-11-26 09:30:00,7228.6
2019-11-26 09:45:00,7236.7
2019-11-26 10:00:00,7239.8
2019-11-26 10:15:00,7233.5
2019-11-26 10:30:00,7239.1
2019-11-26 10:45:00,7253.6
2019-11-26 11:00:00,7259.0
2019-11-26 11:15:00,7260.9
2019-11-26 11:30:00,7267.0
2019-11-26 11:45:00,7265.8
2019-11-26 12:00:00,7257.1
2019-11-26 12:15:00,7255.5
2019-11-26 12:30:00,7250.4
2019-11-26 12:45:00,7242.9
2019-11-26 13:00:00,7236.7
2019-11-26 13:15:00,7238.8
2019-11-26 13:30:00,7230.2
2019-11-26 13:45:00,7208.7
2019-11-26 14:00:00,7210.1
2019-11-26 14:15:00,7214.1
2019-11-26 14:30:00,7205.4
2019-11-26 14:45:00,7193.8
2019-11-26 15:00:00,7194.3
2019-11-26 15:15:00,7190.1
2019-11-26 15:30:00,7187.7
2019-11-26 15:45:00,7180.8
2019-11-26 16:00:00,7198.5
2019-11-26 16:15:00,7218.7
2019-11-26 16:30:00,7238.6
2019-11-26 16:45:00,7258.5
2019-11-26 17:00:00,7279.0
2019-11-26 17:15:00,7292.1
2019-11-26 17:30:00,7298.9
2019-11-26 17:45:00,7295.3
2019-11-26 18:00:00,7290.7
2019-11-26 18:15:00,7279.1
2019-11-26 18:30:00,7278.3
2019-11-26 18:45:00,7266.8
2019-11-26 19:00:00,7241.2
2019-11-26 19:15:00,7222.9
2019-11-26 19:30:00,7212.4
2019-11-26 19:45:00,7200.5
2019-11-26 20:00:00,7160.9
2019-11-26 20:15:00,7119.6
2019-11-26 20:30:00,7095.8
2019-11-26 20:45:00,7067.4
2019-11-26 21:00:00,7038.8
2019-11-26 21:15:00,7009.9
2019-11-26 21:30:00,6976.5
2019-11-26 21:45:00,6938.7
2019-11-26 22:00:00,6905.6
2019-11-26 22:15:00,6876.4
2019-11-26 22:30:00,6847.5
2019-11-26 22:45:00,6809.9
2019-11-26 23:00:00,6759.9
2019-11-26 23:15:00,6722.8
2019-11-26 23:30:00,6682.9
2019-11-26 23:45:00,6666.1
2019-11-27 00:00:00,6633.3
2019-11-27 00:15:00,6610.4
2019-11-27 00:30:00,6601.5
2019-11-27 00:45:00,6583.5
2019-11-27 01:00:00,6547.5
2019-11-27 01:15:00,6529.3
2019-11-27 01:30:00,6523.2
2019-11-27 01:45:00,6527.5
2019-11-27 02:00:00,6515.4
2019-11-27 02:15:00,6509.2
2019-11-27 02:30:00,6506.4
2019-11-27 02:45:00,6517.0
2019-11-27 03:00:00,6533.4
2019-11-27 03:15:00,6537.9
2019-11-27 03:30:00,6534.1
2019-11-27 03:45:00,6542.4
2019-11-27 04:00:00,6561.6
2019-11-27 04:15:00,6577.6
2019-11-27 04:30:00,6591.1
2019-11-27 04:45:00,6609.3
2019-11-27 05:00:00,6662.5
2019-11-27 05:15:00,6689.5
2019-11-27 05:30:00,6722.3
2019-11-27 05:45:00,6761.3
2019-11-27 06:00:00,6863.4
2019-11-27 06:15:00,6942.2
2019-11-27 06:30:00,7011.4
2019-11-27 06:45:00,7063.4
2019-11-27 07:00:00,7136.1
2019-11-27 07:15:00,7181.7
2019-11-27 07:30:00,7210.1
2019-11-27 07:45:00,7227.8
2019-11-27 08:00:00,7258.0
2019-11-27 08:15:00,7281.8
2019-11-27 08:30:00,7298.8
2019-11-27 08:45:00,7303.5
2019-11-27 09:00:00,7301.5
2019-11-27 09:15:00,7316.7
2019-11-27 09:30:00,7334.5
2019-11-27 09:45:00,7334.5
2019-11-27 10:00:00,7335.4
2019-11-27 10:15:00,7346.4
2019-11-27 10:30:00,7355.1
2019-11-27 10:45:00,7357.2
2019-11-27 11:00:00,7359.3
2019-11-27 11:15:00,7367.7
2019-11-27 11:30:00,7369.2
2019-11-27 11:45:00,7360.9
2019-11-27 12:00:00,7341.0
2019-11-27 12:15:00,7338.9
2019-11-27 12:30:00,7342.2
2019-11-27 12:45:00,7337.7
2019-11-27 13:00:00,7341.2
2019-11-27 13:15:00,7339.0
2019-11-27 13:30:00,7332.1
2019-11-27 13:45:00,7318.6
2019-11-27 14:00:00,7310.6
2019-11-27 14:15:00,7315.3
2019-11-27 14:30:00,7299.6
2019-11-27 14:45:00,7281.3
2019-11-27 15:00:00,7280.9
2019-11-27 15:15:00,7276.7
2019-11-27 15:30:00,7269.1
2019-11-27 15:45:00,7265.5
2019-11-27 16:00:00,7277.5
2019-11-27 16:15:00,7295.4
2019-11-27 16:30:00,7315.0
2019-11-27 16:45:00,7330.6
2019-11-27 17:00:00,7360.3
2019-11-27 17:15:00,7361.9
2019-11-27 17:30:00,7365.8
2019-11-27 17:45:00,7352.7
2019-11-27 18:00:00,7349.5
2019-11-27 18:15:00,7347.1
2019-11-27 18:30:00,7342.9
2019-11-27 18:45:00,7336.3
2019-11-27 19:00:00,7304.8
2019-11-27 19:15:00,7285.2
2019-11-27 19:30:00,7268.6
2019-11-27 19:45:00,7250.8
2019-11-27 20:00:00,7196.0
2019-11-27 20:15:00,7161.3
2019-11-27 20:30:00,7121.6
2019-11-27 20:45:00,7095.4
2019-11-27 21:00:00,7059.4
2019-11-27 21:15:00,7025.6
2019-11-27 21:30:00,6990.4
2019-11-27 21:45:00,6967.3
2019-11-27 22:00:00,6958.7
2019-11-27 22:15:00,6931.8
2019-11-27 22:30:00,6893.5
2019-11-27 22:45:00,6856.2
2019-11-27 23:00:00,6811.1
2019-11-27 23:15:00,6771.4
2019-11-27 23:30:00,6752.8
2019-11-27 23:45:00,6733.3
2019-11-28 00:00:00,6689.7
2019-11-28 00:15:00,6662.3
2019-11-28 00:30:00,6638.3
2019-11-28 00:45:00,6621.3
2019-11-28 01:00:00,6612.6
2019-11-28 01:15:00,6605.2
2019-11-28 01:30:00,6598.8
2019-11-28 01:45:00,6585.0
2019-11-28 02:00:00,6571.3
2019-11-28 02:15:00,6574.7
2019-11-28 02:30:00,6578.5
2019-11-28 02:45:00,6584.6
2019-11-28 03:00:00,6588.4
2019-11-28 03:15:00,6593.2
2019-11-28 03:30:00,6589.8
2019-11-28 03:45:00,6600.1
2019-11-28 04:00:00,6618.8
2019-11-28 04:15:00,6637.5
2019-11-28 04:30:00,6663.3
2019-11-28 04:45:00,6683.9
2019-11-28 05:00:00,6730.3
2019-11-28 05:15:00,6754.4
2019-11-28 05:30:00,6802.9
2019-11-28 05:45:00,6855.1
2019-11-28 06:00:00,6935.4
2019-11-28 06:15:00,7014.7
2019-11-28 06:30:00,7075.6
2019-11-28 06:45:00,7134.1
2019-11-28 07:00:00,7174.7
2019-11-28 07:15:00,7220.9
2019-11-28 07:30:00,7254.7
2019-11-28 07:45:00,7270.3
2019-11-28 08:00:00,7283.1
2019-11-28 08:15:00,7291.8
2019-11-28 08:30:00,7295.1
2019-11-28 08:45:00,7289.7
2019-11-28 09:00:00,7278.1
2019-11-28 09:15:00,7287.0
2019-11-28 09:30:00,7293.0
2019-11-28 09:45:00,7292.2
2019-11-28 10:00:00,7305.9
2019-11-28 10:15:00,7313.9
2019-11-28 10:30:00,7321.3
2019-11-28 10:45:00,7343.7
2019-11-28 11:00:00,7343.6
2019-11-28 11:15:00,7343.2
2019-11-28 11:30:00,7351.1
2019-11-28 11:45:00,7351.8
2019-11-28 12:00:00,7333.9
2019-11-28 12:15:00,7332.9
2019-11-28 12:30:00,7327.5
2019-11-28 12:45:00,7340.4
2019-11-28 13:00:00,7342.8
2019-11-28 13:15:00,7334.5
2019-11-28 13:30:00,7325.8
2019-11-28 13:45:00,7304.4
2019-11-28 14:00:00,7295.8
2019-11-28 14:15:00,7302.9
2019-11-28 14:30:00,7296.4
2019-11-28 14:45:00,7298.2
2019-11-28 15:00:00,7298.2
2019-11-28 15:15:00,7285.0
2019-11-28 15:30:00,7284.1
2019-11-28 15:45:00,7281.3
2019-11-28 16:00:00,7286.6
2019-11-28 16:15:00,7292.1
2019-11-28 16:30:00,7311.0
2019-11-28 16:45:00,7334.9
2019-11-28 17:00:00,7339.4
2019-11-28 17:15:00,7352.2
2019-11-28 17:30:00,7350.9
2019-11-28 17:45:00,7354.0
2019-11-28 18:00:00,7337.1
2019-11-28 18:15:00,7317.3
2019-11-28 18:30:00,7303.8
2019-11-28 18:45:00,7299.7
2019-11-28 19:00:00,7287.9
2019-11-28 19:15:00,7266.8
2019-11-28 19:30:00,7252.5
2019-11-28 19:45:00,7229.2
2019-11-28 20:00:00,7199.7
2019-11-28 20:15:00,7163.2
2019-11-28 20:30:00,7135.2
2019-11-28 20:45:00,7093.9
2019-11-28 21:00:00,7050.4
2019-11-28 21:15:00,7019.6
2019-11-28 21:30:00,6980.0
2019-11-28 21:45:00,6951.5
2019-11-28 22:00:00,6946.3
2019-11-28 22:15:00,6920.9
2019-11-28 22:30:00,6888.3
2019-11-28 22:45:00,6859.2
2019-11-28 23:00:00,6829.1
2019-11-28 23:15:00,6807.0
2019-11-28 23:30:00,6775.6
2019-11-28 23:45:00,6733.6
2019-11-29 00:00:00,6700.3
2019-11-29 00:15:00,6674.1
2019-11-29 00:30:00,6638.4
2019-11-29 00:45:00,6611.2
2019-11-29 01:00:00,6593.6
2019-11-29 01:15:00,6586.0
2019-11-29 01:30:00,6572.8
2019-11-29 01:45:00,6553.8
2019-11-29 02:00:00,6548.2
2019-11-29 02:15:00,6543.4
2019-11-29 02:30:00,6546.1
2019-11-29 02:45:00,6545.3
2019-11-29 03:00:00,6552.3
2019-11-29 03:15:00,6558.7
2019-11-29 03:30:00,6559.7
2019-11-29 03:45:00,6571.3
2019-11-29 04:00:00,6600.9
2019-11-29 04:15:00,6617.0
2019-11-29 04:30:00,6629.0
2019-11-29 04:45:00,6645.6
2019-11-29 05:00:00,6696.5
2019-11-29 05:15:00,6722.2
2019-11-29 05:30:00,6760.6
2019-11-29 05:45:00,6805.0
2019-11-29 06:00:00,6912.2
2019-11-29 06:15:00,6988.0
2019-11-29 06:30:00,7047.4
2019-11-29 06:45:00,7101.6
2019-11-29 07:00:00,7165.7
2019-11-29 07:15:00,7210.1
2019-11-29 07:30:00,7235.1
2019-11-29 07:45:00,7242.1
2019-11-29 08:00:00,7250.6
2019-11-29 08:15:00,7258.5
2019-11-29 08:30:00,7262.1
2019-11-29 08:45:00,7265.8
2019-11-29 09:00:00,7239.1
2019-11-29 09:15:00,7232.5
2019-11-29 09:30:00,7242.8
2019-11-29 09:45:00,7247.7
2019-11-29 10:00:00,7256.7
2019-11-29 10:15:00,7265.9
2019-11-29 10:30:00,7264.9
2019-11-29 10:45:00,7268.9
2019-11-29 11:00:00,7266.8
2019-11-29 11:15:00,7273.6
2019-11-29 11:30:00,7277.5
2019-11-29 11:45:00,7263.5
2019-11-29 12:00:00,7246.4
2019-11-29 12:15:00,7240.5
2019-11-29 12:30:00,7229.4
2019-11-29 12:45:00,7228.3
2019-11-29 13:00:00,7232.3
2019-11-29 13:15:00,7227.0
2019-11-29 13:30:00,7207.3
2019-11-29 13:45:00,7193.9
2019-11-29 14:00:00,7170.7
2019-11-29 14:15:00,7154.3
2019-11-29 14:30:00,7145.1
2019-11-29 14:45:00,7127.4
2019-11-29 15:00:00,7126.4
2019-11-29 15:15:00,7110.5
2019-11-29 15:30:00,7104.3
2019-11-29 15:45:00,7099.1
2019-11-29 16:00:00,7111.9
2019-11-29 16:15:00,7130.1
2019-11-29 16:30:00,7151.9
2019-11-29 16:45:00,7189.7
2019-11-29 17:00:00,7212.6
2019-11-29 17:15:00,7219.7
2019-11-29 17:30:00,7208.0
2019-11-29 17:45:00,7206.6
2019-11-29 18:00:00,7198.8
2019-11-29 18:15:00,7186.4
2019-11-29 18:30:00,7173.1
2019-11-29 18:45:00,7159.4
2019-11-29 19:00:00,7138.6
2019-11-29 19:15:00,7112.7
2019-11-29 19:30:00,7097.3
2019-11-29 19:45:00,7074.9
2019-11-29 20:00:00,7043.3
2019-11-29 20:15:00,7005.3
2019-11-29 20:30:00,6973.7
2019-11-29 20:45:00,6942.9
2019-11-29 21:00:00,6917.3
2019-11-29 21:15:00,6891.5
2019-11-29 21:30:00,6865.7
2019-11-29 21:45:00,6838.2
2019-11-29 22:00:00,6825.9
2019-11-29 22:15:00,6806.7
2019-11-29 22:30:00,6774.5
2019-11-29 22:45:00,6740.5
2019-11-29 23:00:00,6698.6
2019-11-29 23:15:00,6660.9
2019-11-29 23:30:00,6635.5
2019-11-29 23:45:00,6610.4
2019-11-30 00:00:00,6588.9
2019-11-30 00:15:00,6564.8
2019-11-30 00:30:00,6554.6
2019-11-30 00:45:00,6540.9
2019-11-30 01:00:00,6523.5
2019-11-30 01:15:00,6502.6
2019-11-30 01:30:00,6489.8
2019-11-30 01:45:00,6472.9
2019-11-30 02:00:00,6451.2
2019-11-30 02:15:00,6439.7
2019-11-30 02:30:00,6443.4
2019-11-30 02:45:00,6441.2
2019-11-30 03:00:00,6437.3
2019-11-30 03:15:00,6432.8
2019-11-30 03:30:00,6433.3
2019-11-30 03:45:00,6429.6
2019-11-30 04:00:00,6432.3
2019-11-30 04:15:00,6431.3
2019-11-30 04:30:00,6437.0
2019-11-30 04:45:00,6436.4
2019-11-30 05:00:00,6443.4
2019-11-30 05:15:00,6438.4
2019-11-30 05:30:00,6440.7
2019-11-30 05:45:00,6441.6
2019-11-30 06:00:00,6448.8
2019-11-30 06:15:00,6465.7
2019-11-30 06:30:00,6473.4
2019-11-30 06:45:00,6487.2
2019-11-30 07:00:00,6529.2
2019-11-30 07:15:00,6561.8
2019-11-30 07:30:00,6586.8
2019-11-30 07:45:00,6603.7
2019-11-30 08:00:00,6639.9
2019-11-30 08:15:00,6667.9
2019-11-30 08:30:00,6694.1
2019-11-30 08:45:00,6713.3
2019-11-30 09:00:00,6733.3
2019-11-30 09:15:00,6751.8
2019-11-30 09:30:00,6767.2
2019-11-30 09:45:00,6770.7
2019-11-30 10:00:00,6769.5
2019-11-30 10:15:00,6775.6
2019-11-30 10:30:00,6781.8
2019-11-30 10:45:00,6780.4
2019-11-30 11:00:00,6778.1
2019-11-30 11:15:00,6788.1
2019-11-30 11:30:00,6782.2
2019-11-30 11:45:00,6780.1
2019-11-30 12:00:00,6769.7
2019-11-30 12:15:00,6768.3
2019-11-30 12:30:00,6761.7
2019-11-30 12:45:00,6743.1
2019-11-30 13:00:00,6753.4
2019-11-30 13:15:00,6746.6
2019-11-30 13:30:00,6726.0
2019-11-30 13:45:00,6708.2
2019-11-30 14:00:00,6702.8
2019-11-30 14:15:00,6690.6
2019-11-30 14:30:00,6680.7
2019-11-30 14:45:00,6673.3
2019-11-30 15:00:00,6667.1
2019-11-30 15:15:00,6673.7
2019-11-30 15:30:00,6673.7
2019-11-30 15:45:00,6680.5
2019-11-30 16:00:00,6721.8
2019-11-30 16:15:00,6755.7
2019-11-30 16:30:00,6793.6
2019-11-30 16:45:00,6832.9
2019-11-30 17:00:00,6845.2
2019-11-30 17:15:00,6849.8
2019-11-30 17:30:00,6855.1
2019-11-30 17:45:00,6854.2
2019-11-30 18:00:00,6844.8
2019-11-30 18:15:00,6836.2
2019-11-30 18:30:00,6825.6
2019-11-30 18:45:00,6812.4
2019-11-30 19:00:00,6812.4
2019-11-30 19:15:00,6795.5
2019-11-30 19:30:00,6769.3
2019-11-30 19:45:00,6750.8
2019-11-30 20:00:00,6723.6
2019-11-30 20:15:00,6685.8
2019-11-30 20:30:00,6661.4
2019-11-30 20:45:00,6648.9
2019-11-30 21:00:00,6630.5
2019-11-30 21:15:00,6615.1
2019-11-30 21:30:00,6587.1
2019-11-30 21:45:00,6579.9
2019-11-30 22:00:00,6589.8
2019-11-30 22:15:00,6576.3
2019-11-30 22:30:00,6547.7
2019-11-30 22:45:00,6530.7
2019-11-30 23:00:00,6518.4
2019-11-30 23:15:00,6491.2
2019-11-30 23:30:00,6467.0
2019-11-30 23:45:00,6442.9
2019-12-01 00:00:00,6433.8
2019-12-01 00:15:00,6410.6
2019-12-01 00:30:00,6403.6
2019-12-01 00:45:00,6392.4
2019-12-01 01:00:00,6365.2
2019-12-01 01:15:00,6356.5
2019-12-01 01:30:00,6339.5
2019-12-01 01:45:00,6330.6
2019-12-01 02:00:00,6314.3
2019-12-01 02:15:00,6318.6
2019-12-01 02:30:00,6313.7
2019-12-01 02:45:00,6312.3
2019-12-01 03:00:00,6309.2
2019-12-01 03:15:00,6307.1
2019-12-01 03:30:00,6311.9
2019-12-01 03:45:00,6302.1
2019-12-01 04:00:00,6308.2
2019-12-01 04:15:00,6306.6
2019-12-01 04:30:00,6311.0
2019-12-01 04:45:00,6309.0
2019-12-01 05:00:00,6302.1
2019-12-01 05:15:00,6296.4
2019-12-01 05:30:00,6298.3
2019-12-01 05:45:00,6435.7
2019-12-01 06:00:00,6446.7
2019-12-01 06:15:00,6452.0
2019-12-01 06:30:00,6470.4
2019-12-01 06:45:00,6475.3
2019-12-01 07:00:00,6340.1
2019-12-01 07:15:00,6505.4
2019-12-01 07:30:00,6509.2
2019-12-01 07:45:00,6518.8
2019-12-01 08:00:00,6535.8
2019-12-01 08:15:00,6550.5
2019-12-01 08:30:00,6568.8
2019-12-01 08:45:00,6582.1
2019-12-01 09:00:00,6591.9
2019-12-01 09:15:00,6606.6
2019-12-01 09:30:00,6621.1
2019-12-01 09:45:00,6633.5
2019-12-01 10:00:00,6649.6
2019-12-01 10:15:00,6655.2
2019-12-01 10:30:00,6646.0
2019-12-01 10:45:00,6659.9
2019-12-01 11:00:00,6690.8
2019-12-01 11:15:00,6706.9
2019-12-01 11:30:00,6721.8
2019-12-01 11:45:00,6726.2
2019-12-01 12:00:00,6723.2
2019-12-01 12:15:00,6715.7
2019-12-01 12:30:00,6705.0
2019-12-01 12:45:00,6686.7
2019-12-01 13:00:00,6667.9
2019-12-01 13:15:00,6655.7
2019-12-01 13:30:00,6651.7
2019-12-01 13:45:00,6638.6
2019-12-01 14:00:00,6623.6
2019-12-01 14:15:00,6616.0
2019-12-01 14:30:00,6620.2
2019-12-01 14:45:00,6610.2
2019-12-01 15:00:00,6617.3
2019-12-01 15:15:00,6618.4
2019-12-01 15:30:00,6626.6
2019-12-01 15:45:00,6628.0
2019-12-01 16:00:00,6649.1
2019-12-01 16:15:00,6668.1
2019-12-01 16:30:00,6694.2
2019-12-01 16:45:00,6731.2
2019-12-01 17:00:00,6760.7
2019-12-01 17:15:00,6774.3
2019-12-01 17:30:00,6777.8
2019-12-01 17:45:00,6786.1
2019-12-01 18:00:00,6800.7
2019-12-01 18:15:00,6799.2
2019-12-01 18:30:00,6788.4
2019-12-01 18:45:00,6784.7
2019-12-01 19:00:00,6779.9
2019-12-01 19:15:00,6768.1
2019-12-01 19:30:00,6751.9
2019-12-01 19:45:00,6731.7
2019-12-01 20:00:00,6717.7
2019-12-01 20:15:00,6694.2
2019-12-01 20:30:00,6663.9
2019-12-01 20:45:00,6647.0
2019-12-01 21:00:00,6651.2
2019-12-01 21:15:00,6644.5
2019-12-01 21:30:00,6629.2
2019-12-01 21:45:00,6637.7
2019-12-01 22:00:00,6640.8
2019-12-01 22:15:00,6630.5
2019-12-01 22:30:00,6604.1
2019-12-01 22:45:00,6584.0
2019-12-01 23:00:00,6560.8
2019-12-01 23:15:00,6538.8
2019-12-01 23:30:00,6519.3
2019-12-01 23:45:00,6497.5
2019-12-02 00:00:00,6425.7
2019-12-02 00:15:00,6408.7
2019-12-02 00:30:00,6402.3
2019-12-02 00:45:00,6385.9
2019-12-02 01:00:00,6381.7
2019-12-02 01:15:00,6374.8
2019-12-02 01:30:00,6376.9
2019-12-02 01:45:00,6368.2
2019-12-02 02:00:00,6350.2
2019-12-02 02:15:00,6348.5
2019-12-02 02:30:00,6350.9
2019-12-02 02:45:00,6352.0
2019-12-02 03:00:00,6364.4
2019-12-02 03:15:00,6370.0
2019-12-02 03:30:00,6375.3
2019-12-02 03:45:00,6384.5
2019-12-02 04:00:00,6397.0
2019-12-02 04:15:00,6401.7
2019-12-02 04:30:00,6425.4
2019-12-02 04:45:00,6447.2
2019-12-02 05:00:00,6487.7
2019-12-02 05:15:00,6513.0
2019-12-02 05:30:00,6552.8
2019-12-02 05:45:00,6614.5
2019-12-02 06:00:00,6726.2
2019-12-02 06:15:00,6820.8
2019-12-02 06:30:00,6891.9
2019-12-02 06:45:00,6965.6
2019-12-02 07:00:00,7027.5
2019-12-02 07:15:00,7079.6
2019-12-02 07:30:00,7116.1
2019-12-02 07:45:00,7131.4
2019-12-02 08:00:00,7129.9
2019-12-02 08:15:00,7135.1
2019-12-02 08:30:00,7125.4
2019-12-02 08:45:00,7131.5
2019-12-02 09:00:00,7130.1
2019-12-02 09:15:00,7155.4
2019-12-02 09:30:00,7162.9
2019-12-02 09:45:00,7168.5
2019-12-02 10:00:00,7176.5
2019-12-02 10:15:00,7177.8
2019-12-02 10:30:00,7186.6
2019-12-02 10:45:00,7189.2
2019-12-02 11:00:00,7196.9
2019-12-02 11:15:00,7212.1
2019-12-02 11:30:00,7223.8
2019-12-02 11:45:00,7227.1
2019-12-02 12:00:00,7231.3
2019-12-02 12:15:00,7235.1
2019-12-02 12:30:00,7230.0
2019-12-02 12:45:00,7229.8
2019-12-02 13:00:00,7216.4
2019-12-02 13:15:00,7208.6
2019-12-02 13:30:00,7200.5
2019-12-02 13:45:00,7184.8
2019-12-02 14:00:00,7183.8
2019-12-02 14:15:00,7181.9
2019-12-02 14:30:00,7181.0
2019-12-02 14:45:00,7174.2
2019-12-02 15:00:00,7179.6
2019-12-02 15:15:00,7167.2
2019-12-02 15:30:00,7160.4
2019-12-02 15:45:00,7150.2
2019-12-02 16:00:00,7156.7
2019-12-02 16:15:00,7173.3
2019-12-02 16:30:00,7190.6
2019-12-02 16:45:00,7218.7
2019-12-02 17:00:00,7227.9
2019-12-02 17:15:00,7238.9
2019-12-02 17:30:00,7230.0
2019-12-02 17:45:00,7228.1
2019-12-02 18:00:00,7207.9
2019-12-02 18:15:00,7199.7
2019-12-02 18:30:00,7195.7
2019-12-02 18:45:00,7185.3
2019-12-02 19:00:00,7177.5
2019-12-02 19:15:00,7153.5
2019-12-02 19:30:00,7132.7
2019-12-02 19:45:00,7108.4
2019-12-02 20:00:00,7070.1
2019-12-02 20:15:00,7027.5
2019-12-02 20:30:00,7003.5
2019-12-02 20:45:00,6968.5
2019-12-02 21:00:00,6969.4
2019-12-02 21:15:00,6944.5
2019-12-02 21:30:00,6906.5
2019-12-02 21:45:00,6877.3
2019-12-02 22:00:00,6888.7
2019-12-02 22:15:00,6860.9
2019-12-02 22:30:00,6828.6
2019-12-02 22:45:00,6792.5
2019-12-02 23:00:00,6738.8
2019-12-02 23:15:00,6698.3
2019-12-02 23:30:00,6660.9
2019-12-02 23:45:00,6632.3
2019-12-03 00:00:00,6706.0
2019-12-03 00:15:00,6680.3
2019-12-03 00:30:00,6664.4
2019-12-03 00:45:00,6638.9
2019-12-03 01:00:00,6615.1
2019-12-03 01:15:00,6604.2
2019-12-03 01:30:00,6586.9
2019-12-03 01:45:00,6586.3
2019-12-03 02:00:00,6579.8
2019-12-03 02:15:00,6571.9
2019-12-03 02:30:00,6569.5
2019-12-03 02:45:00,6572.1
2019-12-03 03:00:00,6583.1
2019-12-03 03:15:00,6578.5
2019-12-03 03:30:00,6580.0
2019-12-03 03:45:00,6596.2
2019-12-03 04:00:00,6609.1
2019-12-03 04:15:00,6616.5
2019-12-03 04:30:00,6635.3
2019-12-03 04:45:00,6650.1
2019-12-03 05:00:00,6681.5
2019-12-03 05:15:00,6702.7
2019-12-03 05:30:00,6739.4
2019-12-03 05:45:00,6788.9
2019-12-03 06:00:00,6875.1
2019-12-03 06:15:00,6944.8
2019-12-03 06:30:00,7013.0
2019-12-03 06:45:00,7071.3
2019-12-03 07:00:00,7113.0
2019-12-03 07:15:00,7151.0
2019-12-03 07:30:00,7174.6
2019-12-03 07:45:00,7195.3
2019-12-03 08:00:00,7219.1
2019-12-03 08:15:00,7226.0
2019-12-03 08:30:00,7229.5
2019-12-03 08:45:00,7224.3
2019-12-03 09:00:00,7218.6
2019-12-03 09:15:00,7220.3
2019-12-03 09:30:00,7224.6
2019-12-03 09:45:00,7227.0
2019-12-03 10:00:00,7227.0
2019-12-03 10:15:00,7219.6
2019-12-03 10:30:00,7222.2
2019-12-03 10:45:00,7232.1
2019-12-03 11:00:00,7233.7
2019-12-03 11:15:00,7239.2
2019-12-03 11:30:00,7241.9
2019-12-03 11:45:00,7243.4
2019-12-03 12:00:00,7245.8
2019-12-03 12:15:00,7237.5
2019-12-03 12:30:00,7236.9
2019-12-03 12:45:00,7230.0
2019-12-03 13:00:00,7235.1
2019-12-03 13:15:00,7229.4
2019-12-03 13:30:00,7219.1
2019-12-03 13:45:00,7196.2
2019-12-03 14:00:00,7197.7
2019-12-03 14:15:00,7193.9
2019-12-03 14:30:00,7193.7
2019-12-03 14:45:00,7189.6
2019-12-03 15:00:00,7195.3
2019-12-03 15:15:00,7190.9
2019-12-03 15:30:00,7190.1
2019-12-03 15:45:00,7192.8
2019-12-03 16:00:00,7210.5
2019-12-03 16:15:00,7222.9
2019-12-03 16:30:00,7253.3
2019-12-03 16:45:00,7281.4
2019-12-03 17:00:00,7318.0
2019-12-03 17:15:00,7324.5
2019-12-03 17:30:00,7326.2
2019-12-03 17:45:00,7330.3
2019-12-03 18:00:00,7314.5
2019-12-03 18:15:00,7292.0
2019-12-03 18:30:00,7291.3
2019-12-03 18:45:00,7286.2
2019-12-03 19:00:00,7279.5
2019-12-03 19:15:00,7263.3
2019-12-03 19:30:00,7242.5
2019-12-03 19:45:00,7221.9
2019-12-03 20:00:00,7179.2
2019-12-03 20:15:00,7144.9
2019-12-03 20:30:00,7118.4
2019-12-03 20:45:00,7090.3
2019-12-03 21:00:00,7055.2
2019-12-03 21:15:00,7037.8
2019-12-03 21:30:00,7003.6
2019-12-03 21:45:00,6975.4
2019-12-03 22:00:00,6977.4
2019-12-03 22:15:00,6948.2
2019-12-03 22:30:00,6912.2
2019-12-03 22:45:00,6875.9
2019-12-03 23:00:00,6834.3
2019-12-03 23:15:00,6793.7
2019-12-03 23:30:00,6771.1
2019-12-03 23:45:00,6751.3
2019-12-04 00:00:00,6706.4
2019-12-04 00:15:00,6690.2
2019-12-04 00:30:00,6676.1
2019-12-04 00:45:00,6660.8
2019-12-04 01:00:00,6648.7
2019-12-04 01:15:00,6636.0
2019-12-04 01:30:00,6624.4
2019-12-04 01:45:00,6609.3
2019-12-04 02:00:00,6585.5
2019-12-04 02:15:00,6578.8
2019-12-04 02:30:00,6583.2
2019-12-04 02:45:00,6583.3
2019-12-04 03:00:00,6584.4
2019-12-04 03:15:00,6581.3
2019-12-04 03:30:00,6588.7
2019-12-04 03:45:00,6599.6
2019-12-04 04:00:00,6631.1
2019-12-04 04:15:00,6637.7
2019-12-04 04:30:00,6661.0
2019-12-04 04:45:00,6679.3
2019-12-04 05:00:00,6720.0
2019-12-04 05:15:00,6733.9
2019-12-04 05:30:00,6771.5
2019-12-04 05:45:00,6820.3
2019-12-04 06:00:00,6912.2
2019-12-04 06:15:00,6987.7
2019-12-04 06:30:00,7044.1
2019-12-04 06:45:00,7106.5
2019-12-04 07:00:00,7178.0
2019-12-04 07:15:00,7213.3
2019-12-04 07:30:00,7241.5
2019-12-04 07:45:00,7249.9
2019-12-04 08:00:00,7239.1
2019-12-04 08:15:00,7237.9
2019-12-04 08:30:00,7238.2
2019-12-04 08:45:00,7242.0
2019-12-04 09:00:00,7237.5
2019-12-04 09:15:00,7236.7
2019-12-04 09:30:00,7237.4
2019-12-04 09:45:00,7237.8
2019-12-04 10:00:00,7235.6
2019-12-04 10:15:00,7230.8
2019-12-04 10:30:00,7227.8
2019-12-04 10:45:00,7236.3
2019-12-04 11:00:00,7244.9
2019-12-04 11:15:00,7253.1
2019-12-04 11:30:00,7247.1
2019-12-04 11:45:00,7249.4
2019-12-04 12:00:00,7228.5
2019-12-04 12:15:00,7228.4
2019-12-04 12:30:00,7226.7
2019-12-04 12:45:00,7234.0
2019-12-04 13:00:00,7239.8
2019-12-04 13:15:00,7221.4
2019-12-04 13:30:00,7202.1
2019-12-04 13:45:00,7183.4
2019-12-04 14:00:00,7182.5
2019-12-04 14:15:00,7175.2
2019-12-04 14:30:00,7174.1
2019-12-04 14:45:00,7170.0
2019-12-04 15:00:00,7180.0
2019-12-04 15:15:00,7176.1
2019-12-04 15:30:00,7180.5
2019-12-04 15:45:00,7182.6
2019-12-04 16:00:00,7182.1
2019-12-04 16:15:00,7196.2
2019-12-04 16:30:00,7224.8
2019-12-04 16:45:00,7262.7
2019-12-04 17:00:00,7290.2
2019-12-04 17:15:00,7301.7
2019-12-04 17:30:00,7305.6
2019-12-04 17:45:00,7309.6
2019-12-04 18:00:00,7296.8
2019-12-04 18:15:00,7289.8
2019-12-04 18:30:00,7285.3
2019-12-04 18:45:00,7285.6
2019-12-04 19:00:00,7271.6
2019-12-04 19:15:00,7241.1
2019-12-04 19:30:00,7213.3
2019-12-04 19:45:00,7193.8
2019-12-04 20:00:00,7156.1
2019-12-04 20:15:00,7118.8
2019-12-04 20:30:00,7085.9
2019-12-04 20:45:00,7063.8
2019-12-04 21:00:00,7040.5
2019-12-04 21:15:00,7020.4
2019-12-04 21:30:00,6984.9
2019-12-04 21:45:00,6964.8
2019-12-04 22:00:00,6952.8
2019-12-04 22:15:00,6928.9
2019-12-04 22:30:00,6893.0
2019-12-04 22:45:00,6872.0
2019-12-04 23:00:00,6845.7
2019-12-04 23:15:00,6806.8
2019-12-04 23:30:00,6771.6
2019-12-04 23:45:00,6755.5
2019-12-05 00:00:00,6737.0
2019-12-05 00:15:00,6709.4
2019-12-05 00:30:00,6696.2
2019-12-05 00:45:00,6681.0
2019-12-05 01:00:00,6669.1
2019-12-05 01:15:00,6659.0
2019-12-05 01:30:00,6643.8
2019-12-05 01:45:00,6633.0
2019-12-05 02:00:00,6630.9
2019-12-05 02:15:00,6619.9
2019-12-05 02:30:00,6625.4
2019-12-05 02:45:00,6623.5
2019-12-05 03:00:00,6617.4
2019-12-05 03:15:00,6615.0
2019-12-05 03:30:00,6622.2
2019-12-05 03:45:00,6629.5
2019-12-05 04:00:00,6644.5
2019-12-05 04:15:00,6642.7
2019-12-05 04:30:00,6658.3
2019-12-05 04:45:00,6668.6
2019-12-05 05:00:00,6720.5
2019-12-05 05:15:00,6745.4
2019-12-05 05:30:00,6791.3
2019-12-05 05:45:00,6839.9
2019-12-05 06:00:00,6928.5
2019-12-05 06:15:00,7007.8
2019-12-05 06:30:00,7064.9
2019-12-05 06:45:00,7123.8
2019-12-05 07:00:00,7184.9
2019-12-05 07:15:00,7229.0
2019-12-05 07:30:00,7257.6
2019-12-05 07:45:00,7268.1
2019-12-05 08:00:00,7278.3
2019-12-05 08:15:00,7288.6
2019-12-05 08:30:00,7294.4
2019-12-05 08:45:00,7290.8
2019-12-05 09:00:00,7280.1
2019-12-05 09:15:00,7284.1
2019-12-05 09:30:00,7287.5
2019-12-05 09:45:00,7298.1
2019-12-05 10:00:00,7287.0
2019-12-05 10:15:00,7281.8
2019-12-05 10:30:00,7270.7
2019-12-05 10:45:00,7277.3
2019-12-05 11:00:00,7264.9
2019-12-05 11:15:00,7272.9
2019-12-05 11:30:00,7277.0
2019-12-05 11:45:00,7279.0
2019-12-05 12:00:00,7255.6
2019-12-05 12:15:00,7256.2
2019-12-05 12:30:00,7246.4
2019-12-05 12:45:00,7246.6
2019-12-05 13:00:00,7237.9
2019-12-05 13:15:00,7241.5
2019-12-05 13:30:00,7235.1
2019-12-05 13:45:00,7218.2
2019-12-05 14:00:00,7225.2
2019-12-05 14:15:00,7221.5
2019-12-05 14:30:00,7224.4
2019-12-05 14:45:00,7225.2
2019-12-05 15:00:00,7236.7
2019-12-05 15:15:00,7237.0
2019-12-05 15:30:00,7235.6
2019-12-05 15:45:00,7246.2
2019-12-05 16:00:00,7267.9
2019-12-05 16:15:00,7293.7
2019-12-05 16:30:00,7312.3
2019-12-05 16:45:00,7348.7
2019-12-05 17:00:00,7371.0
2019-12-05 17:15:00,7377.3
2019-12-05 17:30:00,7390.9
2019-12-05 17:45:00,7392.0
2019-12-05 18:00:00,7385.5
2019-12-05 18:15:00,7374.6
2019-12-05 18:30:00,7372.3
2019-12-05 18:45:00,7368.7
2019-12-05 19:00:00,7345.5
2019-12-05 19:15:00,7319.2
2019-12-05 19:30:00,7298.7
2019-12-05 19:45:00,7269.6
2019-12-05 20:00:00,7210.1
2019-12-05 20:15:00,7176.6
2019-12-05 20:30:00,7151.3
2019-12-05 20:45:00,7122.4
2019-12-05 21:00:00,7093.2
2019-12-05 21:15:00,7063.9
2019-12-05 21:30:00,7043.0
2019-12-05 21:45:00,7012.6
2019-12-05 22:00:00,7011.1
2019-12-05 22:15:00,6990.1
2019-12-05 22:30:00,6961.5
2019-12-05 22:45:00,6922.4
2019-12-05 23:00:00,6892.5
2019-12-05 23:15:00,6855.9
2019-12-05 23:30:00,6836.3
2019-12-05 23:45:00,6809.0
2019-12-06 00:00:00,6787.2
2019-12-06 00:15:00,6760.0
2019-12-06 00:30:00,6750.9
2019-12-06 00:45:00,6736.4
2019-12-06 01:00:00,6714.9
2019-12-06 01:15:00,6702.6
2019-12-06 01:30:00,6695.3
2019-12-06 01:45:00,6698.6
2019-12-06 02:00:00,6678.7
2019-12-06 02:15:00,6677.7
2019-12-06 02:30:00,6671.1
2019-12-06 02:45:00,6675.5
2019-12-06 03:00:00,6681.7
2019-12-06 03:15:00,6679.3
2019-12-06 03:30:00,6682.1
2019-12-06 03:45:00,6695.1
2019-12-06 04:00:00,6692.3
2019-12-06 04:15:00,6694.8
2019-12-06 04:30:00,6715.3
2019-12-06 04:45:00,6735.3
2019-12-06 05:00:00,6772.6
2019-12-06 05:15:00,6796.1
2019-12-06 05:30:00,6823.2
2019-12-06 05:45:00,6871.7
2019-12-06 06:00:00,6960.5
2019-12-06 06:15:00,7032.1
2019-12-06 06:30:00,7097.3
2019-12-06 06:45:00,7150.5
2019-12-06 07:00:00,7234.9
2019-12-06 07:15:00,7275.3
2019-12-06 07:30:00,7306.6
2019-12-06 07:45:00,7318.3
2019-12-06 08:00:00,7323.7
2019-12-06 08:15:00,7336.4
2019-12-06 08:30:00,7342.8
2019-12-06 08:45:00,7334.2
2019-12-06 09:00:00,7318.8
2019-12-06 09:15:00,7319.3
2019-12-06 09:30:00,7329.8
2019-12-06 09:45:00,7340.4
2019-12-06 10:00:00,7333.8
2019-12-06 10:15:00,7337.0
2019-12-06 10:30:00,7337.7
2019-12-06 10:45:00,7345.7
2019-12-06 11:00:00,7346.9
2019-12-06 11:15:00,7345.0
2019-12-06 11:30:00,7340.8
2019-12-06 11:45:00,7338.0
2019-12-06 12:00:00,7322.1
2019-12-06 12:15:00,7310.9
2019-12-06 12:30:00,7305.4
2019-12-06 12:45:00,7302.5
2019-12-06 13:00:00,7297.9
2019-12-06 13:15:00,7275.4
2019-12-06 13:30:00,7271.9
2019-12-06 13:45:00,7250.4
2019-12-06 14:00:00,7252.3
2019-12-06 14:15:00,7239.6
2019-12-06 14:30:00,7237.0
2019-12-06 14:45:00,7230.7
2019-12-06 15:00:00,7245.0
2019-12-06 15:15:00,7227.5
2019-12-06 15:30:00,7234.1
2019-12-06 15:45:00,7231.6
2019-12-06 16:00:00,7258.5
2019-12-06 16:15:00,7277.2
2019-12-06 16:30:00,7300.6
2019-12-06 16:45:00,7316.7
2019-12-06 17:00:00,7326.9
2019-12-06 17:15:00,7324.9
2019-12-06 17:30:00,7312.5
2019-12-06 17:45:00,7303.3
2019-12-06 18:00:00,7291.2
2019-12-06 18:15:00,7282.4
2019-12-06 18:30:00,7277.3
2019-12-06 18:45:00,7274.9
2019-12-06 19:00:00,7238.0
2019-12-06 19:15:00,7219.6
2019-12-06 19:30:00,7198.3
2019-12-06 19:45:00,7172.6
2019-12-06 20:00:00,7131.5
2019-12-06 20:15:00,7095.7
2019-12-06 20:30:00,7072.9
2019-12-06 20:45:00,7049.0
2019-12-06 21:00:00,7014.7
2019-12-06 21:15:00,6997.1
2019-12-06 21:30:00,6968.3
2019-12-06 21:45:00,6947.9
2019-12-06 22:00:00,6917.9
2019-12-06 22:15:00,6894.9
2019-12-06 22:30:00,6871.7
2019-12-06 22:45:00,6838.7
2019-12-06 23:00:00,6814.5
2019-12-06 23:15:00,6777.5
2019-12-06 23:30:00,6767.3
2019-12-06 23:45:00,6738.7
2019-12-07 00:00:00,6719.6
2019-12-07 00:15:00,6696.9
2019-12-07 00:30:00,6681.0
2019-12-07 00:45:00,6665.8
2019-12-07 01:00:00,6640.8
2019-12-07 01:15:00,6625.7
2019-12-07 01:30:00,6611.9
2019-12-07 01:45:00,6596.8
2019-12-07 02:00:00,6575.3
2019-12-07 02:15:00,6563.6
2019-12-07 02:30:00,6559.1
2019-12-07 02:45:00,6560.6
2019-12-07 03:00:00,6547.9
2019-12-07 03:15:00,6539.9
2019-12-07 03:30:00,6536.7
2019-12-07 03:45:00,6537.1
2019-12-07 04:00:00,6539.5
2019-12-07 04:15:00,6538.2
2019-12-07 04:30:00,6543.5
2019-12-07 04:45:00,6553.2
2019-12-07 05:00:00,6563.2
2019-12-07 05:15:00,6558.0
2019-12-07 05:30:00,6554.0
2019-12-07 05:45:00,6563.5
2019-12-07 06:00:00,6577.0
2019-12-07 06:15:00,6595.7
2019-12-07 06:30:00,6608.4
2019-12-07 06:45:00,6627.6
2019-12-07 07:00:00,6676.0
2019-12-07 07:15:00,6690.6
2019-12-07 07:30:00,6712.0
2019-12-07 07:45:00,6733.5
2019-12-07 08:00:00,6760.3
2019-12-07 08:15:00,6781.4
2019-12-07 08:30:00,6800.2
2019-12-07 08:45:00,6822.1
2019-12-07 09:00:00,6853.4
2019-12-07 09:15:00,6873.3
2019-12-07 09:30:00,6898.5
2019-12-07 09:45:00,6921.4
2019-12-07 10:00:00,6927.9
2019-12-07 10:15:00,6929.8
2019-12-07 10:30:00,6937.8
2019-12-07 10:45:00,6951.4
2019-12-07 11:00:00,6964.5
2019-12-07 11:15:00,6965.2
2019-12-07 11:30:00,6969.3
2019-12-07 11:45:00,6968.7
2019-12-07 12:00:00,6949.1
2019-12-07 12:15:00,6949.5
2019-12-07 12:30:00,6935.4
2019-12-07 12:45:00,6928.1
2019-12-07 13:00:00,6923.8
2019-12-07 13:15:00,6894.4
2019-12-07 13:30:00,6880.7
2019-12-07 13:45:00,6854.1
2019-12-07 14:00:00,6844.3
2019-12-07 14:15:00,6825.6
2019-12-07 14:30:00,6817.8
2019-12-07 14:45:00,6811.9
2019-12-07 15:00:00,6830.7
2019-12-07 15:15:00,6822.5
2019-12-07 15:30:00,6817.1
2019-12-07 15:45:00,6826.3
2019-12-07 16:00:00,6848.4
2019-12-07 16:15:00,6864.3
2019-12-07 16:30:00,6893.4
2019-12-07 16:45:00,6916.3
2019-12-07 17:00:00,6942.3
2019-12-07 17:15:00,6942.5
2019-12-07 17:30:00,6953.7
2019-12-07 17:45:00,6955.6
2019-12-07 18:00:00,6955.3
2019-12-07 18:15:00,6950.0
2019-12-07 18:30:00,6939.7
2019-12-07 18:45:00,6939.2
2019-12-07 19:00:00,6918.1
2019-12-07 19:15:00,6894.4
2019-12-07 19:30:00,6876.9
2019-12-07 19:45:00,6857.3
2019-12-07 20:00:00,6808.7
2019-12-07 20:15:00,6774.3
2019-12-07 20:30:00,6752.8
2019-12-07 20:45:00,6730.7
2019-12-07 21:00:00,6712.9
2019-12-07 21:15:00,6708.0
2019-12-07 21:30:00,6690.6
2019-12-07 21:45:00,6677.8
2019-12-07 22:00:00,6677.0
2019-12-07 22:15:00,6655.4
2019-12-07 22:30:00,6646.5
2019-12-07 22:45:00,6611.7
2019-12-07 23:00:00,6597.1
2019-12-07 23:15:00,6567.7
2019-12-07 23:30:00,6551.9
2019-12-07 23:45:00,6522.1
2019-12-08 00:00:00,6480.9
2019-12-08 00:15:00,6449.8
2019-12-08 00:30:00,6430.9
2019-12-08 00:45:00,6415.0
2019-12-08 01:00:00,6406.0
2019-12-08 01:15:00,6388.4
2019-12-08 01:30:00,6378.8
2019-12-08 01:45:00,6369.4
2019-12-08 02:00:00,6357.8
2019-12-08 02:15:00,6357.6
2019-12-08 02:30:00,6352.1
2019-12-08 02:45:00,6346.0
2019-12-08 03:00:00,6348.0
2019-12-08 03:15:00,6343.2
2019-12-08 03:30:00,6349.5
2019-12-08 03:45:00,6358.8
2019-12-08 04:00:00,6388.6
2019-12-08 04:15:00,6395.6
2019-12-08 04:30:00,6406.2
2019-12-08 04:45:00,6402.9
2019-12-08 05:00:00,6417.8
2019-12-08 05:15:00,6418.2
2019-12-08 05:30:00,6416.8
2019-12-08 05:45:00,6413.4
2019-12-08 06:00:00,6421.6
2019-12-08 06:15:00,6424.9
2019-12-08 06:30:00,6441.8
2019-12-08 06:45:00,6450.4
2019-12-08 07:00:00,6483.3
2019-12-08 07:15:00,6501.2
2019-12-08 07:30:00,6520.9
2019-12-08 07:45:00,6537.9
2019-12-08 08:00:00,6578.4
2019-12-08 08:15:00,6601.0
2019-12-08 08:30:00,6631.4
2019-12-08 08:45:00,6649.8
2019-12-08 09:00:00,6675.5
2019-12-08 09:15:00,6700.9
2019-12-08 09:30:00,6736.4
2019-12-08 09:45:00,6764.4
2019-12-08 10:00:00,6791.7
2019-12-08 10:15:00,6811.8
2019-12-08 10:30:00,6823.9
2019-12-08 10:45:00,6837.1
2019-12-08 11:00:00,6853.5
2019-12-08 11:15:00,6869.1
2019-12-08 11:30:00,6889.1
2019-12-08 11:45:00,6903.4
2019-12-08 12:00:00,6902.0
2019-12-08 12:15:00,6899.8
2019-12-08 12:30:00,6883.0
2019-12-08 12:45:00,6869.0
2019-12-08 13:00:00,6858.3
2019-12-08 13:15:00,6839.5
2019-12-08 13:30:00,6836.3
2019-12-08 13:45:00,6819.4
2019-12-08 14:00:00,6810.3
2019-12-08 14:15:00,6802.0
2019-12-08 14:30:00,6791.4
2019-12-08 14:45:00,6781.1
2019-12-08 15:00:00,6780.8
2019-12-08 15:15:00,6772.2
2019-12-08 15:30:00,6773.0
2019-12-08 15:45:00,6770.0
2019-12-08 16:00:00,6785.3
2019-12-08 16:15:00,6807.6
2019-12-08 16:30:00,6827.4
2019-12-08 16:45:00,6866.1
2019-12-08 17:00:00,6869.8
2019-12-08 17:15:00,6883.1
2019-12-08 17:30:00,6885.5
2019-12-08 17:45:00,6889.8
2019-12-08 18:00:00,6892.6
2019-12-08 18:15:00,6889.5
2019-12-08 18:30:00,6878.0
2019-12-08 18:45:00,6877.3
2019-12-08 19:00:00,6869.4
2019-12-08 19:15:00,6857.2
2019-12-08 19:30:00,6830.3
2019-12-08 19:45:00,6812.0
2019-12-08 20:00:00,6788.0
2019-12-08 20:15:00,6763.9
2019-12-08 20:30:00,6735.6
2019-12-08 20:45:00,6728.5
2019-12-08 21:00:00,6727.0
2019-12-08 21:15:00,6710.8
2019-12-08 21:30:00,6697.4
2019-12-08 21:45:00,6693.4
2019-12-08 22:00:00,6713.3
2019-12-08 22:15:00,6705.4
2019-12-08 22:30:00,6678.9
2019-12-08 22:45:00,6648.3
2019-12-08 23:00:00,6610.7
2019-12-08 23:15:00,6584.0
2019-12-08 23:30:00,6548.6
2019-12-08 23:45:00,6539.3
2019-12-09 00:00:00,6547.0
2019-12-09 00:15:00,6537.4
2019-12-09 00:30:00,6516.8
2019-12-09 00:45:00,6512.8
2019-12-09 01:00:00,6499.6
2019-12-09 01:15:00,6494.1
2019-12-09 01:30:00,6482.4
2019-12-09 01:45:00,6477.1
2019-12-09 02:00:00,6477.7
2019-12-09 02:15:00,6473.0
2019-12-09 02:30:00,6473.7
2019-12-09 02:45:00,6479.2
2019-12-09 03:00:00,6488.4
2019-12-09 03:15:00,6485.6
2019-12-09 03:30:00,6491.5
2019-12-09 03:45:00,6505.3
2019-12-09 04:00:00,6528.0
2019-12-09 04:15:00,6536.3
2019-12-09 04:30:00,6550.0
2019-12-09 04:45:00,6574.4
2019-12-09 05:00:00,6621.1
2019-12-09 05:15:00,6646.5
2019-12-09 05:30:00,6689.7
2019-12-09 05:45:00,6743.6
2019-12-09 06:00:00,6854.9
2019-12-09 06:15:00,6926.1
2019-12-09 06:30:00,6996.8
2019-12-09 06:45:00,7048.9
2019-12-09 07:00:00,7123.4
2019-12-09 07:15:00,7169.9
2019-12-09 07:30:00,7216.9
2019-12-09 07:45:00,7239.6
2019-12-09 08:00:00,7247.1
2019-12-09 08:15:00,7253.4
2019-12-09 08:30:00,7246.4
2019-12-09 08:45:00,7229.9
2019-12-09 09:00:00,7215.3
2019-12-09 09:15:00,7224.3
2019-12-09 09:30:00,7227.1
2019-12-09 09:45:00,7241.2
2019-12-09 10:00:00,7253.1
2019-12-09 10:15:00,7254.4
2019-12-09 10:30:00,7263.7
2019-12-09 10:45:00,7273.5
2019-12-09 11:00:00,7268.4
2019-12-09 11:15:00,7268.3
2019-12-09 11:30:00,7271.4
2019-12-09 11:45:00,7267.0
2019-12-09 12:00:00,7262.3
2019-12-09 12:15:00,7246.3
2019-12-09 12:30:00,7260.6
2019-12-09 12:45:00,7246.2
2019-12-09 13:00:00,7252.0
2019-12-09 13:15:00,7249.5
2019-12-09 13:30:00,7230.8
2019-12-09 13:45:00,7208.2
2019-12-09 14:00:00,7215.8
2019-12-09 14:15:00,7215.4
2019-12-09 14:30:00,7216.3
2019-12-09 14:45:00,7204.2
2019-12-09 15:00:00,7206.5
2019-12-09 15:15:00,7200.0
2019-12-09 15:30:00,7206.4
2019-12-09 15:45:00,7206.5
2019-12-09 16:00:00,7213.1
2019-12-09 16:15:00,7223.7
2019-12-09 16:30:00,7239.8
2019-12-09 16:45:00,7259.8
2019-12-09 17:00:00,7290.7
2019-12-09 17:15:00,7295.4
2019-12-09 17:30:00,7299.8
2019-12-09 17:45:00,7298.1
2019-12-09 18:00:00,7288.0
2019-12-09 18:15:00,7282.4
2019-12-09 18:30:00,7280.5
2019-12-09 18:45:00,7265.3
2019-12-09 19:00:00,7246.3
2019-12-09 19:15:00,7217.8
2019-12-09 19:30:00,7195.5
2019-12-09 19:45:00,7173.8
2019-12-09 20:00:00,7142.6
2019-12-09 20:15:00,7104.2
2019-12-09 20:30:00,7076.1
2019-12-09 20:45:00,7042.7
2019-12-09 21:00:00,7019.6
2019-12-09 21:15:00,6987.2
2019-12-09 21:30:00,6955.8
2019-12-09 21:45:00,6927.2
2019-12-09 22:00:00,6915.6
2019-12-09 22:15:00,6888.4
2019-12-09 22:30:00,6851.8
2019-12-09 22:45:00,6822.5
2019-12-09 23:00:00,6789.0
2019-12-09 23:15:00,6759.7
2019-12-09 23:30:00,6735.1
2019-12-09 23:45:00,6721.1
2019-12-10 00:00:00,6692.8
2019-12-10 00:15:00,6681.4
2019-12-10 00:30:00,6676.4
2019-12-10 00:45:00,6650.1
2019-12-10 01:00:00,6632.7
2019-12-10 01:15:00,6625.2
2019-12-10 01:30:00,6614.5
2019-12-10 01:45:00,6598.5
2019-12-10 02:00:00,6577.6
2019-12-10 02:15:00,6571.0
2019-12-10 02:30:00,6575.2
2019-12-10 02:45:00,6579.3
2019-12-10 03:00:00,6579.4
2019-12-10 03:15:00,6578.8
2019-12-10 03:30:00,6585.9
2019-12-10 03:45:00,6588.5
2019-12-10 04:00:00,6625.3
2019-12-10 04:15:00,6638.5
2019-12-10 04:30:00,6646.6
2019-12-10 04:45:00,6662.5
2019-12-10 05:00:00,6742.9
2019-12-10 05:15:00,6758.1
2019-12-10 05:30:00,6777.0
2019-12-10 05:45:00,6818.3
2019-12-10 06:00:00,6909.3
2019-12-10 06:15:00,6973.2
2019-12-10 06:30:00,7037.7
2019-12-10 06:45:00,7092.1
2019-12-10 07:00:00,7144.9
2019-12-10 07:15:00,7186.1
2019-12-10 07:30:00,7212.0
2019-12-10 07:45:00,7225.1
2019-12-10 08:00:00,7246.6
2019-12-10 08:15:00,7259.5
2019-12-10 08:30:00,7251.3
2019-12-10 08:45:00,7259.8
2019-12-10 09:00:00,7256.9
2019-12-10 09:15:00,7255.3
2019-12-10 09:30:00,7259.3
2019-12-10 09:45:00,7267.9
2019-12-10 10:00:00,7262.1
2019-12-10 10:15:00,7258.9
2019-12-10 10:30:00,7248.5
2019-12-10 10:45:00,7245.8
2019-12-10 11:00:00,7244.3
2019-12-10 11:15:00,7246.6
2019-12-10 11:30:00,7251.9
2019-12-10 11:45:00,7242.4
2019-12-10 12:00:00,7241.5
2019-12-10 12:15:00,7237.3
2019-12-10 12:30:00,7234.1
2019-12-10 12:45:00,7235.6
2019-12-10 13:00:00,7239.7
2019-12-10 13:15:00,7234.9
2019-12-10 13:30:00,7219.7
2019-12-10 13:45:00,7216.1
2019-12-10 14:00:00,7223.7
2019-12-10 14:15:00,7220.9
2019-12-10 14:30:00,7211.7
2019-12-10 14:45:00,7211.6
2019-12-10 15:00:00,7194.1
2019-12-10 15:15:00,7192.5
2019-12-10 15:30:00,7192.9
2019-12-10 15:45:00,7195.5
2019-12-10 16:00:00,7219.1
2019-12-10 16:15:00,7242.4
2019-12-10 16:30:00,7285.2
2019-12-10 16:45:00,7320.2
2019-12-10 17:00:00,7350.2
2019-12-10 17:15:00,7372.7
2019-12-10 17:30:00,7377.5
2019-12-10 17:45:00,7387.4
2019-12-10 18:00:00,7378.4
2019-12-10 18:15:00,7376.7
2019-12-10 18:30:00,7371.4
2019-12-10 18:45:00,7375.1
2019-12-10 19:00:00,7354.1
2019-12-10 19:15:00,7338.2
2019-12-10 19:30:00,7321.1
2019-12-10 19:45:00,7293.0
2019-12-10 20:00:00,7259.9
2019-12-10 20:15:00,7218.0
2019-12-10 20:30:00,7188.5
2019-12-10 20:45:00,7167.1
2019-12-10 21:00:00,7126.4
2019-12-10 21:15:00,7099.9
2019-12-10 21:30:00,7074.9
2019-12-10 21:45:00,7043.9
2019-12-10 22:00:00,7001.2
2019-12-10 22:15:00,6982.0
2019-12-10 22:30:00,6950.0
2019-12-10 22:45:00,6924.2
2019-12-10 23:00:00,6880.3
2019-12-10 23:15:00,6850.1
2019-12-10 23:30:00,6823.9
2019-12-10 23:45:00,6802.6
2019-12-11 00:00:00,6761.6
2019-12-11 00:15:00,6744.5
2019-12-11 00:30:00,6724.6
2019-12-11 00:45:00,6707.7
2019-12-11 01:00:00,6686.9
2019-12-11 01:15:00,6677.4
2019-12-11 01:30:00,6665.5
2019-12-11 01:45:00,6661.4
2019-12-11 02:00:00,6644.1
2019-12-11 02:15:00,6642.6
2019-12-11 02:30:00,6647.4
2019-12-11 02:45:00,6652.0
2019-12-11 03:00:00,6657.7
2019-12-11 03:15:00,6658.0
2019-12-11 03:30:00,6663.2
2019-12-11 03:45:00,6668.6
2019-12-11 04:00:00,6676.1
2019-12-11 04:15:00,6675.9
2019-12-11 04:30:00,6696.0
2019-12-11 04:45:00,6710.1
2019-12-11 05:00:00,6746.4
2019-12-11 05:15:00,6770.5
2019-12-11 05:30:00,6809.2
2019-12-11 05:45:00,6855.1
2019-12-11 06:00:00,6947.7
2019-12-11 06:15:00,7011.5
2019-12-11 06:30:00,7070.1
2019-12-11 06:45:00,7125.5
2019-12-11 07:00:00,7198.8
2019-12-11 07:15:00,7239.7
2019-12-11 07:30:00,7265.4
2019-12-11 07:45:00,7294.4
2019-12-11 08:00:00,7314.3
2019-12-11 08:15:00,7313.8
2019-12-11 08:30:00,7316.4
2019-12-11 08:45:00,7313.2
2019-12-11 09:00:00,7299.1
2019-12-11 09:15:00,7309.4
2019-12-11 09:30:00,7317.6
2019-12-11 09:45:00,7314.6
2019-12-11 10:00:00,7315.1
2019-12-11 10:15:00,7318.8
2019-12-11 10:30:00,7325.3
2019-12-11 10:45:00,7326.2
2019-12-11 11:00:00,7323.4
2019-12-11 11:15:00,7323.9
2019-12-11 11:30:00,7325.6
2019-12-11 11:45:00,7323.5
2019-12-11 12:00:00,7311.4
2019-12-11 12:15:00,7306.3
2019-12-11 12:30:00,7300.1
2019-12-11 12:45:00,7294.6
2019-12-11 13:00:00,7304.2
2019-12-11 13:15:00,7294.0
2019-12-11 13:30:00,7283.7
2019-12-11 13:45:00,7259.8
2019-12-11 14:00:00,7273.5
2019-12-11 14:15:00,7263.7
2019-12-11 14:30:00,7262.3
2019-12-11 14:45:00,7258.1
2019-12-11 15:00:00,7269.2
2019-12-11 15:15:00,7262.2
2019-12-11 15:30:00,7264.6
2019-12-11 15:45:00,7257.2
2019-12-11 16:00:00,7271.2
2019-12-11 16:15:00,7286.2
2019-12-11 16:30:00,7307.3
2019-12-11 16:45:00,7321.6
2019-12-11 17:00:00,7313.6
2019-12-11 17:15:00,7310.8
2019-12-11 17:30:00,7312.0
2019-12-11 17:45:00,7305.6
2019-12-11 18:00:00,7309.9
2019-12-11 18:15:00,7295.0
2019-12-11 18:30:00,7290.7
2019-12-11 18:45:00,7285.3
2019-12-11 19:00:00,7261.8
2019-12-11 19:15:00,7243.3
2019-12-11 19:30:00,7217.8
2019-12-11 19:45:00,7193.8
2019-12-11 20:00:00,7155.2
2019-12-11 20:15:00,7125.4
2019-12-11 20:30:00,7090.2
2019-12-11 20:45:00,7070.0
2019-12-11 21:00:00,7030.8
2019-12-11 21:15:00,6998.5
2019-12-11 21:30:00,6965.7
2019-12-11 21:45:00,6942.5
2019-12-11 22:00:00,6934.2
2019-12-11 22:15:00,6919.8
2019-12-11 22:30:00,6878.4
2019-12-11 22:45:00,6837.7
2019-12-11 23:00:00,6796.3
2019-12-11 23:15:00,6759.4
2019-12-11 23:30:00,6730.2
2019-12-11 23:45:00,6707.2
2019-12-12 00:00:00,6678.7
2019-12-12 00:15:00,6666.0
2019-12-12 00:30:00,6651.6
2019-12-12 00:45:00,6625.9
2019-12-12 01:00:00,6612.2
2019-12-12 01:15:00,6605.2
2019-12-12 01:30:00,6597.8
2019-12-12 01:45:00,6580.0
2019-12-12 02:00:00,6590.8
2019-12-12 02:15:00,6585.2
2019-12-12 02:30:00,6577.9
2019-12-12 02:45:00,6577.5
2019-12-12 03:00:00,6568.8
2019-12-12 03:15:00,6575.8
2019-12-12 03:30:00,6585.4
2019-12-12 03:45:00,6590.5
2019-12-12 04:00:00,6600.2
2019-12-12 04:15:00,6612.3
2019-12-12 04:30:00,6626.9
2019-12-12 04:45:00,6646.0
2019-12-12 05:00:00,6690.1
2019-12-12 05:15:00,6714.0
2019-12-12 05:30:00,6744.8
2019-12-12 05:45:00,6797.3
2019-12-12 06:00:00,6888.1
2019-12-12 06:15:00,6963.2
2019-12-12 06:30:00,7025.0
2019-12-12 06:45:00,7082.6
2019-12-12 07:00:00,7143.5
2019-12-12 07:15:00,7179.6
2019-12-12 07:30:00,7212.1
2019-12-12 07:45:00,7235.3
2019-12-12 08:00:00,7252.5
2019-12-12 08:15:00,7260.0
2019-12-12 08:30:00,7271.9
2019-12-12 08:45:00,7274.5
2019-12-12 09:00:00,7259.7
2019-12-12 09:15:00,7264.7
2019-12-12 09:30:00,7277.7
2019-12-12 09:45:00,7281.3
2019-12-12 10:00:00,7273.4
2019-12-12 10:15:00,7274.4
2019-12-12 10:30:00,7279.6
2019-12-12 10:45:00,7283.2
2019-12-12 11:00:00,7302.6
2019-12-12 11:15:00,7312.2
2019-12-12 11:30:00,7306.7
2019-12-12 11:45:00,7301.1
2019-12-12 12:00:00,7301.1
2019-12-12 12:15:00,7300.3
2019-12-12 12:30:00,7299.8
2019-12-12 12:45:00,7291.7
2019-12-12 13:00:00,7298.4
2019-12-12 13:15:00,7299.7
2019-12-12 13:30:00,7283.1
2019-12-12 13:45:00,7262.0
2019-12-12 14:00:00,7254.8
2019-12-12 14:15:00,7252.4
2019-12-12 14:30:00,7251.0
2019-12-12 14:45:00,7241.0
2019-12-12 15:00:00,7249.4
2019-12-12 15:15:00,7237.5
2019-12-12 15:30:00,7236.5
2019-12-12 15:45:00,7233.2
2019-12-12 16:00:00,7246.9
2019-12-12 16:15:00,7265.5
2019-12-12 16:30:00,7287.0
2019-12-12 16:45:00,7315.7
2019-12-12 17:00:00,7318.6
2019-12-12 17:15:00,7318.1
2019-12-12 17:30:00,7317.9
2019-12-12 17:45:00,7321.2
2019-12-12 18:00:00,7320.8
2019-12-12 18:15:00,7314.5
2019-12-12 18:30:00,7313.7
2019-12-12 18:45:00,7310.8
2019-12-12 19:00:00,7307.5
2019-12-12 19:15:00,7283.9
2019-12-12 19:30:00,7268.2
2019-12-12 19:45:00,7246.2
2019-12-12 20:00:00,7214.9
2019-12-12 20:15:00,7181.5
2019-12-12 20:30:00,7151.6
2019-12-12 20:45:00,7116.6
2019-12-12 21:00:00,7079.8
2019-12-12 21:15:00,7060.2
2019-12-12 21:30:00,7042.4
2019-12-12 21:45:00,7023.6
2019-12-12 22:00:00,6992.1
2019-12-12 22:15:00,6964.2
2019-12-12 22:30:00,6934.2
2019-12-12 22:45:00,6911.8
2019-12-12 23:00:00,6866.3
2019-12-12 23:15:00,6830.7
2019-12-12 23:30:00,6807.0
2019-12-12 23:45:00,6789.7
2019-12-13 00:00:00,6720.1
2019-12-13 00:15:00,6705.4
2019-12-13 00:30:00,6703.0
2019-12-13 00:45:00,6685.5
2019-12-13 01:00:00,6657.7
2019-12-13 01:15:00,6647.3
2019-12-13 01:30:00,6639.5
2019-12-13 01:45:00,6636.1
2019-12-13 02:00:00,6617.4
2019-12-13 02:15:00,6606.6
2019-12-13 02:30:00,6607.7
2019-12-13 02:45:00,6616.8
2019-12-13 03:00:00,6631.5
2019-12-13 03:15:00,6636.0
2019-12-13 03:30:00,6646.6
2019-12-13 03:45:00,6648.2
2019-12-13 04:00:00,6656.2
2019-12-13 04:15:00,6660.2
2019-12-13 04:30:00,6674.7
2019-12-13 04:45:00,6683.3
2019-12-13 05:00:00,6725.5
2019-12-13 05:15:00,6748.0
2019-12-13 05:30:00,6775.8
2019-12-13 05:45:00,6830.2
2019-12-13 06:00:00,6906.0
2019-12-13 06:15:00,6985.8
2019-12-13 06:30:00,7033.6
2019-12-13 06:45:00,7092.0
2019-12-13 07:00:00,7168.0
2019-12-13 07:15:00,7216.7
2019-12-13 07:30:00,7241.0
2019-12-13 07:45:00,7260.4
2019-12-13 08:00:00,7283.4
2019-12-13 08:15:00,7295.1
2019-12-13 08:30:00,7294.9
2019-12-13 08:45:00,7297.7
2019-12-13 09:00:00,7291.7
2019-12-13 09:15:00,7292.3
2019-12-13 09:30:00,7299.5
2019-12-13 09:45:00,7296.9
2019-12-13 10:00:00,7304.0
2019-12-13 10:15:00,7309.5
2019-12-13 10:30:00,7310.6
2019-12-13 10:45:00,7305.4
2019-12-13 11:00:00,7304.8
2019-12-13 11:15:00,7295.9
2019-12-13 11:30:00,7300.2
2019-12-13 11:45:00,7280.4
2019-12-13 12:00:00,7252.3
2019-12-13 12:15:00,7240.2
2019-12-13 12:30:00,7232.7
2019-12-13 12:45:00,7222.8
2019-12-13 13:00:00,7217.5
2019-12-13 13:15:00,7197.6
2019-12-13 13:30:00,7191.4
2019-12-13 13:45:00,7161.6
2019-12-13 14:00:00,7152.5
2019-12-13 14:15:00,7141.2
2019-12-13 14:30:00,7136.3
2019-12-13 14:45:00,7130.2
2019-12-13 15:00:00,7125.5
2019-12-13 15:15:00,7113.5
2019-12-13 15:30:00,7119.6
2019-12-13 15:45:00,7120.1
2019-12-13 16:00:00,7132.4
2019-12-13 16:15:00,7154.0
2019-12-13 16:30:00,7178.2
2019-12-13 16:45:00,7194.7
2019-12-13 17:00:00,7200.8
2019-12-13 17:15:00,7196.6
2019-12-13 17:30:00,7189.0
2019-12-13 17:45:00,7188.7
2019-12-13 18:00:00,7168.1
2019-12-13 18:15:00,7152.6
2019-12-13 18:30:00,7146.4
2019-12-13 18:45:00,7133.5
2019-12-13 19:00:00,7117.1
2019-12-13 19:15:00,7089.7
2019-12-13 19:30:00,7059.6
2019-12-13 19:45:00,7040.2
2019-12-13 20:00:00,7008.6
2019-12-13 20:15:00,6975.9
2019-12-13 20:30:00,6944.5
2019-12-13 20:45:00,6924.3
2019-12-13 21:00:00,6905.4
2019-12-13 21:15:00,6890.2
2019-12-13 21:30:00,6864.7
2019-12-13 21:45:00,6841.2
2019-12-13 22:00:00,6831.7
2019-12-13 22:15:00,6800.1
2019-12-13 22:30:00,6780.4
2019-12-13 22:45:00,6747.6
2019-12-13 23:00:00,6712.0
2019-12-13 23:15:00,6681.1
2019-12-13 23:30:00,6659.6
2019-12-13 23:45:00,6638.1
2019-12-14 00:00:00,6596.4
2019-12-14 00:15:00,6571.3
2019-12-14 00:30:00,6546.7
2019-12-14 00:45:00,6540.2
2019-12-14 01:00:00,6515.7
2019-12-14 01:15:00,6501.3
2019-12-14 01:30:00,6489.4
2019-12-14 01:45:00,6480.4
2019-12-14 02:00:00,6464.0
2019-12-14 02:15:00,6453.8
2019-12-14 02:30:00,6456.7
2019-12-14 02:45:00,6460.4
2019-12-14 03:00:00,6458.4
2019-12-14 03:15:00,6453.0
2019-12-14 03:30:00,6452.1
2019-12-14 03:45:00,6458.1
2019-12-14 04:00:00,6473.2
2019-12-14 04:15:00,6482.4
2019-12-14 04:30:00,6486.7
2019-12-14 04:45:00,6495.2
2019-12-14 05:00:00,6508.8
2019-12-14 05:15:00,6502.7
2019-12-14 05:30:00,6498.7
2019-12-14 05:45:00,6503.1
2019-12-14 06:00:00,6503.1
2019-12-14 06:15:00,6518.0
2019-12-14 06:30:00,6525.2
2019-12-14 06:45:00,6542.5
2019-12-14 07:00:00,6597.6
2019-12-14 07:15:00,6625.5
2019-12-14 07:30:00,6649.3
2019-12-14 07:45:00,6677.8
2019-12-14 08:00:00,6710.3
2019-12-14 08:15:00,6735.4
2019-12-14 08:30:00,6757.9
2019-12-14 08:45:00,6785.1
2019-12-14 09:00:00,6812.3
2019-12-14 09:15:00,6835.6
2019-12-14 09:30:00,6853.5
2019-12-14 09:45:00,6873.4
2019-12-14 10:00:00,6886.8
2019-12-14 10:15:00,6900.5
2019-12-14 10:30:00,6910.4
2019-12-14 10:45:00,6911.8
2019-12-14 11:00:00,6935.2
2019-12-14 11:15:00,6955.8
2019-12-14 11:30:00,6963.8
2019-12-14 11:45:00,6963.1
2019-12-14 12:00:00,6946.8
2019-12-14 12:15:00,6940.9
2019-12-14 12:30:00,6933.4
2019-12-14 12:45:00,6921.9
2019-12-14 13:00:00,6907.4
2019-12-14 13:15:00,6897.2
2019-12-14 13:30:00,6901.9
2019-12-14 13:45:00,6896.5
2019-12-14 14:00:00,6886.3
2019-12-14 14:15:00,6874.1
2019-12-14 14:30:00,6866.7
2019-12-14 14:45:00,6857.8
2019-12-14 15:00:00,6855.3
2019-12-14 15:15:00,6859.3
2019-12-14 15:30:00,6861.5
2019-12-14 15:45:00,6869.2
2019-12-14 16:00:00,6889.7
2019-12-14 16:15:00,6916.4
2019-12-14 16:30:00,6937.6
2019-12-14 16:45:00,6958.4
2019-12-14 17:00:00,6980.6
2019-12-14 17:15:00,6999.2
2019-12-14 17:30:00,6997.4
2019-12-14 17:45:00,6998.8
2019-12-14 18:00:00,6992.4
2019-12-14 18:15:00,6980.0
2019-12-14 18:30:00,6973.1
2019-12-14 18:45:00,6959.8
2019-12-14 19:00:00,6940.9
2019-12-14 19:15:00,6920.2
2019-12-14 19:30:00,6902.9
2019-12-14 19:45:00,6878.1
2019-12-14 20:00:00,6843.6
2019-12-14 20:15:00,6812.2
2019-12-14 20:30:00,6783.8
2019-12-14 20:45:00,6758.8
2019-12-14 21:00:00,6737.5
2019-12-14 21:15:00,6727.4
2019-12-14 21:30:00,6728.5
2019-12-14 21:45:00,6722.5
2019-12-14 22:00:00,6743.6
2019-12-14 22:15:00,6721.0
2019-12-14 22:30:00,6700.3
2019-12-14 22:45:00,6678.7
2019-12-14 23:00:00,6651.6
2019-12-14 23:15:00,6624.4
2019-12-14 23:30:00,6606.6
2019-12-14 23:45:00,6573.9
2019-12-15 00:00:00,6524.6
2019-12-15 00:15:00,6496.0
2019-12-15 00:30:00,6480.7
2019-12-15 00:45:00,6454.6
2019-12-15 01:00:00,6430.9
2019-12-15 01:15:00,6409.9
2019-12-15 01:30:00,6390.7
2019-12-15 01:45:00,6373.4
2019-12-15 02:00:00,6362.9
2019-12-15 02:15:00,6357.6
2019-12-15 02:30:00,6352.3
2019-12-15 02:45:00,6354.2
2019-12-15 03:00:00,6348.9
2019-12-15 03:15:00,6345.7
2019-12-15 03:30:00,6340.6
2019-12-15 03:45:00,6342.0
2019-12-15 04:00:00,6363.5
2019-12-15 04:15:00,6364.4
2019-12-15 04:30:00,6380.6
2019-12-15 04:45:00,6388.4
2019-12-15 05:00:00,6393.5
2019-12-15 05:15:00,6385.0
2019-12-15 05:30:00,6378.5
2019-12-15 05:45:00,6377.5
2019-12-15 06:00:00,6384.0
2019-12-15 06:15:00,6389.6
2019-12-15 06:30:00,6403.2
2019-12-15 06:45:00,6414.3
2019-12-15 07:00:00,6438.9
2019-12-15 07:15:00,6463.5
2019-12-15 07:30:00,6500.7
2019-12-15 07:45:00,6520.3
2019-12-15 08:00:00,6555.6
2019-12-15 08:15:00,6580.9
2019-12-15 08:30:00,6602.7
2019-12-15 08:45:00,6621.7
2019-12-15 09:00:00,6650.2
2019-12-15 09:15:00,6672.1
2019-12-15 09:30:00,6688.6
2019-12-15 09:45:00,6704.0
2019-12-15 10:00:00,6713.8
2019-12-15 10:15:00,6734.7
2019-12-15 10:30:00,6744.0
2019-12-15 10:45:00,6771.5
2019-12-15 11:00:00,6795.1
2019-12-15 11:15:00,6814.3
2019-12-15 11:30:00,6825.0
2019-12-15 11:45:00,6826.0
2019-12-15 12:00:00,6820.8
2019-12-15 12:15:00,6805.0
2019-12-15 12:30:00,6791.1
2019-12-15 12:45:00,6784.1
2019-12-15 13:00:00,6766.4
2019-12-15 13:15:00,6745.0
2019-12-15 13:30:00,6735.1
2019-12-15 13:45:00,6717.6
2019-12-15 14:00:00,6702.8
2019-12-15 14:15:00,6689.5
2019-12-15 14:30:00,6698.4
2019-12-15 14:45:00,6692.2
2019-12-15 15:00:00,6697.0
2019-12-15 15:15:00,6691.9
2019-12-15 15:30:00,6700.7
2019-12-15 15:45:00,6704.9
2019-12-15 16:00:00,6730.9
2019-12-15 16:15:00,6744.4
2019-12-15 16:30:00,6776.4
2019-12-15 16:45:00,6812.9
2019-12-15 17:00:00,6861.4
2019-12-15 17:15:00,6870.9
2019-12-15 17:30:00,6867.6
2019-12-15 17:45:00,6879.2
2019-12-15 18:00:00,6879.5
2019-12-15 18:15:00,6874.8
2019-12-15 18:30:00,6865.6
2019-12-15 18:45:00,6856.5
2019-12-15 19:00:00,6848.7
2019-12-15 19:15:00,6837.3
2019-12-15 19:30:00,6823.0
2019-12-15 19:45:00,6815.6
2019-12-15 20:00:00,6791.7
2019-12-15 20:15:00,6767.7
2019-12-15 20:30:00,6750.5
2019-12-15 20:45:00,6726.9
2019-12-15 21:00:00,6710.5
2019-12-15 21:15:00,6694.6
2019-12-15 21:30:00,6682.5
2019-12-15 21:45:00,6688.6
2019-12-15 22:00:00,6695.7
2019-12-15 22:15:00,6690.0
2019-12-15 22:30:00,6663.8
2019-12-15 22:45:00,6637.7
2019-12-15 23:00:00,6595.8
2019-12-15 23:15:00,6571.9
2019-12-15 23:30:00,6543.3
2019-12-15 23:45:00,6512.6
2019-12-16 00:00:00,6483.7
2019-12-16 00:15:00,6466.9
2019-12-16 00:30:00,6455.9
2019-12-16 00:45:00,6433.1
2019-12-16 01:00:00,6411.2
2019-12-16 01:15:00,6407.0
2019-12-16 01:30:00,6402.6
2019-12-16 01:45:00,6393.4
2019-12-16 02:00:00,6392.6
2019-12-16 02:15:00,6383.1
2019-12-16 02:30:00,6380.6
2019-12-16 02:45:00,6371.0
2019-12-16 03:00:00,6374.6
2019-12-16 03:15:00,6382.9
2019-12-16 03:30:00,6393.1
2019-12-16 03:45:00,6402.2
2019-12-16 04:00:00,6421.9
2019-12-16 04:15:00,6436.5
2019-12-16 04:30:00,6457.2
2019-12-16 04:45:00,6472.7
2019-12-16 05:00:00,6527.9
2019-12-16 05:15:00,6561.2
2019-12-16 05:30:00,6603.5
2019-12-16 05:45:00,6653.9
2019-12-16 06:00:00,6775.0
2019-12-16 06:15:00,6852.3
2019-12-16 06:30:00,6910.7
2019-12-16 06:45:00,6968.7
2019-12-16 07:00:00,7030.7
2019-12-16 07:15:00,7074.7
2019-12-16 07:30:00,7108.4
2019-12-16 07:45:00,7138.3
2019-12-16 08:00:00,7172.1
2019-12-16 08:15:00,7174.9
2019-12-16 08:30:00,7175.6
2019-12-16 08:45:00,7177.2
2019-12-16 09:00:00,7178.4
2019-12-16 09:15:00,7184.3
2019-12-16 09:30:00,7189.5
2019-12-16 09:45:00,7192.5
2019-12-16 10:00:00,7197.7
2019-12-16 10:15:00,7193.2
2019-12-16 10:30:00,7193.3
2019-12-16 10:45:00,7198.5
2019-12-16 11:00:00,7198.8
2019-12-16 11:15:00,7199.1
2019-12-16 11:30:00,7198.8
2019-12-16 11:45:00,7194.7
2019-12-16 12:00:00,7193.4
2019-12-16 12:15:00,7189.9
2019-12-16 12:30:00,7186.3
2019-12-16 12:45:00,7185.8
2019-12-16 13:00:00,7191.3
2019-12-16 13:15:00,7183.5
2019-12-16 13:30:00,7175.9
2019-12-16 13:45:00,7152.5
2019-12-16 14:00:00,7139.5
2019-12-16 14:15:00,7131.4
2019-12-16 14:30:00,7123.5
2019-12-16 14:45:00,7110.4
2019-12-16 15:00:00,7112.6
2019-12-16 15:15:00,7103.9
2019-12-16 15:30:00,7096.9
2019-12-16 15:45:00,7100.1
2019-12-16 16:00:00,7118.0
2019-12-16 16:15:00,7142.6
2019-12-16 16:30:00,7164.2
2019-12-16 16:45:00,7182.9
2019-12-16 17:00:00,7192.3
2019-12-16 17:15:00,7196.6
2019-12-16 17:30:00,7195.8
2019-12-16 17:45:00,7197.0
2019-12-16 18:00:00,7187.8
2019-12-16 18:15:00,7179.6
2019-12-16 18:30:00,7175.1
2019-12-16 18:45:00,7172.2
2019-12-16 19:00:00,7147.7
2019-12-16 19:15:00,7124.0
2019-12-16 19:30:00,7105.2
2019-12-16 19:45:00,7084.6
2019-12-16 20:00:00,7051.2
2019-12-16 20:15:00,7011.3
2019-12-16 20:30:00,6977.1
2019-12-16 20:45:00,6953.8
2019-12-16 21:00:00,6926.5
2019-12-16 21:15:00,6894.0
2019-12-16 21:30:00,6863.4
2019-12-16 21:45:00,6833.0
2019-12-16 22:00:00,6836.6
2019-12-16 22:15:00,6800.7
2019-12-16 22:30:00,6760.7
2019-12-16 22:45:00,6729.0
2019-12-16 23:00:00,6707.0
2019-12-16 23:15:00,6670.3
2019-12-16 23:30:00,6645.8
2019-12-16 23:45:00,6622.7
2019-12-17 00:00:00,6570.2
2019-12-17 00:15:00,6536.5
2019-12-17 00:30:00,6516.6
2019-12-17 00:45:00,6492.2
2019-12-17 01:00:00,6478.2
2019-12-17 01:15:00,6464.2
2019-12-17 01:30:00,6458.4
2019-12-17 01:45:00,6453.8
2019-12-17 02:00:00,6435.1
2019-12-17 02:15:00,6437.4
2019-12-17 02:30:00,6438.5
2019-12-17 02:45:00,6450.9
2019-12-17 03:00:00,6462.4
2019-12-17 03:15:00,6472.9
2019-12-17 03:30:00,6479.3
2019-12-17 03:45:00,6483.3
2019-12-17 04:00:00,6487.1
2019-12-17 04:15:00,6497.5
2019-12-17 04:30:00,6519.5
2019-12-17 04:45:00,6546.0
2019-12-17 05:00:00,6588.8
2019-12-17 05:15:00,6611.3
2019-12-17 05:30:00,6644.9
2019-12-17 05:45:00,6691.0
2019-12-17 06:00:00,6797.0
2019-12-17 06:15:00,6872.2
2019-12-17 06:30:00,6937.5
2019-12-17 06:45:00,6999.6
2019-12-17 07:00:00,7057.5
2019-12-17 07:15:00,7095.0
2019-12-17 07:30:00,7131.8
2019-12-17 07:45:00,7155.8
2019-12-17 08:00:00,7176.9
2019-12-17 08:15:00,7180.1
2019-12-17 08:30:00,7181.2
2019-12-17 08:45:00,7174.2
2019-12-17 09:00:00,7154.0
2019-12-17 09:15:00,7166.9
2019-12-17 09:30:00,7168.5
2019-12-17 09:45:00,7170.9
2019-12-17 10:00:00,7174.0
2019-12-17 10:15:00,7170.5
2019-12-17 10:30:00,7171.4
2019-12-17 10:45:00,7175.0
2019-12-17 11:00:00,7186.8
2019-12-17 11:15:00,7191.9
2019-12-17 11:30:00,7200.4
2019-12-17 11:45:00,7202.5
2019-12-17 12:00:00,7178.3
2019-12-17 12:15:00,7167.0
2019-12-17 12:30:00,7168.6
2019-12-17 12:45:00,7168.3
2019-12-17 13:00:00,7163.4
2019-12-17 13:15:00,7152.5
2019-12-17 13:30:00,7140.4
2019-12-17 13:45:00,7124.1
2019-12-17 14:00:00,7123.0
2019-12-17 14:15:00,7116.0
2019-12-17 14:30:00,7113.6
2019-12-17 14:45:00,7116.1
2019-12-17 15:00:00,7124.8
2019-12-17 15:15:00,7111.9
2019-12-17 15:30:00,7115.8
2019-12-17 15:45:00,7117.1
2019-12-17 16:00:00,7136.2
2019-12-17 16:15:00,7153.0
2019-12-17 16:30:00,7189.4
2019-12-17 16:45:00,7222.4
2019-12-17 17:00:00,7246.2
2019-12-17 17:15:00,7255.2
2019-12-17 17:30:00,7268.1
2019-12-17 17:45:00,7263.3
2019-12-17 18:00:00,7245.8
2019-12-17 18:15:00,7242.2
2019-12-17 18:30:00,7234.4
2019-12-17 18:45:00,7239.2
2019-12-17 19:00:00,7231.8
2019-12-17 19:15:00,7209.8
2019-12-17 19:30:00,7187.7
2019-12-17 19:45:00,7163.4
2019-12-17 20:00:00,7107.2
2019-12-17 20:15:00,7064.0
2019-12-17 20:30:00,7028.0
2019-12-17 20:45:00,6974.9
2019-12-17 21:00:00,6938.7
2019-12-17 21:15:00,6913.0
2019-12-17 21:30:00,6888.4
2019-12-17 21:45:00,6853.4
2019-12-17 22:00:00,6844.8
2019-12-17 22:15:00,6820.8
2019-12-17 22:30:00,6786.7
2019-12-17 22:45:00,6755.2
2019-12-17 23:00:00,6715.5
2019-12-17 23:15:00,6697.1
2019-12-17 23:30:00,6670.3
2019-12-17 23:45:00,6649.9
2019-12-18 00:00:00,6600.6
2019-12-18 00:15:00,6577.9
2019-12-18 00:30:00,6565.3
2019-12-18 00:45:00,6549.1
2019-12-18 01:00:00,6519.0
2019-12-18 01:15:00,6493.8
2019-12-18 01:30:00,6478.5
2019-12-18 01:45:00,6480.7
2019-12-18 02:00:00,6466.2
2019-12-18 02:15:00,6461.0
2019-12-18 02:30:00,6453.3
2019-12-18 02:45:00,6451.8
2019-12-18 03:00:00,6461.0
2019-12-18 03:15:00,6462.7
2019-12-18 03:30:00,6461.8
2019-12-18 03:45:00,6466.2
2019-12-18 04:00:00,6475.5
2019-12-18 04:15:00,6494.7
2019-12-18 04:30:00,6514.6
2019-12-18 04:45:00,6538.2
2019-12-18 05:00:00,6596.9
2019-12-18 05:15:00,6611.0
2019-12-18 05:30:00,6643.8
2019-12-18 05:45:00,6690.1
2019-12-18 06:00:00,6814.8
2019-12-18 06:15:00,6886.3
2019-12-18 06:30:00,6938.7
2019-12-18 06:45:00,6986.5
2019-12-18 07:00:00,7040.0
2019-12-18 07:15:00,7075.6
2019-12-18 07:30:00,7105.1
2019-12-18 07:45:00,7122.1
2019-12-18 08:00:00,7141.2
2019-12-18 08:15:00,7147.3
2019-12-18 08:30:00,7142.7
2019-12-18 08:45:00,7142.2
2019-12-18 09:00:00,7130.6
2019-12-18 09:15:00,7131.3
2019-12-18 09:30:00,7145.6
2019-12-18 09:45:00,7155.0
2019-12-18 10:00:00,7145.1
2019-12-18 10:15:00,7140.0
2019-12-18 10:30:00,7144.1
2019-12-18 10:45:00,7150.6
2019-12-18 11:00:00,7152.4
2019-12-18 11:15:00,7152.5
2019-12-18 11:30:00,7155.4
2019-12-18 11:45:00,7150.7
2019-12-18 12:00:00,7136.9
2019-12-18 12:15:00,7125.0
2019-12-18 12:30:00,7119.8
2019-12-18 12:45:00,7114.5
2019-12-18 13:00:00,7104.8
2019-12-18 13:15:00,7095.4
2019-12-18 13:30:00,7089.4
2019-12-18 13:45:00,7068.5
2019-12-18 14:00:00,7070.7
2019-12-18 14:15:00,7066.9
2019-12-18 14:30:00,7057.9
2019-12-18 14:45:00,7052.9
2019-12-18 15:00:00,7043.4
2019-12-18 15:15:00,7032.7
2019-12-18 15:30:00,7030.2
2019-12-18 15:45:00,7028.7
2019-12-18 16:00:00,7039.1
2019-12-18 16:15:00,7055.1
2019-12-18 16:30:00,7080.3
2019-12-18 16:45:00,7114.4
2019-12-18 17:00:00,7158.6
2019-12-18 17:15:00,7175.9
2019-12-18 17:30:00,7187.8
2019-12-18 17:45:00,7187.3
2019-12-18 18:00:00,7178.2
2019-12-18 18:15:00,7169.3
2019-12-18 18:30:00,7160.1
2019-12-18 18:45:00,7147.4
2019-12-18 19:00:00,7125.0
2019-12-18 19:15:00,7102.5
2019-12-18 19:30:00,7083.8
2019-12-18 19:45:00,7070.9
2019-12-18 20:00:00,7025.6
2019-12-18 20:15:00,7001.0
2019-12-18 20:30:00,6973.5
2019-12-18 20:45:00,6945.5
2019-12-18 21:00:00,6914.9
2019-12-18 21:15:00,6886.7
2019-12-18 21:30:00,6859.6
2019-12-18 21:45:00,6826.8
2019-12-18 22:00:00,6817.3
2019-12-18 22:15:00,6791.7
2019-12-18 22:30:00,6764.6
2019-12-18 22:45:00,6731.4
2019-12-18 23:00:00,6684.3
2019-12-18 23:15:00,6656.1
2019-12-18 23:30:00,6627.8
2019-12-18 23:45:00,6607.1
2019-12-19 00:00:00,6564.5
2019-12-19 00:15:00,6540.2
2019-12-19 00:30:00,6534.5
2019-12-19 00:45:00,6524.9
2019-12-19 01:00:00,6509.5
2019-12-19 01:15:00,6497.1
2019-12-19 01:30:00,6492.7
2019-12-19 01:45:00,6488.4
2019-12-19 02:00:00,6478.6
2019-12-19 02:15:00,6480.4
2019-12-19 02:30:00,6489.4
2019-12-19 02:45:00,6488.6
2019-12-19 03:00:00,6492.2
2019-12-19 03:15:00,6495.1
2019-12-19 03:30:00,6505.5
2019-12-19 03:45:00,6510.1
2019-12-19 04:00:00,6521.5
2019-12-19 04:15:00,6535.5
2019-12-19 04:30:00,6551.8
2019-12-19 04:45:00,6565.3
2019-12-19 05:00:00,6602.1
2019-12-19 05:15:00,6625.0
2019-12-19 05:30:00,6646.1
2019-12-19 05:45:00,6699.4
2019-12-19 06:00:00,6799.8
2019-12-19 06:15:00,6852.3
2019-12-19 06:30:00,6905.9
2019-12-19 06:45:00,6966.9
2019-12-19 07:00:00,7028.2
2019-12-19 07:15:00,7057.4
2019-12-19 07:30:00,7092.7
2019-12-19 07:45:00,7115.4
2019-12-19 08:00:00,7133.2
2019-12-19 08:15:00,7140.0
2019-12-19 08:30:00,7139.7
2019-12-19 08:45:00,7135.3
2019-12-19 09:00:00,7138.8
2019-12-19 09:15:00,7145.0
2019-12-19 09:30:00,7149.4
2019-12-19 09:45:00,7150.8
2019-12-19 10:00:00,7136.0
2019-12-19 10:15:00,7128.7
2019-12-19 10:30:00,7124.5
2019-12-19 10:45:00,7120.8
2019-12-19 11:00:00,7101.3
2019-12-19 11:15:00,7094.6
2019-12-19 11:30:00,7097.3
2019-12-19 11:45:00,7092.5
2019-12-19 12:00:00,7081.6
2019-12-19 12:15:00,7074.4
2019-12-19 12:30:00,7064.6
2019-12-19 12:45:00,7056.4
2019-12-19 13:00:00,7071.3
2019-12-19 13:15:00,7059.7
2019-12-19 13:30:00,7047.7
2019-12-19 13:45:00,7032.4
2019-12-19 14:00:00,7033.1
2019-12-19 14:15:00,7024.5
2019-12-19 14:30:00,7019.5
2019-12-19 14:45:00,7013.2
2019-12-19 15:00:00,7020.0
2019-12-19 15:15:00,7014.8
2019-12-19 15:30:00,7021.7
2019-12-19 15:45:00,7021.8
2019-12-19 16:00:00,7035.7
2019-12-19 16:15:00,7050.4
2019-12-19 16:30:00,7088.2
2019-12-19 16:45:00,7118.4
2019-12-19 17:00:00,7123.4
2019-12-19 17:15:00,7132.3
2019-12-19 17:30:00,7138.8
2019-12-19 17:45:00,7140.5
2019-12-19 18:00:00,7121.3
2019-12-19 18:15:00,7111.9
2019-12-19 18:30:00,7105.5
2019-12-19 18:45:00,7092.6
2019-12-19 19:00:00,7082.2
2019-12-19 19:15:00,7067.2
2019-12-19 19:30:00,7050.9
2019-12-19 19:45:00,7033.0
2019-12-19 20:00:00,6992.7
2019-12-19 20:15:00,6955.1
2019-12-19 20:30:00,6928.4
2019-12-19 20:45:00,6891.9
2019-12-19 21:00:00,6850.1
2019-12-19 21:15:00,6821.2
2019-12-19 21:30:00,6807.1
2019-12-19 21:45:00,6776.3
2019-12-19 22:00:00,6754.2
2019-12-19 22:15:00,6733.3
2019-12-19 22:30:00,6704.5
2019-12-19 22:45:00,6665.5
2019-12-19 23:00:00,6632.0
2019-12-19 23:15:00,6597.7
2019-12-19 23:30:00,6566.9
2019-12-19 23:45:00,6541.3
2019-12-20 00:00:00,6507.3
2019-12-20 00:15:00,6494.2
2019-12-20 00:30:00,6474.4
2019-12-20 00:45:00,6460.7
2019-12-20 01:00:00,6448.8
2019-12-20 01:15:00,6439.7
2019-12-20 01:30:00,6426.2
2019-12-20 01:45:00,6408.8
2019-12-20 02:00:00,6396.6
2019-12-20 02:15:00,6385.0
2019-12-20 02:30:00,6383.5
2019-12-20 02:45:00,6386.3
2019-12-20 03:00:00,6414.8
2019-12-20 03:15:00,6417.9
2019-12-20 03:30:00,6432.6
2019-12-20 03:45:00,6434.1
2019-12-20 04:00:00,6453.0
2019-12-20 04:15:00,6466.5
2019-12-20 04:30:00,6484.4
2019-12-20 04:45:00,6499.3
2019-12-20 05:00:00,6528.3
2019-12-20 05:15:00,6548.6
2019-12-20 05:30:00,6573.3
2019-12-20 05:45:00,6625.3
2019-12-20 06:00:00,6696.2
2019-12-20 06:15:00,6750.0
2019-12-20 06:30:00,6790.2
2019-12-20 06:45:00,6845.3
2019-12-20 07:00:00,6899.9
2019-12-20 07:15:00,6940.1
2019-12-20 07:30:00,6972.2
2019-12-20 07:45:00,6996.9
2019-12-20 08:00:00,7018.2
2019-12-20 08:15:00,7020.2
2019-12-20 08:30:00,7017.1
2019-12-20 08:45:00,7019.3
2019-12-20 09:00:00,7019.0
2019-12-20 09:15:00,7016.2
2019-12-20 09:30:00,7022.3
2019-12-20 09:45:00,7028.2
2019-12-20 10:00:00,7025.9
2019-12-20 10:15:00,7017.6
2019-12-20 10:30:00,7013.3
2019-12-20 10:45:00,7016.6
2019-12-20 11:00:00,7003.6
2019-12-20 11:15:00,7002.1
2019-12-20 11:30:00,7003.9
2019-12-20 11:45:00,7004.3
2019-12-20 12:00:00,7008.5
2019-12-20 12:15:00,7002.0
2019-12-20 12:30:00,6992.3
2019-12-20 12:45:00,6986.2
2019-12-20 13:00:00,6972.5
2019-12-20 13:15:00,6947.4
2019-12-20 13:30:00,6929.0
2019-12-20 13:45:00,6913.1
2019-12-20 14:00:00,6918.2
2019-12-20 14:15:00,6907.4
2019-12-20 14:30:00,6905.0
2019-12-20 14:45:00,6904.5
2019-12-20 15:00:00,6918.1
2019-12-20 15:15:00,6906.8
2019-12-20 15:30:00,6917.7
2019-12-20 15:45:00,6920.0
2019-12-20 16:00:00,6943.0
2019-12-20 16:15:00,6956.6
2019-12-20 16:30:00,6980.0
2019-12-20 16:45:00,6992.8
2019-12-20 17:00:00,7009.3
2019-12-20 17:15:00,7004.6
2019-12-20 17:30:00,6999.9
2019-12-20 17:45:00,6998.5
2019-12-20 18:00:00,6988.2
2019-12-20 18:15:00,6974.9
2019-12-20 18:30:00,6965.5
2019-12-20 18:45:00,6950.0
2019-12-20 19:00:00,6931.7
2019-12-20 19:15:00,6909.0
2019-12-20 19:30:00,6890.0
2019-12-20 19:45:00,6873.4
2019-12-20 20:00:00,6834.5
2019-12-20 20:15:00,6799.8
2019-12-20 20:30:00,6764.6
2019-12-20 20:45:00,6737.4
2019-12-20 21:00:00,6716.4
2019-12-20 21:15:00,6698.1
2019-12-20 21:30:00,6679.1
2019-12-20 21:45:00,6658.6
2019-12-20 22:00:00,6653.8
2019-12-20 22:15:00,6629.9
2019-12-20 22:30:00,6599.6
2019-12-20 22:45:00,6570.9
2019-12-20 23:00:00,6529.9
2019-12-20 23:15:00,6501.0
2019-12-20 23:30:00,6476.3
2019-12-20 23:45:00,6448.1
2019-12-21 00:00:00,6410.4
2019-12-21 00:15:00,6397.5
2019-12-21 00:30:00,6386.5
2019-12-21 00:45:00,6377.0
2019-12-21 01:00:00,6360.1
2019-12-21 01:15:00,6341.8
2019-12-21 01:30:00,6339.5
2019-12-21 01:45:00,6325.5
2019-12-21 02:00:00,6314.1
2019-12-21 02:15:00,6303.9
2019-12-21 02:30:00,6302.8
2019-12-21 02:45:00,6295.8
2019-12-21 03:00:00,6277.0
2019-12-21 03:15:00,6278.2
2019-12-21 03:30:00,6283.3
2019-12-21 03:45:00,6286.6
2019-12-21 04:00:00,6300.9
2019-12-21 04:15:00,6308.4
2019-12-21 04:30:00,6307.8
2019-12-21 04:45:00,6315.6
2019-12-21 05:00:00,6337.0
2019-12-21 05:15:00,6336.6
2019-12-21 05:30:00,6344.6
2019-12-21 05:45:00,6338.2
2019-12-21 06:00:00,6362.6
2019-12-21 06:15:00,6376.7
2019-12-21 06:30:00,6392.3
2019-12-21 06:45:00,6403.1
2019-12-21 07:00:00,6432.8
2019-12-21 07:15:00,6457.2
2019-12-21 07:30:00,6490.7
2019-12-21 07:45:00,6515.3
2019-12-21 08:00:00,6566.0
2019-12-21 08:15:00,6591.9
2019-12-21 08:30:00,6619.4
2019-12-21 08:45:00,6638.1
2019-12-21 09:00:00,6676.5
2019-12-21 09:15:00,6690.1
2019-12-21 09:30:00,6711.5
2019-12-21 09:45:00,6722.2
2019-12-21 10:00:00,6731.9
2019-12-21 10:15:00,6739.7
2019-12-21 10:30:00,6742.6
2019-12-21 10:45:00,6746.1
2019-12-21 11:00:00,6729.7
2019-12-21 11:15:00,6743.5
2019-12-21 11:30:00,6757.2
2019-12-21 11:45:00,6758.8
2019-12-21 12:00:00,6763.9
2019-12-21 12:15:00,6754.2
2019-12-21 12:30:00,6753.7
2019-12-21 12:45:00,6749.9
2019-12-21 13:00:00,6739.3
2019-12-21 13:15:00,6719.7
2019-12-21 13:30:00,6704.0
2019-12-21 13:45:00,6695.1
2019-12-21 14:00:00,6683.4
2019-12-21 14:15:00,6679.7
2019-12-21 14:30:00,6669.4
2019-12-21 14:45:00,6666.6
2019-12-21 15:00:00,6682.0
2019-12-21 15:15:00,6683.5
2019-12-21 15:30:00,6696.1
2019-12-21 15:45:00,6696.1
2019-12-21 16:00:00,6710.2
2019-12-21 16:15:00,6740.2
2019-12-21 16:30:00,6771.0
2019-12-21 16:45:00,6803.8
2019-12-21 17:00:00,6811.3
2019-12-21 17:15:00,6820.0
2019-12-21 17:30:00,6835.0
2019-12-21 17:45:00,6847.5
2019-12-21 18:00:00,6847.9
2019-12-21 18:15:00,6838.1
2019-12-21 18:30:00,6832.1
2019-12-21 18:45:00,6820.2
2019-12-21 19:00:00,6797.7
2019-12-21 19:15:00,6774.9
2019-12-21 19:30:00,6759.9
2019-12-21 19:45:00,6745.7
2019-12-21 20:00:00,6731.3
2019-12-21 20:15:00,6696.9
2019-12-21 20:30:00,6665.5
2019-12-21 20:45:00,6641.9
2019-12-21 21:00:00,6625.3
2019-12-21 21:15:00,6608.6
2019-12-21 21:30:00,6583.8
2019-12-21 21:45:00,6565.5
2019-12-21 22:00:00,6576.0
2019-12-21 22:15:00,6555.7
2019-12-21 22:30:00,6528.0
2019-12-21 22:45:00,6501.1
2019-12-21 23:00:00,6473.0
2019-12-21 23:15:00,6447.1
2019-12-21 23:30:00,6423.9
2019-12-21 23:45:00,6407.3
2019-12-22 00:00:00,6392.5
2019-12-22 00:15:00,6375.1
2019-12-22 00:30:00,6366.6
2019-12-22 00:45:00,6357.6
2019-12-22 01:00:00,6339.5
2019-12-22 01:15:00,6322.1
2019-12-22 01:30:00,6310.1
2019-12-22 01:45:00,6304.9
2019-12-22 02:00:00,6302.4
2019-12-22 02:15:00,6305.6
2019-12-22 02:30:00,6300.0
2019-12-22 02:45:00,6292.2
2019-12-22 03:00:00,6285.6
2019-12-22 03:15:00,6281.3
2019-12-22 03:30:00,6274.3
2019-12-22 03:45:00,6275.7
2019-12-22 04:00:00,6281.9
2019-12-22 04:15:00,6274.8
2019-12-22 04:30:00,6277.7
2019-12-22 04:45:00,6280.6
2019-12-22 05:00:00,6281.8
2019-12-22 05:15:00,6279.6
2019-12-22 05:30:00,6275.0
2019-12-22 05:45:00,6271.1
2019-12-22 06:00:00,6250.1
2019-12-22 06:15:00,6253.9
2019-12-22 06:30:00,6255.6
2019-12-22 06:45:00,6264.2
2019-12-22 07:00:00,6281.7
2019-12-22 07:15:00,6295.5
2019-12-22 07:30:00,6316.0
2019-12-22 07:45:00,6339.2
2019-12-22 08:00:00,6388.7
2019-12-22 08:15:00,6407.6
2019-12-22 08:30:00,6428.6
2019-12-22 08:45:00,6453.8
2019-12-22 09:00:00,6471.8
2019-12-22 09:15:00,6489.1
2019-12-22 09:30:00,6514.6
2019-12-22 09:45:00,6532.0
2019-12-22 10:00:00,6536.7
2019-12-22 10:15:00,6550.4
2019-12-22 10:30:00,6564.9
2019-12-22 10:45:00,6584.7
2019-12-22 11:00:00,6610.8
2019-12-22 11:15:00,6631.3
2019-12-22 11:30:00,6646.4
2019-12-22 11:45:00,6654.1
2019-12-22 12:00:00,6672.5
2019-12-22 12:15:00,6667.5
2019-12-22 12:30:00,6656.1
2019-12-22 12:45:00,6643.2
2019-12-22 13:00:00,6641.9
2019-12-22 13:15:00,6626.2
2019-12-22 13:30:00,6614.6
2019-12-22 13:45:00,6602.5
2019-12-22 14:00:00,6588.2
2019-12-22 14:15:00,6575.2
2019-12-22 14:30:00,6566.8
2019-12-22 14:45:00,6560.2
2019-12-22 15:00:00,6563.8
2019-12-22 15:15:00,6552.8
2019-12-22 15:30:00,6555.0
2019-12-22 15:45:00,6572.4
2019-12-22 16:00:00,6599.7
2019-12-22 16:15:00,6616.1
2019-12-22 16:30:00,6640.2
2019-12-22 16:45:00,6665.0
2019-12-22 17:00:00,6667.4
2019-12-22 17:15:00,6669.0
2019-12-22 17:30:00,6686.7
2019-12-22 17:45:00,6693.4
2019-12-22 18:00:00,6703.7
2019-12-22 18:15:00,6701.6
2019-12-22 18:30:00,6697.2
2019-12-22 18:45:00,6692.9
2019-12-22 19:00:00,6690.5
2019-12-22 19:15:00,6673.8
2019-12-22 19:30:00,6666.3
2019-12-22 19:45:00,6646.8
2019-12-22 20:00:00,6642.1
2019-12-22 20:15:00,6621.6
2019-12-22 20:30:00,6596.0
2019-12-22 20:45:00,6581.4
2019-12-22 21:00:00,6571.3
2019-12-22 21:15:00,6559.1
2019-12-22 21:30:00,6548.1
2019-12-22 21:45:00,6546.1
2019-12-22 22:00:00,6568.2
2019-12-22 22:15:00,6548.9
2019-12-22 22:30:00,6518.8
2019-12-22 22:45:00,6502.4
2019-12-22 23:00:00,6469.7
2019-12-22 23:15:00,6444.8
2019-12-22 23:30:00,6419.3
2019-12-22 23:45:00,6405.4
2019-12-23 00:00:00,6380.1
2019-12-23 00:15:00,6357.9
2019-12-23 00:30:00,6345.7
2019-12-23 00:45:00,6322.7
2019-12-23 01:00:00,6291.6
2019-12-23 01:15:00,6274.0
2019-12-23 01:30:00,6262.7
2019-12-23 01:45:00,6259.5
2019-12-23 02:00:00,6241.7
2019-12-23 02:15:00,6238.3
2019-12-23 02:30:00,6235.4
2019-12-23 02:45:00,6234.6
2019-12-23 03:00:00,6236.4
2019-12-23 03:15:00,6240.7
2019-12-23 03:30:00,6248.3
2019-12-23 03:45:00,6254.3
2019-12-23 04:00:00,6268.9
2019-12-23 04:15:00,6284.8
2019-12-23 04:30:00,6302.5
2019-12-23 04:45:00,6316.4
2019-12-23 05:00:00,6356.0
2019-12-23 05:15:00,6361.5
2019-12-23 05:30:00,6382.1
2019-12-23 05:45:00,6392.3
2019-12-23 06:00:00,6425.9
2019-12-23 06:15:00,6449.6
2019-12-23 06:30:00,6472.0
2019-12-23 06:45:00,6506.8
2019-12-23 07:00:00,6550.3
2019-12-23 07:15:00,6581.9
2019-12-23 07:30:00,6614.6
2019-12-23 07:45:00,6647.3
2019-12-23 08:00:00,6673.0
2019-12-23 08:15:00,6684.4
2019-12-23 08:30:00,6701.2
2019-12-23 08:45:00,6707.9
2019-12-23 09:00:00,6706.3
2019-12-23 09:15:00,6720.6
2019-12-23 09:30:00,6733.5
2019-12-23 09:45:00,6745.7
2019-12-23 10:00:00,6749.1
2019-12-23 10:15:00,6750.3
2019-12-23 10:30:00,6754.2
2019-12-23 10:45:00,6765.0
2019-12-23 11:00:00,6795.0
2019-12-23 11:15:00,6811.5
2019-12-23 11:30:00,6827.0
2019-12-23 11:45:00,6827.4
2019-12-23 12:00:00,6824.6
2019-12-23 12:15:00,6823.4
2019-12-23 12:30:00,6821.2
2019-12-23 12:45:00,6811.4
2019-12-23 13:00:00,6816.7
2019-12-23 13:15:00,6808.6
2019-12-23 13:30:00,6798.4
2019-12-23 13:45:00,6790.0
2019-12-23 14:00:00,6789.0
2019-12-23 14:15:00,6780.8
2019-12-23 14:30:00,6768.3
2019-12-23 14:45:00,6765.4
2019-12-23 15:00:00,6770.3
2019-12-23 15:15:00,6758.6
2019-12-23 15:30:00,6755.1
2019-12-23 15:45:00,6758.0
2019-12-23 16:00:00,6763.3
2019-12-23 16:15:00,6775.0
2019-12-23 16:30:00,6809.9
2019-12-23 16:45:00,6841.2
2019-12-23 17:00:00,6850.1
2019-12-23 17:15:00,6851.1
2019-12-23 17:30:00,6857.0
2019-12-23 17:45:00,6856.7
2019-12-23 18:00:00,6851.4
2019-12-23 18:15:00,6841.7
2019-12-23 18:30:00,6833.1
2019-12-23 18:45:00,6817.9
2019-12-23 19:00:00,6804.4
2019-12-23 19:15:00,6782.9
2019-12-23 19:30:00,6767.5
2019-12-23 19:45:00,6751.4
2019-12-23 20:00:00,6728.8
2019-12-23 20:15:00,6696.9
2019-12-23 20:30:00,6672.8
2019-12-23 20:45:00,6648.3
2019-12-23 21:00:00,6638.8
2019-12-23 21:15:00,6618.8
2019-12-23 21:30:00,6600.6
2019-12-23 21:45:00,6591.0
2019-12-23 22:00:00,6592.4
2019-12-23 22:15:00,6575.5
2019-12-23 22:30:00,6550.7
2019-12-23 22:45:00,6515.4
2019-12-23 23:00:00,6465.7
2019-12-23 23:15:00,6431.4
2019-12-23 23:30:00,6410.6
2019-12-23 23:45:00,6388.1
2019-12-24 00:00:00,6331.6
2019-12-24 00:15:00,6306.6
2019-12-24 00:30:00,6297.2
2019-12-24 00:45:00,6273.8
2019-12-24 01:00:00,6242.1
2019-12-24 01:15:00,6225.6
2019-12-24 01:30:00,6207.3
2019-12-24 01:45:00,6206.8
2019-12-24 02:00:00,6221.9
2019-12-24 02:15:00,6218.1
2019-12-24 02:30:00,6213.3
2019-12-24 02:45:00,6212.9
2019-12-24 03:00:00,6217.2
2019-12-24 03:15:00,6213.1
2019-12-24 03:30:00,6212.8
2019-12-24 03:45:00,6215.0
2019-12-24 04:00:00,6239.4
2019-12-24 04:15:00,6248.5
2019-12-24 04:30:00,6251.3
2019-12-24 04:45:00,6251.7
2019-12-24 05:00:00,6277.0
2019-12-24 05:15:00,6272.2
2019-12-24 05:30:00,6276.2
2019-12-24 05:45:00,6278.9
2019-12-24 06:00:00,6289.4
2019-12-24 06:15:00,6287.5
2019-12-24 06:30:00,6295.1
2019-12-24 06:45:00,6305.3
2019-12-24 07:00:00,6345.5
2019-12-24 07:15:00,6367.6
2019-12-24 07:30:00,6384.9
2019-12-24 07:45:00,6422.0
2019-12-24 08:00:00,6457.9
2019-12-24 08:15:00,6473.9
2019-12-24 08:30:00,6497.1
2019-12-24 08:45:00,6521.5
2019-12-24 09:00:00,6553.8
2019-12-24 09:15:00,6575.3
2019-12-24 09:30:00,6596.6
2019-12-24 09:45:00,6618.4
2019-12-24 10:00:00,6656.7
2019-12-24 10:15:00,6672.2
2019-12-24 10:30:00,6677.7
2019-12-24 10:45:00,6688.3
2019-12-24 11:00:00,6704.5
2019-12-24 11:15:00,6711.0
2019-12-24 11:30:00,6710.8
2019-12-24 11:45:00,6704.7
2019-12-24 12:00:00,6701.6
2019-12-24 12:15:00,6693.3
2019-12-24 12:30:00,6690.4
2019-12-24 12:45:00,6680.1
2019-12-24 13:00:00,6668.9
2019-12-24 13:15:00,6651.7
2019-12-24 13:30:00,6646.9
2019-12-24 13:45:00,6640.0
2019-12-24 14:00:00,6613.6
2019-12-24 14:15:00,6586.6
2019-12-24 14:30:00,6577.7
2019-12-24 14:45:00,6560.1
2019-12-24 15:00:00,6556.6
2019-12-24 15:15:00,6544.3
2019-12-24 15:30:00,6547.9
2019-12-24 15:45:00,6551.4
2019-12-24 16:00:00,6558.0
2019-12-24 16:15:00,6571.9
2019-12-24 16:30:00,6593.2
2019-12-24 16:45:00,6614.7
2019-12-24 17:00:00,6632.4
2019-12-24 17:15:00,6638.1
2019-12-24 17:30:00,6640.3
2019-12-24 17:45:00,6630.5
2019-12-24 18:00:00,6639.5
2019-12-24 18:15:00,6617.3
2019-12-24 18:30:00,6596.4
2019-12-24 18:45:00,6573.4
2019-12-24 19:00:00,6557.1
2019-12-24 19:15:00,6530.7
2019-12-24 19:30:00,6516.1
2019-12-24 19:45:00,6497.0
2019-12-24 20:00:00,6465.7
2019-12-24 20:15:00,6441.2
2019-12-24 20:30:00,6435.7
2019-12-24 20:45:00,6424.7
2019-12-24 21:00:00,6421.0
2019-12-24 21:15:00,6417.3
2019-12-24 21:30:00,6412.9
2019-12-24 21:45:00,6402.3
2019-12-24 22:00:00,6409.4
2019-12-24 22:15:00,6407.9
2019-12-24 22:30:00,6393.4
2019-12-24 22:45:00,6377.8
2019-12-24 23:00:00,6362.4
2019-12-24 23:15:00,6342.2
2019-12-24 23:30:00,6319.0
2019-12-24 23:45:00,6302.4
2019-12-25 00:00:00,6286.0
2019-12-25 00:15:00,6271.1
2019-12-25 00:30:00,6258.0
2019-12-25 00:45:00,6241.9
2019-12-25 01:00:00,6220.6
2019-12-25 01:15:00,6201.1
2019-12-25 01:30:00,6182.2
2019-12-25 01:45:00,6172.6
2019-12-25 02:00:00,6157.2
2019-12-25 02:15:00,6147.9
2019-12-25 02:30:00,6142.2
2019-12-25 02:45:00,6138.8
2019-12-25 03:00:00,6140.4
2019-12-25 03:15:00,6139.3
2019-12-25 03:30:00,6138.3
2019-12-25 03:45:00,6131.0
2019-12-25 04:00:00,6135.7
2019-12-25 04:15:00,6138.5
2019-12-25 04:30:00,6147.5
2019-12-25 04:45:00,6150.7
2019-12-25 05:00:00,6161.8
2019-12-25 05:15:00,6154.4
2019-12-25 05:30:00,6156.6
2019-12-25 05:45:00,6149.9
2019-12-25 06:00:00,6150.7
2019-12-25 06:15:00,6148.0
2019-12-25 06:30:00,6143.2
2019-12-25 06:45:00,6157.1
2019-12-25 07:00:00,6174.6
2019-12-25 07:15:00,6182.6
2019-12-25 07:30:00,6197.2
2019-12-25 07:45:00,6224.3
2019-12-25 08:00:00,6263.2
2019-12-25 08:15:00,6289.0
2019-12-25 08:30:00,6312.2
2019-12-25 08:45:00,6343.4
2019-12-25 09:00:00,6398.6
2019-12-25 09:15:00,6435.9
2019-12-25 09:30:00,6454.7
2019-12-25 09:45:00,6475.8
2019-12-25 10:00:00,6501.1
2019-12-25 10:15:00,6525.5
2019-12-25 10:30:00,6538.2
2019-12-25 10:45:00,6553.3
2019-12-25 11:00:00,6569.7
2019-12-25 11:15:00,6594.4
2019-12-25 11:30:00,6602.3
2019-12-25 11:45:00,6605.2
2019-12-25 12:00:00,6606.7
2019-12-25 12:15:00,6592.7
2019-12-25 12:30:00,6578.6
2019-12-25 12:45:00,6560.7
2019-12-25 13:00:00,6514.9
2019-12-25 13:15:00,6497.8
2019-12-25 13:30:00,6488.9
2019-12-25 13:45:00,6479.8
2019-12-25 14:00:00,6463.7
2019-12-25 14:15:00,6450.2
2019-12-25 14:30:00,6445.7
2019-12-25 14:45:00,6431.8
2019-12-25 15:00:00,6433.7
2019-12-25 15:15:00,6428.7
2019-12-25 15:30:00,6417.7
2019-12-25 15:45:00,6408.9
2019-12-25 16:00:00,6406.2
2019-12-25 16:15:00,6416.7
2019-12-25 16:30:00,6436.8
2019-12-25 16:45:00,6464.3
2019-12-25 17:00:00,6495.1
2019-12-25 17:15:00,6496.1
2019-12-25 17:30:00,6510.0
2019-12-25 17:45:00,6513.4
2019-12-25 18:00:00,6525.4
2019-12-25 18:15:00,6524.1
2019-12-25 18:30:00,6523.2
2019-12-25 18:45:00,6515.2
2019-12-25 19:00:00,6509.2
2019-12-25 19:15:00,6495.6
2019-12-25 19:30:00,6489.3
2019-12-25 19:45:00,6476.5
2019-12-25 20:00:00,6463.3
2019-12-25 20:15:00,6446.2
2019-12-25 20:30:00,6424.0
2019-12-25 20:45:00,6414.1
2019-12-25 21:00:00,6399.9
2019-12-25 21:15:00,6395.7
2019-12-25 21:30:00,6388.6
2019-12-25 21:45:00,6381.3
2019-12-25 22:00:00,6400.4
2019-12-25 22:15:00,6392.8
2019-12-25 22:30:00,6379.4
2019-12-25 22:45:00,6356.4
2019-12-25 23:00:00,6350.4
2019-12-25 23:15:00,6335.8
2019-12-25 23:30:00,6312.4
2019-12-25 23:45:00,6296.7
2019-12-26 00:00:00,6246.7
2019-12-26 00:15:00,6222.2
2019-12-26 00:30:00,6210.5
2019-12-26 00:45:00,6193.7
2019-12-26 01:00:00,6180.7
2019-12-26 01:15:00,6170.0
2019-12-26 01:30:00,6162.2
2019-12-26 01:45:00,6153.0
2019-12-26 02:00:00,6159.6
2019-12-26 02:15:00,6154.0
2019-12-26 02:30:00,6150.2
2019-12-26 02:45:00,6146.0
2019-12-26 03:00:00,6145.8
2019-12-26 03:15:00,6142.7
2019-12-26 03:30:00,6145.9
2019-12-26 03:45:00,6147.2
2019-12-26 04:00:00,6159.0
2019-12-26 04:15:00,6164.7
2019-12-26 04:30:00,6165.6
2019-12-26 04:45:00,6161.5
2019-12-26 05:00:00,6174.1
2019-12-26 05:15:00,6169.3
2019-12-26 05:30:00,6168.9
2019-12-26 05:45:00,6159.4
2019-12-26 06:00:00,6160.2
2019-12-26 06:15:00,6158.8
2019-12-26 06:30:00,6154.0
2019-12-26 06:45:00,6166.5
2019-12-26 07:00:00,6185.9
2019-12-26 07:15:00,6199.4
2019-12-26 07:30:00,6214.4
2019-12-26 07:45:00,6238.2
2019-12-26 08:00:00,6267.2
2019-12-26 08:15:00,6282.8
2019-12-26 08:30:00,6300.5
2019-12-26 08:45:00,6326.2
2019-12-26 09:00:00,6367.0
2019-12-26 09:15:00,6391.7
2019-12-26 09:30:00,6410.7
2019-12-26 09:45:00,6424.9
2019-12-26 10:00:00,6455.7
2019-12-26 10:15:00,6462.2
2019-12-26 10:30:00,6476.4
2019-12-26 10:45:00,6494.5
2019-12-26 11:00:00,6514.2
2019-12-26 11:15:00,6527.0
2019-12-26 11:30:00,6538.3
2019-12-26 11:45:00,6548.1
2019-12-26 12:00:00,6552.9
2019-12-26 12:15:00,6545.7
2019-12-26 12:30:00,6529.4
2019-12-26 12:45:00,6514.8
2019-12-26 13:00:00,6508.6
2019-12-26 13:15:00,6495.5
2019-12-26 13:30:00,6483.5
2019-12-26 13:45:00,6470.2
2019-12-26 14:00:00,6461.2
2019-12-26 14:15:00,6445.4
2019-12-26 14:30:00,6439.8
2019-12-26 14:45:00,6434.7
2019-12-26 15:00:00,6437.1
2019-12-26 15:15:00,6433.1
2019-12-26 15:30:00,6430.7
2019-12-26 15:45:00,6434.8
2019-12-26 16:00:00,6451.5
2019-12-26 16:15:00,6466.0
2019-12-26 16:30:00,6493.7
2019-12-26 16:45:00,6516.7
2019-12-26 17:00:00,6531.3
2019-12-26 17:15:00,6540.1
2019-12-26 17:30:00,6542.5
2019-12-26 17:45:00,6547.6
2019-12-26 18:00:00,6541.5
2019-12-26 18:15:00,6537.2
2019-12-26 18:30:00,6531.0
2019-12-26 18:45:00,6520.9
2019-12-26 19:00:00,6522.1
2019-12-26 19:15:00,6505.4
2019-12-26 19:30:00,6489.5
2019-12-26 19:45:00,6477.8
2019-12-26 20:00:00,6470.6
2019-12-26 20:15:00,6455.7
2019-12-26 20:30:00,6442.0
2019-12-26 20:45:00,6429.4
2019-12-26 21:00:00,6449.1
2019-12-26 21:15:00,6442.6
2019-12-26 21:30:00,6438.2
2019-12-26 21:45:00,6429.9
2019-12-26 22:00:00,6445.7
2019-12-26 22:15:00,6431.0
2019-12-26 22:30:00,6412.1
2019-12-26 22:45:00,6390.1
2019-12-26 23:00:00,6368.4
2019-12-26 23:15:00,6345.3
2019-12-26 23:30:00,6318.5
2019-12-26 23:45:00,6297.2
2019-12-27 00:00:00,6269.5
2019-12-27 00:15:00,6250.8
2019-12-27 00:30:00,6241.0
2019-12-27 00:45:00,6224.2
2019-12-27 01:00:00,6214.9
2019-12-27 01:15:00,6201.3
2019-12-27 01:30:00,6191.6
2019-12-27 01:45:00,6182.6
2019-12-27 02:00:00,6179.8
2019-12-27 02:15:00,6175.6
2019-12-27 02:30:00,6170.2
2019-12-27 02:45:00,6168.1
2019-12-27 03:00:00,6171.4
2019-12-27 03:15:00,6171.1
2019-12-27 03:30:00,6173.5
2019-12-27 03:45:00,6180.1
2019-12-27 04:00:00,6192.4
2019-12-27 04:15:00,6200.2
2019-12-27 04:30:00,6212.5
2019-12-27 04:45:00,6217.7
2019-12-27 05:00:00,6230.3
2019-12-27 05:15:00,6241.4
2019-12-27 05:30:00,6244.4
2019-12-27 05:45:00,6258.9
2019-12-27 06:00:00,6297.2
2019-12-27 06:15:00,6315.5
2019-12-27 06:30:00,6338.0
2019-12-27 06:45:00,6365.3
2019-12-27 07:00:00,6407.0
2019-12-27 07:15:00,6432.6
2019-12-27 07:30:00,6465.6
2019-12-27 07:45:00,6498.8
2019-12-27 08:00:00,6528.8
2019-12-27 08:15:00,6544.1
2019-12-27 08:30:00,6562.4
2019-12-27 08:45:00,6580.9
2019-12-27 09:00:00,6604.9
2019-12-27 09:15:00,6624.9
2019-12-27 09:30:00,6641.6
2019-12-27 09:45:00,6651.7
2019-12-27 10:00:00,6663.6
2019-12-27 10:15:00,6669.1
2019-12-27 10:30:00,6676.0
2019-12-27 10:45:00,6678.9
2019-12-27 11:00:00,6676.6
2019-12-27 11:15:00,6683.6
2019-12-27 11:30:00,6694.8
2019-12-27 11:45:00,6701.2
2019-12-27 12:00:00,6707.2
2019-12-27 12:15:00,6703.2
2019-12-27 12:30:00,6701.6
2019-12-27 12:45:00,6698.8
2019-12-27 13:00:00,6699.9
2019-12-27 13:15:00,6687.7
2019-12-27 13:30:00,6680.8
2019-12-27 13:45:00,6664.6
2019-12-27 14:00:00,6667.7
2019-12-27 14:15:00,6657.1
2019-12-27 14:30:00,6652.4
2019-12-27 14:45:00,6650.1
2019-12-27 15:00:00,6658.8
2019-12-27 15:15:00,6651.3
2019-12-27 15:30:00,6656.3
2019-12-27 15:45:00,6664.4
2019-12-27 16:00:00,6678.2
2019-12-27 16:15:00,6698.6
2019-12-27 16:30:00,6734.1
2019-12-27 16:45:00,6766.8
2019-12-27 17:00:00,6791.2
2019-12-27 17:15:00,6799.1
2019-12-27 17:30:00,6801.7
2019-12-27 17:45:00,6806.8
2019-12-27 18:00:00,6797.4
2019-12-27 18:15:00,6789.9
2019-12-27 18:30:00,6778.5
2019-12-27 18:45:00,6767.4
2019-12-27 19:00:00,6753.2
2019-12-27 19:15:00,6723.8
2019-12-27 19:30:00,6712.9
2019-12-27 19:45:00,6700.2
2019-12-27 20:00:00,6654.3
2019-12-27 20:15:00,6623.3
2019-12-27 20:30:00,6591.9
2019-12-27 20:45:00,6565.3
2019-12-27 21:00:00,6565.9
2019-12-27 21:15:00,6555.9
2019-12-27 21:30:00,6537.7
2019-12-27 21:45:00,6525.2
2019-12-27 22:00:00,6543.4
2019-12-27 22:15:00,6524.0
2019-12-27 22:30:00,6497.9
2019-12-27 22:45:00,6473.2
2019-12-27 23:00:00,6447.6
2019-12-27 23:15:00,6425.9
2019-12-27 23:30:00,6397.0
2019-12-27 23:45:00,6379.3
2019-12-28 00:00:00,6353.2
2019-12-28 00:15:00,6333.0
2019-12-28 00:30:00,6312.3
2019-12-28 00:45:00,6303.0
2019-12-28 01:00:00,6283.6
2019-12-28 01:15:00,6273.1
2019-12-28 01:30:00,6263.1
2019-12-28 01:45:00,6259.2
2019-12-28 02:00:00,6255.2
2019-12-28 02:15:00,6253.1
2019-12-28 02:30:00,6252.7
2019-12-28 02:45:00,6248.3
2019-12-28 03:00:00,6252.4
2019-12-28 03:15:00,6253.9
2019-12-28 03:30:00,6255.7
2019-12-28 03:45:00,6257.0
2019-12-28 04:00:00,6268.8
2019-12-28 04:15:00,6270.0
2019-12-28 04:30:00,6268.8
2019-12-28 04:45:00,6272.4
2019-12-28 05:00:00,6281.0
2019-12-28 05:15:00,6282.9
2019-12-28 05:30:00,6281.3
2019-12-28 05:45:00,6283.9
2019-12-28 06:00:00,6286.5
2019-12-28 06:15:00,6291.2
2019-12-28 06:30:00,6288.5
2019-12-28 06:45:00,6300.5
2019-12-28 07:00:00,6337.1
2019-12-28 07:15:00,6354.1
2019-12-28 07:30:00,6372.3
2019-12-28 07:45:00,6402.7
2019-12-28 08:00:00,6429.0
2019-12-28 08:15:00,6444.0
2019-12-28 08:30:00,6462.7
2019-12-28 08:45:00,6483.2
2019-12-28 09:00:00,6512.4
2019-12-28 09:15:00,6534.4
2019-12-28 09:30:00,6552.4
2019-12-28 09:45:00,6563.1
2019-12-28 10:00:00,6553.1
2019-12-28 10:15:00,6556.8
2019-12-28 10:30:00,6567.6
2019-12-28 10:45:00,6576.6
2019-12-28 11:00:00,6586.8
2019-12-28 11:15:00,6599.2
2019-12-28 11:30:00,6611.6
2019-12-28 11:45:00,6615.4
2019-12-28 12:00:00,6619.6
2019-12-28 12:15:00,6616.0
2019-12-28 12:30:00,6610.9
2019-12-28 12:45:00,6598.5
2019-12-28 13:00:00,6592.7
2019-12-28 13:15:00,6579.4
2019-12-28 13:30:00,6567.1
2019-12-28 13:45:00,6560.1
2019-12-28 14:00:00,6541.9
2019-12-28 14:15:00,6527.9
2019-12-28 14:30:00,6525.1
2019-12-28 14:45:00,6526.8
2019-12-28 15:00:00,6536.8
2019-12-28 15:15:00,6533.2
2019-12-28 15:30:00,6538.7
2019-12-28 15:45:00,6548.0
2019-12-28 16:00:00,6565.4
2019-12-28 16:15:00,6588.0
2019-12-28 16:30:00,6620.5
2019-12-28 16:45:00,6655.7
2019-12-28 17:00:00,6696.4
2019-12-28 17:15:00,6708.8
2019-12-28 17:30:00,6719.1
2019-12-28 17:45:00,6723.2
2019-12-28 18:00:00,6726.5
2019-12-28 18:15:00,6718.7
2019-12-28 18:30:00,6716.2
2019-12-28 18:45:00,6704.0
2019-12-28 19:00:00,6695.1
2019-12-28 19:15:00,6670.3
2019-12-28 19:30:00,6658.0
2019-12-28 19:45:00,6638.6
2019-12-28 20:00:00,6613.1
2019-12-28 20:15:00,6582.4
2019-12-28 20:30:00,6555.9
2019-12-28 20:45:00,6537.3
2019-12-28 21:00:00,6529.6
2019-12-28 21:15:00,6518.9
2019-12-28 21:30:00,6505.0
2019-12-28 21:45:00,6495.6
2019-12-28 22:00:00,6511.5
2019-12-28 22:15:00,6501.1
2019-12-28 22:30:00,6481.8
2019-12-28 22:45:00,6455.1
2019-12-28 23:00:00,6427.7
2019-12-28 23:15:00,6405.7
2019-12-28 23:30:00,6383.4
2019-12-28 23:45:00,6359.8
2019-12-29 00:00:00,6330.1
2019-12-29 00:15:00,6310.6
2019-12-29 00:30:00,6295.4
2019-12-29 00:45:00,6277.7
2019-12-29 01:00:00,6257.8
2019-12-29 01:15:00,6243.6
2019-12-29 01:30:00,6242.1
2019-12-29 01:45:00,6238.3
2019-12-29 02:00:00,6223.8
2019-12-29 02:15:00,6226.5
2019-12-29 02:30:00,6223.8
2019-12-29 02:45:00,6217.7
2019-12-29 03:00:00,6218.5
2019-12-29 03:15:00,6215.5
2019-12-29 03:30:00,6214.7
2019-12-29 03:45:00,6206.9
2019-12-29 04:00:00,6207.9
2019-12-29 04:15:00,6210.2
2019-12-29 04:30:00,6217.1
2019-12-29 04:45:00,6214.4
2019-12-29 05:00:00,6213.6
2019-12-29 05:15:00,6214.3
2019-12-29 05:30:00,6209.2
2019-12-29 05:45:00,6203.9
2019-12-29 06:00:00,6188.7
2019-12-29 06:15:00,6184.8
2019-12-29 06:30:00,6191.9
2019-12-29 06:45:00,6197.9
2019-12-29 07:00:00,6214.3
2019-12-29 07:15:00,6222.0
2019-12-29 07:30:00,6231.8
2019-12-29 07:45:00,6248.1
2019-12-29 08:00:00,6289.5
2019-12-29 08:15:00,6311.1
2019-12-29 08:30:00,6331.4
2019-12-29 08:45:00,6352.1
2019-12-29 09:00:00,6377.0
2019-12-29 09:15:00,6401.8
2019-12-29 09:30:00,6416.4
2019-12-29 09:45:00,6437.6
2019-12-29 10:00:00,6439.9
2019-12-29 10:15:00,6449.5
2019-12-29 10:30:00,6461.8
2019-12-29 10:45:00,6479.7
2019-12-29 11:00:00,6492.4
2019-12-29 11:15:00,6513.9
2019-12-29 11:30:00,6537.2
2019-12-29 11:45:00,6547.6
2019-12-29 12:00:00,6553.8
2019-12-29 12:15:00,6545.6
2019-12-29 12:30:00,6535.3
2019-12-29 12:45:00,6522.7
2019-12-29 13:00:00,6512.1
2019-12-29 13:15:00,6489.8
2019-12-29 13:30:00,6488.0
2019-12-29 13:45:00,6472.1
2019-12-29 14:00:00,6459.9
2019-12-29 14:15:00,6451.9
2019-12-29 14:30:00,6449.7
2019-12-29 14:45:00,6445.7
2019-12-29 15:00:00,6450.5
2019-12-29 15:15:00,6443.6
2019-12-29 15:30:00,6450.2
2019-12-29 15:45:00,6458.4
2019-12-29 16:00:00,6485.3
2019-12-29 16:15:00,6506.8
2019-12-29 16:30:00,6541.5
2019-12-29 16:45:00,6577.5
2019-12-29 17:00:00,6618.2
2019-12-29 17:15:00,6637.7
2019-12-29 17:30:00,6644.6
2019-12-29 17:45:00,6649.8
2019-12-29 18:00:00,6663.9
2019-12-29 18:15:00,6661.0
2019-12-29 18:30:00,6665.5
2019-12-29 18:45:00,6653.8
2019-12-29 19:00:00,6646.9
2019-12-29 19:15:00,6630.0
2019-12-29 19:30:00,6622.5
2019-12-29 19:45:00,6604.3
2019-12-29 20:00:00,6593.1
2019-12-29 20:15:00,6570.7
2019-12-29 20:30:00,6546.1
2019-12-29 20:45:00,6532.1
2019-12-29 21:00:00,6517.7
2019-12-29 21:15:00,6515.8
2019-12-29 21:30:00,6514.3
2019-12-29 21:45:00,6518.5
2019-12-29 22:00:00,6528.7
2019-12-29 22:15:00,6513.5
2019-12-29 22:30:00,6496.8
2019-12-29 22:45:00,6479.8
2019-12-29 23:00:00,6445.9
2019-12-29 23:15:00,6419.3
2019-12-29 23:30:00,6401.2
2019-12-29 23:45:00,6382.3
2019-12-30 00:00:00,6365.3
2019-12-30 00:15:00,6359.2
2019-12-30 00:30:00,6343.3
2019-12-30 00:45:00,6324.2
2019-12-30 01:00:00,6300.0
2019-12-30 01:15:00,6292.8
2019-12-30 01:30:00,6287.1
2019-12-30 01:45:00,6275.9
2019-12-30 02:00:00,6274.8
2019-12-30 02:15:00,6269.8
2019-12-30 02:30:00,6268.4
2019-12-30 02:45:00,6262.7
2019-12-30 03:00:00,6268.9
2019-12-30 03:15:00,6267.7
2019-12-30 03:30:00,6270.6
2019-12-30 03:45:00,6275.0
2019-12-30 04:00:00,6294.4
2019-12-30 04:15:00,6301.2
2019-12-30 04:30:00,6308.4
2019-12-30 04:45:00,6309.5
2019-12-30 05:00:00,6335.3
2019-12-30 05:15:00,6340.5
2019-12-30 05:30:00,6348.1
2019-12-30 05:45:00,6360.5
2019-12-30 06:00:00,6387.8
2019-12-30 06:15:00,6408.7
2019-12-30 06:30:00,6434.2
2019-12-30 06:45:00,6463.8
2019-12-30 07:00:00,6505.3
2019-12-30 07:15:00,6518.4
2019-12-30 07:30:00,6551.9
2019-12-30 07:45:00,6578.9
2019-12-30 08:00:00,6608.3
2019-12-30 08:15:00,6617.9
2019-12-30 08:30:00,6642.1
2019-12-30 08:45:00,6653.8
2019-12-30 09:00:00,6670.0
2019-12-30 09:15:00,6694.1
2019-12-30 09:30:00,6703.6
2019-12-30 09:45:00,6707.7
2019-12-30 10:00:00,6693.3
2019-12-30 10:15:00,6696.0
2019-12-30 10:30:00,6702.8
2019-12-30 10:45:00,6700.5
2019-12-30 11:00:00,6694.3
2019-12-30 11:15:00,6707.2
2019-12-30 11:30:00,6717.8
2019-12-30 11:45:00,6727.9
2019-12-30 12:00:00,6726.5
2019-12-30 12:15:00,6723.2
2019-12-30 12:30:00,6711.4
2019-12-30 12:45:00,6708.7
2019-12-30 13:00:00,6696.1
2019-12-30 13:15:00,6678.7
2019-12-30 13:30:00,6669.5
2019-12-30 13:45:00,6664.7
2019-12-30 14:00:00,6667.7
2019-12-30 14:15:00,6657.2
2019-12-30 14:30:00,6653.1
2019-12-30 14:45:00,6650.2
2019-12-30 15:00:00,6659.1
2019-12-30 15:15:00,6653.8
2019-12-30 15:30:00,6664.6
2019-12-30 15:45:00,6673.7
2019-12-30 16:00:00,6698.0
2019-12-30 16:15:00,6709.8
2019-12-30 16:30:00,6740.6
2019-12-30 16:45:00,6780.4
2019-12-30 17:00:00,6831.0
2019-12-30 17:15:00,6848.9
2019-12-30 17:30:00,6856.2
2019-12-30 17:45:00,6858.9
2019-12-30 18:00:00,6869.2
2019-12-30 18:15:00,6870.0
2019-12-30 18:30:00,6859.6
2019-12-30 18:45:00,6850.2
2019-12-30 19:00:00,6832.1
2019-12-30 19:15:00,6812.0
2019-12-30 19:30:00,6800.0
2019-12-30 19:45:00,6785.3
2019-12-30 20:00:00,6750.9
2019-12-30 20:15:00,6718.9
2019-12-30 20:30:00,6691.5
2019-12-30 20:45:00,6669.3
2019-12-30 21:00:00,6653.1
2019-12-30 21:15:00,6639.7
2019-12-30 21:30:00,6628.8
2019-12-30 21:45:00,6619.8
2019-12-30 22:00:00,6619.8
2019-12-30 22:15:00,6595.4
2019-12-30 22:30:00,6573.7
2019-12-30 22:45:00,6545.8
2019-12-30 23:00:00,6515.4
2019-12-30 23:15:00,6482.9
2019-12-30 23:30:00,6459.9
2019-12-30 23:45:00,6440.4
2019-12-31 00:00:00,6401.7
2019-12-31 00:15:00,6372.9
2019-12-31 00:30:00,6363.8
2019-12-31 00:45:00,6344.7
2019-12-31 01:00:00,6329.6
2019-12-31 01:15:00,6312.7
2019-12-31 01:30:00,6302.5
2019-12-31 01:45:00,6292.8
2019-12-31 02:00:00,6286.4
2019-12-31 02:15:00,6276.2
2019-12-31 02:30:00,6276.2
2019-12-31 02:45:00,6270.8
2019-12-31 03:00:00,6274.8
2019-12-31 03:15:00,6266.3
2019-12-31 03:30:00,6268.1
2019-12-31 03:45:00,6273.0
2019-12-31 04:00:00,6282.2
2019-12-31 04:15:00,6286.6
2019-12-31 04:30:00,6289.9
2019-12-31 04:45:00,6289.3
2019-12-31 05:00:00,6297.0
2019-12-31 05:15:00,6295.9
2019-12-31 05:30:00,6295.1
2019-12-31 05:45:00,6296.7
2019-12-31 06:00:00,6297.3
2019-12-31 06:15:00,6309.5
2019-12-31 06:30:00,6312.2
2019-12-31 06:45:00,6327.4
2019-12-31 07:00:00,6355.4
2019-12-31 07:15:00,6371.4
2019-12-31 07:30:00,6391.6
2019-12-31 07:45:00,6410.7
2019-12-31 08:00:00,6445.7
2019-12-31 08:15:00,6458.0
2019-12-31 08:30:00,6473.0
2019-12-31 08:45:00,6495.4
2019-12-31 09:00:00,6524.6
2019-12-31 09:15:00,6547.6
2019-12-31 09:30:00,6567.6
2019-12-31 09:45:00,6586.6
2019-12-31 10:00:00,6596.8
2019-12-31 10:15:00,6606.3
2019-12-31 10:30:00,6616.9
2019-12-31 10:45:00,6622.6
2019-12-31 11:00:00,6634.4
2019-12-31 11:15:00,6637.1
2019-12-31 11:30:00,6646.0
2019-12-31 11:45:00,6648.3
2019-12-31 12:00:00,6645.6
2019-12-31 12:15:00,6642.8
2019-12-31 12:30:00,6640.4
2019-12-31 12:45:00,6630.6
2019-12-31 13:00:00,6626.7
2019-12-31 13:15:00,6601.4
2019-12-31 13:30:00,6594.6
2019-12-31 13:45:00,6586.4
2019-12-31 14:00:00,6583.3
2019-12-31 14:15:00,6561.6
2019-12-31 14:30:00,6547.9
2019-12-31 14:45:00,6538.2
2019-12-31 15:00:00,6546.8
2019-12-31 15:15:00,6539.3
2019-12-31 15:30:00,6543.0
2019-12-31 15:45:00,6547.4
2019-12-31 16:00:00,6568.0
2019-12-31 16:15:00,6581.0
2019-12-31 16:30:00,6606.7
2019-12-31 16:45:00,6647.7
2019-12-31 17:00:00,6672.5
2019-12-31 17:15:00,6685.0
2019-12-31 17:30:00,6687.7
2019-12-31 17:45:00,6684.8
2019-12-31 18:00:00,6676.4
2019-12-31 18:15:00,6670.2
2019-12-31 18:30:00,6660.8
2019-12-31 18:45:00,6638.3
2019-12-31 19:00:00,6617.1
2019-12-31 19:15:00,6593.4
2019-12-31 19:30:00,6566.8
2019-12-31 19:45:00,6533.5
2019-12-31 20:00:00,6511.8
2019-12-31 20:15:00,6492.1
2019-12-31 20:30:00,6472.1
2019-12-31 20:45:00,6453.4
2019-12-31 21:00:00,6439.2
2019-12-31 21:15:00,6432.4
2019-12-31 21:30:00,6425.1
2019-12-31 21:45:00,6413.6
2019-12-31 22:00:00,6433.7
2019-12-31 22:15:00,6425.2
2019-12-31 22:30:00,6404.5
2019-12-31 22:45:00,6387.9
2019-12-31 23:00:00,6369.1
2019-12-31 23:15:00,6359.3
2019-12-31 23:30:00,6347.3
2019-12-31 23:45:00,6341.0
