EE_region,v_nom,x,y
0,380.0,9.212763994728128,51.13093636466974
