name,v_nom,zone_id,x,y
north,380,DE_1,9.9437675,53.5560129
east,380,DE_1,12.2288301,51.3418814
west,380,DE_1,6.6495454,51.238554
