datetime,demand_EOM
2019-01-01 00:00:00,784.0
2019-01-01 00:15:00,773.92
2019-01-01 00:30:00,764.08
2019-01-01 00:45:00,760.16
2019-01-01 01:00:00,753.2
2019-01-01 01:15:00,743.6
2019-01-01 01:30:00,733.04
2019-01-01 01:45:00,714.32
2019-01-01 02:00:00,716.48
2019-01-01 02:15:00,707.76
2019-01-01 02:30:00,694.32
2019-01-01 02:45:00,690.48
2019-01-01 03:00:00,695.84
2019-01-01 03:15:00,688.64
2019-01-01 03:30:00,687.6
2019-01-01 03:45:00,687.12
2019-01-01 04:00:00,687.2
2019-01-01 04:15:00,686.0
2019-01-01 04:30:00,685.92
2019-01-01 04:45:00,682.72
2019-01-01 05:00:00,682.56
2019-01-01 05:15:00,677.12
2019-01-01 05:30:00,676.0
2019-01-01 05:45:00,669.76
2019-01-01 06:00:00,661.92
2019-01-01 06:15:00,663.44
2019-01-01 06:30:00,665.84
2019-01-01 06:45:00,662.24
2019-01-01 07:00:00,673.04
2019-01-01 07:15:00,676.8
2019-01-01 07:30:00,677.36
2019-01-01 07:45:00,684.56
2019-01-01 08:00:00,685.44
2019-01-01 08:15:00,687.68
2019-01-01 08:30:00,696.64
2019-01-01 08:45:00,704.16
2019-01-01 09:00:00,722.72
2019-01-01 09:15:00,737.84
2019-01-01 09:30:00,752.08
2019-01-01 09:45:00,764.56
2019-01-01 10:00:00,779.36
2019-01-01 10:15:00,791.12
2019-01-01 10:30:00,805.6
2019-01-01 10:45:00,816.88
2019-01-01 11:00:00,837.28
2019-01-01 11:15:00,853.44
2019-01-01 11:30:00,867.12
2019-01-01 11:45:00,871.92
2019-01-01 12:00:00,880.4
2019-01-01 12:15:00,883.36
2019-01-01 12:30:00,883.44
2019-01-01 12:45:00,886.0
2019-01-01 13:00:00,881.2
2019-01-01 13:15:00,876.88
2019-01-01 13:30:00,877.36
2019-01-01 13:45:00,875.36
2019-01-01 14:00:00,876.48
2019-01-01 14:15:00,872.8
2019-01-01 14:30:00,872.08
2019-01-01 14:45:00,870.64
2019-01-01 15:00:00,876.32
2019-01-01 15:15:00,877.52
2019-01-01 15:30:00,880.8
2019-01-01 15:45:00,882.88
2019-01-01 16:00:00,891.36
2019-01-01 16:15:00,903.36
2019-01-01 16:30:00,925.84
2019-01-01 16:45:00,944.32
2019-01-01 17:00:00,967.2
2019-01-01 17:15:00,974.88
2019-01-01 17:30:00,983.68
2019-01-01 17:45:00,991.68
2019-01-01 18:00:00,994.72
2019-01-01 18:15:00,994.4
2019-01-01 18:30:00,993.76
2019-01-01 18:45:00,992.24
2019-01-01 19:00:00,990.4
2019-01-01 19:15:00,980.64
2019-01-01 19:30:00,971.76
2019-01-01 19:45:00,959.44
2019-01-01 20:00:00,948.32
2019-01-01 20:15:00,938.4
2019-01-01 20:30:00,925.2
2019-01-01 20:45:00,911.84
2019-01-01 21:00:00,903.92
2019-01-01 21:15:00,899.44
2019-01-01 21:30:00,895.36
2019-01-01 21:45:00,892.4
2019-01-01 22:00:00,896.48
2019-01-01 22:15:00,882.4
2019-01-01 22:30:00,871.04
2019-01-01 22:45:00,857.36
2019-01-01 23:00:00,842.96
2019-01-01 23:15:00,831.36
2019-01-01 23:30:00,812.08
2019-01-01 23:45:00,802.4
2019-01-02 00:00:00,800.88
2019-01-02 00:15:00,787.2
2019-01-02 00:30:00,771.84
2019-01-02 00:45:00,765.2
2019-01-02 01:00:00,759.6
2019-01-02 01:15:00,746.72
2019-01-02 01:30:00,743.52
2019-01-02 01:45:00,740.72
2019-01-02 02:00:00,742.08
2019-01-02 02:15:00,739.44
2019-01-02 02:30:00,737.6
2019-01-02 02:45:00,730.48
2019-01-02 03:00:00,739.76
2019-01-02 03:15:00,747.68
2019-01-02 03:30:00,748.56
2019-01-02 03:45:00,754.24
2019-01-02 04:00:00,767.12
2019-01-02 04:15:00,774.4
2019-01-02 04:30:00,787.36
2019-01-02 04:45:00,798.16
2019-01-02 05:00:00,812.08
2019-01-02 05:15:00,824.32
2019-01-02 05:30:00,851.12
2019-01-02 05:45:00,880.24
2019-01-02 06:00:00,911.68
2019-01-02 06:15:00,941.92
2019-01-02 06:30:00,968.64
2019-01-02 06:45:00,996.32
2019-01-02 07:00:00,1030.48
2019-01-02 07:15:00,1052.64
2019-01-02 07:30:00,1073.92
2019-01-02 07:45:00,1093.12
2019-01-02 08:00:00,1116.08
2019-01-02 08:15:00,1122.16
2019-01-02 08:30:00,1129.12
2019-01-02 08:45:00,1138.4
2019-01-02 09:00:00,1149.92
2019-01-02 09:15:00,1152.64
2019-01-02 09:30:00,1165.04
2019-01-02 09:45:00,1172.0
2019-01-02 10:00:00,1176.4
2019-01-02 10:15:00,1178.88
2019-01-02 10:30:00,1185.84
2019-01-02 10:45:00,1190.96
2019-01-02 11:00:00,1197.68
2019-01-02 11:15:00,1206.72
2019-01-02 11:30:00,1216.24
2019-01-02 11:45:00,1215.28
2019-01-02 12:00:00,1217.76
2019-01-02 12:15:00,1214.56
2019-01-02 12:30:00,1213.92
2019-01-02 12:45:00,1212.88
2019-01-02 13:00:00,1212.64
2019-01-02 13:15:00,1204.88
2019-01-02 13:30:00,1200.0
2019-01-02 13:45:00,1185.92
2019-01-02 14:00:00,1186.0
2019-01-02 14:15:00,1178.88
2019-01-02 14:30:00,1174.56
2019-01-02 14:45:00,1166.32
2019-01-02 15:00:00,1178.96
2019-01-02 15:15:00,1175.36
2019-01-02 15:30:00,1172.72
2019-01-02 15:45:00,1169.28
2019-01-02 16:00:00,1180.08
2019-01-02 16:15:00,1182.24
2019-01-02 16:30:00,1203.12
2019-01-02 16:45:00,1225.92
2019-01-02 17:00:00,1250.4
2019-01-02 17:15:00,1262.56
2019-01-02 17:30:00,1265.52
2019-01-02 17:45:00,1268.16
2019-01-02 18:00:00,1261.76
2019-01-02 18:15:00,1256.64
2019-01-02 18:30:00,1255.6
2019-01-02 18:45:00,1252.32
2019-01-02 19:00:00,1245.44
2019-01-02 19:15:00,1226.8
2019-01-02 19:30:00,1212.24
2019-01-02 19:45:00,1199.36
2019-01-02 20:00:00,1176.8
2019-01-02 20:15:00,1156.8
2019-01-02 20:30:00,1134.64
2019-01-02 20:45:00,1118.64
2019-01-02 21:00:00,1099.84
2019-01-02 21:15:00,1089.04
2019-01-02 21:30:00,1078.08
2019-01-02 21:45:00,1070.0
2019-01-02 22:00:00,1070.88
2019-01-02 22:15:00,1057.36
2019-01-02 22:30:00,1037.44
2019-01-02 22:45:00,1017.36
2019-01-02 23:00:00,1004.4
2019-01-02 23:15:00,981.68
2019-01-02 23:30:00,960.56
2019-01-02 23:45:00,943.2
2019-01-03 00:00:00,925.04
2019-01-03 00:15:00,921.04
2019-01-03 00:30:00,912.08
2019-01-03 00:45:00,896.24
2019-01-03 01:00:00,898.32
2019-01-03 01:15:00,894.88
2019-01-03 01:30:00,894.88
2019-01-03 01:45:00,889.84
2019-01-03 02:00:00,888.64
2019-01-03 02:15:00,887.84
2019-01-03 02:30:00,889.6
2019-01-03 02:45:00,888.88
2019-01-03 03:00:00,888.24
2019-01-03 03:15:00,883.36
2019-01-03 03:30:00,884.96
2019-01-03 03:45:00,889.6
2019-01-03 04:00:00,892.0
2019-01-03 04:15:00,896.8
2019-01-03 04:30:00,905.28
2019-01-03 04:45:00,914.88
2019-01-03 05:00:00,934.96
2019-01-03 05:15:00,942.72
2019-01-03 05:30:00,959.52
2019-01-03 05:45:00,981.28
2019-01-03 06:00:00,1011.84
2019-01-03 06:15:00,1037.76
2019-01-03 06:30:00,1064.48
2019-01-03 06:45:00,1087.52
2019-01-03 07:00:00,1111.6
2019-01-03 07:15:00,1128.08
2019-01-03 07:30:00,1147.6
2019-01-03 07:45:00,1164.72
2019-01-03 08:00:00,1175.12
2019-01-03 08:15:00,1184.48
2019-01-03 08:30:00,1192.64
2019-01-03 08:45:00,1201.6
2019-01-03 09:00:00,1210.8
2019-01-03 09:15:00,1213.84
2019-01-03 09:30:00,1216.4
2019-01-03 09:45:00,1222.08
2019-01-03 10:00:00,1225.12
2019-01-03 10:15:00,1225.84
2019-01-03 10:30:00,1230.8
2019-01-03 10:45:00,1233.92
2019-01-03 11:00:00,1241.12
2019-01-03 11:15:00,1248.72
2019-01-03 11:30:00,1253.12
2019-01-03 11:45:00,1251.36
2019-01-03 12:00:00,1257.12
2019-01-03 12:15:00,1253.28
2019-01-03 12:30:00,1252.64
2019-01-03 12:45:00,1248.4
2019-01-03 13:00:00,1242.24
2019-01-03 13:15:00,1231.92
2019-01-03 13:30:00,1224.64
2019-01-03 13:45:00,1216.08
2019-01-03 14:00:00,1218.16
2019-01-03 14:15:00,1213.36
2019-01-03 14:30:00,1210.32
2019-01-03 14:45:00,1204.0
2019-01-03 15:00:00,1206.48
2019-01-03 15:15:00,1197.52
2019-01-03 15:30:00,1193.04
2019-01-03 15:45:00,1196.64
2019-01-03 16:00:00,1202.16
2019-01-03 16:15:00,1212.56
2019-01-03 16:30:00,1227.6
2019-01-03 16:45:00,1251.28
2019-01-03 17:00:00,1273.2
2019-01-03 17:15:00,1284.24
2019-01-03 17:30:00,1290.08
2019-01-03 17:45:00,1291.52
2019-01-03 18:00:00,1286.48
2019-01-03 18:15:00,1281.12
2019-01-03 18:30:00,1275.28
2019-01-03 18:45:00,1271.92
2019-01-03 19:00:00,1262.16
2019-01-03 19:15:00,1245.44
2019-01-03 19:30:00,1230.96
2019-01-03 19:45:00,1219.44
2019-01-03 20:00:00,1196.88
2019-01-03 20:15:00,1171.36
2019-01-03 20:30:00,1154.72
2019-01-03 20:45:00,1138.48
2019-01-03 21:00:00,1124.96
2019-01-03 21:15:00,1115.36
2019-01-03 21:30:00,1095.68
2019-01-03 21:45:00,1088.96
2019-01-03 22:00:00,1086.48
2019-01-03 22:15:00,1071.36
2019-01-03 22:30:00,1050.64
2019-01-03 22:45:00,1039.28
2019-01-03 23:00:00,1022.72
2019-01-03 23:15:00,1002.32
2019-01-03 23:30:00,986.16
2019-01-03 23:45:00,974.24
2019-01-04 00:00:00,951.28
2019-01-04 00:15:00,937.84
2019-01-04 00:30:00,927.36
2019-01-04 00:45:00,916.0
2019-01-04 01:00:00,898.72
2019-01-04 01:15:00,892.48
2019-01-04 01:30:00,895.52
2019-01-04 01:45:00,893.52
2019-01-04 02:00:00,884.16
2019-01-04 02:15:00,879.44
2019-01-04 02:30:00,885.12
2019-01-04 02:45:00,886.72
2019-01-04 03:00:00,889.04
2019-01-04 03:15:00,889.92
2019-01-04 03:30:00,892.32
2019-01-04 03:45:00,900.72
2019-01-04 04:00:00,908.64
2019-01-04 04:15:00,908.48
2019-01-04 04:30:00,913.44
2019-01-04 04:45:00,925.2
2019-01-04 05:00:00,944.4
2019-01-04 05:15:00,950.4
2019-01-04 05:30:00,966.08
2019-01-04 05:45:00,988.32
2019-01-04 06:00:00,1021.44
2019-01-04 06:15:00,1049.44
2019-01-04 06:30:00,1071.28
2019-01-04 06:45:00,1100.48
2019-01-04 07:00:00,1136.72
2019-01-04 07:15:00,1160.08
2019-01-04 07:30:00,1178.88
2019-01-04 07:45:00,1195.6
2019-01-04 08:00:00,1217.92
2019-01-04 08:15:00,1228.72
2019-01-04 08:30:00,1233.92
2019-01-04 08:45:00,1242.24
2019-01-04 09:00:00,1250.48
2019-01-04 09:15:00,1262.56
2019-01-04 09:30:00,1271.6
2019-01-04 09:45:00,1270.16
2019-01-04 10:00:00,1271.84
2019-01-04 10:15:00,1287.04
2019-01-04 10:30:00,1294.0
2019-01-04 10:45:00,1298.88
2019-01-04 11:00:00,1293.68
2019-01-04 11:15:00,1300.24
2019-01-04 11:30:00,1304.16
2019-01-04 11:45:00,1308.0
2019-01-04 12:00:00,1311.84
2019-01-04 12:15:00,1308.24
2019-01-04 12:30:00,1308.72
2019-01-04 12:45:00,1303.36
2019-01-04 13:00:00,1301.92
2019-01-04 13:15:00,1292.4
2019-01-04 13:30:00,1281.68
2019-01-04 13:45:00,1272.24
2019-01-04 14:00:00,1264.0
2019-01-04 14:15:00,1254.24
2019-01-04 14:30:00,1245.84
2019-01-04 14:45:00,1240.48
2019-01-04 15:00:00,1229.6
2019-01-04 15:15:00,1223.68
2019-01-04 15:30:00,1221.44
2019-01-04 15:45:00,1220.32
2019-01-04 16:00:00,1236.48
2019-01-04 16:15:00,1243.44
2019-01-04 16:30:00,1255.52
2019-01-04 16:45:00,1266.8
2019-01-04 17:00:00,1283.52
2019-01-04 17:15:00,1289.44
2019-01-04 17:30:00,1296.0
2019-01-04 17:45:00,1295.52
2019-01-04 18:00:00,1288.72
2019-01-04 18:15:00,1281.04
2019-01-04 18:30:00,1274.64
2019-01-04 18:45:00,1266.72
2019-01-04 19:00:00,1257.92
2019-01-04 19:15:00,1240.64
2019-01-04 19:30:00,1233.2
2019-01-04 19:45:00,1217.92
2019-01-04 20:00:00,1186.24
2019-01-04 20:15:00,1166.0
2019-01-04 20:30:00,1150.72
2019-01-04 20:45:00,1131.12
2019-01-04 21:00:00,1114.72
2019-01-04 21:15:00,1104.4
2019-01-04 21:30:00,1096.72
2019-01-04 21:45:00,1082.4
2019-01-04 22:00:00,1080.4
2019-01-04 22:15:00,1074.32
2019-01-04 22:30:00,1056.72
2019-01-04 22:45:00,1040.0
2019-01-04 23:00:00,1010.4
2019-01-04 23:15:00,994.08
2019-01-04 23:30:00,975.6
2019-01-04 23:45:00,957.44
2019-01-05 00:00:00,936.72
2019-01-05 00:15:00,927.44
2019-01-05 00:30:00,920.0
2019-01-05 00:45:00,909.12
2019-01-05 01:00:00,893.68
2019-01-05 01:15:00,879.76
2019-01-05 01:30:00,877.44
2019-01-05 01:45:00,868.4
2019-01-05 02:00:00,861.28
2019-01-05 02:15:00,853.04
2019-01-05 02:30:00,856.32
2019-01-05 02:45:00,851.04
2019-01-05 03:00:00,846.64
2019-01-05 03:15:00,844.32
2019-01-05 03:30:00,845.44
2019-01-05 03:45:00,846.64
2019-01-05 04:00:00,849.76
2019-01-05 04:15:00,847.6
2019-01-05 04:30:00,848.24
2019-01-05 04:45:00,848.08
2019-01-05 05:00:00,850.56
2019-01-05 05:15:00,850.08
2019-01-05 05:30:00,849.52
2019-01-05 05:45:00,849.36
2019-01-05 06:00:00,858.72
2019-01-05 06:15:00,866.32
2019-01-05 06:30:00,876.08
2019-01-05 06:45:00,875.12
2019-01-05 07:00:00,901.44
2019-01-05 07:15:00,914.88
2019-01-05 07:30:00,923.28
2019-01-05 07:45:00,930.48
2019-01-05 08:00:00,968.72
2019-01-05 08:15:00,989.12
2019-01-05 08:30:00,984.24
2019-01-05 08:45:00,1000.4
2019-01-05 09:00:00,1033.52
2019-01-05 09:15:00,1045.36
2019-01-05 09:30:00,1065.52
2019-01-05 09:45:00,1073.84
2019-01-05 10:00:00,1088.4
2019-01-05 10:15:00,1096.08
2019-01-05 10:30:00,1101.52
2019-01-05 10:45:00,1107.36
2019-01-05 11:00:00,1118.96
2019-01-05 11:15:00,1120.24
2019-01-05 11:30:00,1127.76
2019-01-05 11:45:00,1122.72
2019-01-05 12:00:00,1126.0
2019-01-05 12:15:00,1122.48
2019-01-05 12:30:00,1119.92
2019-01-05 12:45:00,1112.4
2019-01-05 13:00:00,1110.24
2019-01-05 13:15:00,1098.8
2019-01-05 13:30:00,1089.84
2019-01-05 13:45:00,1084.8
2019-01-05 14:00:00,1080.96
2019-01-05 14:15:00,1072.56
2019-01-05 14:30:00,1070.24
2019-01-05 14:45:00,1065.68
2019-01-05 15:00:00,1068.48
2019-01-05 15:15:00,1062.64
2019-01-05 15:30:00,1060.56
2019-01-05 15:45:00,1061.76
2019-01-05 16:00:00,1067.68
2019-01-05 16:15:00,1074.48
2019-01-05 16:30:00,1086.8
2019-01-05 16:45:00,1108.08
2019-01-05 17:00:00,1133.04
2019-01-05 17:15:00,1138.8
2019-01-05 17:30:00,1144.48
2019-01-05 17:45:00,1148.48
2019-01-05 18:00:00,1152.88
2019-01-05 18:15:00,1139.44
2019-01-05 18:30:00,1142.64
2019-01-05 18:45:00,1135.04
2019-01-05 19:00:00,1124.96
2019-01-05 19:15:00,1111.2
2019-01-05 19:30:00,1100.64
2019-01-05 19:45:00,1087.44
2019-01-05 20:00:00,1058.4
2019-01-05 20:15:00,1037.92
2019-01-05 20:30:00,1022.56
2019-01-05 20:45:00,1010.32
2019-01-05 21:00:00,997.6
2019-01-05 21:15:00,988.56
2019-01-05 21:30:00,981.12
2019-01-05 21:45:00,972.72
2019-01-05 22:00:00,981.6
2019-01-05 22:15:00,971.2
2019-01-05 22:30:00,955.76
2019-01-05 22:45:00,947.12
2019-01-05 23:00:00,924.88
2019-01-05 23:15:00,908.0
2019-01-05 23:30:00,896.88
2019-01-05 23:45:00,885.84
2019-01-06 00:00:00,861.12
2019-01-06 00:15:00,842.0
2019-01-06 00:30:00,830.4
2019-01-06 00:45:00,820.16
2019-01-06 01:00:00,807.12
2019-01-06 01:15:00,798.96
2019-01-06 01:30:00,795.44
2019-01-06 01:45:00,788.0
2019-01-06 02:00:00,774.4
2019-01-06 02:15:00,771.68
2019-01-06 02:30:00,766.72
2019-01-06 02:45:00,764.16
2019-01-06 03:00:00,766.4
2019-01-06 03:15:00,769.12
2019-01-06 03:30:00,764.0
2019-01-06 03:45:00,761.2
2019-01-06 04:00:00,763.52
2019-01-06 04:15:00,764.96
2019-01-06 04:30:00,764.72
2019-01-06 04:45:00,765.2
2019-01-06 05:00:00,760.72
2019-01-06 05:15:00,752.24
2019-01-06 05:30:00,748.8
2019-01-06 05:45:00,745.6
2019-01-06 06:00:00,741.76
2019-01-06 06:15:00,742.32
2019-01-06 06:30:00,742.88
2019-01-06 06:45:00,749.52
2019-01-06 07:00:00,756.4
2019-01-06 07:15:00,760.32
2019-01-06 07:30:00,766.24
2019-01-06 07:45:00,781.36
2019-01-06 08:00:00,800.48
2019-01-06 08:15:00,812.64
2019-01-06 08:30:00,825.28
2019-01-06 08:45:00,843.28
2019-01-06 09:00:00,866.4
2019-01-06 09:15:00,885.36
2019-01-06 09:30:00,901.36
2019-01-06 09:45:00,914.16
2019-01-06 10:00:00,931.44
2019-01-06 10:15:00,944.32
2019-01-06 10:30:00,958.24
2019-01-06 10:45:00,970.88
2019-01-06 11:00:00,988.4
2019-01-06 11:15:00,999.36
2019-01-06 11:30:00,1009.92
2019-01-06 11:45:00,1015.12
2019-01-06 12:00:00,1020.64
2019-01-06 12:15:00,1015.52
2019-01-06 12:30:00,1011.76
2019-01-06 12:45:00,1005.52
2019-01-06 13:00:00,995.28
2019-01-06 13:15:00,986.32
2019-01-06 13:30:00,983.92
2019-01-06 13:45:00,978.08
2019-01-06 14:00:00,983.52
2019-01-06 14:15:00,978.64
2019-01-06 14:30:00,973.68
2019-01-06 14:45:00,966.32
2019-01-06 15:00:00,957.28
2019-01-06 15:15:00,959.44
2019-01-06 15:30:00,958.8
2019-01-06 15:45:00,958.88
2019-01-06 16:00:00,966.56
2019-01-06 16:15:00,979.68
2019-01-06 16:30:00,1000.08
2019-01-06 16:45:00,1025.12
2019-01-06 17:00:00,1046.48
2019-01-06 17:15:00,1060.96
2019-01-06 17:30:00,1068.8
2019-01-06 17:45:00,1071.2
2019-01-06 18:00:00,1088.16
2019-01-06 18:15:00,1087.36
2019-01-06 18:30:00,1081.12
2019-01-06 18:45:00,1069.2
2019-01-06 19:00:00,1068.4
2019-01-06 19:15:00,1055.2
2019-01-06 19:30:00,1051.2
2019-01-06 19:45:00,1039.04
2019-01-06 20:00:00,1030.4
2019-01-06 20:15:00,1015.68
2019-01-06 20:30:00,997.92
2019-01-06 20:45:00,987.6
2019-01-06 21:00:00,979.92
2019-01-06 21:15:00,975.84
2019-01-06 21:30:00,967.68
2019-01-06 21:45:00,953.76
2019-01-06 22:00:00,965.76
2019-01-06 22:15:00,973.44
2019-01-06 22:30:00,948.4
2019-01-06 22:45:00,931.36
2019-01-06 23:00:00,925.52
2019-01-06 23:15:00,911.28
2019-01-06 23:30:00,895.52
2019-01-06 23:45:00,869.44
2019-01-07 00:00:00,861.12
2019-01-07 00:15:00,847.44
2019-01-07 00:30:00,828.0
2019-01-07 00:45:00,816.8
2019-01-07 01:00:00,821.6
2019-01-07 01:15:00,808.96
2019-01-07 01:30:00,799.68
2019-01-07 01:45:00,793.92
2019-01-07 02:00:00,802.72
2019-01-07 02:15:00,797.44
2019-01-07 02:30:00,791.84
2019-01-07 02:45:00,794.56
2019-01-07 03:00:00,808.72
2019-01-07 03:15:00,812.0
2019-01-07 03:30:00,807.36
2019-01-07 03:45:00,811.36
2019-01-07 04:00:00,833.76
2019-01-07 04:15:00,834.96
2019-01-07 04:30:00,847.52
2019-01-07 04:45:00,863.04
2019-01-07 05:00:00,901.76
2019-01-07 05:15:00,909.36
2019-01-07 05:30:00,934.16
2019-01-07 05:45:00,971.04
2019-01-07 06:00:00,1045.04
2019-01-07 06:15:00,1094.72
2019-01-07 06:30:00,1131.44
2019-01-07 06:45:00,1159.28
2019-01-07 07:00:00,1204.56
2019-01-07 07:15:00,1223.68
2019-01-07 07:30:00,1250.08
2019-01-07 07:45:00,1265.28
2019-01-07 08:00:00,1288.8
2019-01-07 08:15:00,1290.16
2019-01-07 08:30:00,1296.24
2019-01-07 08:45:00,1300.4
2019-01-07 09:00:00,1297.36
2019-01-07 09:15:00,1296.56
2019-01-07 09:30:00,1301.36
2019-01-07 09:45:00,1306.4
2019-01-07 10:00:00,1316.0
2019-01-07 10:15:00,1323.28
2019-01-07 10:30:00,1330.08
2019-01-07 10:45:00,1334.72
2019-01-07 11:00:00,1341.2
2019-01-07 11:15:00,1348.08
2019-01-07 11:30:00,1349.36
2019-01-07 11:45:00,1349.12
2019-01-07 12:00:00,1344.32
2019-01-07 12:15:00,1344.48
2019-01-07 12:30:00,1344.88
2019-01-07 12:45:00,1344.0
2019-01-07 13:00:00,1347.52
2019-01-07 13:15:00,1348.8
2019-01-07 13:30:00,1345.04
2019-01-07 13:45:00,1334.08
2019-01-07 14:00:00,1337.04
2019-01-07 14:15:00,1340.4
2019-01-07 14:30:00,1341.92
2019-01-07 14:45:00,1337.28
2019-01-07 15:00:00,1343.52
2019-01-07 15:15:00,1337.92
2019-01-07 15:30:00,1331.68
2019-01-07 15:45:00,1333.28
2019-01-07 16:00:00,1339.6
2019-01-07 16:15:00,1349.12
2019-01-07 16:30:00,1358.0
2019-01-07 16:45:00,1374.88
2019-01-07 17:00:00,1395.36
2019-01-07 17:15:00,1401.28
2019-01-07 17:30:00,1401.84
2019-01-07 17:45:00,1403.84
2019-01-07 18:00:00,1392.8
2019-01-07 18:15:00,1384.56
2019-01-07 18:30:00,1380.32
2019-01-07 18:45:00,1375.28
2019-01-07 19:00:00,1365.6
2019-01-07 19:15:00,1349.44
2019-01-07 19:30:00,1338.32
2019-01-07 19:45:00,1331.28
2019-01-07 20:00:00,1306.08
2019-01-07 20:15:00,1285.52
2019-01-07 20:30:00,1269.2
2019-01-07 20:45:00,1250.48
2019-01-07 21:00:00,1237.68
2019-01-07 21:15:00,1224.16
2019-01-07 21:30:00,1209.44
2019-01-07 21:45:00,1188.72
2019-01-07 22:00:00,1181.6
2019-01-07 22:15:00,1163.84
2019-01-07 22:30:00,1139.2
2019-01-07 22:45:00,1116.48
2019-01-07 23:00:00,1092.4
2019-01-07 23:15:00,1078.48
2019-01-07 23:30:00,1059.36
2019-01-07 23:45:00,1048.16
2019-01-08 00:00:00,1009.12
2019-01-08 00:15:00,996.96
2019-01-08 00:30:00,984.72
2019-01-08 00:45:00,976.72
2019-01-08 01:00:00,964.48
2019-01-08 01:15:00,958.24
2019-01-08 01:30:00,950.56
2019-01-08 01:45:00,942.0
2019-01-08 02:00:00,939.28
2019-01-08 02:15:00,938.16
2019-01-08 02:30:00,937.52
2019-01-08 02:45:00,938.48
2019-01-08 03:00:00,944.32
2019-01-08 03:15:00,946.64
2019-01-08 03:30:00,952.0
2019-01-08 03:45:00,956.72
2019-01-08 04:00:00,965.44
2019-01-08 04:15:00,973.36
2019-01-08 04:30:00,984.64
2019-01-08 04:45:00,995.36
2019-01-08 05:00:00,1019.44
2019-01-08 05:15:00,1034.88
2019-01-08 05:30:00,1058.16
2019-01-08 05:45:00,1086.08
2019-01-08 06:00:00,1145.2
2019-01-08 06:15:00,1182.24
2019-01-08 06:30:00,1217.28
2019-01-08 06:45:00,1250.24
2019-01-08 07:00:00,1290.96
2019-01-08 07:15:00,1312.88
2019-01-08 07:30:00,1334.96
2019-01-08 07:45:00,1351.12
2019-01-08 08:00:00,1369.28
2019-01-08 08:15:00,1377.44
2019-01-08 08:30:00,1377.12
2019-01-08 08:45:00,1363.68
2019-01-08 09:00:00,1372.08
2019-01-08 09:15:00,1378.4
2019-01-08 09:30:00,1368.72
2019-01-08 09:45:00,1371.44
2019-01-08 10:00:00,1389.92
2019-01-08 10:15:00,1372.72
2019-01-08 10:30:00,1377.84
2019-01-08 10:45:00,1379.6
2019-01-08 11:00:00,1397.92
2019-01-08 11:15:00,1400.96
2019-01-08 11:30:00,1393.28
2019-01-08 11:45:00,1388.32
2019-01-08 12:00:00,1399.36
2019-01-08 12:15:00,1396.08
2019-01-08 12:30:00,1395.84
2019-01-08 12:45:00,1383.36
2019-01-08 13:00:00,1395.44
2019-01-08 13:15:00,1394.32
2019-01-08 13:30:00,1388.8
2019-01-08 13:45:00,1385.12
2019-01-08 14:00:00,1379.76
2019-01-08 14:15:00,1377.28
2019-01-08 14:30:00,1375.44
2019-01-08 14:45:00,1368.88
2019-01-08 15:00:00,1370.8
2019-01-08 15:15:00,1368.24
2019-01-08 15:30:00,1364.64
2019-01-08 15:45:00,1355.28
2019-01-08 16:00:00,1369.84
2019-01-08 16:15:00,1374.72
2019-01-08 16:30:00,1384.0
2019-01-08 16:45:00,1388.48
2019-01-08 17:00:00,1412.08
2019-01-08 17:15:00,1416.96
2019-01-08 17:30:00,1413.28
2019-01-08 17:45:00,1412.4
2019-01-08 18:00:00,1412.24
2019-01-08 18:15:00,1413.36
2019-01-08 18:30:00,1409.6
2019-01-08 18:45:00,1400.8
2019-01-08 19:00:00,1391.44
2019-01-08 19:15:00,1377.68
2019-01-08 19:30:00,1371.52
2019-01-08 19:45:00,1357.68
2019-01-08 20:00:00,1330.64
2019-01-08 20:15:00,1305.6
2019-01-08 20:30:00,1284.16
2019-01-08 20:45:00,1255.04
2019-01-08 21:00:00,1246.16
2019-01-08 21:15:00,1233.68
2019-01-08 21:30:00,1215.2
2019-01-08 21:45:00,1202.64
2019-01-08 22:00:00,1189.36
2019-01-08 22:15:00,1172.48
2019-01-08 22:30:00,1153.52
2019-01-08 22:45:00,1132.72
2019-01-08 23:00:00,1113.12
2019-01-08 23:15:00,1094.24
2019-01-08 23:30:00,1079.68
2019-01-08 23:45:00,1063.36
2019-01-09 00:00:00,1032.24
2019-01-09 00:15:00,1016.88
2019-01-09 00:30:00,1001.76
2019-01-09 00:45:00,991.04
2019-01-09 01:00:00,984.4
2019-01-09 01:15:00,978.96
2019-01-09 01:30:00,970.4
2019-01-09 01:45:00,956.08
2019-01-09 02:00:00,950.0
2019-01-09 02:15:00,956.88
2019-01-09 02:30:00,955.12
2019-01-09 02:45:00,957.28
2019-01-09 03:00:00,960.0
2019-01-09 03:15:00,959.12
2019-01-09 03:30:00,966.16
2019-01-09 03:45:00,974.08
2019-01-09 04:00:00,978.8
2019-01-09 04:15:00,992.56
2019-01-09 04:30:00,1002.24
2019-01-09 04:45:00,1006.96
2019-01-09 05:00:00,1027.92
2019-01-09 05:15:00,1039.76
2019-01-09 05:30:00,1063.76
2019-01-09 05:45:00,1086.24
2019-01-09 06:00:00,1132.96
2019-01-09 06:15:00,1184.4
2019-01-09 06:30:00,1221.04
2019-01-09 06:45:00,1258.24
2019-01-09 07:00:00,1297.36
2019-01-09 07:15:00,1319.28
2019-01-09 07:30:00,1338.72
2019-01-09 07:45:00,1353.12
2019-01-09 08:00:00,1379.36
2019-01-09 08:15:00,1390.24
2019-01-09 08:30:00,1387.36
2019-01-09 08:45:00,1389.2
2019-01-09 09:00:00,1387.76
2019-01-09 09:15:00,1397.36
2019-01-09 09:30:00,1402.64
2019-01-09 09:45:00,1410.56
2019-01-09 10:00:00,1413.92
2019-01-09 10:15:00,1412.16
2019-01-09 10:30:00,1415.84
2019-01-09 10:45:00,1424.64
2019-01-09 11:00:00,1432.0
2019-01-09 11:15:00,1433.12
2019-01-09 11:30:00,1439.6
2019-01-09 11:45:00,1438.16
2019-01-09 12:00:00,1427.76
2019-01-09 12:15:00,1424.56
2019-01-09 12:30:00,1421.52
2019-01-09 12:45:00,1422.8
2019-01-09 13:00:00,1427.84
2019-01-09 13:15:00,1423.12
2019-01-09 13:30:00,1414.16
2019-01-09 13:45:00,1406.72
2019-01-09 14:00:00,1407.84
2019-01-09 14:15:00,1408.32
2019-01-09 14:30:00,1401.12
2019-01-09 14:45:00,1395.28
2019-01-09 15:00:00,1397.68
2019-01-09 15:15:00,1388.16
2019-01-09 15:30:00,1387.12
2019-01-09 15:45:00,1382.96
2019-01-09 16:00:00,1384.48
2019-01-09 16:15:00,1387.76
2019-01-09 16:30:00,1398.56
2019-01-09 16:45:00,1416.56
2019-01-09 17:00:00,1431.84
2019-01-09 17:15:00,1444.88
2019-01-09 17:30:00,1449.28
2019-01-09 17:45:00,1448.0
2019-01-09 18:00:00,1433.76
2019-01-09 18:15:00,1425.28
2019-01-09 18:30:00,1424.8
2019-01-09 18:45:00,1417.6
2019-01-09 19:00:00,1409.28
2019-01-09 19:15:00,1394.88
2019-01-09 19:30:00,1381.52
2019-01-09 19:45:00,1366.64
2019-01-09 20:00:00,1340.0
2019-01-09 20:15:00,1313.68
2019-01-09 20:30:00,1296.0
2019-01-09 20:45:00,1278.8
2019-01-09 21:00:00,1263.12
2019-01-09 21:15:00,1248.16
2019-01-09 21:30:00,1225.04
2019-01-09 21:45:00,1202.72
2019-01-09 22:00:00,1204.08
2019-01-09 22:15:00,1188.56
2019-01-09 22:30:00,1161.6
2019-01-09 22:45:00,1135.28
2019-01-09 23:00:00,1111.84
2019-01-09 23:15:00,1089.12
2019-01-09 23:30:00,1069.04
2019-01-09 23:45:00,1054.24
2019-01-10 00:00:00,1044.16
2019-01-10 00:15:00,1034.72
2019-01-10 00:30:00,1026.32
2019-01-10 00:45:00,1006.88
2019-01-10 01:00:00,993.52
2019-01-10 01:15:00,982.88
2019-01-10 01:30:00,974.0
2019-01-10 01:45:00,967.04
2019-01-10 02:00:00,962.08
2019-01-10 02:15:00,959.12
2019-01-10 02:30:00,956.8
2019-01-10 02:45:00,951.76
2019-01-10 03:00:00,962.48
2019-01-10 03:15:00,960.0
2019-01-10 03:30:00,959.44
2019-01-10 03:45:00,962.8
2019-01-10 04:00:00,970.0
2019-01-10 04:15:00,971.2
2019-01-10 04:30:00,977.2
2019-01-10 04:45:00,987.52
2019-01-10 05:00:00,1008.0
2019-01-10 05:15:00,1017.6
2019-01-10 05:30:00,1035.44
2019-01-10 05:45:00,1066.0
2019-01-10 06:00:00,1117.04
2019-01-10 06:15:00,1153.12
2019-01-10 06:30:00,1184.0
2019-01-10 06:45:00,1214.96
2019-01-10 07:00:00,1261.84
2019-01-10 07:15:00,1282.48
2019-01-10 07:30:00,1294.0
2019-01-10 07:45:00,1309.6
2019-01-10 08:00:00,1338.64
2019-01-10 08:15:00,1346.56
2019-01-10 08:30:00,1345.36
2019-01-10 08:45:00,1345.44
2019-01-10 09:00:00,1339.12
2019-01-10 09:15:00,1346.72
2019-01-10 09:30:00,1355.44
2019-01-10 09:45:00,1350.48
2019-01-10 10:00:00,1366.4
2019-01-10 10:15:00,1367.6
2019-01-10 10:30:00,1369.28
2019-01-10 10:45:00,1373.76
2019-01-10 11:00:00,1378.96
2019-01-10 11:15:00,1379.68
2019-01-10 11:30:00,1382.96
2019-01-10 11:45:00,1377.2
2019-01-10 12:00:00,1374.96
2019-01-10 12:15:00,1371.68
2019-01-10 12:30:00,1370.32
2019-01-10 12:45:00,1369.84
2019-01-10 13:00:00,1373.52
2019-01-10 13:15:00,1370.08
2019-01-10 13:30:00,1357.52
2019-01-10 13:45:00,1346.24
2019-01-10 14:00:00,1341.68
2019-01-10 14:15:00,1341.36
2019-01-10 14:30:00,1336.8
2019-01-10 14:45:00,1336.8
2019-01-10 15:00:00,1337.6
2019-01-10 15:15:00,1332.32
2019-01-10 15:30:00,1327.12
2019-01-10 15:45:00,1327.44
2019-01-10 16:00:00,1325.52
2019-01-10 16:15:00,1329.28
2019-01-10 16:30:00,1339.92
2019-01-10 16:45:00,1356.32
2019-01-10 17:00:00,1377.6
2019-01-10 17:15:00,1385.12
2019-01-10 17:30:00,1389.28
2019-01-10 17:45:00,1390.56
2019-01-10 18:00:00,1380.0
2019-01-10 18:15:00,1371.44
2019-01-10 18:30:00,1367.2
2019-01-10 18:45:00,1367.12
2019-01-10 19:00:00,1362.32
2019-01-10 19:15:00,1348.48
2019-01-10 19:30:00,1333.2
2019-01-10 19:45:00,1321.84
2019-01-10 20:00:00,1302.24
2019-01-10 20:15:00,1283.68
2019-01-10 20:30:00,1263.44
2019-01-10 20:45:00,1245.84
2019-01-10 21:00:00,1227.76
2019-01-10 21:15:00,1208.0
2019-01-10 21:30:00,1189.36
2019-01-10 21:45:00,1175.84
2019-01-10 22:00:00,1181.76
2019-01-10 22:15:00,1169.68
2019-01-10 22:30:00,1146.24
2019-01-10 22:45:00,1132.72
2019-01-10 23:00:00,1103.52
2019-01-10 23:15:00,1088.16
2019-01-10 23:30:00,1079.44
2019-01-10 23:45:00,1066.16
2019-01-11 00:00:00,1059.92
2019-01-11 00:15:00,1046.8
2019-01-11 00:30:00,1034.48
2019-01-11 00:45:00,1023.92
2019-01-11 01:00:00,1008.4
2019-01-11 01:15:00,996.32
2019-01-11 01:30:00,992.0
2019-01-11 01:45:00,987.76
2019-01-11 02:00:00,980.88
2019-01-11 02:15:00,982.48
2019-01-11 02:30:00,986.56
2019-01-11 02:45:00,986.88
2019-01-11 03:00:00,989.44
2019-01-11 03:15:00,991.6
2019-01-11 03:30:00,995.68
2019-01-11 03:45:00,1001.36
2019-01-11 04:00:00,1008.24
2019-01-11 04:15:00,1014.8
2019-01-11 04:30:00,1023.28
2019-01-11 04:45:00,1032.8
2019-01-11 05:00:00,1049.52
2019-01-11 05:15:00,1060.88
2019-01-11 05:30:00,1085.36
2019-01-11 05:45:00,1114.0
2019-01-11 06:00:00,1167.44
2019-01-11 06:15:00,1211.12
2019-01-11 06:30:00,1251.2
2019-01-11 06:45:00,1287.44
2019-01-11 07:00:00,1323.04
2019-01-11 07:15:00,1345.28
2019-01-11 07:30:00,1365.44
2019-01-11 07:45:00,1382.16
2019-01-11 08:00:00,1396.88
2019-01-11 08:15:00,1400.64
2019-01-11 08:30:00,1404.64
2019-01-11 08:45:00,1411.44
2019-01-11 09:00:00,1407.36
2019-01-11 09:15:00,1412.88
2019-01-11 09:30:00,1415.2
2019-01-11 09:45:00,1425.2
2019-01-11 10:00:00,1424.32
2019-01-11 10:15:00,1422.0
2019-01-11 10:30:00,1432.0
2019-01-11 10:45:00,1415.84
2019-01-11 11:00:00,1435.36
2019-01-11 11:15:00,1444.8
2019-01-11 11:30:00,1443.2
2019-01-11 11:45:00,1427.68
2019-01-11 12:00:00,1434.8
2019-01-11 12:15:00,1428.16
2019-01-11 12:30:00,1413.28
2019-01-11 12:45:00,1408.72
2019-01-11 13:00:00,1422.0
2019-01-11 13:15:00,1413.92
2019-01-11 13:30:00,1386.64
2019-01-11 13:45:00,1369.28
2019-01-11 14:00:00,1380.16
2019-01-11 14:15:00,1356.8
2019-01-11 14:30:00,1354.72
2019-01-11 14:45:00,1347.76
2019-01-11 15:00:00,1343.28
2019-01-11 15:15:00,1337.6
2019-01-11 15:30:00,1332.8
2019-01-11 15:45:00,1331.92
2019-01-11 16:00:00,1349.76
2019-01-11 16:15:00,1351.12
2019-01-11 16:30:00,1358.8
2019-01-11 16:45:00,1370.88
2019-01-11 17:00:00,1390.8
2019-01-11 17:15:00,1402.08
2019-01-11 17:30:00,1402.4
2019-01-11 17:45:00,1397.76
2019-01-11 18:00:00,1387.68
2019-01-11 18:15:00,1379.36
2019-01-11 18:30:00,1375.2
2019-01-11 18:45:00,1367.76
2019-01-11 19:00:00,1360.56
2019-01-11 19:15:00,1349.84
2019-01-11 19:30:00,1336.4
2019-01-11 19:45:00,1320.24
2019-01-11 20:00:00,1290.16
2019-01-11 20:15:00,1262.08
2019-01-11 20:30:00,1238.72
2019-01-11 20:45:00,1223.52
2019-01-11 21:00:00,1205.68
2019-01-11 21:15:00,1186.72
2019-01-11 21:30:00,1170.64
2019-01-11 21:45:00,1154.32
2019-01-11 22:00:00,1154.16
2019-01-11 22:15:00,1138.8
2019-01-11 22:30:00,1120.08
2019-01-11 22:45:00,1102.8
2019-01-11 23:00:00,1078.4
2019-01-11 23:15:00,1061.2
2019-01-11 23:30:00,1045.2
2019-01-11 23:45:00,1034.0
2019-01-12 00:00:00,995.36
2019-01-12 00:15:00,977.04
2019-01-12 00:30:00,962.48
2019-01-12 00:45:00,952.56
2019-01-12 01:00:00,937.92
2019-01-12 01:15:00,925.28
2019-01-12 01:30:00,920.4
2019-01-12 01:45:00,911.92
2019-01-12 02:00:00,898.72
2019-01-12 02:15:00,890.72
2019-01-12 02:30:00,884.88
2019-01-12 02:45:00,887.6
2019-01-12 03:00:00,879.12
2019-01-12 03:15:00,874.8
2019-01-12 03:30:00,872.96
2019-01-12 03:45:00,864.64
2019-01-12 04:00:00,880.0
2019-01-12 04:15:00,881.68
2019-01-12 04:30:00,880.0
2019-01-12 04:45:00,878.72
2019-01-12 05:00:00,891.12
2019-01-12 05:15:00,890.0
2019-01-12 05:30:00,887.6
2019-01-12 05:45:00,890.64
2019-01-12 06:00:00,906.8
2019-01-12 06:15:00,915.52
2019-01-12 06:30:00,925.36
2019-01-12 06:45:00,931.84
2019-01-12 07:00:00,957.36
2019-01-12 07:15:00,977.6
2019-01-12 07:30:00,992.16
2019-01-12 07:45:00,1005.76
2019-01-12 08:00:00,1030.32
2019-01-12 08:15:00,1045.76
2019-01-12 08:30:00,1056.4
2019-01-12 08:45:00,1065.92
2019-01-12 09:00:00,1099.44
2019-01-12 09:15:00,1114.64
2019-01-12 09:30:00,1125.76
2019-01-12 09:45:00,1130.8
2019-01-12 10:00:00,1159.84
2019-01-12 10:15:00,1164.24
2019-01-12 10:30:00,1175.04
2019-01-12 10:45:00,1175.28
2019-01-12 11:00:00,1189.92
2019-01-12 11:15:00,1201.04
2019-01-12 11:30:00,1204.24
2019-01-12 11:45:00,1205.2
2019-01-12 12:00:00,1198.32
2019-01-12 12:15:00,1198.48
2019-01-12 12:30:00,1193.44
2019-01-12 12:45:00,1184.96
2019-01-12 13:00:00,1176.64
2019-01-12 13:15:00,1162.24
2019-01-12 13:30:00,1157.44
2019-01-12 13:45:00,1149.6
2019-01-12 14:00:00,1144.56
2019-01-12 14:15:00,1137.36
2019-01-12 14:30:00,1136.72
2019-01-12 14:45:00,1131.68
2019-01-12 15:00:00,1129.04
2019-01-12 15:15:00,1126.88
2019-01-12 15:30:00,1126.08
2019-01-12 15:45:00,1127.76
2019-01-12 16:00:00,1131.92
2019-01-12 16:15:00,1139.76
2019-01-12 16:30:00,1149.12
2019-01-12 16:45:00,1169.68
2019-01-12 17:00:00,1194.0
2019-01-12 17:15:00,1202.4
2019-01-12 17:30:00,1202.8
2019-01-12 17:45:00,1201.92
2019-01-12 18:00:00,1209.12
2019-01-12 18:15:00,1198.16
2019-01-12 18:30:00,1191.84
2019-01-12 18:45:00,1188.0
2019-01-12 19:00:00,1175.2
2019-01-12 19:15:00,1160.16
2019-01-12 19:30:00,1144.0
2019-01-12 19:45:00,1134.88
2019-01-12 20:00:00,1115.76
2019-01-12 20:15:00,1092.56
2019-01-12 20:30:00,1071.12
2019-01-12 20:45:00,1059.04
2019-01-12 21:00:00,1040.88
2019-01-12 21:15:00,1032.56
2019-01-12 21:30:00,1020.72
2019-01-12 21:45:00,1015.6
2019-01-12 22:00:00,1023.12
2019-01-12 22:15:00,1010.24
2019-01-12 22:30:00,994.24
2019-01-12 22:45:00,982.96
2019-01-12 23:00:00,970.56
2019-01-12 23:15:00,958.16
2019-01-12 23:30:00,945.84
2019-01-12 23:45:00,928.32
2019-01-13 00:00:00,902.64
2019-01-13 00:15:00,883.68
2019-01-13 00:30:00,874.88
2019-01-13 00:45:00,860.96
2019-01-13 01:00:00,848.72
2019-01-13 01:15:00,840.8
2019-01-13 01:30:00,831.6
2019-01-13 01:45:00,822.96
2019-01-13 02:00:00,816.08
2019-01-13 02:15:00,813.2
2019-01-13 02:30:00,804.96
2019-01-13 02:45:00,802.56
2019-01-13 03:00:00,798.16
2019-01-13 03:15:00,796.56
2019-01-13 03:30:00,796.96
2019-01-13 03:45:00,794.32
2019-01-13 04:00:00,794.16
2019-01-13 04:15:00,789.68
2019-01-13 04:30:00,797.44
2019-01-13 04:45:00,796.24
2019-01-13 05:00:00,795.84
2019-01-13 05:15:00,791.36
2019-01-13 05:30:00,784.88
2019-01-13 05:45:00,781.6
2019-01-13 06:00:00,775.04
2019-01-13 06:15:00,773.28
2019-01-13 06:30:00,776.56
2019-01-13 06:45:00,786.72
2019-01-13 07:00:00,801.44
2019-01-13 07:15:00,810.0
2019-01-13 07:30:00,825.52
2019-01-13 07:45:00,833.04
2019-01-13 08:00:00,865.76
2019-01-13 08:15:00,882.4
2019-01-13 08:30:00,903.6
2019-01-13 08:45:00,909.76
2019-01-13 09:00:00,945.36
2019-01-13 09:15:00,965.12
2019-01-13 09:30:00,984.56
2019-01-13 09:45:00,1000.48
2019-01-13 10:00:00,1014.56
2019-01-13 10:15:00,1027.76
2019-01-13 10:30:00,1043.68
2019-01-13 10:45:00,1059.76
2019-01-13 11:00:00,1080.24
2019-01-13 11:15:00,1096.08
2019-01-13 11:30:00,1107.04
2019-01-13 11:45:00,1111.84
2019-01-13 12:00:00,1108.4
2019-01-13 12:15:00,1107.52
2019-01-13 12:30:00,1101.76
2019-01-13 12:45:00,1096.0
2019-01-13 13:00:00,1089.76
2019-01-13 13:15:00,1082.24
2019-01-13 13:30:00,1081.76
2019-01-13 13:45:00,1071.92
2019-01-13 14:00:00,1065.6
2019-01-13 14:15:00,1062.88
2019-01-13 14:30:00,1061.52
2019-01-13 14:45:00,1056.0
2019-01-13 15:00:00,1056.56
2019-01-13 15:15:00,1051.84
2019-01-13 15:30:00,1050.96
2019-01-13 15:45:00,1052.24
2019-01-13 16:00:00,1058.24
2019-01-13 16:15:00,1064.72
2019-01-13 16:30:00,1075.44
2019-01-13 16:45:00,1088.72
2019-01-13 17:00:00,1113.12
2019-01-13 17:15:00,1124.96
2019-01-13 17:30:00,1134.72
2019-01-13 17:45:00,1146.88
2019-01-13 18:00:00,1155.52
2019-01-13 18:15:00,1149.92
2019-01-13 18:30:00,1148.64
2019-01-13 18:45:00,1142.72
2019-01-13 19:00:00,1133.6
2019-01-13 19:15:00,1123.52
2019-01-13 19:30:00,1115.04
2019-01-13 19:45:00,1105.04
2019-01-13 20:00:00,1085.68
2019-01-13 20:15:00,1067.36
2019-01-13 20:30:00,1053.52
2019-01-13 20:45:00,1044.32
2019-01-13 21:00:00,1041.28
2019-01-13 21:15:00,1033.6
2019-01-13 21:30:00,1027.12
2019-01-13 21:45:00,1027.2
2019-01-13 22:00:00,1039.52
2019-01-13 22:15:00,1030.48
2019-01-13 22:30:00,1020.64
2019-01-13 22:45:00,1010.16
2019-01-13 23:00:00,992.64
2019-01-13 23:15:00,979.2
2019-01-13 23:30:00,968.88
2019-01-13 23:45:00,949.12
2019-01-14 00:00:00,935.52
2019-01-14 00:15:00,926.96
2019-01-14 00:30:00,918.32
2019-01-14 00:45:00,906.56
2019-01-14 01:00:00,884.48
2019-01-14 01:15:00,880.0
2019-01-14 01:30:00,878.24
2019-01-14 01:45:00,873.28
2019-01-14 02:00:00,866.48
2019-01-14 02:15:00,862.24
2019-01-14 02:30:00,860.4
2019-01-14 02:45:00,871.76
2019-01-14 03:00:00,872.72
2019-01-14 03:15:00,874.48
2019-01-14 03:30:00,877.52
2019-01-14 03:45:00,881.76
2019-01-14 04:00:00,893.92
2019-01-14 04:15:00,904.64
2019-01-14 04:30:00,917.12
2019-01-14 04:45:00,930.48
2019-01-14 05:00:00,968.24
2019-01-14 05:15:00,984.8
2019-01-14 05:30:00,1008.16
2019-01-14 05:45:00,1041.76
2019-01-14 06:00:00,1106.08
2019-01-14 06:15:00,1154.08
2019-01-14 06:30:00,1191.28
2019-01-14 06:45:00,1230.16
2019-01-14 07:00:00,1276.0
2019-01-14 07:15:00,1302.48
2019-01-14 07:30:00,1321.6
2019-01-14 07:45:00,1338.4
2019-01-14 08:00:00,1350.64
2019-01-14 08:15:00,1360.56
2019-01-14 08:30:00,1362.64
2019-01-14 08:45:00,1367.84
2019-01-14 09:00:00,1352.64
2019-01-14 09:15:00,1362.8
2019-01-14 09:30:00,1370.8
2019-01-14 09:45:00,1374.0
2019-01-14 10:00:00,1369.6
2019-01-14 10:15:00,1371.04
2019-01-14 10:30:00,1368.56
2019-01-14 10:45:00,1372.64
2019-01-14 11:00:00,1379.68
2019-01-14 11:15:00,1379.76
2019-01-14 11:30:00,1386.56
2019-01-14 11:45:00,1389.44
2019-01-14 12:00:00,1380.48
2019-01-14 12:15:00,1373.92
2019-01-14 12:30:00,1379.12
2019-01-14 12:45:00,1380.24
2019-01-14 13:00:00,1385.68
2019-01-14 13:15:00,1380.4
2019-01-14 13:30:00,1374.72
2019-01-14 13:45:00,1365.84
2019-01-14 14:00:00,1364.48
2019-01-14 14:15:00,1363.52
2019-01-14 14:30:00,1362.96
2019-01-14 14:45:00,1360.0
2019-01-14 15:00:00,1359.36
2019-01-14 15:15:00,1349.12
2019-01-14 15:30:00,1343.68
2019-01-14 15:45:00,1335.68
2019-01-14 16:00:00,1336.4
2019-01-14 16:15:00,1334.4
2019-01-14 16:30:00,1336.16
2019-01-14 16:45:00,1357.92
2019-01-14 17:00:00,1388.72
2019-01-14 17:15:00,1406.4
2019-01-14 17:30:00,1414.56
2019-01-14 17:45:00,1414.08
2019-01-14 18:00:00,1403.36
2019-01-14 18:15:00,1392.56
2019-01-14 18:30:00,1393.12
2019-01-14 18:45:00,1386.56
2019-01-14 19:00:00,1374.4
2019-01-14 19:15:00,1358.08
2019-01-14 19:30:00,1355.04
2019-01-14 19:45:00,1339.6
2019-01-14 20:00:00,1309.68
2019-01-14 20:15:00,1283.84
2019-01-14 20:30:00,1267.84
2019-01-14 20:45:00,1253.36
2019-01-14 21:00:00,1235.84
2019-01-14 21:15:00,1215.52
2019-01-14 21:30:00,1200.16
2019-01-14 21:45:00,1182.16
2019-01-14 22:00:00,1176.4
2019-01-14 22:15:00,1153.84
2019-01-14 22:30:00,1137.76
2019-01-14 22:45:00,1119.6
2019-01-14 23:00:00,1090.08
2019-01-14 23:15:00,1071.28
2019-01-14 23:30:00,1056.8
2019-01-14 23:45:00,1038.8
2019-01-15 00:00:00,1025.36
2019-01-15 00:15:00,1014.8
2019-01-15 00:30:00,1006.64
2019-01-15 00:45:00,998.96
2019-01-15 01:00:00,979.68
2019-01-15 01:15:00,974.8
2019-01-15 01:30:00,971.84
2019-01-15 01:45:00,977.36
2019-01-15 02:00:00,965.68
2019-01-15 02:15:00,961.2
2019-01-15 02:30:00,960.16
2019-01-15 02:45:00,961.28
2019-01-15 03:00:00,964.16
2019-01-15 03:15:00,961.92
2019-01-15 03:30:00,967.2
2019-01-15 03:45:00,967.52
2019-01-15 04:00:00,973.68
2019-01-15 04:15:00,979.84
2019-01-15 04:30:00,991.12
2019-01-15 04:45:00,991.6
2019-01-15 05:00:00,1027.68
2019-01-15 05:15:00,1042.24
2019-01-15 05:30:00,1062.88
2019-01-15 05:45:00,1075.2
2019-01-15 06:00:00,1142.72
2019-01-15 06:15:00,1178.16
2019-01-15 06:30:00,1211.52
2019-01-15 06:45:00,1248.8
2019-01-15 07:00:00,1293.44
2019-01-15 07:15:00,1318.64
2019-01-15 07:30:00,1342.0
2019-01-15 07:45:00,1361.12
2019-01-15 08:00:00,1375.52
2019-01-15 08:15:00,1380.08
2019-01-15 08:30:00,1382.64
2019-01-15 08:45:00,1385.36
2019-01-15 09:00:00,1375.68
2019-01-15 09:15:00,1374.88
2019-01-15 09:30:00,1385.68
2019-01-15 09:45:00,1388.56
2019-01-15 10:00:00,1398.0
2019-01-15 10:15:00,1398.64
2019-01-15 10:30:00,1398.0
2019-01-15 10:45:00,1388.4
2019-01-15 11:00:00,1405.6
2019-01-15 11:15:00,1407.52
2019-01-15 11:30:00,1393.04
2019-01-15 11:45:00,1389.84
2019-01-15 12:00:00,1396.24
2019-01-15 12:15:00,1378.72
2019-01-15 12:30:00,1377.12
2019-01-15 12:45:00,1379.12
2019-01-15 13:00:00,1399.2
2019-01-15 13:15:00,1387.36
2019-01-15 13:30:00,1381.04
2019-01-15 13:45:00,1373.76
2019-01-15 14:00:00,1385.04
2019-01-15 14:15:00,1386.64
2019-01-15 14:30:00,1385.04
2019-01-15 14:45:00,1388.08
2019-01-15 15:00:00,1382.24
2019-01-15 15:15:00,1379.84
2019-01-15 15:30:00,1370.24
2019-01-15 15:45:00,1368.16
2019-01-15 16:00:00,1366.0
2019-01-15 16:15:00,1365.68
2019-01-15 16:30:00,1371.84
2019-01-15 16:45:00,1380.24
2019-01-15 17:00:00,1396.8
2019-01-15 17:15:00,1408.72
2019-01-15 17:30:00,1415.04
2019-01-15 17:45:00,1418.32
2019-01-15 18:00:00,1406.72
2019-01-15 18:15:00,1398.32
2019-01-15 18:30:00,1390.64
2019-01-15 18:45:00,1392.32
2019-01-15 19:00:00,1386.08
2019-01-15 19:15:00,1366.72
2019-01-15 19:30:00,1360.4
2019-01-15 19:45:00,1344.96
2019-01-15 20:00:00,1313.92
2019-01-15 20:15:00,1295.28
2019-01-15 20:30:00,1281.2
2019-01-15 20:45:00,1245.28
2019-01-15 21:00:00,1241.68
2019-01-15 21:15:00,1225.12
2019-01-15 21:30:00,1214.4
2019-01-15 21:45:00,1191.68
2019-01-15 22:00:00,1181.52
2019-01-15 22:15:00,1172.16
2019-01-15 22:30:00,1149.2
2019-01-15 22:45:00,1130.4
2019-01-15 23:00:00,1102.48
2019-01-15 23:15:00,1079.12
2019-01-15 23:30:00,1069.68
2019-01-15 23:45:00,1050.0
2019-01-16 00:00:00,1028.16
2019-01-16 00:15:00,1010.08
2019-01-16 00:30:00,1000.0
2019-01-16 00:45:00,984.0
2019-01-16 01:00:00,971.92
2019-01-16 01:15:00,963.76
2019-01-16 01:30:00,954.8
2019-01-16 01:45:00,949.68
2019-01-16 02:00:00,940.4
2019-01-16 02:15:00,941.2
2019-01-16 02:30:00,934.8
2019-01-16 02:45:00,933.52
2019-01-16 03:00:00,933.84
2019-01-16 03:15:00,939.84
2019-01-16 03:30:00,943.44
2019-01-16 03:45:00,948.16
2019-01-16 04:00:00,963.28
2019-01-16 04:15:00,971.44
2019-01-16 04:30:00,978.16
2019-01-16 04:45:00,981.2
2019-01-16 05:00:00,1013.68
2019-01-16 05:15:00,1024.56
2019-01-16 05:30:00,1043.52
2019-01-16 05:45:00,1074.08
2019-01-16 06:00:00,1131.28
2019-01-16 06:15:00,1179.28
2019-01-16 06:30:00,1225.76
2019-01-16 06:45:00,1266.88
2019-01-16 07:00:00,1307.52
2019-01-16 07:15:00,1333.6
2019-01-16 07:30:00,1354.08
2019-01-16 07:45:00,1366.56
2019-01-16 08:00:00,1380.64
2019-01-16 08:15:00,1382.96
2019-01-16 08:30:00,1383.36
2019-01-16 08:45:00,1387.12
2019-01-16 09:00:00,1381.6
2019-01-16 09:15:00,1382.4
2019-01-16 09:30:00,1385.92
2019-01-16 09:45:00,1386.0
2019-01-16 10:00:00,1386.16
2019-01-16 10:15:00,1391.6
2019-01-16 10:30:00,1395.2
2019-01-16 10:45:00,1399.2
2019-01-16 11:00:00,1399.36
2019-01-16 11:15:00,1403.52
2019-01-16 11:30:00,1410.24
2019-01-16 11:45:00,1410.8
2019-01-16 12:00:00,1403.12
2019-01-16 12:15:00,1397.04
2019-01-16 12:30:00,1399.6
2019-01-16 12:45:00,1401.44
2019-01-16 13:00:00,1406.48
2019-01-16 13:15:00,1403.28
2019-01-16 13:30:00,1396.88
2019-01-16 13:45:00,1380.56
2019-01-16 14:00:00,1372.96
2019-01-16 14:15:00,1369.12
2019-01-16 14:30:00,1367.28
2019-01-16 14:45:00,1366.8
2019-01-16 15:00:00,1368.24
2019-01-16 15:15:00,1360.8
2019-01-16 15:30:00,1357.6
2019-01-16 15:45:00,1349.6
2019-01-16 16:00:00,1344.8
2019-01-16 16:15:00,1348.24
2019-01-16 16:30:00,1357.84
2019-01-16 16:45:00,1370.96
2019-01-16 17:00:00,1395.04
2019-01-16 17:15:00,1414.96
2019-01-16 17:30:00,1426.64
2019-01-16 17:45:00,1428.0
2019-01-16 18:00:00,1417.36
2019-01-16 18:15:00,1408.64
2019-01-16 18:30:00,1402.64
2019-01-16 18:45:00,1400.16
2019-01-16 19:00:00,1394.32
2019-01-16 19:15:00,1378.16
2019-01-16 19:30:00,1365.28
2019-01-16 19:45:00,1341.76
2019-01-16 20:00:00,1321.84
2019-01-16 20:15:00,1296.96
2019-01-16 20:30:00,1275.04
2019-01-16 20:45:00,1261.36
2019-01-16 21:00:00,1245.12
2019-01-16 21:15:00,1229.84
2019-01-16 21:30:00,1213.6
2019-01-16 21:45:00,1193.36
2019-01-16 22:00:00,1185.68
2019-01-16 22:15:00,1169.36
2019-01-16 22:30:00,1153.12
2019-01-16 22:45:00,1134.08
2019-01-16 23:00:00,1108.48
2019-01-16 23:15:00,1091.6
2019-01-16 23:30:00,1076.24
2019-01-16 23:45:00,1059.44
2019-01-17 00:00:00,1040.88
2019-01-17 00:15:00,1027.68
2019-01-17 00:30:00,1021.76
2019-01-17 00:45:00,1010.16
2019-01-17 01:00:00,999.44
2019-01-17 01:15:00,985.04
2019-01-17 01:30:00,984.24
2019-01-17 01:45:00,982.64
2019-01-17 02:00:00,966.72
2019-01-17 02:15:00,962.48
2019-01-17 02:30:00,960.64
2019-01-17 02:45:00,962.48
2019-01-17 03:00:00,961.92
2019-01-17 03:15:00,967.28
2019-01-17 03:30:00,962.4
2019-01-17 03:45:00,966.8
2019-01-17 04:00:00,979.92
2019-01-17 04:15:00,993.92
2019-01-17 04:30:00,1000.56
2019-01-17 04:45:00,1004.8
2019-01-17 05:00:00,1037.52
2019-01-17 05:15:00,1048.16
2019-01-17 05:30:00,1067.44
2019-01-17 05:45:00,1092.4
2019-01-17 06:00:00,1149.04
2019-01-17 06:15:00,1193.92
2019-01-17 06:30:00,1230.0
2019-01-17 06:45:00,1266.08
2019-01-17 07:00:00,1311.68
2019-01-17 07:15:00,1343.28
2019-01-17 07:30:00,1363.28
2019-01-17 07:45:00,1384.08
2019-01-17 08:00:00,1390.64
2019-01-17 08:15:00,1397.12
2019-01-17 08:30:00,1399.84
2019-01-17 08:45:00,1395.52
2019-01-17 09:00:00,1386.64
2019-01-17 09:15:00,1393.28
2019-01-17 09:30:00,1394.96
2019-01-17 09:45:00,1397.12
2019-01-17 10:00:00,1397.2
2019-01-17 10:15:00,1403.36
2019-01-17 10:30:00,1406.88
2019-01-17 10:45:00,1413.28
2019-01-17 11:00:00,1413.68
2019-01-17 11:15:00,1420.0
2019-01-17 11:30:00,1427.76
2019-01-17 11:45:00,1432.64
2019-01-17 12:00:00,1424.72
2019-01-17 12:15:00,1421.2
2019-01-17 12:30:00,1422.0
2019-01-17 12:45:00,1412.72
2019-01-17 13:00:00,1428.4
2019-01-17 13:15:00,1422.0
2019-01-17 13:30:00,1412.24
2019-01-17 13:45:00,1388.72
2019-01-17 14:00:00,1400.24
2019-01-17 14:15:00,1398.4
2019-01-17 14:30:00,1384.48
2019-01-17 14:45:00,1376.48
2019-01-17 15:00:00,1383.12
2019-01-17 15:15:00,1364.64
2019-01-17 15:30:00,1363.68
2019-01-17 15:45:00,1355.68
2019-01-17 16:00:00,1364.24
2019-01-17 16:15:00,1364.88
2019-01-17 16:30:00,1369.44
2019-01-17 16:45:00,1378.56
2019-01-17 17:00:00,1402.0
2019-01-17 17:15:00,1423.68
2019-01-17 17:30:00,1435.12
2019-01-17 17:45:00,1436.96
2019-01-17 18:00:00,1427.84
2019-01-17 18:15:00,1421.84
2019-01-17 18:30:00,1422.56
2019-01-17 18:45:00,1405.76
2019-01-17 19:00:00,1403.28
2019-01-17 19:15:00,1386.4
2019-01-17 19:30:00,1373.2
2019-01-17 19:45:00,1368.24
2019-01-17 20:00:00,1347.28
2019-01-17 20:15:00,1323.52
2019-01-17 20:30:00,1302.16
2019-01-17 20:45:00,1278.08
2019-01-17 21:00:00,1255.04
2019-01-17 21:15:00,1239.84
2019-01-17 21:30:00,1222.56
2019-01-17 21:45:00,1217.28
2019-01-17 22:00:00,1205.28
2019-01-17 22:15:00,1182.4
2019-01-17 22:30:00,1156.64
2019-01-17 22:45:00,1135.76
2019-01-17 23:00:00,1102.4
2019-01-17 23:15:00,1096.08
2019-01-17 23:30:00,1075.12
2019-01-17 23:45:00,1057.6
2019-01-18 00:00:00,1046.4
2019-01-18 00:15:00,1037.68
2019-01-18 00:30:00,1029.2
2019-01-18 00:45:00,1017.6
2019-01-18 01:00:00,999.2
2019-01-18 01:15:00,990.16
2019-01-18 01:30:00,982.32
2019-01-18 01:45:00,974.08
2019-01-18 02:00:00,964.64
2019-01-18 02:15:00,959.52
2019-01-18 02:30:00,952.96
2019-01-18 02:45:00,943.76
2019-01-18 03:00:00,962.08
2019-01-18 03:15:00,958.88
2019-01-18 03:30:00,962.96
2019-01-18 03:45:00,969.2
2019-01-18 04:00:00,982.48
2019-01-18 04:15:00,990.48
2019-01-18 04:30:00,991.6
2019-01-18 04:45:00,999.92
2019-01-18 05:00:00,1020.56
2019-01-18 05:15:00,1029.6
2019-01-18 05:30:00,1049.36
2019-01-18 05:45:00,1075.6
2019-01-18 06:00:00,1128.16
2019-01-18 06:15:00,1171.6
2019-01-18 06:30:00,1209.28
2019-01-18 06:45:00,1228.8
2019-01-18 07:00:00,1282.64
2019-01-18 07:15:00,1306.32
2019-01-18 07:30:00,1327.28
2019-01-18 07:45:00,1337.6
2019-01-18 08:00:00,1356.56
2019-01-18 08:15:00,1361.04
2019-01-18 08:30:00,1361.44
2019-01-18 08:45:00,1344.32
2019-01-18 09:00:00,1352.72
2019-01-18 09:15:00,1355.12
2019-01-18 09:30:00,1342.56
2019-01-18 09:45:00,1344.8
2019-01-18 10:00:00,1352.48
2019-01-18 10:15:00,1352.08
2019-01-18 10:30:00,1334.64
2019-01-18 10:45:00,1336.96
2019-01-18 11:00:00,1354.16
2019-01-18 11:15:00,1359.36
2019-01-18 11:30:00,1344.08
2019-01-18 11:45:00,1340.8
2019-01-18 12:00:00,1349.76
2019-01-18 12:15:00,1329.28
2019-01-18 12:30:00,1321.36
2019-01-18 12:45:00,1319.92
2019-01-18 13:00:00,1328.48
2019-01-18 13:15:00,1317.44
2019-01-18 13:30:00,1308.16
2019-01-18 13:45:00,1276.96
2019-01-18 14:00:00,1294.32
2019-01-18 14:15:00,1290.24
2019-01-18 14:30:00,1283.6
2019-01-18 14:45:00,1283.68
2019-01-18 15:00:00,1277.76
2019-01-18 15:15:00,1272.0
2019-01-18 15:30:00,1269.2
2019-01-18 15:45:00,1266.48
2019-01-18 16:00:00,1266.32
2019-01-18 16:15:00,1267.36
2019-01-18 16:30:00,1274.24
2019-01-18 16:45:00,1290.56
2019-01-18 17:00:00,1320.08
2019-01-18 17:15:00,1341.84
2019-01-18 17:30:00,1351.92
2019-01-18 17:45:00,1350.96
2019-01-18 18:00:00,1346.8
2019-01-18 18:15:00,1338.56
2019-01-18 18:30:00,1330.4
2019-01-18 18:45:00,1317.12
2019-01-18 19:00:00,1320.16
2019-01-18 19:15:00,1305.52
2019-01-18 19:30:00,1278.72
2019-01-18 19:45:00,1262.08
2019-01-18 20:00:00,1246.48
2019-01-18 20:15:00,1226.0
2019-01-18 20:30:00,1208.32
2019-01-18 20:45:00,1190.64
2019-01-18 21:00:00,1176.48
2019-01-18 21:15:00,1166.32
2019-01-18 21:30:00,1153.52
2019-01-18 21:45:00,1136.72
2019-01-18 22:00:00,1135.68
2019-01-18 22:15:00,1118.32
2019-01-18 22:30:00,1101.6
2019-01-18 22:45:00,1091.68
2019-01-18 23:00:00,1076.32
2019-01-18 23:15:00,1062.4
2019-01-18 23:30:00,1053.76
2019-01-18 23:45:00,1042.32
2019-01-19 00:00:00,1022.8
2019-01-19 00:15:00,1008.4
2019-01-19 00:30:00,1003.36
2019-01-19 00:45:00,993.76
2019-01-19 01:00:00,976.64
2019-01-19 01:15:00,966.4
2019-01-19 01:30:00,955.76
2019-01-19 01:45:00,951.6
2019-01-19 02:00:00,941.68
2019-01-19 02:15:00,932.8
2019-01-19 02:30:00,929.84
2019-01-19 02:45:00,920.24
2019-01-19 03:00:00,926.4
2019-01-19 03:15:00,921.92
2019-01-19 03:30:00,918.32
2019-01-19 03:45:00,905.12
2019-01-19 04:00:00,916.8
2019-01-19 04:15:00,915.2
2019-01-19 04:30:00,910.16
2019-01-19 04:45:00,911.12
2019-01-19 05:00:00,914.72
2019-01-19 05:15:00,913.12
2019-01-19 05:30:00,906.96
2019-01-19 05:45:00,905.84
2019-01-19 06:00:00,914.24
2019-01-19 06:15:00,919.68
2019-01-19 06:30:00,921.2
2019-01-19 06:45:00,936.96
2019-01-19 07:00:00,956.88
2019-01-19 07:15:00,968.72
2019-01-19 07:30:00,981.84
2019-01-19 07:45:00,999.52
2019-01-19 08:00:00,1023.12
2019-01-19 08:15:00,1043.44
2019-01-19 08:30:00,1056.32
2019-01-19 08:45:00,1071.6
2019-01-19 09:00:00,1091.6
2019-01-19 09:15:00,1105.92
2019-01-19 09:30:00,1123.28
2019-01-19 09:45:00,1128.32
2019-01-19 10:00:00,1136.32
2019-01-19 10:15:00,1141.92
2019-01-19 10:30:00,1148.64
2019-01-19 10:45:00,1147.6
2019-01-19 11:00:00,1152.0
2019-01-19 11:15:00,1151.04
2019-01-19 11:30:00,1156.72
2019-01-19 11:45:00,1156.96
2019-01-19 12:00:00,1144.16
2019-01-19 12:15:00,1138.32
2019-01-19 12:30:00,1127.92
2019-01-19 12:45:00,1117.68
2019-01-19 13:00:00,1109.92
2019-01-19 13:15:00,1091.28
2019-01-19 13:30:00,1084.32
2019-01-19 13:45:00,1075.04
2019-01-19 14:00:00,1069.12
2019-01-19 14:15:00,1060.88
2019-01-19 14:30:00,1053.6
2019-01-19 14:45:00,1048.56
2019-01-19 15:00:00,1052.48
2019-01-19 15:15:00,1054.56
2019-01-19 15:30:00,1050.48
2019-01-19 15:45:00,1049.84
2019-01-19 16:00:00,1058.56
2019-01-19 16:15:00,1065.52
2019-01-19 16:30:00,1077.92
2019-01-19 16:45:00,1094.16
2019-01-19 17:00:00,1130.08
2019-01-19 17:15:00,1155.36
2019-01-19 17:30:00,1173.6
2019-01-19 17:45:00,1172.88
2019-01-19 18:00:00,1177.04
2019-01-19 18:15:00,1176.08
2019-01-19 18:30:00,1173.6
2019-01-19 18:45:00,1166.48
2019-01-19 19:00:00,1155.28
2019-01-19 19:15:00,1144.24
2019-01-19 19:30:00,1132.32
2019-01-19 19:45:00,1121.84
2019-01-19 20:00:00,1097.44
2019-01-19 20:15:00,1072.16
2019-01-19 20:30:00,1052.96
2019-01-19 20:45:00,1037.52
2019-01-19 21:00:00,1030.88
2019-01-19 21:15:00,1022.72
2019-01-19 21:30:00,1013.04
2019-01-19 21:45:00,1008.56
2019-01-19 22:00:00,1022.48
2019-01-19 22:15:00,1011.28
2019-01-19 22:30:00,998.96
2019-01-19 22:45:00,988.56
2019-01-19 23:00:00,979.12
2019-01-19 23:15:00,970.16
2019-01-19 23:30:00,958.32
2019-01-19 23:45:00,947.92
2019-01-20 00:00:00,930.8
2019-01-20 00:15:00,919.04
2019-01-20 00:30:00,911.12
2019-01-20 00:45:00,905.84
2019-01-20 01:00:00,888.16
2019-01-20 01:15:00,883.6
2019-01-20 01:30:00,874.88
2019-01-20 01:45:00,867.28
2019-01-20 02:00:00,864.24
2019-01-20 02:15:00,856.24
2019-01-20 02:30:00,853.52
2019-01-20 02:45:00,847.12
2019-01-20 03:00:00,844.08
2019-01-20 03:15:00,842.88
2019-01-20 03:30:00,839.36
2019-01-20 03:45:00,840.56
2019-01-20 04:00:00,836.96
2019-01-20 04:15:00,830.64
2019-01-20 04:30:00,830.96
2019-01-20 04:45:00,833.68
2019-01-20 05:00:00,829.2
2019-01-20 05:15:00,825.36
2019-01-20 05:30:00,819.92
2019-01-20 05:45:00,818.96
2019-01-20 06:00:00,803.6
2019-01-20 06:15:00,810.8
2019-01-20 06:30:00,811.2
2019-01-20 06:45:00,815.12
2019-01-20 07:00:00,825.12
2019-01-20 07:15:00,839.6
2019-01-20 07:30:00,849.52
2019-01-20 07:45:00,862.56
2019-01-20 08:00:00,880.48
2019-01-20 08:15:00,902.72
2019-01-20 08:30:00,920.64
2019-01-20 08:45:00,934.4
2019-01-20 09:00:00,956.32
2019-01-20 09:15:00,974.8
2019-01-20 09:30:00,985.12
2019-01-20 09:45:00,992.96
2019-01-20 10:00:00,999.84
2019-01-20 10:15:00,1009.52
2019-01-20 10:30:00,1020.24
2019-01-20 10:45:00,1027.28
2019-01-20 11:00:00,1034.32
2019-01-20 11:15:00,1049.36
2019-01-20 11:30:00,1057.84
2019-01-20 11:45:00,1057.36
2019-01-20 12:00:00,1055.04
2019-01-20 12:15:00,1047.68
2019-01-20 12:30:00,1044.08
2019-01-20 12:45:00,1035.92
2019-01-20 13:00:00,1028.16
2019-01-20 13:15:00,1015.92
2019-01-20 13:30:00,1010.96
2019-01-20 13:45:00,999.44
2019-01-20 14:00:00,992.24
2019-01-20 14:15:00,985.44
2019-01-20 14:30:00,981.6
2019-01-20 14:45:00,974.96
2019-01-20 15:00:00,977.28
2019-01-20 15:15:00,974.72
2019-01-20 15:30:00,977.44
2019-01-20 15:45:00,977.12
2019-01-20 16:00:00,987.92
2019-01-20 16:15:00,990.64
2019-01-20 16:30:00,1006.64
2019-01-20 16:45:00,1022.72
2019-01-20 17:00:00,1050.4
2019-01-20 17:15:00,1087.92
2019-01-20 17:30:00,1106.72
2019-01-20 17:45:00,1118.64
2019-01-20 18:00:00,1129.6
2019-01-20 18:15:00,1125.84
2019-01-20 18:30:00,1131.2
2019-01-20 18:45:00,1126.32
2019-01-20 19:00:00,1120.32
2019-01-20 19:15:00,1107.68
2019-01-20 19:30:00,1102.48
2019-01-20 19:45:00,1092.64
2019-01-20 20:00:00,1077.28
2019-01-20 20:15:00,1064.4
2019-01-20 20:30:00,1048.8
2019-01-20 20:45:00,1038.0
2019-01-20 21:00:00,1026.24
2019-01-20 21:15:00,1027.44
2019-01-20 21:30:00,1025.92
2019-01-20 21:45:00,1030.16
2019-01-20 22:00:00,1048.8
2019-01-20 22:15:00,1044.96
2019-01-20 22:30:00,1033.12
2019-01-20 22:45:00,1021.6
2019-01-20 23:00:00,1008.64
2019-01-20 23:15:00,1001.12
2019-01-20 23:30:00,994.32
2019-01-20 23:45:00,982.24
2019-01-21 00:00:00,976.48
2019-01-21 00:15:00,967.52
2019-01-21 00:30:00,961.6
2019-01-21 00:45:00,950.24
2019-01-21 01:00:00,936.64
2019-01-21 01:15:00,930.96
2019-01-21 01:30:00,930.16
2019-01-21 01:45:00,917.92
2019-01-21 02:00:00,917.52
2019-01-21 02:15:00,917.28
2019-01-21 02:30:00,916.56
2019-01-21 02:45:00,918.96
2019-01-21 03:00:00,915.04
2019-01-21 03:15:00,922.08
2019-01-21 03:30:00,927.68
2019-01-21 03:45:00,927.12
2019-01-21 04:00:00,939.36
2019-01-21 04:15:00,947.28
2019-01-21 04:30:00,959.84
2019-01-21 04:45:00,970.32
2019-01-21 05:00:00,999.04
2019-01-21 05:15:00,1020.0
2019-01-21 05:30:00,1042.08
2019-01-21 05:45:00,1077.76
2019-01-21 06:00:00,1135.28
2019-01-21 06:15:00,1186.8
2019-01-21 06:30:00,1229.44
2019-01-21 06:45:00,1263.52
2019-01-21 07:00:00,1306.96
2019-01-21 07:15:00,1329.2
2019-01-21 07:30:00,1352.48
2019-01-21 07:45:00,1370.32
2019-01-21 08:00:00,1371.28
2019-01-21 08:15:00,1375.12
2019-01-21 08:30:00,1385.68
2019-01-21 08:45:00,1388.8
2019-01-21 09:00:00,1380.56
2019-01-21 09:15:00,1382.0
2019-01-21 09:30:00,1389.84
2019-01-21 09:45:00,1386.8
2019-01-21 10:00:00,1381.28
2019-01-21 10:15:00,1383.04
2019-01-21 10:30:00,1385.68
2019-01-21 10:45:00,1386.8
2019-01-21 11:00:00,1387.36
2019-01-21 11:15:00,1388.8
2019-01-21 11:30:00,1392.24
2019-01-21 11:45:00,1391.12
2019-01-21 12:00:00,1384.8
2019-01-21 12:15:00,1374.24
2019-01-21 12:30:00,1377.84
2019-01-21 12:45:00,1376.08
2019-01-21 13:00:00,1381.68
2019-01-21 13:15:00,1372.72
2019-01-21 13:30:00,1366.96
2019-01-21 13:45:00,1353.76
2019-01-21 14:00:00,1352.96
2019-01-21 14:15:00,1348.32
2019-01-21 14:30:00,1345.2
2019-01-21 14:45:00,1343.12
2019-01-21 15:00:00,1342.08
2019-01-21 15:15:00,1337.44
2019-01-21 15:30:00,1332.4
2019-01-21 15:45:00,1325.76
2019-01-21 16:00:00,1326.24
2019-01-21 16:15:00,1327.52
2019-01-21 16:30:00,1337.68
2019-01-21 16:45:00,1352.08
2019-01-21 17:00:00,1377.76
2019-01-21 17:15:00,1402.08
2019-01-21 17:30:00,1417.84
2019-01-21 17:45:00,1423.28
2019-01-21 18:00:00,1416.08
2019-01-21 18:15:00,1407.6
2019-01-21 18:30:00,1405.04
2019-01-21 18:45:00,1404.72
2019-01-21 19:00:00,1400.24
2019-01-21 19:15:00,1387.12
2019-01-21 19:30:00,1377.44
2019-01-21 19:45:00,1365.6
2019-01-21 20:00:00,1344.4
2019-01-21 20:15:00,1322.64
2019-01-21 20:30:00,1298.08
2019-01-21 20:45:00,1280.24
2019-01-21 21:00:00,1267.36
2019-01-21 21:15:00,1259.36
2019-01-21 21:30:00,1233.92
2019-01-21 21:45:00,1216.88
2019-01-21 22:00:00,1216.08
2019-01-21 22:15:00,1209.36
2019-01-21 22:30:00,1188.24
2019-01-21 22:45:00,1167.28
2019-01-21 23:00:00,1141.36
2019-01-21 23:15:00,1124.48
2019-01-21 23:30:00,1106.48
2019-01-21 23:45:00,1092.72
2019-01-22 00:00:00,1069.2
2019-01-22 00:15:00,1062.4
2019-01-22 00:30:00,1061.2
2019-01-22 00:45:00,1050.56
2019-01-22 01:00:00,1038.4
2019-01-22 01:15:00,1032.24
2019-01-22 01:30:00,1028.48
2019-01-22 01:45:00,1018.64
2019-01-22 02:00:00,1008.32
2019-01-22 02:15:00,1007.28
2019-01-22 02:30:00,1005.84
2019-01-22 02:45:00,1004.16
2019-01-22 03:00:00,1004.16
2019-01-22 03:15:00,998.16
2019-01-22 03:30:00,1000.24
2019-01-22 03:45:00,1000.88
2019-01-22 04:00:00,1010.72
2019-01-22 04:15:00,1018.48
2019-01-22 04:30:00,1023.52
2019-01-22 04:45:00,1035.68
2019-01-22 05:00:00,1063.04
2019-01-22 05:15:00,1073.12
2019-01-22 05:30:00,1089.2
2019-01-22 05:45:00,1118.88
2019-01-22 06:00:00,1172.0
2019-01-22 06:15:00,1217.6
2019-01-22 06:30:00,1259.2
2019-01-22 06:45:00,1295.2
2019-01-22 07:00:00,1336.4
2019-01-22 07:15:00,1359.28
2019-01-22 07:30:00,1381.76
2019-01-22 07:45:00,1388.4
2019-01-22 08:00:00,1400.0
2019-01-22 08:15:00,1408.0
2019-01-22 08:30:00,1412.96
2019-01-22 08:45:00,1413.84
2019-01-22 09:00:00,1410.08
2019-01-22 09:15:00,1420.08
2019-01-22 09:30:00,1428.0
2019-01-22 09:45:00,1430.0
2019-01-22 10:00:00,1425.12
2019-01-22 10:15:00,1424.0
2019-01-22 10:30:00,1426.16
2019-01-22 10:45:00,1427.36
2019-01-22 11:00:00,1429.92
2019-01-22 11:15:00,1432.72
2019-01-22 11:30:00,1433.84
2019-01-22 11:45:00,1436.56
2019-01-22 12:00:00,1427.52
2019-01-22 12:15:00,1421.84
2019-01-22 12:30:00,1419.12
2019-01-22 12:45:00,1422.64
2019-01-22 13:00:00,1420.08
2019-01-22 13:15:00,1415.6
2019-01-22 13:30:00,1411.36
2019-01-22 13:45:00,1400.0
2019-01-22 14:00:00,1403.68
2019-01-22 14:15:00,1399.12
2019-01-22 14:30:00,1399.76
2019-01-22 14:45:00,1392.4
2019-01-22 15:00:00,1394.16
2019-01-22 15:15:00,1389.28
2019-01-22 15:30:00,1382.16
2019-01-22 15:45:00,1374.96
2019-01-22 16:00:00,1374.0
2019-01-22 16:15:00,1379.12
2019-01-22 16:30:00,1386.32
2019-01-22 16:45:00,1397.52
2019-01-22 17:00:00,1420.48
2019-01-22 17:15:00,1439.36
2019-01-22 17:30:00,1451.36
2019-01-22 17:45:00,1458.64
2019-01-22 18:00:00,1446.48
2019-01-22 18:15:00,1445.04
2019-01-22 18:30:00,1440.8
2019-01-22 18:45:00,1435.84
2019-01-22 19:00:00,1431.44
2019-01-22 19:15:00,1418.4
2019-01-22 19:30:00,1404.0
2019-01-22 19:45:00,1394.72
2019-01-22 20:00:00,1366.56
2019-01-22 20:15:00,1343.76
2019-01-22 20:30:00,1325.6
2019-01-22 20:45:00,1305.12
2019-01-22 21:00:00,1290.72
2019-01-22 21:15:00,1273.2
2019-01-22 21:30:00,1254.72
2019-01-22 21:45:00,1230.24
2019-01-22 22:00:00,1231.04
2019-01-22 22:15:00,1219.44
2019-01-22 22:30:00,1197.6
2019-01-22 22:45:00,1177.6
2019-01-22 23:00:00,1156.0
2019-01-22 23:15:00,1140.8
2019-01-22 23:30:00,1126.64
2019-01-22 23:45:00,1116.32
2019-01-23 00:00:00,1101.36
2019-01-23 00:15:00,1088.32
2019-01-23 00:30:00,1084.08
2019-01-23 00:45:00,1069.6
2019-01-23 01:00:00,1053.28
2019-01-23 01:15:00,1049.68
2019-01-23 01:30:00,1044.96
2019-01-23 01:45:00,1038.0
2019-01-23 02:00:00,1031.12
2019-01-23 02:15:00,1029.2
2019-01-23 02:30:00,1029.84
2019-01-23 02:45:00,1031.04
2019-01-23 03:00:00,1029.76
2019-01-23 03:15:00,1028.56
2019-01-23 03:30:00,1030.64
2019-01-23 03:45:00,1031.12
2019-01-23 04:00:00,1035.92
2019-01-23 04:15:00,1038.32
2019-01-23 04:30:00,1048.4
2019-01-23 04:45:00,1056.56
2019-01-23 05:00:00,1079.28
2019-01-23 05:15:00,1093.92
2019-01-23 05:30:00,1108.64
2019-01-23 05:45:00,1131.44
2019-01-23 06:00:00,1178.96
2019-01-23 06:15:00,1222.88
2019-01-23 06:30:00,1264.8
2019-01-23 06:45:00,1308.32
2019-01-23 07:00:00,1345.36
2019-01-23 07:15:00,1364.4
2019-01-23 07:30:00,1383.36
2019-01-23 07:45:00,1396.24
2019-01-23 08:00:00,1400.48
2019-01-23 08:15:00,1404.96
2019-01-23 08:30:00,1413.36
2019-01-23 08:45:00,1420.16
2019-01-23 09:00:00,1411.44
2019-01-23 09:15:00,1413.92
2019-01-23 09:30:00,1422.32
2019-01-23 09:45:00,1425.12
2019-01-23 10:00:00,1422.72
2019-01-23 10:15:00,1423.28
2019-01-23 10:30:00,1426.4
2019-01-23 10:45:00,1428.16
2019-01-23 11:00:00,1427.44
2019-01-23 11:15:00,1431.84
2019-01-23 11:30:00,1431.84
2019-01-23 11:45:00,1432.4
2019-01-23 12:00:00,1425.84
2019-01-23 12:15:00,1419.84
2019-01-23 12:30:00,1417.12
2019-01-23 12:45:00,1418.72
2019-01-23 13:00:00,1421.36
2019-01-23 13:15:00,1414.88
2019-01-23 13:30:00,1403.28
2019-01-23 13:45:00,1395.76
2019-01-23 14:00:00,1395.6
2019-01-23 14:15:00,1393.76
2019-01-23 14:30:00,1388.24
2019-01-23 14:45:00,1385.28
2019-01-23 15:00:00,1385.2
2019-01-23 15:15:00,1376.0
2019-01-23 15:30:00,1366.56
2019-01-23 15:45:00,1361.52
2019-01-23 16:00:00,1364.24
2019-01-23 16:15:00,1358.16
2019-01-23 16:30:00,1367.2
2019-01-23 16:45:00,1377.36
2019-01-23 17:00:00,1399.6
2019-01-23 17:15:00,1420.88
2019-01-23 17:30:00,1430.16
2019-01-23 17:45:00,1435.36
2019-01-23 18:00:00,1431.44
2019-01-23 18:15:00,1427.76
2019-01-23 18:30:00,1422.96
2019-01-23 18:45:00,1421.36
2019-01-23 19:00:00,1412.16
2019-01-23 19:15:00,1396.56
2019-01-23 19:30:00,1389.6
2019-01-23 19:45:00,1377.76
2019-01-23 20:00:00,1350.96
2019-01-23 20:15:00,1328.08
2019-01-23 20:30:00,1310.64
2019-01-23 20:45:00,1293.6
2019-01-23 21:00:00,1282.64
2019-01-23 21:15:00,1268.4
2019-01-23 21:30:00,1249.04
2019-01-23 21:45:00,1231.76
2019-01-23 22:00:00,1236.0
2019-01-23 22:15:00,1219.84
2019-01-23 22:30:00,1198.24
2019-01-23 22:45:00,1180.64
2019-01-23 23:00:00,1156.8
2019-01-23 23:15:00,1141.68
2019-01-23 23:30:00,1123.44
2019-01-23 23:45:00,1110.96
2019-01-24 00:00:00,1100.24
2019-01-24 00:15:00,1090.96
2019-01-24 00:30:00,1084.72
2019-01-24 00:45:00,1075.76
2019-01-24 01:00:00,1058.16
2019-01-24 01:15:00,1044.88
2019-01-24 01:30:00,1044.8
2019-01-24 01:45:00,1033.84
2019-01-24 02:00:00,1018.56
2019-01-24 02:15:00,1010.96
2019-01-24 02:30:00,1009.28
2019-01-24 02:45:00,1003.44
2019-01-24 03:00:00,1008.0
2019-01-24 03:15:00,1006.4
2019-01-24 03:30:00,1008.72
2019-01-24 03:45:00,1007.04
2019-01-24 04:00:00,1008.56
2019-01-24 04:15:00,1014.96
2019-01-24 04:30:00,1022.48
2019-01-24 04:45:00,1031.76
2019-01-24 05:00:00,1052.56
2019-01-24 05:15:00,1065.6
2019-01-24 05:30:00,1087.28
2019-01-24 05:45:00,1112.32
2019-01-24 06:00:00,1156.96
2019-01-24 06:15:00,1188.72
2019-01-24 06:30:00,1231.04
2019-01-24 06:45:00,1270.0
2019-01-24 07:00:00,1304.96
2019-01-24 07:15:00,1326.8
2019-01-24 07:30:00,1349.68
2019-01-24 07:45:00,1354.0
2019-01-24 08:00:00,1379.84
2019-01-24 08:15:00,1382.56
2019-01-24 08:30:00,1388.48
2019-01-24 08:45:00,1392.0
2019-01-24 09:00:00,1386.56
2019-01-24 09:15:00,1397.68
2019-01-24 09:30:00,1401.04
2019-01-24 09:45:00,1408.8
2019-01-24 10:00:00,1409.04
2019-01-24 10:15:00,1413.84
2019-01-24 10:30:00,1422.64
2019-01-24 10:45:00,1424.72
2019-01-24 11:00:00,1425.6
2019-01-24 11:15:00,1425.92
2019-01-24 11:30:00,1430.4
2019-01-24 11:45:00,1423.12
2019-01-24 12:00:00,1416.56
2019-01-24 12:15:00,1411.2
2019-01-24 12:30:00,1411.76
2019-01-24 12:45:00,1410.0
2019-01-24 13:00:00,1417.84
2019-01-24 13:15:00,1411.2
2019-01-24 13:30:00,1404.64
2019-01-24 13:45:00,1391.84
2019-01-24 14:00:00,1391.28
2019-01-24 14:15:00,1387.84
2019-01-24 14:30:00,1391.84
2019-01-24 14:45:00,1385.6
2019-01-24 15:00:00,1389.36
2019-01-24 15:15:00,1381.04
2019-01-24 15:30:00,1378.16
2019-01-24 15:45:00,1372.16
2019-01-24 16:00:00,1369.04
2019-01-24 16:15:00,1366.0
2019-01-24 16:30:00,1371.92
2019-01-24 16:45:00,1381.2
2019-01-24 17:00:00,1396.88
2019-01-24 17:15:00,1419.52
2019-01-24 17:30:00,1434.64
2019-01-24 17:45:00,1433.76
2019-01-24 18:00:00,1423.2
2019-01-24 18:15:00,1420.24
2019-01-24 18:30:00,1411.52
2019-01-24 18:45:00,1393.28
2019-01-24 19:00:00,1401.84
2019-01-24 19:15:00,1372.96
2019-01-24 19:30:00,1362.08
2019-01-24 19:45:00,1347.52
2019-01-24 20:00:00,1337.36
2019-01-24 20:15:00,1312.8
2019-01-24 20:30:00,1274.08
2019-01-24 20:45:00,1255.28
2019-01-24 21:00:00,1257.12
2019-01-24 21:15:00,1241.92
2019-01-24 21:30:00,1224.64
2019-01-24 21:45:00,1206.72
2019-01-24 22:00:00,1207.04
2019-01-24 22:15:00,1190.08
2019-01-24 22:30:00,1167.28
2019-01-24 22:45:00,1152.08
2019-01-24 23:00:00,1128.4
2019-01-24 23:15:00,1109.92
2019-01-24 23:30:00,1098.96
2019-01-24 23:45:00,1084.24
2019-01-25 00:00:00,1070.72
2019-01-25 00:15:00,1061.04
2019-01-25 00:30:00,1057.76
2019-01-25 00:45:00,1045.36
2019-01-25 01:00:00,1035.36
2019-01-25 01:15:00,1026.72
2019-01-25 01:30:00,1022.48
2019-01-25 01:45:00,1010.88
2019-01-25 02:00:00,1008.56
2019-01-25 02:15:00,1010.0
2019-01-25 02:30:00,1005.44
2019-01-25 02:45:00,1003.68
2019-01-25 03:00:00,1001.28
2019-01-25 03:15:00,999.12
2019-01-25 03:30:00,999.76
2019-01-25 03:45:00,1004.64
2019-01-25 04:00:00,1010.64
2019-01-25 04:15:00,1018.64
2019-01-25 04:30:00,1026.72
2019-01-25 04:45:00,1025.28
2019-01-25 05:00:00,1047.28
2019-01-25 05:15:00,1059.2
2019-01-25 05:30:00,1080.64
2019-01-25 05:45:00,1108.32
2019-01-25 06:00:00,1155.36
2019-01-25 06:15:00,1202.24
2019-01-25 06:30:00,1239.44
2019-01-25 06:45:00,1275.12
2019-01-25 07:00:00,1312.72
2019-01-25 07:15:00,1342.56
2019-01-25 07:30:00,1363.28
2019-01-25 07:45:00,1377.2
2019-01-25 08:00:00,1390.32
2019-01-25 08:15:00,1397.68
2019-01-25 08:30:00,1400.24
2019-01-25 08:45:00,1402.96
2019-01-25 09:00:00,1402.08
2019-01-25 09:15:00,1405.92
2019-01-25 09:30:00,1412.24
2019-01-25 09:45:00,1410.64
2019-01-25 10:00:00,1409.92
2019-01-25 10:15:00,1413.12
2019-01-25 10:30:00,1419.28
2019-01-25 10:45:00,1418.08
2019-01-25 11:00:00,1417.76
2019-01-25 11:15:00,1421.68
2019-01-25 11:30:00,1422.16
2019-01-25 11:45:00,1416.32
2019-01-25 12:00:00,1410.4
2019-01-25 12:15:00,1404.88
2019-01-25 12:30:00,1399.04
2019-01-25 12:45:00,1394.08
2019-01-25 13:00:00,1388.0
2019-01-25 13:15:00,1378.96
2019-01-25 13:30:00,1371.36
2019-01-25 13:45:00,1355.68
2019-01-25 14:00:00,1353.84
2019-01-25 14:15:00,1354.8
2019-01-25 14:30:00,1338.16
2019-01-25 14:45:00,1331.84
2019-01-25 15:00:00,1337.92
2019-01-25 15:15:00,1321.76
2019-01-25 15:30:00,1318.24
2019-01-25 15:45:00,1312.48
2019-01-25 16:00:00,1314.16
2019-01-25 16:15:00,1315.52
2019-01-25 16:30:00,1324.64
2019-01-25 16:45:00,1335.04
2019-01-25 17:00:00,1366.88
2019-01-25 17:15:00,1386.8
2019-01-25 17:30:00,1397.76
2019-01-25 17:45:00,1394.24
2019-01-25 18:00:00,1399.44
2019-01-25 18:15:00,1392.48
2019-01-25 18:30:00,1389.28
2019-01-25 18:45:00,1385.12
2019-01-25 19:00:00,1384.72
2019-01-25 19:15:00,1365.28
2019-01-25 19:30:00,1353.92
2019-01-25 19:45:00,1338.64
2019-01-25 20:00:00,1308.72
2019-01-25 20:15:00,1291.2
2019-01-25 20:30:00,1271.12
2019-01-25 20:45:00,1257.36
2019-01-25 21:00:00,1245.36
2019-01-25 21:15:00,1233.12
2019-01-25 21:30:00,1217.12
2019-01-25 21:45:00,1205.12
2019-01-25 22:00:00,1209.12
2019-01-25 22:15:00,1198.64
2019-01-25 22:30:00,1176.96
2019-01-25 22:45:00,1164.32
2019-01-25 23:00:00,1137.04
2019-01-25 23:15:00,1125.84
2019-01-25 23:30:00,1111.68
2019-01-25 23:45:00,1097.6
2019-01-26 00:00:00,1081.84
2019-01-26 00:15:00,1063.92
2019-01-26 00:30:00,1054.96
2019-01-26 00:45:00,1038.8
2019-01-26 01:00:00,1020.8
2019-01-26 01:15:00,1009.68
2019-01-26 01:30:00,1006.0
2019-01-26 01:45:00,997.6
2019-01-26 02:00:00,983.2
2019-01-26 02:15:00,978.8
2019-01-26 02:30:00,971.76
2019-01-26 02:45:00,970.8
2019-01-26 03:00:00,966.96
2019-01-26 03:15:00,961.04
2019-01-26 03:30:00,958.56
2019-01-26 03:45:00,953.52
2019-01-26 04:00:00,956.0
2019-01-26 04:15:00,951.28
2019-01-26 04:30:00,954.88
2019-01-26 04:45:00,955.2
2019-01-26 05:00:00,960.56
2019-01-26 05:15:00,951.6
2019-01-26 05:30:00,940.24
2019-01-26 05:45:00,934.88
2019-01-26 06:00:00,950.0
2019-01-26 06:15:00,953.76
2019-01-26 06:30:00,966.48
2019-01-26 06:45:00,971.76
2019-01-26 07:00:00,1004.0
2019-01-26 07:15:00,1016.96
2019-01-26 07:30:00,1025.44
2019-01-26 07:45:00,1041.76
2019-01-26 08:00:00,1077.36
2019-01-26 08:15:00,1089.04
2019-01-26 08:30:00,1103.92
2019-01-26 08:45:00,1116.16
2019-01-26 09:00:00,1138.48
2019-01-26 09:15:00,1150.96
2019-01-26 09:30:00,1168.08
2019-01-26 09:45:00,1182.96
2019-01-26 10:00:00,1188.24
2019-01-26 10:15:00,1197.76
2019-01-26 10:30:00,1200.24
2019-01-26 10:45:00,1205.28
2019-01-26 11:00:00,1206.08
2019-01-26 11:15:00,1207.52
2019-01-26 11:30:00,1216.96
2019-01-26 11:45:00,1212.16
2019-01-26 12:00:00,1206.24
2019-01-26 12:15:00,1203.6
2019-01-26 12:30:00,1199.6
2019-01-26 12:45:00,1185.92
2019-01-26 13:00:00,1173.92
2019-01-26 13:15:00,1158.72
2019-01-26 13:30:00,1157.04
2019-01-26 13:45:00,1144.24
2019-01-26 14:00:00,1138.32
2019-01-26 14:15:00,1132.4
2019-01-26 14:30:00,1132.24
2019-01-26 14:45:00,1129.36
2019-01-26 15:00:00,1123.12
2019-01-26 15:15:00,1122.56
2019-01-26 15:30:00,1116.64
2019-01-26 15:45:00,1113.2
2019-01-26 16:00:00,1107.84
2019-01-26 16:15:00,1118.0
2019-01-26 16:30:00,1121.76
2019-01-26 16:45:00,1132.88
2019-01-26 17:00:00,1157.28
2019-01-26 17:15:00,1177.12
2019-01-26 17:30:00,1193.12
2019-01-26 17:45:00,1198.24
2019-01-26 18:00:00,1204.32
2019-01-26 18:15:00,1198.32
2019-01-26 18:30:00,1185.12
2019-01-26 18:45:00,1178.32
2019-01-26 19:00:00,1176.24
2019-01-26 19:15:00,1161.76
2019-01-26 19:30:00,1137.44
2019-01-26 19:45:00,1120.64
2019-01-26 20:00:00,1097.2
2019-01-26 20:15:00,1076.32
2019-01-26 20:30:00,1057.68
2019-01-26 20:45:00,1048.64
2019-01-26 21:00:00,1037.92
2019-01-26 21:15:00,1034.56
2019-01-26 21:30:00,1031.6
2019-01-26 21:45:00,1025.68
2019-01-26 22:00:00,1037.52
2019-01-26 22:15:00,1023.2
2019-01-26 22:30:00,1010.4
2019-01-26 22:45:00,997.04
2019-01-26 23:00:00,974.08
2019-01-26 23:15:00,959.36
2019-01-26 23:30:00,952.08
2019-01-26 23:45:00,943.2
2019-01-27 00:00:00,922.08
2019-01-27 00:15:00,907.12
2019-01-27 00:30:00,902.4
2019-01-27 00:45:00,891.12
2019-01-27 01:00:00,877.2
2019-01-27 01:15:00,866.8
2019-01-27 01:30:00,860.32
2019-01-27 01:45:00,854.24
2019-01-27 02:00:00,841.92
2019-01-27 02:15:00,834.4
2019-01-27 02:30:00,836.24
2019-01-27 02:45:00,833.6
2019-01-27 03:00:00,832.08
2019-01-27 03:15:00,829.44
2019-01-27 03:30:00,827.6
2019-01-27 03:45:00,829.12
2019-01-27 04:00:00,829.28
2019-01-27 04:15:00,826.24
2019-01-27 04:30:00,829.2
2019-01-27 04:45:00,825.04
2019-01-27 05:00:00,824.4
2019-01-27 05:15:00,821.12
2019-01-27 05:30:00,815.76
2019-01-27 05:45:00,809.68
2019-01-27 06:00:00,800.96
2019-01-27 06:15:00,798.4
2019-01-27 06:30:00,800.8
2019-01-27 06:45:00,805.68
2019-01-27 07:00:00,826.16
2019-01-27 07:15:00,839.2
2019-01-27 07:30:00,851.36
2019-01-27 07:45:00,870.16
2019-01-27 08:00:00,880.32
2019-01-27 08:15:00,893.12
2019-01-27 08:30:00,904.64
2019-01-27 08:45:00,921.04
2019-01-27 09:00:00,949.68
2019-01-27 09:15:00,961.84
2019-01-27 09:30:00,980.48
2019-01-27 09:45:00,989.12
2019-01-27 10:00:00,1009.36
2019-01-27 10:15:00,1012.56
2019-01-27 10:30:00,1026.4
2019-01-27 10:45:00,1035.44
2019-01-27 11:00:00,1061.52
2019-01-27 11:15:00,1073.04
2019-01-27 11:30:00,1084.0
2019-01-27 11:45:00,1082.0
2019-01-27 12:00:00,1083.52
2019-01-27 12:15:00,1076.56
2019-01-27 12:30:00,1069.52
2019-01-27 12:45:00,1058.08
2019-01-27 13:00:00,1039.92
2019-01-27 13:15:00,1030.96
2019-01-27 13:30:00,1019.92
2019-01-27 13:45:00,1008.16
2019-01-27 14:00:00,1002.8
2019-01-27 14:15:00,994.16
2019-01-27 14:30:00,997.28
2019-01-27 14:45:00,989.6
2019-01-27 15:00:00,990.16
2019-01-27 15:15:00,985.92
2019-01-27 15:30:00,978.32
2019-01-27 15:45:00,974.08
2019-01-27 16:00:00,981.04
2019-01-27 16:15:00,990.72
2019-01-27 16:30:00,995.28
2019-01-27 16:45:00,1009.92
2019-01-27 17:00:00,1043.12
2019-01-27 17:15:00,1066.32
2019-01-27 17:30:00,1088.56
2019-01-27 17:45:00,1098.8
2019-01-27 18:00:00,1108.24
2019-01-27 18:15:00,1109.6
2019-01-27 18:30:00,1111.36
2019-01-27 18:45:00,1108.08
2019-01-27 19:00:00,1111.04
2019-01-27 19:15:00,1100.16
2019-01-27 19:30:00,1093.84
2019-01-27 19:45:00,1081.04
2019-01-27 20:00:00,1074.96
2019-01-27 20:15:00,1060.72
2019-01-27 20:30:00,1043.28
2019-01-27 20:45:00,1028.08
2019-01-27 21:00:00,1027.52
2019-01-27 21:15:00,1025.84
2019-01-27 21:30:00,1021.68
2019-01-27 21:45:00,1020.56
2019-01-27 22:00:00,1039.28
2019-01-27 22:15:00,1031.12
2019-01-27 22:30:00,1017.52
2019-01-27 22:45:00,1007.2
2019-01-27 23:00:00,986.4
2019-01-27 23:15:00,970.0
2019-01-27 23:30:00,953.6
2019-01-27 23:45:00,942.88
2019-01-28 00:00:00,933.36
2019-01-28 00:15:00,920.16
2019-01-28 00:30:00,907.44
2019-01-28 00:45:00,904.32
2019-01-28 01:00:00,892.32
2019-01-28 01:15:00,882.56
2019-01-28 01:30:00,880.16
2019-01-28 01:45:00,874.8
2019-01-28 02:00:00,872.64
2019-01-28 02:15:00,872.32
2019-01-28 02:30:00,872.56
2019-01-28 02:45:00,874.0
2019-01-28 03:00:00,876.56
2019-01-28 03:15:00,877.28
2019-01-28 03:30:00,884.16
2019-01-28 03:45:00,887.68
2019-01-28 04:00:00,900.48
2019-01-28 04:15:00,908.24
2019-01-28 04:30:00,922.4
2019-01-28 04:45:00,930.88
2019-01-28 05:00:00,953.76
2019-01-28 05:15:00,970.32
2019-01-28 05:30:00,994.64
2019-01-28 05:45:00,1031.04
2019-01-28 06:00:00,1090.56
2019-01-28 06:15:00,1141.28
2019-01-28 06:30:00,1193.2
2019-01-28 06:45:00,1237.6
2019-01-28 07:00:00,1273.12
2019-01-28 07:15:00,1303.2
2019-01-28 07:30:00,1321.12
2019-01-28 07:45:00,1337.2
2019-01-28 08:00:00,1353.68
2019-01-28 08:15:00,1361.6
2019-01-28 08:30:00,1364.64
2019-01-28 08:45:00,1357.76
2019-01-28 09:00:00,1368.16
2019-01-28 09:15:00,1364.32
2019-01-28 09:30:00,1372.56
2019-01-28 09:45:00,1382.16
2019-01-28 10:00:00,1389.04
2019-01-28 10:15:00,1396.16
2019-01-28 10:30:00,1398.8
2019-01-28 10:45:00,1405.6
2019-01-28 11:00:00,1401.68
2019-01-28 11:15:00,1406.8
2019-01-28 11:30:00,1412.0
2019-01-28 11:45:00,1412.08
2019-01-28 12:00:00,1406.64
2019-01-28 12:15:00,1404.08
2019-01-28 12:30:00,1409.92
2019-01-28 12:45:00,1413.2
2019-01-28 13:00:00,1410.96
2019-01-28 13:15:00,1409.6
2019-01-28 13:30:00,1405.68
2019-01-28 13:45:00,1393.44
2019-01-28 14:00:00,1387.04
2019-01-28 14:15:00,1392.96
2019-01-28 14:30:00,1387.04
2019-01-28 14:45:00,1388.64
2019-01-28 15:00:00,1384.48
2019-01-28 15:15:00,1379.04
2019-01-28 15:30:00,1373.6
2019-01-28 15:45:00,1368.88
2019-01-28 16:00:00,1365.2
2019-01-28 16:15:00,1362.0
2019-01-28 16:30:00,1364.4
2019-01-28 16:45:00,1371.28
2019-01-28 17:00:00,1387.12
2019-01-28 17:15:00,1404.64
2019-01-28 17:30:00,1419.36
2019-01-28 17:45:00,1424.72
2019-01-28 18:00:00,1414.8
2019-01-28 18:15:00,1407.52
2019-01-28 18:30:00,1405.12
2019-01-28 18:45:00,1390.0
2019-01-28 19:00:00,1387.04
2019-01-28 19:15:00,1365.2
2019-01-28 19:30:00,1353.04
2019-01-28 19:45:00,1346.4
2019-01-28 20:00:00,1320.56
2019-01-28 20:15:00,1295.36
2019-01-28 20:30:00,1271.6
2019-01-28 20:45:00,1257.12
2019-01-28 21:00:00,1237.76
2019-01-28 21:15:00,1224.96
2019-01-28 21:30:00,1209.04
2019-01-28 21:45:00,1194.96
2019-01-28 22:00:00,1194.32
2019-01-28 22:15:00,1177.44
2019-01-28 22:30:00,1155.04
2019-01-28 22:45:00,1124.96
2019-01-28 23:00:00,1107.04
2019-01-28 23:15:00,1092.64
2019-01-28 23:30:00,1078.8
2019-01-28 23:45:00,1046.08
2019-01-29 00:00:00,1042.08
2019-01-29 00:15:00,1023.12
2019-01-29 00:30:00,1014.8
2019-01-29 00:45:00,1004.96
2019-01-29 01:00:00,991.6
2019-01-29 01:15:00,988.24
2019-01-29 01:30:00,984.08
2019-01-29 01:45:00,978.0
2019-01-29 02:00:00,966.72
2019-01-29 02:15:00,963.28
2019-01-29 02:30:00,965.12
2019-01-29 02:45:00,969.52
2019-01-29 03:00:00,973.52
2019-01-29 03:15:00,972.16
2019-01-29 03:30:00,971.84
2019-01-29 03:45:00,976.8
2019-01-29 04:00:00,983.52
2019-01-29 04:15:00,994.08
2019-01-29 04:30:00,1003.52
2019-01-29 04:45:00,1016.08
2019-01-29 05:00:00,1046.64
2019-01-29 05:15:00,1055.28
2019-01-29 05:30:00,1078.32
2019-01-29 05:45:00,1108.56
2019-01-29 06:00:00,1162.08
2019-01-29 06:15:00,1210.48
2019-01-29 06:30:00,1245.92
2019-01-29 06:45:00,1275.04
2019-01-29 07:00:00,1314.0
2019-01-29 07:15:00,1338.48
2019-01-29 07:30:00,1356.16
2019-01-29 07:45:00,1364.72
2019-01-29 08:00:00,1380.24
2019-01-29 08:15:00,1385.52
2019-01-29 08:30:00,1383.84
2019-01-29 08:45:00,1386.16
2019-01-29 09:00:00,1384.16
2019-01-29 09:15:00,1389.04
2019-01-29 09:30:00,1391.52
2019-01-29 09:45:00,1391.84
2019-01-29 10:00:00,1382.8
2019-01-29 10:15:00,1386.64
2019-01-29 10:30:00,1391.28
2019-01-29 10:45:00,1388.32
2019-01-29 11:00:00,1391.2
2019-01-29 11:15:00,1391.68
2019-01-29 11:30:00,1382.48
2019-01-29 11:45:00,1373.76
2019-01-29 12:00:00,1377.92
2019-01-29 12:15:00,1371.36
2019-01-29 12:30:00,1373.76
2019-01-29 12:45:00,1369.68
2019-01-29 13:00:00,1370.0
2019-01-29 13:15:00,1368.24
2019-01-29 13:30:00,1363.44
2019-01-29 13:45:00,1351.2
2019-01-29 14:00:00,1348.64
2019-01-29 14:15:00,1346.64
2019-01-29 14:30:00,1345.44
2019-01-29 14:45:00,1326.48
2019-01-29 15:00:00,1344.24
2019-01-29 15:15:00,1333.12
2019-01-29 15:30:00,1325.92
2019-01-29 15:45:00,1319.76
2019-01-29 16:00:00,1311.52
2019-01-29 16:15:00,1306.8
2019-01-29 16:30:00,1308.8
2019-01-29 16:45:00,1320.32
2019-01-29 17:00:00,1338.72
2019-01-29 17:15:00,1350.64
2019-01-29 17:30:00,1376.0
2019-01-29 17:45:00,1390.08
2019-01-29 18:00:00,1390.16
2019-01-29 18:15:00,1385.52
2019-01-29 18:30:00,1380.64
2019-01-29 18:45:00,1380.0
2019-01-29 19:00:00,1369.04
2019-01-29 19:15:00,1352.96
2019-01-29 19:30:00,1340.72
2019-01-29 19:45:00,1330.16
2019-01-29 20:00:00,1312.4
2019-01-29 20:15:00,1286.24
2019-01-29 20:30:00,1268.56
2019-01-29 20:45:00,1250.0
2019-01-29 21:00:00,1227.52
2019-01-29 21:15:00,1217.52
2019-01-29 21:30:00,1194.32
2019-01-29 21:45:00,1181.76
2019-01-29 22:00:00,1183.04
2019-01-29 22:15:00,1170.24
2019-01-29 22:30:00,1143.52
2019-01-29 22:45:00,1128.88
2019-01-29 23:00:00,1104.64
2019-01-29 23:15:00,1083.76
2019-01-29 23:30:00,1066.16
2019-01-29 23:45:00,1053.92
2019-01-30 00:00:00,1055.92
2019-01-30 00:15:00,1043.28
2019-01-30 00:30:00,1033.76
2019-01-30 00:45:00,1022.4
2019-01-30 01:00:00,1019.12
2019-01-30 01:15:00,1008.96
2019-01-30 01:30:00,1004.16
2019-01-30 01:45:00,986.0
2019-01-30 02:00:00,977.68
2019-01-30 02:15:00,976.96
2019-01-30 02:30:00,977.44
2019-01-30 02:45:00,976.56
2019-01-30 03:00:00,986.08
2019-01-30 03:15:00,972.08
2019-01-30 03:30:00,978.08
2019-01-30 03:45:00,983.12
2019-01-30 04:00:00,988.24
2019-01-30 04:15:00,992.88
2019-01-30 04:30:00,1003.6
2019-01-30 04:45:00,1011.6
2019-01-30 05:00:00,1041.04
2019-01-30 05:15:00,1061.12
2019-01-30 05:30:00,1081.2
2019-01-30 05:45:00,1101.04
2019-01-30 06:00:00,1143.28
2019-01-30 06:15:00,1209.76
2019-01-30 06:30:00,1244.24
2019-01-30 06:45:00,1269.84
2019-01-30 07:00:00,1303.28
2019-01-30 07:15:00,1319.44
2019-01-30 07:30:00,1331.84
2019-01-30 07:45:00,1343.44
2019-01-30 08:00:00,1354.24
2019-01-30 08:15:00,1354.64
2019-01-30 08:30:00,1356.08
2019-01-30 08:45:00,1360.0
2019-01-30 09:00:00,1355.76
2019-01-30 09:15:00,1354.72
2019-01-30 09:30:00,1356.0
2019-01-30 09:45:00,1355.68
2019-01-30 10:00:00,1389.12
2019-01-30 10:15:00,1391.12
2019-01-30 10:30:00,1396.96
2019-01-30 10:45:00,1398.8
2019-01-30 11:00:00,1405.04
2019-01-30 11:15:00,1410.56
2019-01-30 11:30:00,1413.28
2019-01-30 11:45:00,1406.16
2019-01-30 12:00:00,1401.52
2019-01-30 12:15:00,1400.0
2019-01-30 12:30:00,1398.64
2019-01-30 12:45:00,1399.84
2019-01-30 13:00:00,1406.96
2019-01-30 13:15:00,1400.56
2019-01-30 13:30:00,1395.04
2019-01-30 13:45:00,1382.16
2019-01-30 14:00:00,1378.4
2019-01-30 14:15:00,1379.36
2019-01-30 14:30:00,1370.96
2019-01-30 14:45:00,1361.2
2019-01-30 15:00:00,1359.76
2019-01-30 15:15:00,1351.76
2019-01-30 15:30:00,1349.44
2019-01-30 15:45:00,1337.2
2019-01-30 16:00:00,1333.04
2019-01-30 16:15:00,1331.44
2019-01-30 16:30:00,1337.04
2019-01-30 16:45:00,1342.16
2019-01-30 17:00:00,1358.4
2019-01-30 17:15:00,1380.4
2019-01-30 17:30:00,1399.04
2019-01-30 17:45:00,1408.96
2019-01-30 18:00:00,1403.44
2019-01-30 18:15:00,1396.88
2019-01-30 18:30:00,1394.0
2019-01-30 18:45:00,1386.56
2019-01-30 19:00:00,1382.88
2019-01-30 19:15:00,1368.08
2019-01-30 19:30:00,1354.8
2019-01-30 19:45:00,1341.28
2019-01-30 20:00:00,1320.0
2019-01-30 20:15:00,1293.52
2019-01-30 20:30:00,1276.08
2019-01-30 20:45:00,1258.8
2019-01-30 21:00:00,1242.4
2019-01-30 21:15:00,1229.28
2019-01-30 21:30:00,1208.0
2019-01-30 21:45:00,1196.64
2019-01-30 22:00:00,1194.16
2019-01-30 22:15:00,1182.0
2019-01-30 22:30:00,1160.08
2019-01-30 22:45:00,1144.32
2019-01-30 23:00:00,1118.0
2019-01-30 23:15:00,1099.84
2019-01-30 23:30:00,1079.84
2019-01-30 23:45:00,1066.4
2019-01-31 00:00:00,1044.88
2019-01-31 00:15:00,1038.24
2019-01-31 00:30:00,1032.32
2019-01-31 00:45:00,1019.6
2019-01-31 01:00:00,1005.76
2019-01-31 01:15:00,1000.48
2019-01-31 01:30:00,994.8
2019-01-31 01:45:00,985.04
2019-01-31 02:00:00,979.92
2019-01-31 02:15:00,973.36
2019-01-31 02:30:00,976.72
2019-01-31 02:45:00,974.88
2019-01-31 03:00:00,973.84
2019-01-31 03:15:00,974.4
2019-01-31 03:30:00,976.8
2019-01-31 03:45:00,980.08
2019-01-31 04:00:00,990.0
2019-01-31 04:15:00,990.88
2019-01-31 04:30:00,1001.2
2019-01-31 04:45:00,1014.96
2019-01-31 05:00:00,1037.6
2019-01-31 05:15:00,1046.4
2019-01-31 05:30:00,1064.0
2019-01-31 05:45:00,1086.16
2019-01-31 06:00:00,1129.76
2019-01-31 06:15:00,1177.04
2019-01-31 06:30:00,1210.96
2019-01-31 06:45:00,1243.36
2019-01-31 07:00:00,1282.0
2019-01-31 07:15:00,1302.64
2019-01-31 07:30:00,1321.6
2019-01-31 07:45:00,1336.0
2019-01-31 08:00:00,1345.36
2019-01-31 08:15:00,1347.28
2019-01-31 08:30:00,1347.92
2019-01-31 08:45:00,1346.72
2019-01-31 09:00:00,1343.2
2019-01-31 09:15:00,1343.76
2019-01-31 09:30:00,1349.84
2019-01-31 09:45:00,1357.84
2019-01-31 10:00:00,1362.8
2019-01-31 10:15:00,1362.8
2019-01-31 10:30:00,1363.76
2019-01-31 10:45:00,1366.24
2019-01-31 11:00:00,1367.2
2019-01-31 11:15:00,1371.44
2019-01-31 11:30:00,1370.08
2019-01-31 11:45:00,1361.84
2019-01-31 12:00:00,1352.96
2019-01-31 12:15:00,1346.16
2019-01-31 12:30:00,1345.28
2019-01-31 12:45:00,1345.76
2019-01-31 13:00:00,1347.76
2019-01-31 13:15:00,1342.24
2019-01-31 13:30:00,1331.76
2019-01-31 13:45:00,1315.6
2019-01-31 14:00:00,1318.08
2019-01-31 14:15:00,1313.2
2019-01-31 14:30:00,1308.48
2019-01-31 14:45:00,1303.52
2019-01-31 15:00:00,1309.44
2019-01-31 15:15:00,1302.08
2019-01-31 15:30:00,1298.08
2019-01-31 15:45:00,1285.52
2019-01-31 16:00:00,1289.2
2019-01-31 16:15:00,1291.28
2019-01-31 16:30:00,1293.36
2019-01-31 16:45:00,1303.04
2019-01-31 17:00:00,1322.48
2019-01-31 17:15:00,1347.28
2019-01-31 17:30:00,1372.4
2019-01-31 17:45:00,1383.04
2019-01-31 18:00:00,1377.2
2019-01-31 18:15:00,1373.12
2019-01-31 18:30:00,1373.6
2019-01-31 18:45:00,1366.56
2019-01-31 19:00:00,1357.68
2019-01-31 19:15:00,1350.32
2019-01-31 19:30:00,1337.44
2019-01-31 19:45:00,1330.72
2019-01-31 20:00:00,1303.36
2019-01-31 20:15:00,1285.84
2019-01-31 20:30:00,1268.0
2019-01-31 20:45:00,1251.84
2019-01-31 21:00:00,1236.32
2019-01-31 21:15:00,1222.0
2019-01-31 21:30:00,1207.12
2019-01-31 21:45:00,1194.56
2019-01-31 22:00:00,1193.12
2019-01-31 22:15:00,1185.52
2019-01-31 22:30:00,1167.68
2019-01-31 22:45:00,1149.36
2019-01-31 23:00:00,1130.24
2019-01-31 23:15:00,1111.6
2019-01-31 23:30:00,1093.6
2019-01-31 23:45:00,1073.28
2019-02-01 00:00:00,1059.6
2019-02-01 00:15:00,1049.68
2019-02-01 00:30:00,1052.0
2019-02-01 00:45:00,1038.16
2019-02-01 01:00:00,1023.12
2019-02-01 01:15:00,1015.36
2019-02-01 01:30:00,1011.36
2019-02-01 01:45:00,1010.32
2019-02-01 02:00:00,1005.6
2019-02-01 02:15:00,1003.12
2019-02-01 02:30:00,1000.96
2019-02-01 02:45:00,1004.32
2019-02-01 03:00:00,1001.28
2019-02-01 03:15:00,1001.36
2019-02-01 03:30:00,1005.92
2019-02-01 03:45:00,1010.56
2019-02-01 04:00:00,1015.52
2019-02-01 04:15:00,1013.36
2019-02-01 04:30:00,1025.44
2019-02-01 04:45:00,1033.28
2019-02-01 05:00:00,1059.84
2019-02-01 05:15:00,1075.2
2019-02-01 05:30:00,1089.92
2019-02-01 05:45:00,1117.36
2019-02-01 06:00:00,1165.84
2019-02-01 06:15:00,1206.96
2019-02-01 06:30:00,1235.6
2019-02-01 06:45:00,1271.04
2019-02-01 07:00:00,1307.2
2019-02-01 07:15:00,1333.68
2019-02-01 07:30:00,1348.24
2019-02-01 07:45:00,1360.8
2019-02-01 08:00:00,1366.08
2019-02-01 08:15:00,1372.96
2019-02-01 08:30:00,1382.0
2019-02-01 08:45:00,1385.04
2019-02-01 09:00:00,1377.6
2019-02-01 09:15:00,1388.64
2019-02-01 09:30:00,1397.52
2019-02-01 09:45:00,1399.52
2019-02-01 10:00:00,1396.56
2019-02-01 10:15:00,1398.48
2019-02-01 10:30:00,1404.16
2019-02-01 10:45:00,1409.28
2019-02-01 11:00:00,1404.96
2019-02-01 11:15:00,1408.56
2019-02-01 11:30:00,1406.8
2019-02-01 11:45:00,1401.68
2019-02-01 12:00:00,1394.64
2019-02-01 12:15:00,1386.72
2019-02-01 12:30:00,1381.52
2019-02-01 12:45:00,1375.68
2019-02-01 13:00:00,1371.2
2019-02-01 13:15:00,1358.08
2019-02-01 13:30:00,1345.6
2019-02-01 13:45:00,1329.2
2019-02-01 14:00:00,1322.4
2019-02-01 14:15:00,1316.0
2019-02-01 14:30:00,1310.96
2019-02-01 14:45:00,1303.52
2019-02-01 15:00:00,1302.48
2019-02-01 15:15:00,1297.68
2019-02-01 15:30:00,1287.6
2019-02-01 15:45:00,1279.12
2019-02-01 16:00:00,1275.92
2019-02-01 16:15:00,1278.4
2019-02-01 16:30:00,1284.56
2019-02-01 16:45:00,1289.52
2019-02-01 17:00:00,1297.2
2019-02-01 17:15:00,1319.28
2019-02-01 17:30:00,1346.08
2019-02-01 17:45:00,1356.24
2019-02-01 18:00:00,1350.72
2019-02-01 18:15:00,1348.72
2019-02-01 18:30:00,1340.8
2019-02-01 18:45:00,1329.12
2019-02-01 19:00:00,1327.28
2019-02-01 19:15:00,1313.28
2019-02-01 19:30:00,1296.32
2019-02-01 19:45:00,1280.16
2019-02-01 20:00:00,1259.6
2019-02-01 20:15:00,1235.76
2019-02-01 20:30:00,1210.48
2019-02-01 20:45:00,1191.76
2019-02-01 21:00:00,1168.4
2019-02-01 21:15:00,1150.64
2019-02-01 21:30:00,1136.16
2019-02-01 21:45:00,1125.04
2019-02-01 22:00:00,1128.4
2019-02-01 22:15:00,1112.16
2019-02-01 22:30:00,1089.12
2019-02-01 22:45:00,1075.68
2019-02-01 23:00:00,1053.68
2019-02-01 23:15:00,1031.04
2019-02-01 23:30:00,1013.84
2019-02-01 23:45:00,997.04
2019-02-02 00:00:00,992.56
2019-02-02 00:15:00,976.88
2019-02-02 00:30:00,968.24
2019-02-02 00:45:00,956.32
2019-02-02 01:00:00,946.96
2019-02-02 01:15:00,935.68
2019-02-02 01:30:00,930.64
2019-02-02 01:45:00,922.96
2019-02-02 02:00:00,910.0
2019-02-02 02:15:00,902.16
2019-02-02 02:30:00,898.32
2019-02-02 02:45:00,898.88
2019-02-02 03:00:00,900.08
2019-02-02 03:15:00,898.88
2019-02-02 03:30:00,900.88
2019-02-02 03:45:00,898.64
2019-02-02 04:00:00,898.96
2019-02-02 04:15:00,897.92
2019-02-02 04:30:00,897.92
2019-02-02 04:45:00,898.32
2019-02-02 05:00:00,901.52
2019-02-02 05:15:00,898.96
2019-02-02 05:30:00,899.68
2019-02-02 05:45:00,897.2
2019-02-02 06:00:00,900.4
2019-02-02 06:15:00,907.36
2019-02-02 06:30:00,919.12
2019-02-02 06:45:00,928.4
2019-02-02 07:00:00,949.04
2019-02-02 07:15:00,968.4
2019-02-02 07:30:00,985.92
2019-02-02 07:45:00,1004.32
2019-02-02 08:00:00,1026.48
2019-02-02 08:15:00,1039.68
2019-02-02 08:30:00,1058.08
2019-02-02 08:45:00,1072.96
2019-02-02 09:00:00,1095.44
2019-02-02 09:15:00,1102.48
2019-02-02 09:30:00,1116.56
2019-02-02 09:45:00,1125.6
2019-02-02 10:00:00,1135.92
2019-02-02 10:15:00,1139.36
2019-02-02 10:30:00,1145.04
2019-02-02 10:45:00,1149.92
2019-02-02 11:00:00,1155.28
2019-02-02 11:15:00,1157.12
2019-02-02 11:30:00,1162.08
2019-02-02 11:45:00,1162.32
2019-02-02 12:00:00,1153.36
2019-02-02 12:15:00,1149.6
2019-02-02 12:30:00,1138.88
2019-02-02 12:45:00,1124.4
2019-02-02 13:00:00,1115.36
2019-02-02 13:15:00,1104.72
2019-02-02 13:30:00,1098.16
2019-02-02 13:45:00,1089.76
2019-02-02 14:00:00,1088.8
2019-02-02 14:15:00,1089.68
2019-02-02 14:30:00,1083.52
2019-02-02 14:45:00,1075.84
2019-02-02 15:00:00,1076.72
2019-02-02 15:15:00,1072.16
2019-02-02 15:30:00,1070.48
2019-02-02 15:45:00,1063.6
2019-02-02 16:00:00,1062.4
2019-02-02 16:15:00,1068.08
2019-02-02 16:30:00,1075.68
2019-02-02 16:45:00,1084.24
2019-02-02 17:00:00,1099.68
2019-02-02 17:15:00,1125.04
2019-02-02 17:30:00,1150.48
2019-02-02 17:45:00,1164.64
2019-02-02 18:00:00,1172.08
2019-02-02 18:15:00,1170.48
2019-02-02 18:30:00,1166.64
2019-02-02 18:45:00,1161.36
2019-02-02 19:00:00,1146.32
2019-02-02 19:15:00,1131.84
2019-02-02 19:30:00,1118.64
2019-02-02 19:45:00,1106.48
2019-02-02 20:00:00,1083.44
2019-02-02 20:15:00,1056.48
2019-02-02 20:30:00,1044.24
2019-02-02 20:45:00,1032.08
2019-02-02 21:00:00,1023.04
2019-02-02 21:15:00,1006.48
2019-02-02 21:30:00,997.84
2019-02-02 21:45:00,994.24
2019-02-02 22:00:00,1010.4
2019-02-02 22:15:00,1000.8
2019-02-02 22:30:00,985.04
2019-02-02 22:45:00,977.52
2019-02-02 23:00:00,963.52
2019-02-02 23:15:00,953.12
2019-02-02 23:30:00,943.36
2019-02-02 23:45:00,936.56
2019-02-03 00:00:00,918.16
2019-02-03 00:15:00,904.0
2019-02-03 00:30:00,893.04
2019-02-03 00:45:00,885.92
2019-02-03 01:00:00,871.92
2019-02-03 01:15:00,866.96
2019-02-03 01:30:00,854.56
2019-02-03 01:45:00,848.0
2019-02-03 02:00:00,837.84
2019-02-03 02:15:00,829.6
2019-02-03 02:30:00,828.0
2019-02-03 02:45:00,830.08
2019-02-03 03:00:00,818.4
2019-02-03 03:15:00,811.36
2019-02-03 03:30:00,813.92
2019-02-03 03:45:00,819.2
2019-02-03 04:00:00,823.04
2019-02-03 04:15:00,819.68
2019-02-03 04:30:00,821.84
2019-02-03 04:45:00,823.76
2019-02-03 05:00:00,823.92
2019-02-03 05:15:00,815.52
2019-02-03 05:30:00,815.76
2019-02-03 05:45:00,808.08
2019-02-03 06:00:00,802.96
2019-02-03 06:15:00,802.0
2019-02-03 06:30:00,808.32
2019-02-03 06:45:00,817.92
2019-02-03 07:00:00,826.56
2019-02-03 07:15:00,831.52
2019-02-03 07:30:00,838.48
2019-02-03 07:45:00,850.64
2019-02-03 08:00:00,875.6
2019-02-03 08:15:00,898.0
2019-02-03 08:30:00,918.56
2019-02-03 08:45:00,936.4
2019-02-03 09:00:00,963.92
2019-02-03 09:15:00,978.96
2019-02-03 09:30:00,990.56
2019-02-03 09:45:00,998.88
2019-02-03 10:00:00,1017.36
2019-02-03 10:15:00,1029.04
2019-02-03 10:30:00,1039.68
2019-02-03 10:45:00,1045.76
2019-02-03 11:00:00,1055.68
2019-02-03 11:15:00,1072.0
2019-02-03 11:30:00,1078.08
2019-02-03 11:45:00,1075.28
2019-02-03 12:00:00,1073.84
2019-02-03 12:15:00,1073.36
2019-02-03 12:30:00,1066.24
2019-02-03 12:45:00,1052.08
2019-02-03 13:00:00,1047.44
2019-02-03 13:15:00,1032.88
2019-02-03 13:30:00,1024.16
2019-02-03 13:45:00,1014.24
2019-02-03 14:00:00,1007.36
2019-02-03 14:15:00,1007.28
2019-02-03 14:30:00,1005.2
2019-02-03 14:45:00,1001.12
2019-02-03 15:00:00,997.2
2019-02-03 15:15:00,991.76
2019-02-03 15:30:00,990.24
2019-02-03 15:45:00,984.8
2019-02-03 16:00:00,989.52
2019-02-03 16:15:00,993.76
2019-02-03 16:30:00,1000.48
2019-02-03 16:45:00,1008.4
2019-02-03 17:00:00,1024.64
2019-02-03 17:15:00,1051.2
2019-02-03 17:30:00,1077.76
2019-02-03 17:45:00,1100.4
2019-02-03 18:00:00,1124.16
2019-02-03 18:15:00,1134.8
2019-02-03 18:30:00,1128.96
2019-02-03 18:45:00,1125.36
2019-02-03 19:00:00,1120.24
2019-02-03 19:15:00,1115.12
2019-02-03 19:30:00,1103.28
2019-02-03 19:45:00,1093.52
2019-02-03 20:00:00,1080.4
2019-02-03 20:15:00,1061.52
2019-02-03 20:30:00,1044.08
2019-02-03 20:45:00,1031.6
2019-02-03 21:00:00,1024.32
2019-02-03 21:15:00,1020.4
2019-02-03 21:30:00,1016.88
2019-02-03 21:45:00,1019.76
2019-02-03 22:00:00,1040.0
2019-02-03 22:15:00,1034.48
2019-02-03 22:30:00,1018.64
2019-02-03 22:45:00,1007.76
2019-02-03 23:00:00,997.36
2019-02-03 23:15:00,982.32
2019-02-03 23:30:00,969.52
2019-02-03 23:45:00,963.04
2019-02-04 00:00:00,946.8
2019-02-04 00:15:00,935.44
2019-02-04 00:30:00,931.12
2019-02-04 00:45:00,922.32
2019-02-04 01:00:00,912.08
2019-02-04 01:15:00,905.2
2019-02-04 01:30:00,903.76
2019-02-04 01:45:00,900.24
2019-02-04 02:00:00,892.0
2019-02-04 02:15:00,894.16
2019-02-04 02:30:00,896.8
2019-02-04 02:45:00,895.44
2019-02-04 03:00:00,890.72
2019-02-04 03:15:00,891.12
2019-02-04 03:30:00,895.92
2019-02-04 03:45:00,902.08
2019-02-04 04:00:00,911.76
2019-02-04 04:15:00,924.0
2019-02-04 04:30:00,933.52
2019-02-04 04:45:00,948.72
2019-02-04 05:00:00,983.84
2019-02-04 05:15:00,994.4
2019-02-04 05:30:00,1019.04
2019-02-04 05:45:00,1052.56
2019-02-04 06:00:00,1102.72
2019-02-04 06:15:00,1151.92
2019-02-04 06:30:00,1196.72
2019-02-04 06:45:00,1238.08
2019-02-04 07:00:00,1278.96
2019-02-04 07:15:00,1307.92
2019-02-04 07:30:00,1319.36
2019-02-04 07:45:00,1331.2
2019-02-04 08:00:00,1344.0
2019-02-04 08:15:00,1350.24
2019-02-04 08:30:00,1351.04
2019-02-04 08:45:00,1353.04
2019-02-04 09:00:00,1345.84
2019-02-04 09:15:00,1351.2
2019-02-04 09:30:00,1353.68
2019-02-04 09:45:00,1359.36
2019-02-04 10:00:00,1361.68
2019-02-04 10:15:00,1358.4
2019-02-04 10:30:00,1359.68
2019-02-04 10:45:00,1362.16
2019-02-04 11:00:00,1369.76
2019-02-04 11:15:00,1369.84
2019-02-04 11:30:00,1369.44
2019-02-04 11:45:00,1366.64
2019-02-04 12:00:00,1357.84
2019-02-04 12:15:00,1352.64
2019-02-04 12:30:00,1348.96
2019-02-04 12:45:00,1347.2
2019-02-04 13:00:00,1351.76
2019-02-04 13:15:00,1346.16
2019-02-04 13:30:00,1340.32
2019-02-04 13:45:00,1328.08
2019-02-04 14:00:00,1323.52
2019-02-04 14:15:00,1324.72
2019-02-04 14:30:00,1325.44
2019-02-04 14:45:00,1318.88
2019-02-04 15:00:00,1322.56
2019-02-04 15:15:00,1321.04
2019-02-04 15:30:00,1317.2
2019-02-04 15:45:00,1316.08
2019-02-04 16:00:00,1313.28
2019-02-04 16:15:00,1316.96
2019-02-04 16:30:00,1317.92
2019-02-04 16:45:00,1326.24
2019-02-04 17:00:00,1340.16
2019-02-04 17:15:00,1360.08
2019-02-04 17:30:00,1386.08
2019-02-04 17:45:00,1409.84
2019-02-04 18:00:00,1412.24
2019-02-04 18:15:00,1409.92
2019-02-04 18:30:00,1411.92
2019-02-04 18:45:00,1409.44
2019-02-04 19:00:00,1402.8
2019-02-04 19:15:00,1385.2
2019-02-04 19:30:00,1371.12
2019-02-04 19:45:00,1365.04
2019-02-04 20:00:00,1334.96
2019-02-04 20:15:00,1309.04
2019-02-04 20:30:00,1285.52
2019-02-04 20:45:00,1268.0
2019-02-04 21:00:00,1251.44
2019-02-04 21:15:00,1230.96
2019-02-04 21:30:00,1215.44
2019-02-04 21:45:00,1200.24
2019-02-04 22:00:00,1201.52
2019-02-04 22:15:00,1189.2
2019-02-04 22:30:00,1163.28
2019-02-04 22:45:00,1149.28
2019-02-04 23:00:00,1127.36
2019-02-04 23:15:00,1109.76
2019-02-04 23:30:00,1089.6
2019-02-04 23:45:00,1082.16
2019-02-05 00:00:00,1057.6
2019-02-05 00:15:00,1047.2
2019-02-05 00:30:00,1032.16
2019-02-05 00:45:00,1022.48
2019-02-05 01:00:00,1006.96
2019-02-05 01:15:00,997.44
2019-02-05 01:30:00,994.88
2019-02-05 01:45:00,985.76
2019-02-05 02:00:00,980.08
2019-02-05 02:15:00,970.4
2019-02-05 02:30:00,972.8
2019-02-05 02:45:00,971.36
2019-02-05 03:00:00,979.12
2019-02-05 03:15:00,971.44
2019-02-05 03:30:00,977.12
2019-02-05 03:45:00,983.68
2019-02-05 04:00:00,994.88
2019-02-05 04:15:00,997.84
2019-02-05 04:30:00,1006.8
2019-02-05 04:45:00,1015.44
2019-02-05 05:00:00,1040.48
2019-02-05 05:15:00,1052.24
2019-02-05 05:30:00,1070.72
2019-02-05 05:45:00,1098.56
2019-02-05 06:00:00,1148.64
2019-02-05 06:15:00,1196.48
2019-02-05 06:30:00,1234.0
2019-02-05 06:45:00,1272.16
2019-02-05 07:00:00,1306.48
2019-02-05 07:15:00,1334.72
2019-02-05 07:30:00,1345.52
2019-02-05 07:45:00,1354.88
2019-02-05 08:00:00,1365.6
2019-02-05 08:15:00,1377.28
2019-02-05 08:30:00,1378.16
2019-02-05 08:45:00,1379.36
2019-02-05 09:00:00,1373.44
2019-02-05 09:15:00,1373.68
2019-02-05 09:30:00,1375.52
2019-02-05 09:45:00,1377.28
2019-02-05 10:00:00,1378.08
2019-02-05 10:15:00,1380.72
2019-02-05 10:30:00,1383.2
2019-02-05 10:45:00,1386.56
2019-02-05 11:00:00,1392.0
2019-02-05 11:15:00,1397.92
2019-02-05 11:30:00,1396.32
2019-02-05 11:45:00,1396.0
2019-02-05 12:00:00,1392.32
2019-02-05 12:15:00,1390.96
2019-02-05 12:30:00,1384.24
2019-02-05 12:45:00,1384.24
2019-02-05 13:00:00,1382.8
2019-02-05 13:15:00,1378.08
2019-02-05 13:30:00,1369.76
2019-02-05 13:45:00,1356.56
2019-02-05 14:00:00,1350.96
2019-02-05 14:15:00,1351.04
2019-02-05 14:30:00,1346.64
2019-02-05 14:45:00,1340.0
2019-02-05 15:00:00,1337.84
2019-02-05 15:15:00,1331.36
2019-02-05 15:30:00,1324.64
2019-02-05 15:45:00,1313.92
2019-02-05 16:00:00,1306.88
2019-02-05 16:15:00,1307.76
2019-02-05 16:30:00,1308.64
2019-02-05 16:45:00,1316.08
2019-02-05 17:00:00,1334.96
2019-02-05 17:15:00,1354.56
2019-02-05 17:30:00,1377.2
2019-02-05 17:45:00,1395.28
2019-02-05 18:00:00,1400.24
2019-02-05 18:15:00,1400.24
2019-02-05 18:30:00,1399.44
2019-02-05 18:45:00,1394.8
2019-02-05 19:00:00,1388.08
2019-02-05 19:15:00,1376.88
2019-02-05 19:30:00,1361.68
2019-02-05 19:45:00,1347.28
2019-02-05 20:00:00,1324.72
2019-02-05 20:15:00,1299.92
2019-02-05 20:30:00,1285.04
2019-02-05 20:45:00,1267.92
2019-02-05 21:00:00,1250.64
2019-02-05 21:15:00,1235.76
2019-02-05 21:30:00,1221.52
2019-02-05 21:45:00,1200.72
2019-02-05 22:00:00,1191.6
2019-02-05 22:15:00,1185.28
2019-02-05 22:30:00,1164.88
2019-02-05 22:45:00,1142.08
2019-02-05 23:00:00,1121.52
2019-02-05 23:15:00,1107.2
2019-02-05 23:30:00,1091.6
2019-02-05 23:45:00,1070.72
2019-02-06 00:00:00,1057.44
2019-02-06 00:15:00,1044.32
2019-02-06 00:30:00,1034.24
2019-02-06 00:45:00,1019.76
2019-02-06 01:00:00,1004.88
2019-02-06 01:15:00,997.2
2019-02-06 01:30:00,989.52
2019-02-06 01:45:00,984.88
2019-02-06 02:00:00,976.0
2019-02-06 02:15:00,970.24
2019-02-06 02:30:00,981.92
2019-02-06 02:45:00,978.88
2019-02-06 03:00:00,984.0
2019-02-06 03:15:00,990.72
2019-02-06 03:30:00,993.12
2019-02-06 03:45:00,996.64
2019-02-06 04:00:00,1002.64
2019-02-06 04:15:00,1013.68
2019-02-06 04:30:00,1023.28
2019-02-06 04:45:00,1037.36
2019-02-06 05:00:00,1064.08
2019-02-06 05:15:00,1079.44
2019-02-06 05:30:00,1097.76
2019-02-06 05:45:00,1125.44
2019-02-06 06:00:00,1173.04
2019-02-06 06:15:00,1209.6
2019-02-06 06:30:00,1248.08
2019-02-06 06:45:00,1281.84
2019-02-06 07:00:00,1318.32
2019-02-06 07:15:00,1341.92
2019-02-06 07:30:00,1351.68
2019-02-06 07:45:00,1358.8
2019-02-06 08:00:00,1370.08
2019-02-06 08:15:00,1374.4
2019-02-06 08:30:00,1373.44
2019-02-06 08:45:00,1376.24
2019-02-06 09:00:00,1374.48
2019-02-06 09:15:00,1374.08
2019-02-06 09:30:00,1377.84
2019-02-06 09:45:00,1377.76
2019-02-06 10:00:00,1375.6
2019-02-06 10:15:00,1377.04
2019-02-06 10:30:00,1384.96
2019-02-06 10:45:00,1385.76
2019-02-06 11:00:00,1385.12
2019-02-06 11:15:00,1389.76
2019-02-06 11:30:00,1391.36
2019-02-06 11:45:00,1385.04
2019-02-06 12:00:00,1379.28
2019-02-06 12:15:00,1375.68
2019-02-06 12:30:00,1377.68
2019-02-06 12:45:00,1372.88
2019-02-06 13:00:00,1372.32
2019-02-06 13:15:00,1366.8
2019-02-06 13:30:00,1360.0
2019-02-06 13:45:00,1348.48
2019-02-06 14:00:00,1341.68
2019-02-06 14:15:00,1337.84
2019-02-06 14:30:00,1332.8
2019-02-06 14:45:00,1325.36
2019-02-06 15:00:00,1325.92
2019-02-06 15:15:00,1316.48
2019-02-06 15:30:00,1307.04
2019-02-06 15:45:00,1301.76
2019-02-06 16:00:00,1299.36
2019-02-06 16:15:00,1296.56
2019-02-06 16:30:00,1297.44
2019-02-06 16:45:00,1306.48
2019-02-06 17:00:00,1321.68
2019-02-06 17:15:00,1340.08
2019-02-06 17:30:00,1364.32
2019-02-06 17:45:00,1392.16
2019-02-06 18:00:00,1395.04
2019-02-06 18:15:00,1392.64
2019-02-06 18:30:00,1389.04
2019-02-06 18:45:00,1387.6
2019-02-06 19:00:00,1386.8
2019-02-06 19:15:00,1373.12
2019-02-06 19:30:00,1354.64
2019-02-06 19:45:00,1337.12
2019-02-06 20:00:00,1328.48
2019-02-06 20:15:00,1307.28
2019-02-06 20:30:00,1285.52
2019-02-06 20:45:00,1266.8
2019-02-06 21:00:00,1251.84
2019-02-06 21:15:00,1232.16
2019-02-06 21:30:00,1214.08
2019-02-06 21:45:00,1186.48
2019-02-06 22:00:00,1190.48
2019-02-06 22:15:00,1177.04
2019-02-06 22:30:00,1153.6
2019-02-06 22:45:00,1133.92
2019-02-06 23:00:00,1126.4
2019-02-06 23:15:00,1104.64
2019-02-06 23:30:00,1086.0
2019-02-06 23:45:00,1071.44
2019-02-07 00:00:00,1038.72
2019-02-07 00:15:00,1021.04
2019-02-07 00:30:00,1010.48
2019-02-07 00:45:00,998.48
2019-02-07 01:00:00,989.28
2019-02-07 01:15:00,975.52
2019-02-07 01:30:00,967.2
2019-02-07 01:45:00,958.0
2019-02-07 02:00:00,948.08
2019-02-07 02:15:00,941.28
2019-02-07 02:30:00,945.92
2019-02-07 02:45:00,948.72
2019-02-07 03:00:00,956.32
2019-02-07 03:15:00,961.04
2019-02-07 03:30:00,965.2
2019-02-07 03:45:00,970.16
2019-02-07 04:00:00,977.44
2019-02-07 04:15:00,986.32
2019-02-07 04:30:00,997.76
2019-02-07 04:45:00,1005.6
2019-02-07 05:00:00,1032.0
2019-02-07 05:15:00,1051.04
2019-02-07 05:30:00,1073.36
2019-02-07 05:45:00,1103.84
2019-02-07 06:00:00,1151.36
2019-02-07 06:15:00,1198.56
2019-02-07 06:30:00,1239.68
2019-02-07 06:45:00,1276.48
2019-02-07 07:00:00,1314.0
2019-02-07 07:15:00,1339.84
2019-02-07 07:30:00,1358.8
2019-02-07 07:45:00,1370.0
2019-02-07 08:00:00,1381.52
2019-02-07 08:15:00,1383.44
2019-02-07 08:30:00,1388.8
2019-02-07 08:45:00,1392.96
2019-02-07 09:00:00,1402.48
2019-02-07 09:15:00,1408.64
2019-02-07 09:30:00,1413.84
2019-02-07 09:45:00,1407.44
2019-02-07 10:00:00,1421.6
2019-02-07 10:15:00,1426.0
2019-02-07 10:30:00,1428.72
2019-02-07 10:45:00,1433.76
2019-02-07 11:00:00,1438.16
2019-02-07 11:15:00,1444.72
2019-02-07 11:30:00,1447.68
2019-02-07 11:45:00,1447.04
2019-02-07 12:00:00,1433.84
2019-02-07 12:15:00,1427.84
2019-02-07 12:30:00,1427.36
2019-02-07 12:45:00,1427.52
2019-02-07 13:00:00,1425.28
2019-02-07 13:15:00,1420.8
2019-02-07 13:30:00,1412.32
2019-02-07 13:45:00,1390.16
2019-02-07 14:00:00,1399.52
2019-02-07 14:15:00,1393.36
2019-02-07 14:30:00,1390.64
2019-02-07 14:45:00,1381.12
2019-02-07 15:00:00,1376.56
2019-02-07 15:15:00,1365.84
2019-02-07 15:30:00,1363.92
2019-02-07 15:45:00,1355.52
2019-02-07 16:00:00,1348.88
2019-02-07 16:15:00,1345.36
2019-02-07 16:30:00,1340.0
2019-02-07 16:45:00,1342.96
2019-02-07 17:00:00,1354.16
2019-02-07 17:15:00,1369.28
2019-02-07 17:30:00,1398.88
2019-02-07 17:45:00,1418.48
2019-02-07 18:00:00,1423.2
2019-02-07 18:15:00,1419.6
2019-02-07 18:30:00,1420.56
2019-02-07 18:45:00,1418.8
2019-02-07 19:00:00,1407.68
2019-02-07 19:15:00,1392.24
2019-02-07 19:30:00,1376.4
2019-02-07 19:45:00,1360.32
2019-02-07 20:00:00,1347.04
2019-02-07 20:15:00,1316.24
2019-02-07 20:30:00,1294.08
2019-02-07 20:45:00,1276.8
2019-02-07 21:00:00,1259.12
2019-02-07 21:15:00,1244.64
2019-02-07 21:30:00,1230.72
2019-02-07 21:45:00,1217.68
2019-02-07 22:00:00,1214.4
2019-02-07 22:15:00,1199.68
2019-02-07 22:30:00,1176.88
2019-02-07 22:45:00,1154.16
2019-02-07 23:00:00,1137.6
2019-02-07 23:15:00,1114.8
2019-02-07 23:30:00,1092.0
2019-02-07 23:45:00,1060.48
2019-02-08 00:00:00,1058.64
2019-02-08 00:15:00,1044.16
2019-02-08 00:30:00,1032.24
2019-02-08 00:45:00,1018.8
2019-02-08 01:00:00,1007.68
2019-02-08 01:15:00,995.68
2019-02-08 01:30:00,987.28
2019-02-08 01:45:00,983.92
2019-02-08 02:00:00,983.76
2019-02-08 02:15:00,973.76
2019-02-08 02:30:00,972.24
2019-02-08 02:45:00,971.2
2019-02-08 03:00:00,973.28
2019-02-08 03:15:00,975.68
2019-02-08 03:30:00,972.72
2019-02-08 03:45:00,980.96
2019-02-08 04:00:00,986.56
2019-02-08 04:15:00,991.84
2019-02-08 04:30:00,1002.88
2019-02-08 04:45:00,1011.92
2019-02-08 05:00:00,1038.88
2019-02-08 05:15:00,1052.4
2019-02-08 05:30:00,1073.28
2019-02-08 05:45:00,1096.64
2019-02-08 06:00:00,1159.2
2019-02-08 06:15:00,1201.12
2019-02-08 06:30:00,1237.44
2019-02-08 06:45:00,1270.72
2019-02-08 07:00:00,1314.72
2019-02-08 07:15:00,1344.48
2019-02-08 07:30:00,1351.68
2019-02-08 07:45:00,1363.36
2019-02-08 08:00:00,1372.96
2019-02-08 08:15:00,1377.12
2019-02-08 08:30:00,1382.0
2019-02-08 08:45:00,1380.16
2019-02-08 09:00:00,1377.52
2019-02-08 09:15:00,1363.52
2019-02-08 09:30:00,1362.48
2019-02-08 09:45:00,1364.4
2019-02-08 10:00:00,1380.08
2019-02-08 10:15:00,1376.0
2019-02-08 10:30:00,1367.28
2019-02-08 10:45:00,1366.96
2019-02-08 11:00:00,1367.2
2019-02-08 11:15:00,1372.16
2019-02-08 11:30:00,1374.56
2019-02-08 11:45:00,1371.52
2019-02-08 12:00:00,1375.2
2019-02-08 12:15:00,1372.8
2019-02-08 12:30:00,1352.8
2019-02-08 12:45:00,1347.44
2019-02-08 13:00:00,1353.2
2019-02-08 13:15:00,1343.84
2019-02-08 13:30:00,1332.24
2019-02-08 13:45:00,1317.12
2019-02-08 14:00:00,1313.28
2019-02-08 14:15:00,1309.84
2019-02-08 14:30:00,1304.56
2019-02-08 14:45:00,1303.92
2019-02-08 15:00:00,1306.64
2019-02-08 15:15:00,1303.6
2019-02-08 15:30:00,1297.04
2019-02-08 15:45:00,1292.64
2019-02-08 16:00:00,1292.48
2019-02-08 16:15:00,1282.24
2019-02-08 16:30:00,1284.24
2019-02-08 16:45:00,1288.72
2019-02-08 17:00:00,1313.52
2019-02-08 17:15:00,1331.36
2019-02-08 17:30:00,1352.32
2019-02-08 17:45:00,1371.04
2019-02-08 18:00:00,1367.92
2019-02-08 18:15:00,1366.16
2019-02-08 18:30:00,1360.08
2019-02-08 18:45:00,1356.08
2019-02-08 19:00:00,1348.16
2019-02-08 19:15:00,1324.24
2019-02-08 19:30:00,1309.92
2019-02-08 19:45:00,1296.32
2019-02-08 20:00:00,1279.36
2019-02-08 20:15:00,1250.24
2019-02-08 20:30:00,1228.08
2019-02-08 20:45:00,1213.28
2019-02-08 21:00:00,1190.64
2019-02-08 21:15:00,1175.76
2019-02-08 21:30:00,1157.44
2019-02-08 21:45:00,1148.72
2019-02-08 22:00:00,1159.28
2019-02-08 22:15:00,1135.36
2019-02-08 22:30:00,1115.92
2019-02-08 22:45:00,1099.52
2019-02-08 23:00:00,1088.96
2019-02-08 23:15:00,1072.64
2019-02-08 23:30:00,1042.32
2019-02-08 23:45:00,1024.56
2019-02-09 00:00:00,1009.2
2019-02-09 00:15:00,986.24
2019-02-09 00:30:00,969.52
2019-02-09 00:45:00,955.68
2019-02-09 01:00:00,955.76
2019-02-09 01:15:00,946.08
2019-02-09 01:30:00,936.4
2019-02-09 01:45:00,934.56
2019-02-09 02:00:00,920.16
2019-02-09 02:15:00,916.16
2019-02-09 02:30:00,911.92
2019-02-09 02:45:00,908.64
2019-02-09 03:00:00,911.36
2019-02-09 03:15:00,908.88
2019-02-09 03:30:00,907.2
2019-02-09 03:45:00,909.04
2019-02-09 04:00:00,910.56
2019-02-09 04:15:00,910.24
2019-02-09 04:30:00,911.36
2019-02-09 04:45:00,907.2
2019-02-09 05:00:00,916.8
2019-02-09 05:15:00,911.28
2019-02-09 05:30:00,907.28
2019-02-09 05:45:00,909.6
2019-02-09 06:00:00,914.56
2019-02-09 06:15:00,927.84
2019-02-09 06:30:00,930.0
2019-02-09 06:45:00,941.44
2019-02-09 07:00:00,968.88
2019-02-09 07:15:00,981.6
2019-02-09 07:30:00,1000.8
2019-02-09 07:45:00,1014.48
2019-02-09 08:00:00,1040.4
2019-02-09 08:15:00,1063.76
2019-02-09 08:30:00,1082.32
2019-02-09 08:45:00,1097.6
2019-02-09 09:00:00,1114.24
2019-02-09 09:15:00,1126.72
2019-02-09 09:30:00,1132.0
2019-02-09 09:45:00,1145.04
2019-02-09 10:00:00,1150.0
2019-02-09 10:15:00,1155.36
2019-02-09 10:30:00,1164.64
2019-02-09 10:45:00,1167.52
2019-02-09 11:00:00,1177.68
2019-02-09 11:15:00,1184.88
2019-02-09 11:30:00,1191.12
2019-02-09 11:45:00,1183.2
2019-02-09 12:00:00,1170.96
2019-02-09 12:15:00,1159.92
2019-02-09 12:30:00,1157.52
2019-02-09 12:45:00,1156.72
2019-02-09 13:00:00,1141.12
2019-02-09 13:15:00,1132.24
2019-02-09 13:30:00,1124.96
2019-02-09 13:45:00,1111.04
2019-02-09 14:00:00,1103.36
2019-02-09 14:15:00,1097.12
2019-02-09 14:30:00,1094.32
2019-02-09 14:45:00,1091.2
2019-02-09 15:00:00,1086.88
2019-02-09 15:15:00,1088.72
2019-02-09 15:30:00,1082.0
2019-02-09 15:45:00,1073.36
2019-02-09 16:00:00,1075.84
2019-02-09 16:15:00,1069.84
2019-02-09 16:30:00,1076.88
2019-02-09 16:45:00,1078.48
2019-02-09 17:00:00,1099.68
2019-02-09 17:15:00,1114.88
2019-02-09 17:30:00,1143.6
2019-02-09 17:45:00,1165.44
2019-02-09 18:00:00,1186.4
2019-02-09 18:15:00,1185.92
2019-02-09 18:30:00,1184.48
2019-02-09 18:45:00,1169.52
2019-02-09 19:00:00,1156.48
2019-02-09 19:15:00,1144.08
2019-02-09 19:30:00,1128.72
2019-02-09 19:45:00,1107.2
2019-02-09 20:00:00,1089.28
2019-02-09 20:15:00,1070.0
2019-02-09 20:30:00,1051.36
2019-02-09 20:45:00,1032.8
2019-02-09 21:00:00,1024.48
2019-02-09 21:15:00,1014.0
2019-02-09 21:30:00,999.92
2019-02-09 21:45:00,992.0
2019-02-09 22:00:00,997.12
2019-02-09 22:15:00,987.68
2019-02-09 22:30:00,974.0
2019-02-09 22:45:00,956.64
2019-02-09 23:00:00,942.16
2019-02-09 23:15:00,931.12
2019-02-09 23:30:00,919.2
2019-02-09 23:45:00,889.2
2019-02-10 00:00:00,862.32
2019-02-10 00:15:00,843.84
2019-02-10 00:30:00,827.92
2019-02-10 00:45:00,814.0
2019-02-10 01:00:00,805.2
2019-02-10 01:15:00,794.64
2019-02-10 01:30:00,786.0
2019-02-10 01:45:00,777.76
2019-02-10 02:00:00,793.04
2019-02-10 02:15:00,788.16
2019-02-10 02:30:00,785.6
2019-02-10 02:45:00,786.48
2019-02-10 03:00:00,783.76
2019-02-10 03:15:00,780.56
2019-02-10 03:30:00,791.68
2019-02-10 03:45:00,786.64
2019-02-10 04:00:00,794.0
2019-02-10 04:15:00,794.8
2019-02-10 04:30:00,795.68
2019-02-10 04:45:00,794.4
2019-02-10 05:00:00,793.84
2019-02-10 05:15:00,786.64
2019-02-10 05:30:00,786.16
2019-02-10 05:45:00,786.24
2019-02-10 06:00:00,776.48
2019-02-10 06:15:00,777.84
2019-02-10 06:30:00,785.12
2019-02-10 06:45:00,796.72
2019-02-10 07:00:00,810.96
2019-02-10 07:15:00,817.92
2019-02-10 07:30:00,827.44
2019-02-10 07:45:00,834.56
2019-02-10 08:00:00,859.28
2019-02-10 08:15:00,878.48
2019-02-10 08:30:00,898.32
2019-02-10 08:45:00,914.56
2019-02-10 09:00:00,934.24
2019-02-10 09:15:00,948.24
2019-02-10 09:30:00,963.44
2019-02-10 09:45:00,969.04
2019-02-10 10:00:00,981.36
2019-02-10 10:15:00,994.8
2019-02-10 10:30:00,1004.48
2019-02-10 10:45:00,1019.28
2019-02-10 11:00:00,1031.76
2019-02-10 11:15:00,1044.8
2019-02-10 11:30:00,1062.16
2019-02-10 11:45:00,1065.76
2019-02-10 12:00:00,1064.24
2019-02-10 12:15:00,1058.08
2019-02-10 12:30:00,1047.12
2019-02-10 12:45:00,1030.24
2019-02-10 13:00:00,1017.76
2019-02-10 13:15:00,1013.36
2019-02-10 13:30:00,1004.08
2019-02-10 13:45:00,997.84
2019-02-10 14:00:00,991.6
2019-02-10 14:15:00,988.08
2019-02-10 14:30:00,984.72
2019-02-10 14:45:00,979.76
2019-02-10 15:00:00,981.04
2019-02-10 15:15:00,980.16
2019-02-10 15:30:00,981.76
2019-02-10 15:45:00,979.92
2019-02-10 16:00:00,981.04
2019-02-10 16:15:00,980.16
2019-02-10 16:30:00,985.68
2019-02-10 16:45:00,988.72
2019-02-10 17:00:00,1011.04
2019-02-10 17:15:00,1030.32
2019-02-10 17:30:00,1058.4
2019-02-10 17:45:00,1083.84
2019-02-10 18:00:00,1105.68
2019-02-10 18:15:00,1106.32
2019-02-10 18:30:00,1104.64
2019-02-10 18:45:00,1100.56
2019-02-10 19:00:00,1100.8
2019-02-10 19:15:00,1090.48
2019-02-10 19:30:00,1085.36
2019-02-10 19:45:00,1074.88
2019-02-10 20:00:00,1068.8
2019-02-10 20:15:00,1053.28
2019-02-10 20:30:00,1033.68
2019-02-10 20:45:00,1016.88
2019-02-10 21:00:00,1019.28
2019-02-10 21:15:00,1013.76
2019-02-10 21:30:00,1009.28
2019-02-10 21:45:00,1007.92
2019-02-10 22:00:00,1019.36
2019-02-10 22:15:00,1015.44
2019-02-10 22:30:00,1002.88
2019-02-10 22:45:00,988.08
2019-02-10 23:00:00,969.52
2019-02-10 23:15:00,960.4
2019-02-10 23:30:00,941.44
2019-02-10 23:45:00,906.96
2019-02-11 00:00:00,922.48
2019-02-11 00:15:00,908.0
2019-02-11 00:30:00,891.12
2019-02-11 00:45:00,889.12
2019-02-11 01:00:00,886.08
2019-02-11 01:15:00,882.96
2019-02-11 01:30:00,877.36
2019-02-11 01:45:00,874.32
2019-02-11 02:00:00,866.16
2019-02-11 02:15:00,868.64
2019-02-11 02:30:00,873.68
2019-02-11 02:45:00,865.84
2019-02-11 03:00:00,876.56
2019-02-11 03:15:00,881.84
2019-02-11 03:30:00,888.64
2019-02-11 03:45:00,898.16
2019-02-11 04:00:00,909.12
2019-02-11 04:15:00,920.0
2019-02-11 04:30:00,931.28
2019-02-11 04:45:00,942.56
2019-02-11 05:00:00,975.44
2019-02-11 05:15:00,988.64
2019-02-11 05:30:00,1020.72
2019-02-11 05:45:00,1052.08
2019-02-11 06:00:00,1110.16
2019-02-11 06:15:00,1157.52
2019-02-11 06:30:00,1191.52
2019-02-11 06:45:00,1230.32
2019-02-11 07:00:00,1277.44
2019-02-11 07:15:00,1306.48
2019-02-11 07:30:00,1316.8
2019-02-11 07:45:00,1325.12
2019-02-11 08:00:00,1348.88
2019-02-11 08:15:00,1356.24
2019-02-11 08:30:00,1368.16
2019-02-11 08:45:00,1371.28
2019-02-11 09:00:00,1367.12
2019-02-11 09:15:00,1369.6
2019-02-11 09:30:00,1379.12
2019-02-11 09:45:00,1384.08
2019-02-11 10:00:00,1382.8
2019-02-11 10:15:00,1386.32
2019-02-11 10:30:00,1390.48
2019-02-11 10:45:00,1396.88
2019-02-11 11:00:00,1408.48
2019-02-11 11:15:00,1410.56
2019-02-11 11:30:00,1418.16
2019-02-11 11:45:00,1416.96
2019-02-11 12:00:00,1409.44
2019-02-11 12:15:00,1394.48
2019-02-11 12:30:00,1395.92
2019-02-11 12:45:00,1393.28
2019-02-11 13:00:00,1391.6
2019-02-11 13:15:00,1384.8
2019-02-11 13:30:00,1374.56
2019-02-11 13:45:00,1363.04
2019-02-11 14:00:00,1360.0
2019-02-11 14:15:00,1356.24
2019-02-11 14:30:00,1349.28
2019-02-11 14:45:00,1346.64
2019-02-11 15:00:00,1344.32
2019-02-11 15:15:00,1336.96
2019-02-11 15:30:00,1330.32
2019-02-11 15:45:00,1321.52
2019-02-11 16:00:00,1311.68
2019-02-11 16:15:00,1307.36
2019-02-11 16:30:00,1309.44
2019-02-11 16:45:00,1303.6
2019-02-11 17:00:00,1315.92
2019-02-11 17:15:00,1330.8
2019-02-11 17:30:00,1350.48
2019-02-11 17:45:00,1375.76
2019-02-11 18:00:00,1384.16
2019-02-11 18:15:00,1388.16
2019-02-11 18:30:00,1388.4
2019-02-11 18:45:00,1386.32
2019-02-11 19:00:00,1379.68
2019-02-11 19:15:00,1363.76
2019-02-11 19:30:00,1356.88
2019-02-11 19:45:00,1343.92
2019-02-11 20:00:00,1321.28
2019-02-11 20:15:00,1292.96
2019-02-11 20:30:00,1271.28
2019-02-11 20:45:00,1247.28
2019-02-11 21:00:00,1236.24
2019-02-11 21:15:00,1220.88
2019-02-11 21:30:00,1206.16
2019-02-11 21:45:00,1187.36
2019-02-11 22:00:00,1180.96
2019-02-11 22:15:00,1163.12
2019-02-11 22:30:00,1140.8
2019-02-11 22:45:00,1120.88
2019-02-11 23:00:00,1098.08
2019-02-11 23:15:00,1077.68
2019-02-11 23:30:00,1060.24
2019-02-11 23:45:00,1047.44
2019-02-12 00:00:00,1025.12
2019-02-12 00:15:00,1016.96
2019-02-12 00:30:00,1005.52
2019-02-12 00:45:00,989.68
2019-02-12 01:00:00,987.6
2019-02-12 01:15:00,981.2
2019-02-12 01:30:00,970.08
2019-02-12 01:45:00,963.2
2019-02-12 02:00:00,958.16
2019-02-12 02:15:00,952.08
2019-02-12 02:30:00,950.16
2019-02-12 02:45:00,953.36
2019-02-12 03:00:00,958.64
2019-02-12 03:15:00,958.4
2019-02-12 03:30:00,960.72
2019-02-12 03:45:00,966.4
2019-02-12 04:00:00,973.6
2019-02-12 04:15:00,975.84
2019-02-12 04:30:00,990.48
2019-02-12 04:45:00,996.8
2019-02-12 05:00:00,1025.04
2019-02-12 05:15:00,1033.76
2019-02-12 05:30:00,1053.12
2019-02-12 05:45:00,1083.6
2019-02-12 06:00:00,1148.72
2019-02-12 06:15:00,1185.52
2019-02-12 06:30:00,1213.68
2019-02-12 06:45:00,1246.4
2019-02-12 07:00:00,1286.16
2019-02-12 07:15:00,1311.28
2019-02-12 07:30:00,1320.0
2019-02-12 07:45:00,1326.24
2019-02-12 08:00:00,1344.96
2019-02-12 08:15:00,1348.88
2019-02-12 08:30:00,1351.76
2019-02-12 08:45:00,1349.92
2019-02-12 09:00:00,1343.68
2019-02-12 09:15:00,1345.2
2019-02-12 09:30:00,1353.76
2019-02-12 09:45:00,1355.84
2019-02-12 10:00:00,1358.96
2019-02-12 10:15:00,1361.04
2019-02-12 10:30:00,1369.36
2019-02-12 10:45:00,1378.24
2019-02-12 11:00:00,1386.56
2019-02-12 11:15:00,1394.56
2019-02-12 11:30:00,1395.36
2019-02-12 11:45:00,1396.64
2019-02-12 12:00:00,1389.84
2019-02-12 12:15:00,1388.88
2019-02-12 12:30:00,1384.8
2019-02-12 12:45:00,1380.64
2019-02-12 13:00:00,1381.84
2019-02-12 13:15:00,1374.32
2019-02-12 13:30:00,1367.44
2019-02-12 13:45:00,1353.12
2019-02-12 14:00:00,1348.64
2019-02-12 14:15:00,1340.72
2019-02-12 14:30:00,1334.8
2019-02-12 14:45:00,1322.0
2019-02-12 15:00:00,1327.84
2019-02-12 15:15:00,1319.28
2019-02-12 15:30:00,1308.64
2019-02-12 15:45:00,1289.2
2019-02-12 16:00:00,1295.44
2019-02-12 16:15:00,1290.0
2019-02-12 16:30:00,1287.92
2019-02-12 16:45:00,1291.68
2019-02-12 17:00:00,1300.0
2019-02-12 17:15:00,1307.52
2019-02-12 17:30:00,1332.4
2019-02-12 17:45:00,1362.56
2019-02-12 18:00:00,1377.2
2019-02-12 18:15:00,1380.08
2019-02-12 18:30:00,1380.32
2019-02-12 18:45:00,1374.08
2019-02-12 19:00:00,1364.96
2019-02-12 19:15:00,1349.36
2019-02-12 19:30:00,1338.4
2019-02-12 19:45:00,1328.16
2019-02-12 20:00:00,1297.76
2019-02-12 20:15:00,1273.36
2019-02-12 20:30:00,1258.8
2019-02-12 20:45:00,1240.16
2019-02-12 21:00:00,1233.6
2019-02-12 21:15:00,1221.04
2019-02-12 21:30:00,1212.48
2019-02-12 21:45:00,1195.04
2019-02-12 22:00:00,1193.2
2019-02-12 22:15:00,1178.64
2019-02-12 22:30:00,1158.08
2019-02-12 22:45:00,1138.72
2019-02-12 23:00:00,1113.52
2019-02-12 23:15:00,1098.8
2019-02-12 23:30:00,1078.32
2019-02-12 23:45:00,1065.28
2019-02-13 00:00:00,1037.52
2019-02-13 00:15:00,1025.52
2019-02-13 00:30:00,1019.2
2019-02-13 00:45:00,1014.8
2019-02-13 01:00:00,1001.44
2019-02-13 01:15:00,992.4
2019-02-13 01:30:00,983.76
2019-02-13 01:45:00,982.88
2019-02-13 02:00:00,977.44
2019-02-13 02:15:00,976.08
2019-02-13 02:30:00,976.4
2019-02-13 02:45:00,983.12
2019-02-13 03:00:00,983.2
2019-02-13 03:15:00,986.32
2019-02-13 03:30:00,984.24
2019-02-13 03:45:00,988.56
2019-02-13 04:00:00,995.2
2019-02-13 04:15:00,1001.2
2019-02-13 04:30:00,1007.92
2019-02-13 04:45:00,1021.04
2019-02-13 05:00:00,1040.64
2019-02-13 05:15:00,1054.32
2019-02-13 05:30:00,1076.96
2019-02-13 05:45:00,1108.4
2019-02-13 06:00:00,1168.4
2019-02-13 06:15:00,1210.72
2019-02-13 06:30:00,1248.72
2019-02-13 06:45:00,1279.2
2019-02-13 07:00:00,1317.12
2019-02-13 07:15:00,1336.16
2019-02-13 07:30:00,1342.32
2019-02-13 07:45:00,1354.72
2019-02-13 08:00:00,1365.28
2019-02-13 08:15:00,1370.48
2019-02-13 08:30:00,1372.4
2019-02-13 08:45:00,1354.56
2019-02-13 09:00:00,1367.44
2019-02-13 09:15:00,1372.4
2019-02-13 09:30:00,1371.12
2019-02-13 09:45:00,1373.52
2019-02-13 10:00:00,1376.72
2019-02-13 10:15:00,1377.2
2019-02-13 10:30:00,1379.92
2019-02-13 10:45:00,1374.56
2019-02-13 11:00:00,1372.96
2019-02-13 11:15:00,1380.08
2019-02-13 11:30:00,1384.4
2019-02-13 11:45:00,1381.68
2019-02-13 12:00:00,1368.88
2019-02-13 12:15:00,1360.8
2019-02-13 12:30:00,1362.08
2019-02-13 12:45:00,1358.48
2019-02-13 13:00:00,1361.44
2019-02-13 13:15:00,1353.04
2019-02-13 13:30:00,1342.0
2019-02-13 13:45:00,1332.24
2019-02-13 14:00:00,1330.64
2019-02-13 14:15:00,1323.92
2019-02-13 14:30:00,1319.36
2019-02-13 14:45:00,1314.96
2019-02-13 15:00:00,1309.76
2019-02-13 15:15:00,1310.56
2019-02-13 15:30:00,1305.52
2019-02-13 15:45:00,1301.44
2019-02-13 16:00:00,1296.96
2019-02-13 16:15:00,1294.0
2019-02-13 16:30:00,1292.96
2019-02-13 16:45:00,1289.12
2019-02-13 17:00:00,1304.08
2019-02-13 17:15:00,1321.04
2019-02-13 17:30:00,1344.48
2019-02-13 17:45:00,1372.32
2019-02-13 18:00:00,1388.8
2019-02-13 18:15:00,1393.2
2019-02-13 18:30:00,1394.4
2019-02-13 18:45:00,1391.52
2019-02-13 19:00:00,1385.2
2019-02-13 19:15:00,1367.04
2019-02-13 19:30:00,1353.52
2019-02-13 19:45:00,1343.44
2019-02-13 20:00:00,1317.68
2019-02-13 20:15:00,1291.04
2019-02-13 20:30:00,1269.6
2019-02-13 20:45:00,1251.92
2019-02-13 21:00:00,1240.32
2019-02-13 21:15:00,1226.96
2019-02-13 21:30:00,1210.24
2019-02-13 21:45:00,1182.16
2019-02-13 22:00:00,1187.28
2019-02-13 22:15:00,1171.6
2019-02-13 22:30:00,1146.72
2019-02-13 22:45:00,1122.72
2019-02-13 23:00:00,1105.36
2019-02-13 23:15:00,1087.84
2019-02-13 23:30:00,1065.36
2019-02-13 23:45:00,1045.84
2019-02-14 00:00:00,1028.4
2019-02-14 00:15:00,1014.56
2019-02-14 00:30:00,1010.16
2019-02-14 00:45:00,1000.24
2019-02-14 01:00:00,988.72
2019-02-14 01:15:00,974.32
2019-02-14 01:30:00,971.44
2019-02-14 01:45:00,969.12
2019-02-14 02:00:00,956.24
2019-02-14 02:15:00,953.6
2019-02-14 02:30:00,955.6
2019-02-14 02:45:00,957.92
2019-02-14 03:00:00,957.28
2019-02-14 03:15:00,960.4
2019-02-14 03:30:00,965.2
2019-02-14 03:45:00,971.2
2019-02-14 04:00:00,979.12
2019-02-14 04:15:00,986.24
2019-02-14 04:30:00,1001.36
2019-02-14 04:45:00,1015.2
2019-02-14 05:00:00,1044.96
2019-02-14 05:15:00,1060.16
2019-02-14 05:30:00,1074.56
2019-02-14 05:45:00,1097.68
2019-02-14 06:00:00,1151.36
2019-02-14 06:15:00,1198.32
2019-02-14 06:30:00,1237.52
2019-02-14 06:45:00,1273.76
2019-02-14 07:00:00,1304.24
2019-02-14 07:15:00,1321.68
2019-02-14 07:30:00,1330.16
2019-02-14 07:45:00,1339.76
2019-02-14 08:00:00,1348.8
2019-02-14 08:15:00,1355.44
2019-02-14 08:30:00,1355.76
2019-02-14 08:45:00,1347.44
2019-02-14 09:00:00,1338.88
2019-02-14 09:15:00,1339.6
2019-02-14 09:30:00,1344.32
2019-02-14 09:45:00,1344.48
2019-02-14 10:00:00,1335.12
2019-02-14 10:15:00,1333.6
2019-02-14 10:30:00,1323.2
2019-02-14 10:45:00,1329.28
2019-02-14 11:00:00,1340.88
2019-02-14 11:15:00,1342.08
2019-02-14 11:30:00,1340.0
2019-02-14 11:45:00,1338.48
2019-02-14 12:00:00,1343.68
2019-02-14 12:15:00,1321.92
2019-02-14 12:30:00,1317.6
2019-02-14 12:45:00,1315.92
2019-02-14 13:00:00,1325.92
2019-02-14 13:15:00,1316.16
2019-02-14 13:30:00,1295.04
2019-02-14 13:45:00,1285.92
2019-02-14 14:00:00,1292.56
2019-02-14 14:15:00,1293.2
2019-02-14 14:30:00,1284.24
2019-02-14 14:45:00,1271.04
2019-02-14 15:00:00,1274.08
2019-02-14 15:15:00,1267.36
2019-02-14 15:30:00,1265.04
2019-02-14 15:45:00,1256.4
2019-02-14 16:00:00,1249.6
2019-02-14 16:15:00,1248.48
2019-02-14 16:30:00,1245.44
2019-02-14 16:45:00,1248.88
2019-02-14 17:00:00,1261.36
2019-02-14 17:15:00,1271.6
2019-02-14 17:30:00,1295.52
2019-02-14 17:45:00,1323.6
2019-02-14 18:00:00,1347.76
2019-02-14 18:15:00,1358.88
2019-02-14 18:30:00,1356.96
2019-02-14 18:45:00,1357.44
2019-02-14 19:00:00,1348.72
2019-02-14 19:15:00,1332.16
2019-02-14 19:30:00,1323.04
2019-02-14 19:45:00,1312.24
2019-02-14 20:00:00,1287.28
2019-02-14 20:15:00,1265.04
2019-02-14 20:30:00,1246.08
2019-02-14 20:45:00,1228.24
2019-02-14 21:00:00,1212.48
2019-02-14 21:15:00,1197.2
2019-02-14 21:30:00,1180.96
2019-02-14 21:45:00,1166.8
2019-02-14 22:00:00,1159.36
2019-02-14 22:15:00,1144.72
2019-02-14 22:30:00,1124.88
2019-02-14 22:45:00,1107.12
2019-02-14 23:00:00,1084.32
2019-02-14 23:15:00,1065.68
2019-02-14 23:30:00,1047.44
2019-02-14 23:45:00,1029.44
2019-02-15 00:00:00,1009.84
2019-02-15 00:15:00,1002.4
2019-02-15 00:30:00,993.04
2019-02-15 00:45:00,983.68
2019-02-15 01:00:00,970.96
2019-02-15 01:15:00,962.8
2019-02-15 01:30:00,957.6
2019-02-15 01:45:00,954.8
2019-02-15 02:00:00,943.76
2019-02-15 02:15:00,941.36
2019-02-15 02:30:00,944.56
2019-02-15 02:45:00,945.76
2019-02-15 03:00:00,945.6
2019-02-15 03:15:00,947.6
2019-02-15 03:30:00,950.64
2019-02-15 03:45:00,953.92
2019-02-15 04:00:00,964.4
2019-02-15 04:15:00,975.12
2019-02-15 04:30:00,981.76
2019-02-15 04:45:00,991.36
2019-02-15 05:00:00,1019.04
2019-02-15 05:15:00,1037.36
2019-02-15 05:30:00,1049.6
2019-02-15 05:45:00,1080.32
2019-02-15 06:00:00,1132.24
2019-02-15 06:15:00,1176.56
2019-02-15 06:30:00,1215.68
2019-02-15 06:45:00,1249.76
2019-02-15 07:00:00,1286.4
2019-02-15 07:15:00,1303.84
2019-02-15 07:30:00,1312.4
2019-02-15 07:45:00,1319.28
2019-02-15 08:00:00,1326.64
2019-02-15 08:15:00,1328.72
2019-02-15 08:30:00,1330.16
2019-02-15 08:45:00,1321.92
2019-02-15 09:00:00,1318.08
2019-02-15 09:15:00,1323.44
2019-02-15 09:30:00,1332.8
2019-02-15 09:45:00,1335.6
2019-02-15 10:00:00,1332.0
2019-02-15 10:15:00,1331.36
2019-02-15 10:30:00,1333.2
2019-02-15 10:45:00,1334.24
2019-02-15 11:00:00,1329.6
2019-02-15 11:15:00,1332.88
2019-02-15 11:30:00,1330.08
2019-02-15 11:45:00,1329.6
2019-02-15 12:00:00,1314.16
2019-02-15 12:15:00,1304.16
2019-02-15 12:30:00,1298.32
2019-02-15 12:45:00,1289.92
2019-02-15 13:00:00,1284.4
2019-02-15 13:15:00,1272.64
2019-02-15 13:30:00,1259.2
2019-02-15 13:45:00,1244.16
2019-02-15 14:00:00,1233.76
2019-02-15 14:15:00,1228.96
2019-02-15 14:30:00,1220.8
2019-02-15 14:45:00,1212.88
2019-02-15 15:00:00,1211.44
2019-02-15 15:15:00,1204.24
2019-02-15 15:30:00,1198.72
2019-02-15 15:45:00,1196.64
2019-02-15 16:00:00,1187.2
2019-02-15 16:15:00,1188.88
2019-02-15 16:30:00,1194.32
2019-02-15 16:45:00,1198.96
2019-02-15 17:00:00,1211.92
2019-02-15 17:15:00,1223.68
2019-02-15 17:30:00,1248.24
2019-02-15 17:45:00,1278.96
2019-02-15 18:00:00,1309.92
2019-02-15 18:15:00,1324.96
2019-02-15 18:30:00,1326.48
2019-02-15 18:45:00,1314.64
2019-02-15 19:00:00,1319.76
2019-02-15 19:15:00,1310.8
2019-02-15 19:30:00,1298.88
2019-02-15 19:45:00,1282.88
2019-02-15 20:00:00,1256.48
2019-02-15 20:15:00,1231.68
2019-02-15 20:30:00,1213.6
2019-02-15 20:45:00,1195.6
2019-02-15 21:00:00,1173.76
2019-02-15 21:15:00,1162.48
2019-02-15 21:30:00,1144.56
2019-02-15 21:45:00,1126.32
2019-02-15 22:00:00,1126.4
2019-02-15 22:15:00,1104.16
2019-02-15 22:30:00,1084.64
2019-02-15 22:45:00,1068.72
2019-02-15 23:00:00,1046.88
2019-02-15 23:15:00,1027.36
2019-02-15 23:30:00,1010.08
2019-02-15 23:45:00,997.76
2019-02-16 00:00:00,967.76
2019-02-16 00:15:00,950.64
2019-02-16 00:30:00,946.72
2019-02-16 00:45:00,936.32
2019-02-16 01:00:00,921.12
2019-02-16 01:15:00,906.16
2019-02-16 01:30:00,900.0
2019-02-16 01:45:00,898.4
2019-02-16 02:00:00,889.76
2019-02-16 02:15:00,884.48
2019-02-16 02:30:00,882.16
2019-02-16 02:45:00,882.16
2019-02-16 03:00:00,879.68
2019-02-16 03:15:00,882.24
2019-02-16 03:30:00,883.36
2019-02-16 03:45:00,880.48
2019-02-16 04:00:00,875.44
2019-02-16 04:15:00,875.92
2019-02-16 04:30:00,879.04
2019-02-16 04:45:00,879.76
2019-02-16 05:00:00,880.0
2019-02-16 05:15:00,879.36
2019-02-16 05:30:00,878.96
2019-02-16 05:45:00,883.68
2019-02-16 06:00:00,897.52
2019-02-16 06:15:00,910.8
2019-02-16 06:30:00,927.6
2019-02-16 06:45:00,942.24
2019-02-16 07:00:00,957.28
2019-02-16 07:15:00,967.28
2019-02-16 07:30:00,984.48
2019-02-16 07:45:00,1003.52
2019-02-16 08:00:00,1029.12
2019-02-16 08:15:00,1041.6
2019-02-16 08:30:00,1053.12
2019-02-16 08:45:00,1066.56
2019-02-16 09:00:00,1072.08
2019-02-16 09:15:00,1080.08
2019-02-16 09:30:00,1089.92
2019-02-16 09:45:00,1096.16
2019-02-16 10:00:00,1090.48
2019-02-16 10:15:00,1095.6
2019-02-16 10:30:00,1090.24
2019-02-16 10:45:00,1092.88
2019-02-16 11:00:00,1100.64
2019-02-16 11:15:00,1101.2
2019-02-16 11:30:00,1104.88
2019-02-16 11:45:00,1099.12
2019-02-16 12:00:00,1096.96
2019-02-16 12:15:00,1091.44
2019-02-16 12:30:00,1085.12
2019-02-16 12:45:00,1075.92
2019-02-16 13:00:00,1063.84
2019-02-16 13:15:00,1048.88
2019-02-16 13:30:00,1038.16
2019-02-16 13:45:00,1023.52
2019-02-16 14:00:00,1020.0
2019-02-16 14:15:00,1011.36
2019-02-16 14:30:00,1006.88
2019-02-16 14:45:00,1000.32
2019-02-16 15:00:00,997.52
2019-02-16 15:15:00,995.12
2019-02-16 15:30:00,984.24
2019-02-16 15:45:00,979.2
2019-02-16 16:00:00,980.64
2019-02-16 16:15:00,980.56
2019-02-16 16:30:00,988.48
2019-02-16 16:45:00,1000.8
2019-02-16 17:00:00,1022.96
2019-02-16 17:15:00,1034.32
2019-02-16 17:30:00,1062.96
2019-02-16 17:45:00,1096.72
2019-02-16 18:00:00,1138.24
2019-02-16 18:15:00,1152.24
2019-02-16 18:30:00,1149.92
2019-02-16 18:45:00,1145.68
2019-02-16 19:00:00,1138.96
2019-02-16 19:15:00,1125.12
2019-02-16 19:30:00,1111.6
2019-02-16 19:45:00,1096.48
2019-02-16 20:00:00,1086.96
2019-02-16 20:15:00,1062.24
2019-02-16 20:30:00,1045.52
2019-02-16 20:45:00,1023.44
2019-02-16 21:00:00,1011.04
2019-02-16 21:15:00,1002.64
2019-02-16 21:30:00,989.2
2019-02-16 21:45:00,979.6
2019-02-16 22:00:00,985.44
2019-02-16 22:15:00,972.4
2019-02-16 22:30:00,955.04
2019-02-16 22:45:00,938.4
2019-02-16 23:00:00,922.16
2019-02-16 23:15:00,908.56
2019-02-16 23:30:00,892.32
2019-02-16 23:45:00,877.36
2019-02-17 00:00:00,856.96
2019-02-17 00:15:00,845.12
2019-02-17 00:30:00,831.2
2019-02-17 00:45:00,825.44
2019-02-17 01:00:00,814.96
2019-02-17 01:15:00,800.24
2019-02-17 01:30:00,796.16
2019-02-17 01:45:00,789.28
2019-02-17 02:00:00,786.88
2019-02-17 02:15:00,783.68
2019-02-17 02:30:00,782.72
2019-02-17 02:45:00,782.64
2019-02-17 03:00:00,782.96
2019-02-17 03:15:00,779.44
2019-02-17 03:30:00,783.84
2019-02-17 03:45:00,780.48
2019-02-17 04:00:00,787.68
2019-02-17 04:15:00,781.12
2019-02-17 04:30:00,786.8
2019-02-17 04:45:00,784.96
2019-02-17 05:00:00,784.56
2019-02-17 05:15:00,777.92
2019-02-17 05:30:00,774.8
2019-02-17 05:45:00,769.84
2019-02-17 06:00:00,764.72
2019-02-17 06:15:00,764.64
2019-02-17 06:30:00,771.2
2019-02-17 06:45:00,778.16
2019-02-17 07:00:00,788.32
2019-02-17 07:15:00,791.84
2019-02-17 07:30:00,802.0
2019-02-17 07:45:00,819.92
2019-02-17 08:00:00,844.24
2019-02-17 08:15:00,858.08
2019-02-17 08:30:00,873.12
2019-02-17 08:45:00,878.64
2019-02-17 09:00:00,903.04
2019-02-17 09:15:00,914.56
2019-02-17 09:30:00,927.36
2019-02-17 09:45:00,943.92
2019-02-17 10:00:00,949.6
2019-02-17 10:15:00,953.92
2019-02-17 10:30:00,962.64
2019-02-17 10:45:00,972.48
2019-02-17 11:00:00,986.56
2019-02-17 11:15:00,994.48
2019-02-17 11:30:00,997.36
2019-02-17 11:45:00,995.44
2019-02-17 12:00:00,987.6
2019-02-17 12:15:00,986.16
2019-02-17 12:30:00,973.12
2019-02-17 12:45:00,959.04
2019-02-17 13:00:00,950.96
2019-02-17 13:15:00,935.68
2019-02-17 13:30:00,928.16
2019-02-17 13:45:00,914.16
2019-02-17 14:00:00,909.76
2019-02-17 14:15:00,902.56
2019-02-17 14:30:00,891.84
2019-02-17 14:45:00,889.44
2019-02-17 15:00:00,886.88
2019-02-17 15:15:00,882.48
2019-02-17 15:30:00,873.6
2019-02-17 15:45:00,872.24
2019-02-17 16:00:00,878.32
2019-02-17 16:15:00,880.32
2019-02-17 16:30:00,889.04
2019-02-17 16:45:00,903.52
2019-02-17 17:00:00,925.52
2019-02-17 17:15:00,949.6
2019-02-17 17:30:00,975.6
2019-02-17 17:45:00,1013.12
2019-02-17 18:00:00,1059.12
2019-02-17 18:15:00,1079.44
2019-02-17 18:30:00,1084.88
2019-02-17 18:45:00,1078.96
2019-02-17 19:00:00,1074.56
2019-02-17 19:15:00,1064.48
2019-02-17 19:30:00,1057.76
2019-02-17 19:45:00,1040.4
2019-02-17 20:00:00,1025.12
2019-02-17 20:15:00,1015.52
2019-02-17 20:30:00,1002.72
2019-02-17 20:45:00,986.72
2019-02-17 21:00:00,975.12
2019-02-17 21:15:00,970.0
2019-02-17 21:30:00,970.8
2019-02-17 21:45:00,969.44
2019-02-17 22:00:00,987.68
2019-02-17 22:15:00,981.68
2019-02-17 22:30:00,967.84
2019-02-17 22:45:00,955.12
2019-02-17 23:00:00,933.12
2019-02-17 23:15:00,920.96
2019-02-17 23:30:00,908.16
2019-02-17 23:45:00,891.68
2019-02-18 00:00:00,880.56
2019-02-18 00:15:00,873.44
2019-02-18 00:30:00,863.92
2019-02-18 00:45:00,858.0
2019-02-18 01:00:00,844.4
2019-02-18 01:15:00,840.24
2019-02-18 01:30:00,833.12
2019-02-18 01:45:00,832.4
2019-02-18 02:00:00,825.2
2019-02-18 02:15:00,826.08
2019-02-18 02:30:00,824.08
2019-02-18 02:45:00,826.24
2019-02-18 03:00:00,829.6
2019-02-18 03:15:00,835.04
2019-02-18 03:30:00,840.96
2019-02-18 03:45:00,850.96
2019-02-18 04:00:00,858.4
2019-02-18 04:15:00,867.44
2019-02-18 04:30:00,882.96
2019-02-18 04:45:00,896.4
2019-02-18 05:00:00,928.48
2019-02-18 05:15:00,947.36
2019-02-18 05:30:00,970.88
2019-02-18 05:45:00,1009.2
2019-02-18 06:00:00,1077.92
2019-02-18 06:15:00,1127.28
2019-02-18 06:30:00,1175.12
2019-02-18 06:45:00,1210.56
2019-02-18 07:00:00,1244.48
2019-02-18 07:15:00,1261.2
2019-02-18 07:30:00,1265.28
2019-02-18 07:45:00,1269.44
2019-02-18 08:00:00,1288.16
2019-02-18 08:15:00,1289.84
2019-02-18 08:30:00,1292.72
2019-02-18 08:45:00,1293.92
2019-02-18 09:00:00,1288.56
2019-02-18 09:15:00,1288.24
2019-02-18 09:30:00,1292.88
2019-02-18 09:45:00,1292.56
2019-02-18 10:00:00,1290.88
2019-02-18 10:15:00,1292.32
2019-02-18 10:30:00,1291.12
2019-02-18 10:45:00,1297.6
2019-02-18 11:00:00,1303.68
2019-02-18 11:15:00,1308.4
2019-02-18 11:30:00,1304.48
2019-02-18 11:45:00,1304.64
2019-02-18 12:00:00,1295.12
2019-02-18 12:15:00,1281.6
2019-02-18 12:30:00,1279.28
2019-02-18 12:45:00,1272.88
2019-02-18 13:00:00,1273.76
2019-02-18 13:15:00,1268.24
2019-02-18 13:30:00,1257.68
2019-02-18 13:45:00,1241.12
2019-02-18 14:00:00,1239.12
2019-02-18 14:15:00,1236.32
2019-02-18 14:30:00,1231.36
2019-02-18 14:45:00,1223.68
2019-02-18 15:00:00,1227.44
2019-02-18 15:15:00,1220.88
2019-02-18 15:30:00,1211.6
2019-02-18 15:45:00,1201.76
2019-02-18 16:00:00,1198.32
2019-02-18 16:15:00,1197.36
2019-02-18 16:30:00,1200.08
2019-02-18 16:45:00,1203.52
2019-02-18 17:00:00,1218.56
2019-02-18 17:15:00,1228.24
2019-02-18 17:30:00,1251.76
2019-02-18 17:45:00,1281.6
2019-02-18 18:00:00,1310.4
2019-02-18 18:15:00,1323.12
2019-02-18 18:30:00,1330.08
2019-02-18 18:45:00,1327.28
2019-02-18 19:00:00,1316.8
2019-02-18 19:15:00,1306.32
2019-02-18 19:30:00,1290.16
2019-02-18 19:45:00,1278.24
2019-02-18 20:00:00,1254.0
2019-02-18 20:15:00,1233.28
2019-02-18 20:30:00,1210.56
2019-02-18 20:45:00,1190.88
2019-02-18 21:00:00,1178.08
2019-02-18 21:15:00,1157.84
2019-02-18 21:30:00,1141.04
2019-02-18 21:45:00,1119.6
2019-02-18 22:00:00,1120.48
2019-02-18 22:15:00,1099.12
2019-02-18 22:30:00,1076.64
2019-02-18 22:45:00,1060.32
2019-02-18 23:00:00,1030.64
2019-02-18 23:15:00,1006.16
2019-02-18 23:30:00,994.64
2019-02-18 23:45:00,977.12
2019-02-19 00:00:00,965.68
2019-02-19 00:15:00,949.36
2019-02-19 00:30:00,943.92
2019-02-19 00:45:00,933.6
2019-02-19 01:00:00,926.72
2019-02-19 01:15:00,921.28
2019-02-19 01:30:00,914.72
2019-02-19 01:45:00,912.0
2019-02-19 02:00:00,908.56
2019-02-19 02:15:00,906.4
2019-02-19 02:30:00,909.52
2019-02-19 02:45:00,912.24
2019-02-19 03:00:00,918.08
2019-02-19 03:15:00,918.08
2019-02-19 03:30:00,920.8
2019-02-19 03:45:00,924.88
2019-02-19 04:00:00,926.8
2019-02-19 04:15:00,940.4
2019-02-19 04:30:00,953.36
2019-02-19 04:45:00,964.72
2019-02-19 05:00:00,989.28
2019-02-19 05:15:00,1001.6
2019-02-19 05:30:00,1022.64
2019-02-19 05:45:00,1060.8
2019-02-19 06:00:00,1123.68
2019-02-19 06:15:00,1173.92
2019-02-19 06:30:00,1214.48
2019-02-19 06:45:00,1257.6
2019-02-19 07:00:00,1294.16
2019-02-19 07:15:00,1315.28
2019-02-19 07:30:00,1323.28
2019-02-19 07:45:00,1334.72
2019-02-19 08:00:00,1350.96
2019-02-19 08:15:00,1354.48
2019-02-19 08:30:00,1362.08
2019-02-19 08:45:00,1364.08
2019-02-19 09:00:00,1356.56
2019-02-19 09:15:00,1359.2
2019-02-19 09:30:00,1364.8
2019-02-19 09:45:00,1363.36
2019-02-19 10:00:00,1364.0
2019-02-19 10:15:00,1364.32
2019-02-19 10:30:00,1367.68
2019-02-19 10:45:00,1369.84
2019-02-19 11:00:00,1367.84
2019-02-19 11:15:00,1375.36
2019-02-19 11:30:00,1381.04
2019-02-19 11:45:00,1377.2
2019-02-19 12:00:00,1366.32
2019-02-19 12:15:00,1356.72
2019-02-19 12:30:00,1353.6
2019-02-19 12:45:00,1348.4
2019-02-19 13:00:00,1348.32
2019-02-19 13:15:00,1349.04
2019-02-19 13:30:00,1340.56
2019-02-19 13:45:00,1322.88
2019-02-19 14:00:00,1319.6
2019-02-19 14:15:00,1318.64
2019-02-19 14:30:00,1318.32
2019-02-19 14:45:00,1310.48
2019-02-19 15:00:00,1314.56
2019-02-19 15:15:00,1309.28
2019-02-19 15:30:00,1306.96
2019-02-19 15:45:00,1296.16
2019-02-19 16:00:00,1289.76
2019-02-19 16:15:00,1284.96
2019-02-19 16:30:00,1287.2
2019-02-19 16:45:00,1283.36
2019-02-19 17:00:00,1291.28
2019-02-19 17:15:00,1307.52
2019-02-19 17:30:00,1326.56
2019-02-19 17:45:00,1349.92
2019-02-19 18:00:00,1374.88
2019-02-19 18:15:00,1388.64
2019-02-19 18:30:00,1392.64
2019-02-19 18:45:00,1391.52
2019-02-19 19:00:00,1381.12
2019-02-19 19:15:00,1369.68
2019-02-19 19:30:00,1353.6
2019-02-19 19:45:00,1336.56
2019-02-19 20:00:00,1309.2
2019-02-19 20:15:00,1284.96
2019-02-19 20:30:00,1261.84
2019-02-19 20:45:00,1240.0
2019-02-19 21:00:00,1224.64
2019-02-19 21:15:00,1206.56
2019-02-19 21:30:00,1186.96
2019-02-19 21:45:00,1171.44
2019-02-19 22:00:00,1164.8
2019-02-19 22:15:00,1143.36
2019-02-19 22:30:00,1118.0
2019-02-19 22:45:00,1095.76
2019-02-19 23:00:00,1070.16
2019-02-19 23:15:00,1057.76
2019-02-19 23:30:00,1046.08
2019-02-19 23:45:00,1025.12
2019-02-20 00:00:00,1003.36
2019-02-20 00:15:00,988.64
2019-02-20 00:30:00,977.28
2019-02-20 00:45:00,968.88
2019-02-20 01:00:00,957.36
2019-02-20 01:15:00,948.08
2019-02-20 01:30:00,944.56
2019-02-20 01:45:00,942.08
2019-02-20 02:00:00,926.88
2019-02-20 02:15:00,923.68
2019-02-20 02:30:00,922.24
2019-02-20 02:45:00,930.72
2019-02-20 03:00:00,933.2
2019-02-20 03:15:00,934.32
2019-02-20 03:30:00,937.44
2019-02-20 03:45:00,941.68
2019-02-20 04:00:00,944.48
2019-02-20 04:15:00,951.84
2019-02-20 04:30:00,969.2
2019-02-20 04:45:00,982.0
2019-02-20 05:00:00,1013.2
2019-02-20 05:15:00,1027.2
2019-02-20 05:30:00,1050.16
2019-02-20 05:45:00,1079.12
2019-02-20 06:00:00,1130.32
2019-02-20 06:15:00,1181.52
2019-02-20 06:30:00,1223.2
2019-02-20 06:45:00,1259.28
2019-02-20 07:00:00,1287.28
2019-02-20 07:15:00,1305.12
2019-02-20 07:30:00,1317.6
2019-02-20 07:45:00,1330.32
2019-02-20 08:00:00,1337.6
2019-02-20 08:15:00,1339.36
2019-02-20 08:30:00,1342.4
2019-02-20 08:45:00,1337.92
2019-02-20 09:00:00,1324.64
2019-02-20 09:15:00,1329.04
2019-02-20 09:30:00,1334.48
2019-02-20 09:45:00,1337.84
2019-02-20 10:00:00,1329.92
2019-02-20 10:15:00,1326.56
2019-02-20 10:30:00,1328.24
2019-02-20 10:45:00,1324.16
2019-02-20 11:00:00,1333.28
2019-02-20 11:15:00,1342.16
2019-02-20 11:30:00,1339.84
2019-02-20 11:45:00,1341.12
2019-02-20 12:00:00,1331.28
2019-02-20 12:15:00,1326.88
2019-02-20 12:30:00,1324.64
2019-02-20 12:45:00,1320.48
2019-02-20 13:00:00,1325.12
2019-02-20 13:15:00,1317.68
2019-02-20 13:30:00,1305.52
2019-02-20 13:45:00,1293.44
2019-02-20 14:00:00,1283.76
2019-02-20 14:15:00,1279.6
2019-02-20 14:30:00,1280.96
2019-02-20 14:45:00,1276.32
2019-02-20 15:00:00,1271.76
2019-02-20 15:15:00,1265.28
2019-02-20 15:30:00,1260.8
2019-02-20 15:45:00,1242.72
2019-02-20 16:00:00,1244.32
2019-02-20 16:15:00,1242.0
2019-02-20 16:30:00,1240.48
2019-02-20 16:45:00,1229.92
2019-02-20 17:00:00,1247.92
2019-02-20 17:15:00,1263.2
2019-02-20 17:30:00,1288.08
2019-02-20 17:45:00,1314.88
2019-02-20 18:00:00,1336.0
2019-02-20 18:15:00,1353.12
2019-02-20 18:30:00,1359.12
2019-02-20 18:45:00,1357.76
2019-02-20 19:00:00,1341.52
2019-02-20 19:15:00,1321.12
2019-02-20 19:30:00,1306.72
2019-02-20 19:45:00,1294.4
2019-02-20 20:00:00,1270.72
2019-02-20 20:15:00,1244.32
2019-02-20 20:30:00,1222.0
2019-02-20 20:45:00,1201.92
2019-02-20 21:00:00,1191.44
2019-02-20 21:15:00,1176.72
2019-02-20 21:30:00,1155.2
2019-02-20 21:45:00,1134.16
2019-02-20 22:00:00,1132.8
2019-02-20 22:15:00,1113.92
2019-02-20 22:30:00,1091.44
2019-02-20 22:45:00,1068.0
2019-02-20 23:00:00,1046.64
2019-02-20 23:15:00,1028.08
2019-02-20 23:30:00,1012.56
2019-02-20 23:45:00,991.36
2019-02-21 00:00:00,981.04
2019-02-21 00:15:00,955.76
2019-02-21 00:30:00,947.92
2019-02-21 00:45:00,937.44
2019-02-21 01:00:00,938.72
2019-02-21 01:15:00,935.44
2019-02-21 01:30:00,930.64
2019-02-21 01:45:00,924.16
2019-02-21 02:00:00,919.36
2019-02-21 02:15:00,915.76
2019-02-21 02:30:00,914.64
2019-02-21 02:45:00,916.32
2019-02-21 03:00:00,925.28
2019-02-21 03:15:00,927.6
2019-02-21 03:30:00,925.6
2019-02-21 03:45:00,928.24
2019-02-21 04:00:00,944.16
2019-02-21 04:15:00,951.44
2019-02-21 04:30:00,959.6
2019-02-21 04:45:00,970.96
2019-02-21 05:00:00,997.52
2019-02-21 05:15:00,1013.2
2019-02-21 05:30:00,1034.32
2019-02-21 05:45:00,1065.52
2019-02-21 06:00:00,1134.64
2019-02-21 06:15:00,1173.92
2019-02-21 06:30:00,1210.96
2019-02-21 06:45:00,1244.24
2019-02-21 07:00:00,1273.76
2019-02-21 07:15:00,1289.84
2019-02-21 07:30:00,1294.56
2019-02-21 07:45:00,1308.08
2019-02-21 08:00:00,1324.56
2019-02-21 08:15:00,1334.64
2019-02-21 08:30:00,1332.48
2019-02-21 08:45:00,1328.72
2019-02-21 09:00:00,1328.08
2019-02-21 09:15:00,1335.92
2019-02-21 09:30:00,1345.36
2019-02-21 09:45:00,1348.4
2019-02-21 10:00:00,1348.48
2019-02-21 10:15:00,1349.84
2019-02-21 10:30:00,1351.6
2019-02-21 10:45:00,1356.08
2019-02-21 11:00:00,1358.32
2019-02-21 11:15:00,1356.48
2019-02-21 11:30:00,1352.56
2019-02-21 11:45:00,1346.88
2019-02-21 12:00:00,1329.2
2019-02-21 12:15:00,1325.2
2019-02-21 12:30:00,1324.8
2019-02-21 12:45:00,1320.8
2019-02-21 13:00:00,1318.16
2019-02-21 13:15:00,1311.92
2019-02-21 13:30:00,1304.8
2019-02-21 13:45:00,1288.72
2019-02-21 14:00:00,1289.28
2019-02-21 14:15:00,1294.88
2019-02-21 14:30:00,1293.52
2019-02-21 14:45:00,1292.4
2019-02-21 15:00:00,1292.96
2019-02-21 15:15:00,1289.6
2019-02-21 15:30:00,1286.32
2019-02-21 15:45:00,1280.8
2019-02-21 16:00:00,1265.2
2019-02-21 16:15:00,1263.68
2019-02-21 16:30:00,1268.0
2019-02-21 16:45:00,1264.48
2019-02-21 17:00:00,1268.24
2019-02-21 17:15:00,1280.16
2019-02-21 17:30:00,1299.92
2019-02-21 17:45:00,1316.72
2019-02-21 18:00:00,1333.84
2019-02-21 18:15:00,1345.68
2019-02-21 18:30:00,1346.96
2019-02-21 18:45:00,1347.84
2019-02-21 19:00:00,1344.4
2019-02-21 19:15:00,1337.44
2019-02-21 19:30:00,1319.2
2019-02-21 19:45:00,1304.96
2019-02-21 20:00:00,1280.0
2019-02-21 20:15:00,1252.4
2019-02-21 20:30:00,1231.04
2019-02-21 20:45:00,1200.48
2019-02-21 21:00:00,1187.92
2019-02-21 21:15:00,1172.08
2019-02-21 21:30:00,1152.56
2019-02-21 21:45:00,1139.52
2019-02-21 22:00:00,1137.36
2019-02-21 22:15:00,1116.8
2019-02-21 22:30:00,1096.0
2019-02-21 22:45:00,1073.28
2019-02-21 23:00:00,1048.4
2019-02-21 23:15:00,1028.96
2019-02-21 23:30:00,1013.12
2019-02-21 23:45:00,995.52
2019-02-22 00:00:00,972.8
2019-02-22 00:15:00,961.12
2019-02-22 00:30:00,952.88
2019-02-22 00:45:00,937.92
2019-02-22 01:00:00,921.2
2019-02-22 01:15:00,912.64
2019-02-22 01:30:00,904.48
2019-02-22 01:45:00,901.04
2019-02-22 02:00:00,890.64
2019-02-22 02:15:00,888.16
2019-02-22 02:30:00,890.16
2019-02-22 02:45:00,889.68
2019-02-22 03:00:00,897.28
2019-02-22 03:15:00,899.28
2019-02-22 03:30:00,909.52
2019-02-22 03:45:00,915.2
2019-02-22 04:00:00,917.52
2019-02-22 04:15:00,931.12
2019-02-22 04:30:00,943.36
2019-02-22 04:45:00,957.12
2019-02-22 05:00:00,979.2
2019-02-22 05:15:00,998.24
2019-02-22 05:30:00,1028.08
2019-02-22 05:45:00,1054.88
2019-02-22 06:00:00,1106.96
2019-02-22 06:15:00,1152.8
2019-02-22 06:30:00,1191.52
2019-02-22 06:45:00,1224.24
2019-02-22 07:00:00,1252.48
2019-02-22 07:15:00,1269.44
2019-02-22 07:30:00,1283.84
2019-02-22 07:45:00,1297.12
2019-02-22 08:00:00,1314.08
2019-02-22 08:15:00,1316.08
2019-02-22 08:30:00,1321.36
2019-02-22 08:45:00,1325.44
2019-02-22 09:00:00,1324.64
2019-02-22 09:15:00,1332.24
2019-02-22 09:30:00,1338.32
2019-02-22 09:45:00,1344.56
2019-02-22 10:00:00,1345.04
2019-02-22 10:15:00,1343.6
2019-02-22 10:30:00,1344.56
2019-02-22 10:45:00,1342.0
2019-02-22 11:00:00,1345.68
2019-02-22 11:15:00,1348.72
2019-02-22 11:30:00,1350.4
2019-02-22 11:45:00,1345.52
2019-02-22 12:00:00,1339.36
2019-02-22 12:15:00,1329.04
2019-02-22 12:30:00,1326.64
2019-02-22 12:45:00,1322.4
2019-02-22 13:00:00,1313.52
2019-02-22 13:15:00,1296.4
2019-02-22 13:30:00,1285.12
2019-02-22 13:45:00,1272.24
2019-02-22 14:00:00,1266.48
2019-02-22 14:15:00,1258.16
2019-02-22 14:30:00,1247.12
2019-02-22 14:45:00,1240.48
2019-02-22 15:00:00,1241.28
2019-02-22 15:15:00,1230.64
2019-02-22 15:30:00,1225.68
2019-02-22 15:45:00,1213.92
2019-02-22 16:00:00,1216.88
2019-02-22 16:15:00,1212.8
2019-02-22 16:30:00,1204.32
2019-02-22 16:45:00,1206.8
2019-02-22 17:00:00,1214.4
2019-02-22 17:15:00,1221.84
2019-02-22 17:30:00,1235.28
2019-02-22 17:45:00,1250.24
2019-02-22 18:00:00,1273.76
2019-02-22 18:15:00,1291.52
2019-02-22 18:30:00,1303.2
2019-02-22 18:45:00,1300.32
2019-02-22 19:00:00,1291.44
2019-02-22 19:15:00,1277.36
2019-02-22 19:30:00,1261.28
2019-02-22 19:45:00,1251.04
2019-02-22 20:00:00,1224.96
2019-02-22 20:15:00,1201.36
2019-02-22 20:30:00,1182.48
2019-02-22 20:45:00,1161.6
2019-02-22 21:00:00,1148.4
2019-02-22 21:15:00,1137.76
2019-02-22 21:30:00,1120.08
2019-02-22 21:45:00,1103.12
2019-02-22 22:00:00,1099.6
2019-02-22 22:15:00,1091.12
2019-02-22 22:30:00,1072.8
2019-02-22 22:45:00,1055.2
2019-02-22 23:00:00,1035.52
2019-02-22 23:15:00,1015.44
2019-02-22 23:30:00,998.56
2019-02-22 23:45:00,980.4
2019-02-23 00:00:00,955.6
2019-02-23 00:15:00,939.12
2019-02-23 00:30:00,929.68
2019-02-23 00:45:00,924.16
2019-02-23 01:00:00,911.2
2019-02-23 01:15:00,908.72
2019-02-23 01:30:00,898.48
2019-02-23 01:45:00,895.6
2019-02-23 02:00:00,879.12
2019-02-23 02:15:00,873.44
2019-02-23 02:30:00,876.0
2019-02-23 02:45:00,873.6
2019-02-23 03:00:00,872.8
2019-02-23 03:15:00,873.04
2019-02-23 03:30:00,872.56
2019-02-23 03:45:00,876.0
2019-02-23 04:00:00,874.32
2019-02-23 04:15:00,872.64
2019-02-23 04:30:00,869.52
2019-02-23 04:45:00,874.32
2019-02-23 05:00:00,882.0
2019-02-23 05:15:00,876.32
2019-02-23 05:30:00,873.68
2019-02-23 05:45:00,877.76
2019-02-23 06:00:00,886.64
2019-02-23 06:15:00,896.24
2019-02-23 06:30:00,901.68
2019-02-23 06:45:00,915.28
2019-02-23 07:00:00,931.68
2019-02-23 07:15:00,941.52
2019-02-23 07:30:00,956.16
2019-02-23 07:45:00,976.88
2019-02-23 08:00:00,1005.36
2019-02-23 08:15:00,1027.76
2019-02-23 08:30:00,1044.0
2019-02-23 08:45:00,1058.0
2019-02-23 09:00:00,1068.96
2019-02-23 09:15:00,1081.52
2019-02-23 09:30:00,1090.32
2019-02-23 09:45:00,1096.4
2019-02-23 10:00:00,1099.36
2019-02-23 10:15:00,1100.4
2019-02-23 10:30:00,1100.4
2019-02-23 10:45:00,1102.88
2019-02-23 11:00:00,1103.04
2019-02-23 11:15:00,1104.4
2019-02-23 11:30:00,1105.84
2019-02-23 11:45:00,1101.44
2019-02-23 12:00:00,1088.08
2019-02-23 12:15:00,1080.72
2019-02-23 12:30:00,1070.72
2019-02-23 12:45:00,1060.96
2019-02-23 13:00:00,1051.6
2019-02-23 13:15:00,1045.2
2019-02-23 13:30:00,1036.48
2019-02-23 13:45:00,1025.28
2019-02-23 14:00:00,1016.32
2019-02-23 14:15:00,1010.88
2019-02-23 14:30:00,1002.56
2019-02-23 14:45:00,998.32
2019-02-23 15:00:00,993.68
2019-02-23 15:15:00,990.08
2019-02-23 15:30:00,981.6
2019-02-23 15:45:00,979.44
2019-02-23 16:00:00,979.52
2019-02-23 16:15:00,978.0
2019-02-23 16:30:00,983.36
2019-02-23 16:45:00,987.2
2019-02-23 17:00:00,998.96
2019-02-23 17:15:00,1011.84
2019-02-23 17:30:00,1035.92
2019-02-23 17:45:00,1058.32
2019-02-23 18:00:00,1091.52
2019-02-23 18:15:00,1115.6
2019-02-23 18:30:00,1125.92
2019-02-23 18:45:00,1120.64
2019-02-23 19:00:00,1119.44
2019-02-23 19:15:00,1101.76
2019-02-23 19:30:00,1089.52
2019-02-23 19:45:00,1071.12
2019-02-23 20:00:00,1061.52
2019-02-23 20:15:00,1041.52
2019-02-23 20:30:00,1022.0
2019-02-23 20:45:00,1009.44
2019-02-23 21:00:00,1001.2
2019-02-23 21:15:00,991.52
2019-02-23 21:30:00,980.4
2019-02-23 21:45:00,976.32
2019-02-23 22:00:00,985.68
2019-02-23 22:15:00,975.2
2019-02-23 22:30:00,957.52
2019-02-23 22:45:00,940.64
2019-02-23 23:00:00,926.0
2019-02-23 23:15:00,913.6
2019-02-23 23:30:00,900.32
2019-02-23 23:45:00,884.4
2019-02-24 00:00:00,859.36
2019-02-24 00:15:00,848.48
2019-02-24 00:30:00,835.52
2019-02-24 00:45:00,823.84
2019-02-24 01:00:00,808.8
2019-02-24 01:15:00,801.84
2019-02-24 01:30:00,794.24
2019-02-24 01:45:00,790.56
2019-02-24 02:00:00,785.52
2019-02-24 02:15:00,781.68
2019-02-24 02:30:00,782.08
2019-02-24 02:45:00,778.64
2019-02-24 03:00:00,776.72
2019-02-24 03:15:00,775.92
2019-02-24 03:30:00,774.8
2019-02-24 03:45:00,774.4
2019-02-24 04:00:00,778.32
2019-02-24 04:15:00,780.64
2019-02-24 04:30:00,777.68
2019-02-24 04:45:00,779.28
2019-02-24 05:00:00,779.04
2019-02-24 05:15:00,773.36
2019-02-24 05:30:00,768.08
2019-02-24 05:45:00,763.12
2019-02-24 06:00:00,756.4
2019-02-24 06:15:00,759.44
2019-02-24 06:30:00,766.72
2019-02-24 06:45:00,772.16
2019-02-24 07:00:00,775.36
2019-02-24 07:15:00,783.36
2019-02-24 07:30:00,799.6
2019-02-24 07:45:00,814.72
2019-02-24 08:00:00,835.76
2019-02-24 08:15:00,853.76
2019-02-24 08:30:00,869.68
2019-02-24 08:45:00,878.56
2019-02-24 09:00:00,888.72
2019-02-24 09:15:00,906.16
2019-02-24 09:30:00,920.32
2019-02-24 09:45:00,933.04
2019-02-24 10:00:00,934.0
2019-02-24 10:15:00,942.16
2019-02-24 10:30:00,952.0
2019-02-24 10:45:00,961.6
2019-02-24 11:00:00,966.08
2019-02-24 11:15:00,977.36
2019-02-24 11:30:00,985.92
2019-02-24 11:45:00,985.12
2019-02-24 12:00:00,973.52
2019-02-24 12:15:00,964.64
2019-02-24 12:30:00,955.84
2019-02-24 12:45:00,949.6
2019-02-24 13:00:00,934.8
2019-02-24 13:15:00,921.84
2019-02-24 13:30:00,911.28
2019-02-24 13:45:00,902.64
2019-02-24 14:00:00,898.96
2019-02-24 14:15:00,890.96
2019-02-24 14:30:00,885.12
2019-02-24 14:45:00,879.6
2019-02-24 15:00:00,875.12
2019-02-24 15:15:00,873.28
2019-02-24 15:30:00,866.16
2019-02-24 15:45:00,866.32
2019-02-24 16:00:00,863.36
2019-02-24 16:15:00,870.88
2019-02-24 16:30:00,880.56
2019-02-24 16:45:00,884.96
2019-02-24 17:00:00,899.84
2019-02-24 17:15:00,919.12
2019-02-24 17:30:00,946.72
2019-02-24 17:45:00,973.36
2019-02-24 18:00:00,1017.28
2019-02-24 18:15:00,1049.76
2019-02-24 18:30:00,1062.96
2019-02-24 18:45:00,1060.64
2019-02-24 19:00:00,1057.04
2019-02-24 19:15:00,1040.8
2019-02-24 19:30:00,1032.88
2019-02-24 19:45:00,1020.56
2019-02-24 20:00:00,1011.84
2019-02-24 20:15:00,998.4
2019-02-24 20:30:00,980.4
2019-02-24 20:45:00,966.72
2019-02-24 21:00:00,958.88
2019-02-24 21:15:00,952.16
2019-02-24 21:30:00,950.96
2019-02-24 21:45:00,953.12
2019-02-24 22:00:00,962.32
2019-02-24 22:15:00,956.24
2019-02-24 22:30:00,943.68
2019-02-24 22:45:00,922.96
2019-02-24 23:00:00,907.44
2019-02-24 23:15:00,896.16
2019-02-24 23:30:00,878.88
2019-02-24 23:45:00,865.2
2019-02-25 00:00:00,855.28
2019-02-25 00:15:00,844.32
2019-02-25 00:30:00,843.04
2019-02-25 00:45:00,839.92
2019-02-25 01:00:00,828.48
2019-02-25 01:15:00,822.64
2019-02-25 01:30:00,820.4
2019-02-25 01:45:00,819.28
2019-02-25 02:00:00,813.28
2019-02-25 02:15:00,813.2
2019-02-25 02:30:00,810.88
2019-02-25 02:45:00,813.92
2019-02-25 03:00:00,815.44
2019-02-25 03:15:00,820.24
2019-02-25 03:30:00,828.4
2019-02-25 03:45:00,832.0
2019-02-25 04:00:00,847.12
2019-02-25 04:15:00,857.92
2019-02-25 04:30:00,871.12
2019-02-25 04:45:00,883.36
2019-02-25 05:00:00,920.48
2019-02-25 05:15:00,936.56
2019-02-25 05:30:00,961.68
2019-02-25 05:45:00,995.12
2019-02-25 06:00:00,1055.92
2019-02-25 06:15:00,1106.32
2019-02-25 06:30:00,1157.44
2019-02-25 06:45:00,1192.96
2019-02-25 07:00:00,1212.32
2019-02-25 07:15:00,1229.44
2019-02-25 07:30:00,1240.4
2019-02-25 07:45:00,1255.84
2019-02-25 08:00:00,1270.88
2019-02-25 08:15:00,1275.68
2019-02-25 08:30:00,1275.28
2019-02-25 08:45:00,1269.28
2019-02-25 09:00:00,1259.76
2019-02-25 09:15:00,1269.2
2019-02-25 09:30:00,1267.04
2019-02-25 09:45:00,1276.08
2019-02-25 10:00:00,1279.68
2019-02-25 10:15:00,1275.6
2019-02-25 10:30:00,1276.96
2019-02-25 10:45:00,1274.24
2019-02-25 11:00:00,1279.52
2019-02-25 11:15:00,1284.88
2019-02-25 11:30:00,1287.84
2019-02-25 11:45:00,1286.8
2019-02-25 12:00:00,1277.28
2019-02-25 12:15:00,1272.48
2019-02-25 12:30:00,1267.76
2019-02-25 12:45:00,1265.92
2019-02-25 13:00:00,1270.24
2019-02-25 13:15:00,1265.28
2019-02-25 13:30:00,1254.0
2019-02-25 13:45:00,1244.32
2019-02-25 14:00:00,1243.76
2019-02-25 14:15:00,1239.44
2019-02-25 14:30:00,1229.92
2019-02-25 14:45:00,1224.32
2019-02-25 15:00:00,1223.76
2019-02-25 15:15:00,1210.96
2019-02-25 15:30:00,1204.32
2019-02-25 15:45:00,1199.04
2019-02-25 16:00:00,1196.8
2019-02-25 16:15:00,1194.0
2019-02-25 16:30:00,1190.88
2019-02-25 16:45:00,1190.08
2019-02-25 17:00:00,1198.72
2019-02-25 17:15:00,1209.44
2019-02-25 17:30:00,1225.84
2019-02-25 17:45:00,1252.24
2019-02-25 18:00:00,1275.68
2019-02-25 18:15:00,1300.4
2019-02-25 18:30:00,1320.8
2019-02-25 18:45:00,1326.32
2019-02-25 19:00:00,1321.92
2019-02-25 19:15:00,1304.16
2019-02-25 19:30:00,1289.68
2019-02-25 19:45:00,1275.28
2019-02-25 20:00:00,1254.8
2019-02-25 20:15:00,1224.88
2019-02-25 20:30:00,1202.48
2019-02-25 20:45:00,1186.56
2019-02-25 21:00:00,1171.2
2019-02-25 21:15:00,1155.2
2019-02-25 21:30:00,1139.84
2019-02-25 21:45:00,1126.24
2019-02-25 22:00:00,1119.92
2019-02-25 22:15:00,1101.52
2019-02-25 22:30:00,1073.92
2019-02-25 22:45:00,1053.2
2019-02-25 23:00:00,1035.12
2019-02-25 23:15:00,1014.88
2019-02-25 23:30:00,995.28
2019-02-25 23:45:00,979.76
2019-02-26 00:00:00,945.12
2019-02-26 00:15:00,931.84
2019-02-26 00:30:00,926.32
2019-02-26 00:45:00,915.84
2019-02-26 01:00:00,904.72
2019-02-26 01:15:00,894.8
2019-02-26 01:30:00,891.12
2019-02-26 01:45:00,884.64
2019-02-26 02:00:00,879.76
2019-02-26 02:15:00,876.72
2019-02-26 02:30:00,879.28
2019-02-26 02:45:00,887.76
2019-02-26 03:00:00,887.44
2019-02-26 03:15:00,892.0
2019-02-26 03:30:00,892.32
2019-02-26 03:45:00,900.08
2019-02-26 04:00:00,907.28
2019-02-26 04:15:00,909.2
2019-02-26 04:30:00,919.52
2019-02-26 04:45:00,929.84
2019-02-26 05:00:00,959.68
2019-02-26 05:15:00,972.24
2019-02-26 05:30:00,1000.64
2019-02-26 05:45:00,1034.88
2019-02-26 06:00:00,1091.28
2019-02-26 06:15:00,1138.48
2019-02-26 06:30:00,1180.64
2019-02-26 06:45:00,1213.04
2019-02-26 07:00:00,1236.72
2019-02-26 07:15:00,1247.92
2019-02-26 07:30:00,1259.52
2019-02-26 07:45:00,1266.56
2019-02-26 08:00:00,1280.08
2019-02-26 08:15:00,1283.92
2019-02-26 08:30:00,1283.76
2019-02-26 08:45:00,1275.52
2019-02-26 09:00:00,1266.8
2019-02-26 09:15:00,1279.44
2019-02-26 09:30:00,1280.72
2019-02-26 09:45:00,1277.6
2019-02-26 10:00:00,1280.88
2019-02-26 10:15:00,1276.88
2019-02-26 10:30:00,1277.92
2019-02-26 10:45:00,1281.84
2019-02-26 11:00:00,1288.4
2019-02-26 11:15:00,1275.92
2019-02-26 11:30:00,1276.96
2019-02-26 11:45:00,1274.8
2019-02-26 12:00:00,1277.68
2019-02-26 12:15:00,1266.32
2019-02-26 12:30:00,1265.76
2019-02-26 12:45:00,1258.32
2019-02-26 13:00:00,1262.24
2019-02-26 13:15:00,1257.12
2019-02-26 13:30:00,1247.76
2019-02-26 13:45:00,1234.96
2019-02-26 14:00:00,1232.72
2019-02-26 14:15:00,1232.0
2019-02-26 14:30:00,1217.44
2019-02-26 14:45:00,1214.72
2019-02-26 15:00:00,1212.8
2019-02-26 15:15:00,1206.32
2019-02-26 15:30:00,1196.32
2019-02-26 15:45:00,1193.36
2019-02-26 16:00:00,1186.0
2019-02-26 16:15:00,1179.6
2019-02-26 16:30:00,1178.88
2019-02-26 16:45:00,1184.72
2019-02-26 17:00:00,1188.0
2019-02-26 17:15:00,1198.56
2019-02-26 17:30:00,1214.48
2019-02-26 17:45:00,1234.08
2019-02-26 18:00:00,1251.44
2019-02-26 18:15:00,1281.6
2019-02-26 18:30:00,1304.72
2019-02-26 18:45:00,1311.52
2019-02-26 19:00:00,1304.48
2019-02-26 19:15:00,1285.12
2019-02-26 19:30:00,1267.6
2019-02-26 19:45:00,1256.48
2019-02-26 20:00:00,1236.56
2019-02-26 20:15:00,1208.32
2019-02-26 20:30:00,1190.24
2019-02-26 20:45:00,1166.72
2019-02-26 21:00:00,1154.24
2019-02-26 21:15:00,1133.36
2019-02-26 21:30:00,1114.16
2019-02-26 21:45:00,1091.92
2019-02-26 22:00:00,1089.6
2019-02-26 22:15:00,1072.32
2019-02-26 22:30:00,1047.2
2019-02-26 22:45:00,1027.2
2019-02-26 23:00:00,1008.4
2019-02-26 23:15:00,981.92
2019-02-26 23:30:00,964.8
2019-02-26 23:45:00,950.96
2019-02-27 00:00:00,930.16
2019-02-27 00:15:00,917.28
2019-02-27 00:30:00,910.24
2019-02-27 00:45:00,903.28
2019-02-27 01:00:00,892.4
2019-02-27 01:15:00,887.52
2019-02-27 01:30:00,881.76
2019-02-27 01:45:00,878.08
2019-02-27 02:00:00,875.84
2019-02-27 02:15:00,873.92
2019-02-27 02:30:00,874.08
2019-02-27 02:45:00,877.92
2019-02-27 03:00:00,888.0
2019-02-27 03:15:00,894.64
2019-02-27 03:30:00,899.04
2019-02-27 03:45:00,904.88
2019-02-27 04:00:00,916.48
2019-02-27 04:15:00,924.16
2019-02-27 04:30:00,935.52
2019-02-27 04:45:00,949.68
2019-02-27 05:00:00,971.2
2019-02-27 05:15:00,989.12
2019-02-27 05:30:00,1012.24
2019-02-27 05:45:00,1041.36
2019-02-27 06:00:00,1095.52
2019-02-27 06:15:00,1139.28
2019-02-27 06:30:00,1180.72
2019-02-27 06:45:00,1209.76
2019-02-27 07:00:00,1230.72
2019-02-27 07:15:00,1245.12
2019-02-27 07:30:00,1255.68
2019-02-27 07:45:00,1269.12
2019-02-27 08:00:00,1277.28
2019-02-27 08:15:00,1282.72
2019-02-27 08:30:00,1288.16
2019-02-27 08:45:00,1286.16
2019-02-27 09:00:00,1281.04
2019-02-27 09:15:00,1281.76
2019-02-27 09:30:00,1290.32
2019-02-27 09:45:00,1293.12
2019-02-27 10:00:00,1297.68
2019-02-27 10:15:00,1298.32
2019-02-27 10:30:00,1299.68
2019-02-27 10:45:00,1296.0
2019-02-27 11:00:00,1298.72
2019-02-27 11:15:00,1300.96
2019-02-27 11:30:00,1300.32
2019-02-27 11:45:00,1293.92
2019-02-27 12:00:00,1280.96
2019-02-27 12:15:00,1274.0
2019-02-27 12:30:00,1273.92
2019-02-27 12:45:00,1267.76
2019-02-27 13:00:00,1264.16
2019-02-27 13:15:00,1258.24
2019-02-27 13:30:00,1260.48
2019-02-27 13:45:00,1245.6
2019-02-27 14:00:00,1244.4
2019-02-27 14:15:00,1239.36
2019-02-27 14:30:00,1229.76
2019-02-27 14:45:00,1217.68
2019-02-27 15:00:00,1218.88
2019-02-27 15:15:00,1211.68
2019-02-27 15:30:00,1205.92
2019-02-27 15:45:00,1195.28
2019-02-27 16:00:00,1190.72
2019-02-27 16:15:00,1190.16
2019-02-27 16:30:00,1187.04
2019-02-27 16:45:00,1191.2
2019-02-27 17:00:00,1199.92
2019-02-27 17:15:00,1206.56
2019-02-27 17:30:00,1224.64
2019-02-27 17:45:00,1247.28
2019-02-27 18:00:00,1276.4
2019-02-27 18:15:00,1305.6
2019-02-27 18:30:00,1331.12
2019-02-27 18:45:00,1340.48
2019-02-27 19:00:00,1335.84
2019-02-27 19:15:00,1322.4
2019-02-27 19:30:00,1312.72
2019-02-27 19:45:00,1294.16
2019-02-27 20:00:00,1277.52
2019-02-27 20:15:00,1258.88
2019-02-27 20:30:00,1240.64
2019-02-27 20:45:00,1215.12
2019-02-27 21:00:00,1193.44
2019-02-27 21:15:00,1174.72
2019-02-27 21:30:00,1151.12
2019-02-27 21:45:00,1128.4
2019-02-27 22:00:00,1123.12
2019-02-27 22:15:00,1107.12
2019-02-27 22:30:00,1084.24
2019-02-27 22:45:00,1062.56
2019-02-27 23:00:00,1048.08
2019-02-27 23:15:00,1027.2
2019-02-27 23:30:00,1012.56
2019-02-27 23:45:00,998.32
2019-02-28 00:00:00,970.08
2019-02-28 00:15:00,961.92
2019-02-28 00:30:00,952.16
2019-02-28 00:45:00,936.24
2019-02-28 01:00:00,927.68
2019-02-28 01:15:00,915.92
2019-02-28 01:30:00,912.24
2019-02-28 01:45:00,903.92
2019-02-28 02:00:00,899.36
2019-02-28 02:15:00,897.28
2019-02-28 02:30:00,903.04
2019-02-28 02:45:00,900.4
2019-02-28 03:00:00,906.16
2019-02-28 03:15:00,914.0
2019-02-28 03:30:00,914.4
2019-02-28 03:45:00,918.48
2019-02-28 04:00:00,929.2
2019-02-28 04:15:00,934.72
2019-02-28 04:30:00,944.56
2019-02-28 04:45:00,950.16
2019-02-28 05:00:00,976.64
2019-02-28 05:15:00,986.0
2019-02-28 05:30:00,999.76
2019-02-28 05:45:00,1024.24
2019-02-28 06:00:00,1082.32
2019-02-28 06:15:00,1128.72
2019-02-28 06:30:00,1166.8
2019-02-28 06:45:00,1195.04
2019-02-28 07:00:00,1227.28
2019-02-28 07:15:00,1242.8
2019-02-28 07:30:00,1253.84
2019-02-28 07:45:00,1262.88
2019-02-28 08:00:00,1277.12
2019-02-28 08:15:00,1284.96
2019-02-28 08:30:00,1286.72
2019-02-28 08:45:00,1283.28
2019-02-28 09:00:00,1273.6
2019-02-28 09:15:00,1281.68
2019-02-28 09:30:00,1285.44
2019-02-28 09:45:00,1293.28
2019-02-28 10:00:00,1282.08
2019-02-28 10:15:00,1277.76
2019-02-28 10:30:00,1282.08
2019-02-28 10:45:00,1284.8
2019-02-28 11:00:00,1291.36
2019-02-28 11:15:00,1287.68
2019-02-28 11:30:00,1293.92
2019-02-28 11:45:00,1291.44
2019-02-28 12:00:00,1283.2
2019-02-28 12:15:00,1269.52
2019-02-28 12:30:00,1262.96
2019-02-28 12:45:00,1264.64
2019-02-28 13:00:00,1259.44
2019-02-28 13:15:00,1257.52
2019-02-28 13:30:00,1243.52
2019-02-28 13:45:00,1226.4
2019-02-28 14:00:00,1232.4
2019-02-28 14:15:00,1223.44
2019-02-28 14:30:00,1223.76
2019-02-28 14:45:00,1224.32
2019-02-28 15:00:00,1232.48
2019-02-28 15:15:00,1231.84
2019-02-28 15:30:00,1228.88
2019-02-28 15:45:00,1227.92
2019-02-28 16:00:00,1223.36
2019-02-28 16:15:00,1219.6
2019-02-28 16:30:00,1215.6
2019-02-28 16:45:00,1219.12
2019-02-28 17:00:00,1233.6
2019-02-28 17:15:00,1241.92
2019-02-28 17:30:00,1253.2
2019-02-28 17:45:00,1265.04
2019-02-28 18:00:00,1286.32
2019-02-28 18:15:00,1306.56
2019-02-28 18:30:00,1320.0
2019-02-28 18:45:00,1323.44
2019-02-28 19:00:00,1316.4
2019-02-28 19:15:00,1302.08
2019-02-28 19:30:00,1292.96
2019-02-28 19:45:00,1274.56
2019-02-28 20:00:00,1251.84
2019-02-28 20:15:00,1223.04
2019-02-28 20:30:00,1197.44
2019-02-28 20:45:00,1179.84
2019-02-28 21:00:00,1164.56
2019-02-28 21:15:00,1146.32
2019-02-28 21:30:00,1125.2
2019-02-28 21:45:00,1107.28
2019-02-28 22:00:00,1096.8
2019-02-28 22:15:00,1075.92
2019-02-28 22:30:00,1054.56
2019-02-28 22:45:00,1033.36
2019-02-28 23:00:00,1010.88
2019-02-28 23:15:00,990.16
2019-02-28 23:30:00,966.16
2019-02-28 23:45:00,945.44
2019-03-01 00:00:00,931.84
2019-03-01 00:15:00,920.0
2019-03-01 00:30:00,909.52
2019-03-01 00:45:00,901.6
2019-03-01 01:00:00,892.72
2019-03-01 01:15:00,885.36
2019-03-01 01:30:00,882.8
2019-03-01 01:45:00,875.68
2019-03-01 02:00:00,867.6
2019-03-01 02:15:00,863.68
2019-03-01 02:30:00,868.24
2019-03-01 02:45:00,866.48
2019-03-01 03:00:00,863.92
2019-03-01 03:15:00,866.88
2019-03-01 03:30:00,871.2
2019-03-01 03:45:00,877.6
2019-03-01 04:00:00,888.64
2019-03-01 04:15:00,896.24
2019-03-01 04:30:00,908.24
2019-03-01 04:45:00,918.24
2019-03-01 05:00:00,944.56
2019-03-01 05:15:00,956.08
2019-03-01 05:30:00,986.32
2019-03-01 05:45:00,1016.8
2019-03-01 06:00:00,1067.44
2019-03-01 06:15:00,1111.76
2019-03-01 06:30:00,1149.84
2019-03-01 06:45:00,1180.16
2019-03-01 07:00:00,1207.28
2019-03-01 07:15:00,1222.96
2019-03-01 07:30:00,1242.4
2019-03-01 07:45:00,1259.28
2019-03-01 08:00:00,1276.8
2019-03-01 08:15:00,1287.2
2019-03-01 08:30:00,1295.12
2019-03-01 08:45:00,1302.24
2019-03-01 09:00:00,1297.76
2019-03-01 09:15:00,1307.2
2019-03-01 09:30:00,1315.2
2019-03-01 09:45:00,1325.36
2019-03-01 10:00:00,1331.92
2019-03-01 10:15:00,1339.2
2019-03-01 10:30:00,1342.48
2019-03-01 10:45:00,1348.88
2019-03-01 11:00:00,1351.68
2019-03-01 11:15:00,1359.2
2019-03-01 11:30:00,1361.36
2019-03-01 11:45:00,1357.76
2019-03-01 12:00:00,1349.12
2019-03-01 12:15:00,1341.36
2019-03-01 12:30:00,1334.72
2019-03-01 12:45:00,1330.64
2019-03-01 13:00:00,1327.92
2019-03-01 13:15:00,1314.72
2019-03-01 13:30:00,1306.72
2019-03-01 13:45:00,1289.6
2019-03-01 14:00:00,1284.48
2019-03-01 14:15:00,1274.96
2019-03-01 14:30:00,1269.52
2019-03-01 14:45:00,1264.72
2019-03-01 15:00:00,1265.44
2019-03-01 15:15:00,1256.08
2019-03-01 15:30:00,1248.32
2019-03-01 15:45:00,1237.04
2019-03-01 16:00:00,1239.44
2019-03-01 16:15:00,1233.68
2019-03-01 16:30:00,1229.2
2019-03-01 16:45:00,1228.56
2019-03-01 17:00:00,1236.0
2019-03-01 17:15:00,1239.68
2019-03-01 17:30:00,1244.0
2019-03-01 17:45:00,1261.28
2019-03-01 18:00:00,1262.48
2019-03-01 18:15:00,1274.88
2019-03-01 18:30:00,1285.36
2019-03-01 18:45:00,1280.48
2019-03-01 19:00:00,1273.52
2019-03-01 19:15:00,1257.04
2019-03-01 19:30:00,1242.8
2019-03-01 19:45:00,1225.76
2019-03-01 20:00:00,1198.64
2019-03-01 20:15:00,1180.96
2019-03-01 20:30:00,1153.04
2019-03-01 20:45:00,1127.68
2019-03-01 21:00:00,1115.92
2019-03-01 21:15:00,1107.52
2019-03-01 21:30:00,1087.92
2019-03-01 21:45:00,1071.36
2019-03-01 22:00:00,1063.04
2019-03-01 22:15:00,1050.64
2019-03-01 22:30:00,1031.92
2019-03-01 22:45:00,1017.28
2019-03-01 23:00:00,992.24
2019-03-01 23:15:00,976.48
2019-03-01 23:30:00,951.68
2019-03-01 23:45:00,943.04
2019-03-02 00:00:00,934.08
2019-03-02 00:15:00,918.64
2019-03-02 00:30:00,906.08
2019-03-02 00:45:00,891.6
2019-03-02 01:00:00,879.12
2019-03-02 01:15:00,870.96
2019-03-02 01:30:00,859.12
2019-03-02 01:45:00,856.08
2019-03-02 02:00:00,849.6
2019-03-02 02:15:00,847.84
2019-03-02 02:30:00,846.24
2019-03-02 02:45:00,843.36
2019-03-02 03:00:00,842.96
2019-03-02 03:15:00,840.16
2019-03-02 03:30:00,838.16
2019-03-02 03:45:00,832.72
2019-03-02 04:00:00,837.52
2019-03-02 04:15:00,834.16
2019-03-02 04:30:00,835.36
2019-03-02 04:45:00,837.36
2019-03-02 05:00:00,843.04
2019-03-02 05:15:00,838.8
2019-03-02 05:30:00,835.76
2019-03-02 05:45:00,838.64
2019-03-02 06:00:00,849.2
2019-03-02 06:15:00,858.08
2019-03-02 06:30:00,872.16
2019-03-02 06:45:00,881.92
2019-03-02 07:00:00,898.4
2019-03-02 07:15:00,914.4
2019-03-02 07:30:00,933.84
2019-03-02 07:45:00,961.6
2019-03-02 08:00:00,983.68
2019-03-02 08:15:00,1005.52
2019-03-02 08:30:00,1027.92
2019-03-02 08:45:00,1039.2
2019-03-02 09:00:00,1055.12
2019-03-02 09:15:00,1071.84
2019-03-02 09:30:00,1082.24
2019-03-02 09:45:00,1094.0
2019-03-02 10:00:00,1097.28
2019-03-02 10:15:00,1103.92
2019-03-02 10:30:00,1112.8
2019-03-02 10:45:00,1108.64
2019-03-02 11:00:00,1114.72
2019-03-02 11:15:00,1120.0
2019-03-02 11:30:00,1118.0
2019-03-02 11:45:00,1113.92
2019-03-02 12:00:00,1099.84
2019-03-02 12:15:00,1095.12
2019-03-02 12:30:00,1089.76
2019-03-02 12:45:00,1077.68
2019-03-02 13:00:00,1061.2
2019-03-02 13:15:00,1055.28
2019-03-02 13:30:00,1042.88
2019-03-02 13:45:00,1033.84
2019-03-02 14:00:00,1021.12
2019-03-02 14:15:00,1011.76
2019-03-02 14:30:00,1007.92
2019-03-02 14:45:00,1004.72
2019-03-02 15:00:00,1007.36
2019-03-02 15:15:00,1001.36
2019-03-02 15:30:00,997.92
2019-03-02 15:45:00,996.08
2019-03-02 16:00:00,995.04
2019-03-02 16:15:00,999.84
2019-03-02 16:30:00,996.72
2019-03-02 16:45:00,1003.36
2019-03-02 17:00:00,1015.84
2019-03-02 17:15:00,1031.04
2019-03-02 17:30:00,1050.88
2019-03-02 17:45:00,1071.92
2019-03-02 18:00:00,1097.2
2019-03-02 18:15:00,1115.28
2019-03-02 18:30:00,1121.52
2019-03-02 18:45:00,1118.08
2019-03-02 19:00:00,1120.16
2019-03-02 19:15:00,1116.72
2019-03-02 19:30:00,1100.96
2019-03-02 19:45:00,1086.16
2019-03-02 20:00:00,1060.0
2019-03-02 20:15:00,1039.12
2019-03-02 20:30:00,1016.32
2019-03-02 20:45:00,985.92
2019-03-02 21:00:00,982.64
2019-03-02 21:15:00,968.96
2019-03-02 21:30:00,956.24
2019-03-02 21:45:00,944.8
2019-03-02 22:00:00,950.88
2019-03-02 22:15:00,940.08
2019-03-02 22:30:00,921.68
2019-03-02 22:45:00,903.2
2019-03-02 23:00:00,888.08
2019-03-02 23:15:00,875.44
2019-03-02 23:30:00,863.84
2019-03-02 23:45:00,851.84
2019-03-03 00:00:00,836.08
2019-03-03 00:15:00,821.92
2019-03-03 00:30:00,809.84
2019-03-03 00:45:00,800.56
2019-03-03 01:00:00,788.24
2019-03-03 01:15:00,774.48
2019-03-03 01:30:00,766.0
2019-03-03 01:45:00,759.52
2019-03-03 02:00:00,759.52
2019-03-03 02:15:00,752.08
2019-03-03 02:30:00,753.28
2019-03-03 02:45:00,754.72
2019-03-03 03:00:00,754.16
2019-03-03 03:15:00,755.04
2019-03-03 03:30:00,756.24
2019-03-03 03:45:00,760.24
2019-03-03 04:00:00,768.88
2019-03-03 04:15:00,768.72
2019-03-03 04:30:00,770.8
2019-03-03 04:45:00,772.0
2019-03-03 05:00:00,778.8
2019-03-03 05:15:00,773.76
2019-03-03 05:30:00,772.24
2019-03-03 05:45:00,769.76
2019-03-03 06:00:00,770.8
2019-03-03 06:15:00,773.6
2019-03-03 06:30:00,776.56
2019-03-03 06:45:00,781.92
2019-03-03 07:00:00,785.28
2019-03-03 07:15:00,793.36
2019-03-03 07:30:00,805.52
2019-03-03 07:45:00,828.16
2019-03-03 08:00:00,847.92
2019-03-03 08:15:00,870.48
2019-03-03 08:30:00,887.44
2019-03-03 08:45:00,902.4
2019-03-03 09:00:00,923.12
2019-03-03 09:15:00,930.48
2019-03-03 09:30:00,935.92
2019-03-03 09:45:00,951.36
2019-03-03 10:00:00,959.6
2019-03-03 10:15:00,973.44
2019-03-03 10:30:00,981.04
2019-03-03 10:45:00,998.4
2019-03-03 11:00:00,1005.84
2019-03-03 11:15:00,1019.2
2019-03-03 11:30:00,1025.92
2019-03-03 11:45:00,1022.88
2019-03-03 12:00:00,1018.08
2019-03-03 12:15:00,1012.72
2019-03-03 12:30:00,1000.16
2019-03-03 12:45:00,987.52
2019-03-03 13:00:00,972.32
2019-03-03 13:15:00,962.16
2019-03-03 13:30:00,950.96
2019-03-03 13:45:00,942.8
2019-03-03 14:00:00,937.36
2019-03-03 14:15:00,930.96
2019-03-03 14:30:00,924.0
2019-03-03 14:45:00,920.16
2019-03-03 15:00:00,922.56
2019-03-03 15:15:00,923.2
2019-03-03 15:30:00,923.76
2019-03-03 15:45:00,919.68
2019-03-03 16:00:00,917.84
2019-03-03 16:15:00,917.84
2019-03-03 16:30:00,929.52
2019-03-03 16:45:00,936.48
2019-03-03 17:00:00,945.44
2019-03-03 17:15:00,947.52
2019-03-03 17:30:00,964.56
2019-03-03 17:45:00,986.4
2019-03-03 18:00:00,1021.04
2019-03-03 18:15:00,1037.28
2019-03-03 18:30:00,1047.12
2019-03-03 18:45:00,1048.48
2019-03-03 19:00:00,1054.96
2019-03-03 19:15:00,1044.72
2019-03-03 19:30:00,1033.2
2019-03-03 19:45:00,1025.84
2019-03-03 20:00:00,1010.4
2019-03-03 20:15:00,993.52
2019-03-03 20:30:00,975.84
2019-03-03 20:45:00,962.32
2019-03-03 21:00:00,961.76
2019-03-03 21:15:00,951.36
2019-03-03 21:30:00,945.52
2019-03-03 21:45:00,947.68
2019-03-03 22:00:00,961.12
2019-03-03 22:15:00,947.36
2019-03-03 22:30:00,934.4
2019-03-03 22:45:00,922.88
2019-03-03 23:00:00,905.6
2019-03-03 23:15:00,894.64
2019-03-03 23:30:00,875.92
2019-03-03 23:45:00,863.52
2019-03-04 00:00:00,867.36
2019-03-04 00:15:00,855.2
2019-03-04 00:30:00,848.8
2019-03-04 00:45:00,836.64
2019-03-04 01:00:00,828.24
2019-03-04 01:15:00,816.72
2019-03-04 01:30:00,810.24
2019-03-04 01:45:00,806.56
2019-03-04 02:00:00,802.96
2019-03-04 02:15:00,804.48
2019-03-04 02:30:00,805.04
2019-03-04 02:45:00,811.68
2019-03-04 03:00:00,819.36
2019-03-04 03:15:00,829.76
2019-03-04 03:30:00,833.04
2019-03-04 03:45:00,830.96
2019-03-04 04:00:00,841.84
2019-03-04 04:15:00,854.64
2019-03-04 04:30:00,869.6
2019-03-04 04:45:00,883.68
2019-03-04 05:00:00,901.84
2019-03-04 05:15:00,918.32
2019-03-04 05:30:00,943.28
2019-03-04 05:45:00,972.96
2019-03-04 06:00:00,1028.32
2019-03-04 06:15:00,1078.16
2019-03-04 06:30:00,1110.32
2019-03-04 06:45:00,1131.84
2019-03-04 07:00:00,1165.84
2019-03-04 07:15:00,1180.0
2019-03-04 07:30:00,1198.72
2019-03-04 07:45:00,1220.08
2019-03-04 08:00:00,1239.04
2019-03-04 08:15:00,1256.08
2019-03-04 08:30:00,1270.24
2019-03-04 08:45:00,1274.08
2019-03-04 09:00:00,1268.96
2019-03-04 09:15:00,1280.08
2019-03-04 09:30:00,1288.64
2019-03-04 09:45:00,1293.04
2019-03-04 10:00:00,1290.48
2019-03-04 10:15:00,1295.6
2019-03-04 10:30:00,1304.48
2019-03-04 10:45:00,1306.96
2019-03-04 11:00:00,1312.72
2019-03-04 11:15:00,1322.96
2019-03-04 11:30:00,1334.32
2019-03-04 11:45:00,1333.36
2019-03-04 12:00:00,1314.88
2019-03-04 12:15:00,1303.36
2019-03-04 12:30:00,1293.28
2019-03-04 12:45:00,1290.48
2019-03-04 13:00:00,1282.88
2019-03-04 13:15:00,1277.2
2019-03-04 13:30:00,1276.32
2019-03-04 13:45:00,1260.24
2019-03-04 14:00:00,1256.64
2019-03-04 14:15:00,1254.8
2019-03-04 14:30:00,1245.36
2019-03-04 14:45:00,1245.28
2019-03-04 15:00:00,1257.36
2019-03-04 15:15:00,1250.24
2019-03-04 15:30:00,1237.92
2019-03-04 15:45:00,1230.64
2019-03-04 16:00:00,1225.28
2019-03-04 16:15:00,1224.56
2019-03-04 16:30:00,1220.72
2019-03-04 16:45:00,1220.0
2019-03-04 17:00:00,1231.52
2019-03-04 17:15:00,1237.52
2019-03-04 17:30:00,1248.48
2019-03-04 17:45:00,1263.36
2019-03-04 18:00:00,1280.16
2019-03-04 18:15:00,1297.04
2019-03-04 18:30:00,1315.04
2019-03-04 18:45:00,1321.28
2019-03-04 19:00:00,1318.4
2019-03-04 19:15:00,1307.04
2019-03-04 19:30:00,1295.84
2019-03-04 19:45:00,1275.44
2019-03-04 20:00:00,1244.32
2019-03-04 20:15:00,1223.28
2019-03-04 20:30:00,1201.36
2019-03-04 20:45:00,1180.88
2019-03-04 21:00:00,1163.36
2019-03-04 21:15:00,1148.32
2019-03-04 21:30:00,1129.04
2019-03-04 21:45:00,1112.64
2019-03-04 22:00:00,1102.4
2019-03-04 22:15:00,1094.4
2019-03-04 22:30:00,1073.52
2019-03-04 22:45:00,1056.24
2019-03-04 23:00:00,1029.52
2019-03-04 23:15:00,1008.4
2019-03-04 23:30:00,991.12
2019-03-04 23:45:00,975.28
2019-03-05 00:00:00,962.88
2019-03-05 00:15:00,940.8
2019-03-05 00:30:00,938.48
2019-03-05 00:45:00,932.24
2019-03-05 01:00:00,926.64
2019-03-05 01:15:00,920.96
2019-03-05 01:30:00,910.32
2019-03-05 01:45:00,907.52
2019-03-05 02:00:00,903.92
2019-03-05 02:15:00,900.24
2019-03-05 02:30:00,902.8
2019-03-05 02:45:00,897.2
2019-03-05 03:00:00,902.88
2019-03-05 03:15:00,907.76
2019-03-05 03:30:00,910.32
2019-03-05 03:45:00,916.0
2019-03-05 04:00:00,922.0
2019-03-05 04:15:00,930.56
2019-03-05 04:30:00,938.88
2019-03-05 04:45:00,943.92
2019-03-05 05:00:00,975.84
2019-03-05 05:15:00,991.04
2019-03-05 05:30:00,1011.92
2019-03-05 05:45:00,1034.0
2019-03-05 06:00:00,1081.2
2019-03-05 06:15:00,1124.32
2019-03-05 06:30:00,1153.36
2019-03-05 06:45:00,1175.2
2019-03-05 07:00:00,1203.36
2019-03-05 07:15:00,1226.16
2019-03-05 07:30:00,1238.16
2019-03-05 07:45:00,1258.8
2019-03-05 08:00:00,1270.96
2019-03-05 08:15:00,1286.48
2019-03-05 08:30:00,1299.12
2019-03-05 08:45:00,1302.4
2019-03-05 09:00:00,1294.48
2019-03-05 09:15:00,1296.72
2019-03-05 09:30:00,1313.6
2019-03-05 09:45:00,1322.88
2019-03-05 10:00:00,1325.12
2019-03-05 10:15:00,1323.36
2019-03-05 10:30:00,1326.0
2019-03-05 10:45:00,1331.36
2019-03-05 11:00:00,1334.16
2019-03-05 11:15:00,1339.44
2019-03-05 11:30:00,1344.08
2019-03-05 11:45:00,1339.6
2019-03-05 12:00:00,1334.88
2019-03-05 12:15:00,1327.84
2019-03-05 12:30:00,1328.4
2019-03-05 12:45:00,1326.96
2019-03-05 13:00:00,1322.96
2019-03-05 13:15:00,1310.4
2019-03-05 13:30:00,1300.16
2019-03-05 13:45:00,1282.32
2019-03-05 14:00:00,1282.64
2019-03-05 14:15:00,1282.08
2019-03-05 14:30:00,1273.12
2019-03-05 14:45:00,1265.44
2019-03-05 15:00:00,1262.16
2019-03-05 15:15:00,1257.44
2019-03-05 15:30:00,1252.08
2019-03-05 15:45:00,1244.56
2019-03-05 16:00:00,1241.76
2019-03-05 16:15:00,1235.04
2019-03-05 16:30:00,1232.48
2019-03-05 16:45:00,1230.32
2019-03-05 17:00:00,1234.24
2019-03-05 17:15:00,1246.64
2019-03-05 17:30:00,1255.44
2019-03-05 17:45:00,1265.92
2019-03-05 18:00:00,1280.8
2019-03-05 18:15:00,1302.0
2019-03-05 18:30:00,1326.08
2019-03-05 18:45:00,1329.68
2019-03-05 19:00:00,1329.2
2019-03-05 19:15:00,1313.36
2019-03-05 19:30:00,1297.68
2019-03-05 19:45:00,1284.64
2019-03-05 20:00:00,1263.92
2019-03-05 20:15:00,1242.08
2019-03-05 20:30:00,1215.6
2019-03-05 20:45:00,1194.32
2019-03-05 21:00:00,1176.0
2019-03-05 21:15:00,1162.24
2019-03-05 21:30:00,1144.96
2019-03-05 21:45:00,1128.56
2019-03-05 22:00:00,1121.76
2019-03-05 22:15:00,1101.68
2019-03-05 22:30:00,1087.84
2019-03-05 22:45:00,1066.88
2019-03-05 23:00:00,1041.36
2019-03-05 23:15:00,1012.64
2019-03-05 23:30:00,991.84
2019-03-05 23:45:00,976.96
2019-03-06 00:00:00,954.4
2019-03-06 00:15:00,938.0
2019-03-06 00:30:00,922.8
2019-03-06 00:45:00,914.88
2019-03-06 01:00:00,898.16
2019-03-06 01:15:00,890.32
2019-03-06 01:30:00,885.36
2019-03-06 01:45:00,883.84
2019-03-06 02:00:00,875.36
2019-03-06 02:15:00,872.32
2019-03-06 02:30:00,877.36
2019-03-06 02:45:00,881.2
2019-03-06 03:00:00,883.04
2019-03-06 03:15:00,885.76
2019-03-06 03:30:00,893.04
2019-03-06 03:45:00,898.8
2019-03-06 04:00:00,907.84
2019-03-06 04:15:00,918.48
2019-03-06 04:30:00,934.8
2019-03-06 04:45:00,945.68
2019-03-06 05:00:00,969.36
2019-03-06 05:15:00,983.28
2019-03-06 05:30:00,997.92
2019-03-06 05:45:00,1029.68
2019-03-06 06:00:00,1072.0
2019-03-06 06:15:00,1116.48
2019-03-06 06:30:00,1157.52
2019-03-06 06:45:00,1182.24
2019-03-06 07:00:00,1212.56
2019-03-06 07:15:00,1228.56
2019-03-06 07:30:00,1237.12
2019-03-06 07:45:00,1250.0
2019-03-06 08:00:00,1264.32
2019-03-06 08:15:00,1277.52
2019-03-06 08:30:00,1287.44
2019-03-06 08:45:00,1292.48
2019-03-06 09:00:00,1286.4
2019-03-06 09:15:00,1291.68
2019-03-06 09:30:00,1298.72
2019-03-06 09:45:00,1295.12
2019-03-06 10:00:00,1289.28
2019-03-06 10:15:00,1285.52
2019-03-06 10:30:00,1288.96
2019-03-06 10:45:00,1296.56
2019-03-06 11:00:00,1301.2
2019-03-06 11:15:00,1311.44
2019-03-06 11:30:00,1317.6
2019-03-06 11:45:00,1320.16
2019-03-06 12:00:00,1313.68
2019-03-06 12:15:00,1302.56
2019-03-06 12:30:00,1302.96
2019-03-06 12:45:00,1301.76
2019-03-06 13:00:00,1305.6
2019-03-06 13:15:00,1301.12
2019-03-06 13:30:00,1292.8
2019-03-06 13:45:00,1286.16
2019-03-06 14:00:00,1280.16
2019-03-06 14:15:00,1278.8
2019-03-06 14:30:00,1272.88
2019-03-06 14:45:00,1274.8
2019-03-06 15:00:00,1280.88
2019-03-06 15:15:00,1279.44
2019-03-06 15:30:00,1270.08
2019-03-06 15:45:00,1260.88
2019-03-06 16:00:00,1254.32
2019-03-06 16:15:00,1244.96
2019-03-06 16:30:00,1238.8
2019-03-06 16:45:00,1236.88
2019-03-06 17:00:00,1249.04
2019-03-06 17:15:00,1254.0
2019-03-06 17:30:00,1272.32
2019-03-06 17:45:00,1284.0
2019-03-06 18:00:00,1310.08
2019-03-06 18:15:00,1331.68
2019-03-06 18:30:00,1350.4
2019-03-06 18:45:00,1351.92
2019-03-06 19:00:00,1355.36
2019-03-06 19:15:00,1340.16
2019-03-06 19:30:00,1326.24
2019-03-06 19:45:00,1309.92
2019-03-06 20:00:00,1287.44
2019-03-06 20:15:00,1261.28
2019-03-06 20:30:00,1239.04
2019-03-06 20:45:00,1216.16
2019-03-06 21:00:00,1187.36
2019-03-06 21:15:00,1169.84
2019-03-06 21:30:00,1148.0
2019-03-06 21:45:00,1132.48
2019-03-06 22:00:00,1117.12
2019-03-06 22:15:00,1104.88
2019-03-06 22:30:00,1081.68
2019-03-06 22:45:00,1060.72
2019-03-06 23:00:00,1036.0
2019-03-06 23:15:00,1012.96
2019-03-06 23:30:00,1001.12
2019-03-06 23:45:00,975.76
2019-03-07 00:00:00,968.56
2019-03-07 00:15:00,948.24
2019-03-07 00:30:00,942.8
2019-03-07 00:45:00,935.84
2019-03-07 01:00:00,916.16
2019-03-07 01:15:00,906.72
2019-03-07 01:30:00,900.88
2019-03-07 01:45:00,889.68
2019-03-07 02:00:00,876.88
2019-03-07 02:15:00,872.64
2019-03-07 02:30:00,873.36
2019-03-07 02:45:00,875.36
2019-03-07 03:00:00,873.36
2019-03-07 03:15:00,876.08
2019-03-07 03:30:00,876.16
2019-03-07 03:45:00,880.72
2019-03-07 04:00:00,885.36
2019-03-07 04:15:00,891.76
2019-03-07 04:30:00,908.48
2019-03-07 04:45:00,921.68
2019-03-07 05:00:00,946.88
2019-03-07 05:15:00,962.88
2019-03-07 05:30:00,984.48
2019-03-07 05:45:00,1010.32
2019-03-07 06:00:00,1066.88
2019-03-07 06:15:00,1117.12
2019-03-07 06:30:00,1153.36
2019-03-07 06:45:00,1178.4
2019-03-07 07:00:00,1210.48
2019-03-07 07:15:00,1229.28
2019-03-07 07:30:00,1240.48
2019-03-07 07:45:00,1257.6
2019-03-07 08:00:00,1280.48
2019-03-07 08:15:00,1291.28
2019-03-07 08:30:00,1293.92
2019-03-07 08:45:00,1300.32
2019-03-07 09:00:00,1292.08
2019-03-07 09:15:00,1302.32
2019-03-07 09:30:00,1313.04
2019-03-07 09:45:00,1317.28
2019-03-07 10:00:00,1325.28
2019-03-07 10:15:00,1327.44
2019-03-07 10:30:00,1333.6
2019-03-07 10:45:00,1335.28
2019-03-07 11:00:00,1334.16
2019-03-07 11:15:00,1330.0
2019-03-07 11:30:00,1334.0
2019-03-07 11:45:00,1332.32
2019-03-07 12:00:00,1329.04
2019-03-07 12:15:00,1327.36
2019-03-07 12:30:00,1326.16
2019-03-07 12:45:00,1320.08
2019-03-07 13:00:00,1323.68
2019-03-07 13:15:00,1312.32
2019-03-07 13:30:00,1302.8
2019-03-07 13:45:00,1299.04
2019-03-07 14:00:00,1294.08
2019-03-07 14:15:00,1296.24
2019-03-07 14:30:00,1289.92
2019-03-07 14:45:00,1280.88
2019-03-07 15:00:00,1285.76
2019-03-07 15:15:00,1287.36
2019-03-07 15:30:00,1273.68
2019-03-07 15:45:00,1262.24
2019-03-07 16:00:00,1258.32
2019-03-07 16:15:00,1256.8
2019-03-07 16:30:00,1250.48
2019-03-07 16:45:00,1246.48
2019-03-07 17:00:00,1256.64
2019-03-07 17:15:00,1251.28
2019-03-07 17:30:00,1255.2
2019-03-07 17:45:00,1273.68
2019-03-07 18:00:00,1287.28
2019-03-07 18:15:00,1308.96
2019-03-07 18:30:00,1337.28
2019-03-07 18:45:00,1347.36
2019-03-07 19:00:00,1345.2
2019-03-07 19:15:00,1336.24
2019-03-07 19:30:00,1328.4
2019-03-07 19:45:00,1316.8
2019-03-07 20:00:00,1283.92
2019-03-07 20:15:00,1260.72
2019-03-07 20:30:00,1238.56
2019-03-07 20:45:00,1218.4
2019-03-07 21:00:00,1196.56
2019-03-07 21:15:00,1179.2
2019-03-07 21:30:00,1159.12
2019-03-07 21:45:00,1142.32
2019-03-07 22:00:00,1131.28
2019-03-07 22:15:00,1116.0
2019-03-07 22:30:00,1093.68
2019-03-07 22:45:00,1067.12
2019-03-07 23:00:00,1047.68
2019-03-07 23:15:00,1032.8
2019-03-07 23:30:00,1019.92
2019-03-07 23:45:00,1000.72
2019-03-08 00:00:00,983.04
2019-03-08 00:15:00,964.64
2019-03-08 00:30:00,954.32
2019-03-08 00:45:00,943.2
2019-03-08 01:00:00,924.8
2019-03-08 01:15:00,916.32
2019-03-08 01:30:00,909.6
2019-03-08 01:45:00,907.2
2019-03-08 02:00:00,897.68
2019-03-08 02:15:00,893.68
2019-03-08 02:30:00,894.72
2019-03-08 02:45:00,899.92
2019-03-08 03:00:00,909.2
2019-03-08 03:15:00,910.08
2019-03-08 03:30:00,920.88
2019-03-08 03:45:00,926.08
2019-03-08 04:00:00,935.12
2019-03-08 04:15:00,939.2
2019-03-08 04:30:00,949.12
2019-03-08 04:45:00,961.04
2019-03-08 05:00:00,985.04
2019-03-08 05:15:00,999.6
2019-03-08 05:30:00,1016.64
2019-03-08 05:45:00,1041.12
2019-03-08 06:00:00,1096.48
2019-03-08 06:15:00,1134.0
2019-03-08 06:30:00,1160.88
2019-03-08 06:45:00,1180.96
2019-03-08 07:00:00,1202.88
2019-03-08 07:15:00,1222.4
2019-03-08 07:30:00,1241.12
2019-03-08 07:45:00,1257.84
2019-03-08 08:00:00,1274.56
2019-03-08 08:15:00,1283.28
2019-03-08 08:30:00,1289.2
2019-03-08 08:45:00,1287.84
2019-03-08 09:00:00,1284.88
2019-03-08 09:15:00,1301.6
2019-03-08 09:30:00,1305.92
2019-03-08 09:45:00,1314.48
2019-03-08 10:00:00,1308.24
2019-03-08 10:15:00,1318.24
2019-03-08 10:30:00,1325.2
2019-03-08 10:45:00,1329.6
2019-03-08 11:00:00,1329.04
2019-03-08 11:15:00,1336.4
2019-03-08 11:30:00,1334.56
2019-03-08 11:45:00,1331.84
2019-03-08 12:00:00,1320.08
2019-03-08 12:15:00,1318.72
2019-03-08 12:30:00,1307.84
2019-03-08 12:45:00,1297.76
2019-03-08 13:00:00,1296.16
2019-03-08 13:15:00,1284.48
2019-03-08 13:30:00,1273.92
2019-03-08 13:45:00,1252.16
2019-03-08 14:00:00,1245.36
2019-03-08 14:15:00,1234.96
2019-03-08 14:30:00,1226.24
2019-03-08 14:45:00,1220.56
2019-03-08 15:00:00,1222.32
2019-03-08 15:15:00,1217.68
2019-03-08 15:30:00,1206.4
2019-03-08 15:45:00,1189.12
2019-03-08 16:00:00,1192.16
2019-03-08 16:15:00,1188.24
2019-03-08 16:30:00,1183.52
2019-03-08 16:45:00,1188.4
2019-03-08 17:00:00,1196.48
2019-03-08 17:15:00,1194.16
2019-03-08 17:30:00,1202.8
2019-03-08 17:45:00,1212.56
2019-03-08 18:00:00,1225.92
2019-03-08 18:15:00,1245.84
2019-03-08 18:30:00,1262.4
2019-03-08 18:45:00,1269.04
2019-03-08 19:00:00,1269.92
2019-03-08 19:15:00,1257.76
2019-03-08 19:30:00,1246.64
2019-03-08 19:45:00,1222.72
2019-03-08 20:00:00,1203.2
2019-03-08 20:15:00,1183.84
2019-03-08 20:30:00,1157.36
2019-03-08 20:45:00,1134.88
2019-03-08 21:00:00,1122.16
2019-03-08 21:15:00,1103.12
2019-03-08 21:30:00,1087.92
2019-03-08 21:45:00,1068.24
2019-03-08 22:00:00,1062.4
2019-03-08 22:15:00,1043.68
2019-03-08 22:30:00,1028.48
2019-03-08 22:45:00,1010.24
2019-03-08 23:00:00,989.12
2019-03-08 23:15:00,968.16
2019-03-08 23:30:00,956.72
2019-03-08 23:45:00,936.24
2019-03-09 00:00:00,933.76
2019-03-09 00:15:00,916.88
2019-03-09 00:30:00,905.36
2019-03-09 00:45:00,890.4
2019-03-09 01:00:00,877.44
2019-03-09 01:15:00,876.8
2019-03-09 01:30:00,868.24
2019-03-09 01:45:00,857.92
2019-03-09 02:00:00,847.36
2019-03-09 02:15:00,844.24
2019-03-09 02:30:00,845.68
2019-03-09 02:45:00,844.96
2019-03-09 03:00:00,848.4
2019-03-09 03:15:00,849.36
2019-03-09 03:30:00,851.6
2019-03-09 03:45:00,856.48
2019-03-09 04:00:00,858.08
2019-03-09 04:15:00,859.28
2019-03-09 04:30:00,867.76
2019-03-09 04:45:00,866.72
2019-03-09 05:00:00,871.52
2019-03-09 05:15:00,877.2
2019-03-09 05:30:00,875.36
2019-03-09 05:45:00,881.12
2019-03-09 06:00:00,889.04
2019-03-09 06:15:00,894.96
2019-03-09 06:30:00,907.92
2019-03-09 06:45:00,913.6
2019-03-09 07:00:00,927.76
2019-03-09 07:15:00,945.44
2019-03-09 07:30:00,964.72
2019-03-09 07:45:00,984.48
2019-03-09 08:00:00,1000.24
2019-03-09 08:15:00,1011.76
2019-03-09 08:30:00,1032.8
2019-03-09 08:45:00,1046.24
2019-03-09 09:00:00,1060.8
2019-03-09 09:15:00,1069.68
2019-03-09 09:30:00,1083.36
2019-03-09 09:45:00,1095.52
2019-03-09 10:00:00,1100.48
2019-03-09 10:15:00,1104.48
2019-03-09 10:30:00,1111.52
2019-03-09 10:45:00,1121.52
2019-03-09 11:00:00,1124.64
2019-03-09 11:15:00,1127.36
2019-03-09 11:30:00,1133.68
2019-03-09 11:45:00,1124.96
2019-03-09 12:00:00,1114.64
2019-03-09 12:15:00,1107.2
2019-03-09 12:30:00,1088.8
2019-03-09 12:45:00,1080.24
2019-03-09 13:00:00,1076.56
2019-03-09 13:15:00,1069.6
2019-03-09 13:30:00,1063.84
2019-03-09 13:45:00,1054.0
2019-03-09 14:00:00,1041.2
2019-03-09 14:15:00,1038.72
2019-03-09 14:30:00,1038.32
2019-03-09 14:45:00,1030.72
2019-03-09 15:00:00,1022.64
2019-03-09 15:15:00,1022.8
2019-03-09 15:30:00,1017.76
2019-03-09 15:45:00,1021.2
2019-03-09 16:00:00,1024.88
2019-03-09 16:15:00,1022.56
2019-03-09 16:30:00,1021.36
2019-03-09 16:45:00,1016.96
2019-03-09 17:00:00,1026.64
2019-03-09 17:15:00,1030.08
2019-03-09 17:30:00,1046.88
2019-03-09 17:45:00,1057.6
2019-03-09 18:00:00,1074.4
2019-03-09 18:15:00,1088.0
2019-03-09 18:30:00,1109.28
2019-03-09 18:45:00,1116.48
2019-03-09 19:00:00,1110.8
2019-03-09 19:15:00,1100.08
2019-03-09 19:30:00,1092.96
2019-03-09 19:45:00,1070.8
2019-03-09 20:00:00,1056.32
2019-03-09 20:15:00,1027.04
2019-03-09 20:30:00,1008.4
2019-03-09 20:45:00,992.08
2019-03-09 21:00:00,983.68
2019-03-09 21:15:00,969.84
2019-03-09 21:30:00,955.2
2019-03-09 21:45:00,942.48
2019-03-09 22:00:00,941.92
2019-03-09 22:15:00,929.84
2019-03-09 22:30:00,913.28
2019-03-09 22:45:00,900.32
2019-03-09 23:00:00,884.4
2019-03-09 23:15:00,869.36
2019-03-09 23:30:00,858.48
2019-03-09 23:45:00,848.8
2019-03-10 00:00:00,831.2
2019-03-10 00:15:00,817.92
2019-03-10 00:30:00,806.56
2019-03-10 00:45:00,795.68
2019-03-10 01:00:00,775.04
2019-03-10 01:15:00,766.96
2019-03-10 01:30:00,757.36
2019-03-10 01:45:00,758.88
2019-03-10 02:00:00,752.0
2019-03-10 02:15:00,752.24
2019-03-10 02:30:00,754.56
2019-03-10 02:45:00,745.28
2019-03-10 03:00:00,741.84
2019-03-10 03:15:00,739.28
2019-03-10 03:30:00,741.36
2019-03-10 03:45:00,737.12
2019-03-10 04:00:00,733.6
2019-03-10 04:15:00,736.4
2019-03-10 04:30:00,735.52
2019-03-10 04:45:00,739.52
2019-03-10 05:00:00,735.2
2019-03-10 05:15:00,735.12
2019-03-10 05:30:00,732.4
2019-03-10 05:45:00,726.96
2019-03-10 06:00:00,722.72
2019-03-10 06:15:00,724.8
2019-03-10 06:30:00,730.24
2019-03-10 06:45:00,728.96
2019-03-10 07:00:00,732.96
2019-03-10 07:15:00,746.32
2019-03-10 07:30:00,762.88
2019-03-10 07:45:00,776.88
2019-03-10 08:00:00,799.12
2019-03-10 08:15:00,820.32
2019-03-10 08:30:00,836.64
2019-03-10 08:45:00,856.56
2019-03-10 09:00:00,879.28
2019-03-10 09:15:00,899.84
2019-03-10 09:30:00,919.92
2019-03-10 09:45:00,933.28
2019-03-10 10:00:00,948.32
2019-03-10 10:15:00,959.36
2019-03-10 10:30:00,972.96
2019-03-10 10:45:00,981.2
2019-03-10 11:00:00,995.2
2019-03-10 11:15:00,1001.76
2019-03-10 11:30:00,1010.64
2019-03-10 11:45:00,1009.84
2019-03-10 12:00:00,1006.08
2019-03-10 12:15:00,994.72
2019-03-10 12:30:00,985.52
2019-03-10 12:45:00,983.52
2019-03-10 13:00:00,977.28
2019-03-10 13:15:00,964.56
2019-03-10 13:30:00,960.24
2019-03-10 13:45:00,954.08
2019-03-10 14:00:00,956.08
2019-03-10 14:15:00,954.32
2019-03-10 14:30:00,953.76
2019-03-10 14:45:00,955.44
2019-03-10 15:00:00,958.96
2019-03-10 15:15:00,952.8
2019-03-10 15:30:00,942.16
2019-03-10 15:45:00,939.52
2019-03-10 16:00:00,931.92
2019-03-10 16:15:00,928.64
2019-03-10 16:30:00,938.88
2019-03-10 16:45:00,943.28
2019-03-10 17:00:00,948.8
2019-03-10 17:15:00,950.8
2019-03-10 17:30:00,962.16
2019-03-10 17:45:00,978.88
2019-03-10 18:00:00,1010.24
2019-03-10 18:15:00,1024.88
2019-03-10 18:30:00,1045.92
2019-03-10 18:45:00,1054.32
2019-03-10 19:00:00,1056.48
2019-03-10 19:15:00,1048.32
2019-03-10 19:30:00,1037.92
2019-03-10 19:45:00,1030.24
2019-03-10 20:00:00,1021.36
2019-03-10 20:15:00,1008.96
2019-03-10 20:30:00,988.72
2019-03-10 20:45:00,973.28
2019-03-10 21:00:00,972.48
2019-03-10 21:15:00,968.8
2019-03-10 21:30:00,968.56
2019-03-10 21:45:00,964.88
2019-03-10 22:00:00,981.6
2019-03-10 22:15:00,976.16
2019-03-10 22:30:00,962.32
2019-03-10 22:45:00,949.28
2019-03-10 23:00:00,934.72
2019-03-10 23:15:00,912.8
2019-03-10 23:30:00,895.6
2019-03-10 23:45:00,880.4
2019-03-11 00:00:00,885.36
2019-03-11 00:15:00,873.68
2019-03-11 00:30:00,860.96
2019-03-11 00:45:00,856.08
2019-03-11 01:00:00,842.48
2019-03-11 01:15:00,835.04
2019-03-11 01:30:00,833.28
2019-03-11 01:45:00,833.76
2019-03-11 02:00:00,825.6
2019-03-11 02:15:00,824.16
2019-03-11 02:30:00,829.92
2019-03-11 02:45:00,835.36
2019-03-11 03:00:00,832.72
2019-03-11 03:15:00,835.2
2019-03-11 03:30:00,840.88
2019-03-11 03:45:00,844.96
2019-03-11 04:00:00,860.64
2019-03-11 04:15:00,868.24
2019-03-11 04:30:00,879.68
2019-03-11 04:45:00,890.8
2019-03-11 05:00:00,912.8
2019-03-11 05:15:00,932.4
2019-03-11 05:30:00,962.96
2019-03-11 05:45:00,995.68
2019-03-11 06:00:00,1059.52
2019-03-11 06:15:00,1105.76
2019-03-11 06:30:00,1139.52
2019-03-11 06:45:00,1163.2
2019-03-11 07:00:00,1195.12
2019-03-11 07:15:00,1218.24
2019-03-11 07:30:00,1238.32
2019-03-11 07:45:00,1255.44
2019-03-11 08:00:00,1277.12
2019-03-11 08:15:00,1284.16
2019-03-11 08:30:00,1291.28
2019-03-11 08:45:00,1294.24
2019-03-11 09:00:00,1292.4
2019-03-11 09:15:00,1296.0
2019-03-11 09:30:00,1305.92
2019-03-11 09:45:00,1312.08
2019-03-11 10:00:00,1324.4
2019-03-11 10:15:00,1324.72
2019-03-11 10:30:00,1319.76
2019-03-11 10:45:00,1327.36
2019-03-11 11:00:00,1331.28
2019-03-11 11:15:00,1338.16
2019-03-11 11:30:00,1339.52
2019-03-11 11:45:00,1344.4
2019-03-11 12:00:00,1354.08
2019-03-11 12:15:00,1345.36
2019-03-11 12:30:00,1338.08
2019-03-11 12:45:00,1340.72
2019-03-11 13:00:00,1344.88
2019-03-11 13:15:00,1337.44
2019-03-11 13:30:00,1322.56
2019-03-11 13:45:00,1307.52
2019-03-11 14:00:00,1299.44
2019-03-11 14:15:00,1296.48
2019-03-11 14:30:00,1296.72
2019-03-11 14:45:00,1286.24
2019-03-11 15:00:00,1283.84
2019-03-11 15:15:00,1275.2
2019-03-11 15:30:00,1272.72
2019-03-11 15:45:00,1260.16
2019-03-11 16:00:00,1255.92
2019-03-11 16:15:00,1247.68
2019-03-11 16:30:00,1240.8
2019-03-11 16:45:00,1246.96
2019-03-11 17:00:00,1256.08
2019-03-11 17:15:00,1255.6
2019-03-11 17:30:00,1264.56
2019-03-11 17:45:00,1274.48
2019-03-11 18:00:00,1277.84
2019-03-11 18:15:00,1286.4
2019-03-11 18:30:00,1314.16
2019-03-11 18:45:00,1327.68
2019-03-11 19:00:00,1335.04
2019-03-11 19:15:00,1321.84
2019-03-11 19:30:00,1303.6
2019-03-11 19:45:00,1288.24
2019-03-11 20:00:00,1272.56
2019-03-11 20:15:00,1245.68
2019-03-11 20:30:00,1224.56
2019-03-11 20:45:00,1195.28
2019-03-11 21:00:00,1177.68
2019-03-11 21:15:00,1164.08
2019-03-11 21:30:00,1145.84
2019-03-11 21:45:00,1129.28
2019-03-11 22:00:00,1125.6
2019-03-11 22:15:00,1107.04
2019-03-11 22:30:00,1091.2
2019-03-11 22:45:00,1065.12
2019-03-11 23:00:00,1039.28
2019-03-11 23:15:00,1020.32
2019-03-11 23:30:00,1004.24
2019-03-11 23:45:00,986.0
2019-03-12 00:00:00,974.16
2019-03-12 00:15:00,957.2
2019-03-12 00:30:00,934.88
2019-03-12 00:45:00,923.68
2019-03-12 01:00:00,921.92
2019-03-12 01:15:00,914.32
2019-03-12 01:30:00,904.4
2019-03-12 01:45:00,895.84
2019-03-12 02:00:00,889.68
2019-03-12 02:15:00,884.64
2019-03-12 02:30:00,891.84
2019-03-12 02:45:00,894.88
2019-03-12 03:00:00,905.6
2019-03-12 03:15:00,906.0
2019-03-12 03:30:00,911.52
2019-03-12 03:45:00,917.36
2019-03-12 04:00:00,926.08
2019-03-12 04:15:00,929.76
2019-03-12 04:30:00,941.92
2019-03-12 04:45:00,951.92
2019-03-12 05:00:00,979.28
2019-03-12 05:15:00,992.56
2019-03-12 05:30:00,1005.44
2019-03-12 05:45:00,1038.96
2019-03-12 06:00:00,1101.36
2019-03-12 06:15:00,1150.4
2019-03-12 06:30:00,1174.88
2019-03-12 06:45:00,1194.64
2019-03-12 07:00:00,1229.92
2019-03-12 07:15:00,1245.44
2019-03-12 07:30:00,1259.84
2019-03-12 07:45:00,1273.04
2019-03-12 08:00:00,1283.04
2019-03-12 08:15:00,1295.36
2019-03-12 08:30:00,1304.32
2019-03-12 08:45:00,1308.64
2019-03-12 09:00:00,1301.52
2019-03-12 09:15:00,1291.36
2019-03-12 09:30:00,1297.28
2019-03-12 09:45:00,1302.32
2019-03-12 10:00:00,1312.4
2019-03-12 10:15:00,1307.92
2019-03-12 10:30:00,1318.32
2019-03-12 10:45:00,1324.88
2019-03-12 11:00:00,1320.16
2019-03-12 11:15:00,1322.88
2019-03-12 11:30:00,1327.6
2019-03-12 11:45:00,1329.68
2019-03-12 12:00:00,1304.56
2019-03-12 12:15:00,1299.12
2019-03-12 12:30:00,1301.04
2019-03-12 12:45:00,1304.4
2019-03-12 13:00:00,1317.2
2019-03-12 13:15:00,1317.6
2019-03-12 13:30:00,1314.32
2019-03-12 13:45:00,1305.76
2019-03-12 14:00:00,1301.68
2019-03-12 14:15:00,1295.44
2019-03-12 14:30:00,1294.64
2019-03-12 14:45:00,1295.84
2019-03-12 15:00:00,1297.52
2019-03-12 15:15:00,1295.36
2019-03-12 15:30:00,1285.52
2019-03-12 15:45:00,1276.88
2019-03-12 16:00:00,1268.24
2019-03-12 16:15:00,1250.72
2019-03-12 16:30:00,1247.2
2019-03-12 16:45:00,1248.08
2019-03-12 17:00:00,1259.84
2019-03-12 17:15:00,1267.6
2019-03-12 17:30:00,1278.08
2019-03-12 17:45:00,1289.68
2019-03-12 18:00:00,1307.68
2019-03-12 18:15:00,1319.28
2019-03-12 18:30:00,1344.88
2019-03-12 18:45:00,1356.32
2019-03-12 19:00:00,1364.64
2019-03-12 19:15:00,1357.6
2019-03-12 19:30:00,1349.04
2019-03-12 19:45:00,1333.6
2019-03-12 20:00:00,1299.12
2019-03-12 20:15:00,1280.16
2019-03-12 20:30:00,1260.24
2019-03-12 20:45:00,1237.04
2019-03-12 21:00:00,1205.52
2019-03-12 21:15:00,1181.04
2019-03-12 21:30:00,1166.0
2019-03-12 21:45:00,1142.8
2019-03-12 22:00:00,1137.04
2019-03-12 22:15:00,1120.08
2019-03-12 22:30:00,1103.2
2019-03-12 22:45:00,1078.16
2019-03-12 23:00:00,1053.04
2019-03-12 23:15:00,1033.44
2019-03-12 23:30:00,1023.2
2019-03-12 23:45:00,1010.72
2019-03-13 00:00:00,976.72
2019-03-13 00:15:00,963.28
2019-03-13 00:30:00,951.76
2019-03-13 00:45:00,939.92
2019-03-13 01:00:00,938.72
2019-03-13 01:15:00,929.76
2019-03-13 01:30:00,929.36
2019-03-13 01:45:00,923.44
2019-03-13 02:00:00,920.72
2019-03-13 02:15:00,920.4
2019-03-13 02:30:00,921.84
2019-03-13 02:45:00,925.36
2019-03-13 03:00:00,931.04
2019-03-13 03:15:00,933.36
2019-03-13 03:30:00,939.92
2019-03-13 03:45:00,940.96
2019-03-13 04:00:00,955.28
2019-03-13 04:15:00,962.56
2019-03-13 04:30:00,978.0
2019-03-13 04:45:00,989.28
2019-03-13 05:00:00,1009.6
2019-03-13 05:15:00,1019.2
2019-03-13 05:30:00,1044.8
2019-03-13 05:45:00,1075.04
2019-03-13 06:00:00,1128.24
2019-03-13 06:15:00,1166.48
2019-03-13 06:30:00,1197.04
2019-03-13 06:45:00,1222.24
2019-03-13 07:00:00,1250.8
2019-03-13 07:15:00,1274.64
2019-03-13 07:30:00,1278.4
2019-03-13 07:45:00,1293.2
2019-03-13 08:00:00,1300.08
2019-03-13 08:15:00,1313.12
2019-03-13 08:30:00,1318.72
2019-03-13 08:45:00,1314.64
2019-03-13 09:00:00,1322.56
2019-03-13 09:15:00,1337.68
2019-03-13 09:30:00,1343.92
2019-03-13 09:45:00,1355.52
2019-03-13 10:00:00,1356.48
2019-03-13 10:15:00,1358.32
2019-03-13 10:30:00,1362.96
2019-03-13 10:45:00,1366.8
2019-03-13 11:00:00,1349.04
2019-03-13 11:15:00,1352.0
2019-03-13 11:30:00,1356.08
2019-03-13 11:45:00,1358.0
2019-03-13 12:00:00,1352.4
2019-03-13 12:15:00,1351.52
2019-03-13 12:30:00,1352.0
2019-03-13 12:45:00,1359.2
2019-03-13 13:00:00,1356.48
2019-03-13 13:15:00,1351.28
2019-03-13 13:30:00,1345.52
2019-03-13 13:45:00,1334.72
2019-03-13 14:00:00,1327.28
2019-03-13 14:15:00,1317.6
2019-03-13 14:30:00,1315.2
2019-03-13 14:45:00,1311.28
2019-03-13 15:00:00,1314.96
2019-03-13 15:15:00,1307.04
2019-03-13 15:30:00,1301.44
2019-03-13 15:45:00,1294.96
2019-03-13 16:00:00,1292.56
2019-03-13 16:15:00,1286.24
2019-03-13 16:30:00,1285.84
2019-03-13 16:45:00,1280.24
2019-03-13 17:00:00,1288.88
2019-03-13 17:15:00,1299.44
2019-03-13 17:30:00,1306.96
2019-03-13 17:45:00,1315.84
2019-03-13 18:00:00,1321.28
2019-03-13 18:15:00,1331.36
2019-03-13 18:30:00,1353.6
2019-03-13 18:45:00,1364.08
2019-03-13 19:00:00,1368.96
2019-03-13 19:15:00,1359.44
2019-03-13 19:30:00,1349.92
2019-03-13 19:45:00,1321.52
2019-03-13 20:00:00,1304.88
2019-03-13 20:15:00,1278.0
2019-03-13 20:30:00,1256.72
2019-03-13 20:45:00,1237.04
2019-03-13 21:00:00,1219.68
2019-03-13 21:15:00,1205.04
2019-03-13 21:30:00,1183.2
2019-03-13 21:45:00,1164.56
2019-03-13 22:00:00,1153.76
2019-03-13 22:15:00,1140.0
2019-03-13 22:30:00,1113.92
2019-03-13 22:45:00,1091.12
2019-03-13 23:00:00,1072.88
2019-03-13 23:15:00,1052.64
2019-03-13 23:30:00,1029.28
2019-03-13 23:45:00,1017.76
2019-03-14 00:00:00,997.84
2019-03-14 00:15:00,979.52
2019-03-14 00:30:00,961.84
2019-03-14 00:45:00,953.04
2019-03-14 01:00:00,942.08
2019-03-14 01:15:00,932.0
2019-03-14 01:30:00,924.48
2019-03-14 01:45:00,922.56
2019-03-14 02:00:00,924.24
2019-03-14 02:15:00,919.28
2019-03-14 02:30:00,917.28
2019-03-14 02:45:00,918.48
2019-03-14 03:00:00,926.56
2019-03-14 03:15:00,923.76
2019-03-14 03:30:00,928.4
2019-03-14 03:45:00,933.04
2019-03-14 04:00:00,934.08
2019-03-14 04:15:00,942.16
2019-03-14 04:30:00,951.12
2019-03-14 04:45:00,963.68
2019-03-14 05:00:00,991.84
2019-03-14 05:15:00,1008.16
2019-03-14 05:30:00,1024.96
2019-03-14 05:45:00,1051.36
2019-03-14 06:00:00,1108.08
2019-03-14 06:15:00,1150.64
2019-03-14 06:30:00,1178.0
2019-03-14 06:45:00,1205.76
2019-03-14 07:00:00,1235.12
2019-03-14 07:15:00,1257.2
2019-03-14 07:30:00,1269.2
2019-03-14 07:45:00,1286.88
2019-03-14 08:00:00,1302.48
2019-03-14 08:15:00,1312.0
2019-03-14 08:30:00,1321.12
2019-03-14 08:45:00,1328.08
2019-03-14 09:00:00,1333.36
2019-03-14 09:15:00,1342.72
2019-03-14 09:30:00,1357.76
2019-03-14 09:45:00,1368.96
2019-03-14 10:00:00,1368.88
2019-03-14 10:15:00,1369.44
2019-03-14 10:30:00,1371.84
2019-03-14 10:45:00,1379.92
2019-03-14 11:00:00,1383.76
2019-03-14 11:15:00,1389.36
2019-03-14 11:30:00,1395.92
2019-03-14 11:45:00,1393.84
2019-03-14 12:00:00,1386.32
2019-03-14 12:15:00,1386.48
2019-03-14 12:30:00,1387.76
2019-03-14 12:45:00,1390.8
2019-03-14 13:00:00,1387.76
2019-03-14 13:15:00,1382.16
2019-03-14 13:30:00,1372.32
2019-03-14 13:45:00,1358.4
2019-03-14 14:00:00,1350.88
2019-03-14 14:15:00,1347.84
2019-03-14 14:30:00,1348.0
2019-03-14 14:45:00,1337.36
2019-03-14 15:00:00,1333.2
2019-03-14 15:15:00,1330.16
2019-03-14 15:30:00,1325.68
2019-03-14 15:45:00,1318.8
2019-03-14 16:00:00,1308.64
2019-03-14 16:15:00,1307.04
2019-03-14 16:30:00,1303.76
2019-03-14 16:45:00,1301.68
2019-03-14 17:00:00,1307.04
2019-03-14 17:15:00,1306.88
2019-03-14 17:30:00,1310.56
2019-03-14 17:45:00,1318.24
2019-03-14 18:00:00,1321.84
2019-03-14 18:15:00,1326.56
2019-03-14 18:30:00,1344.16
2019-03-14 18:45:00,1356.32
2019-03-14 19:00:00,1357.04
2019-03-14 19:15:00,1343.68
2019-03-14 19:30:00,1333.28
2019-03-14 19:45:00,1311.6
2019-03-14 20:00:00,1284.32
2019-03-14 20:15:00,1260.88
2019-03-14 20:30:00,1241.36
2019-03-14 20:45:00,1220.72
2019-03-14 21:00:00,1204.88
2019-03-14 21:15:00,1178.0
2019-03-14 21:30:00,1161.68
2019-03-14 21:45:00,1147.92
2019-03-14 22:00:00,1142.48
2019-03-14 22:15:00,1122.96
2019-03-14 22:30:00,1105.04
2019-03-14 22:45:00,1084.4
2019-03-14 23:00:00,1059.12
2019-03-14 23:15:00,1042.48
2019-03-14 23:30:00,1024.32
2019-03-14 23:45:00,1010.96
2019-03-15 00:00:00,987.12
2019-03-15 00:15:00,972.08
2019-03-15 00:30:00,960.88
2019-03-15 00:45:00,946.56
2019-03-15 01:00:00,936.16
2019-03-15 01:15:00,926.08
2019-03-15 01:30:00,920.24
2019-03-15 01:45:00,916.96
2019-03-15 02:00:00,907.2
2019-03-15 02:15:00,908.0
2019-03-15 02:30:00,907.28
2019-03-15 02:45:00,911.44
2019-03-15 03:00:00,912.72
2019-03-15 03:15:00,915.44
2019-03-15 03:30:00,921.28
2019-03-15 03:45:00,929.12
2019-03-15 04:00:00,933.84
2019-03-15 04:15:00,940.88
2019-03-15 04:30:00,954.4
2019-03-15 04:45:00,962.24
2019-03-15 05:00:00,984.08
2019-03-15 05:15:00,996.56
2019-03-15 05:30:00,1011.84
2019-03-15 05:45:00,1040.56
2019-03-15 06:00:00,1094.88
2019-03-15 06:15:00,1133.04
2019-03-15 06:30:00,1162.56
2019-03-15 06:45:00,1187.52
2019-03-15 07:00:00,1218.48
2019-03-15 07:15:00,1243.28
2019-03-15 07:30:00,1262.48
2019-03-15 07:45:00,1274.96
2019-03-15 08:00:00,1292.88
2019-03-15 08:15:00,1301.44
2019-03-15 08:30:00,1309.36
2019-03-15 08:45:00,1311.04
2019-03-15 09:00:00,1311.2
2019-03-15 09:15:00,1319.12
2019-03-15 09:30:00,1327.6
2019-03-15 09:45:00,1331.6
2019-03-15 10:00:00,1339.52
2019-03-15 10:15:00,1335.6
2019-03-15 10:30:00,1348.0
2019-03-15 10:45:00,1359.84
2019-03-15 11:00:00,1363.52
2019-03-15 11:15:00,1366.96
2019-03-15 11:30:00,1375.12
2019-03-15 11:45:00,1377.44
2019-03-15 12:00:00,1374.08
2019-03-15 12:15:00,1371.36
2019-03-15 12:30:00,1363.68
2019-03-15 12:45:00,1359.36
2019-03-15 13:00:00,1357.92
2019-03-15 13:15:00,1354.88
2019-03-15 13:30:00,1345.28
2019-03-15 13:45:00,1333.36
2019-03-15 14:00:00,1322.96
2019-03-15 14:15:00,1312.48
2019-03-15 14:30:00,1310.08
2019-03-15 14:45:00,1301.28
2019-03-15 15:00:00,1296.72
2019-03-15 15:15:00,1292.56
2019-03-15 15:30:00,1291.52
2019-03-15 15:45:00,1284.08
2019-03-15 16:00:00,1278.64
2019-03-15 16:15:00,1276.16
2019-03-15 16:30:00,1276.88
2019-03-15 16:45:00,1272.64
2019-03-15 17:00:00,1275.68
2019-03-15 17:15:00,1275.76
2019-03-15 17:30:00,1277.52
2019-03-15 17:45:00,1279.84
2019-03-15 18:00:00,1279.44
2019-03-15 18:15:00,1284.72
2019-03-15 18:30:00,1302.08
2019-03-15 18:45:00,1316.48
2019-03-15 19:00:00,1321.68
2019-03-15 19:15:00,1305.44
2019-03-15 19:30:00,1293.52
2019-03-15 19:45:00,1271.76
2019-03-15 20:00:00,1239.84
2019-03-15 20:15:00,1212.64
2019-03-15 20:30:00,1190.16
2019-03-15 20:45:00,1168.16
2019-03-15 21:00:00,1153.52
2019-03-15 21:15:00,1138.32
2019-03-15 21:30:00,1121.12
2019-03-15 21:45:00,1108.8
2019-03-15 22:00:00,1095.28
2019-03-15 22:15:00,1084.0
2019-03-15 22:30:00,1063.36
2019-03-15 22:45:00,1045.84
2019-03-15 23:00:00,1026.4
2019-03-15 23:15:00,1008.48
2019-03-15 23:30:00,995.04
2019-03-15 23:45:00,971.44
2019-03-16 00:00:00,952.8
2019-03-16 00:15:00,940.24
2019-03-16 00:30:00,932.88
2019-03-16 00:45:00,918.4
2019-03-16 01:00:00,901.44
2019-03-16 01:15:00,892.16
2019-03-16 01:30:00,884.72
2019-03-16 01:45:00,873.76
2019-03-16 02:00:00,864.08
2019-03-16 02:15:00,858.48
2019-03-16 02:30:00,855.44
2019-03-16 02:45:00,854.56
2019-03-16 03:00:00,852.0
2019-03-16 03:15:00,848.56
2019-03-16 03:30:00,848.72
2019-03-16 03:45:00,850.08
2019-03-16 04:00:00,849.76
2019-03-16 04:15:00,851.28
2019-03-16 04:30:00,857.12
2019-03-16 04:45:00,859.36
2019-03-16 05:00:00,859.52
2019-03-16 05:15:00,849.76
2019-03-16 05:30:00,850.96
2019-03-16 05:45:00,857.44
2019-03-16 06:00:00,860.48
2019-03-16 06:15:00,865.84
2019-03-16 06:30:00,869.6
2019-03-16 06:45:00,876.56
2019-03-16 07:00:00,895.52
2019-03-16 07:15:00,910.56
2019-03-16 07:30:00,926.72
2019-03-16 07:45:00,945.6
2019-03-16 08:00:00,971.36
2019-03-16 08:15:00,983.68
2019-03-16 08:30:00,997.44
2019-03-16 08:45:00,1014.4
2019-03-16 09:00:00,1033.76
2019-03-16 09:15:00,1046.4
2019-03-16 09:30:00,1058.0
2019-03-16 09:45:00,1067.04
2019-03-16 10:00:00,1082.0
2019-03-16 10:15:00,1086.8
2019-03-16 10:30:00,1091.12
2019-03-16 10:45:00,1097.2
2019-03-16 11:00:00,1104.72
2019-03-16 11:15:00,1113.6
2019-03-16 11:30:00,1110.16
2019-03-16 11:45:00,1106.72
2019-03-16 12:00:00,1099.44
2019-03-16 12:15:00,1094.56
2019-03-16 12:30:00,1090.64
2019-03-16 12:45:00,1081.28
2019-03-16 13:00:00,1078.08
2019-03-16 13:15:00,1071.04
2019-03-16 13:30:00,1063.68
2019-03-16 13:45:00,1058.32
2019-03-16 14:00:00,1056.16
2019-03-16 14:15:00,1046.96
2019-03-16 14:30:00,1046.08
2019-03-16 14:45:00,1045.2
2019-03-16 15:00:00,1041.04
2019-03-16 15:15:00,1031.92
2019-03-16 15:30:00,1029.2
2019-03-16 15:45:00,1022.48
2019-03-16 16:00:00,1024.0
2019-03-16 16:15:00,1018.0
2019-03-16 16:30:00,1014.16
2019-03-16 16:45:00,1017.52
2019-03-16 17:00:00,1022.32
2019-03-16 17:15:00,1027.84
2019-03-16 17:30:00,1031.36
2019-03-16 17:45:00,1047.68
2019-03-16 18:00:00,1059.76
2019-03-16 18:15:00,1074.72
2019-03-16 18:30:00,1090.08
2019-03-16 18:45:00,1109.6
2019-03-16 19:00:00,1116.8
2019-03-16 19:15:00,1112.48
2019-03-16 19:30:00,1099.6
2019-03-16 19:45:00,1083.76
2019-03-16 20:00:00,1063.04
2019-03-16 20:15:00,1037.76
2019-03-16 20:30:00,1024.48
2019-03-16 20:45:00,1004.4
2019-03-16 21:00:00,998.0
2019-03-16 21:15:00,983.12
2019-03-16 21:30:00,972.72
2019-03-16 21:45:00,963.6
2019-03-16 22:00:00,964.08
2019-03-16 22:15:00,957.28
2019-03-16 22:30:00,933.52
2019-03-16 22:45:00,921.76
2019-03-16 23:00:00,903.68
2019-03-16 23:15:00,887.12
2019-03-16 23:30:00,875.36
2019-03-16 23:45:00,861.68
2019-03-17 00:00:00,839.44
2019-03-17 00:15:00,826.96
2019-03-17 00:30:00,810.48
2019-03-17 00:45:00,802.32
2019-03-17 01:00:00,794.88
2019-03-17 01:15:00,787.92
2019-03-17 01:30:00,781.12
2019-03-17 01:45:00,774.56
2019-03-17 02:00:00,767.92
2019-03-17 02:15:00,769.12
2019-03-17 02:30:00,770.56
2019-03-17 02:45:00,759.52
2019-03-17 03:00:00,761.68
2019-03-17 03:15:00,762.96
2019-03-17 03:30:00,765.6
2019-03-17 03:45:00,768.8
2019-03-17 04:00:00,771.12
2019-03-17 04:15:00,773.6
2019-03-17 04:30:00,772.64
2019-03-17 04:45:00,776.48
2019-03-17 05:00:00,773.84
2019-03-17 05:15:00,771.36
2019-03-17 05:30:00,766.88
2019-03-17 05:45:00,769.44
2019-03-17 06:00:00,766.32
2019-03-17 06:15:00,762.56
2019-03-17 06:30:00,766.64
2019-03-17 06:45:00,771.44
2019-03-17 07:00:00,791.6
2019-03-17 07:15:00,798.8
2019-03-17 07:30:00,807.76
2019-03-17 07:45:00,826.4
2019-03-17 08:00:00,843.12
2019-03-17 08:15:00,856.48
2019-03-17 08:30:00,875.36
2019-03-17 08:45:00,893.28
2019-03-17 09:00:00,911.36
2019-03-17 09:15:00,926.64
2019-03-17 09:30:00,933.68
2019-03-17 09:45:00,944.56
2019-03-17 10:00:00,952.96
2019-03-17 10:15:00,964.0
2019-03-17 10:30:00,971.04
2019-03-17 10:45:00,986.4
2019-03-17 11:00:00,1008.64
2019-03-17 11:15:00,1022.72
2019-03-17 11:30:00,1023.76
2019-03-17 11:45:00,1024.0
2019-03-17 12:00:00,1010.48
2019-03-17 12:15:00,1003.2
2019-03-17 12:30:00,995.36
2019-03-17 12:45:00,984.8
2019-03-17 13:00:00,985.52
2019-03-17 13:15:00,979.28
2019-03-17 13:30:00,977.04
2019-03-17 13:45:00,965.36
2019-03-17 14:00:00,963.28
2019-03-17 14:15:00,958.8
2019-03-17 14:30:00,950.32
2019-03-17 14:45:00,938.32
2019-03-17 15:00:00,947.52
2019-03-17 15:15:00,941.36
2019-03-17 15:30:00,931.36
2019-03-17 15:45:00,933.04
2019-03-17 16:00:00,943.36
2019-03-17 16:15:00,947.04
2019-03-17 16:30:00,946.56
2019-03-17 16:45:00,955.6
2019-03-17 17:00:00,954.48
2019-03-17 17:15:00,967.68
2019-03-17 17:30:00,976.88
2019-03-17 17:45:00,987.68
2019-03-17 18:00:00,1000.8
2019-03-17 18:15:00,1012.48
2019-03-17 18:30:00,1027.76
2019-03-17 18:45:00,1053.44
2019-03-17 19:00:00,1062.8
2019-03-17 19:15:00,1059.36
2019-03-17 19:30:00,1048.32
2019-03-17 19:45:00,1039.52
2019-03-17 20:00:00,1030.4
2019-03-17 20:15:00,1009.12
2019-03-17 20:30:00,997.6
2019-03-17 20:45:00,986.96
2019-03-17 21:00:00,979.84
2019-03-17 21:15:00,975.2
2019-03-17 21:30:00,963.84
2019-03-17 21:45:00,973.6
2019-03-17 22:00:00,985.84
2019-03-17 22:15:00,981.52
2019-03-17 22:30:00,972.56
2019-03-17 22:45:00,963.28
2019-03-17 23:00:00,939.84
2019-03-17 23:15:00,922.24
2019-03-17 23:30:00,915.76
2019-03-17 23:45:00,897.04
2019-03-18 00:00:00,886.48
2019-03-18 00:15:00,870.08
2019-03-18 00:30:00,862.72
2019-03-18 00:45:00,858.32
2019-03-18 01:00:00,855.04
2019-03-18 01:15:00,846.4
2019-03-18 01:30:00,843.84
2019-03-18 01:45:00,842.0
2019-03-18 02:00:00,838.0
2019-03-18 02:15:00,836.0
2019-03-18 02:30:00,834.32
2019-03-18 02:45:00,839.04
2019-03-18 03:00:00,844.56
2019-03-18 03:15:00,852.4
2019-03-18 03:30:00,854.8
2019-03-18 03:45:00,861.2
2019-03-18 04:00:00,869.52
2019-03-18 04:15:00,879.52
2019-03-18 04:30:00,893.76
2019-03-18 04:45:00,904.16
2019-03-18 05:00:00,926.08
2019-03-18 05:15:00,939.52
2019-03-18 05:30:00,965.28
2019-03-18 05:45:00,998.16
2019-03-18 06:00:00,1059.92
2019-03-18 06:15:00,1101.68
2019-03-18 06:30:00,1128.32
2019-03-18 06:45:00,1154.08
2019-03-18 07:00:00,1174.48
2019-03-18 07:15:00,1222.88
2019-03-18 07:30:00,1242.0
2019-03-18 07:45:00,1258.56
2019-03-18 08:00:00,1271.2
2019-03-18 08:15:00,1278.96
2019-03-18 08:30:00,1283.84
2019-03-18 08:45:00,1289.04
2019-03-18 09:00:00,1278.4
2019-03-18 09:15:00,1282.8
2019-03-18 09:30:00,1288.08
2019-03-18 09:45:00,1293.6
2019-03-18 10:00:00,1286.16
2019-03-18 10:15:00,1295.28
2019-03-18 10:30:00,1302.4
2019-03-18 10:45:00,1305.36
2019-03-18 11:00:00,1312.08
2019-03-18 11:15:00,1320.4
2019-03-18 11:30:00,1327.92
2019-03-18 11:45:00,1331.04
2019-03-18 12:00:00,1321.28
2019-03-18 12:15:00,1313.76
2019-03-18 12:30:00,1312.48
2019-03-18 12:45:00,1315.84
2019-03-18 13:00:00,1310.08
2019-03-18 13:15:00,1298.8
2019-03-18 13:30:00,1289.36
2019-03-18 13:45:00,1267.68
2019-03-18 14:00:00,1262.32
2019-03-18 14:15:00,1266.0
2019-03-18 14:30:00,1260.24
2019-03-18 14:45:00,1262.4
2019-03-18 15:00:00,1272.88
2019-03-18 15:15:00,1263.04
2019-03-18 15:30:00,1244.48
2019-03-18 15:45:00,1228.24
2019-03-18 16:00:00,1227.68
2019-03-18 16:15:00,1220.0
2019-03-18 16:30:00,1219.92
2019-03-18 16:45:00,1219.28
2019-03-18 17:00:00,1224.8
2019-03-18 17:15:00,1222.56
2019-03-18 17:30:00,1232.24
2019-03-18 17:45:00,1234.08
2019-03-18 18:00:00,1242.72
2019-03-18 18:15:00,1251.68
2019-03-18 18:30:00,1274.56
2019-03-18 18:45:00,1301.36
2019-03-18 19:00:00,1319.04
2019-03-18 19:15:00,1314.0
2019-03-18 19:30:00,1306.08
2019-03-18 19:45:00,1290.88
2019-03-18 20:00:00,1263.28
2019-03-18 20:15:00,1237.04
2019-03-18 20:30:00,1212.88
2019-03-18 20:45:00,1189.92
2019-03-18 21:00:00,1180.08
2019-03-18 21:15:00,1161.12
2019-03-18 21:30:00,1143.36
2019-03-18 21:45:00,1119.12
2019-03-18 22:00:00,1113.12
2019-03-18 22:15:00,1094.4
2019-03-18 22:30:00,1068.88
2019-03-18 22:45:00,1043.6
2019-03-18 23:00:00,1021.76
2019-03-18 23:15:00,1002.56
2019-03-18 23:30:00,983.36
2019-03-18 23:45:00,965.92
2019-03-19 00:00:00,953.92
2019-03-19 00:15:00,941.6
2019-03-19 00:30:00,933.68
2019-03-19 00:45:00,931.92
2019-03-19 01:00:00,923.44
2019-03-19 01:15:00,910.4
2019-03-19 01:30:00,906.56
2019-03-19 01:45:00,903.92
2019-03-19 02:00:00,898.8
2019-03-19 02:15:00,893.28
2019-03-19 02:30:00,892.08
2019-03-19 02:45:00,897.6
2019-03-19 03:00:00,904.96
2019-03-19 03:15:00,905.84
2019-03-19 03:30:00,906.24
2019-03-19 03:45:00,910.8
2019-03-19 04:00:00,923.92
2019-03-19 04:15:00,934.96
2019-03-19 04:30:00,949.76
2019-03-19 04:45:00,962.96
2019-03-19 05:00:00,992.56
2019-03-19 05:15:00,1011.12
2019-03-19 05:30:00,1031.52
2019-03-19 05:45:00,1055.28
2019-03-19 06:00:00,1122.0
2019-03-19 06:15:00,1155.44
2019-03-19 06:30:00,1177.04
2019-03-19 06:45:00,1202.96
2019-03-19 07:00:00,1233.52
2019-03-19 07:15:00,1252.16
2019-03-19 07:30:00,1262.0
2019-03-19 07:45:00,1271.2
2019-03-19 08:00:00,1279.28
2019-03-19 08:15:00,1282.0
2019-03-19 08:30:00,1286.56
2019-03-19 08:45:00,1285.6
2019-03-19 09:00:00,1271.76
2019-03-19 09:15:00,1278.8
2019-03-19 09:30:00,1287.12
2019-03-19 09:45:00,1291.28
2019-03-19 10:00:00,1294.0
2019-03-19 10:15:00,1298.32
2019-03-19 10:30:00,1304.48
2019-03-19 10:45:00,1312.72
2019-03-19 11:00:00,1314.56
2019-03-19 11:15:00,1323.76
2019-03-19 11:30:00,1321.84
2019-03-19 11:45:00,1318.32
2019-03-19 12:00:00,1303.44
2019-03-19 12:15:00,1298.32
2019-03-19 12:30:00,1293.52
2019-03-19 12:45:00,1292.8
2019-03-19 13:00:00,1294.88
2019-03-19 13:15:00,1284.56
2019-03-19 13:30:00,1273.44
2019-03-19 13:45:00,1264.64
2019-03-19 14:00:00,1272.96
2019-03-19 14:15:00,1271.12
2019-03-19 14:30:00,1261.68
2019-03-19 14:45:00,1253.84
2019-03-19 15:00:00,1256.56
2019-03-19 15:15:00,1249.52
2019-03-19 15:30:00,1237.92
2019-03-19 15:45:00,1230.96
2019-03-19 16:00:00,1228.56
2019-03-19 16:15:00,1219.68
2019-03-19 16:30:00,1217.92
2019-03-19 16:45:00,1217.92
2019-03-19 17:00:00,1225.44
2019-03-19 17:15:00,1229.84
2019-03-19 17:30:00,1230.4
2019-03-19 17:45:00,1235.44
2019-03-19 18:00:00,1245.92
2019-03-19 18:15:00,1252.24
2019-03-19 18:30:00,1282.0
2019-03-19 18:45:00,1309.84
2019-03-19 19:00:00,1329.68
2019-03-19 19:15:00,1327.04
2019-03-19 19:30:00,1319.76
2019-03-19 19:45:00,1299.28
2019-03-19 20:00:00,1277.04
2019-03-19 20:15:00,1253.36
2019-03-19 20:30:00,1227.84
2019-03-19 20:45:00,1209.28
2019-03-19 21:00:00,1193.2
2019-03-19 21:15:00,1173.76
2019-03-19 21:30:00,1155.76
2019-03-19 21:45:00,1138.56
2019-03-19 22:00:00,1129.44
2019-03-19 22:15:00,1113.76
2019-03-19 22:30:00,1095.36
2019-03-19 22:45:00,1081.36
2019-03-19 23:00:00,1057.68
2019-03-19 23:15:00,1037.2
2019-03-19 23:30:00,1018.64
2019-03-19 23:45:00,1008.08
2019-03-20 00:00:00,968.4
2019-03-20 00:15:00,962.32
2019-03-20 00:30:00,947.92
2019-03-20 00:45:00,934.72
2019-03-20 01:00:00,937.52
2019-03-20 01:15:00,932.88
2019-03-20 01:30:00,934.16
2019-03-20 01:45:00,926.08
2019-03-20 02:00:00,917.44
2019-03-20 02:15:00,913.2
2019-03-20 02:30:00,919.76
2019-03-20 02:45:00,922.32
2019-03-20 03:00:00,920.32
2019-03-20 03:15:00,925.84
2019-03-20 03:30:00,931.6
2019-03-20 03:45:00,934.48
2019-03-20 04:00:00,949.04
2019-03-20 04:15:00,953.04
2019-03-20 04:30:00,963.04
2019-03-20 04:45:00,969.92
2019-03-20 05:00:00,1011.84
2019-03-20 05:15:00,1028.32
2019-03-20 05:30:00,1044.72
2019-03-20 05:45:00,1076.16
2019-03-20 06:00:00,1123.52
2019-03-20 06:15:00,1162.4
2019-03-20 06:30:00,1192.08
2019-03-20 06:45:00,1218.48
2019-03-20 07:00:00,1244.0
2019-03-20 07:15:00,1260.08
2019-03-20 07:30:00,1274.88
2019-03-20 07:45:00,1280.72
2019-03-20 08:00:00,1292.72
2019-03-20 08:15:00,1298.8
2019-03-20 08:30:00,1305.2
2019-03-20 08:45:00,1309.36
2019-03-20 09:00:00,1297.52
2019-03-20 09:15:00,1298.96
2019-03-20 09:30:00,1303.12
2019-03-20 09:45:00,1309.04
2019-03-20 10:00:00,1305.12
2019-03-20 10:15:00,1299.12
2019-03-20 10:30:00,1302.8
2019-03-20 10:45:00,1302.8
2019-03-20 11:00:00,1300.32
2019-03-20 11:15:00,1302.4
2019-03-20 11:30:00,1307.6
2019-03-20 11:45:00,1306.16
2019-03-20 12:00:00,1295.92
2019-03-20 12:15:00,1295.6
2019-03-20 12:30:00,1294.4
2019-03-20 12:45:00,1298.72
2019-03-20 13:00:00,1304.4
2019-03-20 13:15:00,1299.12
2019-03-20 13:30:00,1290.32
2019-03-20 13:45:00,1273.84
2019-03-20 14:00:00,1269.2
2019-03-20 14:15:00,1270.4
2019-03-20 14:30:00,1261.76
2019-03-20 14:45:00,1253.76
2019-03-20 15:00:00,1254.4
2019-03-20 15:15:00,1245.36
2019-03-20 15:30:00,1227.76
2019-03-20 15:45:00,1219.84
2019-03-20 16:00:00,1220.88
2019-03-20 16:15:00,1214.64
2019-03-20 16:30:00,1208.48
2019-03-20 16:45:00,1210.16
2019-03-20 17:00:00,1219.52
2019-03-20 17:15:00,1221.28
2019-03-20 17:30:00,1225.6
2019-03-20 17:45:00,1236.96
2019-03-20 18:00:00,1249.84
2019-03-20 18:15:00,1257.52
2019-03-20 18:30:00,1278.0
2019-03-20 18:45:00,1301.6
2019-03-20 19:00:00,1327.12
2019-03-20 19:15:00,1322.32
2019-03-20 19:30:00,1312.88
2019-03-20 19:45:00,1300.56
2019-03-20 20:00:00,1269.2
2019-03-20 20:15:00,1246.56
2019-03-20 20:30:00,1225.92
2019-03-20 20:45:00,1209.2
2019-03-20 21:00:00,1188.0
2019-03-20 21:15:00,1170.96
2019-03-20 21:30:00,1154.32
2019-03-20 21:45:00,1134.72
2019-03-20 22:00:00,1121.04
2019-03-20 22:15:00,1109.6
2019-03-20 22:30:00,1087.68
2019-03-20 22:45:00,1065.36
2019-03-20 23:00:00,1033.68
2019-03-20 23:15:00,1011.28
2019-03-20 23:30:00,993.6
2019-03-20 23:45:00,973.12
2019-03-21 00:00:00,953.76
2019-03-21 00:15:00,940.88
2019-03-21 00:30:00,927.6
2019-03-21 00:45:00,920.48
2019-03-21 01:00:00,903.36
2019-03-21 01:15:00,901.12
2019-03-21 01:30:00,894.64
2019-03-21 01:45:00,893.36
2019-03-21 02:00:00,876.48
2019-03-21 02:15:00,873.36
2019-03-21 02:30:00,879.28
2019-03-21 02:45:00,890.56
2019-03-21 03:00:00,896.08
2019-03-21 03:15:00,899.2
2019-03-21 03:30:00,898.56
2019-03-21 03:45:00,907.52
2019-03-21 04:00:00,916.96
2019-03-21 04:15:00,920.8
2019-03-21 04:30:00,932.8
2019-03-21 04:45:00,940.48
2019-03-21 05:00:00,977.04
2019-03-21 05:15:00,995.92
2019-03-21 05:30:00,1020.56
2019-03-21 05:45:00,1057.6
2019-03-21 06:00:00,1112.16
2019-03-21 06:15:00,1146.96
2019-03-21 06:30:00,1172.24
2019-03-21 06:45:00,1198.32
2019-03-21 07:00:00,1230.24
2019-03-21 07:15:00,1248.4
2019-03-21 07:30:00,1267.68
2019-03-21 07:45:00,1280.32
2019-03-21 08:00:00,1287.6
2019-03-21 08:15:00,1296.24
2019-03-21 08:30:00,1301.28
2019-03-21 08:45:00,1302.88
2019-03-21 09:00:00,1293.92
2019-03-21 09:15:00,1293.04
2019-03-21 09:30:00,1296.72
2019-03-21 09:45:00,1296.4
2019-03-21 10:00:00,1289.92
2019-03-21 10:15:00,1292.24
2019-03-21 10:30:00,1294.24
2019-03-21 10:45:00,1302.48
2019-03-21 11:00:00,1311.04
2019-03-21 11:15:00,1314.64
2019-03-21 11:30:00,1318.08
2019-03-21 11:45:00,1317.84
2019-03-21 12:00:00,1310.08
2019-03-21 12:15:00,1311.68
2019-03-21 12:30:00,1307.52
2019-03-21 12:45:00,1306.88
2019-03-21 13:00:00,1303.12
2019-03-21 13:15:00,1299.2
2019-03-21 13:30:00,1287.44
2019-03-21 13:45:00,1271.28
2019-03-21 14:00:00,1266.24
2019-03-21 14:15:00,1260.96
2019-03-21 14:30:00,1254.96
2019-03-21 14:45:00,1247.52
2019-03-21 15:00:00,1247.12
2019-03-21 15:15:00,1241.68
2019-03-21 15:30:00,1223.6
2019-03-21 15:45:00,1210.4
2019-03-21 16:00:00,1203.04
2019-03-21 16:15:00,1195.6
2019-03-21 16:30:00,1193.76
2019-03-21 16:45:00,1191.84
2019-03-21 17:00:00,1206.24
2019-03-21 17:15:00,1214.64
2019-03-21 17:30:00,1221.36
2019-03-21 17:45:00,1232.96
2019-03-21 18:00:00,1242.96
2019-03-21 18:15:00,1249.2
2019-03-21 18:30:00,1273.04
2019-03-21 18:45:00,1302.24
2019-03-21 19:00:00,1322.24
2019-03-21 19:15:00,1320.24
2019-03-21 19:30:00,1312.96
2019-03-21 19:45:00,1300.64
2019-03-21 20:00:00,1273.12
2019-03-21 20:15:00,1243.28
2019-03-21 20:30:00,1221.52
2019-03-21 20:45:00,1198.88
2019-03-21 21:00:00,1180.88
2019-03-21 21:15:00,1163.12
2019-03-21 21:30:00,1137.12
2019-03-21 21:45:00,1120.56
2019-03-21 22:00:00,1106.72
2019-03-21 22:15:00,1090.72
2019-03-21 22:30:00,1066.64
2019-03-21 22:45:00,1049.28
2019-03-21 23:00:00,1023.12
2019-03-21 23:15:00,1004.08
2019-03-21 23:30:00,981.52
2019-03-21 23:45:00,963.36
2019-03-22 00:00:00,942.56
2019-03-22 00:15:00,926.32
2019-03-22 00:30:00,915.68
2019-03-22 00:45:00,903.76
2019-03-22 01:00:00,895.92
2019-03-22 01:15:00,889.36
2019-03-22 01:30:00,882.56
2019-03-22 01:45:00,876.0
2019-03-22 02:00:00,867.6
2019-03-22 02:15:00,864.24
2019-03-22 02:30:00,863.28
2019-03-22 02:45:00,861.04
2019-03-22 03:00:00,870.08
2019-03-22 03:15:00,875.2
2019-03-22 03:30:00,874.72
2019-03-22 03:45:00,878.16
2019-03-22 04:00:00,893.92
2019-03-22 04:15:00,897.44
2019-03-22 04:30:00,907.84
2019-03-22 04:45:00,921.04
2019-03-22 05:00:00,949.52
2019-03-22 05:15:00,970.8
2019-03-22 05:30:00,1000.8
2019-03-22 05:45:00,1032.16
2019-03-22 06:00:00,1077.44
2019-03-22 06:15:00,1116.96
2019-03-22 06:30:00,1143.68
2019-03-22 06:45:00,1174.64
2019-03-22 07:00:00,1201.76
2019-03-22 07:15:00,1220.4
2019-03-22 07:30:00,1239.12
2019-03-22 07:45:00,1252.56
2019-03-22 08:00:00,1264.24
2019-03-22 08:15:00,1270.16
2019-03-22 08:30:00,1271.12
2019-03-22 08:45:00,1273.36
2019-03-22 09:00:00,1265.04
2019-03-22 09:15:00,1268.8
2019-03-22 09:30:00,1269.44
2019-03-22 09:45:00,1273.92
2019-03-22 10:00:00,1270.24
2019-03-22 10:15:00,1270.64
2019-03-22 10:30:00,1273.52
2019-03-22 10:45:00,1276.64
2019-03-22 11:00:00,1276.88
2019-03-22 11:15:00,1274.48
2019-03-22 11:30:00,1274.8
2019-03-22 11:45:00,1268.08
2019-03-22 12:00:00,1260.08
2019-03-22 12:15:00,1251.84
2019-03-22 12:30:00,1248.72
2019-03-22 12:45:00,1246.96
2019-03-22 13:00:00,1240.56
2019-03-22 13:15:00,1231.04
2019-03-22 13:30:00,1220.96
2019-03-22 13:45:00,1213.76
2019-03-22 14:00:00,1202.4
2019-03-22 14:15:00,1197.36
2019-03-22 14:30:00,1189.28
2019-03-22 14:45:00,1181.68
2019-03-22 15:00:00,1180.56
2019-03-22 15:15:00,1175.28
2019-03-22 15:30:00,1166.56
2019-03-22 15:45:00,1157.84
2019-03-22 16:00:00,1151.68
2019-03-22 16:15:00,1148.88
2019-03-22 16:30:00,1139.28
2019-03-22 16:45:00,1136.08
2019-03-22 17:00:00,1147.68
2019-03-22 17:15:00,1154.88
2019-03-22 17:30:00,1162.24
2019-03-22 17:45:00,1169.36
2019-03-22 18:00:00,1174.72
2019-03-22 18:15:00,1177.04
2019-03-22 18:30:00,1198.96
2019-03-22 18:45:00,1223.28
2019-03-22 19:00:00,1246.96
2019-03-22 19:15:00,1240.8
2019-03-22 19:30:00,1230.8
2019-03-22 19:45:00,1221.28
2019-03-22 20:00:00,1198.32
2019-03-22 20:15:00,1173.28
2019-03-22 20:30:00,1156.32
2019-03-22 20:45:00,1134.96
2019-03-22 21:00:00,1119.84
2019-03-22 21:15:00,1096.64
2019-03-22 21:30:00,1078.88
2019-03-22 21:45:00,1059.76
2019-03-22 22:00:00,1053.12
2019-03-22 22:15:00,1036.72
2019-03-22 22:30:00,1010.24
2019-03-22 22:45:00,995.04
2019-03-22 23:00:00,974.48
2019-03-22 23:15:00,954.08
2019-03-22 23:30:00,936.56
2019-03-22 23:45:00,925.6
2019-03-23 00:00:00,901.84
2019-03-23 00:15:00,887.12
2019-03-23 00:30:00,871.36
2019-03-23 00:45:00,866.8
2019-03-23 01:00:00,848.64
2019-03-23 01:15:00,834.48
2019-03-23 01:30:00,827.6
2019-03-23 01:45:00,816.0
2019-03-23 02:00:00,809.84
2019-03-23 02:15:00,801.44
2019-03-23 02:30:00,803.92
2019-03-23 02:45:00,806.08
2019-03-23 03:00:00,806.08
2019-03-23 03:15:00,808.48
2019-03-23 03:30:00,808.0
2019-03-23 03:45:00,808.72
2019-03-23 04:00:00,809.92
2019-03-23 04:15:00,811.28
2019-03-23 04:30:00,811.36
2019-03-23 04:45:00,817.36
2019-03-23 05:00:00,823.12
2019-03-23 05:15:00,823.6
2019-03-23 05:30:00,825.52
2019-03-23 05:45:00,824.24
2019-03-23 06:00:00,828.32
2019-03-23 06:15:00,830.96
2019-03-23 06:30:00,842.0
2019-03-23 06:45:00,855.36
2019-03-23 07:00:00,878.32
2019-03-23 07:15:00,892.48
2019-03-23 07:30:00,913.52
2019-03-23 07:45:00,936.24
2019-03-23 08:00:00,956.4
2019-03-23 08:15:00,973.84
2019-03-23 08:30:00,986.24
2019-03-23 08:45:00,1003.12
2019-03-23 09:00:00,1025.28
2019-03-23 09:15:00,1029.84
2019-03-23 09:30:00,1036.72
2019-03-23 09:45:00,1045.04
2019-03-23 10:00:00,1048.4
2019-03-23 10:15:00,1051.52
2019-03-23 10:30:00,1046.48
2019-03-23 10:45:00,1054.64
2019-03-23 11:00:00,1050.24
2019-03-23 11:15:00,1051.84
2019-03-23 11:30:00,1057.2
2019-03-23 11:45:00,1052.08
2019-03-23 12:00:00,1048.32
2019-03-23 12:15:00,1040.4
2019-03-23 12:30:00,1038.24
2019-03-23 12:45:00,1028.56
2019-03-23 13:00:00,1017.44
2019-03-23 13:15:00,1011.6
2019-03-23 13:30:00,1001.52
2019-03-23 13:45:00,985.36
2019-03-23 14:00:00,981.36
2019-03-23 14:15:00,975.04
2019-03-23 14:30:00,971.44
2019-03-23 14:45:00,962.64
2019-03-23 15:00:00,965.12
2019-03-23 15:15:00,959.2
2019-03-23 15:30:00,957.52
2019-03-23 15:45:00,951.12
2019-03-23 16:00:00,942.56
2019-03-23 16:15:00,941.68
2019-03-23 16:30:00,931.2
2019-03-23 16:45:00,931.44
2019-03-23 17:00:00,948.4
2019-03-23 17:15:00,959.76
2019-03-23 17:30:00,967.2
2019-03-23 17:45:00,985.04
2019-03-23 18:00:00,1001.04
2019-03-23 18:15:00,1010.0
2019-03-23 18:30:00,1028.88
2019-03-23 18:45:00,1045.28
2019-03-23 19:00:00,1065.52
2019-03-23 19:15:00,1058.16
2019-03-23 19:30:00,1056.4
2019-03-23 19:45:00,1047.28
2019-03-23 20:00:00,1025.76
2019-03-23 20:15:00,1000.8
2019-03-23 20:30:00,979.04
2019-03-23 20:45:00,960.56
2019-03-23 21:00:00,946.24
2019-03-23 21:15:00,930.96
2019-03-23 21:30:00,922.4
2019-03-23 21:45:00,911.52
2019-03-23 22:00:00,919.36
2019-03-23 22:15:00,905.92
2019-03-23 22:30:00,887.12
2019-03-23 22:45:00,874.32
2019-03-23 23:00:00,849.68
2019-03-23 23:15:00,835.92
2019-03-23 23:30:00,824.16
2019-03-23 23:45:00,808.4
2019-03-24 00:00:00,786.56
2019-03-24 00:15:00,772.4
2019-03-24 00:30:00,769.84
2019-03-24 00:45:00,757.44
2019-03-24 01:00:00,746.4
2019-03-24 01:15:00,739.44
2019-03-24 01:30:00,734.08
2019-03-24 01:45:00,730.32
2019-03-24 02:00:00,716.32
2019-03-24 02:15:00,716.16
2019-03-24 02:30:00,714.32
2019-03-24 02:45:00,713.76
2019-03-24 03:00:00,717.12
2019-03-24 03:15:00,717.76
2019-03-24 03:30:00,719.04
2019-03-24 03:45:00,721.2
2019-03-24 04:00:00,726.88
2019-03-24 04:15:00,729.92
2019-03-24 04:30:00,732.0
2019-03-24 04:45:00,734.4
2019-03-24 05:00:00,736.4
2019-03-24 05:15:00,729.28
2019-03-24 05:30:00,730.16
2019-03-24 05:45:00,728.08
2019-03-24 06:00:00,713.04
2019-03-24 06:15:00,709.04
2019-03-24 06:30:00,714.24
2019-03-24 06:45:00,724.88
2019-03-24 07:00:00,744.32
2019-03-24 07:15:00,750.72
2019-03-24 07:30:00,772.16
2019-03-24 07:45:00,788.4
2019-03-24 08:00:00,805.12
2019-03-24 08:15:00,820.64
2019-03-24 08:30:00,839.12
2019-03-24 08:45:00,851.6
2019-03-24 09:00:00,869.2
2019-03-24 09:15:00,882.32
2019-03-24 09:30:00,891.04
2019-03-24 09:45:00,896.56
2019-03-24 10:00:00,908.0
2019-03-24 10:15:00,912.16
2019-03-24 10:30:00,919.36
2019-03-24 10:45:00,929.2
2019-03-24 11:00:00,939.92
2019-03-24 11:15:00,947.92
2019-03-24 11:30:00,952.08
2019-03-24 11:45:00,954.8
2019-03-24 12:00:00,952.0
2019-03-24 12:15:00,944.72
2019-03-24 12:30:00,938.32
2019-03-24 12:45:00,929.68
2019-03-24 13:00:00,921.52
2019-03-24 13:15:00,915.44
2019-03-24 13:30:00,912.24
2019-03-24 13:45:00,899.36
2019-03-24 14:00:00,887.76
2019-03-24 14:15:00,876.64
2019-03-24 14:30:00,875.28
2019-03-24 14:45:00,871.84
2019-03-24 15:00:00,864.96
2019-03-24 15:15:00,864.72
2019-03-24 15:30:00,864.4
2019-03-24 15:45:00,859.68
2019-03-24 16:00:00,870.16
2019-03-24 16:15:00,870.16
2019-03-24 16:30:00,878.72
2019-03-24 16:45:00,883.2
2019-03-24 17:00:00,896.64
2019-03-24 17:15:00,900.72
2019-03-24 17:30:00,911.28
2019-03-24 17:45:00,924.56
2019-03-24 18:00:00,948.0
2019-03-24 18:15:00,964.96
2019-03-24 18:30:00,984.16
2019-03-24 18:45:00,1007.44
2019-03-24 19:00:00,1032.96
2019-03-24 19:15:00,1046.88
2019-03-24 19:30:00,1039.2
2019-03-24 19:45:00,1026.24
2019-03-24 20:00:00,1022.96
2019-03-24 20:15:00,998.08
2019-03-24 20:30:00,982.0
2019-03-24 20:45:00,966.08
2019-03-24 21:00:00,958.24
2019-03-24 21:15:00,953.36
2019-03-24 21:30:00,951.84
2019-03-24 21:45:00,946.64
2019-03-24 22:00:00,959.28
2019-03-24 22:15:00,956.4
2019-03-24 22:30:00,944.16
2019-03-24 22:45:00,929.04
2019-03-24 23:00:00,910.72
2019-03-24 23:15:00,896.4
2019-03-24 23:30:00,877.04
2019-03-24 23:45:00,862.64
2019-03-25 00:00:00,847.12
2019-03-25 00:15:00,837.52
2019-03-25 00:30:00,831.36
2019-03-25 00:45:00,823.36
2019-03-25 01:00:00,814.32
2019-03-25 01:15:00,812.0
2019-03-25 01:30:00,809.76
2019-03-25 01:45:00,802.08
2019-03-25 02:00:00,798.72
2019-03-25 02:15:00,799.12
2019-03-25 02:30:00,800.08
2019-03-25 02:45:00,801.84
2019-03-25 03:00:00,805.28
2019-03-25 03:15:00,805.76
2019-03-25 03:30:00,814.32
2019-03-25 03:45:00,822.4
2019-03-25 04:00:00,840.4
2019-03-25 04:15:00,851.2
2019-03-25 04:30:00,862.48
2019-03-25 04:45:00,878.24
2019-03-25 05:00:00,903.92
2019-03-25 05:15:00,919.76
2019-03-25 05:30:00,942.0
2019-03-25 05:45:00,976.72
2019-03-25 06:00:00,1025.28
2019-03-25 06:15:00,1062.96
2019-03-25 06:30:00,1096.24
2019-03-25 06:45:00,1121.36
2019-03-25 07:00:00,1160.24
2019-03-25 07:15:00,1184.72
2019-03-25 07:30:00,1203.84
2019-03-25 07:45:00,1219.28
2019-03-25 08:00:00,1240.56
2019-03-25 08:15:00,1253.36
2019-03-25 08:30:00,1261.92
2019-03-25 08:45:00,1268.64
2019-03-25 09:00:00,1264.0
2019-03-25 09:15:00,1270.56
2019-03-25 09:30:00,1289.28
2019-03-25 09:45:00,1290.16
2019-03-25 10:00:00,1297.76
2019-03-25 10:15:00,1301.36
2019-03-25 10:30:00,1309.76
2019-03-25 10:45:00,1309.04
2019-03-25 11:00:00,1320.88
2019-03-25 11:15:00,1326.72
2019-03-25 11:30:00,1324.08
2019-03-25 11:45:00,1325.76
2019-03-25 12:00:00,1315.28
2019-03-25 12:15:00,1307.36
2019-03-25 12:30:00,1302.32
2019-03-25 12:45:00,1302.16
2019-03-25 13:00:00,1303.76
2019-03-25 13:15:00,1304.32
2019-03-25 13:30:00,1303.28
2019-03-25 13:45:00,1289.36
2019-03-25 14:00:00,1279.6
2019-03-25 14:15:00,1285.6
2019-03-25 14:30:00,1279.36
2019-03-25 14:45:00,1270.24
2019-03-25 15:00:00,1275.12
2019-03-25 15:15:00,1271.76
2019-03-25 15:30:00,1271.12
2019-03-25 15:45:00,1255.04
2019-03-25 16:00:00,1250.8
2019-03-25 16:15:00,1236.32
2019-03-25 16:30:00,1231.76
2019-03-25 16:45:00,1228.48
2019-03-25 17:00:00,1225.44
2019-03-25 17:15:00,1222.96
2019-03-25 17:30:00,1232.24
2019-03-25 17:45:00,1229.44
2019-03-25 18:00:00,1235.2
2019-03-25 18:15:00,1239.28
2019-03-25 18:30:00,1261.36
2019-03-25 18:45:00,1281.44
2019-03-25 19:00:00,1297.36
2019-03-25 19:15:00,1296.16
2019-03-25 19:30:00,1293.12
2019-03-25 19:45:00,1282.8
2019-03-25 20:00:00,1263.52
2019-03-25 20:15:00,1235.6
2019-03-25 20:30:00,1210.16
2019-03-25 20:45:00,1190.56
2019-03-25 21:00:00,1174.08
2019-03-25 21:15:00,1150.96
2019-03-25 21:30:00,1126.88
2019-03-25 21:45:00,1105.04
2019-03-25 22:00:00,1099.2
2019-03-25 22:15:00,1082.56
2019-03-25 22:30:00,1055.84
2019-03-25 22:45:00,1033.68
2019-03-25 23:00:00,1004.08
2019-03-25 23:15:00,977.84
2019-03-25 23:30:00,963.2
2019-03-25 23:45:00,953.84
2019-03-26 00:00:00,946.0
2019-03-26 00:15:00,929.44
2019-03-26 00:30:00,920.72
2019-03-26 00:45:00,913.84
2019-03-26 01:00:00,901.36
2019-03-26 01:15:00,899.04
2019-03-26 01:30:00,896.64
2019-03-26 01:45:00,893.04
2019-03-26 02:00:00,891.68
2019-03-26 02:15:00,889.84
2019-03-26 02:30:00,890.88
2019-03-26 02:45:00,900.16
2019-03-26 03:00:00,903.76
2019-03-26 03:15:00,908.0
2019-03-26 03:30:00,911.76
2019-03-26 03:45:00,915.6
2019-03-26 04:00:00,921.12
2019-03-26 04:15:00,929.52
2019-03-26 04:30:00,938.72
2019-03-26 04:45:00,951.44
2019-03-26 05:00:00,975.76
2019-03-26 05:15:00,989.68
2019-03-26 05:30:00,1005.92
2019-03-26 05:45:00,1029.04
2019-03-26 06:00:00,1081.04
2019-03-26 06:15:00,1124.88
2019-03-26 06:30:00,1151.52
2019-03-26 06:45:00,1180.72
2019-03-26 07:00:00,1209.6
2019-03-26 07:15:00,1229.6
2019-03-26 07:30:00,1245.28
2019-03-26 07:45:00,1263.44
2019-03-26 08:00:00,1281.28
2019-03-26 08:15:00,1289.68
2019-03-26 08:30:00,1295.92
2019-03-26 08:45:00,1293.76
2019-03-26 09:00:00,1290.4
2019-03-26 09:15:00,1292.4
2019-03-26 09:30:00,1299.12
2019-03-26 09:45:00,1302.96
2019-03-26 10:00:00,1306.64
2019-03-26 10:15:00,1311.92
2019-03-26 10:30:00,1320.48
2019-03-26 10:45:00,1323.68
2019-03-26 11:00:00,1334.0
2019-03-26 11:15:00,1334.24
2019-03-26 11:30:00,1334.0
2019-03-26 11:45:00,1327.2
2019-03-26 12:00:00,1315.84
2019-03-26 12:15:00,1309.6
2019-03-26 12:30:00,1304.96
2019-03-26 12:45:00,1304.32
2019-03-26 13:00:00,1308.08
2019-03-26 13:15:00,1299.2
2019-03-26 13:30:00,1291.68
2019-03-26 13:45:00,1275.2
2019-03-26 14:00:00,1281.6
2019-03-26 14:15:00,1278.16
2019-03-26 14:30:00,1270.48
2019-03-26 14:45:00,1259.6
2019-03-26 15:00:00,1261.44
2019-03-26 15:15:00,1248.0
2019-03-26 15:30:00,1246.72
2019-03-26 15:45:00,1234.8
2019-03-26 16:00:00,1243.52
2019-03-26 16:15:00,1229.44
2019-03-26 16:30:00,1222.48
2019-03-26 16:45:00,1219.68
2019-03-26 17:00:00,1225.6
2019-03-26 17:15:00,1229.2
2019-03-26 17:30:00,1233.44
2019-03-26 17:45:00,1238.24
2019-03-26 18:00:00,1247.28
2019-03-26 18:15:00,1250.4
2019-03-26 18:30:00,1264.08
2019-03-26 18:45:00,1281.12
2019-03-26 19:00:00,1297.6
2019-03-26 19:15:00,1293.44
2019-03-26 19:30:00,1281.68
2019-03-26 19:45:00,1269.84
2019-03-26 20:00:00,1250.88
2019-03-26 20:15:00,1226.64
2019-03-26 20:30:00,1201.12
2019-03-26 20:45:00,1177.92
2019-03-26 21:00:00,1161.2
2019-03-26 21:15:00,1146.24
2019-03-26 21:30:00,1127.44
2019-03-26 21:45:00,1108.72
2019-03-26 22:00:00,1097.68
2019-03-26 22:15:00,1082.0
2019-03-26 22:30:00,1063.52
2019-03-26 22:45:00,1040.24
2019-03-26 23:00:00,1014.08
2019-03-26 23:15:00,989.44
2019-03-26 23:30:00,975.36
2019-03-26 23:45:00,962.72
2019-03-27 00:00:00,940.16
2019-03-27 00:15:00,918.48
2019-03-27 00:30:00,912.56
2019-03-27 00:45:00,902.88
2019-03-27 01:00:00,894.72
2019-03-27 01:15:00,881.12
2019-03-27 01:30:00,876.32
2019-03-27 01:45:00,871.28
2019-03-27 02:00:00,866.8
2019-03-27 02:15:00,865.84
2019-03-27 02:30:00,868.4
2019-03-27 02:45:00,869.44
2019-03-27 03:00:00,868.32
2019-03-27 03:15:00,871.68
2019-03-27 03:30:00,879.52
2019-03-27 03:45:00,883.44
2019-03-27 04:00:00,892.32
2019-03-27 04:15:00,900.16
2019-03-27 04:30:00,914.72
2019-03-27 04:45:00,925.68
2019-03-27 05:00:00,955.2
2019-03-27 05:15:00,974.24
2019-03-27 05:30:00,990.88
2019-03-27 05:45:00,1026.56
2019-03-27 06:00:00,1078.8
2019-03-27 06:15:00,1116.72
2019-03-27 06:30:00,1148.48
2019-03-27 06:45:00,1177.2
2019-03-27 07:00:00,1207.84
2019-03-27 07:15:00,1230.48
2019-03-27 07:30:00,1246.24
2019-03-27 07:45:00,1258.56
2019-03-27 08:00:00,1273.2
2019-03-27 08:15:00,1284.16
2019-03-27 08:30:00,1287.2
2019-03-27 08:45:00,1286.48
2019-03-27 09:00:00,1279.36
2019-03-27 09:15:00,1286.16
2019-03-27 09:30:00,1292.32
2019-03-27 09:45:00,1298.08
2019-03-27 10:00:00,1297.52
2019-03-27 10:15:00,1297.92
2019-03-27 10:30:00,1305.92
2019-03-27 10:45:00,1314.8
2019-03-27 11:00:00,1322.32
2019-03-27 11:15:00,1330.16
2019-03-27 11:30:00,1333.12
2019-03-27 11:45:00,1331.04
2019-03-27 12:00:00,1315.44
2019-03-27 12:15:00,1304.56
2019-03-27 12:30:00,1304.8
2019-03-27 12:45:00,1299.36
2019-03-27 13:00:00,1299.92
2019-03-27 13:15:00,1287.84
2019-03-27 13:30:00,1286.72
2019-03-27 13:45:00,1271.2
2019-03-27 14:00:00,1268.56
2019-03-27 14:15:00,1264.16
2019-03-27 14:30:00,1262.48
2019-03-27 14:45:00,1258.72
2019-03-27 15:00:00,1257.44
2019-03-27 15:15:00,1250.48
2019-03-27 15:30:00,1244.96
2019-03-27 15:45:00,1236.0
2019-03-27 16:00:00,1233.52
2019-03-27 16:15:00,1222.0
2019-03-27 16:30:00,1215.52
2019-03-27 16:45:00,1215.76
2019-03-27 17:00:00,1226.48
2019-03-27 17:15:00,1224.72
2019-03-27 17:30:00,1232.8
2019-03-27 17:45:00,1234.96
2019-03-27 18:00:00,1244.32
2019-03-27 18:15:00,1249.76
2019-03-27 18:30:00,1263.84
2019-03-27 18:45:00,1285.52
2019-03-27 19:00:00,1301.92
2019-03-27 19:15:00,1305.52
2019-03-27 19:30:00,1296.56
2019-03-27 19:45:00,1286.64
2019-03-27 20:00:00,1263.84
2019-03-27 20:15:00,1234.56
2019-03-27 20:30:00,1210.64
2019-03-27 20:45:00,1188.72
2019-03-27 21:00:00,1168.24
2019-03-27 21:15:00,1150.72
2019-03-27 21:30:00,1128.4
2019-03-27 21:45:00,1109.92
2019-03-27 22:00:00,1097.12
2019-03-27 22:15:00,1080.64
2019-03-27 22:30:00,1057.6
2019-03-27 22:45:00,1031.84
2019-03-27 23:00:00,1001.04
2019-03-27 23:15:00,980.8
2019-03-27 23:30:00,960.88
2019-03-27 23:45:00,944.48
2019-03-28 00:00:00,915.04
2019-03-28 00:15:00,904.88
2019-03-28 00:30:00,898.32
2019-03-28 00:45:00,891.12
2019-03-28 01:00:00,881.44
2019-03-28 01:15:00,873.44
2019-03-28 01:30:00,868.4
2019-03-28 01:45:00,864.96
2019-03-28 02:00:00,851.2
2019-03-28 02:15:00,845.6
2019-03-28 02:30:00,845.44
2019-03-28 02:45:00,850.56
2019-03-28 03:00:00,856.24
2019-03-28 03:15:00,857.52
2019-03-28 03:30:00,863.6
2019-03-28 03:45:00,862.8
2019-03-28 04:00:00,871.52
2019-03-28 04:15:00,877.12
2019-03-28 04:30:00,888.24
2019-03-28 04:45:00,904.08
2019-03-28 05:00:00,943.52
2019-03-28 05:15:00,958.4
2019-03-28 05:30:00,975.36
2019-03-28 05:45:00,997.36
2019-03-28 06:00:00,1050.24
2019-03-28 06:15:00,1092.88
2019-03-28 06:30:00,1134.56
2019-03-28 06:45:00,1151.04
2019-03-28 07:00:00,1181.2
2019-03-28 07:15:00,1201.84
2019-03-28 07:30:00,1215.12
2019-03-28 07:45:00,1226.64
2019-03-28 08:00:00,1244.24
2019-03-28 08:15:00,1249.36
2019-03-28 08:30:00,1255.04
2019-03-28 08:45:00,1254.88
2019-03-28 09:00:00,1246.4
2019-03-28 09:15:00,1254.8
2019-03-28 09:30:00,1259.68
2019-03-28 09:45:00,1261.52
2019-03-28 10:00:00,1262.4
2019-03-28 10:15:00,1266.64
2019-03-28 10:30:00,1269.2
2019-03-28 10:45:00,1276.0
2019-03-28 11:00:00,1284.4
2019-03-28 11:15:00,1290.48
2019-03-28 11:30:00,1293.76
2019-03-28 11:45:00,1293.68
2019-03-28 12:00:00,1283.12
2019-03-28 12:15:00,1276.16
2019-03-28 12:30:00,1270.08
2019-03-28 12:45:00,1266.48
2019-03-28 13:00:00,1272.08
2019-03-28 13:15:00,1269.84
2019-03-28 13:30:00,1265.12
2019-03-28 13:45:00,1253.36
2019-03-28 14:00:00,1251.12
2019-03-28 14:15:00,1246.08
2019-03-28 14:30:00,1241.28
2019-03-28 14:45:00,1235.12
2019-03-28 15:00:00,1233.28
2019-03-28 15:15:00,1225.76
2019-03-28 15:30:00,1219.04
2019-03-28 15:45:00,1213.36
2019-03-28 16:00:00,1207.52
2019-03-28 16:15:00,1203.76
2019-03-28 16:30:00,1200.56
2019-03-28 16:45:00,1198.16
2019-03-28 17:00:00,1204.16
2019-03-28 17:15:00,1201.6
2019-03-28 17:30:00,1211.28
2019-03-28 17:45:00,1220.08
2019-03-28 18:00:00,1223.44
2019-03-28 18:15:00,1221.84
2019-03-28 18:30:00,1234.72
2019-03-28 18:45:00,1254.96
2019-03-28 19:00:00,1272.0
2019-03-28 19:15:00,1273.84
2019-03-28 19:30:00,1269.6
2019-03-28 19:45:00,1255.68
2019-03-28 20:00:00,1237.52
2019-03-28 20:15:00,1213.6
2019-03-28 20:30:00,1188.72
2019-03-28 20:45:00,1172.24
2019-03-28 21:00:00,1155.84
2019-03-28 21:15:00,1142.08
2019-03-28 21:30:00,1122.48
2019-03-28 21:45:00,1100.64
2019-03-28 22:00:00,1094.0
2019-03-28 22:15:00,1072.88
2019-03-28 22:30:00,1050.96
2019-03-28 22:45:00,1024.32
2019-03-28 23:00:00,997.84
2019-03-28 23:15:00,976.24
2019-03-28 23:30:00,960.08
2019-03-28 23:45:00,944.0
2019-03-29 00:00:00,914.96
2019-03-29 00:15:00,895.6
2019-03-29 00:30:00,891.76
2019-03-29 00:45:00,874.88
2019-03-29 01:00:00,860.72
2019-03-29 01:15:00,846.64
2019-03-29 01:30:00,845.2
2019-03-29 01:45:00,837.28
2019-03-29 02:00:00,828.56
2019-03-29 02:15:00,822.4
2019-03-29 02:30:00,828.24
2019-03-29 02:45:00,831.84
2019-03-29 03:00:00,837.76
2019-03-29 03:15:00,839.36
2019-03-29 03:30:00,844.64
2019-03-29 03:45:00,851.76
2019-03-29 04:00:00,865.84
2019-03-29 04:15:00,875.28
2019-03-29 04:30:00,883.6
2019-03-29 04:45:00,899.76
2019-03-29 05:00:00,934.64
2019-03-29 05:15:00,952.8
2019-03-29 05:30:00,970.16
2019-03-29 05:45:00,990.0
2019-03-29 06:00:00,1041.84
2019-03-29 06:15:00,1082.4
2019-03-29 06:30:00,1113.12
2019-03-29 06:45:00,1137.2
2019-03-29 07:00:00,1169.6
2019-03-29 07:15:00,1189.04
2019-03-29 07:30:00,1205.28
2019-03-29 07:45:00,1219.52
2019-03-29 08:00:00,1233.92
2019-03-29 08:15:00,1243.76
2019-03-29 08:30:00,1246.24
2019-03-29 08:45:00,1247.04
2019-03-29 09:00:00,1235.28
2019-03-29 09:15:00,1236.96
2019-03-29 09:30:00,1241.12
2019-03-29 09:45:00,1250.24
2019-03-29 10:00:00,1247.12
2019-03-29 10:15:00,1251.44
2019-03-29 10:30:00,1260.4
2019-03-29 10:45:00,1260.8
2019-03-29 11:00:00,1258.88
2019-03-29 11:15:00,1260.96
2019-03-29 11:30:00,1265.76
2019-03-29 11:45:00,1260.48
2019-03-29 12:00:00,1244.8
2019-03-29 12:15:00,1243.2
2019-03-29 12:30:00,1233.52
2019-03-29 12:45:00,1226.72
2019-03-29 13:00:00,1225.12
2019-03-29 13:15:00,1211.44
2019-03-29 13:30:00,1193.36
2019-03-29 13:45:00,1175.92
2019-03-29 14:00:00,1180.0
2019-03-29 14:15:00,1177.52
2019-03-29 14:30:00,1169.28
2019-03-29 14:45:00,1161.28
2019-03-29 15:00:00,1159.28
2019-03-29 15:15:00,1154.0
2019-03-29 15:30:00,1143.2
2019-03-29 15:45:00,1131.52
2019-03-29 16:00:00,1136.64
2019-03-29 16:15:00,1127.04
2019-03-29 16:30:00,1119.28
2019-03-29 16:45:00,1119.28
2019-03-29 17:00:00,1122.16
2019-03-29 17:15:00,1121.36
2019-03-29 17:30:00,1134.48
2019-03-29 17:45:00,1138.88
2019-03-29 18:00:00,1142.56
2019-03-29 18:15:00,1148.32
2019-03-29 18:30:00,1157.36
2019-03-29 18:45:00,1177.28
2019-03-29 19:00:00,1198.48
2019-03-29 19:15:00,1213.36
2019-03-29 19:30:00,1209.6
2019-03-29 19:45:00,1194.0
2019-03-29 20:00:00,1172.0
2019-03-29 20:15:00,1152.72
2019-03-29 20:30:00,1132.88
2019-03-29 20:45:00,1104.96
2019-03-29 21:00:00,1097.2
2019-03-29 21:15:00,1078.32
2019-03-29 21:30:00,1057.92
2019-03-29 21:45:00,1037.04
2019-03-29 22:00:00,1027.2
2019-03-29 22:15:00,1008.8
2019-03-29 22:30:00,987.12
2019-03-29 22:45:00,964.08
2019-03-29 23:00:00,938.64
2019-03-29 23:15:00,921.12
2019-03-29 23:30:00,901.76
2019-03-29 23:45:00,884.96
2019-03-30 00:00:00,868.08
2019-03-30 00:15:00,850.88
2019-03-30 00:30:00,837.6
2019-03-30 00:45:00,829.68
2019-03-30 01:00:00,820.08
2019-03-30 01:15:00,809.28
2019-03-30 01:30:00,805.2
2019-03-30 01:45:00,794.32
2019-03-30 02:00:00,791.92
2019-03-30 02:15:00,788.56
2019-03-30 02:30:00,780.96
2019-03-30 02:45:00,784.56
2019-03-30 03:00:00,787.36
2019-03-30 03:15:00,783.84
2019-03-30 03:30:00,786.16
2019-03-30 03:45:00,787.12
2019-03-30 04:00:00,793.36
2019-03-30 04:15:00,792.72
2019-03-30 04:30:00,793.52
2019-03-30 04:45:00,800.88
2019-03-30 05:00:00,808.08
2019-03-30 05:15:00,803.52
2019-03-30 05:30:00,804.0
2019-03-30 05:45:00,799.68
2019-03-30 06:00:00,797.52
2019-03-30 06:15:00,804.88
2019-03-30 06:30:00,814.4
2019-03-30 06:45:00,828.88
2019-03-30 07:00:00,847.04
2019-03-30 07:15:00,862.72
2019-03-30 07:30:00,880.8
2019-03-30 07:45:00,904.08
2019-03-30 08:00:00,934.64
2019-03-30 08:15:00,952.16
2019-03-30 08:30:00,964.24
2019-03-30 08:45:00,979.12
2019-03-30 09:00:00,988.4
2019-03-30 09:15:00,994.16
2019-03-30 09:30:00,1000.96
2019-03-30 09:45:00,1003.6
2019-03-30 10:00:00,1001.52
2019-03-30 10:15:00,1003.2
2019-03-30 10:30:00,1004.88
2019-03-30 10:45:00,1005.76
2019-03-30 11:00:00,1004.8
2019-03-30 11:15:00,1003.92
2019-03-30 11:30:00,1006.88
2019-03-30 11:45:00,998.56
2019-03-30 12:00:00,995.28
2019-03-30 12:15:00,992.56
2019-03-30 12:30:00,985.6
2019-03-30 12:45:00,975.44
2019-03-30 13:00:00,968.4
2019-03-30 13:15:00,958.4
2019-03-30 13:30:00,948.96
2019-03-30 13:45:00,937.84
2019-03-30 14:00:00,928.72
2019-03-30 14:15:00,920.48
2019-03-30 14:30:00,917.68
2019-03-30 14:45:00,914.24
2019-03-30 15:00:00,916.4
2019-03-30 15:15:00,913.36
2019-03-30 15:30:00,908.48
2019-03-30 15:45:00,896.56
2019-03-30 16:00:00,895.92
2019-03-30 16:15:00,894.96
2019-03-30 16:30:00,887.68
2019-03-30 16:45:00,888.64
2019-03-30 17:00:00,898.56
2019-03-30 17:15:00,906.0
2019-03-30 17:30:00,919.44
2019-03-30 17:45:00,924.8
2019-03-30 18:00:00,941.04
2019-03-30 18:15:00,945.6
2019-03-30 18:30:00,963.84
2019-03-30 18:45:00,981.44
2019-03-30 19:00:00,1000.64
2019-03-30 19:15:00,1010.96
2019-03-30 19:30:00,1011.76
2019-03-30 19:45:00,1003.68
2019-03-30 20:00:00,985.28
2019-03-30 20:15:00,961.04
2019-03-30 20:30:00,942.48
2019-03-30 20:45:00,922.72
2019-03-30 21:00:00,909.28
2019-03-30 21:15:00,895.76
2019-03-30 21:30:00,879.76
2019-03-30 21:45:00,873.04
2019-03-30 22:00:00,881.76
2019-03-30 22:15:00,865.76
2019-03-30 22:30:00,847.36
2019-03-30 22:45:00,834.56
2019-03-30 23:00:00,817.04
2019-03-30 23:15:00,801.6
2019-03-30 23:30:00,788.64
2019-03-30 23:45:00,778.0
2019-03-31 00:00:00,776.96
2019-03-31 00:15:00,767.44
2019-03-31 00:30:00,755.04
2019-03-31 00:45:00,748.88
2019-03-31 01:00:00,737.76
2019-03-31 01:15:00,730.08
2019-03-31 01:30:00,725.52
2019-03-31 01:45:00,715.52
2019-03-31 02:00:00,705.52
2019-03-31 02:15:00,704.72
2019-03-31 02:30:00,703.28
2019-03-31 02:45:00,700.8
2019-03-31 03:00:00,696.64
2019-03-31 03:15:00,702.64
2019-03-31 03:30:00,706.64
2019-03-31 03:45:00,711.92
2019-03-31 04:00:00,720.32
2019-03-31 04:15:00,719.04
2019-03-31 04:30:00,727.52
2019-03-31 04:45:00,729.76
2019-03-31 05:00:00,724.08
2019-03-31 05:15:00,730.8
2019-03-31 05:30:00,728.48
2019-03-31 05:45:00,728.4
2019-03-31 06:00:00,730.16
2019-03-31 06:15:00,732.4
2019-03-31 06:30:00,742.64
2019-03-31 06:45:00,755.04
2019-03-31 07:00:00,773.44
2019-03-31 07:15:00,791.92
2019-03-31 07:30:00,806.88
2019-03-31 07:45:00,818.0
2019-03-31 08:00:00,844.72
2019-03-31 08:15:00,861.92
2019-03-31 08:30:00,877.36
2019-03-31 08:45:00,894.56
2019-03-31 09:00:00,908.0
2019-03-31 09:15:00,920.0
2019-03-31 09:30:00,936.56
2019-03-31 09:45:00,939.52
2019-03-31 10:00:00,956.0
2019-03-31 10:15:00,965.04
2019-03-31 10:30:00,969.92
2019-03-31 10:45:00,974.48
2019-03-31 11:00:00,972.88
2019-03-31 11:15:00,968.16
2019-03-31 11:30:00,961.92
2019-03-31 11:45:00,946.4
2019-03-31 12:00:00,936.64
2019-03-31 12:15:00,928.8
2019-03-31 12:30:00,922.48
2019-03-31 12:45:00,907.84
2019-03-31 13:00:00,900.0
2019-03-31 13:15:00,895.92
2019-03-31 13:30:00,883.6
2019-03-31 13:45:00,874.4
2019-03-31 14:00:00,870.32
2019-03-31 14:15:00,862.0
2019-03-31 14:30:00,861.36
2019-03-31 14:45:00,854.8
2019-03-31 15:00:00,850.08
2019-03-31 15:15:00,854.48
2019-03-31 15:30:00,862.56
2019-03-31 15:45:00,856.64
2019-03-31 16:00:00,868.32
2019-03-31 16:15:00,871.36
2019-03-31 16:30:00,879.68
2019-03-31 16:45:00,875.44
2019-03-31 17:00:00,892.72
2019-03-31 17:15:00,893.44
2019-03-31 17:30:00,899.04
2019-03-31 17:45:00,910.56
2019-03-31 18:00:00,917.6
2019-03-31 18:15:00,922.8
2019-03-31 18:30:00,923.36
2019-03-31 18:45:00,937.92
2019-03-31 19:00:00,965.04
2019-03-31 19:15:00,972.0
2019-03-31 19:30:00,955.84
2019-03-31 19:45:00,946.16
2019-03-31 20:00:00,943.28
2019-03-31 20:15:00,931.76
2019-03-31 20:30:00,923.44
2019-03-31 20:45:00,918.8
2019-03-31 21:00:00,932.56
2019-03-31 21:15:00,918.72
2019-03-31 21:30:00,911.52
2019-03-31 21:45:00,895.68
2019-03-31 22:00:00,879.68
2019-03-31 22:15:00,858.8
2019-03-31 22:30:00,841.92
2019-03-31 22:45:00,828.96
2019-03-31 23:00:00,797.28
2019-03-31 23:15:00,788.8
2019-03-31 23:30:00,785.44
2019-03-31 23:45:00,778.48
2019-04-01 00:00:00,766.48
2019-04-01 00:15:00,756.16
2019-04-01 00:30:00,750.48
2019-04-01 00:45:00,746.32
2019-04-01 01:00:00,743.68
2019-04-01 01:15:00,741.68
2019-04-01 01:30:00,742.16
2019-04-01 01:45:00,744.72
2019-04-01 02:00:00,746.88
2019-04-01 02:15:00,748.32
2019-04-01 02:30:00,759.2
2019-04-01 02:45:00,763.6
2019-04-01 03:00:00,778.64
2019-04-01 03:15:00,793.12
2019-04-01 03:30:00,806.24
2019-04-01 03:45:00,824.08
2019-04-01 04:00:00,850.8
2019-04-01 04:15:00,866.64
2019-04-01 04:30:00,898.96
2019-04-01 04:45:00,934.16
2019-04-01 05:00:00,1002.88
2019-04-01 05:15:00,1052.64
2019-04-01 05:30:00,1093.6
2019-04-01 05:45:00,1115.36
2019-04-01 06:00:00,1143.44
2019-04-01 06:15:00,1164.24
2019-04-01 06:30:00,1180.72
2019-04-01 06:45:00,1193.92
2019-04-01 07:00:00,1207.04
2019-04-01 07:15:00,1219.36
2019-04-01 07:30:00,1228.8
2019-04-01 07:45:00,1232.16
2019-04-01 08:00:00,1222.24
2019-04-01 08:15:00,1229.36
2019-04-01 08:30:00,1235.76
2019-04-01 08:45:00,1241.12
2019-04-01 09:00:00,1242.08
2019-04-01 09:15:00,1241.36
2019-04-01 09:30:00,1244.88
2019-04-01 09:45:00,1246.4
2019-04-01 10:00:00,1243.6
2019-04-01 10:15:00,1256.88
2019-04-01 10:30:00,1254.08
2019-04-01 10:45:00,1258.16
2019-04-01 11:00:00,1238.32
2019-04-01 11:15:00,1229.68
2019-04-01 11:30:00,1234.64
2019-04-01 11:45:00,1234.8
2019-04-01 12:00:00,1237.36
2019-04-01 12:15:00,1231.76
2019-04-01 12:30:00,1223.12
2019-04-01 12:45:00,1211.12
2019-04-01 13:00:00,1208.4
2019-04-01 13:15:00,1208.72
2019-04-01 13:30:00,1203.2
2019-04-01 13:45:00,1199.04
2019-04-01 14:00:00,1199.52
2019-04-01 14:15:00,1186.08
2019-04-01 14:30:00,1175.36
2019-04-01 14:45:00,1167.12
2019-04-01 15:00:00,1157.92
2019-04-01 15:15:00,1148.8
2019-04-01 15:30:00,1144.48
2019-04-01 15:45:00,1133.36
2019-04-01 16:00:00,1134.8
2019-04-01 16:15:00,1134.4
2019-04-01 16:30:00,1136.08
2019-04-01 16:45:00,1139.2
2019-04-01 17:00:00,1142.96
2019-04-01 17:15:00,1143.04
2019-04-01 17:30:00,1154.24
2019-04-01 17:45:00,1162.16
2019-04-01 18:00:00,1170.0
2019-04-01 18:15:00,1168.64
2019-04-01 18:30:00,1177.44
2019-04-01 18:45:00,1186.32
2019-04-01 19:00:00,1194.64
2019-04-01 19:15:00,1193.76
2019-04-01 19:30:00,1189.68
2019-04-01 19:45:00,1172.72
2019-04-01 20:00:00,1156.08
2019-04-01 20:15:00,1140.08
2019-04-01 20:30:00,1119.28
2019-04-01 20:45:00,1105.52
2019-04-01 21:00:00,1091.12
2019-04-01 21:15:00,1072.48
2019-04-01 21:30:00,1051.12
2019-04-01 21:45:00,1029.52
2019-04-01 22:00:00,1001.6
2019-04-01 22:15:00,980.56
2019-04-01 22:30:00,964.64
2019-04-01 22:45:00,949.04
2019-04-01 23:00:00,938.4
2019-04-01 23:15:00,924.56
2019-04-01 23:30:00,914.32
2019-04-01 23:45:00,910.08
2019-04-02 00:00:00,896.16
2019-04-02 00:15:00,887.92
2019-04-02 00:30:00,885.92
2019-04-02 00:45:00,879.04
2019-04-02 01:00:00,862.48
2019-04-02 01:15:00,863.36
2019-04-02 01:30:00,868.88
2019-04-02 01:45:00,876.48
2019-04-02 02:00:00,873.68
2019-04-02 02:15:00,881.52
2019-04-02 02:30:00,881.36
2019-04-02 02:45:00,886.72
2019-04-02 03:00:00,890.08
2019-04-02 03:15:00,904.48
2019-04-02 03:30:00,914.88
2019-04-02 03:45:00,927.84
2019-04-02 04:00:00,959.28
2019-04-02 04:15:00,974.64
2019-04-02 04:30:00,990.88
2019-04-02 04:45:00,1018.16
2019-04-02 05:00:00,1089.28
2019-04-02 05:15:00,1131.84
2019-04-02 05:30:00,1163.6
2019-04-02 05:45:00,1179.92
2019-04-02 06:00:00,1204.56
2019-04-02 06:15:00,1225.44
2019-04-02 06:30:00,1238.48
2019-04-02 06:45:00,1246.32
2019-04-02 07:00:00,1261.2
2019-04-02 07:15:00,1271.6
2019-04-02 07:30:00,1271.36
2019-04-02 07:45:00,1273.28
2019-04-02 08:00:00,1268.16
2019-04-02 08:15:00,1273.2
2019-04-02 08:30:00,1273.6
2019-04-02 08:45:00,1281.68
2019-04-02 09:00:00,1277.68
2019-04-02 09:15:00,1286.48
2019-04-02 09:30:00,1284.88
2019-04-02 09:45:00,1289.76
2019-04-02 10:00:00,1286.4
2019-04-02 10:15:00,1290.16
2019-04-02 10:30:00,1292.72
2019-04-02 10:45:00,1297.44
2019-04-02 11:00:00,1286.72
2019-04-02 11:15:00,1287.36
2019-04-02 11:30:00,1282.64
2019-04-02 11:45:00,1276.96
2019-04-02 12:00:00,1286.08
2019-04-02 12:15:00,1285.68
2019-04-02 12:30:00,1280.56
2019-04-02 12:45:00,1270.64
2019-04-02 13:00:00,1265.76
2019-04-02 13:15:00,1266.4
2019-04-02 13:30:00,1261.68
2019-04-02 13:45:00,1252.96
2019-04-02 14:00:00,1255.12
2019-04-02 14:15:00,1250.96
2019-04-02 14:30:00,1235.28
2019-04-02 14:45:00,1230.08
2019-04-02 15:00:00,1230.64
2019-04-02 15:15:00,1221.6
2019-04-02 15:30:00,1201.28
2019-04-02 15:45:00,1195.6
2019-04-02 16:00:00,1196.56
2019-04-02 16:15:00,1197.04
2019-04-02 16:30:00,1204.0
2019-04-02 16:45:00,1205.68
2019-04-02 17:00:00,1208.24
2019-04-02 17:15:00,1195.76
2019-04-02 17:30:00,1201.04
2019-04-02 17:45:00,1203.12
2019-04-02 18:00:00,1203.52
2019-04-02 18:15:00,1206.08
2019-04-02 18:30:00,1203.36
2019-04-02 18:45:00,1210.88
2019-04-02 19:00:00,1220.88
2019-04-02 19:15:00,1222.64
2019-04-02 19:30:00,1212.72
2019-04-02 19:45:00,1198.24
2019-04-02 20:00:00,1179.92
2019-04-02 20:15:00,1161.2
2019-04-02 20:30:00,1146.72
2019-04-02 20:45:00,1119.44
2019-04-02 21:00:00,1100.4
2019-04-02 21:15:00,1078.96
2019-04-02 21:30:00,1059.84
2019-04-02 21:45:00,1031.28
2019-04-02 22:00:00,1004.16
2019-04-02 22:15:00,981.36
2019-04-02 22:30:00,960.0
2019-04-02 22:45:00,944.32
2019-04-02 23:00:00,919.52
2019-04-02 23:15:00,913.2
2019-04-02 23:30:00,899.52
2019-04-02 23:45:00,886.16
2019-04-03 00:00:00,875.44
2019-04-03 00:15:00,865.44
2019-04-03 00:30:00,858.08
2019-04-03 00:45:00,856.8
2019-04-03 01:00:00,854.0
2019-04-03 01:15:00,850.56
2019-04-03 01:30:00,847.04
2019-04-03 01:45:00,848.56
2019-04-03 02:00:00,851.04
2019-04-03 02:15:00,854.48
2019-04-03 02:30:00,851.28
2019-04-03 02:45:00,854.08
2019-04-03 03:00:00,865.84
2019-04-03 03:15:00,866.56
2019-04-03 03:30:00,880.08
2019-04-03 03:45:00,896.08
2019-04-03 04:00:00,926.64
2019-04-03 04:15:00,947.2
2019-04-03 04:30:00,975.36
2019-04-03 04:45:00,1002.88
2019-04-03 05:00:00,1067.68
2019-04-03 05:15:00,1115.44
2019-04-03 05:30:00,1149.52
2019-04-03 05:45:00,1173.76
2019-04-03 06:00:00,1200.96
2019-04-03 06:15:00,1209.36
2019-04-03 06:30:00,1222.56
2019-04-03 06:45:00,1233.68
2019-04-03 07:00:00,1247.92
2019-04-03 07:15:00,1256.64
2019-04-03 07:30:00,1257.68
2019-04-03 07:45:00,1258.0
2019-04-03 08:00:00,1253.6
2019-04-03 08:15:00,1257.52
2019-04-03 08:30:00,1269.6
2019-04-03 08:45:00,1274.72
2019-04-03 09:00:00,1277.92
2019-04-03 09:15:00,1284.16
2019-04-03 09:30:00,1287.84
2019-04-03 09:45:00,1297.92
2019-04-03 10:00:00,1302.4
2019-04-03 10:15:00,1307.44
2019-04-03 10:30:00,1312.08
2019-04-03 10:45:00,1309.36
2019-04-03 11:00:00,1296.48
2019-04-03 11:15:00,1295.2
2019-04-03 11:30:00,1290.88
2019-04-03 11:45:00,1292.0
2019-04-03 12:00:00,1295.76
2019-04-03 12:15:00,1293.52
2019-04-03 12:30:00,1287.28
2019-04-03 12:45:00,1277.68
2019-04-03 13:00:00,1272.32
2019-04-03 13:15:00,1275.76
2019-04-03 13:30:00,1269.44
2019-04-03 13:45:00,1262.4
2019-04-03 14:00:00,1253.92
2019-04-03 14:15:00,1248.96
2019-04-03 14:30:00,1242.48
2019-04-03 14:45:00,1236.08
2019-04-03 15:00:00,1227.92
2019-04-03 15:15:00,1224.4
2019-04-03 15:30:00,1219.6
2019-04-03 15:45:00,1216.08
2019-04-03 16:00:00,1220.16
2019-04-03 16:15:00,1223.68
2019-04-03 16:30:00,1216.8
2019-04-03 16:45:00,1221.36
2019-04-03 17:00:00,1213.04
2019-04-03 17:15:00,1209.04
2019-04-03 17:30:00,1210.88
2019-04-03 17:45:00,1211.68
2019-04-03 18:00:00,1220.72
2019-04-03 18:15:00,1221.44
2019-04-03 18:30:00,1226.16
2019-04-03 18:45:00,1231.36
2019-04-03 19:00:00,1231.84
2019-04-03 19:15:00,1225.36
2019-04-03 19:30:00,1208.56
2019-04-03 19:45:00,1187.84
2019-04-03 20:00:00,1171.36
2019-04-03 20:15:00,1153.28
2019-04-03 20:30:00,1138.0
2019-04-03 20:45:00,1117.68
2019-04-03 21:00:00,1094.32
2019-04-03 21:15:00,1076.48
2019-04-03 21:30:00,1056.96
2019-04-03 21:45:00,1034.24
2019-04-03 22:00:00,1007.04
2019-04-03 22:15:00,982.48
2019-04-03 22:30:00,964.16
2019-04-03 22:45:00,943.12
2019-04-03 23:00:00,939.28
2019-04-03 23:15:00,924.16
2019-04-03 23:30:00,906.56
2019-04-03 23:45:00,898.96
2019-04-04 00:00:00,887.12
2019-04-04 00:15:00,884.8
2019-04-04 00:30:00,876.8
2019-04-04 00:45:00,871.76
2019-04-04 01:00:00,861.36
2019-04-04 01:15:00,856.32
2019-04-04 01:30:00,861.36
2019-04-04 01:45:00,861.6
2019-04-04 02:00:00,860.72
2019-04-04 02:15:00,865.52
2019-04-04 02:30:00,864.8
2019-04-04 02:45:00,874.0
2019-04-04 03:00:00,883.28
2019-04-04 03:15:00,891.2
2019-04-04 03:30:00,903.44
2019-04-04 03:45:00,913.6
2019-04-04 04:00:00,942.96
2019-04-04 04:15:00,959.36
2019-04-04 04:30:00,977.76
2019-04-04 04:45:00,1001.2
2019-04-04 05:00:00,1061.44
2019-04-04 05:15:00,1106.48
2019-04-04 05:30:00,1150.4
2019-04-04 05:45:00,1173.2
2019-04-04 06:00:00,1199.92
2019-04-04 06:15:00,1219.52
2019-04-04 06:30:00,1232.88
2019-04-04 06:45:00,1246.08
2019-04-04 07:00:00,1264.56
2019-04-04 07:15:00,1271.84
2019-04-04 07:30:00,1276.32
2019-04-04 07:45:00,1283.52
2019-04-04 08:00:00,1267.04
2019-04-04 08:15:00,1273.76
2019-04-04 08:30:00,1281.36
2019-04-04 08:45:00,1285.44
2019-04-04 09:00:00,1288.64
2019-04-04 09:15:00,1298.08
2019-04-04 09:30:00,1302.72
2019-04-04 09:45:00,1305.6
2019-04-04 10:00:00,1304.64
2019-04-04 10:15:00,1312.32
2019-04-04 10:30:00,1319.92
2019-04-04 10:45:00,1317.2
2019-04-04 11:00:00,1309.44
2019-04-04 11:15:00,1308.88
2019-04-04 11:30:00,1306.0
2019-04-04 11:45:00,1307.04
2019-04-04 12:00:00,1301.04
2019-04-04 12:15:00,1299.2
2019-04-04 12:30:00,1292.56
2019-04-04 12:45:00,1282.16
2019-04-04 13:00:00,1278.08
2019-04-04 13:15:00,1277.36
2019-04-04 13:30:00,1273.2
2019-04-04 13:45:00,1269.12
2019-04-04 14:00:00,1269.76
2019-04-04 14:15:00,1258.72
2019-04-04 14:30:00,1248.88
2019-04-04 14:45:00,1232.32
2019-04-04 15:00:00,1230.96
2019-04-04 15:15:00,1221.44
2019-04-04 15:30:00,1216.4
2019-04-04 15:45:00,1212.56
2019-04-04 16:00:00,1215.68
2019-04-04 16:15:00,1213.76
2019-04-04 16:30:00,1212.08
2019-04-04 16:45:00,1214.96
2019-04-04 17:00:00,1211.44
2019-04-04 17:15:00,1204.56
2019-04-04 17:30:00,1210.48
2019-04-04 17:45:00,1214.88
2019-04-04 18:00:00,1215.76
2019-04-04 18:15:00,1211.12
2019-04-04 18:30:00,1210.24
2019-04-04 18:45:00,1216.32
2019-04-04 19:00:00,1218.56
2019-04-04 19:15:00,1214.8
2019-04-04 19:30:00,1197.84
2019-04-04 19:45:00,1184.8
2019-04-04 20:00:00,1166.08
2019-04-04 20:15:00,1156.96
2019-04-04 20:30:00,1134.24
2019-04-04 20:45:00,1118.16
2019-04-04 21:00:00,1108.72
2019-04-04 21:15:00,1086.64
2019-04-04 21:30:00,1069.28
2019-04-04 21:45:00,1046.24
2019-04-04 22:00:00,1022.08
2019-04-04 22:15:00,993.68
2019-04-04 22:30:00,975.44
2019-04-04 22:45:00,962.4
2019-04-04 23:00:00,938.96
2019-04-04 23:15:00,928.8
2019-04-04 23:30:00,919.12
2019-04-04 23:45:00,908.64
2019-04-05 00:00:00,894.56
2019-04-05 00:15:00,884.08
2019-04-05 00:30:00,875.2
2019-04-05 00:45:00,875.68
2019-04-05 01:00:00,861.12
2019-04-05 01:15:00,856.88
2019-04-05 01:30:00,857.52
2019-04-05 01:45:00,857.84
2019-04-05 02:00:00,859.6
2019-04-05 02:15:00,860.0
2019-04-05 02:30:00,865.6
2019-04-05 02:45:00,868.88
2019-04-05 03:00:00,878.88
2019-04-05 03:15:00,888.16
2019-04-05 03:30:00,898.64
2019-04-05 03:45:00,911.2
2019-04-05 04:00:00,937.68
2019-04-05 04:15:00,946.0
2019-04-05 04:30:00,970.8
2019-04-05 04:45:00,1000.16
2019-04-05 05:00:00,1056.88
2019-04-05 05:15:00,1102.32
2019-04-05 05:30:00,1141.28
2019-04-05 05:45:00,1163.68
2019-04-05 06:00:00,1196.48
2019-04-05 06:15:00,1216.88
2019-04-05 06:30:00,1235.04
2019-04-05 06:45:00,1250.72
2019-04-05 07:00:00,1270.4
2019-04-05 07:15:00,1282.8
2019-04-05 07:30:00,1293.84
2019-04-05 07:45:00,1294.96
2019-04-05 08:00:00,1293.36
2019-04-05 08:15:00,1297.76
2019-04-05 08:30:00,1303.92
2019-04-05 08:45:00,1305.44
2019-04-05 09:00:00,1306.72
2019-04-05 09:15:00,1307.68
2019-04-05 09:30:00,1310.4
2019-04-05 09:45:00,1308.64
2019-04-05 10:00:00,1314.32
2019-04-05 10:15:00,1314.56
2019-04-05 10:30:00,1316.24
2019-04-05 10:45:00,1313.2
2019-04-05 11:00:00,1301.68
2019-04-05 11:15:00,1299.84
2019-04-05 11:30:00,1297.52
2019-04-05 11:45:00,1293.76
2019-04-05 12:00:00,1296.0
2019-04-05 12:15:00,1284.0
2019-04-05 12:30:00,1271.6
2019-04-05 12:45:00,1254.8
2019-04-05 13:00:00,1246.4
2019-04-05 13:15:00,1241.12
2019-04-05 13:30:00,1232.48
2019-04-05 13:45:00,1222.56
2019-04-05 14:00:00,1223.92
2019-04-05 14:15:00,1210.96
2019-04-05 14:30:00,1202.24
2019-04-05 14:45:00,1187.28
2019-04-05 15:00:00,1182.72
2019-04-05 15:15:00,1184.0
2019-04-05 15:30:00,1177.12
2019-04-05 15:45:00,1174.48
2019-04-05 16:00:00,1178.32
2019-04-05 16:15:00,1179.28
2019-04-05 16:30:00,1180.48
2019-04-05 16:45:00,1177.76
2019-04-05 17:00:00,1176.4
2019-04-05 17:15:00,1169.28
2019-04-05 17:30:00,1173.6
2019-04-05 17:45:00,1171.92
2019-04-05 18:00:00,1176.88
2019-04-05 18:15:00,1169.52
2019-04-05 18:30:00,1167.68
2019-04-05 18:45:00,1166.64
2019-04-05 19:00:00,1164.4
2019-04-05 19:15:00,1155.36
2019-04-05 19:30:00,1142.24
2019-04-05 19:45:00,1129.76
2019-04-05 20:00:00,1109.52
2019-04-05 20:15:00,1090.16
2019-04-05 20:30:00,1064.24
2019-04-05 20:45:00,1046.16
2019-04-05 21:00:00,1032.08
2019-04-05 21:15:00,1015.68
2019-04-05 21:30:00,992.64
2019-04-05 21:45:00,982.24
2019-04-05 22:00:00,955.92
2019-04-05 22:15:00,940.08
2019-04-05 22:30:00,921.44
2019-04-05 22:45:00,902.72
2019-04-05 23:00:00,885.92
2019-04-05 23:15:00,865.76
2019-04-05 23:30:00,851.84
2019-04-05 23:45:00,842.64
2019-04-06 00:00:00,831.04
2019-04-06 00:15:00,823.44
2019-04-06 00:30:00,815.84
2019-04-06 00:45:00,814.64
2019-04-06 01:00:00,803.44
2019-04-06 01:15:00,802.24
2019-04-06 01:30:00,800.24
2019-04-06 01:45:00,800.72
2019-04-06 02:00:00,795.28
2019-04-06 02:15:00,799.92
2019-04-06 02:30:00,798.08
2019-04-06 02:45:00,794.88
2019-04-06 03:00:00,794.32
2019-04-06 03:15:00,799.52
2019-04-06 03:30:00,800.96
2019-04-06 03:45:00,802.72
2019-04-06 04:00:00,809.12
2019-04-06 04:15:00,807.28
2019-04-06 04:30:00,806.8
2019-04-06 04:45:00,813.28
2019-04-06 05:00:00,821.68
2019-04-06 05:15:00,834.0
2019-04-06 05:30:00,836.72
2019-04-06 05:45:00,844.08
2019-04-06 06:00:00,863.04
2019-04-06 06:15:00,872.72
2019-04-06 06:30:00,893.84
2019-04-06 06:45:00,911.84
2019-04-06 07:00:00,937.84
2019-04-06 07:15:00,957.2
2019-04-06 07:30:00,973.44
2019-04-06 07:45:00,986.08
2019-04-06 08:00:00,1001.6
2019-04-06 08:15:00,1013.04
2019-04-06 08:30:00,1022.96
2019-04-06 08:45:00,1028.88
2019-04-06 09:00:00,1028.08
2019-04-06 09:15:00,1028.4
2019-04-06 09:30:00,1030.16
2019-04-06 09:45:00,1033.12
2019-04-06 10:00:00,1023.6
2019-04-06 10:15:00,1022.64
2019-04-06 10:30:00,1024.16
2019-04-06 10:45:00,1023.52
2019-04-06 11:00:00,1025.68
2019-04-06 11:15:00,1016.16
2019-04-06 11:30:00,1010.08
2019-04-06 11:45:00,1008.32
2019-04-06 12:00:00,1004.56
2019-04-06 12:15:00,993.04
2019-04-06 12:30:00,985.2
2019-04-06 12:45:00,979.36
2019-04-06 13:00:00,969.44
2019-04-06 13:15:00,958.64
2019-04-06 13:30:00,955.84
2019-04-06 13:45:00,950.32
2019-04-06 14:00:00,949.68
2019-04-06 14:15:00,942.4
2019-04-06 14:30:00,935.76
2019-04-06 14:45:00,930.24
2019-04-06 15:00:00,930.0
2019-04-06 15:15:00,924.64
2019-04-06 15:30:00,913.84
2019-04-06 15:45:00,909.44
2019-04-06 16:00:00,914.72
2019-04-06 16:15:00,911.68
2019-04-06 16:30:00,915.44
2019-04-06 16:45:00,920.16
2019-04-06 17:00:00,930.64
2019-04-06 17:15:00,928.88
2019-04-06 17:30:00,937.12
2019-04-06 17:45:00,938.08
2019-04-06 18:00:00,933.04
2019-04-06 18:15:00,935.36
2019-04-06 18:30:00,936.0
2019-04-06 18:45:00,936.4
2019-04-06 19:00:00,941.12
2019-04-06 19:15:00,946.64
2019-04-06 19:30:00,947.2
2019-04-06 19:45:00,941.04
2019-04-06 20:00:00,935.52
2019-04-06 20:15:00,925.84
2019-04-06 20:30:00,913.36
2019-04-06 20:45:00,910.72
2019-04-06 21:00:00,908.24
2019-04-06 21:15:00,894.48
2019-04-06 21:30:00,881.44
2019-04-06 21:45:00,864.08
2019-04-06 22:00:00,844.08
2019-04-06 22:15:00,828.24
2019-04-06 22:30:00,814.32
2019-04-06 22:45:00,795.84
2019-04-06 23:00:00,774.32
2019-04-06 23:15:00,759.92
2019-04-06 23:30:00,746.16
2019-04-06 23:45:00,739.04
2019-04-07 00:00:00,727.52
2019-04-07 00:15:00,716.56
2019-04-07 00:30:00,707.6
2019-04-07 00:45:00,700.48
2019-04-07 01:00:00,696.16
2019-04-07 01:15:00,693.92
2019-04-07 01:30:00,685.12
2019-04-07 01:45:00,683.44
2019-04-07 02:00:00,688.88
2019-04-07 02:15:00,689.04
2019-04-07 02:30:00,684.32
2019-04-07 02:45:00,686.08
2019-04-07 03:00:00,692.96
2019-04-07 03:15:00,692.16
2019-04-07 03:30:00,695.52
2019-04-07 03:45:00,697.84
2019-04-07 04:00:00,700.96
2019-04-07 04:15:00,701.36
2019-04-07 04:30:00,701.28
2019-04-07 04:45:00,702.0
2019-04-07 05:00:00,700.08
2019-04-07 05:15:00,698.0
2019-04-07 05:30:00,697.36
2019-04-07 05:45:00,697.36
2019-04-07 06:00:00,710.16
2019-04-07 06:15:00,721.52
2019-04-07 06:30:00,733.68
2019-04-07 06:45:00,757.2
2019-04-07 07:00:00,779.12
2019-04-07 07:15:00,799.28
2019-04-07 07:30:00,816.4
2019-04-07 07:45:00,831.2
2019-04-07 08:00:00,850.64
2019-04-07 08:15:00,860.72
2019-04-07 08:30:00,871.84
2019-04-07 08:45:00,877.6
2019-04-07 09:00:00,884.4
2019-04-07 09:15:00,897.76
2019-04-07 09:30:00,903.6
2019-04-07 09:45:00,910.32
2019-04-07 10:00:00,925.6
2019-04-07 10:15:00,932.72
2019-04-07 10:30:00,935.6
2019-04-07 10:45:00,937.52
2019-04-07 11:00:00,941.44
2019-04-07 11:15:00,928.72
2019-04-07 11:30:00,915.52
2019-04-07 11:45:00,907.12
2019-04-07 12:00:00,890.64
2019-04-07 12:15:00,879.28
2019-04-07 12:30:00,875.6
2019-04-07 12:45:00,870.56
2019-04-07 13:00:00,858.96
2019-04-07 13:15:00,853.2
2019-04-07 13:30:00,846.4
2019-04-07 13:45:00,844.64
2019-04-07 14:00:00,844.32
2019-04-07 14:15:00,837.44
2019-04-07 14:30:00,836.16
2019-04-07 14:45:00,833.6
2019-04-07 15:00:00,830.88
2019-04-07 15:15:00,828.8
2019-04-07 15:30:00,828.96
2019-04-07 15:45:00,832.32
2019-04-07 16:00:00,843.36
2019-04-07 16:15:00,851.12
2019-04-07 16:30:00,850.96
2019-04-07 16:45:00,858.0
2019-04-07 17:00:00,871.2
2019-04-07 17:15:00,873.92
2019-04-07 17:30:00,875.44
2019-04-07 17:45:00,885.12
2019-04-07 18:00:00,892.96
2019-04-07 18:15:00,895.04
2019-04-07 18:30:00,900.32
2019-04-07 18:45:00,903.04
2019-04-07 19:00:00,924.16
2019-04-07 19:15:00,928.4
2019-04-07 19:30:00,925.36
2019-04-07 19:45:00,915.68
2019-04-07 20:00:00,913.36
2019-04-07 20:15:00,901.84
2019-04-07 20:30:00,887.28
2019-04-07 20:45:00,884.64
2019-04-07 21:00:00,894.24
2019-04-07 21:15:00,885.44
2019-04-07 21:30:00,874.16
2019-04-07 21:45:00,858.72
2019-04-07 22:00:00,838.96
2019-04-07 22:15:00,825.6
2019-04-07 22:30:00,811.12
2019-04-07 22:45:00,795.12
2019-04-07 23:00:00,769.76
2019-04-07 23:15:00,757.92
2019-04-07 23:30:00,753.6
2019-04-07 23:45:00,750.24
2019-04-08 00:00:00,737.6
2019-04-08 00:15:00,737.6
2019-04-08 00:30:00,732.32
2019-04-08 00:45:00,732.64
2019-04-08 01:00:00,727.84
2019-04-08 01:15:00,723.76
2019-04-08 01:30:00,724.56
2019-04-08 01:45:00,727.84
2019-04-08 02:00:00,735.52
2019-04-08 02:15:00,732.8
2019-04-08 02:30:00,737.76
2019-04-08 02:45:00,745.84
2019-04-08 03:00:00,766.08
2019-04-08 03:15:00,769.84
2019-04-08 03:30:00,780.0
2019-04-08 03:45:00,796.08
2019-04-08 04:00:00,832.96
2019-04-08 04:15:00,853.28
2019-04-08 04:30:00,884.08
2019-04-08 04:45:00,924.32
2019-04-08 05:00:00,994.96
2019-04-08 05:15:00,1046.4
2019-04-08 05:30:00,1078.88
2019-04-08 05:45:00,1105.36
2019-04-08 06:00:00,1133.04
2019-04-08 06:15:00,1163.2
2019-04-08 06:30:00,1182.8
2019-04-08 06:45:00,1197.76
2019-04-08 07:00:00,1214.32
2019-04-08 07:15:00,1222.48
2019-04-08 07:30:00,1228.88
2019-04-08 07:45:00,1232.64
2019-04-08 08:00:00,1219.76
2019-04-08 08:15:00,1226.0
2019-04-08 08:30:00,1235.6
2019-04-08 08:45:00,1237.36
2019-04-08 09:00:00,1242.56
2019-04-08 09:15:00,1245.04
2019-04-08 09:30:00,1252.64
2019-04-08 09:45:00,1259.12
2019-04-08 10:00:00,1255.92
2019-04-08 10:15:00,1265.04
2019-04-08 10:30:00,1262.48
2019-04-08 10:45:00,1264.56
2019-04-08 11:00:00,1264.08
2019-04-08 11:15:00,1254.4
2019-04-08 11:30:00,1255.68
2019-04-08 11:45:00,1255.52
2019-04-08 12:00:00,1256.24
2019-04-08 12:15:00,1256.24
2019-04-08 12:30:00,1245.44
2019-04-08 12:45:00,1237.44
2019-04-08 13:00:00,1230.96
2019-04-08 13:15:00,1228.64
2019-04-08 13:30:00,1224.8
2019-04-08 13:45:00,1218.88
2019-04-08 14:00:00,1217.52
2019-04-08 14:15:00,1215.04
2019-04-08 14:30:00,1204.96
2019-04-08 14:45:00,1194.8
2019-04-08 15:00:00,1186.4
2019-04-08 15:15:00,1176.64
2019-04-08 15:30:00,1170.88
2019-04-08 15:45:00,1163.76
2019-04-08 16:00:00,1155.28
2019-04-08 16:15:00,1159.52
2019-04-08 16:30:00,1167.04
2019-04-08 16:45:00,1166.8
2019-04-08 17:00:00,1168.72
2019-04-08 17:15:00,1167.04
2019-04-08 17:30:00,1172.08
2019-04-08 17:45:00,1168.88
2019-04-08 18:00:00,1172.56
2019-04-08 18:15:00,1169.84
2019-04-08 18:30:00,1169.36
2019-04-08 18:45:00,1168.64
2019-04-08 19:00:00,1174.0
2019-04-08 19:15:00,1175.36
2019-04-08 19:30:00,1167.84
2019-04-08 19:45:00,1150.32
2019-04-08 20:00:00,1139.28
2019-04-08 20:15:00,1124.64
2019-04-08 20:30:00,1106.88
2019-04-08 20:45:00,1081.92
2019-04-08 21:00:00,1068.56
2019-04-08 21:15:00,1048.64
2019-04-08 21:30:00,1025.68
2019-04-08 21:45:00,1000.32
2019-04-08 22:00:00,965.76
2019-04-08 22:15:00,946.64
2019-04-08 22:30:00,926.48
2019-04-08 22:45:00,910.72
2019-04-08 23:00:00,902.56
2019-04-08 23:15:00,896.16
2019-04-08 23:30:00,881.92
2019-04-08 23:45:00,872.08
2019-04-09 00:00:00,859.04
2019-04-09 00:15:00,849.76
2019-04-09 00:30:00,847.12
2019-04-09 00:45:00,836.96
2019-04-09 01:00:00,828.96
2019-04-09 01:15:00,830.64
2019-04-09 01:30:00,830.0
2019-04-09 01:45:00,834.08
2019-04-09 02:00:00,838.24
2019-04-09 02:15:00,837.36
2019-04-09 02:30:00,836.16
2019-04-09 02:45:00,840.72
2019-04-09 03:00:00,857.2
2019-04-09 03:15:00,861.52
2019-04-09 03:30:00,874.0
2019-04-09 03:45:00,882.48
2019-04-09 04:00:00,914.48
2019-04-09 04:15:00,931.6
2019-04-09 04:30:00,950.88
2019-04-09 04:45:00,979.36
2019-04-09 05:00:00,1045.52
2019-04-09 05:15:00,1099.84
2019-04-09 05:30:00,1122.48
2019-04-09 05:45:00,1140.4
2019-04-09 06:00:00,1169.12
2019-04-09 06:15:00,1193.76
2019-04-09 06:30:00,1203.84
2019-04-09 06:45:00,1214.64
2019-04-09 07:00:00,1234.48
2019-04-09 07:15:00,1247.92
2019-04-09 07:30:00,1250.48
2019-04-09 07:45:00,1254.8
2019-04-09 08:00:00,1249.76
2019-04-09 08:15:00,1253.2
2019-04-09 08:30:00,1258.72
2019-04-09 08:45:00,1266.08
2019-04-09 09:00:00,1270.32
2019-04-09 09:15:00,1276.64
2019-04-09 09:30:00,1285.92
2019-04-09 09:45:00,1291.6
2019-04-09 10:00:00,1288.64
2019-04-09 10:15:00,1294.88
2019-04-09 10:30:00,1298.72
2019-04-09 10:45:00,1297.76
2019-04-09 11:00:00,1287.44
2019-04-09 11:15:00,1279.36
2019-04-09 11:30:00,1276.96
2019-04-09 11:45:00,1279.28
2019-04-09 12:00:00,1278.0
2019-04-09 12:15:00,1275.52
2019-04-09 12:30:00,1263.04
2019-04-09 12:45:00,1254.24
2019-04-09 13:00:00,1247.44
2019-04-09 13:15:00,1245.44
2019-04-09 13:30:00,1238.08
2019-04-09 13:45:00,1228.72
2019-04-09 14:00:00,1228.0
2019-04-09 14:15:00,1216.08
2019-04-09 14:30:00,1209.44
2019-04-09 14:45:00,1199.44
2019-04-09 15:00:00,1199.12
2019-04-09 15:15:00,1196.88
2019-04-09 15:30:00,1185.76
2019-04-09 15:45:00,1186.4
2019-04-09 16:00:00,1188.48
2019-04-09 16:15:00,1194.32
2019-04-09 16:30:00,1198.0
2019-04-09 16:45:00,1198.24
2019-04-09 17:00:00,1198.8
2019-04-09 17:15:00,1198.16
2019-04-09 17:30:00,1199.04
2019-04-09 17:45:00,1203.12
2019-04-09 18:00:00,1205.36
2019-04-09 18:15:00,1205.04
2019-04-09 18:30:00,1199.84
2019-04-09 18:45:00,1200.16
2019-04-09 19:00:00,1198.08
2019-04-09 19:15:00,1201.12
2019-04-09 19:30:00,1193.84
2019-04-09 19:45:00,1178.88
2019-04-09 20:00:00,1159.52
2019-04-09 20:15:00,1139.36
2019-04-09 20:30:00,1120.32
2019-04-09 20:45:00,1095.44
2019-04-09 21:00:00,1082.48
2019-04-09 21:15:00,1061.12
2019-04-09 21:30:00,1040.16
2019-04-09 21:45:00,1015.76
2019-04-09 22:00:00,987.28
2019-04-09 22:15:00,963.44
2019-04-09 22:30:00,944.88
2019-04-09 22:45:00,924.24
2019-04-09 23:00:00,905.2
2019-04-09 23:15:00,902.08
2019-04-09 23:30:00,889.6
2019-04-09 23:45:00,874.4
2019-04-10 00:00:00,870.08
2019-04-10 00:15:00,864.32
2019-04-10 00:30:00,860.08
2019-04-10 00:45:00,850.32
2019-04-10 01:00:00,842.88
2019-04-10 01:15:00,836.96
2019-04-10 01:30:00,843.52
2019-04-10 01:45:00,849.68
2019-04-10 02:00:00,851.44
2019-04-10 02:15:00,857.76
2019-04-10 02:30:00,866.16
2019-04-10 02:45:00,872.0
2019-04-10 03:00:00,878.48
2019-04-10 03:15:00,886.16
2019-04-10 03:30:00,898.24
2019-04-10 03:45:00,910.72
2019-04-10 04:00:00,934.24
2019-04-10 04:15:00,954.8
2019-04-10 04:30:00,974.88
2019-04-10 04:45:00,1007.2
2019-04-10 05:00:00,1059.2
2019-04-10 05:15:00,1104.8
2019-04-10 05:30:00,1131.28
2019-04-10 05:45:00,1153.6
2019-04-10 06:00:00,1176.08
2019-04-10 06:15:00,1196.8
2019-04-10 06:30:00,1210.64
2019-04-10 06:45:00,1225.84
2019-04-10 07:00:00,1239.44
2019-04-10 07:15:00,1250.72
2019-04-10 07:30:00,1251.12
2019-04-10 07:45:00,1253.84
2019-04-10 08:00:00,1245.44
2019-04-10 08:15:00,1250.88
2019-04-10 08:30:00,1258.32
2019-04-10 08:45:00,1269.6
2019-04-10 09:00:00,1262.0
2019-04-10 09:15:00,1274.16
2019-04-10 09:30:00,1274.08
2019-04-10 09:45:00,1279.52
2019-04-10 10:00:00,1274.4
2019-04-10 10:15:00,1274.96
2019-04-10 10:30:00,1284.24
2019-04-10 10:45:00,1282.48
2019-04-10 11:00:00,1266.16
2019-04-10 11:15:00,1260.88
2019-04-10 11:30:00,1264.64
2019-04-10 11:45:00,1261.04
2019-04-10 12:00:00,1261.84
2019-04-10 12:15:00,1255.44
2019-04-10 12:30:00,1248.88
2019-04-10 12:45:00,1239.68
2019-04-10 13:00:00,1235.84
2019-04-10 13:15:00,1233.84
2019-04-10 13:30:00,1227.12
2019-04-10 13:45:00,1219.84
2019-04-10 14:00:00,1221.76
2019-04-10 14:15:00,1216.96
2019-04-10 14:30:00,1207.12
2019-04-10 14:45:00,1192.88
2019-04-10 15:00:00,1190.16
2019-04-10 15:15:00,1186.4
2019-04-10 15:30:00,1178.56
2019-04-10 15:45:00,1173.04
2019-04-10 16:00:00,1175.36
2019-04-10 16:15:00,1179.12
2019-04-10 16:30:00,1172.4
2019-04-10 16:45:00,1177.2
2019-04-10 17:00:00,1178.32
2019-04-10 17:15:00,1179.84
2019-04-10 17:30:00,1178.88
2019-04-10 17:45:00,1176.96
2019-04-10 18:00:00,1182.4
2019-04-10 18:15:00,1178.48
2019-04-10 18:30:00,1170.48
2019-04-10 18:45:00,1173.44
2019-04-10 19:00:00,1170.32
2019-04-10 19:15:00,1177.12
2019-04-10 19:30:00,1175.12
2019-04-10 19:45:00,1159.04
2019-04-10 20:00:00,1148.72
2019-04-10 20:15:00,1130.96
2019-04-10 20:30:00,1106.88
2019-04-10 20:45:00,1089.12
2019-04-10 21:00:00,1070.96
2019-04-10 21:15:00,1052.8
2019-04-10 21:30:00,1030.0
2019-04-10 21:45:00,1012.24
2019-04-10 22:00:00,989.92
2019-04-10 22:15:00,968.4
2019-04-10 22:30:00,950.4
2019-04-10 22:45:00,931.44
2019-04-10 23:00:00,907.36
2019-04-10 23:15:00,900.32
2019-04-10 23:30:00,888.4
2019-04-10 23:45:00,880.32
2019-04-11 00:00:00,872.32
2019-04-11 00:15:00,867.44
2019-04-11 00:30:00,862.24
2019-04-11 00:45:00,858.24
2019-04-11 01:00:00,851.2
2019-04-11 01:15:00,847.92
2019-04-11 01:30:00,846.32
2019-04-11 01:45:00,853.2
2019-04-11 02:00:00,852.8
2019-04-11 02:15:00,857.92
2019-04-11 02:30:00,858.24
2019-04-11 02:45:00,861.52
2019-04-11 03:00:00,878.64
2019-04-11 03:15:00,881.6
2019-04-11 03:30:00,889.28
2019-04-11 03:45:00,902.24
2019-04-11 04:00:00,922.56
2019-04-11 04:15:00,931.04
2019-04-11 04:30:00,952.72
2019-04-11 04:45:00,984.32
2019-04-11 05:00:00,1046.08
2019-04-11 05:15:00,1083.84
2019-04-11 05:30:00,1107.76
2019-04-11 05:45:00,1130.8
2019-04-11 06:00:00,1158.0
2019-04-11 06:15:00,1180.24
2019-04-11 06:30:00,1196.08
2019-04-11 06:45:00,1209.92
2019-04-11 07:00:00,1224.56
2019-04-11 07:15:00,1233.68
2019-04-11 07:30:00,1232.96
2019-04-11 07:45:00,1232.0
2019-04-11 08:00:00,1223.2
2019-04-11 08:15:00,1222.72
2019-04-11 08:30:00,1221.44
2019-04-11 08:45:00,1231.84
2019-04-11 09:00:00,1229.04
2019-04-11 09:15:00,1237.28
2019-04-11 09:30:00,1245.36
2019-04-11 09:45:00,1248.0
2019-04-11 10:00:00,1250.32
2019-04-11 10:15:00,1256.4
2019-04-11 10:30:00,1261.76
2019-04-11 10:45:00,1262.08
2019-04-11 11:00:00,1260.16
2019-04-11 11:15:00,1256.08
2019-04-11 11:30:00,1250.56
2019-04-11 11:45:00,1251.76
2019-04-11 12:00:00,1250.64
2019-04-11 12:15:00,1240.32
2019-04-11 12:30:00,1232.88
2019-04-11 12:45:00,1217.68
2019-04-11 13:00:00,1205.6
2019-04-11 13:15:00,1201.12
2019-04-11 13:30:00,1194.4
2019-04-11 13:45:00,1195.28
2019-04-11 14:00:00,1206.16
2019-04-11 14:15:00,1192.48
2019-04-11 14:30:00,1188.24
2019-04-11 14:45:00,1179.52
2019-04-11 15:00:00,1173.84
2019-04-11 15:15:00,1167.68
2019-04-11 15:30:00,1159.68
2019-04-11 15:45:00,1154.72
2019-04-11 16:00:00,1162.24
2019-04-11 16:15:00,1163.44
2019-04-11 16:30:00,1164.4
2019-04-11 16:45:00,1166.56
2019-04-11 17:00:00,1164.56
2019-04-11 17:15:00,1160.4
2019-04-11 17:30:00,1169.04
2019-04-11 17:45:00,1174.0
2019-04-11 18:00:00,1174.88
2019-04-11 18:15:00,1173.2
2019-04-11 18:30:00,1169.92
2019-04-11 18:45:00,1173.12
2019-04-11 19:00:00,1174.64
2019-04-11 19:15:00,1178.8
2019-04-11 19:30:00,1178.0
2019-04-11 19:45:00,1165.2
2019-04-11 20:00:00,1152.8
2019-04-11 20:15:00,1135.04
2019-04-11 20:30:00,1109.92
2019-04-11 20:45:00,1093.84
2019-04-11 21:00:00,1081.44
2019-04-11 21:15:00,1064.88
2019-04-11 21:30:00,1043.12
2019-04-11 21:45:00,1017.68
2019-04-11 22:00:00,995.2
2019-04-11 22:15:00,971.68
2019-04-11 22:30:00,949.28
2019-04-11 22:45:00,931.52
2019-04-11 23:00:00,909.76
2019-04-11 23:15:00,905.36
2019-04-11 23:30:00,899.2
2019-04-11 23:45:00,892.08
2019-04-12 00:00:00,882.24
2019-04-12 00:15:00,879.2
2019-04-12 00:30:00,876.08
2019-04-12 00:45:00,869.6
2019-04-12 01:00:00,861.92
2019-04-12 01:15:00,858.24
2019-04-12 01:30:00,860.16
2019-04-12 01:45:00,863.12
2019-04-12 02:00:00,870.8
2019-04-12 02:15:00,870.32
2019-04-12 02:30:00,868.08
2019-04-12 02:45:00,873.84
2019-04-12 03:00:00,885.92
2019-04-12 03:15:00,895.12
2019-04-12 03:30:00,899.52
2019-04-12 03:45:00,909.84
2019-04-12 04:00:00,933.52
2019-04-12 04:15:00,948.88
2019-04-12 04:30:00,963.36
2019-04-12 04:45:00,995.04
2019-04-12 05:00:00,1048.72
2019-04-12 05:15:00,1092.16
2019-04-12 05:30:00,1115.68
2019-04-12 05:45:00,1142.4
2019-04-12 06:00:00,1174.72
2019-04-12 06:15:00,1199.36
2019-04-12 06:30:00,1216.32
2019-04-12 06:45:00,1231.68
2019-04-12 07:00:00,1253.04
2019-04-12 07:15:00,1264.08
2019-04-12 07:30:00,1270.88
2019-04-12 07:45:00,1267.76
2019-04-12 08:00:00,1259.76
2019-04-12 08:15:00,1261.84
2019-04-12 08:30:00,1270.48
2019-04-12 08:45:00,1271.28
2019-04-12 09:00:00,1272.56
2019-04-12 09:15:00,1274.0
2019-04-12 09:30:00,1278.48
2019-04-12 09:45:00,1283.76
2019-04-12 10:00:00,1280.96
2019-04-12 10:15:00,1286.64
2019-04-12 10:30:00,1287.2
2019-04-12 10:45:00,1282.96
2019-04-12 11:00:00,1266.8
2019-04-12 11:15:00,1258.32
2019-04-12 11:30:00,1253.36
2019-04-12 11:45:00,1248.48
2019-04-12 12:00:00,1244.32
2019-04-12 12:15:00,1240.48
2019-04-12 12:30:00,1231.12
2019-04-12 12:45:00,1222.0
2019-04-12 13:00:00,1209.12
2019-04-12 13:15:00,1209.44
2019-04-12 13:30:00,1200.48
2019-04-12 13:45:00,1197.52
2019-04-12 14:00:00,1197.12
2019-04-12 14:15:00,1188.4
2019-04-12 14:30:00,1177.2
2019-04-12 14:45:00,1162.4
2019-04-12 15:00:00,1166.8
2019-04-12 15:15:00,1163.76
2019-04-12 15:30:00,1152.96
2019-04-12 15:45:00,1154.4
2019-04-12 16:00:00,1158.96
2019-04-12 16:15:00,1158.24
2019-04-12 16:30:00,1157.28
2019-04-12 16:45:00,1159.92
2019-04-12 17:00:00,1161.04
2019-04-12 17:15:00,1155.84
2019-04-12 17:30:00,1157.76
2019-04-12 17:45:00,1157.68
2019-04-12 18:00:00,1159.68
2019-04-12 18:15:00,1148.0
2019-04-12 18:30:00,1145.36
2019-04-12 18:45:00,1154.08
2019-04-12 19:00:00,1151.2
2019-04-12 19:15:00,1153.84
2019-04-12 19:30:00,1145.28
2019-04-12 19:45:00,1132.48
2019-04-12 20:00:00,1120.72
2019-04-12 20:15:00,1104.16
2019-04-12 20:30:00,1084.56
2019-04-12 20:45:00,1067.92
2019-04-12 21:00:00,1059.68
2019-04-12 21:15:00,1045.84
2019-04-12 21:30:00,1027.12
2019-04-12 21:45:00,1008.88
2019-04-12 22:00:00,987.12
2019-04-12 22:15:00,967.52
2019-04-12 22:30:00,947.68
2019-04-12 22:45:00,933.68
2019-04-12 23:00:00,910.64
2019-04-12 23:15:00,896.32
2019-04-12 23:30:00,880.72
2019-04-12 23:45:00,877.2
2019-04-13 00:00:00,861.04
2019-04-13 00:15:00,849.12
2019-04-13 00:30:00,839.92
2019-04-13 00:45:00,834.0
2019-04-13 01:00:00,823.76
2019-04-13 01:15:00,819.52
2019-04-13 01:30:00,818.16
2019-04-13 01:45:00,819.12
2019-04-13 02:00:00,816.24
2019-04-13 02:15:00,814.88
2019-04-13 02:30:00,819.12
2019-04-13 02:45:00,814.96
2019-04-13 03:00:00,817.68
2019-04-13 03:15:00,820.4
2019-04-13 03:30:00,827.92
2019-04-13 03:45:00,822.72
2019-04-13 04:00:00,829.2
2019-04-13 04:15:00,824.24
2019-04-13 04:30:00,824.8
2019-04-13 04:45:00,832.56
2019-04-13 05:00:00,846.0
2019-04-13 05:15:00,850.56
2019-04-13 05:30:00,853.28
2019-04-13 05:45:00,862.8
2019-04-13 06:00:00,878.72
2019-04-13 06:15:00,893.68
2019-04-13 06:30:00,920.72
2019-04-13 06:45:00,942.4
2019-04-13 07:00:00,962.48
2019-04-13 07:15:00,972.96
2019-04-13 07:30:00,992.4
2019-04-13 07:45:00,1003.12
2019-04-13 08:00:00,1022.08
2019-04-13 08:15:00,1027.92
2019-04-13 08:30:00,1044.24
2019-04-13 08:45:00,1055.2
2019-04-13 09:00:00,1061.44
2019-04-13 09:15:00,1067.28
2019-04-13 09:30:00,1074.72
2019-04-13 09:45:00,1079.28
2019-04-13 10:00:00,1077.52
2019-04-13 10:15:00,1078.96
2019-04-13 10:30:00,1085.52
2019-04-13 10:45:00,1086.64
2019-04-13 11:00:00,1074.48
2019-04-13 11:15:00,1069.92
2019-04-13 11:30:00,1067.36
2019-04-13 11:45:00,1057.28
2019-04-13 12:00:00,1041.68
2019-04-13 12:15:00,1036.32
2019-04-13 12:30:00,1027.44
2019-04-13 12:45:00,1015.68
2019-04-13 13:00:00,1005.52
2019-04-13 13:15:00,996.64
2019-04-13 13:30:00,992.64
2019-04-13 13:45:00,989.84
2019-04-13 14:00:00,990.64
2019-04-13 14:15:00,986.64
2019-04-13 14:30:00,982.24
2019-04-13 14:45:00,981.12
2019-04-13 15:00:00,982.4
2019-04-13 15:15:00,977.84
2019-04-13 15:30:00,973.68
2019-04-13 15:45:00,976.0
2019-04-13 16:00:00,978.24
2019-04-13 16:15:00,978.72
2019-04-13 16:30:00,983.44
2019-04-13 16:45:00,990.64
2019-04-13 17:00:00,1002.48
2019-04-13 17:15:00,999.28
2019-04-13 17:30:00,1004.96
2019-04-13 17:45:00,1001.36
2019-04-13 18:00:00,1001.84
2019-04-13 18:15:00,1002.48
2019-04-13 18:30:00,1003.76
2019-04-13 18:45:00,996.64
2019-04-13 19:00:00,998.16
2019-04-13 19:15:00,995.04
2019-04-13 19:30:00,999.52
2019-04-13 19:45:00,989.04
2019-04-13 20:00:00,977.28
2019-04-13 20:15:00,971.04
2019-04-13 20:30:00,961.44
2019-04-13 20:45:00,951.68
2019-04-13 21:00:00,950.72
2019-04-13 21:15:00,939.92
2019-04-13 21:30:00,925.2
2019-04-13 21:45:00,906.08
2019-04-13 22:00:00,883.2
2019-04-13 22:15:00,871.28
2019-04-13 22:30:00,853.52
2019-04-13 22:45:00,838.56
2019-04-13 23:00:00,828.08
2019-04-13 23:15:00,818.48
2019-04-13 23:30:00,811.44
2019-04-13 23:45:00,801.2
2019-04-14 00:00:00,785.76
2019-04-14 00:15:00,781.92
2019-04-14 00:30:00,771.28
2019-04-14 00:45:00,764.16
2019-04-14 01:00:00,757.84
2019-04-14 01:15:00,747.36
2019-04-14 01:30:00,746.08
2019-04-14 01:45:00,742.4
2019-04-14 02:00:00,747.36
2019-04-14 02:15:00,743.2
2019-04-14 02:30:00,744.08
2019-04-14 02:45:00,742.4
2019-04-14 03:00:00,749.04
2019-04-14 03:15:00,747.2
2019-04-14 03:30:00,752.08
2019-04-14 03:45:00,751.76
2019-04-14 04:00:00,752.48
2019-04-14 04:15:00,751.6
2019-04-14 04:30:00,746.96
2019-04-14 04:45:00,748.48
2019-04-14 05:00:00,748.08
2019-04-14 05:15:00,747.28
2019-04-14 05:30:00,741.04
2019-04-14 05:45:00,749.36
2019-04-14 06:00:00,753.2
2019-04-14 06:15:00,769.12
2019-04-14 06:30:00,787.84
2019-04-14 06:45:00,805.6
2019-04-14 07:00:00,816.48
2019-04-14 07:15:00,836.64
2019-04-14 07:30:00,851.12
2019-04-14 07:45:00,867.92
2019-04-14 08:00:00,887.36
2019-04-14 08:15:00,899.36
2019-04-14 08:30:00,912.24
2019-04-14 08:45:00,923.52
2019-04-14 09:00:00,938.96
2019-04-14 09:15:00,944.88
2019-04-14 09:30:00,954.32
2019-04-14 09:45:00,959.76
2019-04-14 10:00:00,976.96
2019-04-14 10:15:00,982.56
2019-04-14 10:30:00,996.96
2019-04-14 10:45:00,999.44
2019-04-14 11:00:00,995.12
2019-04-14 11:15:00,986.32
2019-04-14 11:30:00,981.04
2019-04-14 11:45:00,974.4
2019-04-14 12:00:00,964.0
2019-04-14 12:15:00,953.68
2019-04-14 12:30:00,946.56
2019-04-14 12:45:00,929.28
2019-04-14 13:00:00,926.08
2019-04-14 13:15:00,909.12
2019-04-14 13:30:00,905.28
2019-04-14 13:45:00,891.52
2019-04-14 14:00:00,891.52
2019-04-14 14:15:00,888.24
2019-04-14 14:30:00,882.48
2019-04-14 14:45:00,882.64
2019-04-14 15:00:00,882.0
2019-04-14 15:15:00,876.88
2019-04-14 15:30:00,880.72
2019-04-14 15:45:00,883.6
2019-04-14 16:00:00,898.56
2019-04-14 16:15:00,902.56
2019-04-14 16:30:00,911.84
2019-04-14 16:45:00,917.76
2019-04-14 17:00:00,928.88
2019-04-14 17:15:00,928.48
2019-04-14 17:30:00,934.32
2019-04-14 17:45:00,934.32
2019-04-14 18:00:00,940.96
2019-04-14 18:15:00,937.76
2019-04-14 18:30:00,936.08
2019-04-14 18:45:00,932.88
2019-04-14 19:00:00,944.08
2019-04-14 19:15:00,949.36
2019-04-14 19:30:00,952.8
2019-04-14 19:45:00,945.84
2019-04-14 20:00:00,950.16
2019-04-14 20:15:00,937.92
2019-04-14 20:30:00,933.44
2019-04-14 20:45:00,931.6
2019-04-14 21:00:00,940.24
2019-04-14 21:15:00,931.44
2019-04-14 21:30:00,920.08
2019-04-14 21:45:00,909.76
2019-04-14 22:00:00,885.44
2019-04-14 22:15:00,876.32
2019-04-14 22:30:00,853.44
2019-04-14 22:45:00,844.24
2019-04-14 23:00:00,824.32
2019-04-14 23:15:00,820.24
2019-04-14 23:30:00,810.24
2019-04-14 23:45:00,808.64
2019-04-15 00:00:00,800.64
2019-04-15 00:15:00,792.48
2019-04-15 00:30:00,790.4
2019-04-15 00:45:00,789.44
2019-04-15 01:00:00,781.6
2019-04-15 01:15:00,782.48
2019-04-15 01:30:00,777.52
2019-04-15 01:45:00,775.36
2019-04-15 02:00:00,778.88
2019-04-15 02:15:00,781.12
2019-04-15 02:30:00,782.4
2019-04-15 02:45:00,787.76
2019-04-15 03:00:00,806.0
2019-04-15 03:15:00,814.32
2019-04-15 03:30:00,823.28
2019-04-15 03:45:00,838.32
2019-04-15 04:00:00,870.08
2019-04-15 04:15:00,890.88
2019-04-15 04:30:00,913.6
2019-04-15 04:45:00,948.08
2019-04-15 05:00:00,1005.76
2019-04-15 05:15:00,1036.56
2019-04-15 05:30:00,1065.12
2019-04-15 05:45:00,1093.28
2019-04-15 06:00:00,1127.84
2019-04-15 06:15:00,1150.96
2019-04-15 06:30:00,1168.48
2019-04-15 06:45:00,1186.24
2019-04-15 07:00:00,1201.84
2019-04-15 07:15:00,1213.28
2019-04-15 07:30:00,1224.96
2019-04-15 07:45:00,1229.04
2019-04-15 08:00:00,1226.56
2019-04-15 08:15:00,1233.52
2019-04-15 08:30:00,1245.6
2019-04-15 08:45:00,1246.4
2019-04-15 09:00:00,1246.56
2019-04-15 09:15:00,1244.4
2019-04-15 09:30:00,1244.0
2019-04-15 09:45:00,1247.68
2019-04-15 10:00:00,1251.36
2019-04-15 10:15:00,1255.04
2019-04-15 10:30:00,1256.48
2019-04-15 10:45:00,1252.24
2019-04-15 11:00:00,1239.6
2019-04-15 11:15:00,1232.24
2019-04-15 11:30:00,1227.84
2019-04-15 11:45:00,1230.72
2019-04-15 12:00:00,1228.64
2019-04-15 12:15:00,1221.44
2019-04-15 12:30:00,1209.44
2019-04-15 12:45:00,1199.84
2019-04-15 13:00:00,1198.64
2019-04-15 13:15:00,1192.56
2019-04-15 13:30:00,1191.2
2019-04-15 13:45:00,1191.6
2019-04-15 14:00:00,1186.8
2019-04-15 14:15:00,1175.76
2019-04-15 14:30:00,1167.76
2019-04-15 14:45:00,1159.68
2019-04-15 15:00:00,1155.04
2019-04-15 15:15:00,1149.52
2019-04-15 15:30:00,1149.44
2019-04-15 15:45:00,1142.96
2019-04-15 16:00:00,1151.76
2019-04-15 16:15:00,1150.4
2019-04-15 16:30:00,1150.16
2019-04-15 16:45:00,1154.16
2019-04-15 17:00:00,1154.32
2019-04-15 17:15:00,1152.88
2019-04-15 17:30:00,1156.56
2019-04-15 17:45:00,1159.12
2019-04-15 18:00:00,1162.64
2019-04-15 18:15:00,1159.76
2019-04-15 18:30:00,1158.24
2019-04-15 18:45:00,1162.16
2019-04-15 19:00:00,1159.2
2019-04-15 19:15:00,1157.76
2019-04-15 19:30:00,1158.4
2019-04-15 19:45:00,1160.88
2019-04-15 20:00:00,1145.36
2019-04-15 20:15:00,1128.24
2019-04-15 20:30:00,1112.48
2019-04-15 20:45:00,1093.84
2019-04-15 21:00:00,1076.88
2019-04-15 21:15:00,1059.52
2019-04-15 21:30:00,1042.32
2019-04-15 21:45:00,1021.44
2019-04-15 22:00:00,1001.76
2019-04-15 22:15:00,982.16
2019-04-15 22:30:00,963.68
2019-04-15 22:45:00,946.0
2019-04-15 23:00:00,923.12
2019-04-15 23:15:00,906.16
2019-04-15 23:30:00,896.4
2019-04-15 23:45:00,896.88
2019-04-16 00:00:00,885.04
2019-04-16 00:15:00,880.8
2019-04-16 00:30:00,873.52
2019-04-16 00:45:00,868.16
2019-04-16 01:00:00,866.64
2019-04-16 01:15:00,856.8
2019-04-16 01:30:00,858.16
2019-04-16 01:45:00,862.08
2019-04-16 02:00:00,864.48
2019-04-16 02:15:00,869.28
2019-04-16 02:30:00,872.32
2019-04-16 02:45:00,875.84
2019-04-16 03:00:00,885.44
2019-04-16 03:15:00,896.4
2019-04-16 03:30:00,906.24
2019-04-16 03:45:00,920.96
2019-04-16 04:00:00,948.32
2019-04-16 04:15:00,967.92
2019-04-16 04:30:00,989.28
2019-04-16 04:45:00,1018.4
2019-04-16 05:00:00,1068.4
2019-04-16 05:15:00,1101.84
2019-04-16 05:30:00,1124.08
2019-04-16 05:45:00,1148.48
2019-04-16 06:00:00,1174.4
2019-04-16 06:15:00,1197.04
2019-04-16 06:30:00,1215.36
2019-04-16 06:45:00,1231.36
2019-04-16 07:00:00,1243.6
2019-04-16 07:15:00,1250.32
2019-04-16 07:30:00,1254.4
2019-04-16 07:45:00,1258.56
2019-04-16 08:00:00,1252.32
2019-04-16 08:15:00,1264.08
2019-04-16 08:30:00,1273.92
2019-04-16 08:45:00,1274.56
2019-04-16 09:00:00,1261.2
2019-04-16 09:15:00,1262.64
2019-04-16 09:30:00,1264.48
2019-04-16 09:45:00,1271.2
2019-04-16 10:00:00,1265.44
2019-04-16 10:15:00,1271.76
2019-04-16 10:30:00,1272.72
2019-04-16 10:45:00,1268.64
2019-04-16 11:00:00,1261.52
2019-04-16 11:15:00,1258.88
2019-04-16 11:30:00,1258.4
2019-04-16 11:45:00,1255.92
2019-04-16 12:00:00,1247.68
2019-04-16 12:15:00,1242.56
2019-04-16 12:30:00,1232.48
2019-04-16 12:45:00,1223.2
2019-04-16 13:00:00,1218.56
2019-04-16 13:15:00,1215.12
2019-04-16 13:30:00,1208.88
2019-04-16 13:45:00,1203.04
2019-04-16 14:00:00,1208.32
2019-04-16 14:15:00,1199.68
2019-04-16 14:30:00,1194.4
2019-04-16 14:45:00,1188.32
2019-04-16 15:00:00,1191.52
2019-04-16 15:15:00,1178.24
2019-04-16 15:30:00,1170.0
2019-04-16 15:45:00,1166.64
2019-04-16 16:00:00,1171.84
2019-04-16 16:15:00,1178.24
2019-04-16 16:30:00,1180.64
2019-04-16 16:45:00,1181.52
2019-04-16 17:00:00,1182.32
2019-04-16 17:15:00,1180.16
2019-04-16 17:30:00,1185.52
2019-04-16 17:45:00,1183.04
2019-04-16 18:00:00,1175.6
2019-04-16 18:15:00,1173.76
2019-04-16 18:30:00,1173.2
2019-04-16 18:45:00,1172.64
2019-04-16 19:00:00,1171.12
2019-04-16 19:15:00,1175.84
2019-04-16 19:30:00,1177.6
2019-04-16 19:45:00,1174.08
2019-04-16 20:00:00,1163.04
2019-04-16 20:15:00,1150.4
2019-04-16 20:30:00,1128.16
2019-04-16 20:45:00,1111.2
2019-04-16 21:00:00,1090.48
2019-04-16 21:15:00,1072.64
2019-04-16 21:30:00,1052.64
2019-04-16 21:45:00,1034.64
2019-04-16 22:00:00,1006.48
2019-04-16 22:15:00,986.0
2019-04-16 22:30:00,970.08
2019-04-16 22:45:00,952.72
2019-04-16 23:00:00,923.52
2019-04-16 23:15:00,909.44
2019-04-16 23:30:00,904.72
2019-04-16 23:45:00,890.0
2019-04-17 00:00:00,874.48
2019-04-17 00:15:00,868.64
2019-04-17 00:30:00,860.64
2019-04-17 00:45:00,851.6
2019-04-17 01:00:00,854.32
2019-04-17 01:15:00,848.48
2019-04-17 01:30:00,849.04
2019-04-17 01:45:00,849.04
2019-04-17 02:00:00,849.36
2019-04-17 02:15:00,845.68
2019-04-17 02:30:00,849.68
2019-04-17 02:45:00,854.08
2019-04-17 03:00:00,867.04
2019-04-17 03:15:00,875.2
2019-04-17 03:30:00,886.88
2019-04-17 03:45:00,901.28
2019-04-17 04:00:00,930.72
2019-04-17 04:15:00,942.88
2019-04-17 04:30:00,964.0
2019-04-17 04:45:00,990.96
2019-04-17 05:00:00,1040.88
2019-04-17 05:15:00,1072.64
2019-04-17 05:30:00,1101.76
2019-04-17 05:45:00,1128.88
2019-04-17 06:00:00,1157.2
2019-04-17 06:15:00,1181.6
2019-04-17 06:30:00,1199.44
2019-04-17 06:45:00,1217.36
2019-04-17 07:00:00,1231.84
2019-04-17 07:15:00,1247.04
2019-04-17 07:30:00,1254.64
2019-04-17 07:45:00,1249.04
2019-04-17 08:00:00,1235.76
2019-04-17 08:15:00,1246.4
2019-04-17 08:30:00,1258.48
2019-04-17 08:45:00,1264.08
2019-04-17 09:00:00,1260.56
2019-04-17 09:15:00,1270.16
2019-04-17 09:30:00,1279.12
2019-04-17 09:45:00,1287.28
2019-04-17 10:00:00,1286.48
2019-04-17 10:15:00,1286.96
2019-04-17 10:30:00,1288.48
2019-04-17 10:45:00,1283.92
2019-04-17 11:00:00,1261.52
2019-04-17 11:15:00,1253.84
2019-04-17 11:30:00,1255.6
2019-04-17 11:45:00,1252.96
2019-04-17 12:00:00,1243.04
2019-04-17 12:15:00,1234.64
2019-04-17 12:30:00,1229.84
2019-04-17 12:45:00,1221.12
2019-04-17 13:00:00,1221.44
2019-04-17 13:15:00,1216.16
2019-04-17 13:30:00,1205.92
2019-04-17 13:45:00,1196.64
2019-04-17 14:00:00,1194.96
2019-04-17 14:15:00,1184.24
2019-04-17 14:30:00,1171.84
2019-04-17 14:45:00,1161.52
2019-04-17 15:00:00,1160.24
2019-04-17 15:15:00,1151.12
2019-04-17 15:30:00,1146.32
2019-04-17 15:45:00,1140.16
2019-04-17 16:00:00,1142.4
2019-04-17 16:15:00,1136.4
2019-04-17 16:30:00,1138.72
2019-04-17 16:45:00,1141.68
2019-04-17 17:00:00,1137.52
2019-04-17 17:15:00,1134.88
2019-04-17 17:30:00,1140.88
2019-04-17 17:45:00,1142.72
2019-04-17 18:00:00,1151.6
2019-04-17 18:15:00,1152.32
2019-04-17 18:30:00,1152.56
2019-04-17 18:45:00,1147.04
2019-04-17 19:00:00,1145.84
2019-04-17 19:15:00,1145.6
2019-04-17 19:30:00,1154.96
2019-04-17 19:45:00,1152.48
2019-04-17 20:00:00,1138.8
2019-04-17 20:15:00,1120.72
2019-04-17 20:30:00,1099.2
2019-04-17 20:45:00,1081.84
2019-04-17 21:00:00,1069.84
2019-04-17 21:15:00,1050.8
2019-04-17 21:30:00,1028.56
2019-04-17 21:45:00,1010.8
2019-04-17 22:00:00,989.76
2019-04-17 22:15:00,972.96
2019-04-17 22:30:00,954.64
2019-04-17 22:45:00,936.4
2019-04-17 23:00:00,913.52
2019-04-17 23:15:00,895.44
2019-04-17 23:30:00,886.64
2019-04-17 23:45:00,876.88
2019-04-18 00:00:00,865.36
2019-04-18 00:15:00,855.04
2019-04-18 00:30:00,848.8
2019-04-18 00:45:00,842.88
2019-04-18 01:00:00,836.32
2019-04-18 01:15:00,835.6
2019-04-18 01:30:00,838.08
2019-04-18 01:45:00,834.32
2019-04-18 02:00:00,832.8
2019-04-18 02:15:00,825.92
2019-04-18 02:30:00,830.88
2019-04-18 02:45:00,834.88
2019-04-18 03:00:00,843.52
2019-04-18 03:15:00,850.0
2019-04-18 03:30:00,862.72
2019-04-18 03:45:00,875.28
2019-04-18 04:00:00,899.12
2019-04-18 04:15:00,918.32
2019-04-18 04:30:00,940.0
2019-04-18 04:45:00,962.8
2019-04-18 05:00:00,1008.96
2019-04-18 05:15:00,1033.92
2019-04-18 05:30:00,1057.12
2019-04-18 05:45:00,1079.6
2019-04-18 06:00:00,1110.24
2019-04-18 06:15:00,1137.36
2019-04-18 06:30:00,1155.2
2019-04-18 06:45:00,1170.08
2019-04-18 07:00:00,1186.56
2019-04-18 07:15:00,1194.96
2019-04-18 07:30:00,1198.96
2019-04-18 07:45:00,1201.36
2019-04-18 08:00:00,1194.56
2019-04-18 08:15:00,1202.32
2019-04-18 08:30:00,1212.4
2019-04-18 08:45:00,1215.6
2019-04-18 09:00:00,1214.0
2019-04-18 09:15:00,1218.48
2019-04-18 09:30:00,1220.0
2019-04-18 09:45:00,1219.84
2019-04-18 10:00:00,1204.96
2019-04-18 10:15:00,1204.96
2019-04-18 10:30:00,1210.32
2019-04-18 10:45:00,1209.12
2019-04-18 11:00:00,1206.56
2019-04-18 11:15:00,1197.92
2019-04-18 11:30:00,1195.68
2019-04-18 11:45:00,1197.6
2019-04-18 12:00:00,1200.88
2019-04-18 12:15:00,1197.6
2019-04-18 12:30:00,1188.4
2019-04-18 12:45:00,1179.12
2019-04-18 13:00:00,1166.96
2019-04-18 13:15:00,1160.32
2019-04-18 13:30:00,1151.76
2019-04-18 13:45:00,1141.36
2019-04-18 14:00:00,1144.4
2019-04-18 14:15:00,1137.12
2019-04-18 14:30:00,1127.6
2019-04-18 14:45:00,1118.24
2019-04-18 15:00:00,1116.56
2019-04-18 15:15:00,1106.88
2019-04-18 15:30:00,1102.8
2019-04-18 15:45:00,1097.04
2019-04-18 16:00:00,1107.36
2019-04-18 16:15:00,1107.12
2019-04-18 16:30:00,1097.52
2019-04-18 16:45:00,1087.84
2019-04-18 17:00:00,1087.84
2019-04-18 17:15:00,1084.8
2019-04-18 17:30:00,1079.28
2019-04-18 17:45:00,1081.68
2019-04-18 18:00:00,1083.6
2019-04-18 18:15:00,1079.76
2019-04-18 18:30:00,1082.72
2019-04-18 18:45:00,1076.64
2019-04-18 19:00:00,1073.92
2019-04-18 19:15:00,1072.48
2019-04-18 19:30:00,1074.0
2019-04-18 19:45:00,1069.52
2019-04-18 20:00:00,1056.16
2019-04-18 20:15:00,1036.32
2019-04-18 20:30:00,1016.72
2019-04-18 20:45:00,999.44
2019-04-18 21:00:00,987.12
2019-04-18 21:15:00,967.6
2019-04-18 21:30:00,944.56
2019-04-18 21:45:00,925.28
2019-04-18 22:00:00,897.68
2019-04-18 22:15:00,874.24
2019-04-18 22:30:00,858.0
2019-04-18 22:45:00,836.16
2019-04-18 23:00:00,811.52
2019-04-18 23:15:00,796.96
2019-04-18 23:30:00,786.08
2019-04-18 23:45:00,780.24
2019-04-19 00:00:00,759.84
2019-04-19 00:15:00,744.56
2019-04-19 00:30:00,740.24
2019-04-19 00:45:00,738.32
2019-04-19 01:00:00,727.04
2019-04-19 01:15:00,719.92
2019-04-19 01:30:00,715.28
2019-04-19 01:45:00,712.32
2019-04-19 02:00:00,711.84
2019-04-19 02:15:00,709.36
2019-04-19 02:30:00,710.08
2019-04-19 02:45:00,710.96
2019-04-19 03:00:00,708.16
2019-04-19 03:15:00,709.36
2019-04-19 03:30:00,705.68
2019-04-19 03:45:00,704.48
2019-04-19 04:00:00,710.88
2019-04-19 04:15:00,708.08
2019-04-19 04:30:00,699.52
2019-04-19 04:45:00,692.16
2019-04-19 05:00:00,689.52
2019-04-19 05:15:00,687.6
2019-04-19 05:30:00,685.52
2019-04-19 05:45:00,691.44
2019-04-19 06:00:00,706.16
2019-04-19 06:15:00,725.2
2019-04-19 06:30:00,740.08
2019-04-19 06:45:00,757.44
2019-04-19 07:00:00,778.8
2019-04-19 07:15:00,795.2
2019-04-19 07:30:00,812.48
2019-04-19 07:45:00,824.0
2019-04-19 08:00:00,836.48
2019-04-19 08:15:00,854.8
2019-04-19 08:30:00,864.8
2019-04-19 08:45:00,873.28
2019-04-19 09:00:00,883.28
2019-04-19 09:15:00,885.52
2019-04-19 09:30:00,887.2
2019-04-19 09:45:00,897.12
2019-04-19 10:00:00,906.72
2019-04-19 10:15:00,921.12
2019-04-19 10:30:00,929.68
2019-04-19 10:45:00,931.04
2019-04-19 11:00:00,921.2
2019-04-19 11:15:00,911.84
2019-04-19 11:30:00,900.16
2019-04-19 11:45:00,896.96
2019-04-19 12:00:00,888.08
2019-04-19 12:15:00,872.72
2019-04-19 12:30:00,864.8
2019-04-19 12:45:00,858.96
2019-04-19 13:00:00,855.44
2019-04-19 13:15:00,848.24
2019-04-19 13:30:00,837.52
2019-04-19 13:45:00,831.6
2019-04-19 14:00:00,829.76
2019-04-19 14:15:00,823.28
2019-04-19 14:30:00,815.84
2019-04-19 14:45:00,799.44
2019-04-19 15:00:00,798.48
2019-04-19 15:15:00,796.24
2019-04-19 15:30:00,796.56
2019-04-19 15:45:00,797.52
2019-04-19 16:00:00,806.24
2019-04-19 16:15:00,811.76
2019-04-19 16:30:00,815.6
2019-04-19 16:45:00,820.32
2019-04-19 17:00:00,830.0
2019-04-19 17:15:00,831.04
2019-04-19 17:30:00,838.16
2019-04-19 17:45:00,840.16
2019-04-19 18:00:00,845.12
2019-04-19 18:15:00,847.04
2019-04-19 18:30:00,848.96
2019-04-19 18:45:00,843.92
2019-04-19 19:00:00,849.84
2019-04-19 19:15:00,846.08
2019-04-19 19:30:00,854.16
2019-04-19 19:45:00,857.44
2019-04-19 20:00:00,855.44
2019-04-19 20:15:00,848.4
2019-04-19 20:30:00,838.56
2019-04-19 20:45:00,832.4
2019-04-19 21:00:00,823.84
2019-04-19 21:15:00,813.84
2019-04-19 21:30:00,798.32
2019-04-19 21:45:00,786.72
2019-04-19 22:00:00,760.0
2019-04-19 22:15:00,742.64
2019-04-19 22:30:00,731.84
2019-04-19 22:45:00,719.04
2019-04-19 23:00:00,697.6
2019-04-19 23:15:00,691.28
2019-04-19 23:30:00,678.24
2019-04-19 23:45:00,676.4
2019-04-20 00:00:00,662.32
2019-04-20 00:15:00,655.44
2019-04-20 00:30:00,647.12
2019-04-20 00:45:00,634.96
2019-04-20 01:00:00,634.16
2019-04-20 01:15:00,628.24
2019-04-20 01:30:00,624.8
2019-04-20 01:45:00,619.84
2019-04-20 02:00:00,620.96
2019-04-20 02:15:00,617.28
2019-04-20 02:30:00,621.6
2019-04-20 02:45:00,624.0
2019-04-20 03:00:00,633.52
2019-04-20 03:15:00,632.88
2019-04-20 03:30:00,641.84
2019-04-20 03:45:00,649.84
2019-04-20 04:00:00,664.16
2019-04-20 04:15:00,664.56
2019-04-20 04:30:00,672.64
2019-04-20 04:45:00,679.52
2019-04-20 05:00:00,685.68
2019-04-20 05:15:00,686.96
2019-04-20 05:30:00,695.52
2019-04-20 05:45:00,708.48
2019-04-20 06:00:00,728.24
2019-04-20 06:15:00,748.16
2019-04-20 06:30:00,766.8
2019-04-20 06:45:00,781.52
2019-04-20 07:00:00,801.84
2019-04-20 07:15:00,820.72
2019-04-20 07:30:00,838.32
2019-04-20 07:45:00,856.32
2019-04-20 08:00:00,871.12
2019-04-20 08:15:00,884.56
2019-04-20 08:30:00,900.08
2019-04-20 08:45:00,900.88
2019-04-20 09:00:00,901.52
2019-04-20 09:15:00,903.2
2019-04-20 09:30:00,906.64
2019-04-20 09:45:00,913.28
2019-04-20 10:00:00,912.56
2019-04-20 10:15:00,915.68
2019-04-20 10:30:00,919.6
2019-04-20 10:45:00,919.52
2019-04-20 11:00:00,916.08
2019-04-20 11:15:00,911.2
2019-04-20 11:30:00,911.12
2019-04-20 11:45:00,903.04
2019-04-20 12:00:00,895.68
2019-04-20 12:15:00,888.8
2019-04-20 12:30:00,885.6
2019-04-20 12:45:00,879.12
2019-04-20 13:00:00,870.48
2019-04-20 13:15:00,863.36
2019-04-20 13:30:00,861.36
2019-04-20 13:45:00,856.48
2019-04-20 14:00:00,850.4
2019-04-20 14:15:00,842.72
2019-04-20 14:30:00,839.84
2019-04-20 14:45:00,833.12
2019-04-20 15:00:00,826.32
2019-04-20 15:15:00,825.6
2019-04-20 15:30:00,822.96
2019-04-20 15:45:00,824.0
2019-04-20 16:00:00,839.2
2019-04-20 16:15:00,846.08
2019-04-20 16:30:00,852.4
2019-04-20 16:45:00,857.28
2019-04-20 17:00:00,858.08
2019-04-20 17:15:00,856.96
2019-04-20 17:30:00,859.04
2019-04-20 17:45:00,861.76
2019-04-20 18:00:00,862.4
2019-04-20 18:15:00,860.64
2019-04-20 18:30:00,858.32
2019-04-20 18:45:00,853.6
2019-04-20 19:00:00,847.52
2019-04-20 19:15:00,840.48
2019-04-20 19:30:00,839.04
2019-04-20 19:45:00,846.88
2019-04-20 20:00:00,846.48
2019-04-20 20:15:00,835.12
2019-04-20 20:30:00,820.32
2019-04-20 20:45:00,811.6
2019-04-20 21:00:00,807.68
2019-04-20 21:15:00,787.84
2019-04-20 21:30:00,770.0
2019-04-20 21:45:00,755.6
2019-04-20 22:00:00,737.84
2019-04-20 22:15:00,723.04
2019-04-20 22:30:00,709.6
2019-04-20 22:45:00,699.84
2019-04-20 23:00:00,681.68
2019-04-20 23:15:00,665.44
2019-04-20 23:30:00,652.64
2019-04-20 23:45:00,643.44
2019-04-21 00:00:00,627.52
2019-04-21 00:15:00,616.96
2019-04-21 00:30:00,609.92
2019-04-21 00:45:00,607.36
2019-04-21 01:00:00,600.8
2019-04-21 01:15:00,595.52
2019-04-21 01:30:00,592.0
2019-04-21 01:45:00,585.84
2019-04-21 02:00:00,584.08
2019-04-21 02:15:00,583.12
2019-04-21 02:30:00,584.24
2019-04-21 02:45:00,586.0
2019-04-21 03:00:00,590.4
2019-04-21 03:15:00,594.48
2019-04-21 03:30:00,597.04
2019-04-21 03:45:00,597.68
2019-04-21 04:00:00,602.56
2019-04-21 04:15:00,603.76
2019-04-21 04:30:00,608.32
2019-04-21 04:45:00,606.16
2019-04-21 05:00:00,605.68
2019-04-21 05:15:00,602.48
2019-04-21 05:30:00,609.76
2019-04-21 05:45:00,617.76
2019-04-21 06:00:00,626.4
2019-04-21 06:15:00,637.36
2019-04-21 06:30:00,656.88
2019-04-21 06:45:00,674.72
2019-04-21 07:00:00,699.2
2019-04-21 07:15:00,718.16
2019-04-21 07:30:00,735.68
2019-04-21 07:45:00,746.56
2019-04-21 08:00:00,761.12
2019-04-21 08:15:00,771.92
2019-04-21 08:30:00,780.64
2019-04-21 08:45:00,789.28
2019-04-21 09:00:00,789.84
2019-04-21 09:15:00,794.24
2019-04-21 09:30:00,797.84
2019-04-21 09:45:00,803.12
2019-04-21 10:00:00,807.36
2019-04-21 10:15:00,813.44
2019-04-21 10:30:00,818.4
2019-04-21 10:45:00,813.6
2019-04-21 11:00:00,808.08
2019-04-21 11:15:00,800.16
2019-04-21 11:30:00,792.16
2019-04-21 11:45:00,787.76
2019-04-21 12:00:00,777.2
2019-04-21 12:15:00,766.24
2019-04-21 12:30:00,755.28
2019-04-21 12:45:00,747.36
2019-04-21 13:00:00,739.76
2019-04-21 13:15:00,734.0
2019-04-21 13:30:00,727.44
2019-04-21 13:45:00,721.2
2019-04-21 14:00:00,714.96
2019-04-21 14:15:00,709.52
2019-04-21 14:30:00,705.44
2019-04-21 14:45:00,699.92
2019-04-21 15:00:00,700.32
2019-04-21 15:15:00,700.48
2019-04-21 15:30:00,700.16
2019-04-21 15:45:00,702.32
2019-04-21 16:00:00,711.44
2019-04-21 16:15:00,721.12
2019-04-21 16:30:00,721.12
2019-04-21 16:45:00,725.6
2019-04-21 17:00:00,735.92
2019-04-21 17:15:00,738.72
2019-04-21 17:30:00,745.12
2019-04-21 17:45:00,750.48
2019-04-21 18:00:00,754.32
2019-04-21 18:15:00,753.68
2019-04-21 18:30:00,759.36
2019-04-21 18:45:00,762.56
2019-04-21 19:00:00,769.04
2019-04-21 19:15:00,776.96
2019-04-21 19:30:00,785.12
2019-04-21 19:45:00,789.92
2019-04-21 20:00:00,795.28
2019-04-21 20:15:00,786.48
2019-04-21 20:30:00,777.28
2019-04-21 20:45:00,771.36
2019-04-21 21:00:00,769.52
2019-04-21 21:15:00,756.16
2019-04-21 21:30:00,739.76
2019-04-21 21:45:00,725.92
2019-04-21 22:00:00,707.44
2019-04-21 22:15:00,694.96
2019-04-21 22:30:00,680.0
2019-04-21 22:45:00,666.96
2019-04-21 23:00:00,649.68
2019-04-21 23:15:00,636.72
2019-04-21 23:30:00,625.52
2019-04-21 23:45:00,620.4
2019-04-22 00:00:00,612.0
2019-04-22 00:15:00,609.2
2019-04-22 00:30:00,604.72
2019-04-22 00:45:00,603.04
2019-04-22 01:00:00,597.36
2019-04-22 01:15:00,587.6
2019-04-22 01:30:00,584.72
2019-04-22 01:45:00,581.68
2019-04-22 02:00:00,587.52
2019-04-22 02:15:00,585.2
2019-04-22 02:30:00,586.24
2019-04-22 02:45:00,585.36
2019-04-22 03:00:00,591.84
2019-04-22 03:15:00,591.76
2019-04-22 03:30:00,598.56
2019-04-22 03:45:00,602.72
2019-04-22 04:00:00,607.36
2019-04-22 04:15:00,609.04
2019-04-22 04:30:00,615.92
2019-04-22 04:45:00,612.8
2019-04-22 05:00:00,613.44
2019-04-22 05:15:00,616.24
2019-04-22 05:30:00,619.36
2019-04-22 05:45:00,626.4
2019-04-22 06:00:00,640.72
2019-04-22 06:15:00,656.48
2019-04-22 06:30:00,672.0
2019-04-22 06:45:00,689.36
2019-04-22 07:00:00,710.08
2019-04-22 07:15:00,727.6
2019-04-22 07:30:00,739.52
2019-04-22 07:45:00,755.04
2019-04-22 08:00:00,770.64
2019-04-22 08:15:00,784.4
2019-04-22 08:30:00,799.04
2019-04-22 08:45:00,813.44
2019-04-22 09:00:00,819.12
2019-04-22 09:15:00,822.64
2019-04-22 09:30:00,830.88
2019-04-22 09:45:00,845.28
2019-04-22 10:00:00,849.36
2019-04-22 10:15:00,864.4
2019-04-22 10:30:00,874.56
2019-04-22 10:45:00,883.12
2019-04-22 11:00:00,872.8
2019-04-22 11:15:00,865.68
2019-04-22 11:30:00,857.52
2019-04-22 11:45:00,847.28
2019-04-22 12:00:00,850.0
2019-04-22 12:15:00,843.04
2019-04-22 12:30:00,836.0
2019-04-22 12:45:00,825.76
2019-04-22 13:00:00,813.6
2019-04-22 13:15:00,805.28
2019-04-22 13:30:00,798.72
2019-04-22 13:45:00,797.6
2019-04-22 14:00:00,797.68
2019-04-22 14:15:00,796.88
2019-04-22 14:30:00,795.36
2019-04-22 14:45:00,785.44
2019-04-22 15:00:00,790.56
2019-04-22 15:15:00,779.84
2019-04-22 15:30:00,780.08
2019-04-22 15:45:00,788.64
2019-04-22 16:00:00,790.8
2019-04-22 16:15:00,794.0
2019-04-22 16:30:00,810.0
2019-04-22 16:45:00,827.76
2019-04-22 17:00:00,832.56
2019-04-22 17:15:00,836.08
2019-04-22 17:30:00,842.32
2019-04-22 17:45:00,844.32
2019-04-22 18:00:00,844.64
2019-04-22 18:15:00,848.4
2019-04-22 18:30:00,847.52
2019-04-22 18:45:00,846.0
2019-04-22 19:00:00,850.0
2019-04-22 19:15:00,849.2
2019-04-22 19:30:00,854.4
2019-04-22 19:45:00,861.36
2019-04-22 20:00:00,869.28
2019-04-22 20:15:00,860.64
2019-04-22 20:30:00,849.52
2019-04-22 20:45:00,851.2
2019-04-22 21:00:00,848.48
2019-04-22 21:15:00,836.56
2019-04-22 21:30:00,818.88
2019-04-22 21:45:00,805.84
2019-04-22 22:00:00,788.0
2019-04-22 22:15:00,772.88
2019-04-22 22:30:00,756.64
2019-04-22 22:45:00,739.68
2019-04-22 23:00:00,725.92
2019-04-22 23:15:00,714.88
2019-04-22 23:30:00,705.68
2019-04-22 23:45:00,697.28
2019-04-23 00:00:00,681.76
2019-04-23 00:15:00,679.36
2019-04-23 00:30:00,670.0
2019-04-23 00:45:00,662.96
2019-04-23 01:00:00,660.88
2019-04-23 01:15:00,657.92
2019-04-23 01:30:00,656.88
2019-04-23 01:45:00,658.16
2019-04-23 02:00:00,660.0
2019-04-23 02:15:00,661.2
2019-04-23 02:30:00,665.2
2019-04-23 02:45:00,667.68
2019-04-23 03:00:00,684.8
2019-04-23 03:15:00,693.68
2019-04-23 03:30:00,702.72
2019-04-23 03:45:00,721.6
2019-04-23 04:00:00,770.56
2019-04-23 04:15:00,788.32
2019-04-23 04:30:00,815.12
2019-04-23 04:45:00,846.32
2019-04-23 05:00:00,904.88
2019-04-23 05:15:00,943.84
2019-04-23 05:30:00,976.96
2019-04-23 05:45:00,1008.24
2019-04-23 06:00:00,1053.6
2019-04-23 06:15:00,1083.76
2019-04-23 06:30:00,1110.4
2019-04-23 06:45:00,1132.32
2019-04-23 07:00:00,1155.28
2019-04-23 07:15:00,1164.88
2019-04-23 07:30:00,1177.04
2019-04-23 07:45:00,1184.88
2019-04-23 08:00:00,1176.88
2019-04-23 08:15:00,1189.12
2019-04-23 08:30:00,1202.08
2019-04-23 08:45:00,1214.8
2019-04-23 09:00:00,1214.56
2019-04-23 09:15:00,1211.52
2019-04-23 09:30:00,1214.24
2019-04-23 09:45:00,1221.6
2019-04-23 10:00:00,1220.32
2019-04-23 10:15:00,1238.24
2019-04-23 10:30:00,1242.32
2019-04-23 10:45:00,1247.12
2019-04-23 11:00:00,1231.2
2019-04-23 11:15:00,1226.72
2019-04-23 11:30:00,1229.2
2019-04-23 11:45:00,1231.52
2019-04-23 12:00:00,1228.8
2019-04-23 12:15:00,1224.4
2019-04-23 12:30:00,1214.96
2019-04-23 12:45:00,1201.92
2019-04-23 13:00:00,1183.44
2019-04-23 13:15:00,1197.92
2019-04-23 13:30:00,1192.48
2019-04-23 13:45:00,1182.72
2019-04-23 14:00:00,1183.52
2019-04-23 14:15:00,1172.16
2019-04-23 14:30:00,1166.48
2019-04-23 14:45:00,1160.56
2019-04-23 15:00:00,1156.64
2019-04-23 15:15:00,1149.44
2019-04-23 15:30:00,1136.24
2019-04-23 15:45:00,1141.52
2019-04-23 16:00:00,1143.2
2019-04-23 16:15:00,1141.28
2019-04-23 16:30:00,1142.96
2019-04-23 16:45:00,1143.76
2019-04-23 17:00:00,1147.44
2019-04-23 17:15:00,1143.68
2019-04-23 17:30:00,1141.52
2019-04-23 17:45:00,1143.52
2019-04-23 18:00:00,1138.08
2019-04-23 18:15:00,1131.36
2019-04-23 18:30:00,1126.16
2019-04-23 18:45:00,1120.96
2019-04-23 19:00:00,1108.88
2019-04-23 19:15:00,1105.6
2019-04-23 19:30:00,1105.6
2019-04-23 19:45:00,1107.36
2019-04-23 20:00:00,1091.6
2019-04-23 20:15:00,1070.8
2019-04-23 20:30:00,1051.52
2019-04-23 20:45:00,1029.92
2019-04-23 21:00:00,1001.92
2019-04-23 21:15:00,980.56
2019-04-23 21:30:00,959.28
2019-04-23 21:45:00,936.24
2019-04-23 22:00:00,910.56
2019-04-23 22:15:00,890.32
2019-04-23 22:30:00,873.84
2019-04-23 22:45:00,860.24
2019-04-23 23:00:00,841.12
2019-04-23 23:15:00,829.2
2019-04-23 23:30:00,816.96
2019-04-23 23:45:00,808.08
2019-04-24 00:00:00,800.16
2019-04-24 00:15:00,792.48
2019-04-24 00:30:00,792.16
2019-04-24 00:45:00,787.84
2019-04-24 01:00:00,779.92
2019-04-24 01:15:00,773.2
2019-04-24 01:30:00,779.92
2019-04-24 01:45:00,775.84
2019-04-24 02:00:00,780.0
2019-04-24 02:15:00,783.28
2019-04-24 02:30:00,796.32
2019-04-24 02:45:00,791.12
2019-04-24 03:00:00,798.8
2019-04-24 03:15:00,800.4
2019-04-24 03:30:00,816.0
2019-04-24 03:45:00,823.84
2019-04-24 04:00:00,848.64
2019-04-24 04:15:00,867.36
2019-04-24 04:30:00,885.44
2019-04-24 04:45:00,914.16
2019-04-24 05:00:00,963.84
2019-04-24 05:15:00,995.6
2019-04-24 05:30:00,1026.08
2019-04-24 05:45:00,1051.2
2019-04-24 06:00:00,1086.08
2019-04-24 06:15:00,1113.92
2019-04-24 06:30:00,1135.84
2019-04-24 06:45:00,1148.88
2019-04-24 07:00:00,1172.88
2019-04-24 07:15:00,1180.16
2019-04-24 07:30:00,1197.12
2019-04-24 07:45:00,1190.64
2019-04-24 08:00:00,1188.08
2019-04-24 08:15:00,1202.08
2019-04-24 08:30:00,1212.8
2019-04-24 08:45:00,1219.04
2019-04-24 09:00:00,1227.2
2019-04-24 09:15:00,1234.72
2019-04-24 09:30:00,1242.88
2019-04-24 09:45:00,1249.44
2019-04-24 10:00:00,1246.32
2019-04-24 10:15:00,1252.32
2019-04-24 10:30:00,1259.04
2019-04-24 10:45:00,1257.12
2019-04-24 11:00:00,1244.96
2019-04-24 11:15:00,1241.6
2019-04-24 11:30:00,1236.8
2019-04-24 11:45:00,1227.68
2019-04-24 12:00:00,1237.92
2019-04-24 12:15:00,1231.52
2019-04-24 12:30:00,1224.72
2019-04-24 12:45:00,1210.8
2019-04-24 13:00:00,1206.64
2019-04-24 13:15:00,1209.44
2019-04-24 13:30:00,1205.52
2019-04-24 13:45:00,1197.52
2019-04-24 14:00:00,1189.2
2019-04-24 14:15:00,1181.92
2019-04-24 14:30:00,1173.68
2019-04-24 14:45:00,1164.72
2019-04-24 15:00:00,1162.72
2019-04-24 15:15:00,1152.72
2019-04-24 15:30:00,1139.92
2019-04-24 15:45:00,1132.72
2019-04-24 16:00:00,1132.32
2019-04-24 16:15:00,1132.08
2019-04-24 16:30:00,1134.16
2019-04-24 16:45:00,1131.36
2019-04-24 17:00:00,1130.56
2019-04-24 17:15:00,1136.64
2019-04-24 17:30:00,1133.2
2019-04-24 17:45:00,1135.44
2019-04-24 18:00:00,1147.68
2019-04-24 18:15:00,1141.6
2019-04-24 18:30:00,1136.4
2019-04-24 18:45:00,1133.2
2019-04-24 19:00:00,1127.76
2019-04-24 19:15:00,1120.96
2019-04-24 19:30:00,1120.88
2019-04-24 19:45:00,1115.6
2019-04-24 20:00:00,1113.6
2019-04-24 20:15:00,1101.2
2019-04-24 20:30:00,1086.0
2019-04-24 20:45:00,1067.36
2019-04-24 21:00:00,1045.84
2019-04-24 21:15:00,1018.48
2019-04-24 21:30:00,1001.28
2019-04-24 21:45:00,980.88
2019-04-24 22:00:00,949.28
2019-04-24 22:15:00,926.08
2019-04-24 22:30:00,911.04
2019-04-24 22:45:00,893.52
2019-04-24 23:00:00,866.16
2019-04-24 23:15:00,850.0
2019-04-24 23:30:00,839.68
2019-04-24 23:45:00,836.0
2019-04-25 00:00:00,814.72
2019-04-25 00:15:00,803.44
2019-04-25 00:30:00,798.32
2019-04-25 00:45:00,789.6
2019-04-25 01:00:00,771.2
2019-04-25 01:15:00,767.44
2019-04-25 01:30:00,766.96
2019-04-25 01:45:00,769.44
2019-04-25 02:00:00,772.08
2019-04-25 02:15:00,774.0
2019-04-25 02:30:00,776.64
2019-04-25 02:45:00,775.2
2019-04-25 03:00:00,791.76
2019-04-25 03:15:00,807.68
2019-04-25 03:30:00,813.6
2019-04-25 03:45:00,826.32
2019-04-25 04:00:00,856.32
2019-04-25 04:15:00,877.28
2019-04-25 04:30:00,897.52
2019-04-25 04:45:00,924.16
2019-04-25 05:00:00,976.16
2019-04-25 05:15:00,1010.72
2019-04-25 05:30:00,1034.08
2019-04-25 05:45:00,1059.36
2019-04-25 06:00:00,1091.92
2019-04-25 06:15:00,1113.44
2019-04-25 06:30:00,1130.4
2019-04-25 06:45:00,1149.92
2019-04-25 07:00:00,1168.8
2019-04-25 07:15:00,1182.4
2019-04-25 07:30:00,1190.96
2019-04-25 07:45:00,1196.96
2019-04-25 08:00:00,1199.6
2019-04-25 08:15:00,1204.24
2019-04-25 08:30:00,1220.8
2019-04-25 08:45:00,1226.32
2019-04-25 09:00:00,1235.92
2019-04-25 09:15:00,1235.92
2019-04-25 09:30:00,1237.52
2019-04-25 09:45:00,1240.88
2019-04-25 10:00:00,1248.24
2019-04-25 10:15:00,1254.72
2019-04-25 10:30:00,1266.32
2019-04-25 10:45:00,1270.08
2019-04-25 11:00:00,1263.44
2019-04-25 11:15:00,1258.16
2019-04-25 11:30:00,1257.28
2019-04-25 11:45:00,1259.44
2019-04-25 12:00:00,1237.04
2019-04-25 12:15:00,1232.72
2019-04-25 12:30:00,1221.12
2019-04-25 12:45:00,1206.08
2019-04-25 13:00:00,1202.56
2019-04-25 13:15:00,1205.28
2019-04-25 13:30:00,1194.0
2019-04-25 13:45:00,1192.56
2019-04-25 14:00:00,1190.0
2019-04-25 14:15:00,1182.56
2019-04-25 14:30:00,1179.76
2019-04-25 14:45:00,1176.16
2019-04-25 15:00:00,1172.8
2019-04-25 15:15:00,1160.8
2019-04-25 15:30:00,1152.56
2019-04-25 15:45:00,1150.96
2019-04-25 16:00:00,1148.16
2019-04-25 16:15:00,1147.6
2019-04-25 16:30:00,1149.44
2019-04-25 16:45:00,1148.48
2019-04-25 17:00:00,1134.88
2019-04-25 17:15:00,1127.92
2019-04-25 17:30:00,1128.24
2019-04-25 17:45:00,1131.04
2019-04-25 18:00:00,1127.84
2019-04-25 18:15:00,1127.2
2019-04-25 18:30:00,1121.76
2019-04-25 18:45:00,1118.16
2019-04-25 19:00:00,1103.36
2019-04-25 19:15:00,1093.76
2019-04-25 19:30:00,1100.48
2019-04-25 19:45:00,1104.0
2019-04-25 20:00:00,1097.92
2019-04-25 20:15:00,1089.6
2019-04-25 20:30:00,1069.04
2019-04-25 20:45:00,1046.08
2019-04-25 21:00:00,1028.4
2019-04-25 21:15:00,1011.12
2019-04-25 21:30:00,987.6
2019-04-25 21:45:00,966.32
2019-04-25 22:00:00,941.04
2019-04-25 22:15:00,927.2
2019-04-25 22:30:00,911.44
2019-04-25 22:45:00,892.96
2019-04-25 23:00:00,877.28
2019-04-25 23:15:00,869.84
2019-04-25 23:30:00,853.92
2019-04-25 23:45:00,843.36
2019-04-26 00:00:00,820.16
2019-04-26 00:15:00,811.28
2019-04-26 00:30:00,799.52
2019-04-26 00:45:00,789.92
2019-04-26 01:00:00,776.8
2019-04-26 01:15:00,770.64
2019-04-26 01:30:00,769.44
2019-04-26 01:45:00,770.24
2019-04-26 02:00:00,773.28
2019-04-26 02:15:00,770.8
2019-04-26 02:30:00,773.44
2019-04-26 02:45:00,777.36
2019-04-26 03:00:00,791.44
2019-04-26 03:15:00,805.04
2019-04-26 03:30:00,815.6
2019-04-26 03:45:00,820.96
2019-04-26 04:00:00,849.2
2019-04-26 04:15:00,869.04
2019-04-26 04:30:00,887.6
2019-04-26 04:45:00,915.12
2019-04-26 05:00:00,972.8
2019-04-26 05:15:00,1006.4
2019-04-26 05:30:00,1032.0
2019-04-26 05:45:00,1057.04
2019-04-26 06:00:00,1092.24
2019-04-26 06:15:00,1120.8
2019-04-26 06:30:00,1143.84
2019-04-26 06:45:00,1160.72
2019-04-26 07:00:00,1180.16
2019-04-26 07:15:00,1201.28
2019-04-26 07:30:00,1209.6
2019-04-26 07:45:00,1217.44
2019-04-26 08:00:00,1211.28
2019-04-26 08:15:00,1220.8
2019-04-26 08:30:00,1240.0
2019-04-26 08:45:00,1249.2
2019-04-26 09:00:00,1251.44
2019-04-26 09:15:00,1258.16
2019-04-26 09:30:00,1263.68
2019-04-26 09:45:00,1265.36
2019-04-26 10:00:00,1271.12
2019-04-26 10:15:00,1271.2
2019-04-26 10:30:00,1280.4
2019-04-26 10:45:00,1281.36
2019-04-26 11:00:00,1267.04
2019-04-26 11:15:00,1254.8
2019-04-26 11:30:00,1256.32
2019-04-26 11:45:00,1246.96
2019-04-26 12:00:00,1234.8
2019-04-26 12:15:00,1224.8
2019-04-26 12:30:00,1215.2
2019-04-26 12:45:00,1201.36
2019-04-26 13:00:00,1194.8
2019-04-26 13:15:00,1195.12
2019-04-26 13:30:00,1181.68
2019-04-26 13:45:00,1168.88
2019-04-26 14:00:00,1159.92
2019-04-26 14:15:00,1146.88
2019-04-26 14:30:00,1140.56
2019-04-26 14:45:00,1128.24
2019-04-26 15:00:00,1126.96
2019-04-26 15:15:00,1117.76
2019-04-26 15:30:00,1111.76
2019-04-26 15:45:00,1112.08
2019-04-26 16:00:00,1118.16
2019-04-26 16:15:00,1115.92
2019-04-26 16:30:00,1122.24
2019-04-26 16:45:00,1119.76
2019-04-26 17:00:00,1121.36
2019-04-26 17:15:00,1123.2
2019-04-26 17:30:00,1126.48
2019-04-26 17:45:00,1120.8
2019-04-26 18:00:00,1114.88
2019-04-26 18:15:00,1108.88
2019-04-26 18:30:00,1104.96
2019-04-26 18:45:00,1094.96
2019-04-26 19:00:00,1079.52
2019-04-26 19:15:00,1071.2
2019-04-26 19:30:00,1067.28
2019-04-26 19:45:00,1065.76
2019-04-26 20:00:00,1057.52
2019-04-26 20:15:00,1035.2
2019-04-26 20:30:00,1017.04
2019-04-26 20:45:00,1002.32
2019-04-26 21:00:00,993.28
2019-04-26 21:15:00,973.76
2019-04-26 21:30:00,952.08
2019-04-26 21:45:00,938.8
2019-04-26 22:00:00,915.6
2019-04-26 22:15:00,898.48
2019-04-26 22:30:00,875.84
2019-04-26 22:45:00,863.44
2019-04-26 23:00:00,827.12
2019-04-26 23:15:00,807.04
2019-04-26 23:30:00,792.48
2019-04-26 23:45:00,782.64
2019-04-27 00:00:00,770.32
2019-04-27 00:15:00,766.08
2019-04-27 00:30:00,757.04
2019-04-27 00:45:00,752.72
2019-04-27 01:00:00,747.84
2019-04-27 01:15:00,746.4
2019-04-27 01:30:00,747.92
2019-04-27 01:45:00,746.16
2019-04-27 02:00:00,750.0
2019-04-27 02:15:00,749.2
2019-04-27 02:30:00,745.2
2019-04-27 02:45:00,752.32
2019-04-27 03:00:00,754.96
2019-04-27 03:15:00,759.68
2019-04-27 03:30:00,761.76
2019-04-27 03:45:00,763.04
2019-04-27 04:00:00,768.24
2019-04-27 04:15:00,765.92
2019-04-27 04:30:00,764.4
2019-04-27 04:45:00,764.64
2019-04-27 05:00:00,767.44
2019-04-27 05:15:00,770.24
2019-04-27 05:30:00,780.16
2019-04-27 05:45:00,793.52
2019-04-27 06:00:00,812.48
2019-04-27 06:15:00,826.88
2019-04-27 06:30:00,852.48
2019-04-27 06:45:00,871.84
2019-04-27 07:00:00,899.28
2019-04-27 07:15:00,914.16
2019-04-27 07:30:00,930.88
2019-04-27 07:45:00,945.6
2019-04-27 08:00:00,958.32
2019-04-27 08:15:00,970.16
2019-04-27 08:30:00,988.08
2019-04-27 08:45:00,1000.16
2019-04-27 09:00:00,1011.2
2019-04-27 09:15:00,1015.68
2019-04-27 09:30:00,1021.44
2019-04-27 09:45:00,1030.96
2019-04-27 10:00:00,1030.56
2019-04-27 10:15:00,1032.16
2019-04-27 10:30:00,1032.32
2019-04-27 10:45:00,1030.24
2019-04-27 11:00:00,1021.04
2019-04-27 11:15:00,1016.08
2019-04-27 11:30:00,1013.92
2019-04-27 11:45:00,1007.44
2019-04-27 12:00:00,1000.56
2019-04-27 12:15:00,990.16
2019-04-27 12:30:00,975.6
2019-04-27 12:45:00,961.36
2019-04-27 13:00:00,952.0
2019-04-27 13:15:00,939.28
2019-04-27 13:30:00,929.52
2019-04-27 13:45:00,927.44
2019-04-27 14:00:00,928.08
2019-04-27 14:15:00,927.12
2019-04-27 14:30:00,928.4
2019-04-27 14:45:00,924.96
2019-04-27 15:00:00,928.08
2019-04-27 15:15:00,920.08
2019-04-27 15:30:00,918.96
2019-04-27 15:45:00,916.24
2019-04-27 16:00:00,918.4
2019-04-27 16:15:00,928.88
2019-04-27 16:30:00,940.64
2019-04-27 16:45:00,942.4
2019-04-27 17:00:00,951.52
2019-04-27 17:15:00,949.68
2019-04-27 17:30:00,955.52
2019-04-27 17:45:00,952.32
2019-04-27 18:00:00,947.76
2019-04-27 18:15:00,934.8
2019-04-27 18:30:00,930.16
2019-04-27 18:45:00,925.36
2019-04-27 19:00:00,920.16
2019-04-27 19:15:00,912.4
2019-04-27 19:30:00,914.32
2019-04-27 19:45:00,912.64
2019-04-27 20:00:00,910.48
2019-04-27 20:15:00,897.28
2019-04-27 20:30:00,888.32
2019-04-27 20:45:00,872.88
2019-04-27 21:00:00,867.92
2019-04-27 21:15:00,857.04
2019-04-27 21:30:00,842.8
2019-04-27 21:45:00,821.84
2019-04-27 22:00:00,793.04
2019-04-27 22:15:00,774.24
2019-04-27 22:30:00,754.8
2019-04-27 22:45:00,739.6
2019-04-27 23:00:00,734.48
2019-04-27 23:15:00,722.72
2019-04-27 23:30:00,711.36
2019-04-27 23:45:00,705.84
2019-04-28 00:00:00,696.16
2019-04-28 00:15:00,688.88
2019-04-28 00:30:00,680.48
2019-04-28 00:45:00,680.4
2019-04-28 01:00:00,674.16
2019-04-28 01:15:00,669.28
2019-04-28 01:30:00,665.12
2019-04-28 01:45:00,662.08
2019-04-28 02:00:00,660.64
2019-04-28 02:15:00,662.88
2019-04-28 02:30:00,664.56
2019-04-28 02:45:00,663.68
2019-04-28 03:00:00,668.4
2019-04-28 03:15:00,666.8
2019-04-28 03:30:00,667.28
2019-04-28 03:45:00,666.16
2019-04-28 04:00:00,671.04
2019-04-28 04:15:00,672.96
2019-04-28 04:30:00,672.32
2019-04-28 04:45:00,666.72
2019-04-28 05:00:00,667.6
2019-04-28 05:15:00,663.36
2019-04-28 05:30:00,670.88
2019-04-28 05:45:00,677.44
2019-04-28 06:00:00,691.92
2019-04-28 06:15:00,701.84
2019-04-28 06:30:00,715.04
2019-04-28 06:45:00,727.44
2019-04-28 07:00:00,738.32
2019-04-28 07:15:00,760.48
2019-04-28 07:30:00,772.72
2019-04-28 07:45:00,790.08
2019-04-28 08:00:00,807.92
2019-04-28 08:15:00,826.16
2019-04-28 08:30:00,842.72
2019-04-28 08:45:00,856.48
2019-04-28 09:00:00,869.12
2019-04-28 09:15:00,872.64
2019-04-28 09:30:00,888.64
2019-04-28 09:45:00,896.96
2019-04-28 10:00:00,909.92
2019-04-28 10:15:00,929.36
2019-04-28 10:30:00,933.6
2019-04-28 10:45:00,933.04
2019-04-28 11:00:00,931.04
2019-04-28 11:15:00,928.88
2019-04-28 11:30:00,924.64
2019-04-28 11:45:00,917.6
2019-04-28 12:00:00,909.52
2019-04-28 12:15:00,892.96
2019-04-28 12:30:00,884.72
2019-04-28 12:45:00,872.96
2019-04-28 13:00:00,876.16
2019-04-28 13:15:00,872.0
2019-04-28 13:30:00,865.12
2019-04-28 13:45:00,859.04
2019-04-28 14:00:00,856.72
2019-04-28 14:15:00,845.92
2019-04-28 14:30:00,832.4
2019-04-28 14:45:00,825.36
2019-04-28 15:00:00,832.0
2019-04-28 15:15:00,827.6
2019-04-28 15:30:00,827.44
2019-04-28 15:45:00,830.48
2019-04-28 16:00:00,846.24
2019-04-28 16:15:00,853.92
2019-04-28 16:30:00,865.28
2019-04-28 16:45:00,866.96
2019-04-28 17:00:00,881.28
2019-04-28 17:15:00,883.52
2019-04-28 17:30:00,888.24
2019-04-28 17:45:00,890.08
2019-04-28 18:00:00,904.72
2019-04-28 18:15:00,898.4
2019-04-28 18:30:00,897.76
2019-04-28 18:45:00,891.84
2019-04-28 19:00:00,902.24
2019-04-28 19:15:00,897.76
2019-04-28 19:30:00,893.36
2019-04-28 19:45:00,899.68
2019-04-28 20:00:00,912.72
2019-04-28 20:15:00,916.08
2019-04-28 20:30:00,907.12
2019-04-28 20:45:00,908.16
2019-04-28 21:00:00,910.48
2019-04-28 21:15:00,902.8
2019-04-28 21:30:00,886.64
2019-04-28 21:45:00,867.84
2019-04-28 22:00:00,846.32
2019-04-28 22:15:00,831.44
2019-04-28 22:30:00,815.84
2019-04-28 22:45:00,802.48
2019-04-28 23:00:00,786.88
2019-04-28 23:15:00,780.48
2019-04-28 23:30:00,771.04
2019-04-28 23:45:00,763.28
2019-04-29 00:00:00,750.4
2019-04-29 00:15:00,750.16
2019-04-29 00:30:00,751.2
2019-04-29 00:45:00,744.4
2019-04-29 01:00:00,737.36
2019-04-29 01:15:00,740.64
2019-04-29 01:30:00,745.12
2019-04-29 01:45:00,743.84
2019-04-29 02:00:00,748.8
2019-04-29 02:15:00,756.64
2019-04-29 02:30:00,758.56
2019-04-29 02:45:00,760.96
2019-04-29 03:00:00,768.4
2019-04-29 03:15:00,780.0
2019-04-29 03:30:00,798.48
2019-04-29 03:45:00,813.36
2019-04-29 04:00:00,843.12
2019-04-29 04:15:00,863.6
2019-04-29 04:30:00,892.48
2019-04-29 04:45:00,919.36
2019-04-29 05:00:00,974.56
2019-04-29 05:15:00,1015.76
2019-04-29 05:30:00,1047.2
2019-04-29 05:45:00,1076.32
2019-04-29 06:00:00,1110.96
2019-04-29 06:15:00,1137.76
2019-04-29 06:30:00,1151.52
2019-04-29 06:45:00,1165.76
2019-04-29 07:00:00,1179.12
2019-04-29 07:15:00,1191.44
2019-04-29 07:30:00,1198.96
2019-04-29 07:45:00,1200.72
2019-04-29 08:00:00,1196.32
2019-04-29 08:15:00,1200.64
2019-04-29 08:30:00,1208.56
2019-04-29 08:45:00,1214.24
2019-04-29 09:00:00,1219.6
2019-04-29 09:15:00,1222.4
2019-04-29 09:30:00,1224.96
2019-04-29 09:45:00,1230.4
2019-04-29 10:00:00,1236.32
2019-04-29 10:15:00,1245.04
2019-04-29 10:30:00,1256.4
2019-04-29 10:45:00,1260.8
2019-04-29 11:00:00,1246.0
2019-04-29 11:15:00,1238.32
2019-04-29 11:30:00,1235.76
2019-04-29 11:45:00,1233.68
2019-04-29 12:00:00,1247.52
2019-04-29 12:15:00,1244.96
2019-04-29 12:30:00,1234.4
2019-04-29 12:45:00,1221.28
2019-04-29 13:00:00,1217.84
2019-04-29 13:15:00,1214.8
2019-04-29 13:30:00,1212.56
2019-04-29 13:45:00,1208.72
2019-04-29 14:00:00,1216.0
2019-04-29 14:15:00,1210.64
2019-04-29 14:30:00,1197.84
2019-04-29 14:45:00,1193.92
2019-04-29 15:00:00,1191.28
2019-04-29 15:15:00,1184.72
2019-04-29 15:30:00,1182.16
2019-04-29 15:45:00,1174.96
2019-04-29 16:00:00,1173.2
2019-04-29 16:15:00,1180.88
2019-04-29 16:30:00,1178.96
2019-04-29 16:45:00,1180.88
2019-04-29 17:00:00,1176.4
2019-04-29 17:15:00,1170.72
2019-04-29 17:30:00,1172.48
2019-04-29 17:45:00,1175.36
2019-04-29 18:00:00,1170.08
2019-04-29 18:15:00,1163.52
2019-04-29 18:30:00,1159.68
2019-04-29 18:45:00,1155.52
2019-04-29 19:00:00,1147.84
2019-04-29 19:15:00,1134.88
2019-04-29 19:30:00,1122.08
2019-04-29 19:45:00,1111.12
2019-04-29 20:00:00,1104.48
2019-04-29 20:15:00,1096.48
2019-04-29 20:30:00,1078.96
2019-04-29 20:45:00,1055.6
2019-04-29 21:00:00,1039.76
2019-04-29 21:15:00,1021.44
2019-04-29 21:30:00,998.4
2019-04-29 21:45:00,969.92
2019-04-29 22:00:00,942.72
2019-04-29 22:15:00,923.6
2019-04-29 22:30:00,906.64
2019-04-29 22:45:00,887.92
2019-04-29 23:00:00,863.12
2019-04-29 23:15:00,849.76
2019-04-29 23:30:00,841.44
2019-04-29 23:45:00,830.8
2019-04-30 00:00:00,827.12
2019-04-30 00:15:00,818.96
2019-04-30 00:30:00,819.2
2019-04-30 00:45:00,811.52
2019-04-30 01:00:00,800.56
2019-04-30 01:15:00,799.6
2019-04-30 01:30:00,802.48
2019-04-30 01:45:00,801.92
2019-04-30 02:00:00,804.56
2019-04-30 02:15:00,809.28
2019-04-30 02:30:00,809.68
2019-04-30 02:45:00,815.84
2019-04-30 03:00:00,826.4
2019-04-30 03:15:00,838.4
2019-04-30 03:30:00,845.36
2019-04-30 03:45:00,857.2
2019-04-30 04:00:00,885.2
2019-04-30 04:15:00,903.44
2019-04-30 04:30:00,919.2
2019-04-30 04:45:00,941.04
2019-04-30 05:00:00,994.48
2019-04-30 05:15:00,1039.92
2019-04-30 05:30:00,1074.88
2019-04-30 05:45:00,1100.72
2019-04-30 06:00:00,1132.08
2019-04-30 06:15:00,1152.8
2019-04-30 06:30:00,1167.76
2019-04-30 06:45:00,1181.36
2019-04-30 07:00:00,1202.4
2019-04-30 07:15:00,1211.52
2019-04-30 07:30:00,1216.0
2019-04-30 07:45:00,1219.04
2019-04-30 08:00:00,1209.92
2019-04-30 08:15:00,1214.56
2019-04-30 08:30:00,1223.52
2019-04-30 08:45:00,1229.68
2019-04-30 09:00:00,1220.88
2019-04-30 09:15:00,1220.32
2019-04-30 09:30:00,1219.76
2019-04-30 09:45:00,1224.56
2019-04-30 10:00:00,1218.56
2019-04-30 10:15:00,1225.2
2019-04-30 10:30:00,1231.2
2019-04-30 10:45:00,1234.32
2019-04-30 11:00:00,1219.68
2019-04-30 11:15:00,1215.52
2019-04-30 11:30:00,1215.84
2019-04-30 11:45:00,1216.16
2019-04-30 12:00:00,1211.04
2019-04-30 12:15:00,1207.12
2019-04-30 12:30:00,1202.08
2019-04-30 12:45:00,1188.08
2019-04-30 13:00:00,1178.24
2019-04-30 13:15:00,1176.48
2019-04-30 13:30:00,1170.8
2019-04-30 13:45:00,1161.52
2019-04-30 14:00:00,1163.6
2019-04-30 14:15:00,1154.48
2019-04-30 14:30:00,1140.4
2019-04-30 14:45:00,1128.8
2019-04-30 15:00:00,1124.88
2019-04-30 15:15:00,1115.12
2019-04-30 15:30:00,1106.56
2019-04-30 15:45:00,1103.44
2019-04-30 16:00:00,1099.28
2019-04-30 16:15:00,1095.76
2019-04-30 16:30:00,1094.72
2019-04-30 16:45:00,1098.24
2019-04-30 17:00:00,1099.76
2019-04-30 17:15:00,1085.44
2019-04-30 17:30:00,1085.52
2019-04-30 17:45:00,1088.48
2019-04-30 18:00:00,1094.32
2019-04-30 18:15:00,1088.08
2019-04-30 18:30:00,1080.56
2019-04-30 18:45:00,1077.12
2019-04-30 19:00:00,1066.16
2019-04-30 19:15:00,1055.44
2019-04-30 19:30:00,1053.76
2019-04-30 19:45:00,1051.52
2019-04-30 20:00:00,1050.4
2019-04-30 20:15:00,1042.08
2019-04-30 20:30:00,1022.16
2019-04-30 20:45:00,992.16
2019-04-30 21:00:00,975.68
2019-04-30 21:15:00,960.16
2019-04-30 21:30:00,938.08
2019-04-30 21:45:00,918.8
2019-04-30 22:00:00,888.88
2019-04-30 22:15:00,875.2
2019-04-30 22:30:00,856.64
2019-04-30 22:45:00,844.16
2019-04-30 23:00:00,812.64
2019-04-30 23:15:00,806.24
2019-04-30 23:30:00,794.24
2019-04-30 23:45:00,781.44
2019-05-01 00:00:00,766.64
2019-05-01 00:15:00,760.8
2019-05-01 00:30:00,754.48
2019-05-01 00:45:00,746.32
2019-05-01 01:00:00,728.4
2019-05-01 01:15:00,721.28
2019-05-01 01:30:00,717.04
2019-05-01 01:45:00,714.24
2019-05-01 02:00:00,716.64
2019-05-01 02:15:00,712.48
2019-05-01 02:30:00,707.84
2019-05-01 02:45:00,706.0
2019-05-01 03:00:00,706.64
2019-05-01 03:15:00,706.56
2019-05-01 03:30:00,707.68
2019-05-01 03:45:00,707.52
2019-05-01 04:00:00,709.92
2019-05-01 04:15:00,702.4
2019-05-01 04:30:00,693.12
2019-05-01 04:45:00,678.64
2019-05-01 05:00:00,669.44
2019-05-01 05:15:00,666.16
2019-05-01 05:30:00,672.96
2019-05-01 05:45:00,683.2
2019-05-01 06:00:00,694.8
2019-05-01 06:15:00,708.32
2019-05-01 06:30:00,724.4
2019-05-01 06:45:00,742.8
2019-05-01 07:00:00,763.92
2019-05-01 07:15:00,779.2
2019-05-01 07:30:00,795.04
2019-05-01 07:45:00,812.16
2019-05-01 08:00:00,826.0
2019-05-01 08:15:00,841.36
2019-05-01 08:30:00,852.8
2019-05-01 08:45:00,864.32
2019-05-01 09:00:00,874.32
2019-05-01 09:15:00,884.8
2019-05-01 09:30:00,899.28
2019-05-01 09:45:00,905.6
2019-05-01 10:00:00,907.52
2019-05-01 10:15:00,918.08
2019-05-01 10:30:00,923.76
2019-05-01 10:45:00,925.6
2019-05-01 11:00:00,908.56
2019-05-01 11:15:00,904.88
2019-05-01 11:30:00,896.48
2019-05-01 11:45:00,888.72
2019-05-01 12:00:00,876.16
2019-05-01 12:15:00,861.36
2019-05-01 12:30:00,853.44
2019-05-01 12:45:00,846.24
2019-05-01 13:00:00,834.72
2019-05-01 13:15:00,829.76
2019-05-01 13:30:00,827.04
2019-05-01 13:45:00,820.72
2019-05-01 14:00:00,825.52
2019-05-01 14:15:00,820.24
2019-05-01 14:30:00,826.16
2019-05-01 14:45:00,819.36
2019-05-01 15:00:00,818.32
2019-05-01 15:15:00,811.04
2019-05-01 15:30:00,807.12
2019-05-01 15:45:00,807.68
2019-05-01 16:00:00,813.92
2019-05-01 16:15:00,820.56
2019-05-01 16:30:00,820.96
2019-05-01 16:45:00,823.68
2019-05-01 17:00:00,839.52
2019-05-01 17:15:00,847.36
2019-05-01 17:30:00,847.92
2019-05-01 17:45:00,852.48
2019-05-01 18:00:00,866.4
2019-05-01 18:15:00,862.32
2019-05-01 18:30:00,864.72
2019-05-01 18:45:00,863.44
2019-05-01 19:00:00,864.88
2019-05-01 19:15:00,861.92
2019-05-01 19:30:00,860.64
2019-05-01 19:45:00,864.0
2019-05-01 20:00:00,869.04
2019-05-01 20:15:00,869.44
2019-05-01 20:30:00,864.32
2019-05-01 20:45:00,859.2
2019-05-01 21:00:00,869.92
2019-05-01 21:15:00,858.8
2019-05-01 21:30:00,839.68
2019-05-01 21:45:00,820.8
2019-05-01 22:00:00,797.92
2019-05-01 22:15:00,778.72
2019-05-01 22:30:00,761.44
2019-05-01 22:45:00,749.04
2019-05-01 23:00:00,735.52
2019-05-01 23:15:00,726.64
2019-05-01 23:30:00,718.24
2019-05-01 23:45:00,712.64
2019-05-02 00:00:00,706.24
2019-05-02 00:15:00,703.28
2019-05-02 00:30:00,702.24
2019-05-02 00:45:00,699.68
2019-05-02 01:00:00,698.0
2019-05-02 01:15:00,701.2
2019-05-02 01:30:00,700.8
2019-05-02 01:45:00,702.88
2019-05-02 02:00:00,707.28
2019-05-02 02:15:00,708.72
2019-05-02 02:30:00,715.04
2019-05-02 02:45:00,723.52
2019-05-02 03:00:00,739.04
2019-05-02 03:15:00,746.64
2019-05-02 03:30:00,755.44
2019-05-02 03:45:00,771.52
2019-05-02 04:00:00,801.92
2019-05-02 04:15:00,823.44
2019-05-02 04:30:00,846.96
2019-05-02 04:45:00,881.04
2019-05-02 05:00:00,944.4
2019-05-02 05:15:00,989.04
2019-05-02 05:30:00,1024.56
2019-05-02 05:45:00,1058.88
2019-05-02 06:00:00,1093.68
2019-05-02 06:15:00,1115.76
2019-05-02 06:30:00,1135.44
2019-05-02 06:45:00,1156.24
2019-05-02 07:00:00,1165.12
2019-05-02 07:15:00,1178.16
2019-05-02 07:30:00,1184.8
2019-05-02 07:45:00,1192.4
2019-05-02 08:00:00,1187.28
2019-05-02 08:15:00,1193.68
2019-05-02 08:30:00,1204.48
2019-05-02 08:45:00,1209.76
2019-05-02 09:00:00,1215.44
2019-05-02 09:15:00,1219.12
2019-05-02 09:30:00,1225.04
2019-05-02 09:45:00,1229.2
2019-05-02 10:00:00,1233.76
2019-05-02 10:15:00,1234.56
2019-05-02 10:30:00,1240.8
2019-05-02 10:45:00,1244.24
2019-05-02 11:00:00,1229.76
2019-05-02 11:15:00,1225.44
2019-05-02 11:30:00,1225.44
2019-05-02 11:45:00,1223.36
2019-05-02 12:00:00,1218.24
2019-05-02 12:15:00,1218.08
2019-05-02 12:30:00,1209.6
2019-05-02 12:45:00,1203.36
2019-05-02 13:00:00,1200.0
2019-05-02 13:15:00,1196.24
2019-05-02 13:30:00,1191.04
2019-05-02 13:45:00,1185.28
2019-05-02 14:00:00,1201.68
2019-05-02 14:15:00,1195.44
2019-05-02 14:30:00,1191.44
2019-05-02 14:45:00,1183.92
2019-05-02 15:00:00,1186.56
2019-05-02 15:15:00,1182.88
2019-05-02 15:30:00,1174.8
2019-05-02 15:45:00,1169.04
2019-05-02 16:00:00,1170.32
2019-05-02 16:15:00,1174.08
2019-05-02 16:30:00,1176.0
2019-05-02 16:45:00,1176.08
2019-05-02 17:00:00,1175.44
2019-05-02 17:15:00,1168.8
2019-05-02 17:30:00,1167.52
2019-05-02 17:45:00,1167.36
2019-05-02 18:00:00,1169.84
2019-05-02 18:15:00,1156.56
2019-05-02 18:30:00,1146.32
2019-05-02 18:45:00,1147.04
2019-05-02 19:00:00,1136.72
2019-05-02 19:15:00,1124.24
2019-05-02 19:30:00,1113.2
2019-05-02 19:45:00,1106.88
2019-05-02 20:00:00,1104.0
2019-05-02 20:15:00,1099.52
2019-05-02 20:30:00,1080.96
2019-05-02 20:45:00,1064.24
2019-05-02 21:00:00,1048.08
2019-05-02 21:15:00,1026.64
2019-05-02 21:30:00,1003.04
2019-05-02 21:45:00,979.04
2019-05-02 22:00:00,961.36
2019-05-02 22:15:00,939.68
2019-05-02 22:30:00,920.96
2019-05-02 22:45:00,908.4
2019-05-02 23:00:00,874.72
2019-05-02 23:15:00,862.8
2019-05-02 23:30:00,858.4
2019-05-02 23:45:00,848.08
2019-05-03 00:00:00,837.68
2019-05-03 00:15:00,826.88
2019-05-03 00:30:00,821.68
2019-05-03 00:45:00,820.96
2019-05-03 01:00:00,806.16
2019-05-03 01:15:00,802.16
2019-05-03 01:30:00,797.76
2019-05-03 01:45:00,797.84
2019-05-03 02:00:00,802.88
2019-05-03 02:15:00,805.52
2019-05-03 02:30:00,808.4
2019-05-03 02:45:00,811.84
2019-05-03 03:00:00,814.0
2019-05-03 03:15:00,827.52
2019-05-03 03:30:00,841.04
2019-05-03 03:45:00,855.76
2019-05-03 04:00:00,888.24
2019-05-03 04:15:00,904.16
2019-05-03 04:30:00,920.08
2019-05-03 04:45:00,948.16
2019-05-03 05:00:00,1000.08
2019-05-03 05:15:00,1038.4
2019-05-03 05:30:00,1063.44
2019-05-03 05:45:00,1093.84
2019-05-03 06:00:00,1119.04
2019-05-03 06:15:00,1136.96
2019-05-03 06:30:00,1157.52
2019-05-03 06:45:00,1170.56
2019-05-03 07:00:00,1187.92
2019-05-03 07:15:00,1197.28
2019-05-03 07:30:00,1209.84
2019-05-03 07:45:00,1216.72
2019-05-03 08:00:00,1216.56
2019-05-03 08:15:00,1225.92
2019-05-03 08:30:00,1236.24
2019-05-03 08:45:00,1238.8
2019-05-03 09:00:00,1236.8
2019-05-03 09:15:00,1238.8
2019-05-03 09:30:00,1242.88
2019-05-03 09:45:00,1255.92
2019-05-03 10:00:00,1257.2
2019-05-03 10:15:00,1259.84
2019-05-03 10:30:00,1258.96
2019-05-03 10:45:00,1252.4
2019-05-03 11:00:00,1239.04
2019-05-03 11:15:00,1235.6
2019-05-03 11:30:00,1231.68
2019-05-03 11:45:00,1228.08
2019-05-03 12:00:00,1222.48
2019-05-03 12:15:00,1215.6
2019-05-03 12:30:00,1206.0
2019-05-03 12:45:00,1201.52
2019-05-03 13:00:00,1194.72
2019-05-03 13:15:00,1187.36
2019-05-03 13:30:00,1181.76
2019-05-03 13:45:00,1180.88
2019-05-03 14:00:00,1181.92
2019-05-03 14:15:00,1180.8
2019-05-03 14:30:00,1170.88
2019-05-03 14:45:00,1161.84
2019-05-03 15:00:00,1156.56
2019-05-03 15:15:00,1153.44
2019-05-03 15:30:00,1144.96
2019-05-03 15:45:00,1141.84
2019-05-03 16:00:00,1138.16
2019-05-03 16:15:00,1143.92
2019-05-03 16:30:00,1142.72
2019-05-03 16:45:00,1139.52
2019-05-03 17:00:00,1133.52
2019-05-03 17:15:00,1125.12
2019-05-03 17:30:00,1128.32
2019-05-03 17:45:00,1129.76
2019-05-03 18:00:00,1130.16
2019-05-03 18:15:00,1125.28
2019-05-03 18:30:00,1116.48
2019-05-03 18:45:00,1108.72
2019-05-03 19:00:00,1104.08
2019-05-03 19:15:00,1087.6
2019-05-03 19:30:00,1080.32
2019-05-03 19:45:00,1070.32
2019-05-03 20:00:00,1077.12
2019-05-03 20:15:00,1069.12
2019-05-03 20:30:00,1050.0
2019-05-03 20:45:00,1030.24
2019-05-03 21:00:00,1021.28
2019-05-03 21:15:00,1002.24
2019-05-03 21:30:00,981.84
2019-05-03 21:45:00,964.64
2019-05-03 22:00:00,944.8
2019-05-03 22:15:00,922.16
2019-05-03 22:30:00,904.08
2019-05-03 22:45:00,884.8
2019-05-03 23:00:00,861.04
2019-05-03 23:15:00,840.56
2019-05-03 23:30:00,828.56
2019-05-03 23:45:00,821.68
2019-05-04 00:00:00,809.84
2019-05-04 00:15:00,798.16
2019-05-04 00:30:00,790.16
2019-05-04 00:45:00,789.6
2019-05-04 01:00:00,782.24
2019-05-04 01:15:00,776.64
2019-05-04 01:30:00,771.28
2019-05-04 01:45:00,771.84
2019-05-04 02:00:00,766.72
2019-05-04 02:15:00,767.76
2019-05-04 02:30:00,770.0
2019-05-04 02:45:00,768.72
2019-05-04 03:00:00,775.92
2019-05-04 03:15:00,780.0
2019-05-04 03:30:00,783.12
2019-05-04 03:45:00,789.44
2019-05-04 04:00:00,791.68
2019-05-04 04:15:00,791.44
2019-05-04 04:30:00,786.88
2019-05-04 04:45:00,780.72
2019-05-04 05:00:00,794.4
2019-05-04 05:15:00,801.2
2019-05-04 05:30:00,812.88
2019-05-04 05:45:00,821.84
2019-05-04 06:00:00,843.68
2019-05-04 06:15:00,855.28
2019-05-04 06:30:00,872.56
2019-05-04 06:45:00,896.48
2019-05-04 07:00:00,924.4
2019-05-04 07:15:00,944.24
2019-05-04 07:30:00,961.28
2019-05-04 07:45:00,975.84
2019-05-04 08:00:00,995.52
2019-05-04 08:15:00,1008.88
2019-05-04 08:30:00,1021.28
2019-05-04 08:45:00,1035.6
2019-05-04 09:00:00,1041.84
2019-05-04 09:15:00,1050.48
2019-05-04 09:30:00,1059.52
2019-05-04 09:45:00,1063.12
2019-05-04 10:00:00,1061.6
2019-05-04 10:15:00,1059.68
2019-05-04 10:30:00,1065.28
2019-05-04 10:45:00,1067.44
2019-05-04 11:00:00,1058.64
2019-05-04 11:15:00,1053.84
2019-05-04 11:30:00,1044.08
2019-05-04 11:45:00,1036.8
2019-05-04 12:00:00,1035.76
2019-05-04 12:15:00,1020.64
2019-05-04 12:30:00,1023.84
2019-05-04 12:45:00,1007.6
2019-05-04 13:00:00,1004.08
2019-05-04 13:15:00,989.04
2019-05-04 13:30:00,986.24
2019-05-04 13:45:00,980.24
2019-05-04 14:00:00,977.2
2019-05-04 14:15:00,970.16
2019-05-04 14:30:00,973.28
2019-05-04 14:45:00,976.64
2019-05-04 15:00:00,963.04
2019-05-04 15:15:00,962.88
2019-05-04 15:30:00,947.92
2019-05-04 15:45:00,942.56
2019-05-04 16:00:00,953.2
2019-05-04 16:15:00,961.76
2019-05-04 16:30:00,965.76
2019-05-04 16:45:00,971.28
2019-05-04 17:00:00,984.08
2019-05-04 17:15:00,976.8
2019-05-04 17:30:00,972.24
2019-05-04 17:45:00,965.92
2019-05-04 18:00:00,963.68
2019-05-04 18:15:00,954.96
2019-05-04 18:30:00,949.6
2019-05-04 18:45:00,941.28
2019-05-04 19:00:00,930.56
2019-05-04 19:15:00,920.72
2019-05-04 19:30:00,912.72
2019-05-04 19:45:00,907.2
2019-05-04 20:00:00,913.44
2019-05-04 20:15:00,914.8
2019-05-04 20:30:00,906.24
2019-05-04 20:45:00,896.72
2019-05-04 21:00:00,898.64
2019-05-04 21:15:00,883.2
2019-05-04 21:30:00,870.4
2019-05-04 21:45:00,858.88
2019-05-04 22:00:00,839.2
2019-05-04 22:15:00,825.28
2019-05-04 22:30:00,810.96
2019-05-04 22:45:00,795.84
2019-05-04 23:00:00,775.44
2019-05-04 23:15:00,765.6
2019-05-04 23:30:00,749.44
2019-05-04 23:45:00,735.84
2019-05-05 00:00:00,729.12
2019-05-05 00:15:00,716.56
2019-05-05 00:30:00,713.76
2019-05-05 00:45:00,709.04
2019-05-05 01:00:00,705.04
2019-05-05 01:15:00,699.6
2019-05-05 01:30:00,697.44
2019-05-05 01:45:00,697.68
2019-05-05 02:00:00,697.76
2019-05-05 02:15:00,692.88
2019-05-05 02:30:00,698.4
2019-05-05 02:45:00,701.76
2019-05-05 03:00:00,695.6
2019-05-05 03:15:00,694.88
2019-05-05 03:30:00,694.72
2019-05-05 03:45:00,698.72
2019-05-05 04:00:00,698.64
2019-05-05 04:15:00,695.12
2019-05-05 04:30:00,686.8
2019-05-05 04:45:00,679.68
2019-05-05 05:00:00,678.08
2019-05-05 05:15:00,683.28
2019-05-05 05:30:00,687.2
2019-05-05 05:45:00,691.28
2019-05-05 06:00:00,707.68
2019-05-05 06:15:00,719.52
2019-05-05 06:30:00,734.16
2019-05-05 06:45:00,748.08
2019-05-05 07:00:00,766.0
2019-05-05 07:15:00,786.08
2019-05-05 07:30:00,802.56
2019-05-05 07:45:00,817.44
2019-05-05 08:00:00,833.28
2019-05-05 08:15:00,846.8
2019-05-05 08:30:00,859.76
2019-05-05 08:45:00,872.96
2019-05-05 09:00:00,887.28
2019-05-05 09:15:00,899.36
2019-05-05 09:30:00,904.4
2019-05-05 09:45:00,913.44
2019-05-05 10:00:00,928.32
2019-05-05 10:15:00,941.44
2019-05-05 10:30:00,955.2
2019-05-05 10:45:00,960.24
2019-05-05 11:00:00,959.84
2019-05-05 11:15:00,950.72
2019-05-05 11:30:00,943.76
2019-05-05 11:45:00,939.6
2019-05-05 12:00:00,932.96
2019-05-05 12:15:00,914.96
2019-05-05 12:30:00,905.76
2019-05-05 12:45:00,890.24
2019-05-05 13:00:00,881.44
2019-05-05 13:15:00,872.64
2019-05-05 13:30:00,870.56
2019-05-05 13:45:00,872.08
2019-05-05 14:00:00,868.64
2019-05-05 14:15:00,867.6
2019-05-05 14:30:00,858.4
2019-05-05 14:45:00,854.96
2019-05-05 15:00:00,861.12
2019-05-05 15:15:00,861.76
2019-05-05 15:30:00,861.52
2019-05-05 15:45:00,868.4
2019-05-05 16:00:00,881.28
2019-05-05 16:15:00,883.76
2019-05-05 16:30:00,883.92
2019-05-05 16:45:00,896.96
2019-05-05 17:00:00,913.2
2019-05-05 17:15:00,914.48
2019-05-05 17:30:00,916.64
2019-05-05 17:45:00,916.32
2019-05-05 18:00:00,928.64
2019-05-05 18:15:00,912.16
2019-05-05 18:30:00,913.76
2019-05-05 18:45:00,913.04
2019-05-05 19:00:00,919.6
2019-05-05 19:15:00,916.08
2019-05-05 19:30:00,910.64
2019-05-05 19:45:00,913.2
2019-05-05 20:00:00,926.56
2019-05-05 20:15:00,933.52
2019-05-05 20:30:00,929.76
2019-05-05 20:45:00,932.0
2019-05-05 21:00:00,935.2
2019-05-05 21:15:00,926.56
2019-05-05 21:30:00,909.52
2019-05-05 21:45:00,896.48
2019-05-05 22:00:00,874.88
2019-05-05 22:15:00,857.44
2019-05-05 22:30:00,845.6
2019-05-05 22:45:00,826.48
2019-05-05 23:00:00,812.4
2019-05-05 23:15:00,807.84
2019-05-05 23:30:00,801.68
2019-05-05 23:45:00,794.64
2019-05-06 00:00:00,778.32
2019-05-06 00:15:00,772.0
2019-05-06 00:30:00,772.08
2019-05-06 00:45:00,773.2
2019-05-06 01:00:00,766.88
2019-05-06 01:15:00,766.64
2019-05-06 01:30:00,766.72
2019-05-06 01:45:00,770.8
2019-05-06 02:00:00,776.24
2019-05-06 02:15:00,780.24
2019-05-06 02:30:00,792.4
2019-05-06 02:45:00,796.88
2019-05-06 03:00:00,810.88
2019-05-06 03:15:00,820.56
2019-05-06 03:30:00,831.68
2019-05-06 03:45:00,846.88
2019-05-06 04:00:00,886.96
2019-05-06 04:15:00,902.0
2019-05-06 04:30:00,916.32
2019-05-06 04:45:00,942.32
2019-05-06 05:00:00,1002.16
2019-05-06 05:15:00,1040.96
2019-05-06 05:30:00,1080.48
2019-05-06 05:45:00,1108.56
2019-05-06 06:00:00,1146.72
2019-05-06 06:15:00,1166.24
2019-05-06 06:30:00,1184.56
2019-05-06 06:45:00,1201.44
2019-05-06 07:00:00,1216.8
2019-05-06 07:15:00,1226.96
2019-05-06 07:30:00,1233.76
2019-05-06 07:45:00,1228.08
2019-05-06 08:00:00,1224.0
2019-05-06 08:15:00,1231.52
2019-05-06 08:30:00,1243.92
2019-05-06 08:45:00,1244.0
2019-05-06 09:00:00,1245.68
2019-05-06 09:15:00,1254.56
2019-05-06 09:30:00,1268.88
2019-05-06 09:45:00,1277.28
2019-05-06 10:00:00,1279.68
2019-05-06 10:15:00,1292.88
2019-05-06 10:30:00,1298.72
2019-05-06 10:45:00,1298.88
2019-05-06 11:00:00,1290.64
2019-05-06 11:15:00,1283.04
2019-05-06 11:30:00,1283.2
2019-05-06 11:45:00,1280.16
2019-05-06 12:00:00,1272.8
2019-05-06 12:15:00,1269.92
2019-05-06 12:30:00,1266.88
2019-05-06 12:45:00,1250.16
2019-05-06 13:00:00,1237.92
2019-05-06 13:15:00,1231.12
2019-05-06 13:30:00,1233.04
2019-05-06 13:45:00,1230.96
2019-05-06 14:00:00,1232.96
2019-05-06 14:15:00,1219.6
2019-05-06 14:30:00,1215.92
2019-05-06 14:45:00,1211.28
2019-05-06 15:00:00,1204.32
2019-05-06 15:15:00,1196.96
2019-05-06 15:30:00,1184.64
2019-05-06 15:45:00,1182.56
2019-05-06 16:00:00,1188.88
2019-05-06 16:15:00,1195.52
2019-05-06 16:30:00,1196.48
2019-05-06 16:45:00,1196.96
2019-05-06 17:00:00,1192.4
2019-05-06 17:15:00,1192.96
2019-05-06 17:30:00,1191.6
2019-05-06 17:45:00,1198.72
2019-05-06 18:00:00,1200.8
2019-05-06 18:15:00,1193.2
2019-05-06 18:30:00,1183.84
2019-05-06 18:45:00,1179.28
2019-05-06 19:00:00,1166.16
2019-05-06 19:15:00,1156.0
2019-05-06 19:30:00,1143.28
2019-05-06 19:45:00,1135.52
2019-05-06 20:00:00,1127.44
2019-05-06 20:15:00,1119.44
2019-05-06 20:30:00,1104.32
2019-05-06 20:45:00,1085.12
2019-05-06 21:00:00,1071.36
2019-05-06 21:15:00,1048.32
2019-05-06 21:30:00,1024.0
2019-05-06 21:45:00,1002.8
2019-05-06 22:00:00,987.04
2019-05-06 22:15:00,965.52
2019-05-06 22:30:00,942.24
2019-05-06 22:45:00,927.92
2019-05-06 23:00:00,914.24
2019-05-06 23:15:00,904.24
2019-05-06 23:30:00,895.12
2019-05-06 23:45:00,886.16
2019-05-07 00:00:00,875.6
2019-05-07 00:15:00,869.2
2019-05-07 00:30:00,864.96
2019-05-07 00:45:00,856.32
2019-05-07 01:00:00,846.64
2019-05-07 01:15:00,845.76
2019-05-07 01:30:00,848.8
2019-05-07 01:45:00,850.16
2019-05-07 02:00:00,858.0
2019-05-07 02:15:00,863.52
2019-05-07 02:30:00,869.12
2019-05-07 02:45:00,872.4
2019-05-07 03:00:00,883.12
2019-05-07 03:15:00,890.72
2019-05-07 03:30:00,905.52
2019-05-07 03:45:00,911.36
2019-05-07 04:00:00,939.04
2019-05-07 04:15:00,950.24
2019-05-07 04:30:00,965.44
2019-05-07 04:45:00,988.08
2019-05-07 05:00:00,1040.56
2019-05-07 05:15:00,1080.08
2019-05-07 05:30:00,1105.52
2019-05-07 05:45:00,1131.12
2019-05-07 06:00:00,1157.84
2019-05-07 06:15:00,1176.4
2019-05-07 06:30:00,1197.44
2019-05-07 06:45:00,1209.84
2019-05-07 07:00:00,1222.16
2019-05-07 07:15:00,1230.0
2019-05-07 07:30:00,1235.84
2019-05-07 07:45:00,1239.6
2019-05-07 08:00:00,1230.16
2019-05-07 08:15:00,1235.2
2019-05-07 08:30:00,1241.68
2019-05-07 08:45:00,1249.68
2019-05-07 09:00:00,1246.88
2019-05-07 09:15:00,1227.68
2019-05-07 09:30:00,1233.6
2019-05-07 09:45:00,1266.32
2019-05-07 10:00:00,1276.0
2019-05-07 10:15:00,1277.68
2019-05-07 10:30:00,1286.08
2019-05-07 10:45:00,1288.08
2019-05-07 11:00:00,1280.56
2019-05-07 11:15:00,1270.48
2019-05-07 11:30:00,1264.08
2019-05-07 11:45:00,1263.12
2019-05-07 12:00:00,1267.28
2019-05-07 12:15:00,1255.12
2019-05-07 12:30:00,1246.64
2019-05-07 12:45:00,1234.4
2019-05-07 13:00:00,1232.8
2019-05-07 13:15:00,1229.6
2019-05-07 13:30:00,1228.88
2019-05-07 13:45:00,1223.04
2019-05-07 14:00:00,1224.24
2019-05-07 14:15:00,1213.2
2019-05-07 14:30:00,1206.16
2019-05-07 14:45:00,1188.4
2019-05-07 15:00:00,1185.68
2019-05-07 15:15:00,1177.44
2019-05-07 15:30:00,1166.16
2019-05-07 15:45:00,1160.0
2019-05-07 16:00:00,1165.28
2019-05-07 16:15:00,1167.44
2019-05-07 16:30:00,1168.0
2019-05-07 16:45:00,1165.76
2019-05-07 17:00:00,1163.92
2019-05-07 17:15:00,1157.28
2019-05-07 17:30:00,1156.0
2019-05-07 17:45:00,1157.84
2019-05-07 18:00:00,1162.56
2019-05-07 18:15:00,1156.88
2019-05-07 18:30:00,1158.88
2019-05-07 18:45:00,1151.28
2019-05-07 19:00:00,1145.68
2019-05-07 19:15:00,1135.36
2019-05-07 19:30:00,1133.12
2019-05-07 19:45:00,1124.96
2019-05-07 20:00:00,1119.84
2019-05-07 20:15:00,1113.76
2019-05-07 20:30:00,1097.76
2019-05-07 20:45:00,1080.16
2019-05-07 21:00:00,1060.0
2019-05-07 21:15:00,1038.32
2019-05-07 21:30:00,1012.56
2019-05-07 21:45:00,988.48
2019-05-07 22:00:00,966.0
2019-05-07 22:15:00,951.36
2019-05-07 22:30:00,930.24
2019-05-07 22:45:00,917.92
2019-05-07 23:00:00,891.52
2019-05-07 23:15:00,877.04
2019-05-07 23:30:00,872.16
2019-05-07 23:45:00,863.44
2019-05-08 00:00:00,848.24
2019-05-08 00:15:00,842.24
2019-05-08 00:30:00,840.4
2019-05-08 00:45:00,835.04
2019-05-08 01:00:00,823.2
2019-05-08 01:15:00,825.84
2019-05-08 01:30:00,830.16
2019-05-08 01:45:00,831.76
2019-05-08 02:00:00,830.24
2019-05-08 02:15:00,838.96
2019-05-08 02:30:00,842.0
2019-05-08 02:45:00,850.64
2019-05-08 03:00:00,867.2
2019-05-08 03:15:00,874.0
2019-05-08 03:30:00,887.6
2019-05-08 03:45:00,896.4
2019-05-08 04:00:00,920.32
2019-05-08 04:15:00,927.6
2019-05-08 04:30:00,946.88
2019-05-08 04:45:00,970.56
2019-05-08 05:00:00,1021.68
2019-05-08 05:15:00,1060.8
2019-05-08 05:30:00,1090.56
2019-05-08 05:45:00,1118.48
2019-05-08 06:00:00,1146.88
2019-05-08 06:15:00,1169.2
2019-05-08 06:30:00,1193.12
2019-05-08 06:45:00,1207.36
2019-05-08 07:00:00,1221.12
2019-05-08 07:15:00,1229.6
2019-05-08 07:30:00,1237.44
2019-05-08 07:45:00,1235.92
2019-05-08 08:00:00,1228.64
2019-05-08 08:15:00,1236.88
2019-05-08 08:30:00,1247.68
2019-05-08 08:45:00,1250.96
2019-05-08 09:00:00,1253.92
2019-05-08 09:15:00,1257.76
2019-05-08 09:30:00,1265.36
2019-05-08 09:45:00,1269.36
2019-05-08 10:00:00,1273.84
2019-05-08 10:15:00,1281.92
2019-05-08 10:30:00,1287.04
2019-05-08 10:45:00,1283.44
2019-05-08 11:00:00,1275.2
2019-05-08 11:15:00,1268.56
2019-05-08 11:30:00,1265.44
2019-05-08 11:45:00,1267.2
2019-05-08 12:00:00,1266.8
2019-05-08 12:15:00,1266.88
2019-05-08 12:30:00,1263.52
2019-05-08 12:45:00,1248.88
2019-05-08 13:00:00,1253.28
2019-05-08 13:15:00,1260.0
2019-05-08 13:30:00,1262.56
2019-05-08 13:45:00,1259.36
2019-05-08 14:00:00,1264.4
2019-05-08 14:15:00,1265.2
2019-05-08 14:30:00,1255.6
2019-05-08 14:45:00,1249.84
2019-05-08 15:00:00,1242.64
2019-05-08 15:15:00,1227.2
2019-05-08 15:30:00,1226.48
2019-05-08 15:45:00,1218.96
2019-05-08 16:00:00,1229.52
2019-05-08 16:15:00,1226.16
2019-05-08 16:30:00,1224.72
2019-05-08 16:45:00,1225.84
2019-05-08 17:00:00,1217.44
2019-05-08 17:15:00,1214.64
2019-05-08 17:30:00,1220.48
2019-05-08 17:45:00,1219.28
2019-05-08 18:00:00,1217.52
2019-05-08 18:15:00,1208.4
2019-05-08 18:30:00,1198.16
2019-05-08 18:45:00,1187.92
2019-05-08 19:00:00,1174.8
2019-05-08 19:15:00,1161.36
2019-05-08 19:30:00,1146.4
2019-05-08 19:45:00,1136.56
2019-05-08 20:00:00,1127.92
2019-05-08 20:15:00,1114.24
2019-05-08 20:30:00,1105.44
2019-05-08 20:45:00,1094.0
2019-05-08 21:00:00,1081.76
2019-05-08 21:15:00,1062.08
2019-05-08 21:30:00,1042.32
2019-05-08 21:45:00,1018.24
2019-05-08 22:00:00,984.56
2019-05-08 22:15:00,961.44
2019-05-08 22:30:00,944.32
2019-05-08 22:45:00,925.92
2019-05-08 23:00:00,902.24
2019-05-08 23:15:00,887.92
2019-05-08 23:30:00,879.04
2019-05-08 23:45:00,868.48
2019-05-09 00:00:00,854.72
2019-05-09 00:15:00,842.48
2019-05-09 00:30:00,830.8
2019-05-09 00:45:00,829.04
2019-05-09 01:00:00,821.36
2019-05-09 01:15:00,821.68
2019-05-09 01:30:00,825.92
2019-05-09 01:45:00,827.12
2019-05-09 02:00:00,830.16
2019-05-09 02:15:00,825.68
2019-05-09 02:30:00,827.76
2019-05-09 02:45:00,833.44
2019-05-09 03:00:00,841.76
2019-05-09 03:15:00,853.68
2019-05-09 03:30:00,864.96
2019-05-09 03:45:00,876.16
2019-05-09 04:00:00,908.24
2019-05-09 04:15:00,924.8
2019-05-09 04:30:00,945.6
2019-05-09 04:45:00,964.32
2019-05-09 05:00:00,1022.16
2019-05-09 05:15:00,1062.88
2019-05-09 05:30:00,1089.28
2019-05-09 05:45:00,1114.48
2019-05-09 06:00:00,1147.36
2019-05-09 06:15:00,1169.2
2019-05-09 06:30:00,1184.64
2019-05-09 06:45:00,1193.36
2019-05-09 07:00:00,1212.4
2019-05-09 07:15:00,1225.04
2019-05-09 07:30:00,1228.24
2019-05-09 07:45:00,1240.16
2019-05-09 08:00:00,1233.28
2019-05-09 08:15:00,1235.84
2019-05-09 08:30:00,1247.04
2019-05-09 08:45:00,1247.28
2019-05-09 09:00:00,1244.48
2019-05-09 09:15:00,1250.24
2019-05-09 09:30:00,1257.68
2019-05-09 09:45:00,1267.92
2019-05-09 10:00:00,1264.48
2019-05-09 10:15:00,1270.24
2019-05-09 10:30:00,1271.52
2019-05-09 10:45:00,1265.84
2019-05-09 11:00:00,1248.0
2019-05-09 11:15:00,1245.68
2019-05-09 11:30:00,1249.04
2019-05-09 11:45:00,1251.2
2019-05-09 12:00:00,1249.52
2019-05-09 12:15:00,1243.92
2019-05-09 12:30:00,1235.68
2019-05-09 12:45:00,1224.08
2019-05-09 13:00:00,1229.68
2019-05-09 13:15:00,1229.12
2019-05-09 13:30:00,1221.04
2019-05-09 13:45:00,1220.96
2019-05-09 14:00:00,1223.12
2019-05-09 14:15:00,1217.92
2019-05-09 14:30:00,1206.8
2019-05-09 14:45:00,1197.92
2019-05-09 15:00:00,1190.8
2019-05-09 15:15:00,1179.12
2019-05-09 15:30:00,1169.12
2019-05-09 15:45:00,1166.24
2019-05-09 16:00:00,1167.68
2019-05-09 16:15:00,1173.2
2019-05-09 16:30:00,1173.28
2019-05-09 16:45:00,1173.28
2019-05-09 17:00:00,1173.92
2019-05-09 17:15:00,1170.08
2019-05-09 17:30:00,1174.72
2019-05-09 17:45:00,1179.44
2019-05-09 18:00:00,1173.92
2019-05-09 18:15:00,1164.56
2019-05-09 18:30:00,1159.68
2019-05-09 18:45:00,1161.04
2019-05-09 19:00:00,1158.64
2019-05-09 19:15:00,1146.88
2019-05-09 19:30:00,1140.16
2019-05-09 19:45:00,1130.48
2019-05-09 20:00:00,1119.04
2019-05-09 20:15:00,1114.24
2019-05-09 20:30:00,1102.24
2019-05-09 20:45:00,1083.84
2019-05-09 21:00:00,1062.08
2019-05-09 21:15:00,1048.4
2019-05-09 21:30:00,1026.4
2019-05-09 21:45:00,1002.48
2019-05-09 22:00:00,975.84
2019-05-09 22:15:00,959.44
2019-05-09 22:30:00,926.16
2019-05-09 22:45:00,907.92
2019-05-09 23:00:00,882.4
2019-05-09 23:15:00,870.48
2019-05-09 23:30:00,860.0
2019-05-09 23:45:00,852.48
2019-05-10 00:00:00,846.88
2019-05-10 00:15:00,834.48
2019-05-10 00:30:00,831.92
2019-05-10 00:45:00,829.36
2019-05-10 01:00:00,826.72
2019-05-10 01:15:00,827.84
2019-05-10 01:30:00,824.48
2019-05-10 01:45:00,827.84
2019-05-10 02:00:00,829.52
2019-05-10 02:15:00,828.4
2019-05-10 02:30:00,832.88
2019-05-10 02:45:00,835.76
2019-05-10 03:00:00,853.2
2019-05-10 03:15:00,857.52
2019-05-10 03:30:00,868.4
2019-05-10 03:45:00,879.76
2019-05-10 04:00:00,910.16
2019-05-10 04:15:00,919.84
2019-05-10 04:30:00,933.04
2019-05-10 04:45:00,958.32
2019-05-10 05:00:00,1010.56
2019-05-10 05:15:00,1052.48
2019-05-10 05:30:00,1081.92
2019-05-10 05:45:00,1114.32
2019-05-10 06:00:00,1152.24
2019-05-10 06:15:00,1175.36
2019-05-10 06:30:00,1194.4
2019-05-10 06:45:00,1212.0
2019-05-10 07:00:00,1226.48
2019-05-10 07:15:00,1235.6
2019-05-10 07:30:00,1242.4
2019-05-10 07:45:00,1244.88
2019-05-10 08:00:00,1230.56
2019-05-10 08:15:00,1237.12
2019-05-10 08:30:00,1245.52
2019-05-10 08:45:00,1254.32
2019-05-10 09:00:00,1261.44
2019-05-10 09:15:00,1266.24
2019-05-10 09:30:00,1270.0
2019-05-10 09:45:00,1270.72
2019-05-10 10:00:00,1279.04
2019-05-10 10:15:00,1280.88
2019-05-10 10:30:00,1286.96
2019-05-10 10:45:00,1279.6
2019-05-10 11:00:00,1268.4
2019-05-10 11:15:00,1264.8
2019-05-10 11:30:00,1255.92
2019-05-10 11:45:00,1249.28
2019-05-10 12:00:00,1247.84
2019-05-10 12:15:00,1236.88
2019-05-10 12:30:00,1232.24
2019-05-10 12:45:00,1212.88
2019-05-10 13:00:00,1203.92
2019-05-10 13:15:00,1193.68
2019-05-10 13:30:00,1186.48
2019-05-10 13:45:00,1182.72
2019-05-10 14:00:00,1176.64
2019-05-10 14:15:00,1167.2
2019-05-10 14:30:00,1159.04
2019-05-10 14:45:00,1148.64
2019-05-10 15:00:00,1151.36
2019-05-10 15:15:00,1145.2
2019-05-10 15:30:00,1128.96
2019-05-10 15:45:00,1125.44
2019-05-10 16:00:00,1130.0
2019-05-10 16:15:00,1132.48
2019-05-10 16:30:00,1132.72
2019-05-10 16:45:00,1127.52
2019-05-10 17:00:00,1131.84
2019-05-10 17:15:00,1132.4
2019-05-10 17:30:00,1133.44
2019-05-10 17:45:00,1129.44
2019-05-10 18:00:00,1135.76
2019-05-10 18:15:00,1129.36
2019-05-10 18:30:00,1122.24
2019-05-10 18:45:00,1112.96
2019-05-10 19:00:00,1104.0
2019-05-10 19:15:00,1089.68
2019-05-10 19:30:00,1081.28
2019-05-10 19:45:00,1070.24
2019-05-10 20:00:00,1067.28
2019-05-10 20:15:00,1060.24
2019-05-10 20:30:00,1047.04
2019-05-10 20:45:00,1032.16
2019-05-10 21:00:00,1021.92
2019-05-10 21:15:00,1004.0
2019-05-10 21:30:00,981.52
2019-05-10 21:45:00,966.4
2019-05-10 22:00:00,944.32
2019-05-10 22:15:00,923.04
2019-05-10 22:30:00,907.28
2019-05-10 22:45:00,888.64
2019-05-10 23:00:00,868.56
2019-05-10 23:15:00,851.04
2019-05-10 23:30:00,839.28
2019-05-10 23:45:00,824.56
2019-05-11 00:00:00,803.6
2019-05-11 00:15:00,791.68
2019-05-11 00:30:00,781.36
2019-05-11 00:45:00,774.8
2019-05-11 01:00:00,763.6
2019-05-11 01:15:00,758.08
2019-05-11 01:30:00,753.84
2019-05-11 01:45:00,756.4
2019-05-11 02:00:00,752.08
2019-05-11 02:15:00,749.44
2019-05-11 02:30:00,747.92
2019-05-11 02:45:00,747.2
2019-05-11 03:00:00,751.76
2019-05-11 03:15:00,749.44
2019-05-11 03:30:00,754.8
2019-05-11 03:45:00,756.16
2019-05-11 04:00:00,759.52
2019-05-11 04:15:00,759.92
2019-05-11 04:30:00,757.6
2019-05-11 04:45:00,756.08
2019-05-11 05:00:00,767.52
2019-05-11 05:15:00,774.88
2019-05-11 05:30:00,790.08
2019-05-11 05:45:00,803.92
2019-05-11 06:00:00,824.32
2019-05-11 06:15:00,836.48
2019-05-11 06:30:00,856.48
2019-05-11 06:45:00,884.72
2019-05-11 07:00:00,908.88
2019-05-11 07:15:00,922.0
2019-05-11 07:30:00,934.08
2019-05-11 07:45:00,948.16
2019-05-11 08:00:00,963.76
2019-05-11 08:15:00,973.76
2019-05-11 08:30:00,985.52
2019-05-11 08:45:00,991.92
2019-05-11 09:00:00,1011.92
2019-05-11 09:15:00,1020.48
2019-05-11 09:30:00,1026.32
2019-05-11 09:45:00,1035.84
2019-05-11 10:00:00,1036.08
2019-05-11 10:15:00,1037.76
2019-05-11 10:30:00,1045.12
2019-05-11 10:45:00,1043.84
2019-05-11 11:00:00,1037.68
2019-05-11 11:15:00,1033.04
2019-05-11 11:30:00,1023.6
2019-05-11 11:45:00,1019.44
2019-05-11 12:00:00,1020.64
2019-05-11 12:15:00,1005.28
2019-05-11 12:30:00,989.28
2019-05-11 12:45:00,974.16
2019-05-11 13:00:00,961.12
2019-05-11 13:15:00,951.28
2019-05-11 13:30:00,948.48
2019-05-11 13:45:00,948.96
2019-05-11 14:00:00,955.76
2019-05-11 14:15:00,954.32
2019-05-11 14:30:00,944.8
2019-05-11 14:45:00,940.96
2019-05-11 15:00:00,930.32
2019-05-11 15:15:00,938.96
2019-05-11 15:30:00,934.32
2019-05-11 15:45:00,934.8
2019-05-11 16:00:00,936.64
2019-05-11 16:15:00,940.88
2019-05-11 16:30:00,950.24
2019-05-11 16:45:00,952.64
2019-05-11 17:00:00,959.52
2019-05-11 17:15:00,960.08
2019-05-11 17:30:00,966.4
2019-05-11 17:45:00,960.4
2019-05-11 18:00:00,965.68
2019-05-11 18:15:00,960.0
2019-05-11 18:30:00,959.52
2019-05-11 18:45:00,955.36
2019-05-11 19:00:00,946.64
2019-05-11 19:15:00,935.84
2019-05-11 19:30:00,926.32
2019-05-11 19:45:00,918.08
2019-05-11 20:00:00,916.24
2019-05-11 20:15:00,912.72
2019-05-11 20:30:00,901.6
2019-05-11 20:45:00,897.84
2019-05-11 21:00:00,898.56
2019-05-11 21:15:00,892.56
2019-05-11 21:30:00,871.2
2019-05-11 21:45:00,852.88
2019-05-11 22:00:00,842.4
2019-05-11 22:15:00,827.28
2019-05-11 22:30:00,810.64
2019-05-11 22:45:00,789.44
2019-05-11 23:00:00,756.24
2019-05-11 23:15:00,747.68
2019-05-11 23:30:00,744.88
2019-05-11 23:45:00,736.48
2019-05-12 00:00:00,718.32
2019-05-12 00:15:00,709.52
2019-05-12 00:30:00,703.52
2019-05-12 00:45:00,701.12
2019-05-12 01:00:00,697.12
2019-05-12 01:15:00,693.44
2019-05-12 01:30:00,694.08
2019-05-12 01:45:00,690.56
2019-05-12 02:00:00,688.0
2019-05-12 02:15:00,689.04
2019-05-12 02:30:00,689.76
2019-05-12 02:45:00,688.24
2019-05-12 03:00:00,690.72
2019-05-12 03:15:00,694.4
2019-05-12 03:30:00,695.2
2019-05-12 03:45:00,692.0
2019-05-12 04:00:00,695.68
2019-05-12 04:15:00,687.52
2019-05-12 04:30:00,681.6
2019-05-12 04:45:00,675.92
2019-05-12 05:00:00,681.68
2019-05-12 05:15:00,680.0
2019-05-12 05:30:00,687.52
2019-05-12 05:45:00,694.64
2019-05-12 06:00:00,710.08
2019-05-12 06:15:00,719.68
2019-05-12 06:30:00,730.8
2019-05-12 06:45:00,746.48
2019-05-12 07:00:00,771.44
2019-05-12 07:15:00,791.28
2019-05-12 07:30:00,805.04
2019-05-12 07:45:00,818.16
2019-05-12 08:00:00,835.68
2019-05-12 08:15:00,848.48
2019-05-12 08:30:00,860.96
2019-05-12 08:45:00,874.64
2019-05-12 09:00:00,887.2
2019-05-12 09:15:00,892.4
2019-05-12 09:30:00,898.8
2019-05-12 09:45:00,898.24
2019-05-12 10:00:00,909.44
2019-05-12 10:15:00,925.2
2019-05-12 10:30:00,928.16
2019-05-12 10:45:00,930.56
2019-05-12 11:00:00,926.96
2019-05-12 11:15:00,924.96
2019-05-12 11:30:00,914.08
2019-05-12 11:45:00,901.76
2019-05-12 12:00:00,882.32
2019-05-12 12:15:00,872.56
2019-05-12 12:30:00,866.72
2019-05-12 12:45:00,860.08
2019-05-12 13:00:00,849.28
2019-05-12 13:15:00,844.56
2019-05-12 13:30:00,843.68
2019-05-12 13:45:00,838.96
2019-05-12 14:00:00,836.4
2019-05-12 14:15:00,835.36
2019-05-12 14:30:00,832.16
2019-05-12 14:45:00,824.64
2019-05-12 15:00:00,821.2
2019-05-12 15:15:00,818.32
2019-05-12 15:30:00,819.12
2019-05-12 15:45:00,823.04
2019-05-12 16:00:00,833.36
2019-05-12 16:15:00,837.04
2019-05-12 16:30:00,846.48
2019-05-12 16:45:00,856.08
2019-05-12 17:00:00,872.4
2019-05-12 17:15:00,872.4
2019-05-12 17:30:00,872.4
2019-05-12 17:45:00,873.84
2019-05-12 18:00:00,883.28
2019-05-12 18:15:00,880.64
2019-05-12 18:30:00,880.8
2019-05-12 18:45:00,883.12
2019-05-12 19:00:00,883.12
2019-05-12 19:15:00,876.32
2019-05-12 19:30:00,874.8
2019-05-12 19:45:00,871.84
2019-05-12 20:00:00,878.8
2019-05-12 20:15:00,880.64
2019-05-12 20:30:00,878.08
2019-05-12 20:45:00,884.08
2019-05-12 21:00:00,895.12
2019-05-12 21:15:00,883.6
2019-05-12 21:30:00,864.72
2019-05-12 21:45:00,850.08
2019-05-12 22:00:00,828.16
2019-05-12 22:15:00,811.36
2019-05-12 22:30:00,792.24
2019-05-12 22:45:00,785.44
2019-05-12 23:00:00,777.92
2019-05-12 23:15:00,765.76
2019-05-12 23:30:00,759.28
2019-05-12 23:45:00,755.2
2019-05-13 00:00:00,747.36
2019-05-13 00:15:00,740.16
2019-05-13 00:30:00,740.32
2019-05-13 00:45:00,735.2
2019-05-13 01:00:00,724.08
2019-05-13 01:15:00,717.68
2019-05-13 01:30:00,720.8
2019-05-13 01:45:00,719.76
2019-05-13 02:00:00,728.48
2019-05-13 02:15:00,733.84
2019-05-13 02:30:00,739.6
2019-05-13 02:45:00,745.12
2019-05-13 03:00:00,763.52
2019-05-13 03:15:00,773.04
2019-05-13 03:30:00,787.44
2019-05-13 03:45:00,804.96
2019-05-13 04:00:00,838.8
2019-05-13 04:15:00,849.6
2019-05-13 04:30:00,865.76
2019-05-13 04:45:00,906.96
2019-05-13 05:00:00,962.08
2019-05-13 05:15:00,1001.84
2019-05-13 05:30:00,1035.2
2019-05-13 05:45:00,1065.68
2019-05-13 06:00:00,1099.52
2019-05-13 06:15:00,1122.72
2019-05-13 06:30:00,1142.48
2019-05-13 06:45:00,1161.04
2019-05-13 07:00:00,1181.04
2019-05-13 07:15:00,1191.52
2019-05-13 07:30:00,1198.56
2019-05-13 07:45:00,1206.72
2019-05-13 08:00:00,1196.64
2019-05-13 08:15:00,1199.44
2019-05-13 08:30:00,1204.4
2019-05-13 08:45:00,1207.6
2019-05-13 09:00:00,1214.72
2019-05-13 09:15:00,1216.32
2019-05-13 09:30:00,1223.76
2019-05-13 09:45:00,1230.64
2019-05-13 10:00:00,1234.08
2019-05-13 10:15:00,1245.76
2019-05-13 10:30:00,1250.72
2019-05-13 10:45:00,1252.96
2019-05-13 11:00:00,1232.8
2019-05-13 11:15:00,1227.68
2019-05-13 11:30:00,1228.08
2019-05-13 11:45:00,1223.04
2019-05-13 12:00:00,1221.92
2019-05-13 12:15:00,1215.76
2019-05-13 12:30:00,1207.84
2019-05-13 12:45:00,1191.92
2019-05-13 13:00:00,1192.8
2019-05-13 13:15:00,1190.88
2019-05-13 13:30:00,1188.0
2019-05-13 13:45:00,1178.32
2019-05-13 14:00:00,1184.96
2019-05-13 14:15:00,1177.2
2019-05-13 14:30:00,1164.72
2019-05-13 14:45:00,1158.72
2019-05-13 15:00:00,1163.92
2019-05-13 15:15:00,1143.6
2019-05-13 15:30:00,1146.72
2019-05-13 15:45:00,1140.24
2019-05-13 16:00:00,1138.48
2019-05-13 16:15:00,1142.88
2019-05-13 16:30:00,1141.36
2019-05-13 16:45:00,1135.04
2019-05-13 17:00:00,1129.52
2019-05-13 17:15:00,1131.12
2019-05-13 17:30:00,1130.56
2019-05-13 17:45:00,1134.88
2019-05-13 18:00:00,1129.76
2019-05-13 18:15:00,1127.28
2019-05-13 18:30:00,1127.12
2019-05-13 18:45:00,1130.4
2019-05-13 19:00:00,1119.92
2019-05-13 19:15:00,1110.4
2019-05-13 19:30:00,1100.08
2019-05-13 19:45:00,1090.96
2019-05-13 20:00:00,1085.6
2019-05-13 20:15:00,1077.68
2019-05-13 20:30:00,1075.44
2019-05-13 20:45:00,1053.2
2019-05-13 21:00:00,1038.32
2019-05-13 21:15:00,1019.2
2019-05-13 21:30:00,992.8
2019-05-13 21:45:00,968.64
2019-05-13 22:00:00,942.64
2019-05-13 22:15:00,920.96
2019-05-13 22:30:00,904.64
2019-05-13 22:45:00,884.0
2019-05-13 23:00:00,871.76
2019-05-13 23:15:00,858.08
2019-05-13 23:30:00,852.08
2019-05-13 23:45:00,839.44
2019-05-14 00:00:00,826.24
2019-05-14 00:15:00,820.72
2019-05-14 00:30:00,816.72
2019-05-14 00:45:00,814.48
2019-05-14 01:00:00,804.48
2019-05-14 01:15:00,802.08
2019-05-14 01:30:00,802.88
2019-05-14 01:45:00,803.76
2019-05-14 02:00:00,803.12
2019-05-14 02:15:00,805.68
2019-05-14 02:30:00,813.44
2019-05-14 02:45:00,818.64
2019-05-14 03:00:00,840.24
2019-05-14 03:15:00,845.04
2019-05-14 03:30:00,853.04
2019-05-14 03:45:00,867.52
2019-05-14 04:00:00,892.24
2019-05-14 04:15:00,904.56
2019-05-14 04:30:00,918.4
2019-05-14 04:45:00,943.84
2019-05-14 05:00:00,996.24
2019-05-14 05:15:00,1038.16
2019-05-14 05:30:00,1065.44
2019-05-14 05:45:00,1092.96
2019-05-14 06:00:00,1127.6
2019-05-14 06:15:00,1144.8
2019-05-14 06:30:00,1166.16
2019-05-14 06:45:00,1181.44
2019-05-14 07:00:00,1189.12
2019-05-14 07:15:00,1202.24
2019-05-14 07:30:00,1206.96
2019-05-14 07:45:00,1210.8
2019-05-14 08:00:00,1198.96
2019-05-14 08:15:00,1206.8
2019-05-14 08:30:00,1212.24
2019-05-14 08:45:00,1212.16
2019-05-14 09:00:00,1208.64
2019-05-14 09:15:00,1217.6
2019-05-14 09:30:00,1233.04
2019-05-14 09:45:00,1245.04
2019-05-14 10:00:00,1249.52
2019-05-14 10:15:00,1259.6
2019-05-14 10:30:00,1261.92
2019-05-14 10:45:00,1253.68
2019-05-14 11:00:00,1233.04
2019-05-14 11:15:00,1228.56
2019-05-14 11:30:00,1223.6
2019-05-14 11:45:00,1221.76
2019-05-14 12:00:00,1220.8
2019-05-14 12:15:00,1214.32
2019-05-14 12:30:00,1211.6
2019-05-14 12:45:00,1197.12
2019-05-14 13:00:00,1196.16
2019-05-14 13:15:00,1199.2
2019-05-14 13:30:00,1193.52
2019-05-14 13:45:00,1185.2
2019-05-14 14:00:00,1189.12
2019-05-14 14:15:00,1184.56
2019-05-14 14:30:00,1173.04
2019-05-14 14:45:00,1164.64
2019-05-14 15:00:00,1156.24
2019-05-14 15:15:00,1152.08
2019-05-14 15:30:00,1140.56
2019-05-14 15:45:00,1135.68
2019-05-14 16:00:00,1143.52
2019-05-14 16:15:00,1146.64
2019-05-14 16:30:00,1146.0
2019-05-14 16:45:00,1145.36
2019-05-14 17:00:00,1146.48
2019-05-14 17:15:00,1145.52
2019-05-14 17:30:00,1146.88
2019-05-14 17:45:00,1147.2
2019-05-14 18:00:00,1149.76
2019-05-14 18:15:00,1145.36
2019-05-14 18:30:00,1140.96
2019-05-14 18:45:00,1137.52
2019-05-14 19:00:00,1132.56
2019-05-14 19:15:00,1123.44
2019-05-14 19:30:00,1110.08
2019-05-14 19:45:00,1105.92
2019-05-14 20:00:00,1099.36
2019-05-14 20:15:00,1085.68
2019-05-14 20:30:00,1080.48
2019-05-14 20:45:00,1065.36
2019-05-14 21:00:00,1050.0
2019-05-14 21:15:00,1028.0
2019-05-14 21:30:00,1004.48
2019-05-14 21:45:00,983.52
2019-05-14 22:00:00,960.4
2019-05-14 22:15:00,930.4
2019-05-14 22:30:00,915.28
2019-05-14 22:45:00,902.48
2019-05-14 23:00:00,879.12
2019-05-14 23:15:00,864.88
2019-05-14 23:30:00,851.44
2019-05-14 23:45:00,843.04
2019-05-15 00:00:00,834.16
2019-05-15 00:15:00,829.2
2019-05-15 00:30:00,826.48
2019-05-15 00:45:00,824.88
2019-05-15 01:00:00,815.76
2019-05-15 01:15:00,813.6
2019-05-15 01:30:00,815.76
2019-05-15 01:45:00,818.08
2019-05-15 02:00:00,822.64
2019-05-15 02:15:00,827.04
2019-05-15 02:30:00,825.84
2019-05-15 02:45:00,835.68
2019-05-15 03:00:00,849.12
2019-05-15 03:15:00,855.92
2019-05-15 03:30:00,864.08
2019-05-15 03:45:00,875.92
2019-05-15 04:00:00,900.16
2019-05-15 04:15:00,909.28
2019-05-15 04:30:00,928.8
2019-05-15 04:45:00,958.24
2019-05-15 05:00:00,1016.0
2019-05-15 05:15:00,1052.32
2019-05-15 05:30:00,1082.32
2019-05-15 05:45:00,1113.04
2019-05-15 06:00:00,1144.48
2019-05-15 06:15:00,1164.56
2019-05-15 06:30:00,1184.48
2019-05-15 06:45:00,1198.72
2019-05-15 07:00:00,1215.6
2019-05-15 07:15:00,1226.16
2019-05-15 07:30:00,1232.72
2019-05-15 07:45:00,1233.76
2019-05-15 08:00:00,1228.16
2019-05-15 08:15:00,1231.12
2019-05-15 08:30:00,1235.2
2019-05-15 08:45:00,1237.52
2019-05-15 09:00:00,1237.52
2019-05-15 09:15:00,1240.72
2019-05-15 09:30:00,1245.36
2019-05-15 09:45:00,1248.0
2019-05-15 10:00:00,1257.04
2019-05-15 10:15:00,1268.64
2019-05-15 10:30:00,1280.08
2019-05-15 10:45:00,1285.76
2019-05-15 11:00:00,1271.68
2019-05-15 11:15:00,1271.76
2019-05-15 11:30:00,1260.48
2019-05-15 11:45:00,1260.64
2019-05-15 12:00:00,1253.68
2019-05-15 12:15:00,1251.28
2019-05-15 12:30:00,1239.68
2019-05-15 12:45:00,1230.72
2019-05-15 13:00:00,1230.88
2019-05-15 13:15:00,1228.88
2019-05-15 13:30:00,1226.56
2019-05-15 13:45:00,1223.68
2019-05-15 14:00:00,1223.6
2019-05-15 14:15:00,1215.2
2019-05-15 14:30:00,1209.68
2019-05-15 14:45:00,1201.44
2019-05-15 15:00:00,1190.8
2019-05-15 15:15:00,1187.68
2019-05-15 15:30:00,1181.44
2019-05-15 15:45:00,1179.68
2019-05-15 16:00:00,1185.6
2019-05-15 16:15:00,1187.6
2019-05-15 16:30:00,1186.8
2019-05-15 16:45:00,1189.92
2019-05-15 17:00:00,1184.72
2019-05-15 17:15:00,1184.96
2019-05-15 17:30:00,1187.76
2019-05-15 17:45:00,1189.04
2019-05-15 18:00:00,1190.16
2019-05-15 18:15:00,1184.88
2019-05-15 18:30:00,1182.24
2019-05-15 18:45:00,1174.96
2019-05-15 19:00:00,1157.44
2019-05-15 19:15:00,1143.12
2019-05-15 19:30:00,1135.92
2019-05-15 19:45:00,1128.56
2019-05-15 20:00:00,1123.12
2019-05-15 20:15:00,1108.96
2019-05-15 20:30:00,1101.92
2019-05-15 20:45:00,1086.4
2019-05-15 21:00:00,1073.2
2019-05-15 21:15:00,1046.16
2019-05-15 21:30:00,1027.76
2019-05-15 21:45:00,999.28
2019-05-15 22:00:00,973.04
2019-05-15 22:15:00,955.76
2019-05-15 22:30:00,936.4
2019-05-15 22:45:00,921.2
2019-05-15 23:00:00,901.6
2019-05-15 23:15:00,887.52
2019-05-15 23:30:00,879.52
2019-05-15 23:45:00,867.52
2019-05-16 00:00:00,855.68
2019-05-16 00:15:00,851.52
2019-05-16 00:30:00,853.44
2019-05-16 00:45:00,847.6
2019-05-16 01:00:00,842.0
2019-05-16 01:15:00,842.4
2019-05-16 01:30:00,839.2
2019-05-16 01:45:00,840.64
2019-05-16 02:00:00,843.44
2019-05-16 02:15:00,849.68
2019-05-16 02:30:00,849.36
2019-05-16 02:45:00,850.08
2019-05-16 03:00:00,863.12
2019-05-16 03:15:00,869.28
2019-05-16 03:30:00,880.32
2019-05-16 03:45:00,891.44
2019-05-16 04:00:00,915.84
2019-05-16 04:15:00,931.44
2019-05-16 04:30:00,940.8
2019-05-16 04:45:00,971.52
2019-05-16 05:00:00,1024.24
2019-05-16 05:15:00,1065.84
2019-05-16 05:30:00,1098.8
2019-05-16 05:45:00,1127.84
2019-05-16 06:00:00,1163.36
2019-05-16 06:15:00,1182.56
2019-05-16 06:30:00,1198.16
2019-05-16 06:45:00,1213.28
2019-05-16 07:00:00,1227.2
2019-05-16 07:15:00,1238.32
2019-05-16 07:30:00,1245.76
2019-05-16 07:45:00,1253.68
2019-05-16 08:00:00,1247.6
2019-05-16 08:15:00,1253.68
2019-05-16 08:30:00,1263.84
2019-05-16 08:45:00,1267.6
2019-05-16 09:00:00,1270.64
2019-05-16 09:15:00,1277.2
2019-05-16 09:30:00,1278.24
2019-05-16 09:45:00,1287.92
2019-05-16 10:00:00,1295.6
2019-05-16 10:15:00,1302.64
2019-05-16 10:30:00,1300.88
2019-05-16 10:45:00,1300.24
2019-05-16 11:00:00,1282.4
2019-05-16 11:15:00,1280.08
2019-05-16 11:30:00,1276.96
2019-05-16 11:45:00,1274.24
2019-05-16 12:00:00,1280.72
2019-05-16 12:15:00,1272.4
2019-05-16 12:30:00,1263.28
2019-05-16 12:45:00,1252.16
2019-05-16 13:00:00,1248.8
2019-05-16 13:15:00,1250.4
2019-05-16 13:30:00,1242.64
2019-05-16 13:45:00,1237.36
2019-05-16 14:00:00,1240.88
2019-05-16 14:15:00,1234.8
2019-05-16 14:30:00,1228.64
2019-05-16 14:45:00,1221.52
2019-05-16 15:00:00,1220.8
2019-05-16 15:15:00,1213.68
2019-05-16 15:30:00,1213.84
2019-05-16 15:45:00,1213.36
2019-05-16 16:00:00,1218.16
2019-05-16 16:15:00,1218.08
2019-05-16 16:30:00,1222.32
2019-05-16 16:45:00,1217.44
2019-05-16 17:00:00,1216.88
2019-05-16 17:15:00,1207.2
2019-05-16 17:30:00,1206.88
2019-05-16 17:45:00,1212.16
2019-05-16 18:00:00,1210.0
2019-05-16 18:15:00,1203.84
2019-05-16 18:30:00,1195.36
2019-05-16 18:45:00,1192.32
2019-05-16 19:00:00,1179.44
2019-05-16 19:15:00,1165.52
2019-05-16 19:30:00,1156.64
2019-05-16 19:45:00,1149.84
2019-05-16 20:00:00,1141.36
2019-05-16 20:15:00,1129.92
2019-05-16 20:30:00,1115.92
2019-05-16 20:45:00,1100.48
2019-05-16 21:00:00,1083.12
2019-05-16 21:15:00,1066.24
2019-05-16 21:30:00,1040.24
2019-05-16 21:45:00,1014.72
2019-05-16 22:00:00,987.6
2019-05-16 22:15:00,967.12
2019-05-16 22:30:00,949.2
2019-05-16 22:45:00,920.32
2019-05-16 23:00:00,897.92
2019-05-16 23:15:00,889.68
2019-05-16 23:30:00,885.2
2019-05-16 23:45:00,874.8
2019-05-17 00:00:00,863.44
2019-05-17 00:15:00,861.92
2019-05-17 00:30:00,850.32
2019-05-17 00:45:00,843.44
2019-05-17 01:00:00,830.8
2019-05-17 01:15:00,831.84
2019-05-17 01:30:00,833.44
2019-05-17 01:45:00,833.52
2019-05-17 02:00:00,835.36
2019-05-17 02:15:00,839.68
2019-05-17 02:30:00,838.48
2019-05-17 02:45:00,844.16
2019-05-17 03:00:00,853.28
2019-05-17 03:15:00,861.12
2019-05-17 03:30:00,873.6
2019-05-17 03:45:00,883.68
2019-05-17 04:00:00,907.04
2019-05-17 04:15:00,910.16
2019-05-17 04:30:00,928.24
2019-05-17 04:45:00,957.12
2019-05-17 05:00:00,1019.12
2019-05-17 05:15:00,1055.28
2019-05-17 05:30:00,1086.16
2019-05-17 05:45:00,1116.96
2019-05-17 06:00:00,1150.64
2019-05-17 06:15:00,1171.68
2019-05-17 06:30:00,1186.64
2019-05-17 06:45:00,1202.4
2019-05-17 07:00:00,1221.6
2019-05-17 07:15:00,1234.0
2019-05-17 07:30:00,1235.36
2019-05-17 07:45:00,1238.24
2019-05-17 08:00:00,1229.36
2019-05-17 08:15:00,1230.56
2019-05-17 08:30:00,1237.36
2019-05-17 08:45:00,1241.36
2019-05-17 09:00:00,1239.44
2019-05-17 09:15:00,1247.2
2019-05-17 09:30:00,1252.24
2019-05-17 09:45:00,1265.68
2019-05-17 10:00:00,1268.32
2019-05-17 10:15:00,1274.24
2019-05-17 10:30:00,1274.96
2019-05-17 10:45:00,1270.8
2019-05-17 11:00:00,1264.72
2019-05-17 11:15:00,1256.64
2019-05-17 11:30:00,1255.68
2019-05-17 11:45:00,1250.4
2019-05-17 12:00:00,1243.2
2019-05-17 12:15:00,1233.36
2019-05-17 12:30:00,1224.16
2019-05-17 12:45:00,1210.48
2019-05-17 13:00:00,1205.76
2019-05-17 13:15:00,1199.04
2019-05-17 13:30:00,1193.84
2019-05-17 13:45:00,1184.64
2019-05-17 14:00:00,1188.8
2019-05-17 14:15:00,1183.28
2019-05-17 14:30:00,1165.68
2019-05-17 14:45:00,1158.48
2019-05-17 15:00:00,1161.84
2019-05-17 15:15:00,1157.6
2019-05-17 15:30:00,1146.4
2019-05-17 15:45:00,1142.64
2019-05-17 16:00:00,1140.88
2019-05-17 16:15:00,1129.52
2019-05-17 16:30:00,1134.16
2019-05-17 16:45:00,1131.6
2019-05-17 17:00:00,1130.08
2019-05-17 17:15:00,1124.08
2019-05-17 17:30:00,1121.36
2019-05-17 17:45:00,1120.64
2019-05-17 18:00:00,1114.32
2019-05-17 18:15:00,1109.28
2019-05-17 18:30:00,1104.72
2019-05-17 18:45:00,1096.48
2019-05-17 19:00:00,1086.88
2019-05-17 19:15:00,1073.28
2019-05-17 19:30:00,1062.24
2019-05-17 19:45:00,1049.84
2019-05-17 20:00:00,1040.48
2019-05-17 20:15:00,1034.64
2019-05-17 20:30:00,1027.52
2019-05-17 20:45:00,1014.32
2019-05-17 21:00:00,1006.0
2019-05-17 21:15:00,988.4
2019-05-17 21:30:00,962.32
2019-05-17 21:45:00,941.04
2019-05-17 22:00:00,917.2
2019-05-17 22:15:00,897.68
2019-05-17 22:30:00,872.88
2019-05-17 22:45:00,860.08
2019-05-17 23:00:00,822.0
2019-05-17 23:15:00,810.8
2019-05-17 23:30:00,804.48
2019-05-17 23:45:00,793.12
2019-05-18 00:00:00,783.76
2019-05-18 00:15:00,774.88
2019-05-18 00:30:00,769.52
2019-05-18 00:45:00,762.32
2019-05-18 01:00:00,750.56
2019-05-18 01:15:00,747.04
2019-05-18 01:30:00,745.2
2019-05-18 01:45:00,742.64
2019-05-18 02:00:00,737.52
2019-05-18 02:15:00,736.72
2019-05-18 02:30:00,739.2
2019-05-18 02:45:00,742.72
2019-05-18 03:00:00,741.84
2019-05-18 03:15:00,743.04
2019-05-18 03:30:00,744.32
2019-05-18 03:45:00,748.48
2019-05-18 04:00:00,749.84
2019-05-18 04:15:00,742.64
2019-05-18 04:30:00,738.96
2019-05-18 04:45:00,741.6
2019-05-18 05:00:00,750.48
2019-05-18 05:15:00,762.8
2019-05-18 05:30:00,770.96
2019-05-18 05:45:00,788.8
2019-05-18 06:00:00,804.08
2019-05-18 06:15:00,825.92
2019-05-18 06:30:00,845.52
2019-05-18 06:45:00,865.36
2019-05-18 07:00:00,888.56
2019-05-18 07:15:00,903.6
2019-05-18 07:30:00,918.96
2019-05-18 07:45:00,936.16
2019-05-18 08:00:00,941.2
2019-05-18 08:15:00,951.68
2019-05-18 08:30:00,963.2
2019-05-18 08:45:00,979.44
2019-05-18 09:00:00,984.16
2019-05-18 09:15:00,988.16
2019-05-18 09:30:00,996.96
2019-05-18 09:45:00,1003.84
2019-05-18 10:00:00,1005.52
2019-05-18 10:15:00,1005.04
2019-05-18 10:30:00,1006.32
2019-05-18 10:45:00,1006.56
2019-05-18 11:00:00,1002.4
2019-05-18 11:15:00,1001.04
2019-05-18 11:30:00,993.36
2019-05-18 11:45:00,984.48
2019-05-18 12:00:00,973.52
2019-05-18 12:15:00,963.84
2019-05-18 12:30:00,956.96
2019-05-18 12:45:00,951.12
2019-05-18 13:00:00,941.92
2019-05-18 13:15:00,934.48
2019-05-18 13:30:00,926.72
2019-05-18 13:45:00,924.72
2019-05-18 14:00:00,927.68
2019-05-18 14:15:00,922.4
2019-05-18 14:30:00,917.44
2019-05-18 14:45:00,908.8
2019-05-18 15:00:00,903.6
2019-05-18 15:15:00,898.48
2019-05-18 15:30:00,894.32
2019-05-18 15:45:00,897.52
2019-05-18 16:00:00,902.56
2019-05-18 16:15:00,903.76
2019-05-18 16:30:00,908.24
2019-05-18 16:45:00,910.56
2019-05-18 17:00:00,922.96
2019-05-18 17:15:00,915.68
2019-05-18 17:30:00,917.84
2019-05-18 17:45:00,918.32
2019-05-18 18:00:00,922.72
2019-05-18 18:15:00,920.72
2019-05-18 18:30:00,915.28
2019-05-18 18:45:00,903.52
2019-05-18 19:00:00,898.0
2019-05-18 19:15:00,886.96
2019-05-18 19:30:00,882.88
2019-05-18 19:45:00,874.16
2019-05-18 20:00:00,877.6
2019-05-18 20:15:00,870.08
2019-05-18 20:30:00,871.04
2019-05-18 20:45:00,867.28
2019-05-18 21:00:00,869.2
2019-05-18 21:15:00,859.68
2019-05-18 21:30:00,843.6
2019-05-18 21:45:00,823.36
2019-05-18 22:00:00,804.32
2019-05-18 22:15:00,791.92
2019-05-18 22:30:00,781.28
2019-05-18 22:45:00,767.84
2019-05-18 23:00:00,737.68
2019-05-18 23:15:00,730.08
2019-05-18 23:30:00,718.24
2019-05-18 23:45:00,712.24
2019-05-19 00:00:00,691.68
2019-05-19 00:15:00,684.96
2019-05-19 00:30:00,672.88
2019-05-19 00:45:00,668.8
2019-05-19 01:00:00,663.36
2019-05-19 01:15:00,658.96
2019-05-19 01:30:00,653.84
2019-05-19 01:45:00,650.56
2019-05-19 02:00:00,651.2
2019-05-19 02:15:00,645.28
2019-05-19 02:30:00,649.28
2019-05-19 02:45:00,647.76
2019-05-19 03:00:00,643.36
2019-05-19 03:15:00,643.28
2019-05-19 03:30:00,648.24
2019-05-19 03:45:00,646.16
2019-05-19 04:00:00,650.88
2019-05-19 04:15:00,639.2
2019-05-19 04:30:00,637.92
2019-05-19 04:45:00,639.12
2019-05-19 05:00:00,641.84
2019-05-19 05:15:00,648.08
2019-05-19 05:30:00,650.96
2019-05-19 05:45:00,660.96
2019-05-19 06:00:00,677.28
2019-05-19 06:15:00,688.72
2019-05-19 06:30:00,705.2
2019-05-19 06:45:00,721.52
2019-05-19 07:00:00,745.6
2019-05-19 07:15:00,763.44
2019-05-19 07:30:00,778.64
2019-05-19 07:45:00,792.0
2019-05-19 08:00:00,807.44
2019-05-19 08:15:00,822.8
2019-05-19 08:30:00,832.24
2019-05-19 08:45:00,846.08
2019-05-19 09:00:00,853.84
2019-05-19 09:15:00,862.48
2019-05-19 09:30:00,873.44
2019-05-19 09:45:00,879.12
2019-05-19 10:00:00,895.76
2019-05-19 10:15:00,910.64
2019-05-19 10:30:00,920.08
2019-05-19 10:45:00,918.88
2019-05-19 11:00:00,917.76
2019-05-19 11:15:00,914.32
2019-05-19 11:30:00,908.0
2019-05-19 11:45:00,903.04
2019-05-19 12:00:00,885.12
2019-05-19 12:15:00,874.72
2019-05-19 12:30:00,870.96
2019-05-19 12:45:00,863.84
2019-05-19 13:00:00,851.76
2019-05-19 13:15:00,845.68
2019-05-19 13:30:00,844.08
2019-05-19 13:45:00,842.72
2019-05-19 14:00:00,838.88
2019-05-19 14:15:00,839.6
2019-05-19 14:30:00,838.24
2019-05-19 14:45:00,839.04
2019-05-19 15:00:00,840.08
2019-05-19 15:15:00,833.28
2019-05-19 15:30:00,838.72
2019-05-19 15:45:00,842.0
2019-05-19 16:00:00,860.16
2019-05-19 16:15:00,863.52
2019-05-19 16:30:00,867.44
2019-05-19 16:45:00,881.84
2019-05-19 17:00:00,891.84
2019-05-19 17:15:00,895.44
2019-05-19 17:30:00,895.6
2019-05-19 17:45:00,903.2
2019-05-19 18:00:00,903.84
2019-05-19 18:15:00,902.32
2019-05-19 18:30:00,903.68
2019-05-19 18:45:00,896.96
2019-05-19 19:00:00,908.96
2019-05-19 19:15:00,900.48
2019-05-19 19:30:00,898.88
2019-05-19 19:45:00,889.84
2019-05-19 20:00:00,890.0
2019-05-19 20:15:00,892.56
2019-05-19 20:30:00,890.32
2019-05-19 20:45:00,892.88
2019-05-19 21:00:00,901.68
2019-05-19 21:15:00,890.4
2019-05-19 21:30:00,871.92
2019-05-19 21:45:00,856.8
2019-05-19 22:00:00,830.48
2019-05-19 22:15:00,809.04
2019-05-19 22:30:00,792.16
2019-05-19 22:45:00,776.64
2019-05-19 23:00:00,761.92
2019-05-19 23:15:00,748.08
2019-05-19 23:30:00,741.76
2019-05-19 23:45:00,730.0
2019-05-20 00:00:00,728.8
2019-05-20 00:15:00,723.92
2019-05-20 00:30:00,716.8
2019-05-20 00:45:00,711.36
2019-05-20 01:00:00,709.36
2019-05-20 01:15:00,712.4
2019-05-20 01:30:00,715.04
2019-05-20 01:45:00,711.04
2019-05-20 02:00:00,717.28
2019-05-20 02:15:00,720.4
2019-05-20 02:30:00,721.76
2019-05-20 02:45:00,725.04
2019-05-20 03:00:00,737.2
2019-05-20 03:15:00,746.4
2019-05-20 03:30:00,753.2
2019-05-20 03:45:00,769.68
2019-05-20 04:00:00,795.68
2019-05-20 04:15:00,813.36
2019-05-20 04:30:00,839.36
2019-05-20 04:45:00,875.36
2019-05-20 05:00:00,943.52
2019-05-20 05:15:00,993.44
2019-05-20 05:30:00,1030.4
2019-05-20 05:45:00,1065.36
2019-05-20 06:00:00,1104.4
2019-05-20 06:15:00,1124.88
2019-05-20 06:30:00,1141.04
2019-05-20 06:45:00,1162.4
2019-05-20 07:00:00,1186.0
2019-05-20 07:15:00,1198.32
2019-05-20 07:30:00,1204.24
2019-05-20 07:45:00,1207.76
2019-05-20 08:00:00,1203.6
2019-05-20 08:15:00,1215.2
2019-05-20 08:30:00,1227.76
2019-05-20 08:45:00,1232.64
2019-05-20 09:00:00,1237.92
2019-05-20 09:15:00,1241.68
2019-05-20 09:30:00,1249.2
2019-05-20 09:45:00,1254.72
2019-05-20 10:00:00,1259.68
2019-05-20 10:15:00,1266.72
2019-05-20 10:30:00,1274.0
2019-05-20 10:45:00,1276.08
2019-05-20 11:00:00,1268.88
2019-05-20 11:15:00,1267.2
2019-05-20 11:30:00,1270.32
2019-05-20 11:45:00,1275.76
2019-05-20 12:00:00,1276.16
2019-05-20 12:15:00,1270.56
2019-05-20 12:30:00,1269.44
2019-05-20 12:45:00,1254.4
2019-05-20 13:00:00,1247.84
2019-05-20 13:15:00,1243.92
2019-05-20 13:30:00,1244.16
2019-05-20 13:45:00,1240.72
2019-05-20 14:00:00,1236.56
2019-05-20 14:15:00,1230.48
2019-05-20 14:30:00,1219.92
2019-05-20 14:45:00,1214.4
2019-05-20 15:00:00,1211.76
2019-05-20 15:15:00,1200.48
2019-05-20 15:30:00,1196.56
2019-05-20 15:45:00,1198.88
2019-05-20 16:00:00,1201.36
2019-05-20 16:15:00,1204.64
2019-05-20 16:30:00,1206.4
2019-05-20 16:45:00,1207.52
2019-05-20 17:00:00,1200.8
2019-05-20 17:15:00,1199.6
2019-05-20 17:30:00,1195.6
2019-05-20 17:45:00,1198.24
2019-05-20 18:00:00,1199.28
2019-05-20 18:15:00,1188.32
2019-05-20 18:30:00,1182.32
2019-05-20 18:45:00,1175.28
2019-05-20 19:00:00,1166.4
2019-05-20 19:15:00,1151.2
2019-05-20 19:30:00,1134.8
2019-05-20 19:45:00,1126.64
2019-05-20 20:00:00,1116.32
2019-05-20 20:15:00,1098.48
2019-05-20 20:30:00,1083.68
2019-05-20 20:45:00,1067.84
2019-05-20 21:00:00,1053.68
2019-05-20 21:15:00,1030.8
2019-05-20 21:30:00,1010.24
2019-05-20 21:45:00,989.12
2019-05-20 22:00:00,966.08
2019-05-20 22:15:00,943.68
2019-05-20 22:30:00,925.2
2019-05-20 22:45:00,904.8
2019-05-20 23:00:00,888.64
2019-05-20 23:15:00,875.2
2019-05-20 23:30:00,861.44
2019-05-20 23:45:00,852.08
2019-05-21 00:00:00,844.72
2019-05-21 00:15:00,839.12
2019-05-21 00:30:00,827.52
2019-05-21 00:45:00,828.32
2019-05-21 01:00:00,818.0
2019-05-21 01:15:00,816.96
2019-05-21 01:30:00,811.52
2019-05-21 01:45:00,816.0
2019-05-21 02:00:00,818.88
2019-05-21 02:15:00,824.0
2019-05-21 02:30:00,824.8
2019-05-21 02:45:00,830.72
2019-05-21 03:00:00,842.24
2019-05-21 03:15:00,845.12
2019-05-21 03:30:00,860.32
2019-05-21 03:45:00,874.0
2019-05-21 04:00:00,894.4
2019-05-21 04:15:00,910.88
2019-05-21 04:30:00,930.72
2019-05-21 04:45:00,958.96
2019-05-21 05:00:00,1017.12
2019-05-21 05:15:00,1061.68
2019-05-21 05:30:00,1092.24
2019-05-21 05:45:00,1121.6
2019-05-21 06:00:00,1154.32
2019-05-21 06:15:00,1176.24
2019-05-21 06:30:00,1199.44
2019-05-21 06:45:00,1216.08
2019-05-21 07:00:00,1242.16
2019-05-21 07:15:00,1251.36
2019-05-21 07:30:00,1264.88
2019-05-21 07:45:00,1266.64
2019-05-21 08:00:00,1259.44
2019-05-21 08:15:00,1260.64
2019-05-21 08:30:00,1276.08
2019-05-21 08:45:00,1281.84
2019-05-21 09:00:00,1284.08
2019-05-21 09:15:00,1286.88
2019-05-21 09:30:00,1293.28
2019-05-21 09:45:00,1298.4
2019-05-21 10:00:00,1310.0
2019-05-21 10:15:00,1322.48
2019-05-21 10:30:00,1329.68
2019-05-21 10:45:00,1332.0
2019-05-21 11:00:00,1319.2
2019-05-21 11:15:00,1314.4
2019-05-21 11:30:00,1311.12
2019-05-21 11:45:00,1310.8
2019-05-21 12:00:00,1309.2
2019-05-21 12:15:00,1302.32
2019-05-21 12:30:00,1292.88
2019-05-21 12:45:00,1278.08
2019-05-21 13:00:00,1274.24
2019-05-21 13:15:00,1275.68
2019-05-21 13:30:00,1271.28
2019-05-21 13:45:00,1268.4
2019-05-21 14:00:00,1265.92
2019-05-21 14:15:00,1258.48
2019-05-21 14:30:00,1254.48
2019-05-21 14:45:00,1242.56
2019-05-21 15:00:00,1238.48
2019-05-21 15:15:00,1232.0
2019-05-21 15:30:00,1230.64
2019-05-21 15:45:00,1231.04
2019-05-21 16:00:00,1225.36
2019-05-21 16:15:00,1224.56
2019-05-21 16:30:00,1227.76
2019-05-21 16:45:00,1225.84
2019-05-21 17:00:00,1220.48
2019-05-21 17:15:00,1212.4
2019-05-21 17:30:00,1213.68
2019-05-21 17:45:00,1213.68
2019-05-21 18:00:00,1207.28
2019-05-21 18:15:00,1202.48
2019-05-21 18:30:00,1192.56
2019-05-21 18:45:00,1189.84
2019-05-21 19:00:00,1174.08
2019-05-21 19:15:00,1161.52
2019-05-21 19:30:00,1147.36
2019-05-21 19:45:00,1134.88
2019-05-21 20:00:00,1126.32
2019-05-21 20:15:00,1120.88
2019-05-21 20:30:00,1102.24
2019-05-21 20:45:00,1084.24
2019-05-21 21:00:00,1074.16
2019-05-21 21:15:00,1054.0
2019-05-21 21:30:00,1029.6
2019-05-21 21:45:00,1008.64
2019-05-21 22:00:00,976.96
2019-05-21 22:15:00,951.76
2019-05-21 22:30:00,935.12
2019-05-21 22:45:00,918.16
2019-05-21 23:00:00,898.24
2019-05-21 23:15:00,881.6
2019-05-21 23:30:00,872.72
2019-05-21 23:45:00,863.44
2019-05-22 00:00:00,835.76
2019-05-22 00:15:00,830.96
2019-05-22 00:30:00,823.2
2019-05-22 00:45:00,819.04
2019-05-22 01:00:00,820.72
2019-05-22 01:15:00,817.52
2019-05-22 01:30:00,812.56
2019-05-22 01:45:00,816.88
2019-05-22 02:00:00,810.88
2019-05-22 02:15:00,817.92
2019-05-22 02:30:00,818.0
2019-05-22 02:45:00,821.76
2019-05-22 03:00:00,828.72
2019-05-22 03:15:00,838.08
2019-05-22 03:30:00,849.04
2019-05-22 03:45:00,861.68
2019-05-22 04:00:00,890.08
2019-05-22 04:15:00,904.64
2019-05-22 04:30:00,922.24
2019-05-22 04:45:00,945.84
2019-05-22 05:00:00,1010.24
2019-05-22 05:15:00,1057.04
2019-05-22 05:30:00,1090.4
2019-05-22 05:45:00,1125.76
2019-05-22 06:00:00,1162.56
2019-05-22 06:15:00,1187.92
2019-05-22 06:30:00,1207.28
2019-05-22 06:45:00,1219.04
2019-05-22 07:00:00,1238.24
2019-05-22 07:15:00,1250.64
2019-05-22 07:30:00,1258.08
2019-05-22 07:45:00,1259.36
2019-05-22 08:00:00,1252.32
2019-05-22 08:15:00,1255.36
2019-05-22 08:30:00,1265.52
2019-05-22 08:45:00,1269.28
2019-05-22 09:00:00,1268.08
2019-05-22 09:15:00,1270.72
2019-05-22 09:30:00,1277.84
2019-05-22 09:45:00,1285.44
2019-05-22 10:00:00,1286.56
2019-05-22 10:15:00,1288.8
2019-05-22 10:30:00,1290.32
2019-05-22 10:45:00,1287.44
2019-05-22 11:00:00,1272.56
2019-05-22 11:15:00,1265.6
2019-05-22 11:30:00,1260.48
2019-05-22 11:45:00,1260.96
2019-05-22 12:00:00,1258.4
2019-05-22 12:15:00,1254.96
2019-05-22 12:30:00,1243.68
2019-05-22 12:45:00,1233.2
2019-05-22 13:00:00,1230.32
2019-05-22 13:15:00,1234.8
2019-05-22 13:30:00,1224.16
2019-05-22 13:45:00,1223.52
2019-05-22 14:00:00,1216.16
2019-05-22 14:15:00,1202.0
2019-05-22 14:30:00,1195.52
2019-05-22 14:45:00,1184.8
2019-05-22 15:00:00,1170.16
2019-05-22 15:15:00,1166.8
2019-05-22 15:30:00,1160.96
2019-05-22 15:45:00,1156.8
2019-05-22 16:00:00,1161.92
2019-05-22 16:15:00,1168.96
2019-05-22 16:30:00,1172.88
2019-05-22 16:45:00,1170.32
2019-05-22 17:00:00,1169.52
2019-05-22 17:15:00,1164.8
2019-05-22 17:30:00,1166.24
2019-05-22 17:45:00,1167.84
2019-05-22 18:00:00,1171.36
2019-05-22 18:15:00,1169.68
2019-05-22 18:30:00,1162.0
2019-05-22 18:45:00,1154.0
2019-05-22 19:00:00,1148.4
2019-05-22 19:15:00,1135.6
2019-05-22 19:30:00,1124.08
2019-05-22 19:45:00,1109.84
2019-05-22 20:00:00,1106.72
2019-05-22 20:15:00,1101.76
2019-05-22 20:30:00,1084.96
2019-05-22 20:45:00,1071.36
2019-05-22 21:00:00,1062.32
2019-05-22 21:15:00,1040.64
2019-05-22 21:30:00,1014.8
2019-05-22 21:45:00,991.44
2019-05-22 22:00:00,962.24
2019-05-22 22:15:00,941.2
2019-05-22 22:30:00,919.6
2019-05-22 22:45:00,904.16
2019-05-22 23:00:00,883.36
2019-05-22 23:15:00,862.96
2019-05-22 23:30:00,853.2
2019-05-22 23:45:00,840.88
2019-05-23 00:00:00,842.8
2019-05-23 00:15:00,833.84
2019-05-23 00:30:00,830.72
2019-05-23 00:45:00,823.92
2019-05-23 01:00:00,823.44
2019-05-23 01:15:00,817.52
2019-05-23 01:30:00,822.4
2019-05-23 01:45:00,818.88
2019-05-23 02:00:00,825.04
2019-05-23 02:15:00,825.92
2019-05-23 02:30:00,826.16
2019-05-23 02:45:00,827.12
2019-05-23 03:00:00,844.0
2019-05-23 03:15:00,848.88
2019-05-23 03:30:00,861.84
2019-05-23 03:45:00,873.52
2019-05-23 04:00:00,897.52
2019-05-23 04:15:00,905.92
2019-05-23 04:30:00,921.04
2019-05-23 04:45:00,947.92
2019-05-23 05:00:00,1013.2
2019-05-23 05:15:00,1052.0
2019-05-23 05:30:00,1083.6
2019-05-23 05:45:00,1107.36
2019-05-23 06:00:00,1141.6
2019-05-23 06:15:00,1160.48
2019-05-23 06:30:00,1178.32
2019-05-23 06:45:00,1194.0
2019-05-23 07:00:00,1215.52
2019-05-23 07:15:00,1223.76
2019-05-23 07:30:00,1228.16
2019-05-23 07:45:00,1233.04
2019-05-23 08:00:00,1228.32
2019-05-23 08:15:00,1235.76
2019-05-23 08:30:00,1236.48
2019-05-23 08:45:00,1239.36
2019-05-23 09:00:00,1233.76
2019-05-23 09:15:00,1236.32
2019-05-23 09:30:00,1239.12
2019-05-23 09:45:00,1245.36
2019-05-23 10:00:00,1241.84
2019-05-23 10:15:00,1250.56
2019-05-23 10:30:00,1255.28
2019-05-23 10:45:00,1256.48
2019-05-23 11:00:00,1242.96
2019-05-23 11:15:00,1241.36
2019-05-23 11:30:00,1239.28
2019-05-23 11:45:00,1240.96
2019-05-23 12:00:00,1237.84
2019-05-23 12:15:00,1232.32
2019-05-23 12:30:00,1226.8
2019-05-23 12:45:00,1210.08
2019-05-23 13:00:00,1210.0
2019-05-23 13:15:00,1209.44
2019-05-23 13:30:00,1200.96
2019-05-23 13:45:00,1195.2
2019-05-23 14:00:00,1195.6
2019-05-23 14:15:00,1188.32
2019-05-23 14:30:00,1181.84
2019-05-23 14:45:00,1173.12
2019-05-23 15:00:00,1174.96
2019-05-23 15:15:00,1170.08
2019-05-23 15:30:00,1162.0
2019-05-23 15:45:00,1158.16
2019-05-23 16:00:00,1162.4
2019-05-23 16:15:00,1164.4
2019-05-23 16:30:00,1165.76
2019-05-23 16:45:00,1164.16
2019-05-23 17:00:00,1166.72
2019-05-23 17:15:00,1169.04
2019-05-23 17:30:00,1166.08
2019-05-23 17:45:00,1169.2
2019-05-23 18:00:00,1165.04
2019-05-23 18:15:00,1156.96
2019-05-23 18:30:00,1158.32
2019-05-23 18:45:00,1151.6
2019-05-23 19:00:00,1135.6
2019-05-23 19:15:00,1122.48
2019-05-23 19:30:00,1111.44
2019-05-23 19:45:00,1105.12
2019-05-23 20:00:00,1100.88
2019-05-23 20:15:00,1088.72
2019-05-23 20:30:00,1085.28
2019-05-23 20:45:00,1069.44
2019-05-23 21:00:00,1056.72
2019-05-23 21:15:00,1042.32
2019-05-23 21:30:00,1015.04
2019-05-23 21:45:00,991.92
2019-05-23 22:00:00,958.88
2019-05-23 22:15:00,936.0
2019-05-23 22:30:00,919.2
2019-05-23 22:45:00,902.0
2019-05-23 23:00:00,886.96
2019-05-23 23:15:00,871.6
2019-05-23 23:30:00,859.04
2019-05-23 23:45:00,846.96
2019-05-24 00:00:00,826.72
2019-05-24 00:15:00,816.8
2019-05-24 00:30:00,810.24
2019-05-24 00:45:00,808.8
2019-05-24 01:00:00,795.44
2019-05-24 01:15:00,792.72
2019-05-24 01:30:00,796.48
2019-05-24 01:45:00,799.44
2019-05-24 02:00:00,800.32
2019-05-24 02:15:00,803.04
2019-05-24 02:30:00,805.76
2019-05-24 02:45:00,809.6
2019-05-24 03:00:00,821.52
2019-05-24 03:15:00,833.44
2019-05-24 03:30:00,837.6
2019-05-24 03:45:00,847.84
2019-05-24 04:00:00,871.28
2019-05-24 04:15:00,883.6
2019-05-24 04:30:00,898.88
2019-05-24 04:45:00,928.08
2019-05-24 05:00:00,988.16
2019-05-24 05:15:00,1032.64
2019-05-24 05:30:00,1062.24
2019-05-24 05:45:00,1088.64
2019-05-24 06:00:00,1126.0
2019-05-24 06:15:00,1145.28
2019-05-24 06:30:00,1157.92
2019-05-24 06:45:00,1173.04
2019-05-24 07:00:00,1195.76
2019-05-24 07:15:00,1207.28
2019-05-24 07:30:00,1216.88
2019-05-24 07:45:00,1220.72
2019-05-24 08:00:00,1216.24
2019-05-24 08:15:00,1217.36
2019-05-24 08:30:00,1232.56
2019-05-24 08:45:00,1234.72
2019-05-24 09:00:00,1233.6
2019-05-24 09:15:00,1237.28
2019-05-24 09:30:00,1244.0
2019-05-24 09:45:00,1249.76
2019-05-24 10:00:00,1245.12
2019-05-24 10:15:00,1257.28
2019-05-24 10:30:00,1256.08
2019-05-24 10:45:00,1256.16
2019-05-24 11:00:00,1249.84
2019-05-24 11:15:00,1247.12
2019-05-24 11:30:00,1242.16
2019-05-24 11:45:00,1241.52
2019-05-24 12:00:00,1235.84
2019-05-24 12:15:00,1226.64
2019-05-24 12:30:00,1217.52
2019-05-24 12:45:00,1198.32
2019-05-24 13:00:00,1187.28
2019-05-24 13:15:00,1180.32
2019-05-24 13:30:00,1172.96
2019-05-24 13:45:00,1169.44
2019-05-24 14:00:00,1173.36
2019-05-24 14:15:00,1163.28
2019-05-24 14:30:00,1154.72
2019-05-24 14:45:00,1148.24
2019-05-24 15:00:00,1140.4
2019-05-24 15:15:00,1134.32
2019-05-24 15:30:00,1126.16
2019-05-24 15:45:00,1122.48
2019-05-24 16:00:00,1132.32
2019-05-24 16:15:00,1129.92
2019-05-24 16:30:00,1127.92
2019-05-24 16:45:00,1127.2
2019-05-24 17:00:00,1123.36
2019-05-24 17:15:00,1123.44
2019-05-24 17:30:00,1122.56
2019-05-24 17:45:00,1126.32
2019-05-24 18:00:00,1120.88
2019-05-24 18:15:00,1108.56
2019-05-24 18:30:00,1104.64
2019-05-24 18:45:00,1104.0
2019-05-24 19:00:00,1090.08
2019-05-24 19:15:00,1073.36
2019-05-24 19:30:00,1062.0
2019-05-24 19:45:00,1050.24
2019-05-24 20:00:00,1037.12
2019-05-24 20:15:00,1031.84
2019-05-24 20:30:00,1022.0
2019-05-24 20:45:00,1011.12
2019-05-24 21:00:00,996.4
2019-05-24 21:15:00,977.76
2019-05-24 21:30:00,956.48
2019-05-24 21:45:00,934.56
2019-05-24 22:00:00,900.0
2019-05-24 22:15:00,877.68
2019-05-24 22:30:00,865.04
2019-05-24 22:45:00,852.32
2019-05-24 23:00:00,832.24
2019-05-24 23:15:00,817.84
2019-05-24 23:30:00,805.36
2019-05-24 23:45:00,797.92
2019-05-25 00:00:00,777.12
2019-05-25 00:15:00,762.16
2019-05-25 00:30:00,755.76
2019-05-25 00:45:00,748.64
2019-05-25 01:00:00,740.96
2019-05-25 01:15:00,732.56
2019-05-25 01:30:00,733.68
2019-05-25 01:45:00,731.6
2019-05-25 02:00:00,728.96
2019-05-25 02:15:00,725.52
2019-05-25 02:30:00,726.4
2019-05-25 02:45:00,723.6
2019-05-25 03:00:00,725.04
2019-05-25 03:15:00,726.72
2019-05-25 03:30:00,729.36
2019-05-25 03:45:00,730.16
2019-05-25 04:00:00,732.24
2019-05-25 04:15:00,725.92
2019-05-25 04:30:00,724.96
2019-05-25 04:45:00,728.64
2019-05-25 05:00:00,749.68
2019-05-25 05:15:00,762.72
2019-05-25 05:30:00,771.84
2019-05-25 05:45:00,784.48
2019-05-25 06:00:00,806.56
2019-05-25 06:15:00,824.72
2019-05-25 06:30:00,847.04
2019-05-25 06:45:00,866.96
2019-05-25 07:00:00,890.72
2019-05-25 07:15:00,907.28
2019-05-25 07:30:00,921.44
2019-05-25 07:45:00,941.12
2019-05-25 08:00:00,956.08
2019-05-25 08:15:00,962.24
2019-05-25 08:30:00,971.68
2019-05-25 08:45:00,981.92
2019-05-25 09:00:00,986.4
2019-05-25 09:15:00,993.76
2019-05-25 09:30:00,998.56
2019-05-25 09:45:00,1003.84
2019-05-25 10:00:00,1004.24
2019-05-25 10:15:00,1004.8
2019-05-25 10:30:00,1013.76
2019-05-25 10:45:00,1009.52
2019-05-25 11:00:00,1006.08
2019-05-25 11:15:00,998.16
2019-05-25 11:30:00,992.56
2019-05-25 11:45:00,987.92
2019-05-25 12:00:00,975.12
2019-05-25 12:15:00,964.64
2019-05-25 12:30:00,951.68
2019-05-25 12:45:00,938.4
2019-05-25 13:00:00,930.08
2019-05-25 13:15:00,919.28
2019-05-25 13:30:00,925.36
2019-05-25 13:45:00,914.64
2019-05-25 14:00:00,921.6
2019-05-25 14:15:00,922.24
2019-05-25 14:30:00,913.36
2019-05-25 14:45:00,904.32
2019-05-25 15:00:00,900.16
2019-05-25 15:15:00,890.8
2019-05-25 15:30:00,890.96
2019-05-25 15:45:00,891.44
2019-05-25 16:00:00,905.76
2019-05-25 16:15:00,906.64
2019-05-25 16:30:00,907.68
2019-05-25 16:45:00,917.6
2019-05-25 17:00:00,919.52
2019-05-25 17:15:00,918.4
2019-05-25 17:30:00,918.0
2019-05-25 17:45:00,924.24
2019-05-25 18:00:00,923.84
2019-05-25 18:15:00,914.88
2019-05-25 18:30:00,913.12
2019-05-25 18:45:00,910.96
2019-05-25 19:00:00,906.48
2019-05-25 19:15:00,889.68
2019-05-25 19:30:00,876.4
2019-05-25 19:45:00,878.8
2019-05-25 20:00:00,875.76
2019-05-25 20:15:00,863.84
2019-05-25 20:30:00,863.6
2019-05-25 20:45:00,862.08
2019-05-25 21:00:00,863.76
2019-05-25 21:15:00,849.84
2019-05-25 21:30:00,839.12
2019-05-25 21:45:00,822.88
2019-05-25 22:00:00,803.04
2019-05-25 22:15:00,783.6
2019-05-25 22:30:00,765.52
2019-05-25 22:45:00,756.0
2019-05-25 23:00:00,732.88
2019-05-25 23:15:00,722.32
2019-05-25 23:30:00,712.0
2019-05-25 23:45:00,700.48
2019-05-26 00:00:00,689.12
2019-05-26 00:15:00,678.72
2019-05-26 00:30:00,671.68
2019-05-26 00:45:00,668.32
2019-05-26 01:00:00,659.36
2019-05-26 01:15:00,652.24
2019-05-26 01:30:00,653.44
2019-05-26 01:45:00,655.28
2019-05-26 02:00:00,657.68
2019-05-26 02:15:00,655.92
2019-05-26 02:30:00,659.12
2019-05-26 02:45:00,653.84
2019-05-26 03:00:00,660.0
2019-05-26 03:15:00,660.56
2019-05-26 03:30:00,664.8
2019-05-26 03:45:00,663.36
2019-05-26 04:00:00,661.68
2019-05-26 04:15:00,654.16
2019-05-26 04:30:00,656.56
2019-05-26 04:45:00,657.44
2019-05-26 05:00:00,662.48
2019-05-26 05:15:00,660.32
2019-05-26 05:30:00,666.48
2019-05-26 05:45:00,679.2
2019-05-26 06:00:00,689.44
2019-05-26 06:15:00,708.0
2019-05-26 06:30:00,725.44
2019-05-26 06:45:00,738.8
2019-05-26 07:00:00,760.48
2019-05-26 07:15:00,772.08
2019-05-26 07:30:00,786.24
2019-05-26 07:45:00,797.2
2019-05-26 08:00:00,818.4
2019-05-26 08:15:00,840.0
2019-05-26 08:30:00,845.04
2019-05-26 08:45:00,856.8
2019-05-26 09:00:00,865.44
2019-05-26 09:15:00,869.36
2019-05-26 09:30:00,879.36
2019-05-26 09:45:00,888.88
2019-05-26 10:00:00,904.56
2019-05-26 10:15:00,918.56
2019-05-26 10:30:00,926.48
2019-05-26 10:45:00,930.16
2019-05-26 11:00:00,933.36
2019-05-26 11:15:00,923.2
2019-05-26 11:30:00,920.0
2019-05-26 11:45:00,915.92
2019-05-26 12:00:00,902.96
2019-05-26 12:15:00,892.72
2019-05-26 12:30:00,881.6
2019-05-26 12:45:00,876.08
2019-05-26 13:00:00,866.48
2019-05-26 13:15:00,855.6
2019-05-26 13:30:00,849.92
2019-05-26 13:45:00,845.92
2019-05-26 14:00:00,842.8
2019-05-26 14:15:00,842.4
2019-05-26 14:30:00,840.96
2019-05-26 14:45:00,842.96
2019-05-26 15:00:00,841.28
2019-05-26 15:15:00,838.08
2019-05-26 15:30:00,846.24
2019-05-26 15:45:00,847.92
2019-05-26 16:00:00,860.08
2019-05-26 16:15:00,861.84
2019-05-26 16:30:00,863.12
2019-05-26 16:45:00,872.32
2019-05-26 17:00:00,884.72
2019-05-26 17:15:00,879.76
2019-05-26 17:30:00,887.84
2019-05-26 17:45:00,891.28
2019-05-26 18:00:00,900.0
2019-05-26 18:15:00,890.24
2019-05-26 18:30:00,890.16
2019-05-26 18:45:00,887.76
2019-05-26 19:00:00,883.6
2019-05-26 19:15:00,880.32
2019-05-26 19:30:00,874.24
2019-05-26 19:45:00,867.52
2019-05-26 20:00:00,870.24
2019-05-26 20:15:00,873.76
2019-05-26 20:30:00,879.28
2019-05-26 20:45:00,879.84
2019-05-26 21:00:00,885.44
2019-05-26 21:15:00,878.88
2019-05-26 21:30:00,862.56
2019-05-26 21:45:00,845.2
2019-05-26 22:00:00,824.48
2019-05-26 22:15:00,809.6
2019-05-26 22:30:00,791.84
2019-05-26 22:45:00,791.36
2019-05-26 23:00:00,772.0
2019-05-26 23:15:00,772.64
2019-05-26 23:30:00,765.36
2019-05-26 23:45:00,765.28
2019-05-27 00:00:00,747.76
2019-05-27 00:15:00,743.92
2019-05-27 00:30:00,741.44
2019-05-27 00:45:00,732.4
2019-05-27 01:00:00,727.76
2019-05-27 01:15:00,723.84
2019-05-27 01:30:00,723.52
2019-05-27 01:45:00,717.36
2019-05-27 02:00:00,718.8
2019-05-27 02:15:00,720.88
2019-05-27 02:30:00,722.08
2019-05-27 02:45:00,722.4
2019-05-27 03:00:00,736.32
2019-05-27 03:15:00,743.36
2019-05-27 03:30:00,756.32
2019-05-27 03:45:00,764.08
2019-05-27 04:00:00,793.12
2019-05-27 04:15:00,808.88
2019-05-27 04:30:00,831.12
2019-05-27 04:45:00,865.36
2019-05-27 05:00:00,934.24
2019-05-27 05:15:00,983.04
2019-05-27 05:30:00,1018.96
2019-05-27 05:45:00,1053.52
2019-05-27 06:00:00,1087.12
2019-05-27 06:15:00,1115.6
2019-05-27 06:30:00,1133.12
2019-05-27 06:45:00,1147.12
2019-05-27 07:00:00,1165.68
2019-05-27 07:15:00,1182.72
2019-05-27 07:30:00,1190.8
2019-05-27 07:45:00,1193.92
2019-05-27 08:00:00,1186.8
2019-05-27 08:15:00,1202.64
2019-05-27 08:30:00,1217.12
2019-05-27 08:45:00,1218.72
2019-05-27 09:00:00,1226.64
2019-05-27 09:15:00,1227.52
2019-05-27 09:30:00,1241.6
2019-05-27 09:45:00,1248.72
2019-05-27 10:00:00,1245.92
2019-05-27 10:15:00,1260.8
2019-05-27 10:30:00,1267.44
2019-05-27 10:45:00,1260.8
2019-05-27 11:00:00,1253.36
2019-05-27 11:15:00,1242.48
2019-05-27 11:30:00,1248.24
2019-05-27 11:45:00,1249.68
2019-05-27 12:00:00,1249.76
2019-05-27 12:15:00,1252.4
2019-05-27 12:30:00,1244.96
2019-05-27 12:45:00,1226.72
2019-05-27 13:00:00,1222.8
2019-05-27 13:15:00,1220.0
2019-05-27 13:30:00,1212.88
2019-05-27 13:45:00,1210.4
2019-05-27 14:00:00,1209.36
2019-05-27 14:15:00,1198.72
2019-05-27 14:30:00,1191.12
2019-05-27 14:45:00,1181.12
2019-05-27 15:00:00,1177.28
2019-05-27 15:15:00,1181.52
2019-05-27 15:30:00,1179.28
2019-05-27 15:45:00,1182.16
2019-05-27 16:00:00,1178.56
2019-05-27 16:15:00,1172.88
2019-05-27 16:30:00,1171.2
2019-05-27 16:45:00,1164.64
2019-05-27 17:00:00,1151.36
2019-05-27 17:15:00,1154.08
2019-05-27 17:30:00,1154.24
2019-05-27 17:45:00,1157.2
2019-05-27 18:00:00,1151.44
2019-05-27 18:15:00,1144.88
2019-05-27 18:30:00,1140.64
2019-05-27 18:45:00,1138.88
2019-05-27 19:00:00,1122.32
2019-05-27 19:15:00,1104.8
2019-05-27 19:30:00,1092.8
2019-05-27 19:45:00,1084.32
2019-05-27 20:00:00,1079.28
2019-05-27 20:15:00,1069.84
2019-05-27 20:30:00,1055.68
2019-05-27 20:45:00,1044.16
2019-05-27 21:00:00,1032.88
2019-05-27 21:15:00,1012.4
2019-05-27 21:30:00,989.44
2019-05-27 21:45:00,966.56
2019-05-27 22:00:00,936.24
2019-05-27 22:15:00,915.68
2019-05-27 22:30:00,894.4
2019-05-27 22:45:00,885.44
2019-05-27 23:00:00,862.0
2019-05-27 23:15:00,849.44
2019-05-27 23:30:00,835.68
2019-05-27 23:45:00,828.96
2019-05-28 00:00:00,816.16
2019-05-28 00:15:00,806.88
2019-05-28 00:30:00,799.04
2019-05-28 00:45:00,795.68
2019-05-28 01:00:00,782.88
2019-05-28 01:15:00,779.36
2019-05-28 01:30:00,774.48
2019-05-28 01:45:00,782.96
2019-05-28 02:00:00,785.52
2019-05-28 02:15:00,784.08
2019-05-28 02:30:00,789.2
2019-05-28 02:45:00,790.56
2019-05-28 03:00:00,807.36
2019-05-28 03:15:00,814.24
2019-05-28 03:30:00,830.96
2019-05-28 03:45:00,839.12
2019-05-28 04:00:00,860.72
2019-05-28 04:15:00,868.32
2019-05-28 04:30:00,890.08
2019-05-28 04:45:00,914.96
2019-05-28 05:00:00,975.52
2019-05-28 05:15:00,1013.84
2019-05-28 05:30:00,1051.04
2019-05-28 05:45:00,1082.8
2019-05-28 06:00:00,1114.16
2019-05-28 06:15:00,1135.6
2019-05-28 06:30:00,1153.76
2019-05-28 06:45:00,1170.72
2019-05-28 07:00:00,1186.16
2019-05-28 07:15:00,1197.84
2019-05-28 07:30:00,1204.32
2019-05-28 07:45:00,1210.56
2019-05-28 08:00:00,1205.68
2019-05-28 08:15:00,1205.92
2019-05-28 08:30:00,1212.16
2019-05-28 08:45:00,1216.48
2019-05-28 09:00:00,1221.44
2019-05-28 09:15:00,1225.44
2019-05-28 09:30:00,1229.04
2019-05-28 09:45:00,1238.72
2019-05-28 10:00:00,1245.04
2019-05-28 10:15:00,1253.28
2019-05-28 10:30:00,1257.28
2019-05-28 10:45:00,1259.92
2019-05-28 11:00:00,1241.92
2019-05-28 11:15:00,1240.4
2019-05-28 11:30:00,1238.64
2019-05-28 11:45:00,1235.36
2019-05-28 12:00:00,1237.12
2019-05-28 12:15:00,1231.2
2019-05-28 12:30:00,1219.36
2019-05-28 12:45:00,1208.0
2019-05-28 13:00:00,1200.96
2019-05-28 13:15:00,1198.16
2019-05-28 13:30:00,1197.36
2019-05-28 13:45:00,1190.64
2019-05-28 14:00:00,1183.12
2019-05-28 14:15:00,1174.32
2019-05-28 14:30:00,1176.08
2019-05-28 14:45:00,1168.56
2019-05-28 15:00:00,1166.96
2019-05-28 15:15:00,1161.44
2019-05-28 15:30:00,1158.08
2019-05-28 15:45:00,1152.64
2019-05-28 16:00:00,1161.44
2019-05-28 16:15:00,1162.0
2019-05-28 16:30:00,1160.96
2019-05-28 16:45:00,1164.4
2019-05-28 17:00:00,1162.48
2019-05-28 17:15:00,1162.24
2019-05-28 17:30:00,1156.64
2019-05-28 17:45:00,1159.12
2019-05-28 18:00:00,1153.04
2019-05-28 18:15:00,1140.48
2019-05-28 18:30:00,1134.08
2019-05-28 18:45:00,1129.84
2019-05-28 19:00:00,1116.0
2019-05-28 19:15:00,1106.72
2019-05-28 19:30:00,1091.76
2019-05-28 19:45:00,1078.64
2019-05-28 20:00:00,1068.64
2019-05-28 20:15:00,1064.64
2019-05-28 20:30:00,1052.72
2019-05-28 20:45:00,1036.48
2019-05-28 21:00:00,1026.0
2019-05-28 21:15:00,1008.0
2019-05-28 21:30:00,983.92
2019-05-28 21:45:00,961.04
2019-05-28 22:00:00,930.32
2019-05-28 22:15:00,909.36
2019-05-28 22:30:00,886.0
2019-05-28 22:45:00,871.04
2019-05-28 23:00:00,857.2
2019-05-28 23:15:00,842.08
2019-05-28 23:30:00,834.0
2019-05-28 23:45:00,824.08
2019-05-29 00:00:00,814.96
2019-05-29 00:15:00,809.28
2019-05-29 00:30:00,804.24
2019-05-29 00:45:00,801.76
2019-05-29 01:00:00,793.12
2019-05-29 01:15:00,794.88
2019-05-29 01:30:00,792.48
2019-05-29 01:45:00,796.08
2019-05-29 02:00:00,804.72
2019-05-29 02:15:00,804.96
2019-05-29 02:30:00,803.84
2019-05-29 02:45:00,810.8
2019-05-29 03:00:00,819.84
2019-05-29 03:15:00,828.0
2019-05-29 03:30:00,834.16
2019-05-29 03:45:00,842.24
2019-05-29 04:00:00,858.4
2019-05-29 04:15:00,874.16
2019-05-29 04:30:00,888.64
2019-05-29 04:45:00,919.68
2019-05-29 05:00:00,976.32
2019-05-29 05:15:00,1014.8
2019-05-29 05:30:00,1038.64
2019-05-29 05:45:00,1067.76
2019-05-29 06:00:00,1103.52
2019-05-29 06:15:00,1123.92
2019-05-29 06:30:00,1139.28
2019-05-29 06:45:00,1153.12
2019-05-29 07:00:00,1169.12
2019-05-29 07:15:00,1184.88
2019-05-29 07:30:00,1191.04
2019-05-29 07:45:00,1192.48
2019-05-29 08:00:00,1188.48
2019-05-29 08:15:00,1196.24
2019-05-29 08:30:00,1201.76
2019-05-29 08:45:00,1209.52
2019-05-29 09:00:00,1204.64
2019-05-29 09:15:00,1212.08
2019-05-29 09:30:00,1218.56
2019-05-29 09:45:00,1222.08
2019-05-29 10:00:00,1224.72
2019-05-29 10:15:00,1229.28
2019-05-29 10:30:00,1227.76
2019-05-29 10:45:00,1227.04
2019-05-29 11:00:00,1217.76
2019-05-29 11:15:00,1211.2
2019-05-29 11:30:00,1206.88
2019-05-29 11:45:00,1206.4
2019-05-29 12:00:00,1199.12
2019-05-29 12:15:00,1200.56
2019-05-29 12:30:00,1194.64
2019-05-29 12:45:00,1181.44
2019-05-29 13:00:00,1173.6
2019-05-29 13:15:00,1166.4
2019-05-29 13:30:00,1165.76
2019-05-29 13:45:00,1158.72
2019-05-29 14:00:00,1151.84
2019-05-29 14:15:00,1141.84
2019-05-29 14:30:00,1134.8
2019-05-29 14:45:00,1121.36
2019-05-29 15:00:00,1117.12
2019-05-29 15:15:00,1108.8
2019-05-29 15:30:00,1100.8
2019-05-29 15:45:00,1098.24
2019-05-29 16:00:00,1103.28
2019-05-29 16:15:00,1100.64
2019-05-29 16:30:00,1093.04
2019-05-29 16:45:00,1096.16
2019-05-29 17:00:00,1090.56
2019-05-29 17:15:00,1082.48
2019-05-29 17:30:00,1081.44
2019-05-29 17:45:00,1084.0
2019-05-29 18:00:00,1088.64
2019-05-29 18:15:00,1078.88
2019-05-29 18:30:00,1077.44
2019-05-29 18:45:00,1070.48
2019-05-29 19:00:00,1057.04
2019-05-29 19:15:00,1042.8
2019-05-29 19:30:00,1034.24
2019-05-29 19:45:00,1019.6
2019-05-29 20:00:00,1009.68
2019-05-29 20:15:00,1001.2
2019-05-29 20:30:00,991.28
2019-05-29 20:45:00,982.88
2019-05-29 21:00:00,969.04
2019-05-29 21:15:00,955.12
2019-05-29 21:30:00,928.56
2019-05-29 21:45:00,910.72
2019-05-29 22:00:00,885.6
2019-05-29 22:15:00,862.56
2019-05-29 22:30:00,843.84
2019-05-29 22:45:00,838.48
2019-05-29 23:00:00,824.4
2019-05-29 23:15:00,812.4
2019-05-29 23:30:00,807.76
2019-05-29 23:45:00,797.28
2019-05-30 00:00:00,774.96
2019-05-30 00:15:00,765.44
2019-05-30 00:30:00,762.64
2019-05-30 00:45:00,754.64
2019-05-30 01:00:00,739.52
2019-05-30 01:15:00,734.16
2019-05-30 01:30:00,733.92
2019-05-30 01:45:00,733.36
2019-05-30 02:00:00,734.32
2019-05-30 02:15:00,733.36
2019-05-30 02:30:00,732.0
2019-05-30 02:45:00,729.52
2019-05-30 03:00:00,731.2
2019-05-30 03:15:00,728.96
2019-05-30 03:30:00,729.76
2019-05-30 03:45:00,725.52
2019-05-30 04:00:00,734.16
2019-05-30 04:15:00,721.92
2019-05-30 04:30:00,712.08
2019-05-30 04:45:00,704.56
2019-05-30 05:00:00,698.0
2019-05-30 05:15:00,703.76
2019-05-30 05:30:00,707.84
2019-05-30 05:45:00,722.88
2019-05-30 06:00:00,733.68
2019-05-30 06:15:00,744.88
2019-05-30 06:30:00,761.84
2019-05-30 06:45:00,778.24
2019-05-30 07:00:00,794.96
2019-05-30 07:15:00,813.12
2019-05-30 07:30:00,830.0
2019-05-30 07:45:00,844.56
2019-05-30 08:00:00,849.12
2019-05-30 08:15:00,860.64
2019-05-30 08:30:00,876.08
2019-05-30 08:45:00,882.96
2019-05-30 09:00:00,888.88
2019-05-30 09:15:00,893.2
2019-05-30 09:30:00,897.84
2019-05-30 09:45:00,902.4
2019-05-30 10:00:00,909.44
2019-05-30 10:15:00,920.88
2019-05-30 10:30:00,927.04
2019-05-30 10:45:00,932.08
2019-05-30 11:00:00,932.24
2019-05-30 11:15:00,932.0
2019-05-30 11:30:00,924.96
2019-05-30 11:45:00,921.12
2019-05-30 12:00:00,910.48
2019-05-30 12:15:00,899.28
2019-05-30 12:30:00,894.8
2019-05-30 12:45:00,885.68
2019-05-30 13:00:00,875.04
2019-05-30 13:15:00,864.56
2019-05-30 13:30:00,864.64
2019-05-30 13:45:00,859.68
2019-05-30 14:00:00,853.44
2019-05-30 14:15:00,848.16
2019-05-30 14:30:00,842.88
2019-05-30 14:45:00,840.16
2019-05-30 15:00:00,841.12
2019-05-30 15:15:00,830.32
2019-05-30 15:30:00,827.84
2019-05-30 15:45:00,828.16
2019-05-30 16:00:00,846.08
2019-05-30 16:15:00,842.96
2019-05-30 16:30:00,850.0
2019-05-30 16:45:00,857.6
2019-05-30 17:00:00,867.68
2019-05-30 17:15:00,861.68
2019-05-30 17:30:00,870.64
2019-05-30 17:45:00,869.6
2019-05-30 18:00:00,875.28
2019-05-30 18:15:00,872.4
2019-05-30 18:30:00,872.48
2019-05-30 18:45:00,869.92
2019-05-30 19:00:00,864.08
2019-05-30 19:15:00,863.2
2019-05-30 19:30:00,859.52
2019-05-30 19:45:00,856.4
2019-05-30 20:00:00,850.96
2019-05-30 20:15:00,852.24
2019-05-30 20:30:00,853.28
2019-05-30 20:45:00,851.6
2019-05-30 21:00:00,857.6
2019-05-30 21:15:00,846.8
2019-05-30 21:30:00,830.4
2019-05-30 21:45:00,812.24
2019-05-30 22:00:00,794.8
2019-05-30 22:15:00,772.56
2019-05-30 22:30:00,761.76
2019-05-30 22:45:00,739.44
2019-05-30 23:00:00,725.28
2019-05-30 23:15:00,712.96
2019-05-30 23:30:00,708.4
2019-05-30 23:45:00,702.96
2019-05-31 00:00:00,693.36
2019-05-31 00:15:00,688.72
2019-05-31 00:30:00,686.16
2019-05-31 00:45:00,687.44
2019-05-31 01:00:00,677.28
2019-05-31 01:15:00,676.56
2019-05-31 01:30:00,675.04
2019-05-31 01:45:00,675.84
2019-05-31 02:00:00,673.36
2019-05-31 02:15:00,677.36
2019-05-31 02:30:00,679.2
2019-05-31 02:45:00,673.44
2019-05-31 03:00:00,678.24
2019-05-31 03:15:00,682.08
2019-05-31 03:30:00,687.28
2019-05-31 03:45:00,693.44
2019-05-31 04:00:00,715.76
2019-05-31 04:15:00,724.08
2019-05-31 04:30:00,729.76
2019-05-31 04:45:00,746.72
2019-05-31 05:00:00,801.92
2019-05-31 05:15:00,828.08
2019-05-31 05:30:00,854.48
2019-05-31 05:45:00,876.64
2019-05-31 06:00:00,915.84
2019-05-31 06:15:00,936.96
2019-05-31 06:30:00,958.56
2019-05-31 06:45:00,974.4
2019-05-31 07:00:00,1000.48
2019-05-31 07:15:00,1013.2
2019-05-31 07:30:00,1022.4
2019-05-31 07:45:00,1028.4
2019-05-31 08:00:00,1026.08
2019-05-31 08:15:00,1032.48
2019-05-31 08:30:00,1041.68
2019-05-31 08:45:00,1044.48
2019-05-31 09:00:00,1045.92
2019-05-31 09:15:00,1045.52
2019-05-31 09:30:00,1046.0
2019-05-31 09:45:00,1051.36
2019-05-31 10:00:00,1058.88
2019-05-31 10:15:00,1065.52
2019-05-31 10:30:00,1075.04
2019-05-31 10:45:00,1079.6
2019-05-31 11:00:00,1075.04
2019-05-31 11:15:00,1076.56
2019-05-31 11:30:00,1078.4
2019-05-31 11:45:00,1073.04
2019-05-31 12:00:00,1063.92
2019-05-31 12:15:00,1056.24
2019-05-31 12:30:00,1050.16
2019-05-31 12:45:00,1034.56
2019-05-31 13:00:00,1031.2
2019-05-31 13:15:00,1029.92
2019-05-31 13:30:00,1024.8
2019-05-31 13:45:00,1013.44
2019-05-31 14:00:00,1013.28
2019-05-31 14:15:00,1002.48
2019-05-31 14:30:00,998.48
2019-05-31 14:45:00,985.52
2019-05-31 15:00:00,989.52
2019-05-31 15:15:00,982.08
2019-05-31 15:30:00,980.24
2019-05-31 15:45:00,979.36
2019-05-31 16:00:00,992.48
2019-05-31 16:15:00,988.08
2019-05-31 16:30:00,990.96
2019-05-31 16:45:00,993.92
2019-05-31 17:00:00,992.0
2019-05-31 17:15:00,988.0
2019-05-31 17:30:00,987.28
2019-05-31 17:45:00,986.88
2019-05-31 18:00:00,980.08
2019-05-31 18:15:00,977.92
2019-05-31 18:30:00,973.2
2019-05-31 18:45:00,964.48
2019-05-31 19:00:00,958.16
2019-05-31 19:15:00,943.92
2019-05-31 19:30:00,934.32
2019-05-31 19:45:00,923.76
2019-05-31 20:00:00,918.48
2019-05-31 20:15:00,914.4
2019-05-31 20:30:00,910.24
2019-05-31 20:45:00,909.76
2019-05-31 21:00:00,905.6
2019-05-31 21:15:00,894.0
2019-05-31 21:30:00,877.52
2019-05-31 21:45:00,859.04
2019-05-31 22:00:00,836.72
2019-05-31 22:15:00,817.84
2019-05-31 22:30:00,803.12
2019-05-31 22:45:00,789.6
2019-05-31 23:00:00,773.04
2019-05-31 23:15:00,756.72
2019-05-31 23:30:00,740.72
2019-05-31 23:45:00,736.88
2019-06-01 00:00:00,722.88
2019-06-01 00:15:00,708.48
2019-06-01 00:30:00,698.72
2019-06-01 00:45:00,690.4
2019-06-01 01:00:00,688.4
2019-06-01 01:15:00,686.64
2019-06-01 01:30:00,681.12
2019-06-01 01:45:00,678.8
2019-06-01 02:00:00,678.24
2019-06-01 02:15:00,674.32
2019-06-01 02:30:00,669.44
2019-06-01 02:45:00,674.64
2019-06-01 03:00:00,675.44
2019-06-01 03:15:00,677.84
2019-06-01 03:30:00,682.08
2019-06-01 03:45:00,680.88
2019-06-01 04:00:00,678.32
2019-06-01 04:15:00,675.68
2019-06-01 04:30:00,680.4
2019-06-01 04:45:00,690.64
2019-06-01 05:00:00,708.32
2019-06-01 05:15:00,719.04
2019-06-01 05:30:00,732.4
2019-06-01 05:45:00,745.12
2019-06-01 06:00:00,763.2
2019-06-01 06:15:00,780.4
2019-06-01 06:30:00,799.2
2019-06-01 06:45:00,819.28
2019-06-01 07:00:00,843.44
2019-06-01 07:15:00,864.16
2019-06-01 07:30:00,886.4
2019-06-01 07:45:00,904.16
2019-06-01 08:00:00,920.56
2019-06-01 08:15:00,931.04
2019-06-01 08:30:00,944.88
2019-06-01 08:45:00,957.52
2019-06-01 09:00:00,965.44
2019-06-01 09:15:00,970.4
2019-06-01 09:30:00,979.12
2019-06-01 09:45:00,981.6
2019-06-01 10:00:00,980.0
2019-06-01 10:15:00,988.16
2019-06-01 10:30:00,987.6
2019-06-01 10:45:00,986.16
2019-06-01 11:00:00,984.56
2019-06-01 11:15:00,981.52
2019-06-01 11:30:00,969.6
2019-06-01 11:45:00,971.68
2019-06-01 12:00:00,963.28
2019-06-01 12:15:00,956.08
2019-06-01 12:30:00,944.96
2019-06-01 12:45:00,941.28
2019-06-01 13:00:00,933.68
2019-06-01 13:15:00,934.72
2019-06-01 13:30:00,924.0
2019-06-01 13:45:00,915.92
2019-06-01 14:00:00,915.44
2019-06-01 14:15:00,911.2
2019-06-01 14:30:00,906.56
2019-06-01 14:45:00,901.28
2019-06-01 15:00:00,904.32
2019-06-01 15:15:00,903.2
2019-06-01 15:30:00,892.64
2019-06-01 15:45:00,898.08
2019-06-01 16:00:00,899.6
2019-06-01 16:15:00,901.92
2019-06-01 16:30:00,905.36
2019-06-01 16:45:00,908.0
2019-06-01 17:00:00,912.4
2019-06-01 17:15:00,910.56
2019-06-01 17:30:00,906.4
2019-06-01 17:45:00,909.68
2019-06-01 18:00:00,905.12
2019-06-01 18:15:00,899.36
2019-06-01 18:30:00,900.64
2019-06-01 18:45:00,889.92
2019-06-01 19:00:00,885.04
2019-06-01 19:15:00,870.32
2019-06-01 19:30:00,865.44
2019-06-01 19:45:00,858.08
2019-06-01 20:00:00,852.72
2019-06-01 20:15:00,847.6
2019-06-01 20:30:00,842.0
2019-06-01 20:45:00,845.04
2019-06-01 21:00:00,850.56
2019-06-01 21:15:00,837.76
2019-06-01 21:30:00,819.04
2019-06-01 21:45:00,804.0
2019-06-01 22:00:00,787.52
2019-06-01 22:15:00,775.12
2019-06-01 22:30:00,760.32
2019-06-01 22:45:00,741.76
2019-06-01 23:00:00,728.48
2019-06-01 23:15:00,716.0
2019-06-01 23:30:00,705.52
2019-06-01 23:45:00,692.24
2019-06-02 00:00:00,683.28
2019-06-02 00:15:00,672.8
2019-06-02 00:30:00,666.88
2019-06-02 00:45:00,663.36
2019-06-02 01:00:00,654.08
2019-06-02 01:15:00,640.32
2019-06-02 01:30:00,638.72
2019-06-02 01:45:00,635.28
2019-06-02 02:00:00,635.44
2019-06-02 02:15:00,631.84
2019-06-02 02:30:00,633.36
2019-06-02 02:45:00,629.84
2019-06-02 03:00:00,629.68
2019-06-02 03:15:00,629.2
2019-06-02 03:30:00,628.96
2019-06-02 03:45:00,628.0
2019-06-02 04:00:00,621.44
2019-06-02 04:15:00,614.08
2019-06-02 04:30:00,618.16
2019-06-02 04:45:00,620.4
2019-06-02 05:00:00,628.72
2019-06-02 05:15:00,633.84
2019-06-02 05:30:00,645.04
2019-06-02 05:45:00,653.04
2019-06-02 06:00:00,664.8
2019-06-02 06:15:00,678.08
2019-06-02 06:30:00,700.96
2019-06-02 06:45:00,718.4
2019-06-02 07:00:00,743.04
2019-06-02 07:15:00,761.76
2019-06-02 07:30:00,777.04
2019-06-02 07:45:00,796.96
2019-06-02 08:00:00,812.64
2019-06-02 08:15:00,824.48
2019-06-02 08:30:00,843.12
2019-06-02 08:45:00,845.92
2019-06-02 09:00:00,853.44
2019-06-02 09:15:00,861.2
2019-06-02 09:30:00,870.4
2019-06-02 09:45:00,875.6
2019-06-02 10:00:00,883.12
2019-06-02 10:15:00,891.6
2019-06-02 10:30:00,897.12
2019-06-02 10:45:00,898.0
2019-06-02 11:00:00,892.88
2019-06-02 11:15:00,890.4
2019-06-02 11:30:00,885.12
2019-06-02 11:45:00,878.16
2019-06-02 12:00:00,873.76
2019-06-02 12:15:00,865.52
2019-06-02 12:30:00,853.36
2019-06-02 12:45:00,845.04
2019-06-02 13:00:00,843.76
2019-06-02 13:15:00,836.56
2019-06-02 13:30:00,833.84
2019-06-02 13:45:00,823.84
2019-06-02 14:00:00,826.16
2019-06-02 14:15:00,823.6
2019-06-02 14:30:00,820.96
2019-06-02 14:45:00,816.24
2019-06-02 15:00:00,818.32
2019-06-02 15:15:00,820.8
2019-06-02 15:30:00,823.76
2019-06-02 15:45:00,824.0
2019-06-02 16:00:00,840.96
2019-06-02 16:15:00,849.2
2019-06-02 16:30:00,847.84
2019-06-02 16:45:00,851.44
2019-06-02 17:00:00,867.44
2019-06-02 17:15:00,868.32
2019-06-02 17:30:00,870.24
2019-06-02 17:45:00,873.44
2019-06-02 18:00:00,877.76
2019-06-02 18:15:00,880.96
2019-06-02 18:30:00,883.6
2019-06-02 18:45:00,888.32
2019-06-02 19:00:00,884.64
2019-06-02 19:15:00,884.96
2019-06-02 19:30:00,875.44
2019-06-02 19:45:00,875.76
2019-06-02 20:00:00,871.2
2019-06-02 20:15:00,861.12
2019-06-02 20:30:00,855.44
2019-06-02 20:45:00,863.92
2019-06-02 21:00:00,878.72
2019-06-02 21:15:00,879.04
2019-06-02 21:30:00,861.36
2019-06-02 21:45:00,849.04
2019-06-02 22:00:00,829.2
2019-06-02 22:15:00,811.12
2019-06-02 22:30:00,799.28
2019-06-02 22:45:00,794.56
2019-06-02 23:00:00,786.24
2019-06-02 23:15:00,772.64
2019-06-02 23:30:00,765.68
2019-06-02 23:45:00,752.16
2019-06-03 00:00:00,739.12
2019-06-03 00:15:00,732.08
2019-06-03 00:30:00,733.2
2019-06-03 00:45:00,730.32
2019-06-03 01:00:00,722.32
2019-06-03 01:15:00,718.96
2019-06-03 01:30:00,717.76
2019-06-03 01:45:00,716.16
2019-06-03 02:00:00,716.64
2019-06-03 02:15:00,715.6
2019-06-03 02:30:00,707.2
2019-06-03 02:45:00,703.92
2019-06-03 03:00:00,708.0
2019-06-03 03:15:00,709.84
2019-06-03 03:30:00,714.72
2019-06-03 03:45:00,722.24
2019-06-03 04:00:00,749.6
2019-06-03 04:15:00,768.48
2019-06-03 04:30:00,791.28
2019-06-03 04:45:00,831.2
2019-06-03 05:00:00,902.96
2019-06-03 05:15:00,954.8
2019-06-03 05:30:00,991.6
2019-06-03 05:45:00,1025.36
2019-06-03 06:00:00,1067.04
2019-06-03 06:15:00,1092.56
2019-06-03 06:30:00,1117.6
2019-06-03 06:45:00,1141.2
2019-06-03 07:00:00,1155.44
2019-06-03 07:15:00,1171.6
2019-06-03 07:30:00,1182.72
2019-06-03 07:45:00,1197.12
2019-06-03 08:00:00,1187.2
2019-06-03 08:15:00,1196.88
2019-06-03 08:30:00,1208.32
2019-06-03 08:45:00,1218.8
2019-06-03 09:00:00,1222.48
2019-06-03 09:15:00,1231.68
2019-06-03 09:30:00,1240.08
2019-06-03 09:45:00,1248.4
2019-06-03 10:00:00,1256.4
2019-06-03 10:15:00,1266.56
2019-06-03 10:30:00,1274.16
2019-06-03 10:45:00,1276.48
2019-06-03 11:00:00,1266.32
2019-06-03 11:15:00,1264.0
2019-06-03 11:30:00,1259.44
2019-06-03 11:45:00,1257.2
2019-06-03 12:00:00,1254.88
2019-06-03 12:15:00,1246.16
2019-06-03 12:30:00,1241.68
2019-06-03 12:45:00,1230.72
2019-06-03 13:00:00,1225.68
2019-06-03 13:15:00,1228.72
2019-06-03 13:30:00,1227.92
2019-06-03 13:45:00,1225.84
2019-06-03 14:00:00,1227.44
2019-06-03 14:15:00,1230.56
2019-06-03 14:30:00,1226.24
2019-06-03 14:45:00,1216.64
2019-06-03 15:00:00,1212.72
2019-06-03 15:15:00,1200.72
2019-06-03 15:30:00,1185.84
2019-06-03 15:45:00,1182.4
2019-06-03 16:00:00,1184.8
2019-06-03 16:15:00,1187.2
2019-06-03 16:30:00,1191.2
2019-06-03 16:45:00,1187.92
2019-06-03 17:00:00,1184.32
2019-06-03 17:15:00,1176.96
2019-06-03 17:30:00,1173.04
2019-06-03 17:45:00,1171.36
2019-06-03 18:00:00,1168.32
2019-06-03 18:15:00,1162.08
2019-06-03 18:30:00,1161.84
2019-06-03 18:45:00,1157.68
2019-06-03 19:00:00,1141.36
2019-06-03 19:15:00,1118.24
2019-06-03 19:30:00,1107.12
2019-06-03 19:45:00,1097.68
2019-06-03 20:00:00,1088.4
2019-06-03 20:15:00,1078.08
2019-06-03 20:30:00,1066.72
2019-06-03 20:45:00,1052.88
2019-06-03 21:00:00,1031.92
2019-06-03 21:15:00,1013.6
2019-06-03 21:30:00,995.68
2019-06-03 21:45:00,973.04
2019-06-03 22:00:00,943.52
2019-06-03 22:15:00,926.4
2019-06-03 22:30:00,908.88
2019-06-03 22:45:00,895.04
2019-06-03 23:00:00,872.24
2019-06-03 23:15:00,855.6
2019-06-03 23:30:00,849.84
2019-06-03 23:45:00,841.76
2019-06-04 00:00:00,834.0
2019-06-04 00:15:00,825.92
2019-06-04 00:30:00,820.72
2019-06-04 00:45:00,815.76
2019-06-04 01:00:00,804.16
2019-06-04 01:15:00,801.52
2019-06-04 01:30:00,801.44
2019-06-04 01:45:00,803.04
2019-06-04 02:00:00,803.6
2019-06-04 02:15:00,803.68
2019-06-04 02:30:00,806.72
2019-06-04 02:45:00,806.8
2019-06-04 03:00:00,813.76
2019-06-04 03:15:00,817.28
2019-06-04 03:30:00,825.36
2019-06-04 03:45:00,836.24
2019-06-04 04:00:00,858.56
2019-06-04 04:15:00,870.64
2019-06-04 04:30:00,891.12
2019-06-04 04:45:00,919.04
2019-06-04 05:00:00,977.36
2019-06-04 05:15:00,1024.24
2019-06-04 05:30:00,1054.64
2019-06-04 05:45:00,1086.32
2019-06-04 06:00:00,1125.76
2019-06-04 06:15:00,1147.04
2019-06-04 06:30:00,1171.76
2019-06-04 06:45:00,1190.16
2019-06-04 07:00:00,1206.96
2019-06-04 07:15:00,1214.96
2019-06-04 07:30:00,1220.32
2019-06-04 07:45:00,1233.36
2019-06-04 08:00:00,1223.84
2019-06-04 08:15:00,1230.8
2019-06-04 08:30:00,1240.32
2019-06-04 08:45:00,1252.56
2019-06-04 09:00:00,1253.52
2019-06-04 09:15:00,1256.0
2019-06-04 09:30:00,1262.48
2019-06-04 09:45:00,1273.12
2019-06-04 10:00:00,1272.4
2019-06-04 10:15:00,1278.08
2019-06-04 10:30:00,1282.24
2019-06-04 10:45:00,1286.08
2019-06-04 11:00:00,1271.04
2019-06-04 11:15:00,1269.92
2019-06-04 11:30:00,1270.16
2019-06-04 11:45:00,1271.44
2019-06-04 12:00:00,1270.88
2019-06-04 12:15:00,1264.32
2019-06-04 12:30:00,1262.72
2019-06-04 12:45:00,1250.72
2019-06-04 13:00:00,1243.12
2019-06-04 13:15:00,1247.2
2019-06-04 13:30:00,1244.64
2019-06-04 13:45:00,1236.4
2019-06-04 14:00:00,1232.56
2019-06-04 14:15:00,1223.44
2019-06-04 14:30:00,1215.04
2019-06-04 14:45:00,1205.84
2019-06-04 15:00:00,1200.88
2019-06-04 15:15:00,1194.4
2019-06-04 15:30:00,1189.36
2019-06-04 15:45:00,1188.56
2019-06-04 16:00:00,1189.76
2019-06-04 16:15:00,1185.2
2019-06-04 16:30:00,1187.04
2019-06-04 16:45:00,1189.2
2019-06-04 17:00:00,1174.16
2019-06-04 17:15:00,1174.4
2019-06-04 17:30:00,1177.28
2019-06-04 17:45:00,1180.8
2019-06-04 18:00:00,1172.56
2019-06-04 18:15:00,1164.0
2019-06-04 18:30:00,1161.44
2019-06-04 18:45:00,1159.52
2019-06-04 19:00:00,1150.32
2019-06-04 19:15:00,1134.8
2019-06-04 19:30:00,1125.68
2019-06-04 19:45:00,1114.16
2019-06-04 20:00:00,1098.0
2019-06-04 20:15:00,1083.52
2019-06-04 20:30:00,1080.08
2019-06-04 20:45:00,1070.32
2019-06-04 21:00:00,1057.68
2019-06-04 21:15:00,1044.08
2019-06-04 21:30:00,1021.28
2019-06-04 21:45:00,1001.84
2019-06-04 22:00:00,974.72
2019-06-04 22:15:00,959.52
2019-06-04 22:30:00,944.08
2019-06-04 22:45:00,927.28
2019-06-04 23:00:00,904.72
2019-06-04 23:15:00,890.56
2019-06-04 23:30:00,883.12
2019-06-04 23:45:00,866.24
2019-06-05 00:00:00,856.16
2019-06-05 00:15:00,854.96
2019-06-05 00:30:00,844.4
2019-06-05 00:45:00,840.0
2019-06-05 01:00:00,824.88
2019-06-05 01:15:00,822.48
2019-06-05 01:30:00,818.88
2019-06-05 01:45:00,813.84
2019-06-05 02:00:00,817.6
2019-06-05 02:15:00,819.12
2019-06-05 02:30:00,816.48
2019-06-05 02:45:00,814.48
2019-06-05 03:00:00,823.6
2019-06-05 03:15:00,830.16
2019-06-05 03:30:00,837.04
2019-06-05 03:45:00,847.44
2019-06-05 04:00:00,866.88
2019-06-05 04:15:00,868.24
2019-06-05 04:30:00,888.0
2019-06-05 04:45:00,916.48
2019-06-05 05:00:00,983.44
2019-06-05 05:15:00,1020.24
2019-06-05 05:30:00,1058.32
2019-06-05 05:45:00,1094.16
2019-06-05 06:00:00,1135.28
2019-06-05 06:15:00,1158.8
2019-06-05 06:30:00,1177.68
2019-06-05 06:45:00,1190.08
2019-06-05 07:00:00,1207.36
2019-06-05 07:15:00,1222.08
2019-06-05 07:30:00,1227.52
2019-06-05 07:45:00,1229.76
2019-06-05 08:00:00,1226.16
2019-06-05 08:15:00,1235.68
2019-06-05 08:30:00,1243.84
2019-06-05 08:45:00,1250.72
2019-06-05 09:00:00,1255.12
2019-06-05 09:15:00,1261.28
2019-06-05 09:30:00,1268.88
2019-06-05 09:45:00,1281.84
2019-06-05 10:00:00,1280.08
2019-06-05 10:15:00,1291.68
2019-06-05 10:30:00,1295.04
2019-06-05 10:45:00,1292.96
2019-06-05 11:00:00,1272.56
2019-06-05 11:15:00,1271.44
2019-06-05 11:30:00,1272.08
2019-06-05 11:45:00,1275.52
2019-06-05 12:00:00,1278.48
2019-06-05 12:15:00,1277.6
2019-06-05 12:30:00,1267.84
2019-06-05 12:45:00,1252.8
2019-06-05 13:00:00,1249.2
2019-06-05 13:15:00,1245.28
2019-06-05 13:30:00,1238.64
2019-06-05 13:45:00,1237.52
2019-06-05 14:00:00,1232.24
2019-06-05 14:15:00,1225.44
2019-06-05 14:30:00,1220.56
2019-06-05 14:45:00,1211.52
2019-06-05 15:00:00,1208.88
2019-06-05 15:15:00,1207.04
2019-06-05 15:30:00,1199.52
2019-06-05 15:45:00,1194.16
2019-06-05 16:00:00,1196.4
2019-06-05 16:15:00,1197.2
2019-06-05 16:30:00,1196.88
2019-06-05 16:45:00,1191.52
2019-06-05 17:00:00,1187.28
2019-06-05 17:15:00,1181.92
2019-06-05 17:30:00,1182.64
2019-06-05 17:45:00,1183.12
2019-06-05 18:00:00,1175.2
2019-06-05 18:15:00,1166.24
2019-06-05 18:30:00,1163.76
2019-06-05 18:45:00,1163.44
2019-06-05 19:00:00,1142.96
2019-06-05 19:15:00,1124.88
2019-06-05 19:30:00,1105.36
2019-06-05 19:45:00,1096.56
2019-06-05 20:00:00,1073.92
2019-06-05 20:15:00,1062.4
2019-06-05 20:30:00,1055.76
2019-06-05 20:45:00,1050.64
2019-06-05 21:00:00,1034.16
2019-06-05 21:15:00,1022.32
2019-06-05 21:30:00,1003.04
2019-06-05 21:45:00,988.64
2019-06-05 22:00:00,960.48
2019-06-05 22:15:00,940.0
2019-06-05 22:30:00,918.8
2019-06-05 22:45:00,898.08
2019-06-05 23:00:00,893.52
2019-06-05 23:15:00,881.12
2019-06-05 23:30:00,873.92
2019-06-05 23:45:00,871.84
2019-06-06 00:00:00,863.52
2019-06-06 00:15:00,853.68
2019-06-06 00:30:00,847.04
2019-06-06 00:45:00,836.24
2019-06-06 01:00:00,825.28
2019-06-06 01:15:00,827.68
2019-06-06 01:30:00,832.48
2019-06-06 01:45:00,830.8
2019-06-06 02:00:00,839.84
2019-06-06 02:15:00,836.72
2019-06-06 02:30:00,838.16
2019-06-06 02:45:00,836.64
2019-06-06 03:00:00,840.8
2019-06-06 03:15:00,838.96
2019-06-06 03:30:00,842.08
2019-06-06 03:45:00,855.44
2019-06-06 04:00:00,884.48
2019-06-06 04:15:00,893.36
2019-06-06 04:30:00,906.16
2019-06-06 04:45:00,925.44
2019-06-06 05:00:00,985.92
2019-06-06 05:15:00,1025.76
2019-06-06 05:30:00,1049.68
2019-06-06 05:45:00,1080.56
2019-06-06 06:00:00,1119.76
2019-06-06 06:15:00,1145.2
2019-06-06 06:30:00,1173.6
2019-06-06 06:45:00,1200.32
2019-06-06 07:00:00,1214.72
2019-06-06 07:15:00,1217.44
2019-06-06 07:30:00,1220.0
2019-06-06 07:45:00,1225.76
2019-06-06 08:00:00,1223.04
2019-06-06 08:15:00,1229.52
2019-06-06 08:30:00,1243.12
2019-06-06 08:45:00,1253.04
2019-06-06 09:00:00,1257.04
2019-06-06 09:15:00,1265.84
2019-06-06 09:30:00,1274.0
2019-06-06 09:45:00,1285.04
2019-06-06 10:00:00,1287.44
2019-06-06 10:15:00,1287.12
2019-06-06 10:30:00,1292.16
2019-06-06 10:45:00,1298.24
2019-06-06 11:00:00,1282.48
2019-06-06 11:15:00,1279.52
2019-06-06 11:30:00,1275.68
2019-06-06 11:45:00,1275.92
2019-06-06 12:00:00,1275.6
2019-06-06 12:15:00,1267.84
2019-06-06 12:30:00,1260.8
2019-06-06 12:45:00,1248.08
2019-06-06 13:00:00,1234.0
2019-06-06 13:15:00,1220.72
2019-06-06 13:30:00,1216.4
2019-06-06 13:45:00,1212.32
2019-06-06 14:00:00,1203.84
2019-06-06 14:15:00,1193.28
2019-06-06 14:30:00,1184.64
2019-06-06 14:45:00,1176.08
2019-06-06 15:00:00,1166.0
2019-06-06 15:15:00,1159.28
2019-06-06 15:30:00,1156.8
2019-06-06 15:45:00,1151.36
2019-06-06 16:00:00,1153.6
2019-06-06 16:15:00,1152.48
2019-06-06 16:30:00,1155.6
2019-06-06 16:45:00,1153.28
2019-06-06 17:00:00,1145.04
2019-06-06 17:15:00,1137.76
2019-06-06 17:30:00,1133.52
2019-06-06 17:45:00,1129.04
2019-06-06 18:00:00,1125.68
2019-06-06 18:15:00,1117.04
2019-06-06 18:30:00,1109.6
2019-06-06 18:45:00,1103.28
2019-06-06 19:00:00,1081.92
2019-06-06 19:15:00,1063.12
2019-06-06 19:30:00,1043.28
2019-06-06 19:45:00,1037.44
2019-06-06 20:00:00,1029.6
2019-06-06 20:15:00,1020.8
2019-06-06 20:30:00,1011.12
2019-06-06 20:45:00,1001.2
2019-06-06 21:00:00,993.76
2019-06-06 21:15:00,975.76
2019-06-06 21:30:00,955.28
2019-06-06 21:45:00,940.0
2019-06-06 22:00:00,912.0
2019-06-06 22:15:00,893.04
2019-06-06 22:30:00,874.24
2019-06-06 22:45:00,857.52
2019-06-06 23:00:00,846.24
2019-06-06 23:15:00,832.24
2019-06-06 23:30:00,822.08
2019-06-06 23:45:00,811.76
2019-06-07 00:00:00,802.88
2019-06-07 00:15:00,797.04
2019-06-07 00:30:00,787.52
2019-06-07 00:45:00,782.96
2019-06-07 01:00:00,772.24
2019-06-07 01:15:00,770.24
2019-06-07 01:30:00,768.08
2019-06-07 01:45:00,771.92
2019-06-07 02:00:00,774.0
2019-06-07 02:15:00,775.68
2019-06-07 02:30:00,776.64
2019-06-07 02:45:00,779.36
2019-06-07 03:00:00,787.28
2019-06-07 03:15:00,797.04
2019-06-07 03:30:00,799.36
2019-06-07 03:45:00,806.56
2019-06-07 04:00:00,822.48
2019-06-07 04:15:00,838.32
2019-06-07 04:30:00,858.48
2019-06-07 04:45:00,882.48
2019-06-07 05:00:00,931.92
2019-06-07 05:15:00,970.88
2019-06-07 05:30:00,1003.6
2019-06-07 05:45:00,1032.56
2019-06-07 06:00:00,1065.28
2019-06-07 06:15:00,1087.28
2019-06-07 06:30:00,1106.56
2019-06-07 06:45:00,1127.04
2019-06-07 07:00:00,1150.48
2019-06-07 07:15:00,1159.52
2019-06-07 07:30:00,1170.16
2019-06-07 07:45:00,1173.52
2019-06-07 08:00:00,1168.64
2019-06-07 08:15:00,1173.92
2019-06-07 08:30:00,1180.88
2019-06-07 08:45:00,1186.48
2019-06-07 09:00:00,1186.72
2019-06-07 09:15:00,1193.84
2019-06-07 09:30:00,1207.12
2019-06-07 09:45:00,1218.4
2019-06-07 10:00:00,1217.12
2019-06-07 10:15:00,1222.24
2019-06-07 10:30:00,1228.4
2019-06-07 10:45:00,1228.0
2019-06-07 11:00:00,1219.28
2019-06-07 11:15:00,1220.0
2019-06-07 11:30:00,1222.16
2019-06-07 11:45:00,1219.6
2019-06-07 12:00:00,1209.68
2019-06-07 12:15:00,1210.48
2019-06-07 12:30:00,1204.32
2019-06-07 12:45:00,1194.72
2019-06-07 13:00:00,1186.08
2019-06-07 13:15:00,1175.44
2019-06-07 13:30:00,1169.12
2019-06-07 13:45:00,1162.32
2019-06-07 14:00:00,1165.2
2019-06-07 14:15:00,1155.36
2019-06-07 14:30:00,1152.96
2019-06-07 14:45:00,1146.08
2019-06-07 15:00:00,1144.64
2019-06-07 15:15:00,1138.24
2019-06-07 15:30:00,1133.44
2019-06-07 15:45:00,1131.52
2019-06-07 16:00:00,1133.36
2019-06-07 16:15:00,1131.12
2019-06-07 16:30:00,1121.52
2019-06-07 16:45:00,1116.4
2019-06-07 17:00:00,1105.84
2019-06-07 17:15:00,1101.44
2019-06-07 17:30:00,1094.64
2019-06-07 17:45:00,1092.96
2019-06-07 18:00:00,1086.0
2019-06-07 18:15:00,1071.04
2019-06-07 18:30:00,1074.24
2019-06-07 18:45:00,1068.88
2019-06-07 19:00:00,1051.52
2019-06-07 19:15:00,1037.36
2019-06-07 19:30:00,1032.32
2019-06-07 19:45:00,1018.56
2019-06-07 20:00:00,999.92
2019-06-07 20:15:00,979.28
2019-06-07 20:30:00,974.08
2019-06-07 20:45:00,974.48
2019-06-07 21:00:00,961.2
2019-06-07 21:15:00,944.8
2019-06-07 21:30:00,919.36
2019-06-07 21:45:00,900.56
2019-06-07 22:00:00,876.24
2019-06-07 22:15:00,859.84
2019-06-07 22:30:00,853.76
2019-06-07 22:45:00,841.36
2019-06-07 23:00:00,820.8
2019-06-07 23:15:00,800.24
2019-06-07 23:30:00,791.44
2019-06-07 23:45:00,787.44
2019-06-08 00:00:00,778.64
2019-06-08 00:15:00,771.04
2019-06-08 00:30:00,765.92
2019-06-08 00:45:00,761.52
2019-06-08 01:00:00,759.6
2019-06-08 01:15:00,751.68
2019-06-08 01:30:00,747.6
2019-06-08 01:45:00,742.8
2019-06-08 02:00:00,735.68
2019-06-08 02:15:00,733.84
2019-06-08 02:30:00,728.16
2019-06-08 02:45:00,730.16
2019-06-08 03:00:00,736.48
2019-06-08 03:15:00,730.8
2019-06-08 03:30:00,732.4
2019-06-08 03:45:00,727.12
2019-06-08 04:00:00,727.52
2019-06-08 04:15:00,731.92
2019-06-08 04:30:00,735.76
2019-06-08 04:45:00,738.32
2019-06-08 05:00:00,752.72
2019-06-08 05:15:00,765.76
2019-06-08 05:30:00,781.12
2019-06-08 05:45:00,793.04
2019-06-08 06:00:00,816.64
2019-06-08 06:15:00,829.12
2019-06-08 06:30:00,846.56
2019-06-08 06:45:00,865.52
2019-06-08 07:00:00,884.56
2019-06-08 07:15:00,896.88
2019-06-08 07:30:00,912.8
2019-06-08 07:45:00,929.68
2019-06-08 08:00:00,946.64
2019-06-08 08:15:00,953.68
2019-06-08 08:30:00,969.68
2019-06-08 08:45:00,980.32
2019-06-08 09:00:00,979.44
2019-06-08 09:15:00,985.84
2019-06-08 09:30:00,999.92
2019-06-08 09:45:00,1003.36
2019-06-08 10:00:00,1017.76
2019-06-08 10:15:00,1017.76
2019-06-08 10:30:00,1018.32
2019-06-08 10:45:00,1012.88
2019-06-08 11:00:00,1004.48
2019-06-08 11:15:00,995.84
2019-06-08 11:30:00,985.68
2019-06-08 11:45:00,967.04
2019-06-08 12:00:00,963.6
2019-06-08 12:15:00,959.76
2019-06-08 12:30:00,955.44
2019-06-08 12:45:00,948.4
2019-06-08 13:00:00,928.16
2019-06-08 13:15:00,921.04
2019-06-08 13:30:00,914.56
2019-06-08 13:45:00,905.2
2019-06-08 14:00:00,906.08
2019-06-08 14:15:00,892.72
2019-06-08 14:30:00,890.48
2019-06-08 14:45:00,883.92
2019-06-08 15:00:00,892.16
2019-06-08 15:15:00,888.56
2019-06-08 15:30:00,893.28
2019-06-08 15:45:00,896.0
2019-06-08 16:00:00,909.6
2019-06-08 16:15:00,909.76
2019-06-08 16:30:00,908.96
2019-06-08 16:45:00,902.64
2019-06-08 17:00:00,904.48
2019-06-08 17:15:00,894.56
2019-06-08 17:30:00,891.28
2019-06-08 17:45:00,883.2
2019-06-08 18:00:00,887.36
2019-06-08 18:15:00,880.16
2019-06-08 18:30:00,870.72
2019-06-08 18:45:00,862.72
2019-06-08 19:00:00,856.08
2019-06-08 19:15:00,844.88
2019-06-08 19:30:00,830.96
2019-06-08 19:45:00,818.48
2019-06-08 20:00:00,813.44
2019-06-08 20:15:00,808.0
2019-06-08 20:30:00,809.2
2019-06-08 20:45:00,810.0
2019-06-08 21:00:00,812.4
2019-06-08 21:15:00,805.68
2019-06-08 21:30:00,789.04
2019-06-08 21:45:00,777.2
2019-06-08 22:00:00,757.52
2019-06-08 22:15:00,744.4
2019-06-08 22:30:00,734.88
2019-06-08 22:45:00,725.92
2019-06-08 23:00:00,709.6
2019-06-08 23:15:00,698.0
2019-06-08 23:30:00,688.64
2019-06-08 23:45:00,673.76
2019-06-09 00:00:00,663.12
2019-06-09 00:15:00,656.48
2019-06-09 00:30:00,650.48
2019-06-09 00:45:00,644.0
2019-06-09 01:00:00,635.12
2019-06-09 01:15:00,634.08
2019-06-09 01:30:00,626.72
2019-06-09 01:45:00,620.56
2019-06-09 02:00:00,624.8
2019-06-09 02:15:00,621.36
2019-06-09 02:30:00,618.4
2019-06-09 02:45:00,617.04
2019-06-09 03:00:00,624.56
2019-06-09 03:15:00,622.64
2019-06-09 03:30:00,619.04
2019-06-09 03:45:00,609.84
2019-06-09 04:00:00,611.36
2019-06-09 04:15:00,602.48
2019-06-09 04:30:00,598.72
2019-06-09 04:45:00,598.08
2019-06-09 05:00:00,607.28
2019-06-09 05:15:00,613.04
2019-06-09 05:30:00,623.68
2019-06-09 05:45:00,626.88
2019-06-09 06:00:00,634.24
2019-06-09 06:15:00,648.4
2019-06-09 06:30:00,667.68
2019-06-09 06:45:00,685.28
2019-06-09 07:00:00,702.16
2019-06-09 07:15:00,718.72
2019-06-09 07:30:00,735.44
2019-06-09 07:45:00,752.32
2019-06-09 08:00:00,767.36
2019-06-09 08:15:00,778.32
2019-06-09 08:30:00,785.76
2019-06-09 08:45:00,795.76
2019-06-09 09:00:00,802.0
2019-06-09 09:15:00,811.36
2019-06-09 09:30:00,818.4
2019-06-09 09:45:00,833.84
2019-06-09 10:00:00,842.4
2019-06-09 10:15:00,849.6
2019-06-09 10:30:00,855.76
2019-06-09 10:45:00,853.52
2019-06-09 11:00:00,852.0
2019-06-09 11:15:00,847.84
2019-06-09 11:30:00,838.8
2019-06-09 11:45:00,828.64
2019-06-09 12:00:00,817.12
2019-06-09 12:15:00,805.44
2019-06-09 12:30:00,794.72
2019-06-09 12:45:00,784.8
2019-06-09 13:00:00,783.36
2019-06-09 13:15:00,775.6
2019-06-09 13:30:00,766.4
2019-06-09 13:45:00,756.8
2019-06-09 14:00:00,763.2
2019-06-09 14:15:00,760.08
2019-06-09 14:30:00,748.08
2019-06-09 14:45:00,741.04
2019-06-09 15:00:00,746.96
2019-06-09 15:15:00,745.92
2019-06-09 15:30:00,748.56
2019-06-09 15:45:00,748.32
2019-06-09 16:00:00,756.72
2019-06-09 16:15:00,753.92
2019-06-09 16:30:00,758.8
2019-06-09 16:45:00,766.64
2019-06-09 17:00:00,776.96
2019-06-09 17:15:00,780.88
2019-06-09 17:30:00,783.04
2019-06-09 17:45:00,784.88
2019-06-09 18:00:00,790.64
2019-06-09 18:15:00,790.48
2019-06-09 18:30:00,789.76
2019-06-09 18:45:00,785.2
2019-06-09 19:00:00,788.64
2019-06-09 19:15:00,777.92
2019-06-09 19:30:00,772.0
2019-06-09 19:45:00,766.48
2019-06-09 20:00:00,762.4
2019-06-09 20:15:00,760.56
2019-06-09 20:30:00,761.04
2019-06-09 20:45:00,764.56
2019-06-09 21:00:00,767.44
2019-06-09 21:15:00,756.88
2019-06-09 21:30:00,744.64
2019-06-09 21:45:00,737.28
2019-06-09 22:00:00,717.52
2019-06-09 22:15:00,700.56
2019-06-09 22:30:00,688.56
2019-06-09 22:45:00,680.16
2019-06-09 23:00:00,669.44
2019-06-09 23:15:00,656.32
2019-06-09 23:30:00,647.36
2019-06-09 23:45:00,639.76
2019-06-10 00:00:00,628.0
2019-06-10 00:15:00,624.08
2019-06-10 00:30:00,620.16
2019-06-10 00:45:00,615.6
2019-06-10 01:00:00,614.24
2019-06-10 01:15:00,610.08
2019-06-10 01:30:00,609.2
2019-06-10 01:45:00,603.76
2019-06-10 02:00:00,600.16
2019-06-10 02:15:00,597.28
2019-06-10 02:30:00,597.84
2019-06-10 02:45:00,591.76
2019-06-10 03:00:00,595.92
2019-06-10 03:15:00,597.12
2019-06-10 03:30:00,598.96
2019-06-10 03:45:00,597.2
2019-06-10 04:00:00,600.64
2019-06-10 04:15:00,600.88
2019-06-10 04:30:00,606.56
2019-06-10 04:45:00,611.76
2019-06-10 05:00:00,615.2
2019-06-10 05:15:00,620.56
2019-06-10 05:30:00,626.56
2019-06-10 05:45:00,633.36
2019-06-10 06:00:00,648.96
2019-06-10 06:15:00,664.16
2019-06-10 06:30:00,676.72
2019-06-10 06:45:00,697.68
2019-06-10 07:00:00,717.04
2019-06-10 07:15:00,730.16
2019-06-10 07:30:00,745.84
2019-06-10 07:45:00,756.08
2019-06-10 08:00:00,773.92
2019-06-10 08:15:00,786.56
2019-06-10 08:30:00,797.92
2019-06-10 08:45:00,804.88
2019-06-10 09:00:00,815.2
2019-06-10 09:15:00,819.52
2019-06-10 09:30:00,822.88
2019-06-10 09:45:00,837.44
2019-06-10 10:00:00,849.44
2019-06-10 10:15:00,853.28
2019-06-10 10:30:00,866.4
2019-06-10 10:45:00,880.56
2019-06-10 11:00:00,887.68
2019-06-10 11:15:00,887.68
2019-06-10 11:30:00,887.76
2019-06-10 11:45:00,886.88
2019-06-10 12:00:00,875.2
2019-06-10 12:15:00,873.52
2019-06-10 12:30:00,862.48
2019-06-10 12:45:00,850.48
2019-06-10 13:00:00,843.44
2019-06-10 13:15:00,841.36
2019-06-10 13:30:00,838.08
2019-06-10 13:45:00,842.56
2019-06-10 14:00:00,842.16
2019-06-10 14:15:00,836.72
2019-06-10 14:30:00,827.52
2019-06-10 14:45:00,822.96
2019-06-10 15:00:00,827.44
2019-06-10 15:15:00,828.0
2019-06-10 15:30:00,826.16
2019-06-10 15:45:00,832.0
2019-06-10 16:00:00,841.52
2019-06-10 16:15:00,846.08
2019-06-10 16:30:00,857.52
2019-06-10 16:45:00,867.36
2019-06-10 17:00:00,869.12
2019-06-10 17:15:00,868.08
2019-06-10 17:30:00,872.64
2019-06-10 17:45:00,874.72
2019-06-10 18:00:00,876.64
2019-06-10 18:15:00,866.56
2019-06-10 18:30:00,869.12
2019-06-10 18:45:00,860.0
2019-06-10 19:00:00,854.08
2019-06-10 19:15:00,843.68
2019-06-10 19:30:00,835.76
2019-06-10 19:45:00,831.44
2019-06-10 20:00:00,833.6
2019-06-10 20:15:00,832.56
2019-06-10 20:30:00,836.08
2019-06-10 20:45:00,841.36
2019-06-10 21:00:00,839.84
2019-06-10 21:15:00,828.72
2019-06-10 21:30:00,811.44
2019-06-10 21:45:00,799.52
2019-06-10 22:00:00,778.48
2019-06-10 22:15:00,758.24
2019-06-10 22:30:00,738.64
2019-06-10 22:45:00,733.2
2019-06-10 23:00:00,722.0
2019-06-10 23:15:00,718.64
2019-06-10 23:30:00,713.04
2019-06-10 23:45:00,706.16
2019-06-11 00:00:00,702.48
2019-06-11 00:15:00,693.04
2019-06-11 00:30:00,687.76
2019-06-11 00:45:00,683.92
2019-06-11 01:00:00,680.0
2019-06-11 01:15:00,676.08
2019-06-11 01:30:00,678.32
2019-06-11 01:45:00,679.6
2019-06-11 02:00:00,676.24
2019-06-11 02:15:00,675.84
2019-06-11 02:30:00,676.56
2019-06-11 02:45:00,685.04
2019-06-11 03:00:00,698.16
2019-06-11 03:15:00,702.88
2019-06-11 03:30:00,710.8
2019-06-11 03:45:00,723.6
2019-06-11 04:00:00,750.64
2019-06-11 04:15:00,770.32
2019-06-11 04:30:00,796.24
2019-06-11 04:45:00,833.6
2019-06-11 05:00:00,902.4
2019-06-11 05:15:00,944.32
2019-06-11 05:30:00,981.84
2019-06-11 05:45:00,1011.6
2019-06-11 06:00:00,1048.72
2019-06-11 06:15:00,1071.28
2019-06-11 06:30:00,1093.52
2019-06-11 06:45:00,1109.52
2019-06-11 07:00:00,1120.72
2019-06-11 07:15:00,1128.96
2019-06-11 07:30:00,1135.28
2019-06-11 07:45:00,1149.28
2019-06-11 08:00:00,1154.16
2019-06-11 08:15:00,1166.0
2019-06-11 08:30:00,1178.88
2019-06-11 08:45:00,1194.32
2019-06-11 09:00:00,1202.16
2019-06-11 09:15:00,1207.52
2019-06-11 09:30:00,1215.36
2019-06-11 09:45:00,1224.56
2019-06-11 10:00:00,1231.52
2019-06-11 10:15:00,1249.04
2019-06-11 10:30:00,1247.92
2019-06-11 10:45:00,1254.96
2019-06-11 11:00:00,1242.72
2019-06-11 11:15:00,1243.84
2019-06-11 11:30:00,1245.12
2019-06-11 11:45:00,1243.52
2019-06-11 12:00:00,1237.52
2019-06-11 12:15:00,1233.6
2019-06-11 12:30:00,1221.12
2019-06-11 12:45:00,1208.88
2019-06-11 13:00:00,1202.08
2019-06-11 13:15:00,1201.36
2019-06-11 13:30:00,1200.08
2019-06-11 13:45:00,1196.32
2019-06-11 14:00:00,1201.84
2019-06-11 14:15:00,1194.24
2019-06-11 14:30:00,1190.56
2019-06-11 14:45:00,1185.2
2019-06-11 15:00:00,1174.24
2019-06-11 15:15:00,1165.12
2019-06-11 15:30:00,1159.12
2019-06-11 15:45:00,1154.24
2019-06-11 16:00:00,1149.2
2019-06-11 16:15:00,1147.12
2019-06-11 16:30:00,1150.72
2019-06-11 16:45:00,1155.84
2019-06-11 17:00:00,1149.84
2019-06-11 17:15:00,1148.8
2019-06-11 17:30:00,1152.32
2019-06-11 17:45:00,1152.4
2019-06-11 18:00:00,1148.4
2019-06-11 18:15:00,1133.44
2019-06-11 18:30:00,1128.24
2019-06-11 18:45:00,1120.08
2019-06-11 19:00:00,1107.36
2019-06-11 19:15:00,1091.92
2019-06-11 19:30:00,1078.32
2019-06-11 19:45:00,1067.36
2019-06-11 20:00:00,1055.84
2019-06-11 20:15:00,1044.56
2019-06-11 20:30:00,1038.24
2019-06-11 20:45:00,1029.2
2019-06-11 21:00:00,1015.28
2019-06-11 21:15:00,1003.44
2019-06-11 21:30:00,986.24
2019-06-11 21:45:00,964.8
2019-06-11 22:00:00,943.28
2019-06-11 22:15:00,924.32
2019-06-11 22:30:00,904.8
2019-06-11 22:45:00,887.92
2019-06-11 23:00:00,864.8
2019-06-11 23:15:00,848.8
2019-06-11 23:30:00,843.84
2019-06-11 23:45:00,835.76
2019-06-12 00:00:00,821.92
2019-06-12 00:15:00,820.08
2019-06-12 00:30:00,812.8
2019-06-12 00:45:00,807.76
2019-06-12 01:00:00,799.2
2019-06-12 01:15:00,801.04
2019-06-12 01:30:00,798.48
2019-06-12 01:45:00,803.68
2019-06-12 02:00:00,801.76
2019-06-12 02:15:00,800.88
2019-06-12 02:30:00,802.24
2019-06-12 02:45:00,798.32
2019-06-12 03:00:00,801.2
2019-06-12 03:15:00,799.28
2019-06-12 03:30:00,810.56
2019-06-12 03:45:00,817.76
2019-06-12 04:00:00,843.76
2019-06-12 04:15:00,860.88
2019-06-12 04:30:00,884.4
2019-06-12 04:45:00,919.84
2019-06-12 05:00:00,981.6
2019-06-12 05:15:00,1024.48
2019-06-12 05:30:00,1060.56
2019-06-12 05:45:00,1084.24
2019-06-12 06:00:00,1117.2
2019-06-12 06:15:00,1141.2
2019-06-12 06:30:00,1158.8
2019-06-12 06:45:00,1176.88
2019-06-12 07:00:00,1195.36
2019-06-12 07:15:00,1205.76
2019-06-12 07:30:00,1216.24
2019-06-12 07:45:00,1223.28
2019-06-12 08:00:00,1224.8
2019-06-12 08:15:00,1228.96
2019-06-12 08:30:00,1241.04
2019-06-12 08:45:00,1256.8
2019-06-12 09:00:00,1266.0
2019-06-12 09:15:00,1267.68
2019-06-12 09:30:00,1276.56
2019-06-12 09:45:00,1284.72
2019-06-12 10:00:00,1290.24
2019-06-12 10:15:00,1301.44
2019-06-12 10:30:00,1310.48
2019-06-12 10:45:00,1307.76
2019-06-12 11:00:00,1293.36
2019-06-12 11:15:00,1290.16
2019-06-12 11:30:00,1284.48
2019-06-12 11:45:00,1288.48
2019-06-12 12:00:00,1276.96
2019-06-12 12:15:00,1273.44
2019-06-12 12:30:00,1256.48
2019-06-12 12:45:00,1240.48
2019-06-12 13:00:00,1226.96
2019-06-12 13:15:00,1235.68
2019-06-12 13:30:00,1243.6
2019-06-12 13:45:00,1239.76
2019-06-12 14:00:00,1221.04
2019-06-12 14:15:00,1206.24
2019-06-12 14:30:00,1195.36
2019-06-12 14:45:00,1187.6
2019-06-12 15:00:00,1183.52
2019-06-12 15:15:00,1172.32
2019-06-12 15:30:00,1165.12
2019-06-12 15:45:00,1163.6
2019-06-12 16:00:00,1161.28
2019-06-12 16:15:00,1163.6
2019-06-12 16:30:00,1169.52
2019-06-12 16:45:00,1170.0
2019-06-12 17:00:00,1167.12
2019-06-12 17:15:00,1156.08
2019-06-12 17:30:00,1159.6
2019-06-12 17:45:00,1154.48
2019-06-12 18:00:00,1148.0
2019-06-12 18:15:00,1135.92
2019-06-12 18:30:00,1129.12
2019-06-12 18:45:00,1126.4
2019-06-12 19:00:00,1110.32
2019-06-12 19:15:00,1095.28
2019-06-12 19:30:00,1086.96
2019-06-12 19:45:00,1068.24
2019-06-12 20:00:00,1056.48
2019-06-12 20:15:00,1042.08
2019-06-12 20:30:00,1035.2
2019-06-12 20:45:00,1035.68
2019-06-12 21:00:00,1023.68
2019-06-12 21:15:00,1004.88
2019-06-12 21:30:00,987.92
2019-06-12 21:45:00,968.32
2019-06-12 22:00:00,944.56
2019-06-12 22:15:00,927.28
2019-06-12 22:30:00,909.12
2019-06-12 22:45:00,892.72
2019-06-12 23:00:00,861.36
2019-06-12 23:15:00,844.32
2019-06-12 23:30:00,833.12
2019-06-12 23:45:00,827.28
2019-06-13 00:00:00,806.56
2019-06-13 00:15:00,804.88
2019-06-13 00:30:00,795.12
2019-06-13 00:45:00,791.44
2019-06-13 01:00:00,780.8
2019-06-13 01:15:00,778.64
2019-06-13 01:30:00,774.56
2019-06-13 01:45:00,776.4
2019-06-13 02:00:00,784.4
2019-06-13 02:15:00,783.6
2019-06-13 02:30:00,784.88
2019-06-13 02:45:00,788.64
2019-06-13 03:00:00,802.96
2019-06-13 03:15:00,812.56
2019-06-13 03:30:00,811.04
2019-06-13 03:45:00,815.84
2019-06-13 04:00:00,838.56
2019-06-13 04:15:00,848.96
2019-06-13 04:30:00,864.56
2019-06-13 04:45:00,894.48
2019-06-13 05:00:00,955.6
2019-06-13 05:15:00,994.32
2019-06-13 05:30:00,1027.92
2019-06-13 05:45:00,1057.28
2019-06-13 06:00:00,1099.28
2019-06-13 06:15:00,1121.52
2019-06-13 06:30:00,1135.52
2019-06-13 06:45:00,1149.92
2019-06-13 07:00:00,1168.88
2019-06-13 07:15:00,1178.8
2019-06-13 07:30:00,1188.24
2019-06-13 07:45:00,1195.12
2019-06-13 08:00:00,1195.36
2019-06-13 08:15:00,1200.64
2019-06-13 08:30:00,1210.64
2019-06-13 08:45:00,1215.84
2019-06-13 09:00:00,1214.16
2019-06-13 09:15:00,1219.2
2019-06-13 09:30:00,1227.68
2019-06-13 09:45:00,1242.56
2019-06-13 10:00:00,1248.96
2019-06-13 10:15:00,1256.88
2019-06-13 10:30:00,1263.52
2019-06-13 10:45:00,1266.96
2019-06-13 11:00:00,1259.2
2019-06-13 11:15:00,1249.68
2019-06-13 11:30:00,1252.8
2019-06-13 11:45:00,1249.6
2019-06-13 12:00:00,1246.16
2019-06-13 12:15:00,1243.36
2019-06-13 12:30:00,1236.0
2019-06-13 12:45:00,1221.04
2019-06-13 13:00:00,1224.4
2019-06-13 13:15:00,1221.36
2019-06-13 13:30:00,1212.72
2019-06-13 13:45:00,1206.96
2019-06-13 14:00:00,1200.0
2019-06-13 14:15:00,1190.72
2019-06-13 14:30:00,1180.96
2019-06-13 14:45:00,1173.12
2019-06-13 15:00:00,1167.12
2019-06-13 15:15:00,1161.12
2019-06-13 15:30:00,1148.96
2019-06-13 15:45:00,1142.24
2019-06-13 16:00:00,1142.96
2019-06-13 16:15:00,1146.4
2019-06-13 16:30:00,1146.32
2019-06-13 16:45:00,1147.76
2019-06-13 17:00:00,1138.4
2019-06-13 17:15:00,1134.48
2019-06-13 17:30:00,1132.8
2019-06-13 17:45:00,1133.76
2019-06-13 18:00:00,1126.96
2019-06-13 18:15:00,1117.44
2019-06-13 18:30:00,1112.8
2019-06-13 18:45:00,1108.88
2019-06-13 19:00:00,1095.92
2019-06-13 19:15:00,1080.24
2019-06-13 19:30:00,1061.6
2019-06-13 19:45:00,1050.16
2019-06-13 20:00:00,1045.68
2019-06-13 20:15:00,1025.52
2019-06-13 20:30:00,1014.64
2019-06-13 20:45:00,1021.6
2019-06-13 21:00:00,1008.96
2019-06-13 21:15:00,1000.48
2019-06-13 21:30:00,985.2
2019-06-13 21:45:00,966.8
2019-06-13 22:00:00,946.96
2019-06-13 22:15:00,925.2
2019-06-13 22:30:00,902.88
2019-06-13 22:45:00,892.48
2019-06-13 23:00:00,871.04
2019-06-13 23:15:00,859.12
2019-06-13 23:30:00,847.04
2019-06-13 23:45:00,836.56
2019-06-14 00:00:00,827.44
2019-06-14 00:15:00,822.56
2019-06-14 00:30:00,817.36
2019-06-14 00:45:00,815.68
2019-06-14 01:00:00,806.0
2019-06-14 01:15:00,798.8
2019-06-14 01:30:00,796.96
2019-06-14 01:45:00,787.28
2019-06-14 02:00:00,795.6
2019-06-14 02:15:00,792.48
2019-06-14 02:30:00,789.12
2019-06-14 02:45:00,791.04
2019-06-14 03:00:00,797.36
2019-06-14 03:15:00,796.8
2019-06-14 03:30:00,807.44
2019-06-14 03:45:00,807.6
2019-06-14 04:00:00,827.28
2019-06-14 04:15:00,837.76
2019-06-14 04:30:00,855.04
2019-06-14 04:45:00,887.52
2019-06-14 05:00:00,945.04
2019-06-14 05:15:00,984.72
2019-06-14 05:30:00,1017.6
2019-06-14 05:45:00,1043.6
2019-06-14 06:00:00,1079.84
2019-06-14 06:15:00,1099.52
2019-06-14 06:30:00,1119.44
2019-06-14 06:45:00,1136.88
2019-06-14 07:00:00,1165.2
2019-06-14 07:15:00,1174.8
2019-06-14 07:30:00,1185.76
2019-06-14 07:45:00,1199.2
2019-06-14 08:00:00,1197.76
2019-06-14 08:15:00,1199.04
2019-06-14 08:30:00,1207.68
2019-06-14 08:45:00,1216.8
2019-06-14 09:00:00,1220.64
2019-06-14 09:15:00,1228.8
2019-06-14 09:30:00,1240.56
2019-06-14 09:45:00,1248.0
2019-06-14 10:00:00,1249.28
2019-06-14 10:15:00,1248.24
2019-06-14 10:30:00,1250.08
2019-06-14 10:45:00,1247.84
2019-06-14 11:00:00,1239.04
2019-06-14 11:15:00,1233.12
2019-06-14 11:30:00,1228.72
2019-06-14 11:45:00,1216.88
2019-06-14 12:00:00,1213.36
2019-06-14 12:15:00,1204.88
2019-06-14 12:30:00,1196.56
2019-06-14 12:45:00,1184.56
2019-06-14 13:00:00,1179.36
2019-06-14 13:15:00,1185.84
2019-06-14 13:30:00,1179.44
2019-06-14 13:45:00,1177.76
2019-06-14 14:00:00,1177.84
2019-06-14 14:15:00,1170.08
2019-06-14 14:30:00,1161.76
2019-06-14 14:45:00,1156.72
2019-06-14 15:00:00,1145.68
2019-06-14 15:15:00,1140.0
2019-06-14 15:30:00,1135.6
2019-06-14 15:45:00,1138.0
2019-06-14 16:00:00,1140.64
2019-06-14 16:15:00,1130.4
2019-06-14 16:30:00,1134.0
2019-06-14 16:45:00,1135.68
2019-06-14 17:00:00,1128.0
2019-06-14 17:15:00,1118.4
2019-06-14 17:30:00,1127.44
2019-06-14 17:45:00,1126.72
2019-06-14 18:00:00,1119.84
2019-06-14 18:15:00,1112.16
2019-06-14 18:30:00,1106.16
2019-06-14 18:45:00,1097.12
2019-06-14 19:00:00,1081.84
2019-06-14 19:15:00,1061.76
2019-06-14 19:30:00,1047.36
2019-06-14 19:45:00,1032.88
2019-06-14 20:00:00,1020.72
2019-06-14 20:15:00,1008.64
2019-06-14 20:30:00,1007.12
2019-06-14 20:45:00,995.92
2019-06-14 21:00:00,989.6
2019-06-14 21:15:00,981.76
2019-06-14 21:30:00,964.08
2019-06-14 21:45:00,947.04
2019-06-14 22:00:00,922.64
2019-06-14 22:15:00,905.52
2019-06-14 22:30:00,888.88
2019-06-14 22:45:00,874.48
2019-06-14 23:00:00,849.76
2019-06-14 23:15:00,836.32
2019-06-14 23:30:00,822.64
2019-06-14 23:45:00,810.56
2019-06-15 00:00:00,799.12
2019-06-15 00:15:00,786.16
2019-06-15 00:30:00,775.68
2019-06-15 00:45:00,769.92
2019-06-15 01:00:00,759.2
2019-06-15 01:15:00,752.24
2019-06-15 01:30:00,747.36
2019-06-15 01:45:00,746.16
2019-06-15 02:00:00,746.16
2019-06-15 02:15:00,743.92
2019-06-15 02:30:00,740.56
2019-06-15 02:45:00,742.88
2019-06-15 03:00:00,736.88
2019-06-15 03:15:00,732.32
2019-06-15 03:30:00,729.12
2019-06-15 03:45:00,725.2
2019-06-15 04:00:00,718.72
2019-06-15 04:15:00,711.68
2019-06-15 04:30:00,711.68
2019-06-15 04:45:00,720.8
2019-06-15 05:00:00,748.16
2019-06-15 05:15:00,759.44
2019-06-15 05:30:00,776.4
2019-06-15 05:45:00,802.08
2019-06-15 06:00:00,830.88
2019-06-15 06:15:00,845.44
2019-06-15 06:30:00,863.76
2019-06-15 06:45:00,879.92
2019-06-15 07:00:00,892.64
2019-06-15 07:15:00,906.64
2019-06-15 07:30:00,923.28
2019-06-15 07:45:00,943.44
2019-06-15 08:00:00,957.76
2019-06-15 08:15:00,976.72
2019-06-15 08:30:00,989.92
2019-06-15 08:45:00,1009.36
2019-06-15 09:00:00,1022.48
2019-06-15 09:15:00,1036.48
2019-06-15 09:30:00,1042.0
2019-06-15 09:45:00,1045.2
2019-06-15 10:00:00,1040.96
2019-06-15 10:15:00,1045.2
2019-06-15 10:30:00,1048.0
2019-06-15 10:45:00,1043.92
2019-06-15 11:00:00,1027.84
2019-06-15 11:15:00,1017.44
2019-06-15 11:30:00,1015.04
2019-06-15 11:45:00,1002.32
2019-06-15 12:00:00,985.2
2019-06-15 12:15:00,974.8
2019-06-15 12:30:00,961.2
2019-06-15 12:45:00,954.56
2019-06-15 13:00:00,948.96
2019-06-15 13:15:00,936.08
2019-06-15 13:30:00,926.64
2019-06-15 13:45:00,914.16
2019-06-15 14:00:00,916.96
2019-06-15 14:15:00,912.08
2019-06-15 14:30:00,923.12
2019-06-15 14:45:00,928.16
2019-06-15 15:00:00,930.16
2019-06-15 15:15:00,930.16
2019-06-15 15:30:00,922.32
2019-06-15 15:45:00,929.2
2019-06-15 16:00:00,941.52
2019-06-15 16:15:00,938.64
2019-06-15 16:30:00,938.56
2019-06-15 16:45:00,936.56
2019-06-15 17:00:00,933.12
2019-06-15 17:15:00,931.52
2019-06-15 17:30:00,928.72
2019-06-15 17:45:00,928.72
2019-06-15 18:00:00,937.28
2019-06-15 18:15:00,924.16
2019-06-15 18:30:00,915.76
2019-06-15 18:45:00,904.32
2019-06-15 19:00:00,892.88
2019-06-15 19:15:00,874.64
2019-06-15 19:30:00,862.88
2019-06-15 19:45:00,848.8
2019-06-15 20:00:00,843.36
2019-06-15 20:15:00,833.04
2019-06-15 20:30:00,830.72
2019-06-15 20:45:00,832.96
2019-06-15 21:00:00,835.76
2019-06-15 21:15:00,827.12
2019-06-15 21:30:00,817.04
2019-06-15 21:45:00,805.6
2019-06-15 22:00:00,780.08
2019-06-15 22:15:00,760.32
2019-06-15 22:30:00,751.68
2019-06-15 22:45:00,741.6
2019-06-15 23:00:00,714.72
2019-06-15 23:15:00,702.64
2019-06-15 23:30:00,694.96
2019-06-15 23:45:00,687.28
2019-06-16 00:00:00,669.36
2019-06-16 00:15:00,664.08
2019-06-16 00:30:00,661.12
2019-06-16 00:45:00,657.6
2019-06-16 01:00:00,655.2
2019-06-16 01:15:00,650.8
2019-06-16 01:30:00,648.16
2019-06-16 01:45:00,647.92
2019-06-16 02:00:00,648.72
2019-06-16 02:15:00,647.36
2019-06-16 02:30:00,639.52
2019-06-16 02:45:00,640.0
2019-06-16 03:00:00,645.2
2019-06-16 03:15:00,649.28
2019-06-16 03:30:00,648.16
2019-06-16 03:45:00,646.48
2019-06-16 04:00:00,647.36
2019-06-16 04:15:00,647.68
2019-06-16 04:30:00,646.8
2019-06-16 04:45:00,650.16
2019-06-16 05:00:00,656.88
2019-06-16 05:15:00,658.56
2019-06-16 05:30:00,664.0
2019-06-16 05:45:00,677.28
2019-06-16 06:00:00,693.12
2019-06-16 06:15:00,701.68
2019-06-16 06:30:00,717.04
2019-06-16 06:45:00,733.92
2019-06-16 07:00:00,752.48
2019-06-16 07:15:00,768.0
2019-06-16 07:30:00,780.72
2019-06-16 07:45:00,790.08
2019-06-16 08:00:00,806.88
2019-06-16 08:15:00,817.04
2019-06-16 08:30:00,824.24
2019-06-16 08:45:00,836.0
2019-06-16 09:00:00,843.52
2019-06-16 09:15:00,849.68
2019-06-16 09:30:00,866.08
2019-06-16 09:45:00,880.96
2019-06-16 10:00:00,895.28
2019-06-16 10:15:00,910.16
2019-06-16 10:30:00,917.44
2019-06-16 10:45:00,915.84
2019-06-16 11:00:00,919.92
2019-06-16 11:15:00,916.96
2019-06-16 11:30:00,904.48
2019-06-16 11:45:00,890.8
2019-06-16 12:00:00,886.0
2019-06-16 12:15:00,877.6
2019-06-16 12:30:00,875.2
2019-06-16 12:45:00,865.28
2019-06-16 13:00:00,862.0
2019-06-16 13:15:00,854.8
2019-06-16 13:30:00,847.52
2019-06-16 13:45:00,837.2
2019-06-16 14:00:00,845.84
2019-06-16 14:15:00,840.56
2019-06-16 14:30:00,841.52
2019-06-16 14:45:00,833.84
2019-06-16 15:00:00,835.68
2019-06-16 15:15:00,831.2
2019-06-16 15:30:00,826.72
2019-06-16 15:45:00,833.04
2019-06-16 16:00:00,848.24
2019-06-16 16:15:00,843.92
2019-06-16 16:30:00,841.68
2019-06-16 16:45:00,851.04
2019-06-16 17:00:00,866.72
2019-06-16 17:15:00,868.96
2019-06-16 17:30:00,868.16
2019-06-16 17:45:00,875.2
2019-06-16 18:00:00,879.04
2019-06-16 18:15:00,867.68
2019-06-16 18:30:00,867.28
2019-06-16 18:45:00,866.32
2019-06-16 19:00:00,867.84
2019-06-16 19:15:00,860.08
2019-06-16 19:30:00,855.92
2019-06-16 19:45:00,848.88
2019-06-16 20:00:00,843.2
2019-06-16 20:15:00,839.12
2019-06-16 20:30:00,837.52
2019-06-16 20:45:00,846.8
2019-06-16 21:00:00,859.2
2019-06-16 21:15:00,859.2
2019-06-16 21:30:00,851.52
2019-06-16 21:45:00,839.6
2019-06-16 22:00:00,817.76
2019-06-16 22:15:00,804.8
2019-06-16 22:30:00,786.56
2019-06-16 22:45:00,776.32
2019-06-16 23:00:00,763.6
2019-06-16 23:15:00,753.28
2019-06-16 23:30:00,750.24
2019-06-16 23:45:00,736.72
2019-06-17 00:00:00,732.0
2019-06-17 00:15:00,726.56
2019-06-17 00:30:00,722.24
2019-06-17 00:45:00,715.04
2019-06-17 01:00:00,708.96
2019-06-17 01:15:00,702.8
2019-06-17 01:30:00,703.36
2019-06-17 01:45:00,704.32
2019-06-17 02:00:00,708.56
2019-06-17 02:15:00,711.44
2019-06-17 02:30:00,708.56
2019-06-17 02:45:00,716.96
2019-06-17 03:00:00,734.24
2019-06-17 03:15:00,744.32
2019-06-17 03:30:00,747.2
2019-06-17 03:45:00,756.0
2019-06-17 04:00:00,781.52
2019-06-17 04:15:00,793.04
2019-06-17 04:30:00,820.24
2019-06-17 04:45:00,851.84
2019-06-17 05:00:00,912.8
2019-06-17 05:15:00,958.0
2019-06-17 05:30:00,992.72
2019-06-17 05:45:00,1026.16
2019-06-17 06:00:00,1066.24
2019-06-17 06:15:00,1093.28
2019-06-17 06:30:00,1112.24
2019-06-17 06:45:00,1126.48
2019-06-17 07:00:00,1154.96
2019-06-17 07:15:00,1165.76
2019-06-17 07:30:00,1176.4
2019-06-17 07:45:00,1187.68
2019-06-17 08:00:00,1180.56
2019-06-17 08:15:00,1184.64
2019-06-17 08:30:00,1195.68
2019-06-17 08:45:00,1203.2
2019-06-17 09:00:00,1209.68
2019-06-17 09:15:00,1209.68
2019-06-17 09:30:00,1215.6
2019-06-17 09:45:00,1225.12
2019-06-17 10:00:00,1231.44
2019-06-17 10:15:00,1232.56
2019-06-17 10:30:00,1247.44
2019-06-17 10:45:00,1248.72
2019-06-17 11:00:00,1235.12
2019-06-17 11:15:00,1234.08
2019-06-17 11:30:00,1236.64
2019-06-17 11:45:00,1236.96
2019-06-17 12:00:00,1234.4
2019-06-17 12:15:00,1235.12
2019-06-17 12:30:00,1224.8
2019-06-17 12:45:00,1216.4
2019-06-17 13:00:00,1211.28
2019-06-17 13:15:00,1208.8
2019-06-17 13:30:00,1201.76
2019-06-17 13:45:00,1195.2
2019-06-17 14:00:00,1190.32
2019-06-17 14:15:00,1186.0
2019-06-17 14:30:00,1174.56
2019-06-17 14:45:00,1168.32
2019-06-17 15:00:00,1165.28
2019-06-17 15:15:00,1158.0
2019-06-17 15:30:00,1152.08
2019-06-17 15:45:00,1151.92
2019-06-17 16:00:00,1154.4
2019-06-17 16:15:00,1151.76
2019-06-17 16:30:00,1151.6
2019-06-17 16:45:00,1152.64
2019-06-17 17:00:00,1148.56
2019-06-17 17:15:00,1143.04
2019-06-17 17:30:00,1145.84
2019-06-17 17:45:00,1150.64
2019-06-17 18:00:00,1148.96
2019-06-17 18:15:00,1133.92
2019-06-17 18:30:00,1131.28
2019-06-17 18:45:00,1128.24
2019-06-17 19:00:00,1114.16
2019-06-17 19:15:00,1095.04
2019-06-17 19:30:00,1080.24
2019-06-17 19:45:00,1069.52
2019-06-17 20:00:00,1056.24
2019-06-17 20:15:00,1044.56
2019-06-17 20:30:00,1034.48
2019-06-17 20:45:00,1030.32
2019-06-17 21:00:00,1016.48
2019-06-17 21:15:00,1007.28
2019-06-17 21:30:00,987.44
2019-06-17 21:45:00,971.2
2019-06-17 22:00:00,946.08
2019-06-17 22:15:00,926.56
2019-06-17 22:30:00,908.16
2019-06-17 22:45:00,891.28
2019-06-17 23:00:00,860.16
2019-06-17 23:15:00,853.2
2019-06-17 23:30:00,845.76
2019-06-17 23:45:00,832.0
2019-06-18 00:00:00,820.08
2019-06-18 00:15:00,817.2
2019-06-18 00:30:00,812.88
2019-06-18 00:45:00,813.36
2019-06-18 01:00:00,798.24
2019-06-18 01:15:00,798.88
2019-06-18 01:30:00,800.24
2019-06-18 01:45:00,799.2
2019-06-18 02:00:00,799.92
2019-06-18 02:15:00,798.88
2019-06-18 02:30:00,801.12
2019-06-18 02:45:00,802.0
2019-06-18 03:00:00,808.56
2019-06-18 03:15:00,815.6
2019-06-18 03:30:00,818.96
2019-06-18 03:45:00,819.68
2019-06-18 04:00:00,837.92
2019-06-18 04:15:00,854.96
2019-06-18 04:30:00,871.28
2019-06-18 04:45:00,901.6
2019-06-18 05:00:00,962.72
2019-06-18 05:15:00,1002.8
2019-06-18 05:30:00,1038.48
2019-06-18 05:45:00,1067.44
2019-06-18 06:00:00,1101.28
2019-06-18 06:15:00,1132.08
2019-06-18 06:30:00,1150.96
2019-06-18 06:45:00,1170.56
2019-06-18 07:00:00,1186.88
2019-06-18 07:15:00,1202.48
2019-06-18 07:30:00,1213.28
2019-06-18 07:45:00,1221.04
2019-06-18 08:00:00,1217.68
2019-06-18 08:15:00,1225.52
2019-06-18 08:30:00,1239.6
2019-06-18 08:45:00,1246.72
2019-06-18 09:00:00,1249.2
2019-06-18 09:15:00,1252.72
2019-06-18 09:30:00,1262.48
2019-06-18 09:45:00,1268.32
2019-06-18 10:00:00,1276.16
2019-06-18 10:15:00,1286.24
2019-06-18 10:30:00,1296.64
2019-06-18 10:45:00,1300.32
2019-06-18 11:00:00,1284.0
2019-06-18 11:15:00,1274.72
2019-06-18 11:30:00,1271.28
2019-06-18 11:45:00,1270.88
2019-06-18 12:00:00,1270.08
2019-06-18 12:15:00,1260.24
2019-06-18 12:30:00,1256.16
2019-06-18 12:45:00,1246.72
2019-06-18 13:00:00,1242.48
2019-06-18 13:15:00,1246.72
2019-06-18 13:30:00,1236.8
2019-06-18 13:45:00,1240.72
2019-06-18 14:00:00,1238.32
2019-06-18 14:15:00,1233.04
2019-06-18 14:30:00,1221.12
2019-06-18 14:45:00,1215.76
2019-06-18 15:00:00,1214.4
2019-06-18 15:15:00,1206.8
2019-06-18 15:30:00,1201.52
2019-06-18 15:45:00,1198.32
2019-06-18 16:00:00,1198.24
2019-06-18 16:15:00,1195.28
2019-06-18 16:30:00,1201.04
2019-06-18 16:45:00,1200.24
2019-06-18 17:00:00,1192.4
2019-06-18 17:15:00,1181.36
2019-06-18 17:30:00,1181.28
2019-06-18 17:45:00,1181.76
2019-06-18 18:00:00,1178.4
2019-06-18 18:15:00,1164.0
2019-06-18 18:30:00,1162.16
2019-06-18 18:45:00,1162.48
2019-06-18 19:00:00,1147.12
2019-06-18 19:15:00,1120.24
2019-06-18 19:30:00,1108.32
2019-06-18 19:45:00,1095.12
2019-06-18 20:00:00,1083.92
2019-06-18 20:15:00,1073.68
2019-06-18 20:30:00,1060.48
2019-06-18 20:45:00,1049.36
2019-06-18 21:00:00,1046.08
2019-06-18 21:15:00,1034.4
2019-06-18 21:30:00,1006.32
2019-06-18 21:45:00,988.72
2019-06-18 22:00:00,964.16
2019-06-18 22:15:00,944.16
2019-06-18 22:30:00,924.16
2019-06-18 22:45:00,908.4
2019-06-18 23:00:00,885.28
2019-06-18 23:15:00,873.92
2019-06-18 23:30:00,865.76
2019-06-18 23:45:00,855.36
2019-06-19 00:00:00,843.68
2019-06-19 00:15:00,837.28
2019-06-19 00:30:00,831.36
2019-06-19 00:45:00,823.12
2019-06-19 01:00:00,812.88
2019-06-19 01:15:00,808.4
2019-06-19 01:30:00,804.64
2019-06-19 01:45:00,805.2
2019-06-19 02:00:00,807.76
2019-06-19 02:15:00,811.44
2019-06-19 02:30:00,808.0
2019-06-19 02:45:00,805.36
2019-06-19 03:00:00,810.32
2019-06-19 03:15:00,818.88
2019-06-19 03:30:00,822.24
2019-06-19 03:45:00,828.8
2019-06-19 04:00:00,843.44
2019-06-19 04:15:00,855.92
2019-06-19 04:30:00,870.08
2019-06-19 04:45:00,895.76
2019-06-19 05:00:00,957.28
2019-06-19 05:15:00,1003.2
2019-06-19 05:30:00,1042.56
2019-06-19 05:45:00,1069.92
2019-06-19 06:00:00,1103.76
2019-06-19 06:15:00,1124.56
2019-06-19 06:30:00,1144.16
2019-06-19 06:45:00,1157.84
2019-06-19 07:00:00,1182.96
2019-06-19 07:15:00,1197.44
2019-06-19 07:30:00,1203.92
2019-06-19 07:45:00,1212.56
2019-06-19 08:00:00,1210.64
2019-06-19 08:15:00,1218.0
2019-06-19 08:30:00,1232.24
2019-06-19 08:45:00,1239.76
2019-06-19 09:00:00,1247.92
2019-06-19 09:15:00,1254.64
2019-06-19 09:30:00,1265.28
2019-06-19 09:45:00,1275.76
2019-06-19 10:00:00,1280.72
2019-06-19 10:15:00,1288.48
2019-06-19 10:30:00,1292.48
2019-06-19 10:45:00,1294.72
2019-06-19 11:00:00,1291.44
2019-06-19 11:15:00,1290.96
2019-06-19 11:30:00,1289.68
2019-06-19 11:45:00,1293.2
2019-06-19 12:00:00,1291.76
2019-06-19 12:15:00,1284.48
2019-06-19 12:30:00,1272.64
2019-06-19 12:45:00,1263.2
2019-06-19 13:00:00,1262.96
2019-06-19 13:15:00,1258.0
2019-06-19 13:30:00,1251.2
2019-06-19 13:45:00,1248.32
2019-06-19 14:00:00,1244.08
2019-06-19 14:15:00,1239.04
2019-06-19 14:30:00,1219.52
2019-06-19 14:45:00,1205.12
2019-06-19 15:00:00,1204.72
2019-06-19 15:15:00,1194.08
2019-06-19 15:30:00,1192.72
2019-06-19 15:45:00,1193.36
2019-06-19 16:00:00,1197.04
2019-06-19 16:15:00,1197.68
2019-06-19 16:30:00,1199.12
2019-06-19 16:45:00,1191.76
2019-06-19 17:00:00,1189.44
2019-06-19 17:15:00,1181.04
2019-06-19 17:30:00,1179.6
2019-06-19 17:45:00,1177.04
2019-06-19 18:00:00,1167.2
2019-06-19 18:15:00,1153.84
2019-06-19 18:30:00,1146.88
2019-06-19 18:45:00,1145.36
2019-06-19 19:00:00,1127.04
2019-06-19 19:15:00,1108.48
2019-06-19 19:30:00,1090.16
2019-06-19 19:45:00,1070.16
2019-06-19 20:00:00,1051.12
2019-06-19 20:15:00,1040.32
2019-06-19 20:30:00,1028.8
2019-06-19 20:45:00,1023.68
2019-06-19 21:00:00,1002.4
2019-06-19 21:15:00,988.64
2019-06-19 21:30:00,974.16
2019-06-19 21:45:00,959.28
2019-06-19 22:00:00,917.6
2019-06-19 22:15:00,887.6
2019-06-19 22:30:00,865.76
2019-06-19 22:45:00,858.24
2019-06-19 23:00:00,838.96
2019-06-19 23:15:00,833.28
2019-06-19 23:30:00,821.12
2019-06-19 23:45:00,812.16
2019-06-20 00:00:00,799.52
2019-06-20 00:15:00,788.48
2019-06-20 00:30:00,778.08
2019-06-20 00:45:00,772.48
2019-06-20 01:00:00,773.2
2019-06-20 01:15:00,768.88
2019-06-20 01:30:00,772.72
2019-06-20 01:45:00,779.6
2019-06-20 02:00:00,775.44
2019-06-20 02:15:00,774.64
2019-06-20 02:30:00,771.2
2019-06-20 02:45:00,765.6
2019-06-20 03:00:00,768.88
2019-06-20 03:15:00,766.16
2019-06-20 03:30:00,764.48
2019-06-20 03:45:00,759.52
2019-06-20 04:00:00,761.76
2019-06-20 04:15:00,759.2
2019-06-20 04:30:00,758.4
2019-06-20 04:45:00,760.0
2019-06-20 05:00:00,779.12
2019-06-20 05:15:00,793.44
2019-06-20 05:30:00,800.56
2019-06-20 05:45:00,817.68
2019-06-20 06:00:00,844.48
2019-06-20 06:15:00,869.84
2019-06-20 06:30:00,882.4
2019-06-20 06:45:00,896.72
2019-06-20 07:00:00,904.72
2019-06-20 07:15:00,919.52
2019-06-20 07:30:00,930.56
2019-06-20 07:45:00,937.92
2019-06-20 08:00:00,942.32
2019-06-20 08:15:00,948.72
2019-06-20 08:30:00,961.2
2019-06-20 08:45:00,973.76
2019-06-20 09:00:00,980.48
2019-06-20 09:15:00,986.32
2019-06-20 09:30:00,998.56
2019-06-20 09:45:00,1009.84
2019-06-20 10:00:00,1022.8
2019-06-20 10:15:00,1029.52
2019-06-20 10:30:00,1036.32
2019-06-20 10:45:00,1040.0
2019-06-20 11:00:00,1041.6
2019-06-20 11:15:00,1034.72
2019-06-20 11:30:00,1029.76
2019-06-20 11:45:00,1029.36
2019-06-20 12:00:00,1021.2
2019-06-20 12:15:00,1013.6
2019-06-20 12:30:00,1001.92
2019-06-20 12:45:00,993.84
2019-06-20 13:00:00,992.48
2019-06-20 13:15:00,982.4
2019-06-20 13:30:00,982.4
2019-06-20 13:45:00,973.52
2019-06-20 14:00:00,976.48
2019-06-20 14:15:00,964.16
2019-06-20 14:30:00,958.56
2019-06-20 14:45:00,949.12
2019-06-20 15:00:00,948.48
2019-06-20 15:15:00,944.96
2019-06-20 15:30:00,938.56
2019-06-20 15:45:00,935.2
2019-06-20 16:00:00,942.8
2019-06-20 16:15:00,944.8
2019-06-20 16:30:00,953.84
2019-06-20 16:45:00,958.0
2019-06-20 17:00:00,968.72
2019-06-20 17:15:00,967.2
2019-06-20 17:30:00,967.12
2019-06-20 17:45:00,967.52
2019-06-20 18:00:00,959.92
2019-06-20 18:15:00,951.36
2019-06-20 18:30:00,951.44
2019-06-20 18:45:00,947.84
2019-06-20 19:00:00,935.68
2019-06-20 19:15:00,931.44
2019-06-20 19:30:00,920.4
2019-06-20 19:45:00,911.92
2019-06-20 20:00:00,903.2
2019-06-20 20:15:00,903.36
2019-06-20 20:30:00,898.24
2019-06-20 20:45:00,901.12
2019-06-20 21:00:00,903.04
2019-06-20 21:15:00,896.32
2019-06-20 21:30:00,884.72
2019-06-20 21:45:00,864.96
2019-06-20 22:00:00,844.8
2019-06-20 22:15:00,823.04
2019-06-20 22:30:00,805.44
2019-06-20 22:45:00,790.0
2019-06-20 23:00:00,778.96
2019-06-20 23:15:00,768.16
2019-06-20 23:30:00,760.48
2019-06-20 23:45:00,746.24
2019-06-21 00:00:00,732.48
2019-06-21 00:15:00,725.92
2019-06-21 00:30:00,724.4
2019-06-21 00:45:00,719.04
2019-06-21 01:00:00,719.2
2019-06-21 01:15:00,717.28
2019-06-21 01:30:00,711.12
2019-06-21 01:45:00,713.76
2019-06-21 02:00:00,710.72
2019-06-21 02:15:00,710.32
2019-06-21 02:30:00,714.24
2019-06-21 02:45:00,710.88
2019-06-21 03:00:00,720.4
2019-06-21 03:15:00,726.32
2019-06-21 03:30:00,730.08
2019-06-21 03:45:00,736.16
2019-06-21 04:00:00,750.0
2019-06-21 04:15:00,760.48
2019-06-21 04:30:00,770.64
2019-06-21 04:45:00,794.24
2019-06-21 05:00:00,845.12
2019-06-21 05:15:00,878.4
2019-06-21 05:30:00,904.4
2019-06-21 05:45:00,926.72
2019-06-21 06:00:00,960.32
2019-06-21 06:15:00,979.36
2019-06-21 06:30:00,1004.08
2019-06-21 06:45:00,1018.16
2019-06-21 07:00:00,1038.56
2019-06-21 07:15:00,1052.88
2019-06-21 07:30:00,1061.52
2019-06-21 07:45:00,1068.64
2019-06-21 08:00:00,1073.6
2019-06-21 08:15:00,1078.4
2019-06-21 08:30:00,1087.92
2019-06-21 08:45:00,1101.52
2019-06-21 09:00:00,1107.2
2019-06-21 09:15:00,1111.76
2019-06-21 09:30:00,1116.16
2019-06-21 09:45:00,1127.84
2019-06-21 10:00:00,1131.28
2019-06-21 10:15:00,1136.96
2019-06-21 10:30:00,1140.72
2019-06-21 10:45:00,1145.28
2019-06-21 11:00:00,1142.72
2019-06-21 11:15:00,1130.8
2019-06-21 11:30:00,1127.12
2019-06-21 11:45:00,1127.28
2019-06-21 12:00:00,1126.24
2019-06-21 12:15:00,1120.48
2019-06-21 12:30:00,1117.6
2019-06-21 12:45:00,1102.96
2019-06-21 13:00:00,1098.88
2019-06-21 13:15:00,1092.72
2019-06-21 13:30:00,1089.84
2019-06-21 13:45:00,1084.72
2019-06-21 14:00:00,1087.36
2019-06-21 14:15:00,1073.84
2019-06-21 14:30:00,1066.48
2019-06-21 14:45:00,1060.0
2019-06-21 15:00:00,1061.28
2019-06-21 15:15:00,1052.88
2019-06-21 15:30:00,1037.44
2019-06-21 15:45:00,1033.28
2019-06-21 16:00:00,1035.76
2019-06-21 16:15:00,1033.84
2019-06-21 16:30:00,1032.96
2019-06-21 16:45:00,1033.04
2019-06-21 17:00:00,1036.88
2019-06-21 17:15:00,1031.04
2019-06-21 17:30:00,1029.84
2019-06-21 17:45:00,1026.48
2019-06-21 18:00:00,1026.64
2019-06-21 18:15:00,1010.16
2019-06-21 18:30:00,1009.52
2019-06-21 18:45:00,1004.96
2019-06-21 19:00:00,992.32
2019-06-21 19:15:00,975.36
2019-06-21 19:30:00,959.84
2019-06-21 19:45:00,944.08
2019-06-21 20:00:00,929.28
2019-06-21 20:15:00,917.92
2019-06-21 20:30:00,912.16
2019-06-21 20:45:00,906.88
2019-06-21 21:00:00,902.32
2019-06-21 21:15:00,898.72
2019-06-21 21:30:00,882.88
2019-06-21 21:45:00,869.36
2019-06-21 22:00:00,844.8
2019-06-21 22:15:00,828.48
2019-06-21 22:30:00,812.08
2019-06-21 22:45:00,793.2
2019-06-21 23:00:00,776.08
2019-06-21 23:15:00,767.92
2019-06-21 23:30:00,757.36
2019-06-21 23:45:00,747.92
2019-06-22 00:00:00,737.36
2019-06-22 00:15:00,729.28
2019-06-22 00:30:00,717.04
2019-06-22 00:45:00,704.0
2019-06-22 01:00:00,698.72
2019-06-22 01:15:00,697.44
2019-06-22 01:30:00,695.04
2019-06-22 01:45:00,686.96
2019-06-22 02:00:00,685.2
2019-06-22 02:15:00,681.84
2019-06-22 02:30:00,684.8
2019-06-22 02:45:00,680.56
2019-06-22 03:00:00,690.48
2019-06-22 03:15:00,683.92
2019-06-22 03:30:00,686.96
2019-06-22 03:45:00,685.92
2019-06-22 04:00:00,688.4
2019-06-22 04:15:00,686.72
2019-06-22 04:30:00,689.2
2019-06-22 04:45:00,694.08
2019-06-22 05:00:00,714.64
2019-06-22 05:15:00,725.2
2019-06-22 05:30:00,745.12
2019-06-22 05:45:00,756.08
2019-06-22 06:00:00,773.52
2019-06-22 06:15:00,791.36
2019-06-22 06:30:00,810.24
2019-06-22 06:45:00,831.04
2019-06-22 07:00:00,847.92
2019-06-22 07:15:00,867.28
2019-06-22 07:30:00,882.72
2019-06-22 07:45:00,898.96
2019-06-22 08:00:00,918.24
2019-06-22 08:15:00,930.72
2019-06-22 08:30:00,941.68
2019-06-22 08:45:00,953.28
2019-06-22 09:00:00,961.76
2019-06-22 09:15:00,968.72
2019-06-22 09:30:00,969.84
2019-06-22 09:45:00,980.16
2019-06-22 10:00:00,984.88
2019-06-22 10:15:00,986.96
2019-06-22 10:30:00,991.84
2019-06-22 10:45:00,991.84
2019-06-22 11:00:00,991.28
2019-06-22 11:15:00,985.36
2019-06-22 11:30:00,981.92
2019-06-22 11:45:00,975.28
2019-06-22 12:00:00,961.52
2019-06-22 12:15:00,956.24
2019-06-22 12:30:00,951.76
2019-06-22 12:45:00,938.64
2019-06-22 13:00:00,931.36
2019-06-22 13:15:00,928.48
2019-06-22 13:30:00,931.52
2019-06-22 13:45:00,924.4
2019-06-22 14:00:00,923.44
2019-06-22 14:15:00,918.56
2019-06-22 14:30:00,919.92
2019-06-22 14:45:00,911.84
2019-06-22 15:00:00,909.84
2019-06-22 15:15:00,908.08
2019-06-22 15:30:00,897.04
2019-06-22 15:45:00,905.36
2019-06-22 16:00:00,907.84
2019-06-22 16:15:00,909.28
2019-06-22 16:30:00,909.04
2019-06-22 16:45:00,911.44
2019-06-22 17:00:00,913.12
2019-06-22 17:15:00,916.56
2019-06-22 17:30:00,910.96
2019-06-22 17:45:00,906.48
2019-06-22 18:00:00,903.52
2019-06-22 18:15:00,895.52
2019-06-22 18:30:00,889.28
2019-06-22 18:45:00,882.64
2019-06-22 19:00:00,870.24
2019-06-22 19:15:00,854.64
2019-06-22 19:30:00,842.08
2019-06-22 19:45:00,834.64
2019-06-22 20:00:00,829.44
2019-06-22 20:15:00,825.2
2019-06-22 20:30:00,814.88
2019-06-22 20:45:00,816.0
2019-06-22 21:00:00,812.88
2019-06-22 21:15:00,810.32
2019-06-22 21:30:00,805.92
2019-06-22 21:45:00,794.88
2019-06-22 22:00:00,777.6
2019-06-22 22:15:00,766.88
2019-06-22 22:30:00,753.04
2019-06-22 22:45:00,729.76
2019-06-22 23:00:00,709.76
2019-06-22 23:15:00,698.8
2019-06-22 23:30:00,687.2
2019-06-22 23:45:00,679.84
2019-06-23 00:00:00,667.12
2019-06-23 00:15:00,661.28
2019-06-23 00:30:00,655.84
2019-06-23 00:45:00,640.96
2019-06-23 01:00:00,642.64
2019-06-23 01:15:00,641.6
2019-06-23 01:30:00,641.84
2019-06-23 01:45:00,637.76
2019-06-23 02:00:00,639.36
2019-06-23 02:15:00,636.24
2019-06-23 02:30:00,634.08
2019-06-23 02:45:00,632.72
2019-06-23 03:00:00,626.0
2019-06-23 03:15:00,619.28
2019-06-23 03:30:00,620.4
2019-06-23 03:45:00,616.56
2019-06-23 04:00:00,613.6
2019-06-23 04:15:00,608.96
2019-06-23 04:30:00,604.88
2019-06-23 04:45:00,609.6
2019-06-23 05:00:00,623.76
2019-06-23 05:15:00,630.88
2019-06-23 05:30:00,639.04
2019-06-23 05:45:00,653.44
2019-06-23 06:00:00,668.32
2019-06-23 06:15:00,679.44
2019-06-23 06:30:00,693.36
2019-06-23 06:45:00,704.48
2019-06-23 07:00:00,728.16
2019-06-23 07:15:00,746.64
2019-06-23 07:30:00,759.12
2019-06-23 07:45:00,770.08
2019-06-23 08:00:00,786.64
2019-06-23 08:15:00,801.04
2019-06-23 08:30:00,811.44
2019-06-23 08:45:00,824.0
2019-06-23 09:00:00,832.8
2019-06-23 09:15:00,843.12
2019-06-23 09:30:00,855.2
2019-06-23 09:45:00,862.16
2019-06-23 10:00:00,869.68
2019-06-23 10:15:00,879.28
2019-06-23 10:30:00,888.4
2019-06-23 10:45:00,892.8
2019-06-23 11:00:00,895.68
2019-06-23 11:15:00,888.64
2019-06-23 11:30:00,887.44
2019-06-23 11:45:00,882.16
2019-06-23 12:00:00,866.48
2019-06-23 12:15:00,859.6
2019-06-23 12:30:00,853.44
2019-06-23 12:45:00,845.6
2019-06-23 13:00:00,836.88
2019-06-23 13:15:00,832.88
2019-06-23 13:30:00,829.92
2019-06-23 13:45:00,819.76
2019-06-23 14:00:00,823.76
2019-06-23 14:15:00,822.56
2019-06-23 14:30:00,819.36
2019-06-23 14:45:00,812.16
2019-06-23 15:00:00,827.76
2019-06-23 15:15:00,825.04
2019-06-23 15:30:00,824.32
2019-06-23 15:45:00,825.92
2019-06-23 16:00:00,839.6
2019-06-23 16:15:00,845.68
2019-06-23 16:30:00,841.84
2019-06-23 16:45:00,842.64
2019-06-23 17:00:00,862.16
2019-06-23 17:15:00,862.24
2019-06-23 17:30:00,864.4
2019-06-23 17:45:00,870.32
2019-06-23 18:00:00,879.84
2019-06-23 18:15:00,872.4
2019-06-23 18:30:00,866.64
2019-06-23 18:45:00,867.76
2019-06-23 19:00:00,871.04
2019-06-23 19:15:00,866.64
2019-06-23 19:30:00,855.76
2019-06-23 19:45:00,850.48
2019-06-23 20:00:00,849.6
2019-06-23 20:15:00,844.48
2019-06-23 20:30:00,842.56
2019-06-23 20:45:00,855.84
2019-06-23 21:00:00,864.0
2019-06-23 21:15:00,869.04
2019-06-23 21:30:00,857.36
2019-06-23 21:45:00,844.96
2019-06-23 22:00:00,823.76
2019-06-23 22:15:00,805.12
2019-06-23 22:30:00,785.28
2019-06-23 22:45:00,777.84
2019-06-23 23:00:00,766.88
2019-06-23 23:15:00,752.56
2019-06-23 23:30:00,744.88
2019-06-23 23:45:00,743.04
2019-06-24 00:00:00,730.64
2019-06-24 00:15:00,725.76
2019-06-24 00:30:00,717.6
2019-06-24 00:45:00,713.6
2019-06-24 01:00:00,711.68
2019-06-24 01:15:00,706.56
2019-06-24 01:30:00,703.84
2019-06-24 01:45:00,706.08
2019-06-24 02:00:00,710.72
2019-06-24 02:15:00,710.4
2019-06-24 02:30:00,713.2
2019-06-24 02:45:00,714.32
2019-06-24 03:00:00,730.08
2019-06-24 03:15:00,739.52
2019-06-24 03:30:00,747.12
2019-06-24 03:45:00,755.92
2019-06-24 04:00:00,775.12
2019-06-24 04:15:00,789.44
2019-06-24 04:30:00,810.72
2019-06-24 04:45:00,846.0
2019-06-24 05:00:00,913.92
2019-06-24 05:15:00,965.12
2019-06-24 05:30:00,1001.12
2019-06-24 05:45:00,1036.48
2019-06-24 06:00:00,1078.72
2019-06-24 06:15:00,1104.32
2019-06-24 06:30:00,1129.28
2019-06-24 06:45:00,1149.92
2019-06-24 07:00:00,1169.68
2019-06-24 07:15:00,1188.32
2019-06-24 07:30:00,1194.96
2019-06-24 07:45:00,1203.92
2019-06-24 08:00:00,1204.32
2019-06-24 08:15:00,1210.64
2019-06-24 08:30:00,1222.32
2019-06-24 08:45:00,1228.0
2019-06-24 09:00:00,1235.28
2019-06-24 09:15:00,1242.64
2019-06-24 09:30:00,1249.6
2019-06-24 09:45:00,1256.16
2019-06-24 10:00:00,1267.84
2019-06-24 10:15:00,1272.08
2019-06-24 10:30:00,1273.68
2019-06-24 10:45:00,1275.12
2019-06-24 11:00:00,1271.6
2019-06-24 11:15:00,1270.48
2019-06-24 11:30:00,1269.68
2019-06-24 11:45:00,1267.36
2019-06-24 12:00:00,1270.0
2019-06-24 12:15:00,1268.16
2019-06-24 12:30:00,1262.24
2019-06-24 12:45:00,1249.04
2019-06-24 13:00:00,1248.96
2019-06-24 13:15:00,1250.16
2019-06-24 13:30:00,1245.44
2019-06-24 13:45:00,1240.88
2019-06-24 14:00:00,1234.96
2019-06-24 14:15:00,1231.68
2019-06-24 14:30:00,1225.92
2019-06-24 14:45:00,1224.8
2019-06-24 15:00:00,1221.52
2019-06-24 15:15:00,1211.36
2019-06-24 15:30:00,1209.6
2019-06-24 15:45:00,1205.36
2019-06-24 16:00:00,1209.68
2019-06-24 16:15:00,1203.92
2019-06-24 16:30:00,1205.92
2019-06-24 16:45:00,1204.56
2019-06-24 17:00:00,1199.76
2019-06-24 17:15:00,1192.4
2019-06-24 17:30:00,1194.32
2019-06-24 17:45:00,1195.92
2019-06-24 18:00:00,1192.0
2019-06-24 18:15:00,1181.2
2019-06-24 18:30:00,1177.52
2019-06-24 18:45:00,1166.96
2019-06-24 19:00:00,1156.64
2019-06-24 19:15:00,1143.92
2019-06-24 19:30:00,1129.92
2019-06-24 19:45:00,1116.16
2019-06-24 20:00:00,1100.08
2019-06-24 20:15:00,1086.72
2019-06-24 20:30:00,1072.48
2019-06-24 20:45:00,1066.08
2019-06-24 21:00:00,1060.16
2019-06-24 21:15:00,1047.52
2019-06-24 21:30:00,1032.96
2019-06-24 21:45:00,1005.28
2019-06-24 22:00:00,982.0
2019-06-24 22:15:00,958.0
2019-06-24 22:30:00,935.28
2019-06-24 22:45:00,916.48
2019-06-24 23:00:00,898.64
2019-06-24 23:15:00,894.16
2019-06-24 23:30:00,880.08
2019-06-24 23:45:00,867.84
2019-06-25 00:00:00,860.16
2019-06-25 00:15:00,854.72
2019-06-25 00:30:00,844.48
2019-06-25 00:45:00,842.0
2019-06-25 01:00:00,834.88
2019-06-25 01:15:00,827.76
2019-06-25 01:30:00,825.6
2019-06-25 01:45:00,827.68
2019-06-25 02:00:00,827.04
2019-06-25 02:15:00,824.32
2019-06-25 02:30:00,819.44
2019-06-25 02:45:00,818.96
2019-06-25 03:00:00,832.56
2019-06-25 03:15:00,834.64
2019-06-25 03:30:00,839.28
2019-06-25 03:45:00,844.24
2019-06-25 04:00:00,867.52
2019-06-25 04:15:00,884.64
2019-06-25 04:30:00,903.2
2019-06-25 04:45:00,929.6
2019-06-25 05:00:00,982.4
2019-06-25 05:15:00,1028.88
2019-06-25 05:30:00,1065.84
2019-06-25 05:45:00,1093.36
2019-06-25 06:00:00,1131.52
2019-06-25 06:15:00,1155.44
2019-06-25 06:30:00,1178.88
2019-06-25 06:45:00,1196.64
2019-06-25 07:00:00,1210.56
2019-06-25 07:15:00,1224.08
2019-06-25 07:30:00,1235.36
2019-06-25 07:45:00,1245.36
2019-06-25 08:00:00,1243.44
2019-06-25 08:15:00,1250.56
2019-06-25 08:30:00,1265.36
2019-06-25 08:45:00,1275.84
2019-06-25 09:00:00,1277.76
2019-06-25 09:15:00,1283.84
2019-06-25 09:30:00,1295.36
2019-06-25 09:45:00,1301.44
2019-06-25 10:00:00,1302.4
2019-06-25 10:15:00,1304.8
2019-06-25 10:30:00,1317.52
2019-06-25 10:45:00,1317.92
2019-06-25 11:00:00,1309.44
2019-06-25 11:15:00,1310.08
2019-06-25 11:30:00,1306.64
2019-06-25 11:45:00,1307.76
2019-06-25 12:00:00,1308.56
2019-06-25 12:15:00,1305.76
2019-06-25 12:30:00,1295.44
2019-06-25 12:45:00,1280.24
2019-06-25 13:00:00,1278.4
2019-06-25 13:15:00,1278.48
2019-06-25 13:30:00,1273.84
2019-06-25 13:45:00,1270.16
2019-06-25 14:00:00,1267.76
2019-06-25 14:15:00,1260.88
2019-06-25 14:30:00,1251.92
2019-06-25 14:45:00,1245.84
2019-06-25 15:00:00,1246.96
2019-06-25 15:15:00,1238.8
2019-06-25 15:30:00,1229.6
2019-06-25 15:45:00,1228.48
2019-06-25 16:00:00,1228.16
2019-06-25 16:15:00,1226.56
2019-06-25 16:30:00,1224.72
2019-06-25 16:45:00,1212.72
2019-06-25 17:00:00,1206.64
2019-06-25 17:15:00,1203.04
2019-06-25 17:30:00,1202.96
2019-06-25 17:45:00,1201.92
2019-06-25 18:00:00,1206.56
2019-06-25 18:15:00,1201.44
2019-06-25 18:30:00,1200.4
2019-06-25 18:45:00,1189.92
2019-06-25 19:00:00,1173.6
2019-06-25 19:15:00,1151.12
2019-06-25 19:30:00,1136.56
2019-06-25 19:45:00,1127.68
2019-06-25 20:00:00,1117.84
2019-06-25 20:15:00,1104.4
2019-06-25 20:30:00,1088.4
2019-06-25 20:45:00,1085.28
2019-06-25 21:00:00,1079.76
2019-06-25 21:15:00,1068.96
2019-06-25 21:30:00,1044.56
2019-06-25 21:45:00,1028.4
2019-06-25 22:00:00,1002.24
2019-06-25 22:15:00,984.72
2019-06-25 22:30:00,963.36
2019-06-25 22:45:00,947.68
2019-06-25 23:00:00,924.96
2019-06-25 23:15:00,910.24
2019-06-25 23:30:00,898.4
2019-06-25 23:45:00,887.92
2019-06-26 00:00:00,874.8
2019-06-26 00:15:00,865.12
2019-06-26 00:30:00,855.12
2019-06-26 00:45:00,852.4
2019-06-26 01:00:00,839.52
2019-06-26 01:15:00,836.88
2019-06-26 01:30:00,835.12
2019-06-26 01:45:00,837.76
2019-06-26 02:00:00,835.52
2019-06-26 02:15:00,834.4
2019-06-26 02:30:00,830.0
2019-06-26 02:45:00,832.08
2019-06-26 03:00:00,840.64
2019-06-26 03:15:00,844.88
2019-06-26 03:30:00,855.36
2019-06-26 03:45:00,860.4
2019-06-26 04:00:00,880.56
2019-06-26 04:15:00,891.36
2019-06-26 04:30:00,906.24
2019-06-26 04:45:00,932.96
2019-06-26 05:00:00,998.0
2019-06-26 05:15:00,1045.44
2019-06-26 05:30:00,1079.44
2019-06-26 05:45:00,1111.04
2019-06-26 06:00:00,1155.6
2019-06-26 06:15:00,1178.24
2019-06-26 06:30:00,1201.2
2019-06-26 06:45:00,1218.88
2019-06-26 07:00:00,1243.76
2019-06-26 07:15:00,1254.56
2019-06-26 07:30:00,1263.28
2019-06-26 07:45:00,1272.4
2019-06-26 08:00:00,1272.16
2019-06-26 08:15:00,1275.28
2019-06-26 08:30:00,1289.44
2019-06-26 08:45:00,1293.6
2019-06-26 09:00:00,1304.48
2019-06-26 09:15:00,1310.24
2019-06-26 09:30:00,1318.48
2019-06-26 09:45:00,1321.6
2019-06-26 10:00:00,1322.8
2019-06-26 10:15:00,1329.28
2019-06-26 10:30:00,1335.68
2019-06-26 10:45:00,1333.12
2019-06-26 11:00:00,1314.16
2019-06-26 11:15:00,1315.2
2019-06-26 11:30:00,1320.16
2019-06-26 11:45:00,1319.44
2019-06-26 12:00:00,1311.2
2019-06-26 12:15:00,1316.72
2019-06-26 12:30:00,1310.32
2019-06-26 12:45:00,1295.12
2019-06-26 13:00:00,1291.84
2019-06-26 13:15:00,1289.28
2019-06-26 13:30:00,1288.16
2019-06-26 13:45:00,1282.88
2019-06-26 14:00:00,1282.56
2019-06-26 14:15:00,1277.28
2019-06-26 14:30:00,1270.4
2019-06-26 14:45:00,1262.64
2019-06-26 15:00:00,1255.2
2019-06-26 15:15:00,1247.68
2019-06-26 15:30:00,1242.56
2019-06-26 15:45:00,1238.4
2019-06-26 16:00:00,1239.12
2019-06-26 16:15:00,1241.2
2019-06-26 16:30:00,1237.44
2019-06-26 16:45:00,1228.8
2019-06-26 17:00:00,1220.64
2019-06-26 17:15:00,1218.8
2019-06-26 17:30:00,1219.44
2019-06-26 17:45:00,1219.2
2019-06-26 18:00:00,1215.6
2019-06-26 18:15:00,1199.28
2019-06-26 18:30:00,1196.48
2019-06-26 18:45:00,1185.92
2019-06-26 19:00:00,1169.6
2019-06-26 19:15:00,1156.08
2019-06-26 19:30:00,1142.08
2019-06-26 19:45:00,1129.52
2019-06-26 20:00:00,1112.96
2019-06-26 20:15:00,1104.16
2019-06-26 20:30:00,1090.64
2019-06-26 20:45:00,1083.6
2019-06-26 21:00:00,1077.36
2019-06-26 21:15:00,1065.12
2019-06-26 21:30:00,1048.0
2019-06-26 21:45:00,1030.16
2019-06-26 22:00:00,1005.04
2019-06-26 22:15:00,982.16
2019-06-26 22:30:00,966.16
2019-06-26 22:45:00,949.84
2019-06-26 23:00:00,931.44
2019-06-26 23:15:00,915.44
2019-06-26 23:30:00,901.92
2019-06-26 23:45:00,892.32
2019-06-27 00:00:00,886.88
2019-06-27 00:15:00,877.36
2019-06-27 00:30:00,868.72
2019-06-27 00:45:00,863.76
2019-06-27 01:00:00,859.52
2019-06-27 01:15:00,858.0
2019-06-27 01:30:00,849.76
2019-06-27 01:45:00,850.72
2019-06-27 02:00:00,849.12
2019-06-27 02:15:00,846.88
2019-06-27 02:30:00,846.88
2019-06-27 02:45:00,845.36
2019-06-27 03:00:00,855.76
2019-06-27 03:15:00,859.44
2019-06-27 03:30:00,860.16
2019-06-27 03:45:00,864.4
2019-06-27 04:00:00,884.4
2019-06-27 04:15:00,892.72
2019-06-27 04:30:00,907.6
2019-06-27 04:45:00,931.68
2019-06-27 05:00:00,989.04
2019-06-27 05:15:00,1028.08
2019-06-27 05:30:00,1060.08
2019-06-27 05:45:00,1087.6
2019-06-27 06:00:00,1126.56
2019-06-27 06:15:00,1152.16
2019-06-27 06:30:00,1174.24
2019-06-27 06:45:00,1192.4
2019-06-27 07:00:00,1211.44
2019-06-27 07:15:00,1225.36
2019-06-27 07:30:00,1229.12
2019-06-27 07:45:00,1231.52
2019-06-27 08:00:00,1231.92
2019-06-27 08:15:00,1238.16
2019-06-27 08:30:00,1252.0
2019-06-27 08:45:00,1258.56
2019-06-27 09:00:00,1270.32
2019-06-27 09:15:00,1280.24
2019-06-27 09:30:00,1286.96
2019-06-27 09:45:00,1294.64
2019-06-27 10:00:00,1291.52
2019-06-27 10:15:00,1297.2
2019-06-27 10:30:00,1303.44
2019-06-27 10:45:00,1303.84
2019-06-27 11:00:00,1294.4
2019-06-27 11:15:00,1292.4
2019-06-27 11:30:00,1289.6
2019-06-27 11:45:00,1290.4
2019-06-27 12:00:00,1287.84
2019-06-27 12:15:00,1283.12
2019-06-27 12:30:00,1273.36
2019-06-27 12:45:00,1266.4
2019-06-27 13:00:00,1257.28
2019-06-27 13:15:00,1257.12
2019-06-27 13:30:00,1252.64
2019-06-27 13:45:00,1246.0
2019-06-27 14:00:00,1239.36
2019-06-27 14:15:00,1232.64
2019-06-27 14:30:00,1224.24
2019-06-27 14:45:00,1209.92
2019-06-27 15:00:00,1209.84
2019-06-27 15:15:00,1206.72
2019-06-27 15:30:00,1200.48
2019-06-27 15:45:00,1194.96
2019-06-27 16:00:00,1193.92
2019-06-27 16:15:00,1195.04
2019-06-27 16:30:00,1199.04
2019-06-27 16:45:00,1196.72
2019-06-27 17:00:00,1182.64
2019-06-27 17:15:00,1178.64
2019-06-27 17:30:00,1177.12
2019-06-27 17:45:00,1176.96
2019-06-27 18:00:00,1171.84
2019-06-27 18:15:00,1162.48
2019-06-27 18:30:00,1158.96
2019-06-27 18:45:00,1146.56
2019-06-27 19:00:00,1132.16
2019-06-27 19:15:00,1115.92
2019-06-27 19:30:00,1101.76
2019-06-27 19:45:00,1090.32
2019-06-27 20:00:00,1071.92
2019-06-27 20:15:00,1061.36
2019-06-27 20:30:00,1051.92
2019-06-27 20:45:00,1038.8
2019-06-27 21:00:00,1038.16
2019-06-27 21:15:00,1026.64
2019-06-27 21:30:00,1005.92
2019-06-27 21:45:00,989.84
2019-06-27 22:00:00,967.6
2019-06-27 22:15:00,946.96
2019-06-27 22:30:00,927.04
2019-06-27 22:45:00,913.2
2019-06-27 23:00:00,886.24
2019-06-27 23:15:00,868.88
2019-06-27 23:30:00,860.96
2019-06-27 23:45:00,848.24
2019-06-28 00:00:00,842.32
2019-06-28 00:15:00,829.28
2019-06-28 00:30:00,827.36
2019-06-28 00:45:00,818.64
2019-06-28 01:00:00,817.36
2019-06-28 01:15:00,808.16
2019-06-28 01:30:00,805.92
2019-06-28 01:45:00,807.12
2019-06-28 02:00:00,811.6
2019-06-28 02:15:00,804.96
2019-06-28 02:30:00,807.04
2019-06-28 02:45:00,810.48
2019-06-28 03:00:00,818.88
2019-06-28 03:15:00,821.12
2019-06-28 03:30:00,827.28
2019-06-28 03:45:00,831.2
2019-06-28 04:00:00,850.72
2019-06-28 04:15:00,855.52
2019-06-28 04:30:00,869.44
2019-06-28 04:45:00,895.92
2019-06-28 05:00:00,955.04
2019-06-28 05:15:00,998.88
2019-06-28 05:30:00,1034.96
2019-06-28 05:45:00,1058.56
2019-06-28 06:00:00,1091.2
2019-06-28 06:15:00,1119.6
2019-06-28 06:30:00,1138.16
2019-06-28 06:45:00,1157.28
2019-06-28 07:00:00,1171.84
2019-06-28 07:15:00,1184.32
2019-06-28 07:30:00,1190.8
2019-06-28 07:45:00,1195.28
2019-06-28 08:00:00,1188.8
2019-06-28 08:15:00,1195.84
2019-06-28 08:30:00,1205.84
2019-06-28 08:45:00,1213.36
2019-06-28 09:00:00,1213.44
2019-06-28 09:15:00,1216.16
2019-06-28 09:30:00,1226.32
2019-06-28 09:45:00,1236.56
2019-06-28 10:00:00,1237.92
2019-06-28 10:15:00,1239.12
2019-06-28 10:30:00,1240.56
2019-06-28 10:45:00,1245.04
2019-06-28 11:00:00,1231.28
2019-06-28 11:15:00,1225.84
2019-06-28 11:30:00,1222.96
2019-06-28 11:45:00,1226.48
2019-06-28 12:00:00,1215.44
2019-06-28 12:15:00,1204.64
2019-06-28 12:30:00,1193.92
2019-06-28 12:45:00,1182.08
2019-06-28 13:00:00,1181.68
2019-06-28 13:15:00,1173.76
2019-06-28 13:30:00,1165.04
2019-06-28 13:45:00,1156.4
2019-06-28 14:00:00,1151.28
2019-06-28 14:15:00,1150.96
2019-06-28 14:30:00,1141.52
2019-06-28 14:45:00,1134.16
2019-06-28 15:00:00,1140.48
2019-06-28 15:15:00,1134.88
2019-06-28 15:30:00,1134.4
2019-06-28 15:45:00,1131.68
2019-06-28 16:00:00,1132.4
2019-06-28 16:15:00,1130.08
2019-06-28 16:30:00,1131.52
2019-06-28 16:45:00,1127.6
2019-06-28 17:00:00,1122.8
2019-06-28 17:15:00,1115.68
2019-06-28 17:30:00,1113.76
2019-06-28 17:45:00,1110.32
2019-06-28 18:00:00,1107.36
2019-06-28 18:15:00,1100.24
2019-06-28 18:30:00,1094.88
2019-06-28 18:45:00,1084.08
2019-06-28 19:00:00,1069.36
2019-06-28 19:15:00,1051.36
2019-06-28 19:30:00,1038.64
2019-06-28 19:45:00,1024.72
2019-06-28 20:00:00,1012.88
2019-06-28 20:15:00,999.84
2019-06-28 20:30:00,987.68
2019-06-28 20:45:00,980.56
2019-06-28 21:00:00,976.08
2019-06-28 21:15:00,966.32
2019-06-28 21:30:00,949.6
2019-06-28 21:45:00,934.8
2019-06-28 22:00:00,912.72
2019-06-28 22:15:00,897.76
2019-06-28 22:30:00,879.76
2019-06-28 22:45:00,859.12
2019-06-28 23:00:00,830.24
2019-06-28 23:15:00,820.96
2019-06-28 23:30:00,805.04
2019-06-28 23:45:00,795.84
2019-06-29 00:00:00,785.2
2019-06-29 00:15:00,775.28
2019-06-29 00:30:00,768.08
2019-06-29 00:45:00,756.72
2019-06-29 01:00:00,752.88
2019-06-29 01:15:00,746.24
2019-06-29 01:30:00,744.08
2019-06-29 01:45:00,734.16
2019-06-29 02:00:00,734.64
2019-06-29 02:15:00,735.52
2019-06-29 02:30:00,736.24
2019-06-29 02:45:00,726.32
2019-06-29 03:00:00,726.24
2019-06-29 03:15:00,730.48
2019-06-29 03:30:00,730.08
2019-06-29 03:45:00,719.76
2019-06-29 04:00:00,719.68
2019-06-29 04:15:00,724.16
2019-06-29 04:30:00,723.84
2019-06-29 04:45:00,726.96
2019-06-29 05:00:00,743.76
2019-06-29 05:15:00,758.72
2019-06-29 05:30:00,771.84
2019-06-29 05:45:00,787.28
2019-06-29 06:00:00,810.24
2019-06-29 06:15:00,826.88
2019-06-29 06:30:00,854.56
2019-06-29 06:45:00,869.2
2019-06-29 07:00:00,892.16
2019-06-29 07:15:00,909.76
2019-06-29 07:30:00,927.2
2019-06-29 07:45:00,945.28
2019-06-29 08:00:00,961.52
2019-06-29 08:15:00,973.12
2019-06-29 08:30:00,984.0
2019-06-29 08:45:00,995.28
2019-06-29 09:00:00,1002.08
2019-06-29 09:15:00,1005.28
2019-06-29 09:30:00,1009.12
2019-06-29 09:45:00,1012.72
2019-06-29 10:00:00,1012.0
2019-06-29 10:15:00,1016.0
2019-06-29 10:30:00,1022.0
2019-06-29 10:45:00,1020.48
2019-06-29 11:00:00,1012.96
2019-06-29 11:15:00,1007.36
2019-06-29 11:30:00,1009.12
2019-06-29 11:45:00,1005.76
2019-06-29 12:00:00,996.4
2019-06-29 12:15:00,986.24
2019-06-29 12:30:00,980.8
2019-06-29 12:45:00,971.6
2019-06-29 13:00:00,967.2
2019-06-29 13:15:00,960.4
2019-06-29 13:30:00,956.08
2019-06-29 13:45:00,948.4
2019-06-29 14:00:00,950.32
2019-06-29 14:15:00,950.56
2019-06-29 14:30:00,940.64
2019-06-29 14:45:00,944.08
2019-06-29 15:00:00,941.04
2019-06-29 15:15:00,941.52
2019-06-29 15:30:00,926.16
2019-06-29 15:45:00,930.4
2019-06-29 16:00:00,937.44
2019-06-29 16:15:00,940.4
2019-06-29 16:30:00,939.92
2019-06-29 16:45:00,944.4
2019-06-29 17:00:00,949.36
2019-06-29 17:15:00,946.24
2019-06-29 17:30:00,943.28
2019-06-29 17:45:00,941.84
2019-06-29 18:00:00,941.52
2019-06-29 18:15:00,931.76
2019-06-29 18:30:00,928.72
2019-06-29 18:45:00,917.04
2019-06-29 19:00:00,907.04
2019-06-29 19:15:00,893.36
2019-06-29 19:30:00,883.6
2019-06-29 19:45:00,869.84
2019-06-29 20:00:00,856.64
2019-06-29 20:15:00,850.88
2019-06-29 20:30:00,848.4
2019-06-29 20:45:00,842.56
2019-06-29 21:00:00,848.56
2019-06-29 21:15:00,844.4
2019-06-29 21:30:00,833.68
2019-06-29 21:45:00,823.68
2019-06-29 22:00:00,807.44
2019-06-29 22:15:00,790.64
2019-06-29 22:30:00,774.88
2019-06-29 22:45:00,763.68
2019-06-29 23:00:00,746.24
2019-06-29 23:15:00,733.12
2019-06-29 23:30:00,719.84
2019-06-29 23:45:00,712.8
2019-06-30 00:00:00,701.12
2019-06-30 00:15:00,693.12
2019-06-30 00:30:00,681.6
2019-06-30 00:45:00,678.64
2019-06-30 01:00:00,671.12
2019-06-30 01:15:00,665.76
2019-06-30 01:30:00,665.04
2019-06-30 01:45:00,662.16
2019-06-30 02:00:00,654.48
2019-06-30 02:15:00,650.16
2019-06-30 02:30:00,647.52
2019-06-30 02:45:00,647.12
2019-06-30 03:00:00,647.76
2019-06-30 03:15:00,647.76
2019-06-30 03:30:00,646.96
2019-06-30 03:45:00,643.04
2019-06-30 04:00:00,641.12
2019-06-30 04:15:00,637.36
2019-06-30 04:30:00,640.88
2019-06-30 04:45:00,645.76
2019-06-30 05:00:00,657.44
2019-06-30 05:15:00,660.16
2019-06-30 05:30:00,667.36
2019-06-30 05:45:00,680.0
2019-06-30 06:00:00,694.96
2019-06-30 06:15:00,709.6
2019-06-30 06:30:00,723.84
2019-06-30 06:45:00,744.32
2019-06-30 07:00:00,765.12
2019-06-30 07:15:00,789.28
2019-06-30 07:30:00,804.72
2019-06-30 07:45:00,819.84
2019-06-30 08:00:00,833.6
2019-06-30 08:15:00,845.04
2019-06-30 08:30:00,859.76
2019-06-30 08:45:00,871.12
2019-06-30 09:00:00,882.88
2019-06-30 09:15:00,892.16
2019-06-30 09:30:00,899.76
2019-06-30 09:45:00,910.48
2019-06-30 10:00:00,922.08
2019-06-30 10:15:00,926.96
2019-06-30 10:30:00,937.84
2019-06-30 10:45:00,933.92
2019-06-30 11:00:00,928.8
2019-06-30 11:15:00,928.8
2019-06-30 11:30:00,921.28
2019-06-30 11:45:00,914.32
2019-06-30 12:00:00,903.92
2019-06-30 12:15:00,901.2
2019-06-30 12:30:00,894.32
2019-06-30 12:45:00,890.96
2019-06-30 13:00:00,883.44
2019-06-30 13:15:00,874.24
2019-06-30 13:30:00,873.2
2019-06-30 13:45:00,868.16
2019-06-30 14:00:00,868.56
2019-06-30 14:15:00,870.4
2019-06-30 14:30:00,870.56
2019-06-30 14:45:00,870.96
2019-06-30 15:00:00,871.36
2019-06-30 15:15:00,867.68
2019-06-30 15:30:00,872.56
2019-06-30 15:45:00,883.04
2019-06-30 16:00:00,893.68
2019-06-30 16:15:00,896.24
2019-06-30 16:30:00,894.56
2019-06-30 16:45:00,896.16
2019-06-30 17:00:00,900.48
2019-06-30 17:15:00,903.76
2019-06-30 17:30:00,910.4
2019-06-30 17:45:00,907.6
2019-06-30 18:00:00,923.44
2019-06-30 18:15:00,920.48
2019-06-30 18:30:00,914.16
2019-06-30 18:45:00,914.56
2019-06-30 19:00:00,917.28
2019-06-30 19:15:00,916.16
2019-06-30 19:30:00,912.16
2019-06-30 19:45:00,901.84
2019-06-30 20:00:00,897.36
2019-06-30 20:15:00,888.8
2019-06-30 20:30:00,896.8
2019-06-30 20:45:00,905.04
2019-06-30 21:00:00,918.0
2019-06-30 21:15:00,922.16
2019-06-30 21:30:00,912.16
2019-06-30 21:45:00,898.4
2019-06-30 22:00:00,876.72
2019-06-30 22:15:00,857.28
2019-06-30 22:30:00,844.56
2019-06-30 22:45:00,829.76
2019-06-30 23:00:00,848.4
2019-06-30 23:15:00,835.92
2019-06-30 23:30:00,826.64
2019-06-30 23:45:00,815.52
2019-07-01 00:00:00,806.8
2019-07-01 00:15:00,797.52
2019-07-01 00:30:00,788.08
2019-07-01 00:45:00,786.08
2019-07-01 01:00:00,779.28
2019-07-01 01:15:00,775.44
2019-07-01 01:30:00,777.52
2019-07-01 01:45:00,774.72
2019-07-01 02:00:00,778.56
2019-07-01 02:15:00,777.36
2019-07-01 02:30:00,775.76
2019-07-01 02:45:00,775.04
2019-07-01 03:00:00,782.8
2019-07-01 03:15:00,785.28
2019-07-01 03:30:00,792.0
2019-07-01 03:45:00,799.84
2019-07-01 04:00:00,828.24
2019-07-01 04:15:00,841.92
2019-07-01 04:30:00,861.68
2019-07-01 04:45:00,897.84
2019-07-01 05:00:00,964.16
2019-07-01 05:15:00,1007.2
2019-07-01 05:30:00,1050.88
2019-07-01 05:45:00,1092.24
2019-07-01 06:00:00,1121.2
2019-07-01 06:15:00,1137.76
2019-07-01 06:30:00,1159.6
2019-07-01 06:45:00,1186.24
2019-07-01 07:00:00,1211.36
2019-07-01 07:15:00,1219.52
2019-07-01 07:30:00,1231.92
2019-07-01 07:45:00,1236.32
2019-07-01 08:00:00,1238.32
2019-07-01 08:15:00,1249.04
2019-07-01 08:30:00,1261.44
2019-07-01 08:45:00,1271.2
2019-07-01 09:00:00,1286.4
2019-07-01 09:15:00,1298.24
2019-07-01 09:30:00,1307.52
2019-07-01 09:45:00,1315.6
2019-07-01 10:00:00,1325.36
2019-07-01 10:15:00,1331.12
2019-07-01 10:30:00,1339.36
2019-07-01 10:45:00,1345.44
2019-07-01 11:00:00,1337.92
2019-07-01 11:15:00,1327.6
2019-07-01 11:30:00,1331.36
2019-07-01 11:45:00,1331.44
2019-07-01 12:00:00,1333.68
2019-07-01 12:15:00,1330.96
2019-07-01 12:30:00,1325.92
2019-07-01 12:45:00,1317.44
2019-07-01 13:00:00,1313.84
2019-07-01 13:15:00,1313.6
2019-07-01 13:30:00,1313.28
2019-07-01 13:45:00,1319.76
2019-07-01 14:00:00,1320.72
2019-07-01 14:15:00,1306.24
2019-07-01 14:30:00,1298.56
2019-07-01 14:45:00,1290.24
2019-07-01 15:00:00,1274.72
2019-07-01 15:15:00,1262.08
2019-07-01 15:30:00,1258.72
2019-07-01 15:45:00,1251.76
2019-07-01 16:00:00,1250.4
2019-07-01 16:15:00,1241.2
2019-07-01 16:30:00,1241.44
2019-07-01 16:45:00,1239.04
2019-07-01 17:00:00,1235.92
2019-07-01 17:15:00,1232.88
2019-07-01 17:30:00,1233.2
2019-07-01 17:45:00,1239.28
2019-07-01 18:00:00,1235.2
2019-07-01 18:15:00,1230.4
2019-07-01 18:30:00,1226.24
2019-07-01 18:45:00,1217.76
2019-07-01 19:00:00,1192.72
2019-07-01 19:15:00,1172.8
2019-07-01 19:30:00,1148.16
2019-07-01 19:45:00,1134.56
2019-07-01 20:00:00,1122.0
2019-07-01 20:15:00,1104.56
2019-07-01 20:30:00,1095.28
2019-07-01 20:45:00,1081.28
2019-07-01 21:00:00,1073.52
2019-07-01 21:15:00,1058.08
2019-07-01 21:30:00,1037.52
2019-07-01 21:45:00,1014.56
2019-07-01 22:00:00,986.72
2019-07-01 22:15:00,967.12
2019-07-01 22:30:00,949.2
2019-07-01 22:45:00,940.16
2019-07-01 23:00:00,914.72
2019-07-01 23:15:00,901.68
2019-07-01 23:30:00,895.76
2019-07-01 23:45:00,887.28
2019-07-02 00:00:00,869.92
2019-07-02 00:15:00,864.16
2019-07-02 00:30:00,862.48
2019-07-02 00:45:00,859.6
2019-07-02 01:00:00,848.56
2019-07-02 01:15:00,840.56
2019-07-02 01:30:00,839.92
2019-07-02 01:45:00,838.0
2019-07-02 02:00:00,834.72
2019-07-02 02:15:00,844.64
2019-07-02 02:30:00,844.08
2019-07-02 02:45:00,850.0
2019-07-02 03:00:00,855.28
2019-07-02 03:15:00,860.0
2019-07-02 03:30:00,866.48
2019-07-02 03:45:00,873.68
2019-07-02 04:00:00,894.32
2019-07-02 04:15:00,900.56
2019-07-02 04:30:00,917.76
2019-07-02 04:45:00,947.84
2019-07-02 05:00:00,1006.88
2019-07-02 05:15:00,1045.68
2019-07-02 05:30:00,1076.24
2019-07-02 05:45:00,1100.48
2019-07-02 06:00:00,1136.48
2019-07-02 06:15:00,1160.24
2019-07-02 06:30:00,1180.24
2019-07-02 06:45:00,1201.52
2019-07-02 07:00:00,1225.2
2019-07-02 07:15:00,1236.32
2019-07-02 07:30:00,1246.0
2019-07-02 07:45:00,1252.32
2019-07-02 08:00:00,1241.84
2019-07-02 08:15:00,1250.72
2019-07-02 08:30:00,1259.68
2019-07-02 08:45:00,1267.6
2019-07-02 09:00:00,1268.08
2019-07-02 09:15:00,1270.32
2019-07-02 09:30:00,1282.0
2019-07-02 09:45:00,1290.24
2019-07-02 10:00:00,1291.44
2019-07-02 10:15:00,1302.16
2019-07-02 10:30:00,1307.76
2019-07-02 10:45:00,1306.56
2019-07-02 11:00:00,1296.16
2019-07-02 11:15:00,1296.32
2019-07-02 11:30:00,1299.84
2019-07-02 11:45:00,1299.92
2019-07-02 12:00:00,1298.56
2019-07-02 12:15:00,1295.68
2019-07-02 12:30:00,1286.0
2019-07-02 12:45:00,1280.72
2019-07-02 13:00:00,1275.36
2019-07-02 13:15:00,1268.4
2019-07-02 13:30:00,1265.6
2019-07-02 13:45:00,1259.84
2019-07-02 14:00:00,1251.68
2019-07-02 14:15:00,1244.24
2019-07-02 14:30:00,1234.88
2019-07-02 14:45:00,1227.44
2019-07-02 15:00:00,1221.36
2019-07-02 15:15:00,1215.68
2019-07-02 15:30:00,1208.4
2019-07-02 15:45:00,1205.36
2019-07-02 16:00:00,1207.76
2019-07-02 16:15:00,1204.64
2019-07-02 16:30:00,1205.92
2019-07-02 16:45:00,1200.72
2019-07-02 17:00:00,1194.72
2019-07-02 17:15:00,1192.24
2019-07-02 17:30:00,1187.28
2019-07-02 17:45:00,1188.8
2019-07-02 18:00:00,1182.8
2019-07-02 18:15:00,1171.44
2019-07-02 18:30:00,1162.96
2019-07-02 18:45:00,1154.4
2019-07-02 19:00:00,1139.2
2019-07-02 19:15:00,1122.88
2019-07-02 19:30:00,1107.68
2019-07-02 19:45:00,1094.96
2019-07-02 20:00:00,1082.32
2019-07-02 20:15:00,1065.28
2019-07-02 20:30:00,1050.88
2019-07-02 20:45:00,1037.52
2019-07-02 21:00:00,1027.68
2019-07-02 21:15:00,1019.52
2019-07-02 21:30:00,1000.64
2019-07-02 21:45:00,977.52
2019-07-02 22:00:00,955.2
2019-07-02 22:15:00,941.04
2019-07-02 22:30:00,920.16
2019-07-02 22:45:00,905.12
2019-07-02 23:00:00,884.8
2019-07-02 23:15:00,872.24
2019-07-02 23:30:00,858.4
2019-07-02 23:45:00,850.0
2019-07-03 00:00:00,844.64
2019-07-03 00:15:00,841.2
2019-07-03 00:30:00,828.48
2019-07-03 00:45:00,823.6
2019-07-03 01:00:00,821.6
2019-07-03 01:15:00,817.52
2019-07-03 01:30:00,820.0
2019-07-03 01:45:00,824.0
2019-07-03 02:00:00,820.88
2019-07-03 02:15:00,823.44
2019-07-03 02:30:00,824.8
2019-07-03 02:45:00,822.4
2019-07-03 03:00:00,830.72
2019-07-03 03:15:00,836.48
2019-07-03 03:30:00,839.76
2019-07-03 03:45:00,849.6
2019-07-03 04:00:00,866.72
2019-07-03 04:15:00,876.8
2019-07-03 04:30:00,891.12
2019-07-03 04:45:00,923.76
2019-07-03 05:00:00,984.4
2019-07-03 05:15:00,1021.6
2019-07-03 05:30:00,1052.0
2019-07-03 05:45:00,1078.72
2019-07-03 06:00:00,1111.36
2019-07-03 06:15:00,1133.28
2019-07-03 06:30:00,1156.56
2019-07-03 06:45:00,1178.08
2019-07-03 07:00:00,1201.36
2019-07-03 07:15:00,1216.24
2019-07-03 07:30:00,1232.48
2019-07-03 07:45:00,1237.6
2019-07-03 08:00:00,1229.6
2019-07-03 08:15:00,1243.84
2019-07-03 08:30:00,1252.0
2019-07-03 08:45:00,1262.0
2019-07-03 09:00:00,1267.04
2019-07-03 09:15:00,1270.0
2019-07-03 09:30:00,1277.68
2019-07-03 09:45:00,1288.24
2019-07-03 10:00:00,1299.28
2019-07-03 10:15:00,1301.12
2019-07-03 10:30:00,1307.76
2019-07-03 10:45:00,1303.76
2019-07-03 11:00:00,1291.2
2019-07-03 11:15:00,1283.68
2019-07-03 11:30:00,1285.04
2019-07-03 11:45:00,1282.72
2019-07-03 12:00:00,1280.08
2019-07-03 12:15:00,1272.72
2019-07-03 12:30:00,1261.6
2019-07-03 12:45:00,1250.0
2019-07-03 13:00:00,1237.76
2019-07-03 13:15:00,1234.88
2019-07-03 13:30:00,1235.92
2019-07-03 13:45:00,1234.16
2019-07-03 14:00:00,1231.36
2019-07-03 14:15:00,1227.76
2019-07-03 14:30:00,1222.32
2019-07-03 14:45:00,1211.68
2019-07-03 15:00:00,1203.68
2019-07-03 15:15:00,1199.68
2019-07-03 15:30:00,1189.84
2019-07-03 15:45:00,1183.76
2019-07-03 16:00:00,1191.2
2019-07-03 16:15:00,1195.44
2019-07-03 16:30:00,1195.44
2019-07-03 16:45:00,1196.24
2019-07-03 17:00:00,1186.8
2019-07-03 17:15:00,1183.2
2019-07-03 17:30:00,1180.08
2019-07-03 17:45:00,1172.72
2019-07-03 18:00:00,1165.36
2019-07-03 18:15:00,1160.32
2019-07-03 18:30:00,1150.56
2019-07-03 18:45:00,1143.52
2019-07-03 19:00:00,1131.52
2019-07-03 19:15:00,1114.64
2019-07-03 19:30:00,1108.48
2019-07-03 19:45:00,1093.6
2019-07-03 20:00:00,1079.92
2019-07-03 20:15:00,1069.84
2019-07-03 20:30:00,1060.32
2019-07-03 20:45:00,1058.4
2019-07-03 21:00:00,1055.04
2019-07-03 21:15:00,1044.08
2019-07-03 21:30:00,1023.68
2019-07-03 21:45:00,1006.08
2019-07-03 22:00:00,976.08
2019-07-03 22:15:00,954.64
2019-07-03 22:30:00,934.4
2019-07-03 22:45:00,916.56
2019-07-03 23:00:00,889.28
2019-07-03 23:15:00,876.4
2019-07-03 23:30:00,866.96
2019-07-03 23:45:00,859.12
2019-07-04 00:00:00,851.04
2019-07-04 00:15:00,845.52
2019-07-04 00:30:00,841.44
2019-07-04 00:45:00,831.68
2019-07-04 01:00:00,818.24
2019-07-04 01:15:00,818.72
2019-07-04 01:30:00,818.72
2019-07-04 01:45:00,817.44
2019-07-04 02:00:00,819.76
2019-07-04 02:15:00,823.52
2019-07-04 02:30:00,818.72
2019-07-04 02:45:00,820.24
2019-07-04 03:00:00,830.16
2019-07-04 03:15:00,835.28
2019-07-04 03:30:00,841.52
2019-07-04 03:45:00,847.2
2019-07-04 04:00:00,871.12
2019-07-04 04:15:00,880.64
2019-07-04 04:30:00,892.56
2019-07-04 04:45:00,922.8
2019-07-04 05:00:00,979.68
2019-07-04 05:15:00,1016.88
2019-07-04 05:30:00,1049.68
2019-07-04 05:45:00,1074.48
2019-07-04 06:00:00,1107.12
2019-07-04 06:15:00,1130.96
2019-07-04 06:30:00,1155.68
2019-07-04 06:45:00,1179.28
2019-07-04 07:00:00,1198.0
2019-07-04 07:15:00,1210.4
2019-07-04 07:30:00,1222.0
2019-07-04 07:45:00,1230.16
2019-07-04 08:00:00,1228.48
2019-07-04 08:15:00,1234.8
2019-07-04 08:30:00,1242.8
2019-07-04 08:45:00,1253.36
2019-07-04 09:00:00,1247.92
2019-07-04 09:15:00,1253.36
2019-07-04 09:30:00,1271.6
2019-07-04 09:45:00,1283.76
2019-07-04 10:00:00,1288.48
2019-07-04 10:15:00,1293.2
2019-07-04 10:30:00,1297.68
2019-07-04 10:45:00,1305.6
2019-07-04 11:00:00,1291.12
2019-07-04 11:15:00,1285.36
2019-07-04 11:30:00,1287.44
2019-07-04 11:45:00,1291.12
2019-07-04 12:00:00,1285.2
2019-07-04 12:15:00,1281.52
2019-07-04 12:30:00,1278.16
2019-07-04 12:45:00,1268.56
2019-07-04 13:00:00,1263.04
2019-07-04 13:15:00,1261.44
2019-07-04 13:30:00,1258.48
2019-07-04 13:45:00,1252.4
2019-07-04 14:00:00,1250.48
2019-07-04 14:15:00,1243.2
2019-07-04 14:30:00,1239.28
2019-07-04 14:45:00,1232.88
2019-07-04 15:00:00,1226.48
2019-07-04 15:15:00,1219.36
2019-07-04 15:30:00,1214.08
2019-07-04 15:45:00,1208.32
2019-07-04 16:00:00,1212.64
2019-07-04 16:15:00,1212.8
2019-07-04 16:30:00,1206.96
2019-07-04 16:45:00,1201.6
2019-07-04 17:00:00,1196.32
2019-07-04 17:15:00,1193.04
2019-07-04 17:30:00,1192.72
2019-07-04 17:45:00,1193.04
2019-07-04 18:00:00,1192.16
2019-07-04 18:15:00,1179.76
2019-07-04 18:30:00,1176.32
2019-07-04 18:45:00,1166.72
2019-07-04 19:00:00,1151.44
2019-07-04 19:15:00,1135.12
2019-07-04 19:30:00,1121.04
2019-07-04 19:45:00,1107.2
2019-07-04 20:00:00,1090.48
2019-07-04 20:15:00,1079.52
2019-07-04 20:30:00,1075.52
2019-07-04 20:45:00,1072.08
2019-07-04 21:00:00,1060.24
2019-07-04 21:15:00,1047.68
2019-07-04 21:30:00,1030.96
2019-07-04 21:45:00,1012.4
2019-07-04 22:00:00,987.6
2019-07-04 22:15:00,972.64
2019-07-04 22:30:00,952.48
2019-07-04 22:45:00,934.64
2019-07-04 23:00:00,908.8
2019-07-04 23:15:00,901.28
2019-07-04 23:30:00,892.16
2019-07-04 23:45:00,883.12
2019-07-05 00:00:00,870.0
2019-07-05 00:15:00,864.64
2019-07-05 00:30:00,858.8
2019-07-05 00:45:00,852.24
2019-07-05 01:00:00,846.48
2019-07-05 01:15:00,847.6
2019-07-05 01:30:00,843.76
2019-07-05 01:45:00,840.8
2019-07-05 02:00:00,846.96
2019-07-05 02:15:00,846.56
2019-07-05 02:30:00,839.04
2019-07-05 02:45:00,844.16
2019-07-05 03:00:00,851.92
2019-07-05 03:15:00,857.36
2019-07-05 03:30:00,860.88
2019-07-05 03:45:00,869.68
2019-07-05 04:00:00,887.92
2019-07-05 04:15:00,894.32
2019-07-05 04:30:00,908.0
2019-07-05 04:45:00,930.56
2019-07-05 05:00:00,997.36
2019-07-05 05:15:00,1039.12
2019-07-05 05:30:00,1070.64
2019-07-05 05:45:00,1097.76
2019-07-05 06:00:00,1132.16
2019-07-05 06:15:00,1159.84
2019-07-05 06:30:00,1177.2
2019-07-05 06:45:00,1193.68
2019-07-05 07:00:00,1212.08
2019-07-05 07:15:00,1225.84
2019-07-05 07:30:00,1238.4
2019-07-05 07:45:00,1248.24
2019-07-05 08:00:00,1247.52
2019-07-05 08:15:00,1259.92
2019-07-05 08:30:00,1265.12
2019-07-05 08:45:00,1274.08
2019-07-05 09:00:00,1270.72
2019-07-05 09:15:00,1278.08
2019-07-05 09:30:00,1276.16
2019-07-05 09:45:00,1279.2
2019-07-05 10:00:00,1281.92
2019-07-05 10:15:00,1286.64
2019-07-05 10:30:00,1291.04
2019-07-05 10:45:00,1286.56
2019-07-05 11:00:00,1271.52
2019-07-05 11:15:00,1269.04
2019-07-05 11:30:00,1272.0
2019-07-05 11:45:00,1265.2
2019-07-05 12:00:00,1259.6
2019-07-05 12:15:00,1255.36
2019-07-05 12:30:00,1246.96
2019-07-05 12:45:00,1236.64
2019-07-05 13:00:00,1232.72
2019-07-05 13:15:00,1230.32
2019-07-05 13:30:00,1225.2
2019-07-05 13:45:00,1213.84
2019-07-05 14:00:00,1209.44
2019-07-05 14:15:00,1199.2
2019-07-05 14:30:00,1188.96
2019-07-05 14:45:00,1177.92
2019-07-05 15:00:00,1176.48
2019-07-05 15:15:00,1171.12
2019-07-05 15:30:00,1168.16
2019-07-05 15:45:00,1166.4
2019-07-05 16:00:00,1162.96
2019-07-05 16:15:00,1153.84
2019-07-05 16:30:00,1157.6
2019-07-05 16:45:00,1152.64
2019-07-05 17:00:00,1154.72
2019-07-05 17:15:00,1143.2
2019-07-05 17:30:00,1138.56
2019-07-05 17:45:00,1137.76
2019-07-05 18:00:00,1126.56
2019-07-05 18:15:00,1110.0
2019-07-05 18:30:00,1102.88
2019-07-05 18:45:00,1093.76
2019-07-05 19:00:00,1069.2
2019-07-05 19:15:00,1056.4
2019-07-05 19:30:00,1039.04
2019-07-05 19:45:00,1031.28
2019-07-05 20:00:00,1016.08
2019-07-05 20:15:00,1009.84
2019-07-05 20:30:00,996.4
2019-07-05 20:45:00,991.36
2019-07-05 21:00:00,984.08
2019-07-05 21:15:00,974.64
2019-07-05 21:30:00,964.32
2019-07-05 21:45:00,945.44
2019-07-05 22:00:00,919.6
2019-07-05 22:15:00,905.28
2019-07-05 22:30:00,887.28
2019-07-05 22:45:00,872.4
2019-07-05 23:00:00,857.52
2019-07-05 23:15:00,846.88
2019-07-05 23:30:00,836.64
2019-07-05 23:45:00,824.88
2019-07-06 00:00:00,808.4
2019-07-06 00:15:00,798.24
2019-07-06 00:30:00,786.88
2019-07-06 00:45:00,779.36
2019-07-06 01:00:00,765.76
2019-07-06 01:15:00,756.0
2019-07-06 01:30:00,752.08
2019-07-06 01:45:00,755.68
2019-07-06 02:00:00,751.04
2019-07-06 02:15:00,748.64
2019-07-06 02:30:00,742.32
2019-07-06 02:45:00,741.52
2019-07-06 03:00:00,740.24
2019-07-06 03:15:00,738.16
2019-07-06 03:30:00,745.36
2019-07-06 03:45:00,738.24
2019-07-06 04:00:00,744.72
2019-07-06 04:15:00,737.44
2019-07-06 04:30:00,737.04
2019-07-06 04:45:00,740.8
2019-07-06 05:00:00,758.8
2019-07-06 05:15:00,772.16
2019-07-06 05:30:00,779.44
2019-07-06 05:45:00,792.88
2019-07-06 06:00:00,812.8
2019-07-06 06:15:00,829.76
2019-07-06 06:30:00,849.76
2019-07-06 06:45:00,870.96
2019-07-06 07:00:00,894.48
2019-07-06 07:15:00,912.96
2019-07-06 07:30:00,932.0
2019-07-06 07:45:00,948.56
2019-07-06 08:00:00,963.28
2019-07-06 08:15:00,981.04
2019-07-06 08:30:00,1000.64
2019-07-06 08:45:00,1011.2
2019-07-06 09:00:00,1015.04
2019-07-06 09:15:00,1023.76
2019-07-06 09:30:00,1033.92
2019-07-06 09:45:00,1036.4
2019-07-06 10:00:00,1041.28
2019-07-06 10:15:00,1046.96
2019-07-06 10:30:00,1048.96
2019-07-06 10:45:00,1047.6
2019-07-06 11:00:00,1046.96
2019-07-06 11:15:00,1045.68
2019-07-06 11:30:00,1044.48
2019-07-06 11:45:00,1035.12
2019-07-06 12:00:00,1027.6
2019-07-06 12:15:00,1021.76
2019-07-06 12:30:00,1024.0
2019-07-06 12:45:00,1016.56
2019-07-06 13:00:00,1007.6
2019-07-06 13:15:00,1004.56
2019-07-06 13:30:00,999.2
2019-07-06 13:45:00,991.12
2019-07-06 14:00:00,986.32
2019-07-06 14:15:00,986.0
2019-07-06 14:30:00,980.24
2019-07-06 14:45:00,977.84
2019-07-06 15:00:00,978.56
2019-07-06 15:15:00,971.12
2019-07-06 15:30:00,962.16
2019-07-06 15:45:00,969.52
2019-07-06 16:00:00,970.64
2019-07-06 16:15:00,966.24
2019-07-06 16:30:00,965.36
2019-07-06 16:45:00,968.88
2019-07-06 17:00:00,974.8
2019-07-06 17:15:00,964.0
2019-07-06 17:30:00,970.96
2019-07-06 17:45:00,975.04
2019-07-06 18:00:00,975.36
2019-07-06 18:15:00,964.64
2019-07-06 18:30:00,954.48
2019-07-06 18:45:00,949.28
2019-07-06 19:00:00,932.48
2019-07-06 19:15:00,917.44
2019-07-06 19:30:00,903.52
2019-07-06 19:45:00,896.88
2019-07-06 20:00:00,891.92
2019-07-06 20:15:00,885.44
2019-07-06 20:30:00,880.64
2019-07-06 20:45:00,883.04
2019-07-06 21:00:00,887.76
2019-07-06 21:15:00,882.64
2019-07-06 21:30:00,861.92
2019-07-06 21:45:00,853.92
2019-07-06 22:00:00,831.76
2019-07-06 22:15:00,822.16
2019-07-06 22:30:00,809.44
2019-07-06 22:45:00,794.48
2019-07-06 23:00:00,775.04
2019-07-06 23:15:00,764.72
2019-07-06 23:30:00,751.84
2019-07-06 23:45:00,743.6
2019-07-07 00:00:00,735.84
2019-07-07 00:15:00,727.92
2019-07-07 00:30:00,713.68
2019-07-07 00:45:00,707.52
2019-07-07 01:00:00,702.0
2019-07-07 01:15:00,699.12
2019-07-07 01:30:00,695.68
2019-07-07 01:45:00,694.4
2019-07-07 02:00:00,690.96
2019-07-07 02:15:00,686.48
2019-07-07 02:30:00,684.4
2019-07-07 02:45:00,681.52
2019-07-07 03:00:00,678.64
2019-07-07 03:15:00,677.2
2019-07-07 03:30:00,687.6
2019-07-07 03:45:00,682.0
2019-07-07 04:00:00,682.88
2019-07-07 04:15:00,672.56
2019-07-07 04:30:00,673.04
2019-07-07 04:45:00,673.6
2019-07-07 05:00:00,685.76
2019-07-07 05:15:00,694.88
2019-07-07 05:30:00,704.48
2019-07-07 05:45:00,714.56
2019-07-07 06:00:00,719.44
2019-07-07 06:15:00,729.76
2019-07-07 06:30:00,746.0
2019-07-07 06:45:00,764.4
2019-07-07 07:00:00,776.0
2019-07-07 07:15:00,790.56
2019-07-07 07:30:00,803.84
2019-07-07 07:45:00,814.72
2019-07-07 08:00:00,842.88
2019-07-07 08:15:00,852.64
2019-07-07 08:30:00,859.6
2019-07-07 08:45:00,874.48
2019-07-07 09:00:00,883.44
2019-07-07 09:15:00,896.0
2019-07-07 09:30:00,903.28
2019-07-07 09:45:00,913.84
2019-07-07 10:00:00,921.04
2019-07-07 10:15:00,930.72
2019-07-07 10:30:00,939.28
2019-07-07 10:45:00,940.88
2019-07-07 11:00:00,948.0
2019-07-07 11:15:00,945.6
2019-07-07 11:30:00,945.92
2019-07-07 11:45:00,940.24
2019-07-07 12:00:00,927.6
2019-07-07 12:15:00,911.76
2019-07-07 12:30:00,906.48
2019-07-07 12:45:00,901.52
2019-07-07 13:00:00,903.84
2019-07-07 13:15:00,900.0
2019-07-07 13:30:00,895.76
2019-07-07 13:45:00,888.08
2019-07-07 14:00:00,883.44
2019-07-07 14:15:00,886.56
2019-07-07 14:30:00,880.4
2019-07-07 14:45:00,875.12
2019-07-07 15:00:00,882.56
2019-07-07 15:15:00,882.72
2019-07-07 15:30:00,878.08
2019-07-07 15:45:00,886.24
2019-07-07 16:00:00,896.0
2019-07-07 16:15:00,900.64
2019-07-07 16:30:00,893.92
2019-07-07 16:45:00,896.0
2019-07-07 17:00:00,899.04
2019-07-07 17:15:00,892.8
2019-07-07 17:30:00,895.76
2019-07-07 17:45:00,893.92
2019-07-07 18:00:00,900.0
2019-07-07 18:15:00,898.0
2019-07-07 18:30:00,891.04
2019-07-07 18:45:00,879.28
2019-07-07 19:00:00,883.76
2019-07-07 19:15:00,878.72
2019-07-07 19:30:00,871.2
2019-07-07 19:45:00,859.84
2019-07-07 20:00:00,854.64
2019-07-07 20:15:00,850.24
2019-07-07 20:30:00,855.12
2019-07-07 20:45:00,866.48
2019-07-07 21:00:00,872.96
2019-07-07 21:15:00,869.84
2019-07-07 21:30:00,857.76
2019-07-07 21:45:00,842.8
2019-07-07 22:00:00,823.76
2019-07-07 22:15:00,810.32
2019-07-07 22:30:00,798.88
2019-07-07 22:45:00,795.76
2019-07-07 23:00:00,785.28
2019-07-07 23:15:00,771.44
2019-07-07 23:30:00,769.52
2019-07-07 23:45:00,763.2
2019-07-08 00:00:00,749.2
2019-07-08 00:15:00,742.32
2019-07-08 00:30:00,734.96
2019-07-08 00:45:00,729.76
2019-07-08 01:00:00,713.52
2019-07-08 01:15:00,712.64
2019-07-08 01:30:00,713.52
2019-07-08 01:45:00,714.96
2019-07-08 02:00:00,716.48
2019-07-08 02:15:00,718.72
2019-07-08 02:30:00,720.96
2019-07-08 02:45:00,723.36
2019-07-08 03:00:00,731.12
2019-07-08 03:15:00,737.92
2019-07-08 03:30:00,749.44
2019-07-08 03:45:00,759.28
2019-07-08 04:00:00,790.0
2019-07-08 04:15:00,797.12
2019-07-08 04:30:00,815.2
2019-07-08 04:45:00,853.52
2019-07-08 05:00:00,918.32
2019-07-08 05:15:00,963.84
2019-07-08 05:30:00,996.32
2019-07-08 05:45:00,1028.64
2019-07-08 06:00:00,1072.8
2019-07-08 06:15:00,1096.4
2019-07-08 06:30:00,1116.4
2019-07-08 06:45:00,1129.12
2019-07-08 07:00:00,1143.6
2019-07-08 07:15:00,1156.0
2019-07-08 07:30:00,1163.6
2019-07-08 07:45:00,1174.48
2019-07-08 08:00:00,1174.24
2019-07-08 08:15:00,1186.08
2019-07-08 08:30:00,1197.36
2019-07-08 08:45:00,1213.68
2019-07-08 09:00:00,1222.64
2019-07-08 09:15:00,1231.68
2019-07-08 09:30:00,1237.28
2019-07-08 09:45:00,1248.08
2019-07-08 10:00:00,1249.68
2019-07-08 10:15:00,1256.8
2019-07-08 10:30:00,1263.2
2019-07-08 10:45:00,1268.88
2019-07-08 11:00:00,1265.76
2019-07-08 11:15:00,1264.88
2019-07-08 11:30:00,1266.64
2019-07-08 11:45:00,1269.92
2019-07-08 12:00:00,1266.72
2019-07-08 12:15:00,1259.12
2019-07-08 12:30:00,1254.24
2019-07-08 12:45:00,1238.88
2019-07-08 13:00:00,1234.24
2019-07-08 13:15:00,1233.36
2019-07-08 13:30:00,1229.28
2019-07-08 13:45:00,1218.08
2019-07-08 14:00:00,1219.2
2019-07-08 14:15:00,1210.88
2019-07-08 14:30:00,1200.88
2019-07-08 14:45:00,1189.92
2019-07-08 15:00:00,1188.32
2019-07-08 15:15:00,1175.2
2019-07-08 15:30:00,1170.0
2019-07-08 15:45:00,1168.64
2019-07-08 16:00:00,1173.6
2019-07-08 16:15:00,1167.44
2019-07-08 16:30:00,1167.84
2019-07-08 16:45:00,1170.56
2019-07-08 17:00:00,1160.24
2019-07-08 17:15:00,1153.04
2019-07-08 17:30:00,1150.56
2019-07-08 17:45:00,1151.04
2019-07-08 18:00:00,1143.36
2019-07-08 18:15:00,1131.52
2019-07-08 18:30:00,1124.88
2019-07-08 18:45:00,1114.0
2019-07-08 19:00:00,1099.92
2019-07-08 19:15:00,1086.24
2019-07-08 19:30:00,1072.88
2019-07-08 19:45:00,1059.68
2019-07-08 20:00:00,1048.88
2019-07-08 20:15:00,1041.28
2019-07-08 20:30:00,1030.32
2019-07-08 20:45:00,1022.56
2019-07-08 21:00:00,1016.0
2019-07-08 21:15:00,1003.6
2019-07-08 21:30:00,982.48
2019-07-08 21:45:00,961.76
2019-07-08 22:00:00,932.56
2019-07-08 22:15:00,914.8
2019-07-08 22:30:00,895.44
2019-07-08 22:45:00,882.56
2019-07-08 23:00:00,865.36
2019-07-08 23:15:00,860.8
2019-07-08 23:30:00,841.76
2019-07-08 23:45:00,836.0
2019-07-09 00:00:00,828.24
2019-07-09 00:15:00,822.0
2019-07-09 00:30:00,815.52
2019-07-09 00:45:00,810.72
2019-07-09 01:00:00,809.68
2019-07-09 01:15:00,810.96
2019-07-09 01:30:00,803.92
2019-07-09 01:45:00,803.6
2019-07-09 02:00:00,805.36
2019-07-09 02:15:00,809.84
2019-07-09 02:30:00,810.8
2019-07-09 02:45:00,810.0
2019-07-09 03:00:00,814.72
2019-07-09 03:15:00,821.92
2019-07-09 03:30:00,827.92
2019-07-09 03:45:00,837.04
2019-07-09 04:00:00,847.12
2019-07-09 04:15:00,855.12
2019-07-09 04:30:00,877.76
2019-07-09 04:45:00,903.84
2019-07-09 05:00:00,961.28
2019-07-09 05:15:00,1000.88
2019-07-09 05:30:00,1037.52
2019-07-09 05:45:00,1064.24
2019-07-09 06:00:00,1093.12
2019-07-09 06:15:00,1115.36
2019-07-09 06:30:00,1143.28
2019-07-09 06:45:00,1153.84
2019-07-09 07:00:00,1157.44
2019-07-09 07:15:00,1168.96
2019-07-09 07:30:00,1176.96
2019-07-09 07:45:00,1184.16
2019-07-09 08:00:00,1181.68
2019-07-09 08:15:00,1191.28
2019-07-09 08:30:00,1199.76
2019-07-09 08:45:00,1205.92
2019-07-09 09:00:00,1216.96
2019-07-09 09:15:00,1226.96
2019-07-09 09:30:00,1232.8
2019-07-09 09:45:00,1240.88
2019-07-09 10:00:00,1263.12
2019-07-09 10:15:00,1268.48
2019-07-09 10:30:00,1271.68
2019-07-09 10:45:00,1268.56
2019-07-09 11:00:00,1253.44
2019-07-09 11:15:00,1251.28
2019-07-09 11:30:00,1249.76
2019-07-09 11:45:00,1250.08
2019-07-09 12:00:00,1249.68
2019-07-09 12:15:00,1249.84
2019-07-09 12:30:00,1240.56
2019-07-09 12:45:00,1232.0
2019-07-09 13:00:00,1232.0
2019-07-09 13:15:00,1230.24
2019-07-09 13:30:00,1222.0
2019-07-09 13:45:00,1218.88
2019-07-09 14:00:00,1213.84
2019-07-09 14:15:00,1205.12
2019-07-09 14:30:00,1199.92
2019-07-09 14:45:00,1187.6
2019-07-09 15:00:00,1182.48
2019-07-09 15:15:00,1173.92
2019-07-09 15:30:00,1175.6
2019-07-09 15:45:00,1169.6
2019-07-09 16:00:00,1166.96
2019-07-09 16:15:00,1167.6
2019-07-09 16:30:00,1166.4
2019-07-09 16:45:00,1168.8
2019-07-09 17:00:00,1156.8
2019-07-09 17:15:00,1151.92
2019-07-09 17:30:00,1156.64
2019-07-09 17:45:00,1158.56
2019-07-09 18:00:00,1151.28
2019-07-09 18:15:00,1138.48
2019-07-09 18:30:00,1134.64
2019-07-09 18:45:00,1126.32
2019-07-09 19:00:00,1112.0
2019-07-09 19:15:00,1088.88
2019-07-09 19:30:00,1078.08
2019-07-09 19:45:00,1067.76
2019-07-09 20:00:00,1052.56
2019-07-09 20:15:00,1039.76
2019-07-09 20:30:00,1032.8
2019-07-09 20:45:00,1029.12
2019-07-09 21:00:00,1020.88
2019-07-09 21:15:00,1002.88
2019-07-09 21:30:00,981.28
2019-07-09 21:45:00,961.52
2019-07-09 22:00:00,943.2
2019-07-09 22:15:00,920.0
2019-07-09 22:30:00,907.28
2019-07-09 22:45:00,890.16
2019-07-09 23:00:00,870.48
2019-07-09 23:15:00,860.88
2019-07-09 23:30:00,847.68
2019-07-09 23:45:00,842.96
2019-07-10 00:00:00,828.96
2019-07-10 00:15:00,824.4
2019-07-10 00:30:00,813.84
2019-07-10 00:45:00,807.2
2019-07-10 01:00:00,797.12
2019-07-10 01:15:00,796.56
2019-07-10 01:30:00,792.08
2019-07-10 01:45:00,795.52
2019-07-10 02:00:00,798.96
2019-07-10 02:15:00,799.2
2019-07-10 02:30:00,799.76
2019-07-10 02:45:00,802.64
2019-07-10 03:00:00,810.4
2019-07-10 03:15:00,815.52
2019-07-10 03:30:00,820.08
2019-07-10 03:45:00,830.24
2019-07-10 04:00:00,846.32
2019-07-10 04:15:00,856.0
2019-07-10 04:30:00,868.96
2019-07-10 04:45:00,896.08
2019-07-10 05:00:00,958.88
2019-07-10 05:15:00,996.48
2019-07-10 05:30:00,1026.08
2019-07-10 05:45:00,1052.88
2019-07-10 06:00:00,1088.8
2019-07-10 06:15:00,1110.96
2019-07-10 06:30:00,1129.44
2019-07-10 06:45:00,1148.24
2019-07-10 07:00:00,1157.92
2019-07-10 07:15:00,1161.28
2019-07-10 07:30:00,1169.04
2019-07-10 07:45:00,1172.48
2019-07-10 08:00:00,1169.28
2019-07-10 08:15:00,1174.24
2019-07-10 08:30:00,1188.32
2019-07-10 08:45:00,1201.52
2019-07-10 09:00:00,1200.96
2019-07-10 09:15:00,1203.12
2019-07-10 09:30:00,1212.08
2019-07-10 09:45:00,1224.32
2019-07-10 10:00:00,1231.28
2019-07-10 10:15:00,1245.12
2019-07-10 10:30:00,1256.0
2019-07-10 10:45:00,1258.0
2019-07-10 11:00:00,1247.6
2019-07-10 11:15:00,1242.48
2019-07-10 11:30:00,1247.52
2019-07-10 11:45:00,1244.88
2019-07-10 12:00:00,1243.12
2019-07-10 12:15:00,1244.4
2019-07-10 12:30:00,1240.64
2019-07-10 12:45:00,1233.6
2019-07-10 13:00:00,1227.2
2019-07-10 13:15:00,1228.16
2019-07-10 13:30:00,1221.84
2019-07-10 13:45:00,1219.84
2019-07-10 14:00:00,1217.84
2019-07-10 14:15:00,1210.56
2019-07-10 14:30:00,1198.8
2019-07-10 14:45:00,1186.08
2019-07-10 15:00:00,1179.92
2019-07-10 15:15:00,1169.36
2019-07-10 15:30:00,1163.92
2019-07-10 15:45:00,1157.28
2019-07-10 16:00:00,1157.6
2019-07-10 16:15:00,1155.52
2019-07-10 16:30:00,1161.12
2019-07-10 16:45:00,1162.16
2019-07-10 17:00:00,1161.28
2019-07-10 17:15:00,1157.36
2019-07-10 17:30:00,1157.12
2019-07-10 17:45:00,1160.08
2019-07-10 18:00:00,1158.88
2019-07-10 18:15:00,1142.48
2019-07-10 18:30:00,1135.6
2019-07-10 18:45:00,1126.32
2019-07-10 19:00:00,1109.28
2019-07-10 19:15:00,1089.2
2019-07-10 19:30:00,1075.44
2019-07-10 19:45:00,1061.92
2019-07-10 20:00:00,1054.24
2019-07-10 20:15:00,1043.04
2019-07-10 20:30:00,1035.44
2019-07-10 20:45:00,1034.96
2019-07-10 21:00:00,1017.2
2019-07-10 21:15:00,1003.04
2019-07-10 21:30:00,979.12
2019-07-10 21:45:00,958.64
2019-07-10 22:00:00,930.32
2019-07-10 22:15:00,906.24
2019-07-10 22:30:00,891.44
2019-07-10 22:45:00,880.16
2019-07-10 23:00:00,863.44
2019-07-10 23:15:00,852.64
2019-07-10 23:30:00,847.84
2019-07-10 23:45:00,840.96
2019-07-11 00:00:00,830.64
2019-07-11 00:15:00,822.64
2019-07-11 00:30:00,814.64
2019-07-11 00:45:00,811.52
2019-07-11 01:00:00,796.8
2019-07-11 01:15:00,796.48
2019-07-11 01:30:00,792.56
2019-07-11 01:45:00,793.12
2019-07-11 02:00:00,798.16
2019-07-11 02:15:00,798.72
2019-07-11 02:30:00,794.56
2019-07-11 02:45:00,797.36
2019-07-11 03:00:00,804.8
2019-07-11 03:15:00,810.88
2019-07-11 03:30:00,820.8
2019-07-11 03:45:00,824.88
2019-07-11 04:00:00,851.2
2019-07-11 04:15:00,858.08
2019-07-11 04:30:00,872.24
2019-07-11 04:45:00,897.52
2019-07-11 05:00:00,954.24
2019-07-11 05:15:00,989.12
2019-07-11 05:30:00,1021.2
2019-07-11 05:45:00,1050.56
2019-07-11 06:00:00,1084.8
2019-07-11 06:15:00,1109.12
2019-07-11 06:30:00,1128.08
2019-07-11 06:45:00,1145.28
2019-07-11 07:00:00,1169.68
2019-07-11 07:15:00,1179.12
2019-07-11 07:30:00,1185.52
2019-07-11 07:45:00,1190.4
2019-07-11 08:00:00,1187.92
2019-07-11 08:15:00,1198.32
2019-07-11 08:30:00,1212.0
2019-07-11 08:45:00,1224.64
2019-07-11 09:00:00,1228.72
2019-07-11 09:15:00,1231.68
2019-07-11 09:30:00,1242.8
2019-07-11 09:45:00,1249.84
2019-07-11 10:00:00,1261.2
2019-07-11 10:15:00,1267.44
2019-07-11 10:30:00,1271.2
2019-07-11 10:45:00,1268.08
2019-07-11 11:00:00,1259.6
2019-07-11 11:15:00,1254.88
2019-07-11 11:30:00,1254.88
2019-07-11 11:45:00,1251.84
2019-07-11 12:00:00,1250.96
2019-07-11 12:15:00,1245.2
2019-07-11 12:30:00,1238.48
2019-07-11 12:45:00,1225.6
2019-07-11 13:00:00,1219.76
2019-07-11 13:15:00,1212.56
2019-07-11 13:30:00,1203.68
2019-07-11 13:45:00,1196.88
2019-07-11 14:00:00,1195.04
2019-07-11 14:15:00,1187.76
2019-07-11 14:30:00,1181.92
2019-07-11 14:45:00,1174.4
2019-07-11 15:00:00,1172.64
2019-07-11 15:15:00,1166.48
2019-07-11 15:30:00,1161.6
2019-07-11 15:45:00,1156.8
2019-07-11 16:00:00,1164.16
2019-07-11 16:15:00,1159.2
2019-07-11 16:30:00,1157.6
2019-07-11 16:45:00,1159.84
2019-07-11 17:00:00,1154.56
2019-07-11 17:15:00,1147.52
2019-07-11 17:30:00,1148.4
2019-07-11 17:45:00,1151.12
2019-07-11 18:00:00,1149.68
2019-07-11 18:15:00,1136.88
2019-07-11 18:30:00,1127.12
2019-07-11 18:45:00,1119.28
2019-07-11 19:00:00,1105.52
2019-07-11 19:15:00,1091.2
2019-07-11 19:30:00,1077.28
2019-07-11 19:45:00,1062.32
2019-07-11 20:00:00,1050.72
2019-07-11 20:15:00,1042.32
2019-07-11 20:30:00,1028.24
2019-07-11 20:45:00,1018.56
2019-07-11 21:00:00,1005.2
2019-07-11 21:15:00,990.96
2019-07-11 21:30:00,968.88
2019-07-11 21:45:00,947.44
2019-07-11 22:00:00,927.12
2019-07-11 22:15:00,906.72
2019-07-11 22:30:00,890.64
2019-07-11 22:45:00,873.28
2019-07-11 23:00:00,855.12
2019-07-11 23:15:00,845.76
2019-07-11 23:30:00,839.6
2019-07-11 23:45:00,830.72
2019-07-12 00:00:00,822.24
2019-07-12 00:15:00,814.64
2019-07-12 00:30:00,805.92
2019-07-12 00:45:00,804.8
2019-07-12 01:00:00,794.88
2019-07-12 01:15:00,792.0
2019-07-12 01:30:00,788.96
2019-07-12 01:45:00,787.36
2019-07-12 02:00:00,797.92
2019-07-12 02:15:00,794.64
2019-07-12 02:30:00,793.12
2019-07-12 02:45:00,794.56
2019-07-12 03:00:00,809.6
2019-07-12 03:15:00,814.96
2019-07-12 03:30:00,820.0
2019-07-12 03:45:00,828.0
2019-07-12 04:00:00,851.6
2019-07-12 04:15:00,861.52
2019-07-12 04:30:00,873.04
2019-07-12 04:45:00,901.76
2019-07-12 05:00:00,958.16
2019-07-12 05:15:00,998.64
2019-07-12 05:30:00,1032.24
2019-07-12 05:45:00,1058.72
2019-07-12 06:00:00,1095.6
2019-07-12 06:15:00,1112.16
2019-07-12 06:30:00,1135.92
2019-07-12 06:45:00,1153.52
2019-07-12 07:00:00,1176.32
2019-07-12 07:15:00,1193.52
2019-07-12 07:30:00,1201.92
2019-07-12 07:45:00,1217.04
2019-07-12 08:00:00,1213.76
2019-07-12 08:15:00,1218.48
2019-07-12 08:30:00,1232.88
2019-07-12 08:45:00,1241.76
2019-07-12 09:00:00,1245.36
2019-07-12 09:15:00,1253.6
2019-07-12 09:30:00,1259.6
2019-07-12 09:45:00,1265.2
2019-07-12 10:00:00,1265.92
2019-07-12 10:15:00,1268.32
2019-07-12 10:30:00,1274.08
2019-07-12 10:45:00,1270.72
2019-07-12 11:00:00,1256.72
2019-07-12 11:15:00,1245.68
2019-07-12 11:30:00,1240.88
2019-07-12 11:45:00,1233.44
2019-07-12 12:00:00,1224.8
2019-07-12 12:15:00,1214.0
2019-07-12 12:30:00,1207.44
2019-07-12 12:45:00,1193.28
2019-07-12 13:00:00,1188.0
2019-07-12 13:15:00,1184.16
2019-07-12 13:30:00,1184.0
2019-07-12 13:45:00,1175.44
2019-07-12 14:00:00,1176.24
2019-07-12 14:15:00,1174.56
2019-07-12 14:30:00,1168.08
2019-07-12 14:45:00,1159.68
2019-07-12 15:00:00,1159.12
2019-07-12 15:15:00,1152.0
2019-07-12 15:30:00,1145.76
2019-07-12 15:45:00,1137.76
2019-07-12 16:00:00,1140.72
2019-07-12 16:15:00,1135.36
2019-07-12 16:30:00,1133.44
2019-07-12 16:45:00,1136.64
2019-07-12 17:00:00,1132.96
2019-07-12 17:15:00,1121.04
2019-07-12 17:30:00,1116.56
2019-07-12 17:45:00,1113.04
2019-07-12 18:00:00,1109.92
2019-07-12 18:15:00,1092.16
2019-07-12 18:30:00,1084.0
2019-07-12 18:45:00,1074.88
2019-07-12 19:00:00,1056.8
2019-07-12 19:15:00,1038.24
2019-07-12 19:30:00,1019.68
2019-07-12 19:45:00,1008.24
2019-07-12 20:00:00,997.6
2019-07-12 20:15:00,988.4
2019-07-12 20:30:00,980.08
2019-07-12 20:45:00,970.72
2019-07-12 21:00:00,956.8
2019-07-12 21:15:00,942.88
2019-07-12 21:30:00,921.12
2019-07-12 21:45:00,903.2
2019-07-12 22:00:00,885.2
2019-07-12 22:15:00,876.88
2019-07-12 22:30:00,863.68
2019-07-12 22:45:00,849.12
2019-07-12 23:00:00,829.84
2019-07-12 23:15:00,818.32
2019-07-12 23:30:00,808.4
2019-07-12 23:45:00,797.68
2019-07-13 00:00:00,782.0
2019-07-13 00:15:00,770.48
2019-07-13 00:30:00,762.0
2019-07-13 00:45:00,760.64
2019-07-13 01:00:00,743.92
2019-07-13 01:15:00,743.2
2019-07-13 01:30:00,737.2
2019-07-13 01:45:00,740.4
2019-07-13 02:00:00,741.36
2019-07-13 02:15:00,737.36
2019-07-13 02:30:00,731.76
2019-07-13 02:45:00,734.8
2019-07-13 03:00:00,735.36
2019-07-13 03:15:00,734.56
2019-07-13 03:30:00,732.48
2019-07-13 03:45:00,734.8
2019-07-13 04:00:00,742.32
2019-07-13 04:15:00,737.84
2019-07-13 04:30:00,729.52
2019-07-13 04:45:00,737.92
2019-07-13 05:00:00,751.6
2019-07-13 05:15:00,766.96
2019-07-13 05:30:00,778.16
2019-07-13 05:45:00,792.72
2019-07-13 06:00:00,810.32
2019-07-13 06:15:00,823.6
2019-07-13 06:30:00,841.28
2019-07-13 06:45:00,860.0
2019-07-13 07:00:00,879.44
2019-07-13 07:15:00,896.72
2019-07-13 07:30:00,912.72
2019-07-13 07:45:00,927.76
2019-07-13 08:00:00,949.76
2019-07-13 08:15:00,961.28
2019-07-13 08:30:00,971.36
2019-07-13 08:45:00,983.28
2019-07-13 09:00:00,996.64
2019-07-13 09:15:00,1004.8
2019-07-13 09:30:00,1012.32
2019-07-13 09:45:00,1018.08
2019-07-13 10:00:00,1019.68
2019-07-13 10:15:00,1031.68
2019-07-13 10:30:00,1037.84
2019-07-13 10:45:00,1031.6
2019-07-13 11:00:00,1019.44
2019-07-13 11:15:00,1011.2
2019-07-13 11:30:00,1005.04
2019-07-13 11:45:00,995.76
2019-07-13 12:00:00,982.8
2019-07-13 12:15:00,976.48
2019-07-13 12:30:00,980.24
2019-07-13 12:45:00,968.8
2019-07-13 13:00:00,954.16
2019-07-13 13:15:00,951.28
2019-07-13 13:30:00,944.8
2019-07-13 13:45:00,937.36
2019-07-13 14:00:00,938.72
2019-07-13 14:15:00,939.44
2019-07-13 14:30:00,934.8
2019-07-13 14:45:00,932.8
2019-07-13 15:00:00,936.96
2019-07-13 15:15:00,928.88
2019-07-13 15:30:00,922.24
2019-07-13 15:45:00,924.0
2019-07-13 16:00:00,942.08
2019-07-13 16:15:00,942.72
2019-07-13 16:30:00,940.24
2019-07-13 16:45:00,938.24
2019-07-13 17:00:00,941.04
2019-07-13 17:15:00,940.72
2019-07-13 17:30:00,935.68
2019-07-13 17:45:00,930.56
2019-07-13 18:00:00,928.4
2019-07-13 18:15:00,916.56
2019-07-13 18:30:00,913.92
2019-07-13 18:45:00,909.2
2019-07-13 19:00:00,893.76
2019-07-13 19:15:00,877.92
2019-07-13 19:30:00,863.68
2019-07-13 19:45:00,853.6
2019-07-13 20:00:00,850.64
2019-07-13 20:15:00,845.84
2019-07-13 20:30:00,843.52
2019-07-13 20:45:00,843.68
2019-07-13 21:00:00,839.76
2019-07-13 21:15:00,830.48
2019-07-13 21:30:00,812.4
2019-07-13 21:45:00,802.64
2019-07-13 22:00:00,786.56
2019-07-13 22:15:00,773.68
2019-07-13 22:30:00,760.64
2019-07-13 22:45:00,746.32
2019-07-13 23:00:00,734.64
2019-07-13 23:15:00,723.52
2019-07-13 23:30:00,711.92
2019-07-13 23:45:00,702.32
2019-07-14 00:00:00,689.84
2019-07-14 00:15:00,682.64
2019-07-14 00:30:00,675.68
2019-07-14 00:45:00,670.16
2019-07-14 01:00:00,658.96
2019-07-14 01:15:00,655.84
2019-07-14 01:30:00,652.08
2019-07-14 01:45:00,646.64
2019-07-14 02:00:00,646.64
2019-07-14 02:15:00,645.6
2019-07-14 02:30:00,645.84
2019-07-14 02:45:00,643.04
2019-07-14 03:00:00,641.44
2019-07-14 03:15:00,642.08
2019-07-14 03:30:00,645.12
2019-07-14 03:45:00,627.76
2019-07-14 04:00:00,633.52
2019-07-14 04:15:00,640.64
2019-07-14 04:30:00,634.96
2019-07-14 04:45:00,640.48
2019-07-14 05:00:00,648.48
2019-07-14 05:15:00,650.96
2019-07-14 05:30:00,658.96
2019-07-14 05:45:00,665.68
2019-07-14 06:00:00,670.8
2019-07-14 06:15:00,680.4
2019-07-14 06:30:00,694.16
2019-07-14 06:45:00,702.64
2019-07-14 07:00:00,720.0
2019-07-14 07:15:00,739.28
2019-07-14 07:30:00,755.44
2019-07-14 07:45:00,769.12
2019-07-14 08:00:00,782.64
2019-07-14 08:15:00,798.72
2019-07-14 08:30:00,816.24
2019-07-14 08:45:00,826.4
2019-07-14 09:00:00,843.92
2019-07-14 09:15:00,850.4
2019-07-14 09:30:00,861.12
2019-07-14 09:45:00,875.76
2019-07-14 10:00:00,888.8
2019-07-14 10:15:00,899.52
2019-07-14 10:30:00,908.72
2019-07-14 10:45:00,909.52
2019-07-14 11:00:00,907.44
2019-07-14 11:15:00,898.24
2019-07-14 11:30:00,891.84
2019-07-14 11:45:00,886.72
2019-07-14 12:00:00,880.16
2019-07-14 12:15:00,868.4
2019-07-14 12:30:00,867.36
2019-07-14 12:45:00,858.72
2019-07-14 13:00:00,850.24
2019-07-14 13:15:00,846.24
2019-07-14 13:30:00,848.8
2019-07-14 13:45:00,847.28
2019-07-14 14:00:00,843.2
2019-07-14 14:15:00,838.88
2019-07-14 14:30:00,835.04
2019-07-14 14:45:00,835.2
2019-07-14 15:00:00,830.64
2019-07-14 15:15:00,832.24
2019-07-14 15:30:00,840.24
2019-07-14 15:45:00,843.92
2019-07-14 16:00:00,852.48
2019-07-14 16:15:00,844.8
2019-07-14 16:30:00,848.24
2019-07-14 16:45:00,855.76
2019-07-14 17:00:00,862.72
2019-07-14 17:15:00,865.44
2019-07-14 17:30:00,867.12
2019-07-14 17:45:00,873.92
2019-07-14 18:00:00,870.08
2019-07-14 18:15:00,862.24
2019-07-14 18:30:00,858.96
2019-07-14 18:45:00,858.4
2019-07-14 19:00:00,858.48
2019-07-14 19:15:00,853.84
2019-07-14 19:30:00,845.6
2019-07-14 19:45:00,837.36
2019-07-14 20:00:00,839.76
2019-07-14 20:15:00,835.68
2019-07-14 20:30:00,839.68
2019-07-14 20:45:00,852.88
2019-07-14 21:00:00,854.08
2019-07-14 21:15:00,842.08
2019-07-14 21:30:00,830.88
2019-07-14 21:45:00,815.6
2019-07-14 22:00:00,799.04
2019-07-14 22:15:00,782.8
2019-07-14 22:30:00,767.28
2019-07-14 22:45:00,754.8
2019-07-14 23:00:00,742.96
2019-07-14 23:15:00,732.48
2019-07-14 23:30:00,723.52
2019-07-14 23:45:00,714.08
2019-07-15 00:00:00,706.56
2019-07-15 00:15:00,701.84
2019-07-15 00:30:00,693.84
2019-07-15 00:45:00,688.16
2019-07-15 01:00:00,680.8
2019-07-15 01:15:00,677.76
2019-07-15 01:30:00,683.68
2019-07-15 01:45:00,680.56
2019-07-15 02:00:00,689.68
2019-07-15 02:15:00,693.12
2019-07-15 02:30:00,693.12
2019-07-15 02:45:00,695.04
2019-07-15 03:00:00,710.88
2019-07-15 03:15:00,718.8
2019-07-15 03:30:00,731.92
2019-07-15 03:45:00,745.84
2019-07-15 04:00:00,774.48
2019-07-15 04:15:00,787.2
2019-07-15 04:30:00,799.36
2019-07-15 04:45:00,829.6
2019-07-15 05:00:00,901.04
2019-07-15 05:15:00,944.08
2019-07-15 05:30:00,978.32
2019-07-15 05:45:00,1011.04
2019-07-15 06:00:00,1043.36
2019-07-15 06:15:00,1070.32
2019-07-15 06:30:00,1092.56
2019-07-15 06:45:00,1114.16
2019-07-15 07:00:00,1132.72
2019-07-15 07:15:00,1147.36
2019-07-15 07:30:00,1154.24
2019-07-15 07:45:00,1164.24
2019-07-15 08:00:00,1157.28
2019-07-15 08:15:00,1166.08
2019-07-15 08:30:00,1177.76
2019-07-15 08:45:00,1189.84
2019-07-15 09:00:00,1202.32
2019-07-15 09:15:00,1206.64
2019-07-15 09:30:00,1215.36
2019-07-15 09:45:00,1224.4
2019-07-15 10:00:00,1230.64
2019-07-15 10:15:00,1239.6
2019-07-15 10:30:00,1249.2
2019-07-15 10:45:00,1252.32
2019-07-15 11:00:00,1240.88
2019-07-15 11:15:00,1233.52
2019-07-15 11:30:00,1238.32
2019-07-15 11:45:00,1238.8
2019-07-15 12:00:00,1240.24
2019-07-15 12:15:00,1232.48
2019-07-15 12:30:00,1220.08
2019-07-15 12:45:00,1211.6
2019-07-15 13:00:00,1208.4
2019-07-15 13:15:00,1210.96
2019-07-15 13:30:00,1201.2
2019-07-15 13:45:00,1197.28
2019-07-15 14:00:00,1195.92
2019-07-15 14:15:00,1181.2
2019-07-15 14:30:00,1174.32
2019-07-15 14:45:00,1170.96
2019-07-15 15:00:00,1167.44
2019-07-15 15:15:00,1161.04
2019-07-15 15:30:00,1156.16
2019-07-15 15:45:00,1153.52
2019-07-15 16:00:00,1158.8
2019-07-15 16:15:00,1155.6
2019-07-15 16:30:00,1156.24
2019-07-15 16:45:00,1155.28
2019-07-15 17:00:00,1152.24
2019-07-15 17:15:00,1144.56
2019-07-15 17:30:00,1144.0
2019-07-15 17:45:00,1144.4
2019-07-15 18:00:00,1139.2
2019-07-15 18:15:00,1126.32
2019-07-15 18:30:00,1119.76
2019-07-15 18:45:00,1111.92
2019-07-15 19:00:00,1100.88
2019-07-15 19:15:00,1083.44
2019-07-15 19:30:00,1069.84
2019-07-15 19:45:00,1056.0
2019-07-15 20:00:00,1046.16
2019-07-15 20:15:00,1036.64
2019-07-15 20:30:00,1028.56
2019-07-15 20:45:00,1027.68
2019-07-15 21:00:00,1014.48
2019-07-15 21:15:00,999.68
2019-07-15 21:30:00,974.56
2019-07-15 21:45:00,955.6
2019-07-15 22:00:00,931.28
2019-07-15 22:15:00,908.32
2019-07-15 22:30:00,893.44
2019-07-15 22:45:00,875.84
2019-07-15 23:00:00,850.72
2019-07-15 23:15:00,834.56
2019-07-15 23:30:00,824.24
2019-07-15 23:45:00,818.0
2019-07-16 00:00:00,810.96
2019-07-16 00:15:00,803.68
2019-07-16 00:30:00,797.44
2019-07-16 00:45:00,796.72
2019-07-16 01:00:00,783.2
2019-07-16 01:15:00,786.08
2019-07-16 01:30:00,780.16
2019-07-16 01:45:00,778.16
2019-07-16 02:00:00,782.08
2019-07-16 02:15:00,781.36
2019-07-16 02:30:00,778.48
2019-07-16 02:45:00,783.52
2019-07-16 03:00:00,793.52
2019-07-16 03:15:00,795.68
2019-07-16 03:30:00,802.48
2019-07-16 03:45:00,816.32
2019-07-16 04:00:00,843.44
2019-07-16 04:15:00,848.8
2019-07-16 04:30:00,865.2
2019-07-16 04:45:00,894.72
2019-07-16 05:00:00,951.84
2019-07-16 05:15:00,989.44
2019-07-16 05:30:00,1012.08
2019-07-16 05:45:00,1035.2
2019-07-16 06:00:00,1077.6
2019-07-16 06:15:00,1100.4
2019-07-16 06:30:00,1132.32
2019-07-16 06:45:00,1149.28
2019-07-16 07:00:00,1175.28
2019-07-16 07:15:00,1188.24
2019-07-16 07:30:00,1192.24
2019-07-16 07:45:00,1200.4
2019-07-16 08:00:00,1199.44
2019-07-16 08:15:00,1210.16
2019-07-16 08:30:00,1221.04
2019-07-16 08:45:00,1235.2
2019-07-16 09:00:00,1240.08
2019-07-16 09:15:00,1243.92
2019-07-16 09:30:00,1248.32
2019-07-16 09:45:00,1255.36
2019-07-16 10:00:00,1257.04
2019-07-16 10:15:00,1255.12
2019-07-16 10:30:00,1257.04
2019-07-16 10:45:00,1261.84
2019-07-16 11:00:00,1255.28
2019-07-16 11:15:00,1246.72
2019-07-16 11:30:00,1245.68
2019-07-16 11:45:00,1246.24
2019-07-16 12:00:00,1244.16
2019-07-16 12:15:00,1241.36
2019-07-16 12:30:00,1232.24
2019-07-16 12:45:00,1224.32
2019-07-16 13:00:00,1223.68
2019-07-16 13:15:00,1223.52
2019-07-16 13:30:00,1219.04
2019-07-16 13:45:00,1214.32
2019-07-16 14:00:00,1206.32
2019-07-16 14:15:00,1201.84
2019-07-16 14:30:00,1189.2
2019-07-16 14:45:00,1180.48
2019-07-16 15:00:00,1173.68
2019-07-16 15:15:00,1170.64
2019-07-16 15:30:00,1166.8
2019-07-16 15:45:00,1165.2
2019-07-16 16:00:00,1164.24
2019-07-16 16:15:00,1165.76
2019-07-16 16:30:00,1162.08
2019-07-16 16:45:00,1161.04
2019-07-16 17:00:00,1158.8
2019-07-16 17:15:00,1152.96
2019-07-16 17:30:00,1153.04
2019-07-16 17:45:00,1155.12
2019-07-16 18:00:00,1150.24
2019-07-16 18:15:00,1142.08
2019-07-16 18:30:00,1132.24
2019-07-16 18:45:00,1121.6
2019-07-16 19:00:00,1102.56
2019-07-16 19:15:00,1086.4
2019-07-16 19:30:00,1075.28
2019-07-16 19:45:00,1063.6
2019-07-16 20:00:00,1050.16
2019-07-16 20:15:00,1042.16
2019-07-16 20:30:00,1040.64
2019-07-16 20:45:00,1030.8
2019-07-16 21:00:00,1019.28
2019-07-16 21:15:00,1004.8
2019-07-16 21:30:00,986.88
2019-07-16 21:45:00,963.52
2019-07-16 22:00:00,943.76
2019-07-16 22:15:00,921.36
2019-07-16 22:30:00,905.92
2019-07-16 22:45:00,893.6
2019-07-16 23:00:00,866.08
2019-07-16 23:15:00,855.44
2019-07-16 23:30:00,846.64
2019-07-16 23:45:00,836.08
2019-07-17 00:00:00,823.84
2019-07-17 00:15:00,813.04
2019-07-17 00:30:00,808.08
2019-07-17 00:45:00,800.88
2019-07-17 01:00:00,788.4
2019-07-17 01:15:00,784.4
2019-07-17 01:30:00,777.52
2019-07-17 01:45:00,778.64
2019-07-17 02:00:00,780.96
2019-07-17 02:15:00,782.0
2019-07-17 02:30:00,774.24
2019-07-17 02:45:00,778.16
2019-07-17 03:00:00,791.36
2019-07-17 03:15:00,798.48
2019-07-17 03:30:00,798.48
2019-07-17 03:45:00,807.76
2019-07-17 04:00:00,831.92
2019-07-17 04:15:00,841.52
2019-07-17 04:30:00,853.68
2019-07-17 04:45:00,876.4
2019-07-17 05:00:00,937.84
2019-07-17 05:15:00,977.36
2019-07-17 05:30:00,1003.52
2019-07-17 05:45:00,1030.0
2019-07-17 06:00:00,1064.88
2019-07-17 06:15:00,1086.24
2019-07-17 06:30:00,1112.16
2019-07-17 06:45:00,1124.88
2019-07-17 07:00:00,1148.0
2019-07-17 07:15:00,1160.64
2019-07-17 07:30:00,1171.44
2019-07-17 07:45:00,1177.12
2019-07-17 08:00:00,1172.96
2019-07-17 08:15:00,1178.0
2019-07-17 08:30:00,1192.08
2019-07-17 08:45:00,1201.12
2019-07-17 09:00:00,1204.32
2019-07-17 09:15:00,1209.04
2019-07-17 09:30:00,1218.56
2019-07-17 09:45:00,1225.68
2019-07-17 10:00:00,1231.6
2019-07-17 10:15:00,1239.44
2019-07-17 10:30:00,1241.6
2019-07-17 10:45:00,1233.04
2019-07-17 11:00:00,1227.6
2019-07-17 11:15:00,1222.24
2019-07-17 11:30:00,1224.24
2019-07-17 11:45:00,1226.16
2019-07-17 12:00:00,1223.68
2019-07-17 12:15:00,1217.92
2019-07-17 12:30:00,1207.28
2019-07-17 12:45:00,1196.48
2019-07-17 13:00:00,1191.92
2019-07-17 13:15:00,1188.8
2019-07-17 13:30:00,1182.0
2019-07-17 13:45:00,1175.84
2019-07-17 14:00:00,1182.56
2019-07-17 14:15:00,1178.0
2019-07-17 14:30:00,1165.76
2019-07-17 14:45:00,1156.64
2019-07-17 15:00:00,1152.8
2019-07-17 15:15:00,1142.24
2019-07-17 15:30:00,1132.72
2019-07-17 15:45:00,1135.68
2019-07-17 16:00:00,1137.84
2019-07-17 16:15:00,1132.32
2019-07-17 16:30:00,1132.08
2019-07-17 16:45:00,1133.12
2019-07-17 17:00:00,1132.16
2019-07-17 17:15:00,1126.56
2019-07-17 17:30:00,1119.6
2019-07-17 17:45:00,1118.32
2019-07-17 18:00:00,1112.4
2019-07-17 18:15:00,1100.56
2019-07-17 18:30:00,1095.28
2019-07-17 18:45:00,1088.72
2019-07-17 19:00:00,1078.24
2019-07-17 19:15:00,1061.68
2019-07-17 19:30:00,1047.44
2019-07-17 19:45:00,1033.36
2019-07-17 20:00:00,1023.04
2019-07-17 20:15:00,1019.92
2019-07-17 20:30:00,1016.96
2019-07-17 20:45:00,1014.64
2019-07-17 21:00:00,1000.56
2019-07-17 21:15:00,986.8
2019-07-17 21:30:00,963.84
2019-07-17 21:45:00,938.32
2019-07-17 22:00:00,914.4
2019-07-17 22:15:00,891.04
2019-07-17 22:30:00,875.76
2019-07-17 22:45:00,859.12
2019-07-17 23:00:00,840.08
2019-07-17 23:15:00,830.64
2019-07-17 23:30:00,817.6
2019-07-17 23:45:00,806.48
2019-07-18 00:00:00,796.32
2019-07-18 00:15:00,789.92
2019-07-18 00:30:00,789.52
2019-07-18 00:45:00,780.32
2019-07-18 01:00:00,769.36
2019-07-18 01:15:00,771.04
2019-07-18 01:30:00,767.36
2019-07-18 01:45:00,765.6
2019-07-18 02:00:00,771.2
2019-07-18 02:15:00,768.8
2019-07-18 02:30:00,769.28
2019-07-18 02:45:00,777.76
2019-07-18 03:00:00,780.08
2019-07-18 03:15:00,781.2
2019-07-18 03:30:00,790.24
2019-07-18 03:45:00,799.28
2019-07-18 04:00:00,823.68
2019-07-18 04:15:00,832.08
2019-07-18 04:30:00,844.4
2019-07-18 04:45:00,873.12
2019-07-18 05:00:00,931.12
2019-07-18 05:15:00,964.0
2019-07-18 05:30:00,995.6
2019-07-18 05:45:00,1025.36
2019-07-18 06:00:00,1057.6
2019-07-18 06:15:00,1080.72
2019-07-18 06:30:00,1100.96
2019-07-18 06:45:00,1122.32
2019-07-18 07:00:00,1142.64
2019-07-18 07:15:00,1155.12
2019-07-18 07:30:00,1167.2
2019-07-18 07:45:00,1174.32
2019-07-18 08:00:00,1171.52
2019-07-18 08:15:00,1178.96
2019-07-18 08:30:00,1188.56
2019-07-18 08:45:00,1196.88
2019-07-18 09:00:00,1196.08
2019-07-18 09:15:00,1203.76
2019-07-18 09:30:00,1209.52
2019-07-18 09:45:00,1224.0
2019-07-18 10:00:00,1225.6
2019-07-18 10:15:00,1234.4
2019-07-18 10:30:00,1244.64
2019-07-18 10:45:00,1247.84
2019-07-18 11:00:00,1233.68
2019-07-18 11:15:00,1229.28
2019-07-18 11:30:00,1229.68
2019-07-18 11:45:00,1229.76
2019-07-18 12:00:00,1226.08
2019-07-18 12:15:00,1225.84
2019-07-18 12:30:00,1219.76
2019-07-18 12:45:00,1209.68
2019-07-18 13:00:00,1202.96
2019-07-18 13:15:00,1206.88
2019-07-18 13:30:00,1202.72
2019-07-18 13:45:00,1197.2
2019-07-18 14:00:00,1201.28
2019-07-18 14:15:00,1190.16
2019-07-18 14:30:00,1179.04
2019-07-18 14:45:00,1171.92
2019-07-18 15:00:00,1166.4
2019-07-18 15:15:00,1156.32
2019-07-18 15:30:00,1148.08
2019-07-18 15:45:00,1147.92
2019-07-18 16:00:00,1152.56
2019-07-18 16:15:00,1155.68
2019-07-18 16:30:00,1155.76
2019-07-18 16:45:00,1151.36
2019-07-18 17:00:00,1145.92
2019-07-18 17:15:00,1135.84
2019-07-18 17:30:00,1140.96
2019-07-18 17:45:00,1144.56
2019-07-18 18:00:00,1139.36
2019-07-18 18:15:00,1125.76
2019-07-18 18:30:00,1119.12
2019-07-18 18:45:00,1113.28
2019-07-18 19:00:00,1096.0
2019-07-18 19:15:00,1079.2
2019-07-18 19:30:00,1064.24
2019-07-18 19:45:00,1056.0
2019-07-18 20:00:00,1044.0
2019-07-18 20:15:00,1032.72
2019-07-18 20:30:00,1034.16
2019-07-18 20:45:00,1028.32
2019-07-18 21:00:00,1011.28
2019-07-18 21:15:00,991.36
2019-07-18 21:30:00,972.08
2019-07-18 21:45:00,951.52
2019-07-18 22:00:00,928.56
2019-07-18 22:15:00,911.68
2019-07-18 22:30:00,894.32
2019-07-18 22:45:00,878.16
2019-07-18 23:00:00,864.08
2019-07-18 23:15:00,852.32
2019-07-18 23:30:00,846.48
2019-07-18 23:45:00,835.92
2019-07-19 00:00:00,824.08
2019-07-19 00:15:00,816.16
2019-07-19 00:30:00,808.96
2019-07-19 00:45:00,808.24
2019-07-19 01:00:00,799.68
2019-07-19 01:15:00,796.16
2019-07-19 01:30:00,794.4
2019-07-19 01:45:00,791.2
2019-07-19 02:00:00,797.52
2019-07-19 02:15:00,793.36
2019-07-19 02:30:00,793.36
2019-07-19 02:45:00,794.32
2019-07-19 03:00:00,800.96
2019-07-19 03:15:00,807.44
2019-07-19 03:30:00,815.2
2019-07-19 03:45:00,823.04
2019-07-19 04:00:00,843.68
2019-07-19 04:15:00,853.04
2019-07-19 04:30:00,867.76
2019-07-19 04:45:00,890.64
2019-07-19 05:00:00,947.04
2019-07-19 05:15:00,983.84
2019-07-19 05:30:00,1015.6
2019-07-19 05:45:00,1043.2
2019-07-19 06:00:00,1078.8
2019-07-19 06:15:00,1101.28
2019-07-19 06:30:00,1112.08
2019-07-19 06:45:00,1138.4
2019-07-19 07:00:00,1162.0
2019-07-19 07:15:00,1170.48
2019-07-19 07:30:00,1176.88
2019-07-19 07:45:00,1183.12
2019-07-19 08:00:00,1180.24
2019-07-19 08:15:00,1189.04
2019-07-19 08:30:00,1206.88
2019-07-19 08:45:00,1212.24
2019-07-19 09:00:00,1214.88
2019-07-19 09:15:00,1218.56
2019-07-19 09:30:00,1228.32
2019-07-19 09:45:00,1237.76
2019-07-19 10:00:00,1236.32
2019-07-19 10:15:00,1247.52
2019-07-19 10:30:00,1254.4
2019-07-19 10:45:00,1259.28
2019-07-19 11:00:00,1247.68
2019-07-19 11:15:00,1240.0
2019-07-19 11:30:00,1238.0
2019-07-19 11:45:00,1232.4
2019-07-19 12:00:00,1224.64
2019-07-19 12:15:00,1217.12
2019-07-19 12:30:00,1204.56
2019-07-19 12:45:00,1191.84
2019-07-19 13:00:00,1188.88
2019-07-19 13:15:00,1184.4
2019-07-19 13:30:00,1180.0
2019-07-19 13:45:00,1168.4
2019-07-19 14:00:00,1161.2
2019-07-19 14:15:00,1154.72
2019-07-19 14:30:00,1148.96
2019-07-19 14:45:00,1138.8
2019-07-19 15:00:00,1138.4
2019-07-19 15:15:00,1129.92
2019-07-19 15:30:00,1120.24
2019-07-19 15:45:00,1114.24
2019-07-19 16:00:00,1113.76
2019-07-19 16:15:00,1108.16
2019-07-19 16:30:00,1104.56
2019-07-19 16:45:00,1101.28
2019-07-19 17:00:00,1102.8
2019-07-19 17:15:00,1093.04
2019-07-19 17:30:00,1091.76
2019-07-19 17:45:00,1089.84
2019-07-19 18:00:00,1082.4
2019-07-19 18:15:00,1067.84
2019-07-19 18:30:00,1056.32
2019-07-19 18:45:00,1047.68
2019-07-19 19:00:00,1032.56
2019-07-19 19:15:00,1012.4
2019-07-19 19:30:00,997.2
2019-07-19 19:45:00,988.32
2019-07-19 20:00:00,978.08
2019-07-19 20:15:00,971.04
2019-07-19 20:30:00,963.68
2019-07-19 20:45:00,960.32
2019-07-19 21:00:00,953.36
2019-07-19 21:15:00,941.68
2019-07-19 21:30:00,920.96
2019-07-19 21:45:00,904.24
2019-07-19 22:00:00,886.64
2019-07-19 22:15:00,868.32
2019-07-19 22:30:00,848.32
2019-07-19 22:45:00,835.76
2019-07-19 23:00:00,820.16
2019-07-19 23:15:00,810.72
2019-07-19 23:30:00,796.16
2019-07-19 23:45:00,788.8
2019-07-20 00:00:00,778.0
2019-07-20 00:15:00,762.08
2019-07-20 00:30:00,756.0
2019-07-20 00:45:00,747.44
2019-07-20 01:00:00,737.52
2019-07-20 01:15:00,727.68
2019-07-20 01:30:00,723.28
2019-07-20 01:45:00,723.2
2019-07-20 02:00:00,716.64
2019-07-20 02:15:00,716.24
2019-07-20 02:30:00,713.76
2019-07-20 02:45:00,714.96
2019-07-20 03:00:00,709.84
2019-07-20 03:15:00,709.76
2019-07-20 03:30:00,710.64
2019-07-20 03:45:00,711.44
2019-07-20 04:00:00,720.72
2019-07-20 04:15:00,713.04
2019-07-20 04:30:00,707.12
2019-07-20 04:45:00,713.28
2019-07-20 05:00:00,737.84
2019-07-20 05:15:00,749.68
2019-07-20 05:30:00,767.92
2019-07-20 05:45:00,781.68
2019-07-20 06:00:00,797.44
2019-07-20 06:15:00,813.84
2019-07-20 06:30:00,838.48
2019-07-20 06:45:00,857.2
2019-07-20 07:00:00,880.88
2019-07-20 07:15:00,902.32
2019-07-20 07:30:00,920.88
2019-07-20 07:45:00,941.68
2019-07-20 08:00:00,953.76
2019-07-20 08:15:00,965.28
2019-07-20 08:30:00,984.8
2019-07-20 08:45:00,993.6
2019-07-20 09:00:00,1003.12
2019-07-20 09:15:00,1011.44
2019-07-20 09:30:00,1016.88
2019-07-20 09:45:00,1028.16
2019-07-20 10:00:00,1027.04
2019-07-20 10:15:00,1034.24
2019-07-20 10:30:00,1043.84
2019-07-20 10:45:00,1049.6
2019-07-20 11:00:00,1043.04
2019-07-20 11:15:00,1041.92
2019-07-20 11:30:00,1044.88
2019-07-20 11:45:00,1039.84
2019-07-20 12:00:00,1028.16
2019-07-20 12:15:00,1012.48
2019-07-20 12:30:00,996.16
2019-07-20 12:45:00,991.04
2019-07-20 13:00:00,974.0
2019-07-20 13:15:00,960.48
2019-07-20 13:30:00,953.44
2019-07-20 13:45:00,949.6
2019-07-20 14:00:00,952.24
2019-07-20 14:15:00,951.04
2019-07-20 14:30:00,951.76
2019-07-20 14:45:00,949.76
2019-07-20 15:00:00,956.32
2019-07-20 15:15:00,952.4
2019-07-20 15:30:00,945.84
2019-07-20 15:45:00,942.48
2019-07-20 16:00:00,936.08
2019-07-20 16:15:00,931.52
2019-07-20 16:30:00,935.44
2019-07-20 16:45:00,939.04
2019-07-20 17:00:00,954.96
2019-07-20 17:15:00,953.76
2019-07-20 17:30:00,947.44
2019-07-20 17:45:00,946.56
2019-07-20 18:00:00,942.0
2019-07-20 18:15:00,929.44
2019-07-20 18:30:00,927.52
2019-07-20 18:45:00,925.6
2019-07-20 19:00:00,914.24
2019-07-20 19:15:00,896.48
2019-07-20 19:30:00,885.52
2019-07-20 19:45:00,875.36
2019-07-20 20:00:00,870.4
2019-07-20 20:15:00,865.04
2019-07-20 20:30:00,863.6
2019-07-20 20:45:00,861.92
2019-07-20 21:00:00,861.44
2019-07-20 21:15:00,849.28
2019-07-20 21:30:00,835.28
2019-07-20 21:45:00,819.52
2019-07-20 22:00:00,800.64
2019-07-20 22:15:00,789.6
2019-07-20 22:30:00,774.56
2019-07-20 22:45:00,762.8
2019-07-20 23:00:00,737.84
2019-07-20 23:15:00,724.08
2019-07-20 23:30:00,714.88
2019-07-20 23:45:00,704.4
2019-07-21 00:00:00,694.96
2019-07-21 00:15:00,687.52
2019-07-21 00:30:00,676.64
2019-07-21 00:45:00,675.2
2019-07-21 01:00:00,671.92
2019-07-21 01:15:00,671.12
2019-07-21 01:30:00,659.12
2019-07-21 01:45:00,659.2
2019-07-21 02:00:00,653.28
2019-07-21 02:15:00,652.0
2019-07-21 02:30:00,647.2
2019-07-21 02:45:00,649.52
2019-07-21 03:00:00,646.08
2019-07-21 03:15:00,646.96
2019-07-21 03:30:00,649.2
2019-07-21 03:45:00,649.6
2019-07-21 04:00:00,657.68
2019-07-21 04:15:00,651.36
2019-07-21 04:30:00,648.88
2019-07-21 04:45:00,647.28
2019-07-21 05:00:00,655.28
2019-07-21 05:15:00,656.0
2019-07-21 05:30:00,665.52
2019-07-21 05:45:00,673.68
2019-07-21 06:00:00,685.2
2019-07-21 06:15:00,695.2
2019-07-21 06:30:00,701.92
2019-07-21 06:45:00,717.52
2019-07-21 07:00:00,731.76
2019-07-21 07:15:00,754.96
2019-07-21 07:30:00,769.36
2019-07-21 07:45:00,783.36
2019-07-21 08:00:00,798.24
2019-07-21 08:15:00,810.24
2019-07-21 08:30:00,823.92
2019-07-21 08:45:00,832.32
2019-07-21 09:00:00,843.76
2019-07-21 09:15:00,862.16
2019-07-21 09:30:00,877.6
2019-07-21 09:45:00,890.4
2019-07-21 10:00:00,909.44
2019-07-21 10:15:00,923.2
2019-07-21 10:30:00,931.6
2019-07-21 10:45:00,936.48
2019-07-21 11:00:00,939.44
2019-07-21 11:15:00,930.64
2019-07-21 11:30:00,926.08
2019-07-21 11:45:00,921.68
2019-07-21 12:00:00,912.64
2019-07-21 12:15:00,902.32
2019-07-21 12:30:00,896.0
2019-07-21 12:45:00,888.24
2019-07-21 13:00:00,888.0
2019-07-21 13:15:00,886.8
2019-07-21 13:30:00,877.76
2019-07-21 13:45:00,874.0
2019-07-21 14:00:00,868.88
2019-07-21 14:15:00,868.96
2019-07-21 14:30:00,864.0
2019-07-21 14:45:00,857.44
2019-07-21 15:00:00,854.96
2019-07-21 15:15:00,856.72
2019-07-21 15:30:00,856.56
2019-07-21 15:45:00,857.6
2019-07-21 16:00:00,866.72
2019-07-21 16:15:00,867.76
2019-07-21 16:30:00,866.24
2019-07-21 16:45:00,864.88
2019-07-21 17:00:00,875.92
2019-07-21 17:15:00,881.76
2019-07-21 17:30:00,879.68
2019-07-21 17:45:00,874.72
2019-07-21 18:00:00,881.04
2019-07-21 18:15:00,877.04
2019-07-21 18:30:00,872.4
2019-07-21 18:45:00,864.8
2019-07-21 19:00:00,868.4
2019-07-21 19:15:00,865.12
2019-07-21 19:30:00,860.16
2019-07-21 19:45:00,851.44
2019-07-21 20:00:00,850.32
2019-07-21 20:15:00,851.04
2019-07-21 20:30:00,862.32
2019-07-21 20:45:00,873.36
2019-07-21 21:00:00,875.52
2019-07-21 21:15:00,864.48
2019-07-21 21:30:00,850.8
2019-07-21 21:45:00,833.2
2019-07-21 22:00:00,821.52
2019-07-21 22:15:00,811.04
2019-07-21 22:30:00,793.76
2019-07-21 22:45:00,779.52
2019-07-21 23:00:00,762.24
2019-07-21 23:15:00,754.32
2019-07-21 23:30:00,747.68
2019-07-21 23:45:00,734.08
2019-07-22 00:00:00,721.12
2019-07-22 00:15:00,715.04
2019-07-22 00:30:00,706.0
2019-07-22 00:45:00,695.6
2019-07-22 01:00:00,691.92
2019-07-22 01:15:00,694.8
2019-07-22 01:30:00,692.08
2019-07-22 01:45:00,687.84
2019-07-22 02:00:00,695.92
2019-07-22 02:15:00,697.76
2019-07-22 02:30:00,698.32
2019-07-22 02:45:00,695.28
2019-07-22 03:00:00,712.72
2019-07-22 03:15:00,717.36
2019-07-22 03:30:00,726.72
2019-07-22 03:45:00,736.72
2019-07-22 04:00:00,769.52
2019-07-22 04:15:00,787.6
2019-07-22 04:30:00,801.76
2019-07-22 04:45:00,828.24
2019-07-22 05:00:00,887.76
2019-07-22 05:15:00,934.72
2019-07-22 05:30:00,968.4
2019-07-22 05:45:00,996.72
2019-07-22 06:00:00,1038.4
2019-07-22 06:15:00,1061.84
2019-07-22 06:30:00,1086.08
2019-07-22 06:45:00,1109.84
2019-07-22 07:00:00,1131.2
2019-07-22 07:15:00,1146.88
2019-07-22 07:30:00,1159.44
2019-07-22 07:45:00,1166.72
2019-07-22 08:00:00,1163.28
2019-07-22 08:15:00,1172.32
2019-07-22 08:30:00,1185.76
2019-07-22 08:45:00,1198.96
2019-07-22 09:00:00,1206.24
2019-07-22 09:15:00,1207.92
2019-07-22 09:30:00,1213.12
2019-07-22 09:45:00,1225.2
2019-07-22 10:00:00,1229.92
2019-07-22 10:15:00,1240.56
2019-07-22 10:30:00,1249.04
2019-07-22 10:45:00,1249.68
2019-07-22 11:00:00,1240.8
2019-07-22 11:15:00,1241.04
2019-07-22 11:30:00,1241.28
2019-07-22 11:45:00,1246.88
2019-07-22 12:00:00,1250.24
2019-07-22 12:15:00,1241.52
2019-07-22 12:30:00,1231.28
2019-07-22 12:45:00,1221.28
2019-07-22 13:00:00,1219.68
2019-07-22 13:15:00,1213.04
2019-07-22 13:30:00,1208.48
2019-07-22 13:45:00,1200.64
2019-07-22 14:00:00,1205.52
2019-07-22 14:15:00,1195.84
2019-07-22 14:30:00,1191.84
2019-07-22 14:45:00,1181.92
2019-07-22 15:00:00,1181.28
2019-07-22 15:15:00,1180.64
2019-07-22 15:30:00,1177.28
2019-07-22 15:45:00,1170.72
2019-07-22 16:00:00,1168.88
2019-07-22 16:15:00,1171.2
2019-07-22 16:30:00,1170.88
2019-07-22 16:45:00,1171.44
2019-07-22 17:00:00,1160.8
2019-07-22 17:15:00,1156.48
2019-07-22 17:30:00,1150.08
2019-07-22 17:45:00,1147.12
2019-07-22 18:00:00,1140.32
2019-07-22 18:15:00,1128.24
2019-07-22 18:30:00,1125.6
2019-07-22 18:45:00,1114.0
2019-07-22 19:00:00,1097.76
2019-07-22 19:15:00,1078.16
2019-07-22 19:30:00,1062.48
2019-07-22 19:45:00,1052.08
2019-07-22 20:00:00,1037.52
2019-07-22 20:15:00,1036.4
2019-07-22 20:30:00,1032.16
2019-07-22 20:45:00,1022.4
2019-07-22 21:00:00,1014.72
2019-07-22 21:15:00,1000.16
2019-07-22 21:30:00,973.84
2019-07-22 21:45:00,957.12
2019-07-22 22:00:00,929.12
2019-07-22 22:15:00,913.84
2019-07-22 22:30:00,893.6
2019-07-22 22:45:00,878.32
2019-07-22 23:00:00,864.56
2019-07-22 23:15:00,850.24
2019-07-22 23:30:00,841.28
2019-07-22 23:45:00,834.48
2019-07-23 00:00:00,824.48
2019-07-23 00:15:00,818.4
2019-07-23 00:30:00,807.44
2019-07-23 00:45:00,802.72
2019-07-23 01:00:00,794.4
2019-07-23 01:15:00,788.96
2019-07-23 01:30:00,786.64
2019-07-23 01:45:00,785.04
2019-07-23 02:00:00,791.12
2019-07-23 02:15:00,788.0
2019-07-23 02:30:00,784.08
2019-07-23 02:45:00,787.76
2019-07-23 03:00:00,793.6
2019-07-23 03:15:00,793.68
2019-07-23 03:30:00,799.2
2019-07-23 03:45:00,811.84
2019-07-23 04:00:00,830.88
2019-07-23 04:15:00,839.12
2019-07-23 04:30:00,855.52
2019-07-23 04:45:00,880.4
2019-07-23 05:00:00,936.56
2019-07-23 05:15:00,972.48
2019-07-23 05:30:00,1000.48
2019-07-23 05:45:00,1032.64
2019-07-23 06:00:00,1070.24
2019-07-23 06:15:00,1091.44
2019-07-23 06:30:00,1112.56
2019-07-23 06:45:00,1134.32
2019-07-23 07:00:00,1154.16
2019-07-23 07:15:00,1170.24
2019-07-23 07:30:00,1180.48
2019-07-23 07:45:00,1193.84
2019-07-23 08:00:00,1190.96
2019-07-23 08:15:00,1202.88
2019-07-23 08:30:00,1218.48
2019-07-23 08:45:00,1232.32
2019-07-23 09:00:00,1235.36
2019-07-23 09:15:00,1245.2
2019-07-23 09:30:00,1253.68
2019-07-23 09:45:00,1260.08
2019-07-23 10:00:00,1267.92
2019-07-23 10:15:00,1275.44
2019-07-23 10:30:00,1279.2
2019-07-23 10:45:00,1280.96
2019-07-23 11:00:00,1268.16
2019-07-23 11:15:00,1260.48
2019-07-23 11:30:00,1260.24
2019-07-23 11:45:00,1259.28
2019-07-23 12:00:00,1259.84
2019-07-23 12:15:00,1257.36
2019-07-23 12:30:00,1251.92
2019-07-23 12:45:00,1244.88
2019-07-23 13:00:00,1243.52
2019-07-23 13:15:00,1239.76
2019-07-23 13:30:00,1233.84
2019-07-23 13:45:00,1230.0
2019-07-23 14:00:00,1228.64
2019-07-23 14:15:00,1221.2
2019-07-23 14:30:00,1205.76
2019-07-23 14:45:00,1199.84
2019-07-23 15:00:00,1195.28
2019-07-23 15:15:00,1189.76
2019-07-23 15:30:00,1187.92
2019-07-23 15:45:00,1181.36
2019-07-23 16:00:00,1181.28
2019-07-23 16:15:00,1180.0
2019-07-23 16:30:00,1183.76
2019-07-23 16:45:00,1183.52
2019-07-23 17:00:00,1171.44
2019-07-23 17:15:00,1165.28
2019-07-23 17:30:00,1162.96
2019-07-23 17:45:00,1165.28
2019-07-23 18:00:00,1163.28
2019-07-23 18:15:00,1150.4
2019-07-23 18:30:00,1140.96
2019-07-23 18:45:00,1134.72
2019-07-23 19:00:00,1119.44
2019-07-23 19:15:00,1103.2
2019-07-23 19:30:00,1088.96
2019-07-23 19:45:00,1081.12
2019-07-23 20:00:00,1070.72
2019-07-23 20:15:00,1065.28
2019-07-23 20:30:00,1059.68
2019-07-23 20:45:00,1056.48
2019-07-23 21:00:00,1041.2
2019-07-23 21:15:00,1023.12
2019-07-23 21:30:00,997.76
2019-07-23 21:45:00,980.64
2019-07-23 22:00:00,954.32
2019-07-23 22:15:00,934.72
2019-07-23 22:30:00,913.2
2019-07-23 22:45:00,901.52
2019-07-23 23:00:00,880.48
2019-07-23 23:15:00,869.36
2019-07-23 23:30:00,862.16
2019-07-23 23:45:00,852.0
2019-07-24 00:00:00,848.88
2019-07-24 00:15:00,840.24
2019-07-24 00:30:00,833.28
2019-07-24 00:45:00,832.24
2019-07-24 01:00:00,822.96
2019-07-24 01:15:00,819.6
2019-07-24 01:30:00,815.6
2019-07-24 01:45:00,814.16
2019-07-24 02:00:00,819.6
2019-07-24 02:15:00,818.56
2019-07-24 02:30:00,816.48
2019-07-24 02:45:00,818.32
2019-07-24 03:00:00,823.28
2019-07-24 03:15:00,829.6
2019-07-24 03:30:00,836.56
2019-07-24 03:45:00,845.44
2019-07-24 04:00:00,868.72
2019-07-24 04:15:00,876.56
2019-07-24 04:30:00,892.48
2019-07-24 04:45:00,908.0
2019-07-24 05:00:00,962.4
2019-07-24 05:15:00,1006.24
2019-07-24 05:30:00,1032.24
2019-07-24 05:45:00,1060.64
2019-07-24 06:00:00,1094.56
2019-07-24 06:15:00,1120.16
2019-07-24 06:30:00,1140.72
2019-07-24 06:45:00,1161.6
2019-07-24 07:00:00,1179.44
2019-07-24 07:15:00,1194.72
2019-07-24 07:30:00,1205.76
2019-07-24 07:45:00,1216.72
2019-07-24 08:00:00,1215.44
2019-07-24 08:15:00,1224.16
2019-07-24 08:30:00,1238.16
2019-07-24 08:45:00,1251.04
2019-07-24 09:00:00,1257.76
2019-07-24 09:15:00,1267.44
2019-07-24 09:30:00,1276.08
2019-07-24 09:45:00,1287.2
2019-07-24 10:00:00,1288.0
2019-07-24 10:15:00,1294.96
2019-07-24 10:30:00,1300.64
2019-07-24 10:45:00,1302.64
2019-07-24 11:00:00,1283.12
2019-07-24 11:15:00,1282.24
2019-07-24 11:30:00,1283.12
2019-07-24 11:45:00,1283.12
2019-07-24 12:00:00,1279.12
2019-07-24 12:15:00,1273.52
2019-07-24 12:30:00,1267.68
2019-07-24 12:45:00,1259.92
2019-07-24 13:00:00,1260.0
2019-07-24 13:15:00,1260.24
2019-07-24 13:30:00,1254.56
2019-07-24 13:45:00,1248.48
2019-07-24 14:00:00,1246.48
2019-07-24 14:15:00,1235.44
2019-07-24 14:30:00,1226.96
2019-07-24 14:45:00,1219.12
2019-07-24 15:00:00,1215.12
2019-07-24 15:15:00,1206.56
2019-07-24 15:30:00,1202.24
2019-07-24 15:45:00,1195.12
2019-07-24 16:00:00,1192.08
2019-07-24 16:15:00,1186.32
2019-07-24 16:30:00,1183.92
2019-07-24 16:45:00,1184.88
2019-07-24 17:00:00,1174.72
2019-07-24 17:15:00,1164.8
2019-07-24 17:30:00,1168.48
2019-07-24 17:45:00,1168.48
2019-07-24 18:00:00,1161.84
2019-07-24 18:15:00,1151.84
2019-07-24 18:30:00,1143.6
2019-07-24 18:45:00,1140.72
2019-07-24 19:00:00,1124.8
2019-07-24 19:15:00,1112.08
2019-07-24 19:30:00,1100.16
2019-07-24 19:45:00,1089.2
2019-07-24 20:00:00,1082.32
2019-07-24 20:15:00,1076.0
2019-07-24 20:30:00,1070.32
2019-07-24 20:45:00,1067.04
2019-07-24 21:00:00,1055.68
2019-07-24 21:15:00,1041.28
2019-07-24 21:30:00,1018.96
2019-07-24 21:45:00,999.44
2019-07-24 22:00:00,975.76
2019-07-24 22:15:00,963.04
2019-07-24 22:30:00,945.76
2019-07-24 22:45:00,939.28
2019-07-24 23:00:00,915.12
2019-07-24 23:15:00,905.04
2019-07-24 23:30:00,897.04
2019-07-24 23:45:00,886.56
2019-07-25 00:00:00,878.56
2019-07-25 00:15:00,873.2
2019-07-25 00:30:00,864.8
2019-07-25 00:45:00,857.68
2019-07-25 01:00:00,851.52
2019-07-25 01:15:00,844.08
2019-07-25 01:30:00,841.92
2019-07-25 01:45:00,838.72
2019-07-25 02:00:00,839.44
2019-07-25 02:15:00,839.6
2019-07-25 02:30:00,835.92
2019-07-25 02:45:00,833.36
2019-07-25 03:00:00,840.8
2019-07-25 03:15:00,846.16
2019-07-25 03:30:00,852.08
2019-07-25 03:45:00,860.48
2019-07-25 04:00:00,884.64
2019-07-25 04:15:00,895.28
2019-07-25 04:30:00,898.96
2019-07-25 04:45:00,917.84
2019-07-25 05:00:00,967.12
2019-07-25 05:15:00,1001.52
2019-07-25 05:30:00,1029.52
2019-07-25 05:45:00,1057.76
2019-07-25 06:00:00,1093.04
2019-07-25 06:15:00,1117.04
2019-07-25 06:30:00,1144.24
2019-07-25 06:45:00,1165.28
2019-07-25 07:00:00,1182.0
2019-07-25 07:15:00,1191.36
2019-07-25 07:30:00,1204.88
2019-07-25 07:45:00,1218.16
2019-07-25 08:00:00,1216.96
2019-07-25 08:15:00,1225.28
2019-07-25 08:30:00,1238.32
2019-07-25 08:45:00,1254.64
2019-07-25 09:00:00,1262.32
2019-07-25 09:15:00,1267.28
2019-07-25 09:30:00,1279.68
2019-07-25 09:45:00,1286.16
2019-07-25 10:00:00,1289.68
2019-07-25 10:15:00,1295.04
2019-07-25 10:30:00,1306.56
2019-07-25 10:45:00,1309.68
2019-07-25 11:00:00,1289.84
2019-07-25 11:15:00,1283.28
2019-07-25 11:30:00,1285.92
2019-07-25 11:45:00,1289.2
2019-07-25 12:00:00,1283.44
2019-07-25 12:15:00,1278.48
2019-07-25 12:30:00,1274.24
2019-07-25 12:45:00,1265.2
2019-07-25 13:00:00,1258.72
2019-07-25 13:15:00,1256.32
2019-07-25 13:30:00,1250.88
2019-07-25 13:45:00,1245.28
2019-07-25 14:00:00,1245.2
2019-07-25 14:15:00,1236.48
2019-07-25 14:30:00,1224.64
2019-07-25 14:45:00,1216.32
2019-07-25 15:00:00,1212.64
2019-07-25 15:15:00,1204.64
2019-07-25 15:30:00,1196.0
2019-07-25 15:45:00,1198.08
2019-07-25 16:00:00,1203.84
2019-07-25 16:15:00,1190.24
2019-07-25 16:30:00,1198.16
2019-07-25 16:45:00,1196.4
2019-07-25 17:00:00,1191.2
2019-07-25 17:15:00,1180.88
2019-07-25 17:30:00,1181.92
2019-07-25 17:45:00,1183.2
2019-07-25 18:00:00,1171.68
2019-07-25 18:15:00,1165.76
2019-07-25 18:30:00,1162.48
2019-07-25 18:45:00,1156.4
2019-07-25 19:00:00,1142.4
2019-07-25 19:15:00,1128.96
2019-07-25 19:30:00,1121.76
2019-07-25 19:45:00,1114.96
2019-07-25 20:00:00,1104.64
2019-07-25 20:15:00,1104.0
2019-07-25 20:30:00,1098.72
2019-07-25 20:45:00,1091.04
2019-07-25 21:00:00,1075.44
2019-07-25 21:15:00,1057.44
2019-07-25 21:30:00,1035.28
2019-07-25 21:45:00,1019.84
2019-07-25 22:00:00,995.2
2019-07-25 22:15:00,978.16
2019-07-25 22:30:00,955.76
2019-07-25 22:45:00,935.76
2019-07-25 23:00:00,910.72
2019-07-25 23:15:00,897.44
2019-07-25 23:30:00,889.68
2019-07-25 23:45:00,877.92
2019-07-26 00:00:00,867.2
2019-07-26 00:15:00,860.48
2019-07-26 00:30:00,853.52
2019-07-26 00:45:00,847.28
2019-07-26 01:00:00,849.04
2019-07-26 01:15:00,843.2
2019-07-26 01:30:00,838.0
2019-07-26 01:45:00,834.88
2019-07-26 02:00:00,840.32
2019-07-26 02:15:00,836.96
2019-07-26 02:30:00,834.48
2019-07-26 02:45:00,837.2
2019-07-26 03:00:00,847.76
2019-07-26 03:15:00,854.64
2019-07-26 03:30:00,859.84
2019-07-26 03:45:00,874.24
2019-07-26 04:00:00,891.12
2019-07-26 04:15:00,903.44
2019-07-26 04:30:00,911.6
2019-07-26 04:45:00,934.56
2019-07-26 05:00:00,985.44
2019-07-26 05:15:00,1024.0
2019-07-26 05:30:00,1048.56
2019-07-26 05:45:00,1069.6
2019-07-26 06:00:00,1104.24
2019-07-26 06:15:00,1124.56
2019-07-26 06:30:00,1146.8
2019-07-26 06:45:00,1167.84
2019-07-26 07:00:00,1191.6
2019-07-26 07:15:00,1203.2
2019-07-26 07:30:00,1211.52
2019-07-26 07:45:00,1223.76
2019-07-26 08:00:00,1228.24
2019-07-26 08:15:00,1238.88
2019-07-26 08:30:00,1253.6
2019-07-26 08:45:00,1264.0
2019-07-26 09:00:00,1270.72
2019-07-26 09:15:00,1273.28
2019-07-26 09:30:00,1281.36
2019-07-26 09:45:00,1292.96
2019-07-26 10:00:00,1292.56
2019-07-26 10:15:00,1297.76
2019-07-26 10:30:00,1300.96
2019-07-26 10:45:00,1300.08
2019-07-26 11:00:00,1282.24
2019-07-26 11:15:00,1278.24
2019-07-26 11:30:00,1276.16
2019-07-26 11:45:00,1273.68
2019-07-26 12:00:00,1263.2
2019-07-26 12:15:00,1255.2
2019-07-26 12:30:00,1253.44
2019-07-26 12:45:00,1241.44
2019-07-26 13:00:00,1236.88
2019-07-26 13:15:00,1234.0
2019-07-26 13:30:00,1228.24
2019-07-26 13:45:00,1221.84
2019-07-26 14:00:00,1215.6
2019-07-26 14:15:00,1210.32
2019-07-26 14:30:00,1207.36
2019-07-26 14:45:00,1197.28
2019-07-26 15:00:00,1198.64
2019-07-26 15:15:00,1199.2
2019-07-26 15:30:00,1198.16
2019-07-26 15:45:00,1197.36
2019-07-26 16:00:00,1198.08
2019-07-26 16:15:00,1193.2
2019-07-26 16:30:00,1191.36
2019-07-26 16:45:00,1187.36
2019-07-26 17:00:00,1184.56
2019-07-26 17:15:00,1174.64
2019-07-26 17:30:00,1169.52
2019-07-26 17:45:00,1162.48
2019-07-26 18:00:00,1158.72
2019-07-26 18:15:00,1147.6
2019-07-26 18:30:00,1139.2
2019-07-26 18:45:00,1127.84
2019-07-26 19:00:00,1109.68
2019-07-26 19:15:00,1094.56
2019-07-26 19:30:00,1080.08
2019-07-26 19:45:00,1071.04
2019-07-26 20:00:00,1058.0
2019-07-26 20:15:00,1054.32
2019-07-26 20:30:00,1051.44
2019-07-26 20:45:00,1040.64
2019-07-26 21:00:00,1033.28
2019-07-26 21:15:00,1025.2
2019-07-26 21:30:00,1000.88
2019-07-26 21:45:00,977.2
2019-07-26 22:00:00,951.36
2019-07-26 22:15:00,934.4
2019-07-26 22:30:00,912.88
2019-07-26 22:45:00,901.6
2019-07-26 23:00:00,879.12
2019-07-26 23:15:00,862.48
2019-07-26 23:30:00,852.64
2019-07-26 23:45:00,840.4
2019-07-27 00:00:00,819.2
2019-07-27 00:15:00,808.48
2019-07-27 00:30:00,799.84
2019-07-27 00:45:00,779.6
2019-07-27 01:00:00,786.24
2019-07-27 01:15:00,774.32
2019-07-27 01:30:00,774.08
2019-07-27 01:45:00,774.08
2019-07-27 02:00:00,773.36
2019-07-27 02:15:00,772.0
2019-07-27 02:30:00,764.08
2019-07-27 02:45:00,764.0
2019-07-27 03:00:00,763.12
2019-07-27 03:15:00,756.8
2019-07-27 03:30:00,751.12
2019-07-27 03:45:00,752.48
2019-07-27 04:00:00,755.84
2019-07-27 04:15:00,754.32
2019-07-27 04:30:00,754.32
2019-07-27 04:45:00,759.68
2019-07-27 05:00:00,778.16
2019-07-27 05:15:00,785.44
2019-07-27 05:30:00,798.8
2019-07-27 05:45:00,807.36
2019-07-27 06:00:00,826.88
2019-07-27 06:15:00,845.28
2019-07-27 06:30:00,859.44
2019-07-27 06:45:00,879.2
2019-07-27 07:00:00,896.8
2019-07-27 07:15:00,913.2
2019-07-27 07:30:00,929.92
2019-07-27 07:45:00,948.72
2019-07-27 08:00:00,963.76
2019-07-27 08:15:00,976.24
2019-07-27 08:30:00,994.48
2019-07-27 08:45:00,1006.0
2019-07-27 09:00:00,1013.92
2019-07-27 09:15:00,1021.28
2019-07-27 09:30:00,1030.96
2019-07-27 09:45:00,1038.8
2019-07-27 10:00:00,1051.12
2019-07-27 10:15:00,1060.24
2019-07-27 10:30:00,1065.12
2019-07-27 10:45:00,1065.52
2019-07-27 11:00:00,1058.32
2019-07-27 11:15:00,1053.84
2019-07-27 11:30:00,1048.72
2019-07-27 11:45:00,1042.96
2019-07-27 12:00:00,1026.72
2019-07-27 12:15:00,1019.04
2019-07-27 12:30:00,1014.72
2019-07-27 12:45:00,1008.32
2019-07-27 13:00:00,1004.4
2019-07-27 13:15:00,1003.12
2019-07-27 13:30:00,1000.0
2019-07-27 13:45:00,993.44
2019-07-27 14:00:00,988.32
2019-07-27 14:15:00,984.8
2019-07-27 14:30:00,980.88
2019-07-27 14:45:00,976.4
2019-07-27 15:00:00,974.8
2019-07-27 15:15:00,972.56
2019-07-27 15:30:00,968.48
2019-07-27 15:45:00,970.4
2019-07-27 16:00:00,976.8
2019-07-27 16:15:00,975.28
2019-07-27 16:30:00,979.6
2019-07-27 16:45:00,977.52
2019-07-27 17:00:00,979.52
2019-07-27 17:15:00,975.68
2019-07-27 17:30:00,975.04
2019-07-27 17:45:00,972.08
2019-07-27 18:00:00,967.84
2019-07-27 18:15:00,958.24
2019-07-27 18:30:00,951.36
2019-07-27 18:45:00,945.44
2019-07-27 19:00:00,935.28
2019-07-27 19:15:00,916.56
2019-07-27 19:30:00,909.2
2019-07-27 19:45:00,897.76
2019-07-27 20:00:00,890.48
2019-07-27 20:15:00,896.24
2019-07-27 20:30:00,891.84
2019-07-27 20:45:00,894.32
2019-07-27 21:00:00,885.52
2019-07-27 21:15:00,876.72
2019-07-27 21:30:00,859.92
2019-07-27 21:45:00,849.04
2019-07-27 22:00:00,828.16
2019-07-27 22:15:00,815.44
2019-07-27 22:30:00,805.76
2019-07-27 22:45:00,793.2
2019-07-27 23:00:00,775.36
2019-07-27 23:15:00,759.52
2019-07-27 23:30:00,753.52
2019-07-27 23:45:00,746.08
2019-07-28 00:00:00,731.68
2019-07-28 00:15:00,721.6
2019-07-28 00:30:00,715.84
2019-07-28 00:45:00,707.76
2019-07-28 01:00:00,705.52
2019-07-28 01:15:00,703.12
2019-07-28 01:30:00,700.88
2019-07-28 01:45:00,697.2
2019-07-28 02:00:00,694.16
2019-07-28 02:15:00,693.28
2019-07-28 02:30:00,686.88
2019-07-28 02:45:00,686.56
2019-07-28 03:00:00,689.04
2019-07-28 03:15:00,690.32
2019-07-28 03:30:00,689.68
2019-07-28 03:45:00,664.48
2019-07-28 04:00:00,685.28
2019-07-28 04:15:00,681.44
2019-07-28 04:30:00,679.2
2019-07-28 04:45:00,681.04
2019-07-28 05:00:00,680.48
2019-07-28 05:15:00,686.88
2019-07-28 05:30:00,690.88
2019-07-28 05:45:00,698.24
2019-07-28 06:00:00,711.28
2019-07-28 06:15:00,714.24
2019-07-28 06:30:00,724.56
2019-07-28 06:45:00,737.84
2019-07-28 07:00:00,763.28
2019-07-28 07:15:00,775.04
2019-07-28 07:30:00,786.88
2019-07-28 07:45:00,800.24
2019-07-28 08:00:00,817.04
2019-07-28 08:15:00,823.92
2019-07-28 08:30:00,834.56
2019-07-28 08:45:00,848.96
2019-07-28 09:00:00,864.48
2019-07-28 09:15:00,870.0
2019-07-28 09:30:00,880.72
2019-07-28 09:45:00,890.72
2019-07-28 10:00:00,902.4
2019-07-28 10:15:00,910.88
2019-07-28 10:30:00,917.2
2019-07-28 10:45:00,923.6
2019-07-28 11:00:00,921.68
2019-07-28 11:15:00,917.04
2019-07-28 11:30:00,907.76
2019-07-28 11:45:00,905.52
2019-07-28 12:00:00,902.24
2019-07-28 12:15:00,894.64
2019-07-28 12:30:00,887.84
2019-07-28 12:45:00,881.2
2019-07-28 13:00:00,874.24
2019-07-28 13:15:00,875.04
2019-07-28 13:30:00,868.08
2019-07-28 13:45:00,864.16
2019-07-28 14:00:00,871.92
2019-07-28 14:15:00,865.2
2019-07-28 14:30:00,858.88
2019-07-28 14:45:00,857.04
2019-07-28 15:00:00,860.48
2019-07-28 15:15:00,857.92
2019-07-28 15:30:00,855.52
2019-07-28 15:45:00,861.84
2019-07-28 16:00:00,867.04
2019-07-28 16:15:00,870.4
2019-07-28 16:30:00,879.04
2019-07-28 16:45:00,884.32
2019-07-28 17:00:00,891.52
2019-07-28 17:15:00,894.0
2019-07-28 17:30:00,895.36
2019-07-28 17:45:00,894.88
2019-07-28 18:00:00,904.32
2019-07-28 18:15:00,902.0
2019-07-28 18:30:00,898.48
2019-07-28 18:45:00,890.56
2019-07-28 19:00:00,887.04
2019-07-28 19:15:00,879.84
2019-07-28 19:30:00,874.96
2019-07-28 19:45:00,867.68
2019-07-28 20:00:00,874.56
2019-07-28 20:15:00,880.24
2019-07-28 20:30:00,888.16
2019-07-28 20:45:00,887.44
2019-07-28 21:00:00,884.88
2019-07-28 21:15:00,874.4
2019-07-28 21:30:00,858.8
2019-07-28 21:45:00,847.6
2019-07-28 22:00:00,826.4
2019-07-28 22:15:00,810.88
2019-07-28 22:30:00,800.0
2019-07-28 22:45:00,792.4
2019-07-28 23:00:00,765.6
2019-07-28 23:15:00,754.32
2019-07-28 23:30:00,743.84
2019-07-28 23:45:00,738.8
2019-07-29 00:00:00,733.04
2019-07-29 00:15:00,729.68
2019-07-29 00:30:00,728.24
2019-07-29 00:45:00,726.08
2019-07-29 01:00:00,724.08
2019-07-29 01:15:00,722.16
2019-07-29 01:30:00,717.84
2019-07-29 01:45:00,721.36
2019-07-29 02:00:00,717.2
2019-07-29 02:15:00,716.4
2019-07-29 02:30:00,718.8
2019-07-29 02:45:00,721.04
2019-07-29 03:00:00,732.08
2019-07-29 03:15:00,736.16
2019-07-29 03:30:00,743.28
2019-07-29 03:45:00,754.64
2019-07-29 04:00:00,781.92
2019-07-29 04:15:00,800.56
2019-07-29 04:30:00,808.64
2019-07-29 04:45:00,836.16
2019-07-29 05:00:00,906.88
2019-07-29 05:15:00,946.72
2019-07-29 05:30:00,979.76
2019-07-29 05:45:00,1012.24
2019-07-29 06:00:00,1054.56
2019-07-29 06:15:00,1079.68
2019-07-29 06:30:00,1101.28
2019-07-29 06:45:00,1123.68
2019-07-29 07:00:00,1145.76
2019-07-29 07:15:00,1159.52
2019-07-29 07:30:00,1168.72
2019-07-29 07:45:00,1176.0
2019-07-29 08:00:00,1175.6
2019-07-29 08:15:00,1180.24
2019-07-29 08:30:00,1192.16
2019-07-29 08:45:00,1215.28
2019-07-29 09:00:00,1221.52
2019-07-29 09:15:00,1223.12
2019-07-29 09:30:00,1226.0
2019-07-29 09:45:00,1236.16
2019-07-29 10:00:00,1234.96
2019-07-29 10:15:00,1240.64
2019-07-29 10:30:00,1240.96
2019-07-29 10:45:00,1242.88
2019-07-29 11:00:00,1235.44
2019-07-29 11:15:00,1228.72
2019-07-29 11:30:00,1224.24
2019-07-29 11:45:00,1224.96
2019-07-29 12:00:00,1223.92
2019-07-29 12:15:00,1221.2
2019-07-29 12:30:00,1212.56
2019-07-29 12:45:00,1203.04
2019-07-29 13:00:00,1196.32
2019-07-29 13:15:00,1192.72
2019-07-29 13:30:00,1188.24
2019-07-29 13:45:00,1187.28
2019-07-29 14:00:00,1188.48
2019-07-29 14:15:00,1185.76
2019-07-29 14:30:00,1172.08
2019-07-29 14:45:00,1161.52
2019-07-29 15:00:00,1157.28
2019-07-29 15:15:00,1152.08
2019-07-29 15:30:00,1148.32
2019-07-29 15:45:00,1142.16
2019-07-29 16:00:00,1142.56
2019-07-29 16:15:00,1141.2
2019-07-29 16:30:00,1143.76
2019-07-29 16:45:00,1142.56
2019-07-29 17:00:00,1134.96
2019-07-29 17:15:00,1128.96
2019-07-29 17:30:00,1126.64
2019-07-29 17:45:00,1124.96
2019-07-29 18:00:00,1118.08
2019-07-29 18:15:00,1111.92
2019-07-29 18:30:00,1105.92
2019-07-29 18:45:00,1098.64
2019-07-29 19:00:00,1080.56
2019-07-29 19:15:00,1066.08
2019-07-29 19:30:00,1052.8
2019-07-29 19:45:00,1043.6
2019-07-29 20:00:00,1034.72
2019-07-29 20:15:00,1030.0
2019-07-29 20:30:00,1027.68
2019-07-29 20:45:00,1019.84
2019-07-29 21:00:00,1006.08
2019-07-29 21:15:00,989.6
2019-07-29 21:30:00,967.2
2019-07-29 21:45:00,947.76
2019-07-29 22:00:00,921.36
2019-07-29 22:15:00,900.4
2019-07-29 22:30:00,886.16
2019-07-29 22:45:00,871.68
2019-07-29 23:00:00,847.12
2019-07-29 23:15:00,837.2
2019-07-29 23:30:00,825.28
2019-07-29 23:45:00,816.16
2019-07-30 00:00:00,807.12
2019-07-30 00:15:00,798.72
2019-07-30 00:30:00,798.24
2019-07-30 00:45:00,794.32
2019-07-30 01:00:00,786.16
2019-07-30 01:15:00,782.24
2019-07-30 01:30:00,779.36
2019-07-30 01:45:00,779.04
2019-07-30 02:00:00,776.48
2019-07-30 02:15:00,775.92
2019-07-30 02:30:00,779.6
2019-07-30 02:45:00,780.8
2019-07-30 03:00:00,787.92
2019-07-30 03:15:00,797.76
2019-07-30 03:30:00,804.48
2019-07-30 03:45:00,816.08
2019-07-30 04:00:00,834.96
2019-07-30 04:15:00,844.16
2019-07-30 04:30:00,859.76
2019-07-30 04:45:00,884.0
2019-07-30 05:00:00,936.56
2019-07-30 05:15:00,968.24
2019-07-30 05:30:00,998.24
2019-07-30 05:45:00,1023.6
2019-07-30 06:00:00,1060.56
2019-07-30 06:15:00,1085.84
2019-07-30 06:30:00,1110.48
2019-07-30 06:45:00,1126.4
2019-07-30 07:00:00,1143.76
2019-07-30 07:15:00,1158.32
2019-07-30 07:30:00,1168.96
2019-07-30 07:45:00,1177.12
2019-07-30 08:00:00,1183.52
2019-07-30 08:15:00,1192.48
2019-07-30 08:30:00,1205.68
2019-07-30 08:45:00,1215.68
2019-07-30 09:00:00,1219.92
2019-07-30 09:15:00,1230.16
2019-07-30 09:30:00,1242.16
2019-07-30 09:45:00,1248.48
2019-07-30 10:00:00,1258.08
2019-07-30 10:15:00,1265.92
2019-07-30 10:30:00,1266.64
2019-07-30 10:45:00,1271.84
2019-07-30 11:00:00,1257.04
2019-07-30 11:15:00,1249.6
2019-07-30 11:30:00,1247.6
2019-07-30 11:45:00,1248.96
2019-07-30 12:00:00,1248.48
2019-07-30 12:15:00,1247.84
2019-07-30 12:30:00,1249.92
2019-07-30 12:45:00,1243.68
2019-07-30 13:00:00,1237.52
2019-07-30 13:15:00,1240.0
2019-07-30 13:30:00,1228.96
2019-07-30 13:45:00,1230.0
2019-07-30 14:00:00,1226.24
2019-07-30 14:15:00,1220.16
2019-07-30 14:30:00,1206.4
2019-07-30 14:45:00,1200.96
2019-07-30 15:00:00,1202.88
2019-07-30 15:15:00,1194.88
2019-07-30 15:30:00,1191.6
2019-07-30 15:45:00,1183.28
2019-07-30 16:00:00,1177.52
2019-07-30 16:15:00,1172.0
2019-07-30 16:30:00,1177.36
2019-07-30 16:45:00,1177.92
2019-07-30 17:00:00,1175.36
2019-07-30 17:15:00,1172.24
2019-07-30 17:30:00,1170.56
2019-07-30 17:45:00,1167.28
2019-07-30 18:00:00,1158.96
2019-07-30 18:15:00,1150.72
2019-07-30 18:30:00,1142.64
2019-07-30 18:45:00,1136.0
2019-07-30 19:00:00,1118.4
2019-07-30 19:15:00,1100.0
2019-07-30 19:30:00,1088.0
2019-07-30 19:45:00,1077.92
2019-07-30 20:00:00,1072.56
2019-07-30 20:15:00,1071.2
2019-07-30 20:30:00,1066.08
2019-07-30 20:45:00,1056.24
2019-07-30 21:00:00,1040.16
2019-07-30 21:15:00,1016.8
2019-07-30 21:30:00,994.24
2019-07-30 21:45:00,972.24
2019-07-30 22:00:00,952.88
2019-07-30 22:15:00,929.2
2019-07-30 22:30:00,908.0
2019-07-30 22:45:00,886.96
2019-07-30 23:00:00,871.04
2019-07-30 23:15:00,861.28
2019-07-30 23:30:00,848.32
2019-07-30 23:45:00,837.12
2019-07-31 00:00:00,830.24
2019-07-31 00:15:00,822.72
2019-07-31 00:30:00,818.48
2019-07-31 00:45:00,812.08
2019-07-31 01:00:00,804.32
2019-07-31 01:15:00,801.6
2019-07-31 01:30:00,800.64
2019-07-31 01:45:00,800.0
2019-07-31 02:00:00,798.08
2019-07-31 02:15:00,793.6
2019-07-31 02:30:00,794.16
2019-07-31 02:45:00,797.92
2019-07-31 03:00:00,804.4
2019-07-31 03:15:00,810.96
2019-07-31 03:30:00,818.32
2019-07-31 03:45:00,830.24
2019-07-31 04:00:00,850.64
2019-07-31 04:15:00,864.16
2019-07-31 04:30:00,883.84
2019-07-31 04:45:00,905.52
2019-07-31 05:00:00,961.04
2019-07-31 05:15:00,997.52
2019-07-31 05:30:00,1024.32
2019-07-31 05:45:00,1050.48
2019-07-31 06:00:00,1087.2
2019-07-31 06:15:00,1107.52
2019-07-31 06:30:00,1130.96
2019-07-31 06:45:00,1150.72
2019-07-31 07:00:00,1167.76
2019-07-31 07:15:00,1173.52
2019-07-31 07:30:00,1183.28
2019-07-31 07:45:00,1190.24
2019-07-31 08:00:00,1184.48
2019-07-31 08:15:00,1192.48
2019-07-31 08:30:00,1200.8
2019-07-31 08:45:00,1207.92
2019-07-31 09:00:00,1217.76
2019-07-31 09:15:00,1226.24
2019-07-31 09:30:00,1234.56
2019-07-31 09:45:00,1242.32
2019-07-31 10:00:00,1252.8
2019-07-31 10:15:00,1267.6
2019-07-31 10:30:00,1268.08
2019-07-31 10:45:00,1269.36
2019-07-31 11:00:00,1249.2
2019-07-31 11:15:00,1240.72
2019-07-31 11:30:00,1236.96
2019-07-31 11:45:00,1238.88
2019-07-31 12:00:00,1233.52
2019-07-31 12:15:00,1223.76
2019-07-31 12:30:00,1207.28
2019-07-31 12:45:00,1201.44
2019-07-31 13:00:00,1193.68
2019-07-31 13:15:00,1191.2
2019-07-31 13:30:00,1190.8
2019-07-31 13:45:00,1186.32
2019-07-31 14:00:00,1184.4
2019-07-31 14:15:00,1179.92
2019-07-31 14:30:00,1166.0
2019-07-31 14:45:00,1168.48
2019-07-31 15:00:00,1166.64
2019-07-31 15:15:00,1161.6
2019-07-31 15:30:00,1160.08
2019-07-31 15:45:00,1153.36
2019-07-31 16:00:00,1148.72
2019-07-31 16:15:00,1146.72
2019-07-31 16:30:00,1148.64
2019-07-31 16:45:00,1154.8
2019-07-31 17:00:00,1143.12
2019-07-31 17:15:00,1143.28
2019-07-31 17:30:00,1144.0
2019-07-31 17:45:00,1144.24
2019-07-31 18:00:00,1135.52
2019-07-31 18:15:00,1123.36
2019-07-31 18:30:00,1115.76
2019-07-31 18:45:00,1111.04
2019-07-31 19:00:00,1094.16
2019-07-31 19:15:00,1075.36
2019-07-31 19:30:00,1062.4
2019-07-31 19:45:00,1051.12
2019-07-31 20:00:00,1040.32
2019-07-31 20:15:00,1040.0
2019-07-31 20:30:00,1032.24
2019-07-31 20:45:00,1021.36
2019-07-31 21:00:00,1001.12
2019-07-31 21:15:00,981.92
2019-07-31 21:30:00,958.72
2019-07-31 21:45:00,937.44
2019-07-31 22:00:00,915.28
2019-07-31 22:15:00,894.16
2019-07-31 22:30:00,877.44
2019-07-31 22:45:00,861.12
2019-07-31 23:00:00,846.0
2019-07-31 23:15:00,834.16
2019-07-31 23:30:00,820.08
2019-07-31 23:45:00,812.24
2019-08-01 00:00:00,801.6
2019-08-01 00:15:00,794.08
2019-08-01 00:30:00,793.36
2019-08-01 00:45:00,792.88
2019-08-01 01:00:00,784.8
2019-08-01 01:15:00,780.64
2019-08-01 01:30:00,776.88
2019-08-01 01:45:00,777.44
2019-08-01 02:00:00,775.84
2019-08-01 02:15:00,775.44
2019-08-01 02:30:00,777.2
2019-08-01 02:45:00,781.28
2019-08-01 03:00:00,792.64
2019-08-01 03:15:00,796.64
2019-08-01 03:30:00,802.4
2019-08-01 03:45:00,811.36
2019-08-01 04:00:00,830.72
2019-08-01 04:15:00,844.88
2019-08-01 04:30:00,860.96
2019-08-01 04:45:00,880.56
2019-08-01 05:00:00,929.76
2019-08-01 05:15:00,960.8
2019-08-01 05:30:00,986.88
2019-08-01 05:45:00,1016.72
2019-08-01 06:00:00,1045.76
2019-08-01 06:15:00,1069.76
2019-08-01 06:30:00,1090.08
2019-08-01 06:45:00,1107.76
2019-08-01 07:00:00,1120.64
2019-08-01 07:15:00,1131.6
2019-08-01 07:30:00,1145.28
2019-08-01 07:45:00,1155.92
2019-08-01 08:00:00,1152.64
2019-08-01 08:15:00,1158.48
2019-08-01 08:30:00,1172.72
2019-08-01 08:45:00,1182.64
2019-08-01 09:00:00,1184.8
2019-08-01 09:15:00,1192.4
2019-08-01 09:30:00,1203.36
2019-08-01 09:45:00,1207.6
2019-08-01 10:00:00,1211.52
2019-08-01 10:15:00,1216.0
2019-08-01 10:30:00,1228.48
2019-08-01 10:45:00,1230.8
2019-08-01 11:00:00,1218.96
2019-08-01 11:15:00,1215.76
2019-08-01 11:30:00,1213.6
2019-08-01 11:45:00,1213.84
2019-08-01 12:00:00,1209.6
2019-08-01 12:15:00,1205.84
2019-08-01 12:30:00,1200.0
2019-08-01 12:45:00,1192.08
2019-08-01 13:00:00,1186.08
2019-08-01 13:15:00,1184.32
2019-08-01 13:30:00,1176.24
2019-08-01 13:45:00,1180.0
2019-08-01 14:00:00,1174.96
2019-08-01 14:15:00,1161.44
2019-08-01 14:30:00,1149.36
2019-08-01 14:45:00,1146.16
2019-08-01 15:00:00,1144.32
2019-08-01 15:15:00,1135.92
2019-08-01 15:30:00,1126.16
2019-08-01 15:45:00,1119.28
2019-08-01 16:00:00,1120.64
2019-08-01 16:15:00,1120.0
2019-08-01 16:30:00,1114.24
2019-08-01 16:45:00,1119.92
2019-08-01 17:00:00,1118.8
2019-08-01 17:15:00,1116.72
2019-08-01 17:30:00,1108.88
2019-08-01 17:45:00,1109.84
2019-08-01 18:00:00,1105.44
2019-08-01 18:15:00,1091.36
2019-08-01 18:30:00,1083.68
2019-08-01 18:45:00,1077.2
2019-08-01 19:00:00,1061.76
2019-08-01 19:15:00,1042.0
2019-08-01 19:30:00,1031.92
2019-08-01 19:45:00,1025.68
2019-08-01 20:00:00,1016.96
2019-08-01 20:15:00,1014.64
2019-08-01 20:30:00,1011.2
2019-08-01 20:45:00,1004.4
2019-08-01 21:00:00,987.6
2019-08-01 21:15:00,967.12
2019-08-01 21:30:00,946.72
2019-08-01 21:45:00,929.12
2019-08-01 22:00:00,903.04
2019-08-01 22:15:00,883.92
2019-08-01 22:30:00,867.6
2019-08-01 22:45:00,851.2
2019-08-01 23:00:00,839.6
2019-08-01 23:15:00,825.12
2019-08-01 23:30:00,814.72
2019-08-01 23:45:00,803.44
2019-08-02 00:00:00,794.24
2019-08-02 00:15:00,784.72
2019-08-02 00:30:00,779.84
2019-08-02 00:45:00,774.16
2019-08-02 01:00:00,762.88
2019-08-02 01:15:00,766.56
2019-08-02 01:30:00,763.76
2019-08-02 01:45:00,767.28
2019-08-02 02:00:00,765.84
2019-08-02 02:15:00,767.76
2019-08-02 02:30:00,768.16
2019-08-02 02:45:00,768.88
2019-08-02 03:00:00,778.88
2019-08-02 03:15:00,782.32
2019-08-02 03:30:00,788.08
2019-08-02 03:45:00,797.04
2019-08-02 04:00:00,820.96
2019-08-02 04:15:00,837.36
2019-08-02 04:30:00,847.6
2019-08-02 04:45:00,868.64
2019-08-02 05:00:00,918.96
2019-08-02 05:15:00,949.2
2019-08-02 05:30:00,979.36
2019-08-02 05:45:00,1006.8
2019-08-02 06:00:00,1044.08
2019-08-02 06:15:00,1063.44
2019-08-02 06:30:00,1084.64
2019-08-02 06:45:00,1103.04
2019-08-02 07:00:00,1126.24
2019-08-02 07:15:00,1138.4
2019-08-02 07:30:00,1145.92
2019-08-02 07:45:00,1153.52
2019-08-02 08:00:00,1155.6
2019-08-02 08:15:00,1164.24
2019-08-02 08:30:00,1173.68
2019-08-02 08:45:00,1185.84
2019-08-02 09:00:00,1189.2
2019-08-02 09:15:00,1196.64
2019-08-02 09:30:00,1204.32
2019-08-02 09:45:00,1209.6
2019-08-02 10:00:00,1212.48
2019-08-02 10:15:00,1220.64
2019-08-02 10:30:00,1225.28
2019-08-02 10:45:00,1225.28
2019-08-02 11:00:00,1211.36
2019-08-02 11:15:00,1202.56
2019-08-02 11:30:00,1200.48
2019-08-02 11:45:00,1192.24
2019-08-02 12:00:00,1182.0
2019-08-02 12:15:00,1174.88
2019-08-02 12:30:00,1163.52
2019-08-02 12:45:00,1151.68
2019-08-02 13:00:00,1145.28
2019-08-02 13:15:00,1141.44
2019-08-02 13:30:00,1134.4
2019-08-02 13:45:00,1126.0
2019-08-02 14:00:00,1134.4
2019-08-02 14:15:00,1125.92
2019-08-02 14:30:00,1115.28
2019-08-02 14:45:00,1109.12
2019-08-02 15:00:00,1103.92
2019-08-02 15:15:00,1103.68
2019-08-02 15:30:00,1101.68
2019-08-02 15:45:00,1096.88
2019-08-02 16:00:00,1107.76
2019-08-02 16:15:00,1104.64
2019-08-02 16:30:00,1102.48
2019-08-02 16:45:00,1094.32
2019-08-02 17:00:00,1088.0
2019-08-02 17:15:00,1082.48
2019-08-02 17:30:00,1079.04
2019-08-02 17:45:00,1076.16
2019-08-02 18:00:00,1064.16
2019-08-02 18:15:00,1052.24
2019-08-02 18:30:00,1042.16
2019-08-02 18:45:00,1034.64
2019-08-02 19:00:00,1020.08
2019-08-02 19:15:00,1003.52
2019-08-02 19:30:00,992.72
2019-08-02 19:45:00,980.24
2019-08-02 20:00:00,969.28
2019-08-02 20:15:00,968.32
2019-08-02 20:30:00,960.0
2019-08-02 20:45:00,947.6
2019-08-02 21:00:00,931.2
2019-08-02 21:15:00,914.16
2019-08-02 21:30:00,889.2
2019-08-02 21:45:00,872.16
2019-08-02 22:00:00,850.88
2019-08-02 22:15:00,835.12
2019-08-02 22:30:00,821.6
2019-08-02 22:45:00,809.44
2019-08-02 23:00:00,781.04
2019-08-02 23:15:00,770.24
2019-08-02 23:30:00,759.76
2019-08-02 23:45:00,752.16
2019-08-03 00:00:00,743.76
2019-08-03 00:15:00,739.52
2019-08-03 00:30:00,733.6
2019-08-03 00:45:00,723.44
2019-08-03 01:00:00,715.68
2019-08-03 01:15:00,709.04
2019-08-03 01:30:00,700.72
2019-08-03 01:45:00,698.56
2019-08-03 02:00:00,698.24
2019-08-03 02:15:00,703.2
2019-08-03 02:30:00,698.88
2019-08-03 02:45:00,698.72
2019-08-03 03:00:00,700.0
2019-08-03 03:15:00,699.44
2019-08-03 03:30:00,699.52
2019-08-03 03:45:00,698.64
2019-08-03 04:00:00,701.6
2019-08-03 04:15:00,706.08
2019-08-03 04:30:00,706.56
2019-08-03 04:45:00,706.8
2019-08-03 05:00:00,721.36
2019-08-03 05:15:00,727.04
2019-08-03 05:30:00,738.8
2019-08-03 05:45:00,752.0
2019-08-03 06:00:00,773.68
2019-08-03 06:15:00,790.56
2019-08-03 06:30:00,807.36
2019-08-03 06:45:00,827.68
2019-08-03 07:00:00,850.88
2019-08-03 07:15:00,863.36
2019-08-03 07:30:00,878.56
2019-08-03 07:45:00,896.56
2019-08-03 08:00:00,911.44
2019-08-03 08:15:00,921.6
2019-08-03 08:30:00,938.48
2019-08-03 08:45:00,953.52
2019-08-03 09:00:00,962.0
2019-08-03 09:15:00,972.4
2019-08-03 09:30:00,977.6
2019-08-03 09:45:00,982.08
2019-08-03 10:00:00,982.32
2019-08-03 10:15:00,986.88
2019-08-03 10:30:00,993.92
2019-08-03 10:45:00,991.6
2019-08-03 11:00:00,985.68
2019-08-03 11:15:00,984.56
2019-08-03 11:30:00,973.52
2019-08-03 11:45:00,972.72
2019-08-03 12:00:00,961.44
2019-08-03 12:15:00,957.04
2019-08-03 12:30:00,945.04
2019-08-03 12:45:00,931.68
2019-08-03 13:00:00,921.6
2019-08-03 13:15:00,913.52
2019-08-03 13:30:00,907.68
2019-08-03 13:45:00,900.32
2019-08-03 14:00:00,901.44
2019-08-03 14:15:00,903.6
2019-08-03 14:30:00,893.68
2019-08-03 14:45:00,888.88
2019-08-03 15:00:00,887.92
2019-08-03 15:15:00,886.24
2019-08-03 15:30:00,885.44
2019-08-03 15:45:00,885.28
2019-08-03 16:00:00,892.0
2019-08-03 16:15:00,896.96
2019-08-03 16:30:00,899.92
2019-08-03 16:45:00,903.84
2019-08-03 17:00:00,900.16
2019-08-03 17:15:00,896.8
2019-08-03 17:30:00,889.2
2019-08-03 17:45:00,889.76
2019-08-03 18:00:00,892.16
2019-08-03 18:15:00,878.96
2019-08-03 18:30:00,872.72
2019-08-03 18:45:00,866.48
2019-08-03 19:00:00,856.08
2019-08-03 19:15:00,838.72
2019-08-03 19:30:00,830.64
2019-08-03 19:45:00,826.24
2019-08-03 20:00:00,823.28
2019-08-03 20:15:00,829.12
2019-08-03 20:30:00,827.28
2019-08-03 20:45:00,819.68
2019-08-03 21:00:00,810.64
2019-08-03 21:15:00,796.72
2019-08-03 21:30:00,786.88
2019-08-03 21:45:00,775.44
2019-08-03 22:00:00,756.08
2019-08-03 22:15:00,739.12
2019-08-03 22:30:00,726.08
2019-08-03 22:45:00,715.36
2019-08-03 23:00:00,698.24
2019-08-03 23:15:00,687.76
2019-08-03 23:30:00,680.32
2019-08-03 23:45:00,672.4
2019-08-04 00:00:00,666.48
2019-08-04 00:15:00,660.72
2019-08-04 00:30:00,654.8
2019-08-04 00:45:00,649.2
2019-08-04 01:00:00,641.44
2019-08-04 01:15:00,634.88
2019-08-04 01:30:00,636.48
2019-08-04 01:45:00,635.6
2019-08-04 02:00:00,634.32
2019-08-04 02:15:00,630.56
2019-08-04 02:30:00,629.04
2019-08-04 02:45:00,626.24
2019-08-04 03:00:00,626.72
2019-08-04 03:15:00,628.4
2019-08-04 03:30:00,629.04
2019-08-04 03:45:00,630.48
2019-08-04 04:00:00,634.88
2019-08-04 04:15:00,629.04
2019-08-04 04:30:00,633.6
2019-08-04 04:45:00,628.32
2019-08-04 05:00:00,634.16
2019-08-04 05:15:00,634.8
2019-08-04 05:30:00,638.0
2019-08-04 05:45:00,643.76
2019-08-04 06:00:00,655.84
2019-08-04 06:15:00,667.36
2019-08-04 06:30:00,679.68
2019-08-04 06:45:00,693.12
2019-08-04 07:00:00,716.16
2019-08-04 07:15:00,732.0
2019-08-04 07:30:00,740.4
2019-08-04 07:45:00,759.52
2019-08-04 08:00:00,775.12
2019-08-04 08:15:00,786.56
2019-08-04 08:30:00,797.84
2019-08-04 08:45:00,813.04
2019-08-04 09:00:00,817.92
2019-08-04 09:15:00,828.4
2019-08-04 09:30:00,842.56
2019-08-04 09:45:00,854.8
2019-08-04 10:00:00,865.36
2019-08-04 10:15:00,878.48
2019-08-04 10:30:00,882.8
2019-08-04 10:45:00,884.24
2019-08-04 11:00:00,874.16
2019-08-04 11:15:00,869.76
2019-08-04 11:30:00,857.28
2019-08-04 11:45:00,855.84
2019-08-04 12:00:00,853.84
2019-08-04 12:15:00,845.04
2019-08-04 12:30:00,839.84
2019-08-04 12:45:00,835.28
2019-08-04 13:00:00,831.6
2019-08-04 13:15:00,826.48
2019-08-04 13:30:00,822.8
2019-08-04 13:45:00,820.16
2019-08-04 14:00:00,817.76
2019-08-04 14:15:00,814.4
2019-08-04 14:30:00,807.12
2019-08-04 14:45:00,805.68
2019-08-04 15:00:00,808.8
2019-08-04 15:15:00,809.44
2019-08-04 15:30:00,807.92
2019-08-04 15:45:00,809.52
2019-08-04 16:00:00,817.76
2019-08-04 16:15:00,819.92
2019-08-04 16:30:00,816.16
2019-08-04 16:45:00,820.16
2019-08-04 17:00:00,828.56
2019-08-04 17:15:00,828.88
2019-08-04 17:30:00,830.32
2019-08-04 17:45:00,830.72
2019-08-04 18:00:00,831.36
2019-08-04 18:15:00,821.92
2019-08-04 18:30:00,821.12
2019-08-04 18:45:00,818.4
2019-08-04 19:00:00,817.76
2019-08-04 19:15:00,811.52
2019-08-04 19:30:00,812.88
2019-08-04 19:45:00,808.32
2019-08-04 20:00:00,811.36
2019-08-04 20:15:00,820.8
2019-08-04 20:30:00,823.04
2019-08-04 20:45:00,819.04
2019-08-04 21:00:00,817.6
2019-08-04 21:15:00,805.44
2019-08-04 21:30:00,788.96
2019-08-04 21:45:00,774.0
2019-08-04 22:00:00,753.92
2019-08-04 22:15:00,739.12
2019-08-04 22:30:00,725.44
2019-08-04 22:45:00,713.04
2019-08-04 23:00:00,704.4
2019-08-04 23:15:00,700.0
2019-08-04 23:30:00,700.16
2019-08-04 23:45:00,692.16
2019-08-05 00:00:00,686.72
2019-08-05 00:15:00,683.52
2019-08-05 00:30:00,672.96
2019-08-05 00:45:00,667.44
2019-08-05 01:00:00,660.96
2019-08-05 01:15:00,656.0
2019-08-05 01:30:00,657.04
2019-08-05 01:45:00,653.84
2019-08-05 02:00:00,657.2
2019-08-05 02:15:00,654.64
2019-08-05 02:30:00,655.92
2019-08-05 02:45:00,658.08
2019-08-05 03:00:00,671.68
2019-08-05 03:15:00,679.04
2019-08-05 03:30:00,684.4
2019-08-05 03:45:00,697.12
2019-08-05 04:00:00,732.32
2019-08-05 04:15:00,744.64
2019-08-05 04:30:00,765.76
2019-08-05 04:45:00,794.8
2019-08-05 05:00:00,854.4
2019-08-05 05:15:00,888.16
2019-08-05 05:30:00,920.4
2019-08-05 05:45:00,946.48
2019-08-05 06:00:00,978.08
2019-08-05 06:15:00,1000.0
2019-08-05 06:30:00,1028.24
2019-08-05 06:45:00,1054.08
2019-08-05 07:00:00,1080.0
2019-08-05 07:15:00,1088.56
2019-08-05 07:30:00,1100.56
2019-08-05 07:45:00,1115.92
2019-08-05 08:00:00,1123.92
2019-08-05 08:15:00,1137.36
2019-08-05 08:30:00,1148.48
2019-08-05 08:45:00,1157.52
2019-08-05 09:00:00,1164.96
2019-08-05 09:15:00,1172.08
2019-08-05 09:30:00,1181.52
2019-08-05 09:45:00,1176.08
2019-08-05 10:00:00,1187.68
2019-08-05 10:15:00,1202.96
2019-08-05 10:30:00,1199.68
2019-08-05 10:45:00,1200.08
2019-08-05 11:00:00,1190.64
2019-08-05 11:15:00,1178.32
2019-08-05 11:30:00,1168.64
2019-08-05 11:45:00,1163.44
2019-08-05 12:00:00,1171.68
2019-08-05 12:15:00,1174.8
2019-08-05 12:30:00,1167.44
2019-08-05 12:45:00,1162.8
2019-08-05 13:00:00,1155.92
2019-08-05 13:15:00,1160.16
2019-08-05 13:30:00,1159.2
2019-08-05 13:45:00,1154.4
2019-08-05 14:00:00,1156.88
2019-08-05 14:15:00,1145.2
2019-08-05 14:30:00,1139.04
2019-08-05 14:45:00,1130.88
2019-08-05 15:00:00,1121.28
2019-08-05 15:15:00,1116.64
2019-08-05 15:30:00,1105.6
2019-08-05 15:45:00,1104.24
2019-08-05 16:00:00,1105.04
2019-08-05 16:15:00,1104.96
2019-08-05 16:30:00,1106.24
2019-08-05 16:45:00,1102.96
2019-08-05 17:00:00,1098.72
2019-08-05 17:15:00,1093.44
2019-08-05 17:30:00,1093.92
2019-08-05 17:45:00,1088.56
2019-08-05 18:00:00,1084.48
2019-08-05 18:15:00,1076.0
2019-08-05 18:30:00,1075.04
2019-08-05 18:45:00,1067.6
2019-08-05 19:00:00,1046.88
2019-08-05 19:15:00,1029.76
2019-08-05 19:30:00,1021.84
2019-08-05 19:45:00,1016.56
2019-08-05 20:00:00,1007.52
2019-08-05 20:15:00,1003.04
2019-08-05 20:30:00,997.28
2019-08-05 20:45:00,979.6
2019-08-05 21:00:00,957.28
2019-08-05 21:15:00,937.92
2019-08-05 21:30:00,911.52
2019-08-05 21:45:00,891.44
2019-08-05 22:00:00,869.2
2019-08-05 22:15:00,854.96
2019-08-05 22:30:00,842.0
2019-08-05 22:45:00,830.48
2019-08-05 23:00:00,819.84
2019-08-05 23:15:00,810.72
2019-08-05 23:30:00,804.8
2019-08-05 23:45:00,795.92
2019-08-06 00:00:00,775.76
2019-08-06 00:15:00,771.44
2019-08-06 00:30:00,768.4
2019-08-06 00:45:00,762.0
2019-08-06 01:00:00,750.24
2019-08-06 01:15:00,753.84
2019-08-06 01:30:00,749.6
2019-08-06 01:45:00,750.08
2019-08-06 02:00:00,749.36
2019-08-06 02:15:00,750.96
2019-08-06 02:30:00,747.28
2019-08-06 02:45:00,749.2
2019-08-06 03:00:00,762.64
2019-08-06 03:15:00,769.92
2019-08-06 03:30:00,776.16
2019-08-06 03:45:00,782.88
2019-08-06 04:00:00,806.16
2019-08-06 04:15:00,823.36
2019-08-06 04:30:00,835.84
2019-08-06 04:45:00,856.4
2019-08-06 05:00:00,914.0
2019-08-06 05:15:00,948.48
2019-08-06 05:30:00,974.0
2019-08-06 05:45:00,997.04
2019-08-06 06:00:00,1034.0
2019-08-06 06:15:00,1059.44
2019-08-06 06:30:00,1079.92
2019-08-06 06:45:00,1105.52
2019-08-06 07:00:00,1125.28
2019-08-06 07:15:00,1136.88
2019-08-06 07:30:00,1146.48
2019-08-06 07:45:00,1162.64
2019-08-06 08:00:00,1158.64
2019-08-06 08:15:00,1160.8
2019-08-06 08:30:00,1164.48
2019-08-06 08:45:00,1175.04
2019-08-06 09:00:00,1179.2
2019-08-06 09:15:00,1189.76
2019-08-06 09:30:00,1206.16
2019-08-06 09:45:00,1220.0
2019-08-06 10:00:00,1224.8
2019-08-06 10:15:00,1228.48
2019-08-06 10:30:00,1246.08
2019-08-06 10:45:00,1252.08
2019-08-06 11:00:00,1233.92
2019-08-06 11:15:00,1228.4
2019-08-06 11:30:00,1223.68
2019-08-06 11:45:00,1222.24
2019-08-06 12:00:00,1219.84
2019-08-06 12:15:00,1214.16
2019-08-06 12:30:00,1204.8
2019-08-06 12:45:00,1194.8
2019-08-06 13:00:00,1193.84
2019-08-06 13:15:00,1193.6
2019-08-06 13:30:00,1186.72
2019-08-06 13:45:00,1180.72
2019-08-06 14:00:00,1173.44
2019-08-06 14:15:00,1164.4
2019-08-06 14:30:00,1153.84
2019-08-06 14:45:00,1140.08
2019-08-06 15:00:00,1135.2
2019-08-06 15:15:00,1129.76
2019-08-06 15:30:00,1130.08
2019-08-06 15:45:00,1129.84
2019-08-06 16:00:00,1137.6
2019-08-06 16:15:00,1137.44
2019-08-06 16:30:00,1133.2
2019-08-06 16:45:00,1133.36
2019-08-06 17:00:00,1124.64
2019-08-06 17:15:00,1113.84
2019-08-06 17:30:00,1110.4
2019-08-06 17:45:00,1106.24
2019-08-06 18:00:00,1099.76
2019-08-06 18:15:00,1081.52
2019-08-06 18:30:00,1074.24
2019-08-06 18:45:00,1064.64
2019-08-06 19:00:00,1047.36
2019-08-06 19:15:00,1032.08
2019-08-06 19:30:00,1025.28
2019-08-06 19:45:00,1022.8
2019-08-06 20:00:00,1018.16
2019-08-06 20:15:00,1018.0
2019-08-06 20:30:00,1009.92
2019-08-06 20:45:00,990.32
2019-08-06 21:00:00,963.04
2019-08-06 21:15:00,940.48
2019-08-06 21:30:00,919.52
2019-08-06 21:45:00,901.6
2019-08-06 22:00:00,878.08
2019-08-06 22:15:00,858.48
2019-08-06 22:30:00,849.28
2019-08-06 22:45:00,840.32
2019-08-06 23:00:00,818.4
2019-08-06 23:15:00,805.44
2019-08-06 23:30:00,793.36
2019-08-06 23:45:00,788.32
2019-08-07 00:00:00,777.68
2019-08-07 00:15:00,768.24
2019-08-07 00:30:00,761.36
2019-08-07 00:45:00,757.92
2019-08-07 01:00:00,750.56
2019-08-07 01:15:00,747.04
2019-08-07 01:30:00,756.32
2019-08-07 01:45:00,759.68
2019-08-07 02:00:00,758.0
2019-08-07 02:15:00,755.44
2019-08-07 02:30:00,762.56
2019-08-07 02:45:00,766.88
2019-08-07 03:00:00,774.88
2019-08-07 03:15:00,776.16
2019-08-07 03:30:00,784.72
2019-08-07 03:45:00,801.2
2019-08-07 04:00:00,824.8
2019-08-07 04:15:00,834.0
2019-08-07 04:30:00,843.76
2019-08-07 04:45:00,868.48
2019-08-07 05:00:00,922.48
2019-08-07 05:15:00,957.28
2019-08-07 05:30:00,983.6
2019-08-07 05:45:00,1006.0
2019-08-07 06:00:00,1041.6
2019-08-07 06:15:00,1071.76
2019-08-07 06:30:00,1092.48
2019-08-07 06:45:00,1101.76
2019-08-07 07:00:00,1121.2
2019-08-07 07:15:00,1133.36
2019-08-07 07:30:00,1140.48
2019-08-07 07:45:00,1148.64
2019-08-07 08:00:00,1151.92
2019-08-07 08:15:00,1152.96
2019-08-07 08:30:00,1164.4
2019-08-07 08:45:00,1185.28
2019-08-07 09:00:00,1194.32
2019-08-07 09:15:00,1206.96
2019-08-07 09:30:00,1219.84
2019-08-07 09:45:00,1233.6
2019-08-07 10:00:00,1243.36
2019-08-07 10:15:00,1257.68
2019-08-07 10:30:00,1259.92
2019-08-07 10:45:00,1249.6
2019-08-07 11:00:00,1233.76
2019-08-07 11:15:00,1221.84
2019-08-07 11:30:00,1210.64
2019-08-07 11:45:00,1210.08
2019-08-07 12:00:00,1211.28
2019-08-07 12:15:00,1210.4
2019-08-07 12:30:00,1207.04
2019-08-07 12:45:00,1202.48
2019-08-07 13:00:00,1196.96
2019-08-07 13:15:00,1192.88
2019-08-07 13:30:00,1181.2
2019-08-07 13:45:00,1173.52
2019-08-07 14:00:00,1169.12
2019-08-07 14:15:00,1159.52
2019-08-07 14:30:00,1156.4
2019-08-07 14:45:00,1146.08
2019-08-07 15:00:00,1137.76
2019-08-07 15:15:00,1133.52
2019-08-07 15:30:00,1133.2
2019-08-07 15:45:00,1133.44
2019-08-07 16:00:00,1137.36
2019-08-07 16:15:00,1131.92
2019-08-07 16:30:00,1128.88
2019-08-07 16:45:00,1124.8
2019-08-07 17:00:00,1120.32
2019-08-07 17:15:00,1114.08
2019-08-07 17:30:00,1115.2
2019-08-07 17:45:00,1114.96
2019-08-07 18:00:00,1108.48
2019-08-07 18:15:00,1095.2
2019-08-07 18:30:00,1085.36
2019-08-07 18:45:00,1077.68
2019-08-07 19:00:00,1054.08
2019-08-07 19:15:00,1057.6
2019-08-07 19:30:00,1044.64
2019-08-07 19:45:00,1041.76
2019-08-07 20:00:00,1034.48
2019-08-07 20:15:00,1032.48
2019-08-07 20:30:00,1017.6
2019-08-07 20:45:00,1000.8
2019-08-07 21:00:00,976.88
2019-08-07 21:15:00,954.8
2019-08-07 21:30:00,935.52
2019-08-07 21:45:00,919.6
2019-08-07 22:00:00,891.28
2019-08-07 22:15:00,875.68
2019-08-07 22:30:00,868.32
2019-08-07 22:45:00,852.0
2019-08-07 23:00:00,831.52
2019-08-07 23:15:00,821.2
2019-08-07 23:30:00,806.32
2019-08-07 23:45:00,799.36
2019-08-08 00:00:00,788.08
2019-08-08 00:15:00,783.36
2019-08-08 00:30:00,775.6
2019-08-08 00:45:00,772.64
2019-08-08 01:00:00,764.96
2019-08-08 01:15:00,764.08
2019-08-08 01:30:00,763.36
2019-08-08 01:45:00,769.44
2019-08-08 02:00:00,765.84
2019-08-08 02:15:00,762.96
2019-08-08 02:30:00,771.6
2019-08-08 02:45:00,775.04
2019-08-08 03:00:00,779.2
2019-08-08 03:15:00,783.44
2019-08-08 03:30:00,791.84
2019-08-08 03:45:00,804.96
2019-08-08 04:00:00,834.88
2019-08-08 04:15:00,849.36
2019-08-08 04:30:00,860.16
2019-08-08 04:45:00,876.96
2019-08-08 05:00:00,930.32
2019-08-08 05:15:00,957.2
2019-08-08 05:30:00,981.68
2019-08-08 05:45:00,1006.4
2019-08-08 06:00:00,1044.24
2019-08-08 06:15:00,1067.28
2019-08-08 06:30:00,1086.48
2019-08-08 06:45:00,1108.48
2019-08-08 07:00:00,1126.88
2019-08-08 07:15:00,1144.64
2019-08-08 07:30:00,1154.96
2019-08-08 07:45:00,1165.52
2019-08-08 08:00:00,1160.48
2019-08-08 08:15:00,1170.64
2019-08-08 08:30:00,1189.2
2019-08-08 08:45:00,1198.4
2019-08-08 09:00:00,1201.6
2019-08-08 09:15:00,1204.96
2019-08-08 09:30:00,1220.08
2019-08-08 09:45:00,1228.4
2019-08-08 10:00:00,1235.92
2019-08-08 10:15:00,1241.76
2019-08-08 10:30:00,1257.68
2019-08-08 10:45:00,1263.36
2019-08-08 11:00:00,1251.6
2019-08-08 11:15:00,1246.64
2019-08-08 11:30:00,1246.24
2019-08-08 11:45:00,1246.72
2019-08-08 12:00:00,1239.68
2019-08-08 12:15:00,1226.08
2019-08-08 12:30:00,1226.8
2019-08-08 12:45:00,1218.24
2019-08-08 13:00:00,1207.92
2019-08-08 13:15:00,1205.52
2019-08-08 13:30:00,1202.16
2019-08-08 13:45:00,1199.6
2019-08-08 14:00:00,1203.12
2019-08-08 14:15:00,1200.96
2019-08-08 14:30:00,1190.56
2019-08-08 14:45:00,1176.64
2019-08-08 15:00:00,1173.12
2019-08-08 15:15:00,1164.72
2019-08-08 15:30:00,1158.96
2019-08-08 15:45:00,1153.2
2019-08-08 16:00:00,1151.12
2019-08-08 16:15:00,1149.2
2019-08-08 16:30:00,1141.68
2019-08-08 16:45:00,1140.08
2019-08-08 17:00:00,1139.12
2019-08-08 17:15:00,1132.88
2019-08-08 17:30:00,1128.24
2019-08-08 17:45:00,1133.68
2019-08-08 18:00:00,1132.72
2019-08-08 18:15:00,1114.16
2019-08-08 18:30:00,1100.96
2019-08-08 18:45:00,1088.8
2019-08-08 19:00:00,1073.68
2019-08-08 19:15:00,1061.92
2019-08-08 19:30:00,1049.92
2019-08-08 19:45:00,1039.6
2019-08-08 20:00:00,1038.88
2019-08-08 20:15:00,1044.48
2019-08-08 20:30:00,1030.8
2019-08-08 20:45:00,1012.32
2019-08-08 21:00:00,998.08
2019-08-08 21:15:00,978.24
2019-08-08 21:30:00,957.84
2019-08-08 21:45:00,936.48
2019-08-08 22:00:00,910.72
2019-08-08 22:15:00,893.04
2019-08-08 22:30:00,872.48
2019-08-08 22:45:00,859.12
2019-08-08 23:00:00,840.72
2019-08-08 23:15:00,829.84
2019-08-08 23:30:00,817.04
2019-08-08 23:45:00,811.6
2019-08-09 00:00:00,798.8
2019-08-09 00:15:00,794.0
2019-08-09 00:30:00,784.32
2019-08-09 00:45:00,779.36
2019-08-09 01:00:00,772.48
2019-08-09 01:15:00,768.8
2019-08-09 01:30:00,769.92
2019-08-09 01:45:00,769.6
2019-08-09 02:00:00,769.52
2019-08-09 02:15:00,769.68
2019-08-09 02:30:00,771.84
2019-08-09 02:45:00,773.36
2019-08-09 03:00:00,782.24
2019-08-09 03:15:00,786.4
2019-08-09 03:30:00,792.16
2019-08-09 03:45:00,801.04
2019-08-09 04:00:00,824.08
2019-08-09 04:15:00,840.88
2019-08-09 04:30:00,860.0
2019-08-09 04:45:00,878.16
2019-08-09 05:00:00,923.2
2019-08-09 05:15:00,957.76
2019-08-09 05:30:00,983.84
2019-08-09 05:45:00,1007.44
2019-08-09 06:00:00,1040.48
2019-08-09 06:15:00,1066.08
2019-08-09 06:30:00,1088.0
2019-08-09 06:45:00,1105.68
2019-08-09 07:00:00,1126.08
2019-08-09 07:15:00,1138.24
2019-08-09 07:30:00,1149.92
2019-08-09 07:45:00,1163.6
2019-08-09 08:00:00,1161.6
2019-08-09 08:15:00,1172.48
2019-08-09 08:30:00,1185.52
2019-08-09 08:45:00,1192.72
2019-08-09 09:00:00,1202.32
2019-08-09 09:15:00,1203.68
2019-08-09 09:30:00,1210.32
2019-08-09 09:45:00,1214.4
2019-08-09 10:00:00,1220.32
2019-08-09 10:15:00,1227.6
2019-08-09 10:30:00,1239.92
2019-08-09 10:45:00,1239.76
2019-08-09 11:00:00,1224.72
2019-08-09 11:15:00,1226.24
2019-08-09 11:30:00,1227.04
2019-08-09 11:45:00,1229.68
2019-08-09 12:00:00,1219.2
2019-08-09 12:15:00,1208.4
2019-08-09 12:30:00,1203.92
2019-08-09 12:45:00,1186.64
2019-08-09 13:00:00,1180.72
2019-08-09 13:15:00,1176.48
2019-08-09 13:30:00,1167.2
2019-08-09 13:45:00,1162.16
2019-08-09 14:00:00,1154.96
2019-08-09 14:15:00,1146.32
2019-08-09 14:30:00,1132.48
2019-08-09 14:45:00,1126.16
2019-08-09 15:00:00,1131.44
2019-08-09 15:15:00,1134.24
2019-08-09 15:30:00,1137.76
2019-08-09 15:45:00,1143.76
2019-08-09 16:00:00,1146.48
2019-08-09 16:15:00,1140.56
2019-08-09 16:30:00,1136.56
2019-08-09 16:45:00,1133.36
2019-08-09 17:00:00,1128.32
2019-08-09 17:15:00,1120.8
2019-08-09 17:30:00,1118.96
2019-08-09 17:45:00,1113.36
2019-08-09 18:00:00,1105.28
2019-08-09 18:15:00,1087.76
2019-08-09 18:30:00,1079.04
2019-08-09 18:45:00,1070.16
2019-08-09 19:00:00,1059.2
2019-08-09 19:15:00,1044.48
2019-08-09 19:30:00,1037.36
2019-08-09 19:45:00,1034.24
2019-08-09 20:00:00,1023.28
2019-08-09 20:15:00,1011.84
2019-08-09 20:30:00,1001.36
2019-08-09 20:45:00,983.84
2019-08-09 21:00:00,972.8
2019-08-09 21:15:00,952.88
2019-08-09 21:30:00,928.64
2019-08-09 21:45:00,913.68
2019-08-09 22:00:00,889.04
2019-08-09 22:15:00,875.92
2019-08-09 22:30:00,865.76
2019-08-09 22:45:00,850.64
2019-08-09 23:00:00,839.52
2019-08-09 23:15:00,826.72
2019-08-09 23:30:00,816.16
2019-08-09 23:45:00,803.2
2019-08-10 00:00:00,787.36
2019-08-10 00:15:00,782.32
2019-08-10 00:30:00,777.2
2019-08-10 00:45:00,769.84
2019-08-10 01:00:00,756.08
2019-08-10 01:15:00,751.04
2019-08-10 01:30:00,744.4
2019-08-10 01:45:00,740.24
2019-08-10 02:00:00,737.52
2019-08-10 02:15:00,738.16
2019-08-10 02:30:00,729.44
2019-08-10 02:45:00,735.12
2019-08-10 03:00:00,737.52
2019-08-10 03:15:00,734.8
2019-08-10 03:30:00,738.56
2019-08-10 03:45:00,739.84
2019-08-10 04:00:00,749.76
2019-08-10 04:15:00,745.04
2019-08-10 04:30:00,747.92
2019-08-10 04:45:00,751.12
2019-08-10 05:00:00,760.88
2019-08-10 05:15:00,771.44
2019-08-10 05:30:00,786.32
2019-08-10 05:45:00,804.24
2019-08-10 06:00:00,828.4
2019-08-10 06:15:00,847.44
2019-08-10 06:30:00,857.92
2019-08-10 06:45:00,874.32
2019-08-10 07:00:00,891.36
2019-08-10 07:15:00,910.4
2019-08-10 07:30:00,928.32
2019-08-10 07:45:00,952.4
2019-08-10 08:00:00,971.28
2019-08-10 08:15:00,984.72
2019-08-10 08:30:00,1010.4
2019-08-10 08:45:00,1020.32
2019-08-10 09:00:00,1024.4
2019-08-10 09:15:00,1024.0
2019-08-10 09:30:00,1034.96
2019-08-10 09:45:00,1040.4
2019-08-10 10:00:00,1043.92
2019-08-10 10:15:00,1052.32
2019-08-10 10:30:00,1059.6
2019-08-10 10:45:00,1061.92
2019-08-10 11:00:00,1059.6
2019-08-10 11:15:00,1049.12
2019-08-10 11:30:00,1043.04
2019-08-10 11:45:00,1041.84
2019-08-10 12:00:00,1027.28
2019-08-10 12:15:00,1022.48
2019-08-10 12:30:00,1016.8
2019-08-10 12:45:00,1001.92
2019-08-10 13:00:00,991.28
2019-08-10 13:15:00,980.24
2019-08-10 13:30:00,979.36
2019-08-10 13:45:00,981.68
2019-08-10 14:00:00,982.24
2019-08-10 14:15:00,973.12
2019-08-10 14:30:00,968.64
2019-08-10 14:45:00,966.0
2019-08-10 15:00:00,970.64
2019-08-10 15:15:00,972.0
2019-08-10 15:30:00,976.8
2019-08-10 15:45:00,968.8
2019-08-10 16:00:00,970.08
2019-08-10 16:15:00,975.28
2019-08-10 16:30:00,979.28
2019-08-10 16:45:00,981.12
2019-08-10 17:00:00,981.12
2019-08-10 17:15:00,977.76
2019-08-10 17:30:00,976.8
2019-08-10 17:45:00,963.36
2019-08-10 18:00:00,965.04
2019-08-10 18:15:00,953.36
2019-08-10 18:30:00,942.88
2019-08-10 18:45:00,934.16
2019-08-10 19:00:00,916.8
2019-08-10 19:15:00,908.16
2019-08-10 19:30:00,899.12
2019-08-10 19:45:00,888.64
2019-08-10 20:00:00,884.8
2019-08-10 20:15:00,885.12
2019-08-10 20:30:00,876.08
2019-08-10 20:45:00,864.32
2019-08-10 21:00:00,857.6
2019-08-10 21:15:00,841.04
2019-08-10 21:30:00,823.68
2019-08-10 21:45:00,817.2
2019-08-10 22:00:00,802.64
2019-08-10 22:15:00,786.64
2019-08-10 22:30:00,776.08
2019-08-10 22:45:00,771.76
2019-08-10 23:00:00,761.76
2019-08-10 23:15:00,751.04
2019-08-10 23:30:00,737.84
2019-08-10 23:45:00,728.24
2019-08-11 00:00:00,719.44
2019-08-11 00:15:00,715.04
2019-08-11 00:30:00,707.12
2019-08-11 00:45:00,696.32
2019-08-11 01:00:00,693.36
2019-08-11 01:15:00,689.2
2019-08-11 01:30:00,682.24
2019-08-11 01:45:00,679.68
2019-08-11 02:00:00,678.0
2019-08-11 02:15:00,676.4
2019-08-11 02:30:00,673.92
2019-08-11 02:45:00,674.24
2019-08-11 03:00:00,671.44
2019-08-11 03:15:00,673.92
2019-08-11 03:30:00,669.28
2019-08-11 03:45:00,674.16
2019-08-11 04:00:00,680.64
2019-08-11 04:15:00,680.08
2019-08-11 04:30:00,680.56
2019-08-11 04:45:00,673.6
2019-08-11 05:00:00,684.4
2019-08-11 05:15:00,688.08
2019-08-11 05:30:00,690.48
2019-08-11 05:45:00,697.12
2019-08-11 06:00:00,714.48
2019-08-11 06:15:00,726.48
2019-08-11 06:30:00,739.76
2019-08-11 06:45:00,752.72
2019-08-11 07:00:00,770.64
2019-08-11 07:15:00,786.72
2019-08-11 07:30:00,802.32
2019-08-11 07:45:00,813.6
2019-08-11 08:00:00,832.0
2019-08-11 08:15:00,845.2
2019-08-11 08:30:00,861.28
2019-08-11 08:45:00,874.24
2019-08-11 09:00:00,885.84
2019-08-11 09:15:00,903.2
2019-08-11 09:30:00,905.84
2019-08-11 09:45:00,915.2
2019-08-11 10:00:00,940.24
2019-08-11 10:15:00,950.08
2019-08-11 10:30:00,959.6
2019-08-11 10:45:00,953.84
2019-08-11 11:00:00,950.08
2019-08-11 11:15:00,943.04
2019-08-11 11:30:00,932.0
2019-08-11 11:45:00,923.2
2019-08-11 12:00:00,909.52
2019-08-11 12:15:00,906.72
2019-08-11 12:30:00,901.12
2019-08-11 12:45:00,887.84
2019-08-11 13:00:00,880.4
2019-08-11 13:15:00,879.52
2019-08-11 13:30:00,883.12
2019-08-11 13:45:00,878.4
2019-08-11 14:00:00,868.88
2019-08-11 14:15:00,870.88
2019-08-11 14:30:00,866.88
2019-08-11 14:45:00,857.44
2019-08-11 15:00:00,848.72
2019-08-11 15:15:00,842.08
2019-08-11 15:30:00,836.32
2019-08-11 15:45:00,830.72
2019-08-11 16:00:00,830.96
2019-08-11 16:15:00,835.52
2019-08-11 16:30:00,844.48
2019-08-11 16:45:00,846.96
2019-08-11 17:00:00,856.8
2019-08-11 17:15:00,866.32
2019-08-11 17:30:00,868.4
2019-08-11 17:45:00,872.16
2019-08-11 18:00:00,868.96
2019-08-11 18:15:00,857.12
2019-08-11 18:30:00,854.48
2019-08-11 18:45:00,848.64
2019-08-11 19:00:00,853.28
2019-08-11 19:15:00,851.92
2019-08-11 19:30:00,852.96
2019-08-11 19:45:00,851.44
2019-08-11 20:00:00,855.36
2019-08-11 20:15:00,855.44
2019-08-11 20:30:00,849.44
2019-08-11 20:45:00,841.84
2019-08-11 21:00:00,837.04
2019-08-11 21:15:00,826.24
2019-08-11 21:30:00,805.92
2019-08-11 21:45:00,794.8
2019-08-11 22:00:00,785.84
2019-08-11 22:15:00,770.64
2019-08-11 22:30:00,755.68
2019-08-11 22:45:00,745.68
2019-08-11 23:00:00,739.36
2019-08-11 23:15:00,727.36
2019-08-11 23:30:00,725.68
2019-08-11 23:45:00,720.8
2019-08-12 00:00:00,711.28
2019-08-12 00:15:00,707.76
2019-08-12 00:30:00,705.68
2019-08-12 00:45:00,702.96
2019-08-12 01:00:00,697.28
2019-08-12 01:15:00,695.12
2019-08-12 01:30:00,691.44
2019-08-12 01:45:00,694.08
2019-08-12 02:00:00,687.44
2019-08-12 02:15:00,690.48
2019-08-12 02:30:00,686.72
2019-08-12 02:45:00,692.64
2019-08-12 03:00:00,703.44
2019-08-12 03:15:00,705.68
2019-08-12 03:30:00,717.2
2019-08-12 03:45:00,731.04
2019-08-12 04:00:00,764.16
2019-08-12 04:15:00,784.24
2019-08-12 04:30:00,804.32
2019-08-12 04:45:00,838.16
2019-08-12 05:00:00,894.24
2019-08-12 05:15:00,929.2
2019-08-12 05:30:00,956.16
2019-08-12 05:45:00,982.4
2019-08-12 06:00:00,1020.16
2019-08-12 06:15:00,1047.04
2019-08-12 06:30:00,1072.72
2019-08-12 06:45:00,1091.92
2019-08-12 07:00:00,1115.92
2019-08-12 07:15:00,1128.8
2019-08-12 07:30:00,1137.6
2019-08-12 07:45:00,1143.92
2019-08-12 08:00:00,1146.56
2019-08-12 08:15:00,1162.0
2019-08-12 08:30:00,1172.64
2019-08-12 08:45:00,1181.52
2019-08-12 09:00:00,1186.96
2019-08-12 09:15:00,1186.16
2019-08-12 09:30:00,1195.04
2019-08-12 09:45:00,1218.96
2019-08-12 10:00:00,1238.88
2019-08-12 10:15:00,1251.84
2019-08-12 10:30:00,1257.2
2019-08-12 10:45:00,1237.6
2019-08-12 11:00:00,1219.52
2019-08-12 11:15:00,1209.92
2019-08-12 11:30:00,1211.2
2019-08-12 11:45:00,1208.88
2019-08-12 12:00:00,1212.96
2019-08-12 12:15:00,1213.2
2019-08-12 12:30:00,1202.96
2019-08-12 12:45:00,1189.92
2019-08-12 13:00:00,1178.32
2019-08-12 13:15:00,1172.24
2019-08-12 13:30:00,1165.36
2019-08-12 13:45:00,1152.16
2019-08-12 14:00:00,1149.76
2019-08-12 14:15:00,1141.36
2019-08-12 14:30:00,1138.8
2019-08-12 14:45:00,1132.8
2019-08-12 15:00:00,1140.64
2019-08-12 15:15:00,1134.24
2019-08-12 15:30:00,1127.28
2019-08-12 15:45:00,1123.2
2019-08-12 16:00:00,1124.4
2019-08-12 16:15:00,1122.64
2019-08-12 16:30:00,1123.52
2019-08-12 16:45:00,1123.44
2019-08-12 17:00:00,1118.72
2019-08-12 17:15:00,1110.96
2019-08-12 17:30:00,1103.84
2019-08-12 17:45:00,1102.72
2019-08-12 18:00:00,1097.52
2019-08-12 18:15:00,1089.6
2019-08-12 18:30:00,1080.64
2019-08-12 18:45:00,1073.76
2019-08-12 19:00:00,1061.2
2019-08-12 19:15:00,1043.6
2019-08-12 19:30:00,1040.08
2019-08-12 19:45:00,1042.32
2019-08-12 20:00:00,1043.04
2019-08-12 20:15:00,1031.52
2019-08-12 20:30:00,1012.8
2019-08-12 20:45:00,1000.4
2019-08-12 21:00:00,977.52
2019-08-12 21:15:00,954.08
2019-08-12 21:30:00,932.64
2019-08-12 21:45:00,910.64
2019-08-12 22:00:00,882.48
2019-08-12 22:15:00,867.92
2019-08-12 22:30:00,849.68
2019-08-12 22:45:00,841.44
2019-08-12 23:00:00,826.96
2019-08-12 23:15:00,814.8
2019-08-12 23:30:00,805.44
2019-08-12 23:45:00,796.72
2019-08-13 00:00:00,781.04
2019-08-13 00:15:00,772.32
2019-08-13 00:30:00,765.36
2019-08-13 00:45:00,764.56
2019-08-13 01:00:00,757.84
2019-08-13 01:15:00,755.52
2019-08-13 01:30:00,756.48
2019-08-13 01:45:00,757.36
2019-08-13 02:00:00,754.0
2019-08-13 02:15:00,756.64
2019-08-13 02:30:00,757.92
2019-08-13 02:45:00,757.2
2019-08-13 03:00:00,765.04
2019-08-13 03:15:00,773.6
2019-08-13 03:30:00,781.12
2019-08-13 03:45:00,793.84
2019-08-13 04:00:00,820.96
2019-08-13 04:15:00,839.52
2019-08-13 04:30:00,853.84
2019-08-13 04:45:00,882.72
2019-08-13 05:00:00,941.2
2019-08-13 05:15:00,980.24
2019-08-13 05:30:00,1003.84
2019-08-13 05:45:00,1026.32
2019-08-13 06:00:00,1061.6
2019-08-13 06:15:00,1080.8
2019-08-13 06:30:00,1101.6
2019-08-13 06:45:00,1119.92
2019-08-13 07:00:00,1140.96
2019-08-13 07:15:00,1152.08
2019-08-13 07:30:00,1163.2
2019-08-13 07:45:00,1170.72
2019-08-13 08:00:00,1169.28
2019-08-13 08:15:00,1172.0
2019-08-13 08:30:00,1186.48
2019-08-13 08:45:00,1198.4
2019-08-13 09:00:00,1207.12
2019-08-13 09:15:00,1211.76
2019-08-13 09:30:00,1216.8
2019-08-13 09:45:00,1230.72
2019-08-13 10:00:00,1240.56
2019-08-13 10:15:00,1248.8
2019-08-13 10:30:00,1254.32
2019-08-13 10:45:00,1255.68
2019-08-13 11:00:00,1238.4
2019-08-13 11:15:00,1234.24
2019-08-13 11:30:00,1232.4
2019-08-13 11:45:00,1226.48
2019-08-13 12:00:00,1210.16
2019-08-13 12:15:00,1198.32
2019-08-13 12:30:00,1190.08
2019-08-13 12:45:00,1174.8
2019-08-13 13:00:00,1173.84
2019-08-13 13:15:00,1179.84
2019-08-13 13:30:00,1174.96
2019-08-13 13:45:00,1169.52
2019-08-13 14:00:00,1172.64
2019-08-13 14:15:00,1167.68
2019-08-13 14:30:00,1152.0
2019-08-13 14:45:00,1143.76
2019-08-13 15:00:00,1138.0
2019-08-13 15:15:00,1136.08
2019-08-13 15:30:00,1126.64
2019-08-13 15:45:00,1118.08
2019-08-13 16:00:00,1119.2
2019-08-13 16:15:00,1116.56
2019-08-13 16:30:00,1122.64
2019-08-13 16:45:00,1116.72
2019-08-13 17:00:00,1107.04
2019-08-13 17:15:00,1107.2
2019-08-13 17:30:00,1114.88
2019-08-13 17:45:00,1122.24
2019-08-13 18:00:00,1112.32
2019-08-13 18:15:00,1096.96
2019-08-13 18:30:00,1087.68
2019-08-13 18:45:00,1073.36
2019-08-13 19:00:00,1057.92
2019-08-13 19:15:00,1046.0
2019-08-13 19:30:00,1038.16
2019-08-13 19:45:00,1043.92
2019-08-13 20:00:00,1043.76
2019-08-13 20:15:00,1038.4
2019-08-13 20:30:00,1019.52
2019-08-13 20:45:00,1000.64
2019-08-13 21:00:00,981.12
2019-08-13 21:15:00,956.24
2019-08-13 21:30:00,932.0
2019-08-13 21:45:00,910.8
2019-08-13 22:00:00,887.36
2019-08-13 22:15:00,869.92
2019-08-13 22:30:00,860.4
2019-08-13 22:45:00,847.36
2019-08-13 23:00:00,830.48
2019-08-13 23:15:00,820.24
2019-08-13 23:30:00,814.4
2019-08-13 23:45:00,807.52
2019-08-14 00:00:00,795.44
2019-08-14 00:15:00,783.12
2019-08-14 00:30:00,775.52
2019-08-14 00:45:00,774.24
2019-08-14 01:00:00,768.56
2019-08-14 01:15:00,758.16
2019-08-14 01:30:00,761.28
2019-08-14 01:45:00,767.68
2019-08-14 02:00:00,771.36
2019-08-14 02:15:00,767.36
2019-08-14 02:30:00,767.36
2019-08-14 02:45:00,771.68
2019-08-14 03:00:00,778.56
2019-08-14 03:15:00,785.04
2019-08-14 03:30:00,790.48
2019-08-14 03:45:00,799.76
2019-08-14 04:00:00,827.04
2019-08-14 04:15:00,836.96
2019-08-14 04:30:00,851.92
2019-08-14 04:45:00,876.32
2019-08-14 05:00:00,932.16
2019-08-14 05:15:00,960.72
2019-08-14 05:30:00,989.2
2019-08-14 05:45:00,1017.44
2019-08-14 06:00:00,1052.0
2019-08-14 06:15:00,1073.12
2019-08-14 06:30:00,1090.88
2019-08-14 06:45:00,1108.4
2019-08-14 07:00:00,1121.28
2019-08-14 07:15:00,1132.32
2019-08-14 07:30:00,1135.92
2019-08-14 07:45:00,1141.76
2019-08-14 08:00:00,1144.08
2019-08-14 08:15:00,1151.04
2019-08-14 08:30:00,1158.56
2019-08-14 08:45:00,1166.88
2019-08-14 09:00:00,1166.8
2019-08-14 09:15:00,1172.64
2019-08-14 09:30:00,1180.88
2019-08-14 09:45:00,1191.68
2019-08-14 10:00:00,1201.6
2019-08-14 10:15:00,1213.52
2019-08-14 10:30:00,1216.24
2019-08-14 10:45:00,1217.44
2019-08-14 11:00:00,1205.84
2019-08-14 11:15:00,1200.88
2019-08-14 11:30:00,1197.92
2019-08-14 11:45:00,1189.76
2019-08-14 12:00:00,1193.04
2019-08-14 12:15:00,1190.0
2019-08-14 12:30:00,1180.24
2019-08-14 12:45:00,1167.84
2019-08-14 13:00:00,1160.08
2019-08-14 13:15:00,1158.64
2019-08-14 13:30:00,1153.6
2019-08-14 13:45:00,1146.8
2019-08-14 14:00:00,1149.12
2019-08-14 14:15:00,1135.92
2019-08-14 14:30:00,1126.96
2019-08-14 14:45:00,1116.16
2019-08-14 15:00:00,1107.04
2019-08-14 15:15:00,1101.52
2019-08-14 15:30:00,1093.44
2019-08-14 15:45:00,1090.08
2019-08-14 16:00:00,1090.72
2019-08-14 16:15:00,1090.56
2019-08-14 16:30:00,1092.08
2019-08-14 16:45:00,1089.6
2019-08-14 17:00:00,1088.56
2019-08-14 17:15:00,1083.68
2019-08-14 17:30:00,1083.12
2019-08-14 17:45:00,1084.16
2019-08-14 18:00:00,1081.92
2019-08-14 18:15:00,1075.2
2019-08-14 18:30:00,1072.32
2019-08-14 18:45:00,1062.24
2019-08-14 19:00:00,1052.4
2019-08-14 19:15:00,1036.4
2019-08-14 19:30:00,1025.44
2019-08-14 19:45:00,1019.68
2019-08-14 20:00:00,1026.4
2019-08-14 20:15:00,1016.24
2019-08-14 20:30:00,997.44
2019-08-14 20:45:00,978.08
2019-08-14 21:00:00,957.92
2019-08-14 21:15:00,934.88
2019-08-14 21:30:00,914.0
2019-08-14 21:45:00,892.0
2019-08-14 22:00:00,866.24
2019-08-14 22:15:00,852.24
2019-08-14 22:30:00,831.44
2019-08-14 22:45:00,820.24
2019-08-14 23:00:00,804.48
2019-08-14 23:15:00,798.16
2019-08-14 23:30:00,785.04
2019-08-14 23:45:00,771.76
2019-08-15 00:00:00,765.36
2019-08-15 00:15:00,758.16
2019-08-15 00:30:00,751.52
2019-08-15 00:45:00,753.68
2019-08-15 01:00:00,748.72
2019-08-15 01:15:00,745.92
2019-08-15 01:30:00,744.64
2019-08-15 01:45:00,751.36
2019-08-15 02:00:00,753.04
2019-08-15 02:15:00,752.56
2019-08-15 02:30:00,751.36
2019-08-15 02:45:00,759.28
2019-08-15 03:00:00,766.48
2019-08-15 03:15:00,774.72
2019-08-15 03:30:00,782.48
2019-08-15 03:45:00,791.84
2019-08-15 04:00:00,814.08
2019-08-15 04:15:00,827.28
2019-08-15 04:30:00,846.96
2019-08-15 04:45:00,874.88
2019-08-15 05:00:00,920.16
2019-08-15 05:15:00,945.6
2019-08-15 05:30:00,962.72
2019-08-15 05:45:00,986.4
2019-08-15 06:00:00,1013.68
2019-08-15 06:15:00,1030.0
2019-08-15 06:30:00,1049.84
2019-08-15 06:45:00,1065.36
2019-08-15 07:00:00,1085.92
2019-08-15 07:15:00,1102.08
2019-08-15 07:30:00,1123.6
2019-08-15 07:45:00,1135.68
2019-08-15 08:00:00,1141.28
2019-08-15 08:15:00,1145.36
2019-08-15 08:30:00,1156.8
2019-08-15 08:45:00,1164.08
2019-08-15 09:00:00,1171.36
2019-08-15 09:15:00,1178.72
2019-08-15 09:30:00,1189.84
2019-08-15 09:45:00,1195.2
2019-08-15 10:00:00,1206.72
2019-08-15 10:15:00,1218.64
2019-08-15 10:30:00,1222.8
2019-08-15 10:45:00,1224.72
2019-08-15 11:00:00,1214.88
2019-08-15 11:15:00,1216.08
2019-08-15 11:30:00,1214.32
2019-08-15 11:45:00,1216.64
2019-08-15 12:00:00,1214.88
2019-08-15 12:15:00,1205.28
2019-08-15 12:30:00,1196.56
2019-08-15 12:45:00,1192.48
2019-08-15 13:00:00,1189.28
2019-08-15 13:15:00,1179.28
2019-08-15 13:30:00,1186.0
2019-08-15 13:45:00,1182.48
2019-08-15 14:00:00,1181.12
2019-08-15 14:15:00,1172.56
2019-08-15 14:30:00,1168.56
2019-08-15 14:45:00,1168.88
2019-08-15 15:00:00,1167.6
2019-08-15 15:15:00,1159.84
2019-08-15 15:30:00,1152.16
2019-08-15 15:45:00,1152.08
2019-08-15 16:00:00,1137.28
2019-08-15 16:15:00,1135.52
2019-08-15 16:30:00,1144.08
2019-08-15 16:45:00,1143.44
2019-08-15 17:00:00,1144.24
2019-08-15 17:15:00,1134.16
2019-08-15 17:30:00,1121.52
2019-08-15 17:45:00,1123.36
2019-08-15 18:00:00,1112.8
2019-08-15 18:15:00,1100.16
2019-08-15 18:30:00,1092.16
2019-08-15 18:45:00,1080.8
2019-08-15 19:00:00,1073.12
2019-08-15 19:15:00,1054.4
2019-08-15 19:30:00,1045.12
2019-08-15 19:45:00,1039.68
2019-08-15 20:00:00,1022.8
2019-08-15 20:15:00,1005.52
2019-08-15 20:30:00,990.56
2019-08-15 20:45:00,972.16
2019-08-15 21:00:00,948.32
2019-08-15 21:15:00,929.2
2019-08-15 21:30:00,909.04
2019-08-15 21:45:00,893.92
2019-08-15 22:00:00,870.16
2019-08-15 22:15:00,862.72
2019-08-15 22:30:00,850.48
2019-08-15 22:45:00,838.96
2019-08-15 23:00:00,819.28
2019-08-15 23:15:00,809.92
2019-08-15 23:30:00,797.52
2019-08-15 23:45:00,792.88
2019-08-16 00:00:00,781.04
2019-08-16 00:15:00,776.08
2019-08-16 00:30:00,775.52
2019-08-16 00:45:00,769.84
2019-08-16 01:00:00,763.28
2019-08-16 01:15:00,763.52
2019-08-16 01:30:00,760.56
2019-08-16 01:45:00,763.68
2019-08-16 02:00:00,763.28
2019-08-16 02:15:00,765.2
2019-08-16 02:30:00,760.48
2019-08-16 02:45:00,761.84
2019-08-16 03:00:00,770.24
2019-08-16 03:15:00,776.56
2019-08-16 03:30:00,781.52
2019-08-16 03:45:00,794.64
2019-08-16 04:00:00,817.04
2019-08-16 04:15:00,828.72
2019-08-16 04:30:00,843.36
2019-08-16 04:45:00,863.84
2019-08-16 05:00:00,915.2
2019-08-16 05:15:00,947.68
2019-08-16 05:30:00,968.08
2019-08-16 05:45:00,994.24
2019-08-16 06:00:00,1027.68
2019-08-16 06:15:00,1049.44
2019-08-16 06:30:00,1060.32
2019-08-16 06:45:00,1080.16
2019-08-16 07:00:00,1097.44
2019-08-16 07:15:00,1110.48
2019-08-16 07:30:00,1121.2
2019-08-16 07:45:00,1127.04
2019-08-16 08:00:00,1126.08
2019-08-16 08:15:00,1134.56
2019-08-16 08:30:00,1148.64
2019-08-16 08:45:00,1158.56
2019-08-16 09:00:00,1166.48
2019-08-16 09:15:00,1176.72
2019-08-16 09:30:00,1178.72
2019-08-16 09:45:00,1183.36
2019-08-16 10:00:00,1184.96
2019-08-16 10:15:00,1189.6
2019-08-16 10:30:00,1193.2
2019-08-16 10:45:00,1195.68
2019-08-16 11:00:00,1181.52
2019-08-16 11:15:00,1175.76
2019-08-16 11:30:00,1169.04
2019-08-16 11:45:00,1162.72
2019-08-16 12:00:00,1153.36
2019-08-16 12:15:00,1149.76
2019-08-16 12:30:00,1146.72
2019-08-16 12:45:00,1130.08
2019-08-16 13:00:00,1124.08
2019-08-16 13:15:00,1117.44
2019-08-16 13:30:00,1105.84
2019-08-16 13:45:00,1091.6
2019-08-16 14:00:00,1084.32
2019-08-16 14:15:00,1077.44
2019-08-16 14:30:00,1072.08
2019-08-16 14:45:00,1065.6
2019-08-16 15:00:00,1066.8
2019-08-16 15:15:00,1057.28
2019-08-16 15:30:00,1050.72
2019-08-16 15:45:00,1045.36
2019-08-16 16:00:00,1050.48
2019-08-16 16:15:00,1050.72
2019-08-16 16:30:00,1044.4
2019-08-16 16:45:00,1041.76
2019-08-16 17:00:00,1035.36
2019-08-16 17:15:00,1034.08
2019-08-16 17:30:00,1032.24
2019-08-16 17:45:00,1033.92
2019-08-16 18:00:00,1028.4
2019-08-16 18:15:00,1015.44
2019-08-16 18:30:00,1013.04
2019-08-16 18:45:00,1010.32
2019-08-16 19:00:00,997.84
2019-08-16 19:15:00,980.56
2019-08-16 19:30:00,971.84
2019-08-16 19:45:00,970.72
2019-08-16 20:00:00,972.48
2019-08-16 20:15:00,964.88
2019-08-16 20:30:00,950.64
2019-08-16 20:45:00,924.96
2019-08-16 21:00:00,906.32
2019-08-16 21:15:00,888.32
2019-08-16 21:30:00,871.12
2019-08-16 21:45:00,851.36
2019-08-16 22:00:00,831.12
2019-08-16 22:15:00,816.56
2019-08-16 22:30:00,804.64
2019-08-16 22:45:00,797.6
2019-08-16 23:00:00,786.48
2019-08-16 23:15:00,775.28
2019-08-16 23:30:00,769.12
2019-08-16 23:45:00,758.4
2019-08-17 00:00:00,747.68
2019-08-17 00:15:00,741.76
2019-08-17 00:30:00,740.16
2019-08-17 00:45:00,733.92
2019-08-17 01:00:00,728.4
2019-08-17 01:15:00,726.0
2019-08-17 01:30:00,721.92
2019-08-17 01:45:00,727.6
2019-08-17 02:00:00,720.64
2019-08-17 02:15:00,719.92
2019-08-17 02:30:00,723.28
2019-08-17 02:45:00,720.0
2019-08-17 03:00:00,719.04
2019-08-17 03:15:00,718.72
2019-08-17 03:30:00,722.0
2019-08-17 03:45:00,728.08
2019-08-17 04:00:00,743.84
2019-08-17 04:15:00,743.44
2019-08-17 04:30:00,745.2
2019-08-17 04:45:00,750.56
2019-08-17 05:00:00,763.52
2019-08-17 05:15:00,762.4
2019-08-17 05:30:00,771.68
2019-08-17 05:45:00,783.6
2019-08-17 06:00:00,810.56
2019-08-17 06:15:00,821.12
2019-08-17 06:30:00,836.48
2019-08-17 06:45:00,846.8
2019-08-17 07:00:00,866.64
2019-08-17 07:15:00,885.68
2019-08-17 07:30:00,903.04
2019-08-17 07:45:00,918.0
2019-08-17 08:00:00,930.96
2019-08-17 08:15:00,942.96
2019-08-17 08:30:00,953.76
2019-08-17 08:45:00,964.8
2019-08-17 09:00:00,970.72
2019-08-17 09:15:00,980.16
2019-08-17 09:30:00,981.76
2019-08-17 09:45:00,988.64
2019-08-17 10:00:00,993.76
2019-08-17 10:15:00,1005.28
2019-08-17 10:30:00,1015.2
2019-08-17 10:45:00,1014.88
2019-08-17 11:00:00,1006.08
2019-08-17 11:15:00,999.68
2019-08-17 11:30:00,996.8
2019-08-17 11:45:00,992.96
2019-08-17 12:00:00,980.32
2019-08-17 12:15:00,976.32
2019-08-17 12:30:00,966.48
2019-08-17 12:45:00,959.04
2019-08-17 13:00:00,959.92
2019-08-17 13:15:00,963.12
2019-08-17 13:30:00,962.08
2019-08-17 13:45:00,956.24
2019-08-17 14:00:00,950.96
2019-08-17 14:15:00,948.72
2019-08-17 14:30:00,939.2
2019-08-17 14:45:00,934.64
2019-08-17 15:00:00,932.88
2019-08-17 15:15:00,927.52
2019-08-17 15:30:00,923.44
2019-08-17 15:45:00,921.76
2019-08-17 16:00:00,932.08
2019-08-17 16:15:00,934.32
2019-08-17 16:30:00,925.2
2019-08-17 16:45:00,926.16
2019-08-17 17:00:00,923.36
2019-08-17 17:15:00,920.4
2019-08-17 17:30:00,917.2
2019-08-17 17:45:00,910.16
2019-08-17 18:00:00,913.44
2019-08-17 18:15:00,900.08
2019-08-17 18:30:00,893.2
2019-08-17 18:45:00,884.64
2019-08-17 19:00:00,879.44
2019-08-17 19:15:00,864.96
2019-08-17 19:30:00,864.48
2019-08-17 19:45:00,866.88
2019-08-17 20:00:00,864.16
2019-08-17 20:15:00,854.88
2019-08-17 20:30:00,842.4
2019-08-17 20:45:00,831.28
2019-08-17 21:00:00,823.12
2019-08-17 21:15:00,809.36
2019-08-17 21:30:00,790.96
2019-08-17 21:45:00,782.64
2019-08-17 22:00:00,767.36
2019-08-17 22:15:00,752.48
2019-08-17 22:30:00,737.52
2019-08-17 22:45:00,731.12
2019-08-17 23:00:00,716.08
2019-08-17 23:15:00,701.68
2019-08-17 23:30:00,688.64
2019-08-17 23:45:00,674.0
2019-08-18 00:00:00,664.72
2019-08-18 00:15:00,657.6
2019-08-18 00:30:00,650.24
2019-08-18 00:45:00,645.92
2019-08-18 01:00:00,644.0
2019-08-18 01:15:00,640.56
2019-08-18 01:30:00,635.2
2019-08-18 01:45:00,630.48
2019-08-18 02:00:00,626.0
2019-08-18 02:15:00,620.16
2019-08-18 02:30:00,620.16
2019-08-18 02:45:00,619.2
2019-08-18 03:00:00,620.88
2019-08-18 03:15:00,615.44
2019-08-18 03:30:00,622.48
2019-08-18 03:45:00,631.04
2019-08-18 04:00:00,636.72
2019-08-18 04:15:00,638.32
2019-08-18 04:30:00,638.88
2019-08-18 04:45:00,645.84
2019-08-18 05:00:00,648.72
2019-08-18 05:15:00,649.2
2019-08-18 05:30:00,650.0
2019-08-18 05:45:00,657.52
2019-08-18 06:00:00,664.4
2019-08-18 06:15:00,679.36
2019-08-18 06:30:00,691.28
2019-08-18 06:45:00,707.6
2019-08-18 07:00:00,724.64
2019-08-18 07:15:00,742.24
2019-08-18 07:30:00,756.24
2019-08-18 07:45:00,770.48
2019-08-18 08:00:00,783.52
2019-08-18 08:15:00,796.24
2019-08-18 08:30:00,809.84
2019-08-18 08:45:00,828.32
2019-08-18 09:00:00,845.92
2019-08-18 09:15:00,854.56
2019-08-18 09:30:00,864.32
2019-08-18 09:45:00,867.6
2019-08-18 10:00:00,884.16
2019-08-18 10:15:00,898.24
2019-08-18 10:30:00,912.64
2019-08-18 10:45:00,911.44
2019-08-18 11:00:00,911.84
2019-08-18 11:15:00,910.24
2019-08-18 11:30:00,906.64
2019-08-18 11:45:00,904.08
2019-08-18 12:00:00,894.08
2019-08-18 12:15:00,885.04
2019-08-18 12:30:00,878.56
2019-08-18 12:45:00,876.96
2019-08-18 13:00:00,870.56
2019-08-18 13:15:00,867.52
2019-08-18 13:30:00,863.12
2019-08-18 13:45:00,860.48
2019-08-18 14:00:00,858.48
2019-08-18 14:15:00,849.04
2019-08-18 14:30:00,847.92
2019-08-18 14:45:00,846.96
2019-08-18 15:00:00,845.6
2019-08-18 15:15:00,839.2
2019-08-18 15:30:00,844.56
2019-08-18 15:45:00,847.04
2019-08-18 16:00:00,852.4
2019-08-18 16:15:00,852.0
2019-08-18 16:30:00,844.48
2019-08-18 16:45:00,847.36
2019-08-18 17:00:00,862.72
2019-08-18 17:15:00,870.4
2019-08-18 17:30:00,864.48
2019-08-18 17:45:00,868.4
2019-08-18 18:00:00,864.48
2019-08-18 18:15:00,856.0
2019-08-18 18:30:00,854.56
2019-08-18 18:45:00,851.44
2019-08-18 19:00:00,851.92
2019-08-18 19:15:00,850.32
2019-08-18 19:30:00,860.96
2019-08-18 19:45:00,868.88
2019-08-18 20:00:00,877.92
2019-08-18 20:15:00,870.32
2019-08-18 20:30:00,864.88
2019-08-18 20:45:00,862.32
2019-08-18 21:00:00,867.52
2019-08-18 21:15:00,849.6
2019-08-18 21:30:00,833.6
2019-08-18 21:45:00,816.88
2019-08-18 22:00:00,793.44
2019-08-18 22:15:00,773.92
2019-08-18 22:30:00,762.48
2019-08-18 22:45:00,757.28
2019-08-18 23:00:00,753.44
2019-08-18 23:15:00,743.52
2019-08-18 23:30:00,738.32
2019-08-18 23:45:00,730.64
2019-08-19 00:00:00,719.12
2019-08-19 00:15:00,715.28
2019-08-19 00:30:00,709.6
2019-08-19 00:45:00,702.48
2019-08-19 01:00:00,696.64
2019-08-19 01:15:00,697.12
2019-08-19 01:30:00,698.96
2019-08-19 01:45:00,696.4
2019-08-19 02:00:00,697.36
2019-08-19 02:15:00,698.0
2019-08-19 02:30:00,700.24
2019-08-19 02:45:00,707.68
2019-08-19 03:00:00,716.48
2019-08-19 03:15:00,721.52
2019-08-19 03:30:00,730.64
2019-08-19 03:45:00,742.24
2019-08-19 04:00:00,776.8
2019-08-19 04:15:00,799.68
2019-08-19 04:30:00,820.48
2019-08-19 04:45:00,853.04
2019-08-19 05:00:00,910.96
2019-08-19 05:15:00,951.44
2019-08-19 05:30:00,983.68
2019-08-19 05:45:00,1011.52
2019-08-19 06:00:00,1047.36
2019-08-19 06:15:00,1073.6
2019-08-19 06:30:00,1091.84
2019-08-19 06:45:00,1111.84
2019-08-19 07:00:00,1137.84
2019-08-19 07:15:00,1153.2
2019-08-19 07:30:00,1161.52
2019-08-19 07:45:00,1170.24
2019-08-19 08:00:00,1171.04
2019-08-19 08:15:00,1183.28
2019-08-19 08:30:00,1199.36
2019-08-19 08:45:00,1210.8
2019-08-19 09:00:00,1211.44
2019-08-19 09:15:00,1222.64
2019-08-19 09:30:00,1234.72
2019-08-19 09:45:00,1245.52
2019-08-19 10:00:00,1240.16
2019-08-19 10:15:00,1246.96
2019-08-19 10:30:00,1249.52
2019-08-19 10:45:00,1254.56
2019-08-19 11:00:00,1249.76
2019-08-19 11:15:00,1251.2
2019-08-19 11:30:00,1254.72
2019-08-19 11:45:00,1253.92
2019-08-19 12:00:00,1243.04
2019-08-19 12:15:00,1240.08
2019-08-19 12:30:00,1232.64
2019-08-19 12:45:00,1221.36
2019-08-19 13:00:00,1210.64
2019-08-19 13:15:00,1203.36
2019-08-19 13:30:00,1200.88
2019-08-19 13:45:00,1190.88
2019-08-19 14:00:00,1186.24
2019-08-19 14:15:00,1177.68
2019-08-19 14:30:00,1169.84
2019-08-19 14:45:00,1154.48
2019-08-19 15:00:00,1145.2
2019-08-19 15:15:00,1133.52
2019-08-19 15:30:00,1124.72
2019-08-19 15:45:00,1119.52
2019-08-19 16:00:00,1119.68
2019-08-19 16:15:00,1118.24
2019-08-19 16:30:00,1113.28
2019-08-19 16:45:00,1114.48
2019-08-19 17:00:00,1117.92
2019-08-19 17:15:00,1122.64
2019-08-19 17:30:00,1112.16
2019-08-19 17:45:00,1116.88
2019-08-19 18:00:00,1111.2
2019-08-19 18:15:00,1099.2
2019-08-19 18:30:00,1090.88
2019-08-19 18:45:00,1079.04
2019-08-19 19:00:00,1073.12
2019-08-19 19:15:00,1063.04
2019-08-19 19:30:00,1055.92
2019-08-19 19:45:00,1059.36
2019-08-19 20:00:00,1054.64
2019-08-19 20:15:00,1039.44
2019-08-19 20:30:00,1015.36
2019-08-19 20:45:00,995.04
2019-08-19 21:00:00,968.56
2019-08-19 21:15:00,944.96
2019-08-19 21:30:00,923.04
2019-08-19 21:45:00,900.16
2019-08-19 22:00:00,871.36
2019-08-19 22:15:00,856.72
2019-08-19 22:30:00,839.52
2019-08-19 22:45:00,824.8
2019-08-19 23:00:00,819.6
2019-08-19 23:15:00,809.12
2019-08-19 23:30:00,801.84
2019-08-19 23:45:00,792.32
2019-08-20 00:00:00,785.28
2019-08-20 00:15:00,780.0
2019-08-20 00:30:00,778.56
2019-08-20 00:45:00,772.4
2019-08-20 01:00:00,762.32
2019-08-20 01:15:00,759.68
2019-08-20 01:30:00,764.8
2019-08-20 01:45:00,765.44
2019-08-20 02:00:00,764.88
2019-08-20 02:15:00,762.0
2019-08-20 02:30:00,763.84
2019-08-20 02:45:00,768.4
2019-08-20 03:00:00,777.36
2019-08-20 03:15:00,781.28
2019-08-20 03:30:00,789.68
2019-08-20 03:45:00,796.72
2019-08-20 04:00:00,824.08
2019-08-20 04:15:00,840.4
2019-08-20 04:30:00,850.48
2019-08-20 04:45:00,883.36
2019-08-20 05:00:00,936.56
2019-08-20 05:15:00,970.0
2019-08-20 05:30:00,992.64
2019-08-20 05:45:00,1020.48
2019-08-20 06:00:00,1049.6
2019-08-20 06:15:00,1064.4
2019-08-20 06:30:00,1083.28
2019-08-20 06:45:00,1101.12
2019-08-20 07:00:00,1125.44
2019-08-20 07:15:00,1132.64
2019-08-20 07:30:00,1145.2
2019-08-20 07:45:00,1148.32
2019-08-20 08:00:00,1144.72
2019-08-20 08:15:00,1159.84
2019-08-20 08:30:00,1172.32
2019-08-20 08:45:00,1184.8
2019-08-20 09:00:00,1191.84
2019-08-20 09:15:00,1196.8
2019-08-20 09:30:00,1199.12
2019-08-20 09:45:00,1212.56
2019-08-20 10:00:00,1218.96
2019-08-20 10:15:00,1225.36
2019-08-20 10:30:00,1234.64
2019-08-20 10:45:00,1233.68
2019-08-20 11:00:00,1216.72
2019-08-20 11:15:00,1206.8
2019-08-20 11:30:00,1205.44
2019-08-20 11:45:00,1203.2
2019-08-20 12:00:00,1201.44
2019-08-20 12:15:00,1196.56
2019-08-20 12:30:00,1191.76
2019-08-20 12:45:00,1185.2
2019-08-20 13:00:00,1178.64
2019-08-20 13:15:00,1174.4
2019-08-20 13:30:00,1171.84
2019-08-20 13:45:00,1167.84
2019-08-20 14:00:00,1165.36
2019-08-20 14:15:00,1151.36
2019-08-20 14:30:00,1144.32
2019-08-20 14:45:00,1137.04
2019-08-20 15:00:00,1131.2
2019-08-20 15:15:00,1125.36
2019-08-20 15:30:00,1122.72
2019-08-20 15:45:00,1120.4
2019-08-20 16:00:00,1124.4
2019-08-20 16:15:00,1117.52
2019-08-20 16:30:00,1120.48
2019-08-20 16:45:00,1118.88
2019-08-20 17:00:00,1114.96
2019-08-20 17:15:00,1111.84
2019-08-20 17:30:00,1113.52
2019-08-20 17:45:00,1115.2
2019-08-20 18:00:00,1111.52
2019-08-20 18:15:00,1098.16
2019-08-20 18:30:00,1094.72
2019-08-20 18:45:00,1087.6
2019-08-20 19:00:00,1076.8
2019-08-20 19:15:00,1064.56
2019-08-20 19:30:00,1061.92
2019-08-20 19:45:00,1060.8
2019-08-20 20:00:00,1049.2
2019-08-20 20:15:00,1031.36
2019-08-20 20:30:00,1016.8
2019-08-20 20:45:00,992.0
2019-08-20 21:00:00,965.36
2019-08-20 21:15:00,944.4
2019-08-20 21:30:00,921.12
2019-08-20 21:45:00,905.2
2019-08-20 22:00:00,876.24
2019-08-20 22:15:00,861.28
2019-08-20 22:30:00,847.76
2019-08-20 22:45:00,836.56
2019-08-20 23:00:00,817.6
2019-08-20 23:15:00,807.84
2019-08-20 23:30:00,798.8
2019-08-20 23:45:00,786.96
2019-08-21 00:00:00,781.68
2019-08-21 00:15:00,774.8
2019-08-21 00:30:00,769.68
2019-08-21 00:45:00,761.2
2019-08-21 01:00:00,753.44
2019-08-21 01:15:00,754.56
2019-08-21 01:30:00,754.16
2019-08-21 01:45:00,753.2
2019-08-21 02:00:00,749.68
2019-08-21 02:15:00,755.28
2019-08-21 02:30:00,759.04
2019-08-21 02:45:00,761.92
2019-08-21 03:00:00,764.48
2019-08-21 03:15:00,770.48
2019-08-21 03:30:00,782.48
2019-08-21 03:45:00,790.88
2019-08-21 04:00:00,815.6
2019-08-21 04:15:00,835.44
2019-08-21 04:30:00,858.56
2019-08-21 04:45:00,880.4
2019-08-21 05:00:00,933.2
2019-08-21 05:15:00,966.96
2019-08-21 05:30:00,999.04
2019-08-21 05:45:00,1021.68
2019-08-21 06:00:00,1055.2
2019-08-21 06:15:00,1078.64
2019-08-21 06:30:00,1097.04
2019-08-21 06:45:00,1111.6
2019-08-21 07:00:00,1094.64
2019-08-21 07:15:00,1135.84
2019-08-21 07:30:00,1141.84
2019-08-21 07:45:00,1146.24
2019-08-21 08:00:00,1144.48
2019-08-21 08:15:00,1151.28
2019-08-21 08:30:00,1157.2
2019-08-21 08:45:00,1167.6
2019-08-21 09:00:00,1172.0
2019-08-21 09:15:00,1173.76
2019-08-21 09:30:00,1186.16
2019-08-21 09:45:00,1189.36
2019-08-21 10:00:00,1195.84
2019-08-21 10:15:00,1207.68
2019-08-21 10:30:00,1209.2
2019-08-21 10:45:00,1214.72
2019-08-21 11:00:00,1206.0
2019-08-21 11:15:00,1203.76
2019-08-21 11:30:00,1198.48
2019-08-21 11:45:00,1200.48
2019-08-21 12:00:00,1202.16
2019-08-21 12:15:00,1194.16
2019-08-21 12:30:00,1186.88
2019-08-21 12:45:00,1168.48
2019-08-21 13:00:00,1163.28
2019-08-21 13:15:00,1164.16
2019-08-21 13:30:00,1154.32
2019-08-21 13:45:00,1153.28
2019-08-21 14:00:00,1149.84
2019-08-21 14:15:00,1143.12
2019-08-21 14:30:00,1131.2
2019-08-21 14:45:00,1121.04
2019-08-21 15:00:00,1118.0
2019-08-21 15:15:00,1106.24
2019-08-21 15:30:00,1104.96
2019-08-21 15:45:00,1102.4
2019-08-21 16:00:00,1104.08
2019-08-21 16:15:00,1098.88
2019-08-21 16:30:00,1091.28
2019-08-21 16:45:00,1094.0
2019-08-21 17:00:00,1091.12
2019-08-21 17:15:00,1090.72
2019-08-21 17:30:00,1087.76
2019-08-21 17:45:00,1082.08
2019-08-21 18:00:00,1085.12
2019-08-21 18:15:00,1074.72
2019-08-21 18:30:00,1068.32
2019-08-21 18:45:00,1063.36
2019-08-21 19:00:00,1053.2
2019-08-21 19:15:00,1049.76
2019-08-21 19:30:00,1048.08
2019-08-21 19:45:00,1049.04
2019-08-21 20:00:00,1048.08
2019-08-21 20:15:00,1029.84
2019-08-21 20:30:00,1008.4
2019-08-21 20:45:00,985.6
2019-08-21 21:00:00,953.2
2019-08-21 21:15:00,930.88
2019-08-21 21:30:00,905.04
2019-08-21 21:45:00,889.6
2019-08-21 22:00:00,866.72
2019-08-21 22:15:00,847.04
2019-08-21 22:30:00,832.08
2019-08-21 22:45:00,822.88
2019-08-21 23:00:00,805.6
2019-08-21 23:15:00,790.88
2019-08-21 23:30:00,789.76
2019-08-21 23:45:00,786.16
2019-08-22 00:00:00,774.64
2019-08-22 00:15:00,769.12
2019-08-22 00:30:00,760.64
2019-08-22 00:45:00,757.68
2019-08-22 01:00:00,746.32
2019-08-22 01:15:00,743.76
2019-08-22 01:30:00,744.96
2019-08-22 01:45:00,746.08
2019-08-22 02:00:00,749.36
2019-08-22 02:15:00,747.2
2019-08-22 02:30:00,745.92
2019-08-22 02:45:00,751.68
2019-08-22 03:00:00,760.48
2019-08-22 03:15:00,766.16
2019-08-22 03:30:00,774.08
2019-08-22 03:45:00,783.84
2019-08-22 04:00:00,814.32
2019-08-22 04:15:00,832.48
2019-08-22 04:30:00,850.4
2019-08-22 04:45:00,879.44
2019-08-22 05:00:00,933.6
2019-08-22 05:15:00,964.56
2019-08-22 05:30:00,988.56
2019-08-22 05:45:00,1011.6
2019-08-22 06:00:00,1041.68
2019-08-22 06:15:00,1066.24
2019-08-22 06:30:00,1082.24
2019-08-22 06:45:00,1098.0
2019-08-22 07:00:00,1116.0
2019-08-22 07:15:00,1123.04
2019-08-22 07:30:00,1132.08
2019-08-22 07:45:00,1137.04
2019-08-22 08:00:00,1136.64
2019-08-22 08:15:00,1145.2
2019-08-22 08:30:00,1156.08
2019-08-22 08:45:00,1165.84
2019-08-22 09:00:00,1169.44
2019-08-22 09:15:00,1171.6
2019-08-22 09:30:00,1181.36
2019-08-22 09:45:00,1190.56
2019-08-22 10:00:00,1202.0
2019-08-22 10:15:00,1204.56
2019-08-22 10:30:00,1206.8
2019-08-22 10:45:00,1208.8
2019-08-22 11:00:00,1198.8
2019-08-22 11:15:00,1200.0
2019-08-22 11:30:00,1194.4
2019-08-22 11:45:00,1195.04
2019-08-22 12:00:00,1192.96
2019-08-22 12:15:00,1189.04
2019-08-22 12:30:00,1186.56
2019-08-22 12:45:00,1176.16
2019-08-22 13:00:00,1171.68
2019-08-22 13:15:00,1165.68
2019-08-22 13:30:00,1156.8
2019-08-22 13:45:00,1154.56
2019-08-22 14:00:00,1160.08
2019-08-22 14:15:00,1153.6
2019-08-22 14:30:00,1137.2
2019-08-22 14:45:00,1124.48
2019-08-22 15:00:00,1129.6
2019-08-22 15:15:00,1121.12
2019-08-22 15:30:00,1112.96
2019-08-22 15:45:00,1113.92
2019-08-22 16:00:00,1116.08
2019-08-22 16:15:00,1109.92
2019-08-22 16:30:00,1108.72
2019-08-22 16:45:00,1108.16
2019-08-22 17:00:00,1107.68
2019-08-22 17:15:00,1100.56
2019-08-22 17:30:00,1098.48
2019-08-22 17:45:00,1096.88
2019-08-22 18:00:00,1098.16
2019-08-22 18:15:00,1083.6
2019-08-22 18:30:00,1078.08
2019-08-22 18:45:00,1076.08
2019-08-22 19:00:00,1064.96
2019-08-22 19:15:00,1055.68
2019-08-22 19:30:00,1058.24
2019-08-22 19:45:00,1065.04
2019-08-22 20:00:00,1057.44
2019-08-22 20:15:00,1044.48
2019-08-22 20:30:00,1027.28
2019-08-22 20:45:00,1002.88
2019-08-22 21:00:00,980.24
2019-08-22 21:15:00,959.44
2019-08-22 21:30:00,936.16
2019-08-22 21:45:00,918.48
2019-08-22 22:00:00,895.84
2019-08-22 22:15:00,883.52
2019-08-22 22:30:00,865.68
2019-08-22 22:45:00,851.52
2019-08-22 23:00:00,833.44
2019-08-22 23:15:00,816.24
2019-08-22 23:30:00,807.84
2019-08-22 23:45:00,807.04
2019-08-23 00:00:00,798.88
2019-08-23 00:15:00,789.76
2019-08-23 00:30:00,783.92
2019-08-23 00:45:00,779.04
2019-08-23 01:00:00,766.56
2019-08-23 01:15:00,762.4
2019-08-23 01:30:00,760.8
2019-08-23 01:45:00,765.52
2019-08-23 02:00:00,763.04
2019-08-23 02:15:00,759.84
2019-08-23 02:30:00,760.24
2019-08-23 02:45:00,764.16
2019-08-23 03:00:00,772.64
2019-08-23 03:15:00,778.64
2019-08-23 03:30:00,782.4
2019-08-23 03:45:00,798.56
2019-08-23 04:00:00,823.68
2019-08-23 04:15:00,828.88
2019-08-23 04:30:00,851.12
2019-08-23 04:45:00,884.72
2019-08-23 05:00:00,933.52
2019-08-23 05:15:00,966.4
2019-08-23 05:30:00,993.2
2019-08-23 05:45:00,1015.2
2019-08-23 06:00:00,1045.12
2019-08-23 06:15:00,1066.0
2019-08-23 06:30:00,1087.68
2019-08-23 06:45:00,1103.52
2019-08-23 07:00:00,1118.56
2019-08-23 07:15:00,1126.16
2019-08-23 07:30:00,1134.24
2019-08-23 07:45:00,1142.72
2019-08-23 08:00:00,1145.6
2019-08-23 08:15:00,1152.24
2019-08-23 08:30:00,1164.72
2019-08-23 08:45:00,1172.8
2019-08-23 09:00:00,1179.6
2019-08-23 09:15:00,1185.52
2019-08-23 09:30:00,1193.44
2019-08-23 09:45:00,1205.44
2019-08-23 10:00:00,1209.92
2019-08-23 10:15:00,1212.24
2019-08-23 10:30:00,1217.2
2019-08-23 10:45:00,1213.04
2019-08-23 11:00:00,1195.76
2019-08-23 11:15:00,1187.28
2019-08-23 11:30:00,1185.6
2019-08-23 11:45:00,1178.8
2019-08-23 12:00:00,1174.32
2019-08-23 12:15:00,1167.52
2019-08-23 12:30:00,1160.8
2019-08-23 12:45:00,1149.92
2019-08-23 13:00:00,1144.48
2019-08-23 13:15:00,1139.04
2019-08-23 13:30:00,1131.04
2019-08-23 13:45:00,1123.12
2019-08-23 14:00:00,1122.64
2019-08-23 14:15:00,1114.0
2019-08-23 14:30:00,1104.88
2019-08-23 14:45:00,1099.2
2019-08-23 15:00:00,1101.76
2019-08-23 15:15:00,1095.36
2019-08-23 15:30:00,1084.32
2019-08-23 15:45:00,1083.52
2019-08-23 16:00:00,1088.4
2019-08-23 16:15:00,1085.2
2019-08-23 16:30:00,1082.32
2019-08-23 16:45:00,1078.56
2019-08-23 17:00:00,1074.64
2019-08-23 17:15:00,1070.16
2019-08-23 17:30:00,1067.84
2019-08-23 17:45:00,1067.44
2019-08-23 18:00:00,1059.36
2019-08-23 18:15:00,1045.76
2019-08-23 18:30:00,1044.16
2019-08-23 18:45:00,1039.52
2019-08-23 19:00:00,1027.6
2019-08-23 19:15:00,1016.24
2019-08-23 19:30:00,1015.68
2019-08-23 19:45:00,1017.12
2019-08-23 20:00:00,1006.72
2019-08-23 20:15:00,986.96
2019-08-23 20:30:00,966.8
2019-08-23 20:45:00,941.36
2019-08-23 21:00:00,912.24
2019-08-23 21:15:00,901.52
2019-08-23 21:30:00,882.96
2019-08-23 21:45:00,864.8
2019-08-23 22:00:00,846.88
2019-08-23 22:15:00,832.32
2019-08-23 22:30:00,817.92
2019-08-23 22:45:00,806.4
2019-08-23 23:00:00,784.0
2019-08-23 23:15:00,775.76
2019-08-23 23:30:00,767.28
2019-08-23 23:45:00,758.4
2019-08-24 00:00:00,749.76
2019-08-24 00:15:00,738.16
2019-08-24 00:30:00,733.36
2019-08-24 00:45:00,725.52
2019-08-24 01:00:00,713.6
2019-08-24 01:15:00,709.52
2019-08-24 01:30:00,708.48
2019-08-24 01:45:00,702.8
2019-08-24 02:00:00,702.24
2019-08-24 02:15:00,698.96
2019-08-24 02:30:00,697.12
2019-08-24 02:45:00,698.16
2019-08-24 03:00:00,694.24
2019-08-24 03:15:00,695.04
2019-08-24 03:30:00,694.64
2019-08-24 03:45:00,694.8
2019-08-24 04:00:00,706.96
2019-08-24 04:15:00,711.04
2019-08-24 04:30:00,712.8
2019-08-24 04:45:00,719.04
2019-08-24 05:00:00,736.24
2019-08-24 05:15:00,736.32
2019-08-24 05:30:00,744.8
2019-08-24 05:45:00,753.12
2019-08-24 06:00:00,777.44
2019-08-24 06:15:00,795.52
2019-08-24 06:30:00,812.0
2019-08-24 06:45:00,833.44
2019-08-24 07:00:00,856.56
2019-08-24 07:15:00,874.72
2019-08-24 07:30:00,889.76
2019-08-24 07:45:00,906.16
2019-08-24 08:00:00,923.04
2019-08-24 08:15:00,935.04
2019-08-24 08:30:00,942.48
2019-08-24 08:45:00,956.24
2019-08-24 09:00:00,963.68
2019-08-24 09:15:00,967.36
2019-08-24 09:30:00,980.08
2019-08-24 09:45:00,984.96
2019-08-24 10:00:00,990.08
2019-08-24 10:15:00,996.72
2019-08-24 10:30:00,1003.12
2019-08-24 10:45:00,1001.28
2019-08-24 11:00:00,993.84
2019-08-24 11:15:00,993.36
2019-08-24 11:30:00,985.52
2019-08-24 11:45:00,977.44
2019-08-24 12:00:00,967.12
2019-08-24 12:15:00,963.76
2019-08-24 12:30:00,957.76
2019-08-24 12:45:00,950.72
2019-08-24 13:00:00,939.6
2019-08-24 13:15:00,935.2
2019-08-24 13:30:00,927.6
2019-08-24 13:45:00,920.0
2019-08-24 14:00:00,924.16
2019-08-24 14:15:00,920.56
2019-08-24 14:30:00,914.72
2019-08-24 14:45:00,908.24
2019-08-24 15:00:00,910.08
2019-08-24 15:15:00,907.44
2019-08-24 15:30:00,907.44
2019-08-24 15:45:00,902.24
2019-08-24 16:00:00,910.96
2019-08-24 16:15:00,910.08
2019-08-24 16:30:00,912.16
2019-08-24 16:45:00,914.48
2019-08-24 17:00:00,915.12
2019-08-24 17:15:00,914.16
2019-08-24 17:30:00,912.72
2019-08-24 17:45:00,909.52
2019-08-24 18:00:00,909.68
2019-08-24 18:15:00,905.04
2019-08-24 18:30:00,896.72
2019-08-24 18:45:00,885.52
2019-08-24 19:00:00,876.88
2019-08-24 19:15:00,872.72
2019-08-24 19:30:00,882.08
2019-08-24 19:45:00,883.52
2019-08-24 20:00:00,880.32
2019-08-24 20:15:00,867.76
2019-08-24 20:30:00,863.12
2019-08-24 20:45:00,849.76
2019-08-24 21:00:00,840.4
2019-08-24 21:15:00,824.88
2019-08-24 21:30:00,812.32
2019-08-24 21:45:00,798.32
2019-08-24 22:00:00,779.52
2019-08-24 22:15:00,770.64
2019-08-24 22:30:00,762.08
2019-08-24 22:45:00,745.2
2019-08-24 23:00:00,724.16
2019-08-24 23:15:00,711.84
2019-08-24 23:30:00,703.68
2019-08-24 23:45:00,697.76
2019-08-25 00:00:00,686.32
2019-08-25 00:15:00,672.32
2019-08-25 00:30:00,668.0
2019-08-25 00:45:00,664.4
2019-08-25 01:00:00,658.96
2019-08-25 01:15:00,652.56
2019-08-25 01:30:00,646.64
2019-08-25 01:45:00,645.28
2019-08-25 02:00:00,643.68
2019-08-25 02:15:00,640.56
2019-08-25 02:30:00,640.72
2019-08-25 02:45:00,639.04
2019-08-25 03:00:00,636.8
2019-08-25 03:15:00,637.36
2019-08-25 03:30:00,634.24
2019-08-25 03:45:00,631.84
2019-08-25 04:00:00,638.4
2019-08-25 04:15:00,638.24
2019-08-25 04:30:00,639.28
2019-08-25 04:45:00,636.0
2019-08-25 05:00:00,650.0
2019-08-25 05:15:00,641.68
2019-08-25 05:30:00,645.68
2019-08-25 05:45:00,650.24
2019-08-25 06:00:00,666.72
2019-08-25 06:15:00,680.08
2019-08-25 06:30:00,695.36
2019-08-25 06:45:00,708.96
2019-08-25 07:00:00,726.08
2019-08-25 07:15:00,743.36
2019-08-25 07:30:00,759.52
2019-08-25 07:45:00,770.0
2019-08-25 08:00:00,786.24
2019-08-25 08:15:00,804.32
2019-08-25 08:30:00,815.76
2019-08-25 08:45:00,832.24
2019-08-25 09:00:00,838.24
2019-08-25 09:15:00,850.24
2019-08-25 09:30:00,858.4
2019-08-25 09:45:00,869.04
2019-08-25 10:00:00,878.4
2019-08-25 10:15:00,886.56
2019-08-25 10:30:00,892.48
2019-08-25 10:45:00,900.88
2019-08-25 11:00:00,899.6
2019-08-25 11:15:00,896.08
2019-08-25 11:30:00,889.6
2019-08-25 11:45:00,882.56
2019-08-25 12:00:00,878.08
2019-08-25 12:15:00,872.64
2019-08-25 12:30:00,865.44
2019-08-25 12:45:00,857.52
2019-08-25 13:00:00,852.96
2019-08-25 13:15:00,849.2
2019-08-25 13:30:00,846.08
2019-08-25 13:45:00,839.36
2019-08-25 14:00:00,838.88
2019-08-25 14:15:00,836.48
2019-08-25 14:30:00,832.56
2019-08-25 14:45:00,829.76
2019-08-25 15:00:00,829.36
2019-08-25 15:15:00,824.56
2019-08-25 15:30:00,827.36
2019-08-25 15:45:00,830.64
2019-08-25 16:00:00,843.28
2019-08-25 16:15:00,847.28
2019-08-25 16:30:00,854.88
2019-08-25 16:45:00,864.72
2019-08-25 17:00:00,869.12
2019-08-25 17:15:00,873.92
2019-08-25 17:30:00,873.2
2019-08-25 17:45:00,880.32
2019-08-25 18:00:00,882.16
2019-08-25 18:15:00,876.64
2019-08-25 18:30:00,878.64
2019-08-25 18:45:00,883.28
2019-08-25 19:00:00,885.12
2019-08-25 19:15:00,890.56
2019-08-25 19:30:00,898.4
2019-08-25 19:45:00,904.48
2019-08-25 20:00:00,904.56
2019-08-25 20:15:00,894.72
2019-08-25 20:30:00,882.08
2019-08-25 20:45:00,878.88
2019-08-25 21:00:00,867.92
2019-08-25 21:15:00,857.36
2019-08-25 21:30:00,841.28
2019-08-25 21:45:00,826.72
2019-08-25 22:00:00,804.64
2019-08-25 22:15:00,789.2
2019-08-25 22:30:00,777.28
2019-08-25 22:45:00,764.8
2019-08-25 23:00:00,754.64
2019-08-25 23:15:00,745.36
2019-08-25 23:30:00,732.08
2019-08-25 23:45:00,725.52
2019-08-26 00:00:00,720.96
2019-08-26 00:15:00,715.04
2019-08-26 00:30:00,707.92
2019-08-26 00:45:00,703.6
2019-08-26 01:00:00,698.08
2019-08-26 01:15:00,693.76
2019-08-26 01:30:00,696.96
2019-08-26 01:45:00,695.04
2019-08-26 02:00:00,690.88
2019-08-26 02:15:00,694.0
2019-08-26 02:30:00,694.16
2019-08-26 02:45:00,699.36
2019-08-26 03:00:00,708.64
2019-08-26 03:15:00,716.0
2019-08-26 03:30:00,727.76
2019-08-26 03:45:00,740.8
2019-08-26 04:00:00,774.8
2019-08-26 04:15:00,792.72
2019-08-26 04:30:00,816.32
2019-08-26 04:45:00,852.24
2019-08-26 05:00:00,920.24
2019-08-26 05:15:00,960.0
2019-08-26 05:30:00,989.04
2019-08-26 05:45:00,1016.08
2019-08-26 06:00:00,1053.84
2019-08-26 06:15:00,1077.2
2019-08-26 06:30:00,1100.48
2019-08-26 06:45:00,1123.76
2019-08-26 07:00:00,1141.36
2019-08-26 07:15:00,1157.52
2019-08-26 07:30:00,1166.96
2019-08-26 07:45:00,1176.4
2019-08-26 08:00:00,1184.0
2019-08-26 08:15:00,1194.0
2019-08-26 08:30:00,1208.0
2019-08-26 08:45:00,1213.36
2019-08-26 09:00:00,1220.64
2019-08-26 09:15:00,1227.92
2019-08-26 09:30:00,1238.32
2019-08-26 09:45:00,1247.92
2019-08-26 10:00:00,1256.0
2019-08-26 10:15:00,1267.04
2019-08-26 10:30:00,1272.72
2019-08-26 10:45:00,1273.92
2019-08-26 11:00:00,1263.52
2019-08-26 11:15:00,1259.92
2019-08-26 11:30:00,1259.76
2019-08-26 11:45:00,1263.44
2019-08-26 12:00:00,1266.24
2019-08-26 12:15:00,1262.8
2019-08-26 12:30:00,1262.88
2019-08-26 12:45:00,1248.72
2019-08-26 13:00:00,1241.36
2019-08-26 13:15:00,1240.16
2019-08-26 13:30:00,1235.6
2019-08-26 13:45:00,1227.36
2019-08-26 14:00:00,1226.72
2019-08-26 14:15:00,1224.32
2019-08-26 14:30:00,1219.36
2019-08-26 14:45:00,1209.04
2019-08-26 15:00:00,1202.0
2019-08-26 15:15:00,1193.36
2019-08-26 15:30:00,1185.92
2019-08-26 15:45:00,1184.16
2019-08-26 16:00:00,1183.6
2019-08-26 16:15:00,1184.96
2019-08-26 16:30:00,1188.4
2019-08-26 16:45:00,1189.44
2019-08-26 17:00:00,1177.84
2019-08-26 17:15:00,1168.48
2019-08-26 17:30:00,1171.92
2019-08-26 17:45:00,1167.52
2019-08-26 18:00:00,1156.8
2019-08-26 18:15:00,1142.16
2019-08-26 18:30:00,1139.52
2019-08-26 18:45:00,1132.4
2019-08-26 19:00:00,1130.8
2019-08-26 19:15:00,1121.84
2019-08-26 19:30:00,1124.96
2019-08-26 19:45:00,1121.2
2019-08-26 20:00:00,1105.76
2019-08-26 20:15:00,1090.0
2019-08-26 20:30:00,1059.28
2019-08-26 20:45:00,1041.68
2019-08-26 21:00:00,1018.88
2019-08-26 21:15:00,998.48
2019-08-26 21:30:00,976.88
2019-08-26 21:45:00,957.92
2019-08-26 22:00:00,930.24
2019-08-26 22:15:00,915.44
2019-08-26 22:30:00,898.56
2019-08-26 22:45:00,884.64
2019-08-26 23:00:00,864.4
2019-08-26 23:15:00,854.64
2019-08-26 23:30:00,844.24
2019-08-26 23:45:00,831.68
2019-08-27 00:00:00,816.4
2019-08-27 00:15:00,818.64
2019-08-27 00:30:00,806.96
2019-08-27 00:45:00,807.04
2019-08-27 01:00:00,801.04
2019-08-27 01:15:00,800.72
2019-08-27 01:30:00,798.64
2019-08-27 01:45:00,800.96
2019-08-27 02:00:00,803.92
2019-08-27 02:15:00,805.28
2019-08-27 02:30:00,803.36
2019-08-27 02:45:00,802.8
2019-08-27 03:00:00,813.6
2019-08-27 03:15:00,815.04
2019-08-27 03:30:00,823.36
2019-08-27 03:45:00,836.08
2019-08-27 04:00:00,864.4
2019-08-27 04:15:00,883.04
2019-08-27 04:30:00,909.12
2019-08-27 04:45:00,934.96
2019-08-27 05:00:00,995.2
2019-08-27 05:15:00,1022.96
2019-08-27 05:30:00,1045.2
2019-08-27 05:45:00,1068.56
2019-08-27 06:00:00,1102.16
2019-08-27 06:15:00,1126.16
2019-08-27 06:30:00,1147.04
2019-08-27 06:45:00,1161.6
2019-08-27 07:00:00,1182.72
2019-08-27 07:15:00,1196.0
2019-08-27 07:30:00,1204.88
2019-08-27 07:45:00,1214.72
2019-08-27 08:00:00,1207.36
2019-08-27 08:15:00,1217.04
2019-08-27 08:30:00,1236.48
2019-08-27 08:45:00,1245.84
2019-08-27 09:00:00,1252.8
2019-08-27 09:15:00,1257.12
2019-08-27 09:30:00,1265.36
2019-08-27 09:45:00,1273.28
2019-08-27 10:00:00,1280.32
2019-08-27 10:15:00,1294.16
2019-08-27 10:30:00,1301.76
2019-08-27 10:45:00,1306.96
2019-08-27 11:00:00,1290.4
2019-08-27 11:15:00,1288.96
2019-08-27 11:30:00,1293.44
2019-08-27 11:45:00,1292.72
2019-08-27 12:00:00,1291.28
2019-08-27 12:15:00,1289.52
2019-08-27 12:30:00,1286.72
2019-08-27 12:45:00,1276.96
2019-08-27 13:00:00,1265.52
2019-08-27 13:15:00,1263.76
2019-08-27 13:30:00,1257.36
2019-08-27 13:45:00,1256.24
2019-08-27 14:00:00,1260.88
2019-08-27 14:15:00,1246.16
2019-08-27 14:30:00,1244.08
2019-08-27 14:45:00,1240.4
2019-08-27 15:00:00,1236.96
2019-08-27 15:15:00,1225.2
2019-08-27 15:30:00,1224.72
2019-08-27 15:45:00,1218.24
2019-08-27 16:00:00,1216.24
2019-08-27 16:15:00,1213.76
2019-08-27 16:30:00,1217.52
2019-08-27 16:45:00,1217.92
2019-08-27 17:00:00,1215.28
2019-08-27 17:15:00,1206.64
2019-08-27 17:30:00,1199.84
2019-08-27 17:45:00,1202.08
2019-08-27 18:00:00,1201.76
2019-08-27 18:15:00,1192.8
2019-08-27 18:30:00,1190.64
2019-08-27 18:45:00,1187.84
2019-08-27 19:00:00,1166.72
2019-08-27 19:15:00,1158.72
2019-08-27 19:30:00,1162.88
2019-08-27 19:45:00,1156.08
2019-08-27 20:00:00,1134.16
2019-08-27 20:15:00,1113.2
2019-08-27 20:30:00,1089.44
2019-08-27 20:45:00,1059.92
2019-08-27 21:00:00,1036.56
2019-08-27 21:15:00,1015.6
2019-08-27 21:30:00,984.4
2019-08-27 21:45:00,968.56
2019-08-27 22:00:00,945.68
2019-08-27 22:15:00,931.36
2019-08-27 22:30:00,913.44
2019-08-27 22:45:00,897.52
2019-08-27 23:00:00,877.28
2019-08-27 23:15:00,867.6
2019-08-27 23:30:00,854.8
2019-08-27 23:45:00,846.08
2019-08-28 00:00:00,844.8
2019-08-28 00:15:00,839.68
2019-08-28 00:30:00,832.72
2019-08-28 00:45:00,826.56
2019-08-28 01:00:00,819.68
2019-08-28 01:15:00,819.04
2019-08-28 01:30:00,819.44
2019-08-28 01:45:00,818.72
2019-08-28 02:00:00,817.84
2019-08-28 02:15:00,819.28
2019-08-28 02:30:00,819.44
2019-08-28 02:45:00,818.8
2019-08-28 03:00:00,832.16
2019-08-28 03:15:00,837.52
2019-08-28 03:30:00,841.52
2019-08-28 03:45:00,847.28
2019-08-28 04:00:00,875.28
2019-08-28 04:15:00,893.6
2019-08-28 04:30:00,915.2
2019-08-28 04:45:00,947.6
2019-08-28 05:00:00,1011.68
2019-08-28 05:15:00,1043.76
2019-08-28 05:30:00,1068.08
2019-08-28 05:45:00,1092.16
2019-08-28 06:00:00,1126.8
2019-08-28 06:15:00,1145.28
2019-08-28 06:30:00,1164.0
2019-08-28 06:45:00,1181.84
2019-08-28 07:00:00,1198.96
2019-08-28 07:15:00,1208.96
2019-08-28 07:30:00,1213.2
2019-08-28 07:45:00,1223.44
2019-08-28 08:00:00,1216.88
2019-08-28 08:15:00,1231.04
2019-08-28 08:30:00,1240.64
2019-08-28 08:45:00,1251.68
2019-08-28 09:00:00,1255.92
2019-08-28 09:15:00,1264.0
2019-08-28 09:30:00,1273.2
2019-08-28 09:45:00,1282.56
2019-08-28 10:00:00,1287.68
2019-08-28 10:15:00,1293.04
2019-08-28 10:30:00,1298.88
2019-08-28 10:45:00,1297.12
2019-08-28 11:00:00,1294.72
2019-08-28 11:15:00,1295.04
2019-08-28 11:30:00,1291.84
2019-08-28 11:45:00,1296.4
2019-08-28 12:00:00,1290.96
2019-08-28 12:15:00,1284.16
2019-08-28 12:30:00,1281.36
2019-08-28 12:45:00,1272.88
2019-08-28 13:00:00,1274.16
2019-08-28 13:15:00,1271.52
2019-08-28 13:30:00,1264.32
2019-08-28 13:45:00,1263.04
2019-08-28 14:00:00,1255.84
2019-08-28 14:15:00,1245.92
2019-08-28 14:30:00,1230.88
2019-08-28 14:45:00,1222.88
2019-08-28 15:00:00,1224.56
2019-08-28 15:15:00,1215.28
2019-08-28 15:30:00,1204.8
2019-08-28 15:45:00,1198.08
2019-08-28 16:00:00,1201.36
2019-08-28 16:15:00,1199.36
2019-08-28 16:30:00,1199.2
2019-08-28 16:45:00,1202.24
2019-08-28 17:00:00,1199.2
2019-08-28 17:15:00,1200.08
2019-08-28 17:30:00,1206.16
2019-08-28 17:45:00,1202.64
2019-08-28 18:00:00,1195.52
2019-08-28 18:15:00,1183.04
2019-08-28 18:30:00,1181.6
2019-08-28 18:45:00,1179.68
2019-08-28 19:00:00,1174.8
2019-08-28 19:15:00,1171.52
2019-08-28 19:30:00,1174.64
2019-08-28 19:45:00,1172.48
2019-08-28 20:00:00,1147.04
2019-08-28 20:15:00,1121.2
2019-08-28 20:30:00,1096.72
2019-08-28 20:45:00,1072.96
2019-08-28 21:00:00,1043.68
2019-08-28 21:15:00,1021.92
2019-08-28 21:30:00,996.88
2019-08-28 21:45:00,973.52
2019-08-28 22:00:00,952.32
2019-08-28 22:15:00,931.92
2019-08-28 22:30:00,914.64
2019-08-28 22:45:00,900.4
2019-08-28 23:00:00,872.24
2019-08-28 23:15:00,864.4
2019-08-28 23:30:00,855.52
2019-08-28 23:45:00,845.04
2019-08-29 00:00:00,840.4
2019-08-29 00:15:00,834.4
2019-08-29 00:30:00,831.12
2019-08-29 00:45:00,822.56
2019-08-29 01:00:00,814.4
2019-08-29 01:15:00,815.92
2019-08-29 01:30:00,811.44
2019-08-29 01:45:00,807.52
2019-08-29 02:00:00,812.24
2019-08-29 02:15:00,815.12
2019-08-29 02:30:00,809.6
2019-08-29 02:45:00,815.04
2019-08-29 03:00:00,824.48
2019-08-29 03:15:00,826.88
2019-08-29 03:30:00,830.4
2019-08-29 03:45:00,835.84
2019-08-29 04:00:00,865.28
2019-08-29 04:15:00,882.8
2019-08-29 04:30:00,899.44
2019-08-29 04:45:00,933.12
2019-08-29 05:00:00,994.4
2019-08-29 05:15:00,1032.4
2019-08-29 05:30:00,1061.52
2019-08-29 05:45:00,1080.8
2019-08-29 06:00:00,1118.4
2019-08-29 06:15:00,1137.6
2019-08-29 06:30:00,1158.4
2019-08-29 06:45:00,1173.12
2019-08-29 07:00:00,1193.52
2019-08-29 07:15:00,1206.56
2019-08-29 07:30:00,1213.04
2019-08-29 07:45:00,1217.2
2019-08-29 08:00:00,1213.84
2019-08-29 08:15:00,1221.76
2019-08-29 08:30:00,1233.68
2019-08-29 08:45:00,1240.16
2019-08-29 09:00:00,1246.08
2019-08-29 09:15:00,1253.84
2019-08-29 09:30:00,1260.48
2019-08-29 09:45:00,1269.92
2019-08-29 10:00:00,1273.92
2019-08-29 10:15:00,1276.96
2019-08-29 10:30:00,1279.68
2019-08-29 10:45:00,1278.16
2019-08-29 11:00:00,1267.04
2019-08-29 11:15:00,1263.52
2019-08-29 11:30:00,1267.04
2019-08-29 11:45:00,1268.24
2019-08-29 12:00:00,1268.72
2019-08-29 12:15:00,1261.04
2019-08-29 12:30:00,1249.12
2019-08-29 12:45:00,1241.2
2019-08-29 13:00:00,1236.32
2019-08-29 13:15:00,1235.92
2019-08-29 13:30:00,1230.24
2019-08-29 13:45:00,1224.32
2019-08-29 14:00:00,1218.56
2019-08-29 14:15:00,1209.84
2019-08-29 14:30:00,1205.76
2019-08-29 14:45:00,1198.16
2019-08-29 15:00:00,1197.12
2019-08-29 15:15:00,1187.2
2019-08-29 15:30:00,1181.36
2019-08-29 15:45:00,1176.08
2019-08-29 16:00:00,1179.04
2019-08-29 16:15:00,1178.8
2019-08-29 16:30:00,1176.64
2019-08-29 16:45:00,1171.04
2019-08-29 17:00:00,1170.8
2019-08-29 17:15:00,1161.04
2019-08-29 17:30:00,1161.28
2019-08-29 17:45:00,1162.96
2019-08-29 18:00:00,1153.36
2019-08-29 18:15:00,1143.44
2019-08-29 18:30:00,1140.08
2019-08-29 18:45:00,1135.36
2019-08-29 19:00:00,1130.8
2019-08-29 19:15:00,1128.4
2019-08-29 19:30:00,1137.36
2019-08-29 19:45:00,1131.28
2019-08-29 20:00:00,1106.64
2019-08-29 20:15:00,1086.64
2019-08-29 20:30:00,1064.08
2019-08-29 20:45:00,1038.56
2019-08-29 21:00:00,1016.24
2019-08-29 21:15:00,994.32
2019-08-29 21:30:00,970.16
2019-08-29 21:45:00,951.92
2019-08-29 22:00:00,922.4
2019-08-29 22:15:00,903.52
2019-08-29 22:30:00,889.52
2019-08-29 22:45:00,880.56
2019-08-29 23:00:00,852.8
2019-08-29 23:15:00,842.24
2019-08-29 23:30:00,836.8
2019-08-29 23:45:00,827.12
2019-08-30 00:00:00,817.84
2019-08-30 00:15:00,806.08
2019-08-30 00:30:00,802.4
2019-08-30 00:45:00,795.6
2019-08-30 01:00:00,787.76
2019-08-30 01:15:00,780.64
2019-08-30 01:30:00,784.8
2019-08-30 01:45:00,783.92
2019-08-30 02:00:00,784.16
2019-08-30 02:15:00,785.84
2019-08-30 02:30:00,786.64
2019-08-30 02:45:00,789.2
2019-08-30 03:00:00,793.84
2019-08-30 03:15:00,801.2
2019-08-30 03:30:00,805.12
2019-08-30 03:45:00,817.68
2019-08-30 04:00:00,845.12
2019-08-30 04:15:00,859.84
2019-08-30 04:30:00,881.2
2019-08-30 04:45:00,906.64
2019-08-30 05:00:00,969.36
2019-08-30 05:15:00,1010.56
2019-08-30 05:30:00,1040.08
2019-08-30 05:45:00,1065.36
2019-08-30 06:00:00,1094.64
2019-08-30 06:15:00,1121.04
2019-08-30 06:30:00,1140.4
2019-08-30 06:45:00,1157.28
2019-08-30 07:00:00,1181.28
2019-08-30 07:15:00,1193.44
2019-08-30 07:30:00,1202.56
2019-08-30 07:45:00,1210.08
2019-08-30 08:00:00,1201.04
2019-08-30 08:15:00,1206.56
2019-08-30 08:30:00,1217.76
2019-08-30 08:45:00,1227.76
2019-08-30 09:00:00,1225.68
2019-08-30 09:15:00,1224.0
2019-08-30 09:30:00,1235.2
2019-08-30 09:45:00,1242.0
2019-08-30 10:00:00,1246.56
2019-08-30 10:15:00,1250.64
2019-08-30 10:30:00,1255.04
2019-08-30 10:45:00,1255.44
2019-08-30 11:00:00,1239.04
2019-08-30 11:15:00,1232.72
2019-08-30 11:30:00,1232.24
2019-08-30 11:45:00,1235.68
2019-08-30 12:00:00,1231.84
2019-08-30 12:15:00,1219.28
2019-08-30 12:30:00,1213.12
2019-08-30 12:45:00,1197.84
2019-08-30 13:00:00,1196.32
2019-08-30 13:15:00,1193.92
2019-08-30 13:30:00,1185.92
2019-08-30 13:45:00,1182.32
2019-08-30 14:00:00,1178.0
2019-08-30 14:15:00,1171.28
2019-08-30 14:30:00,1163.2
2019-08-30 14:45:00,1155.12
2019-08-30 15:00:00,1158.4
2019-08-30 15:15:00,1153.28
2019-08-30 15:30:00,1145.68
2019-08-30 15:45:00,1140.4
2019-08-30 16:00:00,1141.44
2019-08-30 16:15:00,1137.36
2019-08-30 16:30:00,1131.28
2019-08-30 16:45:00,1130.4
2019-08-30 17:00:00,1126.8
2019-08-30 17:15:00,1120.8
2019-08-30 17:30:00,1116.0
2019-08-30 17:45:00,1113.92
2019-08-30 18:00:00,1108.96
2019-08-30 18:15:00,1098.88
2019-08-30 18:30:00,1093.84
2019-08-30 18:45:00,1089.84
2019-08-30 19:00:00,1077.92
2019-08-30 19:15:00,1077.92
2019-08-30 19:30:00,1075.36
2019-08-30 19:45:00,1072.4
2019-08-30 20:00:00,1051.52
2019-08-30 20:15:00,1033.12
2019-08-30 20:30:00,1007.84
2019-08-30 20:45:00,986.08
2019-08-30 21:00:00,954.48
2019-08-30 21:15:00,937.12
2019-08-30 21:30:00,919.84
2019-08-30 21:45:00,901.92
2019-08-30 22:00:00,877.04
2019-08-30 22:15:00,865.12
2019-08-30 22:30:00,847.12
2019-08-30 22:45:00,834.72
2019-08-30 23:00:00,801.76
2019-08-30 23:15:00,792.48
2019-08-30 23:30:00,788.08
2019-08-30 23:45:00,777.6
2019-08-31 00:00:00,763.36
2019-08-31 00:15:00,756.96
2019-08-31 00:30:00,744.32
2019-08-31 00:45:00,737.2
2019-08-31 01:00:00,730.0
2019-08-31 01:15:00,719.52
2019-08-31 01:30:00,716.72
2019-08-31 01:45:00,714.32
2019-08-31 02:00:00,714.72
2019-08-31 02:15:00,710.16
2019-08-31 02:30:00,706.72
2019-08-31 02:45:00,703.28
2019-08-31 03:00:00,704.56
2019-08-31 03:15:00,704.96
2019-08-31 03:30:00,703.44
2019-08-31 03:45:00,707.36
2019-08-31 04:00:00,719.6
2019-08-31 04:15:00,721.68
2019-08-31 04:30:00,722.56
2019-08-31 04:45:00,735.2
2019-08-31 05:00:00,752.72
2019-08-31 05:15:00,758.32
2019-08-31 05:30:00,760.08
2019-08-31 05:45:00,767.2
2019-08-31 06:00:00,792.8
2019-08-31 06:15:00,804.96
2019-08-31 06:30:00,821.92
2019-08-31 06:45:00,845.76
2019-08-31 07:00:00,867.68
2019-08-31 07:15:00,890.0
2019-08-31 07:30:00,901.12
2019-08-31 07:45:00,920.24
2019-08-31 08:00:00,935.44
2019-08-31 08:15:00,950.08
2019-08-31 08:30:00,967.36
2019-08-31 08:45:00,977.2
2019-08-31 09:00:00,979.76
2019-08-31 09:15:00,986.48
2019-08-31 09:30:00,997.76
2019-08-31 09:45:00,997.12
2019-08-31 10:00:00,999.92
2019-08-31 10:15:00,1009.6
2019-08-31 10:30:00,1014.64
2019-08-31 10:45:00,1016.16
2019-08-31 11:00:00,1015.2
2019-08-31 11:15:00,1013.84
2019-08-31 11:30:00,1010.32
2019-08-31 11:45:00,999.36
2019-08-31 12:00:00,997.36
2019-08-31 12:15:00,994.56
2019-08-31 12:30:00,996.72
2019-08-31 12:45:00,985.36
2019-08-31 13:00:00,988.72
2019-08-31 13:15:00,983.84
2019-08-31 13:30:00,972.32
2019-08-31 13:45:00,972.08
2019-08-31 14:00:00,968.96
2019-08-31 14:15:00,965.2
2019-08-31 14:30:00,961.92
2019-08-31 14:45:00,952.08
2019-08-31 15:00:00,953.12
2019-08-31 15:15:00,952.24
2019-08-31 15:30:00,936.32
2019-08-31 15:45:00,938.0
2019-08-31 16:00:00,941.44
2019-08-31 16:15:00,948.48
2019-08-31 16:30:00,946.0
2019-08-31 16:45:00,943.68
2019-08-31 17:00:00,952.64
2019-08-31 17:15:00,945.92
2019-08-31 17:30:00,941.28
2019-08-31 17:45:00,936.32
2019-08-31 18:00:00,934.32
2019-08-31 18:15:00,926.24
2019-08-31 18:30:00,924.72
2019-08-31 18:45:00,921.12
2019-08-31 19:00:00,919.2
2019-08-31 19:15:00,921.92
2019-08-31 19:30:00,916.96
2019-08-31 19:45:00,916.24
2019-08-31 20:00:00,903.6
2019-08-31 20:15:00,886.8
2019-08-31 20:30:00,878.96
2019-08-31 20:45:00,872.4
2019-08-31 21:00:00,863.52
2019-08-31 21:15:00,854.4
2019-08-31 21:30:00,845.44
2019-08-31 21:45:00,842.48
2019-08-31 22:00:00,830.56
2019-08-31 22:15:00,818.24
2019-08-31 22:30:00,814.16
2019-08-31 22:45:00,805.92
2019-08-31 23:00:00,787.36
2019-08-31 23:15:00,778.56
2019-08-31 23:30:00,765.68
2019-08-31 23:45:00,758.48
2019-09-01 00:00:00,740.0
2019-09-01 00:15:00,728.8
2019-09-01 00:30:00,720.56
2019-09-01 00:45:00,708.8
2019-09-01 01:00:00,697.12
2019-09-01 01:15:00,688.08
2019-09-01 01:30:00,680.08
2019-09-01 01:45:00,683.84
2019-09-01 02:00:00,676.16
2019-09-01 02:15:00,676.56
2019-09-01 02:30:00,669.76
2019-09-01 02:45:00,665.84
2019-09-01 03:00:00,668.4
2019-09-01 03:15:00,667.52
2019-09-01 03:30:00,670.96
2019-09-01 03:45:00,669.04
2019-09-01 04:00:00,670.8
2019-09-01 04:15:00,670.56
2019-09-01 04:30:00,672.8
2019-09-01 04:45:00,671.52
2019-09-01 05:00:00,683.68
2019-09-01 05:15:00,683.44
2019-09-01 05:30:00,688.16
2019-09-01 05:45:00,684.24
2019-09-01 06:00:00,696.96
2019-09-01 06:15:00,706.72
2019-09-01 06:30:00,720.0
2019-09-01 06:45:00,722.56
2019-09-01 07:00:00,741.52
2019-09-01 07:15:00,757.44
2019-09-01 07:30:00,778.56
2019-09-01 07:45:00,792.48
2019-09-01 08:00:00,805.36
2019-09-01 08:15:00,813.28
2019-09-01 08:30:00,834.8
2019-09-01 08:45:00,848.56
2019-09-01 09:00:00,853.92
2019-09-01 09:15:00,865.2
2019-09-01 09:30:00,869.04
2019-09-01 09:45:00,883.04
2019-09-01 10:00:00,889.76
2019-09-01 10:15:00,898.64
2019-09-01 10:30:00,912.0
2019-09-01 10:45:00,923.6
2019-09-01 11:00:00,916.96
2019-09-01 11:15:00,909.68
2019-09-01 11:30:00,907.52
2019-09-01 11:45:00,903.84
2019-09-01 12:00:00,900.0
2019-09-01 12:15:00,893.44
2019-09-01 12:30:00,894.0
2019-09-01 12:45:00,884.0
2019-09-01 13:00:00,876.16
2019-09-01 13:15:00,868.48
2019-09-01 13:30:00,863.44
2019-09-01 13:45:00,852.32
2019-09-01 14:00:00,846.64
2019-09-01 14:15:00,840.16
2019-09-01 14:30:00,828.88
2019-09-01 14:45:00,824.32
2019-09-01 15:00:00,839.6
2019-09-01 15:15:00,841.36
2019-09-01 15:30:00,835.92
2019-09-01 15:45:00,838.72
2019-09-01 16:00:00,848.16
2019-09-01 16:15:00,857.2
2019-09-01 16:30:00,857.76
2019-09-01 16:45:00,870.88
2019-09-01 17:00:00,872.24
2019-09-01 17:15:00,878.96
2019-09-01 17:30:00,879.76
2019-09-01 17:45:00,874.96
2019-09-01 18:00:00,868.64
2019-09-01 18:15:00,868.72
2019-09-01 18:30:00,877.92
2019-09-01 18:45:00,873.44
2019-09-01 19:00:00,881.84
2019-09-01 19:15:00,890.32
2019-09-01 19:30:00,886.0
2019-09-01 19:45:00,876.56
2019-09-01 20:00:00,861.84
2019-09-01 20:15:00,850.8
2019-09-01 20:30:00,841.76
2019-09-01 20:45:00,829.52
2019-09-01 21:00:00,831.28
2019-09-01 21:15:00,815.84
2019-09-01 21:30:00,801.92
2019-09-01 21:45:00,788.8
2019-09-01 22:00:00,768.72
2019-09-01 22:15:00,759.04
2019-09-01 22:30:00,745.36
2019-09-01 22:45:00,733.92
2019-09-01 23:00:00,723.28
2019-09-01 23:15:00,713.44
2019-09-01 23:30:00,710.32
2019-09-01 23:45:00,706.72
2019-09-02 00:00:00,704.16
2019-09-02 00:15:00,695.36
2019-09-02 00:30:00,687.44
2019-09-02 00:45:00,686.08
2019-09-02 01:00:00,685.76
2019-09-02 01:15:00,684.64
2019-09-02 01:30:00,686.48
2019-09-02 01:45:00,686.16
2019-09-02 02:00:00,689.04
2019-09-02 02:15:00,687.44
2019-09-02 02:30:00,689.92
2019-09-02 02:45:00,698.96
2019-09-02 03:00:00,717.28
2019-09-02 03:15:00,724.96
2019-09-02 03:30:00,734.4
2019-09-02 03:45:00,742.4
2019-09-02 04:00:00,763.92
2019-09-02 04:15:00,788.16
2019-09-02 04:30:00,817.6
2019-09-02 04:45:00,857.04
2019-09-02 05:00:00,927.68
2019-09-02 05:15:00,963.6
2019-09-02 05:30:00,986.64
2019-09-02 05:45:00,1008.48
2019-09-02 06:00:00,1046.72
2019-09-02 06:15:00,1065.68
2019-09-02 06:30:00,1082.8
2019-09-02 06:45:00,1102.24
2019-09-02 07:00:00,1113.52
2019-09-02 07:15:00,1119.28
2019-09-02 07:30:00,1132.72
2019-09-02 07:45:00,1143.04
2019-09-02 08:00:00,1138.32
2019-09-02 08:15:00,1143.6
2019-09-02 08:30:00,1157.04
2019-09-02 08:45:00,1163.6
2019-09-02 09:00:00,1167.36
2019-09-02 09:15:00,1173.6
2019-09-02 09:30:00,1183.04
2019-09-02 09:45:00,1195.92
2019-09-02 10:00:00,1206.4
2019-09-02 10:15:00,1216.32
2019-09-02 10:30:00,1221.68
2019-09-02 10:45:00,1241.04
2019-09-02 11:00:00,1224.64
2019-09-02 11:15:00,1217.76
2019-09-02 11:30:00,1223.2
2019-09-02 11:45:00,1215.52
2019-09-02 12:00:00,1219.2
2019-09-02 12:15:00,1222.32
2019-09-02 12:30:00,1217.36
2019-09-02 12:45:00,1206.32
2019-09-02 13:00:00,1199.84
2019-09-02 13:15:00,1195.84
2019-09-02 13:30:00,1194.48
2019-09-02 13:45:00,1182.72
2019-09-02 14:00:00,1176.4
2019-09-02 14:15:00,1166.32
2019-09-02 14:30:00,1154.96
2019-09-02 14:45:00,1153.04
2019-09-02 15:00:00,1145.92
2019-09-02 15:15:00,1142.4
2019-09-02 15:30:00,1135.28
2019-09-02 15:45:00,1126.56
2019-09-02 16:00:00,1129.44
2019-09-02 16:15:00,1125.84
2019-09-02 16:30:00,1122.48
2019-09-02 16:45:00,1126.32
2019-09-02 17:00:00,1125.36
2019-09-02 17:15:00,1119.2
2019-09-02 17:30:00,1118.8
2019-09-02 17:45:00,1127.44
2019-09-02 18:00:00,1128.8
2019-09-02 18:15:00,1120.72
2019-09-02 18:30:00,1120.24
2019-09-02 18:45:00,1113.68
2019-09-02 19:00:00,1114.8
2019-09-02 19:15:00,1113.68
2019-09-02 19:30:00,1117.04
2019-09-02 19:45:00,1100.16
2019-09-02 20:00:00,1081.2
2019-09-02 20:15:00,1057.52
2019-09-02 20:30:00,1039.2
2019-09-02 20:45:00,1011.6
2019-09-02 21:00:00,981.84
2019-09-02 21:15:00,959.76
2019-09-02 21:30:00,936.72
2019-09-02 21:45:00,920.4
2019-09-02 22:00:00,889.12
2019-09-02 22:15:00,869.68
2019-09-02 22:30:00,862.64
2019-09-02 22:45:00,848.96
2019-09-02 23:00:00,819.12
2019-09-02 23:15:00,804.64
2019-09-02 23:30:00,794.8
2019-09-02 23:45:00,792.08
2019-09-03 00:00:00,784.48
2019-09-03 00:15:00,783.84
2019-09-03 00:30:00,777.36
2019-09-03 00:45:00,776.08
2019-09-03 01:00:00,776.8
2019-09-03 01:15:00,772.08
2019-09-03 01:30:00,771.28
2019-09-03 01:45:00,776.24
2019-09-03 02:00:00,777.92
2019-09-03 02:15:00,780.08
2019-09-03 02:30:00,779.2
2019-09-03 02:45:00,781.36
2019-09-03 03:00:00,787.84
2019-09-03 03:15:00,790.4
2019-09-03 03:30:00,806.08
2019-09-03 03:45:00,813.76
2019-09-03 04:00:00,844.4
2019-09-03 04:15:00,864.4
2019-09-03 04:30:00,889.44
2019-09-03 04:45:00,920.08
2019-09-03 05:00:00,992.0
2019-09-03 05:15:00,1035.12
2019-09-03 05:30:00,1056.64
2019-09-03 05:45:00,1076.24
2019-09-03 06:00:00,1108.16
2019-09-03 06:15:00,1129.84
2019-09-03 06:30:00,1150.08
2019-09-03 06:45:00,1161.44
2019-09-03 07:00:00,1168.72
2019-09-03 07:15:00,1179.2
2019-09-03 07:30:00,1184.48
2019-09-03 07:45:00,1182.32
2019-09-03 08:00:00,1164.8
2019-09-03 08:15:00,1178.24
2019-09-03 08:30:00,1191.04
2019-09-03 08:45:00,1201.36
2019-09-03 09:00:00,1201.6
2019-09-03 09:15:00,1210.4
2019-09-03 09:30:00,1228.0
2019-09-03 09:45:00,1241.68
2019-09-03 10:00:00,1243.36
2019-09-03 10:15:00,1249.04
2019-09-03 10:30:00,1254.72
2019-09-03 10:45:00,1265.04
2019-09-03 11:00:00,1254.32
2019-09-03 11:15:00,1249.68
2019-09-03 11:30:00,1256.32
2019-09-03 11:45:00,1252.08
2019-09-03 12:00:00,1252.56
2019-09-03 12:15:00,1244.48
2019-09-03 12:30:00,1237.28
2019-09-03 12:45:00,1227.28
2019-09-03 13:00:00,1225.04
2019-09-03 13:15:00,1224.64
2019-09-03 13:30:00,1216.96
2019-09-03 13:45:00,1214.96
2019-09-03 14:00:00,1213.52
2019-09-03 14:15:00,1203.84
2019-09-03 14:30:00,1191.12
2019-09-03 14:45:00,1181.28
2019-09-03 15:00:00,1176.64
2019-09-03 15:15:00,1173.04
2019-09-03 15:30:00,1160.08
2019-09-03 15:45:00,1156.32
2019-09-03 16:00:00,1159.76
2019-09-03 16:15:00,1160.72
2019-09-03 16:30:00,1156.96
2019-09-03 16:45:00,1153.28
2019-09-03 17:00:00,1150.56
2019-09-03 17:15:00,1144.96
2019-09-03 17:30:00,1142.16
2019-09-03 17:45:00,1143.68
2019-09-03 18:00:00,1135.76
2019-09-03 18:15:00,1129.36
2019-09-03 18:30:00,1121.84
2019-09-03 18:45:00,1121.52
2019-09-03 19:00:00,1122.88
2019-09-03 19:15:00,1127.04
2019-09-03 19:30:00,1123.28
2019-09-03 19:45:00,1106.88
2019-09-03 20:00:00,1081.68
2019-09-03 20:15:00,1062.48
2019-09-03 20:30:00,1039.28
2019-09-03 20:45:00,1017.6
2019-09-03 21:00:00,990.4
2019-09-03 21:15:00,970.72
2019-09-03 21:30:00,948.56
2019-09-03 21:45:00,926.08
2019-09-03 22:00:00,906.0
2019-09-03 22:15:00,888.4
2019-09-03 22:30:00,872.24
2019-09-03 22:45:00,859.44
2019-09-03 23:00:00,836.64
2019-09-03 23:15:00,826.16
2019-09-03 23:30:00,813.04
2019-09-03 23:45:00,805.6
2019-09-04 00:00:00,797.2
2019-09-04 00:15:00,794.16
2019-09-04 00:30:00,788.64
2019-09-04 00:45:00,785.44
2019-09-04 01:00:00,773.04
2019-09-04 01:15:00,769.2
2019-09-04 01:30:00,769.12
2019-09-04 01:45:00,771.76
2019-09-04 02:00:00,772.24
2019-09-04 02:15:00,771.12
2019-09-04 02:30:00,773.6
2019-09-04 02:45:00,775.68
2019-09-04 03:00:00,782.8
2019-09-04 03:15:00,785.6
2019-09-04 03:30:00,796.8
2019-09-04 03:45:00,808.64
2019-09-04 04:00:00,839.76
2019-09-04 04:15:00,858.24
2019-09-04 04:30:00,877.6
2019-09-04 04:45:00,906.96
2019-09-04 05:00:00,974.56
2019-09-04 05:15:00,1014.72
2019-09-04 05:30:00,1036.48
2019-09-04 05:45:00,1063.04
2019-09-04 06:00:00,1095.36
2019-09-04 06:15:00,1110.4
2019-09-04 06:30:00,1126.0
2019-09-04 06:45:00,1143.2
2019-09-04 07:00:00,1159.76
2019-09-04 07:15:00,1171.76
2019-09-04 07:30:00,1174.96
2019-09-04 07:45:00,1180.72
2019-09-04 08:00:00,1176.72
2019-09-04 08:15:00,1186.24
2019-09-04 08:30:00,1200.24
2019-09-04 08:45:00,1205.12
2019-09-04 09:00:00,1206.32
2019-09-04 09:15:00,1216.08
2019-09-04 09:30:00,1229.6
2019-09-04 09:45:00,1237.6
2019-09-04 10:00:00,1240.56
2019-09-04 10:15:00,1246.64
2019-09-04 10:30:00,1251.44
2019-09-04 10:45:00,1254.48
2019-09-04 11:00:00,1242.16
2019-09-04 11:15:00,1234.72
2019-09-04 11:30:00,1238.8
2019-09-04 11:45:00,1238.08
2019-09-04 12:00:00,1231.92
2019-09-04 12:15:00,1222.32
2019-09-04 12:30:00,1220.0
2019-09-04 12:45:00,1209.44
2019-09-04 13:00:00,1205.36
2019-09-04 13:15:00,1205.84
2019-09-04 13:30:00,1203.84
2019-09-04 13:45:00,1197.84
2019-09-04 14:00:00,1196.48
2019-09-04 14:15:00,1182.72
2019-09-04 14:30:00,1175.76
2019-09-04 14:45:00,1169.76
2019-09-04 15:00:00,1162.48
2019-09-04 15:15:00,1155.68
2019-09-04 15:30:00,1147.92
2019-09-04 15:45:00,1145.44
2019-09-04 16:00:00,1151.2
2019-09-04 16:15:00,1144.24
2019-09-04 16:30:00,1147.6
2019-09-04 16:45:00,1150.24
2019-09-04 17:00:00,1146.72
2019-09-04 17:15:00,1140.4
2019-09-04 17:30:00,1141.6
2019-09-04 17:45:00,1142.08
2019-09-04 18:00:00,1141.84
2019-09-04 18:15:00,1138.0
2019-09-04 18:30:00,1134.32
2019-09-04 18:45:00,1135.04
2019-09-04 19:00:00,1132.32
2019-09-04 19:15:00,1126.96
2019-09-04 19:30:00,1120.72
2019-09-04 19:45:00,1102.24
2019-09-04 20:00:00,1082.8
2019-09-04 20:15:00,1067.68
2019-09-04 20:30:00,1046.8
2019-09-04 20:45:00,1023.76
2019-09-04 21:00:00,994.72
2019-09-04 21:15:00,975.76
2019-09-04 21:30:00,949.44
2019-09-04 21:45:00,931.84
2019-09-04 22:00:00,908.4
2019-09-04 22:15:00,891.44
2019-09-04 22:30:00,886.56
2019-09-04 22:45:00,871.52
2019-09-04 23:00:00,861.12
2019-09-04 23:15:00,846.0
2019-09-04 23:30:00,834.08
2019-09-04 23:45:00,823.76
2019-09-05 00:00:00,815.12
2019-09-05 00:15:00,804.08
2019-09-05 00:30:00,804.96
2019-09-05 00:45:00,800.48
2019-09-05 01:00:00,798.8
2019-09-05 01:15:00,792.88
2019-09-05 01:30:00,795.76
2019-09-05 01:45:00,798.8
2019-09-05 02:00:00,798.56
2019-09-05 02:15:00,798.88
2019-09-05 02:30:00,803.2
2019-09-05 02:45:00,802.88
2019-09-05 03:00:00,812.16
2019-09-05 03:15:00,818.88
2019-09-05 03:30:00,826.24
2019-09-05 03:45:00,835.36
2019-09-05 04:00:00,866.08
2019-09-05 04:15:00,884.48
2019-09-05 04:30:00,903.12
2019-09-05 04:45:00,938.32
2019-09-05 05:00:00,1002.72
2019-09-05 05:15:00,1042.88
2019-09-05 05:30:00,1064.08
2019-09-05 05:45:00,1086.24
2019-09-05 06:00:00,1116.16
2019-09-05 06:15:00,1135.76
2019-09-05 06:30:00,1152.4
2019-09-05 06:45:00,1165.36
2019-09-05 07:00:00,1182.96
2019-09-05 07:15:00,1195.36
2019-09-05 07:30:00,1200.88
2019-09-05 07:45:00,1215.52
2019-09-05 08:00:00,1207.52
2019-09-05 08:15:00,1218.4
2019-09-05 08:30:00,1233.76
2019-09-05 08:45:00,1238.48
2019-09-05 09:00:00,1237.04
2019-09-05 09:15:00,1247.28
2019-09-05 09:30:00,1259.76
2019-09-05 09:45:00,1268.88
2019-09-05 10:00:00,1272.08
2019-09-05 10:15:00,1287.36
2019-09-05 10:30:00,1287.76
2019-09-05 10:45:00,1293.6
2019-09-05 11:00:00,1276.96
2019-09-05 11:15:00,1266.4
2019-09-05 11:30:00,1275.6
2019-09-05 11:45:00,1277.92
2019-09-05 12:00:00,1268.72
2019-09-05 12:15:00,1267.52
2019-09-05 12:30:00,1270.16
2019-09-05 12:45:00,1258.24
2019-09-05 13:00:00,1254.88
2019-09-05 13:15:00,1255.52
2019-09-05 13:30:00,1247.04
2019-09-05 13:45:00,1238.64
2019-09-05 14:00:00,1233.76
2019-09-05 14:15:00,1229.28
2019-09-05 14:30:00,1223.28
2019-09-05 14:45:00,1212.64
2019-09-05 15:00:00,1209.44
2019-09-05 15:15:00,1195.68
2019-09-05 15:30:00,1186.8
2019-09-05 15:45:00,1187.52
2019-09-05 16:00:00,1186.72
2019-09-05 16:15:00,1189.76
2019-09-05 16:30:00,1189.84
2019-09-05 16:45:00,1192.32
2019-09-05 17:00:00,1192.0
2019-09-05 17:15:00,1184.24
2019-09-05 17:30:00,1177.36
2019-09-05 17:45:00,1176.08
2019-09-05 18:00:00,1174.56
2019-09-05 18:15:00,1167.76
2019-09-05 18:30:00,1164.56
2019-09-05 18:45:00,1165.28
2019-09-05 19:00:00,1162.24
2019-09-05 19:15:00,1154.96
2019-09-05 19:30:00,1152.0
2019-09-05 19:45:00,1133.28
2019-09-05 20:00:00,1113.28
2019-09-05 20:15:00,1091.68
2019-09-05 20:30:00,1063.52
2019-09-05 20:45:00,1042.16
2019-09-05 21:00:00,1013.6
2019-09-05 21:15:00,989.04
2019-09-05 21:30:00,964.72
2019-09-05 21:45:00,944.4
2019-09-05 22:00:00,918.8
2019-09-05 22:15:00,901.76
2019-09-05 22:30:00,890.24
2019-09-05 22:45:00,875.44
2019-09-05 23:00:00,852.96
2019-09-05 23:15:00,844.8
2019-09-05 23:30:00,838.32
2019-09-05 23:45:00,832.08
2019-09-06 00:00:00,825.04
2019-09-06 00:15:00,822.64
2019-09-06 00:30:00,816.24
2019-09-06 00:45:00,808.56
2019-09-06 01:00:00,800.88
2019-09-06 01:15:00,797.12
2019-09-06 01:30:00,797.44
2019-09-06 01:45:00,802.96
2019-09-06 02:00:00,796.48
2019-09-06 02:15:00,799.84
2019-09-06 02:30:00,799.36
2019-09-06 02:45:00,805.36
2019-09-06 03:00:00,816.0
2019-09-06 03:15:00,820.8
2019-09-06 03:30:00,829.92
2019-09-06 03:45:00,841.76
2019-09-06 04:00:00,866.72
2019-09-06 04:15:00,884.08
2019-09-06 04:30:00,903.44
2019-09-06 04:45:00,933.36
2019-09-06 05:00:00,990.96
2019-09-06 05:15:00,1027.28
2019-09-06 05:30:00,1054.24
2019-09-06 05:45:00,1079.68
2019-09-06 06:00:00,1107.84
2019-09-06 06:15:00,1127.28
2019-09-06 06:30:00,1142.88
2019-09-06 06:45:00,1163.52
2019-09-06 07:00:00,1184.24
2019-09-06 07:15:00,1187.68
2019-09-06 07:30:00,1194.64
2019-09-06 07:45:00,1203.36
2019-09-06 08:00:00,1197.28
2019-09-06 08:15:00,1196.8
2019-09-06 08:30:00,1205.6
2019-09-06 08:45:00,1213.68
2019-09-06 09:00:00,1216.88
2019-09-06 09:15:00,1220.72
2019-09-06 09:30:00,1229.76
2019-09-06 09:45:00,1235.6
2019-09-06 10:00:00,1234.4
2019-09-06 10:15:00,1239.36
2019-09-06 10:30:00,1243.04
2019-09-06 10:45:00,1243.84
2019-09-06 11:00:00,1233.04
2019-09-06 11:15:00,1231.04
2019-09-06 11:30:00,1228.72
2019-09-06 11:45:00,1218.48
2019-09-06 12:00:00,1207.76
2019-09-06 12:15:00,1200.96
2019-09-06 12:30:00,1194.72
2019-09-06 12:45:00,1179.44
2019-09-06 13:00:00,1175.44
2019-09-06 13:15:00,1168.56
2019-09-06 13:30:00,1158.72
2019-09-06 13:45:00,1150.56
2019-09-06 14:00:00,1147.92
2019-09-06 14:15:00,1142.72
2019-09-06 14:30:00,1133.6
2019-09-06 14:45:00,1132.8
2019-09-06 15:00:00,1130.4
2019-09-06 15:15:00,1119.92
2019-09-06 15:30:00,1116.88
2019-09-06 15:45:00,1116.0
2019-09-06 16:00:00,1121.36
2019-09-06 16:15:00,1114.32
2019-09-06 16:30:00,1115.2
2019-09-06 16:45:00,1115.84
2019-09-06 17:00:00,1110.8
2019-09-06 17:15:00,1100.72
2019-09-06 17:30:00,1100.08
2019-09-06 17:45:00,1102.16
2019-09-06 18:00:00,1102.72
2019-09-06 18:15:00,1093.28
2019-09-06 18:30:00,1086.64
2019-09-06 18:45:00,1089.44
2019-09-06 19:00:00,1090.4
2019-09-06 19:15:00,1084.88
2019-09-06 19:30:00,1067.44
2019-09-06 19:45:00,1050.16
2019-09-06 20:00:00,1025.28
2019-09-06 20:15:00,1000.08
2019-09-06 20:30:00,980.48
2019-09-06 20:45:00,957.84
2019-09-06 21:00:00,942.8
2019-09-06 21:15:00,921.92
2019-09-06 21:30:00,900.32
2019-09-06 21:45:00,885.52
2019-09-06 22:00:00,863.52
2019-09-06 22:15:00,847.76
2019-09-06 22:30:00,829.76
2019-09-06 22:45:00,815.92
2019-09-06 23:00:00,795.92
2019-09-06 23:15:00,782.64
2019-09-06 23:30:00,777.12
2019-09-06 23:45:00,772.72
2019-09-07 00:00:00,764.4
2019-09-07 00:15:00,757.76
2019-09-07 00:30:00,756.72
2019-09-07 00:45:00,757.68
2019-09-07 01:00:00,745.44
2019-09-07 01:15:00,743.04
2019-09-07 01:30:00,738.8
2019-09-07 01:45:00,733.68
2019-09-07 02:00:00,736.88
2019-09-07 02:15:00,726.24
2019-09-07 02:30:00,726.0
2019-09-07 02:45:00,725.76
2019-09-07 03:00:00,725.76
2019-09-07 03:15:00,722.16
2019-09-07 03:30:00,721.76
2019-09-07 03:45:00,723.52
2019-09-07 04:00:00,736.08
2019-09-07 04:15:00,733.28
2019-09-07 04:30:00,732.32
2019-09-07 04:45:00,736.4
2019-09-07 05:00:00,754.8
2019-09-07 05:15:00,766.72
2019-09-07 05:30:00,769.68
2019-09-07 05:45:00,781.36
2019-09-07 06:00:00,798.32
2019-09-07 06:15:00,811.36
2019-09-07 06:30:00,828.0
2019-09-07 06:45:00,842.24
2019-09-07 07:00:00,859.44
2019-09-07 07:15:00,876.56
2019-09-07 07:30:00,888.72
2019-09-07 07:45:00,903.36
2019-09-07 08:00:00,916.88
2019-09-07 08:15:00,927.36
2019-09-07 08:30:00,938.96
2019-09-07 08:45:00,945.2
2019-09-07 09:00:00,955.92
2019-09-07 09:15:00,964.16
2019-09-07 09:30:00,970.48
2019-09-07 09:45:00,976.96
2019-09-07 10:00:00,985.92
2019-09-07 10:15:00,992.08
2019-09-07 10:30:00,983.6
2019-09-07 10:45:00,982.08
2019-09-07 11:00:00,980.24
2019-09-07 11:15:00,981.2
2019-09-07 11:30:00,982.56
2019-09-07 11:45:00,968.16
2019-09-07 12:00:00,958.32
2019-09-07 12:15:00,944.0
2019-09-07 12:30:00,939.92
2019-09-07 12:45:00,926.72
2019-09-07 13:00:00,917.84
2019-09-07 13:15:00,908.0
2019-09-07 13:30:00,896.56
2019-09-07 13:45:00,888.88
2019-09-07 14:00:00,888.08
2019-09-07 14:15:00,886.56
2019-09-07 14:30:00,880.8
2019-09-07 14:45:00,879.76
2019-09-07 15:00:00,881.76
2019-09-07 15:15:00,875.44
2019-09-07 15:30:00,879.68
2019-09-07 15:45:00,880.64
2019-09-07 16:00:00,891.6
2019-09-07 16:15:00,894.0
2019-09-07 16:30:00,901.92
2019-09-07 16:45:00,908.8
2019-09-07 17:00:00,916.0
2019-09-07 17:15:00,914.88
2019-09-07 17:30:00,917.6
2019-09-07 17:45:00,920.08
2019-09-07 18:00:00,923.68
2019-09-07 18:15:00,916.08
2019-09-07 18:30:00,915.76
2019-09-07 18:45:00,919.84
2019-09-07 19:00:00,924.72
2019-09-07 19:15:00,917.12
2019-09-07 19:30:00,905.52
2019-09-07 19:45:00,890.4
2019-09-07 20:00:00,874.4
2019-09-07 20:15:00,856.72
2019-09-07 20:30:00,843.76
2019-09-07 20:45:00,831.12
2019-09-07 21:00:00,822.08
2019-09-07 21:15:00,806.64
2019-09-07 21:30:00,792.16
2019-09-07 21:45:00,777.92
2019-09-07 22:00:00,765.52
2019-09-07 22:15:00,748.88
2019-09-07 22:30:00,736.32
2019-09-07 22:45:00,721.92
2019-09-07 23:00:00,706.4
2019-09-07 23:15:00,694.08
2019-09-07 23:30:00,683.6
2019-09-07 23:45:00,678.72
2019-09-08 00:00:00,667.44
2019-09-08 00:15:00,660.0
2019-09-08 00:30:00,660.56
2019-09-08 00:45:00,656.08
2019-09-08 01:00:00,648.08
2019-09-08 01:15:00,644.4
2019-09-08 01:30:00,641.36
2019-09-08 01:45:00,636.72
2019-09-08 02:00:00,634.72
2019-09-08 02:15:00,636.08
2019-09-08 02:30:00,632.4
2019-09-08 02:45:00,635.6
2019-09-08 03:00:00,632.8
2019-09-08 03:15:00,631.28
2019-09-08 03:30:00,631.52
2019-09-08 03:45:00,638.4
2019-09-08 04:00:00,634.88
2019-09-08 04:15:00,630.32
2019-09-08 04:30:00,635.28
2019-09-08 04:45:00,637.44
2019-09-08 05:00:00,653.52
2019-09-08 05:15:00,654.32
2019-09-08 05:30:00,658.48
2019-09-08 05:45:00,661.92
2019-09-08 06:00:00,667.76
2019-09-08 06:15:00,675.04
2019-09-08 06:30:00,694.48
2019-09-08 06:45:00,712.64
2019-09-08 07:00:00,735.68
2019-09-08 07:15:00,747.04
2019-09-08 07:30:00,766.48
2019-09-08 07:45:00,780.4
2019-09-08 08:00:00,799.68
2019-09-08 08:15:00,814.4
2019-09-08 08:30:00,831.12
2019-09-08 08:45:00,840.72
2019-09-08 09:00:00,854.0
2019-09-08 09:15:00,864.32
2019-09-08 09:30:00,864.8
2019-09-08 09:45:00,880.24
2019-09-08 10:00:00,897.12
2019-09-08 10:15:00,900.16
2019-09-08 10:30:00,906.72
2019-09-08 10:45:00,916.48
2019-09-08 11:00:00,913.44
2019-09-08 11:15:00,902.96
2019-09-08 11:30:00,892.32
2019-09-08 11:45:00,884.88
2019-09-08 12:00:00,875.28
2019-09-08 12:15:00,863.44
2019-09-08 12:30:00,860.08
2019-09-08 12:45:00,849.12
2019-09-08 13:00:00,844.88
2019-09-08 13:15:00,835.28
2019-09-08 13:30:00,838.48
2019-09-08 13:45:00,832.24
2019-09-08 14:00:00,832.64
2019-09-08 14:15:00,830.4
2019-09-08 14:30:00,830.48
2019-09-08 14:45:00,829.68
2019-09-08 15:00:00,830.16
2019-09-08 15:15:00,823.68
2019-09-08 15:30:00,828.56
2019-09-08 15:45:00,834.24
2019-09-08 16:00:00,843.28
2019-09-08 16:15:00,846.24
2019-09-08 16:30:00,855.04
2019-09-08 16:45:00,864.72
2019-09-08 17:00:00,881.84
2019-09-08 17:15:00,877.76
2019-09-08 17:30:00,878.8
2019-09-08 17:45:00,884.0
2019-09-08 18:00:00,888.88
2019-09-08 18:15:00,881.2
2019-09-08 18:30:00,888.32
2019-09-08 18:45:00,897.12
2019-09-08 19:00:00,910.56
2019-09-08 19:15:00,903.6
2019-09-08 19:30:00,897.28
2019-09-08 19:45:00,883.92
2019-09-08 20:00:00,867.04
2019-09-08 20:15:00,853.76
2019-09-08 20:30:00,845.44
2019-09-08 20:45:00,837.6
2019-09-08 21:00:00,836.64
2019-09-08 21:15:00,819.12
2019-09-08 21:30:00,806.88
2019-09-08 21:45:00,789.84
2019-09-08 22:00:00,774.64
2019-09-08 22:15:00,760.48
2019-09-08 22:30:00,747.52
2019-09-08 22:45:00,736.08
2019-09-08 23:00:00,716.48
2019-09-08 23:15:00,705.36
2019-09-08 23:30:00,700.56
2019-09-08 23:45:00,690.56
2019-09-09 00:00:00,686.08
2019-09-09 00:15:00,679.2
2019-09-09 00:30:00,675.12
2019-09-09 00:45:00,672.48
2019-09-09 01:00:00,674.32
2019-09-09 01:15:00,675.52
2019-09-09 01:30:00,675.04
2019-09-09 01:45:00,676.0
2019-09-09 02:00:00,677.44
2019-09-09 02:15:00,683.6
2019-09-09 02:30:00,681.36
2019-09-09 02:45:00,684.96
2019-09-09 03:00:00,699.28
2019-09-09 03:15:00,708.08
2019-09-09 03:30:00,718.56
2019-09-09 03:45:00,729.44
2019-09-09 04:00:00,770.56
2019-09-09 04:15:00,797.52
2019-09-09 04:30:00,826.56
2019-09-09 04:45:00,859.84
2019-09-09 05:00:00,935.44
2019-09-09 05:15:00,992.0
2019-09-09 05:30:00,1029.6
2019-09-09 05:45:00,1053.36
2019-09-09 06:00:00,1087.84
2019-09-09 06:15:00,1114.0
2019-09-09 06:30:00,1129.12
2019-09-09 06:45:00,1145.84
2019-09-09 07:00:00,1165.76
2019-09-09 07:15:00,1179.28
2019-09-09 07:30:00,1186.24
2019-09-09 07:45:00,1188.88
2019-09-09 08:00:00,1185.68
2019-09-09 08:15:00,1195.44
2019-09-09 08:30:00,1204.48
2019-09-09 08:45:00,1210.08
2019-09-09 09:00:00,1216.48
2019-09-09 09:15:00,1226.8
2019-09-09 09:30:00,1235.28
2019-09-09 09:45:00,1240.24
2019-09-09 10:00:00,1247.6
2019-09-09 10:15:00,1255.84
2019-09-09 10:30:00,1256.32
2019-09-09 10:45:00,1255.92
2019-09-09 11:00:00,1240.56
2019-09-09 11:15:00,1237.04
2019-09-09 11:30:00,1233.36
2019-09-09 11:45:00,1234.0
2019-09-09 12:00:00,1233.28
2019-09-09 12:15:00,1226.0
2019-09-09 12:30:00,1225.04
2019-09-09 12:45:00,1206.32
2019-09-09 13:00:00,1201.04
2019-09-09 13:15:00,1206.08
2019-09-09 13:30:00,1203.2
2019-09-09 13:45:00,1194.88
2019-09-09 14:00:00,1191.68
2019-09-09 14:15:00,1184.56
2019-09-09 14:30:00,1174.72
2019-09-09 14:45:00,1166.32
2019-09-09 15:00:00,1159.84
2019-09-09 15:15:00,1148.88
2019-09-09 15:30:00,1138.88
2019-09-09 15:45:00,1132.96
2019-09-09 16:00:00,1135.2
2019-09-09 16:15:00,1136.24
2019-09-09 16:30:00,1143.68
2019-09-09 16:45:00,1141.2
2019-09-09 17:00:00,1141.76
2019-09-09 17:15:00,1136.08
2019-09-09 17:30:00,1139.12
2019-09-09 17:45:00,1142.48
2019-09-09 18:00:00,1141.6
2019-09-09 18:15:00,1134.72
2019-09-09 18:30:00,1142.4
2019-09-09 18:45:00,1147.76
2019-09-09 19:00:00,1148.88
2019-09-09 19:15:00,1140.0
2019-09-09 19:30:00,1121.76
2019-09-09 19:45:00,1101.6
2019-09-09 20:00:00,1077.12
2019-09-09 20:15:00,1052.16
2019-09-09 20:30:00,1029.36
2019-09-09 20:45:00,1007.76
2019-09-09 21:00:00,986.32
2019-09-09 21:15:00,968.56
2019-09-09 21:30:00,943.6
2019-09-09 21:45:00,925.28
2019-09-09 22:00:00,893.84
2019-09-09 22:15:00,873.84
2019-09-09 22:30:00,854.64
2019-09-09 22:45:00,843.12
2019-09-09 23:00:00,819.12
2019-09-09 23:15:00,808.72
2019-09-09 23:30:00,797.84
2019-09-09 23:45:00,791.04
2019-09-10 00:00:00,785.36
2019-09-10 00:15:00,776.88
2019-09-10 00:30:00,774.48
2019-09-10 00:45:00,772.0
2019-09-10 01:00:00,764.72
2019-09-10 01:15:00,761.12
2019-09-10 01:30:00,766.4
2019-09-10 01:45:00,774.4
2019-09-10 02:00:00,773.6
2019-09-10 02:15:00,775.04
2019-09-10 02:30:00,780.72
2019-09-10 02:45:00,782.48
2019-09-10 03:00:00,792.56
2019-09-10 03:15:00,797.68
2019-09-10 03:30:00,809.84
2019-09-10 03:45:00,823.84
2019-09-10 04:00:00,850.4
2019-09-10 04:15:00,872.24
2019-09-10 04:30:00,895.04
2019-09-10 04:45:00,930.0
2019-09-10 05:00:00,999.92
2019-09-10 05:15:00,1044.64
2019-09-10 05:30:00,1073.2
2019-09-10 05:45:00,1096.24
2019-09-10 06:00:00,1128.4
2019-09-10 06:15:00,1143.92
2019-09-10 06:30:00,1164.56
2019-09-10 06:45:00,1176.4
2019-09-10 07:00:00,1192.56
2019-09-10 07:15:00,1203.12
2019-09-10 07:30:00,1210.56
2019-09-10 07:45:00,1211.68
2019-09-10 08:00:00,1202.88
2019-09-10 08:15:00,1209.84
2019-09-10 08:30:00,1220.16
2019-09-10 08:45:00,1228.8
2019-09-10 09:00:00,1232.32
2019-09-10 09:15:00,1237.44
2019-09-10 09:30:00,1250.24
2019-09-10 09:45:00,1261.44
2019-09-10 10:00:00,1263.84
2019-09-10 10:15:00,1274.24
2019-09-10 10:30:00,1282.08
2019-09-10 10:45:00,1280.24
2019-09-10 11:00:00,1268.08
2019-09-10 11:15:00,1269.6
2019-09-10 11:30:00,1269.28
2019-09-10 11:45:00,1268.64
2019-09-10 12:00:00,1265.44
2019-09-10 12:15:00,1258.72
2019-09-10 12:30:00,1249.04
2019-09-10 12:45:00,1232.32
2019-09-10 13:00:00,1235.2
2019-09-10 13:15:00,1229.36
2019-09-10 13:30:00,1220.08
2019-09-10 13:45:00,1210.56
2019-09-10 14:00:00,1212.0
2019-09-10 14:15:00,1206.0
2019-09-10 14:30:00,1191.76
2019-09-10 14:45:00,1178.32
2019-09-10 15:00:00,1178.16
2019-09-10 15:15:00,1164.64
2019-09-10 15:30:00,1158.24
2019-09-10 15:45:00,1153.52
2019-09-10 16:00:00,1154.48
2019-09-10 16:15:00,1152.64
2019-09-10 16:30:00,1151.84
2019-09-10 16:45:00,1149.52
2019-09-10 17:00:00,1147.68
2019-09-10 17:15:00,1145.84
2019-09-10 17:30:00,1145.2
2019-09-10 17:45:00,1142.96
2019-09-10 18:00:00,1141.68
2019-09-10 18:15:00,1139.04
2019-09-10 18:30:00,1144.56
2019-09-10 18:45:00,1151.92
2019-09-10 19:00:00,1157.12
2019-09-10 19:15:00,1154.56
2019-09-10 19:30:00,1139.68
2019-09-10 19:45:00,1120.16
2019-09-10 20:00:00,1097.92
2019-09-10 20:15:00,1074.96
2019-09-10 20:30:00,1048.56
2019-09-10 20:45:00,1026.4
2019-09-10 21:00:00,1004.8
2019-09-10 21:15:00,984.48
2019-09-10 21:30:00,956.72
2019-09-10 21:45:00,937.52
2019-09-10 22:00:00,910.8
2019-09-10 22:15:00,892.4
2019-09-10 22:30:00,874.0
2019-09-10 22:45:00,857.76
2019-09-10 23:00:00,831.12
2019-09-10 23:15:00,819.52
2019-09-10 23:30:00,811.36
2019-09-10 23:45:00,797.76
2019-09-11 00:00:00,794.4
2019-09-11 00:15:00,791.44
2019-09-11 00:30:00,784.16
2019-09-11 00:45:00,783.12
2019-09-11 01:00:00,785.28
2019-09-11 01:15:00,788.56
2019-09-11 01:30:00,790.0
2019-09-11 01:45:00,793.04
2019-09-11 02:00:00,788.72
2019-09-11 02:15:00,791.04
2019-09-11 02:30:00,791.68
2019-09-11 02:45:00,793.68
2019-09-11 03:00:00,801.52
2019-09-11 03:15:00,812.56
2019-09-11 03:30:00,821.6
2019-09-11 03:45:00,834.72
2019-09-11 04:00:00,858.16
2019-09-11 04:15:00,880.96
2019-09-11 04:30:00,909.52
2019-09-11 04:45:00,947.44
2019-09-11 05:00:00,1018.32
2019-09-11 05:15:00,1069.12
2019-09-11 05:30:00,1104.32
2019-09-11 05:45:00,1125.28
2019-09-11 06:00:00,1144.8
2019-09-11 06:15:00,1161.6
2019-09-11 06:30:00,1175.52
2019-09-11 06:45:00,1188.64
2019-09-11 07:00:00,1202.88
2019-09-11 07:15:00,1208.32
2019-09-11 07:30:00,1218.4
2019-09-11 07:45:00,1217.12
2019-09-11 08:00:00,1195.12
2019-09-11 08:15:00,1200.96
2019-09-11 08:30:00,1210.16
2019-09-11 08:45:00,1217.76
2019-09-11 09:00:00,1214.4
2019-09-11 09:15:00,1219.68
2019-09-11 09:30:00,1230.56
2019-09-11 09:45:00,1237.6
2019-09-11 10:00:00,1238.88
2019-09-11 10:15:00,1242.8
2019-09-11 10:30:00,1251.76
2019-09-11 10:45:00,1257.2
2019-09-11 11:00:00,1254.64
2019-09-11 11:15:00,1253.36
2019-09-11 11:30:00,1255.12
2019-09-11 11:45:00,1260.8
2019-09-11 12:00:00,1259.28
2019-09-11 12:15:00,1248.4
2019-09-11 12:30:00,1244.8
2019-09-11 12:45:00,1231.36
2019-09-11 13:00:00,1228.64
2019-09-11 13:15:00,1224.32
2019-09-11 13:30:00,1217.84
2019-09-11 13:45:00,1214.72
2019-09-11 14:00:00,1216.64
2019-09-11 14:15:00,1211.12
2019-09-11 14:30:00,1201.68
2019-09-11 14:45:00,1192.32
2019-09-11 15:00:00,1189.92
2019-09-11 15:15:00,1181.44
2019-09-11 15:30:00,1172.16
2019-09-11 15:45:00,1169.44
2019-09-11 16:00:00,1170.16
2019-09-11 16:15:00,1166.8
2019-09-11 16:30:00,1169.12
2019-09-11 16:45:00,1172.4
2019-09-11 17:00:00,1176.24
2019-09-11 17:15:00,1171.84
2019-09-11 17:30:00,1170.24
2019-09-11 17:45:00,1175.04
2019-09-11 18:00:00,1178.48
2019-09-11 18:15:00,1177.52
2019-09-11 18:30:00,1182.72
2019-09-11 18:45:00,1190.64
2019-09-11 19:00:00,1197.36
2019-09-11 19:15:00,1180.32
2019-09-11 19:30:00,1162.48
2019-09-11 19:45:00,1141.76
2019-09-11 20:00:00,1113.28
2019-09-11 20:15:00,1096.32
2019-09-11 20:30:00,1072.8
2019-09-11 20:45:00,1051.12
2019-09-11 21:00:00,1026.16
2019-09-11 21:15:00,1004.4
2019-09-11 21:30:00,976.48
2019-09-11 21:45:00,954.08
2019-09-11 22:00:00,929.84
2019-09-11 22:15:00,916.16
2019-09-11 22:30:00,899.2
2019-09-11 22:45:00,888.32
2019-09-11 23:00:00,871.36
2019-09-11 23:15:00,854.48
2019-09-11 23:30:00,843.04
2019-09-11 23:45:00,833.84
2019-09-12 00:00:00,823.44
2019-09-12 00:15:00,813.04
2019-09-12 00:30:00,805.28
2019-09-12 00:45:00,807.2
2019-09-12 01:00:00,798.48
2019-09-12 01:15:00,793.68
2019-09-12 01:30:00,795.36
2019-09-12 01:45:00,794.0
2019-09-12 02:00:00,793.52
2019-09-12 02:15:00,787.76
2019-09-12 02:30:00,784.64
2019-09-12 02:45:00,786.72
2019-09-12 03:00:00,797.28
2019-09-12 03:15:00,804.88
2019-09-12 03:30:00,811.76
2019-09-12 03:45:00,825.2
2019-09-12 04:00:00,862.48
2019-09-12 04:15:00,873.84
2019-09-12 04:30:00,904.24
2019-09-12 04:45:00,938.64
2019-09-12 05:00:00,999.6
2019-09-12 05:15:00,1049.36
2019-09-12 05:30:00,1082.4
2019-09-12 05:45:00,1106.64
2019-09-12 06:00:00,1135.12
2019-09-12 06:15:00,1155.84
2019-09-12 06:30:00,1168.8
2019-09-12 06:45:00,1183.6
2019-09-12 07:00:00,1198.88
2019-09-12 07:15:00,1209.04
2019-09-12 07:30:00,1209.76
2019-09-12 07:45:00,1210.8
2019-09-12 08:00:00,1202.48
2019-09-12 08:15:00,1207.36
2019-09-12 08:30:00,1212.8
2019-09-12 08:45:00,1216.48
2019-09-12 09:00:00,1222.4
2019-09-12 09:15:00,1226.4
2019-09-12 09:30:00,1234.4
2019-09-12 09:45:00,1237.84
2019-09-12 10:00:00,1238.8
2019-09-12 10:15:00,1245.04
2019-09-12 10:30:00,1254.64
2019-09-12 10:45:00,1257.6
2019-09-12 11:00:00,1246.88
2019-09-12 11:15:00,1241.84
2019-09-12 11:30:00,1242.16
2019-09-12 11:45:00,1245.28
2019-09-12 12:00:00,1246.48
2019-09-12 12:15:00,1245.84
2019-09-12 12:30:00,1237.12
2019-09-12 12:45:00,1225.12
2019-09-12 13:00:00,1227.2
2019-09-12 13:15:00,1229.2
2019-09-12 13:30:00,1222.16
2019-09-12 13:45:00,1216.48
2019-09-12 14:00:00,1213.52
2019-09-12 14:15:00,1207.6
2019-09-12 14:30:00,1198.72
2019-09-12 14:45:00,1188.56
2019-09-12 15:00:00,1177.04
2019-09-12 15:15:00,1173.04
2019-09-12 15:30:00,1161.36
2019-09-12 15:45:00,1160.08
2019-09-12 16:00:00,1155.36
2019-09-12 16:15:00,1152.08
2019-09-12 16:30:00,1146.16
2019-09-12 16:45:00,1149.36
2019-09-12 17:00:00,1150.24
2019-09-12 17:15:00,1141.84
2019-09-12 17:30:00,1140.24
2019-09-12 17:45:00,1148.16
2019-09-12 18:00:00,1150.64
2019-09-12 18:15:00,1143.44
2019-09-12 18:30:00,1147.12
2019-09-12 18:45:00,1156.72
2019-09-12 19:00:00,1164.64
2019-09-12 19:15:00,1155.12
2019-09-12 19:30:00,1141.52
2019-09-12 19:45:00,1124.4
2019-09-12 20:00:00,1106.0
2019-09-12 20:15:00,1084.56
2019-09-12 20:30:00,1060.32
2019-09-12 20:45:00,1040.24
2019-09-12 21:00:00,1027.2
2019-09-12 21:15:00,999.52
2019-09-12 21:30:00,978.32
2019-09-12 21:45:00,959.28
2019-09-12 22:00:00,941.36
2019-09-12 22:15:00,922.0
2019-09-12 22:30:00,903.6
2019-09-12 22:45:00,889.52
2019-09-12 23:00:00,859.04
2019-09-12 23:15:00,841.84
2019-09-12 23:30:00,834.32
2019-09-12 23:45:00,831.36
2019-09-13 00:00:00,823.68
2019-09-13 00:15:00,816.24
2019-09-13 00:30:00,817.68
2019-09-13 00:45:00,819.36
2019-09-13 01:00:00,816.72
2019-09-13 01:15:00,814.24
2019-09-13 01:30:00,818.24
2019-09-13 01:45:00,825.12
2019-09-13 02:00:00,831.36
2019-09-13 02:15:00,828.24
2019-09-13 02:30:00,841.36
2019-09-13 02:45:00,840.08
2019-09-13 03:00:00,836.0
2019-09-13 03:15:00,837.68
2019-09-13 03:30:00,840.32
2019-09-13 03:45:00,857.2
2019-09-13 04:00:00,879.52
2019-09-13 04:15:00,894.24
2019-09-13 04:30:00,922.4
2019-09-13 04:45:00,958.88
2019-09-13 05:00:00,1025.92
2019-09-13 05:15:00,1080.88
2019-09-13 05:30:00,1115.84
2019-09-13 05:45:00,1140.0
2019-09-13 06:00:00,1167.76
2019-09-13 06:15:00,1181.92
2019-09-13 06:30:00,1195.76
2019-09-13 06:45:00,1206.24
2019-09-13 07:00:00,1224.08
2019-09-13 07:15:00,1231.68
2019-09-13 07:30:00,1240.0
2019-09-13 07:45:00,1242.08
2019-09-13 08:00:00,1236.96
2019-09-13 08:15:00,1244.4
2019-09-13 08:30:00,1251.92
2019-09-13 08:45:00,1264.4
2019-09-13 09:00:00,1267.92
2019-09-13 09:15:00,1271.76
2019-09-13 09:30:00,1283.52
2019-09-13 09:45:00,1294.96
2019-09-13 10:00:00,1296.24
2019-09-13 10:15:00,1296.08
2019-09-13 10:30:00,1302.0
2019-09-13 10:45:00,1304.24
2019-09-13 11:00:00,1285.2
2019-09-13 11:15:00,1276.8
2019-09-13 11:30:00,1266.88
2019-09-13 11:45:00,1259.76
2019-09-13 12:00:00,1257.84
2019-09-13 12:15:00,1246.96
2019-09-13 12:30:00,1235.44
2019-09-13 12:45:00,1228.32
2019-09-13 13:00:00,1224.4
2019-09-13 13:15:00,1220.24
2019-09-13 13:30:00,1205.52
2019-09-13 13:45:00,1197.52
2019-09-13 14:00:00,1194.08
2019-09-13 14:15:00,1180.88
2019-09-13 14:30:00,1169.68
2019-09-13 14:45:00,1159.28
2019-09-13 15:00:00,1162.4
2019-09-13 15:15:00,1156.08
2019-09-13 15:30:00,1138.88
2019-09-13 15:45:00,1134.48
2019-09-13 16:00:00,1138.4
2019-09-13 16:15:00,1136.08
2019-09-13 16:30:00,1136.72
2019-09-13 16:45:00,1131.36
2019-09-13 17:00:00,1127.76
2019-09-13 17:15:00,1119.28
2019-09-13 17:30:00,1116.08
2019-09-13 17:45:00,1119.84
2019-09-13 18:00:00,1118.64
2019-09-13 18:15:00,1112.32
2019-09-13 18:30:00,1117.84
2019-09-13 18:45:00,1131.04
2019-09-13 19:00:00,1133.04
2019-09-13 19:15:00,1116.56
2019-09-13 19:30:00,1097.44
2019-09-13 19:45:00,1070.88
2019-09-13 20:00:00,1040.32
2019-09-13 20:15:00,1017.92
2019-09-13 20:30:00,995.04
2019-09-13 20:45:00,973.12
2019-09-13 21:00:00,953.84
2019-09-13 21:15:00,933.04
2019-09-13 21:30:00,911.28
2019-09-13 21:45:00,896.56
2019-09-13 22:00:00,875.12
2019-09-13 22:15:00,853.12
2019-09-13 22:30:00,837.6
2019-09-13 22:45:00,823.2
2019-09-13 23:00:00,800.72
2019-09-13 23:15:00,789.6
2019-09-13 23:30:00,781.68
2019-09-13 23:45:00,768.48
2019-09-14 00:00:00,758.08
2019-09-14 00:15:00,744.56
2019-09-14 00:30:00,737.44
2019-09-14 00:45:00,733.68
2019-09-14 01:00:00,720.8
2019-09-14 01:15:00,717.76
2019-09-14 01:30:00,713.12
2019-09-14 01:45:00,706.24
2019-09-14 02:00:00,708.16
2019-09-14 02:15:00,706.72
2019-09-14 02:30:00,702.16
2019-09-14 02:45:00,702.96
2019-09-14 03:00:00,710.0
2019-09-14 03:15:00,709.92
2019-09-14 03:30:00,709.92
2019-09-14 03:45:00,715.36
2019-09-14 04:00:00,724.4
2019-09-14 04:15:00,725.44
2019-09-14 04:30:00,726.56
2019-09-14 04:45:00,736.48
2019-09-14 05:00:00,764.48
2019-09-14 05:15:00,783.36
2019-09-14 05:30:00,782.48
2019-09-14 05:45:00,782.48
2019-09-14 06:00:00,808.96
2019-09-14 06:15:00,821.12
2019-09-14 06:30:00,841.36
2019-09-14 06:45:00,857.28
2019-09-14 07:00:00,881.76
2019-09-14 07:15:00,898.96
2019-09-14 07:30:00,915.84
2019-09-14 07:45:00,928.32
2019-09-14 08:00:00,939.52
2019-09-14 08:15:00,949.12
2019-09-14 08:30:00,964.32
2019-09-14 08:45:00,976.88
2019-09-14 09:00:00,977.76
2019-09-14 09:15:00,987.04
2019-09-14 09:30:00,994.08
2019-09-14 09:45:00,995.76
2019-09-14 10:00:00,1006.4
2019-09-14 10:15:00,1007.76
2019-09-14 10:30:00,1009.68
2019-09-14 10:45:00,1008.88
2019-09-14 11:00:00,1002.48
2019-09-14 11:15:00,997.6
2019-09-14 11:30:00,988.08
2019-09-14 11:45:00,979.6
2019-09-14 12:00:00,972.96
2019-09-14 12:15:00,961.2
2019-09-14 12:30:00,951.92
2019-09-14 12:45:00,940.24
2019-09-14 13:00:00,931.92
2019-09-14 13:15:00,922.96
2019-09-14 13:30:00,914.96
2019-09-14 13:45:00,911.12
2019-09-14 14:00:00,909.36
2019-09-14 14:15:00,909.76
2019-09-14 14:30:00,903.6
2019-09-14 14:45:00,900.56
2019-09-14 15:00:00,899.6
2019-09-14 15:15:00,900.24
2019-09-14 15:30:00,898.24
2019-09-14 15:45:00,892.64
2019-09-14 16:00:00,901.52
2019-09-14 16:15:00,908.4
2019-09-14 16:30:00,909.36
2019-09-14 16:45:00,911.84
2019-09-14 17:00:00,921.84
2019-09-14 17:15:00,918.88
2019-09-14 17:30:00,918.48
2019-09-14 17:45:00,916.24
2019-09-14 18:00:00,917.2
2019-09-14 18:15:00,919.04
2019-09-14 18:30:00,923.84
2019-09-14 18:45:00,934.16
2019-09-14 19:00:00,943.6
2019-09-14 19:15:00,930.8
2019-09-14 19:30:00,912.64
2019-09-14 19:45:00,902.32
2019-09-14 20:00:00,884.0
2019-09-14 20:15:00,868.16
2019-09-14 20:30:00,846.64
2019-09-14 20:45:00,840.64
2019-09-14 21:00:00,831.2
2019-09-14 21:15:00,818.24
2019-09-14 21:30:00,798.24
2019-09-14 21:45:00,787.68
2019-09-14 22:00:00,770.24
2019-09-14 22:15:00,757.68
2019-09-14 22:30:00,739.12
2019-09-14 22:45:00,734.24
2019-09-14 23:00:00,720.72
2019-09-14 23:15:00,716.48
2019-09-14 23:30:00,707.28
2019-09-14 23:45:00,701.76
2019-09-15 00:00:00,690.96
2019-09-15 00:15:00,682.96
2019-09-15 00:30:00,677.28
2019-09-15 00:45:00,677.44
2019-09-15 01:00:00,672.08
2019-09-15 01:15:00,666.32
2019-09-15 01:30:00,662.88
2019-09-15 01:45:00,668.8
2019-09-15 02:00:00,664.8
2019-09-15 02:15:00,663.68
2019-09-15 02:30:00,660.88
2019-09-15 02:45:00,661.2
2019-09-15 03:00:00,660.88
2019-09-15 03:15:00,660.8
2019-09-15 03:30:00,663.52
2019-09-15 03:45:00,663.76
2019-09-15 04:00:00,675.84
2019-09-15 04:15:00,676.48
2019-09-15 04:30:00,679.44
2019-09-15 04:45:00,683.36
2019-09-15 05:00:00,693.04
2019-09-15 05:15:00,695.92
2019-09-15 05:30:00,699.2
2019-09-15 05:45:00,699.68
2019-09-15 06:00:00,711.6
2019-09-15 06:15:00,728.16
2019-09-15 06:30:00,743.6
2019-09-15 06:45:00,763.12
2019-09-15 07:00:00,783.84
2019-09-15 07:15:00,797.76
2019-09-15 07:30:00,816.96
2019-09-15 07:45:00,829.68
2019-09-15 08:00:00,845.76
2019-09-15 08:15:00,855.76
2019-09-15 08:30:00,868.64
2019-09-15 08:45:00,884.0
2019-09-15 09:00:00,884.0
2019-09-15 09:15:00,893.44
2019-09-15 09:30:00,910.72
2019-09-15 09:45:00,916.96
2019-09-15 10:00:00,922.4
2019-09-15 10:15:00,928.64
2019-09-15 10:30:00,937.6
2019-09-15 10:45:00,938.56
2019-09-15 11:00:00,936.56
2019-09-15 11:15:00,932.8
2019-09-15 11:30:00,926.96
2019-09-15 11:45:00,919.68
2019-09-15 12:00:00,913.28
2019-09-15 12:15:00,905.92
2019-09-15 12:30:00,901.2
2019-09-15 12:45:00,889.28
2019-09-15 13:00:00,885.52
2019-09-15 13:15:00,876.8
2019-09-15 13:30:00,872.08
2019-09-15 13:45:00,867.04
2019-09-15 14:00:00,866.16
2019-09-15 14:15:00,860.4
2019-09-15 14:30:00,855.84
2019-09-15 14:45:00,851.04
2019-09-15 15:00:00,855.52
2019-09-15 15:15:00,850.72
2019-09-15 15:30:00,858.8
2019-09-15 15:45:00,864.32
2019-09-15 16:00:00,879.36
2019-09-15 16:15:00,884.32
2019-09-15 16:30:00,888.08
2019-09-15 16:45:00,892.16
2019-09-15 17:00:00,911.12
2019-09-15 17:15:00,911.36
2019-09-15 17:30:00,914.0
2019-09-15 17:45:00,917.92
2019-09-15 18:00:00,920.72
2019-09-15 18:15:00,920.96
2019-09-15 18:30:00,931.92
2019-09-15 18:45:00,946.16
2019-09-15 19:00:00,960.48
2019-09-15 19:15:00,951.12
2019-09-15 19:30:00,936.4
2019-09-15 19:45:00,922.88
2019-09-15 20:00:00,911.92
2019-09-15 20:15:00,891.52
2019-09-15 20:30:00,886.48
2019-09-15 20:45:00,884.16
2019-09-15 21:00:00,876.64
2019-09-15 21:15:00,858.48
2019-09-15 21:30:00,841.44
2019-09-15 21:45:00,828.72
2019-09-15 22:00:00,807.12
2019-09-15 22:15:00,789.92
2019-09-15 22:30:00,779.36
2019-09-15 22:45:00,770.4
2019-09-15 23:00:00,753.36
2019-09-15 23:15:00,743.44
2019-09-15 23:30:00,733.68
2019-09-15 23:45:00,730.96
2019-09-16 00:00:00,724.16
2019-09-16 00:15:00,717.68
2019-09-16 00:30:00,715.12
2019-09-16 00:45:00,708.56
2019-09-16 01:00:00,703.36
2019-09-16 01:15:00,696.4
2019-09-16 01:30:00,695.68
2019-09-16 01:45:00,696.96
2019-09-16 02:00:00,697.84
2019-09-16 02:15:00,696.48
2019-09-16 02:30:00,698.88
2019-09-16 02:45:00,704.0
2019-09-16 03:00:00,722.4
2019-09-16 03:15:00,725.2
2019-09-16 03:30:00,740.16
2019-09-16 03:45:00,760.96
2019-09-16 04:00:00,792.32
2019-09-16 04:15:00,808.96
2019-09-16 04:30:00,842.72
2019-09-16 04:45:00,881.76
2019-09-16 05:00:00,960.72
2019-09-16 05:15:00,1010.48
2019-09-16 05:30:00,1049.76
2019-09-16 05:45:00,1075.84
2019-09-16 06:00:00,1110.8
2019-09-16 06:15:00,1126.64
2019-09-16 06:30:00,1142.32
2019-09-16 06:45:00,1163.44
2019-09-16 07:00:00,1178.96
2019-09-16 07:15:00,1177.36
2019-09-16 07:30:00,1187.44
2019-09-16 07:45:00,1192.0
2019-09-16 08:00:00,1184.0
2019-09-16 08:15:00,1189.52
2019-09-16 08:30:00,1196.48
2019-09-16 08:45:00,1208.48
2019-09-16 09:00:00,1210.96
2019-09-16 09:15:00,1217.2
2019-09-16 09:30:00,1226.24
2019-09-16 09:45:00,1234.8
2019-09-16 10:00:00,1238.8
2019-09-16 10:15:00,1248.32
2019-09-16 10:30:00,1253.28
2019-09-16 10:45:00,1254.8
2019-09-16 11:00:00,1245.92
2019-09-16 11:15:00,1239.6
2019-09-16 11:30:00,1239.44
2019-09-16 11:45:00,1239.44
2019-09-16 12:00:00,1240.08
2019-09-16 12:15:00,1231.92
2019-09-16 12:30:00,1226.96
2019-09-16 12:45:00,1220.64
2019-09-16 13:00:00,1216.32
2019-09-16 13:15:00,1221.12
2019-09-16 13:30:00,1210.4
2019-09-16 13:45:00,1205.2
2019-09-16 14:00:00,1201.28
2019-09-16 14:15:00,1197.52
2019-09-16 14:30:00,1193.92
2019-09-16 14:45:00,1186.72
2019-09-16 15:00:00,1181.52
2019-09-16 15:15:00,1172.24
2019-09-16 15:30:00,1167.2
2019-09-16 15:45:00,1166.64
2019-09-16 16:00:00,1170.48
2019-09-16 16:15:00,1167.12
2019-09-16 16:30:00,1166.56
2019-09-16 16:45:00,1165.6
2019-09-16 17:00:00,1164.64
2019-09-16 17:15:00,1161.52
2019-09-16 17:30:00,1164.32
2019-09-16 17:45:00,1165.84
2019-09-16 18:00:00,1165.04
2019-09-16 18:15:00,1165.92
2019-09-16 18:30:00,1178.24
2019-09-16 18:45:00,1184.48
2019-09-16 19:00:00,1173.6
2019-09-16 19:15:00,1153.2
2019-09-16 19:30:00,1140.08
2019-09-16 19:45:00,1121.36
2019-09-16 20:00:00,1092.16
2019-09-16 20:15:00,1074.32
2019-09-16 20:30:00,1051.6
2019-09-16 20:45:00,1030.96
2019-09-16 21:00:00,1002.56
2019-09-16 21:15:00,984.8
2019-09-16 21:30:00,965.92
2019-09-16 21:45:00,942.32
2019-09-16 22:00:00,916.56
2019-09-16 22:15:00,897.92
2019-09-16 22:30:00,884.32
2019-09-16 22:45:00,869.76
2019-09-16 23:00:00,859.6
2019-09-16 23:15:00,846.24
2019-09-16 23:30:00,841.52
2019-09-16 23:45:00,838.08
2019-09-17 00:00:00,826.4
2019-09-17 00:15:00,818.32
2019-09-17 00:30:00,810.8
2019-09-17 00:45:00,808.24
2019-09-17 01:00:00,796.8
2019-09-17 01:15:00,791.76
2019-09-17 01:30:00,790.96
2019-09-17 01:45:00,796.0
2019-09-17 02:00:00,793.84
2019-09-17 02:15:00,795.76
2019-09-17 02:30:00,799.04
2019-09-17 02:45:00,808.32
2019-09-17 03:00:00,814.48
2019-09-17 03:15:00,819.68
2019-09-17 03:30:00,828.32
2019-09-17 03:45:00,841.2
2019-09-17 04:00:00,872.96
2019-09-17 04:15:00,882.88
2019-09-17 04:30:00,916.08
2019-09-17 04:45:00,950.32
2019-09-17 05:00:00,1026.0
2019-09-17 05:15:00,1067.84
2019-09-17 05:30:00,1104.88
2019-09-17 05:45:00,1129.52
2019-09-17 06:00:00,1163.84
2019-09-17 06:15:00,1179.2
2019-09-17 06:30:00,1189.2
2019-09-17 06:45:00,1203.04
2019-09-17 07:00:00,1217.92
2019-09-17 07:15:00,1229.28
2019-09-17 07:30:00,1234.56
2019-09-17 07:45:00,1234.0
2019-09-17 08:00:00,1231.44
2019-09-17 08:15:00,1238.4
2019-09-17 08:30:00,1247.28
2019-09-17 08:45:00,1254.88
2019-09-17 09:00:00,1254.64
2019-09-17 09:15:00,1262.16
2019-09-17 09:30:00,1271.04
2019-09-17 09:45:00,1284.08
2019-09-17 10:00:00,1285.04
2019-09-17 10:15:00,1297.2
2019-09-17 10:30:00,1304.4
2019-09-17 10:45:00,1309.44
2019-09-17 11:00:00,1289.6
2019-09-17 11:15:00,1289.04
2019-09-17 11:30:00,1292.8
2019-09-17 11:45:00,1290.56
2019-09-17 12:00:00,1286.16
2019-09-17 12:15:00,1279.68
2019-09-17 12:30:00,1275.92
2019-09-17 12:45:00,1264.72
2019-09-17 13:00:00,1262.96
2019-09-17 13:15:00,1260.0
2019-09-17 13:30:00,1256.4
2019-09-17 13:45:00,1247.12
2019-09-17 14:00:00,1253.36
2019-09-17 14:15:00,1240.8
2019-09-17 14:30:00,1234.08
2019-09-17 14:45:00,1224.64
2019-09-17 15:00:00,1216.56
2019-09-17 15:15:00,1213.44
2019-09-17 15:30:00,1206.8
2019-09-17 15:45:00,1202.56
2019-09-17 16:00:00,1201.76
2019-09-17 16:15:00,1202.72
2019-09-17 16:30:00,1204.4
2019-09-17 16:45:00,1203.92
2019-09-17 17:00:00,1201.52
2019-09-17 17:15:00,1196.96
2019-09-17 17:30:00,1197.36
2019-09-17 17:45:00,1195.36
2019-09-17 18:00:00,1203.36
2019-09-17 18:15:00,1206.8
2019-09-17 18:30:00,1216.72
2019-09-17 18:45:00,1228.32
2019-09-17 19:00:00,1228.16
2019-09-17 19:15:00,1213.28
2019-09-17 19:30:00,1190.32
2019-09-17 19:45:00,1169.92
2019-09-17 20:00:00,1142.24
2019-09-17 20:15:00,1125.76
2019-09-17 20:30:00,1102.88
2019-09-17 20:45:00,1076.48
2019-09-17 21:00:00,1050.48
2019-09-17 21:15:00,1024.64
2019-09-17 21:30:00,1002.56
2019-09-17 21:45:00,980.96
2019-09-17 22:00:00,952.64
2019-09-17 22:15:00,936.24
2019-09-17 22:30:00,919.92
2019-09-17 22:45:00,904.88
2019-09-17 23:00:00,882.96
2019-09-17 23:15:00,867.04
2019-09-17 23:30:00,859.52
2019-09-17 23:45:00,852.48
2019-09-18 00:00:00,838.88
2019-09-18 00:15:00,828.72
2019-09-18 00:30:00,820.16
2019-09-18 00:45:00,814.8
2019-09-18 01:00:00,804.88
2019-09-18 01:15:00,803.68
2019-09-18 01:30:00,802.56
2019-09-18 01:45:00,801.28
2019-09-18 02:00:00,806.32
2019-09-18 02:15:00,808.16
2019-09-18 02:30:00,808.16
2019-09-18 02:45:00,809.92
2019-09-18 03:00:00,825.36
2019-09-18 03:15:00,829.04
2019-09-18 03:30:00,833.92
2019-09-18 03:45:00,842.64
2019-09-18 04:00:00,877.12
2019-09-18 04:15:00,895.6
2019-09-18 04:30:00,921.84
2019-09-18 04:45:00,954.24
2019-09-18 05:00:00,1030.88
2019-09-18 05:15:00,1082.16
2019-09-18 05:30:00,1119.68
2019-09-18 05:45:00,1145.76
2019-09-18 06:00:00,1166.32
2019-09-18 06:15:00,1178.16
2019-09-18 06:30:00,1187.44
2019-09-18 06:45:00,1203.92
2019-09-18 07:00:00,1210.08
2019-09-18 07:15:00,1219.76
2019-09-18 07:30:00,1221.92
2019-09-18 07:45:00,1224.72
2019-09-18 08:00:00,1215.92
2019-09-18 08:15:00,1222.48
2019-09-18 08:30:00,1229.68
2019-09-18 08:45:00,1241.28
2019-09-18 09:00:00,1238.16
2019-09-18 09:15:00,1242.8
2019-09-18 09:30:00,1245.28
2019-09-18 09:45:00,1260.72
2019-09-18 10:00:00,1257.76
2019-09-18 10:15:00,1259.28
2019-09-18 10:30:00,1263.12
2019-09-18 10:45:00,1266.96
2019-09-18 11:00:00,1254.16
2019-09-18 11:15:00,1250.88
2019-09-18 11:30:00,1245.52
2019-09-18 11:45:00,1245.92
2019-09-18 12:00:00,1247.84
2019-09-18 12:15:00,1248.64
2019-09-18 12:30:00,1250.24
2019-09-18 12:45:00,1238.96
2019-09-18 13:00:00,1236.4
2019-09-18 13:15:00,1230.64
2019-09-18 13:30:00,1219.76
2019-09-18 13:45:00,1215.68
2019-09-18 14:00:00,1210.8
2019-09-18 14:15:00,1206.16
2019-09-18 14:30:00,1194.56
2019-09-18 14:45:00,1185.68
2019-09-18 15:00:00,1188.72
2019-09-18 15:15:00,1178.8
2019-09-18 15:30:00,1167.6
2019-09-18 15:45:00,1159.12
2019-09-18 16:00:00,1169.92
2019-09-18 16:15:00,1168.4
2019-09-18 16:30:00,1166.56
2019-09-18 16:45:00,1161.2
2019-09-18 17:00:00,1158.16
2019-09-18 17:15:00,1156.72
2019-09-18 17:30:00,1151.36
2019-09-18 17:45:00,1158.48
2019-09-18 18:00:00,1162.16
2019-09-18 18:15:00,1160.8
2019-09-18 18:30:00,1178.96
2019-09-18 18:45:00,1192.4
2019-09-18 19:00:00,1183.36
2019-09-18 19:15:00,1161.76
2019-09-18 19:30:00,1134.32
2019-09-18 19:45:00,1113.6
2019-09-18 20:00:00,1092.72
2019-09-18 20:15:00,1069.6
2019-09-18 20:30:00,1047.44
2019-09-18 20:45:00,1028.88
2019-09-18 21:00:00,1007.84
2019-09-18 21:15:00,985.6
2019-09-18 21:30:00,962.0
2019-09-18 21:45:00,944.88
2019-09-18 22:00:00,929.52
2019-09-18 22:15:00,912.4
2019-09-18 22:30:00,895.52
2019-09-18 22:45:00,881.2
2019-09-18 23:00:00,857.52
2019-09-18 23:15:00,849.2
2019-09-18 23:30:00,842.32
2019-09-18 23:45:00,830.24
2019-09-19 00:00:00,813.2
2019-09-19 00:15:00,806.24
2019-09-19 00:30:00,800.88
2019-09-19 00:45:00,794.8
2019-09-19 01:00:00,789.84
2019-09-19 01:15:00,783.76
2019-09-19 01:30:00,784.16
2019-09-19 01:45:00,778.56
2019-09-19 02:00:00,792.08
2019-09-19 02:15:00,794.48
2019-09-19 02:30:00,794.64
2019-09-19 02:45:00,796.0
2019-09-19 03:00:00,804.4
2019-09-19 03:15:00,811.12
2019-09-19 03:30:00,821.52
2019-09-19 03:45:00,840.56
2019-09-19 04:00:00,863.2
2019-09-19 04:15:00,883.2
2019-09-19 04:30:00,903.44
2019-09-19 04:45:00,935.12
2019-09-19 05:00:00,1017.92
2019-09-19 05:15:00,1067.6
2019-09-19 05:30:00,1101.12
2019-09-19 05:45:00,1124.0
2019-09-19 06:00:00,1137.84
2019-09-19 06:15:00,1149.68
2019-09-19 06:30:00,1162.24
2019-09-19 06:45:00,1174.96
2019-09-19 07:00:00,1193.68
2019-09-19 07:15:00,1200.8
2019-09-19 07:30:00,1203.84
2019-09-19 07:45:00,1210.24
2019-09-19 08:00:00,1195.04
2019-09-19 08:15:00,1205.76
2019-09-19 08:30:00,1214.8
2019-09-19 08:45:00,1220.48
2019-09-19 09:00:00,1214.32
2019-09-19 09:15:00,1217.92
2019-09-19 09:30:00,1221.68
2019-09-19 09:45:00,1228.8
2019-09-19 10:00:00,1241.84
2019-09-19 10:15:00,1254.88
2019-09-19 10:30:00,1264.48
2019-09-19 10:45:00,1271.84
2019-09-19 11:00:00,1252.88
2019-09-19 11:15:00,1254.32
2019-09-19 11:30:00,1246.16
2019-09-19 11:45:00,1243.76
2019-09-19 12:00:00,1229.44
2019-09-19 12:15:00,1224.56
2019-09-19 12:30:00,1218.08
2019-09-19 12:45:00,1205.28
2019-09-19 13:00:00,1202.16
2019-09-19 13:15:00,1201.6
2019-09-19 13:30:00,1195.92
2019-09-19 13:45:00,1185.44
2019-09-19 14:00:00,1189.28
2019-09-19 14:15:00,1175.92
2019-09-19 14:30:00,1168.96
2019-09-19 14:45:00,1160.48
2019-09-19 15:00:00,1151.92
2019-09-19 15:15:00,1149.04
2019-09-19 15:30:00,1140.32
2019-09-19 15:45:00,1136.88
2019-09-19 16:00:00,1137.36
2019-09-19 16:15:00,1132.32
2019-09-19 16:30:00,1133.12
2019-09-19 16:45:00,1133.92
2019-09-19 17:00:00,1134.72
2019-09-19 17:15:00,1132.4
2019-09-19 17:30:00,1133.68
2019-09-19 17:45:00,1140.24
2019-09-19 18:00:00,1155.12
2019-09-19 18:15:00,1158.64
2019-09-19 18:30:00,1176.08
2019-09-19 18:45:00,1190.08
2019-09-19 19:00:00,1183.2
2019-09-19 19:15:00,1165.44
2019-09-19 19:30:00,1142.16
2019-09-19 19:45:00,1120.08
2019-09-19 20:00:00,1082.0
2019-09-19 20:15:00,1058.96
2019-09-19 20:30:00,1038.16
2019-09-19 20:45:00,1015.84
2019-09-19 21:00:00,1002.48
2019-09-19 21:15:00,983.84
2019-09-19 21:30:00,960.08
2019-09-19 21:45:00,939.04
2019-09-19 22:00:00,914.0
2019-09-19 22:15:00,894.0
2019-09-19 22:30:00,880.96
2019-09-19 22:45:00,864.96
2019-09-19 23:00:00,839.28
2019-09-19 23:15:00,826.48
2019-09-19 23:30:00,815.2
2019-09-19 23:45:00,809.6
2019-09-20 00:00:00,805.52
2019-09-20 00:15:00,799.36
2019-09-20 00:30:00,794.4
2019-09-20 00:45:00,787.52
2019-09-20 01:00:00,780.4
2019-09-20 01:15:00,785.84
2019-09-20 01:30:00,785.36
2019-09-20 01:45:00,787.28
2019-09-20 02:00:00,791.28
2019-09-20 02:15:00,794.8
2019-09-20 02:30:00,796.64
2019-09-20 02:45:00,799.52
2019-09-20 03:00:00,810.64
2019-09-20 03:15:00,820.08
2019-09-20 03:30:00,826.8
2019-09-20 03:45:00,840.32
2019-09-20 04:00:00,869.12
2019-09-20 04:15:00,890.16
2019-09-20 04:30:00,916.24
2019-09-20 04:45:00,951.2
2019-09-20 05:00:00,1011.68
2019-09-20 05:15:00,1054.72
2019-09-20 05:30:00,1092.64
2019-09-20 05:45:00,1117.68
2019-09-20 06:00:00,1126.88
2019-09-20 06:15:00,1144.64
2019-09-20 06:30:00,1156.08
2019-09-20 06:45:00,1169.6
2019-09-20 07:00:00,1189.92
2019-09-20 07:15:00,1201.04
2019-09-20 07:30:00,1203.6
2019-09-20 07:45:00,1205.92
2019-09-20 08:00:00,1194.24
2019-09-20 08:15:00,1199.2
2019-09-20 08:30:00,1204.88
2019-09-20 08:45:00,1214.64
2019-09-20 09:00:00,1215.28
2019-09-20 09:15:00,1217.36
2019-09-20 09:30:00,1219.12
2019-09-20 09:45:00,1234.56
2019-09-20 10:00:00,1248.64
2019-09-20 10:15:00,1251.92
2019-09-20 10:30:00,1247.68
2019-09-20 10:45:00,1249.84
2019-09-20 11:00:00,1232.72
2019-09-20 11:15:00,1224.72
2019-09-20 11:30:00,1218.16
2019-09-20 11:45:00,1214.72
2019-09-20 12:00:00,1208.08
2019-09-20 12:15:00,1194.72
2019-09-20 12:30:00,1187.52
2019-09-20 12:45:00,1179.84
2019-09-20 13:00:00,1164.16
2019-09-20 13:15:00,1155.12
2019-09-20 13:30:00,1148.32
2019-09-20 13:45:00,1138.32
2019-09-20 14:00:00,1125.84
2019-09-20 14:15:00,1116.32
2019-09-20 14:30:00,1102.48
2019-09-20 14:45:00,1100.4
2019-09-20 15:00:00,1100.72
2019-09-20 15:15:00,1097.92
2019-09-20 15:30:00,1088.96
2019-09-20 15:45:00,1086.56
2019-09-20 16:00:00,1101.04
2019-09-20 16:15:00,1101.28
2019-09-20 16:30:00,1099.76
2019-09-20 16:45:00,1101.12
2019-09-20 17:00:00,1098.56
2019-09-20 17:15:00,1094.48
2019-09-20 17:30:00,1096.48
2019-09-20 17:45:00,1099.36
2019-09-20 18:00:00,1106.0
2019-09-20 18:15:00,1107.28
2019-09-20 18:30:00,1123.04
2019-09-20 18:45:00,1136.56
2019-09-20 19:00:00,1125.28
2019-09-20 19:15:00,1102.4
2019-09-20 19:30:00,1081.52
2019-09-20 19:45:00,1065.2
2019-09-20 20:00:00,1038.32
2019-09-20 20:15:00,1018.4
2019-09-20 20:30:00,997.52
2019-09-20 20:45:00,975.92
2019-09-20 21:00:00,958.72
2019-09-20 21:15:00,943.44
2019-09-20 21:30:00,920.32
2019-09-20 21:45:00,898.96
2019-09-20 22:00:00,881.36
2019-09-20 22:15:00,862.56
2019-09-20 22:30:00,849.2
2019-09-20 22:45:00,839.92
2019-09-20 23:00:00,813.44
2019-09-20 23:15:00,798.32
2019-09-20 23:30:00,782.56
2019-09-20 23:45:00,772.88
2019-09-21 00:00:00,772.48
2019-09-21 00:15:00,765.6
2019-09-21 00:30:00,756.72
2019-09-21 00:45:00,755.76
2019-09-21 01:00:00,746.24
2019-09-21 01:15:00,741.84
2019-09-21 01:30:00,738.32
2019-09-21 01:45:00,735.28
2019-09-21 02:00:00,730.96
2019-09-21 02:15:00,728.24
2019-09-21 02:30:00,730.16
2019-09-21 02:45:00,730.32
2019-09-21 03:00:00,731.68
2019-09-21 03:15:00,732.16
2019-09-21 03:30:00,735.84
2019-09-21 03:45:00,740.4
2019-09-21 04:00:00,751.92
2019-09-21 04:15:00,749.36
2019-09-21 04:30:00,750.96
2019-09-21 04:45:00,758.32
2019-09-21 05:00:00,781.84
2019-09-21 05:15:00,791.76
2019-09-21 05:30:00,801.44
2019-09-21 05:45:00,807.52
2019-09-21 06:00:00,833.6
2019-09-21 06:15:00,843.28
2019-09-21 06:30:00,862.64
2019-09-21 06:45:00,883.36
2019-09-21 07:00:00,903.92
2019-09-21 07:15:00,918.56
2019-09-21 07:30:00,926.72
2019-09-21 07:45:00,947.2
2019-09-21 08:00:00,945.44
2019-09-21 08:15:00,957.84
2019-09-21 08:30:00,970.72
2019-09-21 08:45:00,984.16
2019-09-21 09:00:00,996.72
2019-09-21 09:15:00,1006.56
2019-09-21 09:30:00,1006.48
2019-09-21 09:45:00,1017.12
2019-09-21 10:00:00,1016.56
2019-09-21 10:15:00,1019.28
2019-09-21 10:30:00,1022.48
2019-09-21 10:45:00,1022.96
2019-09-21 11:00:00,1006.8
2019-09-21 11:15:00,1001.68
2019-09-21 11:30:00,996.08
2019-09-21 11:45:00,987.44
2019-09-21 12:00:00,983.52
2019-09-21 12:15:00,975.92
2019-09-21 12:30:00,969.36
2019-09-21 12:45:00,959.36
2019-09-21 13:00:00,946.64
2019-09-21 13:15:00,944.0
2019-09-21 13:30:00,939.52
2019-09-21 13:45:00,928.32
2019-09-21 14:00:00,930.4
2019-09-21 14:15:00,925.04
2019-09-21 14:30:00,916.32
2019-09-21 14:45:00,913.2
2019-09-21 15:00:00,904.88
2019-09-21 15:15:00,902.0
2019-09-21 15:30:00,902.4
2019-09-21 15:45:00,901.44
2019-09-21 16:00:00,907.12
2019-09-21 16:15:00,914.4
2019-09-21 16:30:00,916.64
2019-09-21 16:45:00,922.96
2019-09-21 17:00:00,933.92
2019-09-21 17:15:00,937.68
2019-09-21 17:30:00,941.68
2019-09-21 17:45:00,945.44
2019-09-21 18:00:00,944.88
2019-09-21 18:15:00,948.32
2019-09-21 18:30:00,962.88
2019-09-21 18:45:00,969.76
2019-09-21 19:00:00,968.72
2019-09-21 19:15:00,950.48
2019-09-21 19:30:00,931.28
2019-09-21 19:45:00,917.44
2019-09-21 20:00:00,896.64
2019-09-21 20:15:00,883.68
2019-09-21 20:30:00,870.08
2019-09-21 20:45:00,858.8
2019-09-21 21:00:00,851.68
2019-09-21 21:15:00,840.56
2019-09-21 21:30:00,821.92
2019-09-21 21:45:00,811.04
2019-09-21 22:00:00,785.2
2019-09-21 22:15:00,774.4
2019-09-21 22:30:00,760.88
2019-09-21 22:45:00,752.24
2019-09-21 23:00:00,730.56
2019-09-21 23:15:00,719.44
2019-09-21 23:30:00,708.4
2019-09-21 23:45:00,702.24
2019-09-22 00:00:00,688.08
2019-09-22 00:15:00,679.12
2019-09-22 00:30:00,671.12
2019-09-22 00:45:00,666.08
2019-09-22 01:00:00,654.16
2019-09-22 01:15:00,649.52
2019-09-22 01:30:00,646.88
2019-09-22 01:45:00,643.28
2019-09-22 02:00:00,644.56
2019-09-22 02:15:00,643.84
2019-09-22 02:30:00,646.24
2019-09-22 02:45:00,643.6
2019-09-22 03:00:00,653.12
2019-09-22 03:15:00,656.08
2019-09-22 03:30:00,655.92
2019-09-22 03:45:00,658.64
2019-09-22 04:00:00,664.48
2019-09-22 04:15:00,664.16
2019-09-22 04:30:00,667.36
2019-09-22 04:45:00,669.92
2019-09-22 05:00:00,680.96
2019-09-22 05:15:00,686.24
2019-09-22 05:30:00,686.56
2019-09-22 05:45:00,694.8
2019-09-22 06:00:00,705.84
2019-09-22 06:15:00,721.2
2019-09-22 06:30:00,734.72
2019-09-22 06:45:00,753.68
2019-09-22 07:00:00,764.32
2019-09-22 07:15:00,785.44
2019-09-22 07:30:00,800.72
2019-09-22 07:45:00,815.76
2019-09-22 08:00:00,829.44
2019-09-22 08:15:00,838.16
2019-09-22 08:30:00,855.36
2019-09-22 08:45:00,866.48
2019-09-22 09:00:00,875.68
2019-09-22 09:15:00,882.64
2019-09-22 09:30:00,898.16
2019-09-22 09:45:00,905.52
2019-09-22 10:00:00,903.68
2019-09-22 10:15:00,915.6
2019-09-22 10:30:00,921.6
2019-09-22 10:45:00,921.28
2019-09-22 11:00:00,913.84
2019-09-22 11:15:00,905.84
2019-09-22 11:30:00,904.0
2019-09-22 11:45:00,890.56
2019-09-22 12:00:00,888.64
2019-09-22 12:15:00,881.68
2019-09-22 12:30:00,872.24
2019-09-22 12:45:00,856.16
2019-09-22 13:00:00,847.44
2019-09-22 13:15:00,845.6
2019-09-22 13:30:00,845.76
2019-09-22 13:45:00,833.2
2019-09-22 14:00:00,827.36
2019-09-22 14:15:00,824.48
2019-09-22 14:30:00,820.16
2019-09-22 14:45:00,815.68
2019-09-22 15:00:00,818.48
2019-09-22 15:15:00,816.56
2019-09-22 15:30:00,815.76
2019-09-22 15:45:00,818.8
2019-09-22 16:00:00,844.24
2019-09-22 16:15:00,852.0
2019-09-22 16:30:00,862.96
2019-09-22 16:45:00,875.2
2019-09-22 17:00:00,880.56
2019-09-22 17:15:00,887.28
2019-09-22 17:30:00,896.48
2019-09-22 17:45:00,905.6
2019-09-22 18:00:00,900.08
2019-09-22 18:15:00,913.6
2019-09-22 18:30:00,936.72
2019-09-22 18:45:00,955.68
2019-09-22 19:00:00,961.28
2019-09-22 19:15:00,947.36
2019-09-22 19:30:00,934.16
2019-09-22 19:45:00,921.04
2019-09-22 20:00:00,906.88
2019-09-22 20:15:00,892.96
2019-09-22 20:30:00,888.96
2019-09-22 20:45:00,884.48
2019-09-22 21:00:00,880.88
2019-09-22 21:15:00,866.16
2019-09-22 21:30:00,853.44
2019-09-22 21:45:00,835.44
2019-09-22 22:00:00,816.96
2019-09-22 22:15:00,794.64
2019-09-22 22:30:00,783.6
2019-09-22 22:45:00,772.4
2019-09-22 23:00:00,762.48
2019-09-22 23:15:00,756.16
2019-09-22 23:30:00,754.8
2019-09-22 23:45:00,750.56
2019-09-23 00:00:00,746.32
2019-09-23 00:15:00,739.6
2019-09-23 00:30:00,738.08
2019-09-23 00:45:00,734.24
2019-09-23 01:00:00,727.2
2019-09-23 01:15:00,722.64
2019-09-23 01:30:00,724.56
2019-09-23 01:45:00,726.96
2019-09-23 02:00:00,737.36
2019-09-23 02:15:00,743.68
2019-09-23 02:30:00,748.88
2019-09-23 02:45:00,751.28
2019-09-23 03:00:00,763.6
2019-09-23 03:15:00,771.36
2019-09-23 03:30:00,785.68
2019-09-23 03:45:00,796.32
2019-09-23 04:00:00,821.04
2019-09-23 04:15:00,837.68
2019-09-23 04:30:00,864.48
2019-09-23 04:45:00,900.88
2019-09-23 05:00:00,977.92
2019-09-23 05:15:00,1029.68
2019-09-23 05:30:00,1069.84
2019-09-23 05:45:00,1104.48
2019-09-23 06:00:00,1142.24
2019-09-23 06:15:00,1151.92
2019-09-23 06:30:00,1165.36
2019-09-23 06:45:00,1176.64
2019-09-23 07:00:00,1201.12
2019-09-23 07:15:00,1208.72
2019-09-23 07:30:00,1214.4
2019-09-23 07:45:00,1218.8
2019-09-23 08:00:00,1211.92
2019-09-23 08:15:00,1218.56
2019-09-23 08:30:00,1231.92
2019-09-23 08:45:00,1238.96
2019-09-23 09:00:00,1253.44
2019-09-23 09:15:00,1260.0
2019-09-23 09:30:00,1267.6
2019-09-23 09:45:00,1273.36
2019-09-23 10:00:00,1276.0
2019-09-23 10:15:00,1279.52
2019-09-23 10:30:00,1279.92
2019-09-23 10:45:00,1280.4
2019-09-23 11:00:00,1273.44
2019-09-23 11:15:00,1268.32
2019-09-23 11:30:00,1270.56
2019-09-23 11:45:00,1265.12
2019-09-23 12:00:00,1268.08
2019-09-23 12:15:00,1263.84
2019-09-23 12:30:00,1260.8
2019-09-23 12:45:00,1253.76
2019-09-23 13:00:00,1248.88
2019-09-23 13:15:00,1242.08
2019-09-23 13:30:00,1236.96
2019-09-23 13:45:00,1231.92
2019-09-23 14:00:00,1226.72
2019-09-23 14:15:00,1216.56
2019-09-23 14:30:00,1211.04
2019-09-23 14:45:00,1204.96
2019-09-23 15:00:00,1190.08
2019-09-23 15:15:00,1180.64
2019-09-23 15:30:00,1175.44
2019-09-23 15:45:00,1177.28
2019-09-23 16:00:00,1188.4
2019-09-23 16:15:00,1184.88
2019-09-23 16:30:00,1189.6
2019-09-23 16:45:00,1191.6
2019-09-23 17:00:00,1187.84
2019-09-23 17:15:00,1183.52
2019-09-23 17:30:00,1188.48
2019-09-23 17:45:00,1197.36
2019-09-23 18:00:00,1199.84
2019-09-23 18:15:00,1203.68
2019-09-23 18:30:00,1226.08
2019-09-23 18:45:00,1230.16
2019-09-23 19:00:00,1212.0
2019-09-23 19:15:00,1180.16
2019-09-23 19:30:00,1157.68
2019-09-23 19:45:00,1133.68
2019-09-23 20:00:00,1107.44
2019-09-23 20:15:00,1086.16
2019-09-23 20:30:00,1061.44
2019-09-23 20:45:00,1040.56
2019-09-23 21:00:00,1015.68
2019-09-23 21:15:00,993.04
2019-09-23 21:30:00,964.4
2019-09-23 21:45:00,944.56
2019-09-23 22:00:00,922.08
2019-09-23 22:15:00,904.64
2019-09-23 22:30:00,882.0
2019-09-23 22:45:00,875.36
2019-09-23 23:00:00,857.2
2019-09-23 23:15:00,846.08
2019-09-23 23:30:00,843.12
2019-09-23 23:45:00,826.56
2019-09-24 00:00:00,821.28
2019-09-24 00:15:00,816.48
2019-09-24 00:30:00,808.24
2019-09-24 00:45:00,798.08
2019-09-24 01:00:00,790.4
2019-09-24 01:15:00,791.92
2019-09-24 01:30:00,792.72
2019-09-24 01:45:00,793.68
2019-09-24 02:00:00,796.16
2019-09-24 02:15:00,797.84
2019-09-24 02:30:00,798.16
2019-09-24 02:45:00,801.52
2019-09-24 03:00:00,809.92
2019-09-24 03:15:00,821.36
2019-09-24 03:30:00,828.0
2019-09-24 03:45:00,840.56
2019-09-24 04:00:00,867.52
2019-09-24 04:15:00,890.08
2019-09-24 04:30:00,918.24
2019-09-24 04:45:00,946.24
2019-09-24 05:00:00,1014.08
2019-09-24 05:15:00,1064.72
2019-09-24 05:30:00,1105.12
2019-09-24 05:45:00,1132.4
2019-09-24 06:00:00,1160.88
2019-09-24 06:15:00,1169.92
2019-09-24 06:30:00,1181.28
2019-09-24 06:45:00,1196.4
2019-09-24 07:00:00,1213.52
2019-09-24 07:15:00,1217.44
2019-09-24 07:30:00,1227.12
2019-09-24 07:45:00,1231.84
2019-09-24 08:00:00,1229.68
2019-09-24 08:15:00,1240.24
2019-09-24 08:30:00,1248.0
2019-09-24 08:45:00,1247.76
2019-09-24 09:00:00,1254.88
2019-09-24 09:15:00,1253.44
2019-09-24 09:30:00,1262.16
2019-09-24 09:45:00,1267.6
2019-09-24 10:00:00,1270.64
2019-09-24 10:15:00,1275.68
2019-09-24 10:30:00,1280.64
2019-09-24 10:45:00,1277.44
2019-09-24 11:00:00,1269.12
2019-09-24 11:15:00,1265.12
2019-09-24 11:30:00,1265.12
2019-09-24 11:45:00,1263.36
2019-09-24 12:00:00,1259.6
2019-09-24 12:15:00,1255.68
2019-09-24 12:30:00,1249.52
2019-09-24 12:45:00,1241.44
2019-09-24 13:00:00,1236.32
2019-09-24 13:15:00,1232.96
2019-09-24 13:30:00,1234.32
2019-09-24 13:45:00,1232.56
2019-09-24 14:00:00,1222.16
2019-09-24 14:15:00,1210.08
2019-09-24 14:30:00,1203.36
2019-09-24 14:45:00,1192.56
2019-09-24 15:00:00,1191.44
2019-09-24 15:15:00,1185.04
2019-09-24 15:30:00,1181.84
2019-09-24 15:45:00,1180.16
2019-09-24 16:00:00,1183.28
2019-09-24 16:15:00,1182.96
2019-09-24 16:30:00,1189.2
2019-09-24 16:45:00,1190.24
2019-09-24 17:00:00,1183.76
2019-09-24 17:15:00,1181.6
2019-09-24 17:30:00,1196.72
2019-09-24 17:45:00,1202.48
2019-09-24 18:00:00,1211.92
2019-09-24 18:15:00,1220.64
2019-09-24 18:30:00,1236.0
2019-09-24 18:45:00,1235.2
2019-09-24 19:00:00,1217.04
2019-09-24 19:15:00,1188.16
2019-09-24 19:30:00,1172.16
2019-09-24 19:45:00,1150.88
2019-09-24 20:00:00,1130.08
2019-09-24 20:15:00,1105.68
2019-09-24 20:30:00,1079.6
2019-09-24 20:45:00,1053.2
2019-09-24 21:00:00,1033.04
2019-09-24 21:15:00,1013.36
2019-09-24 21:30:00,988.8
2019-09-24 21:45:00,964.08
2019-09-24 22:00:00,934.64
2019-09-24 22:15:00,917.2
2019-09-24 22:30:00,896.8
2019-09-24 22:45:00,880.64
2019-09-24 23:00:00,869.92
2019-09-24 23:15:00,854.96
2019-09-24 23:30:00,844.56
2019-09-24 23:45:00,843.28
2019-09-25 00:00:00,828.72
2019-09-25 00:15:00,820.48
2019-09-25 00:30:00,811.04
2019-09-25 00:45:00,805.6
2019-09-25 01:00:00,800.88
2019-09-25 01:15:00,792.32
2019-09-25 01:30:00,795.6
2019-09-25 01:45:00,796.24
2019-09-25 02:00:00,802.16
2019-09-25 02:15:00,801.76
2019-09-25 02:30:00,802.4
2019-09-25 02:45:00,807.52
2019-09-25 03:00:00,814.56
2019-09-25 03:15:00,819.2
2019-09-25 03:30:00,832.64
2019-09-25 03:45:00,848.16
2019-09-25 04:00:00,877.92
2019-09-25 04:15:00,897.84
2019-09-25 04:30:00,920.16
2019-09-25 04:45:00,962.72
2019-09-25 05:00:00,1032.0
2019-09-25 05:15:00,1079.28
2019-09-25 05:30:00,1117.28
2019-09-25 05:45:00,1149.76
2019-09-25 06:00:00,1188.08
2019-09-25 06:15:00,1198.8
2019-09-25 06:30:00,1208.48
2019-09-25 06:45:00,1217.28
2019-09-25 07:00:00,1230.96
2019-09-25 07:15:00,1230.32
2019-09-25 07:30:00,1232.0
2019-09-25 07:45:00,1232.0
2019-09-25 08:00:00,1232.32
2019-09-25 08:15:00,1232.4
2019-09-25 08:30:00,1240.88
2019-09-25 08:45:00,1247.6
2019-09-25 09:00:00,1260.08
2019-09-25 09:15:00,1265.68
2019-09-25 09:30:00,1271.52
2019-09-25 09:45:00,1273.28
2019-09-25 10:00:00,1286.88
2019-09-25 10:15:00,1288.56
2019-09-25 10:30:00,1297.12
2019-09-25 10:45:00,1292.8
2019-09-25 11:00:00,1285.52
2019-09-25 11:15:00,1276.88
2019-09-25 11:30:00,1280.48
2019-09-25 11:45:00,1279.04
2019-09-25 12:00:00,1270.96
2019-09-25 12:15:00,1262.32
2019-09-25 12:30:00,1257.28
2019-09-25 12:45:00,1240.24
2019-09-25 13:00:00,1232.24
2019-09-25 13:15:00,1228.56
2019-09-25 13:30:00,1231.6
2019-09-25 13:45:00,1220.32
2019-09-25 14:00:00,1216.08
2019-09-25 14:15:00,1212.72
2019-09-25 14:30:00,1213.12
2019-09-25 14:45:00,1200.8
2019-09-25 15:00:00,1195.84
2019-09-25 15:15:00,1185.68
2019-09-25 15:30:00,1179.36
2019-09-25 15:45:00,1170.4
2019-09-25 16:00:00,1166.32
2019-09-25 16:15:00,1169.04
2019-09-25 16:30:00,1179.52
2019-09-25 16:45:00,1182.16
2019-09-25 17:00:00,1185.28
2019-09-25 17:15:00,1181.68
2019-09-25 17:30:00,1189.36
2019-09-25 17:45:00,1196.4
2019-09-25 18:00:00,1209.68
2019-09-25 18:15:00,1218.72
2019-09-25 18:30:00,1233.84
2019-09-25 18:45:00,1229.28
2019-09-25 19:00:00,1200.56
2019-09-25 19:15:00,1174.72
2019-09-25 19:30:00,1151.44
2019-09-25 19:45:00,1128.32
2019-09-25 20:00:00,1114.0
2019-09-25 20:15:00,1089.2
2019-09-25 20:30:00,1068.16
2019-09-25 20:45:00,1052.0
2019-09-25 21:00:00,1037.44
2019-09-25 21:15:00,1012.56
2019-09-25 21:30:00,987.2
2019-09-25 21:45:00,965.84
2019-09-25 22:00:00,939.68
2019-09-25 22:15:00,919.2
2019-09-25 22:30:00,902.4
2019-09-25 22:45:00,888.96
2019-09-25 23:00:00,872.08
2019-09-25 23:15:00,861.92
2019-09-25 23:30:00,853.2
2019-09-25 23:45:00,846.4
2019-09-26 00:00:00,835.92
2019-09-26 00:15:00,830.0
2019-09-26 00:30:00,824.08
2019-09-26 00:45:00,817.2
2019-09-26 01:00:00,804.72
2019-09-26 01:15:00,806.16
2019-09-26 01:30:00,806.0
2019-09-26 01:45:00,811.68
2019-09-26 02:00:00,814.48
2019-09-26 02:15:00,813.2
2019-09-26 02:30:00,812.96
2019-09-26 02:45:00,819.04
2019-09-26 03:00:00,826.96
2019-09-26 03:15:00,836.32
2019-09-26 03:30:00,844.64
2019-09-26 03:45:00,853.52
2019-09-26 04:00:00,884.0
2019-09-26 04:15:00,905.68
2019-09-26 04:30:00,929.68
2019-09-26 04:45:00,965.2
2019-09-26 05:00:00,1031.68
2019-09-26 05:15:00,1082.4
2019-09-26 05:30:00,1123.68
2019-09-26 05:45:00,1146.72
2019-09-26 06:00:00,1169.44
2019-09-26 06:15:00,1178.72
2019-09-26 06:30:00,1191.6
2019-09-26 06:45:00,1206.08
2019-09-26 07:00:00,1217.6
2019-09-26 07:15:00,1228.24
2019-09-26 07:30:00,1235.76
2019-09-26 07:45:00,1240.16
2019-09-26 08:00:00,1240.24
2019-09-26 08:15:00,1246.72
2019-09-26 08:30:00,1252.16
2019-09-26 08:45:00,1256.24
2019-09-26 09:00:00,1253.84
2019-09-26 09:15:00,1262.0
2019-09-26 09:30:00,1268.48
2019-09-26 09:45:00,1276.8
2019-09-26 10:00:00,1279.76
2019-09-26 10:15:00,1290.64
2019-09-26 10:30:00,1293.36
2019-09-26 10:45:00,1295.92
2019-09-26 11:00:00,1285.44
2019-09-26 11:15:00,1278.96
2019-09-26 11:30:00,1273.92
2019-09-26 11:45:00,1276.64
2019-09-26 12:00:00,1275.2
2019-09-26 12:15:00,1270.24
2019-09-26 12:30:00,1259.36
2019-09-26 12:45:00,1247.84
2019-09-26 13:00:00,1242.96
2019-09-26 13:15:00,1244.48
2019-09-26 13:30:00,1241.84
2019-09-26 13:45:00,1234.88
2019-09-26 14:00:00,1244.24
2019-09-26 14:15:00,1232.16
2019-09-26 14:30:00,1228.8
2019-09-26 14:45:00,1220.56
2019-09-26 15:00:00,1213.12
2019-09-26 15:15:00,1208.08
2019-09-26 15:30:00,1204.64
2019-09-26 15:45:00,1198.4
2019-09-26 16:00:00,1191.84
2019-09-26 16:15:00,1194.32
2019-09-26 16:30:00,1195.04
2019-09-26 16:45:00,1200.08
2019-09-26 17:00:00,1192.4
2019-09-26 17:15:00,1193.52
2019-09-26 17:30:00,1200.0
2019-09-26 17:45:00,1208.48
2019-09-26 18:00:00,1221.92
2019-09-26 18:15:00,1230.16
2019-09-26 18:30:00,1237.84
2019-09-26 18:45:00,1232.4
2019-09-26 19:00:00,1217.92
2019-09-26 19:15:00,1190.24
2019-09-26 19:30:00,1168.08
2019-09-26 19:45:00,1150.64
2019-09-26 20:00:00,1136.72
2019-09-26 20:15:00,1108.4
2019-09-26 20:30:00,1087.28
2019-09-26 20:45:00,1070.8
2019-09-26 21:00:00,1052.16
2019-09-26 21:15:00,1030.88
2019-09-26 21:30:00,1011.92
2019-09-26 21:45:00,987.52
2019-09-26 22:00:00,960.8
2019-09-26 22:15:00,942.72
2019-09-26 22:30:00,923.36
2019-09-26 22:45:00,908.88
2019-09-26 23:00:00,895.68
2019-09-26 23:15:00,886.64
2019-09-26 23:30:00,876.24
2019-09-26 23:45:00,867.44
2019-09-27 00:00:00,852.56
2019-09-27 00:15:00,847.68
2019-09-27 00:30:00,842.0
2019-09-27 00:45:00,832.96
2019-09-27 01:00:00,831.04
2019-09-27 01:15:00,831.68
2019-09-27 01:30:00,829.84
2019-09-27 01:45:00,829.28
2019-09-27 02:00:00,829.44
2019-09-27 02:15:00,832.24
2019-09-27 02:30:00,832.56
2019-09-27 02:45:00,834.24
2019-09-27 03:00:00,841.84
2019-09-27 03:15:00,848.8
2019-09-27 03:30:00,853.68
2019-09-27 03:45:00,870.16
2019-09-27 04:00:00,896.56
2019-09-27 04:15:00,912.16
2019-09-27 04:30:00,932.88
2019-09-27 04:45:00,970.16
2019-09-27 05:00:00,1040.56
2019-09-27 05:15:00,1088.96
2019-09-27 05:30:00,1126.24
2019-09-27 05:45:00,1158.72
2019-09-27 06:00:00,1191.6
2019-09-27 06:15:00,1198.96
2019-09-27 06:30:00,1210.08
2019-09-27 06:45:00,1227.12
2019-09-27 07:00:00,1249.92
2019-09-27 07:15:00,1264.0
2019-09-27 07:30:00,1270.88
2019-09-27 07:45:00,1275.76
2019-09-27 08:00:00,1277.92
2019-09-27 08:15:00,1281.28
2019-09-27 08:30:00,1291.36
2019-09-27 08:45:00,1294.56
2019-09-27 09:00:00,1294.48
2019-09-27 09:15:00,1297.76
2019-09-27 09:30:00,1300.64
2019-09-27 09:45:00,1306.16
2019-09-27 10:00:00,1311.36
2019-09-27 10:15:00,1315.04
2019-09-27 10:30:00,1321.2
2019-09-27 10:45:00,1314.4
2019-09-27 11:00:00,1306.32
2019-09-27 11:15:00,1302.64
2019-09-27 11:30:00,1301.52
2019-09-27 11:45:00,1298.8
2019-09-27 12:00:00,1287.44
2019-09-27 12:15:00,1274.64
2019-09-27 12:30:00,1255.52
2019-09-27 12:45:00,1240.48
2019-09-27 13:00:00,1232.08
2019-09-27 13:15:00,1224.0
2019-09-27 13:30:00,1215.2
2019-09-27 13:45:00,1205.44
2019-09-27 14:00:00,1248.24
2019-09-27 14:15:00,1197.6
2019-09-27 14:30:00,1188.16
2019-09-27 14:45:00,1179.2
2019-09-27 15:00:00,1184.96
2019-09-27 15:15:00,1175.44
2019-09-27 15:30:00,1167.28
2019-09-27 15:45:00,1163.68
2019-09-27 16:00:00,1160.88
2019-09-27 16:15:00,1159.76
2019-09-27 16:30:00,1156.16
2019-09-27 16:45:00,1156.8
2019-09-27 17:00:00,1154.16
2019-09-27 17:15:00,1147.04
2019-09-27 17:30:00,1151.76
2019-09-27 17:45:00,1150.72
2019-09-27 18:00:00,1169.2
2019-09-27 18:15:00,1176.08
2019-09-27 18:30:00,1184.88
2019-09-27 18:45:00,1180.72
2019-09-27 19:00:00,1159.6
2019-09-27 19:15:00,1136.64
2019-09-27 19:30:00,1118.0
2019-09-27 19:45:00,1091.44
2019-09-27 20:00:00,1066.24
2019-09-27 20:15:00,1045.2
2019-09-27 20:30:00,1023.68
2019-09-27 20:45:00,1002.8
2019-09-27 21:00:00,994.32
2019-09-27 21:15:00,979.2
2019-09-27 21:30:00,961.6
2019-09-27 21:45:00,933.92
2019-09-27 22:00:00,910.4
2019-09-27 22:15:00,894.48
2019-09-27 22:30:00,878.16
2019-09-27 22:45:00,860.64
2019-09-27 23:00:00,838.72
2019-09-27 23:15:00,830.24
2019-09-27 23:30:00,816.96
2019-09-27 23:45:00,807.6
2019-09-28 00:00:00,807.28
2019-09-28 00:15:00,796.4
2019-09-28 00:30:00,788.32
2019-09-28 00:45:00,781.6
2019-09-28 01:00:00,760.64
2019-09-28 01:15:00,753.12
2019-09-28 01:30:00,754.8
2019-09-28 01:45:00,753.2
2019-09-28 02:00:00,763.84
2019-09-28 02:15:00,762.24
2019-09-28 02:30:00,764.0
2019-09-28 02:45:00,763.68
2019-09-28 03:00:00,770.16
2019-09-28 03:15:00,769.36
2019-09-28 03:30:00,774.88
2019-09-28 03:45:00,777.28
2019-09-28 04:00:00,773.6
2019-09-28 04:15:00,777.6
2019-09-28 04:30:00,784.24
2019-09-28 04:45:00,793.28
2019-09-28 05:00:00,806.72
2019-09-28 05:15:00,826.32
2019-09-28 05:30:00,838.0
2019-09-28 05:45:00,849.12
2019-09-28 06:00:00,863.6
2019-09-28 06:15:00,871.92
2019-09-28 06:30:00,891.28
2019-09-28 06:45:00,906.96
2019-09-28 07:00:00,939.36
2019-09-28 07:15:00,955.92
2019-09-28 07:30:00,974.08
2019-09-28 07:45:00,980.08
2019-09-28 08:00:00,978.4
2019-09-28 08:15:00,985.84
2019-09-28 08:30:00,1006.0
2019-09-28 08:45:00,1021.12
2019-09-28 09:00:00,1038.96
2019-09-28 09:15:00,1046.88
2019-09-28 09:30:00,1055.44
2019-09-28 09:45:00,1062.48
2019-09-28 10:00:00,1070.16
2019-09-28 10:15:00,1069.12
2019-09-28 10:30:00,1079.12
2019-09-28 10:45:00,1075.36
2019-09-28 11:00:00,1066.56
2019-09-28 11:15:00,1066.96
2019-09-28 11:30:00,1057.6
2019-09-28 11:45:00,1048.32
2019-09-28 12:00:00,1034.08
2019-09-28 12:15:00,1021.28
2019-09-28 12:30:00,1016.8
2019-09-28 12:45:00,1005.28
2019-09-28 13:00:00,996.08
2019-09-28 13:15:00,986.64
2019-09-28 13:30:00,972.88
2019-09-28 13:45:00,974.16
2019-09-28 14:00:00,977.84
2019-09-28 14:15:00,981.12
2019-09-28 14:30:00,976.88
2019-09-28 14:45:00,968.8
2019-09-28 15:00:00,971.84
2019-09-28 15:15:00,963.52
2019-09-28 15:30:00,957.2
2019-09-28 15:45:00,949.76
2019-09-28 16:00:00,961.68
2019-09-28 16:15:00,964.32
2019-09-28 16:30:00,966.88
2019-09-28 16:45:00,969.52
2019-09-28 17:00:00,969.68
2019-09-28 17:15:00,973.28
2019-09-28 17:30:00,978.56
2019-09-28 17:45:00,979.04
2019-09-28 18:00:00,992.96
2019-09-28 18:15:00,1002.08
2019-09-28 18:30:00,1016.48
2019-09-28 18:45:00,1004.8
2019-09-28 19:00:00,991.76
2019-09-28 19:15:00,972.4
2019-09-28 19:30:00,954.32
2019-09-28 19:45:00,938.48
2019-09-28 20:00:00,923.76
2019-09-28 20:15:00,908.16
2019-09-28 20:30:00,892.88
2019-09-28 20:45:00,882.8
2019-09-28 21:00:00,883.52
2019-09-28 21:15:00,873.36
2019-09-28 21:30:00,852.56
2019-09-28 21:45:00,835.76
2019-09-28 22:00:00,816.08
2019-09-28 22:15:00,809.44
2019-09-28 22:30:00,794.4
2019-09-28 22:45:00,784.24
2019-09-28 23:00:00,774.88
2019-09-28 23:15:00,763.68
2019-09-28 23:30:00,755.52
2019-09-28 23:45:00,745.6
2019-09-29 00:00:00,735.6
2019-09-29 00:15:00,726.4
2019-09-29 00:30:00,720.8
2019-09-29 00:45:00,712.08
2019-09-29 01:00:00,703.04
2019-09-29 01:15:00,695.44
2019-09-29 01:30:00,695.84
2019-09-29 01:45:00,692.56
2019-09-29 02:00:00,692.24
2019-09-29 02:15:00,688.88
2019-09-29 02:30:00,683.84
2019-09-29 02:45:00,680.08
2019-09-29 03:00:00,683.44
2019-09-29 03:15:00,687.2
2019-09-29 03:30:00,685.84
2019-09-29 03:45:00,682.56
2019-09-29 04:00:00,683.44
2019-09-29 04:15:00,684.88
2019-09-29 04:30:00,683.92
2019-09-29 04:45:00,686.4
2019-09-29 05:00:00,703.04
2019-09-29 05:15:00,702.08
2019-09-29 05:30:00,708.88
2019-09-29 05:45:00,714.24
2019-09-29 06:00:00,735.52
2019-09-29 06:15:00,738.32
2019-09-29 06:30:00,748.88
2019-09-29 06:45:00,764.32
2019-09-29 07:00:00,792.96
2019-09-29 07:15:00,811.2
2019-09-29 07:30:00,825.76
2019-09-29 07:45:00,846.4
2019-09-29 08:00:00,868.0
2019-09-29 08:15:00,881.68
2019-09-29 08:30:00,889.76
2019-09-29 08:45:00,911.2
2019-09-29 09:00:00,925.2
2019-09-29 09:15:00,941.6
2019-09-29 09:30:00,954.8
2019-09-29 09:45:00,964.64
2019-09-29 10:00:00,976.32
2019-09-29 10:15:00,990.0
2019-09-29 10:30:00,999.36
2019-09-29 10:45:00,1004.4
2019-09-29 11:00:00,996.88
2019-09-29 11:15:00,995.76
2019-09-29 11:30:00,989.6
2019-09-29 11:45:00,983.12
2019-09-29 12:00:00,978.0
2019-09-29 12:15:00,965.52
2019-09-29 12:30:00,959.28
2019-09-29 12:45:00,955.04
2019-09-29 13:00:00,942.24
2019-09-29 13:15:00,941.68
2019-09-29 13:30:00,929.12
2019-09-29 13:45:00,929.6
2019-09-29 14:00:00,934.88
2019-09-29 14:15:00,922.08
2019-09-29 14:30:00,911.92
2019-09-29 14:45:00,902.72
2019-09-29 15:00:00,911.2
2019-09-29 15:15:00,912.88
2019-09-29 15:30:00,911.6
2019-09-29 15:45:00,921.36
2019-09-29 16:00:00,940.4
2019-09-29 16:15:00,944.64
2019-09-29 16:30:00,951.76
2019-09-29 16:45:00,954.08
2019-09-29 17:00:00,965.12
2019-09-29 17:15:00,969.92
2019-09-29 17:30:00,968.56
2019-09-29 17:45:00,973.52
2019-09-29 18:00:00,988.0
2019-09-29 18:15:00,994.4
2019-09-29 18:30:00,996.64
2019-09-29 18:45:00,987.92
2019-09-29 19:00:00,978.88
2019-09-29 19:15:00,962.96
2019-09-29 19:30:00,946.56
2019-09-29 19:45:00,942.24
2019-09-29 20:00:00,936.08
2019-09-29 20:15:00,926.64
2019-09-29 20:30:00,920.56
2019-09-29 20:45:00,916.08
2019-09-29 21:00:00,919.92
2019-09-29 21:15:00,906.8
2019-09-29 21:30:00,887.12
2019-09-29 21:45:00,869.68
2019-09-29 22:00:00,854.0
2019-09-29 22:15:00,841.68
2019-09-29 22:30:00,826.32
2019-09-29 22:45:00,815.76
2019-09-29 23:00:00,825.44
2019-09-29 23:15:00,817.04
2019-09-29 23:30:00,814.0
2019-09-29 23:45:00,803.44
2019-09-30 00:00:00,797.44
2019-09-30 00:15:00,792.48
2019-09-30 00:30:00,788.56
2019-09-30 00:45:00,781.04
2019-09-30 01:00:00,775.12
2019-09-30 01:15:00,777.76
2019-09-30 01:30:00,780.88
2019-09-30 01:45:00,779.36
2019-09-30 02:00:00,790.08
2019-09-30 02:15:00,799.2
2019-09-30 02:30:00,810.8
2019-09-30 02:45:00,812.32
2019-09-30 03:00:00,827.12
2019-09-30 03:15:00,839.04
2019-09-30 03:30:00,849.92
2019-09-30 03:45:00,863.12
2019-09-30 04:00:00,880.16
2019-09-30 04:15:00,903.6
2019-09-30 04:30:00,935.44
2019-09-30 04:45:00,977.36
2019-09-30 05:00:00,1056.56
2019-09-30 05:15:00,1101.76
2019-09-30 05:30:00,1136.64
2019-09-30 05:45:00,1168.24
2019-09-30 06:00:00,1194.88
2019-09-30 06:15:00,1214.32
2019-09-30 06:30:00,1226.56
2019-09-30 06:45:00,1232.48
2019-09-30 07:00:00,1245.04
2019-09-30 07:15:00,1259.28
2019-09-30 07:30:00,1262.72
2019-09-30 07:45:00,1267.28
2019-09-30 08:00:00,1257.68
2019-09-30 08:15:00,1270.08
2019-09-30 08:30:00,1274.96
2019-09-30 08:45:00,1283.04
2019-09-30 09:00:00,1283.44
2019-09-30 09:15:00,1288.56
2019-09-30 09:30:00,1298.88
2019-09-30 09:45:00,1312.88
2019-09-30 10:00:00,1326.4
2019-09-30 10:15:00,1335.68
2019-09-30 10:30:00,1337.52
2019-09-30 10:45:00,1336.8
2019-09-30 11:00:00,1322.48
2019-09-30 11:15:00,1318.8
2019-09-30 11:30:00,1314.64
2019-09-30 11:45:00,1314.4
2019-09-30 12:00:00,1314.8
2019-09-30 12:15:00,1312.88
2019-09-30 12:30:00,1299.2
2019-09-30 12:45:00,1284.4
2019-09-30 13:00:00,1277.04
2019-09-30 13:15:00,1271.84
2019-09-30 13:30:00,1257.76
2019-09-30 13:45:00,1255.36
2019-09-30 14:00:00,1261.52
2019-09-30 14:15:00,1253.68
2019-09-30 14:30:00,1238.8
2019-09-30 14:45:00,1227.44
2019-09-30 15:00:00,1222.16
2019-09-30 15:15:00,1211.36
2019-09-30 15:30:00,1205.44
2019-09-30 15:45:00,1188.16
2019-09-30 16:00:00,1194.24
2019-09-30 16:15:00,1192.08
2019-09-30 16:30:00,1188.0
2019-09-30 16:45:00,1189.04
2019-09-30 17:00:00,1192.8
2019-09-30 17:15:00,1199.36
2019-09-30 17:30:00,1200.0
2019-09-30 17:45:00,1210.72
2019-09-30 18:00:00,1222.16
2019-09-30 18:15:00,1234.48
2019-09-30 18:30:00,1242.24
2019-09-30 18:45:00,1235.44
2019-09-30 19:00:00,1209.92
2019-09-30 19:15:00,1181.52
2019-09-30 19:30:00,1161.92
2019-09-30 19:45:00,1140.4
2019-09-30 20:00:00,1117.2
2019-09-30 20:15:00,1096.4
2019-09-30 20:30:00,1072.56
2019-09-30 20:45:00,1047.92
2019-09-30 21:00:00,1030.88
2019-09-30 21:15:00,1012.0
2019-09-30 21:30:00,986.88
2019-09-30 21:45:00,964.88
2019-09-30 22:00:00,936.08
2019-09-30 22:15:00,914.88
2019-09-30 22:30:00,897.36
2019-09-30 22:45:00,882.0
2019-09-30 23:00:00,875.28
2019-09-30 23:15:00,863.76
2019-09-30 23:30:00,853.92
2019-09-30 23:45:00,848.88
2019-10-01 00:00:00,848.96
2019-10-01 00:15:00,843.44
2019-10-01 00:30:00,834.72
2019-10-01 00:45:00,831.92
2019-10-01 01:00:00,830.32
2019-10-01 01:15:00,822.0
2019-10-01 01:30:00,825.36
2019-10-01 01:45:00,823.76
2019-10-01 02:00:00,827.12
2019-10-01 02:15:00,829.6
2019-10-01 02:30:00,832.72
2019-10-01 02:45:00,837.12
2019-10-01 03:00:00,850.8
2019-10-01 03:15:00,858.08
2019-10-01 03:30:00,868.72
2019-10-01 03:45:00,884.4
2019-10-01 04:00:00,916.0
2019-10-01 04:15:00,935.52
2019-10-01 04:30:00,956.88
2019-10-01 04:45:00,990.16
2019-10-01 05:00:00,1040.4
2019-10-01 05:15:00,1084.96
2019-10-01 05:30:00,1124.72
2019-10-01 05:45:00,1155.52
2019-10-01 06:00:00,1194.64
2019-10-01 06:15:00,1207.76
2019-10-01 06:30:00,1221.12
2019-10-01 06:45:00,1232.08
2019-10-01 07:00:00,1249.68
2019-10-01 07:15:00,1262.48
2019-10-01 07:30:00,1268.96
2019-10-01 07:45:00,1273.92
2019-10-01 08:00:00,1264.72
2019-10-01 08:15:00,1273.12
2019-10-01 08:30:00,1274.4
2019-10-01 08:45:00,1279.36
2019-10-01 09:00:00,1295.68
2019-10-01 09:15:00,1299.2
2019-10-01 09:30:00,1304.0
2019-10-01 09:45:00,1311.36
2019-10-01 10:00:00,1316.08
2019-10-01 10:15:00,1324.64
2019-10-01 10:30:00,1328.08
2019-10-01 10:45:00,1330.88
2019-10-01 11:00:00,1318.72
2019-10-01 11:15:00,1317.92
2019-10-01 11:30:00,1318.24
2019-10-01 11:45:00,1317.2
2019-10-01 12:00:00,1316.8
2019-10-01 12:15:00,1315.76
2019-10-01 12:30:00,1313.52
2019-10-01 12:45:00,1296.0
2019-10-01 13:00:00,1292.48
2019-10-01 13:15:00,1281.28
2019-10-01 13:30:00,1273.92
2019-10-01 13:45:00,1267.52
2019-10-01 14:00:00,1264.32
2019-10-01 14:15:00,1256.88
2019-10-01 14:30:00,1247.2
2019-10-01 14:45:00,1235.92
2019-10-01 15:00:00,1238.88
2019-10-01 15:15:00,1236.64
2019-10-01 15:30:00,1229.76
2019-10-01 15:45:00,1224.24
2019-10-01 16:00:00,1223.76
2019-10-01 16:15:00,1229.04
2019-10-01 16:30:00,1233.84
2019-10-01 16:45:00,1237.68
2019-10-01 17:00:00,1219.84
2019-10-01 17:15:00,1218.4
2019-10-01 17:30:00,1227.2
2019-10-01 17:45:00,1231.04
2019-10-01 18:00:00,1244.64
2019-10-01 18:15:00,1249.12
2019-10-01 18:30:00,1246.08
2019-10-01 18:45:00,1238.48
2019-10-01 19:00:00,1205.92
2019-10-01 19:15:00,1181.68
2019-10-01 19:30:00,1162.56
2019-10-01 19:45:00,1140.8
2019-10-01 20:00:00,1122.0
2019-10-01 20:15:00,1100.88
2019-10-01 20:30:00,1076.88
2019-10-01 20:45:00,1052.08
2019-10-01 21:00:00,1030.32
2019-10-01 21:15:00,1002.16
2019-10-01 21:30:00,978.96
2019-10-01 21:45:00,955.52
2019-10-01 22:00:00,932.8
2019-10-01 22:15:00,906.96
2019-10-01 22:30:00,885.28
2019-10-01 22:45:00,864.72
2019-10-01 23:00:00,848.72
2019-10-01 23:15:00,838.64
2019-10-01 23:30:00,829.2
2019-10-01 23:45:00,825.28
2019-10-02 00:00:00,829.92
2019-10-02 00:15:00,825.76
2019-10-02 00:30:00,820.16
2019-10-02 00:45:00,817.28
2019-10-02 01:00:00,818.56
2019-10-02 01:15:00,817.36
2019-10-02 01:30:00,820.64
2019-10-02 01:45:00,820.24
2019-10-02 02:00:00,822.56
2019-10-02 02:15:00,823.6
2019-10-02 02:30:00,826.8
2019-10-02 02:45:00,833.76
2019-10-02 03:00:00,841.04
2019-10-02 03:15:00,852.4
2019-10-02 03:30:00,865.76
2019-10-02 03:45:00,878.56
2019-10-02 04:00:00,904.64
2019-10-02 04:15:00,926.8
2019-10-02 04:30:00,947.2
2019-10-02 04:45:00,978.8
2019-10-02 05:00:00,1044.56
2019-10-02 05:15:00,1091.6
2019-10-02 05:30:00,1126.16
2019-10-02 05:45:00,1158.32
2019-10-02 06:00:00,1184.8
2019-10-02 06:15:00,1194.16
2019-10-02 06:30:00,1202.88
2019-10-02 06:45:00,1208.0
2019-10-02 07:00:00,1227.76
2019-10-02 07:15:00,1236.64
2019-10-02 07:30:00,1239.76
2019-10-02 07:45:00,1239.36
2019-10-02 08:00:00,1229.12
2019-10-02 08:15:00,1232.88
2019-10-02 08:30:00,1241.04
2019-10-02 08:45:00,1253.04
2019-10-02 09:00:00,1254.8
2019-10-02 09:15:00,1259.36
2019-10-02 09:30:00,1253.92
2019-10-02 09:45:00,1267.04
2019-10-02 10:00:00,1267.36
2019-10-02 10:15:00,1276.96
2019-10-02 10:30:00,1281.2
2019-10-02 10:45:00,1296.8
2019-10-02 11:00:00,1298.88
2019-10-02 11:15:00,1290.24
2019-10-02 11:30:00,1284.0
2019-10-02 11:45:00,1286.8
2019-10-02 12:00:00,1291.44
2019-10-02 12:15:00,1280.96
2019-10-02 12:30:00,1268.72
2019-10-02 12:45:00,1264.16
2019-10-02 13:00:00,1255.52
2019-10-02 13:15:00,1249.36
2019-10-02 13:30:00,1245.68
2019-10-02 13:45:00,1241.28
2019-10-02 14:00:00,1237.6
2019-10-02 14:15:00,1224.0
2019-10-02 14:30:00,1212.8
2019-10-02 14:45:00,1205.44
2019-10-02 15:00:00,1200.88
2019-10-02 15:15:00,1197.84
2019-10-02 15:30:00,1190.32
2019-10-02 15:45:00,1189.28
2019-10-02 16:00:00,1185.68
2019-10-02 16:15:00,1182.32
2019-10-02 16:30:00,1184.64
2019-10-02 16:45:00,1183.6
2019-10-02 17:00:00,1186.48
2019-10-02 17:15:00,1180.16
2019-10-02 17:30:00,1185.76
2019-10-02 17:45:00,1194.8
2019-10-02 18:00:00,1212.96
2019-10-02 18:15:00,1217.84
2019-10-02 18:30:00,1221.76
2019-10-02 18:45:00,1211.36
2019-10-02 19:00:00,1200.64
2019-10-02 19:15:00,1175.84
2019-10-02 19:30:00,1152.56
2019-10-02 19:45:00,1136.96
2019-10-02 20:00:00,1115.2
2019-10-02 20:15:00,1095.6
2019-10-02 20:30:00,1070.96
2019-10-02 20:45:00,1054.24
2019-10-02 21:00:00,1039.28
2019-10-02 21:15:00,1023.28
2019-10-02 21:30:00,991.2
2019-10-02 21:45:00,965.76
2019-10-02 22:00:00,940.56
2019-10-02 22:15:00,924.32
2019-10-02 22:30:00,903.2
2019-10-02 22:45:00,892.64
2019-10-02 23:00:00,881.6
2019-10-02 23:15:00,864.24
2019-10-02 23:30:00,848.96
2019-10-02 23:45:00,842.4
2019-10-03 00:00:00,824.56
2019-10-03 00:15:00,814.48
2019-10-03 00:30:00,803.76
2019-10-03 00:45:00,802.0
2019-10-03 01:00:00,803.68
2019-10-03 01:15:00,797.44
2019-10-03 01:30:00,791.52
2019-10-03 01:45:00,792.4
2019-10-03 02:00:00,795.04
2019-10-03 02:15:00,790.32
2019-10-03 02:30:00,790.96
2019-10-03 02:45:00,788.48
2019-10-03 03:00:00,782.32
2019-10-03 03:15:00,775.12
2019-10-03 03:30:00,775.36
2019-10-03 03:45:00,770.24
2019-10-03 04:00:00,763.52
2019-10-03 04:15:00,749.28
2019-10-03 04:30:00,740.32
2019-10-03 04:45:00,735.52
2019-10-03 05:00:00,736.24
2019-10-03 05:15:00,734.88
2019-10-03 05:30:00,737.6
2019-10-03 05:45:00,746.08
2019-10-03 06:00:00,764.64
2019-10-03 06:15:00,770.32
2019-10-03 06:30:00,782.0
2019-10-03 06:45:00,792.16
2019-10-03 07:00:00,815.12
2019-10-03 07:15:00,832.08
2019-10-03 07:30:00,849.28
2019-10-03 07:45:00,861.04
2019-10-03 08:00:00,877.44
2019-10-03 08:15:00,886.8
2019-10-03 08:30:00,899.36
2019-10-03 08:45:00,910.8
2019-10-03 09:00:00,921.76
2019-10-03 09:15:00,932.24
2019-10-03 09:30:00,940.08
2019-10-03 09:45:00,949.2
2019-10-03 10:00:00,965.12
2019-10-03 10:15:00,979.2
2019-10-03 10:30:00,985.28
2019-10-03 10:45:00,990.64
2019-10-03 11:00:00,995.04
2019-10-03 11:15:00,985.84
2019-10-03 11:30:00,975.36
2019-10-03 11:45:00,969.92
2019-10-03 12:00:00,959.28
2019-10-03 12:15:00,944.16
2019-10-03 12:30:00,932.96
2019-10-03 12:45:00,919.04
2019-10-03 13:00:00,913.68
2019-10-03 13:15:00,902.56
2019-10-03 13:30:00,894.0
2019-10-03 13:45:00,890.0
2019-10-03 14:00:00,882.8
2019-10-03 14:15:00,873.52
2019-10-03 14:30:00,875.44
2019-10-03 14:45:00,871.44
2019-10-03 15:00:00,872.8
2019-10-03 15:15:00,865.84
2019-10-03 15:30:00,867.52
2019-10-03 15:45:00,869.36
2019-10-03 16:00:00,876.64
2019-10-03 16:15:00,885.04
2019-10-03 16:30:00,893.52
2019-10-03 16:45:00,902.72
2019-10-03 17:00:00,921.68
2019-10-03 17:15:00,927.12
2019-10-03 17:30:00,939.44
2019-10-03 17:45:00,948.48
2019-10-03 18:00:00,968.8
2019-10-03 18:15:00,975.36
2019-10-03 18:30:00,978.24
2019-10-03 18:45:00,970.88
2019-10-03 19:00:00,960.16
2019-10-03 19:15:00,942.72
2019-10-03 19:30:00,926.0
2019-10-03 19:45:00,917.44
2019-10-03 20:00:00,897.68
2019-10-03 20:15:00,885.28
2019-10-03 20:30:00,875.44
2019-10-03 20:45:00,868.56
2019-10-03 21:00:00,866.8
2019-10-03 21:15:00,852.96
2019-10-03 21:30:00,834.32
2019-10-03 21:45:00,822.32
2019-10-03 22:00:00,798.32
2019-10-03 22:15:00,782.8
2019-10-03 22:30:00,766.32
2019-10-03 22:45:00,752.96
2019-10-03 23:00:00,740.56
2019-10-03 23:15:00,727.36
2019-10-03 23:30:00,714.64
2019-10-03 23:45:00,704.88
2019-10-04 00:00:00,703.84
2019-10-04 00:15:00,694.56
2019-10-04 00:30:00,694.16
2019-10-04 00:45:00,696.4
2019-10-04 01:00:00,689.28
2019-10-04 01:15:00,687.84
2019-10-04 01:30:00,686.24
2019-10-04 01:45:00,686.32
2019-10-04 02:00:00,692.32
2019-10-04 02:15:00,692.24
2019-10-04 02:30:00,696.96
2019-10-04 02:45:00,696.24
2019-10-04 03:00:00,709.52
2019-10-04 03:15:00,719.76
2019-10-04 03:30:00,726.96
2019-10-04 03:45:00,733.28
2019-10-04 04:00:00,761.2
2019-10-04 04:15:00,771.28
2019-10-04 04:30:00,789.2
2019-10-04 04:45:00,815.12
2019-10-04 05:00:00,868.4
2019-10-04 05:15:00,900.96
2019-10-04 05:30:00,934.16
2019-10-04 05:45:00,959.2
2019-10-04 06:00:00,1000.08
2019-10-04 06:15:00,1012.72
2019-10-04 06:30:00,1027.44
2019-10-04 06:45:00,1043.52
2019-10-04 07:00:00,1058.56
2019-10-04 07:15:00,1068.48
2019-10-04 07:30:00,1074.08
2019-10-04 07:45:00,1082.08
2019-10-04 08:00:00,1093.68
2019-10-04 08:15:00,1102.72
2019-10-04 08:30:00,1111.76
2019-10-04 08:45:00,1117.52
2019-10-04 09:00:00,1114.32
2019-10-04 09:15:00,1116.24
2019-10-04 09:30:00,1124.08
2019-10-04 09:45:00,1129.28
2019-10-04 10:00:00,1135.28
2019-10-04 10:15:00,1145.84
2019-10-04 10:30:00,1152.08
2019-10-04 10:45:00,1153.12
2019-10-04 11:00:00,1147.2
2019-10-04 11:15:00,1141.12
2019-10-04 11:30:00,1132.72
2019-10-04 11:45:00,1131.28
2019-10-04 12:00:00,1129.28
2019-10-04 12:15:00,1122.64
2019-10-04 12:30:00,1109.76
2019-10-04 12:45:00,1097.6
2019-10-04 13:00:00,1096.32
2019-10-04 13:15:00,1087.6
2019-10-04 13:30:00,1083.6
2019-10-04 13:45:00,1079.04
2019-10-04 14:00:00,1076.64
2019-10-04 14:15:00,1065.44
2019-10-04 14:30:00,1063.12
2019-10-04 14:45:00,1055.2
2019-10-04 15:00:00,1049.28
2019-10-04 15:15:00,1044.16
2019-10-04 15:30:00,1047.2
2019-10-04 15:45:00,1046.0
2019-10-04 16:00:00,1050.16
2019-10-04 16:15:00,1055.28
2019-10-04 16:30:00,1059.84
2019-10-04 16:45:00,1065.52
2019-10-04 17:00:00,1074.16
2019-10-04 17:15:00,1075.04
2019-10-04 17:30:00,1082.0
2019-10-04 17:45:00,1094.8
2019-10-04 18:00:00,1110.24
2019-10-04 18:15:00,1111.44
2019-10-04 18:30:00,1108.0
2019-10-04 18:45:00,1093.28
2019-10-04 19:00:00,1075.92
2019-10-04 19:15:00,1049.68
2019-10-04 19:30:00,1034.32
2019-10-04 19:45:00,1021.68
2019-10-04 20:00:00,1001.76
2019-10-04 20:15:00,985.44
2019-10-04 20:30:00,970.16
2019-10-04 20:45:00,955.68
2019-10-04 21:00:00,936.64
2019-10-04 21:15:00,918.88
2019-10-04 21:30:00,903.28
2019-10-04 21:45:00,882.64
2019-10-04 22:00:00,868.24
2019-10-04 22:15:00,845.52
2019-10-04 22:30:00,827.36
2019-10-04 22:45:00,821.28
2019-10-04 23:00:00,804.72
2019-10-04 23:15:00,790.48
2019-10-04 23:30:00,788.72
2019-10-04 23:45:00,778.8
2019-10-05 00:00:00,772.72
2019-10-05 00:15:00,762.0
2019-10-05 00:30:00,752.72
2019-10-05 00:45:00,749.2
2019-10-05 01:00:00,746.88
2019-10-05 01:15:00,741.04
2019-10-05 01:30:00,739.28
2019-10-05 01:45:00,740.88
2019-10-05 02:00:00,744.24
2019-10-05 02:15:00,745.44
2019-10-05 02:30:00,752.4
2019-10-05 02:45:00,754.32
2019-10-05 03:00:00,762.08
2019-10-05 03:15:00,763.84
2019-10-05 03:30:00,768.88
2019-10-05 03:45:00,773.84
2019-10-05 04:00:00,775.44
2019-10-05 04:15:00,773.76
2019-10-05 04:30:00,784.96
2019-10-05 04:45:00,791.28
2019-10-05 05:00:00,798.72
2019-10-05 05:15:00,807.36
2019-10-05 05:30:00,815.76
2019-10-05 05:45:00,826.72
2019-10-05 06:00:00,849.28
2019-10-05 06:15:00,861.92
2019-10-05 06:30:00,866.24
2019-10-05 06:45:00,883.92
2019-10-05 07:00:00,903.28
2019-10-05 07:15:00,916.4
2019-10-05 07:30:00,935.28
2019-10-05 07:45:00,949.44
2019-10-05 08:00:00,956.64
2019-10-05 08:15:00,969.6
2019-10-05 08:30:00,977.28
2019-10-05 08:45:00,985.68
2019-10-05 09:00:00,990.08
2019-10-05 09:15:00,996.0
2019-10-05 09:30:00,1000.96
2019-10-05 09:45:00,1007.12
2019-10-05 10:00:00,1018.48
2019-10-05 10:15:00,1025.68
2019-10-05 10:30:00,1033.68
2019-10-05 10:45:00,1034.72
2019-10-05 11:00:00,1042.24
2019-10-05 11:15:00,1032.0
2019-10-05 11:30:00,1022.48
2019-10-05 11:45:00,1016.0
2019-10-05 12:00:00,1003.84
2019-10-05 12:15:00,987.92
2019-10-05 12:30:00,982.72
2019-10-05 12:45:00,969.2
2019-10-05 13:00:00,968.48
2019-10-05 13:15:00,954.32
2019-10-05 13:30:00,946.08
2019-10-05 13:45:00,944.48
2019-10-05 14:00:00,950.88
2019-10-05 14:15:00,940.24
2019-10-05 14:30:00,937.76
2019-10-05 14:45:00,932.8
2019-10-05 15:00:00,928.0
2019-10-05 15:15:00,922.08
2019-10-05 15:30:00,926.8
2019-10-05 15:45:00,921.04
2019-10-05 16:00:00,927.44
2019-10-05 16:15:00,927.84
2019-10-05 16:30:00,937.36
2019-10-05 16:45:00,941.92
2019-10-05 17:00:00,946.72
2019-10-05 17:15:00,952.96
2019-10-05 17:30:00,961.6
2019-10-05 17:45:00,968.96
2019-10-05 18:00:00,989.28
2019-10-05 18:15:00,997.04
2019-10-05 18:30:00,995.36
2019-10-05 18:45:00,978.56
2019-10-05 19:00:00,968.0
2019-10-05 19:15:00,949.44
2019-10-05 19:30:00,932.72
2019-10-05 19:45:00,917.04
2019-10-05 20:00:00,908.8
2019-10-05 20:15:00,897.12
2019-10-05 20:30:00,882.16
2019-10-05 20:45:00,869.68
2019-10-05 21:00:00,872.88
2019-10-05 21:15:00,863.84
2019-10-05 21:30:00,849.04
2019-10-05 21:45:00,831.12
2019-10-05 22:00:00,813.52
2019-10-05 22:15:00,802.32
2019-10-05 22:30:00,784.16
2019-10-05 22:45:00,772.4
2019-10-05 23:00:00,770.56
2019-10-05 23:15:00,758.4
2019-10-05 23:30:00,747.52
2019-10-05 23:45:00,735.36
2019-10-06 00:00:00,709.76
2019-10-06 00:15:00,696.8
2019-10-06 00:30:00,695.76
2019-10-06 00:45:00,693.84
2019-10-06 01:00:00,688.8
2019-10-06 01:15:00,684.96
2019-10-06 01:30:00,686.16
2019-10-06 01:45:00,683.44
2019-10-06 02:00:00,694.4
2019-10-06 02:15:00,694.24
2019-10-06 02:30:00,695.28
2019-10-06 02:45:00,696.88
2019-10-06 03:00:00,699.68
2019-10-06 03:15:00,698.08
2019-10-06 03:30:00,703.04
2019-10-06 03:45:00,700.32
2019-10-06 04:00:00,711.04
2019-10-06 04:15:00,702.24
2019-10-06 04:30:00,701.76
2019-10-06 04:45:00,700.72
2019-10-06 05:00:00,706.24
2019-10-06 05:15:00,709.84
2019-10-06 05:30:00,707.84
2019-10-06 05:45:00,714.08
2019-10-06 06:00:00,720.96
2019-10-06 06:15:00,727.28
2019-10-06 06:30:00,736.0
2019-10-06 06:45:00,747.52
2019-10-06 07:00:00,773.04
2019-10-06 07:15:00,788.48
2019-10-06 07:30:00,808.88
2019-10-06 07:45:00,824.24
2019-10-06 08:00:00,841.52
2019-10-06 08:15:00,859.12
2019-10-06 08:30:00,877.28
2019-10-06 08:45:00,885.36
2019-10-06 09:00:00,897.6
2019-10-06 09:15:00,910.8
2019-10-06 09:30:00,918.32
2019-10-06 09:45:00,930.64
2019-10-06 10:00:00,942.16
2019-10-06 10:15:00,957.28
2019-10-06 10:30:00,968.88
2019-10-06 10:45:00,973.52
2019-10-06 11:00:00,968.0
2019-10-06 11:15:00,960.8
2019-10-06 11:30:00,957.92
2019-10-06 11:45:00,950.48
2019-10-06 12:00:00,946.32
2019-10-06 12:15:00,941.84
2019-10-06 12:30:00,942.48
2019-10-06 12:45:00,933.2
2019-10-06 13:00:00,937.28
2019-10-06 13:15:00,933.52
2019-10-06 13:30:00,927.84
2019-10-06 13:45:00,918.56
2019-10-06 14:00:00,917.76
2019-10-06 14:15:00,913.36
2019-10-06 14:30:00,911.28
2019-10-06 14:45:00,906.32
2019-10-06 15:00:00,915.6
2019-10-06 15:15:00,913.92
2019-10-06 15:30:00,916.16
2019-10-06 15:45:00,914.24
2019-10-06 16:00:00,927.12
2019-10-06 16:15:00,935.92
2019-10-06 16:30:00,945.52
2019-10-06 16:45:00,951.6
2019-10-06 17:00:00,954.48
2019-10-06 17:15:00,961.28
2019-10-06 17:30:00,972.72
2019-10-06 17:45:00,989.52
2019-10-06 18:00:00,1009.04
2019-10-06 18:15:00,1007.2
2019-10-06 18:30:00,997.68
2019-10-06 18:45:00,989.04
2019-10-06 19:00:00,981.76
2019-10-06 19:15:00,967.28
2019-10-06 19:30:00,950.16
2019-10-06 19:45:00,932.72
2019-10-06 20:00:00,925.52
2019-10-06 20:15:00,915.76
2019-10-06 20:30:00,904.88
2019-10-06 20:45:00,902.48
2019-10-06 21:00:00,911.92
2019-10-06 21:15:00,903.76
2019-10-06 21:30:00,892.08
2019-10-06 21:45:00,879.92
2019-10-06 22:00:00,863.6
2019-10-06 22:15:00,848.64
2019-10-06 22:30:00,835.68
2019-10-06 22:45:00,819.68
2019-10-06 23:00:00,806.08
2019-10-06 23:15:00,793.04
2019-10-06 23:30:00,781.68
2019-10-06 23:45:00,769.2
2019-10-07 00:00:00,755.44
2019-10-07 00:15:00,750.24
2019-10-07 00:30:00,745.84
2019-10-07 00:45:00,743.92
2019-10-07 01:00:00,737.52
2019-10-07 01:15:00,735.44
2019-10-07 01:30:00,734.56
2019-10-07 01:45:00,734.88
2019-10-07 02:00:00,740.8
2019-10-07 02:15:00,743.12
2019-10-07 02:30:00,744.16
2019-10-07 02:45:00,745.84
2019-10-07 03:00:00,762.96
2019-10-07 03:15:00,767.6
2019-10-07 03:30:00,779.2
2019-10-07 03:45:00,797.68
2019-10-07 04:00:00,834.96
2019-10-07 04:15:00,856.64
2019-10-07 04:30:00,881.2
2019-10-07 04:45:00,919.52
2019-10-07 05:00:00,1001.2
2019-10-07 05:15:00,1050.8
2019-10-07 05:30:00,1089.44
2019-10-07 05:45:00,1128.72
2019-10-07 06:00:00,1160.4
2019-10-07 06:15:00,1175.84
2019-10-07 06:30:00,1183.6
2019-10-07 06:45:00,1198.32
2019-10-07 07:00:00,1218.64
2019-10-07 07:15:00,1231.6
2019-10-07 07:30:00,1240.08
2019-10-07 07:45:00,1244.64
2019-10-07 08:00:00,1233.68
2019-10-07 08:15:00,1242.56
2019-10-07 08:30:00,1251.44
2019-10-07 08:45:00,1253.04
2019-10-07 09:00:00,1256.4
2019-10-07 09:15:00,1259.76
2019-10-07 09:30:00,1266.24
2019-10-07 09:45:00,1268.4
2019-10-07 10:00:00,1258.88
2019-10-07 10:15:00,1267.76
2019-10-07 10:30:00,1273.84
2019-10-07 10:45:00,1272.08
2019-10-07 11:00:00,1254.48
2019-10-07 11:15:00,1251.92
2019-10-07 11:30:00,1251.44
2019-10-07 11:45:00,1253.28
2019-10-07 12:00:00,1255.2
2019-10-07 12:15:00,1251.44
2019-10-07 12:30:00,1235.92
2019-10-07 12:45:00,1220.56
2019-10-07 13:00:00,1207.04
2019-10-07 13:15:00,1204.8
2019-10-07 13:30:00,1194.08
2019-10-07 13:45:00,1190.8
2019-10-07 14:00:00,1194.0
2019-10-07 14:15:00,1186.8
2019-10-07 14:30:00,1175.68
2019-10-07 14:45:00,1168.88
2019-10-07 15:00:00,1171.2
2019-10-07 15:15:00,1158.32
2019-10-07 15:30:00,1160.72
2019-10-07 15:45:00,1154.16
2019-10-07 16:00:00,1158.24
2019-10-07 16:15:00,1159.12
2019-10-07 16:30:00,1170.88
2019-10-07 16:45:00,1175.84
2019-10-07 17:00:00,1191.2
2019-10-07 17:15:00,1194.48
2019-10-07 17:30:00,1211.12
2019-10-07 17:45:00,1229.76
2019-10-07 18:00:00,1255.44
2019-10-07 18:15:00,1254.4
2019-10-07 18:30:00,1249.76
2019-10-07 18:45:00,1237.84
2019-10-07 19:00:00,1221.2
2019-10-07 19:15:00,1193.84
2019-10-07 19:30:00,1172.0
2019-10-07 19:45:00,1155.36
2019-10-07 20:00:00,1133.36
2019-10-07 20:15:00,1121.36
2019-10-07 20:30:00,1100.32
2019-10-07 20:45:00,1078.48
2019-10-07 21:00:00,1062.88
2019-10-07 21:15:00,1045.36
2019-10-07 21:30:00,1019.6
2019-10-07 21:45:00,1000.88
2019-10-07 22:00:00,967.44
2019-10-07 22:15:00,946.16
2019-10-07 22:30:00,926.64
2019-10-07 22:45:00,916.16
2019-10-07 23:00:00,890.0
2019-10-07 23:15:00,874.56
2019-10-07 23:30:00,866.48
2019-10-07 23:45:00,860.56
2019-10-08 00:00:00,837.6
2019-10-08 00:15:00,833.44
2019-10-08 00:30:00,834.0
2019-10-08 00:45:00,827.68
2019-10-08 01:00:00,817.2
2019-10-08 01:15:00,815.44
2019-10-08 01:30:00,816.96
2019-10-08 01:45:00,818.56
2019-10-08 02:00:00,823.44
2019-10-08 02:15:00,830.08
2019-10-08 02:30:00,836.4
2019-10-08 02:45:00,838.8
2019-10-08 03:00:00,858.64
2019-10-08 03:15:00,870.8
2019-10-08 03:30:00,884.56
2019-10-08 03:45:00,902.08
2019-10-08 04:00:00,922.96
2019-10-08 04:15:00,938.88
2019-10-08 04:30:00,960.88
2019-10-08 04:45:00,991.2
2019-10-08 05:00:00,1055.68
2019-10-08 05:15:00,1101.2
2019-10-08 05:30:00,1138.32
2019-10-08 05:45:00,1174.32
2019-10-08 06:00:00,1203.76
2019-10-08 06:15:00,1228.32
2019-10-08 06:30:00,1243.04
2019-10-08 06:45:00,1254.4
2019-10-08 07:00:00,1274.96
2019-10-08 07:15:00,1284.08
2019-10-08 07:30:00,1293.92
2019-10-08 07:45:00,1297.28
2019-10-08 08:00:00,1280.16
2019-10-08 08:15:00,1286.16
2019-10-08 08:30:00,1295.84
2019-10-08 08:45:00,1292.08
2019-10-08 09:00:00,1290.64
2019-10-08 09:15:00,1299.04
2019-10-08 09:30:00,1305.12
2019-10-08 09:45:00,1310.64
2019-10-08 10:00:00,1325.6
2019-10-08 10:15:00,1345.76
2019-10-08 10:30:00,1352.96
2019-10-08 10:45:00,1355.84
2019-10-08 11:00:00,1349.52
2019-10-08 11:15:00,1339.12
2019-10-08 11:30:00,1339.52
2019-10-08 11:45:00,1341.36
2019-10-08 12:00:00,1340.24
2019-10-08 12:15:00,1332.96
2019-10-08 12:30:00,1320.24
2019-10-08 12:45:00,1310.24
2019-10-08 13:00:00,1296.88
2019-10-08 13:15:00,1287.6
2019-10-08 13:30:00,1284.32
2019-10-08 13:45:00,1279.44
2019-10-08 14:00:00,1271.44
2019-10-08 14:15:00,1261.44
2019-10-08 14:30:00,1255.52
2019-10-08 14:45:00,1247.36
2019-10-08 15:00:00,1243.84
2019-10-08 15:15:00,1238.48
2019-10-08 15:30:00,1234.0
2019-10-08 15:45:00,1226.88
2019-10-08 16:00:00,1224.24
2019-10-08 16:15:00,1226.08
2019-10-08 16:30:00,1234.64
2019-10-08 16:45:00,1236.4
2019-10-08 17:00:00,1244.16
2019-10-08 17:15:00,1246.32
2019-10-08 17:30:00,1263.04
2019-10-08 17:45:00,1275.92
2019-10-08 18:00:00,1287.68
2019-10-08 18:15:00,1279.52
2019-10-08 18:30:00,1275.52
2019-10-08 18:45:00,1263.52
2019-10-08 19:00:00,1225.52
2019-10-08 19:15:00,1200.8
2019-10-08 19:30:00,1176.88
2019-10-08 19:45:00,1157.44
2019-10-08 20:00:00,1147.6
2019-10-08 20:15:00,1124.48
2019-10-08 20:30:00,1102.64
2019-10-08 20:45:00,1085.52
2019-10-08 21:00:00,1074.96
2019-10-08 21:15:00,1056.64
2019-10-08 21:30:00,1036.8
2019-10-08 21:45:00,1010.48
2019-10-08 22:00:00,993.68
2019-10-08 22:15:00,977.76
2019-10-08 22:30:00,957.6
2019-10-08 22:45:00,948.0
2019-10-08 23:00:00,924.64
2019-10-08 23:15:00,904.56
2019-10-08 23:30:00,902.24
2019-10-08 23:45:00,893.04
2019-10-09 00:00:00,879.68
2019-10-09 00:15:00,872.16
2019-10-09 00:30:00,863.76
2019-10-09 00:45:00,862.56
2019-10-09 01:00:00,851.2
2019-10-09 01:15:00,844.56
2019-10-09 01:30:00,848.4
2019-10-09 01:45:00,847.68
2019-10-09 02:00:00,853.28
2019-10-09 02:15:00,857.52
2019-10-09 02:30:00,863.92
2019-10-09 02:45:00,869.36
2019-10-09 03:00:00,886.48
2019-10-09 03:15:00,897.12
2019-10-09 03:30:00,905.84
2019-10-09 03:45:00,920.72
2019-10-09 04:00:00,953.12
2019-10-09 04:15:00,968.72
2019-10-09 04:30:00,985.2
2019-10-09 04:45:00,1014.8
2019-10-09 05:00:00,1079.28
2019-10-09 05:15:00,1126.4
2019-10-09 05:30:00,1159.2
2019-10-09 05:45:00,1192.4
2019-10-09 06:00:00,1227.6
2019-10-09 06:15:00,1244.08
2019-10-09 06:30:00,1257.12
2019-10-09 06:45:00,1264.88
2019-10-09 07:00:00,1264.08
2019-10-09 07:15:00,1271.84
2019-10-09 07:30:00,1271.04
2019-10-09 07:45:00,1276.16
2019-10-09 08:00:00,1265.44
2019-10-09 08:15:00,1269.84
2019-10-09 08:30:00,1272.24
2019-10-09 08:45:00,1274.4
2019-10-09 09:00:00,1282.24
2019-10-09 09:15:00,1285.76
2019-10-09 09:30:00,1289.84
2019-10-09 09:45:00,1300.64
2019-10-09 10:00:00,1306.0
2019-10-09 10:15:00,1319.12
2019-10-09 10:30:00,1323.84
2019-10-09 10:45:00,1327.12
2019-10-09 11:00:00,1319.12
2019-10-09 11:15:00,1314.08
2019-10-09 11:30:00,1304.08
2019-10-09 11:45:00,1305.92
2019-10-09 12:00:00,1306.64
2019-10-09 12:15:00,1307.44
2019-10-09 12:30:00,1306.16
2019-10-09 12:45:00,1297.04
2019-10-09 13:00:00,1295.6
2019-10-09 13:15:00,1284.16
2019-10-09 13:30:00,1280.48
2019-10-09 13:45:00,1271.04
2019-10-09 14:00:00,1268.48
2019-10-09 14:15:00,1255.68
2019-10-09 14:30:00,1244.24
2019-10-09 14:45:00,1230.72
2019-10-09 15:00:00,1216.96
2019-10-09 15:15:00,1207.28
2019-10-09 15:30:00,1198.56
2019-10-09 15:45:00,1196.4
2019-10-09 16:00:00,1199.44
2019-10-09 16:15:00,1200.64
2019-10-09 16:30:00,1204.0
2019-10-09 16:45:00,1212.72
2019-10-09 17:00:00,1227.36
2019-10-09 17:15:00,1228.56
2019-10-09 17:30:00,1240.64
2019-10-09 17:45:00,1256.64
2019-10-09 18:00:00,1275.04
2019-10-09 18:15:00,1273.92
2019-10-09 18:30:00,1268.48
2019-10-09 18:45:00,1250.0
2019-10-09 19:00:00,1218.08
2019-10-09 19:15:00,1196.56
2019-10-09 19:30:00,1179.52
2019-10-09 19:45:00,1156.96
2019-10-09 20:00:00,1134.64
2019-10-09 20:15:00,1119.12
2019-10-09 20:30:00,1104.16
2019-10-09 20:45:00,1085.04
2019-10-09 21:00:00,1061.68
2019-10-09 21:15:00,1042.4
2019-10-09 21:30:00,1022.16
2019-10-09 21:45:00,1005.04
2019-10-09 22:00:00,988.8
2019-10-09 22:15:00,967.68
2019-10-09 22:30:00,952.72
2019-10-09 22:45:00,934.4
2019-10-09 23:00:00,922.24
2019-10-09 23:15:00,903.6
2019-10-09 23:30:00,905.52
2019-10-09 23:45:00,892.4
2019-10-10 00:00:00,881.84
2019-10-10 00:15:00,872.08
2019-10-10 00:30:00,871.04
2019-10-10 00:45:00,867.04
2019-10-10 01:00:00,855.92
2019-10-10 01:15:00,844.48
2019-10-10 01:30:00,849.6
2019-10-10 01:45:00,854.16
2019-10-10 02:00:00,855.28
2019-10-10 02:15:00,857.28
2019-10-10 02:30:00,871.2
2019-10-10 02:45:00,877.92
2019-10-10 03:00:00,890.32
2019-10-10 03:15:00,890.64
2019-10-10 03:30:00,898.32
2019-10-10 03:45:00,914.16
2019-10-10 04:00:00,933.84
2019-10-10 04:15:00,951.84
2019-10-10 04:30:00,973.36
2019-10-10 04:45:00,1002.24
2019-10-10 05:00:00,1063.44
2019-10-10 05:15:00,1110.88
2019-10-10 05:30:00,1141.76
2019-10-10 05:45:00,1173.44
2019-10-10 06:00:00,1213.04
2019-10-10 06:15:00,1228.48
2019-10-10 06:30:00,1233.44
2019-10-10 06:45:00,1242.0
2019-10-10 07:00:00,1262.48
2019-10-10 07:15:00,1271.84
2019-10-10 07:30:00,1280.64
2019-10-10 07:45:00,1286.56
2019-10-10 08:00:00,1276.16
2019-10-10 08:15:00,1284.08
2019-10-10 08:30:00,1292.64
2019-10-10 08:45:00,1301.68
2019-10-10 09:00:00,1303.28
2019-10-10 09:15:00,1307.92
2019-10-10 09:30:00,1310.0
2019-10-10 09:45:00,1325.28
2019-10-10 10:00:00,1329.28
2019-10-10 10:15:00,1339.36
2019-10-10 10:30:00,1343.52
2019-10-10 10:45:00,1340.72
2019-10-10 11:00:00,1331.44
2019-10-10 11:15:00,1328.4
2019-10-10 11:30:00,1326.56
2019-10-10 11:45:00,1326.72
2019-10-10 12:00:00,1336.96
2019-10-10 12:15:00,1329.12
2019-10-10 12:30:00,1315.04
2019-10-10 12:45:00,1312.48
2019-10-10 13:00:00,1305.68
2019-10-10 13:15:00,1301.28
2019-10-10 13:30:00,1293.36
2019-10-10 13:45:00,1288.8
2019-10-10 14:00:00,1273.12
2019-10-10 14:15:00,1269.28
2019-10-10 14:30:00,1266.48
2019-10-10 14:45:00,1251.92
2019-10-10 15:00:00,1233.2
2019-10-10 15:15:00,1220.4
2019-10-10 15:30:00,1221.04
2019-10-10 15:45:00,1219.52
2019-10-10 16:00:00,1232.48
2019-10-10 16:15:00,1235.52
2019-10-10 16:30:00,1230.96
2019-10-10 16:45:00,1234.72
2019-10-10 17:00:00,1240.8
2019-10-10 17:15:00,1234.96
2019-10-10 17:30:00,1249.04
2019-10-10 17:45:00,1268.72
2019-10-10 18:00:00,1283.68
2019-10-10 18:15:00,1281.92
2019-10-10 18:30:00,1274.08
2019-10-10 18:45:00,1265.6
2019-10-10 19:00:00,1253.84
2019-10-10 19:15:00,1230.72
2019-10-10 19:30:00,1209.84
2019-10-10 19:45:00,1193.68
2019-10-10 20:00:00,1160.24
2019-10-10 20:15:00,1145.68
2019-10-10 20:30:00,1128.8
2019-10-10 20:45:00,1111.04
2019-10-10 21:00:00,1103.76
2019-10-10 21:15:00,1084.0
2019-10-10 21:30:00,1064.16
2019-10-10 21:45:00,1040.88
2019-10-10 22:00:00,1015.2
2019-10-10 22:15:00,1000.32
2019-10-10 22:30:00,986.32
2019-10-10 22:45:00,974.72
2019-10-10 23:00:00,958.24
2019-10-10 23:15:00,942.72
2019-10-10 23:30:00,937.28
2019-10-10 23:45:00,921.84
2019-10-11 00:00:00,899.36
2019-10-11 00:15:00,891.28
2019-10-11 00:30:00,890.56
2019-10-11 00:45:00,887.12
2019-10-11 01:00:00,875.2
2019-10-11 01:15:00,871.6
2019-10-11 01:30:00,868.88
2019-10-11 01:45:00,874.4
2019-10-11 02:00:00,872.8
2019-10-11 02:15:00,874.32
2019-10-11 02:30:00,880.56
2019-10-11 02:45:00,885.28
2019-10-11 03:00:00,888.88
2019-10-11 03:15:00,896.64
2019-10-11 03:30:00,909.76
2019-10-11 03:45:00,921.04
2019-10-11 04:00:00,948.64
2019-10-11 04:15:00,961.2
2019-10-11 04:30:00,986.24
2019-10-11 04:45:00,1016.4
2019-10-11 05:00:00,1088.24
2019-10-11 05:15:00,1133.12
2019-10-11 05:30:00,1175.04
2019-10-11 05:45:00,1211.28
2019-10-11 06:00:00,1249.28
2019-10-11 06:15:00,1268.0
2019-10-11 06:30:00,1281.52
2019-10-11 06:45:00,1294.4
2019-10-11 07:00:00,1309.76
2019-10-11 07:15:00,1313.76
2019-10-11 07:30:00,1318.32
2019-10-11 07:45:00,1320.96
2019-10-11 08:00:00,1304.8
2019-10-11 08:15:00,1305.2
2019-10-11 08:30:00,1316.08
2019-10-11 08:45:00,1324.96
2019-10-11 09:00:00,1312.32
2019-10-11 09:15:00,1313.84
2019-10-11 09:30:00,1318.64
2019-10-11 09:45:00,1323.92
2019-10-11 10:00:00,1323.28
2019-10-11 10:15:00,1324.88
2019-10-11 10:30:00,1326.8
2019-10-11 10:45:00,1325.2
2019-10-11 11:00:00,1324.24
2019-10-11 11:15:00,1313.76
2019-10-11 11:30:00,1309.68
2019-10-11 11:45:00,1310.0
2019-10-11 12:00:00,1316.4
2019-10-11 12:15:00,1302.16
2019-10-11 12:30:00,1289.28
2019-10-11 12:45:00,1277.12
2019-10-11 13:00:00,1270.8
2019-10-11 13:15:00,1266.48
2019-10-11 13:30:00,1256.96
2019-10-11 13:45:00,1248.24
2019-10-11 14:00:00,1248.88
2019-10-11 14:15:00,1238.0
2019-10-11 14:30:00,1225.04
2019-10-11 14:45:00,1215.76
2019-10-11 15:00:00,1211.92
2019-10-11 15:15:00,1207.84
2019-10-11 15:30:00,1209.68
2019-10-11 15:45:00,1208.64
2019-10-11 16:00:00,1220.32
2019-10-11 16:15:00,1224.48
2019-10-11 16:30:00,1227.92
2019-10-11 16:45:00,1233.44
2019-10-11 17:00:00,1254.16
2019-10-11 17:15:00,1251.28
2019-10-11 17:30:00,1263.92
2019-10-11 17:45:00,1277.04
2019-10-11 18:00:00,1295.6
2019-10-11 18:15:00,1283.84
2019-10-11 18:30:00,1276.4
2019-10-11 18:45:00,1263.04
2019-10-11 19:00:00,1224.0
2019-10-11 19:15:00,1195.12
2019-10-11 19:30:00,1171.44
2019-10-11 19:45:00,1151.28
2019-10-11 20:00:00,1126.64
2019-10-11 20:15:00,1110.72
2019-10-11 20:30:00,1091.52
2019-10-11 20:45:00,1077.04
2019-10-11 21:00:00,1063.52
2019-10-11 21:15:00,1049.6
2019-10-11 21:30:00,1031.44
2019-10-11 21:45:00,1006.4
2019-10-11 22:00:00,981.52
2019-10-11 22:15:00,968.08
2019-10-11 22:30:00,954.4
2019-10-11 22:45:00,934.16
2019-10-11 23:00:00,913.92
2019-10-11 23:15:00,901.36
2019-10-11 23:30:00,897.04
2019-10-11 23:45:00,883.2
2019-10-12 00:00:00,869.12
2019-10-12 00:15:00,860.08
2019-10-12 00:30:00,854.24
2019-10-12 00:45:00,846.08
2019-10-12 01:00:00,836.0
2019-10-12 01:15:00,832.0
2019-10-12 01:30:00,825.92
2019-10-12 01:45:00,822.8
2019-10-12 02:00:00,822.0
2019-10-12 02:15:00,820.8
2019-10-12 02:30:00,819.2
2019-10-12 02:45:00,814.8
2019-10-12 03:00:00,817.44
2019-10-12 03:15:00,817.92
2019-10-12 03:30:00,818.08
2019-10-12 03:45:00,824.32
2019-10-12 04:00:00,838.64
2019-10-12 04:15:00,840.08
2019-10-12 04:30:00,837.12
2019-10-12 04:45:00,843.28
2019-10-12 05:00:00,855.36
2019-10-12 05:15:00,866.16
2019-10-12 05:30:00,872.64
2019-10-12 05:45:00,889.36
2019-10-12 06:00:00,903.28
2019-10-12 06:15:00,917.68
2019-10-12 06:30:00,923.2
2019-10-12 06:45:00,935.44
2019-10-12 07:00:00,957.28
2019-10-12 07:15:00,973.2
2019-10-12 07:30:00,986.88
2019-10-12 07:45:00,1001.2
2019-10-12 08:00:00,1009.92
2019-10-12 08:15:00,1018.96
2019-10-12 08:30:00,1027.52
2019-10-12 08:45:00,1040.0
2019-10-12 09:00:00,1047.76
2019-10-12 09:15:00,1056.0
2019-10-12 09:30:00,1066.16
2019-10-12 09:45:00,1067.76
2019-10-12 10:00:00,1074.88
2019-10-12 10:15:00,1080.08
2019-10-12 10:30:00,1082.08
2019-10-12 10:45:00,1078.16
2019-10-12 11:00:00,1071.36
2019-10-12 11:15:00,1068.88
2019-10-12 11:30:00,1061.92
2019-10-12 11:45:00,1051.52
2019-10-12 12:00:00,1036.8
2019-10-12 12:15:00,1023.92
2019-10-12 12:30:00,1017.04
2019-10-12 12:45:00,1007.04
2019-10-12 13:00:00,1001.52
2019-10-12 13:15:00,995.44
2019-10-12 13:30:00,994.0
2019-10-12 13:45:00,982.08
2019-10-12 14:00:00,977.36
2019-10-12 14:15:00,968.4
2019-10-12 14:30:00,954.96
2019-10-12 14:45:00,953.04
2019-10-12 15:00:00,958.8
2019-10-12 15:15:00,957.2
2019-10-12 15:30:00,955.6
2019-10-12 15:45:00,956.56
2019-10-12 16:00:00,962.72
2019-10-12 16:15:00,960.64
2019-10-12 16:30:00,970.72
2019-10-12 16:45:00,978.64
2019-10-12 17:00:00,998.0
2019-10-12 17:15:00,1000.64
2019-10-12 17:30:00,1012.56
2019-10-12 17:45:00,1032.08
2019-10-12 18:00:00,1038.0
2019-10-12 18:15:00,1030.24
2019-10-12 18:30:00,1019.12
2019-10-12 18:45:00,1000.88
2019-10-12 19:00:00,984.0
2019-10-12 19:15:00,959.6
2019-10-12 19:30:00,938.16
2019-10-12 19:45:00,925.76
2019-10-12 20:00:00,914.88
2019-10-12 20:15:00,899.92
2019-10-12 20:30:00,885.04
2019-10-12 20:45:00,875.6
2019-10-12 21:00:00,872.64
2019-10-12 21:15:00,860.72
2019-10-12 21:30:00,844.32
2019-10-12 21:45:00,828.16
2019-10-12 22:00:00,820.4
2019-10-12 22:15:00,803.84
2019-10-12 22:30:00,790.56
2019-10-12 22:45:00,779.36
2019-10-12 23:00:00,772.72
2019-10-12 23:15:00,761.44
2019-10-12 23:30:00,753.84
2019-10-12 23:45:00,738.56
2019-10-13 00:00:00,726.0
2019-10-13 00:15:00,715.76
2019-10-13 00:30:00,707.28
2019-10-13 00:45:00,697.92
2019-10-13 01:00:00,693.68
2019-10-13 01:15:00,688.24
2019-10-13 01:30:00,684.08
2019-10-13 01:45:00,682.56
2019-10-13 02:00:00,677.2
2019-10-13 02:15:00,671.6
2019-10-13 02:30:00,674.96
2019-10-13 02:45:00,670.16
2019-10-13 03:00:00,675.76
2019-10-13 03:15:00,675.68
2019-10-13 03:30:00,678.96
2019-10-13 03:45:00,687.36
2019-10-13 04:00:00,685.76
2019-10-13 04:15:00,688.56
2019-10-13 04:30:00,695.12
2019-10-13 04:45:00,698.72
2019-10-13 05:00:00,706.56
2019-10-13 05:15:00,713.2
2019-10-13 05:30:00,723.76
2019-10-13 05:45:00,728.72
2019-10-13 06:00:00,743.12
2019-10-13 06:15:00,751.92
2019-10-13 06:30:00,757.12
2019-10-13 06:45:00,763.6
2019-10-13 07:00:00,787.04
2019-10-13 07:15:00,805.52
2019-10-13 07:30:00,822.16
2019-10-13 07:45:00,841.2
2019-10-13 08:00:00,857.84
2019-10-13 08:15:00,871.52
2019-10-13 08:30:00,884.64
2019-10-13 08:45:00,895.68
2019-10-13 09:00:00,905.12
2019-10-13 09:15:00,914.24
2019-10-13 09:30:00,923.68
2019-10-13 09:45:00,935.12
2019-10-13 10:00:00,941.44
2019-10-13 10:15:00,960.4
2019-10-13 10:30:00,972.08
2019-10-13 10:45:00,972.56
2019-10-13 11:00:00,968.16
2019-10-13 11:15:00,965.6
2019-10-13 11:30:00,960.48
2019-10-13 11:45:00,941.68
2019-10-13 12:00:00,924.88
2019-10-13 12:15:00,914.48
2019-10-13 12:30:00,901.04
2019-10-13 12:45:00,893.76
2019-10-13 13:00:00,888.08
2019-10-13 13:15:00,883.52
2019-10-13 13:30:00,872.48
2019-10-13 13:45:00,870.32
2019-10-13 14:00:00,880.88
2019-10-13 14:15:00,873.04
2019-10-13 14:30:00,869.36
2019-10-13 14:45:00,869.6
2019-10-13 15:00:00,875.04
2019-10-13 15:15:00,877.12
2019-10-13 15:30:00,875.44
2019-10-13 15:45:00,880.64
2019-10-13 16:00:00,894.4
2019-10-13 16:15:00,905.04
2019-10-13 16:30:00,922.0
2019-10-13 16:45:00,934.32
2019-10-13 17:00:00,954.16
2019-10-13 17:15:00,968.08
2019-10-13 17:30:00,989.6
2019-10-13 17:45:00,1015.36
2019-10-13 18:00:00,1035.44
2019-10-13 18:15:00,1032.88
2019-10-13 18:30:00,1032.16
2019-10-13 18:45:00,1018.96
2019-10-13 19:00:00,1012.16
2019-10-13 19:15:00,1001.68
2019-10-13 19:30:00,991.92
2019-10-13 19:45:00,976.88
2019-10-13 20:00:00,961.52
2019-10-13 20:15:00,950.24
2019-10-13 20:30:00,950.24
2019-10-13 20:45:00,943.84
2019-10-13 21:00:00,940.08
2019-10-13 21:15:00,932.8
2019-10-13 21:30:00,919.2
2019-10-13 21:45:00,899.6
2019-10-13 22:00:00,885.68
2019-10-13 22:15:00,871.76
2019-10-13 22:30:00,850.4
2019-10-13 22:45:00,843.2
2019-10-13 23:00:00,830.64
2019-10-13 23:15:00,815.04
2019-10-13 23:30:00,808.72
2019-10-13 23:45:00,795.28
2019-10-14 00:00:00,784.0
2019-10-14 00:15:00,776.8
2019-10-14 00:30:00,769.84
2019-10-14 00:45:00,764.8
2019-10-14 01:00:00,758.96
2019-10-14 01:15:00,750.96
2019-10-14 01:30:00,749.28
2019-10-14 01:45:00,743.76
2019-10-14 02:00:00,743.68
2019-10-14 02:15:00,742.88
2019-10-14 02:30:00,744.96
2019-10-14 02:45:00,748.32
2019-10-14 03:00:00,764.24
2019-10-14 03:15:00,770.72
2019-10-14 03:30:00,786.56
2019-10-14 03:45:00,807.2
2019-10-14 04:00:00,842.4
2019-10-14 04:15:00,862.32
2019-10-14 04:30:00,890.72
2019-10-14 04:45:00,929.28
2019-10-14 05:00:00,997.44
2019-10-14 05:15:00,1042.72
2019-10-14 05:30:00,1074.4
2019-10-14 05:45:00,1116.8
2019-10-14 06:00:00,1165.28
2019-10-14 06:15:00,1183.52
2019-10-14 06:30:00,1196.24
2019-10-14 06:45:00,1200.24
2019-10-14 07:00:00,1222.64
2019-10-14 07:15:00,1231.44
2019-10-14 07:30:00,1238.88
2019-10-14 07:45:00,1238.8
2019-10-14 08:00:00,1222.88
2019-10-14 08:15:00,1227.28
2019-10-14 08:30:00,1239.28
2019-10-14 08:45:00,1241.52
2019-10-14 09:00:00,1247.04
2019-10-14 09:15:00,1244.56
2019-10-14 09:30:00,1249.36
2019-10-14 09:45:00,1259.04
2019-10-14 10:00:00,1262.96
2019-10-14 10:15:00,1267.36
2019-10-14 10:30:00,1266.72
2019-10-14 10:45:00,1267.68
2019-10-14 11:00:00,1268.0
2019-10-14 11:15:00,1263.2
2019-10-14 11:30:00,1261.52
2019-10-14 11:45:00,1261.2
2019-10-14 12:00:00,1270.88
2019-10-14 12:15:00,1261.92
2019-10-14 12:30:00,1258.32
2019-10-14 12:45:00,1245.44
2019-10-14 13:00:00,1239.52
2019-10-14 13:15:00,1232.48
2019-10-14 13:30:00,1224.0
2019-10-14 13:45:00,1218.08
2019-10-14 14:00:00,1216.88
2019-10-14 14:15:00,1205.6
2019-10-14 14:30:00,1194.56
2019-10-14 14:45:00,1184.64
2019-10-14 15:00:00,1179.84
2019-10-14 15:15:00,1174.56
2019-10-14 15:30:00,1167.52
2019-10-14 15:45:00,1166.48
2019-10-14 16:00:00,1174.8
2019-10-14 16:15:00,1180.8
2019-10-14 16:30:00,1189.92
2019-10-14 16:45:00,1196.88
2019-10-14 17:00:00,1205.76
2019-10-14 17:15:00,1211.76
2019-10-14 17:30:00,1235.6
2019-10-14 17:45:00,1265.6
2019-10-14 18:00:00,1281.12
2019-10-14 18:15:00,1277.36
2019-10-14 18:30:00,1278.88
2019-10-14 18:45:00,1269.28
2019-10-14 19:00:00,1239.76
2019-10-14 19:15:00,1213.68
2019-10-14 19:30:00,1188.64
2019-10-14 19:45:00,1171.68
2019-10-14 20:00:00,1151.44
2019-10-14 20:15:00,1132.08
2019-10-14 20:30:00,1114.16
2019-10-14 20:45:00,1091.6
2019-10-14 21:00:00,1069.6
2019-10-14 21:15:00,1050.48
2019-10-14 21:30:00,1023.92
2019-10-14 21:45:00,1004.64
2019-10-14 22:00:00,972.72
2019-10-14 22:15:00,956.56
2019-10-14 22:30:00,933.68
2019-10-14 22:45:00,920.64
2019-10-14 23:00:00,900.48
2019-10-14 23:15:00,890.96
2019-10-14 23:30:00,883.28
2019-10-14 23:45:00,872.8
2019-10-15 00:00:00,859.44
2019-10-15 00:15:00,854.24
2019-10-15 00:30:00,850.16
2019-10-15 00:45:00,845.36
2019-10-15 01:00:00,835.68
2019-10-15 01:15:00,834.56
2019-10-15 01:30:00,838.32
2019-10-15 01:45:00,843.04
2019-10-15 02:00:00,852.64
2019-10-15 02:15:00,853.92
2019-10-15 02:30:00,860.48
2019-10-15 02:45:00,863.12
2019-10-15 03:00:00,877.28
2019-10-15 03:15:00,890.16
2019-10-15 03:30:00,901.12
2019-10-15 03:45:00,916.96
2019-10-15 04:00:00,939.12
2019-10-15 04:15:00,953.84
2019-10-15 04:30:00,980.24
2019-10-15 04:45:00,1015.6
2019-10-15 05:00:00,1077.84
2019-10-15 05:15:00,1112.0
2019-10-15 05:30:00,1145.2
2019-10-15 05:45:00,1174.4
2019-10-15 06:00:00,1217.04
2019-10-15 06:15:00,1231.76
2019-10-15 06:30:00,1240.64
2019-10-15 06:45:00,1246.0
2019-10-15 07:00:00,1255.76
2019-10-15 07:15:00,1265.44
2019-10-15 07:30:00,1269.84
2019-10-15 07:45:00,1274.48
2019-10-15 08:00:00,1264.0
2019-10-15 08:15:00,1269.52
2019-10-15 08:30:00,1276.4
2019-10-15 08:45:00,1280.16
2019-10-15 09:00:00,1277.84
2019-10-15 09:15:00,1282.08
2019-10-15 09:30:00,1283.2
2019-10-15 09:45:00,1288.96
2019-10-15 10:00:00,1289.44
2019-10-15 10:15:00,1299.84
2019-10-15 10:30:00,1306.88
2019-10-15 10:45:00,1312.88
2019-10-15 11:00:00,1306.64
2019-10-15 11:15:00,1302.4
2019-10-15 11:30:00,1299.36
2019-10-15 11:45:00,1290.48
2019-10-15 12:00:00,1285.28
2019-10-15 12:15:00,1277.44
2019-10-15 12:30:00,1264.08
2019-10-15 12:45:00,1253.36
2019-10-15 13:00:00,1245.12
2019-10-15 13:15:00,1241.84
2019-10-15 13:30:00,1242.72
2019-10-15 13:45:00,1233.84
2019-10-15 14:00:00,1238.32
2019-10-15 14:15:00,1230.24
2019-10-15 14:30:00,1220.16
2019-10-15 14:45:00,1212.24
2019-10-15 15:00:00,1211.44
2019-10-15 15:15:00,1208.8
2019-10-15 15:30:00,1207.04
2019-10-15 15:45:00,1207.28
2019-10-15 16:00:00,1215.36
2019-10-15 16:15:00,1221.2
2019-10-15 16:30:00,1232.56
2019-10-15 16:45:00,1247.28
2019-10-15 17:00:00,1249.04
2019-10-15 17:15:00,1263.76
2019-10-15 17:30:00,1286.8
2019-10-15 17:45:00,1306.32
2019-10-15 18:00:00,1305.92
2019-10-15 18:15:00,1293.52
2019-10-15 18:30:00,1284.4
2019-10-15 18:45:00,1269.36
2019-10-15 19:00:00,1241.68
2019-10-15 19:15:00,1213.52
2019-10-15 19:30:00,1191.52
2019-10-15 19:45:00,1169.12
2019-10-15 20:00:00,1148.0
2019-10-15 20:15:00,1124.48
2019-10-15 20:30:00,1099.84
2019-10-15 20:45:00,1081.68
2019-10-15 21:00:00,1062.88
2019-10-15 21:15:00,1040.56
2019-10-15 21:30:00,1009.6
2019-10-15 21:45:00,990.24
2019-10-15 22:00:00,966.8
2019-10-15 22:15:00,940.72
2019-10-15 22:30:00,924.0
2019-10-15 22:45:00,910.16
2019-10-15 23:00:00,888.88
2019-10-15 23:15:00,876.16
2019-10-15 23:30:00,870.96
2019-10-15 23:45:00,859.6
2019-10-16 00:00:00,846.4
2019-10-16 00:15:00,840.32
2019-10-16 00:30:00,840.24
2019-10-16 00:45:00,834.0
2019-10-16 01:00:00,827.84
2019-10-16 01:15:00,829.44
2019-10-16 01:30:00,828.88
2019-10-16 01:45:00,831.92
2019-10-16 02:00:00,829.44
2019-10-16 02:15:00,838.4
2019-10-16 02:30:00,843.28
2019-10-16 02:45:00,849.84
2019-10-16 03:00:00,858.56
2019-10-16 03:15:00,866.24
2019-10-16 03:30:00,877.12
2019-10-16 03:45:00,883.28
2019-10-16 04:00:00,920.32
2019-10-16 04:15:00,934.56
2019-10-16 04:30:00,958.96
2019-10-16 04:45:00,988.0
2019-10-16 05:00:00,1061.92
2019-10-16 05:15:00,1106.32
2019-10-16 05:30:00,1139.68
2019-10-16 05:45:00,1169.12
2019-10-16 06:00:00,1213.44
2019-10-16 06:15:00,1240.56
2019-10-16 06:30:00,1256.16
2019-10-16 06:45:00,1276.88
2019-10-16 07:00:00,1292.72
2019-10-16 07:15:00,1303.44
2019-10-16 07:30:00,1305.68
2019-10-16 07:45:00,1307.76
2019-10-16 08:00:00,1300.56
2019-10-16 08:15:00,1303.04
2019-10-16 08:30:00,1311.68
2019-10-16 08:45:00,1314.16
2019-10-16 09:00:00,1317.92
2019-10-16 09:15:00,1327.36
2019-10-16 09:30:00,1329.76
2019-10-16 09:45:00,1338.08
2019-10-16 10:00:00,1334.88
2019-10-16 10:15:00,1339.84
2019-10-16 10:30:00,1344.32
2019-10-16 10:45:00,1338.72
2019-10-16 11:00:00,1329.12
2019-10-16 11:15:00,1321.04
2019-10-16 11:30:00,1323.44
2019-10-16 11:45:00,1318.24
2019-10-16 12:00:00,1311.84
2019-10-16 12:15:00,1314.08
2019-10-16 12:30:00,1309.68
2019-10-16 12:45:00,1296.48
2019-10-16 13:00:00,1293.92
2019-10-16 13:15:00,1290.08
2019-10-16 13:30:00,1279.2
2019-10-16 13:45:00,1275.76
2019-10-16 14:00:00,1274.88
2019-10-16 14:15:00,1267.76
2019-10-16 14:30:00,1260.72
2019-10-16 14:45:00,1252.48
2019-10-16 15:00:00,1247.6
2019-10-16 15:15:00,1242.64
2019-10-16 15:30:00,1233.44
2019-10-16 15:45:00,1235.68
2019-10-16 16:00:00,1238.64
2019-10-16 16:15:00,1238.4
2019-10-16 16:30:00,1244.08
2019-10-16 16:45:00,1254.64
2019-10-16 17:00:00,1255.68
2019-10-16 17:15:00,1268.16
2019-10-16 17:30:00,1292.64
2019-10-16 17:45:00,1313.28
2019-10-16 18:00:00,1314.72
2019-10-16 18:15:00,1305.68
2019-10-16 18:30:00,1307.6
2019-10-16 18:45:00,1298.4
2019-10-16 19:00:00,1274.4
2019-10-16 19:15:00,1249.76
2019-10-16 19:30:00,1233.6
2019-10-16 19:45:00,1209.04
2019-10-16 20:00:00,1179.92
2019-10-16 20:15:00,1159.76
2019-10-16 20:30:00,1138.88
2019-10-16 20:45:00,1114.64
2019-10-16 21:00:00,1095.92
2019-10-16 21:15:00,1082.96
2019-10-16 21:30:00,1063.68
2019-10-16 21:45:00,1039.28
2019-10-16 22:00:00,1010.4
2019-10-16 22:15:00,985.68
2019-10-16 22:30:00,968.48
2019-10-16 22:45:00,944.96
2019-10-16 23:00:00,926.24
2019-10-16 23:15:00,915.92
2019-10-16 23:30:00,910.72
2019-10-16 23:45:00,894.16
2019-10-17 00:00:00,880.64
2019-10-17 00:15:00,870.56
2019-10-17 00:30:00,873.36
2019-10-17 00:45:00,861.04
2019-10-17 01:00:00,853.68
2019-10-17 01:15:00,852.96
2019-10-17 01:30:00,848.88
2019-10-17 01:45:00,846.96
2019-10-17 02:00:00,845.12
2019-10-17 02:15:00,846.72
2019-10-17 02:30:00,846.72
2019-10-17 02:45:00,847.04
2019-10-17 03:00:00,867.04
2019-10-17 03:15:00,872.56
2019-10-17 03:30:00,881.68
2019-10-17 03:45:00,893.84
2019-10-17 04:00:00,922.32
2019-10-17 04:15:00,937.84
2019-10-17 04:30:00,953.52
2019-10-17 04:45:00,986.32
2019-10-17 05:00:00,1051.04
2019-10-17 05:15:00,1093.76
2019-10-17 05:30:00,1127.92
2019-10-17 05:45:00,1163.92
2019-10-17 06:00:00,1212.0
2019-10-17 06:15:00,1239.28
2019-10-17 06:30:00,1252.24
2019-10-17 06:45:00,1258.4
2019-10-17 07:00:00,1270.56
2019-10-17 07:15:00,1283.36
2019-10-17 07:30:00,1288.16
2019-10-17 07:45:00,1293.36
2019-10-17 08:00:00,1283.52
2019-10-17 08:15:00,1289.52
2019-10-17 08:30:00,1298.0
2019-10-17 08:45:00,1302.0
2019-10-17 09:00:00,1307.84
2019-10-17 09:15:00,1311.36
2019-10-17 09:30:00,1317.04
2019-10-17 09:45:00,1320.4
2019-10-17 10:00:00,1323.28
2019-10-17 10:15:00,1328.56
2019-10-17 10:30:00,1340.96
2019-10-17 10:45:00,1335.76
2019-10-17 11:00:00,1326.4
2019-10-17 11:15:00,1319.92
2019-10-17 11:30:00,1317.28
2019-10-17 11:45:00,1315.2
2019-10-17 12:00:00,1311.68
2019-10-17 12:15:00,1307.76
2019-10-17 12:30:00,1297.6
2019-10-17 12:45:00,1286.56
2019-10-17 13:00:00,1276.88
2019-10-17 13:15:00,1276.48
2019-10-17 13:30:00,1270.8
2019-10-17 13:45:00,1268.32
2019-10-17 14:00:00,1259.52
2019-10-17 14:15:00,1250.56
2019-10-17 14:30:00,1242.32
2019-10-17 14:45:00,1230.0
2019-10-17 15:00:00,1224.56
2019-10-17 15:15:00,1216.48
2019-10-17 15:30:00,1216.0
2019-10-17 15:45:00,1213.36
2019-10-17 16:00:00,1217.76
2019-10-17 16:15:00,1215.92
2019-10-17 16:30:00,1225.28
2019-10-17 16:45:00,1235.12
2019-10-17 17:00:00,1240.0
2019-10-17 17:15:00,1252.48
2019-10-17 17:30:00,1280.24
2019-10-17 17:45:00,1292.16
2019-10-17 18:00:00,1289.92
2019-10-17 18:15:00,1272.96
2019-10-17 18:30:00,1264.96
2019-10-17 18:45:00,1254.64
2019-10-17 19:00:00,1232.4
2019-10-17 19:15:00,1209.84
2019-10-17 19:30:00,1193.52
2019-10-17 19:45:00,1171.92
2019-10-17 20:00:00,1141.04
2019-10-17 20:15:00,1126.72
2019-10-17 20:30:00,1107.28
2019-10-17 20:45:00,1089.44
2019-10-17 21:00:00,1068.48
2019-10-17 21:15:00,1049.2
2019-10-17 21:30:00,1029.28
2019-10-17 21:45:00,1006.88
2019-10-17 22:00:00,979.92
2019-10-17 22:15:00,959.52
2019-10-17 22:30:00,947.28
2019-10-17 22:45:00,932.32
2019-10-17 23:00:00,908.32
2019-10-17 23:15:00,892.88
2019-10-17 23:30:00,883.52
2019-10-17 23:45:00,876.4
2019-10-18 00:00:00,864.72
2019-10-18 00:15:00,853.52
2019-10-18 00:30:00,848.24
2019-10-18 00:45:00,839.12
2019-10-18 01:00:00,829.2
2019-10-18 01:15:00,824.08
2019-10-18 01:30:00,824.24
2019-10-18 01:45:00,823.04
2019-10-18 02:00:00,823.28
2019-10-18 02:15:00,826.72
2019-10-18 02:30:00,829.36
2019-10-18 02:45:00,836.4
2019-10-18 03:00:00,844.16
2019-10-18 03:15:00,854.88
2019-10-18 03:30:00,866.08
2019-10-18 03:45:00,878.56
2019-10-18 04:00:00,904.8
2019-10-18 04:15:00,923.44
2019-10-18 04:30:00,946.24
2019-10-18 04:45:00,977.36
2019-10-18 05:00:00,1051.36
2019-10-18 05:15:00,1096.0
2019-10-18 05:30:00,1132.0
2019-10-18 05:45:00,1165.84
2019-10-18 06:00:00,1210.72
2019-10-18 06:15:00,1236.8
2019-10-18 06:30:00,1249.44
2019-10-18 06:45:00,1258.08
2019-10-18 07:00:00,1270.64
2019-10-18 07:15:00,1281.36
2019-10-18 07:30:00,1288.24
2019-10-18 07:45:00,1297.2
2019-10-18 08:00:00,1297.84
2019-10-18 08:15:00,1306.08
2019-10-18 08:30:00,1315.68
2019-10-18 08:45:00,1316.96
2019-10-18 09:00:00,1315.12
2019-10-18 09:15:00,1313.12
2019-10-18 09:30:00,1320.32
2019-10-18 09:45:00,1324.48
2019-10-18 10:00:00,1321.76
2019-10-18 10:15:00,1337.84
2019-10-18 10:30:00,1343.84
2019-10-18 10:45:00,1342.56
2019-10-18 11:00:00,1339.12
2019-10-18 11:15:00,1336.88
2019-10-18 11:30:00,1329.52
2019-10-18 11:45:00,1324.24
2019-10-18 12:00:00,1318.88
2019-10-18 12:15:00,1300.8
2019-10-18 12:30:00,1280.72
2019-10-18 12:45:00,1265.52
2019-10-18 13:00:00,1255.36
2019-10-18 13:15:00,1252.64
2019-10-18 13:30:00,1251.84
2019-10-18 13:45:00,1243.84
2019-10-18 14:00:00,1243.44
2019-10-18 14:15:00,1237.68
2019-10-18 14:30:00,1232.72
2019-10-18 14:45:00,1229.28
2019-10-18 15:00:00,1231.68
2019-10-18 15:15:00,1224.96
2019-10-18 15:30:00,1220.32
2019-10-18 15:45:00,1225.28
2019-10-18 16:00:00,1225.6
2019-10-18 16:15:00,1224.16
2019-10-18 16:30:00,1231.12
2019-10-18 16:45:00,1242.72
2019-10-18 17:00:00,1254.08
2019-10-18 17:15:00,1260.08
2019-10-18 17:30:00,1282.24
2019-10-18 17:45:00,1299.04
2019-10-18 18:00:00,1300.24
2019-10-18 18:15:00,1283.68
2019-10-18 18:30:00,1270.56
2019-10-18 18:45:00,1253.84
2019-10-18 19:00:00,1220.4
2019-10-18 19:15:00,1187.52
2019-10-18 19:30:00,1168.4
2019-10-18 19:45:00,1148.96
2019-10-18 20:00:00,1116.56
2019-10-18 20:15:00,1099.36
2019-10-18 20:30:00,1080.08
2019-10-18 20:45:00,1059.68
2019-10-18 21:00:00,1040.8
2019-10-18 21:15:00,1022.56
2019-10-18 21:30:00,1003.76
2019-10-18 21:45:00,985.52
2019-10-18 22:00:00,970.48
2019-10-18 22:15:00,949.68
2019-10-18 22:30:00,935.12
2019-10-18 22:45:00,913.84
2019-10-18 23:00:00,874.88
2019-10-18 23:15:00,867.76
2019-10-18 23:30:00,862.0
2019-10-18 23:45:00,850.24
2019-10-19 00:00:00,837.2
2019-10-19 00:15:00,825.04
2019-10-19 00:30:00,816.16
2019-10-19 00:45:00,809.2
2019-10-19 01:00:00,798.72
2019-10-19 01:15:00,792.4
2019-10-19 01:30:00,786.48
2019-10-19 01:45:00,785.12
2019-10-19 02:00:00,784.96
2019-10-19 02:15:00,783.52
2019-10-19 02:30:00,782.4
2019-10-19 02:45:00,783.12
2019-10-19 03:00:00,793.84
2019-10-19 03:15:00,803.36
2019-10-19 03:30:00,804.24
2019-10-19 03:45:00,807.28
2019-10-19 04:00:00,811.68
2019-10-19 04:15:00,816.16
2019-10-19 04:30:00,814.88
2019-10-19 04:45:00,824.56
2019-10-19 05:00:00,842.24
2019-10-19 05:15:00,850.72
2019-10-19 05:30:00,862.96
2019-10-19 05:45:00,877.44
2019-10-19 06:00:00,909.68
2019-10-19 06:15:00,919.28
2019-10-19 06:30:00,931.68
2019-10-19 06:45:00,940.72
2019-10-19 07:00:00,949.76
2019-10-19 07:15:00,961.04
2019-10-19 07:30:00,975.68
2019-10-19 07:45:00,989.84
2019-10-19 08:00:00,1006.8
2019-10-19 08:15:00,1017.6
2019-10-19 08:30:00,1028.48
2019-10-19 08:45:00,1036.0
2019-10-19 09:00:00,1039.04
2019-10-19 09:15:00,1048.0
2019-10-19 09:30:00,1053.76
2019-10-19 09:45:00,1055.52
2019-10-19 10:00:00,1061.68
2019-10-19 10:15:00,1062.72
2019-10-19 10:30:00,1071.04
2019-10-19 10:45:00,1064.48
2019-10-19 11:00:00,1061.52
2019-10-19 11:15:00,1049.28
2019-10-19 11:30:00,1042.4
2019-10-19 11:45:00,1041.6
2019-10-19 12:00:00,1039.92
2019-10-19 12:15:00,1034.4
2019-10-19 12:30:00,1027.84
2019-10-19 12:45:00,1014.88
2019-10-19 13:00:00,1010.32
2019-10-19 13:15:00,1007.44
2019-10-19 13:30:00,999.04
2019-10-19 13:45:00,990.16
2019-10-19 14:00:00,992.64
2019-10-19 14:15:00,994.24
2019-10-19 14:30:00,993.92
2019-10-19 14:45:00,987.44
2019-10-19 15:00:00,985.44
2019-10-19 15:15:00,984.32
2019-10-19 15:30:00,988.08
2019-10-19 15:45:00,986.8
2019-10-19 16:00:00,994.96
2019-10-19 16:15:00,1002.8
2019-10-19 16:30:00,1018.8
2019-10-19 16:45:00,1031.2
2019-10-19 17:00:00,1058.16
2019-10-19 17:15:00,1064.88
2019-10-19 17:30:00,1091.84
2019-10-19 17:45:00,1101.92
2019-10-19 18:00:00,1087.68
2019-10-19 18:15:00,1078.4
2019-10-19 18:30:00,1064.32
2019-10-19 18:45:00,1048.8
2019-10-19 19:00:00,1029.68
2019-10-19 19:15:00,1003.44
2019-10-19 19:30:00,981.76
2019-10-19 19:45:00,971.28
2019-10-19 20:00:00,959.04
2019-10-19 20:15:00,947.6
2019-10-19 20:30:00,930.32
2019-10-19 20:45:00,920.64
2019-10-19 21:00:00,912.64
2019-10-19 21:15:00,900.24
2019-10-19 21:30:00,884.64
2019-10-19 21:45:00,870.08
2019-10-19 22:00:00,848.16
2019-10-19 22:15:00,831.28
2019-10-19 22:30:00,817.28
2019-10-19 22:45:00,799.04
2019-10-19 23:00:00,770.56
2019-10-19 23:15:00,761.68
2019-10-19 23:30:00,754.48
2019-10-19 23:45:00,733.84
2019-10-20 00:00:00,724.56
2019-10-20 00:15:00,715.04
2019-10-20 00:30:00,708.24
2019-10-20 00:45:00,701.76
2019-10-20 01:00:00,699.2
2019-10-20 01:15:00,691.76
2019-10-20 01:30:00,682.96
2019-10-20 01:45:00,681.2
2019-10-20 02:00:00,681.68
2019-10-20 02:15:00,677.6
2019-10-20 02:30:00,676.16
2019-10-20 02:45:00,675.6
2019-10-20 03:00:00,690.24
2019-10-20 03:15:00,695.84
2019-10-20 03:30:00,690.4
2019-10-20 03:45:00,688.32
2019-10-20 04:00:00,698.88
2019-10-20 04:15:00,697.68
2019-10-20 04:30:00,692.88
2019-10-20 04:45:00,692.8
2019-10-20 05:00:00,694.48
2019-10-20 05:15:00,697.84
2019-10-20 05:30:00,702.96
2019-10-20 05:45:00,707.44
2019-10-20 06:00:00,726.8
2019-10-20 06:15:00,735.28
2019-10-20 06:30:00,743.92
2019-10-20 06:45:00,753.44
2019-10-20 07:00:00,764.4
2019-10-20 07:15:00,785.44
2019-10-20 07:30:00,803.84
2019-10-20 07:45:00,819.28
2019-10-20 08:00:00,824.0
2019-10-20 08:15:00,837.76
2019-10-20 08:30:00,849.6
2019-10-20 08:45:00,868.0
2019-10-20 09:00:00,889.2
2019-10-20 09:15:00,900.64
2019-10-20 09:30:00,908.24
2019-10-20 09:45:00,917.44
2019-10-20 10:00:00,935.04
2019-10-20 10:15:00,945.6
2019-10-20 10:30:00,953.28
2019-10-20 10:45:00,949.52
2019-10-20 11:00:00,946.8
2019-10-20 11:15:00,945.68
2019-10-20 11:30:00,938.0
2019-10-20 11:45:00,926.72
2019-10-20 12:00:00,920.56
2019-10-20 12:15:00,905.92
2019-10-20 12:30:00,902.32
2019-10-20 12:45:00,891.36
2019-10-20 13:00:00,883.6
2019-10-20 13:15:00,877.44
2019-10-20 13:30:00,875.12
2019-10-20 13:45:00,871.6
2019-10-20 14:00:00,879.76
2019-10-20 14:15:00,870.0
2019-10-20 14:30:00,867.76
2019-10-20 14:45:00,866.88
2019-10-20 15:00:00,877.12
2019-10-20 15:15:00,873.04
2019-10-20 15:30:00,880.08
2019-10-20 15:45:00,893.52
2019-10-20 16:00:00,905.12
2019-10-20 16:15:00,908.56
2019-10-20 16:30:00,923.6
2019-10-20 16:45:00,945.44
2019-10-20 17:00:00,964.08
2019-10-20 17:15:00,979.12
2019-10-20 17:30:00,1004.16
2019-10-20 17:45:00,1007.12
2019-10-20 18:00:00,1015.2
2019-10-20 18:15:00,1004.16
2019-10-20 18:30:00,995.28
2019-10-20 18:45:00,985.04
2019-10-20 19:00:00,977.28
2019-10-20 19:15:00,958.56
2019-10-20 19:30:00,940.96
2019-10-20 19:45:00,922.88
2019-10-20 20:00:00,916.4
2019-10-20 20:15:00,908.72
2019-10-20 20:30:00,901.04
2019-10-20 20:45:00,899.2
2019-10-20 21:00:00,895.52
2019-10-20 21:15:00,885.12
2019-10-20 21:30:00,868.56
2019-10-20 21:45:00,853.92
2019-10-20 22:00:00,833.84
2019-10-20 22:15:00,812.32
2019-10-20 22:30:00,796.24
2019-10-20 22:45:00,785.2
2019-10-20 23:00:00,774.0
2019-10-20 23:15:00,762.4
2019-10-20 23:30:00,757.92
2019-10-20 23:45:00,751.28
2019-10-21 00:00:00,745.84
2019-10-21 00:15:00,737.84
2019-10-21 00:30:00,733.52
2019-10-21 00:45:00,734.56
2019-10-21 01:00:00,728.56
2019-10-21 01:15:00,723.2
2019-10-21 01:30:00,715.52
2019-10-21 01:45:00,719.2
2019-10-21 02:00:00,725.92
2019-10-21 02:15:00,729.52
2019-10-21 02:30:00,731.76
2019-10-21 02:45:00,733.12
2019-10-21 03:00:00,746.72
2019-10-21 03:15:00,759.6
2019-10-21 03:30:00,772.32
2019-10-21 03:45:00,792.64
2019-10-21 04:00:00,832.32
2019-10-21 04:15:00,856.56
2019-10-21 04:30:00,886.08
2019-10-21 04:45:00,926.48
2019-10-21 05:00:00,1001.6
2019-10-21 05:15:00,1053.04
2019-10-21 05:30:00,1099.2
2019-10-21 05:45:00,1140.72
2019-10-21 06:00:00,1184.0
2019-10-21 06:15:00,1203.92
2019-10-21 06:30:00,1225.36
2019-10-21 06:45:00,1238.56
2019-10-21 07:00:00,1250.4
2019-10-21 07:15:00,1256.8
2019-10-21 07:30:00,1265.68
2019-10-21 07:45:00,1273.6
2019-10-21 08:00:00,1265.28
2019-10-21 08:15:00,1269.28
2019-10-21 08:30:00,1276.08
2019-10-21 08:45:00,1285.76
2019-10-21 09:00:00,1282.48
2019-10-21 09:15:00,1286.8
2019-10-21 09:30:00,1289.12
2019-10-21 09:45:00,1297.28
2019-10-21 10:00:00,1293.76
2019-10-21 10:15:00,1296.24
2019-10-21 10:30:00,1294.0
2019-10-21 10:45:00,1291.84
2019-10-21 11:00:00,1284.0
2019-10-21 11:15:00,1284.88
2019-10-21 11:30:00,1297.12
2019-10-21 11:45:00,1303.52
2019-10-21 12:00:00,1310.48
2019-10-21 12:15:00,1304.64
2019-10-21 12:30:00,1288.32
2019-10-21 12:45:00,1279.12
2019-10-21 13:00:00,1274.24
2019-10-21 13:15:00,1263.12
2019-10-21 13:30:00,1256.72
2019-10-21 13:45:00,1252.56
2019-10-21 14:00:00,1249.84
2019-10-21 14:15:00,1239.92
2019-10-21 14:30:00,1223.2
2019-10-21 14:45:00,1207.84
2019-10-21 15:00:00,1212.56
2019-10-21 15:15:00,1199.76
2019-10-21 15:30:00,1195.52
2019-10-21 15:45:00,1187.84
2019-10-21 16:00:00,1194.16
2019-10-21 16:15:00,1195.84
2019-10-21 16:30:00,1204.4
2019-10-21 16:45:00,1214.64
2019-10-21 17:00:00,1234.4
2019-10-21 17:15:00,1248.32
2019-10-21 17:30:00,1267.12
2019-10-21 17:45:00,1282.24
2019-10-21 18:00:00,1268.32
2019-10-21 18:15:00,1254.56
2019-10-21 18:30:00,1242.8
2019-10-21 18:45:00,1238.32
2019-10-21 19:00:00,1225.04
2019-10-21 19:15:00,1200.8
2019-10-21 19:30:00,1177.36
2019-10-21 19:45:00,1158.56
2019-10-21 20:00:00,1130.88
2019-10-21 20:15:00,1116.8
2019-10-21 20:30:00,1091.2
2019-10-21 20:45:00,1072.24
2019-10-21 21:00:00,1065.68
2019-10-21 21:15:00,1049.12
2019-10-21 21:30:00,1027.2
2019-10-21 21:45:00,1008.72
2019-10-21 22:00:00,977.84
2019-10-21 22:15:00,957.28
2019-10-21 22:30:00,941.92
2019-10-21 22:45:00,916.32
2019-10-21 23:00:00,891.44
2019-10-21 23:15:00,880.4
2019-10-21 23:30:00,874.24
2019-10-21 23:45:00,862.48
2019-10-22 00:00:00,845.76
2019-10-22 00:15:00,838.48
2019-10-22 00:30:00,832.08
2019-10-22 00:45:00,824.88
2019-10-22 01:00:00,814.4
2019-10-22 01:15:00,808.24
2019-10-22 01:30:00,807.44
2019-10-22 01:45:00,807.44
2019-10-22 02:00:00,816.56
2019-10-22 02:15:00,822.88
2019-10-22 02:30:00,823.84
2019-10-22 02:45:00,826.32
2019-10-22 03:00:00,839.44
2019-10-22 03:15:00,848.24
2019-10-22 03:30:00,861.2
2019-10-22 03:45:00,872.88
2019-10-22 04:00:00,904.48
2019-10-22 04:15:00,924.0
2019-10-22 04:30:00,948.24
2019-10-22 04:45:00,980.96
2019-10-22 05:00:00,1053.28
2019-10-22 05:15:00,1101.84
2019-10-22 05:30:00,1139.52
2019-10-22 05:45:00,1178.88
2019-10-22 06:00:00,1220.0
2019-10-22 06:15:00,1240.96
2019-10-22 06:30:00,1251.2
2019-10-22 06:45:00,1257.04
2019-10-22 07:00:00,1267.76
2019-10-22 07:15:00,1276.24
2019-10-22 07:30:00,1281.2
2019-10-22 07:45:00,1277.92
2019-10-22 08:00:00,1261.84
2019-10-22 08:15:00,1265.76
2019-10-22 08:30:00,1272.16
2019-10-22 08:45:00,1274.08
2019-10-22 09:00:00,1268.8
2019-10-22 09:15:00,1276.0
2019-10-22 09:30:00,1283.28
2019-10-22 09:45:00,1290.8
2019-10-22 10:00:00,1298.32
2019-10-22 10:15:00,1310.48
2019-10-22 10:30:00,1314.4
2019-10-22 10:45:00,1306.56
2019-10-22 11:00:00,1288.0
2019-10-22 11:15:00,1280.56
2019-10-22 11:30:00,1281.52
2019-10-22 11:45:00,1284.08
2019-10-22 12:00:00,1286.16
2019-10-22 12:15:00,1279.04
2019-10-22 12:30:00,1272.08
2019-10-22 12:45:00,1258.56
2019-10-22 13:00:00,1242.0
2019-10-22 13:15:00,1241.04
2019-10-22 13:30:00,1237.68
2019-10-22 13:45:00,1234.96
2019-10-22 14:00:00,1231.04
2019-10-22 14:15:00,1224.88
2019-10-22 14:30:00,1219.76
2019-10-22 14:45:00,1208.08
2019-10-22 15:00:00,1199.52
2019-10-22 15:15:00,1189.52
2019-10-22 15:30:00,1190.4
2019-10-22 15:45:00,1188.0
2019-10-22 16:00:00,1192.64
2019-10-22 16:15:00,1196.16
2019-10-22 16:30:00,1201.68
2019-10-22 16:45:00,1213.36
2019-10-22 17:00:00,1228.48
2019-10-22 17:15:00,1248.8
2019-10-22 17:30:00,1275.28
2019-10-22 17:45:00,1288.24
2019-10-22 18:00:00,1290.24
2019-10-22 18:15:00,1278.24
2019-10-22 18:30:00,1267.44
2019-10-22 18:45:00,1258.4
2019-10-22 19:00:00,1241.2
2019-10-22 19:15:00,1217.44
2019-10-22 19:30:00,1193.84
2019-10-22 19:45:00,1172.32
2019-10-22 20:00:00,1157.84
2019-10-22 20:15:00,1137.52
2019-10-22 20:30:00,1106.48
2019-10-22 20:45:00,1085.68
2019-10-22 21:00:00,1065.52
2019-10-22 21:15:00,1047.36
2019-10-22 21:30:00,1020.8
2019-10-22 21:45:00,996.88
2019-10-22 22:00:00,969.36
2019-10-22 22:15:00,949.44
2019-10-22 22:30:00,928.64
2019-10-22 22:45:00,911.12
2019-10-22 23:00:00,893.44
2019-10-22 23:15:00,884.0
2019-10-22 23:30:00,869.44
2019-10-22 23:45:00,854.72
2019-10-23 00:00:00,834.24
2019-10-23 00:15:00,822.08
2019-10-23 00:30:00,820.0
2019-10-23 00:45:00,812.88
2019-10-23 01:00:00,803.76
2019-10-23 01:15:00,800.08
2019-10-23 01:30:00,799.6
2019-10-23 01:45:00,802.32
2019-10-23 02:00:00,808.48
2019-10-23 02:15:00,811.36
2019-10-23 02:30:00,810.4
2019-10-23 02:45:00,817.28
2019-10-23 03:00:00,835.44
2019-10-23 03:15:00,840.08
2019-10-23 03:30:00,850.48
2019-10-23 03:45:00,863.28
2019-10-23 04:00:00,899.52
2019-10-23 04:15:00,921.36
2019-10-23 04:30:00,946.16
2019-10-23 04:45:00,980.32
2019-10-23 05:00:00,1044.72
2019-10-23 05:15:00,1094.08
2019-10-23 05:30:00,1135.6
2019-10-23 05:45:00,1170.16
2019-10-23 06:00:00,1213.68
2019-10-23 06:15:00,1243.04
2019-10-23 06:30:00,1254.88
2019-10-23 06:45:00,1261.44
2019-10-23 07:00:00,1269.84
2019-10-23 07:15:00,1278.0
2019-10-23 07:30:00,1283.44
2019-10-23 07:45:00,1282.08
2019-10-23 08:00:00,1274.24
2019-10-23 08:15:00,1278.64
2019-10-23 08:30:00,1281.84
2019-10-23 08:45:00,1283.44
2019-10-23 09:00:00,1285.36
2019-10-23 09:15:00,1285.92
2019-10-23 09:30:00,1288.4
2019-10-23 09:45:00,1296.56
2019-10-23 10:00:00,1299.2
2019-10-23 10:15:00,1306.56
2019-10-23 10:30:00,1305.44
2019-10-23 10:45:00,1304.08
2019-10-23 11:00:00,1289.76
2019-10-23 11:15:00,1284.56
2019-10-23 11:30:00,1283.52
2019-10-23 11:45:00,1279.6
2019-10-23 12:00:00,1280.88
2019-10-23 12:15:00,1271.52
2019-10-23 12:30:00,1266.24
2019-10-23 12:45:00,1256.56
2019-10-23 13:00:00,1248.32
2019-10-23 13:15:00,1243.12
2019-10-23 13:30:00,1240.32
2019-10-23 13:45:00,1235.76
2019-10-23 14:00:00,1231.92
2019-10-23 14:15:00,1216.48
2019-10-23 14:30:00,1215.04
2019-10-23 14:45:00,1202.88
2019-10-23 15:00:00,1206.32
2019-10-23 15:15:00,1198.48
2019-10-23 15:30:00,1197.84
2019-10-23 15:45:00,1195.84
2019-10-23 16:00:00,1201.2
2019-10-23 16:15:00,1206.64
2019-10-23 16:30:00,1217.2
2019-10-23 16:45:00,1228.64
2019-10-23 17:00:00,1244.64
2019-10-23 17:15:00,1265.12
2019-10-23 17:30:00,1292.8
2019-10-23 17:45:00,1302.24
2019-10-23 18:00:00,1301.04
2019-10-23 18:15:00,1285.28
2019-10-23 18:30:00,1280.4
2019-10-23 18:45:00,1270.32
2019-10-23 19:00:00,1243.76
2019-10-23 19:15:00,1221.28
2019-10-23 19:30:00,1197.44
2019-10-23 19:45:00,1181.68
2019-10-23 20:00:00,1161.84
2019-10-23 20:15:00,1137.52
2019-10-23 20:30:00,1121.12
2019-10-23 20:45:00,1106.08
2019-10-23 21:00:00,1090.96
2019-10-23 21:15:00,1069.28
2019-10-23 21:30:00,1042.08
2019-10-23 21:45:00,1020.72
2019-10-23 22:00:00,986.32
2019-10-23 22:15:00,966.72
2019-10-23 22:30:00,950.32
2019-10-23 22:45:00,928.08
2019-10-23 23:00:00,901.36
2019-10-23 23:15:00,891.28
2019-10-23 23:30:00,879.12
2019-10-23 23:45:00,871.44
2019-10-24 00:00:00,856.96
2019-10-24 00:15:00,845.04
2019-10-24 00:30:00,839.68
2019-10-24 00:45:00,828.56
2019-10-24 01:00:00,819.44
2019-10-24 01:15:00,813.84
2019-10-24 01:30:00,815.44
2019-10-24 01:45:00,816.8
2019-10-24 02:00:00,820.48
2019-10-24 02:15:00,821.6
2019-10-24 02:30:00,820.0
2019-10-24 02:45:00,826.16
2019-10-24 03:00:00,839.52
2019-10-24 03:15:00,852.64
2019-10-24 03:30:00,867.2
2019-10-24 03:45:00,881.92
2019-10-24 04:00:00,907.28
2019-10-24 04:15:00,922.48
2019-10-24 04:30:00,944.16
2019-10-24 04:45:00,976.4
2019-10-24 05:00:00,1043.52
2019-10-24 05:15:00,1086.24
2019-10-24 05:30:00,1128.72
2019-10-24 05:45:00,1163.12
2019-10-24 06:00:00,1205.52
2019-10-24 06:15:00,1229.28
2019-10-24 06:30:00,1243.68
2019-10-24 06:45:00,1259.44
2019-10-24 07:00:00,1274.56
2019-10-24 07:15:00,1281.2
2019-10-24 07:30:00,1286.16
2019-10-24 07:45:00,1283.52
2019-10-24 08:00:00,1278.72
2019-10-24 08:15:00,1282.32
2019-10-24 08:30:00,1290.96
2019-10-24 08:45:00,1291.68
2019-10-24 09:00:00,1283.52
2019-10-24 09:15:00,1288.48
2019-10-24 09:30:00,1295.68
2019-10-24 09:45:00,1298.8
2019-10-24 10:00:00,1295.76
2019-10-24 10:15:00,1296.32
2019-10-24 10:30:00,1299.52
2019-10-24 10:45:00,1302.08
2019-10-24 11:00:00,1297.76
2019-10-24 11:15:00,1294.4
2019-10-24 11:30:00,1294.64
2019-10-24 11:45:00,1302.56
2019-10-24 12:00:00,1302.16
2019-10-24 12:15:00,1293.84
2019-10-24 12:30:00,1283.76
2019-10-24 12:45:00,1273.2
2019-10-24 13:00:00,1269.68
2019-10-24 13:15:00,1262.72
2019-10-24 13:30:00,1258.96
2019-10-24 13:45:00,1252.24
2019-10-24 14:00:00,1248.8
2019-10-24 14:15:00,1238.32
2019-10-24 14:30:00,1228.88
2019-10-24 14:45:00,1215.28
2019-10-24 15:00:00,1220.72
2019-10-24 15:15:00,1215.28
2019-10-24 15:30:00,1212.0
2019-10-24 15:45:00,1209.04
2019-10-24 16:00:00,1210.72
2019-10-24 16:15:00,1211.84
2019-10-24 16:30:00,1221.84
2019-10-24 16:45:00,1234.64
2019-10-24 17:00:00,1264.08
2019-10-24 17:15:00,1288.88
2019-10-24 17:30:00,1314.64
2019-10-24 17:45:00,1323.28
2019-10-24 18:00:00,1322.56
2019-10-24 18:15:00,1308.32
2019-10-24 18:30:00,1302.64
2019-10-24 18:45:00,1287.52
2019-10-24 19:00:00,1255.36
2019-10-24 19:15:00,1233.52
2019-10-24 19:30:00,1213.84
2019-10-24 19:45:00,1194.4
2019-10-24 20:00:00,1163.68
2019-10-24 20:15:00,1140.8
2019-10-24 20:30:00,1124.64
2019-10-24 20:45:00,1099.04
2019-10-24 21:00:00,1082.88
2019-10-24 21:15:00,1061.2
2019-10-24 21:30:00,1035.04
2019-10-24 21:45:00,1015.12
2019-10-24 22:00:00,992.96
2019-10-24 22:15:00,968.08
2019-10-24 22:30:00,953.2
2019-10-24 22:45:00,940.08
2019-10-24 23:00:00,900.0
2019-10-24 23:15:00,888.08
2019-10-24 23:30:00,880.32
2019-10-24 23:45:00,872.24
2019-10-25 00:00:00,858.08
2019-10-25 00:15:00,846.08
2019-10-25 00:30:00,841.68
2019-10-25 00:45:00,837.36
2019-10-25 01:00:00,819.44
2019-10-25 01:15:00,815.2
2019-10-25 01:30:00,810.08
2019-10-25 01:45:00,806.72
2019-10-25 02:00:00,814.4
2019-10-25 02:15:00,815.76
2019-10-25 02:30:00,818.48
2019-10-25 02:45:00,826.48
2019-10-25 03:00:00,840.64
2019-10-25 03:15:00,847.6
2019-10-25 03:30:00,864.16
2019-10-25 03:45:00,877.44
2019-10-25 04:00:00,903.04
2019-10-25 04:15:00,926.72
2019-10-25 04:30:00,949.76
2019-10-25 04:45:00,982.72
2019-10-25 05:00:00,1048.8
2019-10-25 05:15:00,1094.88
2019-10-25 05:30:00,1135.2
2019-10-25 05:45:00,1167.2
2019-10-25 06:00:00,1211.76
2019-10-25 06:15:00,1242.4
2019-10-25 06:30:00,1260.8
2019-10-25 06:45:00,1276.72
2019-10-25 07:00:00,1294.16
2019-10-25 07:15:00,1301.6
2019-10-25 07:30:00,1300.88
2019-10-25 07:45:00,1296.16
2019-10-25 08:00:00,1285.36
2019-10-25 08:15:00,1285.04
2019-10-25 08:30:00,1296.16
2019-10-25 08:45:00,1297.84
2019-10-25 09:00:00,1294.56
2019-10-25 09:15:00,1294.88
2019-10-25 09:30:00,1304.48
2019-10-25 09:45:00,1304.24
2019-10-25 10:00:00,1308.24
2019-10-25 10:15:00,1302.64
2019-10-25 10:30:00,1310.64
2019-10-25 10:45:00,1311.68
2019-10-25 11:00:00,1305.04
2019-10-25 11:15:00,1293.04
2019-10-25 11:30:00,1283.68
2019-10-25 11:45:00,1275.44
2019-10-25 12:00:00,1265.04
2019-10-25 12:15:00,1250.0
2019-10-25 12:30:00,1238.08
2019-10-25 12:45:00,1225.2
2019-10-25 13:00:00,1216.4
2019-10-25 13:15:00,1208.96
2019-10-25 13:30:00,1199.68
2019-10-25 13:45:00,1194.8
2019-10-25 14:00:00,1192.4
2019-10-25 14:15:00,1187.12
2019-10-25 14:30:00,1181.28
2019-10-25 14:45:00,1172.96
2019-10-25 15:00:00,1169.28
2019-10-25 15:15:00,1166.0
2019-10-25 15:30:00,1160.4
2019-10-25 15:45:00,1165.44
2019-10-25 16:00:00,1176.08
2019-10-25 16:15:00,1178.8
2019-10-25 16:30:00,1187.68
2019-10-25 16:45:00,1198.48
2019-10-25 17:00:00,1219.52
2019-10-25 17:15:00,1241.2
2019-10-25 17:30:00,1267.36
2019-10-25 17:45:00,1269.36
2019-10-25 18:00:00,1278.88
2019-10-25 18:15:00,1266.0
2019-10-25 18:30:00,1254.48
2019-10-25 18:45:00,1242.48
2019-10-25 19:00:00,1223.36
2019-10-25 19:15:00,1196.64
2019-10-25 19:30:00,1174.32
2019-10-25 19:45:00,1151.04
2019-10-25 20:00:00,1131.28
2019-10-25 20:15:00,1111.52
2019-10-25 20:30:00,1086.72
2019-10-25 20:45:00,1071.76
2019-10-25 21:00:00,1058.32
2019-10-25 21:15:00,1038.96
2019-10-25 21:30:00,1023.2
2019-10-25 21:45:00,1009.76
2019-10-25 22:00:00,967.28
2019-10-25 22:15:00,941.36
2019-10-25 22:30:00,921.12
2019-10-25 22:45:00,907.92
2019-10-25 23:00:00,897.52
2019-10-25 23:15:00,879.76
2019-10-25 23:30:00,867.36
2019-10-25 23:45:00,856.96
2019-10-26 00:00:00,848.0
2019-10-26 00:15:00,835.44
2019-10-26 00:30:00,836.08
2019-10-26 00:45:00,828.48
2019-10-26 01:00:00,812.72
2019-10-26 01:15:00,812.16
2019-10-26 01:30:00,806.08
2019-10-26 01:45:00,810.96
2019-10-26 02:00:00,813.6
2019-10-26 02:15:00,809.04
2019-10-26 02:30:00,812.64
2019-10-26 02:45:00,810.32
2019-10-26 03:00:00,814.24
2019-10-26 03:15:00,821.2
2019-10-26 03:30:00,827.2
2019-10-26 03:45:00,830.16
2019-10-26 04:00:00,837.52
2019-10-26 04:15:00,841.6
2019-10-26 04:30:00,843.92
2019-10-26 04:45:00,852.8
2019-10-26 05:00:00,866.4
2019-10-26 05:15:00,880.08
2019-10-26 05:30:00,890.08
2019-10-26 05:45:00,903.04
2019-10-26 06:00:00,921.84
2019-10-26 06:15:00,933.76
2019-10-26 06:30:00,955.6
2019-10-26 06:45:00,966.32
2019-10-26 07:00:00,988.8
2019-10-26 07:15:00,994.24
2019-10-26 07:30:00,1013.68
2019-10-26 07:45:00,1026.24
2019-10-26 08:00:00,1038.16
2019-10-26 08:15:00,1051.12
2019-10-26 08:30:00,1059.12
2019-10-26 08:45:00,1067.76
2019-10-26 09:00:00,1068.96
2019-10-26 09:15:00,1077.92
2019-10-26 09:30:00,1076.56
2019-10-26 09:45:00,1084.08
2019-10-26 10:00:00,1097.44
2019-10-26 10:15:00,1105.04
2019-10-26 10:30:00,1106.24
2019-10-26 10:45:00,1101.36
2019-10-26 11:00:00,1097.92
2019-10-26 11:15:00,1090.96
2019-10-26 11:30:00,1085.92
2019-10-26 11:45:00,1080.24
2019-10-26 12:00:00,1079.12
2019-10-26 12:15:00,1071.2
2019-10-26 12:30:00,1053.84
2019-10-26 12:45:00,1047.76
2019-10-26 13:00:00,1037.92
2019-10-26 13:15:00,1029.68
2019-10-26 13:30:00,1021.12
2019-10-26 13:45:00,1020.16
2019-10-26 14:00:00,1016.16
2019-10-26 14:15:00,1006.4
2019-10-26 14:30:00,1001.36
2019-10-26 14:45:00,988.96
2019-10-26 15:00:00,990.72
2019-10-26 15:15:00,994.16
2019-10-26 15:30:00,996.0
2019-10-26 15:45:00,1001.6
2019-10-26 16:00:00,1004.56
2019-10-26 16:15:00,1015.2
2019-10-26 16:30:00,1028.8
2019-10-26 16:45:00,1044.88
2019-10-26 17:00:00,1068.4
2019-10-26 17:15:00,1097.28
2019-10-26 17:30:00,1117.6
2019-10-26 17:45:00,1117.28
2019-10-26 18:00:00,1116.88
2019-10-26 18:15:00,1098.08
2019-10-26 18:30:00,1086.72
2019-10-26 18:45:00,1076.4
2019-10-26 19:00:00,1050.88
2019-10-26 19:15:00,1024.32
2019-10-26 19:30:00,1003.28
2019-10-26 19:45:00,985.84
2019-10-26 20:00:00,983.84
2019-10-26 20:15:00,972.56
2019-10-26 20:30:00,954.56
2019-10-26 20:45:00,947.2
2019-10-26 21:00:00,952.64
2019-10-26 21:15:00,939.68
2019-10-26 21:30:00,922.48
2019-10-26 21:45:00,904.88
2019-10-26 22:00:00,888.24
2019-10-26 22:15:00,871.36
2019-10-26 22:30:00,860.8
2019-10-26 22:45:00,845.28
2019-10-26 23:00:00,821.76
2019-10-26 23:15:00,806.16
2019-10-26 23:30:00,798.64
2019-10-26 23:45:00,784.8
2019-10-27 00:00:00,773.6
2019-10-27 00:15:00,765.44
2019-10-27 00:30:00,753.2
2019-10-27 00:45:00,739.68
2019-10-27 01:00:00,734.8
2019-10-27 01:15:00,731.28
2019-10-27 01:30:00,724.08
2019-10-27 01:45:00,722.48
2019-10-27 02:00:00,719.04
2019-10-27 02:15:00,712.64
2019-10-27 02:30:00,713.2
2019-10-27 02:45:00,709.2
2019-10-27 03:00:00,713.12
2019-10-27 03:15:00,711.92
2019-10-27 03:30:00,717.28
2019-10-27 03:45:00,719.76
2019-10-27 04:00:00,727.44
2019-10-27 04:15:00,724.16
2019-10-27 04:30:00,722.56
2019-10-27 04:45:00,725.6
2019-10-27 05:00:00,727.2
2019-10-27 05:15:00,726.72
2019-10-27 05:30:00,732.0
2019-10-27 05:45:00,733.2
2019-10-27 06:00:00,742.48
2019-10-27 06:15:00,749.36
2019-10-27 06:30:00,753.92
2019-10-27 06:45:00,761.04
2019-10-27 07:00:00,788.48
2019-10-27 07:15:00,800.08
2019-10-27 07:30:00,817.28
2019-10-27 07:45:00,829.76
2019-10-27 08:00:00,851.84
2019-10-27 08:15:00,859.12
2019-10-27 08:30:00,875.84
2019-10-27 08:45:00,891.28
2019-10-27 09:00:00,903.84
2019-10-27 09:15:00,917.12
2019-10-27 09:30:00,934.24
2019-10-27 09:45:00,936.64
2019-10-27 10:00:00,950.16
2019-10-27 10:15:00,955.92
2019-10-27 10:30:00,962.32
2019-10-27 10:45:00,968.72
2019-10-27 11:00:00,971.52
2019-10-27 11:15:00,985.12
2019-10-27 11:30:00,991.12
2019-10-27 11:45:00,988.72
2019-10-27 12:00:00,991.52
2019-10-27 12:15:00,984.8
2019-10-27 12:30:00,974.16
2019-10-27 12:45:00,965.36
2019-10-27 13:00:00,951.44
2019-10-27 13:15:00,938.24
2019-10-27 13:30:00,929.28
2019-10-27 13:45:00,919.92
2019-10-27 14:00:00,911.92
2019-10-27 14:15:00,909.04
2019-10-27 14:30:00,910.8
2019-10-27 14:45:00,911.04
2019-10-27 15:00:00,903.2
2019-10-27 15:15:00,900.8
2019-10-27 15:30:00,898.4
2019-10-27 15:45:00,895.84
2019-10-27 16:00:00,908.0
2019-10-27 16:15:00,915.44
2019-10-27 16:30:00,928.32
2019-10-27 16:45:00,939.6
2019-10-27 17:00:00,970.16
2019-10-27 17:15:00,1002.08
2019-10-27 17:30:00,1037.52
2019-10-27 17:45:00,1055.2
2019-10-27 18:00:00,1070.32
2019-10-27 18:15:00,1065.12
2019-10-27 18:30:00,1058.56
2019-10-27 18:45:00,1048.16
2019-10-27 19:00:00,1037.92
2019-10-27 19:15:00,1026.08
2019-10-27 19:30:00,1015.52
2019-10-27 19:45:00,1000.72
2019-10-27 20:00:00,1000.8
2019-10-27 20:15:00,982.08
2019-10-27 20:30:00,963.12
2019-10-27 20:45:00,949.52
2019-10-27 21:00:00,943.28
2019-10-27 21:15:00,937.12
2019-10-27 21:30:00,928.08
2019-10-27 21:45:00,925.44
2019-10-27 22:00:00,927.28
2019-10-27 22:15:00,916.72
2019-10-27 22:30:00,901.92
2019-10-27 22:45:00,887.2
2019-10-27 23:00:00,873.28
2019-10-27 23:15:00,855.6
2019-10-27 23:30:00,842.16
2019-10-27 23:45:00,832.64
2019-10-28 00:00:00,834.72
2019-10-28 00:15:00,832.4
2019-10-28 00:30:00,826.32
2019-10-28 00:45:00,822.96
2019-10-28 01:00:00,820.24
2019-10-28 01:15:00,818.24
2019-10-28 01:30:00,817.44
2019-10-28 01:45:00,813.2
2019-10-28 02:00:00,811.68
2019-10-28 02:15:00,807.52
2019-10-28 02:30:00,810.88
2019-10-28 02:45:00,816.48
2019-10-28 03:00:00,822.48
2019-10-28 03:15:00,826.08
2019-10-28 03:30:00,828.24
2019-10-28 03:45:00,829.84
2019-10-28 04:00:00,844.88
2019-10-28 04:15:00,852.24
2019-10-28 04:30:00,870.88
2019-10-28 04:45:00,890.64
2019-10-28 05:00:00,926.96
2019-10-28 05:15:00,948.88
2019-10-28 05:30:00,974.72
2019-10-28 05:45:00,1009.12
2019-10-28 06:00:00,1071.12
2019-10-28 06:15:00,1123.2
2019-10-28 06:30:00,1169.92
2019-10-28 06:45:00,1201.12
2019-10-28 07:00:00,1221.92
2019-10-28 07:15:00,1236.08
2019-10-28 07:30:00,1245.76
2019-10-28 07:45:00,1261.44
2019-10-28 08:00:00,1271.12
2019-10-28 08:15:00,1269.92
2019-10-28 08:30:00,1271.6
2019-10-28 08:45:00,1267.92
2019-10-28 09:00:00,1260.24
2019-10-28 09:15:00,1266.0
2019-10-28 09:30:00,1272.64
2019-10-28 09:45:00,1278.4
2019-10-28 10:00:00,1284.32
2019-10-28 10:15:00,1288.72
2019-10-28 10:30:00,1295.04
2019-10-28 10:45:00,1301.84
2019-10-28 11:00:00,1312.08
2019-10-28 11:15:00,1309.36
2019-10-28 11:30:00,1314.72
2019-10-28 11:45:00,1313.92
2019-10-28 12:00:00,1304.88
2019-10-28 12:15:00,1296.72
2019-10-28 12:30:00,1298.72
2019-10-28 12:45:00,1296.08
2019-10-28 13:00:00,1292.24
2019-10-28 13:15:00,1288.32
2019-10-28 13:30:00,1279.04
2019-10-28 13:45:00,1265.76
2019-10-28 14:00:00,1264.96
2019-10-28 14:15:00,1261.44
2019-10-28 14:30:00,1256.0
2019-10-28 14:45:00,1248.0
2019-10-28 15:00:00,1240.88
2019-10-28 15:15:00,1233.04
2019-10-28 15:30:00,1224.8
2019-10-28 15:45:00,1219.2
2019-10-28 16:00:00,1204.08
2019-10-28 16:15:00,1205.12
2019-10-28 16:30:00,1204.32
2019-10-28 16:45:00,1219.44
2019-10-28 17:00:00,1247.2
2019-10-28 17:15:00,1272.16
2019-10-28 17:30:00,1296.4
2019-10-28 17:45:00,1306.16
2019-10-28 18:00:00,1301.84
2019-10-28 18:15:00,1291.28
2019-10-28 18:30:00,1290.08
2019-10-28 18:45:00,1292.8
2019-10-28 19:00:00,1273.92
2019-10-28 19:15:00,1255.6
2019-10-28 19:30:00,1243.36
2019-10-28 19:45:00,1231.2
2019-10-28 20:00:00,1213.84
2019-10-28 20:15:00,1191.04
2019-10-28 20:30:00,1169.36
2019-10-28 20:45:00,1150.64
2019-10-28 21:00:00,1130.96
2019-10-28 21:15:00,1112.24
2019-10-28 21:30:00,1088.32
2019-10-28 21:45:00,1065.84
2019-10-28 22:00:00,1060.56
2019-10-28 22:15:00,1042.64
2019-10-28 22:30:00,1021.76
2019-10-28 22:45:00,998.96
2019-10-28 23:00:00,973.36
2019-10-28 23:15:00,948.96
2019-10-28 23:30:00,928.96
2019-10-28 23:45:00,915.28
2019-10-29 00:00:00,910.24
2019-10-29 00:15:00,896.64
2019-10-29 00:30:00,889.44
2019-10-29 00:45:00,879.52
2019-10-29 01:00:00,871.36
2019-10-29 01:15:00,864.96
2019-10-29 01:30:00,862.8
2019-10-29 01:45:00,860.0
2019-10-29 02:00:00,855.6
2019-10-29 02:15:00,855.68
2019-10-29 02:30:00,859.6
2019-10-29 02:45:00,859.12
2019-10-29 03:00:00,854.48
2019-10-29 03:15:00,861.76
2019-10-29 03:30:00,867.92
2019-10-29 03:45:00,873.68
2019-10-29 04:00:00,887.04
2019-10-29 04:15:00,897.6
2019-10-29 04:30:00,903.12
2019-10-29 04:45:00,915.04
2019-10-29 05:00:00,937.44
2019-10-29 05:15:00,952.96
2019-10-29 05:30:00,975.52
2019-10-29 05:45:00,1007.76
2019-10-29 06:00:00,1074.8
2019-10-29 06:15:00,1123.6
2019-10-29 06:30:00,1161.92
2019-10-29 06:45:00,1188.88
2019-10-29 07:00:00,1222.64
2019-10-29 07:15:00,1237.76
2019-10-29 07:30:00,1253.12
2019-10-29 07:45:00,1266.0
2019-10-29 08:00:00,1277.92
2019-10-29 08:15:00,1290.08
2019-10-29 08:30:00,1290.88
2019-10-29 08:45:00,1290.64
2019-10-29 09:00:00,1288.64
2019-10-29 09:15:00,1291.12
2019-10-29 09:30:00,1298.16
2019-10-29 09:45:00,1302.48
2019-10-29 10:00:00,1304.0
2019-10-29 10:15:00,1304.8
2019-10-29 10:30:00,1304.16
2019-10-29 10:45:00,1315.04
2019-10-29 11:00:00,1313.6
2019-10-29 11:15:00,1323.52
2019-10-29 11:30:00,1323.92
2019-10-29 11:45:00,1320.88
2019-10-29 12:00:00,1309.84
2019-10-29 12:15:00,1305.04
2019-10-29 12:30:00,1301.2
2019-10-29 12:45:00,1304.08
2019-10-29 13:00:00,1303.2
2019-10-29 13:15:00,1298.72
2019-10-29 13:30:00,1288.4
2019-10-29 13:45:00,1274.56
2019-10-29 14:00:00,1271.84
2019-10-29 14:15:00,1264.48
2019-10-29 14:30:00,1263.12
2019-10-29 14:45:00,1261.44
2019-10-29 15:00:00,1256.72
2019-10-29 15:15:00,1247.44
2019-10-29 15:30:00,1242.96
2019-10-29 15:45:00,1239.52
2019-10-29 16:00:00,1239.92
2019-10-29 16:15:00,1237.04
2019-10-29 16:30:00,1244.64
2019-10-29 16:45:00,1254.64
2019-10-29 17:00:00,1279.68
2019-10-29 17:15:00,1303.44
2019-10-29 17:30:00,1330.96
2019-10-29 17:45:00,1337.84
2019-10-29 18:00:00,1324.16
2019-10-29 18:15:00,1316.96
2019-10-29 18:30:00,1308.72
2019-10-29 18:45:00,1301.2
2019-10-29 19:00:00,1288.88
2019-10-29 19:15:00,1275.84
2019-10-29 19:30:00,1264.24
2019-10-29 19:45:00,1250.72
2019-10-29 20:00:00,1235.04
2019-10-29 20:15:00,1209.44
2019-10-29 20:30:00,1182.64
2019-10-29 20:45:00,1168.72
2019-10-29 21:00:00,1154.0
2019-10-29 21:15:00,1135.92
2019-10-29 21:30:00,1117.12
2019-10-29 21:45:00,1097.68
2019-10-29 22:00:00,1086.8
2019-10-29 22:15:00,1070.16
2019-10-29 22:30:00,1038.88
2019-10-29 22:45:00,1024.32
2019-10-29 23:00:00,996.24
2019-10-29 23:15:00,976.8
2019-10-29 23:30:00,956.24
2019-10-29 23:45:00,940.56
2019-10-30 00:00:00,921.84
2019-10-30 00:15:00,908.4
2019-10-30 00:30:00,906.32
2019-10-30 00:45:00,899.44
2019-10-30 01:00:00,889.68
2019-10-30 01:15:00,887.84
2019-10-30 01:30:00,883.28
2019-10-30 01:45:00,883.44
2019-10-30 02:00:00,867.68
2019-10-30 02:15:00,870.0
2019-10-30 02:30:00,870.4
2019-10-30 02:45:00,871.68
2019-10-30 03:00:00,873.44
2019-10-30 03:15:00,877.92
2019-10-30 03:30:00,879.92
2019-10-30 03:45:00,884.56
2019-10-30 04:00:00,896.88
2019-10-30 04:15:00,903.28
2019-10-30 04:30:00,915.68
2019-10-30 04:45:00,925.84
2019-10-30 05:00:00,951.92
2019-10-30 05:15:00,966.8
2019-10-30 05:30:00,988.48
2019-10-30 05:45:00,1020.48
2019-10-30 06:00:00,1084.0
2019-10-30 06:15:00,1133.84
2019-10-30 06:30:00,1161.04
2019-10-30 06:45:00,1187.84
2019-10-30 07:00:00,1214.32
2019-10-30 07:15:00,1226.4
2019-10-30 07:30:00,1237.36
2019-10-30 07:45:00,1250.24
2019-10-30 08:00:00,1269.04
2019-10-30 08:15:00,1277.36
2019-10-30 08:30:00,1275.28
2019-10-30 08:45:00,1279.92
2019-10-30 09:00:00,1271.84
2019-10-30 09:15:00,1273.52
2019-10-30 09:30:00,1278.24
2019-10-30 09:45:00,1275.92
2019-10-30 10:00:00,1284.64
2019-10-30 10:15:00,1284.16
2019-10-30 10:30:00,1289.44
2019-10-30 10:45:00,1296.4
2019-10-30 11:00:00,1295.36
2019-10-30 11:15:00,1297.76
2019-10-30 11:30:00,1301.28
2019-10-30 11:45:00,1303.04
2019-10-30 12:00:00,1292.88
2019-10-30 12:15:00,1289.12
2019-10-30 12:30:00,1291.44
2019-10-30 12:45:00,1284.4
2019-10-30 13:00:00,1290.56
2019-10-30 13:15:00,1285.2
2019-10-30 13:30:00,1274.8
2019-10-30 13:45:00,1264.96
2019-10-30 14:00:00,1263.04
2019-10-30 14:15:00,1258.48
2019-10-30 14:30:00,1256.08
2019-10-30 14:45:00,1252.88
2019-10-30 15:00:00,1246.32
2019-10-30 15:15:00,1237.2
2019-10-30 15:30:00,1230.0
2019-10-30 15:45:00,1225.92
2019-10-30 16:00:00,1219.12
2019-10-30 16:15:00,1216.0
2019-10-30 16:30:00,1224.32
2019-10-30 16:45:00,1236.0
2019-10-30 17:00:00,1269.76
2019-10-30 17:15:00,1296.32
2019-10-30 17:30:00,1309.52
2019-10-30 17:45:00,1318.24
2019-10-30 18:00:00,1299.28
2019-10-30 18:15:00,1289.76
2019-10-30 18:30:00,1282.72
2019-10-30 18:45:00,1278.56
2019-10-30 19:00:00,1279.28
2019-10-30 19:15:00,1270.8
2019-10-30 19:30:00,1259.44
2019-10-30 19:45:00,1247.28
2019-10-30 20:00:00,1220.88
2019-10-30 20:15:00,1198.64
2019-10-30 20:30:00,1176.72
2019-10-30 20:45:00,1160.08
2019-10-30 21:00:00,1144.8
2019-10-30 21:15:00,1134.72
2019-10-30 21:30:00,1124.08
2019-10-30 21:45:00,1101.84
2019-10-30 22:00:00,1072.48
2019-10-30 22:15:00,1062.08
2019-10-30 22:30:00,1040.08
2019-10-30 22:45:00,1016.8
2019-10-30 23:00:00,996.8
2019-10-30 23:15:00,981.2
2019-10-30 23:30:00,958.4
2019-10-30 23:45:00,947.28
2019-10-31 00:00:00,922.16
2019-10-31 00:15:00,910.16
2019-10-31 00:30:00,897.76
2019-10-31 00:45:00,893.6
2019-10-31 01:00:00,878.08
2019-10-31 01:15:00,873.76
2019-10-31 01:30:00,867.76
2019-10-31 01:45:00,862.16
2019-10-31 02:00:00,862.0
2019-10-31 02:15:00,863.36
2019-10-31 02:30:00,864.16
2019-10-31 02:45:00,864.48
2019-10-31 03:00:00,870.56
2019-10-31 03:15:00,871.76
2019-10-31 03:30:00,871.6
2019-10-31 03:45:00,873.12
2019-10-31 04:00:00,880.08
2019-10-31 04:15:00,880.8
2019-10-31 04:30:00,886.24
2019-10-31 04:45:00,898.08
2019-10-31 05:00:00,915.84
2019-10-31 05:15:00,920.88
2019-10-31 05:30:00,934.72
2019-10-31 05:45:00,948.16
2019-10-31 06:00:00,991.92
2019-10-31 06:15:00,1024.64
2019-10-31 06:30:00,1049.76
2019-10-31 06:45:00,1071.28
2019-10-31 07:00:00,1099.04
2019-10-31 07:15:00,1114.48
2019-10-31 07:30:00,1127.44
2019-10-31 07:45:00,1147.6
2019-10-31 08:00:00,1166.88
2019-10-31 08:15:00,1176.8
2019-10-31 08:30:00,1180.24
2019-10-31 08:45:00,1184.64
2019-10-31 09:00:00,1179.28
2019-10-31 09:15:00,1189.84
2019-10-31 09:30:00,1199.36
2019-10-31 09:45:00,1202.96
2019-10-31 10:00:00,1196.72
2019-10-31 10:15:00,1202.0
2019-10-31 10:30:00,1206.48
2019-10-31 10:45:00,1208.48
2019-10-31 11:00:00,1206.8
2019-10-31 11:15:00,1213.36
2019-10-31 11:30:00,1215.28
2019-10-31 11:45:00,1214.72
2019-10-31 12:00:00,1196.16
2019-10-31 12:15:00,1188.48
2019-10-31 12:30:00,1186.4
2019-10-31 12:45:00,1183.04
2019-10-31 13:00:00,1182.0
2019-10-31 13:15:00,1177.28
2019-10-31 13:30:00,1165.28
2019-10-31 13:45:00,1159.76
2019-10-31 14:00:00,1156.64
2019-10-31 14:15:00,1145.6
2019-10-31 14:30:00,1140.88
2019-10-31 14:45:00,1133.68
2019-10-31 15:00:00,1131.12
2019-10-31 15:15:00,1119.2
2019-10-31 15:30:00,1116.48
2019-10-31 15:45:00,1112.16
2019-10-31 16:00:00,1111.52
2019-10-31 16:15:00,1108.72
2019-10-31 16:30:00,1110.88
2019-10-31 16:45:00,1118.48
2019-10-31 17:00:00,1152.0
2019-10-31 17:15:00,1180.0
2019-10-31 17:30:00,1195.04
2019-10-31 17:45:00,1200.48
2019-10-31 18:00:00,1197.44
2019-10-31 18:15:00,1193.04
2019-10-31 18:30:00,1188.16
2019-10-31 18:45:00,1183.04
2019-10-31 19:00:00,1180.24
2019-10-31 19:15:00,1169.76
2019-10-31 19:30:00,1164.8
2019-10-31 19:45:00,1159.52
2019-10-31 20:00:00,1134.16
2019-10-31 20:15:00,1111.76
2019-10-31 20:30:00,1096.0
2019-10-31 20:45:00,1086.0
2019-10-31 21:00:00,1067.52
2019-10-31 21:15:00,1058.56
2019-10-31 21:30:00,1045.92
2019-10-31 21:45:00,1036.48
2019-10-31 22:00:00,1022.64
2019-10-31 22:15:00,1007.2
2019-10-31 22:30:00,988.96
2019-10-31 22:45:00,965.52
2019-10-31 23:00:00,938.88
2019-10-31 23:15:00,921.28
2019-10-31 23:30:00,907.36
2019-10-31 23:45:00,897.28
2019-11-01 00:00:00,871.76
2019-11-01 00:15:00,858.72
2019-11-01 00:30:00,845.04
2019-11-01 00:45:00,834.56
2019-11-01 01:00:00,820.88
2019-11-01 01:15:00,816.16
2019-11-01 01:30:00,813.68
2019-11-01 01:45:00,804.16
2019-11-01 02:00:00,797.2
2019-11-01 02:15:00,795.2
2019-11-01 02:30:00,793.44
2019-11-01 02:45:00,792.48
2019-11-01 03:00:00,799.04
2019-11-01 03:15:00,800.72
2019-11-01 03:30:00,803.28
2019-11-01 03:45:00,796.88
2019-11-01 04:00:00,809.04
2019-11-01 04:15:00,813.2
2019-11-01 04:30:00,817.84
2019-11-01 04:45:00,820.56
2019-11-01 05:00:00,826.56
2019-11-01 05:15:00,828.16
2019-11-01 05:30:00,834.8
2019-11-01 05:45:00,839.04
2019-11-01 06:00:00,854.8
2019-11-01 06:15:00,869.52
2019-11-01 06:30:00,880.72
2019-11-01 06:45:00,893.6
2019-11-01 07:00:00,911.84
2019-11-01 07:15:00,924.8
2019-11-01 07:30:00,935.84
2019-11-01 07:45:00,950.72
2019-11-01 08:00:00,975.92
2019-11-01 08:15:00,992.32
2019-11-01 08:30:00,1006.24
2019-11-01 08:45:00,1014.48
2019-11-01 09:00:00,1011.84
2019-11-01 09:15:00,1017.92
2019-11-01 09:30:00,1022.96
2019-11-01 09:45:00,1027.76
2019-11-01 10:00:00,1031.68
2019-11-01 10:15:00,1037.92
2019-11-01 10:30:00,1044.4
2019-11-01 10:45:00,1055.44
2019-11-01 11:00:00,1061.44
2019-11-01 11:15:00,1072.0
2019-11-01 11:30:00,1079.84
2019-11-01 11:45:00,1083.76
2019-11-01 12:00:00,1089.28
2019-11-01 12:15:00,1087.76
2019-11-01 12:30:00,1080.88
2019-11-01 12:45:00,1078.64
2019-11-01 13:00:00,1072.0
2019-11-01 13:15:00,1063.2
2019-11-01 13:30:00,1056.88
2019-11-01 13:45:00,1047.12
2019-11-01 14:00:00,1046.56
2019-11-01 14:15:00,1038.96
2019-11-01 14:30:00,1036.4
2019-11-01 14:45:00,1031.92
2019-11-01 15:00:00,1044.56
2019-11-01 15:15:00,1039.36
2019-11-01 15:30:00,1041.6
2019-11-01 15:45:00,1042.24
2019-11-01 16:00:00,1049.44
2019-11-01 16:15:00,1050.72
2019-11-01 16:30:00,1062.64
2019-11-01 16:45:00,1077.36
2019-11-01 17:00:00,1115.6
2019-11-01 17:15:00,1131.6
2019-11-01 17:30:00,1141.2
2019-11-01 17:45:00,1144.96
2019-11-01 18:00:00,1137.12
2019-11-01 18:15:00,1128.56
2019-11-01 18:30:00,1121.52
2019-11-01 18:45:00,1113.2
2019-11-01 19:00:00,1110.0
2019-11-01 19:15:00,1095.2
2019-11-01 19:30:00,1083.76
2019-11-01 19:45:00,1073.12
2019-11-01 20:00:00,1050.88
2019-11-01 20:15:00,1029.6
2019-11-01 20:30:00,1013.92
2019-11-01 20:45:00,1002.32
2019-11-01 21:00:00,987.36
2019-11-01 21:15:00,975.76
2019-11-01 21:30:00,964.8
2019-11-01 21:45:00,958.48
2019-11-01 22:00:00,961.52
2019-11-01 22:15:00,941.28
2019-11-01 22:30:00,926.88
2019-11-01 22:45:00,909.12
2019-11-01 23:00:00,888.24
2019-11-01 23:15:00,871.36
2019-11-01 23:30:00,857.52
2019-11-01 23:45:00,844.8
2019-11-02 00:00:00,820.96
2019-11-02 00:15:00,811.2
2019-11-02 00:30:00,798.56
2019-11-02 00:45:00,786.96
2019-11-02 01:00:00,774.88
2019-11-02 01:15:00,765.52
2019-11-02 01:30:00,762.32
2019-11-02 01:45:00,756.64
2019-11-02 02:00:00,753.6
2019-11-02 02:15:00,748.4
2019-11-02 02:30:00,746.0
2019-11-02 02:45:00,743.92
2019-11-02 03:00:00,745.12
2019-11-02 03:15:00,744.16
2019-11-02 03:30:00,744.32
2019-11-02 03:45:00,743.2
2019-11-02 04:00:00,750.88
2019-11-02 04:15:00,753.36
2019-11-02 04:30:00,758.16
2019-11-02 04:45:00,762.32
2019-11-02 05:00:00,776.32
2019-11-02 05:15:00,780.48
2019-11-02 05:30:00,780.96
2019-11-02 05:45:00,795.84
2019-11-02 06:00:00,813.84
2019-11-02 06:15:00,824.4
2019-11-02 06:30:00,834.32
2019-11-02 06:45:00,844.32
2019-11-02 07:00:00,865.2
2019-11-02 07:15:00,872.96
2019-11-02 07:30:00,884.88
2019-11-02 07:45:00,907.52
2019-11-02 08:00:00,930.8
2019-11-02 08:15:00,946.16
2019-11-02 08:30:00,965.6
2019-11-02 08:45:00,976.24
2019-11-02 09:00:00,993.04
2019-11-02 09:15:00,999.6
2019-11-02 09:30:00,1001.2
2019-11-02 09:45:00,1008.08
2019-11-02 10:00:00,1013.28
2019-11-02 10:15:00,1016.56
2019-11-02 10:30:00,1022.88
2019-11-02 10:45:00,1028.56
2019-11-02 11:00:00,1039.04
2019-11-02 11:15:00,1046.8
2019-11-02 11:30:00,1056.08
2019-11-02 11:45:00,1055.6
2019-11-02 12:00:00,1052.32
2019-11-02 12:15:00,1050.96
2019-11-02 12:30:00,1045.84
2019-11-02 12:45:00,1048.96
2019-11-02 13:00:00,1045.36
2019-11-02 13:15:00,1039.12
2019-11-02 13:30:00,1033.92
2019-11-02 13:45:00,1018.16
2019-11-02 14:00:00,1012.08
2019-11-02 14:15:00,1007.84
2019-11-02 14:30:00,1003.76
2019-11-02 14:45:00,995.04
2019-11-02 15:00:00,991.36
2019-11-02 15:15:00,987.6
2019-11-02 15:30:00,986.48
2019-11-02 15:45:00,984.72
2019-11-02 16:00:00,995.52
2019-11-02 16:15:00,993.28
2019-11-02 16:30:00,1004.08
2019-11-02 16:45:00,1021.04
2019-11-02 17:00:00,1060.08
2019-11-02 17:15:00,1085.28
2019-11-02 17:30:00,1107.76
2019-11-02 17:45:00,1114.16
2019-11-02 18:00:00,1112.48
2019-11-02 18:15:00,1104.0
2019-11-02 18:30:00,1093.68
2019-11-02 18:45:00,1086.4
2019-11-02 19:00:00,1070.4
2019-11-02 19:15:00,1054.96
2019-11-02 19:30:00,1036.88
2019-11-02 19:45:00,1025.44
2019-11-02 20:00:00,1008.4
2019-11-02 20:15:00,982.48
2019-11-02 20:30:00,970.56
2019-11-02 20:45:00,956.0
2019-11-02 21:00:00,944.4
2019-11-02 21:15:00,937.36
2019-11-02 21:30:00,930.48
2019-11-02 21:45:00,927.12
2019-11-02 22:00:00,923.68
2019-11-02 22:15:00,920.64
2019-11-02 22:30:00,906.24
2019-11-02 22:45:00,888.72
2019-11-02 23:00:00,862.64
2019-11-02 23:15:00,846.4
2019-11-02 23:30:00,833.28
2019-11-02 23:45:00,814.0
2019-11-03 00:00:00,786.72
2019-11-03 00:15:00,771.52
2019-11-03 00:30:00,759.36
2019-11-03 00:45:00,746.56
2019-11-03 01:00:00,740.88
2019-11-03 01:15:00,731.92
2019-11-03 01:30:00,716.24
2019-11-03 01:45:00,713.36
2019-11-03 02:00:00,716.0
2019-11-03 02:15:00,715.84
2019-11-03 02:30:00,708.08
2019-11-03 02:45:00,710.8
2019-11-03 03:00:00,711.52
2019-11-03 03:15:00,702.72
2019-11-03 03:30:00,695.84
2019-11-03 03:45:00,697.6
2019-11-03 04:00:00,702.96
2019-11-03 04:15:00,709.76
2019-11-03 04:30:00,716.96
2019-11-03 04:45:00,712.32
2019-11-03 05:00:00,712.8
2019-11-03 05:15:00,712.16
2019-11-03 05:30:00,705.84
2019-11-03 05:45:00,702.32
2019-11-03 06:00:00,699.2
2019-11-03 06:15:00,699.2
2019-11-03 06:30:00,703.44
2019-11-03 06:45:00,706.16
2019-11-03 07:00:00,718.88
2019-11-03 07:15:00,726.72
2019-11-03 07:30:00,736.88
2019-11-03 07:45:00,748.64
2019-11-03 08:00:00,774.72
2019-11-03 08:15:00,794.8
2019-11-03 08:30:00,810.48
2019-11-03 08:45:00,825.12
2019-11-03 09:00:00,840.48
2019-11-03 09:15:00,852.88
2019-11-03 09:30:00,865.68
2019-11-03 09:45:00,874.64
2019-11-03 10:00:00,889.84
2019-11-03 10:15:00,905.92
2019-11-03 10:30:00,912.08
2019-11-03 10:45:00,928.16
2019-11-03 11:00:00,939.12
2019-11-03 11:15:00,957.84
2019-11-03 11:30:00,968.64
2019-11-03 11:45:00,967.44
2019-11-03 12:00:00,963.6
2019-11-03 12:15:00,959.2
2019-11-03 12:30:00,953.28
2019-11-03 12:45:00,941.52
2019-11-03 13:00:00,934.08
2019-11-03 13:15:00,921.76
2019-11-03 13:30:00,914.24
2019-11-03 13:45:00,901.68
2019-11-03 14:00:00,895.84
2019-11-03 14:15:00,893.52
2019-11-03 14:30:00,886.16
2019-11-03 14:45:00,881.68
2019-11-03 15:00:00,891.76
2019-11-03 15:15:00,889.44
2019-11-03 15:30:00,888.72
2019-11-03 15:45:00,884.48
2019-11-03 16:00:00,889.68
2019-11-03 16:15:00,898.96
2019-11-03 16:30:00,911.76
2019-11-03 16:45:00,933.68
2019-11-03 17:00:00,965.6
2019-11-03 17:15:00,985.76
2019-11-03 17:30:00,998.48
2019-11-03 17:45:00,1010.4
2019-11-03 18:00:00,1017.84
2019-11-03 18:15:00,1009.68
2019-11-03 18:30:00,1006.72
2019-11-03 18:45:00,997.2
2019-11-03 19:00:00,988.16
2019-11-03 19:15:00,978.24
2019-11-03 19:30:00,972.8
2019-11-03 19:45:00,957.6
2019-11-03 20:00:00,947.92
2019-11-03 20:15:00,928.64
2019-11-03 20:30:00,921.04
2019-11-03 20:45:00,906.64
2019-11-03 21:00:00,898.16
2019-11-03 21:15:00,884.8
2019-11-03 21:30:00,877.12
2019-11-03 21:45:00,873.76
2019-11-03 22:00:00,876.8
2019-11-03 22:15:00,866.0
2019-11-03 22:30:00,846.8
2019-11-03 22:45:00,835.68
2019-11-03 23:00:00,820.48
2019-11-03 23:15:00,807.52
2019-11-03 23:30:00,796.4
2019-11-03 23:45:00,783.68
2019-11-04 00:00:00,770.08
2019-11-04 00:15:00,759.36
2019-11-04 00:30:00,756.48
2019-11-04 00:45:00,753.36
2019-11-04 01:00:00,743.68
2019-11-04 01:15:00,745.04
2019-11-04 01:30:00,743.44
2019-11-04 01:45:00,740.48
2019-11-04 02:00:00,728.0
2019-11-04 02:15:00,728.96
2019-11-04 02:30:00,735.52
2019-11-04 02:45:00,739.52
2019-11-04 03:00:00,739.2
2019-11-04 03:15:00,751.68
2019-11-04 03:30:00,758.96
2019-11-04 03:45:00,765.2
2019-11-04 04:00:00,777.92
2019-11-04 04:15:00,789.44
2019-11-04 04:30:00,802.8
2019-11-04 04:45:00,814.96
2019-11-04 05:00:00,837.04
2019-11-04 05:15:00,856.64
2019-11-04 05:30:00,888.32
2019-11-04 05:45:00,936.08
2019-11-04 06:00:00,1000.4
2019-11-04 06:15:00,1054.24
2019-11-04 06:30:00,1100.72
2019-11-04 06:45:00,1141.44
2019-11-04 07:00:00,1177.76
2019-11-04 07:15:00,1192.8
2019-11-04 07:30:00,1198.64
2019-11-04 07:45:00,1215.44
2019-11-04 08:00:00,1234.0
2019-11-04 08:15:00,1239.2
2019-11-04 08:30:00,1249.04
2019-11-04 08:45:00,1251.6
2019-11-04 09:00:00,1238.72
2019-11-04 09:15:00,1244.4
2019-11-04 09:30:00,1259.28
2019-11-04 09:45:00,1261.76
2019-11-04 10:00:00,1270.48
2019-11-04 10:15:00,1276.8
2019-11-04 10:30:00,1279.36
2019-11-04 10:45:00,1277.28
2019-11-04 11:00:00,1278.24
2019-11-04 11:15:00,1279.76
2019-11-04 11:30:00,1274.88
2019-11-04 11:45:00,1279.84
2019-11-04 12:00:00,1267.76
2019-11-04 12:15:00,1267.68
2019-11-04 12:30:00,1269.12
2019-11-04 12:45:00,1273.28
2019-11-04 13:00:00,1281.52
2019-11-04 13:15:00,1267.2
2019-11-04 13:30:00,1252.24
2019-11-04 13:45:00,1241.36
2019-11-04 14:00:00,1248.56
2019-11-04 14:15:00,1247.52
2019-11-04 14:30:00,1240.96
2019-11-04 14:45:00,1231.04
2019-11-04 15:00:00,1241.52
2019-11-04 15:15:00,1234.96
2019-11-04 15:30:00,1231.68
2019-11-04 15:45:00,1224.8
2019-11-04 16:00:00,1224.56
2019-11-04 16:15:00,1225.04
2019-11-04 16:30:00,1228.88
2019-11-04 16:45:00,1243.28
2019-11-04 17:00:00,1265.52
2019-11-04 17:15:00,1291.44
2019-11-04 17:30:00,1302.96
2019-11-04 17:45:00,1308.96
2019-11-04 18:00:00,1302.72
2019-11-04 18:15:00,1293.6
2019-11-04 18:30:00,1289.28
2019-11-04 18:45:00,1285.6
2019-11-04 19:00:00,1277.28
2019-11-04 19:15:00,1261.76
2019-11-04 19:30:00,1253.76
2019-11-04 19:45:00,1241.92
2019-11-04 20:00:00,1219.92
2019-11-04 20:15:00,1185.04
2019-11-04 20:30:00,1163.6
2019-11-04 20:45:00,1153.2
2019-11-04 21:00:00,1133.76
2019-11-04 21:15:00,1113.04
2019-11-04 21:30:00,1092.64
2019-11-04 21:45:00,1071.92
2019-11-04 22:00:00,1062.8
2019-11-04 22:15:00,1043.52
2019-11-04 22:30:00,1020.08
2019-11-04 22:45:00,994.96
2019-11-04 23:00:00,962.8
2019-11-04 23:15:00,943.44
2019-11-04 23:30:00,928.8
2019-11-04 23:45:00,918.8
2019-11-05 00:00:00,892.48
2019-11-05 00:15:00,894.0
2019-11-05 00:30:00,880.96
2019-11-05 00:45:00,868.16
2019-11-05 01:00:00,854.96
2019-11-05 01:15:00,848.72
2019-11-05 01:30:00,846.08
2019-11-05 01:45:00,833.2
2019-11-05 02:00:00,837.12
2019-11-05 02:15:00,836.56
2019-11-05 02:30:00,841.6
2019-11-05 02:45:00,842.48
2019-11-05 03:00:00,845.36
2019-11-05 03:15:00,845.6
2019-11-05 03:30:00,847.44
2019-11-05 03:45:00,852.24
2019-11-05 04:00:00,865.44
2019-11-05 04:15:00,871.28
2019-11-05 04:30:00,883.84
2019-11-05 04:45:00,899.84
2019-11-05 05:00:00,926.96
2019-11-05 05:15:00,945.92
2019-11-05 05:30:00,966.56
2019-11-05 05:45:00,1000.88
2019-11-05 06:00:00,1060.88
2019-11-05 06:15:00,1104.8
2019-11-05 06:30:00,1144.4
2019-11-05 06:45:00,1182.16
2019-11-05 07:00:00,1220.16
2019-11-05 07:15:00,1236.08
2019-11-05 07:30:00,1248.96
2019-11-05 07:45:00,1261.84
2019-11-05 08:00:00,1269.44
2019-11-05 08:15:00,1276.88
2019-11-05 08:30:00,1282.8
2019-11-05 08:45:00,1282.32
2019-11-05 09:00:00,1273.52
2019-11-05 09:15:00,1279.6
2019-11-05 09:30:00,1284.32
2019-11-05 09:45:00,1289.68
2019-11-05 10:00:00,1291.68
2019-11-05 10:15:00,1293.28
2019-11-05 10:30:00,1299.68
2019-11-05 10:45:00,1307.68
2019-11-05 11:00:00,1309.04
2019-11-05 11:15:00,1313.36
2019-11-05 11:30:00,1316.4
2019-11-05 11:45:00,1318.32
2019-11-05 12:00:00,1305.68
2019-11-05 12:15:00,1297.84
2019-11-05 12:30:00,1298.88
2019-11-05 12:45:00,1302.16
2019-11-05 13:00:00,1302.0
2019-11-05 13:15:00,1296.4
2019-11-05 13:30:00,1285.04
2019-11-05 13:45:00,1274.4
2019-11-05 14:00:00,1272.08
2019-11-05 14:15:00,1264.08
2019-11-05 14:30:00,1264.64
2019-11-05 14:45:00,1260.88
2019-11-05 15:00:00,1267.36
2019-11-05 15:15:00,1261.84
2019-11-05 15:30:00,1256.0
2019-11-05 15:45:00,1249.84
2019-11-05 16:00:00,1260.56
2019-11-05 16:15:00,1262.0
2019-11-05 16:30:00,1269.68
2019-11-05 16:45:00,1285.44
2019-11-05 17:00:00,1311.36
2019-11-05 17:15:00,1329.04
2019-11-05 17:30:00,1340.8
2019-11-05 17:45:00,1345.12
2019-11-05 18:00:00,1332.24
2019-11-05 18:15:00,1320.72
2019-11-05 18:30:00,1318.8
2019-11-05 18:45:00,1316.08
2019-11-05 19:00:00,1307.6
2019-11-05 19:15:00,1290.32
2019-11-05 19:30:00,1281.44
2019-11-05 19:45:00,1269.52
2019-11-05 20:00:00,1240.32
2019-11-05 20:15:00,1214.32
2019-11-05 20:30:00,1188.88
2019-11-05 20:45:00,1167.84
2019-11-05 21:00:00,1160.56
2019-11-05 21:15:00,1141.44
2019-11-05 21:30:00,1113.36
2019-11-05 21:45:00,1099.28
2019-11-05 22:00:00,1082.88
2019-11-05 22:15:00,1066.56
2019-11-05 22:30:00,1036.64
2019-11-05 22:45:00,1019.12
2019-11-05 23:00:00,997.52
2019-11-05 23:15:00,971.76
2019-11-05 23:30:00,956.64
2019-11-05 23:45:00,940.88
2019-11-06 00:00:00,921.84
2019-11-06 00:15:00,907.28
2019-11-06 00:30:00,892.56
2019-11-06 00:45:00,888.64
2019-11-06 01:00:00,889.84
2019-11-06 01:15:00,881.44
2019-11-06 01:30:00,876.08
2019-11-06 01:45:00,870.72
2019-11-06 02:00:00,867.68
2019-11-06 02:15:00,866.4
2019-11-06 02:30:00,866.56
2019-11-06 02:45:00,862.88
2019-11-06 03:00:00,880.4
2019-11-06 03:15:00,885.68
2019-11-06 03:30:00,882.48
2019-11-06 03:45:00,887.12
2019-11-06 04:00:00,903.44
2019-11-06 04:15:00,910.64
2019-11-06 04:30:00,915.36
2019-11-06 04:45:00,930.4
2019-11-06 05:00:00,952.32
2019-11-06 05:15:00,968.64
2019-11-06 05:30:00,991.28
2019-11-06 05:45:00,1025.12
2019-11-06 06:00:00,1092.56
2019-11-06 06:15:00,1139.44
2019-11-06 06:30:00,1179.04
2019-11-06 06:45:00,1215.68
2019-11-06 07:00:00,1254.56
2019-11-06 07:15:00,1261.52
2019-11-06 07:30:00,1268.32
2019-11-06 07:45:00,1278.96
2019-11-06 08:00:00,1293.28
2019-11-06 08:15:00,1308.08
2019-11-06 08:30:00,1307.04
2019-11-06 08:45:00,1314.8
2019-11-06 09:00:00,1307.84
2019-11-06 09:15:00,1308.72
2019-11-06 09:30:00,1309.12
2019-11-06 09:45:00,1312.56
2019-11-06 10:00:00,1315.6
2019-11-06 10:15:00,1318.64
2019-11-06 10:30:00,1320.72
2019-11-06 10:45:00,1319.52
2019-11-06 11:00:00,1322.48
2019-11-06 11:15:00,1334.4
2019-11-06 11:30:00,1336.48
2019-11-06 11:45:00,1341.84
2019-11-06 12:00:00,1327.84
2019-11-06 12:15:00,1326.48
2019-11-06 12:30:00,1325.76
2019-11-06 12:45:00,1322.08
2019-11-06 13:00:00,1326.56
2019-11-06 13:15:00,1318.32
2019-11-06 13:30:00,1313.04
2019-11-06 13:45:00,1302.96
2019-11-06 14:00:00,1303.36
2019-11-06 14:15:00,1300.72
2019-11-06 14:30:00,1296.88
2019-11-06 14:45:00,1292.24
2019-11-06 15:00:00,1298.8
2019-11-06 15:15:00,1289.68
2019-11-06 15:30:00,1284.24
2019-11-06 15:45:00,1277.84
2019-11-06 16:00:00,1278.8
2019-11-06 16:15:00,1273.84
2019-11-06 16:30:00,1281.92
2019-11-06 16:45:00,1297.04
2019-11-06 17:00:00,1325.68
2019-11-06 17:15:00,1343.52
2019-11-06 17:30:00,1346.32
2019-11-06 17:45:00,1349.12
2019-11-06 18:00:00,1340.24
2019-11-06 18:15:00,1325.68
2019-11-06 18:30:00,1324.4
2019-11-06 18:45:00,1315.12
2019-11-06 19:00:00,1300.56
2019-11-06 19:15:00,1280.4
2019-11-06 19:30:00,1268.16
2019-11-06 19:45:00,1258.56
2019-11-06 20:00:00,1226.24
2019-11-06 20:15:00,1200.4
2019-11-06 20:30:00,1182.8
2019-11-06 20:45:00,1162.96
2019-11-06 21:00:00,1150.08
2019-11-06 21:15:00,1132.4
2019-11-06 21:30:00,1112.0
2019-11-06 21:45:00,1095.52
2019-11-06 22:00:00,1092.56
2019-11-06 22:15:00,1069.84
2019-11-06 22:30:00,1049.36
2019-11-06 22:45:00,1024.96
2019-11-06 23:00:00,999.36
2019-11-06 23:15:00,982.16
2019-11-06 23:30:00,962.08
2019-11-06 23:45:00,949.6
2019-11-07 00:00:00,924.88
2019-11-07 00:15:00,910.08
2019-11-07 00:30:00,901.2
2019-11-07 00:45:00,892.8
2019-11-07 01:00:00,879.04
2019-11-07 01:15:00,880.88
2019-11-07 01:30:00,874.64
2019-11-07 01:45:00,869.44
2019-11-07 02:00:00,861.04
2019-11-07 02:15:00,859.12
2019-11-07 02:30:00,863.6
2019-11-07 02:45:00,863.84
2019-11-07 03:00:00,870.4
2019-11-07 03:15:00,872.48
2019-11-07 03:30:00,877.68
2019-11-07 03:45:00,883.04
2019-11-07 04:00:00,885.2
2019-11-07 04:15:00,898.48
2019-11-07 04:30:00,914.48
2019-11-07 04:45:00,924.32
2019-11-07 05:00:00,949.28
2019-11-07 05:15:00,964.72
2019-11-07 05:30:00,991.04
2019-11-07 05:45:00,1019.52
2019-11-07 06:00:00,1086.08
2019-11-07 06:15:00,1137.6
2019-11-07 06:30:00,1180.72
2019-11-07 06:45:00,1215.44
2019-11-07 07:00:00,1256.0
2019-11-07 07:15:00,1271.76
2019-11-07 07:30:00,1276.8
2019-11-07 07:45:00,1284.16
2019-11-07 08:00:00,1299.68
2019-11-07 08:15:00,1305.52
2019-11-07 08:30:00,1312.88
2019-11-07 08:45:00,1316.96
2019-11-07 09:00:00,1307.44
2019-11-07 09:15:00,1312.32
2019-11-07 09:30:00,1318.72
2019-11-07 09:45:00,1320.56
2019-11-07 10:00:00,1318.24
2019-11-07 10:15:00,1325.12
2019-11-07 10:30:00,1330.56
2019-11-07 10:45:00,1334.96
2019-11-07 11:00:00,1340.0
2019-11-07 11:15:00,1350.48
2019-11-07 11:30:00,1352.08
2019-11-07 11:45:00,1349.84
2019-11-07 12:00:00,1338.72
2019-11-07 12:15:00,1332.96
2019-11-07 12:30:00,1331.44
2019-11-07 12:45:00,1334.0
2019-11-07 13:00:00,1339.28
2019-11-07 13:15:00,1337.28
2019-11-07 13:30:00,1328.64
2019-11-07 13:45:00,1317.44
2019-11-07 14:00:00,1312.0
2019-11-07 14:15:00,1311.04
2019-11-07 14:30:00,1313.12
2019-11-07 14:45:00,1309.2
2019-11-07 15:00:00,1312.64
2019-11-07 15:15:00,1311.28
2019-11-07 15:30:00,1308.72
2019-11-07 15:45:00,1306.0
2019-11-07 16:00:00,1303.6
2019-11-07 16:15:00,1304.96
2019-11-07 16:30:00,1315.84
2019-11-07 16:45:00,1330.16
2019-11-07 17:00:00,1350.0
2019-11-07 17:15:00,1364.0
2019-11-07 17:30:00,1375.68
2019-11-07 17:45:00,1380.0
2019-11-07 18:00:00,1376.0
2019-11-07 18:15:00,1365.68
2019-11-07 18:30:00,1362.24
2019-11-07 18:45:00,1354.96
2019-11-07 19:00:00,1347.44
2019-11-07 19:15:00,1335.6
2019-11-07 19:30:00,1322.88
2019-11-07 19:45:00,1304.08
2019-11-07 20:00:00,1270.16
2019-11-07 20:15:00,1243.2
2019-11-07 20:30:00,1220.88
2019-11-07 20:45:00,1203.12
2019-11-07 21:00:00,1183.28
2019-11-07 21:15:00,1165.28
2019-11-07 21:30:00,1141.6
2019-11-07 21:45:00,1126.24
2019-11-07 22:00:00,1115.6
2019-11-07 22:15:00,1091.84
2019-11-07 22:30:00,1072.24
2019-11-07 22:45:00,1052.32
2019-11-07 23:00:00,1028.4
2019-11-07 23:15:00,1004.4
2019-11-07 23:30:00,985.36
2019-11-07 23:45:00,967.92
2019-11-08 00:00:00,942.32
2019-11-08 00:15:00,928.72
2019-11-08 00:30:00,918.96
2019-11-08 00:45:00,914.24
2019-11-08 01:00:00,906.48
2019-11-08 01:15:00,905.12
2019-11-08 01:30:00,901.6
2019-11-08 01:45:00,897.68
2019-11-08 02:00:00,880.4
2019-11-08 02:15:00,880.48
2019-11-08 02:30:00,882.08
2019-11-08 02:45:00,889.28
2019-11-08 03:00:00,885.04
2019-11-08 03:15:00,888.56
2019-11-08 03:30:00,892.16
2019-11-08 03:45:00,893.28
2019-11-08 04:00:00,913.04
2019-11-08 04:15:00,919.68
2019-11-08 04:30:00,925.52
2019-11-08 04:45:00,937.84
2019-11-08 05:00:00,960.0
2019-11-08 05:15:00,972.08
2019-11-08 05:30:00,1002.4
2019-11-08 05:45:00,1034.88
2019-11-08 06:00:00,1100.88
2019-11-08 06:15:00,1146.48
2019-11-08 06:30:00,1178.16
2019-11-08 06:45:00,1208.64
2019-11-08 07:00:00,1249.04
2019-11-08 07:15:00,1260.72
2019-11-08 07:30:00,1269.2
2019-11-08 07:45:00,1280.24
2019-11-08 08:00:00,1288.24
2019-11-08 08:15:00,1301.52
2019-11-08 08:30:00,1306.48
2019-11-08 08:45:00,1303.36
2019-11-08 09:00:00,1304.16
2019-11-08 09:15:00,1303.6
2019-11-08 09:30:00,1312.16
2019-11-08 09:45:00,1312.56
2019-11-08 10:00:00,1310.72
2019-11-08 10:15:00,1312.96
2019-11-08 10:30:00,1316.16
2019-11-08 10:45:00,1316.96
2019-11-08 11:00:00,1324.08
2019-11-08 11:15:00,1332.24
2019-11-08 11:30:00,1332.08
2019-11-08 11:45:00,1325.68
2019-11-08 12:00:00,1312.24
2019-11-08 12:15:00,1301.68
2019-11-08 12:30:00,1298.32
2019-11-08 12:45:00,1296.88
2019-11-08 13:00:00,1299.44
2019-11-08 13:15:00,1289.52
2019-11-08 13:30:00,1280.96
2019-11-08 13:45:00,1268.16
2019-11-08 14:00:00,1266.8
2019-11-08 14:15:00,1259.76
2019-11-08 14:30:00,1261.28
2019-11-08 14:45:00,1255.52
2019-11-08 15:00:00,1240.24
2019-11-08 15:15:00,1236.72
2019-11-08 15:30:00,1233.52
2019-11-08 15:45:00,1232.0
2019-11-08 16:00:00,1237.6
2019-11-08 16:15:00,1239.52
2019-11-08 16:30:00,1243.76
2019-11-08 16:45:00,1256.24
2019-11-08 17:00:00,1276.88
2019-11-08 17:15:00,1285.2
2019-11-08 17:30:00,1291.2
2019-11-08 17:45:00,1289.76
2019-11-08 18:00:00,1287.52
2019-11-08 18:15:00,1277.92
2019-11-08 18:30:00,1268.08
2019-11-08 18:45:00,1261.76
2019-11-08 19:00:00,1246.64
2019-11-08 19:15:00,1229.76
2019-11-08 19:30:00,1218.0
2019-11-08 19:45:00,1200.32
2019-11-08 20:00:00,1176.8
2019-11-08 20:15:00,1153.36
2019-11-08 20:30:00,1133.04
2019-11-08 20:45:00,1117.2
2019-11-08 21:00:00,1100.64
2019-11-08 21:15:00,1089.36
2019-11-08 21:30:00,1072.16
2019-11-08 21:45:00,1058.24
2019-11-08 22:00:00,1049.52
2019-11-08 22:15:00,1030.96
2019-11-08 22:30:00,1007.92
2019-11-08 22:45:00,987.12
2019-11-08 23:00:00,960.32
2019-11-08 23:15:00,942.0
2019-11-08 23:30:00,926.96
2019-11-08 23:45:00,905.92
2019-11-09 00:00:00,888.64
2019-11-09 00:15:00,872.32
2019-11-09 00:30:00,859.12
2019-11-09 00:45:00,854.64
2019-11-09 01:00:00,842.96
2019-11-09 01:15:00,835.52
2019-11-09 01:30:00,829.68
2019-11-09 01:45:00,821.12
2019-11-09 02:00:00,813.52
2019-11-09 02:15:00,813.36
2019-11-09 02:30:00,814.0
2019-11-09 02:45:00,808.72
2019-11-09 03:00:00,806.16
2019-11-09 03:15:00,806.96
2019-11-09 03:30:00,810.0
2019-11-09 03:45:00,812.64
2019-11-09 04:00:00,813.68
2019-11-09 04:15:00,813.28
2019-11-09 04:30:00,812.32
2019-11-09 04:45:00,815.36
2019-11-09 05:00:00,826.88
2019-11-09 05:15:00,824.0
2019-11-09 05:30:00,821.12
2019-11-09 05:45:00,826.72
2019-11-09 06:00:00,844.4
2019-11-09 06:15:00,854.64
2019-11-09 06:30:00,858.0
2019-11-09 06:45:00,875.04
2019-11-09 07:00:00,889.76
2019-11-09 07:15:00,899.6
2019-11-09 07:30:00,915.52
2019-11-09 07:45:00,936.64
2019-11-09 08:00:00,970.48
2019-11-09 08:15:00,991.2
2019-11-09 08:30:00,1009.68
2019-11-09 08:45:00,1026.88
2019-11-09 09:00:00,1027.92
2019-11-09 09:15:00,1036.24
2019-11-09 09:30:00,1050.96
2019-11-09 09:45:00,1060.56
2019-11-09 10:00:00,1079.2
2019-11-09 10:15:00,1081.84
2019-11-09 10:30:00,1085.28
2019-11-09 10:45:00,1094.08
2019-11-09 11:00:00,1099.68
2019-11-09 11:15:00,1106.48
2019-11-09 11:30:00,1110.24
2019-11-09 11:45:00,1110.64
2019-11-09 12:00:00,1104.4
2019-11-09 12:15:00,1098.4
2019-11-09 12:30:00,1089.52
2019-11-09 12:45:00,1078.16
2019-11-09 13:00:00,1071.84
2019-11-09 13:15:00,1062.48
2019-11-09 13:30:00,1051.52
2019-11-09 13:45:00,1040.32
2019-11-09 14:00:00,1039.28
2019-11-09 14:15:00,1034.16
2019-11-09 14:30:00,1025.12
2019-11-09 14:45:00,1024.24
2019-11-09 15:00:00,1027.52
2019-11-09 15:15:00,1023.76
2019-11-09 15:30:00,1023.2
2019-11-09 15:45:00,1020.88
2019-11-09 16:00:00,1023.04
2019-11-09 16:15:00,1025.52
2019-11-09 16:30:00,1035.2
2019-11-09 16:45:00,1057.44
2019-11-09 17:00:00,1092.8
2019-11-09 17:15:00,1112.08
2019-11-09 17:30:00,1125.36
2019-11-09 17:45:00,1127.6
2019-11-09 18:00:00,1126.24
2019-11-09 18:15:00,1121.44
2019-11-09 18:30:00,1111.2
2019-11-09 18:45:00,1101.36
2019-11-09 19:00:00,1092.88
2019-11-09 19:15:00,1082.88
2019-11-09 19:30:00,1074.72
2019-11-09 19:45:00,1059.44
2019-11-09 20:00:00,1031.2
2019-11-09 20:15:00,1004.96
2019-11-09 20:30:00,990.08
2019-11-09 20:45:00,977.6
2019-11-09 21:00:00,972.0
2019-11-09 21:15:00,961.68
2019-11-09 21:30:00,951.36
2019-11-09 21:45:00,938.48
2019-11-09 22:00:00,949.2
2019-11-09 22:15:00,938.24
2019-11-09 22:30:00,920.08
2019-11-09 22:45:00,905.04
2019-11-09 23:00:00,892.8
2019-11-09 23:15:00,879.6
2019-11-09 23:30:00,859.2
2019-11-09 23:45:00,850.88
2019-11-10 00:00:00,839.52
2019-11-10 00:15:00,836.72
2019-11-10 00:30:00,831.36
2019-11-10 00:45:00,823.44
2019-11-10 01:00:00,804.48
2019-11-10 01:15:00,797.84
2019-11-10 01:30:00,792.56
2019-11-10 01:45:00,788.48
2019-11-10 02:00:00,779.84
2019-11-10 02:15:00,772.32
2019-11-10 02:30:00,771.68
2019-11-10 02:45:00,767.84
2019-11-10 03:00:00,759.76
2019-11-10 03:15:00,760.56
2019-11-10 03:30:00,759.44
2019-11-10 03:45:00,758.8
2019-11-10 04:00:00,760.08
2019-11-10 04:15:00,757.6
2019-11-10 04:30:00,764.48
2019-11-10 04:45:00,758.48
2019-11-10 05:00:00,762.72
2019-11-10 05:15:00,761.76
2019-11-10 05:30:00,759.28
2019-11-10 05:45:00,757.76
2019-11-10 06:00:00,751.76
2019-11-10 06:15:00,750.72
2019-11-10 06:30:00,757.36
2019-11-10 06:45:00,764.88
2019-11-10 07:00:00,775.2
2019-11-10 07:15:00,778.48
2019-11-10 07:30:00,789.52
2019-11-10 07:45:00,806.56
2019-11-10 08:00:00,829.28
2019-11-10 08:15:00,849.12
2019-11-10 08:30:00,866.56
2019-11-10 08:45:00,880.32
2019-11-10 09:00:00,901.12
2019-11-10 09:15:00,917.2
2019-11-10 09:30:00,926.56
2019-11-10 09:45:00,942.56
2019-11-10 10:00:00,950.08
2019-11-10 10:15:00,957.12
2019-11-10 10:30:00,967.52
2019-11-10 10:45:00,976.88
2019-11-10 11:00:00,989.68
2019-11-10 11:15:00,1002.16
2019-11-10 11:30:00,1006.48
2019-11-10 11:45:00,1002.8
2019-11-10 12:00:00,996.08
2019-11-10 12:15:00,987.28
2019-11-10 12:30:00,979.92
2019-11-10 12:45:00,973.92
2019-11-10 13:00:00,964.8
2019-11-10 13:15:00,963.2
2019-11-10 13:30:00,956.48
2019-11-10 13:45:00,935.84
2019-11-10 14:00:00,938.32
2019-11-10 14:15:00,924.32
2019-11-10 14:30:00,926.0
2019-11-10 14:45:00,920.96
2019-11-10 15:00:00,927.36
2019-11-10 15:15:00,923.84
2019-11-10 15:30:00,926.48
2019-11-10 15:45:00,932.16
2019-11-10 16:00:00,946.8
2019-11-10 16:15:00,955.28
2019-11-10 16:30:00,969.04
2019-11-10 16:45:00,999.2
2019-11-10 17:00:00,1024.96
2019-11-10 17:15:00,1048.16
2019-11-10 17:30:00,1057.76
2019-11-10 17:45:00,1059.92
2019-11-10 18:00:00,1066.24
2019-11-10 18:15:00,1065.84
2019-11-10 18:30:00,1060.24
2019-11-10 18:45:00,1053.44
2019-11-10 19:00:00,1036.32
2019-11-10 19:15:00,1023.28
2019-11-10 19:30:00,1012.4
2019-11-10 19:45:00,1004.0
2019-11-10 20:00:00,1001.84
2019-11-10 20:15:00,987.36
2019-11-10 20:30:00,971.52
2019-11-10 20:45:00,958.64
2019-11-10 21:00:00,968.32
2019-11-10 21:15:00,964.64
2019-11-10 21:30:00,961.36
2019-11-10 21:45:00,959.12
2019-11-10 22:00:00,971.36
2019-11-10 22:15:00,959.76
2019-11-10 22:30:00,948.8
2019-11-10 22:45:00,935.92
2019-11-10 23:00:00,906.88
2019-11-10 23:15:00,887.2
2019-11-10 23:30:00,874.88
2019-11-10 23:45:00,864.4
2019-11-11 00:00:00,854.4
2019-11-11 00:15:00,844.48
2019-11-11 00:30:00,846.32
2019-11-11 00:45:00,838.88
2019-11-11 01:00:00,826.48
2019-11-11 01:15:00,818.48
2019-11-11 01:30:00,819.84
2019-11-11 01:45:00,818.0
2019-11-11 02:00:00,809.28
2019-11-11 02:15:00,808.96
2019-11-11 02:30:00,811.52
2019-11-11 02:45:00,813.44
2019-11-11 03:00:00,817.2
2019-11-11 03:15:00,820.56
2019-11-11 03:30:00,824.32
2019-11-11 03:45:00,831.04
2019-11-11 04:00:00,846.08
2019-11-11 04:15:00,857.44
2019-11-11 04:30:00,870.0
2019-11-11 04:45:00,881.28
2019-11-11 05:00:00,919.92
2019-11-11 05:15:00,936.4
2019-11-11 05:30:00,958.72
2019-11-11 05:45:00,994.64
2019-11-11 06:00:00,1059.2
2019-11-11 06:15:00,1112.0
2019-11-11 06:30:00,1159.76
2019-11-11 06:45:00,1199.44
2019-11-11 07:00:00,1246.0
2019-11-11 07:15:00,1270.08
2019-11-11 07:30:00,1280.88
2019-11-11 07:45:00,1294.24
2019-11-11 08:00:00,1301.04
2019-11-11 08:15:00,1310.88
2019-11-11 08:30:00,1324.32
2019-11-11 08:45:00,1332.24
2019-11-11 09:00:00,1323.04
2019-11-11 09:15:00,1332.48
2019-11-11 09:30:00,1335.92
2019-11-11 09:45:00,1343.12
2019-11-11 10:00:00,1337.28
2019-11-11 10:15:00,1338.72
2019-11-11 10:30:00,1344.24
2019-11-11 10:45:00,1341.68
2019-11-11 11:00:00,1346.08
2019-11-11 11:15:00,1348.48
2019-11-11 11:30:00,1349.76
2019-11-11 11:45:00,1348.56
2019-11-11 12:00:00,1349.52
2019-11-11 12:15:00,1348.64
2019-11-11 12:30:00,1356.24
2019-11-11 12:45:00,1358.08
2019-11-11 13:00:00,1352.16
2019-11-11 13:15:00,1344.88
2019-11-11 13:30:00,1340.72
2019-11-11 13:45:00,1333.68
2019-11-11 14:00:00,1332.88
2019-11-11 14:15:00,1336.24
2019-11-11 14:30:00,1336.08
2019-11-11 14:45:00,1333.12
2019-11-11 15:00:00,1333.76
2019-11-11 15:15:00,1331.04
2019-11-11 15:30:00,1332.08
2019-11-11 15:45:00,1327.28
2019-11-11 16:00:00,1333.68
2019-11-11 16:15:00,1334.4
2019-11-11 16:30:00,1344.16
2019-11-11 16:45:00,1363.76
2019-11-11 17:00:00,1382.24
2019-11-11 17:15:00,1390.32
2019-11-11 17:30:00,1395.04
2019-11-11 17:45:00,1390.48
2019-11-11 18:00:00,1390.64
2019-11-11 18:15:00,1382.64
2019-11-11 18:30:00,1385.6
2019-11-11 18:45:00,1381.84
2019-11-11 19:00:00,1375.76
2019-11-11 19:15:00,1356.96
2019-11-11 19:30:00,1351.44
2019-11-11 19:45:00,1340.4
2019-11-11 20:00:00,1302.8
2019-11-11 20:15:00,1276.0
2019-11-11 20:30:00,1260.08
2019-11-11 20:45:00,1237.2
2019-11-11 21:00:00,1203.76
2019-11-11 21:15:00,1186.8
2019-11-11 21:30:00,1172.48
2019-11-11 21:45:00,1153.92
2019-11-11 22:00:00,1134.0
2019-11-11 22:15:00,1121.04
2019-11-11 22:30:00,1099.12
2019-11-11 22:45:00,1079.12
2019-11-11 23:00:00,1055.92
2019-11-11 23:15:00,1030.32
2019-11-11 23:30:00,1016.72
2019-11-11 23:45:00,998.64
2019-11-12 00:00:00,967.76
2019-11-12 00:15:00,958.16
2019-11-12 00:30:00,950.64
2019-11-12 00:45:00,939.76
2019-11-12 01:00:00,927.84
2019-11-12 01:15:00,920.16
2019-11-12 01:30:00,915.6
2019-11-12 01:45:00,909.2
2019-11-12 02:00:00,904.4
2019-11-12 02:15:00,902.08
2019-11-12 02:30:00,900.8
2019-11-12 02:45:00,898.08
2019-11-12 03:00:00,908.96
2019-11-12 03:15:00,909.52
2019-11-12 03:30:00,907.92
2019-11-12 03:45:00,907.04
2019-11-12 04:00:00,923.04
2019-11-12 04:15:00,933.2
2019-11-12 04:30:00,943.44
2019-11-12 04:45:00,955.36
2019-11-12 05:00:00,992.32
2019-11-12 05:15:00,1006.72
2019-11-12 05:30:00,1031.68
2019-11-12 05:45:00,1052.56
2019-11-12 06:00:00,1118.72
2019-11-12 06:15:00,1161.12
2019-11-12 06:30:00,1195.68
2019-11-12 06:45:00,1224.88
2019-11-12 07:00:00,1271.04
2019-11-12 07:15:00,1290.48
2019-11-12 07:30:00,1300.64
2019-11-12 07:45:00,1312.96
2019-11-12 08:00:00,1323.44
2019-11-12 08:15:00,1333.84
2019-11-12 08:30:00,1338.8
2019-11-12 08:45:00,1338.0
2019-11-12 09:00:00,1335.12
2019-11-12 09:15:00,1340.56
2019-11-12 09:30:00,1343.84
2019-11-12 09:45:00,1346.32
2019-11-12 10:00:00,1344.56
2019-11-12 10:15:00,1349.2
2019-11-12 10:30:00,1362.64
2019-11-12 10:45:00,1368.96
2019-11-12 11:00:00,1368.56
2019-11-12 11:15:00,1376.16
2019-11-12 11:30:00,1372.4
2019-11-12 11:45:00,1370.96
2019-11-12 12:00:00,1370.32
2019-11-12 12:15:00,1370.4
2019-11-12 12:30:00,1368.96
2019-11-12 12:45:00,1368.16
2019-11-12 13:00:00,1364.24
2019-11-12 13:15:00,1349.76
2019-11-12 13:30:00,1344.0
2019-11-12 13:45:00,1326.0
2019-11-12 14:00:00,1339.92
2019-11-12 14:15:00,1336.64
2019-11-12 14:30:00,1328.16
2019-11-12 14:45:00,1323.6
2019-11-12 15:00:00,1323.12
2019-11-12 15:15:00,1317.6
2019-11-12 15:30:00,1308.24
2019-11-12 15:45:00,1305.6
2019-11-12 16:00:00,1305.36
2019-11-12 16:15:00,1308.8
2019-11-12 16:30:00,1320.56
2019-11-12 16:45:00,1339.84
2019-11-12 17:00:00,1361.6
2019-11-12 17:15:00,1375.36
2019-11-12 17:30:00,1381.76
2019-11-12 17:45:00,1381.12
2019-11-12 18:00:00,1386.0
2019-11-12 18:15:00,1377.36
2019-11-12 18:30:00,1367.12
2019-11-12 18:45:00,1364.88
2019-11-12 19:00:00,1353.92
2019-11-12 19:15:00,1342.4
2019-11-12 19:30:00,1334.56
2019-11-12 19:45:00,1322.32
2019-11-12 20:00:00,1298.88
2019-11-12 20:15:00,1274.24
2019-11-12 20:30:00,1251.44
2019-11-12 20:45:00,1232.56
2019-11-12 21:00:00,1212.96
2019-11-12 21:15:00,1197.12
2019-11-12 21:30:00,1172.88
2019-11-12 21:45:00,1152.24
2019-11-12 22:00:00,1147.68
2019-11-12 22:15:00,1130.0
2019-11-12 22:30:00,1106.48
2019-11-12 22:45:00,1091.84
2019-11-12 23:00:00,1065.2
2019-11-12 23:15:00,1045.12
2019-11-12 23:30:00,1024.08
2019-11-12 23:45:00,1009.12
2019-11-13 00:00:00,976.24
2019-11-13 00:15:00,965.2
2019-11-13 00:30:00,958.48
2019-11-13 00:45:00,948.08
2019-11-13 01:00:00,944.16
2019-11-13 01:15:00,939.92
2019-11-13 01:30:00,935.44
2019-11-13 01:45:00,932.08
2019-11-13 02:00:00,915.12
2019-11-13 02:15:00,911.44
2019-11-13 02:30:00,915.04
2019-11-13 02:45:00,916.16
2019-11-13 03:00:00,918.56
2019-11-13 03:15:00,921.92
2019-11-13 03:30:00,927.6
2019-11-13 03:45:00,931.12
2019-11-13 04:00:00,948.4
2019-11-13 04:15:00,952.72
2019-11-13 04:30:00,960.64
2019-11-13 04:45:00,973.28
2019-11-13 05:00:00,1002.88
2019-11-13 05:15:00,1013.2
2019-11-13 05:30:00,1031.6
2019-11-13 05:45:00,1053.6
2019-11-13 06:00:00,1099.12
2019-11-13 06:15:00,1145.2
2019-11-13 06:30:00,1186.16
2019-11-13 06:45:00,1218.4
2019-11-13 07:00:00,1259.6
2019-11-13 07:15:00,1275.6
2019-11-13 07:30:00,1282.8
2019-11-13 07:45:00,1289.44
2019-11-13 08:00:00,1303.68
2019-11-13 08:15:00,1313.2
2019-11-13 08:30:00,1314.16
2019-11-13 08:45:00,1304.24
2019-11-13 09:00:00,1294.4
2019-11-13 09:15:00,1299.84
2019-11-13 09:30:00,1303.44
2019-11-13 09:45:00,1304.0
2019-11-13 10:00:00,1303.36
2019-11-13 10:15:00,1304.0
2019-11-13 10:30:00,1312.8
2019-11-13 10:45:00,1317.2
2019-11-13 11:00:00,1319.84
2019-11-13 11:15:00,1330.72
2019-11-13 11:30:00,1336.0
2019-11-13 11:45:00,1334.16
2019-11-13 12:00:00,1324.64
2019-11-13 12:15:00,1322.96
2019-11-13 12:30:00,1317.84
2019-11-13 12:45:00,1323.76
2019-11-13 13:00:00,1326.64
2019-11-13 13:15:00,1324.24
2019-11-13 13:30:00,1316.88
2019-11-13 13:45:00,1304.4
2019-11-13 14:00:00,1292.0
2019-11-13 14:15:00,1288.72
2019-11-13 14:30:00,1285.04
2019-11-13 14:45:00,1281.68
2019-11-13 15:00:00,1288.48
2019-11-13 15:15:00,1284.56
2019-11-13 15:30:00,1280.32
2019-11-13 15:45:00,1275.76
2019-11-13 16:00:00,1280.64
2019-11-13 16:15:00,1284.8
2019-11-13 16:30:00,1295.28
2019-11-13 16:45:00,1314.8
2019-11-13 17:00:00,1334.08
2019-11-13 17:15:00,1341.36
2019-11-13 17:30:00,1343.04
2019-11-13 17:45:00,1341.12
2019-11-13 18:00:00,1338.48
2019-11-13 18:15:00,1330.4
2019-11-13 18:30:00,1322.24
2019-11-13 18:45:00,1320.72
2019-11-13 19:00:00,1307.52
2019-11-13 19:15:00,1296.08
2019-11-13 19:30:00,1285.68
2019-11-13 19:45:00,1267.68
2019-11-13 20:00:00,1249.92
2019-11-13 20:15:00,1226.96
2019-11-13 20:30:00,1207.6
2019-11-13 20:45:00,1192.08
2019-11-13 21:00:00,1176.8
2019-11-13 21:15:00,1159.76
2019-11-13 21:30:00,1141.2
2019-11-13 21:45:00,1120.32
2019-11-13 22:00:00,1111.84
2019-11-13 22:15:00,1092.96
2019-11-13 22:30:00,1068.4
2019-11-13 22:45:00,1051.84
2019-11-13 23:00:00,1030.48
2019-11-13 23:15:00,1005.2
2019-11-13 23:30:00,988.16
2019-11-13 23:45:00,977.2
2019-11-14 00:00:00,956.8
2019-11-14 00:15:00,943.2
2019-11-14 00:30:00,939.92
2019-11-14 00:45:00,927.92
2019-11-14 01:00:00,914.96
2019-11-14 01:15:00,908.32
2019-11-14 01:30:00,907.12
2019-11-14 01:45:00,898.8
2019-11-14 02:00:00,881.92
2019-11-14 02:15:00,879.04
2019-11-14 02:30:00,880.4
2019-11-14 02:45:00,884.96
2019-11-14 03:00:00,890.88
2019-11-14 03:15:00,890.96
2019-11-14 03:30:00,895.52
2019-11-14 03:45:00,898.8
2019-11-14 04:00:00,919.76
2019-11-14 04:15:00,922.16
2019-11-14 04:30:00,928.8
2019-11-14 04:45:00,940.16
2019-11-14 05:00:00,969.28
2019-11-14 05:15:00,982.72
2019-11-14 05:30:00,1001.52
2019-11-14 05:45:00,1029.6
2019-11-14 06:00:00,1090.48
2019-11-14 06:15:00,1139.28
2019-11-14 06:30:00,1181.68
2019-11-14 06:45:00,1216.64
2019-11-14 07:00:00,1253.44
2019-11-14 07:15:00,1271.04
2019-11-14 07:30:00,1276.72
2019-11-14 07:45:00,1284.4
2019-11-14 08:00:00,1295.04
2019-11-14 08:15:00,1306.4
2019-11-14 08:30:00,1311.2
2019-11-14 08:45:00,1316.4
2019-11-14 09:00:00,1294.48
2019-11-14 09:15:00,1291.6
2019-11-14 09:30:00,1301.04
2019-11-14 09:45:00,1303.2
2019-11-14 10:00:00,1320.64
2019-11-14 10:15:00,1319.52
2019-11-14 10:30:00,1320.24
2019-11-14 10:45:00,1320.4
2019-11-14 11:00:00,1318.64
2019-11-14 11:15:00,1321.28
2019-11-14 11:30:00,1321.76
2019-11-14 11:45:00,1324.8
2019-11-14 12:00:00,1326.32
2019-11-14 12:15:00,1320.8
2019-11-14 12:30:00,1323.04
2019-11-14 12:45:00,1324.08
2019-11-14 13:00:00,1312.24
2019-11-14 13:15:00,1296.72
2019-11-14 13:30:00,1279.2
2019-11-14 13:45:00,1267.28
2019-11-14 14:00:00,1278.16
2019-11-14 14:15:00,1282.72
2019-11-14 14:30:00,1276.4
2019-11-14 14:45:00,1277.52
2019-11-14 15:00:00,1278.8
2019-11-14 15:15:00,1272.72
2019-11-14 15:30:00,1265.84
2019-11-14 15:45:00,1264.4
2019-11-14 16:00:00,1263.28
2019-11-14 16:15:00,1269.36
2019-11-14 16:30:00,1286.64
2019-11-14 16:45:00,1310.32
2019-11-14 17:00:00,1337.04
2019-11-14 17:15:00,1347.28
2019-11-14 17:30:00,1350.32
2019-11-14 17:45:00,1349.44
2019-11-14 18:00:00,1347.28
2019-11-14 18:15:00,1344.0
2019-11-14 18:30:00,1346.8
2019-11-14 18:45:00,1344.24
2019-11-14 19:00:00,1347.52
2019-11-14 19:15:00,1335.92
2019-11-14 19:30:00,1324.48
2019-11-14 19:45:00,1308.16
2019-11-14 20:00:00,1280.08
2019-11-14 20:15:00,1258.32
2019-11-14 20:30:00,1240.4
2019-11-14 20:45:00,1218.24
2019-11-14 21:00:00,1200.72
2019-11-14 21:15:00,1188.96
2019-11-14 21:30:00,1170.8
2019-11-14 21:45:00,1151.6
2019-11-14 22:00:00,1143.28
2019-11-14 22:15:00,1131.92
2019-11-14 22:30:00,1114.4
2019-11-14 22:45:00,1097.68
2019-11-14 23:00:00,1074.72
2019-11-14 23:15:00,1055.68
2019-11-14 23:30:00,1044.64
2019-11-14 23:45:00,1027.12
2019-11-15 00:00:00,982.0
2019-11-15 00:15:00,970.96
2019-11-15 00:30:00,970.32
2019-11-15 00:45:00,962.48
2019-11-15 01:00:00,949.36
2019-11-15 01:15:00,937.92
2019-11-15 01:30:00,933.92
2019-11-15 01:45:00,927.2
2019-11-15 02:00:00,911.12
2019-11-15 02:15:00,908.48
2019-11-15 02:30:00,910.16
2019-11-15 02:45:00,910.88
2019-11-15 03:00:00,911.12
2019-11-15 03:15:00,916.32
2019-11-15 03:30:00,922.72
2019-11-15 03:45:00,928.4
2019-11-15 04:00:00,944.4
2019-11-15 04:15:00,955.36
2019-11-15 04:30:00,966.56
2019-11-15 04:45:00,972.96
2019-11-15 05:00:00,1005.84
2019-11-15 05:15:00,1019.6
2019-11-15 05:30:00,1042.96
2019-11-15 05:45:00,1065.68
2019-11-15 06:00:00,1117.28
2019-11-15 06:15:00,1164.64
2019-11-15 06:30:00,1198.64
2019-11-15 06:45:00,1237.84
2019-11-15 07:00:00,1280.56
2019-11-15 07:15:00,1295.04
2019-11-15 07:30:00,1310.88
2019-11-15 07:45:00,1324.8
2019-11-15 08:00:00,1342.4
2019-11-15 08:15:00,1358.16
2019-11-15 08:30:00,1361.76
2019-11-15 08:45:00,1364.56
2019-11-15 09:00:00,1358.72
2019-11-15 09:15:00,1361.44
2019-11-15 09:30:00,1360.4
2019-11-15 09:45:00,1362.64
2019-11-15 10:00:00,1362.0
2019-11-15 10:15:00,1360.0
2019-11-15 10:30:00,1361.04
2019-11-15 10:45:00,1344.08
2019-11-15 11:00:00,1330.08
2019-11-15 11:15:00,1331.92
2019-11-15 11:30:00,1345.68
2019-11-15 11:45:00,1351.6
2019-11-15 12:00:00,1355.28
2019-11-15 12:15:00,1345.28
2019-11-15 12:30:00,1338.88
2019-11-15 12:45:00,1332.4
2019-11-15 13:00:00,1329.2
2019-11-15 13:15:00,1318.96
2019-11-15 13:30:00,1301.76
2019-11-15 13:45:00,1280.64
2019-11-15 14:00:00,1282.8
2019-11-15 14:15:00,1280.16
2019-11-15 14:30:00,1276.4
2019-11-15 14:45:00,1270.96
2019-11-15 15:00:00,1273.44
2019-11-15 15:15:00,1268.8
2019-11-15 15:30:00,1261.12
2019-11-15 15:45:00,1258.96
2019-11-15 16:00:00,1264.56
2019-11-15 16:15:00,1265.92
2019-11-15 16:30:00,1276.32
2019-11-15 16:45:00,1295.12
2019-11-15 17:00:00,1313.2
2019-11-15 17:15:00,1317.6
2019-11-15 17:30:00,1320.56
2019-11-15 17:45:00,1319.6
2019-11-15 18:00:00,1313.52
2019-11-15 18:15:00,1302.56
2019-11-15 18:30:00,1293.6
2019-11-15 18:45:00,1283.92
2019-11-15 19:00:00,1268.0
2019-11-15 19:15:00,1250.08
2019-11-15 19:30:00,1238.24
2019-11-15 19:45:00,1221.44
2019-11-15 20:00:00,1190.16
2019-11-15 20:15:00,1163.04
2019-11-15 20:30:00,1140.88
2019-11-15 20:45:00,1125.76
2019-11-15 21:00:00,1116.4
2019-11-15 21:15:00,1095.76
2019-11-15 21:30:00,1081.28
2019-11-15 21:45:00,1069.6
2019-11-15 22:00:00,1070.4
2019-11-15 22:15:00,1048.08
2019-11-15 22:30:00,1027.52
2019-11-15 22:45:00,1012.88
2019-11-15 23:00:00,990.88
2019-11-15 23:15:00,972.48
2019-11-15 23:30:00,958.96
2019-11-15 23:45:00,948.0
2019-11-16 00:00:00,908.8
2019-11-16 00:15:00,894.64
2019-11-16 00:30:00,880.24
2019-11-16 00:45:00,871.84
2019-11-16 01:00:00,865.92
2019-11-16 01:15:00,856.24
2019-11-16 01:30:00,847.6
2019-11-16 01:45:00,842.48
2019-11-16 02:00:00,836.48
2019-11-16 02:15:00,831.36
2019-11-16 02:30:00,831.12
2019-11-16 02:45:00,830.08
2019-11-16 03:00:00,834.24
2019-11-16 03:15:00,836.8
2019-11-16 03:30:00,837.36
2019-11-16 03:45:00,838.56
2019-11-16 04:00:00,839.2
2019-11-16 04:15:00,839.6
2019-11-16 04:30:00,843.36
2019-11-16 04:45:00,837.6
2019-11-16 05:00:00,839.36
2019-11-16 05:15:00,832.8
2019-11-16 05:30:00,837.04
2019-11-16 05:45:00,839.36
2019-11-16 06:00:00,852.8
2019-11-16 06:15:00,865.92
2019-11-16 06:30:00,879.76
2019-11-16 06:45:00,894.88
2019-11-16 07:00:00,908.96
2019-11-16 07:15:00,920.32
2019-11-16 07:30:00,932.16
2019-11-16 07:45:00,944.88
2019-11-16 08:00:00,964.4
2019-11-16 08:15:00,990.56
2019-11-16 08:30:00,1006.32
2019-11-16 08:45:00,1027.44
2019-11-16 09:00:00,1049.52
2019-11-16 09:15:00,1066.08
2019-11-16 09:30:00,1079.36
2019-11-16 09:45:00,1083.2
2019-11-16 10:00:00,1091.6
2019-11-16 10:15:00,1098.4
2019-11-16 10:30:00,1097.76
2019-11-16 10:45:00,1095.2
2019-11-16 11:00:00,1111.6
2019-11-16 11:15:00,1118.4
2019-11-16 11:30:00,1125.84
2019-11-16 11:45:00,1122.72
2019-11-16 12:00:00,1126.48
2019-11-16 12:15:00,1128.08
2019-11-16 12:30:00,1118.24
2019-11-16 12:45:00,1111.52
2019-11-16 13:00:00,1097.84
2019-11-16 13:15:00,1094.0
2019-11-16 13:30:00,1088.88
2019-11-16 13:45:00,1082.24
2019-11-16 14:00:00,1072.16
2019-11-16 14:15:00,1063.76
2019-11-16 14:30:00,1067.28
2019-11-16 14:45:00,1061.84
2019-11-16 15:00:00,1070.72
2019-11-16 15:15:00,1063.76
2019-11-16 15:30:00,1069.52
2019-11-16 15:45:00,1067.92
2019-11-16 16:00:00,1067.12
2019-11-16 16:15:00,1070.8
2019-11-16 16:30:00,1091.68
2019-11-16 16:45:00,1113.28
2019-11-16 17:00:00,1141.12
2019-11-16 17:15:00,1152.0
2019-11-16 17:30:00,1156.08
2019-11-16 17:45:00,1163.44
2019-11-16 18:00:00,1164.08
2019-11-16 18:15:00,1162.32
2019-11-16 18:30:00,1158.96
2019-11-16 18:45:00,1150.64
2019-11-16 19:00:00,1152.72
2019-11-16 19:15:00,1138.88
2019-11-16 19:30:00,1128.24
2019-11-16 19:45:00,1121.44
2019-11-16 20:00:00,1090.24
2019-11-16 20:15:00,1064.72
2019-11-16 20:30:00,1048.8
2019-11-16 20:45:00,1037.92
2019-11-16 21:00:00,1024.16
2019-11-16 21:15:00,1011.76
2019-11-16 21:30:00,1003.36
2019-11-16 21:45:00,999.52
2019-11-16 22:00:00,988.32
2019-11-16 22:15:00,977.04
2019-11-16 22:30:00,961.6
2019-11-16 22:45:00,938.88
2019-11-16 23:00:00,911.04
2019-11-16 23:15:00,891.84
2019-11-16 23:30:00,879.12
2019-11-16 23:45:00,867.68
2019-11-17 00:00:00,845.52
2019-11-17 00:15:00,833.36
2019-11-17 00:30:00,823.12
2019-11-17 00:45:00,817.36
2019-11-17 01:00:00,805.6
2019-11-17 01:15:00,799.28
2019-11-17 01:30:00,794.96
2019-11-17 01:45:00,786.72
2019-11-17 02:00:00,782.08
2019-11-17 02:15:00,773.76
2019-11-17 02:30:00,773.36
2019-11-17 02:45:00,768.48
2019-11-17 03:00:00,768.32
2019-11-17 03:15:00,764.96
2019-11-17 03:30:00,766.4
2019-11-17 03:45:00,759.36
2019-11-17 04:00:00,769.76
2019-11-17 04:15:00,771.28
2019-11-17 04:30:00,773.76
2019-11-17 04:45:00,773.84
2019-11-17 05:00:00,770.8
2019-11-17 05:15:00,764.24
2019-11-17 05:30:00,763.44
2019-11-17 05:45:00,755.76
2019-11-17 06:00:00,742.64
2019-11-17 06:15:00,747.44
2019-11-17 06:30:00,751.2
2019-11-17 06:45:00,759.92
2019-11-17 07:00:00,782.4
2019-11-17 07:15:00,792.16
2019-11-17 07:30:00,802.24
2019-11-17 07:45:00,805.36
2019-11-17 08:00:00,830.24
2019-11-17 08:15:00,845.6
2019-11-17 08:30:00,868.64
2019-11-17 08:45:00,886.64
2019-11-17 09:00:00,903.28
2019-11-17 09:15:00,922.64
2019-11-17 09:30:00,933.6
2019-11-17 09:45:00,944.88
2019-11-17 10:00:00,954.16
2019-11-17 10:15:00,968.8
2019-11-17 10:30:00,984.16
2019-11-17 10:45:00,992.0
2019-11-17 11:00:00,1008.4
2019-11-17 11:15:00,1020.88
2019-11-17 11:30:00,1032.64
2019-11-17 11:45:00,1036.96
2019-11-17 12:00:00,1037.36
2019-11-17 12:15:00,1032.4
2019-11-17 12:30:00,1028.0
2019-11-17 12:45:00,1026.08
2019-11-17 13:00:00,1022.88
2019-11-17 13:15:00,1011.44
2019-11-17 13:30:00,1006.16
2019-11-17 13:45:00,999.04
2019-11-17 14:00:00,1000.64
2019-11-17 14:15:00,996.0
2019-11-17 14:30:00,992.32
2019-11-17 14:45:00,989.44
2019-11-17 15:00:00,992.08
2019-11-17 15:15:00,985.28
2019-11-17 15:30:00,991.84
2019-11-17 15:45:00,995.76
2019-11-17 16:00:00,1001.52
2019-11-17 16:15:00,1008.0
2019-11-17 16:30:00,1032.08
2019-11-17 16:45:00,1052.08
2019-11-17 17:00:00,1073.6
2019-11-17 17:15:00,1082.64
2019-11-17 17:30:00,1095.44
2019-11-17 17:45:00,1102.24
2019-11-17 18:00:00,1108.96
2019-11-17 18:15:00,1111.84
2019-11-17 18:30:00,1107.36
2019-11-17 18:45:00,1096.72
2019-11-17 19:00:00,1083.84
2019-11-17 19:15:00,1074.96
2019-11-17 19:30:00,1065.76
2019-11-17 19:45:00,1055.6
2019-11-17 20:00:00,1053.28
2019-11-17 20:15:00,1035.52
2019-11-17 20:30:00,1020.56
2019-11-17 20:45:00,1010.72
2019-11-17 21:00:00,1012.56
2019-11-17 21:15:00,1006.4
2019-11-17 21:30:00,1000.56
2019-11-17 21:45:00,1002.0
2019-11-17 22:00:00,1009.44
2019-11-17 22:15:00,1002.32
2019-11-17 22:30:00,984.64
2019-11-17 22:45:00,969.28
2019-11-17 23:00:00,942.08
2019-11-17 23:15:00,927.68
2019-11-17 23:30:00,918.56
2019-11-17 23:45:00,900.48
2019-11-18 00:00:00,874.72
2019-11-18 00:15:00,864.72
2019-11-18 00:30:00,855.04
2019-11-18 00:45:00,841.92
2019-11-18 01:00:00,831.44
2019-11-18 01:15:00,826.64
2019-11-18 01:30:00,821.68
2019-11-18 01:45:00,826.4
2019-11-18 02:00:00,812.88
2019-11-18 02:15:00,811.2
2019-11-18 02:30:00,810.08
2019-11-18 02:45:00,811.84
2019-11-18 03:00:00,806.16
2019-11-18 03:15:00,806.8
2019-11-18 03:30:00,814.24
2019-11-18 03:45:00,816.72
2019-11-18 04:00:00,835.04
2019-11-18 04:15:00,843.12
2019-11-18 04:30:00,858.4
2019-11-18 04:45:00,872.88
2019-11-18 05:00:00,909.76
2019-11-18 05:15:00,931.12
2019-11-18 05:30:00,959.68
2019-11-18 05:45:00,998.72
2019-11-18 06:00:00,1077.12
2019-11-18 06:15:00,1130.56
2019-11-18 06:30:00,1174.08
2019-11-18 06:45:00,1207.68
2019-11-18 07:00:00,1233.28
2019-11-18 07:15:00,1255.92
2019-11-18 07:30:00,1271.28
2019-11-18 07:45:00,1282.4
2019-11-18 08:00:00,1292.96
2019-11-18 08:15:00,1303.2
2019-11-18 08:30:00,1307.52
2019-11-18 08:45:00,1305.68
2019-11-18 09:00:00,1305.44
2019-11-18 09:15:00,1308.24
2019-11-18 09:30:00,1318.56
2019-11-18 09:45:00,1326.0
2019-11-18 10:00:00,1328.08
2019-11-18 10:15:00,1330.56
2019-11-18 10:30:00,1333.52
2019-11-18 10:45:00,1337.6
2019-11-18 11:00:00,1341.44
2019-11-18 11:15:00,1344.48
2019-11-18 11:30:00,1342.96
2019-11-18 11:45:00,1340.32
2019-11-18 12:00:00,1337.36
2019-11-18 12:15:00,1332.56
2019-11-18 12:30:00,1336.96
2019-11-18 12:45:00,1342.72
2019-11-18 13:00:00,1348.4
2019-11-18 13:15:00,1345.84
2019-11-18 13:30:00,1345.12
2019-11-18 13:45:00,1330.8
2019-11-18 14:00:00,1326.8
2019-11-18 14:15:00,1324.88
2019-11-18 14:30:00,1319.84
2019-11-18 14:45:00,1318.48
2019-11-18 15:00:00,1309.28
2019-11-18 15:15:00,1308.96
2019-11-18 15:30:00,1303.84
2019-11-18 15:45:00,1305.04
2019-11-18 16:00:00,1308.0
2019-11-18 16:15:00,1311.04
2019-11-18 16:30:00,1325.12
2019-11-18 16:45:00,1341.68
2019-11-18 17:00:00,1370.0
2019-11-18 17:15:00,1378.4
2019-11-18 17:30:00,1386.0
2019-11-18 17:45:00,1387.6
2019-11-18 18:00:00,1392.96
2019-11-18 18:15:00,1391.76
2019-11-18 18:30:00,1393.2
2019-11-18 18:45:00,1390.72
2019-11-18 19:00:00,1378.8
2019-11-18 19:15:00,1366.0
2019-11-18 19:30:00,1360.24
2019-11-18 19:45:00,1352.0
2019-11-18 20:00:00,1322.8
2019-11-18 20:15:00,1301.2
2019-11-18 20:30:00,1280.48
2019-11-18 20:45:00,1262.08
2019-11-18 21:00:00,1237.2
2019-11-18 21:15:00,1226.08
2019-11-18 21:30:00,1216.0
2019-11-18 21:45:00,1199.92
2019-11-18 22:00:00,1186.16
2019-11-18 22:15:00,1167.44
2019-11-18 22:30:00,1145.6
2019-11-18 22:45:00,1121.2
2019-11-18 23:00:00,1093.12
2019-11-18 23:15:00,1066.96
2019-11-18 23:30:00,1042.72
2019-11-18 23:45:00,1032.32
2019-11-19 00:00:00,1015.2
2019-11-19 00:15:00,1005.28
2019-11-19 00:30:00,994.4
2019-11-19 00:45:00,987.28
2019-11-19 01:00:00,976.88
2019-11-19 01:15:00,971.2
2019-11-19 01:30:00,965.76
2019-11-19 01:45:00,959.2
2019-11-19 02:00:00,954.88
2019-11-19 02:15:00,951.6
2019-11-19 02:30:00,952.32
2019-11-19 02:45:00,953.52
2019-11-19 03:00:00,961.44
2019-11-19 03:15:00,961.04
2019-11-19 03:30:00,964.24
2019-11-19 03:45:00,971.68
2019-11-19 04:00:00,982.48
2019-11-19 04:15:00,992.64
2019-11-19 04:30:00,1002.96
2019-11-19 04:45:00,1016.0
2019-11-19 05:00:00,1047.76
2019-11-19 05:15:00,1064.88
2019-11-19 05:30:00,1087.76
2019-11-19 05:45:00,1119.52
2019-11-19 06:00:00,1186.8
2019-11-19 06:15:00,1226.4
2019-11-19 06:30:00,1255.68
2019-11-19 06:45:00,1286.32
2019-11-19 07:00:00,1319.04
2019-11-19 07:15:00,1343.28
2019-11-19 07:30:00,1361.36
2019-11-19 07:45:00,1373.04
2019-11-19 08:00:00,1381.28
2019-11-19 08:15:00,1386.72
2019-11-19 08:30:00,1390.88
2019-11-19 08:45:00,1391.84
2019-11-19 09:00:00,1385.2
2019-11-19 09:15:00,1380.96
2019-11-19 09:30:00,1386.72
2019-11-19 09:45:00,1384.48
2019-11-19 10:00:00,1381.04
2019-11-19 10:15:00,1385.92
2019-11-19 10:30:00,1384.4
2019-11-19 10:45:00,1388.16
2019-11-19 11:00:00,1393.04
2019-11-19 11:15:00,1401.92
2019-11-19 11:30:00,1400.88
2019-11-19 11:45:00,1400.48
2019-11-19 12:00:00,1395.28
2019-11-19 12:15:00,1382.48
2019-11-19 12:30:00,1378.24
2019-11-19 12:45:00,1373.68
2019-11-19 13:00:00,1385.6
2019-11-19 13:15:00,1381.84
2019-11-19 13:30:00,1365.76
2019-11-19 13:45:00,1352.24
2019-11-19 14:00:00,1344.08
2019-11-19 14:15:00,1338.56
2019-11-19 14:30:00,1332.08
2019-11-19 14:45:00,1323.52
2019-11-19 15:00:00,1328.96
2019-11-19 15:15:00,1314.88
2019-11-19 15:30:00,1313.04
2019-11-19 15:45:00,1303.28
2019-11-19 16:00:00,1306.96
2019-11-19 16:15:00,1306.56
2019-11-19 16:30:00,1320.88
2019-11-19 16:45:00,1348.24
2019-11-19 17:00:00,1370.48
2019-11-19 17:15:00,1381.68
2019-11-19 17:30:00,1384.08
2019-11-19 17:45:00,1385.92
2019-11-19 18:00:00,1362.16
2019-11-19 18:15:00,1352.64
2019-11-19 18:30:00,1344.32
2019-11-19 18:45:00,1338.4
2019-11-19 19:00:00,1333.36
2019-11-19 19:15:00,1320.24
2019-11-19 19:30:00,1308.88
2019-11-19 19:45:00,1289.68
2019-11-19 20:00:00,1271.92
2019-11-19 20:15:00,1252.08
2019-11-19 20:30:00,1230.88
2019-11-19 20:45:00,1206.4
2019-11-19 21:00:00,1188.32
2019-11-19 21:15:00,1169.2
2019-11-19 21:30:00,1157.12
2019-11-19 21:45:00,1135.28
2019-11-19 22:00:00,1133.52
2019-11-19 22:15:00,1114.16
2019-11-19 22:30:00,1092.24
2019-11-19 22:45:00,1072.8
2019-11-19 23:00:00,1045.6
2019-11-19 23:15:00,1027.84
2019-11-19 23:30:00,1010.08
2019-11-19 23:45:00,987.92
2019-11-20 00:00:00,976.4
2019-11-20 00:15:00,964.8
2019-11-20 00:30:00,955.04
2019-11-20 00:45:00,944.0
2019-11-20 01:00:00,932.48
2019-11-20 01:15:00,925.12
2019-11-20 01:30:00,916.4
2019-11-20 01:45:00,914.08
2019-11-20 02:00:00,904.64
2019-11-20 02:15:00,903.84
2019-11-20 02:30:00,903.68
2019-11-20 02:45:00,902.96
2019-11-20 03:00:00,906.08
2019-11-20 03:15:00,905.28
2019-11-20 03:30:00,908.64
2019-11-20 03:45:00,914.4
2019-11-20 04:00:00,924.56
2019-11-20 04:15:00,934.56
2019-11-20 04:30:00,935.6
2019-11-20 04:45:00,949.84
2019-11-20 05:00:00,972.48
2019-11-20 05:15:00,982.96
2019-11-20 05:30:00,1006.8
2019-11-20 05:45:00,1031.84
2019-11-20 06:00:00,1085.84
2019-11-20 06:15:00,1126.96
2019-11-20 06:30:00,1167.52
2019-11-20 06:45:00,1200.4
2019-11-20 07:00:00,1242.64
2019-11-20 07:15:00,1271.12
2019-11-20 07:30:00,1282.88
2019-11-20 07:45:00,1295.28
2019-11-20 08:00:00,1309.04
2019-11-20 08:15:00,1315.6
2019-11-20 08:30:00,1322.64
2019-11-20 08:45:00,1322.56
2019-11-20 09:00:00,1318.48
2019-11-20 09:15:00,1323.68
2019-11-20 09:30:00,1335.36
2019-11-20 09:45:00,1340.72
2019-11-20 10:00:00,1342.4
2019-11-20 10:15:00,1345.12
2019-11-20 10:30:00,1352.8
2019-11-20 10:45:00,1356.96
2019-11-20 11:00:00,1362.64
2019-11-20 11:15:00,1364.56
2019-11-20 11:30:00,1364.16
2019-11-20 11:45:00,1360.96
2019-11-20 12:00:00,1359.04
2019-11-20 12:15:00,1354.08
2019-11-20 12:30:00,1352.8
2019-11-20 12:45:00,1347.76
2019-11-20 13:00:00,1350.32
2019-11-20 13:15:00,1342.72
2019-11-20 13:30:00,1339.6
2019-11-20 13:45:00,1332.64
2019-11-20 14:00:00,1312.32
2019-11-20 14:15:00,1305.52
2019-11-20 14:30:00,1305.04
2019-11-20 14:45:00,1307.52
2019-11-20 15:00:00,1305.76
2019-11-20 15:15:00,1303.28
2019-11-20 15:30:00,1299.12
2019-11-20 15:45:00,1291.76
2019-11-20 16:00:00,1305.36
2019-11-20 16:15:00,1313.44
2019-11-20 16:30:00,1325.2
2019-11-20 16:45:00,1339.92
2019-11-20 17:00:00,1348.56
2019-11-20 17:15:00,1354.8
2019-11-20 17:30:00,1354.48
2019-11-20 17:45:00,1353.6
2019-11-20 18:00:00,1355.84
2019-11-20 18:15:00,1350.32
2019-11-20 18:30:00,1347.12
2019-11-20 18:45:00,1342.48
2019-11-20 19:00:00,1332.0
2019-11-20 19:15:00,1317.92
2019-11-20 19:30:00,1304.56
2019-11-20 19:45:00,1288.08
2019-11-20 20:00:00,1261.68
2019-11-20 20:15:00,1237.52
2019-11-20 20:30:00,1216.16
2019-11-20 20:45:00,1196.24
2019-11-20 21:00:00,1183.6
2019-11-20 21:15:00,1172.72
2019-11-20 21:30:00,1152.24
2019-11-20 21:45:00,1134.08
2019-11-20 22:00:00,1122.56
2019-11-20 22:15:00,1106.08
2019-11-20 22:30:00,1085.84
2019-11-20 22:45:00,1071.04
2019-11-20 23:00:00,1048.72
2019-11-20 23:15:00,1028.72
2019-11-20 23:30:00,1008.48
2019-11-20 23:45:00,996.32
2019-11-21 00:00:00,979.44
2019-11-21 00:15:00,969.2
2019-11-21 00:30:00,956.96
2019-11-21 00:45:00,947.52
2019-11-21 01:00:00,937.76
2019-11-21 01:15:00,928.4
2019-11-21 01:30:00,924.64
2019-11-21 01:45:00,918.4
2019-11-21 02:00:00,904.4
2019-11-21 02:15:00,905.36
2019-11-21 02:30:00,907.84
2019-11-21 02:45:00,908.0
2019-11-21 03:00:00,915.36
2019-11-21 03:15:00,919.28
2019-11-21 03:30:00,919.84
2019-11-21 03:45:00,918.48
2019-11-21 04:00:00,932.16
2019-11-21 04:15:00,937.68
2019-11-21 04:30:00,945.84
2019-11-21 04:45:00,956.64
2019-11-21 05:00:00,987.92
2019-11-21 05:15:00,1005.2
2019-11-21 05:30:00,1020.64
2019-11-21 05:45:00,1054.56
2019-11-21 06:00:00,1108.24
2019-11-21 06:15:00,1154.0
2019-11-21 06:30:00,1192.32
2019-11-21 06:45:00,1226.88
2019-11-21 07:00:00,1265.68
2019-11-21 07:15:00,1283.52
2019-11-21 07:30:00,1298.8
2019-11-21 07:45:00,1306.88
2019-11-21 08:00:00,1326.64
2019-11-21 08:15:00,1334.96
2019-11-21 08:30:00,1338.8
2019-11-21 08:45:00,1337.84
2019-11-21 09:00:00,1330.24
2019-11-21 09:15:00,1332.8
2019-11-21 09:30:00,1340.8
2019-11-21 09:45:00,1341.6
2019-11-21 10:00:00,1346.0
2019-11-21 10:15:00,1344.56
2019-11-21 10:30:00,1348.24
2019-11-21 10:45:00,1353.84
2019-11-21 11:00:00,1356.4
2019-11-21 11:15:00,1358.56
2019-11-21 11:30:00,1359.2
2019-11-21 11:45:00,1352.4
2019-11-21 12:00:00,1346.8
2019-11-21 12:15:00,1341.28
2019-11-21 12:30:00,1340.88
2019-11-21 12:45:00,1339.2
2019-11-21 13:00:00,1346.16
2019-11-21 13:15:00,1340.0
2019-11-21 13:30:00,1333.2
2019-11-21 13:45:00,1321.04
2019-11-21 14:00:00,1317.6
2019-11-21 14:15:00,1321.6
2019-11-21 14:30:00,1319.12
2019-11-21 14:45:00,1317.04
2019-11-21 15:00:00,1318.56
2019-11-21 15:15:00,1316.96
2019-11-21 15:30:00,1317.12
2019-11-21 15:45:00,1313.28
2019-11-21 16:00:00,1315.44
2019-11-21 16:15:00,1324.96
2019-11-21 16:30:00,1336.88
2019-11-21 16:45:00,1356.56
2019-11-21 17:00:00,1373.52
2019-11-21 17:15:00,1381.2
2019-11-21 17:30:00,1381.44
2019-11-21 17:45:00,1381.68
2019-11-21 18:00:00,1375.92
2019-11-21 18:15:00,1369.36
2019-11-21 18:30:00,1360.64
2019-11-21 18:45:00,1350.88
2019-11-21 19:00:00,1335.76
2019-11-21 19:15:00,1319.84
2019-11-21 19:30:00,1308.32
2019-11-21 19:45:00,1299.04
2019-11-21 20:00:00,1276.0
2019-11-21 20:15:00,1250.8
2019-11-21 20:30:00,1227.52
2019-11-21 20:45:00,1208.96
2019-11-21 21:00:00,1196.88
2019-11-21 21:15:00,1184.88
2019-11-21 21:30:00,1167.76
2019-11-21 21:45:00,1147.36
2019-11-21 22:00:00,1138.32
2019-11-21 22:15:00,1128.4
2019-11-21 22:30:00,1108.4
2019-11-21 22:45:00,1091.2
2019-11-21 23:00:00,1073.28
2019-11-21 23:15:00,1053.28
2019-11-21 23:30:00,1033.12
2019-11-21 23:45:00,1019.92
2019-11-22 00:00:00,999.44
2019-11-22 00:15:00,986.4
2019-11-22 00:30:00,979.92
2019-11-22 00:45:00,971.44
2019-11-22 01:00:00,958.0
2019-11-22 01:15:00,946.48
2019-11-22 01:30:00,940.88
2019-11-22 01:45:00,932.32
2019-11-22 02:00:00,930.48
2019-11-22 02:15:00,928.64
2019-11-22 02:30:00,927.52
2019-11-22 02:45:00,930.8
2019-11-22 03:00:00,925.68
2019-11-22 03:15:00,925.04
2019-11-22 03:30:00,929.76
2019-11-22 03:45:00,933.6
2019-11-22 04:00:00,944.88
2019-11-22 04:15:00,948.96
2019-11-22 04:30:00,963.36
2019-11-22 04:45:00,977.92
2019-11-22 05:00:00,1000.8
2019-11-22 05:15:00,1014.8
2019-11-22 05:30:00,1036.16
2019-11-22 05:45:00,1067.04
2019-11-22 06:00:00,1126.0
2019-11-22 06:15:00,1168.32
2019-11-22 06:30:00,1203.04
2019-11-22 06:45:00,1239.28
2019-11-22 07:00:00,1270.88
2019-11-22 07:15:00,1294.64
2019-11-22 07:30:00,1310.56
2019-11-22 07:45:00,1320.32
2019-11-22 08:00:00,1326.0
2019-11-22 08:15:00,1334.64
2019-11-22 08:30:00,1335.6
2019-11-22 08:45:00,1337.36
2019-11-22 09:00:00,1332.16
2019-11-22 09:15:00,1340.8
2019-11-22 09:30:00,1343.68
2019-11-22 09:45:00,1345.92
2019-11-22 10:00:00,1347.04
2019-11-22 10:15:00,1352.0
2019-11-22 10:30:00,1352.8
2019-11-22 10:45:00,1350.56
2019-11-22 11:00:00,1355.52
2019-11-22 11:15:00,1356.8
2019-11-22 11:30:00,1358.96
2019-11-22 11:45:00,1348.72
2019-11-22 12:00:00,1346.64
2019-11-22 12:15:00,1342.8
2019-11-22 12:30:00,1338.4
2019-11-22 12:45:00,1335.36
2019-11-22 13:00:00,1336.48
2019-11-22 13:15:00,1321.68
2019-11-22 13:30:00,1310.08
2019-11-22 13:45:00,1297.36
2019-11-22 14:00:00,1284.08
2019-11-22 14:15:00,1283.76
2019-11-22 14:30:00,1280.72
2019-11-22 14:45:00,1273.2
2019-11-22 15:00:00,1265.04
2019-11-22 15:15:00,1257.2
2019-11-22 15:30:00,1255.6
2019-11-22 15:45:00,1252.48
2019-11-22 16:00:00,1262.08
2019-11-22 16:15:00,1277.84
2019-11-22 16:30:00,1292.96
2019-11-22 16:45:00,1320.0
2019-11-22 17:00:00,1339.28
2019-11-22 17:15:00,1340.48
2019-11-22 17:30:00,1342.08
2019-11-22 17:45:00,1340.8
2019-11-22 18:00:00,1348.48
2019-11-22 18:15:00,1339.12
2019-11-22 18:30:00,1331.52
2019-11-22 18:45:00,1325.28
2019-11-22 19:00:00,1312.48
2019-11-22 19:15:00,1297.28
2019-11-22 19:30:00,1286.16
2019-11-22 19:45:00,1267.28
2019-11-22 20:00:00,1239.6
2019-11-22 20:15:00,1213.76
2019-11-22 20:30:00,1191.04
2019-11-22 20:45:00,1180.0
2019-11-22 21:00:00,1164.56
2019-11-22 21:15:00,1155.36
2019-11-22 21:30:00,1145.76
2019-11-22 21:45:00,1125.04
2019-11-22 22:00:00,1107.84
2019-11-22 22:15:00,1090.8
2019-11-22 22:30:00,1076.32
2019-11-22 22:45:00,1057.92
2019-11-22 23:00:00,1040.88
2019-11-22 23:15:00,1018.48
2019-11-22 23:30:00,1000.08
2019-11-22 23:45:00,984.72
2019-11-23 00:00:00,962.32
2019-11-23 00:15:00,950.08
2019-11-23 00:30:00,934.4
2019-11-23 00:45:00,923.84
2019-11-23 01:00:00,897.92
2019-11-23 01:15:00,887.84
2019-11-23 01:30:00,877.04
2019-11-23 01:45:00,874.56
2019-11-23 02:00:00,867.12
2019-11-23 02:15:00,867.92
2019-11-23 02:30:00,863.28
2019-11-23 02:45:00,859.44
2019-11-23 03:00:00,863.84
2019-11-23 03:15:00,863.76
2019-11-23 03:30:00,865.6
2019-11-23 03:45:00,868.24
2019-11-23 04:00:00,869.84
2019-11-23 04:15:00,869.12
2019-11-23 04:30:00,867.12
2019-11-23 04:45:00,866.16
2019-11-23 05:00:00,871.68
2019-11-23 05:15:00,868.72
2019-11-23 05:30:00,870.96
2019-11-23 05:45:00,881.36
2019-11-23 06:00:00,890.32
2019-11-23 06:15:00,898.88
2019-11-23 06:30:00,909.28
2019-11-23 06:45:00,925.04
2019-11-23 07:00:00,958.08
2019-11-23 07:15:00,979.04
2019-11-23 07:30:00,994.08
2019-11-23 07:45:00,1004.16
2019-11-23 08:00:00,1027.92
2019-11-23 08:15:00,1042.0
2019-11-23 08:30:00,1059.76
2019-11-23 08:45:00,1077.68
2019-11-23 09:00:00,1094.16
2019-11-23 09:15:00,1102.48
2019-11-23 09:30:00,1110.16
2019-11-23 09:45:00,1119.28
2019-11-23 10:00:00,1123.92
2019-11-23 10:15:00,1127.6
2019-11-23 10:30:00,1131.84
2019-11-23 10:45:00,1134.08
2019-11-23 11:00:00,1135.04
2019-11-23 11:15:00,1135.04
2019-11-23 11:30:00,1139.92
2019-11-23 11:45:00,1138.32
2019-11-23 12:00:00,1131.84
2019-11-23 12:15:00,1129.2
2019-11-23 12:30:00,1120.4
2019-11-23 12:45:00,1111.2
2019-11-23 13:00:00,1096.72
2019-11-23 13:15:00,1086.64
2019-11-23 13:30:00,1078.96
2019-11-23 13:45:00,1066.16
2019-11-23 14:00:00,1062.8
2019-11-23 14:15:00,1057.04
2019-11-23 14:30:00,1053.36
2019-11-23 14:45:00,1050.64
2019-11-23 15:00:00,1056.72
2019-11-23 15:15:00,1060.24
2019-11-23 15:30:00,1062.4
2019-11-23 15:45:00,1069.84
2019-11-23 16:00:00,1083.92
2019-11-23 16:15:00,1103.76
2019-11-23 16:30:00,1124.0
2019-11-23 16:45:00,1142.08
2019-11-23 17:00:00,1155.04
2019-11-23 17:15:00,1161.44
2019-11-23 17:30:00,1168.24
2019-11-23 17:45:00,1170.8
2019-11-23 18:00:00,1174.64
2019-11-23 18:15:00,1166.56
2019-11-23 18:30:00,1156.72
2019-11-23 18:45:00,1147.44
2019-11-23 19:00:00,1140.96
2019-11-23 19:15:00,1128.0
2019-11-23 19:30:00,1115.84
2019-11-23 19:45:00,1096.96
2019-11-23 20:00:00,1071.84
2019-11-23 20:15:00,1051.52
2019-11-23 20:30:00,1032.96
2019-11-23 20:45:00,1015.84
2019-11-23 21:00:00,1000.32
2019-11-23 21:15:00,995.28
2019-11-23 21:30:00,984.8
2019-11-23 21:45:00,979.12
2019-11-23 22:00:00,981.28
2019-11-23 22:15:00,974.72
2019-11-23 22:30:00,960.88
2019-11-23 22:45:00,949.28
2019-11-23 23:00:00,929.92
2019-11-23 23:15:00,913.84
2019-11-23 23:30:00,900.32
2019-11-23 23:45:00,888.96
2019-11-24 00:00:00,868.32
2019-11-24 00:15:00,854.0
2019-11-24 00:30:00,845.6
2019-11-24 00:45:00,834.96
2019-11-24 01:00:00,823.76
2019-11-24 01:15:00,809.76
2019-11-24 01:30:00,800.08
2019-11-24 01:45:00,798.8
2019-11-24 02:00:00,796.48
2019-11-24 02:15:00,794.16
2019-11-24 02:30:00,788.56
2019-11-24 02:45:00,789.92
2019-11-24 03:00:00,790.4
2019-11-24 03:15:00,786.08
2019-11-24 03:30:00,783.52
2019-11-24 03:45:00,789.76
2019-11-24 04:00:00,796.56
2019-11-24 04:15:00,792.96
2019-11-24 04:30:00,794.16
2019-11-24 04:45:00,794.24
2019-11-24 05:00:00,786.72
2019-11-24 05:15:00,777.84
2019-11-24 05:30:00,775.76
2019-11-24 05:45:00,767.52
2019-11-24 06:00:00,766.96
2019-11-24 06:15:00,771.44
2019-11-24 06:30:00,774.16
2019-11-24 06:45:00,780.56
2019-11-24 07:00:00,796.8
2019-11-24 07:15:00,805.68
2019-11-24 07:30:00,814.8
2019-11-24 07:45:00,825.68
2019-11-24 08:00:00,850.96
2019-11-24 08:15:00,873.44
2019-11-24 08:30:00,891.04
2019-11-24 08:45:00,904.08
2019-11-24 09:00:00,916.64
2019-11-24 09:15:00,936.64
2019-11-24 09:30:00,943.04
2019-11-24 09:45:00,949.36
2019-11-24 10:00:00,971.2
2019-11-24 10:15:00,985.6
2019-11-24 10:30:00,990.16
2019-11-24 10:45:00,997.52
2019-11-24 11:00:00,1007.12
2019-11-24 11:15:00,1019.04
2019-11-24 11:30:00,1022.4
2019-11-24 11:45:00,1023.44
2019-11-24 12:00:00,1017.68
2019-11-24 12:15:00,1011.44
2019-11-24 12:30:00,994.96
2019-11-24 12:45:00,979.44
2019-11-24 13:00:00,974.64
2019-11-24 13:15:00,961.04
2019-11-24 13:30:00,959.36
2019-11-24 13:45:00,949.28
2019-11-24 14:00:00,950.32
2019-11-24 14:15:00,948.4
2019-11-24 14:30:00,945.36
2019-11-24 14:45:00,937.2
2019-11-24 15:00:00,947.6
2019-11-24 15:15:00,940.96
2019-11-24 15:30:00,946.24
2019-11-24 15:45:00,944.56
2019-11-24 16:00:00,960.56
2019-11-24 16:15:00,976.24
2019-11-24 16:30:00,1002.24
2019-11-24 16:45:00,1026.72
2019-11-24 17:00:00,1056.48
2019-11-24 17:15:00,1068.4
2019-11-24 17:30:00,1080.24
2019-11-24 17:45:00,1085.28
2019-11-24 18:00:00,1088.56
2019-11-24 18:15:00,1084.16
2019-11-24 18:30:00,1074.56
2019-11-24 18:45:00,1070.4
2019-11-24 19:00:00,1047.6
2019-11-24 19:15:00,1033.84
2019-11-24 19:30:00,1025.84
2019-11-24 19:45:00,1014.32
2019-11-24 20:00:00,1000.88
2019-11-24 20:15:00,985.76
2019-11-24 20:30:00,966.56
2019-11-24 20:45:00,956.88
2019-11-24 21:00:00,954.4
2019-11-24 21:15:00,946.56
2019-11-24 21:30:00,941.92
2019-11-24 21:45:00,940.0
2019-11-24 22:00:00,944.4
2019-11-24 22:15:00,934.0
2019-11-24 22:30:00,920.08
2019-11-24 22:45:00,905.04
2019-11-24 23:00:00,889.12
2019-11-24 23:15:00,874.08
2019-11-24 23:30:00,863.28
2019-11-24 23:45:00,847.84
2019-11-25 00:00:00,836.64
2019-11-25 00:15:00,829.84
2019-11-25 00:30:00,819.12
2019-11-25 00:45:00,806.4
2019-11-25 01:00:00,815.84
2019-11-25 01:15:00,813.68
2019-11-25 01:30:00,809.12
2019-11-25 01:45:00,802.16
2019-11-25 02:00:00,795.92
2019-11-25 02:15:00,797.28
2019-11-25 02:30:00,799.6
2019-11-25 02:45:00,800.88
2019-11-25 03:00:00,806.32
2019-11-25 03:15:00,806.88
2019-11-25 03:30:00,812.56
2019-11-25 03:45:00,819.92
2019-11-25 04:00:00,831.2
2019-11-25 04:15:00,840.16
2019-11-25 04:30:00,854.32
2019-11-25 04:45:00,867.28
2019-11-25 05:00:00,893.92
2019-11-25 05:15:00,909.76
2019-11-25 05:30:00,941.6
2019-11-25 05:45:00,974.96
2019-11-25 06:00:00,1039.52
2019-11-25 06:15:00,1088.56
2019-11-25 06:30:00,1133.84
2019-11-25 06:45:00,1172.88
2019-11-25 07:00:00,1226.96
2019-11-25 07:15:00,1244.72
2019-11-25 07:30:00,1270.8
2019-11-25 07:45:00,1277.6
2019-11-25 08:00:00,1294.72
2019-11-25 08:15:00,1301.36
2019-11-25 08:30:00,1308.96
2019-11-25 08:45:00,1313.12
2019-11-25 09:00:00,1305.84
2019-11-25 09:15:00,1310.4
2019-11-25 09:30:00,1317.6
2019-11-25 09:45:00,1320.32
2019-11-25 10:00:00,1329.76
2019-11-25 10:15:00,1330.72
2019-11-25 10:30:00,1334.56
2019-11-25 10:45:00,1335.84
2019-11-25 11:00:00,1342.32
2019-11-25 11:15:00,1348.24
2019-11-25 11:30:00,1352.0
2019-11-25 11:45:00,1350.8
2019-11-25 12:00:00,1344.56
2019-11-25 12:15:00,1343.04
2019-11-25 12:30:00,1342.4
2019-11-25 12:45:00,1343.52
2019-11-25 13:00:00,1351.04
2019-11-25 13:15:00,1345.92
2019-11-25 13:30:00,1339.6
2019-11-25 13:45:00,1329.52
2019-11-25 14:00:00,1322.24
2019-11-25 14:15:00,1322.08
2019-11-25 14:30:00,1318.96
2019-11-25 14:45:00,1314.88
2019-11-25 15:00:00,1322.4
2019-11-25 15:15:00,1317.12
2019-11-25 15:30:00,1312.32
2019-11-25 15:45:00,1307.68
2019-11-25 16:00:00,1307.68
2019-11-25 16:15:00,1315.12
2019-11-25 16:30:00,1327.84
2019-11-25 16:45:00,1336.32
2019-11-25 17:00:00,1342.72
2019-11-25 17:15:00,1345.84
2019-11-25 17:30:00,1351.12
2019-11-25 17:45:00,1346.24
2019-11-25 18:00:00,1347.52
2019-11-25 18:15:00,1340.88
2019-11-25 18:30:00,1336.08
2019-11-25 18:45:00,1327.76
2019-11-25 19:00:00,1322.0
2019-11-25 19:15:00,1304.16
2019-11-25 19:30:00,1292.08
2019-11-25 19:45:00,1284.24
2019-11-25 20:00:00,1263.52
2019-11-25 20:15:00,1237.84
2019-11-25 20:30:00,1217.36
2019-11-25 20:45:00,1197.92
2019-11-25 21:00:00,1182.08
2019-11-25 21:15:00,1167.76
2019-11-25 21:30:00,1145.84
2019-11-25 21:45:00,1128.16
2019-11-25 22:00:00,1124.56
2019-11-25 22:15:00,1109.04
2019-11-25 22:30:00,1086.16
2019-11-25 22:45:00,1065.12
2019-11-25 23:00:00,1042.64
2019-11-25 23:15:00,1019.36
2019-11-25 23:30:00,993.68
2019-11-25 23:45:00,978.24
2019-11-26 00:00:00,966.48
2019-11-26 00:15:00,950.88
2019-11-26 00:30:00,940.08
2019-11-26 00:45:00,928.72
2019-11-26 01:00:00,914.96
2019-11-26 01:15:00,912.72
2019-11-26 01:30:00,903.68
2019-11-26 01:45:00,901.2
2019-11-26 02:00:00,896.8
2019-11-26 02:15:00,891.92
2019-11-26 02:30:00,890.48
2019-11-26 02:45:00,893.28
2019-11-26 03:00:00,900.4
2019-11-26 03:15:00,904.8
2019-11-26 03:30:00,909.6
2019-11-26 03:45:00,912.16
2019-11-26 04:00:00,927.44
2019-11-26 04:15:00,928.88
2019-11-26 04:30:00,941.04
2019-11-26 04:45:00,950.24
2019-11-26 05:00:00,981.2
2019-11-26 05:15:00,996.96
2019-11-26 05:30:00,1015.92
2019-11-26 05:45:00,1047.84
2019-11-26 06:00:00,1105.6
2019-11-26 06:15:00,1152.56
2019-11-26 06:30:00,1192.4
2019-11-26 06:45:00,1231.44
2019-11-26 07:00:00,1271.44
2019-11-26 07:15:00,1293.44
2019-11-26 07:30:00,1312.8
2019-11-26 07:45:00,1324.48
2019-11-26 08:00:00,1333.2
2019-11-26 08:15:00,1334.56
2019-11-26 08:30:00,1335.76
2019-11-26 08:45:00,1339.76
2019-11-26 09:00:00,1327.68
2019-11-26 09:15:00,1328.72
2019-11-26 09:30:00,1336.56
2019-11-26 09:45:00,1341.6
2019-11-26 10:00:00,1343.6
2019-11-26 10:15:00,1339.6
2019-11-26 10:30:00,1343.12
2019-11-26 10:45:00,1352.24
2019-11-26 11:00:00,1355.68
2019-11-26 11:15:00,1356.88
2019-11-26 11:30:00,1360.72
2019-11-26 11:45:00,1359.92
2019-11-26 12:00:00,1354.48
2019-11-26 12:15:00,1353.44
2019-11-26 12:30:00,1350.24
2019-11-26 12:45:00,1345.52
2019-11-26 13:00:00,1341.6
2019-11-26 13:15:00,1342.96
2019-11-26 13:30:00,1337.52
2019-11-26 13:45:00,1324.0
2019-11-26 14:00:00,1324.88
2019-11-26 14:15:00,1327.44
2019-11-26 14:30:00,1321.92
2019-11-26 14:45:00,1314.64
2019-11-26 15:00:00,1314.96
2019-11-26 15:15:00,1312.32
2019-11-26 15:30:00,1310.8
2019-11-26 15:45:00,1306.48
2019-11-26 16:00:00,1317.6
2019-11-26 16:15:00,1330.32
2019-11-26 16:30:00,1342.8
2019-11-26 16:45:00,1355.36
2019-11-26 17:00:00,1368.24
2019-11-26 17:15:00,1376.48
2019-11-26 17:30:00,1380.8
2019-11-26 17:45:00,1378.48
2019-11-26 18:00:00,1375.6
2019-11-26 18:15:00,1368.32
2019-11-26 18:30:00,1367.84
2019-11-26 18:45:00,1360.56
2019-11-26 19:00:00,1344.48
2019-11-26 19:15:00,1332.96
2019-11-26 19:30:00,1326.32
2019-11-26 19:45:00,1318.88
2019-11-26 20:00:00,1293.92
2019-11-26 20:15:00,1267.92
2019-11-26 20:30:00,1252.96
2019-11-26 20:45:00,1235.12
2019-11-26 21:00:00,1217.12
2019-11-26 21:15:00,1198.88
2019-11-26 21:30:00,1177.92
2019-11-26 21:45:00,1154.08
2019-11-26 22:00:00,1133.28
2019-11-26 22:15:00,1114.88
2019-11-26 22:30:00,1096.72
2019-11-26 22:45:00,1073.04
2019-11-26 23:00:00,1041.6
2019-11-26 23:15:00,1018.24
2019-11-26 23:30:00,993.12
2019-11-26 23:45:00,982.56
2019-11-27 00:00:00,961.92
2019-11-27 00:15:00,947.52
2019-11-27 00:30:00,941.92
2019-11-27 00:45:00,930.56
2019-11-27 01:00:00,907.92
2019-11-27 01:15:00,896.48
2019-11-27 01:30:00,892.64
2019-11-27 01:45:00,895.36
2019-11-27 02:00:00,887.76
2019-11-27 02:15:00,883.84
2019-11-27 02:30:00,882.08
2019-11-27 02:45:00,888.72
2019-11-27 03:00:00,899.04
2019-11-27 03:15:00,901.92
2019-11-27 03:30:00,899.52
2019-11-27 03:45:00,904.72
2019-11-27 04:00:00,916.8
2019-11-27 04:15:00,926.88
2019-11-27 04:30:00,935.36
2019-11-27 04:45:00,946.8
2019-11-27 05:00:00,980.32
2019-11-27 05:15:00,997.28
2019-11-27 05:30:00,1017.92
2019-11-27 05:45:00,1042.48
2019-11-27 06:00:00,1106.72
2019-11-27 06:15:00,1156.32
2019-11-27 06:30:00,1199.84
2019-11-27 06:45:00,1232.56
2019-11-27 07:00:00,1278.32
2019-11-27 07:15:00,1307.04
2019-11-27 07:30:00,1324.88
2019-11-27 07:45:00,1336.0
2019-11-27 08:00:00,1355.04
2019-11-27 08:15:00,1370.0
2019-11-27 08:30:00,1380.72
2019-11-27 08:45:00,1383.68
2019-11-27 09:00:00,1382.4
2019-11-27 09:15:00,1392.0
2019-11-27 09:30:00,1403.2
2019-11-27 09:45:00,1403.2
2019-11-27 10:00:00,1403.76
2019-11-27 10:15:00,1410.64
2019-11-27 10:30:00,1416.16
2019-11-27 10:45:00,1417.44
2019-11-27 11:00:00,1418.8
2019-11-27 11:15:00,1424.08
2019-11-27 11:30:00,1425.04
2019-11-27 11:45:00,1419.76
2019-11-27 12:00:00,1407.28
2019-11-27 12:15:00,1405.92
2019-11-27 12:30:00,1408.0
2019-11-27 12:45:00,1405.2
2019-11-27 13:00:00,1407.36
2019-11-27 13:15:00,1406.0
2019-11-27 13:30:00,1401.68
2019-11-27 13:45:00,1393.2
2019-11-27 14:00:00,1388.16
2019-11-27 14:15:00,1391.12
2019-11-27 14:30:00,1381.2
2019-11-27 14:45:00,1369.68
2019-11-27 15:00:00,1369.44
2019-11-27 15:15:00,1366.8
2019-11-27 15:30:00,1362.0
2019-11-27 15:45:00,1359.76
2019-11-27 16:00:00,1367.28
2019-11-27 16:15:00,1378.56
2019-11-27 16:30:00,1390.88
2019-11-27 16:45:00,1400.72
2019-11-27 17:00:00,1419.44
2019-11-27 17:15:00,1420.4
2019-11-27 17:30:00,1422.88
2019-11-27 17:45:00,1414.64
2019-11-27 18:00:00,1412.64
2019-11-27 18:15:00,1411.12
2019-11-27 18:30:00,1408.48
2019-11-27 18:45:00,1404.32
2019-11-27 19:00:00,1384.48
2019-11-27 19:15:00,1372.16
2019-11-27 19:30:00,1361.68
2019-11-27 19:45:00,1350.48
2019-11-27 20:00:00,1316.0
2019-11-27 20:15:00,1294.16
2019-11-27 20:30:00,1269.2
2019-11-27 20:45:00,1252.72
2019-11-27 21:00:00,1230.08
2019-11-27 21:15:00,1208.8
2019-11-27 21:30:00,1186.64
2019-11-27 21:45:00,1172.08
2019-11-27 22:00:00,1166.72
2019-11-27 22:15:00,1149.76
2019-11-27 22:30:00,1125.68
2019-11-27 22:45:00,1102.16
2019-11-27 23:00:00,1073.84
2019-11-27 23:15:00,1048.8
2019-11-27 23:30:00,1037.12
2019-11-27 23:45:00,1024.88
2019-11-28 00:00:00,997.44
2019-11-28 00:15:00,980.16
2019-11-28 00:30:00,965.04
2019-11-28 00:45:00,954.4
2019-11-28 01:00:00,948.88
2019-11-28 01:15:00,944.24
2019-11-28 01:30:00,940.24
2019-11-28 01:45:00,931.52
2019-11-28 02:00:00,922.88
2019-11-28 02:15:00,925.04
2019-11-28 02:30:00,927.44
2019-11-28 02:45:00,931.28
2019-11-28 03:00:00,933.68
2019-11-28 03:15:00,936.72
2019-11-28 03:30:00,934.56
2019-11-28 03:45:00,941.04
2019-11-28 04:00:00,952.8
2019-11-28 04:15:00,964.56
2019-11-28 04:30:00,980.8
2019-11-28 04:45:00,993.76
2019-11-28 05:00:00,1022.96
2019-11-28 05:15:00,1038.16
2019-11-28 05:30:00,1068.64
2019-11-28 05:45:00,1101.52
2019-11-28 06:00:00,1152.0
2019-11-28 06:15:00,1201.92
2019-11-28 06:30:00,1240.24
2019-11-28 06:45:00,1277.04
2019-11-28 07:00:00,1302.64
2019-11-28 07:15:00,1331.68
2019-11-28 07:30:00,1352.96
2019-11-28 07:45:00,1362.8
2019-11-28 08:00:00,1370.8
2019-11-28 08:15:00,1376.32
2019-11-28 08:30:00,1378.4
2019-11-28 08:45:00,1374.96
2019-11-28 09:00:00,1367.68
2019-11-28 09:15:00,1373.28
2019-11-28 09:30:00,1377.04
2019-11-28 09:45:00,1376.56
2019-11-28 10:00:00,1385.2
2019-11-28 10:15:00,1390.24
2019-11-28 10:30:00,1394.88
2019-11-28 10:45:00,1408.96
2019-11-28 11:00:00,1408.88
2019-11-28 11:15:00,1408.64
2019-11-28 11:30:00,1413.6
2019-11-28 11:45:00,1414.08
2019-11-28 12:00:00,1402.8
2019-11-28 12:15:00,1402.16
2019-11-28 12:30:00,1398.8
2019-11-28 12:45:00,1406.88
2019-11-28 13:00:00,1408.4
2019-11-28 13:15:00,1403.2
2019-11-28 13:30:00,1397.68
2019-11-28 13:45:00,1384.24
2019-11-28 14:00:00,1378.8
2019-11-28 14:15:00,1383.28
2019-11-28 14:30:00,1379.2
2019-11-28 14:45:00,1380.32
2019-11-28 15:00:00,1380.32
2019-11-28 15:15:00,1372.0
2019-11-28 15:30:00,1371.44
2019-11-28 15:45:00,1369.68
2019-11-28 16:00:00,1373.04
2019-11-28 16:15:00,1376.48
2019-11-28 16:30:00,1388.4
2019-11-28 16:45:00,1403.44
2019-11-28 17:00:00,1406.24
2019-11-28 17:15:00,1414.32
2019-11-28 17:30:00,1413.52
2019-11-28 17:45:00,1415.44
2019-11-28 18:00:00,1404.8
2019-11-28 18:15:00,1392.32
2019-11-28 18:30:00,1383.84
2019-11-28 18:45:00,1381.28
2019-11-28 19:00:00,1373.84
2019-11-28 19:15:00,1360.56
2019-11-28 19:30:00,1351.6
2019-11-28 19:45:00,1336.88
2019-11-28 20:00:00,1318.32
2019-11-28 20:15:00,1295.36
2019-11-28 20:30:00,1277.76
2019-11-28 20:45:00,1251.76
2019-11-28 21:00:00,1224.4
2019-11-28 21:15:00,1205.04
2019-11-28 21:30:00,1180.08
2019-11-28 21:45:00,1162.16
2019-11-28 22:00:00,1158.88
2019-11-28 22:15:00,1142.88
2019-11-28 22:30:00,1122.4
2019-11-28 22:45:00,1104.08
2019-11-28 23:00:00,1085.12
2019-11-28 23:15:00,1071.2
2019-11-28 23:30:00,1051.44
2019-11-28 23:45:00,1025.04
2019-11-29 00:00:00,1004.08
2019-11-29 00:15:00,987.6
2019-11-29 00:30:00,965.12
2019-11-29 00:45:00,948.0
2019-11-29 01:00:00,936.96
2019-11-29 01:15:00,932.16
2019-11-29 01:30:00,923.84
2019-11-29 01:45:00,911.92
2019-11-29 02:00:00,908.4
2019-11-29 02:15:00,905.36
2019-11-29 02:30:00,907.04
2019-11-29 02:45:00,906.56
2019-11-29 03:00:00,910.96
2019-11-29 03:15:00,914.96
2019-11-29 03:30:00,915.6
2019-11-29 03:45:00,922.88
2019-11-29 04:00:00,941.52
2019-11-29 04:15:00,951.68
2019-11-29 04:30:00,959.2
2019-11-29 04:45:00,969.68
2019-11-29 05:00:00,1001.68
2019-11-29 05:15:00,1017.84
2019-11-29 05:30:00,1042.0
2019-11-29 05:45:00,1070.0
2019-11-29 06:00:00,1137.44
2019-11-29 06:15:00,1185.12
2019-11-29 06:30:00,1222.48
2019-11-29 06:45:00,1256.64
2019-11-29 07:00:00,1296.96
2019-11-29 07:15:00,1324.88
2019-11-29 07:30:00,1340.64
2019-11-29 07:45:00,1345.04
2019-11-29 08:00:00,1350.4
2019-11-29 08:15:00,1355.36
2019-11-29 08:30:00,1357.6
2019-11-29 08:45:00,1359.92
2019-11-29 09:00:00,1343.12
2019-11-29 09:15:00,1338.96
2019-11-29 09:30:00,1345.44
2019-11-29 09:45:00,1348.56
2019-11-29 10:00:00,1354.24
2019-11-29 10:15:00,1360.0
2019-11-29 10:30:00,1359.36
2019-11-29 10:45:00,1361.92
2019-11-29 11:00:00,1360.56
2019-11-29 11:15:00,1364.88
2019-11-29 11:30:00,1367.28
2019-11-29 11:45:00,1358.48
2019-11-29 12:00:00,1347.76
2019-11-29 12:15:00,1344.0
2019-11-29 12:30:00,1337.04
2019-11-29 12:45:00,1336.32
2019-11-29 13:00:00,1338.88
2019-11-29 13:15:00,1335.52
2019-11-29 13:30:00,1323.12
2019-11-29 13:45:00,1314.72
2019-11-29 14:00:00,1300.08
2019-11-29 14:15:00,1289.76
2019-11-29 14:30:00,1284.0
2019-11-29 14:45:00,1272.88
2019-11-29 15:00:00,1272.24
2019-11-29 15:15:00,1262.24
2019-11-29 15:30:00,1258.32
2019-11-29 15:45:00,1255.04
2019-11-29 16:00:00,1263.12
2019-11-29 16:15:00,1274.56
2019-11-29 16:30:00,1288.24
2019-11-29 16:45:00,1312.08
2019-11-29 17:00:00,1326.48
2019-11-29 17:15:00,1330.96
2019-11-29 17:30:00,1323.6
2019-11-29 17:45:00,1322.72
2019-11-29 18:00:00,1317.76
2019-11-29 18:15:00,1310.0
2019-11-29 18:30:00,1301.6
2019-11-29 18:45:00,1292.96
2019-11-29 19:00:00,1279.92
2019-11-29 19:15:00,1263.6
2019-11-29 19:30:00,1253.92
2019-11-29 19:45:00,1239.84
2019-11-29 20:00:00,1219.92
2019-11-29 20:15:00,1196.0
2019-11-29 20:30:00,1176.16
2019-11-29 20:45:00,1156.72
2019-11-29 21:00:00,1140.64
2019-11-29 21:15:00,1124.4
2019-11-29 21:30:00,1108.16
2019-11-29 21:45:00,1090.88
2019-11-29 22:00:00,1083.12
2019-11-29 22:15:00,1071.04
2019-11-29 22:30:00,1050.8
2019-11-29 22:45:00,1029.36
2019-11-29 23:00:00,1003.04
2019-11-29 23:15:00,979.28
2019-11-29 23:30:00,963.28
2019-11-29 23:45:00,947.52
2019-11-30 00:00:00,934.0
2019-11-30 00:15:00,918.8
2019-11-30 00:30:00,912.4
2019-11-30 00:45:00,903.76
2019-11-30 01:00:00,892.8
2019-11-30 01:15:00,879.68
2019-11-30 01:30:00,871.6
2019-11-30 01:45:00,860.96
2019-11-30 02:00:00,847.36
2019-11-30 02:15:00,840.08
2019-11-30 02:30:00,842.4
2019-11-30 02:45:00,841.04
2019-11-30 03:00:00,838.56
2019-11-30 03:15:00,835.76
2019-11-30 03:30:00,836.08
2019-11-30 03:45:00,833.76
2019-11-30 04:00:00,835.44
2019-11-30 04:15:00,834.8
2019-11-30 04:30:00,838.4
2019-11-30 04:45:00,838.0
2019-11-30 05:00:00,842.4
2019-11-30 05:15:00,839.28
2019-11-30 05:30:00,840.72
2019-11-30 05:45:00,841.28
2019-11-30 06:00:00,845.84
2019-11-30 06:15:00,856.48
2019-11-30 06:30:00,861.28
2019-11-30 06:45:00,870.0
2019-11-30 07:00:00,896.4
2019-11-30 07:15:00,916.96
2019-11-30 07:30:00,932.64
2019-11-30 07:45:00,943.28
2019-11-30 08:00:00,966.08
2019-11-30 08:15:00,983.68
2019-11-30 08:30:00,1000.16
2019-11-30 08:45:00,1012.24
2019-11-30 09:00:00,1024.88
2019-11-30 09:15:00,1036.48
2019-11-30 09:30:00,1046.16
2019-11-30 09:45:00,1048.4
2019-11-30 10:00:00,1047.6
2019-11-30 10:15:00,1051.44
2019-11-30 10:30:00,1055.36
2019-11-30 10:45:00,1054.48
2019-11-30 11:00:00,1053.04
2019-11-30 11:15:00,1059.36
2019-11-30 11:30:00,1055.6
2019-11-30 11:45:00,1054.32
2019-11-30 12:00:00,1047.76
2019-11-30 12:15:00,1046.88
2019-11-30 12:30:00,1042.72
2019-11-30 12:45:00,1031.04
2019-11-30 13:00:00,1037.52
2019-11-30 13:15:00,1033.2
2019-11-30 13:30:00,1020.24
2019-11-30 13:45:00,1009.04
2019-11-30 14:00:00,1005.68
2019-11-30 14:15:00,998.0
2019-11-30 14:30:00,991.76
2019-11-30 14:45:00,987.12
2019-11-30 15:00:00,983.2
2019-11-30 15:15:00,987.36
2019-11-30 15:30:00,987.36
2019-11-30 15:45:00,991.6
2019-11-30 16:00:00,1017.6
2019-11-30 16:15:00,1038.96
2019-11-30 16:30:00,1062.8
2019-11-30 16:45:00,1087.52
2019-11-30 17:00:00,1095.28
2019-11-30 17:15:00,1098.16
2019-11-30 17:30:00,1101.52
2019-11-30 17:45:00,1100.96
2019-11-30 18:00:00,1095.04
2019-11-30 18:15:00,1089.6
2019-11-30 18:30:00,1082.96
2019-11-30 18:45:00,1074.64
2019-11-30 19:00:00,1074.64
2019-11-30 19:15:00,1064.0
2019-11-30 19:30:00,1047.52
2019-11-30 19:45:00,1035.84
2019-11-30 20:00:00,1018.72
2019-11-30 20:15:00,994.96
2019-11-30 20:30:00,979.6
2019-11-30 20:45:00,971.76
2019-11-30 21:00:00,960.16
2019-11-30 21:15:00,950.48
2019-11-30 21:30:00,932.88
2019-11-30 21:45:00,928.32
2019-11-30 22:00:00,934.56
2019-11-30 22:15:00,926.08
2019-11-30 22:30:00,908.08
2019-11-30 22:45:00,897.36
2019-11-30 23:00:00,889.6
2019-11-30 23:15:00,872.48
2019-11-30 23:30:00,857.28
2019-11-30 23:45:00,842.08
2019-12-01 00:00:00,836.4
2019-12-01 00:15:00,821.76
2019-12-01 00:30:00,817.36
2019-12-01 00:45:00,810.32
2019-12-01 01:00:00,793.2
2019-12-01 01:15:00,787.76
2019-12-01 01:30:00,777.04
2019-12-01 01:45:00,771.44
2019-12-01 02:00:00,761.2
2019-12-01 02:15:00,763.92
2019-12-01 02:30:00,760.8
2019-12-01 02:45:00,759.92
2019-12-01 03:00:00,758.0
2019-12-01 03:15:00,756.64
2019-12-01 03:30:00,759.68
2019-12-01 03:45:00,753.52
2019-12-01 04:00:00,757.36
2019-12-01 04:15:00,756.32
2019-12-01 04:30:00,759.12
2019-12-01 04:45:00,757.84
2019-12-01 05:00:00,753.52
2019-12-01 05:15:00,749.92
2019-12-01 05:30:00,751.12
2019-12-01 05:45:00,837.6
2019-12-01 06:00:00,844.48
2019-12-01 06:15:00,847.84
2019-12-01 06:30:00,859.44
2019-12-01 06:45:00,862.48
2019-12-01 07:00:00,777.44
2019-12-01 07:15:00,881.44
2019-12-01 07:30:00,883.84
2019-12-01 07:45:00,889.84
2019-12-01 08:00:00,900.56
2019-12-01 08:15:00,909.84
2019-12-01 08:30:00,921.36
2019-12-01 08:45:00,929.68
2019-12-01 09:00:00,935.84
2019-12-01 09:15:00,945.12
2019-12-01 09:30:00,954.24
2019-12-01 09:45:00,962.08
2019-12-01 10:00:00,972.16
2019-12-01 10:15:00,975.68
2019-12-01 10:30:00,969.92
2019-12-01 10:45:00,978.64
2019-12-01 11:00:00,998.08
2019-12-01 11:15:00,1008.24
2019-12-01 11:30:00,1017.6
2019-12-01 11:45:00,1020.4
2019-12-01 12:00:00,1018.48
2019-12-01 12:15:00,1013.76
2019-12-01 12:30:00,1007.04
2019-12-01 12:45:00,995.52
2019-12-01 13:00:00,983.68
2019-12-01 13:15:00,976.0
2019-12-01 13:30:00,973.52
2019-12-01 13:45:00,965.28
2019-12-01 14:00:00,955.84
2019-12-01 14:15:00,951.04
2019-12-01 14:30:00,953.68
2019-12-01 14:45:00,947.36
2019-12-01 15:00:00,951.84
2019-12-01 15:15:00,952.56
2019-12-01 15:30:00,957.68
2019-12-01 15:45:00,958.56
2019-12-01 16:00:00,971.84
2019-12-01 16:15:00,983.84
2019-12-01 16:30:00,1000.24
2019-12-01 16:45:00,1023.52
2019-12-01 17:00:00,1042.08
2019-12-01 17:15:00,1050.64
2019-12-01 17:30:00,1052.88
2019-12-01 17:45:00,1058.08
2019-12-01 18:00:00,1067.28
2019-12-01 18:15:00,1066.32
2019-12-01 18:30:00,1059.52
2019-12-01 18:45:00,1057.2
2019-12-01 19:00:00,1054.16
2019-12-01 19:15:00,1046.72
2019-12-01 19:30:00,1036.56
2019-12-01 19:45:00,1023.84
2019-12-01 20:00:00,1015.04
2019-12-01 20:15:00,1000.24
2019-12-01 20:30:00,981.2
2019-12-01 20:45:00,970.56
2019-12-01 21:00:00,973.2
2019-12-01 21:15:00,968.96
2019-12-01 21:30:00,959.36
2019-12-01 21:45:00,964.72
2019-12-01 22:00:00,966.64
2019-12-01 22:15:00,960.16
2019-12-01 22:30:00,943.52
2019-12-01 22:45:00,930.88
2019-12-01 23:00:00,916.32
2019-12-01 23:15:00,902.48
2019-12-01 23:30:00,890.16
2019-12-01 23:45:00,876.48
2019-12-02 00:00:00,831.28
2019-12-02 00:15:00,820.56
2019-12-02 00:30:00,816.56
2019-12-02 00:45:00,806.24
2019-12-02 01:00:00,803.6
2019-12-02 01:15:00,799.28
2019-12-02 01:30:00,800.56
2019-12-02 01:45:00,795.12
2019-12-02 02:00:00,783.76
2019-12-02 02:15:00,782.72
2019-12-02 02:30:00,784.24
2019-12-02 02:45:00,784.88
2019-12-02 03:00:00,792.72
2019-12-02 03:15:00,796.24
2019-12-02 03:30:00,799.6
2019-12-02 03:45:00,805.36
2019-12-02 04:00:00,813.2
2019-12-02 04:15:00,816.16
2019-12-02 04:30:00,831.12
2019-12-02 04:45:00,844.8
2019-12-02 05:00:00,870.32
2019-12-02 05:15:00,886.24
2019-12-02 05:30:00,911.28
2019-12-02 05:45:00,950.08
2019-12-02 06:00:00,1020.4
2019-12-02 06:15:00,1079.92
2019-12-02 06:30:00,1124.64
2019-12-02 06:45:00,1171.04
2019-12-02 07:00:00,1210.0
2019-12-02 07:15:00,1242.8
2019-12-02 07:30:00,1265.76
2019-12-02 07:45:00,1275.36
2019-12-02 08:00:00,1274.4
2019-12-02 08:15:00,1277.68
2019-12-02 08:30:00,1271.6
2019-12-02 08:45:00,1275.44
2019-12-02 09:00:00,1274.56
2019-12-02 09:15:00,1290.48
2019-12-02 09:30:00,1295.2
2019-12-02 09:45:00,1298.72
2019-12-02 10:00:00,1303.76
2019-12-02 10:15:00,1304.56
2019-12-02 10:30:00,1310.08
2019-12-02 10:45:00,1311.76
2019-12-02 11:00:00,1316.56
2019-12-02 11:15:00,1326.16
2019-12-02 11:30:00,1333.52
2019-12-02 11:45:00,1335.6
2019-12-02 12:00:00,1338.24
2019-12-02 12:15:00,1340.64
2019-12-02 12:30:00,1337.44
2019-12-02 12:45:00,1337.28
2019-12-02 13:00:00,1328.88
2019-12-02 13:15:00,1323.92
2019-12-02 13:30:00,1318.88
2019-12-02 13:45:00,1308.96
2019-12-02 14:00:00,1308.32
2019-12-02 14:15:00,1307.12
2019-12-02 14:30:00,1306.56
2019-12-02 14:45:00,1302.32
2019-12-02 15:00:00,1305.68
2019-12-02 15:15:00,1297.92
2019-12-02 15:30:00,1293.6
2019-12-02 15:45:00,1287.2
2019-12-02 16:00:00,1291.28
2019-12-02 16:15:00,1301.76
2019-12-02 16:30:00,1312.64
2019-12-02 16:45:00,1330.32
2019-12-02 17:00:00,1336.08
2019-12-02 17:15:00,1343.04
2019-12-02 17:30:00,1337.44
2019-12-02 17:45:00,1336.24
2019-12-02 18:00:00,1323.52
2019-12-02 18:15:00,1318.32
2019-12-02 18:30:00,1315.84
2019-12-02 18:45:00,1309.28
2019-12-02 19:00:00,1304.4
2019-12-02 19:15:00,1289.28
2019-12-02 19:30:00,1276.16
2019-12-02 19:45:00,1260.88
2019-12-02 20:00:00,1236.8
2019-12-02 20:15:00,1210.0
2019-12-02 20:30:00,1194.88
2019-12-02 20:45:00,1172.88
2019-12-02 21:00:00,1173.44
2019-12-02 21:15:00,1157.76
2019-12-02 21:30:00,1133.84
2019-12-02 21:45:00,1115.44
2019-12-02 22:00:00,1122.64
2019-12-02 22:15:00,1105.12
2019-12-02 22:30:00,1084.8
2019-12-02 22:45:00,1062.08
2019-12-02 23:00:00,1028.32
2019-12-02 23:15:00,1002.8
2019-12-02 23:30:00,979.28
2019-12-02 23:45:00,961.28
2019-12-03 00:00:00,1007.68
2019-12-03 00:15:00,991.52
2019-12-03 00:30:00,981.52
2019-12-03 00:45:00,965.44
2019-12-03 01:00:00,950.48
2019-12-03 01:15:00,943.6
2019-12-03 01:30:00,932.72
2019-12-03 01:45:00,932.32
2019-12-03 02:00:00,928.24
2019-12-03 02:15:00,923.28
2019-12-03 02:30:00,921.76
2019-12-03 02:45:00,923.44
2019-12-03 03:00:00,930.32
2019-12-03 03:15:00,927.44
2019-12-03 03:30:00,928.4
2019-12-03 03:45:00,938.56
2019-12-03 04:00:00,946.72
2019-12-03 04:15:00,951.36
2019-12-03 04:30:00,963.2
2019-12-03 04:45:00,972.48
2019-12-03 05:00:00,992.24
2019-12-03 05:15:00,1005.6
2019-12-03 05:30:00,1028.72
2019-12-03 05:45:00,1059.84
2019-12-03 06:00:00,1114.08
2019-12-03 06:15:00,1157.92
2019-12-03 06:30:00,1200.88
2019-12-03 06:45:00,1237.52
2019-12-03 07:00:00,1263.76
2019-12-03 07:15:00,1287.68
2019-12-03 07:30:00,1302.56
2019-12-03 07:45:00,1315.6
2019-12-03 08:00:00,1330.56
2019-12-03 08:15:00,1334.88
2019-12-03 08:30:00,1337.12
2019-12-03 08:45:00,1333.84
2019-12-03 09:00:00,1330.24
2019-12-03 09:15:00,1331.28
2019-12-03 09:30:00,1334.0
2019-12-03 09:45:00,1335.52
2019-12-03 10:00:00,1335.52
2019-12-03 10:15:00,1330.88
2019-12-03 10:30:00,1332.48
2019-12-03 10:45:00,1338.72
2019-12-03 11:00:00,1339.76
2019-12-03 11:15:00,1343.2
2019-12-03 11:30:00,1344.88
2019-12-03 11:45:00,1345.84
2019-12-03 12:00:00,1347.36
2019-12-03 12:15:00,1342.16
2019-12-03 12:30:00,1341.76
2019-12-03 12:45:00,1337.44
2019-12-03 13:00:00,1340.64
2019-12-03 13:15:00,1337.04
2019-12-03 13:30:00,1330.56
2019-12-03 13:45:00,1316.16
2019-12-03 14:00:00,1317.12
2019-12-03 14:15:00,1314.72
2019-12-03 14:30:00,1314.56
2019-12-03 14:45:00,1312.0
2019-12-03 15:00:00,1315.6
2019-12-03 15:15:00,1312.8
2019-12-03 15:30:00,1312.32
2019-12-03 15:45:00,1314.0
2019-12-03 16:00:00,1325.12
2019-12-03 16:15:00,1332.96
2019-12-03 16:30:00,1352.08
2019-12-03 16:45:00,1369.76
2019-12-03 17:00:00,1392.8
2019-12-03 17:15:00,1396.88
2019-12-03 17:30:00,1397.92
2019-12-03 17:45:00,1400.56
2019-12-03 18:00:00,1390.56
2019-12-03 18:15:00,1376.4
2019-12-03 18:30:00,1376.0
2019-12-03 18:45:00,1372.8
2019-12-03 19:00:00,1368.56
2019-12-03 19:15:00,1358.4
2019-12-03 19:30:00,1345.28
2019-12-03 19:45:00,1332.32
2019-12-03 20:00:00,1305.44
2019-12-03 20:15:00,1283.84
2019-12-03 20:30:00,1267.2
2019-12-03 20:45:00,1249.52
2019-12-03 21:00:00,1227.44
2019-12-03 21:15:00,1216.48
2019-12-03 21:30:00,1194.96
2019-12-03 21:45:00,1177.2
2019-12-03 22:00:00,1178.48
2019-12-03 22:15:00,1160.08
2019-12-03 22:30:00,1137.44
2019-12-03 22:45:00,1114.56
2019-12-03 23:00:00,1088.4
2019-12-03 23:15:00,1062.88
2019-12-03 23:30:00,1048.64
2019-12-03 23:45:00,1036.16
2019-12-04 00:00:00,1007.92
2019-12-04 00:15:00,997.76
2019-12-04 00:30:00,988.88
2019-12-04 00:45:00,979.2
2019-12-04 01:00:00,971.6
2019-12-04 01:15:00,963.6
2019-12-04 01:30:00,956.32
2019-12-04 01:45:00,946.8
2019-12-04 02:00:00,931.84
2019-12-04 02:15:00,927.6
2019-12-04 02:30:00,930.4
2019-12-04 02:45:00,930.48
2019-12-04 03:00:00,931.12
2019-12-04 03:15:00,929.2
2019-12-04 03:30:00,933.84
2019-12-04 03:45:00,940.72
2019-12-04 04:00:00,960.56
2019-12-04 04:15:00,964.72
2019-12-04 04:30:00,979.36
2019-12-04 04:45:00,990.88
2019-12-04 05:00:00,1016.48
2019-12-04 05:15:00,1025.2
2019-12-04 05:30:00,1048.88
2019-12-04 05:45:00,1079.6
2019-12-04 06:00:00,1137.44
2019-12-04 06:15:00,1184.96
2019-12-04 06:30:00,1220.4
2019-12-04 06:45:00,1259.68
2019-12-04 07:00:00,1304.72
2019-12-04 07:15:00,1326.88
2019-12-04 07:30:00,1344.64
2019-12-04 07:45:00,1349.92
2019-12-04 08:00:00,1343.12
2019-12-04 08:15:00,1342.4
2019-12-04 08:30:00,1342.56
2019-12-04 08:45:00,1344.96
2019-12-04 09:00:00,1342.16
2019-12-04 09:15:00,1341.6
2019-12-04 09:30:00,1342.08
2019-12-04 09:45:00,1342.32
2019-12-04 10:00:00,1340.96
2019-12-04 10:15:00,1337.92
2019-12-04 10:30:00,1336.0
2019-12-04 10:45:00,1341.36
2019-12-04 11:00:00,1346.8
2019-12-04 11:15:00,1351.92
2019-12-04 11:30:00,1348.16
2019-12-04 11:45:00,1349.6
2019-12-04 12:00:00,1336.48
2019-12-04 12:15:00,1336.4
2019-12-04 12:30:00,1335.36
2019-12-04 12:45:00,1339.92
2019-12-04 13:00:00,1343.6
2019-12-04 13:15:00,1332.0
2019-12-04 13:30:00,1319.84
2019-12-04 13:45:00,1308.08
2019-12-04 14:00:00,1307.52
2019-12-04 14:15:00,1302.96
2019-12-04 14:30:00,1302.24
2019-12-04 14:45:00,1299.68
2019-12-04 15:00:00,1305.92
2019-12-04 15:15:00,1303.52
2019-12-04 15:30:00,1306.24
2019-12-04 15:45:00,1307.6
2019-12-04 16:00:00,1307.28
2019-12-04 16:15:00,1316.16
2019-12-04 16:30:00,1334.16
2019-12-04 16:45:00,1358.0
2019-12-04 17:00:00,1375.28
2019-12-04 17:15:00,1382.56
2019-12-04 17:30:00,1384.96
2019-12-04 17:45:00,1387.52
2019-12-04 18:00:00,1379.44
2019-12-04 18:15:00,1375.04
2019-12-04 18:30:00,1372.24
2019-12-04 18:45:00,1372.4
2019-12-04 19:00:00,1363.6
2019-12-04 19:15:00,1344.4
2019-12-04 19:30:00,1326.88
2019-12-04 19:45:00,1314.64
2019-12-04 20:00:00,1290.88
2019-12-04 20:15:00,1267.44
2019-12-04 20:30:00,1246.72
2019-12-04 20:45:00,1232.8
2019-12-04 21:00:00,1218.16
2019-12-04 21:15:00,1205.52
2019-12-04 21:30:00,1183.2
2019-12-04 21:45:00,1170.56
2019-12-04 22:00:00,1162.96
2019-12-04 22:15:00,1147.92
2019-12-04 22:30:00,1125.36
2019-12-04 22:45:00,1112.16
2019-12-04 23:00:00,1095.6
2019-12-04 23:15:00,1071.12
2019-12-04 23:30:00,1048.96
2019-12-04 23:45:00,1038.8
2019-12-05 00:00:00,1027.2
2019-12-05 00:15:00,1009.84
2019-12-05 00:30:00,1001.52
2019-12-05 00:45:00,991.92
2019-12-05 01:00:00,984.48
2019-12-05 01:15:00,978.08
2019-12-05 01:30:00,968.56
2019-12-05 01:45:00,961.76
2019-12-05 02:00:00,960.4
2019-12-05 02:15:00,953.52
2019-12-05 02:30:00,956.96
2019-12-05 02:45:00,955.76
2019-12-05 03:00:00,951.92
2019-12-05 03:15:00,950.4
2019-12-05 03:30:00,954.96
2019-12-05 03:45:00,959.52
2019-12-05 04:00:00,968.96
2019-12-05 04:15:00,967.84
2019-12-05 04:30:00,977.68
2019-12-05 04:45:00,984.16
2019-12-05 05:00:00,1016.8
2019-12-05 05:15:00,1032.48
2019-12-05 05:30:00,1061.36
2019-12-05 05:45:00,1091.92
2019-12-05 06:00:00,1147.68
2019-12-05 06:15:00,1197.6
2019-12-05 06:30:00,1233.52
2019-12-05 06:45:00,1270.56
2019-12-05 07:00:00,1309.04
2019-12-05 07:15:00,1336.8
2019-12-05 07:30:00,1354.8
2019-12-05 07:45:00,1361.36
2019-12-05 08:00:00,1367.84
2019-12-05 08:15:00,1374.32
2019-12-05 08:30:00,1377.92
2019-12-05 08:45:00,1375.68
2019-12-05 09:00:00,1368.96
2019-12-05 09:15:00,1371.44
2019-12-05 09:30:00,1373.6
2019-12-05 09:45:00,1380.24
2019-12-05 10:00:00,1373.28
2019-12-05 10:15:00,1370.0
2019-12-05 10:30:00,1363.04
2019-12-05 10:45:00,1367.2
2019-12-05 11:00:00,1359.36
2019-12-05 11:15:00,1364.4
2019-12-05 11:30:00,1366.96
2019-12-05 11:45:00,1368.24
2019-12-05 12:00:00,1353.52
2019-12-05 12:15:00,1353.92
2019-12-05 12:30:00,1347.76
2019-12-05 12:45:00,1347.84
2019-12-05 13:00:00,1342.4
2019-12-05 13:15:00,1344.64
2019-12-05 13:30:00,1340.64
2019-12-05 13:45:00,1330.0
2019-12-05 14:00:00,1334.4
2019-12-05 14:15:00,1332.08
2019-12-05 14:30:00,1333.92
2019-12-05 14:45:00,1334.4
2019-12-05 15:00:00,1341.6
2019-12-05 15:15:00,1341.84
2019-12-05 15:30:00,1340.96
2019-12-05 15:45:00,1347.6
2019-12-05 16:00:00,1361.28
2019-12-05 16:15:00,1377.52
2019-12-05 16:30:00,1389.2
2019-12-05 16:45:00,1412.08
2019-12-05 17:00:00,1426.16
2019-12-05 17:15:00,1430.08
2019-12-05 17:30:00,1438.64
2019-12-05 17:45:00,1439.36
2019-12-05 18:00:00,1435.28
2019-12-05 18:15:00,1428.4
2019-12-05 18:30:00,1426.96
2019-12-05 18:45:00,1424.72
2019-12-05 19:00:00,1410.08
2019-12-05 19:15:00,1393.52
2019-12-05 19:30:00,1380.64
2019-12-05 19:45:00,1362.32
2019-12-05 20:00:00,1324.88
2019-12-05 20:15:00,1303.84
2019-12-05 20:30:00,1287.92
2019-12-05 20:45:00,1269.68
2019-12-05 21:00:00,1251.36
2019-12-05 21:15:00,1232.88
2019-12-05 21:30:00,1219.76
2019-12-05 21:45:00,1200.64
2019-12-05 22:00:00,1199.68
2019-12-05 22:15:00,1186.48
2019-12-05 22:30:00,1168.48
2019-12-05 22:45:00,1143.84
2019-12-05 23:00:00,1125.04
2019-12-05 23:15:00,1102.0
2019-12-05 23:30:00,1089.68
2019-12-05 23:45:00,1072.48
2019-12-06 00:00:00,1058.8
2019-12-06 00:15:00,1041.68
2019-12-06 00:30:00,1035.92
2019-12-06 00:45:00,1026.8
2019-12-06 01:00:00,1013.28
2019-12-06 01:15:00,1005.52
2019-12-06 01:30:00,1000.96
2019-12-06 01:45:00,1003.04
2019-12-06 02:00:00,990.48
2019-12-06 02:15:00,989.84
2019-12-06 02:30:00,985.68
2019-12-06 02:45:00,988.48
2019-12-06 03:00:00,992.4
2019-12-06 03:15:00,990.88
2019-12-06 03:30:00,992.64
2019-12-06 03:45:00,1000.8
2019-12-06 04:00:00,999.04
2019-12-06 04:15:00,1000.64
2019-12-06 04:30:00,1013.52
2019-12-06 04:45:00,1026.08
2019-12-06 05:00:00,1049.6
2019-12-06 05:15:00,1064.4
2019-12-06 05:30:00,1081.44
2019-12-06 05:45:00,1111.92
2019-12-06 06:00:00,1167.84
2019-12-06 06:15:00,1212.88
2019-12-06 06:30:00,1253.92
2019-12-06 06:45:00,1287.36
2019-12-06 07:00:00,1340.48
2019-12-06 07:15:00,1365.92
2019-12-06 07:30:00,1385.6
2019-12-06 07:45:00,1392.96
2019-12-06 08:00:00,1396.4
2019-12-06 08:15:00,1404.4
2019-12-06 08:30:00,1408.4
2019-12-06 08:45:00,1402.96
2019-12-06 09:00:00,1393.28
2019-12-06 09:15:00,1393.6
2019-12-06 09:30:00,1400.24
2019-12-06 09:45:00,1406.88
2019-12-06 10:00:00,1402.72
2019-12-06 10:15:00,1404.72
2019-12-06 10:30:00,1405.2
2019-12-06 10:45:00,1410.24
2019-12-06 11:00:00,1410.96
2019-12-06 11:15:00,1409.76
2019-12-06 11:30:00,1407.12
2019-12-06 11:45:00,1405.36
2019-12-06 12:00:00,1395.36
2019-12-06 12:15:00,1388.32
2019-12-06 12:30:00,1384.88
2019-12-06 12:45:00,1383.04
2019-12-06 13:00:00,1380.16
2019-12-06 13:15:00,1366.0
2019-12-06 13:30:00,1363.76
2019-12-06 13:45:00,1350.24
2019-12-06 14:00:00,1351.44
2019-12-06 14:15:00,1343.44
2019-12-06 14:30:00,1341.84
2019-12-06 14:45:00,1337.84
2019-12-06 15:00:00,1346.88
2019-12-06 15:15:00,1335.84
2019-12-06 15:30:00,1340.0
2019-12-06 15:45:00,1338.4
2019-12-06 16:00:00,1355.36
2019-12-06 16:15:00,1367.12
2019-12-06 16:30:00,1381.84
2019-12-06 16:45:00,1392.0
2019-12-06 17:00:00,1398.4
2019-12-06 17:15:00,1397.12
2019-12-06 17:30:00,1389.36
2019-12-06 17:45:00,1383.52
2019-12-06 18:00:00,1375.92
2019-12-06 18:15:00,1370.4
2019-12-06 18:30:00,1367.2
2019-12-06 18:45:00,1365.68
2019-12-06 19:00:00,1342.48
2019-12-06 19:15:00,1330.88
2019-12-06 19:30:00,1317.44
2019-12-06 19:45:00,1301.28
2019-12-06 20:00:00,1275.44
2019-12-06 20:15:00,1252.88
2019-12-06 20:30:00,1238.56
2019-12-06 20:45:00,1223.52
2019-12-06 21:00:00,1201.92
2019-12-06 21:15:00,1190.88
2019-12-06 21:30:00,1172.72
2019-12-06 21:45:00,1159.92
2019-12-06 22:00:00,1141.04
2019-12-06 22:15:00,1126.56
2019-12-06 22:30:00,1111.92
2019-12-06 22:45:00,1091.2
2019-12-06 23:00:00,1075.92
2019-12-06 23:15:00,1052.64
2019-12-06 23:30:00,1046.24
2019-12-06 23:45:00,1028.24
2019-12-07 00:00:00,1016.24
2019-12-07 00:15:00,1001.92
2019-12-07 00:30:00,991.92
2019-12-07 00:45:00,982.4
2019-12-07 01:00:00,966.64
2019-12-07 01:15:00,957.12
2019-12-07 01:30:00,948.48
2019-12-07 01:45:00,938.96
2019-12-07 02:00:00,925.44
2019-12-07 02:15:00,918.08
2019-12-07 02:30:00,915.2
2019-12-07 02:45:00,916.16
2019-12-07 03:00:00,908.16
2019-12-07 03:15:00,903.12
2019-12-07 03:30:00,901.12
2019-12-07 03:45:00,901.36
2019-12-07 04:00:00,902.88
2019-12-07 04:15:00,902.08
2019-12-07 04:30:00,905.44
2019-12-07 04:45:00,911.52
2019-12-07 05:00:00,917.84
2019-12-07 05:15:00,914.56
2019-12-07 05:30:00,912.0
2019-12-07 05:45:00,918.0
2019-12-07 06:00:00,926.48
2019-12-07 06:15:00,938.24
2019-12-07 06:30:00,946.24
2019-12-07 06:45:00,958.32
2019-12-07 07:00:00,988.8
2019-12-07 07:15:00,998.0
2019-12-07 07:30:00,1011.44
2019-12-07 07:45:00,1024.96
2019-12-07 08:00:00,1041.84
2019-12-07 08:15:00,1055.12
2019-12-07 08:30:00,1066.96
2019-12-07 08:45:00,1080.72
2019-12-07 09:00:00,1100.4
2019-12-07 09:15:00,1112.96
2019-12-07 09:30:00,1128.8
2019-12-07 09:45:00,1143.2
2019-12-07 10:00:00,1147.28
2019-12-07 10:15:00,1148.48
2019-12-07 10:30:00,1153.52
2019-12-07 10:45:00,1162.08
2019-12-07 11:00:00,1170.32
2019-12-07 11:15:00,1170.8
2019-12-07 11:30:00,1173.36
2019-12-07 11:45:00,1172.96
2019-12-07 12:00:00,1160.64
2019-12-07 12:15:00,1160.88
2019-12-07 12:30:00,1152.0
2019-12-07 12:45:00,1147.44
2019-12-07 13:00:00,1144.72
2019-12-07 13:15:00,1126.24
2019-12-07 13:30:00,1117.6
2019-12-07 13:45:00,1100.88
2019-12-07 14:00:00,1094.72
2019-12-07 14:15:00,1082.96
2019-12-07 14:30:00,1078.0
2019-12-07 14:45:00,1074.32
2019-12-07 15:00:00,1086.16
2019-12-07 15:15:00,1080.96
2019-12-07 15:30:00,1077.6
2019-12-07 15:45:00,1083.36
2019-12-07 16:00:00,1097.28
2019-12-07 16:15:00,1107.28
2019-12-07 16:30:00,1125.6
2019-12-07 16:45:00,1140.0
2019-12-07 17:00:00,1156.4
2019-12-07 17:15:00,1156.48
2019-12-07 17:30:00,1163.52
2019-12-07 17:45:00,1164.72
2019-12-07 18:00:00,1164.56
2019-12-07 18:15:00,1161.2
2019-12-07 18:30:00,1154.72
2019-12-07 18:45:00,1154.4
2019-12-07 19:00:00,1141.12
2019-12-07 19:15:00,1126.24
2019-12-07 19:30:00,1115.2
2019-12-07 19:45:00,1102.88
2019-12-07 20:00:00,1072.32
2019-12-07 20:15:00,1050.64
2019-12-07 20:30:00,1037.12
2019-12-07 20:45:00,1023.2
2019-12-07 21:00:00,1012.0
2019-12-07 21:15:00,1008.96
2019-12-07 21:30:00,998.0
2019-12-07 21:45:00,989.92
2019-12-07 22:00:00,989.44
2019-12-07 22:15:00,975.84
2019-12-07 22:30:00,970.24
2019-12-07 22:45:00,948.32
2019-12-07 23:00:00,939.12
2019-12-07 23:15:00,920.64
2019-12-07 23:30:00,910.72
2019-12-07 23:45:00,891.92
2019-12-08 00:00:00,866.0
2019-12-08 00:15:00,846.48
2019-12-08 00:30:00,834.56
2019-12-08 00:45:00,824.56
2019-12-08 01:00:00,818.88
2019-12-08 01:15:00,807.84
2019-12-08 01:30:00,801.76
2019-12-08 01:45:00,795.84
2019-12-08 02:00:00,788.56
2019-12-08 02:15:00,788.4
2019-12-08 02:30:00,784.96
2019-12-08 02:45:00,781.12
2019-12-08 03:00:00,782.4
2019-12-08 03:15:00,779.36
2019-12-08 03:30:00,783.36
2019-12-08 03:45:00,789.2
2019-12-08 04:00:00,807.92
2019-12-08 04:15:00,812.32
2019-12-08 04:30:00,819.04
2019-12-08 04:45:00,816.96
2019-12-08 05:00:00,826.32
2019-12-08 05:15:00,826.56
2019-12-08 05:30:00,825.68
2019-12-08 05:45:00,823.52
2019-12-08 06:00:00,828.72
2019-12-08 06:15:00,830.8
2019-12-08 06:30:00,841.44
2019-12-08 06:45:00,846.8
2019-12-08 07:00:00,867.52
2019-12-08 07:15:00,878.8
2019-12-08 07:30:00,891.2
2019-12-08 07:45:00,901.92
2019-12-08 08:00:00,927.36
2019-12-08 08:15:00,941.6
2019-12-08 08:30:00,960.72
2019-12-08 08:45:00,972.32
2019-12-08 09:00:00,988.48
2019-12-08 09:15:00,1004.48
2019-12-08 09:30:00,1026.8
2019-12-08 09:45:00,1044.4
2019-12-08 10:00:00,1061.6
2019-12-08 10:15:00,1074.24
2019-12-08 10:30:00,1081.84
2019-12-08 10:45:00,1090.16
2019-12-08 11:00:00,1100.48
2019-12-08 11:15:00,1110.32
2019-12-08 11:30:00,1122.88
2019-12-08 11:45:00,1131.92
2019-12-08 12:00:00,1131.04
2019-12-08 12:15:00,1129.6
2019-12-08 12:30:00,1119.04
2019-12-08 12:45:00,1110.24
2019-12-08 13:00:00,1103.52
2019-12-08 13:15:00,1091.68
2019-12-08 13:30:00,1089.68
2019-12-08 13:45:00,1079.04
2019-12-08 14:00:00,1073.28
2019-12-08 14:15:00,1068.08
2019-12-08 14:30:00,1061.44
2019-12-08 14:45:00,1054.96
2019-12-08 15:00:00,1054.72
2019-12-08 15:15:00,1049.36
2019-12-08 15:30:00,1049.84
2019-12-08 15:45:00,1047.92
2019-12-08 16:00:00,1057.6
2019-12-08 16:15:00,1071.6
2019-12-08 16:30:00,1084.08
2019-12-08 16:45:00,1108.4
2019-12-08 17:00:00,1110.72
2019-12-08 17:15:00,1119.12
2019-12-08 17:30:00,1120.64
2019-12-08 17:45:00,1123.36
2019-12-08 18:00:00,1125.12
2019-12-08 18:15:00,1123.12
2019-12-08 18:30:00,1115.92
2019-12-08 18:45:00,1115.44
2019-12-08 19:00:00,1110.48
2019-12-08 19:15:00,1102.8
2019-12-08 19:30:00,1085.92
2019-12-08 19:45:00,1074.4
2019-12-08 20:00:00,1059.28
2019-12-08 20:15:00,1044.08
2019-12-08 20:30:00,1026.32
2019-12-08 20:45:00,1021.84
2019-12-08 21:00:00,1020.88
2019-12-08 21:15:00,1010.72
2019-12-08 21:30:00,1002.24
2019-12-08 21:45:00,999.76
2019-12-08 22:00:00,1012.24
2019-12-08 22:15:00,1007.28
2019-12-08 22:30:00,990.64
2019-12-08 22:45:00,971.36
2019-12-08 23:00:00,947.68
2019-12-08 23:15:00,930.88
2019-12-08 23:30:00,908.64
2019-12-08 23:45:00,902.8
2019-12-09 00:00:00,907.6
2019-12-09 00:15:00,901.6
2019-12-09 00:30:00,888.64
2019-12-09 00:45:00,886.08
2019-12-09 01:00:00,877.76
2019-12-09 01:15:00,874.32
2019-12-09 01:30:00,866.96
2019-12-09 01:45:00,863.6
2019-12-09 02:00:00,864.0
2019-12-09 02:15:00,861.04
2019-12-09 02:30:00,861.52
2019-12-09 02:45:00,864.96
2019-12-09 03:00:00,870.72
2019-12-09 03:15:00,868.96
2019-12-09 03:30:00,872.72
2019-12-09 03:45:00,881.36
2019-12-09 04:00:00,895.68
2019-12-09 04:15:00,900.88
2019-12-09 04:30:00,909.52
2019-12-09 04:45:00,924.88
2019-12-09 05:00:00,954.24
2019-12-09 05:15:00,970.24
2019-12-09 05:30:00,997.44
2019-12-09 05:45:00,1031.36
2019-12-09 06:00:00,1101.36
2019-12-09 06:15:00,1146.16
2019-12-09 06:30:00,1190.64
2019-12-09 06:45:00,1223.44
2019-12-09 07:00:00,1270.32
2019-12-09 07:15:00,1299.6
2019-12-09 07:30:00,1329.2
2019-12-09 07:45:00,1343.44
2019-12-09 08:00:00,1348.16
2019-12-09 08:15:00,1352.16
2019-12-09 08:30:00,1347.76
2019-12-09 08:45:00,1337.36
2019-12-09 09:00:00,1328.16
2019-12-09 09:15:00,1333.84
2019-12-09 09:30:00,1335.6
2019-12-09 09:45:00,1344.48
2019-12-09 10:00:00,1351.92
2019-12-09 10:15:00,1352.8
2019-12-09 10:30:00,1358.64
2019-12-09 10:45:00,1364.8
2019-12-09 11:00:00,1361.6
2019-12-09 11:15:00,1361.52
2019-12-09 11:30:00,1363.44
2019-12-09 11:45:00,1360.72
2019-12-09 12:00:00,1357.76
2019-12-09 12:15:00,1347.68
2019-12-09 12:30:00,1356.64
2019-12-09 12:45:00,1347.6
2019-12-09 13:00:00,1351.28
2019-12-09 13:15:00,1349.68
2019-12-09 13:30:00,1337.92
2019-12-09 13:45:00,1323.68
2019-12-09 14:00:00,1328.48
2019-12-09 14:15:00,1328.24
2019-12-09 14:30:00,1328.8
2019-12-09 14:45:00,1321.2
2019-12-09 15:00:00,1322.64
2019-12-09 15:15:00,1318.56
2019-12-09 15:30:00,1322.56
2019-12-09 15:45:00,1322.64
2019-12-09 16:00:00,1326.8
2019-12-09 16:15:00,1333.44
2019-12-09 16:30:00,1343.6
2019-12-09 16:45:00,1356.16
2019-12-09 17:00:00,1375.6
2019-12-09 17:15:00,1378.56
2019-12-09 17:30:00,1381.36
2019-12-09 17:45:00,1380.24
2019-12-09 18:00:00,1373.92
2019-12-09 18:15:00,1370.4
2019-12-09 18:30:00,1369.2
2019-12-09 18:45:00,1359.6
2019-12-09 19:00:00,1347.68
2019-12-09 19:15:00,1329.76
2019-12-09 19:30:00,1315.68
2019-12-09 19:45:00,1302.08
2019-12-09 20:00:00,1282.4
2019-12-09 20:15:00,1258.24
2019-12-09 20:30:00,1240.56
2019-12-09 20:45:00,1219.52
2019-12-09 21:00:00,1205.04
2019-12-09 21:15:00,1184.64
2019-12-09 21:30:00,1164.88
2019-12-09 21:45:00,1146.88
2019-12-09 22:00:00,1139.6
2019-12-09 22:15:00,1122.48
2019-12-09 22:30:00,1099.44
2019-12-09 22:45:00,1080.96
2019-12-09 23:00:00,1059.92
2019-12-09 23:15:00,1041.44
2019-12-09 23:30:00,1026.0
2019-12-09 23:45:00,1017.2
2019-12-10 00:00:00,999.36
2019-12-10 00:15:00,992.16
2019-12-10 00:30:00,989.04
2019-12-10 00:45:00,972.48
2019-12-10 01:00:00,961.52
2019-12-10 01:15:00,956.8
2019-12-10 01:30:00,950.08
2019-12-10 01:45:00,940.0
2019-12-10 02:00:00,926.88
2019-12-10 02:15:00,922.72
2019-12-10 02:30:00,925.36
2019-12-10 02:45:00,927.92
2019-12-10 03:00:00,928.0
2019-12-10 03:15:00,927.6
2019-12-10 03:30:00,932.08
2019-12-10 03:45:00,933.76
2019-12-10 04:00:00,956.88
2019-12-10 04:15:00,965.2
2019-12-10 04:30:00,970.32
2019-12-10 04:45:00,980.32
2019-12-10 05:00:00,1030.88
2019-12-10 05:15:00,1040.48
2019-12-10 05:30:00,1052.32
2019-12-10 05:45:00,1078.32
2019-12-10 06:00:00,1135.6
2019-12-10 06:15:00,1175.84
2019-12-10 06:30:00,1216.4
2019-12-10 06:45:00,1250.64
2019-12-10 07:00:00,1283.84
2019-12-10 07:15:00,1309.76
2019-12-10 07:30:00,1326.08
2019-12-10 07:45:00,1334.32
2019-12-10 08:00:00,1347.84
2019-12-10 08:15:00,1356.0
2019-12-10 08:30:00,1350.8
2019-12-10 08:45:00,1356.16
2019-12-10 09:00:00,1354.32
2019-12-10 09:15:00,1353.36
2019-12-10 09:30:00,1355.84
2019-12-10 09:45:00,1361.28
2019-12-10 10:00:00,1357.6
2019-12-10 10:15:00,1355.6
2019-12-10 10:30:00,1349.04
2019-12-10 10:45:00,1347.36
2019-12-10 11:00:00,1346.4
2019-12-10 11:15:00,1347.84
2019-12-10 11:30:00,1351.2
2019-12-10 11:45:00,1345.2
2019-12-10 12:00:00,1344.64
2019-12-10 12:15:00,1342.0
2019-12-10 12:30:00,1340.0
2019-12-10 12:45:00,1340.96
2019-12-10 13:00:00,1343.52
2019-12-10 13:15:00,1340.48
2019-12-10 13:30:00,1330.96
2019-12-10 13:45:00,1328.64
2019-12-10 14:00:00,1333.44
2019-12-10 14:15:00,1331.68
2019-12-10 14:30:00,1325.92
2019-12-10 14:45:00,1325.84
2019-12-10 15:00:00,1314.8
2019-12-10 15:15:00,1313.84
2019-12-10 15:30:00,1314.08
2019-12-10 15:45:00,1315.68
2019-12-10 16:00:00,1330.56
2019-12-10 16:15:00,1345.2
2019-12-10 16:30:00,1372.16
2019-12-10 16:45:00,1394.16
2019-12-10 17:00:00,1413.04
2019-12-10 17:15:00,1427.2
2019-12-10 17:30:00,1430.24
2019-12-10 17:45:00,1436.48
2019-12-10 18:00:00,1430.8
2019-12-10 18:15:00,1429.76
2019-12-10 18:30:00,1426.4
2019-12-10 18:45:00,1428.72
2019-12-10 19:00:00,1415.52
2019-12-10 19:15:00,1405.52
2019-12-10 19:30:00,1394.72
2019-12-10 19:45:00,1377.04
2019-12-10 20:00:00,1356.24
2019-12-10 20:15:00,1329.84
2019-12-10 20:30:00,1311.28
2019-12-10 20:45:00,1297.84
2019-12-10 21:00:00,1272.24
2019-12-10 21:15:00,1255.52
2019-12-10 21:30:00,1239.84
2019-12-10 21:45:00,1220.32
2019-12-10 22:00:00,1193.44
2019-12-10 22:15:00,1181.36
2019-12-10 22:30:00,1161.2
2019-12-10 22:45:00,1144.96
2019-12-10 23:00:00,1117.36
2019-12-10 23:15:00,1098.32
2019-12-10 23:30:00,1081.84
2019-12-10 23:45:00,1068.48
2019-12-11 00:00:00,1042.64
2019-12-11 00:15:00,1031.92
2019-12-11 00:30:00,1019.36
2019-12-11 00:45:00,1008.72
2019-12-11 01:00:00,995.68
2019-12-11 01:15:00,989.68
2019-12-11 01:30:00,982.16
2019-12-11 01:45:00,979.6
2019-12-11 02:00:00,968.72
2019-12-11 02:15:00,967.76
2019-12-11 02:30:00,970.8
2019-12-11 02:45:00,973.68
2019-12-11 03:00:00,977.28
2019-12-11 03:15:00,977.44
2019-12-11 03:30:00,980.72
2019-12-11 03:45:00,984.16
2019-12-11 04:00:00,988.88
2019-12-11 04:15:00,988.72
2019-12-11 04:30:00,1001.36
2019-12-11 04:45:00,1010.24
2019-12-11 05:00:00,1033.12
2019-12-11 05:15:00,1048.24
2019-12-11 05:30:00,1072.64
2019-12-11 05:45:00,1101.52
2019-12-11 06:00:00,1159.76
2019-12-11 06:15:00,1199.92
2019-12-11 06:30:00,1236.8
2019-12-11 06:45:00,1271.68
2019-12-11 07:00:00,1317.76
2019-12-11 07:15:00,1343.52
2019-12-11 07:30:00,1359.68
2019-12-11 07:45:00,1377.92
2019-12-11 08:00:00,1390.48
2019-12-11 08:15:00,1390.16
2019-12-11 08:30:00,1391.76
2019-12-11 08:45:00,1389.76
2019-12-11 09:00:00,1380.88
2019-12-11 09:15:00,1387.36
2019-12-11 09:30:00,1392.56
2019-12-11 09:45:00,1390.64
2019-12-11 10:00:00,1390.96
2019-12-11 10:15:00,1393.28
2019-12-11 10:30:00,1397.36
2019-12-11 10:45:00,1397.92
2019-12-11 11:00:00,1396.16
2019-12-11 11:15:00,1396.48
2019-12-11 11:30:00,1397.6
2019-12-11 11:45:00,1396.24
2019-12-11 12:00:00,1388.64
2019-12-11 12:15:00,1385.44
2019-12-11 12:30:00,1381.52
2019-12-11 12:45:00,1378.08
2019-12-11 13:00:00,1384.08
2019-12-11 13:15:00,1377.68
2019-12-11 13:30:00,1371.2
2019-12-11 13:45:00,1356.16
2019-12-11 14:00:00,1364.8
2019-12-11 14:15:00,1358.64
2019-12-11 14:30:00,1357.76
2019-12-11 14:45:00,1355.12
2019-12-11 15:00:00,1362.08
2019-12-11 15:15:00,1357.68
2019-12-11 15:30:00,1359.2
2019-12-11 15:45:00,1354.56
2019-12-11 16:00:00,1363.36
2019-12-11 16:15:00,1372.8
2019-12-11 16:30:00,1386.08
2019-12-11 16:45:00,1395.04
2019-12-11 17:00:00,1390.0
2019-12-11 17:15:00,1388.24
2019-12-11 17:30:00,1389.04
2019-12-11 17:45:00,1384.96
2019-12-11 18:00:00,1387.68
2019-12-11 18:15:00,1378.32
2019-12-11 18:30:00,1375.6
2019-12-11 18:45:00,1372.24
2019-12-11 19:00:00,1357.44
2019-12-11 19:15:00,1345.76
2019-12-11 19:30:00,1329.76
2019-12-11 19:45:00,1314.64
2019-12-11 20:00:00,1290.32
2019-12-11 20:15:00,1271.6
2019-12-11 20:30:00,1249.44
2019-12-11 20:45:00,1236.72
2019-12-11 21:00:00,1212.08
2019-12-11 21:15:00,1191.76
2019-12-11 21:30:00,1171.12
2019-12-11 21:45:00,1156.48
2019-12-11 22:00:00,1151.28
2019-12-11 22:15:00,1142.24
2019-12-11 22:30:00,1116.16
2019-12-11 22:45:00,1090.56
2019-12-11 23:00:00,1064.48
2019-12-11 23:15:00,1041.28
2019-12-11 23:30:00,1022.88
2019-12-11 23:45:00,1008.4
2019-12-12 00:00:00,990.48
2019-12-12 00:15:00,982.48
2019-12-12 00:30:00,973.44
2019-12-12 00:45:00,957.28
2019-12-12 01:00:00,948.64
2019-12-12 01:15:00,944.24
2019-12-12 01:30:00,939.6
2019-12-12 01:45:00,928.4
2019-12-12 02:00:00,935.2
2019-12-12 02:15:00,931.68
2019-12-12 02:30:00,927.04
2019-12-12 02:45:00,926.8
2019-12-12 03:00:00,921.36
2019-12-12 03:15:00,925.76
2019-12-12 03:30:00,931.76
2019-12-12 03:45:00,934.96
2019-12-12 04:00:00,941.12
2019-12-12 04:15:00,948.72
2019-12-12 04:30:00,957.92
2019-12-12 04:45:00,969.92
2019-12-12 05:00:00,997.68
2019-12-12 05:15:00,1012.72
2019-12-12 05:30:00,1032.08
2019-12-12 05:45:00,1065.12
2019-12-12 06:00:00,1122.24
2019-12-12 06:15:00,1169.52
2019-12-12 06:30:00,1208.4
2019-12-12 06:45:00,1244.64
2019-12-12 07:00:00,1282.96
2019-12-12 07:15:00,1305.68
2019-12-12 07:30:00,1326.16
2019-12-12 07:45:00,1340.72
2019-12-12 08:00:00,1351.6
2019-12-12 08:15:00,1356.32
2019-12-12 08:30:00,1363.76
2019-12-12 08:45:00,1365.44
2019-12-12 09:00:00,1356.08
2019-12-12 09:15:00,1359.28
2019-12-12 09:30:00,1367.44
2019-12-12 09:45:00,1369.68
2019-12-12 10:00:00,1364.72
2019-12-12 10:15:00,1365.36
2019-12-12 10:30:00,1368.64
2019-12-12 10:45:00,1370.88
2019-12-12 11:00:00,1383.12
2019-12-12 11:15:00,1389.12
2019-12-12 11:30:00,1385.68
2019-12-12 11:45:00,1382.16
2019-12-12 12:00:00,1382.16
2019-12-12 12:15:00,1381.68
2019-12-12 12:30:00,1381.36
2019-12-12 12:45:00,1376.24
2019-12-12 13:00:00,1380.48
2019-12-12 13:15:00,1381.28
2019-12-12 13:30:00,1370.8
2019-12-12 13:45:00,1357.52
2019-12-12 14:00:00,1353.04
2019-12-12 14:15:00,1351.52
2019-12-12 14:30:00,1350.64
2019-12-12 14:45:00,1344.32
2019-12-12 15:00:00,1349.6
2019-12-12 15:15:00,1342.16
2019-12-12 15:30:00,1341.52
2019-12-12 15:45:00,1339.44
2019-12-12 16:00:00,1348.08
2019-12-12 16:15:00,1359.76
2019-12-12 16:30:00,1373.28
2019-12-12 16:45:00,1391.36
2019-12-12 17:00:00,1393.2
2019-12-12 17:15:00,1392.88
2019-12-12 17:30:00,1392.72
2019-12-12 17:45:00,1394.8
2019-12-12 18:00:00,1394.56
2019-12-12 18:15:00,1390.56
2019-12-12 18:30:00,1390.08
2019-12-12 18:45:00,1388.24
2019-12-12 19:00:00,1386.16
2019-12-12 19:15:00,1371.36
2019-12-12 19:30:00,1361.44
2019-12-12 19:45:00,1347.6
2019-12-12 20:00:00,1327.92
2019-12-12 20:15:00,1306.88
2019-12-12 20:30:00,1288.08
2019-12-12 20:45:00,1266.08
2019-12-12 21:00:00,1242.88
2019-12-12 21:15:00,1230.56
2019-12-12 21:30:00,1219.36
2019-12-12 21:45:00,1207.52
2019-12-12 22:00:00,1187.68
2019-12-12 22:15:00,1170.16
2019-12-12 22:30:00,1151.28
2019-12-12 22:45:00,1137.2
2019-12-12 23:00:00,1108.56
2019-12-12 23:15:00,1086.16
2019-12-12 23:30:00,1071.2
2019-12-12 23:45:00,1060.32
2019-12-13 00:00:00,1016.56
2019-12-13 00:15:00,1007.28
2019-12-13 00:30:00,1005.76
2019-12-13 00:45:00,994.8
2019-12-13 01:00:00,977.28
2019-12-13 01:15:00,970.72
2019-12-13 01:30:00,965.84
2019-12-13 01:45:00,963.68
2019-12-13 02:00:00,951.92
2019-12-13 02:15:00,945.12
2019-12-13 02:30:00,945.84
2019-12-13 02:45:00,951.52
2019-12-13 03:00:00,960.8
2019-12-13 03:15:00,963.6
2019-12-13 03:30:00,970.32
2019-12-13 03:45:00,971.28
2019-12-13 04:00:00,976.32
2019-12-13 04:15:00,978.88
2019-12-13 04:30:00,988.0
2019-12-13 04:45:00,993.36
2019-12-13 05:00:00,1019.92
2019-12-13 05:15:00,1034.08
2019-12-13 05:30:00,1051.6
2019-12-13 05:45:00,1085.84
2019-12-13 06:00:00,1133.52
2019-12-13 06:15:00,1183.76
2019-12-13 06:30:00,1213.84
2019-12-13 06:45:00,1250.56
2019-12-13 07:00:00,1298.4
2019-12-13 07:15:00,1329.04
2019-12-13 07:30:00,1344.32
2019-12-13 07:45:00,1356.56
2019-12-13 08:00:00,1371.04
2019-12-13 08:15:00,1378.4
2019-12-13 08:30:00,1378.24
2019-12-13 08:45:00,1380.0
2019-12-13 09:00:00,1376.24
2019-12-13 09:15:00,1376.64
2019-12-13 09:30:00,1381.12
2019-12-13 09:45:00,1379.52
2019-12-13 10:00:00,1384.0
2019-12-13 10:15:00,1387.44
2019-12-13 10:30:00,1388.16
2019-12-13 10:45:00,1384.88
2019-12-13 11:00:00,1384.48
2019-12-13 11:15:00,1378.88
2019-12-13 11:30:00,1381.6
2019-12-13 11:45:00,1369.12
2019-12-13 12:00:00,1351.44
2019-12-13 12:15:00,1343.84
2019-12-13 12:30:00,1339.12
2019-12-13 12:45:00,1332.88
2019-12-13 13:00:00,1329.52
2019-12-13 13:15:00,1317.04
2019-12-13 13:30:00,1313.12
2019-12-13 13:45:00,1294.4
2019-12-13 14:00:00,1288.64
2019-12-13 14:15:00,1281.52
2019-12-13 14:30:00,1278.48
2019-12-13 14:45:00,1274.64
2019-12-13 15:00:00,1271.68
2019-12-13 15:15:00,1264.08
2019-12-13 15:30:00,1267.92
2019-12-13 15:45:00,1268.24
2019-12-13 16:00:00,1276.0
2019-12-13 16:15:00,1289.6
2019-12-13 16:30:00,1304.8
2019-12-13 16:45:00,1315.2
2019-12-13 17:00:00,1319.04
2019-12-13 17:15:00,1316.4
2019-12-13 17:30:00,1311.6
2019-12-13 17:45:00,1311.44
2019-12-13 18:00:00,1298.48
2019-12-13 18:15:00,1288.72
2019-12-13 18:30:00,1284.8
2019-12-13 18:45:00,1276.72
2019-12-13 19:00:00,1266.4
2019-12-13 19:15:00,1249.12
2019-12-13 19:30:00,1230.16
2019-12-13 19:45:00,1218.0
2019-12-13 20:00:00,1198.08
2019-12-13 20:15:00,1177.52
2019-12-13 20:30:00,1157.76
2019-12-13 20:45:00,1145.04
2019-12-13 21:00:00,1133.12
2019-12-13 21:15:00,1123.6
2019-12-13 21:30:00,1107.52
2019-12-13 21:45:00,1092.72
2019-12-13 22:00:00,1086.8
2019-12-13 22:15:00,1066.88
2019-12-13 22:30:00,1054.48
2019-12-13 22:45:00,1033.84
2019-12-13 23:00:00,1011.44
2019-12-13 23:15:00,992.0
2019-12-13 23:30:00,978.48
2019-12-13 23:45:00,964.96
2019-12-14 00:00:00,938.72
2019-12-14 00:15:00,922.88
2019-12-14 00:30:00,907.44
2019-12-14 00:45:00,903.36
2019-12-14 01:00:00,887.92
2019-12-14 01:15:00,878.88
2019-12-14 01:30:00,871.36
2019-12-14 01:45:00,865.68
2019-12-14 02:00:00,855.36
2019-12-14 02:15:00,848.96
2019-12-14 02:30:00,850.8
2019-12-14 02:45:00,853.12
2019-12-14 03:00:00,851.84
2019-12-14 03:15:00,848.48
2019-12-14 03:30:00,847.92
2019-12-14 03:45:00,851.68
2019-12-14 04:00:00,861.2
2019-12-14 04:15:00,866.96
2019-12-14 04:30:00,869.68
2019-12-14 04:45:00,875.04
2019-12-14 05:00:00,883.6
2019-12-14 05:15:00,879.76
2019-12-14 05:30:00,877.2
2019-12-14 05:45:00,880.0
2019-12-14 06:00:00,880.0
2019-12-14 06:15:00,889.36
2019-12-14 06:30:00,893.92
2019-12-14 06:45:00,904.8
2019-12-14 07:00:00,939.44
2019-12-14 07:15:00,957.04
2019-12-14 07:30:00,972.0
2019-12-14 07:45:00,989.92
2019-12-14 08:00:00,1010.4
2019-12-14 08:15:00,1026.16
2019-12-14 08:30:00,1040.32
2019-12-14 08:45:00,1057.44
2019-12-14 09:00:00,1074.56
2019-12-14 09:15:00,1089.2
2019-12-14 09:30:00,1100.48
2019-12-14 09:45:00,1113.04
2019-12-14 10:00:00,1121.44
2019-12-14 10:15:00,1130.08
2019-12-14 10:30:00,1136.32
2019-12-14 10:45:00,1137.2
2019-12-14 11:00:00,1151.92
2019-12-14 11:15:00,1164.88
2019-12-14 11:30:00,1169.92
2019-12-14 11:45:00,1169.44
2019-12-14 12:00:00,1159.2
2019-12-14 12:15:00,1155.52
2019-12-14 12:30:00,1150.8
2019-12-14 12:45:00,1143.52
2019-12-14 13:00:00,1134.4
2019-12-14 13:15:00,1128.0
2019-12-14 13:30:00,1130.96
2019-12-14 13:45:00,1127.52
2019-12-14 14:00:00,1121.12
2019-12-14 14:15:00,1113.44
2019-12-14 14:30:00,1108.8
2019-12-14 14:45:00,1103.2
2019-12-14 15:00:00,1101.6
2019-12-14 15:15:00,1104.16
2019-12-14 15:30:00,1105.52
2019-12-14 15:45:00,1110.4
2019-12-14 16:00:00,1123.28
2019-12-14 16:15:00,1140.08
2019-12-14 16:30:00,1153.44
2019-12-14 16:45:00,1166.48
2019-12-14 17:00:00,1180.48
2019-12-14 17:15:00,1192.16
2019-12-14 17:30:00,1191.04
2019-12-14 17:45:00,1191.92
2019-12-14 18:00:00,1187.92
2019-12-14 18:15:00,1180.08
2019-12-14 18:30:00,1175.76
2019-12-14 18:45:00,1167.36
2019-12-14 19:00:00,1155.52
2019-12-14 19:15:00,1142.48
2019-12-14 19:30:00,1131.6
2019-12-14 19:45:00,1116.0
2019-12-14 20:00:00,1094.24
2019-12-14 20:15:00,1074.48
2019-12-14 20:30:00,1056.64
2019-12-14 20:45:00,1040.88
2019-12-14 21:00:00,1027.52
2019-12-14 21:15:00,1021.12
2019-12-14 21:30:00,1021.84
2019-12-14 21:45:00,1018.08
2019-12-14 22:00:00,1031.36
2019-12-14 22:15:00,1017.12
2019-12-14 22:30:00,1004.08
2019-12-14 22:45:00,990.48
2019-12-14 23:00:00,973.44
2019-12-14 23:15:00,956.32
2019-12-14 23:30:00,945.12
2019-12-14 23:45:00,924.56
2019-12-15 00:00:00,893.52
2019-12-15 00:15:00,875.52
2019-12-15 00:30:00,865.92
2019-12-15 00:45:00,849.44
2019-12-15 01:00:00,834.56
2019-12-15 01:15:00,821.36
2019-12-15 01:30:00,809.28
2019-12-15 01:45:00,798.4
2019-12-15 02:00:00,791.76
2019-12-15 02:15:00,788.4
2019-12-15 02:30:00,785.12
2019-12-15 02:45:00,786.32
2019-12-15 03:00:00,782.96
2019-12-15 03:15:00,780.96
2019-12-15 03:30:00,777.76
2019-12-15 03:45:00,778.64
2019-12-15 04:00:00,792.16
2019-12-15 04:15:00,792.72
2019-12-15 04:30:00,802.88
2019-12-15 04:45:00,807.84
2019-12-15 05:00:00,811.04
2019-12-15 05:15:00,805.68
2019-12-15 05:30:00,801.6
2019-12-15 05:45:00,800.96
2019-12-15 06:00:00,805.04
2019-12-15 06:15:00,808.56
2019-12-15 06:30:00,817.12
2019-12-15 06:45:00,824.08
2019-12-15 07:00:00,839.6
2019-12-15 07:15:00,855.04
2019-12-15 07:30:00,878.48
2019-12-15 07:45:00,890.8
2019-12-15 08:00:00,913.04
2019-12-15 08:15:00,928.96
2019-12-15 08:30:00,942.64
2019-12-15 08:45:00,954.64
2019-12-15 09:00:00,972.56
2019-12-15 09:15:00,986.32
2019-12-15 09:30:00,996.72
2019-12-15 09:45:00,1006.4
2019-12-15 10:00:00,1012.56
2019-12-15 10:15:00,1025.76
2019-12-15 10:30:00,1031.6
2019-12-15 10:45:00,1048.88
2019-12-15 11:00:00,1063.76
2019-12-15 11:15:00,1075.84
2019-12-15 11:30:00,1082.56
2019-12-15 11:45:00,1083.2
2019-12-15 12:00:00,1079.92
2019-12-15 12:15:00,1070.0
2019-12-15 12:30:00,1061.2
2019-12-15 12:45:00,1056.8
2019-12-15 13:00:00,1045.68
2019-12-15 13:15:00,1032.24
2019-12-15 13:30:00,1026.0
2019-12-15 13:45:00,1014.96
2019-12-15 14:00:00,1005.68
2019-12-15 14:15:00,997.28
2019-12-15 14:30:00,1002.88
2019-12-15 14:45:00,998.96
2019-12-15 15:00:00,1002.0
2019-12-15 15:15:00,998.8
2019-12-15 15:30:00,1004.32
2019-12-15 15:45:00,1006.96
2019-12-15 16:00:00,1023.36
2019-12-15 16:15:00,1031.84
2019-12-15 16:30:00,1052.0
2019-12-15 16:45:00,1074.96
2019-12-15 17:00:00,1105.44
2019-12-15 17:15:00,1111.44
2019-12-15 17:30:00,1109.36
2019-12-15 17:45:00,1116.64
2019-12-15 18:00:00,1116.88
2019-12-15 18:15:00,1113.92
2019-12-15 18:30:00,1108.08
2019-12-15 18:45:00,1102.4
2019-12-15 19:00:00,1097.44
2019-12-15 19:15:00,1090.32
2019-12-15 19:30:00,1081.28
2019-12-15 19:45:00,1076.64
2019-12-15 20:00:00,1061.6
2019-12-15 20:15:00,1046.48
2019-12-15 20:30:00,1035.68
2019-12-15 20:45:00,1020.8
2019-12-15 21:00:00,1010.48
2019-12-15 21:15:00,1000.48
2019-12-15 21:30:00,992.88
2019-12-15 21:45:00,996.72
2019-12-15 22:00:00,1001.2
2019-12-15 22:15:00,997.6
2019-12-15 22:30:00,981.12
2019-12-15 22:45:00,964.72
2019-12-15 23:00:00,938.32
2019-12-15 23:15:00,923.28
2019-12-15 23:30:00,905.28
2019-12-15 23:45:00,886.0
2019-12-16 00:00:00,867.76
2019-12-16 00:15:00,857.2
2019-12-16 00:30:00,850.32
2019-12-16 00:45:00,835.92
2019-12-16 01:00:00,822.16
2019-12-16 01:15:00,819.52
2019-12-16 01:30:00,816.72
2019-12-16 01:45:00,810.96
2019-12-16 02:00:00,810.48
2019-12-16 02:15:00,804.48
2019-12-16 02:30:00,802.88
2019-12-16 02:45:00,796.88
2019-12-16 03:00:00,799.12
2019-12-16 03:15:00,804.32
2019-12-16 03:30:00,810.8
2019-12-16 03:45:00,816.48
2019-12-16 04:00:00,828.88
2019-12-16 04:15:00,838.08
2019-12-16 04:30:00,851.12
2019-12-16 04:45:00,860.88
2019-12-16 05:00:00,895.6
2019-12-16 05:15:00,916.56
2019-12-16 05:30:00,943.2
2019-12-16 05:45:00,974.88
2019-12-16 06:00:00,1051.12
2019-12-16 06:15:00,1099.76
2019-12-16 06:30:00,1136.48
2019-12-16 06:45:00,1172.96
2019-12-16 07:00:00,1212.0
2019-12-16 07:15:00,1239.68
2019-12-16 07:30:00,1260.88
2019-12-16 07:45:00,1279.68
2019-12-16 08:00:00,1300.96
2019-12-16 08:15:00,1302.72
2019-12-16 08:30:00,1303.2
2019-12-16 08:45:00,1304.16
2019-12-16 09:00:00,1304.96
2019-12-16 09:15:00,1308.64
2019-12-16 09:30:00,1311.92
2019-12-16 09:45:00,1313.84
2019-12-16 10:00:00,1317.12
2019-12-16 10:15:00,1314.24
2019-12-16 10:30:00,1314.32
2019-12-16 10:45:00,1317.6
2019-12-16 11:00:00,1317.76
2019-12-16 11:15:00,1318.0
2019-12-16 11:30:00,1317.76
2019-12-16 11:45:00,1315.2
2019-12-16 12:00:00,1314.4
2019-12-16 12:15:00,1312.16
2019-12-16 12:30:00,1309.92
2019-12-16 12:45:00,1309.6
2019-12-16 13:00:00,1313.04
2019-12-16 13:15:00,1308.16
2019-12-16 13:30:00,1303.36
2019-12-16 13:45:00,1288.64
2019-12-16 14:00:00,1280.48
2019-12-16 14:15:00,1275.36
2019-12-16 14:30:00,1270.4
2019-12-16 14:45:00,1262.16
2019-12-16 15:00:00,1263.52
2019-12-16 15:15:00,1258.08
2019-12-16 15:30:00,1253.68
2019-12-16 15:45:00,1255.68
2019-12-16 16:00:00,1266.96
2019-12-16 16:15:00,1282.4
2019-12-16 16:30:00,1296.0
2019-12-16 16:45:00,1307.76
2019-12-16 17:00:00,1313.68
2019-12-16 17:15:00,1316.4
2019-12-16 17:30:00,1315.92
2019-12-16 17:45:00,1316.64
2019-12-16 18:00:00,1310.88
2019-12-16 18:15:00,1305.68
2019-12-16 18:30:00,1302.88
2019-12-16 18:45:00,1301.04
2019-12-16 19:00:00,1285.6
2019-12-16 19:15:00,1270.72
2019-12-16 19:30:00,1258.88
2019-12-16 19:45:00,1245.92
2019-12-16 20:00:00,1224.88
2019-12-16 20:15:00,1199.76
2019-12-16 20:30:00,1178.24
2019-12-16 20:45:00,1163.6
2019-12-16 21:00:00,1146.4
2019-12-16 21:15:00,1126.0
2019-12-16 21:30:00,1106.72
2019-12-16 21:45:00,1087.6
2019-12-16 22:00:00,1089.84
2019-12-16 22:15:00,1067.28
2019-12-16 22:30:00,1042.08
2019-12-16 22:45:00,1022.16
2019-12-16 23:00:00,1008.32
2019-12-16 23:15:00,985.2
2019-12-16 23:30:00,969.76
2019-12-16 23:45:00,955.28
2019-12-17 00:00:00,922.24
2019-12-17 00:15:00,901.04
2019-12-17 00:30:00,888.48
2019-12-17 00:45:00,873.12
2019-12-17 01:00:00,864.32
2019-12-17 01:15:00,855.52
2019-12-17 01:30:00,851.84
2019-12-17 01:45:00,848.96
2019-12-17 02:00:00,837.2
2019-12-17 02:15:00,838.64
2019-12-17 02:30:00,839.36
2019-12-17 02:45:00,847.12
2019-12-17 03:00:00,854.4
2019-12-17 03:15:00,860.96
2019-12-17 03:30:00,865.04
2019-12-17 03:45:00,867.52
2019-12-17 04:00:00,869.92
2019-12-17 04:15:00,876.48
2019-12-17 04:30:00,890.32
2019-12-17 04:45:00,906.96
2019-12-17 05:00:00,933.92
2019-12-17 05:15:00,948.08
2019-12-17 05:30:00,969.2
2019-12-17 05:45:00,998.24
2019-12-17 06:00:00,1064.96
2019-12-17 06:15:00,1112.24
2019-12-17 06:30:00,1153.36
2019-12-17 06:45:00,1192.4
2019-12-17 07:00:00,1228.88
2019-12-17 07:15:00,1252.48
2019-12-17 07:30:00,1275.6
2019-12-17 07:45:00,1290.72
2019-12-17 08:00:00,1304.0
2019-12-17 08:15:00,1306.0
2019-12-17 08:30:00,1306.72
2019-12-17 08:45:00,1302.32
2019-12-17 09:00:00,1289.6
2019-12-17 09:15:00,1297.68
2019-12-17 09:30:00,1298.72
2019-12-17 09:45:00,1300.24
2019-12-17 10:00:00,1302.16
2019-12-17 10:15:00,1300.0
2019-12-17 10:30:00,1300.56
2019-12-17 10:45:00,1302.8
2019-12-17 11:00:00,1310.24
2019-12-17 11:15:00,1313.44
2019-12-17 11:30:00,1318.8
2019-12-17 11:45:00,1320.08
2019-12-17 12:00:00,1304.88
2019-12-17 12:15:00,1297.76
2019-12-17 12:30:00,1298.8
2019-12-17 12:45:00,1298.56
2019-12-17 13:00:00,1295.52
2019-12-17 13:15:00,1288.64
2019-12-17 13:30:00,1281.04
2019-12-17 13:45:00,1270.8
2019-12-17 14:00:00,1270.08
2019-12-17 14:15:00,1265.68
2019-12-17 14:30:00,1264.16
2019-12-17 14:45:00,1265.76
2019-12-17 15:00:00,1271.2
2019-12-17 15:15:00,1263.12
2019-12-17 15:30:00,1265.52
2019-12-17 15:45:00,1266.4
2019-12-17 16:00:00,1278.4
2019-12-17 16:15:00,1288.96
2019-12-17 16:30:00,1311.84
2019-12-17 16:45:00,1332.64
2019-12-17 17:00:00,1347.6
2019-12-17 17:15:00,1353.28
2019-12-17 17:30:00,1361.36
2019-12-17 17:45:00,1358.4
2019-12-17 18:00:00,1347.36
2019-12-17 18:15:00,1345.12
2019-12-17 18:30:00,1340.16
2019-12-17 18:45:00,1343.2
2019-12-17 19:00:00,1338.56
2019-12-17 19:15:00,1324.72
2019-12-17 19:30:00,1310.8
2019-12-17 19:45:00,1295.52
2019-12-17 20:00:00,1260.16
2019-12-17 20:15:00,1232.96
2019-12-17 20:30:00,1210.32
2019-12-17 20:45:00,1176.88
2019-12-17 21:00:00,1154.08
2019-12-17 21:15:00,1137.92
2019-12-17 21:30:00,1122.48
2019-12-17 21:45:00,1100.4
2019-12-17 22:00:00,1095.04
2019-12-17 22:15:00,1079.92
2019-12-17 22:30:00,1058.48
2019-12-17 22:45:00,1038.64
2019-12-17 23:00:00,1013.68
2019-12-17 23:15:00,1002.08
2019-12-17 23:30:00,985.2
2019-12-17 23:45:00,972.4
2019-12-18 00:00:00,941.36
2019-12-18 00:15:00,927.04
2019-12-18 00:30:00,919.12
2019-12-18 00:45:00,908.96
2019-12-18 01:00:00,890.0
2019-12-18 01:15:00,874.16
2019-12-18 01:30:00,864.48
2019-12-18 01:45:00,865.92
2019-12-18 02:00:00,856.8
2019-12-18 02:15:00,853.52
2019-12-18 02:30:00,848.64
2019-12-18 02:45:00,847.68
2019-12-18 03:00:00,853.52
2019-12-18 03:15:00,854.56
2019-12-18 03:30:00,854.0
2019-12-18 03:45:00,856.8
2019-12-18 04:00:00,862.64
2019-12-18 04:15:00,874.72
2019-12-18 04:30:00,887.2
2019-12-18 04:45:00,902.08
2019-12-18 05:00:00,939.04
2019-12-18 05:15:00,947.92
2019-12-18 05:30:00,968.56
2019-12-18 05:45:00,997.68
2019-12-18 06:00:00,1076.16
2019-12-18 06:15:00,1121.12
2019-12-18 06:30:00,1154.08
2019-12-18 06:45:00,1184.16
2019-12-18 07:00:00,1217.84
2019-12-18 07:15:00,1240.24
2019-12-18 07:30:00,1258.8
2019-12-18 07:45:00,1269.52
2019-12-18 08:00:00,1281.52
2019-12-18 08:15:00,1285.36
2019-12-18 08:30:00,1282.48
2019-12-18 08:45:00,1282.16
2019-12-18 09:00:00,1274.88
2019-12-18 09:15:00,1275.28
2019-12-18 09:30:00,1284.32
2019-12-18 09:45:00,1290.24
2019-12-18 10:00:00,1284.0
2019-12-18 10:15:00,1280.8
2019-12-18 10:30:00,1283.36
2019-12-18 10:45:00,1287.44
2019-12-18 11:00:00,1288.56
2019-12-18 11:15:00,1288.64
2019-12-18 11:30:00,1290.48
2019-12-18 11:45:00,1287.52
2019-12-18 12:00:00,1278.8
2019-12-18 12:15:00,1271.36
2019-12-18 12:30:00,1268.08
2019-12-18 12:45:00,1264.72
2019-12-18 13:00:00,1258.64
2019-12-18 13:15:00,1252.72
2019-12-18 13:30:00,1248.96
2019-12-18 13:45:00,1235.76
2019-12-18 14:00:00,1237.2
2019-12-18 14:15:00,1234.8
2019-12-18 14:30:00,1229.12
2019-12-18 14:45:00,1226.0
2019-12-18 15:00:00,1220.0
2019-12-18 15:15:00,1213.28
2019-12-18 15:30:00,1211.68
2019-12-18 15:45:00,1210.72
2019-12-18 16:00:00,1217.28
2019-12-18 16:15:00,1227.36
2019-12-18 16:30:00,1243.2
2019-12-18 16:45:00,1264.64
2019-12-18 17:00:00,1292.48
2019-12-18 17:15:00,1303.36
2019-12-18 17:30:00,1310.88
2019-12-18 17:45:00,1310.56
2019-12-18 18:00:00,1304.8
2019-12-18 18:15:00,1299.2
2019-12-18 18:30:00,1293.44
2019-12-18 18:45:00,1285.44
2019-12-18 19:00:00,1271.36
2019-12-18 19:15:00,1257.2
2019-12-18 19:30:00,1245.44
2019-12-18 19:45:00,1237.28
2019-12-18 20:00:00,1208.8
2019-12-18 20:15:00,1193.28
2019-12-18 20:30:00,1176.0
2019-12-18 20:45:00,1158.4
2019-12-18 21:00:00,1139.12
2019-12-18 21:15:00,1121.36
2019-12-18 21:30:00,1104.32
2019-12-18 21:45:00,1083.68
2019-12-18 22:00:00,1077.68
2019-12-18 22:15:00,1061.6
2019-12-18 22:30:00,1044.56
2019-12-18 22:45:00,1023.68
2019-12-18 23:00:00,994.0
2019-12-18 23:15:00,976.24
2019-12-18 23:30:00,958.48
2019-12-18 23:45:00,945.44
2019-12-19 00:00:00,918.64
2019-12-19 00:15:00,903.36
2019-12-19 00:30:00,899.76
2019-12-19 00:45:00,893.68
2019-12-19 01:00:00,884.0
2019-12-19 01:15:00,876.24
2019-12-19 01:30:00,873.44
2019-12-19 01:45:00,870.72
2019-12-19 02:00:00,864.56
2019-12-19 02:15:00,865.68
2019-12-19 02:30:00,871.36
2019-12-19 02:45:00,870.88
2019-12-19 03:00:00,873.12
2019-12-19 03:15:00,874.96
2019-12-19 03:30:00,881.52
2019-12-19 03:45:00,884.4
2019-12-19 04:00:00,891.6
2019-12-19 04:15:00,900.4
2019-12-19 04:30:00,910.64
2019-12-19 04:45:00,919.12
2019-12-19 05:00:00,942.32
2019-12-19 05:15:00,956.72
2019-12-19 05:30:00,970.0
2019-12-19 05:45:00,1003.52
2019-12-19 06:00:00,1066.72
2019-12-19 06:15:00,1099.76
2019-12-19 06:30:00,1133.44
2019-12-19 06:45:00,1171.84
2019-12-19 07:00:00,1210.4
2019-12-19 07:15:00,1228.8
2019-12-19 07:30:00,1251.04
2019-12-19 07:45:00,1265.28
2019-12-19 08:00:00,1276.48
2019-12-19 08:15:00,1280.8
2019-12-19 08:30:00,1280.56
2019-12-19 08:45:00,1277.84
2019-12-19 09:00:00,1280.0
2019-12-19 09:15:00,1283.92
2019-12-19 09:30:00,1286.72
2019-12-19 09:45:00,1287.6
2019-12-19 10:00:00,1278.24
2019-12-19 10:15:00,1273.68
2019-12-19 10:30:00,1271.04
2019-12-19 10:45:00,1268.72
2019-12-19 11:00:00,1256.4
2019-12-19 11:15:00,1252.24
2019-12-19 11:30:00,1253.92
2019-12-19 11:45:00,1250.88
2019-12-19 12:00:00,1244.0
2019-12-19 12:15:00,1239.52
2019-12-19 12:30:00,1233.36
2019-12-19 12:45:00,1228.16
2019-12-19 13:00:00,1237.52
2019-12-19 13:15:00,1230.24
2019-12-19 13:30:00,1222.72
2019-12-19 13:45:00,1213.04
2019-12-19 14:00:00,1213.52
2019-12-19 14:15:00,1208.08
2019-12-19 14:30:00,1204.96
2019-12-19 14:45:00,1200.96
2019-12-19 15:00:00,1205.28
2019-12-19 15:15:00,1202.0
2019-12-19 15:30:00,1206.32
2019-12-19 15:45:00,1206.4
2019-12-19 16:00:00,1215.12
2019-12-19 16:15:00,1224.4
2019-12-19 16:30:00,1248.16
2019-12-19 16:45:00,1267.2
2019-12-19 17:00:00,1270.32
2019-12-19 17:15:00,1275.92
2019-12-19 17:30:00,1280.0
2019-12-19 17:45:00,1281.12
2019-12-19 18:00:00,1269.04
2019-12-19 18:15:00,1263.12
2019-12-19 18:30:00,1259.04
2019-12-19 18:45:00,1250.96
2019-12-19 19:00:00,1244.4
2019-12-19 19:15:00,1234.96
2019-12-19 19:30:00,1224.72
2019-12-19 19:45:00,1213.44
2019-12-19 20:00:00,1188.08
2019-12-19 20:15:00,1164.4
2019-12-19 20:30:00,1147.6
2019-12-19 20:45:00,1124.64
2019-12-19 21:00:00,1098.32
2019-12-19 21:15:00,1080.16
2019-12-19 21:30:00,1071.28
2019-12-19 21:45:00,1051.92
2019-12-19 22:00:00,1038.0
2019-12-19 22:15:00,1024.88
2019-12-19 22:30:00,1006.72
2019-12-19 22:45:00,982.16
2019-12-19 23:00:00,961.12
2019-12-19 23:15:00,939.52
2019-12-19 23:30:00,920.16
2019-12-19 23:45:00,904.0
2019-12-20 00:00:00,882.64
2019-12-20 00:15:00,874.4
2019-12-20 00:30:00,861.92
2019-12-20 00:45:00,853.28
2019-12-20 01:00:00,845.84
2019-12-20 01:15:00,840.08
2019-12-20 01:30:00,831.6
2019-12-20 01:45:00,820.64
2019-12-20 02:00:00,812.96
2019-12-20 02:15:00,805.68
2019-12-20 02:30:00,804.72
2019-12-20 02:45:00,806.48
2019-12-20 03:00:00,824.4
2019-12-20 03:15:00,826.4
2019-12-20 03:30:00,835.6
2019-12-20 03:45:00,836.56
2019-12-20 04:00:00,848.48
2019-12-20 04:15:00,856.96
2019-12-20 04:30:00,868.24
2019-12-20 04:45:00,877.6
2019-12-20 05:00:00,895.84
2019-12-20 05:15:00,908.64
2019-12-20 05:30:00,924.16
2019-12-20 05:45:00,956.88
2019-12-20 06:00:00,1001.52
2019-12-20 06:15:00,1035.36
2019-12-20 06:30:00,1060.64
2019-12-20 06:45:00,1095.36
2019-12-20 07:00:00,1129.68
2019-12-20 07:15:00,1154.96
2019-12-20 07:30:00,1175.2
2019-12-20 07:45:00,1190.72
2019-12-20 08:00:00,1204.16
2019-12-20 08:15:00,1205.36
2019-12-20 08:30:00,1203.44
2019-12-20 08:45:00,1204.8
2019-12-20 09:00:00,1204.64
2019-12-20 09:15:00,1202.88
2019-12-20 09:30:00,1206.72
2019-12-20 09:45:00,1210.4
2019-12-20 10:00:00,1208.96
2019-12-20 10:15:00,1203.76
2019-12-20 10:30:00,1201.04
2019-12-20 10:45:00,1203.12
2019-12-20 11:00:00,1194.96
2019-12-20 11:15:00,1194.0
2019-12-20 11:30:00,1195.12
2019-12-20 11:45:00,1195.36
2019-12-20 12:00:00,1198.0
2019-12-20 12:15:00,1193.92
2019-12-20 12:30:00,1187.84
2019-12-20 12:45:00,1184.0
2019-12-20 13:00:00,1175.36
2019-12-20 13:15:00,1159.6
2019-12-20 13:30:00,1148.0
2019-12-20 13:45:00,1138.0
2019-12-20 14:00:00,1141.2
2019-12-20 14:15:00,1134.4
2019-12-20 14:30:00,1132.88
2019-12-20 14:45:00,1132.56
2019-12-20 15:00:00,1141.12
2019-12-20 15:15:00,1134.0
2019-12-20 15:30:00,1140.88
2019-12-20 15:45:00,1142.32
2019-12-20 16:00:00,1156.8
2019-12-20 16:15:00,1165.36
2019-12-20 16:30:00,1180.08
2019-12-20 16:45:00,1188.16
2019-12-20 17:00:00,1198.56
2019-12-20 17:15:00,1195.6
2019-12-20 17:30:00,1192.64
2019-12-20 17:45:00,1191.76
2019-12-20 18:00:00,1185.28
2019-12-20 18:15:00,1176.88
2019-12-20 18:30:00,1170.96
2019-12-20 18:45:00,1161.2
2019-12-20 19:00:00,1149.68
2019-12-20 19:15:00,1135.44
2019-12-20 19:30:00,1123.44
2019-12-20 19:45:00,1113.04
2019-12-20 20:00:00,1088.56
2019-12-20 20:15:00,1066.72
2019-12-20 20:30:00,1044.56
2019-12-20 20:45:00,1027.44
2019-12-20 21:00:00,1014.24
2019-12-20 21:15:00,1002.72
2019-12-20 21:30:00,990.72
2019-12-20 21:45:00,977.84
2019-12-20 22:00:00,974.8
2019-12-20 22:15:00,959.76
2019-12-20 22:30:00,940.72
2019-12-20 22:45:00,922.64
2019-12-20 23:00:00,896.88
2019-12-20 23:15:00,878.64
2019-12-20 23:30:00,863.12
2019-12-20 23:45:00,845.36
2019-12-21 00:00:00,821.68
2019-12-21 00:15:00,813.52
2019-12-21 00:30:00,806.64
2019-12-21 00:45:00,800.64
2019-12-21 01:00:00,790.0
2019-12-21 01:15:00,778.48
2019-12-21 01:30:00,777.04
2019-12-21 01:45:00,768.24
2019-12-21 02:00:00,761.04
2019-12-21 02:15:00,754.64
2019-12-21 02:30:00,753.92
2019-12-21 02:45:00,749.52
2019-12-21 03:00:00,737.68
2019-12-21 03:15:00,738.48
2019-12-21 03:30:00,741.68
2019-12-21 03:45:00,743.76
2019-12-21 04:00:00,752.72
2019-12-21 04:15:00,757.44
2019-12-21 04:30:00,757.12
2019-12-21 04:45:00,762.0
2019-12-21 05:00:00,775.44
2019-12-21 05:15:00,775.2
2019-12-21 05:30:00,780.24
2019-12-21 05:45:00,776.24
2019-12-21 06:00:00,791.6
2019-12-21 06:15:00,800.48
2019-12-21 06:30:00,810.24
2019-12-21 06:45:00,817.04
2019-12-21 07:00:00,835.76
2019-12-21 07:15:00,851.12
2019-12-21 07:30:00,872.16
2019-12-21 07:45:00,887.68
2019-12-21 08:00:00,919.6
2019-12-21 08:15:00,935.84
2019-12-21 08:30:00,953.2
2019-12-21 08:45:00,964.96
2019-12-21 09:00:00,989.12
2019-12-21 09:15:00,997.68
2019-12-21 09:30:00,1011.12
2019-12-21 09:45:00,1017.84
2019-12-21 10:00:00,1024.0
2019-12-21 10:15:00,1028.88
2019-12-21 10:30:00,1030.72
2019-12-21 10:45:00,1032.88
2019-12-21 11:00:00,1022.56
2019-12-21 11:15:00,1031.28
2019-12-21 11:30:00,1039.92
2019-12-21 11:45:00,1040.88
2019-12-21 12:00:00,1044.08
2019-12-21 12:15:00,1038.0
2019-12-21 12:30:00,1037.68
2019-12-21 12:45:00,1035.28
2019-12-21 13:00:00,1028.64
2019-12-21 13:15:00,1016.32
2019-12-21 13:30:00,1006.4
2019-12-21 13:45:00,1000.8
2019-12-21 14:00:00,993.44
2019-12-21 14:15:00,991.12
2019-12-21 14:30:00,984.64
2019-12-21 14:45:00,982.88
2019-12-21 15:00:00,992.56
2019-12-21 15:15:00,993.52
2019-12-21 15:30:00,1001.44
2019-12-21 15:45:00,1001.44
2019-12-21 16:00:00,1010.32
2019-12-21 16:15:00,1029.2
2019-12-21 16:30:00,1048.56
2019-12-21 16:45:00,1069.2
2019-12-21 17:00:00,1073.92
2019-12-21 17:15:00,1079.44
2019-12-21 17:30:00,1088.88
2019-12-21 17:45:00,1096.72
2019-12-21 18:00:00,1096.96
2019-12-21 18:15:00,1090.8
2019-12-21 18:30:00,1087.04
2019-12-21 18:45:00,1079.52
2019-12-21 19:00:00,1065.36
2019-12-21 19:15:00,1051.04
2019-12-21 19:30:00,1041.6
2019-12-21 19:45:00,1032.64
2019-12-21 20:00:00,1023.6
2019-12-21 20:15:00,1001.92
2019-12-21 20:30:00,982.16
2019-12-21 20:45:00,967.36
2019-12-21 21:00:00,956.88
2019-12-21 21:15:00,946.4
2019-12-21 21:30:00,930.8
2019-12-21 21:45:00,919.28
2019-12-21 22:00:00,925.84
2019-12-21 22:15:00,913.12
2019-12-21 22:30:00,895.68
2019-12-21 22:45:00,878.72
2019-12-21 23:00:00,861.04
2019-12-21 23:15:00,844.72
2019-12-21 23:30:00,830.16
2019-12-21 23:45:00,819.68
2019-12-22 00:00:00,810.4
2019-12-22 00:15:00,799.44
2019-12-22 00:30:00,794.08
2019-12-22 00:45:00,788.4
2019-12-22 01:00:00,777.04
2019-12-22 01:15:00,766.08
2019-12-22 01:30:00,758.56
2019-12-22 01:45:00,755.28
2019-12-22 02:00:00,753.68
2019-12-22 02:15:00,755.68
2019-12-22 02:30:00,752.16
2019-12-22 02:45:00,747.28
2019-12-22 03:00:00,743.12
2019-12-22 03:15:00,740.4
2019-12-22 03:30:00,736.0
2019-12-22 03:45:00,736.88
2019-12-22 04:00:00,740.8
2019-12-22 04:15:00,736.32
2019-12-22 04:30:00,738.16
2019-12-22 04:45:00,740.0
2019-12-22 05:00:00,740.72
2019-12-22 05:15:00,739.36
2019-12-22 05:30:00,736.48
2019-12-22 05:45:00,734.0
2019-12-22 06:00:00,720.8
2019-12-22 06:15:00,723.2
2019-12-22 06:30:00,724.24
2019-12-22 06:45:00,729.68
2019-12-22 07:00:00,740.64
2019-12-22 07:15:00,749.36
2019-12-22 07:30:00,762.24
2019-12-22 07:45:00,776.88
2019-12-22 08:00:00,808.0
2019-12-22 08:15:00,819.92
2019-12-22 08:30:00,833.12
2019-12-22 08:45:00,848.96
2019-12-22 09:00:00,860.32
2019-12-22 09:15:00,871.2
2019-12-22 09:30:00,887.2
2019-12-22 09:45:00,898.16
2019-12-22 10:00:00,901.12
2019-12-22 10:15:00,909.76
2019-12-22 10:30:00,918.88
2019-12-22 10:45:00,931.36
2019-12-22 11:00:00,947.76
2019-12-22 11:15:00,960.64
2019-12-22 11:30:00,970.16
2019-12-22 11:45:00,975.04
2019-12-22 12:00:00,986.56
2019-12-22 12:15:00,983.44
2019-12-22 12:30:00,976.24
2019-12-22 12:45:00,968.16
2019-12-22 13:00:00,967.36
2019-12-22 13:15:00,957.44
2019-12-22 13:30:00,950.16
2019-12-22 13:45:00,942.56
2019-12-22 14:00:00,933.52
2019-12-22 14:15:00,925.36
2019-12-22 14:30:00,920.08
2019-12-22 14:45:00,915.92
2019-12-22 15:00:00,918.16
2019-12-22 15:15:00,911.28
2019-12-22 15:30:00,912.64
2019-12-22 15:45:00,923.6
2019-12-22 16:00:00,940.8
2019-12-22 16:15:00,951.12
2019-12-22 16:30:00,966.24
2019-12-22 16:45:00,981.84
2019-12-22 17:00:00,983.36
2019-12-22 17:15:00,984.4
2019-12-22 17:30:00,995.52
2019-12-22 17:45:00,999.76
2019-12-22 18:00:00,1006.24
2019-12-22 18:15:00,1004.88
2019-12-22 18:30:00,1002.16
2019-12-22 18:45:00,999.44
2019-12-22 19:00:00,997.92
2019-12-22 19:15:00,987.44
2019-12-22 19:30:00,982.72
2019-12-22 19:45:00,970.4
2019-12-22 20:00:00,967.44
2019-12-22 20:15:00,954.56
2019-12-22 20:30:00,938.48
2019-12-22 20:45:00,929.28
2019-12-22 21:00:00,922.88
2019-12-22 21:15:00,915.2
2019-12-22 21:30:00,908.32
2019-12-22 21:45:00,907.04
2019-12-22 22:00:00,920.96
2019-12-22 22:15:00,908.8
2019-12-22 22:30:00,889.84
2019-12-22 22:45:00,879.52
2019-12-22 23:00:00,858.96
2019-12-22 23:15:00,843.28
2019-12-22 23:30:00,827.28
2019-12-22 23:45:00,818.48
2019-12-23 00:00:00,802.56
2019-12-23 00:15:00,788.64
2019-12-23 00:30:00,780.96
2019-12-23 00:45:00,766.48
2019-12-23 01:00:00,746.88
2019-12-23 01:15:00,735.84
2019-12-23 01:30:00,728.72
2019-12-23 01:45:00,726.72
2019-12-23 02:00:00,715.52
2019-12-23 02:15:00,713.36
2019-12-23 02:30:00,711.52
2019-12-23 02:45:00,711.04
2019-12-23 03:00:00,712.16
2019-12-23 03:15:00,714.88
2019-12-23 03:30:00,719.68
2019-12-23 03:45:00,723.44
2019-12-23 04:00:00,732.64
2019-12-23 04:15:00,742.64
2019-12-23 04:30:00,753.76
2019-12-23 04:45:00,762.48
2019-12-23 05:00:00,787.44
2019-12-23 05:15:00,790.88
2019-12-23 05:30:00,803.84
2019-12-23 05:45:00,810.24
2019-12-23 06:00:00,831.44
2019-12-23 06:15:00,846.32
2019-12-23 06:30:00,860.4
2019-12-23 06:45:00,882.32
2019-12-23 07:00:00,909.68
2019-12-23 07:15:00,929.6
2019-12-23 07:30:00,950.16
2019-12-23 07:45:00,970.72
2019-12-23 08:00:00,986.88
2019-12-23 08:15:00,994.08
2019-12-23 08:30:00,1004.64
2019-12-23 08:45:00,1008.88
2019-12-23 09:00:00,1007.84
2019-12-23 09:15:00,1016.88
2019-12-23 09:30:00,1024.96
2019-12-23 09:45:00,1032.64
2019-12-23 10:00:00,1034.8
2019-12-23 10:15:00,1035.52
2019-12-23 10:30:00,1038.0
2019-12-23 10:45:00,1044.8
2019-12-23 11:00:00,1063.68
2019-12-23 11:15:00,1074.08
2019-12-23 11:30:00,1083.84
2019-12-23 11:45:00,1084.08
2019-12-23 12:00:00,1082.32
2019-12-23 12:15:00,1081.52
2019-12-23 12:30:00,1080.16
2019-12-23 12:45:00,1074.0
2019-12-23 13:00:00,1077.36
2019-12-23 13:15:00,1072.24
2019-12-23 13:30:00,1065.84
2019-12-23 13:45:00,1060.56
2019-12-23 14:00:00,1059.92
2019-12-23 14:15:00,1054.72
2019-12-23 14:30:00,1046.88
2019-12-23 14:45:00,1045.04
2019-12-23 15:00:00,1048.16
2019-12-23 15:15:00,1040.8
2019-12-23 15:30:00,1038.56
2019-12-23 15:45:00,1040.4
2019-12-23 16:00:00,1043.76
2019-12-23 16:15:00,1051.12
2019-12-23 16:30:00,1073.04
2019-12-23 16:45:00,1092.72
2019-12-23 17:00:00,1098.32
2019-12-23 17:15:00,1098.96
2019-12-23 17:30:00,1102.72
2019-12-23 17:45:00,1102.48
2019-12-23 18:00:00,1099.2
2019-12-23 18:15:00,1093.04
2019-12-23 18:30:00,1087.68
2019-12-23 18:45:00,1078.08
2019-12-23 19:00:00,1069.6
2019-12-23 19:15:00,1056.08
2019-12-23 19:30:00,1046.4
2019-12-23 19:45:00,1036.24
2019-12-23 20:00:00,1022.0
2019-12-23 20:15:00,1001.92
2019-12-23 20:30:00,986.8
2019-12-23 20:45:00,971.36
2019-12-23 21:00:00,965.36
2019-12-23 21:15:00,952.8
2019-12-23 21:30:00,941.36
2019-12-23 21:45:00,935.28
2019-12-23 22:00:00,936.16
2019-12-23 22:15:00,925.52
2019-12-23 22:30:00,909.92
2019-12-23 22:45:00,887.76
2019-12-23 23:00:00,856.48
2019-12-23 23:15:00,834.88
2019-12-23 23:30:00,821.76
2019-12-23 23:45:00,807.6
2019-12-24 00:00:00,772.08
2019-12-24 00:15:00,756.32
2019-12-24 00:30:00,750.4
2019-12-24 00:45:00,735.68
2019-12-24 01:00:00,715.76
2019-12-24 01:15:00,705.36
2019-12-24 01:30:00,693.84
2019-12-24 01:45:00,693.52
2019-12-24 02:00:00,703.04
2019-12-24 02:15:00,700.64
2019-12-24 02:30:00,697.6
2019-12-24 02:45:00,697.36
2019-12-24 03:00:00,700.08
2019-12-24 03:15:00,697.52
2019-12-24 03:30:00,697.28
2019-12-24 03:45:00,698.72
2019-12-24 04:00:00,714.08
2019-12-24 04:15:00,719.76
2019-12-24 04:30:00,721.52
2019-12-24 04:45:00,721.76
2019-12-24 05:00:00,737.68
2019-12-24 05:15:00,734.72
2019-12-24 05:30:00,737.2
2019-12-24 05:45:00,738.88
2019-12-24 06:00:00,745.52
2019-12-24 06:15:00,744.32
2019-12-24 06:30:00,749.12
2019-12-24 06:45:00,755.52
2019-12-24 07:00:00,780.8
2019-12-24 07:15:00,794.72
2019-12-24 07:30:00,805.6
2019-12-24 07:45:00,828.96
2019-12-24 08:00:00,851.52
2019-12-24 08:15:00,861.6
2019-12-24 08:30:00,876.24
2019-12-24 08:45:00,891.6
2019-12-24 09:00:00,911.92
2019-12-24 09:15:00,925.44
2019-12-24 09:30:00,938.8
2019-12-24 09:45:00,952.56
2019-12-24 10:00:00,976.64
2019-12-24 10:15:00,986.4
2019-12-24 10:30:00,989.84
2019-12-24 10:45:00,996.56
2019-12-24 11:00:00,1006.72
2019-12-24 11:15:00,1010.8
2019-12-24 11:30:00,1010.72
2019-12-24 11:45:00,1006.88
2019-12-24 12:00:00,1004.88
2019-12-24 12:15:00,999.68
2019-12-24 12:30:00,997.84
2019-12-24 12:45:00,991.36
2019-12-24 13:00:00,984.32
2019-12-24 13:15:00,973.52
2019-12-24 13:30:00,970.48
2019-12-24 13:45:00,966.16
2019-12-24 14:00:00,949.52
2019-12-24 14:15:00,932.56
2019-12-24 14:30:00,926.96
2019-12-24 14:45:00,915.84
2019-12-24 15:00:00,913.68
2019-12-24 15:15:00,905.92
2019-12-24 15:30:00,908.16
2019-12-24 15:45:00,910.4
2019-12-24 16:00:00,914.56
2019-12-24 16:15:00,923.28
2019-12-24 16:30:00,936.72
2019-12-24 16:45:00,950.24
2019-12-24 17:00:00,961.36
2019-12-24 17:15:00,964.96
2019-12-24 17:30:00,966.32
2019-12-24 17:45:00,960.16
2019-12-24 18:00:00,965.84
2019-12-24 18:15:00,951.84
2019-12-24 18:30:00,938.72
2019-12-24 18:45:00,924.24
2019-12-24 19:00:00,914.0
2019-12-24 19:15:00,897.36
2019-12-24 19:30:00,888.16
2019-12-24 19:45:00,876.16
2019-12-24 20:00:00,856.48
2019-12-24 20:15:00,841.04
2019-12-24 20:30:00,837.6
2019-12-24 20:45:00,830.64
2019-12-24 21:00:00,828.32
2019-12-24 21:15:00,826.0
2019-12-24 21:30:00,823.2
2019-12-24 21:45:00,816.56
2019-12-24 22:00:00,821.04
2019-12-24 22:15:00,820.08
2019-12-24 22:30:00,810.96
2019-12-24 22:45:00,801.12
2019-12-24 23:00:00,791.44
2019-12-24 23:15:00,778.72
2019-12-24 23:30:00,764.16
2019-12-24 23:45:00,753.68
2019-12-25 00:00:00,743.36
2019-12-25 00:15:00,734.0
2019-12-25 00:30:00,725.76
2019-12-25 00:45:00,715.6
2019-12-25 01:00:00,702.24
2019-12-25 01:15:00,689.92
2019-12-25 01:30:00,678.08
2019-12-25 01:45:00,672.0
2019-12-25 02:00:00,662.32
2019-12-25 02:15:00,656.48
2019-12-25 02:30:00,652.88
2019-12-25 02:45:00,650.72
2019-12-25 03:00:00,651.76
2019-12-25 03:15:00,651.04
2019-12-25 03:30:00,650.4
2019-12-25 03:45:00,645.84
2019-12-25 04:00:00,648.8
2019-12-25 04:15:00,650.56
2019-12-25 04:30:00,656.24
2019-12-25 04:45:00,658.24
2019-12-25 05:00:00,665.2
2019-12-25 05:15:00,660.56
2019-12-25 05:30:00,661.92
2019-12-25 05:45:00,657.76
2019-12-25 06:00:00,658.24
2019-12-25 06:15:00,656.56
2019-12-25 06:30:00,653.52
2019-12-25 06:45:00,662.24
2019-12-25 07:00:00,673.28
2019-12-25 07:15:00,678.32
2019-12-25 07:30:00,687.52
2019-12-25 07:45:00,704.56
2019-12-25 08:00:00,729.04
2019-12-25 08:15:00,745.28
2019-12-25 08:30:00,759.84
2019-12-25 08:45:00,779.52
2019-12-25 09:00:00,814.24
2019-12-25 09:15:00,837.68
2019-12-25 09:30:00,849.52
2019-12-25 09:45:00,862.8
2019-12-25 10:00:00,878.72
2019-12-25 10:15:00,894.08
2019-12-25 10:30:00,902.08
2019-12-25 10:45:00,911.6
2019-12-25 11:00:00,921.92
2019-12-25 11:15:00,937.44
2019-12-25 11:30:00,942.4
2019-12-25 11:45:00,944.24
2019-12-25 12:00:00,945.2
2019-12-25 12:15:00,936.4
2019-12-25 12:30:00,927.52
2019-12-25 12:45:00,916.24
2019-12-25 13:00:00,887.44
2019-12-25 13:15:00,876.64
2019-12-25 13:30:00,871.04
2019-12-25 13:45:00,865.36
2019-12-25 14:00:00,855.2
2019-12-25 14:15:00,846.72
2019-12-25 14:30:00,843.84
2019-12-25 14:45:00,835.12
2019-12-25 15:00:00,836.32
2019-12-25 15:15:00,833.2
2019-12-25 15:30:00,826.24
2019-12-25 15:45:00,820.72
2019-12-25 16:00:00,819.04
2019-12-25 16:15:00,825.6
2019-12-25 16:30:00,838.24
2019-12-25 16:45:00,855.6
2019-12-25 17:00:00,874.96
2019-12-25 17:15:00,875.6
2019-12-25 17:30:00,884.32
2019-12-25 17:45:00,886.48
2019-12-25 18:00:00,894.0
2019-12-25 18:15:00,893.2
2019-12-25 18:30:00,892.64
2019-12-25 18:45:00,887.6
2019-12-25 19:00:00,883.84
2019-12-25 19:15:00,875.28
2019-12-25 19:30:00,871.28
2019-12-25 19:45:00,863.28
2019-12-25 20:00:00,854.96
2019-12-25 20:15:00,844.16
2019-12-25 20:30:00,830.24
2019-12-25 20:45:00,824.0
2019-12-25 21:00:00,815.04
2019-12-25 21:15:00,812.4
2019-12-25 21:30:00,807.92
2019-12-25 21:45:00,803.36
2019-12-25 22:00:00,815.36
2019-12-25 22:15:00,810.56
2019-12-25 22:30:00,802.16
2019-12-25 22:45:00,787.68
2019-12-25 23:00:00,783.92
2019-12-25 23:15:00,774.72
2019-12-25 23:30:00,760.0
2019-12-25 23:45:00,750.08
2019-12-26 00:00:00,718.64
2019-12-26 00:15:00,703.2
2019-12-26 00:30:00,695.84
2019-12-26 00:45:00,685.28
2019-12-26 01:00:00,677.12
2019-12-26 01:15:00,670.4
2019-12-26 01:30:00,665.44
2019-12-26 01:45:00,659.68
2019-12-26 02:00:00,663.84
2019-12-26 02:15:00,660.32
2019-12-26 02:30:00,657.92
2019-12-26 02:45:00,655.28
2019-12-26 03:00:00,655.12
2019-12-26 03:15:00,653.2
2019-12-26 03:30:00,655.2
2019-12-26 03:45:00,656.0
2019-12-26 04:00:00,663.44
2019-12-26 04:15:00,667.04
2019-12-26 04:30:00,667.6
2019-12-26 04:45:00,665.04
2019-12-26 05:00:00,672.96
2019-12-26 05:15:00,669.92
2019-12-26 05:30:00,669.68
2019-12-26 05:45:00,663.68
2019-12-26 06:00:00,664.24
2019-12-26 06:15:00,663.36
2019-12-26 06:30:00,660.32
2019-12-26 06:45:00,668.16
2019-12-26 07:00:00,680.4
2019-12-26 07:15:00,688.88
2019-12-26 07:30:00,698.32
2019-12-26 07:45:00,713.28
2019-12-26 08:00:00,731.52
2019-12-26 08:15:00,741.36
2019-12-26 08:30:00,752.48
2019-12-26 08:45:00,768.64
2019-12-26 09:00:00,794.32
2019-12-26 09:15:00,809.92
2019-12-26 09:30:00,821.84
2019-12-26 09:45:00,830.8
2019-12-26 10:00:00,850.16
2019-12-26 10:15:00,854.24
2019-12-26 10:30:00,863.2
2019-12-26 10:45:00,874.56
2019-12-26 11:00:00,886.96
2019-12-26 11:15:00,895.04
2019-12-26 11:30:00,902.16
2019-12-26 11:45:00,908.32
2019-12-26 12:00:00,911.36
2019-12-26 12:15:00,906.8
2019-12-26 12:30:00,896.56
2019-12-26 12:45:00,887.36
2019-12-26 13:00:00,883.44
2019-12-26 13:15:00,875.2
2019-12-26 13:30:00,867.68
2019-12-26 13:45:00,859.28
2019-12-26 14:00:00,853.6
2019-12-26 14:15:00,843.68
2019-12-26 14:30:00,840.16
2019-12-26 14:45:00,836.96
2019-12-26 15:00:00,838.48
2019-12-26 15:15:00,835.92
2019-12-26 15:30:00,834.4
2019-12-26 15:45:00,837.04
2019-12-26 16:00:00,847.52
2019-12-26 16:15:00,856.64
2019-12-26 16:30:00,874.08
2019-12-26 16:45:00,888.56
2019-12-26 17:00:00,897.76
2019-12-26 17:15:00,903.28
2019-12-26 17:30:00,904.8
2019-12-26 17:45:00,908.0
2019-12-26 18:00:00,904.16
2019-12-26 18:15:00,901.44
2019-12-26 18:30:00,897.52
2019-12-26 18:45:00,891.2
2019-12-26 19:00:00,891.92
2019-12-26 19:15:00,881.44
2019-12-26 19:30:00,871.44
2019-12-26 19:45:00,864.08
2019-12-26 20:00:00,859.52
2019-12-26 20:15:00,850.16
2019-12-26 20:30:00,841.52
2019-12-26 20:45:00,833.6
2019-12-26 21:00:00,846.0
2019-12-26 21:15:00,841.92
2019-12-26 21:30:00,839.12
2019-12-26 21:45:00,833.92
2019-12-26 22:00:00,843.84
2019-12-26 22:15:00,834.64
2019-12-26 22:30:00,822.72
2019-12-26 22:45:00,808.88
2019-12-26 23:00:00,795.2
2019-12-26 23:15:00,780.72
2019-12-26 23:30:00,763.84
2019-12-26 23:45:00,750.4
2019-12-27 00:00:00,732.96
2019-12-27 00:15:00,721.2
2019-12-27 00:30:00,715.04
2019-12-27 00:45:00,704.48
2019-12-27 01:00:00,698.64
2019-12-27 01:15:00,690.08
2019-12-27 01:30:00,684.0
2019-12-27 01:45:00,678.32
2019-12-27 02:00:00,676.56
2019-12-27 02:15:00,673.92
2019-12-27 02:30:00,670.48
2019-12-27 02:45:00,669.2
2019-12-27 03:00:00,671.28
2019-12-27 03:15:00,671.04
2019-12-27 03:30:00,672.56
2019-12-27 03:45:00,676.72
2019-12-27 04:00:00,684.48
2019-12-27 04:15:00,689.36
2019-12-27 04:30:00,697.12
2019-12-27 04:45:00,700.4
2019-12-27 05:00:00,708.32
2019-12-27 05:15:00,715.28
2019-12-27 05:30:00,717.2
2019-12-27 05:45:00,726.32
2019-12-27 06:00:00,750.4
2019-12-27 06:15:00,761.92
2019-12-27 06:30:00,776.08
2019-12-27 06:45:00,793.28
2019-12-27 07:00:00,819.52
2019-12-27 07:15:00,835.6
2019-12-27 07:30:00,856.4
2019-12-27 07:45:00,877.28
2019-12-27 08:00:00,896.16
2019-12-27 08:15:00,905.76
2019-12-27 08:30:00,917.28
2019-12-27 08:45:00,928.96
2019-12-27 09:00:00,944.08
2019-12-27 09:15:00,956.64
2019-12-27 09:30:00,967.12
2019-12-27 09:45:00,973.52
2019-12-27 10:00:00,980.96
2019-12-27 10:15:00,984.48
2019-12-27 10:30:00,988.8
2019-12-27 10:45:00,990.64
2019-12-27 11:00:00,989.2
2019-12-27 11:15:00,993.6
2019-12-27 11:30:00,1000.64
2019-12-27 11:45:00,1004.64
2019-12-27 12:00:00,1008.4
2019-12-27 12:15:00,1005.92
2019-12-27 12:30:00,1004.88
2019-12-27 12:45:00,1003.12
2019-12-27 13:00:00,1003.84
2019-12-27 13:15:00,996.16
2019-12-27 13:30:00,991.84
2019-12-27 13:45:00,981.6
2019-12-27 14:00:00,983.6
2019-12-27 14:15:00,976.88
2019-12-27 14:30:00,973.92
2019-12-27 14:45:00,972.48
2019-12-27 15:00:00,978.0
2019-12-27 15:15:00,973.28
2019-12-27 15:30:00,976.4
2019-12-27 15:45:00,981.52
2019-12-27 16:00:00,990.16
2019-12-27 16:15:00,1003.04
2019-12-27 16:30:00,1025.36
2019-12-27 16:45:00,1045.92
2019-12-27 17:00:00,1061.28
2019-12-27 17:15:00,1066.24
2019-12-27 17:30:00,1067.92
2019-12-27 17:45:00,1071.12
2019-12-27 18:00:00,1065.2
2019-12-27 18:15:00,1060.48
2019-12-27 18:30:00,1053.28
2019-12-27 18:45:00,1046.32
2019-12-27 19:00:00,1037.36
2019-12-27 19:15:00,1018.88
2019-12-27 19:30:00,1012.0
2019-12-27 19:45:00,1004.0
2019-12-27 20:00:00,975.12
2019-12-27 20:15:00,955.6
2019-12-27 20:30:00,935.84
2019-12-27 20:45:00,919.12
2019-12-27 21:00:00,919.52
2019-12-27 21:15:00,913.2
2019-12-27 21:30:00,901.76
2019-12-27 21:45:00,893.92
2019-12-27 22:00:00,905.36
2019-12-27 22:15:00,893.12
2019-12-27 22:30:00,876.72
2019-12-27 22:45:00,861.2
2019-12-27 23:00:00,845.04
2019-12-27 23:15:00,831.44
2019-12-27 23:30:00,813.2
2019-12-27 23:45:00,802.08
2019-12-28 00:00:00,785.68
2019-12-28 00:15:00,772.96
2019-12-28 00:30:00,759.92
2019-12-28 00:45:00,754.08
2019-12-28 01:00:00,741.84
2019-12-28 01:15:00,735.28
2019-12-28 01:30:00,728.96
2019-12-28 01:45:00,726.48
2019-12-28 02:00:00,724.0
2019-12-28 02:15:00,722.64
2019-12-28 02:30:00,722.4
2019-12-28 02:45:00,719.68
2019-12-28 03:00:00,722.24
2019-12-28 03:15:00,723.2
2019-12-28 03:30:00,724.32
2019-12-28 03:45:00,725.12
2019-12-28 04:00:00,732.56
2019-12-28 04:15:00,733.28
2019-12-28 04:30:00,732.56
2019-12-28 04:45:00,734.8
2019-12-28 05:00:00,740.24
2019-12-28 05:15:00,741.44
2019-12-28 05:30:00,740.4
2019-12-28 05:45:00,742.08
2019-12-28 06:00:00,743.68
2019-12-28 06:15:00,746.64
2019-12-28 06:30:00,744.96
2019-12-28 06:45:00,752.48
2019-12-28 07:00:00,775.52
2019-12-28 07:15:00,786.24
2019-12-28 07:30:00,797.68
2019-12-28 07:45:00,816.8
2019-12-28 08:00:00,833.36
2019-12-28 08:15:00,842.8
2019-12-28 08:30:00,854.56
2019-12-28 08:45:00,867.44
2019-12-28 09:00:00,885.84
2019-12-28 09:15:00,899.68
2019-12-28 09:30:00,911.04
2019-12-28 09:45:00,917.76
2019-12-28 10:00:00,911.44
2019-12-28 10:15:00,913.76
2019-12-28 10:30:00,920.56
2019-12-28 10:45:00,926.24
2019-12-28 11:00:00,932.64
2019-12-28 11:15:00,940.48
2019-12-28 11:30:00,948.24
2019-12-28 11:45:00,950.64
2019-12-28 12:00:00,953.28
2019-12-28 12:15:00,951.04
2019-12-28 12:30:00,947.84
2019-12-28 12:45:00,940.0
2019-12-28 13:00:00,936.4
2019-12-28 13:15:00,928.0
2019-12-28 13:30:00,920.24
2019-12-28 13:45:00,915.84
2019-12-28 14:00:00,904.4
2019-12-28 14:15:00,895.6
2019-12-28 14:30:00,893.84
2019-12-28 14:45:00,894.88
2019-12-28 15:00:00,901.2
2019-12-28 15:15:00,898.96
2019-12-28 15:30:00,902.4
2019-12-28 15:45:00,908.24
2019-12-28 16:00:00,919.2
2019-12-28 16:15:00,933.44
2019-12-28 16:30:00,953.84
2019-12-28 16:45:00,976.0
2019-12-28 17:00:00,1001.6
2019-12-28 17:15:00,1009.44
2019-12-28 17:30:00,1015.92
2019-12-28 17:45:00,1018.48
2019-12-28 18:00:00,1020.56
2019-12-28 18:15:00,1015.68
2019-12-28 18:30:00,1014.08
2019-12-28 18:45:00,1006.4
2019-12-28 19:00:00,1000.8
2019-12-28 19:15:00,985.2
2019-12-28 19:30:00,977.44
2019-12-28 19:45:00,965.28
2019-12-28 20:00:00,949.2
2019-12-28 20:15:00,929.92
2019-12-28 20:30:00,913.2
2019-12-28 20:45:00,901.52
2019-12-28 21:00:00,896.64
2019-12-28 21:15:00,889.92
2019-12-28 21:30:00,881.2
2019-12-28 21:45:00,875.28
2019-12-28 22:00:00,885.28
2019-12-28 22:15:00,878.72
2019-12-28 22:30:00,866.56
2019-12-28 22:45:00,849.76
2019-12-28 23:00:00,832.56
2019-12-28 23:15:00,818.72
2019-12-28 23:30:00,804.64
2019-12-28 23:45:00,789.84
2019-12-29 00:00:00,771.12
2019-12-29 00:15:00,758.88
2019-12-29 00:30:00,749.28
2019-12-29 00:45:00,738.16
2019-12-29 01:00:00,725.6
2019-12-29 01:15:00,716.72
2019-12-29 01:30:00,715.76
2019-12-29 01:45:00,713.36
2019-12-29 02:00:00,704.24
2019-12-29 02:15:00,705.92
2019-12-29 02:30:00,704.24
2019-12-29 02:45:00,700.4
2019-12-29 03:00:00,700.88
2019-12-29 03:15:00,699.04
2019-12-29 03:30:00,698.48
2019-12-29 03:45:00,693.6
2019-12-29 04:00:00,694.24
2019-12-29 04:15:00,695.68
2019-12-29 04:30:00,700.0
2019-12-29 04:45:00,698.32
2019-12-29 05:00:00,697.84
2019-12-29 05:15:00,698.24
2019-12-29 05:30:00,695.04
2019-12-29 05:45:00,691.68
2019-12-29 06:00:00,682.16
2019-12-29 06:15:00,679.68
2019-12-29 06:30:00,684.16
2019-12-29 06:45:00,687.92
2019-12-29 07:00:00,698.24
2019-12-29 07:15:00,703.12
2019-12-29 07:30:00,709.28
2019-12-29 07:45:00,719.52
2019-12-29 08:00:00,745.6
2019-12-29 08:15:00,759.2
2019-12-29 08:30:00,771.92
2019-12-29 08:45:00,784.96
2019-12-29 09:00:00,800.64
2019-12-29 09:15:00,816.24
2019-12-29 09:30:00,825.44
2019-12-29 09:45:00,838.8
2019-12-29 10:00:00,840.24
2019-12-29 10:15:00,846.24
2019-12-29 10:30:00,854.0
2019-12-29 10:45:00,865.28
2019-12-29 11:00:00,873.28
2019-12-29 11:15:00,886.8
2019-12-29 11:30:00,901.44
2019-12-29 11:45:00,908.0
2019-12-29 12:00:00,911.92
2019-12-29 12:15:00,906.72
2019-12-29 12:30:00,900.24
2019-12-29 12:45:00,892.32
2019-12-29 13:00:00,885.68
2019-12-29 13:15:00,871.6
2019-12-29 13:30:00,870.48
2019-12-29 13:45:00,860.48
2019-12-29 14:00:00,852.8
2019-12-29 14:15:00,847.76
2019-12-29 14:30:00,846.4
2019-12-29 14:45:00,843.84
2019-12-29 15:00:00,846.88
2019-12-29 15:15:00,842.56
2019-12-29 15:30:00,846.72
2019-12-29 15:45:00,851.84
2019-12-29 16:00:00,868.8
2019-12-29 16:15:00,882.32
2019-12-29 16:30:00,904.16
2019-12-29 16:45:00,926.8
2019-12-29 17:00:00,952.4
2019-12-29 17:15:00,964.72
2019-12-29 17:30:00,969.04
2019-12-29 17:45:00,972.32
2019-12-29 18:00:00,981.2
2019-12-29 18:15:00,979.36
2019-12-29 18:30:00,982.16
2019-12-29 18:45:00,974.8
2019-12-29 19:00:00,970.48
2019-12-29 19:15:00,959.84
2019-12-29 19:30:00,955.12
2019-12-29 19:45:00,943.68
2019-12-29 20:00:00,936.64
2019-12-29 20:15:00,922.56
2019-12-29 20:30:00,907.04
2019-12-29 20:45:00,898.24
2019-12-29 21:00:00,889.2
2019-12-29 21:15:00,888.0
2019-12-29 21:30:00,887.04
2019-12-29 21:45:00,889.68
2019-12-29 22:00:00,896.08
2019-12-29 22:15:00,886.56
2019-12-29 22:30:00,876.0
2019-12-29 22:45:00,865.36
2019-12-29 23:00:00,844.0
2019-12-29 23:15:00,827.28
2019-12-29 23:30:00,815.84
2019-12-29 23:45:00,804.0
2019-12-30 00:00:00,793.28
2019-12-30 00:15:00,789.44
2019-12-30 00:30:00,779.44
2019-12-30 00:45:00,767.44
2019-12-30 01:00:00,752.16
2019-12-30 01:15:00,747.68
2019-12-30 01:30:00,744.08
2019-12-30 01:45:00,737.04
2019-12-30 02:00:00,736.32
2019-12-30 02:15:00,733.2
2019-12-30 02:30:00,732.32
2019-12-30 02:45:00,728.72
2019-12-30 03:00:00,732.64
2019-12-30 03:15:00,731.84
2019-12-30 03:30:00,733.68
2019-12-30 03:45:00,736.48
2019-12-30 04:00:00,748.64
2019-12-30 04:15:00,752.96
2019-12-30 04:30:00,757.44
2019-12-30 04:45:00,758.16
2019-12-30 05:00:00,774.4
2019-12-30 05:15:00,777.68
2019-12-30 05:30:00,782.48
2019-12-30 05:45:00,790.24
2019-12-30 06:00:00,807.44
2019-12-30 06:15:00,820.56
2019-12-30 06:30:00,836.64
2019-12-30 06:45:00,855.28
2019-12-30 07:00:00,881.36
2019-12-30 07:15:00,889.6
2019-12-30 07:30:00,910.72
2019-12-30 07:45:00,927.68
2019-12-30 08:00:00,946.16
2019-12-30 08:15:00,952.24
2019-12-30 08:30:00,967.44
2019-12-30 08:45:00,974.8
2019-12-30 09:00:00,985.04
2019-12-30 09:15:00,1000.16
2019-12-30 09:30:00,1006.16
2019-12-30 09:45:00,1008.72
2019-12-30 10:00:00,999.68
2019-12-30 10:15:00,1001.36
2019-12-30 10:30:00,1005.68
2019-12-30 10:45:00,1004.24
2019-12-30 11:00:00,1000.32
2019-12-30 11:15:00,1008.4
2019-12-30 11:30:00,1015.12
2019-12-30 11:45:00,1021.44
2019-12-30 12:00:00,1020.56
2019-12-30 12:15:00,1018.48
2019-12-30 12:30:00,1011.04
2019-12-30 12:45:00,1009.36
2019-12-30 13:00:00,1001.44
2019-12-30 13:15:00,990.48
2019-12-30 13:30:00,984.72
2019-12-30 13:45:00,981.68
2019-12-30 14:00:00,983.6
2019-12-30 14:15:00,976.96
2019-12-30 14:30:00,974.4
2019-12-30 14:45:00,972.56
2019-12-30 15:00:00,978.16
2019-12-30 15:15:00,974.8
2019-12-30 15:30:00,981.6
2019-12-30 15:45:00,987.36
2019-12-30 16:00:00,1002.64
2019-12-30 16:15:00,1010.08
2019-12-30 16:30:00,1029.44
2019-12-30 16:45:00,1054.48
2019-12-30 17:00:00,1086.32
2019-12-30 17:15:00,1097.6
2019-12-30 17:30:00,1102.16
2019-12-30 17:45:00,1103.92
2019-12-30 18:00:00,1110.4
2019-12-30 18:15:00,1110.88
2019-12-30 18:30:00,1104.32
2019-12-30 18:45:00,1098.4
2019-12-30 19:00:00,1087.04
2019-12-30 19:15:00,1074.4
2019-12-30 19:30:00,1066.8
2019-12-30 19:45:00,1057.6
2019-12-30 20:00:00,1035.92
2019-12-30 20:15:00,1015.76
2019-12-30 20:30:00,998.56
2019-12-30 20:45:00,984.56
2019-12-30 21:00:00,974.4
2019-12-30 21:15:00,965.92
2019-12-30 21:30:00,959.12
2019-12-30 21:45:00,953.44
2019-12-30 22:00:00,953.44
2019-12-30 22:15:00,938.08
2019-12-30 22:30:00,924.4
2019-12-30 22:45:00,906.88
2019-12-30 23:00:00,887.76
2019-12-30 23:15:00,867.28
2019-12-30 23:30:00,852.8
2019-12-30 23:45:00,840.56
2019-12-31 00:00:00,816.16
2019-12-31 00:15:00,798.08
2019-12-31 00:30:00,792.32
2019-12-31 00:45:00,780.32
2019-12-31 01:00:00,770.8
2019-12-31 01:15:00,760.16
2019-12-31 01:30:00,753.76
2019-12-31 01:45:00,747.68
2019-12-31 02:00:00,743.6
2019-12-31 02:15:00,737.2
2019-12-31 02:30:00,737.2
2019-12-31 02:45:00,733.84
2019-12-31 03:00:00,736.32
2019-12-31 03:15:00,730.96
2019-12-31 03:30:00,732.08
2019-12-31 03:45:00,735.2
2019-12-31 04:00:00,740.96
2019-12-31 04:15:00,743.76
2019-12-31 04:30:00,745.84
2019-12-31 04:45:00,745.44
2019-12-31 05:00:00,750.32
2019-12-31 05:15:00,749.6
2019-12-31 05:30:00,749.12
2019-12-31 05:45:00,750.08
2019-12-31 06:00:00,750.48
2019-12-31 06:15:00,758.16
2019-12-31 06:30:00,759.84
2019-12-31 06:45:00,769.44
2019-12-31 07:00:00,787.04
2019-12-31 07:15:00,797.12
2019-12-31 07:30:00,809.84
2019-12-31 07:45:00,821.84
2019-12-31 08:00:00,843.84
2019-12-31 08:15:00,851.6
2019-12-31 08:30:00,861.04
2019-12-31 08:45:00,875.12
2019-12-31 09:00:00,893.52
2019-12-31 09:15:00,908.0
2019-12-31 09:30:00,920.56
2019-12-31 09:45:00,932.56
2019-12-31 10:00:00,938.96
2019-12-31 10:15:00,944.96
2019-12-31 10:30:00,951.6
2019-12-31 10:45:00,955.2
2019-12-31 11:00:00,962.64
2019-12-31 11:15:00,964.32
2019-12-31 11:30:00,969.92
2019-12-31 11:45:00,971.36
2019-12-31 12:00:00,969.68
2019-12-31 12:15:00,967.92
2019-12-31 12:30:00,966.4
2019-12-31 12:45:00,960.24
2019-12-31 13:00:00,957.76
2019-12-31 13:15:00,941.84
2019-12-31 13:30:00,937.6
2019-12-31 13:45:00,932.4
2019-12-31 14:00:00,930.48
2019-12-31 14:15:00,916.8
2019-12-31 14:30:00,908.16
2019-12-31 14:45:00,902.08
2019-12-31 15:00:00,907.52
2019-12-31 15:15:00,902.8
2019-12-31 15:30:00,905.12
2019-12-31 15:45:00,907.84
2019-12-31 16:00:00,920.8
2019-12-31 16:15:00,929.04
2019-12-31 16:30:00,945.2
2019-12-31 16:45:00,970.96
2019-12-31 17:00:00,986.56
2019-12-31 17:15:00,994.48
2019-12-31 17:30:00,996.16
2019-12-31 17:45:00,994.32
2019-12-31 18:00:00,989.04
2019-12-31 18:15:00,985.12
2019-12-31 18:30:00,979.2
2019-12-31 18:45:00,965.04
2019-12-31 19:00:00,951.76
2019-12-31 19:15:00,936.8
2019-12-31 19:30:00,920.08
2019-12-31 19:45:00,899.12
2019-12-31 20:00:00,885.44
2019-12-31 20:15:00,873.04
2019-12-31 20:30:00,860.48
2019-12-31 20:45:00,848.72
2019-12-31 21:00:00,839.76
2019-12-31 21:15:00,835.52
2019-12-31 21:30:00,830.88
2019-12-31 21:45:00,823.68
2019-12-31 22:00:00,836.32
2019-12-31 22:15:00,830.96
2019-12-31 22:30:00,817.92
2019-12-31 22:45:00,807.52
2019-12-31 23:00:00,795.68
2019-12-31 23:15:00,789.52
2019-12-31 23:30:00,781.92
2019-12-31 23:45:00,778.0
