,Optimal Power Requirement (kW),Flex Power Requirement (kW)
0,0.12448275862068983,0.06000000000000127
1,0.06448275862068971,0.03000000000000127
2,0.02896551724137931,0.06000000000000047
3,0.05448275862068965,0.05689655172413686
4,0.03793103448275806,0.06000000000000015
5,0.0,0.0
6,0.0,0.0
7,0.0,0.0
8,0.0,0.0
9,0.0,0.0
10,0.0,0.0
11,0.0,0.0
12,0.0,0.04344827586206654
13,0.0,0.0
14,0.0,0.0
15,0.0,0.0
16,0.0,0.0
17,0.0,0.0
18,0.0,0.0
19,0.0,0.0
20,0.0,0.0
21,0.0,0.0
22,0.0,0.0
23,0.0,0.0
