EE_region,v_nom,x,y
0,380.0,6.807248962715632,50.87137339546217
1,380.0,13.164392265267715,52.68869904186701
2,380.0,12.313826430497329,48.6242106082249
3,380.0,9.18833577831875,48.817048997178574
4,380.0,9.28163064387544,53.60243226425593
5,380.0,7.483747407162778,51.74958849143952
6,380.0,9.537226226345316,51.89101399979937
7,380.0,11.37981779120806,50.5781553179393
8,380.0,8.38344435050918,49.66377921304002
9,380.0,10.491580516986433,48.243185538033885
