EE_region,v_nom,x,y
0,380.0,7.185418136427461,51.30585485157296
1,380.0,13.054758620998369,52.53976000905305
2,380.0,11.489957173627419,49.071365990976396
3,380.0,9.377515677873298,52.89316090103445
4,380.0,8.894134182455156,49.250431555458164
