EE_region,v_nom,x,y
0,380.0,8.234694144496078,52.68611483465548
1,380.0,11.955067901694553,48.469609564203026
2,380.0,11.976717826420202,51.184275571188365
3,380.0,7.10822060630878,51.20715361598089
4,380.0,9.517399224375568,48.53217283650994
5,380.0,9.908640175451993,51.83371659983331
6,380.0,13.480324594733345,52.63478384855109
7,380.0,10.124313124484997,53.75387223082178
8,380.0,10.522292827289345,49.9487838301909
9,380.0,8.351975071909054,49.56803005251064
