name,v_nom,x,y
north,380,9.9437675,53.5560129
east,380,12.2288301,51.3418814
west,380,6.6495454,51.238554
