name,v_nom,zone_id,x,y
north,380,DE_1,9.9879494,53.5481051
south,380,DE_1,10.5783772,49.3054601
