name,v_nom,x,y,carrier
north,380,9.9437675,53.5560129,AC
east,380,12.2288301,51.3418814,AC
west,380,6.6495454,51.238554,AC
